t,px,py,pz,ex,ey,ez,err
0.00,0.028,-0.203,0.028,-0.828,-1.857,0.978,2.117
0.02,0.028,-0.203,0.028,-0.834,-1.867,0.978,2.128
0.04,0.028,-0.203,0.028,-0.834,-1.867,0.978,2.128
0.07,0.028,-0.203,0.028,-0.853,-1.886,0.978,2.150
0.09,0.028,-0.203,0.028,-0.853,-1.886,0.978,2.150
0.11,0.028,-0.202,0.028,-0.860,-1.896,0.978,2.161
0.13,0.028,-0.202,0.028,-0.860,-1.896,0.978,2.161
0.15,0.028,-0.202,0.027,-0.867,-1.906,0.978,2.171
0.17,0.028,-0.202,0.027,-0.867,-1.906,0.978,2.171
0.19,0.028,-0.202,0.026,-0.894,-1.945,0.978,2.213
0.21,0.028,-0.202,0.026,-0.894,-1.945,0.978,2.213
0.23,0.028,-0.201,0.025,-0.922,-1.981,0.978,2.254
0.25,0.028,-0.201,0.025,-0.922,-1.981,0.978,2.254
0.27,0.028,-0.201,0.024,-0.952,-2.016,0.979,2.294
0.29,0.028,-0.201,0.024,-0.952,-2.016,0.979,2.294
0.32,0.028,-0.201,0.023,-1.014,-2.064,0.983,2.360
0.34,0.028,-0.201,0.023,-1.014,-2.064,0.983,2.360
0.36,0.029,-0.201,0.022,-1.046,-2.094,0.984,2.398
0.38,0.029,-0.201,0.022,-1.046,-2.094,0.984,2.398
0.40,0.029,-0.200,0.021,-1.080,-2.122,0.985,2.436
0.42,0.029,-0.200,0.021,-1.080,-2.122,0.985,2.436
0.44,0.029,-0.200,0.020,-1.114,-2.147,0.987,2.472
0.46,0.029,-0.200,0.020,-1.114,-2.147,0.987,2.472
0.48,0.030,-0.200,0.019,-1.150,-2.171,0.989,2.508
0.50,0.030,-0.200,0.019,-1.150,-2.171,0.989,2.508
0.52,0.030,-0.201,0.019,-1.187,-2.191,0.991,2.542
0.54,0.030,-0.201,0.019,-1.187,-2.191,0.991,2.542
0.57,0.030,-0.201,0.019,-1.187,-2.191,0.991,2.542
0.59,0.031,-0.201,0.018,-1.253,-2.222,0.997,2.601
0.61,0.031,-0.201,0.018,-1.253,-2.222,0.997,2.601
0.63,0.032,-0.200,0.018,-1.293,-2.236,1.001,2.634
0.65,0.032,-0.200,0.018,-1.293,-2.236,1.001,2.634
0.67,0.034,-0.200,0.018,-1.334,-2.247,1.005,2.666
0.69,0.034,-0.200,0.018,-1.334,-2.247,1.005,2.666
0.71,0.035,-0.200,0.018,-1.376,-2.256,1.010,2.697
0.73,0.035,-0.200,0.018,-1.376,-2.256,1.010,2.697
0.75,0.036,-0.199,0.019,-1.419,-2.262,1.016,2.728
0.77,0.036,-0.199,0.019,-1.419,-2.262,1.016,2.728
0.79,0.037,-0.199,0.019,-1.473,-2.267,1.023,2.766
0.81,0.037,-0.199,0.019,-1.473,-2.267,1.023,2.766
0.84,0.039,-0.198,0.020,-1.518,-2.268,1.030,2.795
0.86,0.039,-0.198,0.020,-1.518,-2.268,1.030,2.795
0.88,0.040,-0.198,0.020,-1.564,-2.267,1.037,2.824
0.90,0.040,-0.198,0.020,-1.564,-2.267,1.037,2.824
0.92,0.041,-0.198,0.020,-1.611,-2.264,1.045,2.852
0.94,0.041,-0.198,0.020,-1.611,-2.264,1.045,2.852
0.96,0.042,-0.198,0.020,-1.658,-2.258,1.054,2.879
0.98,0.042,-0.198,0.020,-1.658,-2.258,1.054,2.879
1.00,0.043,-0.199,0.021,-1.706,-2.250,1.063,2.906
1.02,0.043,-0.199,0.021,-1.706,-2.250,1.063,2.906
1.04,0.044,-0.200,0.021,-1.768,-2.238,1.075,2.939
1.06,0.044,-0.200,0.021,-1.768,-2.238,1.075,2.939
1.09,0.044,-0.200,0.021,-1.768,-2.238,1.075,2.939
1.11,0.045,-0.201,0.021,-1.842,-2.218,1.090,2.978
1.13,0.045,-0.201,0.021,-1.842,-2.218,1.090,2.978
1.15,0.046,-0.202,0.021,-1.893,-2.203,1.101,3.003
1.17,0.046,-0.202,0.021,-1.893,-2.203,1.101,3.003
1.19,0.046,-0.203,0.021,-1.944,-2.186,1.112,3.029
1.21,0.046,-0.203,0.021,-1.944,-2.186,1.112,3.029
1.23,0.046,-0.204,0.021,-1.995,-2.167,1.124,3.054
1.25,0.046,-0.204,0.021,-1.995,-2.167,1.124,3.054
1.27,0.047,-0.205,0.022,-2.047,-2.146,1.136,3.080
1.29,0.047,-0.205,0.022,-2.047,-2.146,1.136,3.080
1.31,0.047,-0.206,0.022,-2.098,-2.123,1.149,3.106
1.33,0.047,-0.206,0.022,-2.098,-2.123,1.149,3.106
1.35,0.047,-0.207,0.022,-2.148,-2.100,1.161,3.130
1.38,0.047,-0.207,0.022,-2.148,-2.100,1.161,3.130
1.40,0.047,-0.209,0.023,-2.200,-2.074,1.175,3.156
1.42,0.047,-0.209,0.023,-2.200,-2.074,1.175,3.156
1.44,0.047,-0.210,0.023,-2.253,-2.047,1.188,3.183
1.46,0.047,-0.210,0.023,-2.253,-2.047,1.188,3.183
1.48,0.047,-0.210,0.023,-2.305,-2.019,1.201,3.210
1.50,0.047,-0.210,0.023,-2.305,-2.019,1.201,3.210
1.52,0.047,-0.211,0.023,-2.358,-1.990,1.215,3.238
1.54,0.047,-0.211,0.023,-2.358,-1.990,1.215,3.238
1.56,0.047,-0.211,0.023,-2.358,-1.990,1.215,3.238
1.58,0.047,-0.211,0.024,-2.439,-1.945,1.234,3.282
1.60,0.047,-0.211,0.024,-2.439,-1.945,1.234,3.282
1.63,0.047,-0.211,0.024,-2.507,-1.907,1.250,3.320
1.65,0.047,-0.211,0.024,-2.507,-1.907,1.250,3.320
1.67,0.047,-0.211,0.025,-2.562,-1.875,1.262,3.351
1.69,0.047,-0.211,0.025,-2.562,-1.875,1.262,3.351
1.71,0.047,-0.211,0.026,-2.617,-1.844,1.274,3.384
1.73,0.047,-0.211,0.026,-2.617,-1.844,1.274,3.384
1.75,0.047,-0.211,0.027,-2.673,-1.812,1.285,3.418
1.77,0.047,-0.211,0.027,-2.673,-1.812,1.285,3.418
1.79,0.046,-0.210,0.028,-2.729,-1.780,1.296,3.453
1.81,0.046,-0.210,0.028,-2.729,-1.780,1.296,3.453
1.83,0.046,-0.210,0.029,-2.786,-1.748,1.306,3.488
1.85,0.046,-0.210,0.029,-2.786,-1.748,1.306,3.488
1.87,0.046,-0.209,0.030,-2.858,-1.707,1.318,3.535
1.90,0.046,-0.209,0.030,-2.858,-1.707,1.318,3.535
1.92,0.046,-0.208,0.032,-2.916,-1.675,1.326,3.573
1.94,0.046,-0.208,0.032,-2.916,-1.675,1.326,3.573
1.96,0.046,-0.208,0.033,-2.975,-1.643,1.334,3.613
1.98,0.046,-0.208,0.033,-2.975,-1.643,1.334,3.613
2.00,0.046,-0.207,0.034,-3.034,-1.611,1.341,3.653
2.02,0.046,-0.207,0.034,-3.034,-1.611,1.341,3.653
2.04,0.046,-0.206,0.035,-3.093,-1.579,1.348,3.694
2.06,0.046,-0.206,0.035,-3.093,-1.579,1.348,3.694
2.08,0.046,-0.206,0.035,-3.093,-1.579,1.348,3.694
2.10,0.046,-0.206,0.036,-3.183,-1.531,1.357,3.758
2.12,0.046,-0.206,0.036,-3.183,-1.531,1.357,3.758
2.15,0.045,-0.205,0.037,-3.259,-1.492,1.363,3.812
2.17,0.045,-0.205,0.037,-3.259,-1.492,1.363,3.812
2.19,0.045,-0.205,0.038,-3.320,-1.460,1.368,3.857
2.21,0.045,-0.205,0.038,-3.320,-1.460,1.368,3.857
2.23,0.044,-0.204,0.039,-3.381,-1.429,1.371,3.902
2.25,0.044,-0.204,0.039,-3.381,-1.429,1.371,3.902
2.27,0.043,-0.204,0.040,-3.443,-1.398,1.375,3.947
2.29,0.043,-0.204,0.040,-3.443,-1.398,1.375,3.947
2.31,0.043,-0.203,0.041,-3.505,-1.367,1.378,3.994
2.33,0.043,-0.203,0.041,-3.505,-1.367,1.378,3.994
2.35,0.042,-0.203,0.041,-3.549,-1.345,1.380,4.028
2.37,0.042,-0.203,0.041,-3.549,-1.345,1.380,4.028
2.40,0.042,-0.203,0.042,-3.611,-1.314,1.382,4.075
2.42,0.042,-0.203,0.042,-3.611,-1.314,1.382,4.075
2.44,0.041,-0.203,0.043,-3.674,-1.284,1.384,4.123
2.46,0.041,-0.203,0.043,-3.674,-1.284,1.384,4.123
2.48,0.040,-0.204,0.043,-3.736,-1.254,1.386,4.172
2.50,0.040,-0.204,0.043,-3.736,-1.254,1.386,4.172
2.52,0.040,-0.204,0.044,-3.768,-1.239,1.387,4.197
2.54,0.040,-0.204,0.044,-3.768,-1.239,1.387,4.197
2.56,0.040,-0.204,0.044,-3.768,-1.239,1.387,4.197
2.58,0.039,-0.205,0.044,-3.831,-1.209,1.388,4.247
2.60,0.039,-0.205,0.044,-3.831,-1.209,1.388,4.247
2.62,0.038,-0.206,0.043,-3.902,-1.176,1.389,4.303
2.64,0.038,-0.206,0.043,-3.902,-1.176,1.389,4.303
2.67,0.035,-0.206,0.043,-3.964,-1.147,1.390,4.351
2.69,0.035,-0.206,0.043,-3.964,-1.147,1.390,4.351
2.71,0.032,-0.206,0.041,-4.027,-1.118,1.390,4.399
2.73,0.032,-0.206,0.041,-4.027,-1.118,1.390,4.399
2.75,0.025,-0.207,0.038,-4.092,-1.089,1.390,4.446
2.77,0.025,-0.207,0.038,-4.092,-1.089,1.390,4.446
2.79,0.018,-0.207,0.036,-4.158,-1.059,1.390,4.494
2.81,0.018,-0.207,0.036,-4.158,-1.059,1.390,4.494
2.83,0.008,-0.207,0.032,-4.227,-1.029,1.389,4.542
2.85,0.008,-0.207,0.032,-4.227,-1.029,1.389,4.542
2.87,-0.003,-0.208,0.029,-4.298,-0.998,1.388,4.591
2.89,-0.003,-0.208,0.029,-4.298,-0.998,1.388,4.591
2.91,-0.016,-0.208,0.025,-4.390,-0.959,1.386,4.657
2.94,-0.016,-0.208,0.025,-4.390,-0.959,1.386,4.657
2.96,-0.035,-0.208,0.020,-4.465,-0.928,1.384,4.703
2.98,-0.035,-0.208,0.020,-4.465,-0.928,1.384,4.703
3.00,-0.057,-0.208,0.017,-4.542,-0.898,1.382,4.748
3.02,-0.057,-0.208,0.017,-4.542,-0.898,1.382,4.748
3.04,-0.075,-0.208,0.015,-4.620,-0.869,1.379,4.800
3.06,-0.075,-0.208,0.015,-4.620,-0.869,1.379,4.800
3.08,-0.075,-0.208,0.015,-4.620,-0.869,1.379,4.800
3.10,-0.120,-0.209,0.014,-4.739,-0.828,1.374,4.863
3.12,-0.120,-0.209,0.014,-4.739,-0.828,1.374,4.863
3.14,-0.155,-0.210,0.014,-4.819,-0.805,1.370,4.901
3.16,-0.155,-0.210,0.014,-4.819,-0.805,1.370,4.901
3.18,-0.198,-0.211,0.014,-4.919,-0.779,1.366,4.951
3.20,-0.198,-0.211,0.014,-4.919,-0.779,1.366,4.951
3.23,-0.248,-0.213,0.013,-5.000,-0.763,1.361,4.977
3.25,-0.248,-0.213,0.013,-5.000,-0.763,1.361,4.977
3.27,-0.305,-0.215,0.011,-5.080,-0.751,1.357,4.995
3.29,-0.305,-0.215,0.011,-5.080,-0.751,1.357,4.995
3.31,-0.385,-0.218,0.007,-5.160,-0.744,1.352,4.993
3.33,-0.385,-0.218,0.007,-5.160,-0.744,1.352,4.993
3.35,-0.458,-0.221,0.002,-5.239,-0.742,1.347,4.995
3.37,-0.458,-0.221,0.002,-5.239,-0.742,1.347,4.995
3.39,-0.538,-0.225,-0.003,-5.318,-0.744,1.342,4.991
3.41,-0.538,-0.225,-0.003,-5.318,-0.744,1.342,4.991
3.43,-0.624,-0.231,-0.011,-5.415,-0.756,1.336,4.998
3.45,-0.624,-0.231,-0.011,-5.415,-0.756,1.336,4.998
3.47,-0.715,-0.238,-0.018,-5.491,-0.771,1.330,4.981
3.50,-0.715,-0.238,-0.018,-5.491,-0.771,1.330,4.981
3.52,-0.852,-0.251,-0.031,-5.566,-0.791,1.325,4.918
3.54,-0.852,-0.251,-0.031,-5.566,-0.791,1.325,4.918
3.56,-0.934,-0.260,-0.038,-5.639,-0.816,1.320,4.908
3.58,-0.934,-0.260,-0.038,-5.639,-0.816,1.320,4.908
3.60,-0.934,-0.260,-0.038,-5.639,-0.816,1.320,4.908
3.62,-1.107,-0.283,-0.055,-5.700,-0.836,1.315,4.795
3.64,-1.107,-0.283,-0.055,-5.700,-0.836,1.315,4.795
3.66,-1.220,-0.300,-0.065,-5.724,-0.843,1.313,4.705
3.68,-1.220,-0.300,-0.065,-5.724,-0.843,1.313,4.705
3.70,-1.336,-0.320,-0.076,-5.789,-0.880,1.308,4.654
3.72,-1.336,-0.320,-0.076,-5.789,-0.880,1.308,4.654
3.75,-1.456,-0.343,-0.087,-5.868,-0.931,1.301,4.613
3.77,-1.456,-0.343,-0.087,-5.868,-0.931,1.301,4.613
3.79,-1.578,-0.369,-0.098,-5.928,-0.974,1.295,4.552
3.81,-1.578,-0.369,-0.098,-5.928,-0.974,1.295,4.552
3.83,-1.729,-0.404,-0.112,-5.986,-1.019,1.290,4.459
3.85,-1.729,-0.404,-0.112,-5.986,-1.019,1.290,4.459
3.87,-1.857,-0.437,-0.124,-6.042,-1.065,1.284,4.388
3.89,-1.857,-0.437,-0.124,-6.042,-1.065,1.284,4.388
3.91,-1.987,-0.473,-0.137,-6.096,-1.112,1.279,4.312
3.93,-1.987,-0.473,-0.137,-6.096,-1.112,1.279,4.312
3.95,-2.118,-0.513,-0.149,-6.160,-1.170,1.271,4.246
3.97,-2.118,-0.513,-0.149,-6.160,-1.170,1.271,4.246
4.00,-2.251,-0.555,-0.161,-6.209,-1.216,1.266,4.162
4.02,-2.251,-0.555,-0.161,-6.209,-1.216,1.266,4.162
4.04,-2.440,-0.619,-0.178,-6.256,-1.261,1.260,4.018
4.06,-2.440,-0.619,-0.178,-6.256,-1.261,1.260,4.018
4.08,-2.440,-0.619,-0.178,-6.256,-1.261,1.260,4.018
4.10,-2.630,-0.688,-0.194,-6.322,-1.328,1.251,3.894
4.12,-2.630,-0.688,-0.194,-6.322,-1.328,1.251,3.894
4.14,-2.766,-0.739,-0.205,-6.364,-1.370,1.246,3.798
4.16,-2.766,-0.739,-0.205,-6.364,-1.370,1.246,3.798
4.18,-2.902,-0.791,-0.216,-6.404,-1.411,1.240,3.701
4.20,-2.902,-0.791,-0.216,-6.404,-1.411,1.240,3.701
4.22,-3.036,-0.843,-0.227,-6.451,-1.460,1.234,3.613
4.25,-3.036,-0.843,-0.227,-6.451,-1.460,1.234,3.613
4.27,-3.170,-0.894,-0.238,-6.487,-1.497,1.228,3.514
4.29,-3.170,-0.894,-0.238,-6.487,-1.497,1.228,3.514
4.31,-3.302,-0.945,-0.249,-6.521,-1.531,1.224,3.414
4.33,-3.302,-0.945,-0.249,-6.521,-1.531,1.224,3.414
4.35,-3.458,-1.003,-0.262,-6.554,-1.563,1.219,3.288
4.37,-3.458,-1.003,-0.262,-6.554,-1.563,1.219,3.288
4.39,-3.586,-1.049,-0.274,-6.585,-1.592,1.215,3.190
4.41,-3.586,-1.049,-0.274,-6.585,-1.592,1.215,3.190
4.43,-3.711,-1.092,-0.286,-6.614,-1.619,1.211,3.092
4.45,-3.711,-1.092,-0.286,-6.614,-1.619,1.211,3.092
4.47,-3.834,-1.133,-0.298,-6.649,-1.649,1.207,3.003
4.49,-3.834,-1.133,-0.298,-6.649,-1.649,1.207,3.003
4.52,-3.953,-1.170,-0.311,-6.676,-1.671,1.204,2.909
4.54,-3.953,-1.170,-0.311,-6.676,-1.671,1.204,2.909
4.56,-4.115,-1.216,-0.329,-6.701,-1.689,1.202,2.770
4.58,-4.115,-1.216,-0.329,-6.701,-1.689,1.202,2.770
4.60,-4.115,-1.216,-0.329,-6.701,-1.689,1.202,2.770
4.62,-4.270,-1.256,-0.348,-6.737,-1.712,1.199,2.649
4.64,-4.270,-1.256,-0.348,-6.737,-1.712,1.199,2.649
4.66,-4.376,-1.280,-0.362,-6.759,-1.725,1.198,2.564
4.68,-4.376,-1.280,-0.362,-6.759,-1.725,1.198,2.564
4.70,-4.479,-1.301,-0.376,-6.835,-1.697,1.220,2.534
4.72,-4.479,-1.301,-0.376,-6.835,-1.697,1.220,2.534
4.74,-4.579,-1.318,-0.391,-6.862,-1.706,1.220,2.460
4.76,-4.579,-1.318,-0.391,-6.862,-1.706,1.220,2.460
4.79,-4.675,-1.332,-0.405,-6.882,-1.709,1.221,2.383
4.81,-4.675,-1.332,-0.405,-6.882,-1.709,1.221,2.383
4.83,-4.768,-1.343,-0.421,-6.901,-1.710,1.222,2.308
4.85,-4.768,-1.343,-0.421,-6.901,-1.710,1.222,2.308
4.87,-4.874,-1.353,-0.439,-6.919,-1.708,1.223,2.219
4.89,-4.874,-1.353,-0.439,-6.919,-1.708,1.223,2.219
4.91,-4.959,-1.357,-0.455,-6.937,-1.703,1.225,2.150
4.93,-4.959,-1.357,-0.455,-6.937,-1.703,1.225,2.150
4.95,-5.041,-1.360,-0.471,-6.953,-1.695,1.227,2.083
4.97,-5.041,-1.360,-0.471,-6.953,-1.695,1.227,2.083
4.99,-5.120,-1.360,-0.488,-6.971,-1.679,1.230,2.020
5.01,-5.120,-1.360,-0.488,-6.971,-1.679,1.230,2.020
5.04,-5.195,-1.357,-0.505,-6.985,-1.663,1.232,1.955
5.06,-5.195,-1.357,-0.505,-6.985,-1.663,1.232,1.955
5.08,-5.296,-1.348,-0.529,-6.997,-1.643,1.234,1.865
5.10,-5.296,-1.348,-0.529,-6.997,-1.643,1.234,1.865
5.12,-5.296,-1.348,-0.529,-6.997,-1.643,1.234,1.865
5.14,-5.390,-1.335,-0.554,-7.014,-1.608,1.237,1.783
5.16,-5.390,-1.335,-0.554,-7.014,-1.608,1.237,1.783
5.18,-5.454,-1.322,-0.571,-7.024,-1.580,1.240,1.726
5.20,-5.454,-1.322,-0.571,-7.024,-1.580,1.240,1.726
5.22,-5.515,-1.306,-0.587,-7.034,-1.550,1.242,1.672
5.24,-5.515,-1.306,-0.587,-7.034,-1.550,1.242,1.672
5.26,-5.573,-1.287,-0.604,-7.044,-1.507,1.244,1.620
5.29,-5.573,-1.287,-0.604,-7.044,-1.507,1.244,1.620
5.31,-5.628,-1.265,-0.619,-7.052,-1.470,1.246,1.570
5.33,-5.628,-1.265,-0.619,-7.052,-1.470,1.246,1.570
5.35,-5.690,-1.234,-0.637,-7.059,-1.430,1.247,1.512
5.37,-5.690,-1.234,-0.637,-7.059,-1.430,1.247,1.512
5.39,-5.738,-1.206,-0.650,-7.065,-1.388,1.248,1.467
5.41,-5.738,-1.206,-0.650,-7.065,-1.388,1.248,1.467
5.43,-5.784,-1.174,-0.663,-7.072,-1.343,1.249,1.425
5.45,-5.784,-1.174,-0.663,-7.072,-1.343,1.249,1.425
5.47,-5.827,-1.140,-0.675,-7.077,-1.296,1.250,1.385
5.49,-5.827,-1.140,-0.675,-7.077,-1.296,1.250,1.385
5.51,-5.868,-1.103,-0.686,-7.085,-1.236,1.250,1.348
5.53,-5.868,-1.103,-0.686,-7.085,-1.236,1.250,1.348
5.56,-5.907,-1.064,-0.697,-7.090,-1.186,1.250,1.312
5.58,-5.907,-1.064,-0.697,-7.090,-1.186,1.250,1.312
5.60,-5.907,-1.064,-0.697,-7.090,-1.186,1.250,1.312
5.62,-5.970,-0.988,-0.713,-7.099,-1.108,1.249,1.255
5.64,-5.970,-0.988,-0.713,-7.099,-1.108,1.249,1.255
5.66,-6.003,-0.943,-0.722,-7.106,-1.055,1.248,1.227
5.68,-6.003,-0.943,-0.722,-7.106,-1.055,1.248,1.227
5.70,-6.034,-0.896,-0.729,-7.111,-1.005,1.247,1.200
5.72,-6.034,-0.896,-0.729,-7.111,-1.005,1.247,1.200
5.74,-6.064,-0.849,-0.736,-7.118,-0.951,1.245,1.175
5.76,-6.064,-0.849,-0.736,-7.118,-0.951,1.245,1.175
5.78,-6.092,-0.800,-0.741,-7.129,-0.884,1.241,1.154
5.81,-6.092,-0.800,-0.741,-7.129,-0.884,1.241,1.154
5.83,-6.119,-0.751,-0.746,-7.139,-0.830,1.238,1.135
5.85,-6.119,-0.751,-0.746,-7.139,-0.830,1.238,1.135
5.87,-6.145,-0.701,-0.751,-7.150,-0.777,1.234,1.117
5.89,-6.145,-0.701,-0.751,-7.150,-0.777,1.234,1.117
5.91,-6.176,-0.641,-0.755,-7.162,-0.726,1.230,1.098
5.93,-6.176,-0.641,-0.755,-7.162,-0.726,1.230,1.098
5.95,-6.200,-0.591,-0.758,-7.176,-0.675,1.225,1.085
5.97,-6.200,-0.591,-0.758,-7.176,-0.675,1.225,1.085
5.99,-6.225,-0.542,-0.760,-7.192,-0.626,1.219,1.073
6.01,-6.225,-0.542,-0.760,-7.192,-0.626,1.219,1.073
6.03,-6.250,-0.494,-0.762,-7.214,-0.567,1.212,1.066
6.05,-6.250,-0.494,-0.762,-7.214,-0.567,1.212,1.066
6.07,-6.274,-0.446,-0.763,-7.234,-0.522,1.205,1.059
6.10,-6.274,-0.446,-0.763,-7.234,-0.522,1.205,1.059
6.12,-6.274,-0.446,-0.763,-7.234,-0.522,1.205,1.059
6.14,-6.321,-0.365,-0.764,-7.267,-0.459,1.194,1.043
6.16,-6.321,-0.365,-0.764,-7.267,-0.459,1.194,1.043
6.18,-6.349,-0.322,-0.764,-7.292,-0.419,1.185,1.037
6.20,-6.349,-0.322,-0.764,-7.292,-0.419,1.185,1.037
6.22,-6.378,-0.282,-0.764,-7.318,-0.382,1.177,1.032
6.24,-6.378,-0.282,-0.764,-7.318,-0.382,1.177,1.032
6.26,-6.408,-0.244,-0.763,-7.347,-0.347,1.167,1.028
6.28,-6.408,-0.244,-0.763,-7.347,-0.347,1.167,1.028
6.30,-6.440,-0.208,-0.761,-7.378,-0.315,1.158,1.024
6.32,-6.440,-0.208,-0.761,-7.378,-0.315,1.158,1.024
6.34,-6.475,-0.175,-0.759,-7.419,-0.278,1.145,1.025
6.37,-6.475,-0.175,-0.759,-7.419,-0.278,1.145,1.025
6.39,-6.511,-0.145,-0.757,-7.454,-0.251,1.135,1.022
6.41,-6.511,-0.145,-0.757,-7.454,-0.251,1.135,1.022
6.43,-6.549,-0.118,-0.754,-7.492,-0.227,1.124,1.018
6.45,-6.549,-0.118,-0.754,-7.492,-0.227,1.124,1.018
6.47,-6.598,-0.090,-0.750,-7.531,-0.206,1.112,1.007
6.49,-6.598,-0.090,-0.750,-7.531,-0.206,1.112,1.007
6.51,-6.641,-0.070,-0.747,-7.572,-0.186,1.101,1.002
6.53,-6.641,-0.070,-0.747,-7.572,-0.186,1.101,1.002
6.55,-6.687,-0.052,-0.743,-7.614,-0.170,1.089,0.997
6.57,-6.687,-0.052,-0.743,-7.614,-0.170,1.089,0.997
6.59,-6.687,-0.052,-0.743,-7.614,-0.170,1.089,0.997
6.62,-6.763,-0.031,-0.735,-7.693,-0.146,1.068,0.994
6.64,-6.763,-0.031,-0.735,-7.693,-0.146,1.068,0.994
6.66,-6.825,-0.020,-0.729,-7.740,-0.136,1.055,0.979
6.68,-6.825,-0.020,-0.729,-7.740,-0.136,1.055,0.979
6.70,-6.878,-0.013,-0.723,-7.788,-0.128,1.043,0.971
6.72,-6.878,-0.013,-0.723,-7.788,-0.128,1.043,0.971
6.74,-6.933,-0.010,-0.717,-7.838,-0.122,1.031,0.964
6.76,-6.933,-0.010,-0.717,-7.838,-0.122,1.031,0.964
6.78,-6.990,-0.008,-0.710,-7.889,-0.118,1.018,0.956
6.80,-6.990,-0.008,-0.710,-7.889,-0.118,1.018,0.956
6.82,-7.049,-0.009,-0.703,-7.941,-0.116,1.005,0.948
6.84,-7.049,-0.009,-0.703,-7.941,-0.116,1.005,0.948
6.87,-7.109,-0.011,-0.697,-8.008,-0.116,0.989,0.951
6.89,-7.109,-0.011,-0.697,-8.008,-0.116,0.989,0.951
6.91,-7.171,-0.016,-0.690,-8.062,-0.117,0.976,0.942
6.93,-7.171,-0.016,-0.690,-8.062,-0.117,0.976,0.942
6.95,-7.246,-0.024,-0.681,-8.116,-0.120,0.963,0.920
6.97,-7.246,-0.024,-0.681,-8.116,-0.120,0.963,0.920
6.99,-7.310,-0.032,-0.673,-8.171,-0.125,0.951,0.909
7.01,-7.310,-0.032,-0.673,-8.171,-0.125,0.951,0.909
7.03,-7.375,-0.042,-0.666,-8.227,-0.131,0.938,0.898
7.05,-7.375,-0.042,-0.666,-8.227,-0.131,0.938,0.898
7.07,-7.441,-0.053,-0.658,-8.296,-0.140,0.922,0.899
7.09,-7.441,-0.053,-0.658,-8.296,-0.140,0.922,0.899
7.11,-7.441,-0.053,-0.658,-8.296,-0.140,0.922,0.899
7.14,-7.547,-0.073,-0.646,-8.358,-0.149,0.909,0.856
7.16,-7.547,-0.073,-0.646,-8.358,-0.149,0.909,0.856
7.18,-7.626,-0.089,-0.637,-8.402,-0.155,0.925,0.830
7.20,-7.626,-0.089,-0.637,-8.402,-0.155,0.925,0.830
7.22,-7.692,-0.104,-0.629,-8.458,-0.165,0.916,0.820
7.24,-7.692,-0.104,-0.629,-8.458,-0.165,0.916,0.820
7.26,-7.758,-0.120,-0.622,-8.515,-0.177,0.911,0.812
7.28,-7.758,-0.120,-0.622,-8.515,-0.177,0.911,0.812
7.30,-7.823,-0.136,-0.615,-8.572,-0.188,0.908,0.806
7.32,-7.823,-0.136,-0.615,-8.572,-0.188,0.908,0.806
7.34,-7.887,-0.153,-0.611,-8.629,-0.201,0.909,0.801
7.36,-7.887,-0.153,-0.611,-8.629,-0.201,0.909,0.801
7.38,-7.951,-0.170,-0.611,-8.701,-0.216,0.916,0.811
7.41,-7.951,-0.170,-0.611,-8.701,-0.216,0.916,0.811
7.43,-8.015,-0.187,-0.615,-8.758,-0.229,0.927,0.807
7.45,-8.015,-0.187,-0.615,-8.758,-0.229,0.927,0.807
7.47,-8.090,-0.209,-0.628,-8.815,-0.243,0.943,0.791
7.49,-8.090,-0.209,-0.628,-8.815,-0.243,0.943,0.791
7.51,-8.153,-0.226,-0.644,-8.871,-0.256,0.963,0.787
7.53,-8.153,-0.226,-0.644,-8.871,-0.256,0.963,0.787
7.55,-8.215,-0.244,-0.667,-8.927,-0.269,0.989,0.782
7.57,-8.215,-0.244,-0.667,-8.927,-0.269,0.989,0.782
7.59,-8.277,-0.261,-0.696,-8.996,-0.284,1.027,0.792
7.61,-8.277,-0.261,-0.696,-8.996,-0.284,1.027,0.792
7.63,-8.277,-0.261,-0.696,-8.996,-0.284,1.027,0.792
7.66,-8.387,-0.290,-0.766,-9.078,-0.302,1.080,0.759
7.68,-8.387,-0.290,-0.766,-9.078,-0.302,1.080,0.759
7.70,-8.447,-0.305,-0.813,-9.132,-0.312,1.119,0.750
7.72,-8.447,-0.305,-0.813,-9.132,-0.312,1.119,0.750
7.74,-8.506,-0.319,-0.865,-9.185,-0.320,1.162,0.742
7.76,-8.506,-0.319,-0.865,-9.185,-0.320,1.162,0.742
7.78,-8.564,-0.332,-0.920,-9.238,-0.327,1.207,0.733
7.80,-8.564,-0.332,-0.920,-9.238,-0.327,1.207,0.733
7.82,-8.620,-0.343,-0.978,-9.290,-0.333,1.253,0.724
7.84,-8.620,-0.343,-0.978,-9.290,-0.333,1.253,0.724
7.86,-8.676,-0.352,-1.037,-9.342,-0.336,1.301,0.716
7.88,-8.676,-0.352,-1.037,-9.342,-0.336,1.301,0.716
7.90,-8.731,-0.360,-1.098,-9.405,-0.337,1.362,0.725
7.93,-8.731,-0.360,-1.098,-9.405,-0.337,1.362,0.725
7.95,-8.785,-0.366,-1.159,-9.455,-0.335,1.411,0.717
7.97,-8.785,-0.366,-1.159,-9.455,-0.335,1.411,0.717
7.99,-8.848,-0.370,-1.232,-9.505,-0.331,1.459,0.696
8.01,-8.848,-0.370,-1.232,-9.505,-0.331,1.459,0.696
8.03,-8.900,-0.372,-1.292,-9.554,-0.324,1.506,0.689
8.05,-8.900,-0.372,-1.292,-9.554,-0.324,1.506,0.689
8.07,-8.952,-0.370,-1.350,-9.602,-0.314,1.552,0.683
8.09,-8.952,-0.370,-1.350,-9.602,-0.314,1.552,0.683
8.11,-8.952,-0.370,-1.350,-9.602,-0.314,1.552,0.683
8.13,-9.033,-0.364,-1.439,-9.673,-0.294,1.615,0.669
8.15,-9.033,-0.364,-1.439,-9.673,-0.294,1.615,0.669
8.18,-9.082,-0.356,-1.489,-9.729,-0.273,1.661,0.674
8.20,-9.082,-0.356,-1.489,-9.729,-0.273,1.661,0.674
8.22,-9.141,-0.344,-1.545,-9.775,-0.252,1.697,0.658
8.24,-9.141,-0.344,-1.545,-9.775,-0.252,1.697,0.658
8.26,-9.189,-0.330,-1.586,-9.821,-0.228,1.730,0.655
8.28,-9.189,-0.330,-1.586,-9.821,-0.228,1.730,0.655
8.30,-9.237,-0.314,-1.623,-9.867,-0.201,1.759,0.654
8.32,-9.237,-0.314,-1.623,-9.867,-0.201,1.759,0.654
8.34,-9.284,-0.296,-1.655,-9.915,-0.169,1.785,0.656
8.36,-9.284,-0.296,-1.655,-9.915,-0.169,1.785,0.656
8.38,-9.331,-0.274,-1.683,-9.977,-0.124,1.812,0.676
8.40,-9.331,-0.274,-1.683,-9.977,-0.124,1.812,0.676
8.43,-9.377,-0.250,-1.706,-10.030,-0.083,1.829,0.685
8.45,-9.377,-0.250,-1.706,-10.030,-0.083,1.829,0.685
8.47,-9.423,-0.223,-1.724,-10.085,-0.038,1.842,0.697
8.49,-9.423,-0.223,-1.724,-10.085,-0.038,1.842,0.697
8.51,-9.478,-0.187,-1.741,-10.142,0.010,1.851,0.701
8.53,-9.478,-0.187,-1.741,-10.142,0.010,1.851,0.701
8.55,-9.525,-0.153,-1.750,-10.202,0.060,1.856,0.718
8.57,-9.525,-0.153,-1.750,-10.202,0.060,1.856,0.718
8.59,-9.572,-0.115,-1.755,-10.263,0.112,1.856,0.735
8.61,-9.572,-0.115,-1.755,-10.263,0.112,1.856,0.735
8.63,-9.572,-0.115,-1.755,-10.263,0.112,1.856,0.735
8.65,-9.651,-0.048,-1.753,-10.376,0.203,1.848,0.773
8.67,-9.651,-0.048,-1.753,-10.376,0.203,1.848,0.773
8.70,-9.703,-0.001,-1.745,-10.442,0.253,1.838,0.788
8.72,-9.703,-0.001,-1.745,-10.442,0.253,1.838,0.788
8.74,-9.768,0.059,-1.730,-10.511,0.302,1.825,0.788
8.76,-9.768,0.059,-1.730,-10.511,0.302,1.825,0.788
8.78,-9.825,0.112,-1.712,-10.580,0.348,1.809,0.797
8.80,-9.825,0.112,-1.712,-10.580,0.348,1.809,0.797
8.82,-9.884,0.169,-1.690,-10.651,0.391,1.790,0.804
8.84,-9.884,0.169,-1.690,-10.651,0.391,1.790,0.804
8.86,-9.946,0.227,-1.665,-10.723,0.429,1.769,0.809
8.88,-9.946,0.227,-1.665,-10.723,0.429,1.769,0.809
8.90,-10.011,0.285,-1.637,-10.814,0.471,1.739,0.830
8.92,-10.011,0.285,-1.637,-10.814,0.471,1.739,0.830
8.94,-10.078,0.344,-1.607,-10.888,0.499,1.714,0.831
8.97,-10.078,0.344,-1.607,-10.888,0.499,1.714,0.831
8.99,-10.147,0.401,-1.575,-10.962,0.522,1.687,0.831
9.01,-10.147,0.401,-1.575,-10.962,0.522,1.687,0.831
9.03,-10.219,0.456,-1.543,-11.038,0.539,1.660,0.831
9.05,-10.219,0.456,-1.543,-11.038,0.539,1.660,0.831
9.07,-10.307,0.516,-1.503,-11.114,0.552,1.632,0.817
9.09,-10.307,0.516,-1.503,-11.114,0.552,1.632,0.817
9.11,-10.383,0.561,-1.471,-11.190,0.560,1.605,0.818
9.13,-10.383,0.561,-1.471,-11.190,0.560,1.605,0.818
9.15,-10.383,0.561,-1.471,-11.190,0.560,1.605,0.818
9.17,-10.508,0.619,-1.422,-11.326,0.564,1.560,0.831
9.20,-10.508,0.619,-1.422,-11.326,0.564,1.560,0.831
9.22,-10.605,0.651,-1.388,-11.346,0.567,1.556,0.765
9.24,-10.605,0.651,-1.388,-11.346,0.567,1.556,0.765
9.26,-10.687,0.668,-1.362,-11.424,0.561,1.535,0.765
9.28,-10.687,0.668,-1.362,-11.424,0.561,1.535,0.765
9.30,-10.770,0.678,-1.338,-11.502,0.553,1.515,0.764
9.32,-10.770,0.678,-1.338,-11.502,0.553,1.515,0.764
9.34,-10.854,0.681,-1.316,-11.522,0.552,1.510,0.708
9.36,-10.854,0.681,-1.316,-11.522,0.552,1.510,0.708
9.38,-10.939,0.676,-1.299,-11.599,0.539,1.495,0.702
9.40,-10.939,0.676,-1.299,-11.599,0.539,1.495,0.702
9.42,-11.025,0.665,-1.284,-11.675,0.524,1.482,0.694
9.44,-11.025,0.665,-1.284,-11.675,0.524,1.482,0.694
9.46,-11.111,0.648,-1.273,-11.768,0.503,1.470,0.701
9.49,-11.111,0.648,-1.273,-11.768,0.503,1.470,0.701
9.51,-11.197,0.626,-1.265,-11.840,0.484,1.464,0.688
9.53,-11.197,0.626,-1.265,-11.840,0.484,1.464,0.688
9.55,-11.300,0.595,-1.260,-11.911,0.463,1.462,0.656
9.57,-11.300,0.595,-1.260,-11.911,0.463,1.462,0.656
9.59,-11.385,0.566,-1.261,-11.979,0.442,1.463,0.640
9.61,-11.385,0.566,-1.261,-11.979,0.442,1.463,0.640
9.63,-11.385,0.566,-1.261,-11.979,0.442,1.463,0.640
9.65,-11.518,0.515,-1.270,-12.077,0.408,1.474,0.604
9.67,-11.518,0.515,-1.270,-12.077,0.408,1.474,0.604
9.69,-11.599,0.480,-1.283,-12.139,0.385,1.485,0.585
9.71,-11.599,0.480,-1.283,-12.139,0.385,1.485,0.585
9.73,-11.677,0.445,-1.301,-12.213,0.356,1.504,0.581
9.76,-11.677,0.445,-1.301,-12.213,0.356,1.504,0.581
9.78,-11.766,0.402,-1.330,-12.255,0.341,1.515,0.527
9.80,-11.766,0.402,-1.330,-12.255,0.341,1.515,0.527
9.82,-11.836,0.366,-1.359,-12.310,0.319,1.534,0.508
9.84,-11.836,0.366,-1.359,-12.310,0.319,1.534,0.508
9.86,-11.902,0.331,-1.392,-12.365,0.297,1.554,0.491
9.88,-11.902,0.331,-1.392,-12.365,0.297,1.554,0.491
9.90,-11.965,0.295,-1.427,-12.419,0.276,1.574,0.478
9.92,-11.965,0.295,-1.427,-12.419,0.276,1.574,0.478
9.94,-12.024,0.261,-1.462,-12.472,0.255,1.594,0.468
9.96,-12.024,0.261,-1.462,-12.472,0.255,1.594,0.468
9.98,-12.080,0.228,-1.497,-12.540,0.230,1.619,0.476
10.00,-12.080,0.228,-1.497,-12.540,0.230,1.619,0.476
10.03,-12.134,0.197,-1.531,-12.595,0.210,1.637,0.474
10.05,-12.134,0.197,-1.531,-12.595,0.210,1.637,0.474
10.07,-12.185,0.167,-1.563,-12.652,0.191,1.654,0.476
10.09,-12.185,0.167,-1.563,-12.652,0.191,1.654,0.476
10.11,-12.245,0.135,-1.597,-12.710,0.173,1.668,0.472
10.13,-12.245,0.135,-1.597,-12.710,0.173,1.668,0.472
10.15,-12.245,0.135,-1.597,-12.710,0.173,1.668,0.472
10.17,-12.323,0.096,-1.635,-12.801,0.146,1.687,0.484
10.19,-12.323,0.096,-1.635,-12.801,0.146,1.687,0.484
10.21,-12.371,0.074,-1.654,-12.864,0.128,1.697,0.498
10.23,-12.371,0.074,-1.654,-12.864,0.128,1.697,0.498
10.25,-12.420,0.053,-1.669,-12.939,0.108,1.707,0.523
10.28,-12.420,0.053,-1.669,-12.939,0.108,1.707,0.523
10.30,-12.471,0.034,-1.679,-13.006,0.091,1.714,0.540
10.32,-12.471,0.034,-1.679,-13.006,0.091,1.714,0.540
10.34,-12.534,0.014,-1.688,-13.075,0.074,1.721,0.545
10.36,-12.534,0.014,-1.688,-13.075,0.074,1.721,0.545
10.38,-12.589,-0.002,-1.692,-13.146,0.058,1.726,0.561
10.40,-12.589,-0.002,-1.692,-13.146,0.058,1.726,0.561
10.42,-12.647,-0.016,-1.694,-13.219,0.042,1.732,0.576
10.44,-12.647,-0.016,-1.694,-13.219,0.042,1.732,0.576
10.46,-12.708,-0.029,-1.695,-13.294,0.028,1.737,0.590
10.48,-12.708,-0.029,-1.695,-13.294,0.028,1.737,0.590
10.50,-12.771,-0.041,-1.695,-13.390,0.010,1.745,0.623
10.52,-12.771,-0.041,-1.695,-13.390,0.010,1.745,0.623
10.55,-12.838,-0.051,-1.695,-13.469,-0.003,1.751,0.635
10.57,-12.838,-0.051,-1.695,-13.469,-0.003,1.751,0.635
10.59,-12.908,-0.061,-1.696,-13.549,-0.015,1.757,0.646
10.61,-12.908,-0.061,-1.696,-13.549,-0.015,1.757,0.646
10.63,-12.908,-0.061,-1.696,-13.549,-0.015,1.757,0.646
10.65,-13.042,-0.074,-1.703,-13.670,-0.032,1.768,0.633
10.67,-13.042,-0.074,-1.703,-13.670,-0.032,1.768,0.633
10.69,-13.120,-0.080,-1.709,-13.751,-0.043,1.775,0.635
10.71,-13.120,-0.080,-1.709,-13.751,-0.043,1.775,0.635
10.73,-13.202,-0.085,-1.716,-13.832,-0.054,1.783,0.634
10.75,-13.202,-0.085,-1.716,-13.832,-0.054,1.783,0.634
10.77,-13.287,-0.088,-1.724,-13.934,-0.067,1.793,0.651
10.79,-13.287,-0.088,-1.724,-13.934,-0.067,1.793,0.651
10.82,-13.373,-0.090,-1.732,-14.015,-0.078,1.801,0.646
10.84,-13.373,-0.090,-1.732,-14.015,-0.078,1.801,0.646
10.86,-13.479,-0.092,-1.744,-14.096,-0.089,1.809,0.621
10.88,-13.479,-0.092,-1.744,-14.096,-0.089,1.809,0.621
10.90,-13.568,-0.092,-1.754,-14.177,-0.100,1.817,0.613
10.92,-13.568,-0.092,-1.754,-14.177,-0.100,1.817,0.613
10.94,-13.658,-0.091,-1.764,-14.258,-0.113,1.824,0.604
10.96,-13.658,-0.091,-1.764,-14.258,-0.113,1.824,0.604
10.98,-13.747,-0.089,-1.774,-14.339,-0.126,1.832,0.596
11.00,-13.747,-0.089,-1.774,-14.339,-0.126,1.832,0.596
11.02,-13.836,-0.088,-1.784,-14.421,-0.141,1.839,0.589
11.04,-13.836,-0.088,-1.784,-14.421,-0.141,1.839,0.589
11.06,-13.925,-0.087,-1.793,-14.522,-0.161,1.847,0.604
11.09,-13.925,-0.087,-1.793,-14.522,-0.161,1.847,0.604
11.11,-14.013,-0.087,-1.803,-14.603,-0.180,1.852,0.600
11.13,-14.013,-0.087,-1.803,-14.603,-0.180,1.852,0.600
11.15,-14.013,-0.087,-1.803,-14.603,-0.180,1.852,0.600
11.17,-14.170,-0.088,-1.817,-14.725,-0.211,1.859,0.570
11.19,-14.170,-0.088,-1.817,-14.725,-0.211,1.859,0.570
11.21,-14.256,-0.091,-1.824,-14.806,-0.234,1.862,0.569
11.23,-14.256,-0.091,-1.824,-14.806,-0.234,1.862,0.569
11.25,-14.342,-0.095,-1.830,-14.887,-0.259,1.863,0.570
11.27,-14.342,-0.095,-1.830,-14.887,-0.259,1.863,0.570
11.29,-14.428,-0.101,-1.834,-14.851,-0.244,1.863,0.448
11.31,-14.428,-0.101,-1.834,-14.851,-0.244,1.863,0.448
11.34,-14.513,-0.109,-1.837,-14.930,-0.274,1.861,0.450
11.36,-14.513,-0.109,-1.837,-14.930,-0.274,1.861,0.450
11.38,-14.614,-0.122,-1.839,-15.004,-0.303,1.858,0.431
11.40,-14.614,-0.122,-1.839,-15.004,-0.303,1.858,0.431
11.42,-14.698,-0.135,-1.838,-15.016,-0.304,1.856,0.361
11.44,-14.698,-0.135,-1.838,-15.016,-0.304,1.856,0.361
11.46,-14.782,-0.151,-1.835,-15.095,-0.338,1.849,0.365
11.48,-14.782,-0.151,-1.835,-15.095,-0.338,1.849,0.365
11.50,-14.865,-0.169,-1.829,-15.172,-0.373,1.841,0.368
11.52,-14.865,-0.169,-1.829,-15.172,-0.373,1.841,0.368
11.54,-14.948,-0.190,-1.821,-15.268,-0.416,1.828,0.392
11.56,-14.948,-0.190,-1.821,-15.268,-0.416,1.828,0.392
11.59,-15.031,-0.215,-1.811,-15.343,-0.451,1.817,0.392
11.61,-15.031,-0.215,-1.811,-15.343,-0.451,1.817,0.392
11.63,-15.112,-0.241,-1.799,-15.417,-0.485,1.804,0.390
11.65,-15.112,-0.241,-1.799,-15.417,-0.485,1.804,0.390
11.67,-15.112,-0.241,-1.799,-15.417,-0.485,1.804,0.390
11.69,-15.256,-0.295,-1.771,-15.524,-0.533,1.783,0.358
11.71,-15.256,-0.295,-1.771,-15.524,-0.533,1.783,0.358
11.73,-15.335,-0.328,-1.754,-15.592,-0.564,1.767,0.349
11.75,-15.335,-0.328,-1.754,-15.592,-0.564,1.767,0.349
11.77,-15.412,-0.362,-1.736,-15.657,-0.592,1.751,0.337
11.79,-15.412,-0.362,-1.736,-15.657,-0.592,1.751,0.337
11.81,-15.487,-0.396,-1.718,-15.735,-0.626,1.730,0.339
11.83,-15.487,-0.396,-1.718,-15.735,-0.626,1.730,0.339
11.86,-15.559,-0.430,-1.699,-15.794,-0.652,1.712,0.323
11.88,-15.559,-0.430,-1.699,-15.794,-0.652,1.712,0.323
11.90,-15.643,-0.470,-1.676,-15.850,-0.677,1.694,0.294
11.92,-15.643,-0.470,-1.676,-15.850,-0.677,1.694,0.294
11.94,-15.709,-0.502,-1.658,-15.903,-0.702,1.677,0.279
11.96,-15.709,-0.502,-1.658,-15.903,-0.702,1.677,0.279
11.98,-15.772,-0.532,-1.640,-15.952,-0.727,1.659,0.266
12.00,-15.772,-0.532,-1.640,-15.952,-0.727,1.659,0.266
12.02,-15.831,-0.560,-1.622,-15.999,-0.751,1.641,0.255
12.04,-15.831,-0.560,-1.622,-15.999,-0.751,1.641,0.255
12.06,-15.886,-0.586,-1.605,-16.041,-0.776,1.624,0.246
12.08,-15.886,-0.586,-1.605,-16.041,-0.776,1.624,0.246
12.10,-15.938,-0.610,-1.588,-16.091,-0.808,1.604,0.251
12.12,-15.938,-0.610,-1.588,-16.091,-0.808,1.604,0.251
12.15,-15.938,-0.610,-1.588,-16.091,-0.808,1.604,0.251
12.17,-16.011,-0.644,-1.564,-16.144,-0.847,1.580,0.243
12.19,-16.011,-0.644,-1.564,-16.144,-0.847,1.580,0.243
12.21,-16.051,-0.664,-1.550,-16.176,-0.875,1.566,0.246
12.23,-16.051,-0.664,-1.550,-16.176,-0.875,1.566,0.246
12.25,-16.092,-0.687,-1.535,-16.206,-0.903,1.552,0.244
12.27,-16.092,-0.687,-1.535,-16.206,-0.903,1.552,0.244
12.29,-16.117,-0.703,-1.526,-16.233,-0.933,1.539,0.258
12.31,-16.117,-0.703,-1.526,-16.233,-0.933,1.539,0.258
12.33,-16.148,-0.728,-1.513,-16.259,-0.964,1.528,0.261
12.35,-16.148,-0.728,-1.513,-16.259,-0.964,1.528,0.261
12.37,-16.170,-0.749,-1.504,-16.290,-1.004,1.515,0.282
12.40,-16.170,-0.749,-1.504,-16.290,-1.004,1.515,0.282
12.42,-16.192,-0.777,-1.495,-16.312,-1.037,1.507,0.287
12.44,-16.192,-0.777,-1.495,-16.312,-1.037,1.507,0.287
12.46,-16.207,-0.802,-1.489,-16.347,-1.093,1.499,0.323
12.48,-16.207,-0.802,-1.489,-16.347,-1.093,1.499,0.323
12.50,-16.220,-0.829,-1.485,-16.368,-1.129,1.493,0.334
12.52,-16.220,-0.829,-1.485,-16.368,-1.129,1.493,0.334
12.54,-16.230,-0.859,-1.481,-16.389,-1.165,1.486,0.345
12.56,-16.230,-0.859,-1.481,-16.389,-1.165,1.486,0.345
12.58,-16.239,-0.891,-1.479,-16.410,-1.202,1.481,0.355
12.60,-16.239,-0.891,-1.479,-16.410,-1.202,1.481,0.355
12.62,-16.247,-0.924,-1.477,-16.436,-1.248,1.474,0.375
12.64,-16.247,-0.924,-1.477,-16.436,-1.248,1.474,0.375
12.66,-16.247,-0.924,-1.477,-16.436,-1.248,1.474,0.375
12.69,-16.259,-0.982,-1.476,-16.468,-1.305,1.467,0.385
12.71,-16.259,-0.982,-1.476,-16.468,-1.305,1.467,0.385
12.73,-16.267,-1.021,-1.474,-16.490,-1.344,1.461,0.393
12.75,-16.267,-1.021,-1.474,-16.490,-1.344,1.461,0.393
12.77,-16.277,-1.069,-1.473,-16.523,-1.394,1.453,0.408
12.79,-16.277,-1.069,-1.473,-16.523,-1.394,1.453,0.408
12.81,-16.286,-1.111,-1.470,-16.561,-1.441,1.442,0.431
12.83,-16.286,-1.111,-1.470,-16.561,-1.441,1.442,0.431
12.85,-16.296,-1.153,-1.467,-16.587,-1.480,1.435,0.438
12.87,-16.296,-1.153,-1.467,-16.587,-1.480,1.435,0.438
12.89,-16.308,-1.197,-1.463,-16.620,-1.527,1.426,0.456
12.91,-16.308,-1.197,-1.463,-16.620,-1.527,1.426,0.456
12.94,-16.322,-1.241,-1.458,-16.649,-1.563,1.417,0.461
12.96,-16.322,-1.241,-1.458,-16.649,-1.563,1.417,0.461
12.98,-16.341,-1.294,-1.449,-16.678,-1.597,1.407,0.456
13.00,-16.341,-1.294,-1.449,-16.678,-1.597,1.407,0.456
13.02,-16.359,-1.338,-1.441,-16.708,-1.630,1.395,0.457
13.04,-16.359,-1.338,-1.441,-16.708,-1.630,1.395,0.457
13.06,-16.380,-1.382,-1.431,-16.740,-1.660,1.382,0.457
13.08,-16.380,-1.382,-1.431,-16.740,-1.660,1.382,0.457
13.10,-16.403,-1.426,-1.418,-16.773,-1.687,1.367,0.455
13.12,-16.403,-1.426,-1.418,-16.773,-1.687,1.367,0.455
13.14,-16.428,-1.469,-1.405,-16.807,-1.711,1.350,0.452
13.16,-16.428,-1.469,-1.405,-16.807,-1.711,1.350,0.452
13.18,-16.428,-1.469,-1.405,-16.807,-1.711,1.350,0.452
13.21,-16.468,-1.527,-1.381,-16.869,-1.745,1.315,0.461
13.23,-16.468,-1.527,-1.381,-16.869,-1.745,1.315,0.461
13.25,-16.505,-1.574,-1.358,-16.914,-1.755,1.284,0.453
13.27,-16.505,-1.574,-1.358,-16.914,-1.755,1.284,0.453
13.29,-16.545,-1.617,-1.330,-16.952,-1.767,1.260,0.439
13.31,-16.545,-1.617,-1.330,-16.952,-1.767,1.260,0.439
13.33,-16.581,-1.650,-1.305,-16.996,-1.772,1.228,0.439
13.35,-16.581,-1.650,-1.305,-16.996,-1.772,1.228,0.439
13.37,-16.619,-1.679,-1.277,-17.036,-1.777,1.201,0.435
13.39,-16.619,-1.679,-1.277,-17.036,-1.777,1.201,0.435
13.41,-16.658,-1.705,-1.247,-17.086,-1.779,1.164,0.442
13.43,-16.658,-1.705,-1.247,-17.086,-1.779,1.164,0.442
13.46,-16.699,-1.726,-1.216,-17.128,-1.776,1.135,0.439
13.48,-16.699,-1.726,-1.216,-17.128,-1.776,1.135,0.439
13.50,-16.751,-1.747,-1.175,-17.169,-1.770,1.106,0.425
13.52,-16.751,-1.747,-1.175,-17.169,-1.770,1.106,0.425
13.54,-16.796,-1.759,-1.141,-17.212,-1.760,1.077,0.421
13.56,-16.796,-1.759,-1.141,-17.212,-1.760,1.077,0.421
13.58,-16.842,-1.766,-1.106,-17.255,-1.747,1.049,0.417
13.60,-16.842,-1.766,-1.106,-17.255,-1.747,1.049,0.417
13.62,-16.890,-1.768,-1.072,-17.294,-1.731,1.026,0.408
13.64,-16.890,-1.768,-1.072,-17.294,-1.731,1.026,0.408
13.66,-16.890,-1.768,-1.072,-17.294,-1.731,1.026,0.408
13.68,-16.969,-1.761,-1.022,-17.365,-1.696,0.988,0.402
13.71,-16.969,-1.761,-1.022,-17.365,-1.696,0.988,0.402
13.73,-17.020,-1.751,-0.994,-17.409,-1.671,0.966,0.398
13.75,-17.020,-1.751,-0.994,-17.409,-1.671,0.966,0.398
13.77,-17.072,-1.735,-0.970,-17.443,-1.649,0.950,0.381
13.79,-17.072,-1.735,-0.970,-17.443,-1.649,0.950,0.381
13.81,-17.135,-1.709,-0.945,-17.487,-1.618,0.930,0.364
13.83,-17.135,-1.709,-0.945,-17.487,-1.618,0.930,0.364
13.85,-17.188,-1.682,-0.927,-17.532,-1.584,0.913,0.358
13.87,-17.188,-1.682,-0.927,-17.532,-1.584,0.913,0.358
13.89,-17.242,-1.651,-0.913,-17.578,-1.548,0.896,0.352
13.91,-17.242,-1.651,-0.913,-17.578,-1.548,0.896,0.352
13.93,-17.295,-1.615,-0.900,-17.636,-1.499,0.878,0.360
13.95,-17.295,-1.615,-0.900,-17.636,-1.499,0.878,0.360
13.98,-17.349,-1.576,-0.890,-17.683,-1.459,0.864,0.355
14.00,-17.349,-1.576,-0.890,-17.683,-1.459,0.864,0.355
14.02,-17.413,-1.525,-0.880,-17.732,-1.416,0.852,0.338
14.04,-17.413,-1.525,-0.880,-17.732,-1.416,0.852,0.338
14.06,-17.467,-1.479,-0.873,-17.782,-1.372,0.842,0.334
14.08,-17.467,-1.479,-0.873,-17.782,-1.372,0.842,0.334
14.10,-17.520,-1.431,-0.867,-17.834,-1.326,0.832,0.332
14.12,-17.520,-1.431,-0.867,-17.834,-1.326,0.832,0.332
14.14,-17.574,-1.380,-0.862,-17.886,-1.279,0.824,0.331
14.16,-17.574,-1.380,-0.862,-17.886,-1.279,0.824,0.331
14.18,-17.574,-1.380,-0.862,-17.886,-1.279,0.824,0.331
14.20,-17.659,-1.297,-0.856,-17.980,-1.193,0.812,0.340
14.22,-17.659,-1.297,-0.856,-17.980,-1.193,0.812,0.340
14.25,-17.713,-1.243,-0.853,-18.033,-1.142,0.807,0.338
14.27,-17.713,-1.243,-0.853,-18.033,-1.142,0.807,0.338
14.29,-17.769,-1.189,-0.851,-18.085,-1.089,0.803,0.335
14.31,-17.769,-1.189,-0.851,-18.085,-1.089,0.803,0.335
14.33,-17.836,-1.123,-0.849,-18.136,-1.035,0.800,0.316
14.35,-17.836,-1.123,-0.849,-18.136,-1.035,0.800,0.316
14.37,-17.894,-1.067,-0.848,-18.185,-0.979,0.797,0.309
14.39,-17.894,-1.067,-0.848,-18.185,-0.979,0.797,0.309
14.41,-17.952,-1.012,-0.848,-18.233,-0.922,0.796,0.299
14.43,-17.952,-1.012,-0.848,-18.233,-0.922,0.796,0.299
14.45,-18.010,-0.956,-0.848,-18.288,-0.849,0.795,0.303
14.47,-18.010,-0.956,-0.848,-18.288,-0.849,0.795,0.303
14.50,-18.068,-0.900,-0.848,-18.330,-0.789,0.795,0.290
14.52,-18.068,-0.900,-0.848,-18.330,-0.789,0.795,0.290
14.54,-18.136,-0.832,-0.850,-18.369,-0.728,0.796,0.261
14.56,-18.136,-0.832,-0.850,-18.369,-0.728,0.796,0.261
14.58,-18.191,-0.776,-0.852,-18.405,-0.666,0.798,0.247
14.60,-18.191,-0.776,-0.852,-18.405,-0.666,0.798,0.247
14.62,-18.243,-0.718,-0.854,-18.438,-0.604,0.800,0.233
14.64,-18.243,-0.718,-0.854,-18.438,-0.604,0.800,0.233
14.66,-18.243,-0.718,-0.854,-18.438,-0.604,0.800,0.233
14.68,-18.320,-0.625,-0.858,-18.482,-0.508,0.804,0.207
14.70,-18.320,-0.625,-0.858,-18.482,-0.508,0.804,0.207
14.72,-18.364,-0.566,-0.861,-18.512,-0.429,0.808,0.209
14.74,-18.364,-0.566,-0.861,-18.512,-0.429,0.808,0.209
14.76,-18.404,-0.507,-0.864,-18.532,-0.393,0.809,0.180
14.79,-18.404,-0.507,-0.864,-18.532,-0.393,0.809,0.180
14.81,-18.439,-0.447,-0.867,-18.550,-0.330,0.813,0.170
14.83,-18.439,-0.447,-0.867,-18.550,-0.330,0.813,0.170
14.85,-18.471,-0.388,-0.870,-18.566,-0.267,0.818,0.162
14.87,-18.471,-0.388,-0.870,-18.566,-0.267,0.818,0.162
14.89,-18.502,-0.316,-0.873,-18.580,-0.205,0.822,0.144
14.91,-18.502,-0.316,-0.873,-18.580,-0.205,0.822,0.144
14.93,-18.524,-0.256,-0.876,-18.592,-0.144,0.826,0.140
14.95,-18.524,-0.256,-0.876,-18.592,-0.144,0.826,0.140
14.97,-18.542,-0.196,-0.879,-18.604,-0.085,0.831,0.136
14.99,-18.542,-0.196,-0.879,-18.604,-0.085,0.831,0.136
15.01,-18.555,-0.138,-0.881,-18.618,-0.014,0.837,0.146
15.04,-18.555,-0.138,-0.881,-18.618,-0.014,0.837,0.146
15.06,-18.567,-0.068,-0.884,-18.630,0.040,0.841,0.133
15.08,-18.567,-0.068,-0.884,-18.630,0.040,0.841,0.133
15.10,-18.573,-0.012,-0.885,-18.642,0.092,0.845,0.131
15.12,-18.573,-0.012,-0.885,-18.642,0.092,0.845,0.131
15.14,-18.577,0.043,-0.887,-18.656,0.141,0.850,0.131
15.16,-18.577,0.043,-0.887,-18.656,0.141,0.850,0.131
15.18,-18.577,0.043,-0.887,-18.656,0.141,0.850,0.131
15.20,-18.580,0.127,-0.889,-18.678,0.210,0.856,0.132
15.22,-18.580,0.127,-0.889,-18.678,0.210,0.856,0.132
15.24,-18.581,0.176,-0.890,-18.694,0.251,0.859,0.139
15.26,-18.581,0.176,-0.890,-18.694,0.251,0.859,0.139
15.28,-18.583,0.222,-0.892,-18.717,0.299,0.864,0.157
15.30,-18.583,0.222,-0.892,-18.717,0.299,0.864,0.157
15.33,-18.584,0.257,-0.893,-18.737,0.333,0.867,0.172
15.35,-18.584,0.257,-0.893,-18.737,0.333,0.867,0.172
15.37,-18.588,0.306,-0.895,-18.759,0.363,0.870,0.182
15.39,-18.588,0.306,-0.895,-18.759,0.363,0.870,0.182
15.41,-18.594,0.349,-0.897,-18.783,0.390,0.872,0.194
15.43,-18.594,0.349,-0.897,-18.783,0.390,0.872,0.194
15.45,-18.602,0.381,-0.898,-18.808,0.413,0.874,0.210
15.47,-18.602,0.381,-0.898,-18.808,0.413,0.874,0.210
15.49,-18.612,0.410,-0.899,-18.836,0.433,0.876,0.226
15.51,-18.612,0.410,-0.899,-18.836,0.433,0.876,0.226
15.53,-18.625,0.435,-0.900,-18.866,0.449,0.878,0.242
15.55,-18.625,0.435,-0.900,-18.866,0.449,0.878,0.242
15.57,-18.641,0.456,-0.901,-18.906,0.464,0.879,0.266
15.60,-18.641,0.456,-0.901,-18.906,0.464,0.879,0.266
15.62,-18.664,0.477,-0.901,-18.940,0.472,0.879,0.276
15.64,-18.664,0.477,-0.901,-18.940,0.472,0.879,0.276
15.66,-18.687,0.489,-0.901,-18.976,0.477,0.880,0.290
15.68,-18.687,0.489,-0.901,-18.976,0.477,0.880,0.290
15.70,-18.687,0.489,-0.901,-18.976,0.477,0.880,0.290
15.72,-18.730,0.501,-0.900,-19.033,0.477,0.880,0.305
15.74,-18.730,0.501,-0.900,-19.033,0.477,0.880,0.305
15.76,-18.760,0.504,-0.898,-19.074,0.473,0.879,0.315
15.78,-18.760,0.504,-0.898,-19.074,0.473,0.879,0.315
15.80,-18.787,0.503,-0.897,-19.147,0.453,0.876,0.364
15.83,-18.787,0.503,-0.897,-19.147,0.453,0.876,0.364
15.85,-18.830,0.498,-0.895,-19.196,0.440,0.875,0.371
15.87,-18.830,0.498,-0.895,-19.196,0.440,0.875,0.371
15.89,-18.870,0.490,-0.893,-19.242,0.427,0.873,0.378
15.91,-18.870,0.490,-0.893,-19.242,0.427,0.873,0.378
15.93,-18.921,0.476,-0.890,-19.290,0.411,0.871,0.375
15.95,-18.921,0.476,-0.890,-19.290,0.411,0.871,0.375
15.97,-18.966,0.461,-0.887,-19.336,0.394,0.869,0.376
15.99,-18.966,0.461,-0.887,-19.336,0.394,0.869,0.376
16.01,-19.014,0.443,-0.884,-19.379,0.386,0.868,0.369
16.03,-19.014,0.443,-0.884,-19.379,0.386,0.868,0.369
16.05,-19.064,0.421,-0.881,-19.431,0.365,0.865,0.372
16.08,-19.064,0.421,-0.881,-19.431,0.365,0.865,0.372
16.10,-19.116,0.398,-0.877,-19.471,0.348,0.863,0.358
16.12,-19.116,0.398,-0.877,-19.471,0.348,0.863,0.358
16.14,-19.182,0.367,-0.872,-19.523,0.326,0.860,0.344
16.16,-19.182,0.367,-0.872,-19.523,0.326,0.860,0.344
16.18,-19.182,0.367,-0.872,-19.523,0.326,0.860,0.344
16.20,-19.272,0.321,-0.865,-19.603,0.290,0.856,0.332
16.22,-19.272,0.321,-0.865,-19.603,0.290,0.856,0.332
16.24,-19.331,0.290,-0.861,-19.657,0.265,0.853,0.327
16.26,-19.331,0.290,-0.861,-19.657,0.265,0.853,0.327
16.28,-19.391,0.258,-0.857,-19.709,0.240,0.851,0.319
16.30,-19.391,0.258,-0.857,-19.709,0.240,0.851,0.319
16.32,-19.452,0.226,-0.853,-19.759,0.216,0.848,0.307
16.35,-19.452,0.226,-0.853,-19.759,0.216,0.848,0.307
16.37,-19.514,0.194,-0.850,-19.814,0.189,0.845,0.300
16.39,-19.514,0.194,-0.850,-19.814,0.189,0.845,0.300
16.41,-19.577,0.161,-0.846,-19.864,0.163,0.843,0.287
16.43,-19.577,0.161,-0.846,-19.864,0.163,0.843,0.287
16.45,-19.653,0.123,-0.842,-19.922,0.133,0.840,0.269
16.47,-19.653,0.123,-0.842,-19.922,0.133,0.840,0.269
16.49,-19.717,0.092,-0.839,-19.977,0.104,0.838,0.260
16.51,-19.717,0.092,-0.839,-19.977,0.104,0.838,0.260
16.53,-19.781,0.061,-0.837,-20.040,0.071,0.836,0.259
16.55,-19.781,0.061,-0.837,-20.040,0.071,0.836,0.259
16.57,-19.845,0.031,-0.834,-20.121,0.028,0.835,0.276
16.59,-19.845,0.031,-0.834,-20.121,0.028,0.835,0.276
16.62,-19.909,0.001,-0.833,-20.189,-0.008,0.836,0.281
16.64,-19.909,0.001,-0.833,-20.189,-0.008,0.836,0.281
16.66,-19.986,-0.035,-0.832,-20.186,-0.005,0.832,0.202
16.68,-19.986,-0.035,-0.832,-20.186,-0.005,0.832,0.202
16.70,-19.986,-0.035,-0.832,-20.186,-0.005,0.832,0.202
16.72,-20.092,-0.084,-0.834,-20.299,-0.066,0.842,0.207
16.74,-20.092,-0.084,-0.834,-20.299,-0.066,0.842,0.207
16.76,-20.161,-0.116,-0.839,-20.377,-0.109,0.850,0.217
16.78,-20.161,-0.116,-0.839,-20.377,-0.109,0.850,0.217
16.80,-20.233,-0.148,-0.848,-20.458,-0.152,0.860,0.225
16.82,-20.233,-0.148,-0.848,-20.458,-0.152,0.860,0.225
16.84,-20.308,-0.182,-0.862,-20.561,-0.205,0.872,0.254
16.87,-20.308,-0.182,-0.862,-20.561,-0.205,0.872,0.254
16.89,-20.370,-0.211,-0.875,-20.644,-0.248,0.882,0.276
16.91,-20.370,-0.211,-0.875,-20.644,-0.248,0.882,0.276
16.93,-20.451,-0.247,-0.893,-20.727,-0.288,0.890,0.279
16.95,-20.451,-0.247,-0.893,-20.727,-0.288,0.890,0.279
16.97,-20.569,-0.301,-0.917,-20.811,-0.327,0.897,0.244
16.99,-20.569,-0.301,-0.917,-20.811,-0.327,0.897,0.244
17.01,-20.656,-0.340,-0.933,-20.893,-0.364,0.902,0.241
17.03,-20.656,-0.340,-0.933,-20.893,-0.364,0.902,0.241
17.05,-20.744,-0.380,-0.947,-20.975,-0.397,0.905,0.236
17.07,-20.744,-0.380,-0.947,-20.975,-0.397,0.905,0.236
17.09,-20.833,-0.420,-0.957,-21.077,-0.436,0.906,0.249
17.11,-20.833,-0.420,-0.957,-21.077,-0.436,0.906,0.249
17.14,-20.940,-0.466,-0.964,-21.157,-0.464,0.904,0.225
17.16,-20.940,-0.466,-0.964,-21.157,-0.464,0.904,0.225
17.18,-20.940,-0.466,-0.964,-21.157,-0.464,0.904,0.225
17.20,-21.082,-0.523,-0.964,-21.274,-0.500,0.898,0.205
17.22,-21.082,-0.523,-0.964,-21.274,-0.500,0.898,0.205
17.24,-21.169,-0.556,-0.959,-21.351,-0.521,0.891,0.197
17.26,-21.169,-0.556,-0.959,-21.351,-0.521,0.891,0.197
17.28,-21.254,-0.586,-0.950,-21.426,-0.539,0.882,0.191
17.30,-21.254,-0.586,-0.950,-21.426,-0.539,0.882,0.191
17.32,-21.338,-0.612,-0.939,-21.499,-0.554,0.871,0.184
17.34,-21.338,-0.612,-0.939,-21.499,-0.554,0.871,0.184
17.36,-21.420,-0.634,-0.924,-21.589,-0.569,0.854,0.194
17.38,-21.420,-0.634,-0.924,-21.589,-0.569,0.854,0.194
17.41,-21.484,-0.649,-0.911,-21.658,-0.578,0.839,0.202
17.43,-21.484,-0.649,-0.911,-21.658,-0.578,0.839,0.202
17.45,-21.577,-0.667,-0.888,-21.726,-0.584,0.823,0.183
17.47,-21.577,-0.667,-0.888,-21.726,-0.584,0.823,0.183
17.49,-21.667,-0.680,-0.863,-21.792,-0.589,0.805,0.165
17.51,-21.667,-0.680,-0.863,-21.792,-0.589,0.805,0.165
17.53,-21.739,-0.686,-0.840,-21.857,-0.591,0.787,0.160
17.55,-21.739,-0.686,-0.840,-21.857,-0.591,0.787,0.160
17.57,-21.808,-0.688,-0.815,-21.919,-0.592,0.767,0.155
17.59,-21.808,-0.688,-0.815,-21.919,-0.592,0.767,0.155
17.61,-21.875,-0.688,-0.790,-21.980,-0.591,0.747,0.149
17.63,-21.875,-0.688,-0.790,-21.980,-0.591,0.747,0.149
17.65,-21.939,-0.684,-0.764,-22.053,-0.587,0.722,0.155
17.67,-21.939,-0.684,-0.764,-22.053,-0.587,0.722,0.155
17.70,-21.939,-0.684,-0.764,-22.053,-0.587,0.722,0.155
17.72,-22.024,-0.673,-0.729,-22.127,-0.583,0.695,0.141
17.74,-22.024,-0.673,-0.729,-22.127,-0.583,0.695,0.141
17.76,-22.104,-0.656,-0.694,-22.181,-0.578,0.674,0.111
17.78,-22.104,-0.656,-0.694,-22.181,-0.578,0.674,0.111
17.80,-22.157,-0.642,-0.669,-22.233,-0.573,0.653,0.103
17.82,-22.157,-0.642,-0.669,-22.233,-0.573,0.653,0.103
17.84,-22.208,-0.625,-0.646,-22.283,-0.569,0.633,0.095
17.86,-22.208,-0.625,-0.646,-22.283,-0.569,0.633,0.095
17.88,-22.247,-0.612,-0.628,-22.332,-0.565,0.613,0.098
17.90,-22.247,-0.612,-0.628,-22.332,-0.565,0.613,0.098
17.92,-22.303,-0.590,-0.602,-22.391,-0.561,0.589,0.093
17.95,-22.303,-0.590,-0.602,-22.391,-0.561,0.589,0.093
17.97,-22.347,-0.571,-0.582,-22.437,-0.560,0.571,0.092
17.99,-22.347,-0.571,-0.582,-22.437,-0.560,0.571,0.092
18.01,-22.380,-0.555,-0.566,-22.482,-0.561,0.553,0.103
18.03,-22.380,-0.555,-0.566,-22.482,-0.561,0.553,0.103
18.05,-22.435,-0.530,-0.542,-22.525,-0.564,0.537,0.097
18.07,-22.435,-0.530,-0.542,-22.525,-0.564,0.537,0.097
18.09,-22.464,-0.516,-0.529,-22.567,-0.570,0.521,0.116
18.11,-22.464,-0.516,-0.529,-22.567,-0.570,0.521,0.116
18.13,-22.506,-0.497,-0.512,-22.608,-0.578,0.507,0.130
18.15,-22.506,-0.497,-0.512,-22.608,-0.578,0.507,0.130
18.17,-22.540,-0.484,-0.499,-22.658,-0.591,0.490,0.160
18.19,-22.540,-0.484,-0.499,-22.658,-0.591,0.490,0.160
18.22,-22.540,-0.484,-0.499,-22.658,-0.591,0.490,0.160
18.24,-22.596,-0.468,-0.481,-22.716,-0.612,0.473,0.188
18.26,-22.596,-0.468,-0.481,-22.716,-0.612,0.473,0.188
18.28,-22.626,-0.464,-0.472,-22.753,-0.630,0.464,0.209
18.30,-22.626,-0.464,-0.472,-22.753,-0.630,0.464,0.209
18.32,-22.649,-0.464,-0.467,-22.790,-0.651,0.456,0.234
18.34,-22.649,-0.464,-0.467,-22.790,-0.651,0.456,0.234
18.36,-22.683,-0.470,-0.461,-22.826,-0.675,0.450,0.250
18.38,-22.683,-0.470,-0.461,-22.826,-0.675,0.450,0.250
18.40,-22.711,-0.479,-0.457,-22.861,-0.702,0.445,0.269
18.42,-22.711,-0.479,-0.457,-22.861,-0.702,0.445,0.269
18.44,-22.732,-0.490,-0.456,-22.904,-0.738,0.442,0.302
18.47,-22.732,-0.490,-0.456,-22.904,-0.738,0.442,0.302
18.49,-22.759,-0.507,-0.456,-22.938,-0.770,0.441,0.318
18.51,-22.759,-0.507,-0.456,-22.938,-0.770,0.441,0.318
18.53,-22.792,-0.534,-0.457,-22.971,-0.804,0.442,0.325
18.55,-22.792,-0.534,-0.457,-22.971,-0.804,0.442,0.325
18.57,-22.824,-0.567,-0.461,-23.003,-0.841,0.444,0.328
18.59,-22.824,-0.567,-0.461,-23.003,-0.841,0.444,0.328
18.61,-22.850,-0.599,-0.466,-23.035,-0.879,0.448,0.335
18.63,-22.850,-0.599,-0.466,-23.035,-0.879,0.448,0.335
18.65,-22.877,-0.635,-0.472,-23.067,-0.918,0.454,0.341
18.67,-22.877,-0.635,-0.472,-23.067,-0.918,0.454,0.341
18.69,-22.877,-0.635,-0.472,-23.067,-0.918,0.454,0.341
18.71,-22.915,-0.692,-0.483,-23.119,-0.990,0.468,0.361
18.74,-22.915,-0.692,-0.483,-23.119,-0.990,0.468,0.361
18.76,-22.954,-0.754,-0.496,-23.150,-1.033,0.478,0.341
18.78,-22.954,-0.754,-0.496,-23.150,-1.033,0.478,0.341
18.80,-22.981,-0.802,-0.508,-23.180,-1.077,0.489,0.340
18.82,-22.981,-0.802,-0.508,-23.180,-1.077,0.489,0.340
18.84,-23.009,-0.852,-0.520,-23.210,-1.122,0.501,0.336
18.86,-23.009,-0.852,-0.520,-23.210,-1.122,0.501,0.336
18.88,-23.038,-0.904,-0.533,-23.240,-1.167,0.515,0.332
18.90,-23.038,-0.904,-0.533,-23.240,-1.167,0.515,0.332
18.92,-23.066,-0.958,-0.548,-23.278,-1.223,0.535,0.339
18.94,-23.066,-0.958,-0.548,-23.278,-1.223,0.535,0.339
18.96,-23.095,-1.012,-0.563,-23.308,-1.268,0.551,0.333
18.99,-23.095,-1.012,-0.563,-23.308,-1.268,0.551,0.333
19.01,-23.125,-1.067,-0.580,-23.338,-1.312,0.569,0.325
19.03,-23.125,-1.067,-0.580,-23.338,-1.312,0.569,0.325
19.05,-23.149,-1.112,-0.593,-23.368,-1.356,0.588,0.329
19.07,-23.149,-1.112,-0.593,-23.368,-1.356,0.588,0.329
19.09,-23.191,-1.189,-0.619,-23.399,-1.400,0.608,0.296
19.11,-23.191,-1.189,-0.619,-23.399,-1.400,0.608,0.296
19.13,-23.223,-1.244,-0.638,-23.430,-1.442,0.629,0.287
19.15,-23.223,-1.244,-0.638,-23.430,-1.442,0.629,0.287
19.17,-23.255,-1.298,-0.659,-23.462,-1.483,0.651,0.278
19.19,-23.255,-1.298,-0.659,-23.462,-1.483,0.651,0.278
19.21,-23.255,-1.298,-0.659,-23.462,-1.483,0.651,0.278
19.23,-23.301,-1.371,-0.688,-23.518,-1.552,0.690,0.283
19.26,-23.301,-1.371,-0.688,-23.518,-1.552,0.690,0.283
19.28,-23.342,-1.432,-0.714,-23.551,-1.589,0.713,0.262
19.30,-23.342,-1.432,-0.714,-23.551,-1.589,0.713,0.262
19.32,-23.384,-1.490,-0.740,-23.585,-1.625,0.736,0.242
19.34,-23.384,-1.490,-0.740,-23.585,-1.625,0.736,0.242
19.36,-23.420,-1.536,-0.762,-23.619,-1.659,0.760,0.234
19.38,-23.420,-1.536,-0.762,-23.619,-1.659,0.760,0.234
19.40,-23.449,-1.571,-0.780,-23.654,-1.690,0.784,0.237
19.42,-23.449,-1.571,-0.780,-23.654,-1.690,0.784,0.237
19.44,-23.494,-1.622,-0.807,-23.699,-1.728,0.814,0.231
19.46,-23.494,-1.622,-0.807,-23.699,-1.728,0.814,0.231
19.49,-23.524,-1.654,-0.824,-23.735,-1.755,0.838,0.234
19.51,-23.524,-1.654,-0.824,-23.735,-1.755,0.838,0.234
19.53,-23.571,-1.698,-0.851,-23.772,-1.780,0.862,0.217
19.55,-23.571,-1.698,-0.851,-23.772,-1.780,0.862,0.217
19.57,-23.620,-1.740,-0.876,-23.810,-1.803,0.886,0.201
19.59,-23.620,-1.740,-0.876,-23.810,-1.803,0.886,0.201
19.61,-23.661,-1.771,-0.898,-23.848,-1.824,0.909,0.194
19.63,-23.661,-1.771,-0.898,-23.848,-1.824,0.909,0.194
19.65,-23.704,-1.799,-0.918,-23.887,-1.842,0.932,0.189
19.67,-23.704,-1.799,-0.918,-23.887,-1.842,0.932,0.189
19.69,-23.747,-1.825,-0.939,-23.950,-1.859,0.966,0.208
19.71,-23.747,-1.825,-0.939,-23.950,-1.859,0.966,0.208
19.73,-23.747,-1.825,-0.939,-23.950,-1.859,0.966,0.208
19.76,-23.808,-1.857,-0.966,-24.011,-1.878,0.999,0.206
19.78,-23.808,-1.857,-0.966,-24.011,-1.878,0.999,0.206
19.80,-23.871,-1.883,-0.993,-24.052,-1.887,1.021,0.183
19.82,-23.871,-1.883,-0.993,-24.052,-1.887,1.021,0.183
19.84,-23.916,-1.898,-1.012,-24.093,-1.894,1.041,0.179
19.86,-23.916,-1.898,-1.012,-24.093,-1.894,1.041,0.179
19.88,-23.963,-1.910,-1.030,-24.136,-1.899,1.061,0.176
19.90,-23.963,-1.910,-1.030,-24.136,-1.899,1.061,0.176
19.92,-24.009,-1.920,-1.047,-24.179,-1.901,1.081,0.174
19.94,-24.009,-1.920,-1.047,-24.179,-1.901,1.081,0.174
19.96,-24.056,-1.926,-1.064,-24.222,-1.901,1.099,0.172
19.98,-24.056,-1.926,-1.064,-24.222,-1.901,1.099,0.172
20.00,-24.104,-1.930,-1.080,-24.278,-1.898,1.121,0.182
20.02,-24.104,-1.930,-1.080,-24.278,-1.898,1.121,0.182
20.05,-24.142,-1.931,-1.092,-24.323,-1.893,1.137,0.191
20.07,-24.142,-1.931,-1.092,-24.323,-1.893,1.137,0.191
20.09,-24.199,-1.930,-1.109,-24.369,-1.885,1.152,0.181
20.11,-24.199,-1.930,-1.109,-24.369,-1.885,1.152,0.181
20.13,-24.257,-1.925,-1.125,-24.416,-1.876,1.167,0.171
20.15,-24.257,-1.925,-1.125,-24.416,-1.876,1.167,0.171
20.17,-24.305,-1.919,-1.137,-24.463,-1.865,1.180,0.172
20.19,-24.305,-1.919,-1.137,-24.463,-1.865,1.180,0.172
20.21,-24.305,-1.919,-1.137,-24.463,-1.865,1.180,0.172
20.23,-24.373,-1.905,-1.153,-24.534,-1.844,1.199,0.178
20.25,-24.373,-1.905,-1.153,-24.534,-1.844,1.199,0.178
20.27,-24.422,-1.893,-1.163,-24.594,-1.824,1.212,0.192
20.29,-24.422,-1.893,-1.163,-24.594,-1.824,1.212,0.192
20.32,-24.471,-1.879,-1.172,-24.643,-1.805,1.222,0.193
20.34,-24.471,-1.879,-1.172,-24.643,-1.805,1.222,0.193
20.36,-24.541,-1.856,-1.182,-24.691,-1.786,1.231,0.173
20.38,-24.541,-1.856,-1.182,-24.691,-1.786,1.231,0.173
20.40,-24.581,-1.841,-1.188,-24.740,-1.764,1.239,0.184
20.42,-24.581,-1.841,-1.188,-24.740,-1.764,1.239,0.184
20.44,-24.642,-1.816,-1.194,-24.790,-1.742,1.246,0.173
20.46,-24.642,-1.816,-1.194,-24.790,-1.742,1.246,0.173
20.48,-24.692,-1.793,-1.199,-24.839,-1.718,1.251,0.173
20.50,-24.692,-1.793,-1.199,-24.839,-1.718,1.251,0.173
20.52,-24.733,-1.774,-1.202,-24.902,-1.687,1.258,0.197
20.54,-24.733,-1.774,-1.202,-24.902,-1.687,1.258,0.197
20.57,-24.795,-1.744,-1.206,-24.952,-1.662,1.262,0.186
20.59,-24.795,-1.744,-1.206,-24.952,-1.662,1.262,0.186
20.61,-24.846,-1.717,-1.209,-25.002,-1.636,1.265,0.185
20.63,-24.846,-1.717,-1.209,-25.002,-1.636,1.265,0.185
20.65,-24.907,-1.684,-1.211,-25.052,-1.609,1.267,0.173
20.67,-24.907,-1.684,-1.211,-25.052,-1.609,1.267,0.173
20.69,-24.958,-1.656,-1.211,-25.103,-1.582,1.268,0.172
20.71,-24.958,-1.656,-1.211,-25.103,-1.582,1.268,0.172
20.73,-24.958,-1.656,-1.211,-25.103,-1.582,1.268,0.172
20.75,-25.030,-1.615,-1.211,-25.137,-1.565,1.268,0.131
20.77,-25.030,-1.615,-1.211,-25.137,-1.565,1.268,0.131
20.79,-25.081,-1.586,-1.211,-25.199,-1.532,1.267,0.141
20.81,-25.081,-1.586,-1.211,-25.199,-1.532,1.267,0.141
20.84,-25.132,-1.556,-1.210,-25.248,-1.506,1.265,0.138
20.86,-25.132,-1.556,-1.210,-25.248,-1.506,1.265,0.138
20.88,-25.203,-1.515,-1.207,-25.296,-1.481,1.263,0.114
20.90,-25.203,-1.515,-1.207,-25.296,-1.481,1.263,0.114
20.92,-25.254,-1.485,-1.205,-25.343,-1.456,1.261,0.110
20.94,-25.254,-1.485,-1.205,-25.343,-1.456,1.261,0.110
20.96,-25.304,-1.456,-1.202,-25.388,-1.433,1.258,0.104
20.98,-25.304,-1.456,-1.202,-25.388,-1.433,1.258,0.104
21.00,-25.344,-1.433,-1.199,-25.431,-1.412,1.255,0.106
21.02,-25.344,-1.433,-1.199,-25.431,-1.412,1.255,0.106
21.04,-25.403,-1.400,-1.195,-25.482,-1.387,1.251,0.098
21.06,-25.403,-1.400,-1.195,-25.482,-1.387,1.251,0.098
21.09,-25.441,-1.379,-1.193,-25.520,-1.368,1.248,0.097
21.11,-25.441,-1.379,-1.193,-25.520,-1.368,1.248,0.097
21.13,-25.497,-1.349,-1.189,-25.556,-1.352,1.244,0.080
21.15,-25.497,-1.349,-1.189,-25.556,-1.352,1.244,0.080
21.17,-25.550,-1.321,-1.187,-25.590,-1.336,1.240,0.069
21.19,-25.550,-1.321,-1.187,-25.590,-1.336,1.240,0.069
21.21,-25.550,-1.321,-1.187,-25.590,-1.336,1.240,0.069
21.23,-25.608,-1.293,-1.184,-25.638,-1.316,1.235,0.063
21.25,-25.608,-1.293,-1.184,-25.638,-1.316,1.235,0.063
21.27,-25.646,-1.275,-1.182,-25.667,-1.304,1.231,0.061
21.29,-25.646,-1.275,-1.182,-25.667,-1.304,1.231,0.061
21.31,-25.681,-1.260,-1.181,-25.702,-1.290,1.227,0.059
21.33,-25.681,-1.260,-1.181,-25.702,-1.290,1.227,0.059
21.35,-25.713,-1.247,-1.179,-25.728,-1.281,1.223,0.057
21.38,-25.713,-1.247,-1.179,-25.728,-1.281,1.223,0.057
21.40,-25.754,-1.233,-1.177,-25.752,-1.272,1.219,0.058
21.42,-25.754,-1.233,-1.177,-25.752,-1.272,1.219,0.058
21.44,-25.779,-1.225,-1.175,-25.776,-1.264,1.215,0.056
21.46,-25.779,-1.225,-1.175,-25.776,-1.264,1.215,0.056
21.48,-25.802,-1.219,-1.173,-25.800,-1.257,1.211,0.054
21.50,-25.802,-1.219,-1.173,-25.800,-1.257,1.211,0.054
21.52,-25.819,-1.216,-1.171,-25.823,-1.250,1.207,0.050
21.54,-25.819,-1.216,-1.171,-25.823,-1.250,1.207,0.050
21.56,-25.842,-1.213,-1.169,-25.846,-1.244,1.203,0.046
21.58,-25.842,-1.213,-1.169,-25.846,-1.244,1.203,0.046
21.60,-25.860,-1.212,-1.166,-25.875,-1.237,1.198,0.043
21.62,-25.860,-1.212,-1.166,-25.875,-1.237,1.198,0.043
21.65,-25.876,-1.212,-1.164,-25.899,-1.231,1.194,0.042
21.67,-25.876,-1.212,-1.164,-25.899,-1.231,1.194,0.042
21.69,-25.891,-1.213,-1.161,-25.924,-1.225,1.189,0.044
21.71,-25.891,-1.213,-1.161,-25.924,-1.225,1.189,0.044
21.73,-25.891,-1.213,-1.161,-25.924,-1.225,1.189,0.044
21.75,-25.916,-1.216,-1.156,-25.952,-1.218,1.184,0.046
21.77,-25.916,-1.216,-1.156,-25.952,-1.218,1.184,0.046
21.79,-25.931,-1.218,-1.152,-25.978,-1.212,1.179,0.055
21.81,-25.931,-1.218,-1.152,-25.978,-1.212,1.179,0.055
21.83,-25.947,-1.221,-1.149,-26.005,-1.207,1.174,0.065
21.85,-25.947,-1.221,-1.149,-26.005,-1.207,1.174,0.065
21.87,-25.964,-1.223,-1.145,-26.039,-1.200,1.168,0.082
21.90,-25.964,-1.223,-1.145,-26.039,-1.200,1.168,0.082
21.92,-25.983,-1.225,-1.141,-26.066,-1.194,1.163,0.092
21.94,-25.983,-1.225,-1.141,-26.066,-1.194,1.163,0.092
21.96,-26.011,-1.227,-1.136,-26.093,-1.189,1.159,0.093
21.98,-26.011,-1.227,-1.136,-26.093,-1.189,1.159,0.093
22.00,-26.032,-1.228,-1.132,-26.119,-1.184,1.154,0.100
22.02,-26.032,-1.228,-1.132,-26.119,-1.184,1.154,0.100
22.04,-26.055,-1.228,-1.127,-26.144,-1.179,1.150,0.104
22.06,-26.055,-1.228,-1.127,-26.144,-1.179,1.150,0.104
22.08,-26.080,-1.228,-1.123,-26.168,-1.174,1.145,0.106
22.10,-26.080,-1.228,-1.123,-26.168,-1.174,1.145,0.106
22.12,-26.105,-1.228,-1.119,-26.196,-1.169,1.140,0.111
22.15,-26.105,-1.228,-1.119,-26.196,-1.169,1.140,0.111
22.17,-26.131,-1.227,-1.116,-26.215,-1.166,1.137,0.106
22.19,-26.131,-1.227,-1.116,-26.215,-1.166,1.137,0.106
22.21,-26.156,-1.226,-1.112,-26.228,-1.164,1.133,0.097
22.23,-26.156,-1.226,-1.112,-26.228,-1.164,1.133,0.097
22.25,-26.156,-1.226,-1.112,-26.228,-1.164,1.133,0.097
22.27,-26.197,-1.223,-1.108,-26.236,-1.165,1.128,0.073
22.29,-26.197,-1.223,-1.108,-26.236,-1.165,1.128,0.073
22.31,-26.222,-1.222,-1.106,-26.231,-1.168,1.125,0.057
22.33,-26.222,-1.222,-1.106,-26.231,-1.168,1.125,0.057
22.35,-26.245,-1.220,-1.106,-26.212,-1.176,1.121,0.057
22.37,-26.245,-1.220,-1.106,-26.212,-1.176,1.121,0.057
22.40,-26.265,-1.219,-1.108,-26.188,-1.186,1.119,0.085
22.42,-26.265,-1.219,-1.108,-26.188,-1.186,1.119,0.085
22.44,-26.285,-1.219,-1.115,-26.155,-1.198,1.116,0.132
22.46,-26.285,-1.219,-1.115,-26.155,-1.198,1.116,0.132
22.48,-26.291,-1.220,-1.120,-26.113,-1.214,1.114,0.178
22.50,-26.291,-1.220,-1.120,-26.113,-1.214,1.114,0.178
22.52,-26.290,-1.225,-1.131,-26.064,-1.233,1.112,0.227
22.54,-26.290,-1.225,-1.131,-26.064,-1.233,1.112,0.227
22.56,-26.279,-1.231,-1.139,-26.008,-1.255,1.110,0.273
22.58,-26.279,-1.231,-1.139,-26.008,-1.255,1.110,0.273
22.60,-26.258,-1.240,-1.147,-25.929,-1.286,1.108,0.335
22.62,-26.258,-1.240,-1.147,-25.929,-1.286,1.108,0.335
22.65,-26.235,-1.249,-1.152,-25.861,-1.315,1.106,0.383
22.67,-26.235,-1.249,-1.152,-25.861,-1.315,1.106,0.383
22.69,-26.188,-1.267,-1.159,-25.789,-1.346,1.105,0.411
22.71,-26.188,-1.267,-1.159,-25.789,-1.346,1.105,0.411
22.73,-26.188,-1.267,-1.159,-25.789,-1.346,1.105,0.411
22.75,-26.105,-1.298,-1.163,-25.675,-1.397,1.103,0.446
22.77,-26.105,-1.298,-1.163,-25.675,-1.397,1.103,0.446
22.79,-26.043,-1.322,-1.162,-25.596,-1.434,1.102,0.464
22.81,-26.043,-1.322,-1.162,-25.596,-1.434,1.102,0.464
22.83,-25.972,-1.350,-1.160,-25.516,-1.473,1.101,0.476
22.85,-25.972,-1.350,-1.160,-25.516,-1.473,1.101,0.476
22.87,-25.896,-1.380,-1.157,-25.416,-1.523,1.100,0.504
22.89,-25.896,-1.380,-1.157,-25.416,-1.523,1.100,0.504
22.92,-25.814,-1.414,-1.152,-25.335,-1.565,1.099,0.504
22.94,-25.814,-1.414,-1.152,-25.335,-1.565,1.099,0.504
22.96,-25.691,-1.467,-1.144,-25.255,-1.609,1.099,0.461
22.98,-25.691,-1.467,-1.144,-25.255,-1.609,1.099,0.461
23.00,-25.600,-1.507,-1.138,-25.174,-1.652,1.099,0.452
23.02,-25.600,-1.507,-1.138,-25.174,-1.652,1.099,0.452
23.04,-25.507,-1.550,-1.132,-25.093,-1.697,1.098,0.440
23.06,-25.507,-1.550,-1.132,-25.093,-1.697,1.098,0.440
23.08,-25.413,-1.595,-1.126,-25.013,-1.741,1.098,0.427
23.10,-25.413,-1.595,-1.126,-25.013,-1.741,1.098,0.427
23.12,-25.319,-1.642,-1.121,-24.983,-1.755,1.098,0.355
23.14,-25.319,-1.642,-1.121,-24.983,-1.755,1.098,0.355
23.16,-25.225,-1.690,-1.116,-24.903,-1.797,1.098,0.340
23.19,-25.225,-1.690,-1.116,-24.903,-1.797,1.098,0.340
23.21,-25.133,-1.738,-1.112,-24.825,-1.839,1.098,0.325
23.23,-25.133,-1.738,-1.112,-24.825,-1.839,1.098,0.325
23.25,-25.133,-1.738,-1.112,-24.825,-1.839,1.098,0.325
23.27,-24.988,-1.816,-1.106,-24.770,-1.868,1.098,0.224
23.29,-24.988,-1.816,-1.106,-24.770,-1.868,1.098,0.224
23.31,-24.899,-1.864,-1.102,-24.747,-1.880,1.098,0.153
23.33,-24.899,-1.864,-1.102,-24.747,-1.880,1.098,0.153
23.35,-24.813,-1.912,-1.100,-24.674,-1.916,1.099,0.139
23.37,-24.813,-1.912,-1.100,-24.674,-1.916,1.099,0.139
23.39,-24.728,-1.959,-1.098,-24.584,-1.960,1.099,0.143
23.41,-24.728,-1.959,-1.098,-24.584,-1.960,1.099,0.143
23.43,-24.645,-2.004,-1.097,-24.558,-1.972,1.099,0.092
23.46,-24.645,-2.004,-1.097,-24.558,-1.972,1.099,0.092
23.48,-24.564,-2.046,-1.095,-24.527,-1.987,1.100,0.070
23.50,-24.564,-2.046,-1.095,-24.527,-1.987,1.100,0.070
23.52,-24.457,-2.102,-1.095,-24.464,-2.015,1.100,0.088
23.54,-24.457,-2.102,-1.095,-24.464,-2.015,1.100,0.088
23.56,-24.383,-2.138,-1.094,-24.415,-2.021,1.101,0.122
23.58,-24.383,-2.138,-1.094,-24.415,-2.021,1.101,0.122
23.60,-24.327,-2.165,-1.094,-24.351,-2.045,1.102,0.124
23.62,-24.327,-2.165,-1.094,-24.351,-2.045,1.102,0.124
23.64,-24.247,-2.202,-1.094,-24.288,-2.064,1.103,0.144
23.66,-24.247,-2.202,-1.094,-24.288,-2.064,1.103,0.144
23.68,-24.183,-2.230,-1.094,-24.210,-2.084,1.104,0.149
23.70,-24.183,-2.230,-1.094,-24.210,-2.084,1.104,0.149
23.72,-24.134,-2.250,-1.095,-24.149,-2.095,1.106,0.156
23.75,-24.134,-2.250,-1.095,-24.149,-2.095,1.106,0.156
23.77,-24.134,-2.250,-1.095,-24.149,-2.095,1.106,0.156
23.79,-24.043,-2.283,-1.097,-24.058,-2.104,1.109,0.180
23.81,-24.043,-2.283,-1.097,-24.058,-2.104,1.109,0.180
23.83,-23.980,-2.302,-1.101,-23.998,-2.105,1.111,0.199
23.85,-23.980,-2.302,-1.101,-23.998,-2.105,1.111,0.199
23.87,-23.930,-2.313,-1.104,-23.938,-2.101,1.114,0.213
23.89,-23.930,-2.313,-1.104,-23.938,-2.101,1.114,0.213
23.91,-23.883,-2.319,-1.109,-23.878,-2.092,1.118,0.227
23.93,-23.883,-2.319,-1.109,-23.878,-2.092,1.118,0.227
23.95,-23.837,-2.320,-1.113,-23.804,-2.076,1.123,0.247
23.97,-23.837,-2.320,-1.113,-23.804,-2.076,1.123,0.247
24.00,-23.793,-2.317,-1.119,-23.744,-2.059,1.127,0.262
24.02,-23.793,-2.317,-1.119,-23.744,-2.059,1.127,0.262
24.04,-23.734,-2.302,-1.128,-23.685,-2.039,1.132,0.267
24.06,-23.734,-2.302,-1.128,-23.685,-2.039,1.132,0.267
24.08,-23.693,-2.285,-1.135,-23.626,-2.016,1.137,0.277
24.10,-23.693,-2.285,-1.135,-23.626,-2.016,1.137,0.277
24.12,-23.652,-2.262,-1.142,-23.567,-1.990,1.141,0.285
24.14,-23.652,-2.262,-1.142,-23.567,-1.990,1.141,0.285
24.16,-23.619,-2.240,-1.147,-23.508,-1.962,1.146,0.299
24.18,-23.619,-2.240,-1.147,-23.508,-1.962,1.146,0.299
24.20,-23.579,-2.209,-1.153,-23.434,-1.925,1.152,0.318
24.22,-23.579,-2.209,-1.153,-23.434,-1.925,1.152,0.318
24.24,-23.579,-2.209,-1.153,-23.434,-1.925,1.152,0.318
24.27,-23.513,-2.150,-1.161,-23.346,-1.879,1.158,0.318
24.29,-23.513,-2.150,-1.161,-23.346,-1.879,1.158,0.318
24.31,-23.472,-2.108,-1.166,-23.287,-1.847,1.161,0.319
24.33,-23.472,-2.108,-1.166,-23.287,-1.847,1.161,0.319
24.35,-23.421,-2.054,-1.170,-23.229,-1.816,1.164,0.306
24.37,-23.421,-2.054,-1.170,-23.229,-1.816,1.164,0.306
24.39,-23.378,-2.007,-1.173,-23.171,-1.786,1.166,0.303
24.41,-23.378,-2.007,-1.173,-23.171,-1.786,1.166,0.303
24.43,-23.335,-1.958,-1.175,-23.113,-1.757,1.168,0.300
24.45,-23.335,-1.958,-1.175,-23.113,-1.757,1.168,0.300
24.47,-23.292,-1.908,-1.176,-23.042,-1.724,1.168,0.310
24.49,-23.292,-1.908,-1.176,-23.042,-1.724,1.168,0.310
24.51,-23.248,-1.858,-1.176,-22.985,-1.701,1.168,0.306
24.54,-23.248,-1.858,-1.176,-22.985,-1.701,1.168,0.306
24.56,-23.185,-1.789,-1.174,-22.929,-1.680,1.166,0.279
24.58,-23.185,-1.789,-1.174,-22.929,-1.680,1.166,0.279
24.60,-23.139,-1.742,-1.172,-22.873,-1.662,1.163,0.278
24.62,-23.139,-1.742,-1.172,-22.873,-1.662,1.163,0.278
24.64,-23.093,-1.697,-1.169,-22.818,-1.647,1.160,0.280
24.66,-23.093,-1.697,-1.169,-22.818,-1.647,1.160,0.280
24.68,-23.047,-1.654,-1.165,-22.770,-1.636,1.156,0.278
24.70,-23.047,-1.654,-1.165,-22.770,-1.636,1.156,0.278
24.72,-23.000,-1.615,-1.160,-22.716,-1.628,1.150,0.284
24.74,-23.000,-1.615,-1.160,-22.716,-1.628,1.150,0.284
24.76,-23.000,-1.615,-1.160,-22.716,-1.628,1.150,0.284
24.78,-22.934,-1.568,-1.152,-22.623,-1.591,1.139,0.312
24.80,-22.934,-1.568,-1.152,-22.623,-1.591,1.139,0.312
24.83,-22.886,-1.540,-1.144,-22.572,-1.583,1.132,0.317
24.85,-22.886,-1.540,-1.144,-22.572,-1.583,1.132,0.317
24.87,-22.839,-1.517,-1.136,-22.523,-1.574,1.124,0.321
24.89,-22.839,-1.517,-1.136,-22.523,-1.574,1.124,0.321
24.91,-22.781,-1.497,-1.125,-22.466,-1.546,1.114,0.319
24.93,-22.781,-1.497,-1.125,-22.466,-1.546,1.114,0.319
24.95,-22.734,-1.486,-1.115,-22.420,-1.533,1.106,0.318
24.97,-22.734,-1.486,-1.115,-22.420,-1.533,1.106,0.318
24.99,-22.687,-1.479,-1.105,-22.354,-1.495,1.093,0.333
25.01,-22.687,-1.479,-1.105,-22.354,-1.495,1.093,0.333
25.03,-22.640,-1.475,-1.094,-22.312,-1.478,1.085,0.327
25.06,-22.640,-1.475,-1.094,-22.312,-1.478,1.085,0.327
25.08,-22.593,-1.474,-1.085,-22.272,-1.459,1.077,0.321
25.10,-22.593,-1.474,-1.085,-22.272,-1.459,1.077,0.321
25.12,-22.530,-1.473,-1.072,-22.224,-1.421,1.068,0.311
25.14,-22.530,-1.473,-1.072,-22.224,-1.421,1.068,0.311
25.16,-22.487,-1.472,-1.065,-22.184,-1.371,1.060,0.319
25.18,-22.487,-1.472,-1.065,-22.184,-1.371,1.060,0.319
25.20,-22.444,-1.468,-1.058,-22.147,-1.321,1.041,0.332
25.22,-22.444,-1.468,-1.058,-22.147,-1.321,1.041,0.332
25.24,-22.444,-1.468,-1.058,-22.147,-1.321,1.041,0.332
25.26,-22.388,-1.458,-1.049,-22.094,-1.274,1.028,0.347
25.28,-22.388,-1.458,-1.049,-22.094,-1.274,1.028,0.347
25.31,-22.350,-1.447,-1.043,-22.065,-1.243,1.018,0.351
25.33,-22.350,-1.447,-1.043,-22.065,-1.243,1.018,0.351
25.35,-22.314,-1.433,-1.038,-22.036,-1.207,1.008,0.359
25.37,-22.314,-1.433,-1.038,-22.036,-1.207,1.008,0.359
25.39,-22.273,-1.411,-1.031,-22.007,-1.166,0.995,0.363
25.41,-22.273,-1.411,-1.031,-22.007,-1.166,0.995,0.363
25.43,-22.240,-1.389,-1.025,-21.977,-1.118,0.980,0.381
25.45,-22.240,-1.389,-1.025,-21.977,-1.118,0.980,0.381
25.47,-22.210,-1.364,-1.018,-21.935,-1.046,0.957,0.425
25.49,-22.210,-1.364,-1.018,-21.935,-1.046,0.957,0.425
25.52,-22.181,-1.336,-1.009,-21.897,-0.980,0.936,0.461
25.54,-22.181,-1.336,-1.009,-21.897,-0.980,0.936,0.461
25.56,-22.142,-1.293,-0.991,-21.855,-0.909,0.914,0.485
25.58,-22.142,-1.293,-0.991,-21.855,-0.909,0.914,0.485
25.60,-22.120,-1.264,-0.979,-21.808,-0.835,0.894,0.538
25.62,-22.120,-1.264,-0.979,-21.808,-0.835,0.894,0.538
25.64,-22.087,-1.216,-0.958,-21.755,-0.762,0.876,0.568
25.66,-22.087,-1.216,-0.958,-21.755,-0.762,0.876,0.568
25.68,-22.064,-1.179,-0.942,-21.695,-0.693,0.863,0.615
25.70,-22.064,-1.179,-0.942,-21.695,-0.693,0.863,0.615
25.72,-22.025,-1.112,-0.919,-21.612,-0.612,0.854,0.652
25.74,-22.025,-1.112,-0.919,-21.612,-0.612,0.854,0.652
25.76,-22.025,-1.112,-0.919,-21.612,-0.612,0.854,0.652
25.79,-21.972,-1.018,-0.895,-21.502,-0.526,0.855,0.681
25.81,-21.972,-1.018,-0.895,-21.502,-0.526,0.855,0.681
25.83,-21.925,-0.941,-0.883,-21.425,-0.477,0.865,0.682
25.85,-21.925,-0.941,-0.883,-21.425,-0.477,0.865,0.682
25.87,-21.858,-0.840,-0.874,-21.347,-0.433,0.882,0.653
25.89,-21.858,-0.840,-0.874,-21.347,-0.433,0.882,0.653
25.91,-21.792,-0.752,-0.876,-21.268,-0.396,0.907,0.634
25.93,-21.792,-0.752,-0.876,-21.268,-0.396,0.907,0.634
25.95,-21.716,-0.665,-0.886,-21.187,-0.366,0.938,0.610
25.97,-21.716,-0.665,-0.886,-21.187,-0.366,0.938,0.610
25.99,-21.633,-0.582,-0.905,-21.086,-0.336,0.984,0.605
26.01,-21.633,-0.582,-0.905,-21.086,-0.336,0.984,0.605
26.04,-21.544,-0.505,-0.932,-21.005,-0.318,1.026,0.578
26.06,-21.544,-0.505,-0.932,-21.005,-0.318,1.026,0.578
26.08,-21.431,-0.423,-0.976,-20.924,-0.305,1.071,0.529
26.10,-21.431,-0.423,-0.976,-20.924,-0.305,1.071,0.529
26.12,-21.314,-0.354,-1.032,-20.844,-0.295,1.119,0.482
26.14,-21.314,-0.354,-1.032,-20.844,-0.295,1.119,0.482
26.16,-21.215,-0.308,-1.088,-20.763,-0.288,1.170,0.460
26.18,-21.215,-0.308,-1.088,-20.763,-0.288,1.170,0.460
26.20,-21.116,-0.273,-1.150,-20.682,-0.283,1.221,0.440
26.22,-21.116,-0.273,-1.150,-20.682,-0.283,1.221,0.440
26.24,-21.017,-0.248,-1.217,-20.602,-0.278,1.273,0.420
26.26,-21.017,-0.248,-1.217,-20.602,-0.278,1.273,0.420
26.28,-21.017,-0.248,-1.217,-20.602,-0.278,1.273,0.420
26.30,-20.880,-0.226,-1.312,-20.606,-0.278,1.265,0.283
26.33,-20.880,-0.226,-1.312,-20.606,-0.278,1.265,0.283
26.35,-20.784,-0.218,-1.377,-20.528,-0.270,1.314,0.268
26.37,-20.784,-0.218,-1.377,-20.528,-0.270,1.314,0.268
26.39,-20.670,-0.215,-1.452,-20.519,-0.270,1.319,0.209
26.41,-20.670,-0.215,-1.452,-20.519,-0.270,1.319,0.209
26.43,-20.577,-0.217,-1.509,-20.505,-0.270,1.325,0.205
26.45,-20.577,-0.217,-1.509,-20.505,-0.270,1.325,0.205
26.47,-20.486,-0.221,-1.563,-20.488,-0.268,1.335,0.233
26.49,-20.486,-0.221,-1.563,-20.488,-0.268,1.335,0.233
26.51,-20.396,-0.226,-1.611,-20.451,-0.263,1.357,0.263
26.53,-20.396,-0.226,-1.611,-20.451,-0.263,1.357,0.263
26.55,-20.307,-0.230,-1.654,-20.431,-0.262,1.369,0.312
26.57,-20.307,-0.230,-1.654,-20.431,-0.262,1.369,0.312
26.60,-20.220,-0.233,-1.691,-20.359,-0.249,1.407,0.317
26.62,-20.220,-0.233,-1.691,-20.359,-0.249,1.407,0.317
26.64,-20.101,-0.233,-1.733,-20.288,-0.236,1.442,0.345
26.66,-20.101,-0.233,-1.733,-20.288,-0.236,1.442,0.345
26.68,-20.019,-0.231,-1.757,-20.216,-0.223,1.476,0.343
26.70,-20.019,-0.231,-1.757,-20.216,-0.223,1.476,0.343
26.72,-19.939,-0.227,-1.776,-20.146,-0.210,1.508,0.339
26.74,-19.939,-0.227,-1.776,-20.146,-0.210,1.508,0.339
26.76,-19.939,-0.227,-1.776,-20.146,-0.210,1.508,0.339
26.78,-19.830,-0.217,-1.796,-20.041,-0.193,1.553,0.322
26.80,-19.830,-0.217,-1.796,-20.041,-0.193,1.553,0.322
26.82,-19.756,-0.208,-1.806,-19.955,-0.180,1.588,0.296
26.84,-19.756,-0.208,-1.806,-19.955,-0.180,1.588,0.296
26.87,-19.684,-0.197,-1.815,-19.923,-0.175,1.601,0.321
26.89,-19.684,-0.197,-1.815,-19.923,-0.175,1.601,0.321
26.91,-19.614,-0.186,-1.821,-19.856,-0.168,1.626,0.311
26.93,-19.614,-0.186,-1.821,-19.856,-0.168,1.626,0.311
26.95,-19.534,-0.172,-1.828,-19.789,-0.161,1.649,0.311
26.97,-19.534,-0.172,-1.828,-19.789,-0.161,1.649,0.311
26.99,-19.470,-0.161,-1.832,-19.722,-0.156,1.670,0.299
27.01,-19.470,-0.161,-1.832,-19.722,-0.156,1.670,0.299
27.03,-19.408,-0.151,-1.835,-19.655,-0.152,1.690,0.286
27.05,-19.408,-0.151,-1.835,-19.655,-0.152,1.690,0.286
27.07,-19.349,-0.141,-1.838,-19.573,-0.148,1.714,0.256
27.09,-19.349,-0.141,-1.838,-19.573,-0.148,1.714,0.256
27.12,-19.291,-0.133,-1.840,-19.506,-0.145,1.731,0.242
27.14,-19.291,-0.133,-1.840,-19.506,-0.145,1.731,0.242
27.16,-19.213,-0.123,-1.843,-19.440,-0.144,1.746,0.247
27.18,-19.213,-0.123,-1.843,-19.440,-0.144,1.746,0.247
27.20,-19.170,-0.119,-1.844,-19.373,-0.142,1.761,0.221
27.22,-19.170,-0.119,-1.844,-19.373,-0.142,1.761,0.221
27.24,-19.107,-0.115,-1.845,-19.306,-0.141,1.773,0.214
27.26,-19.107,-0.115,-1.845,-19.306,-0.141,1.773,0.214
27.28,-19.107,-0.115,-1.845,-19.306,-0.141,1.773,0.214
27.30,-19.035,-0.113,-1.845,-19.206,-0.140,1.789,0.182
27.32,-19.035,-0.113,-1.845,-19.206,-0.140,1.789,0.182
27.34,-18.985,-0.112,-1.846,-19.123,-0.140,1.799,0.149
27.36,-18.985,-0.112,-1.846,-19.123,-0.140,1.799,0.149
27.39,-18.935,-0.113,-1.846,-19.057,-0.140,1.804,0.132
27.41,-18.935,-0.113,-1.846,-19.057,-0.140,1.804,0.132
27.43,-18.886,-0.113,-1.844,-18.992,-0.140,1.806,0.116
27.45,-18.886,-0.113,-1.844,-18.992,-0.140,1.806,0.116
27.47,-18.826,-0.115,-1.841,-18.927,-0.140,1.806,0.110
27.49,-18.826,-0.115,-1.841,-18.927,-0.140,1.806,0.110
27.51,-18.777,-0.116,-1.837,-18.862,-0.140,1.802,0.095
27.53,-18.777,-0.116,-1.837,-18.862,-0.140,1.802,0.095
27.55,-18.727,-0.118,-1.830,-18.799,-0.140,1.796,0.083
27.57,-18.727,-0.118,-1.830,-18.799,-0.140,1.796,0.083
27.59,-18.677,-0.119,-1.820,-18.721,-0.140,1.784,0.060
27.61,-18.677,-0.119,-1.820,-18.721,-0.140,1.784,0.060
27.63,-18.627,-0.121,-1.807,-18.659,-0.140,1.771,0.052
27.66,-18.627,-0.121,-1.807,-18.659,-0.140,1.771,0.052
27.68,-18.567,-0.122,-1.788,-18.599,-0.139,1.756,0.048
27.70,-18.567,-0.122,-1.788,-18.599,-0.139,1.756,0.048
27.72,-18.508,-0.123,-1.764,-18.540,-0.138,1.737,0.044
27.74,-18.508,-0.123,-1.764,-18.540,-0.138,1.737,0.044
27.76,-18.459,-0.124,-1.741,-18.482,-0.137,1.715,0.037
27.78,-18.459,-0.124,-1.741,-18.482,-0.137,1.715,0.037
27.80,-18.459,-0.124,-1.741,-18.482,-0.137,1.715,0.037
27.82,-18.391,-0.125,-1.703,-18.397,-0.135,1.677,0.029
27.84,-18.391,-0.125,-1.703,-18.397,-0.135,1.677,0.029
27.86,-18.343,-0.125,-1.673,-18.347,-0.133,1.651,0.024
27.88,-18.343,-0.125,-1.673,-18.347,-0.133,1.651,0.024
27.90,-18.296,-0.125,-1.641,-18.294,-0.130,1.619,0.022
27.93,-18.296,-0.125,-1.641,-18.294,-0.130,1.619,0.022
27.95,-18.249,-0.124,-1.605,-18.242,-0.126,1.585,0.021
27.97,-18.249,-0.124,-1.605,-18.242,-0.126,1.585,0.021
27.99,-18.194,-0.124,-1.560,-18.192,-0.122,1.550,0.011
28.01,-18.194,-0.124,-1.560,-18.192,-0.122,1.550,0.011
28.03,-18.150,-0.122,-1.520,-18.143,-0.117,1.512,0.012
28.05,-18.150,-0.122,-1.520,-18.143,-0.117,1.512,0.012
28.07,-18.106,-0.121,-1.479,-18.095,-0.111,1.474,0.015
28.09,-18.106,-0.121,-1.479,-18.095,-0.111,1.474,0.015
28.11,-18.063,-0.118,-1.437,-18.060,-0.106,1.446,0.016
28.13,-18.063,-0.118,-1.437,-18.060,-0.106,1.446,0.016
28.15,-18.022,-0.115,-1.394,-18.014,-0.098,1.406,0.023
28.17,-18.022,-0.115,-1.394,-18.014,-0.098,1.406,0.023
28.19,-17.981,-0.112,-1.351,-17.970,-0.089,1.365,0.030
28.22,-17.981,-0.112,-1.351,-17.970,-0.089,1.365,0.030
28.24,-17.934,-0.106,-1.299,-17.936,-0.080,1.334,0.043
28.26,-17.934,-0.106,-1.299,-17.936,-0.080,1.334,0.043
28.28,-17.934,-0.106,-1.299,-17.936,-0.080,1.334,0.043
28.30,-17.873,-0.096,-1.232,-17.883,-0.065,1.281,0.059
28.32,-17.873,-0.096,-1.232,-17.883,-0.065,1.281,0.059
28.34,-17.837,-0.087,-1.192,-17.843,-0.051,1.241,0.061
28.36,-17.837,-0.087,-1.192,-17.843,-0.051,1.241,0.061
28.38,-17.801,-0.078,-1.153,-17.805,-0.036,1.200,0.064
28.40,-17.801,-0.078,-1.153,-17.805,-0.036,1.200,0.064
28.42,-17.766,-0.067,-1.115,-17.758,-0.014,1.150,0.064
28.44,-17.766,-0.067,-1.115,-17.758,-0.014,1.150,0.064
28.47,-17.733,-0.054,-1.078,-17.723,0.005,1.112,0.068
28.49,-17.733,-0.054,-1.078,-17.723,0.005,1.112,0.068
28.51,-17.700,-0.040,-1.043,-17.689,0.025,1.074,0.073
28.53,-17.700,-0.040,-1.043,-17.689,0.025,1.074,0.073
28.55,-17.663,-0.021,-1.003,-17.657,0.047,1.038,0.076
28.57,-17.663,-0.021,-1.003,-17.657,0.047,1.038,0.076
28.59,-17.632,-0.003,-0.972,-17.627,0.071,1.003,0.080
28.61,-17.632,-0.003,-0.972,-17.627,0.071,1.003,0.080
28.63,-17.603,0.017,-0.943,-17.598,0.097,0.970,0.085
28.65,-17.603,0.017,-0.943,-17.598,0.097,0.970,0.085
28.67,-17.575,0.038,-0.916,-17.571,0.124,0.939,0.089
28.69,-17.575,0.038,-0.916,-17.571,0.124,0.939,0.089
28.71,-17.549,0.061,-0.891,-17.539,0.161,0.902,0.100
28.74,-17.549,0.061,-0.891,-17.539,0.161,0.902,0.100
28.76,-17.515,0.097,-0.860,-17.516,0.192,0.875,0.096
28.78,-17.515,0.097,-0.860,-17.516,0.192,0.875,0.096
28.80,-17.515,0.097,-0.860,-17.516,0.192,0.875,0.096
28.82,-17.483,0.137,-0.834,-17.483,0.242,0.838,0.105
28.84,-17.483,0.137,-0.834,-17.483,0.242,0.838,0.105
28.86,-17.463,0.168,-0.817,-17.463,0.277,0.816,0.109
28.88,-17.463,0.168,-0.817,-17.463,0.277,0.816,0.109
28.90,-17.444,0.201,-0.803,-17.444,0.313,0.797,0.113
28.92,-17.444,0.201,-0.803,-17.444,0.313,0.797,0.113
28.94,-17.427,0.235,-0.790,-17.423,0.361,0.775,0.127
28.96,-17.427,0.235,-0.790,-17.423,0.361,0.775,0.127
28.98,-17.412,0.272,-0.779,-17.407,0.401,0.760,0.130
29.01,-17.412,0.272,-0.779,-17.407,0.401,0.760,0.130
29.03,-17.397,0.310,-0.770,-17.391,0.442,0.747,0.134
29.05,-17.397,0.310,-0.770,-17.391,0.442,0.747,0.134
29.07,-17.385,0.350,-0.763,-17.377,0.483,0.737,0.137
29.09,-17.385,0.350,-0.763,-17.377,0.483,0.737,0.137
29.11,-17.371,0.399,-0.758,-17.363,0.526,0.728,0.131
29.13,-17.371,0.399,-0.758,-17.363,0.526,0.728,0.131
29.15,-17.361,0.442,-0.755,-17.350,0.570,0.722,0.133
29.17,-17.361,0.442,-0.755,-17.350,0.570,0.722,0.133
29.19,-17.351,0.485,-0.753,-17.334,0.625,0.716,0.146
29.21,-17.351,0.485,-0.753,-17.334,0.625,0.716,0.146
29.23,-17.343,0.530,-0.753,-17.322,0.671,0.714,0.147
29.25,-17.343,0.530,-0.753,-17.322,0.671,0.714,0.147
29.28,-17.343,0.530,-0.753,-17.322,0.671,0.714,0.147
29.30,-17.329,0.613,-0.757,-17.299,0.749,0.716,0.146
29.32,-17.329,0.613,-0.757,-17.299,0.749,0.716,0.146
29.34,-17.322,0.659,-0.761,-17.286,0.795,0.718,0.147
29.36,-17.322,0.659,-0.761,-17.286,0.795,0.718,0.147
29.38,-17.315,0.707,-0.767,-17.273,0.841,0.722,0.148
29.40,-17.315,0.707,-0.767,-17.273,0.841,0.722,0.148
29.42,-17.308,0.754,-0.774,-17.259,0.888,0.726,0.149
29.44,-17.308,0.754,-0.774,-17.259,0.888,0.726,0.149
29.46,-17.300,0.802,-0.781,-17.241,0.945,0.733,0.162
29.48,-17.300,0.802,-0.781,-17.241,0.945,0.733,0.162
29.50,-17.293,0.850,-0.790,-17.225,0.991,0.740,0.163
29.53,-17.293,0.850,-0.790,-17.225,0.991,0.740,0.163
29.55,-17.285,0.898,-0.799,-17.208,1.035,0.748,0.165
29.57,-17.285,0.898,-0.799,-17.208,1.035,0.748,0.165
29.59,-17.274,0.955,-0.810,-17.190,1.080,0.756,0.160
29.61,-17.274,0.955,-0.810,-17.190,1.080,0.756,0.160
29.63,-17.263,1.002,-0.820,-17.171,1.123,0.765,0.163
29.65,-17.263,1.002,-0.820,-17.171,1.123,0.765,0.163
29.67,-17.252,1.048,-0.830,-17.141,1.173,0.776,0.176
29.69,-17.252,1.048,-0.830,-17.141,1.173,0.776,0.176
29.71,-17.239,1.093,-0.840,-17.112,1.225,0.788,0.190
29.73,-17.239,1.093,-0.840,-17.112,1.225,0.788,0.190
29.75,-17.225,1.138,-0.850,-17.087,1.265,0.797,0.194
29.78,-17.225,1.138,-0.850,-17.087,1.265,0.797,0.194
29.80,-17.225,1.138,-0.850,-17.087,1.265,0.797,0.194
29.82,-17.193,1.216,-0.866,-17.047,1.324,0.813,0.190
29.84,-17.193,1.216,-0.866,-17.047,1.324,0.813,0.190
29.86,-17.173,1.257,-0.875,-17.019,1.361,0.823,0.193
29.88,-17.173,1.257,-0.875,-17.019,1.361,0.823,0.193
29.90,-17.150,1.297,-0.884,-16.989,1.398,0.834,0.197
29.92,-17.150,1.297,-0.884,-16.989,1.398,0.834,0.197
29.94,-17.125,1.336,-0.893,-16.957,1.433,0.845,0.199
29.96,-17.125,1.336,-0.893,-16.957,1.433,0.845,0.199
29.98,-17.097,1.373,-0.902,-16.916,1.475,0.859,0.212
30.00,-17.097,1.373,-0.902,-16.916,1.475,0.859,0.212
30.02,-17.067,1.409,-0.910,-16.882,1.507,0.870,0.214
30.04,-17.067,1.409,-0.910,-16.882,1.507,0.870,0.214
30.07,-17.035,1.443,-0.919,-16.845,1.538,0.882,0.216
30.09,-17.035,1.443,-0.919,-16.845,1.538,0.882,0.216
30.11,-17.001,1.475,-0.928,-16.808,1.567,0.893,0.217
30.13,-17.001,1.475,-0.928,-16.808,1.567,0.893,0.217
30.15,-16.958,1.512,-0.938,-16.769,1.594,0.905,0.208
30.17,-16.958,1.512,-0.938,-16.769,1.594,0.905,0.208
30.19,-16.919,1.541,-0.946,-16.729,1.621,0.916,0.208
30.21,-16.919,1.541,-0.946,-16.729,1.621,0.916,0.208
30.23,-16.879,1.568,-0.954,-16.688,1.645,0.927,0.208
30.25,-16.879,1.568,-0.954,-16.688,1.645,0.927,0.208
30.27,-16.837,1.593,-0.962,-16.634,1.673,0.940,0.219
30.29,-16.837,1.593,-0.962,-16.634,1.673,0.940,0.219
30.32,-16.837,1.593,-0.962,-16.634,1.673,0.940,0.219
30.34,-16.757,1.635,-0.976,-16.567,1.704,0.955,0.203
30.36,-16.757,1.635,-0.976,-16.567,1.704,0.955,0.203
30.38,-16.710,1.657,-0.983,-16.520,1.722,0.965,0.202
30.40,-16.710,1.657,-0.983,-16.520,1.722,0.965,0.202
30.42,-16.662,1.676,-0.990,-16.473,1.739,0.975,0.200
30.44,-16.662,1.676,-0.990,-16.473,1.739,0.975,0.200
30.46,-16.612,1.695,-0.996,-16.424,1.754,0.983,0.198
30.48,-16.612,1.695,-0.996,-16.424,1.754,0.983,0.198
30.50,-16.561,1.711,-1.002,-16.362,1.771,0.993,0.208
30.52,-16.561,1.711,-1.002,-16.362,1.771,0.993,0.208
30.54,-16.509,1.726,-1.008,-16.311,1.782,1.001,0.206
30.56,-16.509,1.726,-1.008,-16.311,1.782,1.001,0.206
30.59,-16.455,1.739,-1.012,-16.259,1.792,1.007,0.203
30.61,-16.455,1.739,-1.012,-16.259,1.792,1.007,0.203
30.63,-16.401,1.751,-1.016,-16.206,1.800,1.013,0.201
30.65,-16.401,1.751,-1.016,-16.206,1.800,1.013,0.201
30.67,-16.334,1.763,-1.021,-16.162,1.805,1.017,0.177
30.69,-16.334,1.763,-1.021,-16.162,1.805,1.017,0.177
30.71,-16.277,1.771,-1.023,-16.121,1.809,1.021,0.161
30.73,-16.277,1.771,-1.023,-16.121,1.809,1.021,0.161
30.75,-16.219,1.778,-1.025,-16.065,1.812,1.024,0.158
30.77,-16.219,1.778,-1.025,-16.065,1.812,1.024,0.158
30.79,-16.219,1.778,-1.025,-16.065,1.812,1.024,0.158
30.81,-16.137,1.785,-1.026,-15.965,1.812,1.029,0.174
30.83,-16.137,1.785,-1.026,-15.965,1.812,1.029,0.174
30.86,-16.066,1.788,-1.026,-15.905,1.806,1.031,0.162
30.88,-16.066,1.788,-1.026,-15.905,1.806,1.031,0.162
30.90,-15.994,1.790,-1.025,-15.841,1.795,1.033,0.153
30.92,-15.994,1.790,-1.025,-15.841,1.795,1.033,0.153
30.94,-15.933,1.790,-1.024,-15.774,1.779,1.034,0.160
30.96,-15.933,1.790,-1.024,-15.774,1.779,1.034,0.160
30.98,-15.872,1.788,-1.023,-15.703,1.758,1.034,0.172
31.00,-15.872,1.788,-1.023,-15.703,1.758,1.034,0.172
31.02,-15.810,1.783,-1.023,-15.629,1.731,1.035,0.189
31.04,-15.810,1.783,-1.023,-15.629,1.731,1.035,0.189
31.06,-15.747,1.777,-1.025,-15.534,1.690,1.034,0.230
31.08,-15.747,1.777,-1.025,-15.534,1.690,1.034,0.230
31.10,-15.683,1.766,-1.028,-15.456,1.653,1.034,0.253
31.13,-15.683,1.766,-1.028,-15.456,1.653,1.034,0.253
31.15,-15.615,1.752,-1.031,-15.377,1.611,1.033,0.276
31.17,-15.615,1.752,-1.031,-15.377,1.611,1.033,0.276
31.19,-15.545,1.732,-1.035,-15.298,1.567,1.032,0.297
31.21,-15.545,1.732,-1.035,-15.298,1.567,1.032,0.297
31.23,-15.456,1.701,-1.037,-15.218,1.521,1.031,0.299
31.25,-15.456,1.701,-1.037,-15.218,1.521,1.031,0.299
31.27,-15.380,1.668,-1.038,-15.137,1.473,1.030,0.312
31.29,-15.380,1.668,-1.038,-15.137,1.473,1.030,0.312
31.31,-15.380,1.668,-1.038,-15.137,1.473,1.030,0.312
31.33,-15.252,1.605,-1.037,-14.996,1.390,1.027,0.335
31.35,-15.252,1.605,-1.037,-14.996,1.390,1.027,0.335
31.37,-15.170,1.559,-1.034,-14.915,1.344,1.025,0.334
31.40,-15.170,1.559,-1.034,-14.915,1.344,1.025,0.334
31.42,-15.070,1.498,-1.030,-14.834,1.300,1.023,0.308
31.44,-15.070,1.498,-1.030,-14.834,1.300,1.023,0.308
31.46,-14.986,1.444,-1.026,-14.754,1.260,1.021,0.296
31.48,-14.986,1.444,-1.026,-14.754,1.260,1.021,0.296
31.50,-14.901,1.388,-1.022,-14.673,1.224,1.019,0.281
31.52,-14.901,1.388,-1.022,-14.673,1.224,1.019,0.281
31.54,-14.816,1.331,-1.018,-14.592,1.193,1.017,0.263
31.56,-14.816,1.331,-1.018,-14.592,1.193,1.017,0.263
31.58,-14.732,1.274,-1.014,-14.492,1.161,1.015,0.265
31.60,-14.732,1.274,-1.014,-14.492,1.161,1.015,0.265
31.62,-14.648,1.220,-1.012,-14.411,1.142,1.013,0.249
31.64,-14.648,1.220,-1.012,-14.411,1.142,1.013,0.249
31.67,-14.564,1.168,-1.011,-14.330,1.129,1.011,0.237
31.69,-14.564,1.168,-1.011,-14.330,1.129,1.011,0.237
31.71,-14.480,1.122,-1.011,-14.250,1.122,1.009,0.231
31.73,-14.480,1.122,-1.011,-14.250,1.122,1.009,0.231
31.75,-14.381,1.074,-1.012,-14.231,1.119,1.008,0.157
31.77,-14.381,1.074,-1.012,-14.231,1.119,1.008,0.157
31.79,-14.299,1.042,-1.013,-14.151,1.123,1.006,0.169
31.81,-14.299,1.042,-1.013,-14.151,1.123,1.006,0.169
31.83,-14.299,1.042,-1.013,-14.151,1.123,1.006,0.169
31.85,-14.169,1.008,-1.016,-14.032,1.136,1.004,0.189
31.87,-14.169,1.008,-1.016,-14.032,1.136,1.004,0.189
31.89,-14.089,0.997,-1.017,-13.934,1.153,1.001,0.220
31.91,-14.089,0.997,-1.017,-13.934,1.153,1.001,0.220
31.94,-14.008,0.995,-1.018,-13.856,1.168,1.000,0.231
31.96,-14.008,0.995,-1.018,-13.856,1.168,1.000,0.231
31.98,-13.913,1.002,-1.017,-13.780,1.183,0.998,0.226
32.00,-13.913,1.002,-1.017,-13.780,1.183,0.998,0.226
32.02,-13.834,1.017,-1.016,-13.705,1.199,0.997,0.223
32.04,-13.834,1.017,-1.016,-13.705,1.199,0.997,0.223
32.06,-13.755,1.039,-1.013,-13.632,1.213,0.995,0.214
32.08,-13.755,1.039,-1.013,-13.632,1.213,0.995,0.214
32.10,-13.678,1.066,-1.010,-13.560,1.226,0.994,0.199
32.12,-13.678,1.066,-1.010,-13.560,1.226,0.994,0.199
32.14,-13.603,1.098,-1.006,-13.473,1.239,0.993,0.192
32.16,-13.603,1.098,-1.006,-13.473,1.239,0.993,0.192
32.19,-13.529,1.133,-1.003,-13.405,1.248,0.992,0.169
32.21,-13.529,1.133,-1.003,-13.405,1.248,0.992,0.169
32.23,-13.457,1.170,-1.000,-13.340,1.255,0.992,0.146
32.25,-13.457,1.170,-1.000,-13.340,1.255,0.992,0.146
32.27,-13.374,1.214,-0.997,-13.276,1.260,0.991,0.109
32.29,-13.374,1.214,-0.997,-13.276,1.260,0.991,0.109
32.31,-13.374,1.214,-0.997,-13.276,1.260,0.991,0.109
32.33,-13.270,1.268,-0.994,-13.184,1.263,0.991,0.086
32.35,-13.270,1.268,-0.994,-13.184,1.263,0.991,0.086
32.37,-13.208,1.299,-0.993,-13.126,1.262,0.990,0.090
32.39,-13.208,1.299,-0.993,-13.126,1.262,0.990,0.090
32.41,-13.148,1.326,-0.992,-13.056,1.258,0.990,0.115
32.43,-13.148,1.326,-0.992,-13.056,1.258,0.990,0.115
32.45,-13.091,1.348,-0.991,-13.002,1.252,0.990,0.131
32.48,-13.091,1.348,-0.991,-13.002,1.252,0.990,0.131
32.50,-13.026,1.369,-0.991,-12.950,1.243,0.990,0.147
32.52,-13.026,1.369,-0.991,-12.950,1.243,0.990,0.147
32.54,-12.975,1.382,-0.991,-12.900,1.233,0.990,0.167
32.56,-12.975,1.382,-0.991,-12.900,1.233,0.990,0.167
32.58,-12.926,1.390,-0.991,-12.852,1.221,0.990,0.185
32.60,-12.926,1.390,-0.991,-12.852,1.221,0.990,0.185
32.62,-12.879,1.394,-0.991,-12.806,1.208,0.991,0.201
32.64,-12.879,1.394,-0.991,-12.806,1.208,0.991,0.201
32.66,-12.835,1.394,-0.992,-12.751,1.188,0.991,0.223
32.68,-12.835,1.394,-0.992,-12.751,1.188,0.991,0.223
32.70,-12.793,1.390,-0.992,-12.709,1.171,0.991,0.235
32.72,-12.793,1.390,-0.992,-12.709,1.171,0.991,0.235
32.75,-12.753,1.383,-0.993,-12.651,1.137,0.992,0.266
32.77,-12.753,1.383,-0.993,-12.651,1.137,0.992,0.266
32.79,-12.715,1.371,-0.993,-12.612,1.117,0.992,0.275
32.81,-12.715,1.371,-0.993,-12.612,1.117,0.992,0.275
32.83,-12.715,1.371,-0.993,-12.612,1.117,0.992,0.275
32.85,-12.652,1.343,-0.993,-12.542,1.066,0.993,0.298
32.87,-12.652,1.343,-0.993,-12.542,1.066,0.993,0.298
32.89,-12.619,1.323,-0.993,-12.506,1.042,0.994,0.303
32.91,-12.619,1.323,-0.993,-12.506,1.042,0.994,0.303
32.93,-12.588,1.301,-0.993,-12.471,1.017,0.995,0.307
32.95,-12.588,1.301,-0.993,-12.471,1.017,0.995,0.307
32.97,-12.558,1.276,-0.993,-12.430,0.984,0.995,0.319
32.99,-12.558,1.276,-0.993,-12.430,0.984,0.995,0.319
33.02,-12.530,1.249,-0.993,-12.397,0.955,0.996,0.322
33.04,-12.530,1.249,-0.993,-12.397,0.955,0.996,0.322
33.06,-12.498,1.214,-0.993,-12.366,0.926,0.996,0.316
33.08,-12.498,1.214,-0.993,-12.366,0.926,0.996,0.316
33.10,-12.472,1.182,-0.993,-12.336,0.895,0.997,0.318
33.12,-12.472,1.182,-0.993,-12.336,0.895,0.997,0.318
33.14,-12.446,1.149,-0.994,-12.306,0.863,0.998,0.318
33.16,-12.446,1.149,-0.994,-12.306,0.863,0.998,0.318
33.18,-12.422,1.114,-0.994,-12.277,0.830,0.999,0.319
33.20,-12.422,1.114,-0.994,-12.277,0.830,0.999,0.319
33.22,-12.397,1.077,-0.994,-12.241,0.787,0.999,0.330
33.24,-12.397,1.077,-0.994,-12.241,0.787,0.999,0.330
33.27,-12.373,1.039,-0.995,-12.213,0.751,1.000,0.329
33.29,-12.373,1.039,-0.995,-12.213,0.751,1.000,0.329
33.31,-12.373,1.039,-0.995,-12.213,0.751,1.000,0.329
33.33,-12.335,0.976,-0.996,-12.172,0.695,1.001,0.324
33.35,-12.335,0.976,-0.996,-12.172,0.695,1.001,0.324
33.37,-12.306,0.925,-0.997,-12.145,0.656,1.002,0.313
33.39,-12.306,0.925,-0.997,-12.145,0.656,1.002,0.313
33.41,-12.282,0.882,-0.997,-12.119,0.616,1.003,0.312
33.43,-12.282,0.882,-0.997,-12.119,0.616,1.003,0.312
33.45,-12.258,0.838,-0.998,-12.085,0.565,1.004,0.323
33.47,-12.258,0.838,-0.998,-12.085,0.565,1.004,0.323
33.49,-12.233,0.793,-0.999,-12.059,0.523,1.005,0.322
33.52,-12.233,0.793,-0.999,-12.059,0.523,1.005,0.322
33.54,-12.209,0.747,-1.000,-12.032,0.479,1.006,0.321
33.56,-12.209,0.747,-1.000,-12.032,0.479,1.006,0.321
33.58,-12.179,0.691,-1.001,-12.005,0.435,1.007,0.310
33.60,-12.179,0.691,-1.001,-12.005,0.435,1.007,0.310
33.62,-12.154,0.643,-1.002,-11.978,0.389,1.008,0.309
33.64,-12.154,0.643,-1.002,-11.978,0.389,1.008,0.309
33.66,-12.128,0.594,-1.003,-11.951,0.343,1.009,0.308
33.68,-12.128,0.594,-1.003,-11.951,0.343,1.009,0.308
33.70,-12.102,0.545,-1.004,-11.924,0.296,1.009,0.307
33.72,-12.102,0.545,-1.004,-11.924,0.296,1.009,0.307
33.74,-12.075,0.495,-1.005,-11.889,0.236,1.011,0.319
33.76,-12.075,0.495,-1.005,-11.889,0.236,1.011,0.319
33.78,-12.047,0.445,-1.006,-11.861,0.187,1.012,0.318
33.81,-12.047,0.445,-1.006,-11.861,0.187,1.012,0.318
33.83,-12.047,0.445,-1.006,-11.861,0.187,1.012,0.318
33.85,-12.007,0.373,-1.008,-11.817,0.112,1.013,0.323
33.87,-12.007,0.373,-1.008,-11.817,0.112,1.013,0.323
33.89,-11.965,0.300,-1.010,-11.795,0.074,1.014,0.283
33.91,-11.965,0.300,-1.010,-11.795,0.074,1.014,0.283
33.93,-11.940,0.258,-1.011,-11.766,0.023,1.015,0.293
33.95,-11.940,0.258,-1.011,-11.766,0.023,1.015,0.293
33.97,-11.902,0.194,-1.013,-11.736,-0.028,1.016,0.278
33.99,-11.902,0.194,-1.013,-11.736,-0.028,1.016,0.278
34.01,-11.870,0.141,-1.014,-11.697,-0.093,1.017,0.290
34.03,-11.870,0.141,-1.014,-11.697,-0.093,1.017,0.290
34.05,-11.836,0.087,-1.015,-11.667,-0.144,1.018,0.287
34.08,-11.836,0.087,-1.015,-11.667,-0.144,1.018,0.287
34.10,-11.795,0.023,-1.017,-11.635,-0.195,1.019,0.270
34.12,-11.795,0.023,-1.017,-11.635,-0.195,1.019,0.270
34.14,-11.760,-0.032,-1.018,-11.604,-0.246,1.020,0.265
34.16,-11.760,-0.032,-1.018,-11.604,-0.246,1.020,0.265
34.18,-11.724,-0.086,-1.019,-11.572,-0.297,1.021,0.260
34.20,-11.724,-0.086,-1.019,-11.572,-0.297,1.021,0.260
34.22,-11.687,-0.140,-1.020,-11.541,-0.347,1.022,0.253
34.24,-11.687,-0.140,-1.020,-11.541,-0.347,1.022,0.253
34.26,-11.650,-0.195,-1.021,-11.501,-0.409,1.023,0.261
34.28,-11.650,-0.195,-1.021,-11.501,-0.409,1.023,0.261
34.30,-11.613,-0.249,-1.022,-11.468,-0.457,1.024,0.253
34.32,-11.613,-0.249,-1.022,-11.468,-0.457,1.024,0.253
34.35,-11.613,-0.249,-1.022,-11.468,-0.457,1.024,0.253
34.37,-11.552,-0.333,-1.023,-11.420,-0.528,1.026,0.235
34.39,-11.552,-0.333,-1.023,-11.420,-0.528,1.026,0.235
34.41,-11.506,-0.396,-1.024,-11.387,-0.574,1.027,0.215
34.43,-11.506,-0.396,-1.024,-11.387,-0.574,1.027,0.215
34.45,-11.475,-0.436,-1.025,-11.354,-0.619,1.028,0.220
34.47,-11.475,-0.436,-1.025,-11.354,-0.619,1.028,0.220
34.49,-11.437,-0.486,-1.025,-11.320,-0.663,1.029,0.212
34.51,-11.437,-0.486,-1.025,-11.320,-0.663,1.029,0.212
34.53,-11.391,-0.544,-1.026,-11.278,-0.716,1.030,0.206
34.55,-11.391,-0.544,-1.026,-11.278,-0.716,1.030,0.206
34.57,-11.352,-0.590,-1.027,-11.243,-0.758,1.031,0.200
34.60,-11.352,-0.590,-1.027,-11.243,-0.758,1.031,0.200
34.62,-11.306,-0.644,-1.028,-11.209,-0.798,1.032,0.181
34.64,-11.306,-0.644,-1.028,-11.209,-0.798,1.032,0.181
34.66,-11.267,-0.688,-1.029,-11.174,-0.836,1.033,0.176
34.68,-11.267,-0.688,-1.029,-11.174,-0.836,1.033,0.176
34.70,-11.228,-0.729,-1.029,-11.138,-0.874,1.034,0.171
34.72,-11.228,-0.729,-1.029,-11.138,-0.874,1.034,0.171
34.74,-11.189,-0.769,-1.030,-11.102,-0.910,1.035,0.166
34.76,-11.189,-0.769,-1.030,-11.102,-0.910,1.035,0.166
34.78,-11.150,-0.808,-1.030,-11.056,-0.953,1.036,0.174
34.80,-11.150,-0.808,-1.030,-11.056,-0.953,1.036,0.174
34.82,-11.150,-0.808,-1.030,-11.056,-0.953,1.036,0.174
34.85,-11.088,-0.866,-1.031,-11.000,-1.002,1.037,0.163
34.87,-11.088,-0.866,-1.031,-11.000,-1.002,1.037,0.163
34.89,-11.049,-0.900,-1.032,-10.951,-1.037,1.038,0.169
34.91,-11.049,-0.900,-1.032,-10.951,-1.037,1.038,0.169
34.93,-11.010,-0.932,-1.033,-10.902,-1.070,1.039,0.176
34.95,-11.010,-0.932,-1.033,-10.902,-1.070,1.039,0.176
34.97,-10.963,-0.969,-1.034,-10.851,-1.101,1.040,0.174
34.99,-10.963,-0.969,-1.034,-10.851,-1.101,1.040,0.174
35.01,-10.924,-0.997,-1.035,-10.799,-1.130,1.041,0.182
35.03,-10.924,-0.997,-1.035,-10.799,-1.130,1.041,0.182
35.05,-10.884,-1.024,-1.036,-10.737,-1.163,1.043,0.202
35.07,-10.884,-1.024,-1.036,-10.737,-1.163,1.043,0.202
35.09,-10.844,-1.050,-1.037,-10.695,-1.185,1.043,0.201
35.12,-10.844,-1.050,-1.037,-10.695,-1.185,1.043,0.201
35.14,-10.795,-1.078,-1.039,-10.651,-1.207,1.044,0.193
35.16,-10.795,-1.078,-1.039,-10.651,-1.207,1.044,0.193
35.18,-10.754,-1.100,-1.040,-10.600,-1.229,1.045,0.201
35.20,-10.754,-1.100,-1.040,-10.600,-1.229,1.045,0.201
35.22,-10.712,-1.120,-1.041,-10.589,-1.234,1.045,0.168
35.24,-10.712,-1.120,-1.041,-10.589,-1.234,1.045,0.168
35.26,-10.670,-1.139,-1.043,-10.589,-1.234,1.045,0.125
35.28,-10.670,-1.139,-1.043,-10.589,-1.234,1.045,0.125
35.30,-10.626,-1.156,-1.044,-10.588,-1.235,1.045,0.087
35.32,-10.626,-1.156,-1.044,-10.588,-1.235,1.045,0.087
35.34,-10.626,-1.156,-1.044,-10.588,-1.235,1.045,0.087
35.36,-10.554,-1.181,-1.046,-10.583,-1.238,1.045,0.064
35.39,-10.554,-1.181,-1.046,-10.583,-1.238,1.045,0.064
35.41,-10.508,-1.195,-1.048,-10.575,-1.243,1.045,0.083
35.43,-10.508,-1.195,-1.048,-10.575,-1.243,1.045,0.083
35.45,-10.461,-1.207,-1.050,-10.562,-1.252,1.045,0.111
35.47,-10.461,-1.207,-1.050,-10.562,-1.252,1.045,0.111
35.49,-10.407,-1.220,-1.053,-10.544,-1.264,1.045,0.145
35.51,-10.407,-1.220,-1.053,-10.544,-1.264,1.045,0.145
35.53,-10.363,-1.230,-1.055,-10.521,-1.278,1.045,0.166
35.55,-10.363,-1.230,-1.055,-10.521,-1.278,1.045,0.166
35.57,-10.320,-1.240,-1.057,-10.492,-1.295,1.045,0.181
35.59,-10.320,-1.240,-1.057,-10.492,-1.295,1.045,0.181
35.61,-10.279,-1.251,-1.059,-10.448,-1.319,1.045,0.182
35.63,-10.279,-1.251,-1.059,-10.448,-1.319,1.045,0.182
35.66,-10.239,-1.262,-1.061,-10.406,-1.339,1.045,0.184
35.68,-10.239,-1.262,-1.061,-10.406,-1.339,1.045,0.184
35.70,-10.190,-1.279,-1.064,-10.358,-1.360,1.045,0.188
35.72,-10.190,-1.279,-1.064,-10.358,-1.360,1.045,0.188
35.74,-10.147,-1.297,-1.066,-10.306,-1.381,1.045,0.181
35.76,-10.147,-1.297,-1.066,-10.306,-1.381,1.045,0.181
35.78,-10.102,-1.317,-1.068,-10.248,-1.402,1.045,0.171
35.80,-10.102,-1.317,-1.068,-10.248,-1.402,1.045,0.171
35.82,-10.053,-1.340,-1.069,-10.187,-1.422,1.045,0.159
35.84,-10.053,-1.340,-1.069,-10.187,-1.422,1.045,0.159
35.86,-10.053,-1.340,-1.069,-10.187,-1.422,1.045,0.159
35.88,-9.967,-1.383,-1.070,-10.072,-1.454,1.045,0.130
35.90,-9.967,-1.383,-1.070,-10.072,-1.454,1.045,0.130
35.93,-9.908,-1.412,-1.070,-10.002,-1.471,1.045,0.114
35.95,-9.908,-1.412,-1.070,-10.002,-1.471,1.045,0.114
35.97,-9.857,-1.436,-1.069,-9.930,-1.486,1.045,0.092
35.99,-9.857,-1.436,-1.069,-9.930,-1.486,1.045,0.092
36.01,-9.764,-1.477,-1.068,-9.856,-1.500,1.045,0.098
36.03,-9.764,-1.477,-1.068,-9.856,-1.500,1.045,0.098
36.05,-9.693,-1.505,-1.066,-9.780,-1.512,1.045,0.090
36.07,-9.693,-1.505,-1.066,-9.780,-1.512,1.045,0.090
36.09,-9.620,-1.531,-1.065,-9.703,-1.522,1.045,0.086
36.11,-9.620,-1.531,-1.065,-9.703,-1.522,1.045,0.086
36.13,-9.544,-1.556,-1.063,-9.606,-1.533,1.045,0.068
36.15,-9.544,-1.556,-1.063,-9.606,-1.533,1.045,0.068
36.17,-9.467,-1.577,-1.061,-9.527,-1.539,1.045,0.073
36.20,-9.467,-1.577,-1.061,-9.527,-1.539,1.045,0.073
36.22,-9.373,-1.599,-1.059,-9.448,-1.544,1.045,0.094
36.24,-9.373,-1.599,-1.059,-9.448,-1.544,1.045,0.094
36.26,-9.295,-1.614,-1.057,-9.426,-1.545,1.045,0.149
36.28,-9.295,-1.614,-1.057,-9.426,-1.545,1.045,0.149
36.30,-9.216,-1.626,-1.055,-9.347,-1.546,1.044,0.154
36.32,-9.216,-1.626,-1.055,-9.347,-1.546,1.044,0.154
36.34,-9.216,-1.626,-1.055,-9.347,-1.546,1.044,0.154
36.36,-9.107,-1.638,-1.052,-9.228,-1.545,1.044,0.153
36.38,-9.107,-1.638,-1.052,-9.228,-1.545,1.044,0.153
36.40,-9.014,-1.643,-1.050,-9.128,-1.540,1.044,0.155
36.42,-9.014,-1.643,-1.050,-9.128,-1.540,1.044,0.155
36.45,-8.953,-1.644,-1.049,-9.048,-1.534,1.044,0.146
36.47,-8.953,-1.644,-1.049,-9.048,-1.534,1.044,0.146
36.49,-8.863,-1.643,-1.047,-8.968,-1.525,1.044,0.158
36.51,-8.863,-1.643,-1.047,-8.968,-1.525,1.044,0.158
36.53,-8.775,-1.638,-1.046,-8.887,-1.515,1.044,0.166
36.55,-8.775,-1.638,-1.046,-8.887,-1.515,1.044,0.166
36.57,-8.704,-1.631,-1.045,-8.805,-1.502,1.044,0.164
36.59,-8.704,-1.631,-1.045,-8.805,-1.502,1.044,0.164
36.61,-8.634,-1.622,-1.044,-8.723,-1.487,1.044,0.161
36.63,-8.634,-1.622,-1.044,-8.723,-1.487,1.044,0.161
36.65,-8.566,-1.610,-1.044,-8.620,-1.466,1.045,0.154
36.67,-8.566,-1.610,-1.044,-8.620,-1.466,1.045,0.154
36.70,-8.498,-1.596,-1.044,-8.538,-1.447,1.045,0.154
36.72,-8.498,-1.596,-1.044,-8.538,-1.447,1.045,0.154
36.74,-8.419,-1.577,-1.045,-8.455,-1.427,1.046,0.153
36.76,-8.419,-1.577,-1.045,-8.455,-1.427,1.046,0.153
36.78,-8.354,-1.557,-1.046,-8.373,-1.406,1.046,0.152
36.80,-8.354,-1.557,-1.046,-8.373,-1.406,1.046,0.152
36.82,-8.289,-1.536,-1.047,-8.291,-1.384,1.047,0.152
36.84,-8.289,-1.536,-1.047,-8.291,-1.384,1.047,0.152
36.86,-8.289,-1.536,-1.047,-8.291,-1.384,1.047,0.152
36.88,-8.186,-1.497,-1.048,-8.169,-1.350,1.047,0.148
36.90,-8.186,-1.497,-1.048,-8.169,-1.350,1.047,0.148
36.92,-8.134,-1.476,-1.049,-8.069,-1.322,1.048,0.167
36.94,-8.134,-1.476,-1.049,-8.069,-1.322,1.048,0.167
36.97,-8.057,-1.442,-1.049,-7.990,-1.300,1.048,0.158
36.99,-8.057,-1.442,-1.049,-7.990,-1.300,1.048,0.158
37.01,-7.994,-1.413,-1.050,-7.913,-1.278,1.049,0.157
37.03,-7.994,-1.413,-1.050,-7.913,-1.278,1.049,0.157
37.05,-7.918,-1.377,-1.050,-7.838,-1.258,1.050,0.143
37.07,-7.918,-1.377,-1.050,-7.838,-1.258,1.050,0.143
37.09,-7.855,-1.346,-1.050,-7.765,-1.239,1.050,0.140
37.11,-7.855,-1.346,-1.050,-7.765,-1.239,1.050,0.140
37.13,-7.793,-1.315,-1.051,-7.694,-1.221,1.050,0.136
37.15,-7.793,-1.315,-1.051,-7.694,-1.221,1.050,0.136
37.17,-7.732,-1.285,-1.051,-7.610,-1.202,1.051,0.147
37.19,-7.732,-1.285,-1.051,-7.610,-1.202,1.051,0.147
37.22,-7.671,-1.256,-1.052,-7.546,-1.190,1.051,0.142
37.24,-7.671,-1.256,-1.052,-7.546,-1.190,1.051,0.142
37.26,-7.601,-1.223,-1.053,-7.485,-1.180,1.052,0.124
37.28,-7.601,-1.223,-1.053,-7.485,-1.180,1.052,0.124
37.30,-7.545,-1.198,-1.054,-7.421,-1.172,1.052,0.127
37.32,-7.545,-1.198,-1.054,-7.421,-1.172,1.052,0.127
37.34,-7.545,-1.198,-1.054,-7.421,-1.172,1.052,0.127
37.36,-7.470,-1.167,-1.056,-7.340,-1.166,1.052,0.130
37.38,-7.470,-1.167,-1.056,-7.340,-1.166,1.052,0.130
37.40,-7.410,-1.145,-1.058,-7.273,-1.167,1.052,0.139
37.42,-7.410,-1.145,-1.058,-7.273,-1.167,1.052,0.139
37.44,-7.363,-1.131,-1.060,-7.219,-1.171,1.052,0.150
37.47,-7.363,-1.131,-1.060,-7.219,-1.171,1.052,0.150
37.49,-7.327,-1.122,-1.061,-7.164,-1.178,1.052,0.174
37.51,-7.327,-1.122,-1.061,-7.164,-1.178,1.052,0.174
37.53,-7.278,-1.113,-1.062,-7.106,-1.189,1.052,0.188
37.55,-7.278,-1.113,-1.062,-7.106,-1.189,1.052,0.188
37.57,-7.232,-1.111,-1.064,-7.046,-1.204,1.052,0.209
37.59,-7.232,-1.111,-1.064,-7.046,-1.204,1.052,0.209
37.61,-7.197,-1.113,-1.065,-6.982,-1.222,1.051,0.240
37.63,-7.197,-1.113,-1.065,-6.982,-1.222,1.051,0.240
37.65,-7.162,-1.121,-1.066,-6.900,-1.248,1.051,0.292
37.67,-7.162,-1.121,-1.066,-6.900,-1.248,1.051,0.292
37.69,-7.126,-1.132,-1.068,-6.830,-1.271,1.050,0.328
37.72,-7.126,-1.132,-1.068,-6.830,-1.271,1.050,0.328
37.74,-7.082,-1.153,-1.070,-6.757,-1.297,1.049,0.355
37.76,-7.082,-1.153,-1.070,-6.757,-1.297,1.049,0.355
37.78,-7.041,-1.174,-1.072,-6.683,-1.324,1.048,0.389
37.80,-7.041,-1.174,-1.072,-6.683,-1.324,1.048,0.389
37.82,-6.996,-1.200,-1.073,-6.606,-1.353,1.048,0.420
37.84,-6.996,-1.200,-1.073,-6.606,-1.353,1.048,0.420
37.86,-6.996,-1.200,-1.073,-6.606,-1.353,1.048,0.420
37.88,-6.926,-1.243,-1.074,-6.488,-1.400,1.046,0.466
37.90,-6.926,-1.243,-1.074,-6.488,-1.400,1.046,0.466
37.92,-6.858,-1.285,-1.074,-6.388,-1.441,1.045,0.496
37.94,-6.858,-1.285,-1.074,-6.388,-1.441,1.045,0.496
37.96,-6.796,-1.322,-1.073,-6.309,-1.475,1.044,0.512
37.98,-6.796,-1.322,-1.073,-6.309,-1.475,1.044,0.512
38.01,-6.744,-1.354,-1.072,-6.229,-1.510,1.044,0.539
38.03,-6.744,-1.354,-1.072,-6.229,-1.510,1.044,0.539
38.05,-6.660,-1.403,-1.069,-6.149,-1.547,1.043,0.531
38.07,-6.660,-1.403,-1.069,-6.149,-1.547,1.043,0.531
38.09,-6.571,-1.455,-1.066,-6.070,-1.584,1.042,0.518
38.11,-6.571,-1.455,-1.066,-6.070,-1.584,1.042,0.518
38.13,-6.494,-1.499,-1.063,-5.991,-1.622,1.041,0.518
38.15,-6.494,-1.499,-1.063,-5.991,-1.622,1.041,0.518
38.17,-6.415,-1.544,-1.059,-5.894,-1.671,1.040,0.537
38.19,-6.415,-1.544,-1.059,-5.894,-1.671,1.040,0.537
38.21,-6.335,-1.589,-1.056,-5.818,-1.711,1.039,0.531
38.24,-6.335,-1.589,-1.056,-5.818,-1.711,1.039,0.531
38.26,-6.237,-1.643,-1.052,-5.743,-1.750,1.039,0.505
38.28,-6.237,-1.643,-1.052,-5.743,-1.750,1.039,0.505
38.30,-6.155,-1.689,-1.049,-5.671,-1.789,1.038,0.495
38.32,-6.155,-1.689,-1.049,-5.671,-1.789,1.038,0.495
38.34,-6.073,-1.734,-1.046,-5.643,-1.803,1.038,0.436
38.36,-6.073,-1.734,-1.046,-5.643,-1.803,1.038,0.436
38.38,-6.073,-1.734,-1.046,-5.643,-1.803,1.038,0.436
38.40,-5.943,-1.807,-1.042,-5.541,-1.859,1.037,0.406
38.42,-5.943,-1.807,-1.042,-5.541,-1.859,1.037,0.406
38.44,-5.879,-1.844,-1.040,-5.459,-1.903,1.036,0.424
38.46,-5.879,-1.844,-1.040,-5.459,-1.903,1.036,0.424
38.48,-5.784,-1.898,-1.038,-5.395,-1.937,1.036,0.391
38.51,-5.784,-1.898,-1.038,-5.395,-1.937,1.036,0.391
38.53,-5.707,-1.941,-1.037,-5.334,-1.970,1.035,0.374
38.55,-5.707,-1.941,-1.037,-5.334,-1.970,1.035,0.374
38.57,-5.647,-1.976,-1.036,-5.274,-2.001,1.035,0.374
38.59,-5.647,-1.976,-1.036,-5.274,-2.001,1.035,0.374
38.61,-5.545,-2.033,-1.035,-5.215,-2.030,1.035,0.330
38.63,-5.545,-2.033,-1.035,-5.215,-2.030,1.035,0.330
38.65,-5.476,-2.072,-1.034,-5.158,-2.058,1.034,0.318
38.67,-5.476,-2.072,-1.034,-5.158,-2.058,1.034,0.318
38.69,-5.409,-2.108,-1.034,-5.103,-2.083,1.034,0.308
38.71,-5.409,-2.108,-1.034,-5.103,-2.083,1.034,0.308
38.73,-5.345,-2.142,-1.034,-5.035,-2.111,1.034,0.311
38.75,-5.345,-2.142,-1.034,-5.035,-2.111,1.034,0.311
38.78,-5.283,-2.173,-1.033,-4.982,-2.131,1.034,0.304
38.80,-5.283,-2.173,-1.033,-4.982,-2.131,1.034,0.304
38.82,-5.211,-2.206,-1.033,-4.930,-2.149,1.034,0.287
38.84,-5.211,-2.206,-1.033,-4.930,-2.149,1.034,0.287
38.86,-5.211,-2.206,-1.033,-4.930,-2.149,1.034,0.287
38.88,-5.131,-2.240,-1.033,-4.853,-2.171,1.034,0.286
38.90,-5.131,-2.240,-1.033,-4.853,-2.171,1.034,0.286
38.92,-5.066,-2.263,-1.033,-4.804,-2.182,1.034,0.275
38.94,-5.066,-2.263,-1.033,-4.804,-2.182,1.034,0.275
38.96,-5.013,-2.279,-1.033,-4.742,-2.192,1.034,0.285
38.98,-5.013,-2.279,-1.033,-4.742,-2.192,1.034,0.285
39.00,-4.972,-2.290,-1.033,-4.694,-2.197,1.034,0.293
39.03,-4.972,-2.290,-1.033,-4.694,-2.197,1.034,0.293
39.05,-4.911,-2.301,-1.034,-4.646,-2.199,1.035,0.284
39.07,-4.911,-2.301,-1.034,-4.646,-2.199,1.035,0.284
39.09,-4.862,-2.307,-1.034,-4.598,-2.199,1.035,0.285
39.11,-4.862,-2.307,-1.034,-4.598,-2.199,1.035,0.285
39.13,-4.804,-2.310,-1.035,-4.551,-2.196,1.036,0.277
39.15,-4.804,-2.310,-1.035,-4.551,-2.196,1.036,0.277
39.17,-4.757,-2.308,-1.036,-4.504,-2.191,1.037,0.279
39.19,-4.757,-2.308,-1.036,-4.504,-2.191,1.037,0.279
39.21,-4.710,-2.303,-1.037,-4.445,-2.180,1.039,0.292
39.23,-4.710,-2.303,-1.037,-4.445,-2.180,1.039,0.292
39.26,-4.663,-2.294,-1.038,-4.398,-2.169,1.041,0.293
39.28,-4.663,-2.294,-1.038,-4.398,-2.169,1.041,0.293
39.30,-4.608,-2.280,-1.040,-4.351,-2.156,1.043,0.285
39.32,-4.608,-2.280,-1.040,-4.351,-2.156,1.043,0.285
39.34,-4.562,-2.265,-1.041,-4.301,-2.139,1.046,0.290
39.36,-4.562,-2.265,-1.041,-4.301,-2.139,1.046,0.290
39.38,-4.562,-2.265,-1.041,-4.301,-2.139,1.046,0.290
39.40,-4.488,-2.235,-1.045,-4.230,-2.112,1.050,0.286
39.42,-4.488,-2.235,-1.045,-4.230,-2.112,1.050,0.286
39.44,-4.451,-2.218,-1.047,-4.171,-2.087,1.054,0.310
39.46,-4.451,-2.218,-1.047,-4.171,-2.087,1.054,0.310
39.48,-4.396,-2.188,-1.051,-4.123,-2.066,1.058,0.299
39.50,-4.396,-2.188,-1.051,-4.123,-2.066,1.058,0.299
39.53,-4.349,-2.162,-1.055,-4.077,-2.045,1.062,0.296
39.55,-4.349,-2.162,-1.055,-4.077,-2.045,1.062,0.296
39.57,-4.311,-2.139,-1.058,-4.029,-2.021,1.066,0.306
39.59,-4.311,-2.139,-1.058,-4.029,-2.021,1.066,0.306
39.61,-4.245,-2.097,-1.064,-3.981,-1.998,1.070,0.282
39.63,-4.245,-2.097,-1.064,-3.981,-1.998,1.070,0.282
39.65,-4.206,-2.072,-1.068,-3.932,-1.974,1.074,0.291
39.67,-4.206,-2.072,-1.068,-3.932,-1.974,1.074,0.291
39.69,-4.148,-2.034,-1.074,-3.884,-1.950,1.079,0.277
39.71,-4.148,-2.034,-1.074,-3.884,-1.950,1.079,0.277
39.73,-4.099,-2.002,-1.079,-3.823,-1.921,1.083,0.288
39.75,-4.099,-2.002,-1.079,-3.823,-1.921,1.083,0.288
39.78,-4.060,-1.975,-1.082,-3.774,-1.898,1.087,0.296
39.80,-4.060,-1.975,-1.082,-3.774,-1.898,1.087,0.296
39.82,-3.990,-1.930,-1.088,-3.726,-1.876,1.090,0.270
39.84,-3.990,-1.930,-1.088,-3.726,-1.876,1.090,0.270
39.86,-3.990,-1.930,-1.088,-3.726,-1.876,1.090,0.270
39.88,-3.909,-1.879,-1.094,-3.652,-1.845,1.094,0.260
39.90,-3.909,-1.879,-1.094,-3.652,-1.845,1.094,0.260
39.92,-3.858,-1.849,-1.097,-3.603,-1.826,1.096,0.257
39.94,-3.858,-1.849,-1.097,-3.603,-1.826,1.096,0.257
39.96,-3.807,-1.819,-1.099,-3.541,-1.803,1.098,0.267
39.98,-3.807,-1.819,-1.099,-3.541,-1.803,1.098,0.267
40.00,-3.756,-1.792,-1.101,-3.491,-1.786,1.100,0.265
40.02,-3.756,-1.792,-1.101,-3.491,-1.786,1.100,0.265
40.05,-3.704,-1.766,-1.102,-3.441,-1.771,1.100,0.263
40.07,-3.704,-1.766,-1.102,-3.441,-1.771,1.100,0.263
40.09,-3.653,-1.743,-1.102,-3.391,-1.756,1.100,0.262
40.11,-3.653,-1.743,-1.102,-3.391,-1.756,1.100,0.262
40.13,-3.590,-1.717,-1.100,-3.341,-1.742,1.100,0.251
40.15,-3.590,-1.717,-1.100,-3.341,-1.742,1.100,0.251
40.17,-3.538,-1.699,-1.099,-3.290,-1.729,1.099,0.249
40.19,-3.538,-1.699,-1.099,-3.290,-1.729,1.099,0.249
40.21,-3.486,-1.683,-1.096,-3.240,-1.717,1.097,0.248
40.23,-3.486,-1.683,-1.096,-3.240,-1.717,1.097,0.248
40.25,-3.433,-1.669,-1.093,-3.176,-1.702,1.095,0.259
40.27,-3.433,-1.669,-1.093,-3.176,-1.702,1.095,0.259
40.29,-3.380,-1.657,-1.089,-3.125,-1.692,1.092,0.257
40.32,-3.380,-1.657,-1.089,-3.125,-1.692,1.092,0.257
40.34,-3.316,-1.645,-1.084,-3.074,-1.682,1.089,0.245
40.36,-3.316,-1.645,-1.084,-3.074,-1.682,1.089,0.245
40.38,-3.316,-1.645,-1.084,-3.074,-1.682,1.089,0.245
40.40,-3.231,-1.633,-1.076,-2.997,-1.667,1.084,0.237
40.42,-3.231,-1.633,-1.076,-2.997,-1.667,1.084,0.237
40.44,-3.188,-1.628,-1.072,-2.945,-1.658,1.080,0.245
40.46,-3.188,-1.628,-1.072,-2.945,-1.658,1.080,0.245
40.48,-3.123,-1.622,-1.065,-2.893,-1.650,1.075,0.231
40.50,-3.123,-1.622,-1.065,-2.893,-1.650,1.075,0.231
40.52,-3.079,-1.619,-1.061,-2.828,-1.639,1.069,0.252
40.54,-3.079,-1.619,-1.061,-2.828,-1.639,1.069,0.252
40.56,-3.014,-1.616,-1.054,-2.776,-1.630,1.064,0.238
40.59,-3.014,-1.616,-1.054,-2.776,-1.630,1.064,0.238
40.61,-2.959,-1.614,-1.047,-2.724,-1.622,1.059,0.235
40.63,-2.959,-1.614,-1.047,-2.724,-1.622,1.059,0.235
40.65,-2.903,-1.612,-1.041,-2.672,-1.614,1.053,0.232
40.67,-2.903,-1.612,-1.041,-2.672,-1.614,1.053,0.232
40.69,-2.836,-1.611,-1.034,-2.619,-1.607,1.047,0.218
40.71,-2.836,-1.611,-1.034,-2.619,-1.607,1.047,0.218
40.73,-2.780,-1.610,-1.027,-2.567,-1.599,1.042,0.214
40.75,-2.780,-1.610,-1.027,-2.567,-1.599,1.042,0.214
40.77,-2.724,-1.609,-1.020,-2.501,-1.590,1.034,0.224
40.79,-2.724,-1.609,-1.020,-2.501,-1.590,1.034,0.224
40.81,-2.668,-1.609,-1.013,-2.448,-1.583,1.028,0.222
40.83,-2.668,-1.609,-1.013,-2.448,-1.583,1.028,0.222
40.86,-2.612,-1.608,-1.007,-2.396,-1.576,1.022,0.219
40.88,-2.612,-1.608,-1.007,-2.396,-1.576,1.022,0.219
40.90,-2.612,-1.608,-1.007,-2.396,-1.576,1.022,0.219
40.92,-2.510,-1.607,-0.995,-2.316,-1.567,1.013,0.199
40.94,-2.510,-1.607,-0.995,-2.316,-1.567,1.013,0.199
40.96,-2.454,-1.606,-0.989,-2.264,-1.560,1.007,0.197
40.98,-2.454,-1.606,-0.989,-2.264,-1.560,1.007,0.197
41.00,-2.409,-1.605,-0.984,-2.211,-1.555,1.002,0.206
41.02,-2.409,-1.605,-0.984,-2.211,-1.555,1.002,0.206
41.04,-2.342,-1.603,-0.977,-2.144,-1.548,0.995,0.206
41.06,-2.342,-1.603,-0.977,-2.144,-1.548,0.995,0.206
41.08,-2.297,-1.601,-0.973,-2.092,-1.542,0.989,0.214
41.10,-2.297,-1.601,-0.973,-2.092,-1.542,0.989,0.214
41.12,-2.241,-1.599,-0.968,-2.039,-1.538,0.984,0.212
41.15,-2.241,-1.599,-0.968,-2.039,-1.538,0.984,0.212
41.17,-2.185,-1.597,-0.963,-1.986,-1.533,0.979,0.210
41.19,-2.185,-1.597,-0.963,-1.986,-1.533,0.979,0.210
41.21,-2.118,-1.595,-0.958,-1.933,-1.530,0.974,0.197
41.23,-2.118,-1.595,-0.958,-1.933,-1.530,0.974,0.197
41.25,-2.051,-1.592,-0.953,-1.880,-1.526,0.969,0.184
41.27,-2.051,-1.592,-0.953,-1.880,-1.526,0.969,0.184
41.29,-1.995,-1.590,-0.949,-1.814,-1.523,0.963,0.194
41.31,-1.995,-1.590,-0.949,-1.814,-1.523,0.963,0.194
41.33,-1.940,-1.587,-0.945,-1.761,-1.521,0.959,0.192
41.35,-1.940,-1.587,-0.945,-1.761,-1.521,0.959,0.192
41.37,-1.940,-1.587,-0.945,-1.761,-1.521,0.959,0.192
41.40,-1.863,-1.585,-0.941,-1.682,-1.519,0.954,0.193
41.42,-1.863,-1.585,-0.941,-1.682,-1.519,0.954,0.193
41.44,-1.786,-1.582,-0.937,-1.629,-1.518,0.950,0.171
41.46,-1.786,-1.582,-0.937,-1.629,-1.518,0.950,0.171
41.48,-1.732,-1.581,-0.935,-1.576,-1.519,0.947,0.169
41.50,-1.732,-1.581,-0.935,-1.576,-1.519,0.947,0.169
41.52,-1.689,-1.580,-0.933,-1.523,-1.520,0.944,0.177
41.54,-1.689,-1.580,-0.933,-1.523,-1.520,0.944,0.177
41.56,-1.635,-1.579,-0.931,-1.469,-1.522,0.941,0.175
41.58,-1.635,-1.579,-0.931,-1.469,-1.522,0.941,0.175
41.60,-1.571,-1.579,-0.930,-1.403,-1.526,0.939,0.176
41.62,-1.571,-1.579,-0.930,-1.403,-1.526,0.939,0.176
41.64,-1.528,-1.579,-0.929,-1.350,-1.529,0.937,0.185
41.67,-1.528,-1.579,-0.929,-1.350,-1.529,0.937,0.185
41.69,-1.465,-1.579,-0.928,-1.298,-1.533,0.935,0.173
41.71,-1.465,-1.579,-0.928,-1.298,-1.533,0.935,0.173
41.73,-1.401,-1.580,-0.927,-1.245,-1.538,0.934,0.162
41.75,-1.401,-1.580,-0.927,-1.245,-1.538,0.934,0.162
41.77,-1.349,-1.581,-0.927,-1.192,-1.544,0.932,0.161
41.79,-1.349,-1.581,-0.927,-1.192,-1.544,0.932,0.161
41.81,-1.296,-1.583,-0.927,-1.139,-1.550,0.932,0.160
41.83,-1.296,-1.583,-0.927,-1.139,-1.550,0.932,0.160
41.85,-1.243,-1.585,-0.928,-1.073,-1.558,0.931,0.173
41.87,-1.243,-1.585,-0.928,-1.073,-1.558,0.931,0.173
41.89,-1.243,-1.585,-0.928,-1.073,-1.558,0.931,0.173
41.92,-1.170,-1.590,-0.928,-0.994,-1.570,0.931,0.177
41.94,-1.170,-1.590,-0.928,-0.994,-1.570,0.931,0.177
41.96,-1.107,-1.595,-0.929,-0.941,-1.578,0.931,0.167
41.98,-1.107,-1.595,-0.929,-0.941,-1.578,0.931,0.167
42.00,-1.044,-1.601,-0.931,-0.888,-1.587,0.931,0.157
42.02,-1.044,-1.601,-0.931,-0.888,-1.587,0.931,0.157
42.04,-0.992,-1.606,-0.932,-0.835,-1.596,0.931,0.157
42.06,-0.992,-1.606,-0.932,-0.835,-1.596,0.931,0.157
42.08,-0.950,-1.611,-0.933,-0.781,-1.605,0.932,0.168
42.10,-0.950,-1.611,-0.933,-0.781,-1.605,0.932,0.168
42.12,-0.886,-1.620,-0.935,-0.714,-1.617,0.933,0.172
42.14,-0.886,-1.620,-0.935,-0.714,-1.617,0.933,0.172
42.16,-0.833,-1.627,-0.936,-0.661,-1.626,0.934,0.173
42.19,-0.833,-1.627,-0.936,-0.661,-1.626,0.934,0.173
42.21,-0.791,-1.634,-0.938,-0.607,-1.635,0.936,0.184
42.23,-0.791,-1.634,-0.938,-0.607,-1.635,0.936,0.184
42.25,-0.727,-1.644,-0.940,-0.553,-1.645,0.937,0.174
42.27,-0.727,-1.644,-0.940,-0.553,-1.645,0.937,0.174
42.29,-0.663,-1.655,-0.942,-0.499,-1.654,0.939,0.164
42.31,-0.663,-1.655,-0.942,-0.499,-1.654,0.939,0.164
42.33,-0.609,-1.664,-0.943,-0.445,-1.662,0.941,0.165
42.35,-0.609,-1.664,-0.943,-0.445,-1.662,0.941,0.165
42.37,-0.556,-1.674,-0.945,-0.377,-1.673,0.943,0.179
42.39,-0.556,-1.674,-0.945,-0.377,-1.673,0.943,0.179
42.41,-0.556,-1.674,-0.945,-0.377,-1.673,0.943,0.179
42.43,-0.480,-1.687,-0.948,-0.296,-1.684,0.946,0.184
42.46,-0.480,-1.687,-0.948,-0.296,-1.684,0.946,0.184
42.48,-0.403,-1.699,-0.950,-0.242,-1.690,0.948,0.161
42.50,-0.403,-1.699,-0.950,-0.242,-1.690,0.948,0.161
42.52,-0.348,-1.708,-0.952,-0.189,-1.696,0.950,0.160
42.54,-0.348,-1.708,-0.952,-0.189,-1.696,0.950,0.160
42.56,-0.293,-1.716,-0.954,-0.134,-1.701,0.953,0.160
42.58,-0.293,-1.716,-0.954,-0.134,-1.701,0.953,0.160
42.60,-0.239,-1.723,-0.956,-0.081,-1.705,0.955,0.159
42.62,-0.239,-1.723,-0.956,-0.081,-1.705,0.955,0.159
42.64,-0.184,-1.730,-0.958,-0.015,-1.709,0.958,0.170
42.66,-0.184,-1.730,-0.958,-0.015,-1.709,0.958,0.170
42.68,-0.129,-1.735,-0.960,0.037,-1.710,0.960,0.169
42.71,-0.129,-1.735,-0.960,0.037,-1.710,0.960,0.169
42.73,-0.086,-1.739,-0.961,0.089,-1.711,0.963,0.177
42.75,-0.086,-1.739,-0.961,0.089,-1.711,0.963,0.177
42.77,-0.010,-1.744,-0.964,0.141,-1.710,0.965,0.155
42.79,-0.010,-1.744,-0.964,0.141,-1.710,0.965,0.155
42.81,0.033,-1.746,-0.966,0.192,-1.708,0.967,0.164
42.83,0.033,-1.746,-0.966,0.192,-1.708,0.967,0.164
42.85,0.097,-1.747,-0.969,0.243,-1.705,0.970,0.152
42.87,0.097,-1.747,-0.969,0.243,-1.705,0.970,0.152
42.89,0.097,-1.747,-0.969,0.243,-1.705,0.970,0.152
42.91,0.170,-1.747,-0.972,0.330,-1.695,0.974,0.168
42.93,0.170,-1.747,-0.972,0.330,-1.695,0.974,0.168
42.96,0.222,-1.744,-0.975,0.380,-1.688,0.976,0.167
42.98,0.222,-1.744,-0.975,0.380,-1.688,0.976,0.167
43.00,0.294,-1.739,-0.978,0.429,-1.680,0.978,0.148
43.02,0.294,-1.739,-0.978,0.429,-1.680,0.978,0.148
43.04,0.344,-1.733,-0.981,0.478,-1.670,0.980,0.148
43.06,0.344,-1.733,-0.981,0.478,-1.670,0.980,0.148
43.08,0.394,-1.726,-0.983,0.527,-1.660,0.982,0.149
43.10,0.394,-1.726,-0.983,0.527,-1.660,0.982,0.149
43.12,0.443,-1.716,-0.985,0.576,-1.648,0.984,0.150
43.14,0.443,-1.716,-0.985,0.576,-1.648,0.984,0.150
43.16,0.491,-1.706,-0.987,0.638,-1.631,0.986,0.164
43.18,0.491,-1.706,-0.987,0.638,-1.631,0.986,0.164
43.20,0.540,-1.693,-0.989,0.687,-1.617,0.988,0.166
43.23,0.540,-1.693,-0.989,0.687,-1.617,0.988,0.166
43.25,0.588,-1.680,-0.991,0.737,-1.602,0.990,0.168
43.27,0.588,-1.680,-0.991,0.737,-1.602,0.990,0.168
43.29,0.636,-1.664,-0.993,0.787,-1.586,0.992,0.170
43.31,0.636,-1.664,-0.993,0.787,-1.586,0.992,0.170
43.33,0.694,-1.644,-0.994,0.837,-1.569,0.993,0.161
43.35,0.694,-1.644,-0.994,0.837,-1.569,0.993,0.161
43.37,0.733,-1.630,-0.995,0.887,-1.551,0.995,0.174
43.39,0.733,-1.630,-0.995,0.887,-1.551,0.995,0.174
43.41,0.733,-1.630,-0.995,0.887,-1.551,0.995,0.174
43.43,0.811,-1.599,-0.997,0.977,-1.519,0.997,0.185
43.45,0.811,-1.599,-0.997,0.977,-1.519,0.997,0.185
43.47,0.860,-1.578,-0.997,1.029,-1.500,0.998,0.187
43.50,0.860,-1.578,-0.997,1.029,-1.500,0.998,0.187
43.52,0.930,-1.548,-0.998,1.082,-1.480,0.999,0.167
43.54,0.930,-1.548,-0.998,1.082,-1.480,0.999,0.167
43.56,0.980,-1.525,-0.999,1.092,-1.478,0.999,0.122
43.58,0.980,-1.525,-0.999,1.092,-1.478,0.999,0.122
43.60,1.031,-1.501,-1.000,1.146,-1.458,1.000,0.123
43.62,1.031,-1.501,-1.000,1.146,-1.458,1.000,0.123
43.64,1.082,-1.477,-1.000,1.199,-1.438,1.001,0.123
43.66,1.082,-1.477,-1.000,1.199,-1.438,1.001,0.123
43.68,1.134,-1.453,-1.001,1.266,-1.414,1.002,0.138
43.70,1.134,-1.453,-1.001,1.266,-1.414,1.002,0.138
43.72,1.187,-1.428,-1.001,1.320,-1.394,1.002,0.137
43.74,1.187,-1.428,-1.001,1.320,-1.394,1.002,0.137
43.77,1.240,-1.403,-1.001,1.372,-1.375,1.003,0.136
43.79,1.240,-1.403,-1.001,1.372,-1.375,1.003,0.136
43.81,1.294,-1.379,-1.001,1.424,-1.356,1.003,0.133
43.83,1.294,-1.379,-1.001,1.424,-1.356,1.003,0.133
43.85,1.348,-1.354,-1.001,1.475,-1.338,1.004,0.128
43.87,1.348,-1.354,-1.001,1.475,-1.338,1.004,0.128
43.89,1.348,-1.354,-1.001,1.475,-1.338,1.004,0.128
43.91,1.436,-1.315,-1.001,1.549,-1.312,1.004,0.113
43.93,1.436,-1.315,-1.001,1.549,-1.312,1.004,0.113
43.95,1.491,-1.292,-1.001,1.608,-1.292,1.005,0.118
43.97,1.491,-1.292,-1.001,1.608,-1.292,1.005,0.118
43.99,1.545,-1.269,-1.001,1.654,-1.276,1.005,0.110
44.01,1.545,-1.269,-1.001,1.654,-1.276,1.005,0.110
44.04,1.598,-1.247,-1.001,1.699,-1.262,1.005,0.102
44.06,1.598,-1.247,-1.001,1.699,-1.262,1.005,0.102
44.08,1.671,-1.218,-1.001,1.742,-1.248,1.005,0.077
44.10,1.671,-1.218,-1.001,1.742,-1.248,1.005,0.077
44.12,1.721,-1.199,-1.001,1.784,-1.235,1.005,0.072
44.14,1.721,-1.199,-1.001,1.784,-1.235,1.005,0.072
44.16,1.770,-1.181,-1.002,1.824,-1.223,1.005,0.068
44.18,1.770,-1.181,-1.002,1.824,-1.223,1.005,0.068
44.20,1.816,-1.164,-1.002,1.872,-1.208,1.005,0.071
44.22,1.816,-1.164,-1.002,1.872,-1.208,1.005,0.071
44.24,1.861,-1.149,-1.003,1.905,-1.199,1.005,0.067
44.27,1.861,-1.149,-1.003,1.905,-1.199,1.005,0.067
44.29,1.895,-1.138,-1.003,1.940,-1.190,1.005,0.069
44.31,1.895,-1.138,-1.003,1.940,-1.190,1.005,0.069
44.33,1.952,-1.120,-1.004,1.972,-1.182,1.003,0.065
44.35,1.952,-1.120,-1.004,1.972,-1.182,1.003,0.065
44.37,1.990,-1.110,-1.004,1.998,-1.178,0.999,0.069
44.39,1.990,-1.110,-1.004,1.998,-1.178,0.999,0.069
44.41,1.990,-1.110,-1.004,1.998,-1.178,0.999,0.069
44.43,2.039,-1.097,-1.005,2.026,-1.177,0.989,0.083
44.45,2.039,-1.097,-1.005,2.026,-1.177,0.989,0.083
44.47,2.072,-1.089,-1.004,2.038,-1.181,0.976,0.102
44.49,2.072,-1.089,-1.004,2.038,-1.181,0.976,0.102
44.51,2.103,-1.083,-1.001,2.038,-1.187,0.964,0.128
44.54,2.103,-1.083,-1.001,2.038,-1.187,0.964,0.128
44.56,2.142,-1.078,-0.993,2.029,-1.194,0.952,0.167
44.58,2.142,-1.078,-0.993,2.029,-1.194,0.952,0.167
44.60,2.165,-1.076,-0.983,2.012,-1.201,0.940,0.202
44.62,2.165,-1.076,-0.983,2.012,-1.201,0.940,0.202
44.64,2.180,-1.077,-0.974,1.986,-1.207,0.930,0.238
44.66,2.180,-1.077,-0.974,1.986,-1.207,0.930,0.238
44.68,2.193,-1.082,-0.961,1.950,-1.211,0.923,0.279
44.70,2.193,-1.082,-0.961,1.950,-1.211,0.923,0.279
44.72,2.195,-1.090,-0.951,1.892,-1.212,0.920,0.328
44.74,2.195,-1.090,-0.951,1.892,-1.212,0.920,0.328
44.76,2.185,-1.103,-0.944,1.836,-1.206,0.923,0.365
44.79,2.185,-1.103,-0.944,1.836,-1.206,0.923,0.365
44.81,2.163,-1.118,-0.943,1.773,-1.194,0.933,0.398
44.83,2.163,-1.118,-0.943,1.773,-1.194,0.933,0.398
44.85,2.127,-1.135,-0.947,1.704,-1.175,0.951,0.426
44.87,2.127,-1.135,-0.947,1.704,-1.175,0.951,0.426
44.89,2.066,-1.155,-0.959,1.630,-1.148,0.976,0.436
44.91,2.066,-1.155,-0.959,1.630,-1.148,0.976,0.436
44.93,2.066,-1.155,-0.959,1.630,-1.148,0.976,0.436
44.95,1.970,-1.174,-0.985,1.514,-1.092,1.031,0.465
44.97,1.970,-1.174,-0.985,1.514,-1.092,1.031,0.465
44.99,1.886,-1.181,-1.012,1.415,-1.031,1.090,0.501
45.01,1.886,-1.181,-1.012,1.415,-1.031,1.090,0.501
45.03,1.794,-1.183,-1.048,1.335,-0.975,1.146,0.513
45.06,1.794,-1.183,-1.048,1.335,-0.975,1.146,0.513
45.08,1.654,-1.173,-1.111,1.255,-0.912,1.208,0.486
45.10,1.654,-1.173,-1.111,1.255,-0.912,1.208,0.486
45.12,1.549,-1.155,-1.166,1.175,-0.845,1.275,0.498
45.14,1.549,-1.155,-1.166,1.175,-0.845,1.275,0.498
45.16,1.443,-1.130,-1.229,1.185,-0.873,1.246,0.364
45.18,1.443,-1.130,-1.229,1.185,-0.873,1.246,0.364
45.20,1.336,-1.095,-1.300,1.106,-0.805,1.315,0.371
45.22,1.336,-1.095,-1.300,1.106,-0.805,1.315,0.371
45.24,1.251,-1.060,-1.363,1.007,-0.720,1.401,0.420
45.26,1.251,-1.060,-1.363,1.007,-0.720,1.401,0.420
45.28,1.126,-0.998,-1.465,1.014,-0.732,1.383,0.300
45.31,1.126,-0.998,-1.465,1.014,-0.732,1.383,0.300
45.33,1.045,-0.952,-1.535,0.939,-0.669,1.446,0.315
45.35,1.045,-0.952,-1.535,0.939,-0.669,1.446,0.315
45.37,0.907,-0.863,-1.652,0.866,-0.608,1.505,0.297
45.39,0.907,-0.863,-1.652,0.866,-0.608,1.505,0.297
45.41,0.907,-0.863,-1.652,0.866,-0.608,1.505,0.297
45.43,0.775,-0.768,-1.756,0.760,-0.521,1.586,0.300
45.45,0.775,-0.768,-1.756,0.760,-0.521,1.586,0.300
45.47,0.685,-0.699,-1.821,0.677,-0.454,1.645,0.302
45.49,0.685,-0.699,-1.821,0.677,-0.454,1.645,0.302
45.51,0.597,-0.631,-1.876,0.613,-0.405,1.685,0.296
45.54,0.597,-0.631,-1.876,0.613,-0.405,1.685,0.296
45.56,0.480,-0.538,-1.938,0.553,-0.360,1.719,0.292
45.58,0.480,-0.538,-1.938,0.553,-0.360,1.719,0.292
45.60,0.400,-0.474,-1.972,0.497,-0.320,1.745,0.291
45.62,0.400,-0.474,-1.972,0.497,-0.320,1.745,0.291
45.64,0.323,-0.412,-1.996,0.444,-0.283,1.765,0.291
45.66,0.323,-0.412,-1.996,0.444,-0.283,1.765,0.291
45.68,0.249,-0.354,-2.010,0.395,-0.251,1.778,0.293
45.70,0.249,-0.354,-2.010,0.395,-0.251,1.778,0.293
45.72,0.179,-0.298,-2.014,0.338,-0.216,1.786,0.290
45.74,0.179,-0.298,-2.014,0.338,-0.216,1.786,0.290
45.76,0.112,-0.246,-2.009,0.296,-0.191,1.786,0.294
45.78,0.112,-0.246,-2.009,0.296,-0.191,1.786,0.294
45.81,0.049,-0.197,-1.994,0.257,-0.171,1.781,0.299
45.83,0.049,-0.197,-1.994,0.257,-0.171,1.781,0.299
45.85,-0.011,-0.153,-1.972,0.221,-0.153,1.771,0.306
45.87,-0.011,-0.153,-1.972,0.221,-0.153,1.771,0.306
45.89,-0.075,-0.105,-1.936,0.188,-0.139,1.757,0.320
45.91,-0.075,-0.105,-1.936,0.188,-0.139,1.757,0.320
45.93,-0.075,-0.105,-1.936,0.188,-0.139,1.757,0.320
45.95,-0.142,-0.058,-1.885,0.142,-0.122,1.728,0.331
45.97,-0.142,-0.058,-1.885,0.142,-0.122,1.728,0.331
45.99,-0.184,-0.030,-1.843,0.108,-0.112,1.699,0.335
46.01,-0.184,-0.030,-1.843,0.108,-0.112,1.699,0.335
46.03,-0.220,-0.007,-1.797,0.082,-0.107,1.672,0.342
46.05,-0.220,-0.007,-1.797,0.082,-0.107,1.672,0.342
46.08,-0.252,0.011,-1.750,0.057,-0.103,1.644,0.345
46.10,-0.252,0.011,-1.750,0.057,-0.103,1.644,0.345
46.12,-0.287,0.029,-1.681,0.032,-0.101,1.615,0.351
46.14,-0.287,0.029,-1.681,0.032,-0.101,1.615,0.351
46.16,-0.303,0.035,-1.642,0.009,-0.100,1.585,0.344
46.18,-0.303,0.035,-1.642,0.009,-0.100,1.585,0.344
46.20,-0.322,0.040,-1.585,-0.015,-0.100,1.555,0.338
46.22,-0.322,0.040,-1.585,-0.015,-0.100,1.555,0.338
46.24,-0.333,0.040,-1.539,-0.039,-0.101,1.525,0.326
46.26,-0.333,0.040,-1.539,-0.039,-0.101,1.525,0.326
46.28,-0.339,0.037,-1.504,-0.107,-0.109,1.481,0.275
46.30,-0.339,0.037,-1.504,-0.107,-0.109,1.481,0.275
46.32,-0.345,0.029,-1.455,-0.133,-0.112,1.453,0.255
46.35,-0.345,0.029,-1.455,-0.133,-0.112,1.453,0.255
46.37,-0.348,0.020,-1.418,-0.160,-0.116,1.426,0.233
46.39,-0.348,0.020,-1.418,-0.160,-0.116,1.426,0.233
46.41,-0.350,0.009,-1.385,-0.187,-0.121,1.401,0.209
46.43,-0.350,0.009,-1.385,-0.187,-0.121,1.401,0.209
46.45,-0.350,0.009,-1.385,-0.187,-0.121,1.401,0.209
46.47,-0.352,-0.011,-1.342,-0.231,-0.130,1.367,0.172
46.49,-0.352,-0.011,-1.342,-0.231,-0.130,1.367,0.172
46.51,-0.354,-0.025,-1.320,-0.261,-0.138,1.347,0.149
46.53,-0.354,-0.025,-1.320,-0.261,-0.138,1.347,0.149
46.55,-0.356,-0.039,-1.302,-0.301,-0.150,1.326,0.126
46.57,-0.356,-0.039,-1.302,-0.301,-0.150,1.326,0.126
46.59,-0.361,-0.054,-1.288,-0.334,-0.161,1.312,0.112
46.62,-0.361,-0.054,-1.288,-0.334,-0.161,1.312,0.112
46.64,-0.368,-0.073,-1.276,-0.369,-0.173,1.301,0.104
46.66,-0.368,-0.073,-1.276,-0.369,-0.173,1.301,0.104
46.68,-0.379,-0.092,-1.269,-0.405,-0.187,1.293,0.102
46.70,-0.379,-0.092,-1.269,-0.405,-0.187,1.293,0.102
46.72,-0.390,-0.108,-1.268,-0.442,-0.202,1.289,0.109
46.74,-0.390,-0.108,-1.268,-0.442,-0.202,1.289,0.109
46.76,-0.405,-0.125,-1.272,-0.491,-0.222,1.287,0.131
46.78,-0.405,-0.125,-1.272,-0.491,-0.222,1.287,0.131
46.80,-0.422,-0.142,-1.279,-0.532,-0.239,1.288,0.147
46.82,-0.422,-0.142,-1.279,-0.532,-0.239,1.288,0.147
46.85,-0.442,-0.161,-1.289,-0.574,-0.258,1.292,0.164
46.87,-0.442,-0.161,-1.289,-0.574,-0.258,1.292,0.164
46.89,-0.465,-0.180,-1.301,-0.618,-0.278,1.300,0.181
46.91,-0.465,-0.180,-1.301,-0.618,-0.278,1.300,0.181
46.93,-0.465,-0.180,-1.301,-0.618,-0.278,1.300,0.181
46.95,-0.507,-0.212,-1.327,-0.685,-0.309,1.315,0.203
46.97,-0.507,-0.212,-1.327,-0.685,-0.309,1.315,0.203
46.99,-0.536,-0.234,-1.346,-0.732,-0.330,1.328,0.219
47.01,-0.536,-0.234,-1.346,-0.732,-0.330,1.328,0.219
47.03,-0.569,-0.256,-1.366,-0.792,-0.358,1.348,0.246
47.05,-0.569,-0.256,-1.366,-0.792,-0.358,1.348,0.246
47.07,-0.603,-0.280,-1.389,-0.841,-0.381,1.366,0.260
47.09,-0.603,-0.280,-1.389,-0.841,-0.381,1.366,0.260
47.12,-0.641,-0.304,-1.412,-0.891,-0.405,1.385,0.272
47.14,-0.641,-0.304,-1.412,-0.891,-0.405,1.385,0.272
47.16,-0.696,-0.338,-1.447,-0.942,-0.429,1.406,0.266
47.18,-0.696,-0.338,-1.447,-0.942,-0.429,1.406,0.266
47.20,-0.738,-0.363,-1.472,-0.994,-0.453,1.429,0.275
47.22,-0.738,-0.363,-1.472,-0.994,-0.453,1.429,0.275
47.24,-0.782,-0.388,-1.499,-1.047,-0.477,1.452,0.284
47.26,-0.782,-0.388,-1.499,-1.047,-0.477,1.452,0.284
47.28,-0.827,-0.414,-1.525,-1.101,-0.501,1.476,0.291
47.30,-0.827,-0.414,-1.525,-1.101,-0.501,1.476,0.291
47.32,-0.874,-0.440,-1.551,-1.146,-0.521,1.496,0.289
47.34,-0.874,-0.440,-1.551,-1.146,-0.521,1.496,0.289
47.36,-0.922,-0.465,-1.577,-1.200,-0.545,1.521,0.295
47.39,-0.922,-0.465,-1.577,-1.200,-0.545,1.521,0.295
47.41,-0.972,-0.491,-1.603,-1.255,-0.568,1.545,0.299
47.43,-0.972,-0.491,-1.603,-1.255,-0.568,1.545,0.299
47.45,-0.972,-0.491,-1.603,-1.255,-0.568,1.545,0.299
47.47,-1.054,-0.531,-1.643,-1.336,-0.603,1.581,0.298
47.49,-1.054,-0.531,-1.643,-1.336,-0.603,1.581,0.298
47.51,-1.106,-0.556,-1.666,-1.389,-0.626,1.603,0.299
47.53,-1.106,-0.556,-1.666,-1.389,-0.626,1.603,0.299
47.55,-1.159,-0.580,-1.688,-1.442,-0.649,1.623,0.299
47.57,-1.159,-0.580,-1.688,-1.442,-0.649,1.623,0.299
47.59,-1.212,-0.604,-1.708,-1.507,-0.676,1.646,0.309
47.61,-1.212,-0.604,-1.708,-1.507,-0.676,1.646,0.309
47.63,-1.266,-0.628,-1.725,-1.557,-0.697,1.662,0.306
47.66,-1.266,-0.628,-1.725,-1.557,-0.697,1.662,0.306
47.68,-1.331,-0.655,-1.742,-1.607,-0.718,1.675,0.291
47.70,-1.331,-0.655,-1.742,-1.607,-0.718,1.675,0.291
47.72,-1.395,-0.682,-1.756,-1.655,-0.738,1.686,0.274
47.74,-1.395,-0.682,-1.756,-1.655,-0.738,1.686,0.274
47.76,-1.438,-0.700,-1.762,-1.702,-0.758,1.695,0.279
47.78,-1.438,-0.700,-1.762,-1.702,-0.758,1.695,0.279
47.80,-1.501,-0.725,-1.766,-1.748,-0.777,1.701,0.261
47.82,-1.501,-0.725,-1.766,-1.748,-0.777,1.701,0.261
47.84,-1.553,-0.745,-1.766,-1.804,-0.800,1.705,0.265
47.86,-1.553,-0.745,-1.766,-1.804,-0.800,1.705,0.265
47.88,-1.603,-0.765,-1.763,-1.848,-0.818,1.705,0.257
47.90,-1.603,-0.765,-1.763,-1.848,-0.818,1.705,0.257
47.93,-1.603,-0.765,-1.763,-1.848,-0.818,1.705,0.257
47.95,-1.671,-0.792,-1.754,-1.912,-0.843,1.700,0.252
47.97,-1.671,-0.792,-1.754,-1.912,-0.843,1.700,0.252
47.99,-1.728,-0.814,-1.742,-1.953,-0.859,1.694,0.234
48.01,-1.728,-0.814,-1.742,-1.953,-0.859,1.694,0.234
48.03,-1.773,-0.831,-1.729,-1.994,-0.874,1.686,0.228
48.05,-1.773,-0.831,-1.729,-1.994,-0.874,1.686,0.228
48.07,-1.818,-0.848,-1.713,-2.034,-0.889,1.675,0.223
48.09,-1.818,-0.848,-1.713,-2.034,-0.889,1.675,0.223
48.11,-1.861,-0.864,-1.695,-2.083,-0.907,1.659,0.229
48.13,-1.861,-0.864,-1.695,-2.083,-0.907,1.659,0.229
48.15,-1.903,-0.879,-1.676,-2.122,-0.920,1.644,0.224
48.17,-1.903,-0.879,-1.676,-2.122,-0.920,1.644,0.224
48.20,-1.944,-0.894,-1.654,-2.160,-0.933,1.627,0.221
48.22,-1.944,-0.894,-1.654,-2.160,-0.933,1.627,0.221
48.24,-2.000,-0.913,-1.622,-2.198,-0.946,1.609,0.202
48.26,-2.000,-0.913,-1.622,-2.198,-0.946,1.609,0.202
48.28,-2.039,-0.925,-1.598,-2.237,-0.959,1.589,0.201
48.30,-2.039,-0.925,-1.598,-2.237,-0.959,1.589,0.201
48.32,-2.069,-0.935,-1.578,-2.300,-0.977,1.555,0.235
48.34,-2.069,-0.935,-1.578,-2.300,-0.977,1.555,0.235
48.36,-2.114,-0.948,-1.548,-2.348,-0.993,1.527,0.239
48.38,-2.114,-0.948,-1.548,-2.348,-0.993,1.527,0.239
48.40,-2.143,-0.957,-1.527,-2.387,-1.005,1.505,0.249
48.42,-2.143,-0.957,-1.527,-2.387,-1.005,1.505,0.249
48.44,-2.143,-0.957,-1.527,-2.387,-1.005,1.505,0.249
48.47,-2.201,-0.972,-1.485,-2.445,-1.023,1.470,0.250
48.49,-2.201,-0.972,-1.485,-2.445,-1.023,1.470,0.250
48.51,-2.237,-0.981,-1.458,-2.485,-1.037,1.446,0.254
48.53,-2.237,-0.981,-1.458,-2.485,-1.037,1.446,0.254
48.55,-2.281,-0.992,-1.427,-2.525,-1.050,1.423,0.251
48.57,-2.281,-0.992,-1.427,-2.525,-1.050,1.423,0.251
48.59,-2.317,-1.000,-1.402,-2.565,-1.065,1.399,0.257
48.61,-2.317,-1.000,-1.402,-2.565,-1.065,1.399,0.257
48.63,-2.354,-1.009,-1.377,-2.617,-1.086,1.371,0.275
48.65,-2.354,-1.009,-1.377,-2.617,-1.086,1.371,0.275
48.67,-2.391,-1.017,-1.354,-2.659,-1.103,1.350,0.282
48.70,-2.391,-1.017,-1.354,-2.659,-1.103,1.350,0.282
48.72,-2.444,-1.030,-1.324,-2.702,-1.122,1.329,0.274
48.74,-2.444,-1.030,-1.324,-2.702,-1.122,1.329,0.274
48.76,-2.484,-1.040,-1.304,-2.746,-1.142,1.309,0.281
48.78,-2.484,-1.040,-1.304,-2.746,-1.142,1.309,0.281
48.80,-2.524,-1.051,-1.286,-2.790,-1.164,1.290,0.289
48.82,-2.524,-1.051,-1.286,-2.790,-1.164,1.290,0.289
48.84,-2.565,-1.064,-1.270,-2.836,-1.187,1.272,0.298
48.86,-2.565,-1.064,-1.270,-2.836,-1.187,1.272,0.298
48.88,-2.607,-1.078,-1.256,-2.894,-1.217,1.252,0.319
48.90,-2.607,-1.078,-1.256,-2.894,-1.217,1.252,0.319
48.92,-2.651,-1.094,-1.243,-2.943,-1.243,1.238,0.328
48.94,-2.651,-1.094,-1.243,-2.943,-1.243,1.238,0.328
48.96,-2.651,-1.094,-1.243,-2.943,-1.243,1.238,0.328
48.99,-2.714,-1.120,-1.228,-3.017,-1.284,1.219,0.345
49.01,-2.714,-1.120,-1.228,-3.017,-1.284,1.219,0.345
49.03,-2.760,-1.141,-1.219,-3.068,-1.313,1.208,0.353
49.05,-2.760,-1.141,-1.219,-3.068,-1.313,1.208,0.353
49.07,-2.818,-1.169,-1.211,-3.120,-1.342,1.199,0.349
49.09,-2.818,-1.169,-1.211,-3.120,-1.342,1.199,0.349
49.11,-2.868,-1.194,-1.206,-3.174,-1.373,1.192,0.355
49.13,-2.868,-1.194,-1.206,-3.174,-1.373,1.192,0.355
49.15,-2.919,-1.222,-1.203,-3.242,-1.413,1.185,0.376
49.17,-2.919,-1.222,-1.203,-3.242,-1.413,1.185,0.376
49.19,-2.972,-1.251,-1.201,-3.298,-1.445,1.181,0.380
49.21,-2.972,-1.251,-1.201,-3.298,-1.445,1.181,0.380
49.24,-3.026,-1.282,-1.200,-3.356,-1.478,1.179,0.384
49.26,-3.026,-1.282,-1.200,-3.356,-1.478,1.179,0.384
49.28,-3.105,-1.329,-1.202,-3.414,-1.512,1.179,0.360
49.30,-3.105,-1.329,-1.202,-3.414,-1.512,1.179,0.360
49.32,-3.163,-1.364,-1.205,-3.440,-1.526,1.179,0.322
49.34,-3.163,-1.364,-1.205,-3.440,-1.526,1.179,0.322
49.36,-3.223,-1.400,-1.209,-3.467,-1.541,1.179,0.284
49.38,-3.223,-1.400,-1.209,-3.467,-1.541,1.179,0.284
49.40,-3.284,-1.437,-1.215,-3.540,-1.581,1.184,0.295
49.42,-3.284,-1.437,-1.215,-3.540,-1.581,1.184,0.295
49.44,-3.284,-1.437,-1.215,-3.540,-1.581,1.184,0.295
49.46,-3.373,-1.491,-1.225,-3.597,-1.613,1.191,0.257
49.49,-3.373,-1.491,-1.225,-3.597,-1.613,1.191,0.257
49.51,-3.438,-1.529,-1.233,-3.659,-1.646,1.199,0.252
49.53,-3.438,-1.529,-1.233,-3.659,-1.646,1.199,0.252
49.55,-3.504,-1.568,-1.242,-3.722,-1.678,1.209,0.246
49.57,-3.504,-1.568,-1.242,-3.722,-1.678,1.209,0.246
49.59,-3.585,-1.615,-1.254,-3.785,-1.710,1.219,0.224
49.61,-3.585,-1.615,-1.254,-3.785,-1.710,1.219,0.224
49.63,-3.653,-1.654,-1.265,-3.848,-1.741,1.231,0.216
49.65,-3.653,-1.654,-1.265,-3.848,-1.741,1.231,0.216
49.67,-3.722,-1.692,-1.277,-3.927,-1.778,1.247,0.224
49.69,-3.722,-1.692,-1.277,-3.927,-1.778,1.247,0.224
49.71,-3.791,-1.729,-1.289,-3.990,-1.807,1.260,0.215
49.73,-3.791,-1.729,-1.289,-3.990,-1.807,1.260,0.215
49.76,-3.860,-1.766,-1.303,-4.052,-1.834,1.275,0.206
49.78,-3.860,-1.766,-1.303,-4.052,-1.834,1.275,0.206
49.80,-3.956,-1.815,-1.323,-4.114,-1.860,1.289,0.168
49.82,-3.956,-1.815,-1.323,-4.114,-1.860,1.289,0.168
49.84,-4.023,-1.848,-1.337,-4.175,-1.884,1.305,0.159
49.86,-4.023,-1.848,-1.337,-4.175,-1.884,1.305,0.159
49.88,-4.091,-1.880,-1.352,-4.236,-1.907,1.321,0.151
49.90,-4.091,-1.880,-1.352,-4.236,-1.907,1.321,0.151
49.92,-4.157,-1.910,-1.367,-4.311,-1.934,1.341,0.157
49.94,-4.157,-1.910,-1.367,-4.311,-1.934,1.341,0.157
49.96,-4.157,-1.910,-1.367,-4.311,-1.934,1.341,0.157
49.98,-4.249,-1.949,-1.388,-4.398,-1.962,1.365,0.152
50.00,-4.249,-1.949,-1.388,-4.398,-1.962,1.365,0.152
50.03,-4.312,-1.974,-1.403,-4.456,-1.978,1.381,0.145
50.05,-4.312,-1.974,-1.403,-4.456,-1.978,1.381,0.145
50.07,-4.375,-1.997,-1.418,-4.512,-1.993,1.398,0.139
50.09,-4.375,-1.997,-1.418,-4.512,-1.993,1.398,0.139
50.11,-4.448,-2.022,-1.435,-4.568,-2.006,1.414,0.122
50.13,-4.448,-2.022,-1.435,-4.568,-2.006,1.414,0.122
50.15,-4.508,-2.040,-1.449,-4.623,-2.017,1.430,0.118
50.17,-4.508,-2.040,-1.449,-4.623,-2.017,1.430,0.118
50.19,-4.566,-2.055,-1.462,-4.676,-2.026,1.446,0.115
50.21,-4.566,-2.055,-1.462,-4.676,-2.026,1.446,0.115
50.23,-4.623,-2.068,-1.476,-4.742,-2.034,1.466,0.124
50.25,-4.623,-2.068,-1.476,-4.742,-2.034,1.466,0.124
50.27,-4.679,-2.079,-1.489,-4.794,-2.039,1.481,0.122
50.30,-4.679,-2.079,-1.489,-4.794,-2.039,1.481,0.122
50.32,-4.743,-2.088,-1.504,-4.845,-2.042,1.496,0.112
50.34,-4.743,-2.088,-1.504,-4.845,-2.042,1.496,0.112
50.36,-4.805,-2.094,-1.519,-4.895,-2.044,1.511,0.103
50.38,-4.805,-2.094,-1.519,-4.895,-2.044,1.511,0.103
50.40,-4.846,-2.096,-1.528,-4.944,-2.043,1.525,0.112
50.42,-4.846,-2.096,-1.528,-4.944,-2.043,1.525,0.112
50.44,-4.905,-2.097,-1.541,-4.993,-2.041,1.539,0.104
50.46,-4.905,-2.097,-1.541,-4.993,-2.041,1.539,0.104
50.48,-4.905,-2.097,-1.541,-4.993,-2.041,1.539,0.104
50.50,-4.972,-2.093,-1.556,-5.084,-2.032,1.564,0.128
50.52,-4.972,-2.093,-1.556,-5.084,-2.032,1.564,0.128
50.54,-5.019,-2.088,-1.566,-5.132,-2.026,1.576,0.130
50.57,-5.019,-2.088,-1.566,-5.132,-2.026,1.576,0.130
50.59,-5.064,-2.081,-1.575,-5.180,-2.019,1.588,0.132
50.61,-5.064,-2.081,-1.575,-5.180,-2.019,1.588,0.132
50.63,-5.118,-2.070,-1.586,-5.228,-2.011,1.600,0.125
50.65,-5.118,-2.070,-1.586,-5.228,-2.011,1.600,0.125
50.67,-5.163,-2.059,-1.595,-5.276,-2.001,1.610,0.127
50.69,-5.163,-2.059,-1.595,-5.276,-2.001,1.610,0.127
50.71,-5.207,-2.046,-1.604,-5.324,-1.991,1.620,0.130
50.73,-5.207,-2.046,-1.604,-5.324,-1.991,1.620,0.130
50.75,-5.251,-2.032,-1.612,-5.385,-1.977,1.631,0.146
50.78,-5.251,-2.032,-1.612,-5.385,-1.977,1.631,0.146
50.80,-5.312,-2.010,-1.621,-5.435,-1.965,1.638,0.132
50.82,-5.312,-2.010,-1.621,-5.435,-1.965,1.638,0.132
50.84,-5.356,-1.993,-1.628,-5.486,-1.952,1.644,0.137
50.86,-5.356,-1.993,-1.628,-5.486,-1.952,1.644,0.137
50.88,-5.391,-1.979,-1.632,-5.538,-1.939,1.649,0.153
50.90,-5.391,-1.979,-1.632,-5.538,-1.939,1.649,0.153
50.92,-5.445,-1.958,-1.637,-5.590,-1.925,1.653,0.150
50.94,-5.445,-1.958,-1.637,-5.590,-1.925,1.653,0.150
50.96,-5.445,-1.958,-1.637,-5.590,-1.925,1.653,0.150
50.98,-5.508,-1.932,-1.641,-5.684,-1.899,1.658,0.179
51.00,-5.508,-1.932,-1.641,-5.684,-1.899,1.658,0.179
51.02,-5.555,-1.913,-1.642,-5.738,-1.883,1.659,0.187
51.05,-5.555,-1.913,-1.642,-5.738,-1.883,1.659,0.187
51.07,-5.602,-1.894,-1.642,-5.794,-1.867,1.659,0.194
51.09,-5.602,-1.894,-1.642,-5.794,-1.867,1.659,0.194
51.11,-5.661,-1.871,-1.641,-5.850,-1.851,1.658,0.191
51.13,-5.661,-1.871,-1.641,-5.850,-1.851,1.658,0.191
51.15,-5.711,-1.853,-1.640,-5.908,-1.833,1.655,0.198
51.17,-5.711,-1.853,-1.640,-5.908,-1.833,1.655,0.198
51.19,-5.762,-1.834,-1.637,-5.965,-1.816,1.652,0.205
51.21,-5.762,-1.834,-1.637,-5.965,-1.816,1.652,0.205
51.23,-5.815,-1.815,-1.633,-6.038,-1.792,1.647,0.225
51.25,-5.815,-1.815,-1.633,-6.038,-1.792,1.647,0.225
51.27,-5.869,-1.797,-1.628,-6.097,-1.773,1.642,0.230
51.29,-5.869,-1.797,-1.628,-6.097,-1.773,1.642,0.230
51.32,-5.924,-1.778,-1.621,-6.156,-1.753,1.636,0.234
51.34,-5.924,-1.778,-1.621,-6.156,-1.753,1.636,0.234
51.36,-6.004,-1.752,-1.612,-6.216,-1.733,1.629,0.213
51.38,-6.004,-1.752,-1.612,-6.216,-1.733,1.629,0.213
51.40,-6.062,-1.733,-1.603,-6.275,-1.711,1.621,0.214
51.42,-6.062,-1.733,-1.603,-6.275,-1.711,1.621,0.214
51.44,-6.110,-1.718,-1.597,-6.334,-1.689,1.613,0.227
51.46,-6.110,-1.718,-1.597,-6.334,-1.689,1.613,0.227
51.48,-6.110,-1.718,-1.597,-6.334,-1.689,1.613,0.227
51.50,-6.206,-1.688,-1.582,-6.415,-1.657,1.601,0.212
51.52,-6.206,-1.688,-1.582,-6.415,-1.657,1.601,0.212
51.55,-6.268,-1.668,-1.572,-6.473,-1.632,1.591,0.210
51.57,-6.268,-1.668,-1.572,-6.473,-1.632,1.591,0.210
51.59,-6.330,-1.648,-1.561,-6.531,-1.606,1.581,0.206
51.61,-6.330,-1.648,-1.561,-6.531,-1.606,1.581,0.206
51.63,-6.405,-1.623,-1.549,-6.588,-1.579,1.571,0.189
51.65,-6.405,-1.623,-1.549,-6.588,-1.579,1.571,0.189
51.67,-6.467,-1.601,-1.538,-6.643,-1.550,1.560,0.184
51.69,-6.467,-1.601,-1.538,-6.643,-1.550,1.560,0.184
51.71,-6.530,-1.579,-1.527,-6.711,-1.512,1.547,0.194
51.73,-6.530,-1.579,-1.527,-6.711,-1.512,1.547,0.194
51.75,-6.592,-1.555,-1.517,-6.764,-1.479,1.535,0.189
51.77,-6.592,-1.555,-1.517,-6.764,-1.479,1.535,0.189
51.80,-6.654,-1.531,-1.506,-6.814,-1.444,1.524,0.184
51.82,-6.654,-1.531,-1.506,-6.814,-1.444,1.524,0.184
51.84,-6.739,-1.495,-1.492,-6.864,-1.406,1.513,0.154
51.86,-6.739,-1.495,-1.492,-6.864,-1.406,1.513,0.154
51.88,-6.787,-1.473,-1.484,-6.911,-1.367,1.502,0.164
51.90,-6.787,-1.473,-1.484,-6.911,-1.367,1.502,0.164
51.92,-6.856,-1.438,-1.472,-6.957,-1.326,1.490,0.151
51.94,-6.856,-1.438,-1.472,-6.957,-1.326,1.490,0.151
51.96,-6.856,-1.438,-1.472,-6.957,-1.326,1.490,0.151
51.98,-6.935,-1.393,-1.460,-7.032,-1.249,1.470,0.174
52.00,-6.935,-1.393,-1.460,-7.032,-1.249,1.470,0.174
52.02,-6.988,-1.359,-1.451,-7.072,-1.204,1.459,0.177
52.04,-6.988,-1.359,-1.451,-7.072,-1.204,1.459,0.177
52.07,-7.040,-1.321,-1.442,-7.111,-1.156,1.448,0.180
52.09,-7.040,-1.321,-1.442,-7.111,-1.156,1.448,0.180
52.11,-7.088,-1.281,-1.434,-7.147,-1.108,1.437,0.184
52.13,-7.088,-1.281,-1.434,-7.147,-1.108,1.437,0.184
52.15,-7.135,-1.239,-1.426,-7.182,-1.058,1.426,0.187
52.17,-7.135,-1.239,-1.426,-7.182,-1.058,1.426,0.187
52.19,-7.187,-1.185,-1.416,-7.215,-1.007,1.415,0.180
52.21,-7.187,-1.185,-1.416,-7.215,-1.007,1.415,0.180
52.23,-7.228,-1.138,-1.407,-7.254,-0.943,1.402,0.196
52.25,-7.228,-1.138,-1.407,-7.254,-0.943,1.402,0.196
52.27,-7.266,-1.088,-1.399,-7.283,-0.892,1.392,0.197
52.29,-7.266,-1.088,-1.399,-7.283,-0.892,1.392,0.197
52.32,-7.302,-1.037,-1.391,-7.310,-0.840,1.382,0.198
52.34,-7.302,-1.037,-1.391,-7.310,-0.840,1.382,0.198
52.36,-7.348,-0.963,-1.380,-7.336,-0.789,1.372,0.175
52.38,-7.348,-0.963,-1.380,-7.336,-0.789,1.372,0.175
52.40,-7.373,-0.920,-1.373,-7.361,-0.738,1.362,0.183
52.42,-7.373,-0.920,-1.373,-7.361,-0.738,1.362,0.183
52.44,-7.401,-0.866,-1.365,-7.384,-0.687,1.352,0.179
52.46,-7.401,-0.866,-1.365,-7.384,-0.687,1.352,0.179
52.48,-7.401,-0.866,-1.365,-7.384,-0.687,1.352,0.179
52.50,-7.442,-0.777,-1.352,-7.421,-0.589,1.335,0.191
52.52,-7.442,-0.777,-1.352,-7.421,-0.589,1.335,0.191
52.54,-7.466,-0.722,-1.344,-7.441,-0.542,1.326,0.183
52.57,-7.466,-0.722,-1.344,-7.441,-0.542,1.326,0.183
52.59,-7.487,-0.668,-1.336,-7.462,-0.496,1.317,0.175
52.61,-7.487,-0.668,-1.336,-7.462,-0.496,1.317,0.175
52.63,-7.507,-0.614,-1.329,-7.482,-0.452,1.309,0.165
52.65,-7.507,-0.614,-1.329,-7.482,-0.452,1.309,0.165
52.67,-7.529,-0.550,-1.320,-7.501,-0.409,1.300,0.145
52.69,-7.529,-0.550,-1.320,-7.501,-0.409,1.300,0.145
52.71,-7.545,-0.499,-1.312,-7.521,-0.369,1.292,0.134
52.73,-7.545,-0.499,-1.312,-7.521,-0.369,1.292,0.134
52.75,-7.561,-0.450,-1.305,-7.547,-0.321,1.282,0.132
52.77,-7.561,-0.450,-1.305,-7.547,-0.321,1.282,0.132
52.79,-7.576,-0.403,-1.298,-7.568,-0.285,1.275,0.121
52.81,-7.576,-0.403,-1.298,-7.568,-0.285,1.275,0.121
52.84,-7.591,-0.358,-1.292,-7.590,-0.251,1.267,0.110
52.86,-7.591,-0.358,-1.292,-7.590,-0.251,1.267,0.110
52.88,-7.611,-0.300,-1.282,-7.613,-0.220,1.260,0.083
52.90,-7.611,-0.300,-1.282,-7.613,-0.220,1.260,0.083
52.92,-7.625,-0.262,-1.276,-7.637,-0.191,1.252,0.075
52.94,-7.625,-0.262,-1.276,-7.637,-0.191,1.252,0.075
52.96,-7.637,-0.233,-1.271,-7.662,-0.165,1.245,0.077
52.98,-7.637,-0.233,-1.271,-7.662,-0.165,1.245,0.077
53.00,-7.637,-0.233,-1.271,-7.662,-0.165,1.245,0.077
53.02,-7.663,-0.180,-1.261,-7.709,-0.124,1.233,0.078
53.04,-7.663,-0.180,-1.261,-7.709,-0.124,1.233,0.078
53.06,-7.680,-0.152,-1.256,-7.738,-0.105,1.226,0.080
53.09,-7.680,-0.152,-1.256,-7.738,-0.105,1.226,0.080
53.11,-7.699,-0.125,-1.250,-7.769,-0.088,1.220,0.085
53.13,-7.699,-0.125,-1.250,-7.769,-0.088,1.220,0.085
53.15,-7.720,-0.102,-1.244,-7.802,-0.073,1.213,0.092
53.17,-7.720,-0.102,-1.244,-7.802,-0.073,1.213,0.092
53.19,-7.748,-0.079,-1.238,-7.836,-0.062,1.207,0.095
53.21,-7.748,-0.079,-1.238,-7.836,-0.062,1.207,0.095
53.23,-7.773,-0.062,-1.232,-7.872,-0.053,1.200,0.104
53.25,-7.773,-0.062,-1.232,-7.872,-0.053,1.200,0.104
53.27,-7.800,-0.048,-1.227,-7.919,-0.045,1.193,0.124
53.29,-7.800,-0.048,-1.227,-7.919,-0.045,1.193,0.124
53.31,-7.829,-0.038,-1.222,-7.959,-0.041,1.186,0.134
53.33,-7.829,-0.038,-1.222,-7.959,-0.041,1.186,0.134
53.36,-7.861,-0.030,-1.217,-8.001,-0.040,1.180,0.144
53.38,-7.861,-0.030,-1.217,-8.001,-0.040,1.180,0.144
53.40,-7.910,-0.024,-1.209,-8.044,-0.041,1.174,0.140
53.42,-7.910,-0.024,-1.209,-8.044,-0.041,1.174,0.140
53.44,-7.947,-0.023,-1.204,-8.089,-0.044,1.169,0.148
53.46,-7.947,-0.023,-1.204,-8.089,-0.044,1.169,0.148
53.48,-7.947,-0.023,-1.204,-8.089,-0.044,1.169,0.148
53.50,-8.003,-0.025,-1.196,-8.160,-0.054,1.160,0.164
53.52,-8.003,-0.025,-1.196,-8.160,-0.054,1.160,0.164
53.54,-8.046,-0.030,-1.191,-8.221,-0.064,1.153,0.182
53.56,-8.046,-0.030,-1.191,-8.221,-0.064,1.153,0.182
53.58,-8.091,-0.037,-1.185,-8.264,-0.074,1.148,0.180
53.61,-8.091,-0.037,-1.185,-8.264,-0.074,1.148,0.180
53.63,-8.138,-0.047,-1.179,-8.317,-0.086,1.143,0.186
53.65,-8.138,-0.047,-1.179,-8.317,-0.086,1.143,0.186
53.67,-8.187,-0.058,-1.173,-8.371,-0.101,1.136,0.192
53.69,-8.187,-0.058,-1.173,-8.371,-0.101,1.136,0.192
53.71,-8.249,-0.074,-1.166,-8.427,-0.118,1.130,0.186
53.73,-8.249,-0.074,-1.166,-8.427,-0.118,1.130,0.186
53.75,-8.303,-0.090,-1.160,-8.484,-0.137,1.123,0.191
53.77,-8.303,-0.090,-1.160,-8.484,-0.137,1.123,0.191
53.79,-8.358,-0.107,-1.153,-8.558,-0.163,1.112,0.212
53.81,-8.358,-0.107,-1.153,-8.558,-0.163,1.112,0.212
53.83,-8.414,-0.126,-1.146,-8.619,-0.186,1.103,0.217
53.85,-8.414,-0.126,-1.146,-8.619,-0.186,1.103,0.217
53.88,-8.472,-0.146,-1.138,-8.681,-0.212,1.092,0.223
53.90,-8.472,-0.146,-1.138,-8.681,-0.212,1.092,0.223
53.92,-8.556,-0.178,-1.124,-8.744,-0.240,1.080,0.203
53.94,-8.556,-0.178,-1.124,-8.744,-0.240,1.080,0.203
53.96,-8.617,-0.202,-1.113,-8.809,-0.270,1.066,0.209
53.98,-8.617,-0.202,-1.113,-8.809,-0.270,1.066,0.209
54.00,-8.617,-0.202,-1.113,-8.809,-0.270,1.066,0.209
54.02,-8.704,-0.237,-1.094,-8.908,-0.316,1.044,0.225
54.04,-8.704,-0.237,-1.094,-8.908,-0.316,1.044,0.225
54.06,-8.767,-0.265,-1.078,-8.993,-0.357,1.024,0.250
54.08,-8.767,-0.265,-1.078,-8.993,-0.357,1.024,0.250
54.10,-8.831,-0.294,-1.060,-9.062,-0.390,1.007,0.256
54.12,-8.831,-0.294,-1.060,-9.062,-0.390,1.007,0.256
54.15,-8.897,-0.324,-1.041,-9.132,-0.423,0.990,0.261
54.17,-8.897,-0.324,-1.041,-9.132,-0.423,0.990,0.261
54.19,-8.963,-0.357,-1.020,-9.203,-0.456,0.972,0.265
54.21,-8.963,-0.357,-1.020,-9.203,-0.456,0.972,0.265
54.23,-9.044,-0.397,-0.994,-9.275,-0.489,0.953,0.252
54.25,-9.044,-0.397,-0.994,-9.275,-0.489,0.953,0.252
54.27,-9.112,-0.433,-0.971,-9.348,-0.521,0.935,0.255
54.29,-9.112,-0.433,-0.971,-9.348,-0.521,0.935,0.255
54.31,-9.181,-0.469,-0.949,-9.439,-0.559,0.912,0.276
54.33,-9.181,-0.469,-0.949,-9.439,-0.559,0.912,0.276
54.35,-9.250,-0.506,-0.926,-9.513,-0.588,0.894,0.277
54.38,-9.250,-0.506,-0.926,-9.513,-0.588,0.894,0.277
54.40,-9.348,-0.558,-0.895,-9.587,-0.615,0.876,0.246
54.42,-9.348,-0.558,-0.895,-9.587,-0.615,0.876,0.246
54.44,-9.419,-0.594,-0.874,-9.661,-0.640,0.860,0.247
54.46,-9.419,-0.594,-0.874,-9.661,-0.640,0.860,0.247
54.48,-9.419,-0.594,-0.874,-9.661,-0.640,0.860,0.247
54.50,-9.519,-0.643,-0.847,-9.773,-0.672,0.837,0.256
54.52,-9.519,-0.643,-0.847,-9.773,-0.672,0.837,0.256
54.54,-9.591,-0.675,-0.830,-9.866,-0.694,0.821,0.276
54.56,-9.591,-0.675,-0.830,-9.866,-0.694,0.821,0.276
54.58,-9.663,-0.706,-0.815,-9.896,-0.701,0.817,0.232
54.60,-9.663,-0.706,-0.815,-9.896,-0.701,0.817,0.232
54.62,-9.735,-0.733,-0.803,-9.962,-0.712,0.808,0.228
54.65,-9.735,-0.733,-0.803,-9.962,-0.712,0.808,0.228
54.67,-9.807,-0.757,-0.793,-10.035,-0.723,0.800,0.231
54.69,-9.807,-0.757,-0.793,-10.035,-0.723,0.800,0.231
54.71,-9.894,-0.781,-0.784,-10.108,-0.730,0.795,0.221
54.73,-9.894,-0.781,-0.784,-10.108,-0.730,0.795,0.221
54.75,-9.966,-0.797,-0.780,-10.182,-0.735,0.791,0.225
54.77,-9.966,-0.797,-0.780,-10.182,-0.735,0.791,0.225
54.79,-10.037,-0.808,-0.779,-10.255,-0.737,0.791,0.230
54.81,-10.037,-0.808,-0.779,-10.255,-0.737,0.791,0.230
54.83,-10.108,-0.815,-0.781,-10.347,-0.735,0.794,0.253
54.85,-10.108,-0.815,-0.781,-10.347,-0.735,0.794,0.253
54.87,-10.178,-0.819,-0.785,-10.422,-0.730,0.799,0.259
54.89,-10.178,-0.819,-0.785,-10.422,-0.730,0.799,0.259
54.92,-10.248,-0.818,-0.793,-10.496,-0.722,0.808,0.267
54.94,-10.248,-0.818,-0.793,-10.496,-0.722,0.808,0.267
54.96,-10.345,-0.810,-0.809,-10.572,-0.710,0.821,0.248
54.98,-10.345,-0.810,-0.809,-10.572,-0.710,0.821,0.248
55.00,-10.345,-0.810,-0.809,-10.572,-0.710,0.821,0.248
55.02,-10.442,-0.794,-0.832,-10.686,-0.687,0.844,0.267
55.04,-10.442,-0.794,-0.832,-10.686,-0.687,0.844,0.267
55.06,-10.511,-0.778,-0.854,-10.763,-0.667,0.863,0.275
55.08,-10.511,-0.778,-0.854,-10.763,-0.667,0.863,0.275
55.10,-10.581,-0.758,-0.879,-10.858,-0.637,0.890,0.302
55.12,-10.581,-0.758,-0.879,-10.858,-0.637,0.890,0.302
55.14,-10.652,-0.735,-0.907,-10.933,-0.610,0.913,0.308
55.16,-10.652,-0.735,-0.907,-10.933,-0.610,0.913,0.308
55.19,-10.723,-0.708,-0.937,-11.009,-0.579,0.938,0.313
55.21,-10.723,-0.708,-0.937,-11.009,-0.579,0.938,0.313
55.23,-10.795,-0.678,-0.969,-11.083,-0.544,0.964,0.317
55.25,-10.795,-0.678,-0.969,-11.083,-0.544,0.964,0.317
55.27,-10.883,-0.637,-1.009,-11.156,-0.507,0.991,0.303
55.29,-10.883,-0.637,-1.009,-11.156,-0.507,0.991,0.303
55.31,-10.957,-0.601,-1.042,-11.228,-0.466,1.019,0.303
55.33,-10.957,-0.601,-1.042,-11.228,-0.466,1.019,0.303
55.35,-11.031,-0.561,-1.075,-11.316,-0.412,1.054,0.322
55.37,-11.031,-0.561,-1.075,-11.316,-0.412,1.054,0.322
55.39,-11.105,-0.519,-1.108,-11.385,-0.366,1.082,0.320
55.41,-11.105,-0.519,-1.108,-11.385,-0.366,1.082,0.320
55.44,-11.179,-0.474,-1.139,-11.453,-0.319,1.110,0.316
55.46,-11.179,-0.474,-1.139,-11.453,-0.319,1.110,0.316
55.48,-11.267,-0.416,-1.175,-11.519,-0.270,1.138,0.293
55.50,-11.267,-0.416,-1.175,-11.519,-0.270,1.138,0.293
55.52,-11.267,-0.416,-1.175,-11.519,-0.270,1.138,0.293
55.54,-11.383,-0.334,-1.219,-11.615,-0.195,1.177,0.273
55.56,-11.383,-0.334,-1.219,-11.615,-0.195,1.177,0.273
55.58,-11.455,-0.280,-1.244,-11.677,-0.145,1.203,0.264
55.60,-11.455,-0.280,-1.244,-11.677,-0.145,1.203,0.264
55.62,-11.524,-0.225,-1.268,-11.744,-0.090,1.229,0.261
55.64,-11.524,-0.225,-1.268,-11.744,-0.090,1.229,0.261
55.66,-11.593,-0.168,-1.289,-11.799,-0.045,1.251,0.243
55.68,-11.593,-0.168,-1.289,-11.799,-0.045,1.251,0.243
55.71,-11.660,-0.111,-1.307,-11.856,0.002,1.275,0.229
55.73,-11.660,-0.111,-1.307,-11.856,0.002,1.275,0.229
55.75,-11.725,-0.054,-1.324,-11.912,0.047,1.301,0.214
55.77,-11.725,-0.054,-1.324,-11.912,0.047,1.301,0.214
55.79,-11.801,0.015,-1.342,-11.965,0.088,1.329,0.180
55.81,-11.801,0.015,-1.342,-11.965,0.088,1.329,0.180
55.83,-11.862,0.071,-1.356,-12.016,0.124,1.363,0.163
55.85,-11.862,0.071,-1.356,-12.016,0.124,1.363,0.163
55.87,-11.921,0.126,-1.372,-12.073,0.163,1.412,0.162
55.89,-11.921,0.126,-1.372,-12.073,0.163,1.412,0.162
55.91,-11.977,0.178,-1.395,-12.116,0.187,1.456,0.153
55.94,-11.977,0.178,-1.395,-12.116,0.187,1.456,0.153
55.96,-12.051,0.243,-1.440,-12.157,0.207,1.504,0.129
55.98,-12.051,0.243,-1.440,-12.157,0.207,1.504,0.129
56.00,-12.051,0.243,-1.440,-12.157,0.207,1.504,0.129
56.02,-12.118,0.297,-1.504,-12.216,0.227,1.576,0.141
56.04,-12.118,0.297,-1.504,-12.216,0.227,1.576,0.141
56.06,-12.160,0.326,-1.562,-12.256,0.234,1.622,0.146
56.08,-12.160,0.326,-1.562,-12.256,0.234,1.622,0.146
56.10,-12.199,0.348,-1.625,-12.307,0.238,1.673,0.162
56.12,-12.199,0.348,-1.625,-12.307,0.238,1.673,0.162
56.14,-12.234,0.362,-1.689,-12.351,0.237,1.709,0.173
56.16,-12.234,0.362,-1.689,-12.351,0.237,1.709,0.173
56.18,-12.267,0.371,-1.750,-12.396,0.232,1.738,0.190
56.20,-12.267,0.371,-1.750,-12.396,0.232,1.738,0.190
56.23,-12.298,0.375,-1.804,-12.444,0.225,1.762,0.213
56.25,-12.298,0.375,-1.804,-12.444,0.225,1.762,0.213
56.27,-12.329,0.376,-1.848,-12.495,0.216,1.777,0.241
56.29,-12.329,0.376,-1.848,-12.495,0.216,1.777,0.241
56.31,-12.365,0.374,-1.887,-12.549,0.206,1.785,0.269
56.33,-12.365,0.374,-1.887,-12.549,0.206,1.785,0.269
56.35,-12.396,0.370,-1.907,-12.607,0.194,1.786,0.300
56.37,-12.396,0.370,-1.907,-12.607,0.194,1.786,0.300
56.39,-12.427,0.364,-1.915,-12.684,0.178,1.777,0.346
56.41,-12.427,0.364,-1.915,-12.684,0.178,1.777,0.346
56.43,-12.460,0.357,-1.912,-12.750,0.165,1.762,0.379
56.45,-12.460,0.357,-1.912,-12.750,0.165,1.762,0.379
56.47,-12.495,0.349,-1.898,-12.820,0.151,1.740,0.412
56.50,-12.495,0.349,-1.898,-12.820,0.151,1.740,0.412
56.52,-12.495,0.349,-1.898,-12.820,0.151,1.740,0.412
56.54,-12.562,0.331,-1.845,-12.930,0.131,1.697,0.445
56.56,-12.562,0.331,-1.845,-12.930,0.131,1.697,0.445
56.58,-12.603,0.320,-1.803,-13.007,0.117,1.662,0.474
56.60,-12.603,0.320,-1.803,-13.007,0.117,1.662,0.474
56.62,-12.647,0.309,-1.753,-13.085,0.101,1.624,0.502
56.64,-12.647,0.309,-1.753,-13.085,0.101,1.624,0.502
56.66,-12.695,0.296,-1.696,-13.184,0.079,1.572,0.549
56.68,-12.695,0.296,-1.696,-13.184,0.079,1.572,0.549
56.70,-12.748,0.284,-1.635,-13.175,0.086,1.586,0.473
56.72,-12.748,0.284,-1.635,-13.175,0.086,1.586,0.473
56.74,-12.805,0.271,-1.571,-13.253,0.066,1.542,0.494
56.77,-12.805,0.271,-1.571,-13.253,0.066,1.542,0.494
56.79,-12.867,0.258,-1.505,-13.248,0.074,1.531,0.423
56.81,-12.867,0.258,-1.505,-13.248,0.074,1.531,0.423
56.83,-12.934,0.244,-1.439,-13.320,0.055,1.487,0.432
56.85,-12.934,0.244,-1.439,-13.320,0.055,1.487,0.432
56.87,-13.021,0.226,-1.363,-13.370,0.042,1.457,0.406
56.89,-13.021,0.226,-1.363,-13.370,0.042,1.457,0.406
56.91,-13.097,0.210,-1.303,-13.388,0.042,1.464,0.373
56.93,-13.097,0.210,-1.303,-13.388,0.042,1.464,0.373
56.95,-13.176,0.191,-1.245,-13.425,0.032,1.446,0.358
56.97,-13.176,0.191,-1.245,-13.425,0.032,1.446,0.358
56.99,-13.176,0.191,-1.245,-13.425,0.032,1.446,0.358
57.01,-13.304,0.158,-1.159,-13.539,0.002,1.388,0.363
57.03,-13.304,0.158,-1.159,-13.539,0.002,1.388,0.363
57.06,-13.385,0.136,-1.112,-13.614,-0.017,1.353,0.366
57.08,-13.385,0.136,-1.112,-13.614,-0.017,1.353,0.366
57.10,-13.482,0.107,-1.066,-13.688,-0.036,1.321,0.358
57.12,-13.482,0.107,-1.066,-13.688,-0.036,1.321,0.358
57.14,-13.562,0.082,-1.038,-13.762,-0.054,1.292,0.351
57.16,-13.562,0.082,-1.038,-13.762,-0.054,1.292,0.351
57.18,-13.641,0.057,-1.018,-13.790,-0.060,1.281,0.324
57.20,-13.641,0.057,-1.018,-13.790,-0.060,1.281,0.324
57.22,-13.720,0.033,-1.005,-13.839,-0.072,1.263,0.304
57.24,-13.720,0.033,-1.005,-13.839,-0.072,1.263,0.304
57.26,-13.797,0.010,-0.998,-13.895,-0.085,1.247,0.284
57.28,-13.797,0.010,-0.998,-13.895,-0.085,1.247,0.284
57.31,-13.873,-0.013,-0.995,-13.964,-0.101,1.229,0.266
57.33,-13.873,-0.013,-0.995,-13.964,-0.101,1.229,0.266
57.35,-13.946,-0.034,-0.997,-14.031,-0.118,1.214,0.248
57.37,-13.946,-0.034,-0.997,-14.031,-0.118,1.214,0.248
57.39,-14.033,-0.057,-1.001,-14.098,-0.136,1.202,0.225
57.41,-14.033,-0.057,-1.001,-14.098,-0.136,1.202,0.225
57.43,-14.102,-0.075,-1.008,-14.166,-0.155,1.194,0.212
57.45,-14.102,-0.075,-1.008,-14.166,-0.155,1.194,0.212
57.47,-14.170,-0.092,-1.016,-14.233,-0.177,1.189,0.203
57.49,-14.170,-0.092,-1.016,-14.233,-0.177,1.189,0.203
57.51,-14.170,-0.092,-1.016,-14.233,-0.177,1.189,0.203
57.53,-14.273,-0.117,-1.034,-14.351,-0.223,1.192,0.205
57.55,-14.273,-0.117,-1.034,-14.351,-0.223,1.192,0.205
57.58,-14.335,-0.131,-1.050,-14.420,-0.253,1.198,0.210
57.60,-14.335,-0.131,-1.050,-14.420,-0.253,1.198,0.210
57.62,-14.407,-0.150,-1.074,-14.489,-0.286,1.208,0.208
57.64,-14.407,-0.150,-1.074,-14.489,-0.286,1.208,0.208
57.66,-14.465,-0.167,-1.099,-14.560,-0.320,1.221,0.217
57.68,-14.465,-0.167,-1.099,-14.560,-0.320,1.221,0.217
57.70,-14.523,-0.186,-1.128,-14.631,-0.356,1.236,0.229
57.72,-14.523,-0.186,-1.128,-14.631,-0.356,1.236,0.229
57.74,-14.580,-0.208,-1.160,-14.722,-0.402,1.258,0.259
57.76,-14.580,-0.208,-1.160,-14.722,-0.402,1.258,0.259
57.78,-14.638,-0.234,-1.193,-14.795,-0.439,1.278,0.272
57.80,-14.638,-0.234,-1.193,-14.795,-0.439,1.278,0.272
57.83,-14.696,-0.264,-1.228,-14.870,-0.477,1.298,0.284
57.85,-14.696,-0.264,-1.228,-14.870,-0.477,1.298,0.284
57.87,-14.755,-0.297,-1.263,-14.946,-0.513,1.319,0.294
57.89,-14.755,-0.297,-1.263,-14.946,-0.513,1.319,0.294
57.91,-14.814,-0.333,-1.297,-15.022,-0.548,1.339,0.302
57.93,-14.814,-0.333,-1.297,-15.022,-0.548,1.339,0.302
57.95,-14.887,-0.380,-1.336,-15.100,-0.581,1.358,0.294
57.97,-14.887,-0.380,-1.336,-15.100,-0.581,1.358,0.294
57.99,-14.949,-0.421,-1.366,-15.198,-0.620,1.381,0.320
58.01,-14.949,-0.421,-1.366,-15.198,-0.620,1.381,0.320
58.03,-14.949,-0.421,-1.366,-15.198,-0.620,1.381,0.320
58.05,-15.051,-0.487,-1.408,-15.317,-0.663,1.404,0.319
58.08,-15.051,-0.487,-1.408,-15.317,-0.663,1.404,0.319
58.10,-15.129,-0.537,-1.434,-15.396,-0.689,1.416,0.308
58.12,-15.129,-0.537,-1.434,-15.396,-0.689,1.416,0.308
58.14,-15.196,-0.576,-1.451,-15.476,-0.713,1.426,0.312
58.16,-15.196,-0.576,-1.451,-15.476,-0.713,1.426,0.312
58.18,-15.264,-0.614,-1.463,-15.555,-0.735,1.434,0.316
58.20,-15.264,-0.614,-1.463,-15.555,-0.735,1.434,0.316
58.22,-15.333,-0.650,-1.472,-15.653,-0.760,1.439,0.339
58.24,-15.333,-0.650,-1.472,-15.653,-0.760,1.439,0.339
58.26,-15.403,-0.684,-1.476,-15.730,-0.778,1.439,0.341
58.28,-15.403,-0.684,-1.476,-15.730,-0.778,1.439,0.341
58.30,-15.474,-0.715,-1.475,-15.758,-0.788,1.440,0.295
58.33,-15.474,-0.715,-1.475,-15.758,-0.788,1.440,0.295
58.35,-15.546,-0.743,-1.469,-15.809,-0.799,1.437,0.271
58.37,-15.546,-0.743,-1.469,-15.809,-0.799,1.437,0.271
58.39,-15.617,-0.769,-1.459,-15.772,-0.791,1.439,0.157
58.41,-15.617,-0.769,-1.459,-15.772,-0.791,1.439,0.157
58.43,-15.704,-0.797,-1.441,-15.772,-0.791,1.439,0.069
58.45,-15.704,-0.797,-1.441,-15.772,-0.791,1.439,0.069
58.47,-15.775,-0.817,-1.422,-15.772,-0.791,1.439,0.031
58.49,-15.775,-0.817,-1.422,-15.772,-0.791,1.439,0.031
58.51,-15.775,-0.817,-1.422,-15.772,-0.791,1.439,0.031
58.53,-15.875,-0.841,-1.390,-15.772,-0.791,1.439,0.124
58.55,-15.875,-0.841,-1.390,-15.772,-0.791,1.439,0.124
58.57,-15.958,-0.858,-1.367,-15.771,-0.793,1.439,0.211
58.60,-15.958,-0.858,-1.367,-15.771,-0.793,1.439,0.211
58.62,-16.037,-0.871,-1.352,-15.767,-0.799,1.438,0.292
58.64,-16.037,-0.871,-1.352,-15.767,-0.799,1.438,0.292
58.66,-16.097,-0.879,-1.346,-15.759,-0.813,1.437,0.356
58.68,-16.097,-0.879,-1.346,-15.759,-0.813,1.437,0.356
58.70,-16.152,-0.885,-1.344,-15.746,-0.836,1.433,0.419
58.72,-16.152,-0.885,-1.344,-15.746,-0.836,1.433,0.419
58.74,-16.201,-0.890,-1.345,-15.724,-0.879,1.423,0.483
58.76,-16.201,-0.890,-1.345,-15.724,-0.879,1.423,0.483
58.78,-16.243,-0.894,-1.349,-15.707,-0.925,1.406,0.540
58.80,-16.243,-0.894,-1.349,-15.707,-0.925,1.406,0.540
58.82,-16.278,-0.899,-1.356,-15.711,-0.912,1.411,0.569
58.85,-16.278,-0.899,-1.356,-15.711,-0.912,1.411,0.569
58.87,-16.304,-0.906,-1.365,-15.711,-0.912,1.411,0.594
58.89,-16.304,-0.906,-1.365,-15.711,-0.912,1.411,0.594
58.91,-16.323,-0.916,-1.368,-15.711,-0.912,1.411,0.614
58.93,-16.323,-0.916,-1.368,-15.711,-0.912,1.411,0.614
58.95,-16.342,-0.932,-1.357,-15.711,-0.912,1.411,0.633
58.97,-16.342,-0.932,-1.357,-15.711,-0.912,1.411,0.633
58.99,-16.354,-0.949,-1.335,-15.711,-0.912,1.411,0.648
59.01,-16.354,-0.949,-1.335,-15.711,-0.912,1.411,0.648
59.03,-16.354,-0.949,-1.335,-15.711,-0.912,1.411,0.648
59.05,-16.362,-0.995,-1.292,-15.711,-0.912,1.411,0.667
59.07,-16.362,-0.995,-1.292,-15.711,-0.912,1.411,0.667
59.09,-16.360,-1.037,-1.270,-15.711,-0.912,1.411,0.676
59.12,-16.360,-1.037,-1.270,-15.711,-0.912,1.411,0.676
59.14,-16.350,-1.097,-1.253,-15.711,-0.912,1.411,0.683
59.16,-16.350,-1.097,-1.253,-15.711,-0.912,1.411,0.683
59.18,-16.335,-1.152,-1.248,-15.712,-0.911,1.411,0.688
59.20,-16.335,-1.152,-1.248,-15.712,-0.911,1.411,0.688
59.22,-16.318,-1.206,-1.250,-15.714,-0.906,1.413,0.694
59.24,-16.318,-1.206,-1.250,-15.714,-0.906,1.413,0.694
59.26,-16.297,-1.256,-1.256,-15.747,-0.854,1.428,0.703
59.28,-16.297,-1.256,-1.256,-15.747,-0.854,1.428,0.703
59.30,-16.276,-1.300,-1.265,-15.755,-0.834,1.434,0.719
59.32,-16.276,-1.300,-1.265,-15.755,-0.834,1.434,0.719
59.34,-16.254,-1.337,-1.277,-15.764,-0.811,1.442,0.738
59.36,-16.254,-1.337,-1.277,-15.764,-0.811,1.442,0.738
59.39,-16.231,-1.365,-1.292,-15.776,-0.781,1.451,0.757
59.41,-16.231,-1.365,-1.292,-15.776,-0.781,1.451,0.757
59.43,-16.209,-1.383,-1.313,-15.776,-0.781,1.451,0.754
59.45,-16.209,-1.383,-1.313,-15.776,-0.781,1.451,0.754
59.47,-16.185,-1.388,-1.345,-15.776,-0.781,1.451,0.740
59.49,-16.185,-1.388,-1.345,-15.776,-0.781,1.451,0.740
59.51,-16.168,-1.379,-1.377,-15.776,-0.781,1.451,0.719
59.53,-16.168,-1.379,-1.377,-15.776,-0.781,1.451,0.719
59.55,-16.168,-1.379,-1.377,-15.776,-0.781,1.451,0.719
59.57,-16.148,-1.340,-1.431,-15.776,-0.781,1.451,0.672
59.59,-16.148,-1.340,-1.431,-15.776,-0.781,1.451,0.672
59.61,-16.140,-1.303,-1.462,-15.776,-0.781,1.451,0.637
59.63,-16.140,-1.303,-1.462,-15.776,-0.781,1.451,0.637
59.66,-16.135,-1.260,-1.486,-15.776,-0.782,1.452,0.599
59.68,-16.135,-1.260,-1.486,-15.776,-0.782,1.452,0.599
59.70,-16.131,-1.201,-1.507,-15.772,-0.787,1.457,0.550
59.72,-16.131,-1.201,-1.507,-15.772,-0.787,1.457,0.550
59.74,-16.130,-1.148,-1.517,-15.764,-0.799,1.468,0.508
59.76,-16.130,-1.148,-1.517,-15.764,-0.799,1.468,0.508
59.78,-16.129,-1.094,-1.523,-15.751,-0.820,1.488,0.468
59.80,-16.129,-1.094,-1.523,-15.751,-0.820,1.488,0.468
59.82,-16.129,-1.041,-1.530,-15.751,-0.820,1.488,0.439
59.84,-16.129,-1.041,-1.530,-15.751,-0.820,1.488,0.439
59.86,-16.127,-0.989,-1.543,-15.751,-0.820,1.488,0.416
59.88,-16.127,-0.989,-1.543,-15.751,-0.820,1.488,0.416
59.91,-16.123,-0.943,-1.563,-15.751,-0.820,1.488,0.399
59.93,-16.123,-0.943,-1.563,-15.751,-0.820,1.488,0.399
59.95,-16.117,-0.903,-1.591,-15.751,-0.820,1.488,0.389
59.97,-16.117,-0.903,-1.591,-15.751,-0.820,1.488,0.389
59.99,-16.106,-0.865,-1.631,-15.751,-0.820,1.488,0.385
60.01,-16.106,-0.865,-1.631,-15.751,-0.820,1.488,0.385
60.03,-16.106,-0.865,-1.631,-15.751,-0.820,1.488,0.385
60.05,-16.088,-0.825,-1.672,-15.750,-0.821,1.488,0.385
60.07,-16.088,-0.825,-1.672,-15.750,-0.821,1.488,0.385
60.09,-16.075,-0.805,-1.688,-15.744,-0.827,1.483,0.390
60.11,-16.075,-0.805,-1.688,-15.744,-0.827,1.483,0.390
60.13,-16.062,-0.788,-1.696,-15.731,-0.840,1.474,0.402
60.15,-16.062,-0.788,-1.696,-15.731,-0.840,1.474,0.402
60.17,-16.050,-0.772,-1.697,-15.666,-0.844,1.492,0.440
60.20,-16.050,-0.772,-1.697,-15.666,-0.844,1.492,0.440
60.22,-16.034,-0.756,-1.690,-15.635,-0.872,1.472,0.470
60.24,-16.034,-0.756,-1.690,-15.635,-0.872,1.472,0.470
60.26,-16.022,-0.743,-1.677,-15.596,-0.907,1.446,0.511
60.28,-16.022,-0.743,-1.677,-15.596,-0.907,1.446,0.511
60.30,-16.009,-0.730,-1.656,-15.551,-0.946,1.418,0.559
60.32,-16.009,-0.730,-1.656,-15.551,-0.946,1.418,0.559
60.34,-15.994,-0.719,-1.626,-15.487,-1.000,1.378,0.631
60.36,-15.994,-0.719,-1.626,-15.487,-1.000,1.378,0.631
60.38,-15.977,-0.710,-1.590,-15.430,-1.045,1.344,0.686
60.40,-15.977,-0.710,-1.590,-15.430,-1.045,1.344,0.686
60.42,-15.955,-0.705,-1.547,-15.371,-1.091,1.310,0.739
60.45,-15.955,-0.705,-1.547,-15.371,-1.091,1.310,0.739
60.47,-15.928,-0.704,-1.499,-15.309,-1.136,1.276,0.786
60.49,-15.928,-0.704,-1.499,-15.309,-1.136,1.276,0.786
60.51,-15.893,-0.710,-1.447,-15.247,-1.180,1.243,0.825
60.53,-15.893,-0.710,-1.447,-15.247,-1.180,1.243,0.825
60.55,-15.893,-0.710,-1.447,-15.247,-1.180,1.243,0.825
60.57,-15.812,-0.738,-1.345,-15.153,-1.242,1.195,0.844
60.59,-15.812,-0.738,-1.345,-15.153,-1.242,1.195,0.844
60.61,-15.756,-0.762,-1.288,-15.075,-1.288,1.158,0.870
60.63,-15.756,-0.762,-1.288,-15.075,-1.288,1.158,0.870
60.65,-15.693,-0.793,-1.234,-15.014,-1.321,1.132,0.866
60.67,-15.693,-0.793,-1.234,-15.014,-1.321,1.132,0.866
60.69,-15.623,-0.827,-1.183,-14.956,-1.350,1.108,0.852
60.72,-15.623,-0.827,-1.183,-14.956,-1.350,1.108,0.852
60.74,-15.534,-0.871,-1.131,-14.900,-1.374,1.087,0.811
60.76,-15.534,-0.871,-1.131,-14.900,-1.374,1.087,0.811
60.78,-15.456,-0.907,-1.094,-14.847,-1.393,1.069,0.779
60.80,-15.456,-0.907,-1.094,-14.847,-1.393,1.069,0.779
60.82,-15.376,-0.941,-1.066,-14.798,-1.407,1.055,0.743
60.84,-15.376,-0.941,-1.066,-14.798,-1.407,1.055,0.743
60.86,-15.298,-0.970,-1.045,-14.753,-1.415,1.044,0.703
60.88,-15.298,-0.970,-1.045,-14.753,-1.415,1.044,0.703
60.90,-15.221,-0.994,-1.032,-14.703,-1.417,1.036,0.669
60.92,-15.221,-0.994,-1.032,-14.703,-1.417,1.036,0.669
60.94,-15.148,-1.011,-1.026,-14.668,-1.413,1.033,0.625
60.96,-15.148,-1.011,-1.026,-14.668,-1.413,1.033,0.625
60.99,-15.079,-1.021,-1.026,-14.638,-1.402,1.034,0.583
61.01,-15.079,-1.021,-1.026,-14.638,-1.402,1.034,0.583
61.03,-15.079,-1.021,-1.026,-14.638,-1.402,1.034,0.583
61.05,-14.981,-1.021,-1.037,-14.621,-1.344,1.056,0.484
61.07,-14.981,-1.021,-1.037,-14.621,-1.344,1.056,0.484
61.09,-14.919,-1.009,-1.052,-14.604,-1.320,1.065,0.443
61.11,-14.919,-1.009,-1.052,-14.604,-1.320,1.065,0.443
61.13,-14.874,-0.990,-1.069,-14.591,-1.283,1.080,0.407
61.15,-14.874,-0.990,-1.069,-14.591,-1.283,1.080,0.407
61.17,-14.837,-0.966,-1.089,-14.586,-1.248,1.095,0.377
61.19,-14.837,-0.966,-1.089,-14.586,-1.248,1.095,0.377
61.21,-14.806,-0.935,-1.111,-14.586,-1.210,1.113,0.353
61.24,-14.806,-0.935,-1.111,-14.586,-1.210,1.113,0.353
61.26,-14.780,-0.889,-1.142,-14.591,-1.172,1.132,0.340
61.28,-14.780,-0.889,-1.142,-14.591,-1.172,1.132,0.340
61.30,-14.767,-0.845,-1.170,-14.595,-1.136,1.148,0.339
61.32,-14.767,-0.845,-1.170,-14.595,-1.136,1.148,0.339
61.34,-14.761,-0.796,-1.199,-14.606,-1.091,1.171,0.334
61.36,-14.761,-0.796,-1.199,-14.606,-1.091,1.171,0.334
61.38,-14.762,-0.743,-1.227,-14.619,-1.044,1.194,0.334
61.40,-14.762,-0.743,-1.227,-14.619,-1.044,1.194,0.334
61.42,-14.769,-0.687,-1.255,-14.630,-0.997,1.216,0.341
61.44,-14.769,-0.687,-1.255,-14.630,-0.997,1.216,0.341
61.46,-14.782,-0.629,-1.281,-14.647,-0.945,1.242,0.346
61.49,-14.782,-0.629,-1.281,-14.647,-0.945,1.242,0.346
61.51,-14.800,-0.570,-1.306,-14.665,-0.892,1.268,0.352
61.53,-14.800,-0.570,-1.306,-14.665,-0.892,1.268,0.352
61.55,-14.800,-0.570,-1.306,-14.665,-0.892,1.268,0.352
61.57,-14.843,-0.461,-1.349,-14.692,-0.811,1.308,0.383
61.59,-14.843,-0.461,-1.349,-14.692,-0.811,1.308,0.383
61.61,-14.871,-0.400,-1.370,-14.711,-0.755,1.335,0.391
61.63,-14.871,-0.400,-1.370,-14.711,-0.755,1.335,0.391
61.65,-14.896,-0.352,-1.387,-14.733,-0.685,1.369,0.371
61.67,-14.896,-0.352,-1.387,-14.733,-0.685,1.369,0.371
61.69,-14.934,-0.280,-1.411,-14.750,-0.628,1.396,0.394
61.71,-14.934,-0.280,-1.411,-14.750,-0.628,1.396,0.394
61.73,-14.967,-0.221,-1.431,-14.765,-0.571,1.424,0.403
61.76,-14.967,-0.221,-1.431,-14.765,-0.571,1.424,0.403
61.78,-15.006,-0.152,-1.455,-14.780,-0.514,1.451,0.427
61.80,-15.006,-0.152,-1.455,-14.780,-0.514,1.451,0.427
61.82,-15.037,-0.095,-1.474,-14.793,-0.457,1.479,0.437
61.84,-15.037,-0.095,-1.474,-14.793,-0.457,1.479,0.437
61.86,-15.066,-0.039,-1.494,-14.805,-0.400,1.505,0.446
61.88,-15.066,-0.039,-1.494,-14.805,-0.400,1.505,0.446
61.90,-15.094,0.015,-1.513,-14.819,-0.330,1.538,0.442
61.92,-15.094,0.015,-1.513,-14.819,-0.330,1.538,0.442
61.94,-15.118,0.069,-1.532,-14.828,-0.274,1.563,0.450
61.96,-15.118,0.069,-1.532,-14.828,-0.274,1.563,0.450
61.98,-15.140,0.121,-1.550,-14.837,-0.219,1.587,0.457
62.01,-15.140,0.121,-1.550,-14.837,-0.219,1.587,0.457
62.03,-15.159,0.171,-1.568,-14.845,-0.165,1.610,0.461
62.05,-15.159,0.171,-1.568,-14.845,-0.165,1.610,0.461
62.07,-15.159,0.171,-1.568,-14.845,-0.165,1.610,0.461
62.09,-15.185,0.258,-1.597,-14.856,-0.084,1.642,0.477
62.11,-15.185,0.258,-1.597,-14.856,-0.084,1.642,0.477
62.13,-15.195,0.304,-1.611,-14.863,-0.032,1.662,0.475
62.15,-15.195,0.304,-1.611,-14.863,-0.032,1.662,0.475
62.17,-15.203,0.349,-1.625,-14.871,0.033,1.685,0.462
62.19,-15.203,0.349,-1.625,-14.871,0.033,1.685,0.462
62.21,-15.209,0.392,-1.636,-14.877,0.083,1.702,0.457
62.23,-15.209,0.392,-1.636,-14.877,0.083,1.702,0.457
62.25,-15.212,0.433,-1.647,-14.883,0.133,1.718,0.451
62.28,-15.212,0.433,-1.647,-14.883,0.133,1.718,0.451
62.30,-15.213,0.481,-1.658,-14.889,0.181,1.732,0.447
62.32,-15.213,0.481,-1.658,-14.889,0.181,1.732,0.447
62.34,-15.212,0.519,-1.666,-14.896,0.229,1.744,0.436
62.36,-15.212,0.519,-1.666,-14.896,0.229,1.744,0.436
62.38,-15.210,0.556,-1.673,-14.903,0.275,1.755,0.424
62.40,-15.210,0.556,-1.673,-14.903,0.275,1.755,0.424
62.42,-15.207,0.591,-1.678,-14.919,0.351,1.768,0.385
62.44,-15.207,0.591,-1.678,-14.919,0.351,1.768,0.385
62.46,-15.202,0.626,-1.683,-14.928,0.396,1.776,0.370
62.48,-15.202,0.626,-1.683,-14.928,0.396,1.776,0.370
62.50,-15.197,0.659,-1.686,-14.937,0.439,1.783,0.354
62.53,-15.197,0.659,-1.686,-14.937,0.439,1.783,0.354
62.55,-15.197,0.659,-1.686,-14.937,0.439,1.783,0.354
62.57,-15.188,0.711,-1.690,-14.953,0.502,1.791,0.330
62.59,-15.188,0.711,-1.690,-14.953,0.502,1.791,0.330
62.61,-15.182,0.747,-1.691,-14.966,0.543,1.795,0.315
62.63,-15.182,0.747,-1.691,-14.966,0.543,1.795,0.315
62.65,-15.177,0.777,-1.692,-14.980,0.583,1.798,0.296
62.67,-15.177,0.777,-1.692,-14.980,0.583,1.798,0.296
62.69,-15.172,0.806,-1.692,-15.001,0.632,1.801,0.267
62.71,-15.172,0.806,-1.692,-15.001,0.632,1.801,0.267
62.73,-15.168,0.834,-1.691,-15.020,0.671,1.802,0.247
62.75,-15.168,0.834,-1.691,-15.020,0.671,1.802,0.247
62.78,-15.166,0.861,-1.690,-15.042,0.708,1.803,0.226
62.80,-15.166,0.861,-1.690,-15.042,0.708,1.803,0.226
62.82,-15.165,0.892,-1.689,-15.066,0.745,1.803,0.211
62.84,-15.165,0.892,-1.689,-15.066,0.745,1.803,0.211
62.86,-15.167,0.918,-1.688,-15.093,0.782,1.802,0.193
62.88,-15.167,0.918,-1.688,-15.093,0.782,1.802,0.193
62.90,-15.170,0.943,-1.687,-15.122,0.817,1.801,0.177
62.92,-15.170,0.943,-1.687,-15.122,0.817,1.801,0.177
62.94,-15.177,0.967,-1.686,-15.162,0.860,1.799,0.156
62.96,-15.177,0.967,-1.686,-15.162,0.860,1.799,0.156
62.98,-15.187,0.991,-1.685,-15.196,0.894,1.796,0.148
63.00,-15.187,0.991,-1.685,-15.196,0.894,1.796,0.148
63.02,-15.200,1.015,-1.684,-15.233,0.926,1.794,0.145
63.05,-15.200,1.015,-1.684,-15.233,0.926,1.794,0.145
63.07,-15.200,1.015,-1.684,-15.233,0.926,1.794,0.145
63.09,-15.227,1.052,-1.682,-15.293,0.973,1.789,0.148
63.11,-15.227,1.052,-1.682,-15.293,0.973,1.789,0.148
63.13,-15.253,1.080,-1.681,-15.335,1.004,1.786,0.154
63.15,-15.253,1.080,-1.681,-15.335,1.004,1.786,0.154
63.17,-15.272,1.098,-1.679,-15.380,1.033,1.782,0.162
63.19,-15.272,1.098,-1.679,-15.380,1.033,1.782,0.162
63.21,-15.306,1.124,-1.678,-15.438,1.068,1.777,0.175
63.23,-15.306,1.124,-1.678,-15.438,1.068,1.777,0.175
63.25,-15.337,1.146,-1.676,-15.486,1.095,1.774,0.185
63.27,-15.337,1.146,-1.676,-15.486,1.095,1.774,0.185
63.30,-15.371,1.167,-1.675,-15.536,1.120,1.770,0.196
63.32,-15.371,1.167,-1.675,-15.536,1.120,1.770,0.196
63.34,-15.416,1.191,-1.673,-15.588,1.145,1.766,0.201
63.36,-15.416,1.191,-1.673,-15.588,1.145,1.766,0.201
63.38,-15.457,1.211,-1.671,-15.641,1.168,1.762,0.210
63.40,-15.457,1.211,-1.671,-15.641,1.168,1.762,0.210
63.42,-15.500,1.230,-1.669,-15.694,1.190,1.758,0.218
63.44,-15.500,1.230,-1.669,-15.694,1.190,1.758,0.218
63.46,-15.545,1.248,-1.667,-15.751,1.211,1.754,0.226
63.48,-15.545,1.248,-1.667,-15.751,1.211,1.754,0.226
63.50,-15.592,1.266,-1.666,-15.806,1.230,1.750,0.233
63.52,-15.592,1.266,-1.666,-15.806,1.230,1.750,0.233
63.54,-15.642,1.283,-1.664,-15.862,1.248,1.746,0.238
63.57,-15.642,1.283,-1.664,-15.862,1.248,1.746,0.238
63.59,-15.642,1.283,-1.664,-15.862,1.248,1.746,0.238
63.61,-15.724,1.309,-1.661,-15.947,1.272,1.741,0.240
63.63,-15.724,1.309,-1.661,-15.947,1.272,1.741,0.240
63.65,-15.788,1.326,-1.659,-16.004,1.286,1.737,0.233
63.67,-15.788,1.326,-1.659,-16.004,1.286,1.737,0.233
63.69,-15.842,1.340,-1.658,-16.061,1.299,1.734,0.235
63.71,-15.842,1.340,-1.658,-16.061,1.299,1.734,0.235
63.73,-15.897,1.352,-1.657,-16.131,1.314,1.730,0.248
63.75,-15.897,1.352,-1.657,-16.131,1.314,1.730,0.248
63.77,-15.953,1.363,-1.656,-16.186,1.324,1.727,0.247
63.79,-15.953,1.363,-1.656,-16.186,1.324,1.727,0.247
63.82,-16.021,1.374,-1.655,-16.242,1.332,1.724,0.235
63.84,-16.021,1.374,-1.655,-16.242,1.332,1.724,0.235
63.86,-16.077,1.383,-1.654,-16.296,1.339,1.722,0.233
63.88,-16.077,1.383,-1.654,-16.296,1.339,1.722,0.233
63.90,-16.133,1.390,-1.653,-16.350,1.345,1.719,0.231
63.92,-16.133,1.390,-1.653,-16.350,1.345,1.719,0.231
63.94,-16.189,1.396,-1.653,-16.404,1.350,1.717,0.229
63.96,-16.189,1.396,-1.653,-16.404,1.350,1.717,0.229
63.98,-16.244,1.401,-1.653,-16.470,1.353,1.714,0.239
64.00,-16.244,1.401,-1.653,-16.470,1.353,1.714,0.239
64.02,-16.298,1.405,-1.653,-16.522,1.355,1.711,0.237
64.04,-16.298,1.405,-1.653,-16.522,1.355,1.711,0.237
64.06,-16.298,1.405,-1.653,-16.522,1.355,1.711,0.237
64.09,-16.373,1.409,-1.653,-16.599,1.356,1.708,0.239
64.11,-16.373,1.409,-1.653,-16.599,1.356,1.708,0.239
64.13,-16.435,1.410,-1.652,-16.650,1.355,1.705,0.228
64.15,-16.435,1.410,-1.652,-16.650,1.355,1.705,0.228
64.17,-16.496,1.410,-1.652,-16.701,1.352,1.703,0.219
64.19,-16.496,1.410,-1.652,-16.701,1.352,1.703,0.219
64.21,-16.545,1.409,-1.652,-16.751,1.349,1.700,0.220
64.23,-16.545,1.409,-1.652,-16.751,1.349,1.700,0.220
64.25,-16.594,1.407,-1.651,-16.813,1.344,1.697,0.233
64.27,-16.594,1.407,-1.651,-16.813,1.344,1.697,0.233
64.29,-16.641,1.405,-1.650,-16.863,1.339,1.694,0.235
64.31,-16.641,1.405,-1.650,-16.863,1.339,1.694,0.235
64.34,-16.688,1.401,-1.649,-16.912,1.333,1.690,0.239
64.36,-16.688,1.401,-1.649,-16.912,1.333,1.690,0.239
64.38,-16.742,1.396,-1.648,-16.962,1.326,1.687,0.234
64.40,-16.742,1.396,-1.648,-16.962,1.326,1.687,0.234
64.42,-16.787,1.391,-1.646,-17.012,1.319,1.683,0.239
64.44,-16.787,1.391,-1.646,-17.012,1.319,1.683,0.239
64.46,-16.831,1.385,-1.644,-17.066,1.310,1.678,0.249
64.48,-16.831,1.385,-1.644,-17.066,1.310,1.678,0.249
64.50,-16.875,1.379,-1.642,-17.132,1.298,1.672,0.271
64.52,-16.875,1.379,-1.642,-17.132,1.298,1.672,0.271
64.54,-16.918,1.373,-1.639,-17.184,1.287,1.667,0.281
64.56,-16.918,1.373,-1.639,-17.184,1.287,1.667,0.281
64.58,-16.918,1.373,-1.639,-17.184,1.287,1.667,0.281
64.61,-16.978,1.362,-1.634,-17.259,1.272,1.660,0.296
64.63,-16.978,1.362,-1.634,-17.259,1.272,1.660,0.296
64.65,-17.021,1.355,-1.630,-17.308,1.261,1.654,0.303
64.67,-17.021,1.355,-1.630,-17.308,1.261,1.654,0.303
64.69,-17.082,1.343,-1.624,-17.359,1.250,1.649,0.293
64.71,-17.082,1.343,-1.624,-17.359,1.250,1.649,0.293
64.73,-17.125,1.335,-1.619,-17.409,1.238,1.643,0.301
64.75,-17.125,1.335,-1.619,-17.409,1.238,1.643,0.301
64.77,-17.169,1.326,-1.613,-17.472,1.221,1.635,0.321
64.79,-17.169,1.326,-1.613,-17.472,1.221,1.635,0.321
64.81,-17.213,1.318,-1.607,-17.522,1.208,1.630,0.329
64.83,-17.213,1.318,-1.607,-17.522,1.208,1.630,0.329
64.86,-17.258,1.308,-1.601,-17.573,1.193,1.624,0.336
64.88,-17.258,1.308,-1.601,-17.573,1.193,1.624,0.336
64.90,-17.312,1.297,-1.593,-17.624,1.178,1.619,0.335
64.92,-17.312,1.297,-1.593,-17.624,1.178,1.619,0.335
64.94,-17.358,1.287,-1.587,-17.676,1.161,1.614,0.343
64.96,-17.358,1.287,-1.587,-17.676,1.161,1.614,0.343
64.98,-17.404,1.276,-1.582,-17.727,1.145,1.608,0.350
65.00,-17.404,1.276,-1.582,-17.727,1.145,1.608,0.350
65.02,-17.450,1.265,-1.577,-17.793,1.122,1.600,0.372
65.04,-17.450,1.265,-1.577,-17.793,1.122,1.600,0.372
65.06,-17.450,1.265,-1.577,-17.793,1.122,1.600,0.372
65.08,-17.516,1.249,-1.571,-17.872,1.094,1.589,0.388
65.10,-17.516,1.249,-1.571,-17.872,1.094,1.589,0.388
65.13,-17.574,1.234,-1.566,-17.925,1.074,1.581,0.386
65.15,-17.574,1.234,-1.566,-17.925,1.074,1.581,0.386
65.17,-17.613,1.223,-1.562,-17.979,1.054,1.571,0.403
65.19,-17.613,1.223,-1.562,-17.979,1.054,1.571,0.403
65.21,-17.683,1.203,-1.553,-18.033,1.032,1.560,0.390
65.23,-17.683,1.203,-1.553,-18.033,1.032,1.560,0.390
65.25,-17.733,1.188,-1.545,-18.088,1.010,1.548,0.397
65.27,-17.733,1.188,-1.545,-18.088,1.010,1.548,0.397
65.29,-17.783,1.172,-1.534,-18.157,0.982,1.532,0.419
65.31,-17.783,1.172,-1.534,-18.157,0.982,1.532,0.419
65.33,-17.835,1.155,-1.522,-18.214,0.958,1.518,0.427
65.35,-17.835,1.155,-1.522,-18.214,0.958,1.518,0.427
65.38,-17.887,1.137,-1.508,-18.270,0.933,1.504,0.434
65.40,-17.887,1.137,-1.508,-18.270,0.933,1.504,0.434
65.42,-17.951,1.114,-1.489,-18.328,0.908,1.490,0.430
65.44,-17.951,1.114,-1.489,-18.328,0.908,1.490,0.430
65.46,-18.004,1.095,-1.472,-18.386,0.882,1.477,0.437
65.48,-18.004,1.095,-1.472,-18.386,0.882,1.477,0.437
65.50,-18.059,1.074,-1.455,-18.444,0.855,1.464,0.443
65.52,-18.059,1.074,-1.455,-18.444,0.855,1.464,0.443
65.54,-18.114,1.053,-1.438,-18.519,0.820,1.449,0.467
65.56,-18.114,1.053,-1.438,-18.519,0.820,1.449,0.467
65.58,-18.114,1.053,-1.438,-18.519,0.820,1.449,0.467
65.60,-18.205,1.016,-1.413,-18.610,0.776,1.434,0.471
65.62,-18.205,1.016,-1.413,-18.610,0.776,1.434,0.471
65.65,-18.263,0.992,-1.400,-18.672,0.746,1.425,0.478
65.67,-18.263,0.992,-1.400,-18.672,0.746,1.425,0.478
65.69,-18.323,0.967,-1.389,-18.697,0.733,1.422,0.443
65.71,-18.323,0.967,-1.389,-18.697,0.733,1.422,0.443
65.73,-18.396,0.935,-1.379,-18.760,0.701,1.416,0.434
65.75,-18.396,0.935,-1.379,-18.760,0.701,1.416,0.434
65.77,-18.458,0.907,-1.373,-18.824,0.669,1.411,0.438
65.79,-18.458,0.907,-1.373,-18.824,0.669,1.411,0.438
65.81,-18.509,0.885,-1.370,-18.903,0.629,1.406,0.471
65.83,-18.509,0.885,-1.370,-18.903,0.629,1.406,0.471
65.85,-18.588,0.849,-1.369,-18.966,0.596,1.403,0.457
65.87,-18.588,0.849,-1.369,-18.966,0.596,1.403,0.457
65.90,-18.654,0.818,-1.369,-19.029,0.563,1.400,0.455
65.92,-18.654,0.818,-1.369,-19.029,0.563,1.400,0.455
65.94,-18.735,0.780,-1.371,-19.092,0.530,1.397,0.436
65.96,-18.735,0.780,-1.371,-19.092,0.530,1.397,0.436
65.98,-18.804,0.747,-1.373,-19.153,0.498,1.393,0.430
66.00,-18.804,0.747,-1.373,-19.153,0.498,1.393,0.430
66.02,-18.872,0.714,-1.375,-19.214,0.466,1.389,0.423
66.04,-18.872,0.714,-1.375,-19.214,0.466,1.389,0.423
66.06,-18.941,0.681,-1.377,-19.273,0.435,1.385,0.414
66.08,-18.941,0.681,-1.377,-19.273,0.435,1.385,0.414
66.10,-18.941,0.681,-1.377,-19.273,0.435,1.385,0.414
66.12,-19.051,0.628,-1.376,-19.375,0.381,1.376,0.408
66.14,-19.051,0.628,-1.376,-19.375,0.381,1.376,0.408
66.16,-19.118,0.595,-1.375,-19.431,0.350,1.370,0.397
66.19,-19.118,0.595,-1.375,-19.431,0.350,1.370,0.397
66.21,-19.185,0.562,-1.371,-19.486,0.321,1.364,0.386
66.23,-19.185,0.562,-1.371,-19.486,0.321,1.364,0.386
66.25,-19.250,0.530,-1.367,-19.539,0.292,1.357,0.374
66.27,-19.250,0.530,-1.367,-19.539,0.292,1.357,0.374
66.29,-19.327,0.493,-1.360,-19.591,0.264,1.350,0.350
66.31,-19.327,0.493,-1.360,-19.591,0.264,1.350,0.350
66.33,-19.389,0.463,-1.353,-19.641,0.236,1.342,0.339
66.35,-19.389,0.463,-1.353,-19.641,0.236,1.342,0.339
66.37,-19.449,0.434,-1.345,-19.702,0.202,1.331,0.343
66.39,-19.449,0.434,-1.345,-19.702,0.202,1.331,0.343
66.41,-19.507,0.406,-1.336,-19.749,0.176,1.322,0.334
66.43,-19.507,0.406,-1.336,-19.749,0.176,1.322,0.334
66.46,-19.563,0.379,-1.326,-19.794,0.150,1.313,0.325
66.48,-19.563,0.379,-1.326,-19.794,0.150,1.313,0.325
66.50,-19.628,0.347,-1.314,-19.839,0.125,1.303,0.307
66.52,-19.628,0.347,-1.314,-19.839,0.125,1.303,0.307
66.54,-19.680,0.323,-1.303,-19.882,0.100,1.292,0.301
66.56,-19.680,0.323,-1.303,-19.882,0.100,1.292,0.301
66.58,-19.680,0.323,-1.303,-19.882,0.100,1.292,0.301
66.60,-19.749,0.289,-1.288,-19.944,0.064,1.276,0.298
66.62,-19.749,0.289,-1.288,-19.944,0.064,1.276,0.298
66.64,-19.806,0.262,-1.274,-19.994,0.035,1.263,0.296
66.66,-19.806,0.262,-1.274,-19.994,0.035,1.263,0.296
66.68,-19.851,0.240,-1.262,-20.034,0.011,1.251,0.293
66.70,-19.851,0.240,-1.262,-20.034,0.011,1.251,0.293
66.72,-19.885,0.223,-1.252,-20.048,0.003,1.238,0.275
66.75,-19.885,0.223,-1.252,-20.048,0.003,1.238,0.275
66.77,-19.936,0.198,-1.238,-20.087,-0.020,1.226,0.266
66.79,-19.936,0.198,-1.238,-20.087,-0.020,1.226,0.266
66.81,-19.968,0.182,-1.228,-20.125,-0.043,1.213,0.275
66.83,-19.968,0.182,-1.228,-20.125,-0.043,1.213,0.275
66.85,-20.022,0.155,-1.212,-20.162,-0.065,1.201,0.260
66.87,-20.022,0.155,-1.212,-20.162,-0.065,1.201,0.260
66.89,-20.060,0.135,-1.200,-20.209,-0.091,1.184,0.272
66.91,-20.060,0.135,-1.200,-20.209,-0.091,1.184,0.272
66.93,-20.096,0.116,-1.187,-20.247,-0.111,1.170,0.273
66.95,-20.096,0.116,-1.187,-20.247,-0.111,1.170,0.273
66.97,-20.131,0.098,-1.175,-20.285,-0.129,1.155,0.275
66.99,-20.131,0.098,-1.175,-20.285,-0.129,1.155,0.275
67.02,-20.173,0.075,-1.159,-20.323,-0.147,1.139,0.269
67.04,-20.173,0.075,-1.159,-20.323,-0.147,1.139,0.269
67.06,-20.208,0.057,-1.145,-20.363,-0.162,1.123,0.269
67.08,-20.208,0.057,-1.145,-20.363,-0.162,1.123,0.269
67.10,-20.208,0.057,-1.145,-20.363,-0.162,1.123,0.269
67.12,-20.263,0.028,-1.121,-20.423,-0.184,1.096,0.267
67.14,-20.263,0.028,-1.121,-20.423,-0.184,1.096,0.267
67.16,-20.298,0.011,-1.104,-20.475,-0.200,1.073,0.277
67.18,-20.298,0.011,-1.104,-20.475,-0.200,1.073,0.277
67.20,-20.334,-0.005,-1.087,-20.517,-0.211,1.054,0.278
67.22,-20.334,-0.005,-1.087,-20.517,-0.211,1.054,0.278
67.24,-20.370,-0.020,-1.068,-20.560,-0.222,1.035,0.279
67.27,-20.370,-0.020,-1.068,-20.560,-0.222,1.035,0.279
67.29,-20.400,-0.031,-1.053,-20.604,-0.232,1.015,0.288
67.31,-20.400,-0.031,-1.053,-20.604,-0.232,1.015,0.288
67.33,-20.439,-0.044,-1.033,-20.648,-0.241,0.995,0.290
67.35,-20.439,-0.044,-1.033,-20.648,-0.241,0.995,0.290
67.37,-20.487,-0.057,-1.009,-20.693,-0.250,0.975,0.285
67.39,-20.487,-0.057,-1.009,-20.693,-0.250,0.975,0.285
67.41,-20.537,-0.068,-0.984,-20.739,-0.259,0.955,0.280
67.43,-20.537,-0.068,-0.984,-20.739,-0.259,0.955,0.280
67.45,-20.580,-0.075,-0.963,-20.797,-0.269,0.931,0.293
67.47,-20.580,-0.075,-0.963,-20.797,-0.269,0.931,0.293
67.49,-20.625,-0.082,-0.943,-20.844,-0.278,0.912,0.296
67.51,-20.625,-0.082,-0.943,-20.844,-0.278,0.912,0.296
67.53,-20.672,-0.088,-0.922,-20.891,-0.287,0.893,0.298
67.56,-20.672,-0.088,-0.922,-20.891,-0.287,0.893,0.298
67.58,-20.729,-0.094,-0.899,-20.939,-0.297,0.875,0.293
67.60,-20.729,-0.094,-0.899,-20.939,-0.297,0.875,0.293
67.62,-20.729,-0.094,-0.899,-20.939,-0.297,0.875,0.293
67.64,-20.808,-0.102,-0.869,-21.009,-0.314,0.850,0.292
67.66,-20.808,-0.102,-0.869,-21.009,-0.314,0.850,0.292
67.68,-20.859,-0.108,-0.852,-21.057,-0.326,0.834,0.295
67.70,-20.859,-0.108,-0.852,-21.057,-0.326,0.834,0.295
67.72,-20.901,-0.112,-0.839,-21.121,-0.348,0.817,0.324
67.74,-20.901,-0.112,-0.839,-21.121,-0.348,0.817,0.324
67.76,-20.963,-0.120,-0.822,-21.173,-0.368,0.802,0.325
67.78,-20.963,-0.120,-0.822,-21.173,-0.368,0.802,0.325
67.80,-21.016,-0.128,-0.810,-21.225,-0.393,0.790,0.338
67.83,-21.016,-0.128,-0.810,-21.225,-0.393,0.790,0.338
67.85,-21.069,-0.138,-0.799,-21.270,-0.412,0.779,0.341
67.87,-21.069,-0.138,-0.799,-21.270,-0.412,0.779,0.341
67.89,-21.132,-0.152,-0.789,-21.315,-0.432,0.769,0.335
67.91,-21.132,-0.152,-0.789,-21.315,-0.432,0.769,0.335
67.93,-21.185,-0.166,-0.782,-21.358,-0.454,0.760,0.337
67.95,-21.185,-0.166,-0.782,-21.358,-0.454,0.760,0.337
67.97,-21.237,-0.182,-0.776,-21.412,-0.483,0.749,0.350
67.99,-21.237,-0.182,-0.776,-21.412,-0.483,0.749,0.350
68.01,-21.288,-0.200,-0.771,-21.454,-0.509,0.741,0.351
68.03,-21.288,-0.200,-0.771,-21.454,-0.509,0.741,0.351
68.05,-21.339,-0.221,-0.767,-21.494,-0.536,0.734,0.353
68.08,-21.339,-0.221,-0.767,-21.494,-0.536,0.734,0.353
68.10,-21.339,-0.221,-0.767,-21.494,-0.536,0.734,0.353
68.12,-21.418,-0.260,-0.761,-21.554,-0.581,0.723,0.351
68.14,-21.418,-0.260,-0.761,-21.554,-0.581,0.723,0.351
68.16,-21.475,-0.292,-0.756,-21.592,-0.613,0.716,0.344
68.18,-21.475,-0.292,-0.756,-21.592,-0.613,0.716,0.344
68.20,-21.521,-0.322,-0.752,-21.638,-0.656,0.708,0.356
68.22,-21.521,-0.322,-0.752,-21.638,-0.656,0.708,0.356
68.24,-21.566,-0.355,-0.748,-21.674,-0.691,0.701,0.357
68.26,-21.566,-0.355,-0.748,-21.674,-0.691,0.701,0.357
68.28,-21.601,-0.382,-0.744,-21.709,-0.729,0.695,0.366
68.30,-21.601,-0.382,-0.744,-21.709,-0.729,0.695,0.366
68.33,-21.651,-0.426,-0.738,-21.743,-0.767,0.688,0.357
68.35,-21.651,-0.426,-0.738,-21.743,-0.767,0.688,0.357
68.37,-21.684,-0.458,-0.733,-21.776,-0.807,0.682,0.366
68.39,-21.684,-0.458,-0.733,-21.776,-0.807,0.682,0.366
68.41,-21.738,-0.515,-0.724,-21.809,-0.849,0.675,0.344
68.43,-21.738,-0.515,-0.724,-21.809,-0.849,0.675,0.344
68.45,-21.774,-0.559,-0.717,-21.842,-0.891,0.669,0.342
68.47,-21.774,-0.559,-0.717,-21.842,-0.891,0.669,0.342
68.49,-21.809,-0.605,-0.709,-21.881,-0.945,0.661,0.351
68.51,-21.809,-0.605,-0.709,-21.881,-0.945,0.661,0.351
68.53,-21.843,-0.652,-0.701,-21.913,-0.989,0.654,0.347
68.55,-21.843,-0.652,-0.701,-21.913,-0.989,0.654,0.347
68.57,-21.876,-0.701,-0.692,-21.944,-1.034,0.647,0.342
68.60,-21.876,-0.701,-0.692,-21.944,-1.034,0.647,0.342
68.62,-21.876,-0.701,-0.692,-21.944,-1.034,0.647,0.342
68.64,-21.932,-0.792,-0.676,-21.991,-1.101,0.637,0.317
68.66,-21.932,-0.792,-0.676,-21.991,-1.101,0.637,0.317
68.68,-21.962,-0.844,-0.667,-22.022,-1.147,0.631,0.310
68.70,-21.962,-0.844,-0.667,-22.022,-1.147,0.631,0.310
68.72,-21.991,-0.897,-0.658,-22.053,-1.192,0.624,0.303
68.74,-21.991,-0.897,-0.658,-22.053,-1.192,0.624,0.303
68.76,-22.020,-0.950,-0.648,-22.093,-1.248,0.615,0.309
68.78,-22.020,-0.950,-0.648,-22.093,-1.248,0.615,0.309
68.80,-22.042,-0.993,-0.641,-22.126,-1.293,0.608,0.313
68.82,-22.042,-0.993,-0.641,-22.126,-1.293,0.608,0.313
68.84,-22.076,-1.058,-0.630,-22.156,-1.334,0.601,0.289
68.87,-22.076,-1.058,-0.630,-22.156,-1.334,0.601,0.289
68.89,-22.098,-1.101,-0.623,-22.190,-1.377,0.594,0.293
68.91,-22.098,-1.101,-0.623,-22.190,-1.377,0.594,0.293
68.93,-22.137,-1.175,-0.611,-22.224,-1.420,0.587,0.261
68.95,-22.137,-1.175,-0.611,-22.224,-1.420,0.587,0.261
68.97,-22.165,-1.228,-0.603,-22.259,-1.461,0.580,0.253
68.99,-22.165,-1.228,-0.603,-22.259,-1.461,0.580,0.253
69.01,-22.194,-1.280,-0.595,-22.304,-1.511,0.571,0.258
69.03,-22.194,-1.280,-0.595,-22.304,-1.511,0.571,0.258
69.05,-22.223,-1.330,-0.587,-22.342,-1.550,0.564,0.251
69.07,-22.223,-1.330,-0.587,-22.342,-1.550,0.564,0.251
69.09,-22.223,-1.330,-0.587,-22.342,-1.550,0.564,0.251
69.12,-22.266,-1.399,-0.577,-22.399,-1.605,0.554,0.246
69.14,-22.266,-1.399,-0.577,-22.399,-1.605,0.554,0.246
69.16,-22.310,-1.465,-0.568,-22.439,-1.639,0.547,0.218
69.18,-22.310,-1.465,-0.568,-22.439,-1.639,0.547,0.218
69.20,-22.337,-1.501,-0.563,-22.480,-1.672,0.540,0.224
69.22,-22.337,-1.501,-0.563,-22.480,-1.672,0.540,0.224
69.24,-22.378,-1.553,-0.555,-22.523,-1.702,0.534,0.209
69.26,-22.378,-1.553,-0.555,-22.523,-1.702,0.534,0.209
69.28,-22.415,-1.594,-0.550,-22.577,-1.738,0.526,0.219
69.30,-22.415,-1.594,-0.550,-22.577,-1.738,0.526,0.219
69.32,-22.453,-1.632,-0.544,-22.622,-1.765,0.520,0.216
69.34,-22.453,-1.632,-0.544,-22.622,-1.765,0.520,0.216
69.36,-22.492,-1.668,-0.539,-22.667,-1.789,0.514,0.214
69.39,-22.492,-1.668,-0.539,-22.667,-1.789,0.514,0.214
69.41,-22.525,-1.695,-0.535,-22.714,-1.812,0.508,0.224
69.43,-22.525,-1.695,-0.535,-22.714,-1.812,0.508,0.224
69.45,-22.577,-1.733,-0.529,-22.761,-1.833,0.502,0.212
69.47,-22.577,-1.733,-0.529,-22.761,-1.833,0.502,0.212
69.49,-22.631,-1.767,-0.524,-22.810,-1.852,0.497,0.200
69.51,-22.631,-1.767,-0.524,-22.810,-1.852,0.497,0.200
69.53,-22.678,-1.792,-0.519,-22.871,-1.873,0.491,0.211
69.55,-22.678,-1.792,-0.519,-22.871,-1.873,0.491,0.211
69.57,-22.727,-1.815,-0.514,-22.922,-1.888,0.487,0.209
69.59,-22.727,-1.815,-0.514,-22.922,-1.888,0.487,0.209
69.61,-22.727,-1.815,-0.514,-22.922,-1.888,0.487,0.209
69.63,-22.798,-1.842,-0.508,-22.998,-1.906,0.481,0.212
69.66,-22.798,-1.842,-0.508,-22.998,-1.906,0.481,0.212
69.68,-22.872,-1.864,-0.502,-23.050,-1.916,0.478,0.187
69.70,-22.872,-1.864,-0.502,-23.050,-1.916,0.478,0.187
69.72,-22.926,-1.877,-0.499,-23.102,-1.925,0.475,0.184
69.74,-22.926,-1.877,-0.499,-23.102,-1.925,0.475,0.184
69.76,-22.981,-1.888,-0.495,-23.155,-1.932,0.473,0.180
69.78,-22.981,-1.888,-0.495,-23.155,-1.932,0.473,0.180
69.80,-23.037,-1.896,-0.492,-23.208,-1.937,0.471,0.176
69.82,-23.037,-1.896,-0.492,-23.208,-1.937,0.471,0.176
69.84,-23.094,-1.903,-0.490,-23.273,-1.940,0.470,0.184
69.86,-23.094,-1.903,-0.490,-23.273,-1.940,0.470,0.184
69.88,-23.152,-1.907,-0.488,-23.327,-1.942,0.469,0.179
69.90,-23.152,-1.907,-0.488,-23.327,-1.942,0.469,0.179
69.93,-23.199,-1.909,-0.486,-23.380,-1.942,0.470,0.186
69.95,-23.199,-1.909,-0.486,-23.380,-1.942,0.470,0.186
69.97,-23.269,-1.910,-0.486,-23.434,-1.940,0.470,0.169
69.99,-23.269,-1.910,-0.486,-23.434,-1.940,0.470,0.169
70.01,-23.339,-1.908,-0.486,-23.488,-1.937,0.471,0.152
70.03,-23.339,-1.908,-0.486,-23.488,-1.937,0.471,0.152
70.05,-23.398,-1.905,-0.487,-23.542,-1.933,0.473,0.147
70.07,-23.398,-1.905,-0.487,-23.542,-1.933,0.473,0.147
70.09,-23.456,-1.900,-0.488,-23.609,-1.926,0.477,0.155
70.11,-23.456,-1.900,-0.488,-23.609,-1.926,0.477,0.155
70.13,-23.456,-1.900,-0.488,-23.609,-1.926,0.477,0.155
70.15,-23.539,-1.891,-0.492,-23.688,-1.915,0.482,0.152
70.17,-23.539,-1.891,-0.492,-23.688,-1.915,0.482,0.152
70.19,-23.597,-1.883,-0.495,-23.741,-1.906,0.486,0.146
70.22,-23.597,-1.883,-0.495,-23.741,-1.906,0.486,0.146
70.24,-23.678,-1.871,-0.500,-23.794,-1.896,0.490,0.119
70.26,-23.678,-1.871,-0.500,-23.794,-1.896,0.490,0.119
70.28,-23.736,-1.860,-0.504,-23.846,-1.885,0.496,0.113
70.30,-23.736,-1.860,-0.504,-23.846,-1.885,0.496,0.113
70.32,-23.793,-1.849,-0.509,-23.898,-1.873,0.502,0.108
70.34,-23.793,-1.849,-0.509,-23.898,-1.873,0.502,0.108
70.36,-23.850,-1.837,-0.515,-23.962,-1.857,0.510,0.114
70.38,-23.850,-1.837,-0.515,-23.962,-1.857,0.510,0.114
70.40,-23.905,-1.824,-0.521,-24.013,-1.843,0.517,0.109
70.42,-23.905,-1.824,-0.521,-24.013,-1.843,0.517,0.109
70.44,-23.961,-1.811,-0.527,-24.063,-1.828,0.525,0.104
70.47,-23.961,-1.811,-0.527,-24.063,-1.828,0.525,0.104
70.49,-24.015,-1.796,-0.534,-24.113,-1.812,0.534,0.099
70.51,-24.015,-1.796,-0.534,-24.113,-1.812,0.534,0.099
70.53,-24.069,-1.782,-0.542,-24.162,-1.796,0.542,0.094
70.55,-24.069,-1.782,-0.542,-24.162,-1.796,0.542,0.094
70.57,-24.122,-1.766,-0.550,-24.211,-1.779,0.552,0.090
70.59,-24.122,-1.766,-0.550,-24.211,-1.779,0.552,0.090
70.61,-24.122,-1.766,-0.550,-24.211,-1.779,0.552,0.090
70.63,-24.206,-1.740,-0.564,-24.297,-1.747,0.570,0.091
70.65,-24.206,-1.740,-0.564,-24.297,-1.747,0.570,0.091
70.67,-24.257,-1.723,-0.573,-24.345,-1.729,0.580,0.088
70.69,-24.257,-1.723,-0.573,-24.345,-1.729,0.580,0.088
70.71,-24.308,-1.706,-0.583,-24.393,-1.709,0.591,0.086
70.74,-24.308,-1.706,-0.583,-24.393,-1.709,0.591,0.086
70.76,-24.377,-1.681,-0.598,-24.441,-1.690,0.603,0.065
70.78,-24.377,-1.681,-0.598,-24.441,-1.690,0.603,0.065
70.80,-24.426,-1.662,-0.608,-24.490,-1.670,0.615,0.064
70.82,-24.426,-1.662,-0.608,-24.490,-1.670,0.615,0.064
70.84,-24.474,-1.644,-0.619,-24.536,-1.650,0.626,0.063
70.86,-24.474,-1.644,-0.619,-24.536,-1.650,0.626,0.063
70.88,-24.512,-1.628,-0.628,-24.584,-1.629,0.639,0.073
70.90,-24.512,-1.628,-0.628,-24.584,-1.629,0.639,0.073
70.92,-24.569,-1.606,-0.642,-24.644,-1.603,0.654,0.076
70.94,-24.569,-1.606,-0.642,-24.644,-1.603,0.654,0.076
70.96,-24.606,-1.590,-0.652,-24.692,-1.582,0.667,0.088
70.98,-24.606,-1.590,-0.652,-24.692,-1.582,0.667,0.088
71.00,-24.661,-1.567,-0.666,-24.739,-1.561,0.680,0.079
71.03,-24.661,-1.567,-0.666,-24.739,-1.561,0.680,0.079
71.05,-24.707,-1.548,-0.678,-24.787,-1.541,0.693,0.081
71.07,-24.707,-1.548,-0.678,-24.787,-1.541,0.693,0.081
71.09,-24.753,-1.529,-0.690,-24.834,-1.520,0.705,0.083
71.11,-24.753,-1.529,-0.690,-24.834,-1.520,0.705,0.083
71.13,-24.753,-1.529,-0.690,-24.834,-1.520,0.705,0.083
71.15,-24.826,-1.498,-0.710,-24.904,-1.489,0.724,0.081
71.17,-24.826,-1.498,-0.710,-24.904,-1.489,0.724,0.081
71.19,-24.871,-1.479,-0.721,-24.963,-1.464,0.740,0.095
71.21,-24.871,-1.479,-0.721,-24.963,-1.464,0.740,0.095
71.23,-24.916,-1.460,-0.733,-25.009,-1.445,0.752,0.096
71.25,-24.916,-1.460,-0.733,-25.009,-1.445,0.752,0.096
71.27,-24.961,-1.441,-0.745,-25.056,-1.425,0.764,0.098
71.30,-24.961,-1.441,-0.745,-25.056,-1.425,0.764,0.098
71.32,-25.015,-1.419,-0.758,-25.103,-1.407,0.776,0.091
71.34,-25.015,-1.419,-0.758,-25.103,-1.407,0.776,0.091
71.36,-25.068,-1.397,-0.771,-25.150,-1.388,0.788,0.084
71.38,-25.068,-1.397,-0.771,-25.150,-1.388,0.788,0.084
71.40,-25.112,-1.379,-0.782,-25.197,-1.370,0.800,0.087
71.42,-25.112,-1.379,-0.782,-25.197,-1.370,0.800,0.087
71.44,-25.156,-1.362,-0.792,-25.257,-1.348,0.813,0.104
71.46,-25.156,-1.362,-0.792,-25.257,-1.348,0.813,0.104
71.48,-25.200,-1.346,-0.802,-25.305,-1.332,0.824,0.109
71.50,-25.200,-1.346,-0.802,-25.305,-1.332,0.824,0.109
71.52,-25.244,-1.330,-0.812,-25.354,-1.315,0.835,0.114
71.54,-25.244,-1.330,-0.812,-25.354,-1.315,0.835,0.114
71.56,-25.287,-1.315,-0.822,-25.404,-1.300,0.845,0.120
71.59,-25.287,-1.315,-0.822,-25.404,-1.300,0.845,0.120
71.61,-25.331,-1.301,-0.831,-25.455,-1.285,0.855,0.127
71.63,-25.331,-1.301,-0.831,-25.455,-1.285,0.855,0.127
71.65,-25.331,-1.301,-0.831,-25.455,-1.285,0.855,0.127
71.67,-25.403,-1.280,-0.846,-25.532,-1.263,0.869,0.133
71.69,-25.403,-1.280,-0.846,-25.532,-1.263,0.869,0.133
71.71,-25.448,-1.268,-0.855,-25.585,-1.249,0.878,0.140
71.73,-25.448,-1.268,-0.855,-25.585,-1.249,0.878,0.140
71.75,-25.495,-1.256,-0.863,-25.652,-1.233,0.889,0.161
71.77,-25.495,-1.256,-0.863,-25.652,-1.233,0.889,0.161
71.79,-25.542,-1.245,-0.871,-25.707,-1.220,0.897,0.169
71.81,-25.542,-1.245,-0.871,-25.707,-1.220,0.897,0.169
71.83,-25.591,-1.235,-0.879,-25.763,-1.209,0.905,0.176
71.86,-25.591,-1.235,-0.879,-25.763,-1.209,0.905,0.176
71.88,-25.661,-1.222,-0.890,-25.745,-1.211,0.903,0.086
71.90,-25.661,-1.222,-0.890,-25.745,-1.211,0.903,0.086
71.92,-25.713,-1.213,-0.897,-25.801,-1.200,0.910,0.091
71.94,-25.713,-1.213,-0.897,-25.801,-1.200,0.910,0.091
71.96,-25.766,-1.205,-0.903,-25.858,-1.190,0.917,0.094
71.98,-25.766,-1.205,-0.903,-25.858,-1.190,0.917,0.094
72.00,-25.820,-1.197,-0.909,-25.927,-1.179,0.925,0.111
72.02,-25.820,-1.197,-0.909,-25.927,-1.179,0.925,0.111
72.04,-25.875,-1.190,-0.915,-25.983,-1.170,0.931,0.111
72.06,-25.875,-1.190,-0.915,-25.983,-1.170,0.931,0.111
72.08,-25.932,-1.184,-0.921,-26.037,-1.161,0.936,0.109
72.10,-25.932,-1.184,-0.921,-26.037,-1.161,0.936,0.109
72.13,-25.932,-1.184,-0.921,-26.037,-1.161,0.936,0.109
72.15,-26.012,-1.176,-0.927,-26.115,-1.150,0.944,0.107
72.17,-26.012,-1.176,-0.927,-26.115,-1.150,0.944,0.107
72.19,-26.071,-1.171,-0.932,-26.165,-1.143,0.949,0.099
72.21,-26.071,-1.171,-0.932,-26.165,-1.143,0.949,0.099
72.23,-26.141,-1.165,-0.937,-26.212,-1.137,0.953,0.079
72.25,-26.141,-1.165,-0.937,-26.212,-1.137,0.953,0.079
72.27,-26.198,-1.162,-0.941,-26.269,-1.129,0.958,0.080
72.29,-26.198,-1.162,-0.941,-26.269,-1.129,0.958,0.080
72.31,-26.255,-1.158,-0.944,-26.311,-1.124,0.962,0.069
72.33,-26.255,-1.158,-0.944,-26.311,-1.124,0.962,0.069
72.35,-26.309,-1.155,-0.947,-26.352,-1.119,0.965,0.058
72.37,-26.309,-1.155,-0.947,-26.352,-1.119,0.965,0.058
72.40,-26.362,-1.152,-0.950,-26.389,-1.115,0.968,0.050
72.42,-26.362,-1.152,-0.950,-26.389,-1.115,0.968,0.050
72.44,-26.423,-1.150,-0.954,-26.425,-1.110,0.971,0.043
72.46,-26.423,-1.150,-0.954,-26.425,-1.110,0.971,0.043
72.48,-26.479,-1.147,-0.957,-26.457,-1.107,0.973,0.049
72.50,-26.479,-1.147,-0.957,-26.457,-1.107,0.973,0.049
72.52,-26.522,-1.146,-0.959,-26.487,-1.104,0.976,0.057
72.54,-26.522,-1.146,-0.959,-26.487,-1.104,0.976,0.057
72.56,-26.555,-1.145,-0.961,-26.521,-1.100,0.978,0.058
72.58,-26.555,-1.145,-0.961,-26.521,-1.100,0.978,0.058
72.60,-26.600,-1.143,-0.964,-26.545,-1.098,0.980,0.072
72.62,-26.600,-1.143,-0.964,-26.545,-1.098,0.980,0.072
72.65,-26.600,-1.143,-0.964,-26.545,-1.098,0.980,0.072
72.67,-26.646,-1.141,-0.966,-26.578,-1.095,0.982,0.084
72.69,-26.646,-1.141,-0.966,-26.578,-1.095,0.982,0.084
72.71,-26.675,-1.140,-0.967,-26.597,-1.093,0.983,0.092
72.73,-26.675,-1.140,-0.967,-26.597,-1.093,0.983,0.092
72.75,-26.705,-1.139,-0.968,-26.614,-1.092,0.984,0.104
72.77,-26.705,-1.139,-0.968,-26.614,-1.092,0.984,0.104
72.79,-26.726,-1.138,-0.969,-26.632,-1.090,0.985,0.106
72.81,-26.726,-1.138,-0.969,-26.632,-1.090,0.985,0.106
72.83,-26.744,-1.138,-0.969,-26.645,-1.090,0.985,0.111
72.85,-26.744,-1.138,-0.969,-26.645,-1.090,0.985,0.111
72.87,-26.759,-1.137,-0.969,-26.656,-1.089,0.985,0.115
72.90,-26.759,-1.137,-0.969,-26.656,-1.089,0.985,0.115
72.92,-26.776,-1.136,-0.969,-26.666,-1.089,0.986,0.120
72.94,-26.776,-1.136,-0.969,-26.666,-1.089,0.986,0.120
72.96,-26.783,-1.136,-0.969,-26.675,-1.088,0.986,0.119
72.98,-26.783,-1.136,-0.969,-26.675,-1.088,0.986,0.119
73.00,-26.789,-1.135,-0.969,-26.683,-1.088,0.986,0.118
73.02,-26.789,-1.135,-0.969,-26.683,-1.088,0.986,0.118
73.04,-26.794,-1.135,-0.968,-26.691,-1.088,0.986,0.114
73.06,-26.794,-1.135,-0.968,-26.691,-1.088,0.986,0.114
73.08,-26.797,-1.134,-0.967,-26.697,-1.088,0.986,0.111
73.10,-26.797,-1.134,-0.967,-26.697,-1.088,0.986,0.111
73.12,-26.797,-1.134,-0.967,-26.697,-1.088,0.986,0.111
73.14,-26.797,-1.133,-0.966,-26.706,-1.088,0.986,0.103
73.17,-26.797,-1.133,-0.966,-26.706,-1.088,0.986,0.103
73.19,-26.795,-1.132,-0.965,-26.711,-1.089,0.986,0.097
73.21,-26.795,-1.132,-0.965,-26.711,-1.089,0.986,0.097
73.23,-26.793,-1.131,-0.965,-26.716,-1.089,0.985,0.090
73.25,-26.793,-1.131,-0.965,-26.716,-1.089,0.985,0.090
73.27,-26.789,-1.129,-0.964,-26.722,-1.089,0.985,0.081
73.29,-26.789,-1.129,-0.964,-26.722,-1.089,0.985,0.081
73.31,-26.785,-1.128,-0.963,-26.730,-1.089,0.985,0.071
73.33,-26.785,-1.128,-0.963,-26.730,-1.089,0.985,0.071
73.35,-26.781,-1.126,-0.963,-26.736,-1.089,0.985,0.062
73.37,-26.781,-1.126,-0.963,-26.736,-1.089,0.985,0.062
73.39,-26.777,-1.125,-0.963,-26.744,-1.089,0.985,0.054
73.42,-26.777,-1.125,-0.963,-26.744,-1.089,0.985,0.054
73.44,-26.774,-1.123,-0.963,-26.753,-1.089,0.985,0.046
73.46,-26.774,-1.123,-0.963,-26.753,-1.089,0.985,0.046
73.48,-26.771,-1.120,-0.963,-26.762,-1.089,0.985,0.039
73.50,-26.771,-1.120,-0.963,-26.762,-1.089,0.985,0.039
73.52,-26.770,-1.119,-0.964,-26.773,-1.088,0.985,0.038
73.54,-26.770,-1.119,-0.964,-26.773,-1.088,0.985,0.038
73.56,-26.770,-1.116,-0.965,-26.785,-1.088,0.986,0.039
73.58,-26.770,-1.116,-0.965,-26.785,-1.088,0.986,0.039
73.60,-26.771,-1.114,-0.966,-26.802,-1.087,0.986,0.046
73.62,-26.771,-1.114,-0.966,-26.802,-1.087,0.986,0.046
73.64,-26.771,-1.114,-0.966,-26.802,-1.087,0.986,0.046
73.66,-26.776,-1.111,-0.968,-26.825,-1.086,0.987,0.058
73.69,-26.776,-1.111,-0.968,-26.825,-1.086,0.987,0.058
73.71,-26.782,-1.108,-0.970,-26.842,-1.085,0.987,0.067
73.73,-26.782,-1.108,-0.970,-26.842,-1.085,0.987,0.067
73.75,-26.790,-1.105,-0.972,-26.861,-1.083,0.988,0.076
73.77,-26.790,-1.105,-0.972,-26.861,-1.083,0.988,0.076
73.79,-26.803,-1.102,-0.975,-26.881,-1.082,0.989,0.082
73.81,-26.803,-1.102,-0.975,-26.881,-1.082,0.989,0.082
73.83,-26.815,-1.099,-0.977,-26.902,-1.080,0.990,0.090
73.85,-26.815,-1.099,-0.977,-26.902,-1.080,0.990,0.090
73.87,-26.830,-1.096,-0.980,-26.931,-1.078,0.991,0.103
73.89,-26.830,-1.096,-0.980,-26.931,-1.078,0.991,0.103
73.91,-26.847,-1.093,-0.983,-26.956,-1.077,0.993,0.110
73.93,-26.847,-1.093,-0.983,-26.956,-1.077,0.993,0.110
73.95,-26.867,-1.090,-0.986,-26.981,-1.075,0.994,0.115
73.98,-26.867,-1.090,-0.986,-26.981,-1.075,0.994,0.115
74.00,-26.898,-1.085,-0.990,-26.981,-1.075,0.994,0.084
74.02,-26.898,-1.085,-0.990,-26.981,-1.075,0.994,0.084
74.04,-26.923,-1.082,-0.993,-26.981,-1.075,0.994,0.059
74.06,-26.923,-1.082,-0.993,-26.981,-1.075,0.994,0.059
74.08,-26.944,-1.079,-0.995,-26.981,-1.075,0.994,0.037
74.10,-26.944,-1.079,-0.995,-26.981,-1.075,0.994,0.037
74.12,-26.978,-1.075,-0.999,-26.981,-1.075,0.994,0.006
74.14,-26.978,-1.075,-0.999,-26.981,-1.075,0.994,0.006
74.16,-26.978,-1.075,-0.999,-26.981,-1.075,0.994,0.006
74.18,-27.020,-1.070,-1.002,-26.981,-1.075,0.994,0.040
74.20,-27.020,-1.070,-1.002,-26.981,-1.075,0.994,0.040
74.22,-27.050,-1.066,-1.005,-26.981,-1.075,0.994,0.071
74.25,-27.050,-1.066,-1.005,-26.981,-1.075,0.994,0.071
74.27,-27.081,-1.063,-1.006,-26.981,-1.075,0.994,0.101
74.29,-27.081,-1.063,-1.006,-26.981,-1.075,0.994,0.101
74.31,-27.115,-1.059,-1.008,-26.981,-1.075,0.994,0.135
74.33,-27.115,-1.059,-1.008,-26.981,-1.075,0.994,0.135
74.35,-27.141,-1.057,-1.008,-26.981,-1.075,0.994,0.162
74.37,-27.141,-1.057,-1.008,-26.981,-1.075,0.994,0.162
74.39,-27.165,-1.055,-1.008,-26.981,-1.075,0.994,0.186
74.41,-27.165,-1.055,-1.008,-26.981,-1.075,0.994,0.186
74.43,-27.187,-1.053,-1.008,-26.981,-1.075,0.994,0.208
74.45,-27.187,-1.053,-1.008,-26.981,-1.075,0.994,0.208
74.47,-27.206,-1.052,-1.007,-26.981,-1.075,0.994,0.227
74.49,-27.206,-1.052,-1.007,-26.981,-1.075,0.994,0.227
74.52,-27.223,-1.051,-1.007,-26.981,-1.075,0.994,0.244
74.54,-27.223,-1.051,-1.007,-26.981,-1.075,0.994,0.244
74.56,-27.243,-1.050,-1.005,-26.981,-1.075,0.994,0.263
74.58,-27.243,-1.050,-1.005,-26.981,-1.075,0.994,0.263
74.60,-27.254,-1.049,-1.004,-26.981,-1.075,0.994,0.275
74.62,-27.254,-1.049,-1.004,-26.981,-1.075,0.994,0.275
74.64,-27.254,-1.049,-1.004,-26.981,-1.075,0.994,0.275
74.66,-27.267,-1.049,-1.002,-26.981,-1.075,0.994,0.287
74.68,-27.267,-1.049,-1.002,-26.981,-1.075,0.994,0.287
74.70,-27.274,-1.048,-1.001,-26.981,-1.075,0.994,0.294
74.72,-27.274,-1.048,-1.001,-26.981,-1.075,0.994,0.294
74.74,-27.279,-1.048,-0.999,-26.981,-1.075,0.994,0.300
74.76,-27.279,-1.048,-0.999,-26.981,-1.075,0.994,0.300
74.79,-27.283,-1.047,-0.998,-26.981,-1.075,0.994,0.304
74.81,-27.283,-1.047,-0.998,-26.981,-1.075,0.994,0.304
74.83,-27.286,-1.047,-0.997,-26.981,-1.075,0.994,0.306
74.85,-27.286,-1.047,-0.997,-26.981,-1.075,0.994,0.306
74.87,-27.287,-1.046,-0.995,-26.981,-1.075,0.994,0.307
74.89,-27.287,-1.046,-0.995,-26.981,-1.075,0.994,0.307
74.91,-27.286,-1.046,-0.994,-26.981,-1.075,0.994,0.307
74.93,-27.286,-1.046,-0.994,-26.981,-1.075,0.994,0.307
74.95,-27.285,-1.045,-0.993,-26.981,-1.075,0.994,0.305
74.97,-27.285,-1.045,-0.993,-26.981,-1.075,0.994,0.305
74.99,-27.282,-1.045,-0.992,-26.981,-1.075,0.994,0.303
75.01,-27.282,-1.045,-0.992,-26.981,-1.075,0.994,0.303
75.03,-27.278,-1.045,-0.991,-26.981,-1.075,0.994,0.299
75.06,-27.278,-1.045,-0.991,-26.981,-1.075,0.994,0.299
75.08,-27.273,-1.044,-0.990,-26.981,-1.075,0.994,0.294
75.10,-27.273,-1.044,-0.990,-26.981,-1.075,0.994,0.294
75.12,-27.266,-1.044,-0.989,-26.981,-1.075,0.994,0.287
75.14,-27.266,-1.044,-0.989,-26.981,-1.075,0.994,0.287
75.16,-27.266,-1.044,-0.989,-26.981,-1.075,0.994,0.287
75.18,-27.257,-1.043,-0.988,-26.981,-1.075,0.994,0.278
75.20,-27.257,-1.043,-0.988,-26.981,-1.075,0.994,0.278
75.22,-27.249,-1.042,-0.987,-26.981,-1.075,0.994,0.271
75.24,-27.249,-1.042,-0.987,-26.981,-1.075,0.994,0.271
75.26,-27.242,-1.042,-0.986,-26.981,-1.075,0.994,0.263
75.28,-27.242,-1.042,-0.986,-26.981,-1.075,0.994,0.263
75.31,-27.233,-1.041,-0.985,-26.981,-1.075,0.994,0.255
75.33,-27.233,-1.041,-0.985,-26.981,-1.075,0.994,0.255
75.35,-27.225,-1.041,-0.984,-26.981,-1.075,0.994,0.247
75.37,-27.225,-1.041,-0.984,-26.981,-1.075,0.994,0.247
75.39,-27.214,-1.041,-0.983,-26.981,-1.075,0.994,0.236
75.41,-27.214,-1.041,-0.983,-26.981,-1.075,0.994,0.236
75.43,-27.205,-1.040,-0.982,-26.981,-1.075,0.994,0.228
75.45,-27.205,-1.040,-0.982,-26.981,-1.075,0.994,0.228
75.47,-27.197,-1.040,-0.981,-26.981,-1.075,0.994,0.219
75.49,-27.197,-1.040,-0.981,-26.981,-1.075,0.994,0.219
75.51,-27.188,-1.040,-0.980,-26.981,-1.075,0.994,0.210
75.53,-27.188,-1.040,-0.980,-26.981,-1.075,0.994,0.210
75.55,-27.179,-1.040,-0.979,-26.981,-1.075,0.994,0.202
75.58,-27.179,-1.040,-0.979,-26.981,-1.075,0.994,0.202
75.60,-27.167,-1.041,-0.978,-26.981,-1.075,0.994,0.190
75.62,-27.167,-1.041,-0.978,-26.981,-1.075,0.994,0.190
75.64,-27.160,-1.041,-0.977,-26.981,-1.075,0.994,0.183
75.66,-27.160,-1.041,-0.977,-26.981,-1.075,0.994,0.183
75.68,-27.160,-1.041,-0.977,-26.981,-1.075,0.994,0.183
75.70,-27.147,-1.042,-0.976,-26.981,-1.075,0.994,0.171
75.72,-27.147,-1.042,-0.976,-26.981,-1.075,0.994,0.171
75.74,-27.139,-1.042,-0.975,-26.981,-1.075,0.994,0.163
75.76,-27.139,-1.042,-0.975,-26.981,-1.075,0.994,0.163
75.78,-27.132,-1.043,-0.975,-26.981,-1.075,0.994,0.155
75.80,-27.132,-1.043,-0.975,-26.981,-1.075,0.994,0.155
75.83,-27.124,-1.044,-0.975,-26.981,-1.075,0.994,0.148
75.85,-27.124,-1.044,-0.975,-26.981,-1.075,0.994,0.148
75.87,-27.117,-1.044,-0.975,-26.981,-1.075,0.994,0.141
75.89,-27.117,-1.044,-0.975,-26.981,-1.075,0.994,0.141
75.91,-27.108,-1.045,-0.975,-26.981,-1.075,0.994,0.132
75.93,-27.108,-1.045,-0.975,-26.981,-1.075,0.994,0.132
75.95,-27.101,-1.046,-0.975,-26.981,-1.075,0.994,0.125
75.97,-27.101,-1.046,-0.975,-26.981,-1.075,0.994,0.125
75.99,-27.094,-1.046,-0.975,-26.981,-1.075,0.994,0.119
76.01,-27.094,-1.046,-0.975,-26.981,-1.075,0.994,0.119
76.03,-27.088,-1.047,-0.975,-26.981,-1.075,0.994,0.112
76.05,-27.088,-1.047,-0.975,-26.981,-1.075,0.994,0.112
76.07,-27.081,-1.048,-0.975,-26.981,-1.075,0.994,0.106
76.10,-27.081,-1.048,-0.975,-26.981,-1.075,0.994,0.106
76.12,-27.073,-1.049,-0.975,-26.981,-1.075,0.994,0.097
76.14,-27.073,-1.049,-0.975,-26.981,-1.075,0.994,0.097
76.16,-27.073,-1.049,-0.975,-26.981,-1.075,0.994,0.097
76.18,-27.064,-1.050,-0.976,-26.981,-1.075,0.994,0.089
76.20,-27.064,-1.050,-0.976,-26.981,-1.075,0.994,0.089
76.22,-27.059,-1.051,-0.976,-26.981,-1.075,0.994,0.083
76.24,-27.059,-1.051,-0.976,-26.981,-1.075,0.994,0.083
76.26,-27.053,-1.051,-0.977,-26.981,-1.075,0.994,0.078
76.28,-27.053,-1.051,-0.977,-26.981,-1.075,0.994,0.078
76.30,-27.048,-1.052,-0.977,-26.981,-1.075,0.994,0.073
76.32,-27.048,-1.052,-0.977,-26.981,-1.075,0.994,0.073
76.35,-27.043,-1.053,-0.977,-26.981,-1.075,0.994,0.068
76.37,-27.043,-1.053,-0.977,-26.981,-1.075,0.994,0.068
76.39,-27.038,-1.053,-0.977,-26.981,-1.075,0.994,0.064
76.41,-27.038,-1.053,-0.977,-26.981,-1.075,0.994,0.064
76.43,-27.033,-1.054,-0.978,-26.981,-1.075,0.994,0.058
76.45,-27.033,-1.054,-0.978,-26.981,-1.075,0.994,0.058
76.47,-27.029,-1.055,-0.978,-26.981,-1.075,0.994,0.054
76.49,-27.029,-1.055,-0.978,-26.981,-1.075,0.994,0.054
76.51,-27.024,-1.056,-0.978,-26.981,-1.075,0.994,0.050
76.53,-27.024,-1.056,-0.978,-26.981,-1.075,0.994,0.050
76.55,-27.020,-1.056,-0.978,-26.981,-1.075,0.994,0.047
76.57,-27.020,-1.056,-0.978,-26.981,-1.075,0.994,0.047
76.60,-27.016,-1.057,-0.977,-26.981,-1.075,0.994,0.043
76.62,-27.016,-1.057,-0.977,-26.981,-1.075,0.994,0.043
76.64,-27.011,-1.058,-0.977,-26.981,-1.075,0.994,0.038
76.66,-27.011,-1.058,-0.977,-26.981,-1.075,0.994,0.038
76.68,-27.011,-1.058,-0.977,-26.981,-1.075,0.994,0.038
76.70,-27.006,-1.059,-0.977,-26.981,-1.075,0.994,0.034
76.72,-27.006,-1.059,-0.977,-26.981,-1.075,0.994,0.034
76.74,-27.002,-1.060,-0.977,-26.981,-1.075,0.994,0.031
76.76,-27.002,-1.060,-0.977,-26.981,-1.075,0.994,0.031
76.78,-26.999,-1.061,-0.978,-26.981,-1.075,0.994,0.028
76.80,-26.999,-1.061,-0.978,-26.981,-1.075,0.994,0.028
76.82,-26.995,-1.061,-0.978,-26.981,-1.075,0.994,0.025
76.84,-26.995,-1.061,-0.978,-26.981,-1.075,0.994,0.025
76.87,-26.992,-1.062,-0.978,-26.981,-1.075,0.994,0.023
76.89,-26.992,-1.062,-0.978,-26.981,-1.075,0.994,0.023
76.91,-26.989,-1.063,-0.979,-26.981,-1.075,0.994,0.021
76.93,-26.989,-1.063,-0.979,-26.981,-1.075,0.994,0.021
76.95,-26.986,-1.064,-0.979,-26.981,-1.075,0.994,0.019
76.97,-26.986,-1.064,-0.979,-26.981,-1.075,0.994,0.019
76.99,-26.983,-1.065,-0.979,-26.981,-1.075,0.994,0.018
77.01,-26.983,-1.065,-0.979,-26.981,-1.075,0.994,0.018
77.03,-26.981,-1.066,-0.980,-26.981,-1.075,0.994,0.017
77.05,-26.981,-1.066,-0.980,-26.981,-1.075,0.994,0.017
77.07,-26.978,-1.066,-0.980,-26.981,-1.075,0.994,0.016
77.09,-26.978,-1.066,-0.980,-26.981,-1.075,0.994,0.016
77.12,-26.976,-1.067,-0.980,-26.981,-1.075,0.994,0.016
77.14,-26.976,-1.067,-0.980,-26.981,-1.075,0.994,0.016
77.16,-26.976,-1.067,-0.980,-26.981,-1.075,0.994,0.016
77.18,-26.973,-1.068,-0.981,-26.981,-1.075,0.994,0.017
77.20,-26.973,-1.068,-0.981,-26.981,-1.075,0.994,0.017
77.22,-26.971,-1.069,-0.981,-26.981,-1.075,0.994,0.017
77.24,-26.971,-1.069,-0.981,-26.981,-1.075,0.994,0.017
77.26,-26.970,-1.070,-0.981,-26.981,-1.075,0.994,0.018
77.28,-26.970,-1.070,-0.981,-26.981,-1.075,0.994,0.018
77.30,-26.969,-1.071,-0.981,-26.981,-1.075,0.994,0.018
77.32,-26.969,-1.071,-0.981,-26.981,-1.075,0.994,0.018
77.34,-26.968,-1.071,-0.981,-26.981,-1.075,0.994,0.019
77.36,-26.968,-1.071,-0.981,-26.981,-1.075,0.994,0.019
77.39,-26.967,-1.072,-0.981,-26.981,-1.075,0.994,0.019
77.41,-26.967,-1.072,-0.981,-26.981,-1.075,0.994,0.019
77.43,-26.966,-1.073,-0.981,-26.981,-1.075,0.994,0.019
77.45,-26.966,-1.073,-0.981,-26.981,-1.075,0.994,0.019
77.47,-26.965,-1.073,-0.982,-26.981,-1.075,0.994,0.020
77.49,-26.965,-1.073,-0.982,-26.981,-1.075,0.994,0.020
77.51,-26.965,-1.074,-0.982,-26.981,-1.075,0.994,0.020
77.53,-26.965,-1.074,-0.982,-26.981,-1.075,0.994,0.020
77.55,-26.964,-1.075,-0.982,-26.981,-1.075,0.994,0.020
77.57,-26.964,-1.075,-0.982,-26.981,-1.075,0.994,0.020
77.59,-26.964,-1.075,-0.983,-26.981,-1.075,0.994,0.020
77.61,-26.964,-1.075,-0.983,-26.981,-1.075,0.994,0.020
77.63,-26.963,-1.076,-0.983,-26.981,-1.075,0.994,0.021
77.66,-26.963,-1.076,-0.983,-26.981,-1.075,0.994,0.021
77.68,-26.963,-1.076,-0.983,-26.981,-1.075,0.994,0.021
77.70,-26.963,-1.076,-0.984,-26.981,-1.075,0.994,0.020
77.72,-26.963,-1.076,-0.984,-26.981,-1.075,0.994,0.020
77.74,-26.963,-1.076,-0.984,-26.981,-1.075,0.994,0.020
77.76,-26.963,-1.076,-0.984,-26.981,-1.075,0.994,0.020
77.78,-26.963,-1.076,-0.985,-26.981,-1.075,0.994,0.020
77.80,-26.963,-1.076,-0.985,-26.981,-1.075,0.994,0.020
77.82,-26.963,-1.076,-0.985,-26.981,-1.075,0.994,0.020
77.84,-26.963,-1.076,-0.985,-26.981,-1.075,0.994,0.020
77.86,-26.962,-1.076,-0.986,-26.981,-1.075,0.994,0.020
77.88,-26.962,-1.076,-0.986,-26.981,-1.075,0.994,0.020
77.91,-26.962,-1.076,-0.986,-26.981,-1.075,0.994,0.020
77.93,-26.962,-1.076,-0.986,-26.981,-1.075,0.994,0.020
77.95,-26.962,-1.076,-0.987,-26.981,-1.075,0.994,0.020
77.97,-26.962,-1.076,-0.987,-26.981,-1.075,0.994,0.020
77.99,-26.962,-1.076,-0.987,-26.981,-1.075,0.994,0.021
78.01,-26.962,-1.076,-0.987,-26.981,-1.075,0.994,0.021
78.03,-26.961,-1.076,-0.987,-26.981,-1.075,0.994,0.021
78.05,-26.961,-1.076,-0.987,-26.981,-1.075,0.994,0.021
78.07,-26.961,-1.076,-0.988,-26.981,-1.075,0.994,0.021
78.09,-26.961,-1.076,-0.988,-26.981,-1.075,0.994,0.021
78.11,-26.961,-1.076,-0.988,-26.981,-1.075,0.994,0.021
78.13,-26.961,-1.076,-0.988,-26.981,-1.075,0.994,0.021
78.15,-26.960,-1.075,-0.988,-26.981,-1.075,0.994,0.021
78.17,-26.960,-1.075,-0.988,-26.981,-1.075,0.994,0.021
78.20,-26.960,-1.075,-0.988,-26.981,-1.075,0.994,0.021
78.22,-26.960,-1.075,-0.988,-26.981,-1.075,0.994,0.022
78.24,-26.960,-1.075,-0.988,-26.981,-1.075,0.994,0.022
78.26,-26.960,-1.075,-0.988,-26.981,-1.075,0.994,0.022
78.28,-26.960,-1.075,-0.988,-26.981,-1.075,0.994,0.022
78.30,-26.960,-1.074,-0.988,-26.981,-1.075,0.994,0.022
78.32,-26.960,-1.074,-0.988,-26.981,-1.075,0.994,0.022
78.34,-26.960,-1.074,-0.988,-26.981,-1.075,0.994,0.022
78.36,-26.960,-1.074,-0.988,-26.981,-1.075,0.994,0.022
78.38,-26.960,-1.074,-0.988,-26.981,-1.075,0.994,0.022
78.40,-26.960,-1.074,-0.988,-26.981,-1.075,0.994,0.022
78.42,-26.960,-1.073,-0.988,-26.981,-1.075,0.994,0.022
78.44,-26.960,-1.073,-0.988,-26.981,-1.075,0.994,0.022
78.47,-26.960,-1.073,-0.988,-26.981,-1.075,0.994,0.021
78.49,-26.960,-1.073,-0.988,-26.981,-1.075,0.994,0.021
78.51,-26.961,-1.072,-0.988,-26.981,-1.075,0.994,0.021
78.53,-26.961,-1.072,-0.988,-26.981,-1.075,0.994,0.021
78.55,-26.962,-1.071,-0.988,-26.981,-1.075,0.994,0.020
78.57,-26.962,-1.071,-0.988,-26.981,-1.075,0.994,0.020
78.59,-26.962,-1.071,-0.989,-26.981,-1.075,0.994,0.020
78.61,-26.962,-1.071,-0.989,-26.981,-1.075,0.994,0.020
78.63,-26.963,-1.070,-0.989,-26.981,-1.075,0.994,0.019
78.65,-26.963,-1.070,-0.989,-26.981,-1.075,0.994,0.019
78.67,-26.963,-1.070,-0.989,-26.981,-1.075,0.994,0.019
78.69,-26.963,-1.070,-0.989,-26.981,-1.075,0.994,0.019
78.71,-26.963,-1.070,-0.989,-26.981,-1.075,0.994,0.019
78.74,-26.964,-1.070,-0.990,-26.981,-1.075,0.994,0.018
78.76,-26.964,-1.070,-0.990,-26.981,-1.075,0.994,0.018
78.78,-26.964,-1.070,-0.990,-26.981,-1.075,0.994,0.018
78.80,-26.964,-1.070,-0.990,-26.981,-1.075,0.994,0.018
78.82,-26.964,-1.070,-0.991,-26.981,-1.075,0.994,0.018
78.84,-26.964,-1.070,-0.991,-26.981,-1.075,0.994,0.018
78.86,-26.964,-1.071,-0.991,-26.981,-1.075,0.994,0.018
78.88,-26.964,-1.071,-0.991,-26.981,-1.075,0.994,0.018
78.90,-26.964,-1.071,-0.991,-26.981,-1.075,0.994,0.018
78.92,-26.964,-1.071,-0.991,-26.981,-1.075,0.994,0.018
78.94,-26.963,-1.072,-0.992,-26.981,-1.075,0.994,0.018
78.96,-26.963,-1.072,-0.992,-26.981,-1.075,0.994,0.018
78.99,-26.963,-1.072,-0.993,-26.981,-1.075,0.994,0.018
79.01,-26.963,-1.072,-0.993,-26.981,-1.075,0.994,0.018
79.03,-26.962,-1.073,-0.993,-26.981,-1.075,0.994,0.019
79.05,-26.962,-1.073,-0.993,-26.981,-1.075,0.994,0.019
79.07,-26.962,-1.074,-0.994,-26.981,-1.075,0.994,0.019
79.09,-26.962,-1.074,-0.994,-26.981,-1.075,0.994,0.019
79.11,-26.961,-1.074,-0.995,-26.981,-1.075,0.994,0.020
79.13,-26.961,-1.074,-0.995,-26.981,-1.075,0.994,0.020
79.15,-26.961,-1.075,-0.995,-26.981,-1.075,0.994,0.020
79.17,-26.961,-1.075,-0.995,-26.981,-1.075,0.994,0.020
79.19,-26.961,-1.075,-0.995,-26.981,-1.075,0.994,0.020
79.21,-26.959,-1.076,-0.996,-26.981,-1.075,0.994,0.021
79.23,-26.959,-1.076,-0.996,-26.981,-1.075,0.994,0.021
79.25,-26.958,-1.077,-0.996,-26.981,-1.075,0.994,0.023
79.28,-26.958,-1.077,-0.996,-26.981,-1.075,0.994,0.023
79.30,-26.957,-1.077,-0.996,-26.981,-1.075,0.994,0.024
79.32,-26.957,-1.077,-0.996,-26.981,-1.075,0.994,0.024
79.34,-26.956,-1.078,-0.997,-26.981,-1.075,0.994,0.025
79.36,-26.956,-1.078,-0.997,-26.981,-1.075,0.994,0.025
79.38,-26.956,-1.078,-0.997,-26.981,-1.075,0.994,0.026
79.40,-26.956,-1.078,-0.997,-26.981,-1.075,0.994,0.026
79.42,-26.955,-1.078,-0.997,-26.981,-1.075,0.994,0.027
79.44,-26.955,-1.078,-0.997,-26.981,-1.075,0.994,0.027
79.46,-26.954,-1.079,-0.997,-26.981,-1.075,0.994,0.027
79.48,-26.954,-1.079,-0.997,-26.981,-1.075,0.994,0.027
79.50,-26.953,-1.079,-0.997,-26.981,-1.075,0.994,0.028
79.52,-26.953,-1.079,-0.997,-26.981,-1.075,0.994,0.028
79.55,-26.953,-1.079,-0.997,-26.981,-1.075,0.994,0.029
79.57,-26.953,-1.079,-0.997,-26.981,-1.075,0.994,0.029
79.59,-26.952,-1.079,-0.997,-26.981,-1.075,0.994,0.029
79.61,-26.952,-1.079,-0.997,-26.981,-1.075,0.994,0.029
79.63,-26.951,-1.079,-0.996,-26.981,-1.075,0.994,0.030
79.65,-26.951,-1.079,-0.996,-26.981,-1.075,0.994,0.030
79.67,-26.951,-1.079,-0.996,-26.981,-1.075,0.994,0.031
79.69,-26.951,-1.079,-0.996,-26.981,-1.075,0.994,0.031
79.71,-26.951,-1.079,-0.996,-26.981,-1.075,0.994,0.031
79.73,-26.950,-1.078,-0.996,-26.981,-1.075,0.994,0.031
79.75,-26.950,-1.078,-0.996,-26.981,-1.075,0.994,0.031
79.77,-26.949,-1.078,-0.996,-26.981,-1.075,0.994,0.032
79.79,-26.949,-1.078,-0.996,-26.981,-1.075,0.994,0.032
79.82,-26.949,-1.078,-0.996,-26.981,-1.075,0.994,0.032
79.84,-26.949,-1.078,-0.996,-26.981,-1.075,0.994,0.032
79.86,-26.948,-1.078,-0.996,-26.981,-1.075,0.994,0.033
79.88,-26.948,-1.078,-0.996,-26.981,-1.075,0.994,0.033
79.90,-26.947,-1.078,-0.997,-26.981,-1.075,0.994,0.034
79.92,-26.947,-1.078,-0.997,-26.981,-1.075,0.994,0.034
79.94,-26.946,-1.078,-0.997,-26.981,-1.075,0.994,0.035
79.96,-26.946,-1.078,-0.997,-26.981,-1.075,0.994,0.035
79.98,-26.945,-1.078,-0.997,-26.981,-1.075,0.994,0.036
80.00,-26.945,-1.078,-0.997,-26.981,-1.075,0.994,0.036
80.02,-26.944,-1.078,-0.998,-26.981,-1.075,0.994,0.037
80.04,-26.944,-1.078,-0.998,-26.981,-1.075,0.994,0.037
80.06,-26.943,-1.078,-0.998,-26.981,-1.075,0.994,0.039
80.09,-26.943,-1.078,-0.998,-26.981,-1.075,0.994,0.039
80.11,-26.941,-1.078,-0.998,-26.981,-1.075,0.994,0.040
80.13,-26.941,-1.078,-0.998,-26.981,-1.075,0.994,0.040
80.15,-26.940,-1.078,-0.999,-26.981,-1.075,0.994,0.041
80.17,-26.940,-1.078,-0.999,-26.981,-1.075,0.994,0.041
80.19,-26.940,-1.078,-0.999,-26.981,-1.075,0.994,0.041
80.21,-26.938,-1.079,-0.999,-26.981,-1.075,0.994,0.043
80.23,-26.938,-1.079,-0.999,-26.981,-1.075,0.994,0.043
80.25,-26.938,-1.079,-0.999,-26.981,-1.075,0.994,0.044
80.27,-26.938,-1.079,-0.999,-26.981,-1.075,0.994,0.044
80.29,-26.937,-1.080,-0.999,-26.981,-1.075,0.994,0.044
80.31,-26.937,-1.080,-0.999,-26.981,-1.075,0.994,0.044
80.33,-26.937,-1.080,-1.000,-26.981,-1.075,0.994,0.045
80.36,-26.937,-1.080,-1.000,-26.981,-1.075,0.994,0.045
80.38,-26.936,-1.080,-1.000,-26.981,-1.075,0.994,0.045
80.40,-26.936,-1.080,-1.000,-26.981,-1.075,0.994,0.045
80.42,-26.936,-1.080,-1.000,-26.981,-1.075,0.994,0.046
80.44,-26.936,-1.080,-1.000,-26.981,-1.075,0.994,0.046
80.46,-26.936,-1.081,-1.000,-26.981,-1.075,0.994,0.046
80.48,-26.936,-1.081,-1.000,-26.981,-1.075,0.994,0.046
80.50,-26.935,-1.081,-1.001,-26.981,-1.075,0.994,0.046
80.52,-26.935,-1.081,-1.001,-26.981,-1.075,0.994,0.046
80.54,-26.935,-1.081,-1.001,-26.981,-1.075,0.994,0.047
80.56,-26.935,-1.081,-1.001,-26.981,-1.075,0.994,0.047
80.58,-26.935,-1.081,-1.001,-26.981,-1.075,0.994,0.047
80.60,-26.935,-1.081,-1.001,-26.981,-1.075,0.994,0.047
80.63,-26.935,-1.082,-1.001,-26.981,-1.075,0.994,0.047
80.65,-26.935,-1.082,-1.001,-26.981,-1.075,0.994,0.047
80.67,-26.935,-1.082,-1.001,-26.981,-1.075,0.994,0.047
80.69,-26.935,-1.082,-1.001,-26.981,-1.075,0.994,0.047
80.71,-26.935,-1.082,-1.001,-26.981,-1.075,0.994,0.047
80.73,-26.934,-1.083,-1.001,-26.981,-1.075,0.994,0.048
80.75,-26.934,-1.083,-1.001,-26.981,-1.075,0.994,0.048
80.77,-26.934,-1.083,-1.002,-26.981,-1.075,0.994,0.048
80.79,-26.934,-1.083,-1.002,-26.981,-1.075,0.994,0.048
80.81,-26.934,-1.084,-1.002,-26.981,-1.075,0.994,0.048
80.83,-26.934,-1.084,-1.002,-26.981,-1.075,0.994,0.048
80.85,-26.935,-1.084,-1.002,-26.981,-1.075,0.994,0.048
80.87,-26.935,-1.084,-1.002,-26.981,-1.075,0.994,0.048
80.89,-26.935,-1.085,-1.002,-26.981,-1.075,0.994,0.048
80.92,-26.935,-1.085,-1.002,-26.981,-1.075,0.994,0.048
80.94,-26.936,-1.086,-1.002,-26.981,-1.075,0.994,0.047
80.96,-26.936,-1.086,-1.002,-26.981,-1.075,0.994,0.047
80.98,-26.937,-1.086,-1.003,-26.981,-1.075,0.994,0.047
81.00,-26.937,-1.086,-1.003,-26.981,-1.075,0.994,0.047
81.02,-26.937,-1.087,-1.003,-26.981,-1.075,0.994,0.046
81.04,-26.937,-1.087,-1.003,-26.981,-1.075,0.994,0.046
81.06,-26.939,-1.088,-1.003,-26.981,-1.075,0.994,0.045
81.08,-26.939,-1.088,-1.003,-26.981,-1.075,0.994,0.045
81.10,-26.940,-1.089,-1.003,-26.981,-1.075,0.994,0.044
81.12,-26.940,-1.089,-1.003,-26.981,-1.075,0.994,0.044
81.14,-26.941,-1.090,-1.003,-26.981,-1.075,0.994,0.044
81.16,-26.941,-1.090,-1.003,-26.981,-1.075,0.994,0.044
81.18,-26.941,-1.090,-1.003,-26.981,-1.075,0.994,0.044
81.21,-26.943,-1.091,-1.003,-26.981,-1.075,0.994,0.042
81.23,-26.943,-1.091,-1.003,-26.981,-1.075,0.994,0.042
81.25,-26.944,-1.091,-1.002,-26.981,-1.075,0.994,0.041
81.27,-26.944,-1.091,-1.002,-26.981,-1.075,0.994,0.041
81.29,-26.946,-1.092,-1.001,-26.981,-1.075,0.994,0.040
81.31,-26.946,-1.092,-1.001,-26.981,-1.075,0.994,0.040
81.33,-26.947,-1.093,-1.000,-26.981,-1.075,0.994,0.039
81.35,-26.947,-1.093,-1.000,-26.981,-1.075,0.994,0.039
81.37,-26.948,-1.093,-0.999,-26.981,-1.075,0.994,0.038
81.39,-26.948,-1.093,-0.999,-26.981,-1.075,0.994,0.038
81.41,-26.948,-1.094,-0.998,-26.981,-1.075,0.994,0.038
81.43,-26.948,-1.094,-0.998,-26.981,-1.075,0.994,0.038
81.45,-26.949,-1.094,-0.997,-26.981,-1.075,0.994,0.037
81.48,-26.949,-1.094,-0.997,-26.981,-1.075,0.994,0.037
81.50,-26.950,-1.094,-0.996,-26.981,-1.075,0.994,0.037
81.52,-26.950,-1.094,-0.996,-26.981,-1.075,0.994,0.037
81.54,-26.950,-1.093,-0.995,-26.981,-1.075,0.994,0.036
81.56,-26.950,-1.093,-0.995,-26.981,-1.075,0.994,0.036
81.58,-26.950,-1.093,-0.993,-26.981,-1.075,0.994,0.036
81.60,-26.950,-1.093,-0.993,-26.981,-1.075,0.994,0.036
81.62,-26.950,-1.092,-0.993,-26.981,-1.075,0.994,0.035
81.64,-26.950,-1.092,-0.993,-26.981,-1.075,0.994,0.035
81.66,-26.950,-1.092,-0.992,-26.981,-1.075,0.994,0.035
81.68,-26.950,-1.092,-0.992,-26.981,-1.075,0.994,0.035
81.70,-26.950,-1.092,-0.992,-26.981,-1.075,0.994,0.035
81.72,-26.951,-1.091,-0.991,-26.981,-1.075,0.994,0.034
81.75,-26.951,-1.091,-0.991,-26.981,-1.075,0.994,0.034
81.77,-26.951,-1.090,-0.990,-26.981,-1.075,0.994,0.034
81.79,-26.951,-1.090,-0.990,-26.981,-1.075,0.994,0.034
81.81,-26.951,-1.090,-0.990,-26.981,-1.075,0.994,0.034
81.83,-26.951,-1.090,-0.990,-26.981,-1.075,0.994,0.034
81.85,-26.951,-1.089,-0.990,-26.981,-1.075,0.994,0.033
81.87,-26.951,-1.089,-0.990,-26.981,-1.075,0.994,0.033
81.89,-26.952,-1.089,-0.990,-26.981,-1.075,0.994,0.033
81.91,-26.952,-1.089,-0.990,-26.981,-1.075,0.994,0.033
81.93,-26.952,-1.089,-0.989,-26.981,-1.075,0.994,0.032
81.95,-26.952,-1.089,-0.989,-26.981,-1.075,0.994,0.032
81.97,-26.952,-1.088,-0.989,-26.981,-1.075,0.994,0.032
81.99,-26.952,-1.088,-0.989,-26.981,-1.075,0.994,0.032
82.02,-26.953,-1.088,-0.989,-26.981,-1.075,0.994,0.032
82.04,-26.953,-1.088,-0.989,-26.981,-1.075,0.994,0.032
82.06,-26.953,-1.088,-0.988,-26.981,-1.075,0.994,0.032
82.08,-26.953,-1.088,-0.988,-26.981,-1.075,0.994,0.032
82.10,-26.953,-1.088,-0.988,-26.981,-1.075,0.994,0.032
82.12,-26.953,-1.088,-0.988,-26.981,-1.075,0.994,0.032
82.14,-26.953,-1.088,-0.988,-26.981,-1.075,0.994,0.032
82.16,-26.953,-1.088,-0.988,-26.981,-1.075,0.994,0.032
82.18,-26.953,-1.088,-0.987,-26.981,-1.075,0.994,0.032
82.20,-26.953,-1.088,-0.987,-26.981,-1.075,0.994,0.032
82.22,-26.953,-1.088,-0.987,-26.981,-1.075,0.994,0.032
82.24,-26.952,-1.088,-0.987,-26.981,-1.075,0.994,0.032
82.26,-26.952,-1.088,-0.987,-26.981,-1.075,0.994,0.032
82.29,-26.952,-1.088,-0.987,-26.981,-1.075,0.994,0.032
82.31,-26.952,-1.088,-0.987,-26.981,-1.075,0.994,0.032
82.33,-26.952,-1.087,-0.987,-26.981,-1.075,0.994,0.032
82.35,-26.952,-1.087,-0.987,-26.981,-1.075,0.994,0.032
82.37,-26.952,-1.086,-0.987,-26.981,-1.075,0.994,0.032
82.39,-26.952,-1.086,-0.987,-26.981,-1.075,0.994,0.032
82.41,-26.952,-1.086,-0.987,-26.981,-1.075,0.994,0.032
82.43,-26.952,-1.086,-0.987,-26.981,-1.075,0.994,0.032
82.45,-26.952,-1.085,-0.987,-26.981,-1.075,0.994,0.031
82.47,-26.952,-1.085,-0.987,-26.981,-1.075,0.994,0.031
82.49,-26.952,-1.085,-0.988,-26.981,-1.075,0.994,0.031
82.52,-26.952,-1.085,-0.988,-26.981,-1.075,0.994,0.031
82.54,-26.953,-1.084,-0.988,-26.981,-1.075,0.994,0.030
82.56,-26.953,-1.084,-0.988,-26.981,-1.075,0.994,0.030
82.58,-26.953,-1.083,-0.988,-26.981,-1.075,0.994,0.030
82.60,-26.953,-1.083,-0.988,-26.981,-1.075,0.994,0.030
82.62,-26.953,-1.083,-0.989,-26.981,-1.075,0.994,0.029
82.64,-26.953,-1.083,-0.989,-26.981,-1.075,0.994,0.029
82.66,-26.954,-1.082,-0.989,-26.981,-1.075,0.994,0.028
82.68,-26.954,-1.082,-0.989,-26.981,-1.075,0.994,0.028
82.70,-26.954,-1.082,-0.989,-26.981,-1.075,0.994,0.028
82.72,-26.955,-1.081,-0.989,-26.981,-1.075,0.994,0.027
82.74,-26.955,-1.081,-0.989,-26.981,-1.075,0.994,0.027
82.76,-26.956,-1.080,-0.989,-26.981,-1.075,0.994,0.026
82.78,-26.956,-1.080,-0.989,-26.981,-1.075,0.994,0.026
82.81,-26.957,-1.080,-0.989,-26.981,-1.075,0.994,0.025
82.83,-26.957,-1.080,-0.989,-26.981,-1.075,0.994,0.025
82.85,-26.957,-1.079,-0.989,-26.981,-1.075,0.994,0.024
82.87,-26.957,-1.079,-0.989,-26.981,-1.075,0.994,0.024
82.89,-26.959,-1.079,-0.990,-26.981,-1.075,0.994,0.023
82.91,-26.959,-1.079,-0.990,-26.981,-1.075,0.994,0.023
82.93,-26.960,-1.078,-0.990,-26.981,-1.075,0.994,0.021
82.95,-26.960,-1.078,-0.990,-26.981,-1.075,0.994,0.021
82.97,-26.961,-1.078,-0.990,-26.981,-1.075,0.994,0.020
82.99,-26.961,-1.078,-0.990,-26.981,-1.075,0.994,0.020
83.01,-26.963,-1.078,-0.990,-26.981,-1.075,0.994,0.019
83.03,-26.963,-1.078,-0.990,-26.981,-1.075,0.994,0.019
83.06,-26.964,-1.078,-0.991,-26.981,-1.075,0.994,0.017
83.08,-26.964,-1.078,-0.991,-26.981,-1.075,0.994,0.017
83.10,-26.966,-1.078,-0.991,-26.981,-1.075,0.994,0.015
83.12,-26.966,-1.078,-0.991,-26.981,-1.075,0.994,0.015
83.14,-26.967,-1.078,-0.992,-26.981,-1.075,0.994,0.014
83.16,-26.967,-1.078,-0.992,-26.981,-1.075,0.994,0.014
83.18,-26.969,-1.078,-0.993,-26.981,-1.075,0.994,0.013
83.20,-26.969,-1.078,-0.993,-26.981,-1.075,0.994,0.013
83.22,-26.969,-1.078,-0.993,-26.981,-1.075,0.994,0.013
83.24,-26.971,-1.079,-0.994,-26.981,-1.075,0.994,0.011
83.26,-26.971,-1.079,-0.994,-26.981,-1.075,0.994,0.011
83.28,-26.972,-1.079,-0.995,-26.981,-1.075,0.994,0.010
83.31,-26.972,-1.079,-0.995,-26.981,-1.075,0.994,0.010
83.33,-26.973,-1.079,-0.996,-26.981,-1.075,0.994,0.009
83.35,-26.973,-1.079,-0.996,-26.981,-1.075,0.994,0.009
83.37,-26.974,-1.079,-0.997,-26.981,-1.075,0.994,0.009
83.39,-26.974,-1.079,-0.997,-26.981,-1.075,0.994,0.009
83.41,-26.975,-1.079,-0.998,-26.981,-1.075,0.994,0.009
83.43,-26.975,-1.079,-0.998,-26.981,-1.075,0.994,0.009
83.45,-26.975,-1.079,-0.999,-26.981,-1.075,0.994,0.009
83.47,-26.975,-1.079,-0.999,-26.981,-1.075,0.994,0.009
83.49,-26.975,-1.079,-1.000,-26.981,-1.075,0.994,0.009
83.51,-26.975,-1.079,-1.000,-26.981,-1.075,0.994,0.009
83.53,-26.975,-1.079,-1.001,-26.981,-1.075,0.994,0.010
83.55,-26.975,-1.079,-1.001,-26.981,-1.075,0.994,0.010
83.57,-26.975,-1.078,-1.002,-26.981,-1.075,0.994,0.011
83.60,-26.975,-1.078,-1.002,-26.981,-1.075,0.994,0.011
83.62,-26.974,-1.078,-1.002,-26.981,-1.075,0.994,0.012
83.64,-26.974,-1.078,-1.002,-26.981,-1.075,0.994,0.012
83.66,-26.973,-1.078,-1.003,-26.981,-1.075,0.994,0.012
83.68,-26.973,-1.078,-1.003,-26.981,-1.075,0.994,0.012
83.70,-26.972,-1.078,-1.004,-26.981,-1.075,0.994,0.013
83.72,-26.972,-1.078,-1.004,-26.981,-1.075,0.994,0.013
83.74,-26.972,-1.078,-1.004,-26.981,-1.075,0.994,0.013
83.76,-26.970,-1.078,-1.005,-26.981,-1.075,0.994,0.015
83.78,-26.970,-1.078,-1.005,-26.981,-1.075,0.994,0.015
83.80,-26.969,-1.078,-1.005,-26.981,-1.075,0.994,0.016
83.82,-26.969,-1.078,-1.005,-26.981,-1.075,0.994,0.016
83.85,-26.968,-1.078,-1.005,-26.981,-1.075,0.994,0.018
83.87,-26.968,-1.078,-1.005,-26.981,-1.075,0.994,0.018
83.89,-26.967,-1.079,-1.006,-26.981,-1.075,0.994,0.019
83.91,-26.967,-1.079,-1.006,-26.981,-1.075,0.994,0.019
83.93,-26.965,-1.079,-1.006,-26.981,-1.075,0.994,0.020
83.95,-26.965,-1.079,-1.006,-26.981,-1.075,0.994,0.020
83.97,-26.964,-1.079,-1.007,-26.981,-1.075,0.994,0.022
83.99,-26.964,-1.079,-1.007,-26.981,-1.075,0.994,0.022
84.01,-26.962,-1.080,-1.007,-26.981,-1.075,0.994,0.023
84.03,-26.962,-1.080,-1.007,-26.981,-1.075,0.994,0.023
84.05,-26.961,-1.080,-1.007,-26.981,-1.075,0.994,0.024
84.07,-26.961,-1.080,-1.007,-26.981,-1.075,0.994,0.024
84.09,-26.960,-1.079,-1.007,-26.981,-1.075,0.994,0.025
84.12,-26.960,-1.079,-1.007,-26.981,-1.075,0.994,0.025
84.14,-26.959,-1.079,-1.007,-26.981,-1.075,0.994,0.026
84.16,-26.959,-1.079,-1.007,-26.981,-1.075,0.994,0.026
84.18,-26.958,-1.079,-1.006,-26.981,-1.075,0.994,0.027
84.20,-26.958,-1.079,-1.006,-26.981,-1.075,0.994,0.027
84.22,-26.958,-1.079,-1.006,-26.981,-1.075,0.994,0.027
84.24,-26.957,-1.079,-1.006,-26.981,-1.075,0.994,0.027
84.26,-26.957,-1.079,-1.006,-26.981,-1.075,0.994,0.027
84.28,-26.956,-1.078,-1.005,-26.981,-1.075,0.994,0.027
84.30,-26.956,-1.078,-1.005,-26.981,-1.075,0.994,0.027
84.32,-26.956,-1.078,-1.004,-26.981,-1.075,0.994,0.027
84.34,-26.956,-1.078,-1.004,-26.981,-1.075,0.994,0.027
84.36,-26.956,-1.078,-1.004,-26.981,-1.075,0.994,0.027
84.39,-26.956,-1.078,-1.004,-26.981,-1.075,0.994,0.027
84.41,-26.956,-1.077,-1.003,-26.981,-1.075,0.994,0.026
84.43,-26.956,-1.077,-1.003,-26.981,-1.075,0.994,0.026
84.45,-26.956,-1.077,-1.002,-26.981,-1.075,0.994,0.026
84.47,-26.956,-1.077,-1.002,-26.981,-1.075,0.994,0.026
84.49,-26.957,-1.077,-1.002,-26.981,-1.075,0.994,0.025
84.51,-26.957,-1.077,-1.002,-26.981,-1.075,0.994,0.025
84.53,-26.957,-1.076,-1.001,-26.981,-1.075,0.994,0.025
84.55,-26.957,-1.076,-1.001,-26.981,-1.075,0.994,0.025
84.57,-26.958,-1.075,-1.001,-26.981,-1.075,0.994,0.024
84.59,-26.958,-1.075,-1.001,-26.981,-1.075,0.994,0.024
84.61,-26.959,-1.074,-1.000,-26.981,-1.075,0.994,0.023
84.63,-26.959,-1.074,-1.000,-26.981,-1.075,0.994,0.023
84.66,-26.960,-1.073,-0.999,-26.981,-1.075,0.994,0.022
84.68,-26.960,-1.073,-0.999,-26.981,-1.075,0.994,0.022
84.70,-26.961,-1.072,-0.999,-26.981,-1.075,0.994,0.021
84.72,-26.961,-1.072,-0.999,-26.981,-1.075,0.994,0.021
84.74,-26.961,-1.072,-0.999,-26.981,-1.075,0.994,0.021
84.76,-26.962,-1.071,-0.998,-26.981,-1.075,0.994,0.019
84.78,-26.962,-1.071,-0.998,-26.981,-1.075,0.994,0.019
84.80,-26.963,-1.070,-0.997,-26.981,-1.075,0.994,0.019
84.82,-26.963,-1.070,-0.997,-26.981,-1.075,0.994,0.019
84.84,-26.964,-1.068,-0.997,-26.981,-1.075,0.994,0.018
84.86,-26.964,-1.068,-0.997,-26.981,-1.075,0.994,0.018
84.88,-26.965,-1.067,-0.997,-26.981,-1.075,0.994,0.018
84.91,-26.965,-1.067,-0.997,-26.981,-1.075,0.994,0.018
84.93,-26.965,-1.066,-0.996,-26.981,-1.075,0.994,0.018
84.95,-26.965,-1.066,-0.996,-26.981,-1.075,0.994,0.018
84.97,-26.966,-1.064,-0.996,-26.981,-1.075,0.994,0.018
84.99,-26.966,-1.064,-0.996,-26.981,-1.075,0.994,0.018
85.01,-26.967,-1.062,-0.996,-26.981,-1.075,0.994,0.019
85.03,-26.967,-1.062,-0.996,-26.981,-1.075,0.994,0.019
85.05,-26.968,-1.060,-0.996,-26.981,-1.075,0.994,0.019
85.07,-26.968,-1.060,-0.996,-26.981,-1.075,0.994,0.019
85.09,-26.969,-1.058,-0.995,-26.981,-1.075,0.994,0.020
85.11,-26.969,-1.058,-0.995,-26.981,-1.075,0.994,0.020
85.13,-26.970,-1.056,-0.995,-26.981,-1.075,0.994,0.021
85.15,-26.970,-1.056,-0.995,-26.981,-1.075,0.994,0.021
85.18,-26.972,-1.054,-0.994,-26.981,-1.075,0.994,0.023
85.20,-26.972,-1.054,-0.994,-26.981,-1.075,0.994,0.023
85.22,-26.972,-1.054,-0.994,-26.981,-1.075,0.994,0.023
85.24,-26.973,-1.051,-0.994,-26.981,-1.075,0.994,0.025
85.26,-26.973,-1.051,-0.994,-26.981,-1.075,0.994,0.025
85.28,-26.975,-1.049,-0.994,-26.981,-1.075,0.994,0.026
85.30,-26.975,-1.049,-0.994,-26.981,-1.075,0.994,0.026
85.32,-26.976,-1.048,-0.993,-26.981,-1.075,0.994,0.028
85.34,-26.976,-1.048,-0.993,-26.981,-1.075,0.994,0.028
85.36,-26.977,-1.046,-0.993,-26.981,-1.075,0.994,0.029
85.38,-26.977,-1.046,-0.993,-26.981,-1.075,0.994,0.029
85.40,-26.978,-1.045,-0.992,-26.981,-1.075,0.994,0.030
85.42,-26.978,-1.045,-0.992,-26.981,-1.075,0.994,0.030
85.45,-26.979,-1.044,-0.992,-26.981,-1.075,0.994,0.031
85.47,-26.979,-1.044,-0.992,-26.981,-1.075,0.994,0.031
85.49,-26.980,-1.044,-0.991,-26.981,-1.075,0.994,0.031
85.51,-26.980,-1.044,-0.991,-26.981,-1.075,0.994,0.031
85.53,-26.980,-1.043,-0.990,-26.981,-1.075,0.994,0.032
85.55,-26.980,-1.043,-0.990,-26.981,-1.075,0.994,0.032
85.57,-26.980,-1.043,-0.990,-26.981,-1.075,0.994,0.032
85.59,-26.980,-1.043,-0.990,-26.981,-1.075,0.994,0.032
85.61,-26.980,-1.043,-0.990,-26.981,-1.075,0.994,0.032
85.63,-26.980,-1.043,-0.990,-26.981,-1.075,0.994,0.032
85.65,-26.980,-1.043,-0.989,-26.981,-1.075,0.994,0.032
85.67,-26.980,-1.043,-0.989,-26.981,-1.075,0.994,0.032
85.69,-26.980,-1.044,-0.989,-26.981,-1.075,0.994,0.031
85.72,-26.980,-1.044,-0.989,-26.981,-1.075,0.994,0.031
85.74,-26.980,-1.044,-0.989,-26.981,-1.075,0.994,0.031
85.76,-26.978,-1.045,-0.989,-26.981,-1.075,0.994,0.030
85.78,-26.978,-1.045,-0.989,-26.981,-1.075,0.994,0.030
85.80,-26.978,-1.046,-0.989,-26.981,-1.075,0.994,0.029
85.82,-26.978,-1.046,-0.989,-26.981,-1.075,0.994,0.029
85.84,-26.976,-1.047,-0.990,-26.981,-1.075,0.994,0.028
85.86,-26.976,-1.047,-0.990,-26.981,-1.075,0.994,0.028
85.88,-26.975,-1.048,-0.990,-26.981,-1.075,0.994,0.027
85.90,-26.975,-1.048,-0.990,-26.981,-1.075,0.994,0.027
85.92,-26.974,-1.050,-0.991,-26.981,-1.075,0.994,0.026
85.94,-26.974,-1.050,-0.991,-26.981,-1.075,0.994,0.026
85.97,-26.973,-1.051,-0.991,-26.981,-1.075,0.994,0.025
85.99,-26.973,-1.051,-0.991,-26.981,-1.075,0.994,0.025
86.01,-26.971,-1.053,-0.992,-26.981,-1.075,0.994,0.024
86.03,-26.971,-1.053,-0.992,-26.981,-1.075,0.994,0.024
86.05,-26.970,-1.055,-0.992,-26.981,-1.075,0.994,0.023
86.07,-26.970,-1.055,-0.992,-26.981,-1.075,0.994,0.023
86.09,-26.969,-1.056,-0.992,-26.981,-1.075,0.994,0.022
86.11,-26.969,-1.056,-0.992,-26.981,-1.075,0.994,0.022
86.13,-26.967,-1.058,-0.992,-26.981,-1.075,0.994,0.022
86.15,-26.967,-1.058,-0.992,-26.981,-1.075,0.994,0.022
86.17,-26.967,-1.059,-0.992,-26.981,-1.075,0.994,0.021
86.19,-26.967,-1.059,-0.992,-26.981,-1.075,0.994,0.021
86.22,-26.966,-1.062,-0.992,-26.981,-1.075,0.994,0.020
86.24,-26.966,-1.062,-0.992,-26.981,-1.075,0.994,0.020
86.26,-26.966,-1.062,-0.992,-26.981,-1.075,0.994,0.020
86.28,-26.965,-1.065,-0.992,-26.981,-1.075,0.994,0.018
86.30,-26.965,-1.065,-0.992,-26.981,-1.075,0.994,0.018
86.32,-26.965,-1.067,-0.992,-26.981,-1.075,0.994,0.018
86.34,-26.965,-1.067,-0.992,-26.981,-1.075,0.994,0.018
86.36,-26.965,-1.069,-0.992,-26.981,-1.075,0.994,0.017
86.38,-26.965,-1.069,-0.992,-26.981,-1.075,0.994,0.017
86.40,-26.965,-1.071,-0.991,-26.981,-1.075,0.994,0.016
86.42,-26.965,-1.071,-0.991,-26.981,-1.075,0.994,0.016
86.44,-26.965,-1.073,-0.991,-26.981,-1.075,0.994,0.016
86.46,-26.965,-1.073,-0.991,-26.981,-1.075,0.994,0.016
86.49,-26.965,-1.075,-0.991,-26.981,-1.075,0.994,0.016
86.51,-26.965,-1.075,-0.991,-26.981,-1.075,0.994,0.016
86.53,-26.966,-1.076,-0.990,-26.981,-1.075,0.994,0.016
86.55,-26.966,-1.076,-0.990,-26.981,-1.075,0.994,0.016
86.57,-26.966,-1.079,-0.990,-26.981,-1.075,0.994,0.015
86.59,-26.966,-1.079,-0.990,-26.981,-1.075,0.994,0.015
86.61,-26.967,-1.080,-0.990,-26.981,-1.075,0.994,0.015
86.63,-26.967,-1.080,-0.990,-26.981,-1.075,0.994,0.015
86.65,-26.968,-1.082,-0.990,-26.981,-1.075,0.994,0.015
86.67,-26.968,-1.082,-0.990,-26.981,-1.075,0.994,0.015
86.69,-26.969,-1.083,-0.990,-26.981,-1.075,0.994,0.016
86.71,-26.969,-1.083,-0.990,-26.981,-1.075,0.994,0.016
86.73,-26.969,-1.083,-0.990,-26.981,-1.075,0.994,0.016
86.75,-26.970,-1.085,-0.989,-26.981,-1.075,0.994,0.016
86.78,-26.970,-1.085,-0.989,-26.981,-1.075,0.994,0.016
86.80,-26.971,-1.087,-0.989,-26.981,-1.075,0.994,0.017
86.82,-26.971,-1.087,-0.989,-26.981,-1.075,0.994,0.017
86.84,-26.972,-1.089,-0.989,-26.981,-1.075,0.994,0.017
86.86,-26.972,-1.089,-0.989,-26.981,-1.075,0.994,0.017
86.88,-26.973,-1.090,-0.989,-26.981,-1.075,0.994,0.018
86.90,-26.973,-1.090,-0.989,-26.981,-1.075,0.994,0.018
86.92,-26.974,-1.092,-0.989,-26.981,-1.075,0.994,0.019
86.94,-26.974,-1.092,-0.989,-26.981,-1.075,0.994,0.019
86.96,-26.974,-1.093,-0.989,-26.981,-1.075,0.994,0.020
86.98,-26.974,-1.093,-0.989,-26.981,-1.075,0.994,0.020
87.00,-26.975,-1.094,-0.990,-26.981,-1.075,0.994,0.020
87.02,-26.975,-1.094,-0.990,-26.981,-1.075,0.994,0.020
87.05,-26.976,-1.094,-0.990,-26.981,-1.075,0.994,0.021
87.07,-26.976,-1.094,-0.990,-26.981,-1.075,0.994,0.021
87.09,-26.977,-1.095,-0.990,-26.981,-1.075,0.994,0.022
87.11,-26.977,-1.095,-0.990,-26.981,-1.075,0.994,0.022
87.13,-26.978,-1.097,-0.990,-26.981,-1.075,0.994,0.022
87.15,-26.978,-1.097,-0.990,-26.981,-1.075,0.994,0.022
87.17,-26.978,-1.098,-0.990,-26.981,-1.075,0.994,0.023
87.19,-26.978,-1.098,-0.990,-26.981,-1.075,0.994,0.023
87.21,-26.979,-1.099,-0.990,-26.981,-1.075,0.994,0.024
87.23,-26.979,-1.099,-0.990,-26.981,-1.075,0.994,0.024
87.25,-26.979,-1.099,-0.990,-26.981,-1.075,0.994,0.024
87.27,-26.981,-1.101,-0.990,-26.981,-1.075,0.994,0.026
87.30,-26.981,-1.101,-0.990,-26.981,-1.075,0.994,0.026
87.32,-26.982,-1.103,-0.990,-26.981,-1.075,0.994,0.028
87.34,-26.982,-1.103,-0.990,-26.981,-1.075,0.994,0.028
87.36,-26.983,-1.104,-0.990,-26.981,-1.075,0.994,0.030
87.38,-26.983,-1.104,-0.990,-26.981,-1.075,0.994,0.030
87.40,-26.984,-1.106,-0.990,-26.981,-1.075,0.994,0.031
87.42,-26.984,-1.106,-0.990,-26.981,-1.075,0.994,0.031
87.44,-26.985,-1.107,-0.989,-26.981,-1.075,0.994,0.033
87.46,-26.985,-1.107,-0.989,-26.981,-1.075,0.994,0.033
87.48,-26.986,-1.109,-0.989,-26.981,-1.075,0.994,0.035
87.50,-26.986,-1.109,-0.989,-26.981,-1.075,0.994,0.035
87.52,-26.986,-1.110,-0.989,-26.981,-1.075,0.994,0.036
87.54,-26.986,-1.110,-0.989,-26.981,-1.075,0.994,0.036
87.57,-26.987,-1.112,-0.989,-26.981,-1.075,0.994,0.038
87.59,-26.987,-1.112,-0.989,-26.981,-1.075,0.994,0.038
87.61,-26.988,-1.113,-0.989,-26.981,-1.075,0.994,0.039
87.63,-26.988,-1.113,-0.989,-26.981,-1.075,0.994,0.039
87.65,-26.989,-1.114,-0.989,-26.981,-1.075,0.994,0.041
87.67,-26.989,-1.114,-0.989,-26.981,-1.075,0.994,0.041
87.69,-26.990,-1.115,-0.989,-26.981,-1.075,0.994,0.041
87.71,-26.990,-1.115,-0.989,-26.981,-1.075,0.994,0.041
87.73,-26.991,-1.115,-0.989,-26.981,-1.075,0.994,0.042
87.75,-26.991,-1.115,-0.989,-26.981,-1.075,0.994,0.042
87.77,-26.991,-1.115,-0.989,-26.981,-1.075,0.994,0.042
87.79,-26.992,-1.116,-0.989,-26.981,-1.075,0.994,0.043
87.82,-26.992,-1.116,-0.989,-26.981,-1.075,0.994,0.043
87.84,-26.993,-1.116,-0.989,-26.981,-1.075,0.994,0.043
87.86,-26.993,-1.116,-0.989,-26.981,-1.075,0.994,0.043
87.88,-26.995,-1.115,-0.990,-26.981,-1.075,0.994,0.043
87.90,-26.995,-1.115,-0.990,-26.981,-1.075,0.994,0.043
87.92,-26.995,-1.115,-0.990,-26.981,-1.075,0.994,0.043
87.94,-26.995,-1.115,-0.990,-26.981,-1.075,0.994,0.043
87.96,-26.996,-1.114,-0.990,-26.981,-1.075,0.994,0.043
87.98,-26.996,-1.114,-0.990,-26.981,-1.075,0.994,0.043
88.00,-26.997,-1.114,-0.990,-26.981,-1.075,0.994,0.042
88.02,-26.997,-1.114,-0.990,-26.981,-1.075,0.994,0.042
88.04,-26.998,-1.113,-0.990,-26.981,-1.075,0.994,0.042
88.06,-26.998,-1.113,-0.990,-26.981,-1.075,0.994,0.042
88.09,-26.999,-1.112,-0.990,-26.981,-1.075,0.994,0.041
88.11,-26.999,-1.112,-0.990,-26.981,-1.075,0.994,0.041
88.13,-27.000,-1.110,-0.990,-26.981,-1.075,0.994,0.040
88.15,-27.000,-1.110,-0.990,-26.981,-1.075,0.994,0.040
88.17,-27.000,-1.109,-0.990,-26.981,-1.075,0.994,0.039
88.19,-27.000,-1.109,-0.990,-26.981,-1.075,0.994,0.039
88.21,-27.001,-1.107,-0.990,-26.981,-1.075,0.994,0.038
88.23,-27.001,-1.107,-0.990,-26.981,-1.075,0.994,0.038
88.25,-27.001,-1.107,-0.990,-26.981,-1.075,0.994,0.038
88.27,-27.002,-1.104,-0.990,-26.981,-1.075,0.994,0.037
88.29,-27.002,-1.104,-0.990,-26.981,-1.075,0.994,0.037
88.31,-27.002,-1.102,-0.991,-26.981,-1.075,0.994,0.035
88.33,-27.002,-1.102,-0.991,-26.981,-1.075,0.994,0.035
88.36,-27.003,-1.100,-0.991,-26.981,-1.075,0.994,0.034
88.38,-27.003,-1.100,-0.991,-26.981,-1.075,0.994,0.034
88.40,-27.004,-1.098,-0.992,-26.981,-1.075,0.994,0.033
88.42,-27.004,-1.098,-0.992,-26.981,-1.075,0.994,0.033
88.44,-27.005,-1.096,-0.992,-26.981,-1.075,0.994,0.032
88.46,-27.005,-1.096,-0.992,-26.981,-1.075,0.994,0.032
88.48,-27.006,-1.093,-0.992,-26.981,-1.075,0.994,0.031
88.50,-27.006,-1.093,-0.992,-26.981,-1.075,0.994,0.031
88.52,-27.007,-1.091,-0.992,-26.981,-1.075,0.994,0.031
88.54,-27.007,-1.091,-0.992,-26.981,-1.075,0.994,0.031
88.56,-27.007,-1.089,-0.992,-26.981,-1.075,0.994,0.030
88.58,-27.007,-1.089,-0.992,-26.981,-1.075,0.994,0.030
88.61,-27.007,-1.087,-0.992,-26.981,-1.075,0.994,0.029
88.63,-27.007,-1.087,-0.992,-26.981,-1.075,0.994,0.029
88.65,-27.008,-1.085,-0.992,-26.981,-1.075,0.994,0.029
88.67,-27.008,-1.085,-0.992,-26.981,-1.075,0.994,0.029
88.69,-27.007,-1.083,-0.992,-26.981,-1.075,0.994,0.028
88.71,-27.007,-1.083,-0.992,-26.981,-1.075,0.994,0.028
88.73,-27.007,-1.081,-0.993,-26.981,-1.075,0.994,0.027
88.75,-27.007,-1.081,-0.993,-26.981,-1.075,0.994,0.027
88.77,-27.007,-1.081,-0.993,-26.981,-1.075,0.994,0.027
88.79,-27.006,-1.079,-0.993,-26.981,-1.075,0.994,0.026
88.81,-27.006,-1.079,-0.993,-26.981,-1.075,0.994,0.026
88.83,-27.006,-1.078,-0.993,-26.981,-1.075,0.994,0.025
88.85,-27.006,-1.078,-0.993,-26.981,-1.075,0.994,0.025
88.88,-27.005,-1.077,-0.993,-26.981,-1.075,0.994,0.024
88.90,-27.005,-1.077,-0.993,-26.981,-1.075,0.994,0.024
88.92,-27.004,-1.075,-0.992,-26.981,-1.075,0.994,0.023
88.94,-27.004,-1.075,-0.992,-26.981,-1.075,0.994,0.023
88.96,-27.003,-1.074,-0.992,-26.981,-1.075,0.994,0.022
88.98,-27.003,-1.074,-0.992,-26.981,-1.075,0.994,0.022
89.00,-27.002,-1.073,-0.992,-26.981,-1.075,0.994,0.021
89.02,-27.002,-1.073,-0.992,-26.981,-1.075,0.994,0.021
89.04,-27.001,-1.072,-0.992,-26.981,-1.075,0.994,0.020
89.06,-27.001,-1.072,-0.992,-26.981,-1.075,0.994,0.020
89.08,-27.000,-1.071,-0.992,-26.981,-1.075,0.994,0.020
89.10,-27.000,-1.071,-0.992,-26.981,-1.075,0.994,0.020
89.12,-26.999,-1.070,-0.992,-26.981,-1.075,0.994,0.019
89.15,-26.999,-1.070,-0.992,-26.981,-1.075,0.994,0.019
89.17,-26.998,-1.069,-0.991,-26.981,-1.075,0.994,0.018
89.19,-26.998,-1.069,-0.991,-26.981,-1.075,0.994,0.018
89.21,-26.997,-1.068,-0.991,-26.981,-1.075,0.994,0.018
89.23,-26.997,-1.068,-0.991,-26.981,-1.075,0.994,0.018
89.25,-26.997,-1.068,-0.991,-26.981,-1.075,0.994,0.018
89.27,-26.996,-1.066,-0.991,-26.981,-1.075,0.994,0.018
89.29,-26.996,-1.066,-0.991,-26.981,-1.075,0.994,0.018
89.31,-26.995,-1.065,-0.990,-26.981,-1.075,0.994,0.018
89.33,-26.995,-1.065,-0.990,-26.981,-1.075,0.994,0.018
89.35,-26.994,-1.063,-0.990,-26.981,-1.075,0.994,0.018
89.37,-26.994,-1.063,-0.990,-26.981,-1.075,0.994,0.018
89.40,-26.993,-1.062,-0.991,-26.981,-1.075,0.994,0.018
89.42,-26.993,-1.062,-0.991,-26.981,-1.075,0.994,0.018
89.44,-26.992,-1.059,-0.991,-26.981,-1.075,0.994,0.019
89.46,-26.992,-1.059,-0.991,-26.981,-1.075,0.994,0.019
89.48,-26.990,-1.057,-0.991,-26.981,-1.075,0.994,0.020
89.50,-26.990,-1.057,-0.991,-26.981,-1.075,0.994,0.020
89.52,-26.989,-1.056,-0.992,-26.981,-1.075,0.994,0.021
89.54,-26.989,-1.056,-0.992,-26.981,-1.075,0.994,0.021
89.56,-26.988,-1.054,-0.992,-26.981,-1.075,0.994,0.022
89.58,-26.988,-1.054,-0.992,-26.981,-1.075,0.994,0.022
89.60,-26.986,-1.053,-0.993,-26.981,-1.075,0.994,0.023
89.62,-26.986,-1.053,-0.993,-26.981,-1.075,0.994,0.023
89.64,-26.984,-1.051,-0.994,-26.981,-1.075,0.994,0.024
89.67,-26.984,-1.051,-0.994,-26.981,-1.075,0.994,0.024
89.69,-26.983,-1.049,-0.994,-26.981,-1.075,0.994,0.025
89.71,-26.983,-1.049,-0.994,-26.981,-1.075,0.994,0.025
89.73,-26.981,-1.048,-0.995,-26.981,-1.075,0.994,0.027
89.75,-26.981,-1.048,-0.995,-26.981,-1.075,0.994,0.027
89.77,-26.981,-1.048,-0.995,-26.981,-1.075,0.994,0.027
89.79,-26.978,-1.046,-0.996,-26.981,-1.075,0.994,0.029
89.81,-26.978,-1.046,-0.996,-26.981,-1.075,0.994,0.029
89.83,-26.977,-1.045,-0.997,-26.981,-1.075,0.994,0.030
89.85,-26.977,-1.045,-0.997,-26.981,-1.075,0.994,0.030
89.87,-26.975,-1.045,-0.998,-26.981,-1.075,0.994,0.031
89.89,-26.975,-1.045,-0.998,-26.981,-1.075,0.994,0.031
89.91,-26.973,-1.044,-0.998,-26.981,-1.075,0.994,0.032
89.94,-26.973,-1.044,-0.998,-26.981,-1.075,0.994,0.032
89.96,-26.971,-1.044,-0.999,-26.981,-1.075,0.994,0.033
89.98,-26.971,-1.044,-0.999,-26.981,-1.075,0.994,0.033
90.00,-26.970,-1.044,-1.000,-26.981,-1.075,0.994,0.033