t,px,py,pz,ex,ey,ez,err
0.00,-0.033,0.002,-0.020,10.705,0.001,1.416,10.829
0.02,-0.033,0.002,-0.020,10.701,0.001,1.416,10.825
0.04,-0.033,0.002,-0.020,10.701,0.001,1.416,10.825
0.06,-0.033,0.002,-0.020,10.657,0.001,1.417,10.781
0.08,-0.033,0.002,-0.020,10.657,0.001,1.417,10.781
0.11,-0.033,0.002,-0.020,10.593,0.001,1.418,10.717
0.13,-0.033,0.002,-0.020,10.593,0.001,1.418,10.717
0.15,-0.033,0.001,-0.020,10.533,0.001,1.419,10.658
0.17,-0.033,0.001,-0.020,10.533,0.001,1.419,10.658
0.19,-0.033,0.001,-0.019,10.467,0.001,1.420,10.592
0.21,-0.033,0.001,-0.019,10.467,0.001,1.420,10.592
0.23,-0.032,0.000,-0.019,10.406,0.001,1.421,10.532
0.25,-0.032,0.000,-0.019,10.406,0.001,1.421,10.532
0.27,-0.032,-0.000,-0.018,10.341,0.001,1.422,10.468
0.29,-0.032,-0.000,-0.018,10.341,0.001,1.422,10.468
0.31,-0.031,-0.001,-0.018,10.281,0.001,1.423,10.407
0.33,-0.031,-0.001,-0.018,10.281,0.001,1.423,10.407
0.36,-0.031,-0.001,-0.017,10.218,0.001,1.424,10.344
0.38,-0.031,-0.001,-0.017,10.218,0.001,1.424,10.344
0.40,-0.030,-0.002,-0.016,10.156,0.001,1.425,10.283
0.42,-0.030,-0.002,-0.016,10.156,0.001,1.425,10.283
0.44,-0.029,-0.002,-0.016,10.091,0.001,1.425,10.218
0.46,-0.029,-0.002,-0.016,10.091,0.001,1.425,10.218
0.48,-0.028,-0.003,-0.015,10.032,0.001,1.426,10.159
0.50,-0.028,-0.003,-0.015,10.032,0.001,1.426,10.159
0.52,-0.028,-0.003,-0.015,9.967,0.001,1.427,10.094
0.54,-0.028,-0.003,-0.015,9.967,0.001,1.427,10.094
0.56,-0.028,-0.003,-0.015,9.967,0.001,1.427,10.094
0.58,-0.026,-0.004,-0.014,9.875,0.001,1.427,10.002
0.61,-0.026,-0.004,-0.014,9.875,0.001,1.427,10.002
0.63,-0.025,-0.004,-0.013,9.817,0.001,1.427,9.944
0.65,-0.025,-0.004,-0.013,9.817,0.001,1.427,9.944
0.67,-0.024,-0.005,-0.013,9.755,0.001,1.428,9.881
0.69,-0.024,-0.005,-0.013,9.755,0.001,1.428,9.881
0.71,-0.024,-0.005,-0.013,9.698,0.001,1.428,9.824
0.73,-0.024,-0.005,-0.013,9.698,0.001,1.428,9.824
0.75,-0.023,-0.005,-0.013,9.638,0.001,1.428,9.764
0.77,-0.023,-0.005,-0.013,9.638,0.001,1.428,9.764
0.79,-0.022,-0.005,-0.013,9.582,0.001,1.428,9.708
0.81,-0.022,-0.005,-0.013,9.582,0.001,1.428,9.708
0.83,-0.021,-0.005,-0.013,9.523,0.001,1.428,9.649
0.86,-0.021,-0.005,-0.013,9.523,0.001,1.428,9.649
0.88,-0.021,-0.005,-0.013,9.468,0.001,1.428,9.594
0.90,-0.021,-0.005,-0.013,9.468,0.001,1.428,9.594
0.92,-0.020,-0.005,-0.013,9.408,0.001,1.428,9.534
0.94,-0.020,-0.005,-0.013,9.408,0.001,1.428,9.534
0.96,-0.020,-0.005,-0.014,9.353,0.001,1.428,9.479
0.98,-0.020,-0.005,-0.014,9.353,0.001,1.428,9.479
1.00,-0.020,-0.005,-0.014,9.298,0.001,1.428,9.424
1.02,-0.020,-0.005,-0.014,9.298,0.001,1.428,9.424
1.04,-0.019,-0.005,-0.014,9.239,0.001,1.427,9.365
1.06,-0.019,-0.005,-0.014,9.239,0.001,1.427,9.365
1.08,-0.019,-0.005,-0.014,9.239,0.001,1.427,9.365
1.11,-0.019,-0.005,-0.015,9.152,0.001,1.427,9.280
1.13,-0.019,-0.005,-0.015,9.152,0.001,1.427,9.280
1.15,-0.020,-0.005,-0.015,9.096,0.001,1.427,9.224
1.17,-0.020,-0.005,-0.015,9.096,0.001,1.427,9.224
1.19,-0.020,-0.005,-0.016,9.036,0.001,1.426,9.165
1.21,-0.020,-0.005,-0.016,9.036,0.001,1.426,9.165
1.23,-0.020,-0.005,-0.016,8.980,0.001,1.426,9.110
1.25,-0.020,-0.005,-0.016,8.980,0.001,1.426,9.110
1.27,-0.021,-0.006,-0.017,8.919,0.001,1.425,9.050
1.29,-0.021,-0.006,-0.017,8.919,0.001,1.425,9.050
1.31,-0.022,-0.006,-0.017,8.863,0.001,1.425,8.995
1.33,-0.022,-0.006,-0.017,8.863,0.001,1.425,8.995
1.36,-0.022,-0.006,-0.018,8.802,0.001,1.424,8.936
1.38,-0.022,-0.006,-0.018,8.802,0.001,1.424,8.936
1.40,-0.023,-0.006,-0.018,8.745,0.001,1.424,8.880
1.42,-0.023,-0.006,-0.018,8.745,0.001,1.424,8.880
1.44,-0.024,-0.005,-0.019,8.684,0.001,1.423,8.821
1.46,-0.024,-0.005,-0.019,8.684,0.001,1.423,8.821
1.48,-0.025,-0.005,-0.019,8.622,0.001,1.422,8.760
1.50,-0.025,-0.005,-0.019,8.622,0.001,1.422,8.760
1.52,-0.025,-0.005,-0.019,8.564,0.001,1.421,8.703
1.54,-0.025,-0.005,-0.019,8.564,0.001,1.421,8.703
1.57,-0.025,-0.005,-0.019,8.564,0.001,1.421,8.703
1.59,-0.026,-0.005,-0.020,8.473,0.001,1.420,8.614
1.61,-0.026,-0.005,-0.020,8.473,0.001,1.420,8.614
1.63,-0.027,-0.004,-0.020,8.409,0.001,1.419,8.551
1.65,-0.027,-0.004,-0.020,8.409,0.001,1.419,8.551
1.67,-0.027,-0.004,-0.020,8.350,0.001,1.419,8.493
1.69,-0.027,-0.004,-0.020,8.350,0.001,1.419,8.493
1.71,-0.028,-0.004,-0.020,8.287,0.001,1.418,8.431
1.73,-0.028,-0.004,-0.020,8.287,0.001,1.418,8.431
1.75,-0.028,-0.003,-0.020,8.228,0.001,1.417,8.374
1.78,-0.028,-0.003,-0.020,8.228,0.001,1.417,8.374
1.80,-0.029,-0.003,-0.019,8.165,0.001,1.416,8.312
1.82,-0.029,-0.003,-0.019,8.165,0.001,1.416,8.312
1.84,-0.029,-0.003,-0.019,8.101,0.001,1.415,8.249
1.86,-0.029,-0.003,-0.019,8.101,0.001,1.415,8.249
1.88,-0.030,-0.003,-0.019,8.041,0.001,1.414,8.190
1.90,-0.030,-0.003,-0.019,8.041,0.001,1.414,8.190
1.92,-0.030,-0.002,-0.018,7.982,0.001,1.413,8.132
1.94,-0.030,-0.002,-0.018,7.982,0.001,1.413,8.132
1.96,-0.030,-0.002,-0.018,7.918,0.001,1.412,8.070
1.98,-0.030,-0.002,-0.018,7.918,0.001,1.412,8.070
2.00,-0.030,-0.001,-0.018,7.860,0.001,1.411,8.012
2.02,-0.030,-0.001,-0.018,7.860,0.001,1.411,8.012
2.05,-0.030,-0.001,-0.017,7.797,0.001,1.410,7.950
2.07,-0.030,-0.001,-0.017,7.797,0.001,1.410,7.950
2.09,-0.030,-0.001,-0.017,7.797,0.001,1.410,7.950
2.11,-0.030,0.000,-0.017,7.704,0.001,1.408,7.859
2.13,-0.030,0.000,-0.017,7.704,0.001,1.408,7.859
2.15,-0.030,0.001,-0.016,7.645,0.001,1.407,7.800
2.17,-0.030,0.001,-0.016,7.645,0.001,1.407,7.800
2.19,-0.030,0.001,-0.016,7.582,0.001,1.406,7.737
2.21,-0.030,0.001,-0.016,7.582,0.001,1.406,7.737
2.23,-0.029,0.002,-0.016,7.524,0.001,1.405,7.680
2.25,-0.029,0.002,-0.016,7.524,0.001,1.405,7.680
2.27,-0.029,0.002,-0.016,7.466,0.001,1.403,7.622
2.29,-0.029,0.002,-0.016,7.466,0.001,1.403,7.622
2.32,-0.028,0.003,-0.016,7.404,0.001,1.402,7.560
2.34,-0.028,0.003,-0.016,7.404,0.001,1.402,7.560
2.36,-0.028,0.003,-0.016,7.344,0.001,1.401,7.501
2.38,-0.028,0.003,-0.016,7.344,0.001,1.401,7.501
2.40,-0.028,0.004,-0.016,7.283,0.001,1.400,7.441
2.42,-0.028,0.004,-0.016,7.283,0.001,1.400,7.441
2.44,-0.028,0.004,-0.016,7.225,0.002,1.399,7.383
2.46,-0.028,0.004,-0.016,7.225,0.002,1.399,7.383
2.48,-0.027,0.004,-0.016,7.161,0.002,1.397,7.320
2.50,-0.027,0.004,-0.016,7.161,0.002,1.397,7.320
2.53,-0.027,0.004,-0.017,7.098,0.002,1.396,7.258
2.55,-0.027,0.004,-0.017,7.098,0.002,1.396,7.258
2.57,-0.027,0.004,-0.017,7.098,0.002,1.396,7.258
2.59,-0.027,0.004,-0.017,7.008,0.002,1.394,7.169
2.61,-0.027,0.004,-0.017,7.008,0.002,1.394,7.169
2.63,-0.027,0.005,-0.018,6.944,0.002,1.393,7.106
2.65,-0.027,0.005,-0.018,6.944,0.002,1.393,7.106
2.67,-0.027,0.005,-0.018,6.880,0.002,1.392,7.042
2.69,-0.027,0.005,-0.018,6.880,0.002,1.392,7.042
2.71,-0.027,0.005,-0.019,6.820,0.002,1.390,6.983
2.73,-0.027,0.005,-0.019,6.820,0.002,1.390,6.983
2.75,-0.027,0.005,-0.019,6.760,0.002,1.389,6.923
2.78,-0.027,0.005,-0.019,6.760,0.002,1.389,6.923
2.80,-0.026,0.005,-0.020,6.695,0.002,1.388,6.859
2.82,-0.026,0.005,-0.020,6.695,0.002,1.388,6.859
2.84,-0.026,0.005,-0.021,6.630,0.002,1.387,6.794
2.86,-0.026,0.005,-0.021,6.630,0.002,1.387,6.794
2.88,-0.026,0.005,-0.021,6.568,0.002,1.385,6.733
2.90,-0.026,0.005,-0.021,6.568,0.002,1.385,6.733
2.92,-0.025,0.006,-0.022,6.507,0.002,1.384,6.673
2.94,-0.025,0.006,-0.022,6.507,0.002,1.384,6.673
2.96,-0.025,0.006,-0.023,6.441,0.002,1.383,6.607
2.98,-0.025,0.006,-0.023,6.441,0.002,1.383,6.607
3.00,-0.023,0.008,-0.024,6.380,0.002,1.381,6.546
3.03,-0.023,0.008,-0.024,6.380,0.002,1.381,6.546
3.05,-0.022,0.009,-0.026,6.315,0.002,1.380,6.479
3.07,-0.022,0.009,-0.026,6.315,0.002,1.380,6.479
3.09,-0.022,0.009,-0.026,6.315,0.002,1.380,6.479
3.11,-0.017,0.012,-0.030,6.217,0.002,1.378,6.379
3.13,-0.017,0.012,-0.030,6.217,0.002,1.378,6.379
3.15,-0.012,0.016,-0.034,6.156,0.002,1.377,6.313
3.17,-0.012,0.016,-0.034,6.156,0.002,1.377,6.313
3.19,-0.007,0.018,-0.037,6.091,0.002,1.376,6.242
3.21,-0.007,0.018,-0.037,6.091,0.002,1.376,6.242
3.23,0.004,0.023,-0.044,6.030,0.002,1.374,6.171
3.25,0.004,0.023,-0.044,6.030,0.002,1.374,6.171
3.28,0.015,0.028,-0.050,5.964,0.002,1.373,6.094
3.30,0.015,0.028,-0.050,5.964,0.002,1.373,6.094
3.32,0.033,0.033,-0.058,5.903,0.002,1.372,6.016
3.34,0.033,0.033,-0.058,5.903,0.002,1.372,6.016
3.36,0.051,0.038,-0.064,5.836,0.002,1.370,5.931
3.38,0.051,0.038,-0.064,5.836,0.002,1.370,5.931
3.40,0.074,0.043,-0.070,5.777,0.002,1.369,5.850
3.42,0.074,0.043,-0.070,5.777,0.002,1.369,5.850
3.44,0.102,0.048,-0.073,5.711,0.002,1.368,5.757
3.46,0.102,0.048,-0.073,5.711,0.002,1.368,5.757
3.48,0.137,0.052,-0.075,5.650,0.002,1.367,5.663
3.50,0.137,0.052,-0.075,5.650,0.002,1.367,5.663
3.53,0.188,0.055,-0.075,5.585,0.002,1.366,5.550
3.55,0.188,0.055,-0.075,5.585,0.002,1.366,5.550
3.57,0.238,0.057,-0.075,5.524,0.002,1.364,5.442
3.59,0.238,0.057,-0.075,5.524,0.002,1.364,5.442
3.61,0.238,0.057,-0.075,5.524,0.002,1.364,5.442
3.63,0.331,0.054,-0.072,5.428,0.002,1.363,5.258
3.65,0.331,0.054,-0.072,5.428,0.002,1.363,5.258
3.67,0.382,0.049,-0.070,5.367,0.002,1.361,5.150
3.69,0.382,0.049,-0.070,5.367,0.002,1.361,5.150
3.71,0.462,0.038,-0.068,5.302,0.002,1.360,5.010
3.73,0.462,0.038,-0.068,5.302,0.002,1.360,5.010
3.75,0.530,0.025,-0.062,5.243,0.002,1.359,4.887
3.77,0.530,0.025,-0.062,5.243,0.002,1.359,4.887
3.80,0.599,0.009,-0.052,5.179,0.002,1.358,4.762
3.82,0.599,0.009,-0.052,5.179,0.002,1.358,4.762
3.84,0.674,-0.019,-0.040,5.119,0.002,1.357,4.637
3.86,0.674,-0.019,-0.040,5.119,0.002,1.357,4.637
3.88,0.724,-0.051,-0.048,5.055,0.002,1.356,4.524
3.90,0.724,-0.051,-0.048,5.055,0.002,1.356,4.524
3.92,0.760,-0.085,-0.062,4.996,0.002,1.354,4.430
3.94,0.760,-0.085,-0.062,4.996,0.002,1.354,4.430
3.96,0.813,-0.140,-0.076,4.934,0.002,1.353,4.316
3.98,0.813,-0.140,-0.076,4.934,0.002,1.353,4.316
4.00,0.856,-0.190,-0.083,4.876,0.002,1.352,4.220
4.02,0.856,-0.190,-0.083,4.876,0.002,1.352,4.220
4.05,0.907,-0.249,-0.078,4.815,0.002,1.351,4.118
4.07,0.907,-0.249,-0.078,4.815,0.002,1.351,4.118
4.09,0.907,-0.249,-0.078,4.815,0.002,1.351,4.118
4.11,0.917,-0.326,-0.121,4.729,0.002,1.350,4.018
4.13,0.917,-0.326,-0.121,4.729,0.002,1.350,4.018
4.15,0.898,-0.368,-0.165,4.668,0.002,1.349,3.969
4.17,0.898,-0.368,-0.165,4.668,0.002,1.349,3.969
4.19,0.864,-0.438,-0.229,4.612,0.002,1.348,3.936
4.21,0.864,-0.438,-0.229,4.612,0.002,1.348,3.936
4.23,0.839,-0.488,-0.268,4.551,0.002,1.346,3.897
4.25,0.839,-0.488,-0.268,4.551,0.002,1.346,3.897
4.27,0.809,-0.563,-0.315,4.495,0.002,1.346,3.869
4.30,0.809,-0.563,-0.315,4.495,0.002,1.346,3.869
4.32,0.793,-0.624,-0.346,4.435,0.002,1.345,3.828
4.34,0.793,-0.624,-0.346,4.435,0.002,1.345,3.828
4.36,0.785,-0.694,-0.374,4.374,0.002,1.344,3.782
4.38,0.785,-0.694,-0.374,4.374,0.002,1.344,3.782
4.40,0.790,-0.748,-0.393,4.317,0.002,1.343,3.728
4.42,0.790,-0.748,-0.393,4.317,0.002,1.343,3.728
4.44,0.806,-0.797,-0.407,4.305,0.002,1.342,3.709
4.46,0.806,-0.797,-0.407,4.305,0.002,1.342,3.709
4.48,0.831,-0.840,-0.417,4.249,0.002,1.342,3.639
4.50,0.831,-0.840,-0.417,4.249,0.002,1.342,3.639
4.53,0.874,-0.882,-0.424,4.192,0.002,1.341,3.555
4.55,0.874,-0.882,-0.424,4.192,0.002,1.341,3.555
4.57,0.917,-0.909,-0.425,4.132,0.003,1.340,3.465
4.59,0.917,-0.909,-0.425,4.132,0.003,1.340,3.465
4.61,0.917,-0.909,-0.425,4.132,0.003,1.340,3.465
4.63,0.988,-0.930,-0.418,4.044,0.003,1.339,3.325
4.65,0.988,-0.930,-0.418,4.044,0.003,1.339,3.325
4.67,1.054,-0.932,-0.405,3.989,0.003,1.338,3.219
4.69,1.054,-0.932,-0.405,3.989,0.003,1.338,3.219
4.71,1.111,-0.922,-0.389,3.930,0.003,1.337,3.114
4.73,1.111,-0.922,-0.389,3.930,0.003,1.337,3.114
4.75,1.170,-0.900,-0.370,3.877,0.003,1.336,3.012
4.78,1.170,-0.900,-0.370,3.877,0.003,1.336,3.012
4.80,1.218,-0.876,-0.354,3.821,0.003,1.336,2.916
4.82,1.218,-0.876,-0.354,3.821,0.003,1.336,2.916
4.84,1.302,-0.819,-0.326,3.765,0.003,1.335,2.785
4.86,1.302,-0.819,-0.326,3.765,0.003,1.335,2.785
4.88,1.348,-0.780,-0.311,3.715,0.003,1.334,2.695
4.90,1.348,-0.780,-0.311,3.715,0.003,1.334,2.695
4.92,1.413,-0.717,-0.289,3.662,0.003,1.334,2.582
4.94,1.413,-0.717,-0.289,3.662,0.003,1.334,2.582
4.96,1.462,-0.659,-0.272,3.615,0.003,1.333,2.489
4.98,1.462,-0.659,-0.272,3.615,0.003,1.333,2.489
5.00,1.515,-0.587,-0.252,3.568,0.003,1.333,2.394
5.03,1.515,-0.587,-0.252,3.568,0.003,1.333,2.394
5.05,1.552,-0.525,-0.238,3.520,0.003,1.332,2.313
5.07,1.552,-0.525,-0.238,3.520,0.003,1.332,2.313
5.09,1.552,-0.525,-0.238,3.520,0.003,1.332,2.313
5.11,1.600,-0.427,-0.221,3.450,0.003,1.331,2.201
5.13,1.600,-0.427,-0.221,3.450,0.003,1.331,2.201
5.15,1.623,-0.367,-0.215,3.408,0.003,1.331,2.138
5.17,1.623,-0.367,-0.215,3.408,0.003,1.331,2.138
5.19,1.642,-0.311,-0.212,3.364,0.003,1.330,2.077
5.21,1.642,-0.311,-0.212,3.364,0.003,1.330,2.077
5.23,1.657,-0.258,-0.214,3.324,0.003,1.330,2.023
5.25,1.657,-0.258,-0.214,3.324,0.003,1.330,2.023
5.28,1.668,-0.212,-0.219,3.283,0.003,1.330,1.971
5.30,1.668,-0.212,-0.219,3.283,0.003,1.330,1.971
5.32,1.680,-0.163,-0.229,3.245,0.003,1.329,1.920
5.34,1.680,-0.163,-0.229,3.245,0.003,1.329,1.920
5.36,1.687,-0.130,-0.240,3.205,0.003,1.329,1.872
5.38,1.687,-0.130,-0.240,3.205,0.003,1.329,1.872
5.40,1.694,-0.102,-0.253,3.169,0.003,1.328,1.829
5.42,1.694,-0.102,-0.253,3.169,0.003,1.328,1.829
5.44,1.700,-0.080,-0.268,3.115,0.003,1.328,1.770
5.46,1.700,-0.080,-0.268,3.115,0.003,1.328,1.770
5.48,1.707,-0.063,-0.283,3.077,0.003,1.328,1.724
5.50,1.707,-0.063,-0.283,3.077,0.003,1.328,1.724
5.52,1.714,-0.051,-0.300,3.043,0.003,1.328,1.681
5.55,1.714,-0.051,-0.300,3.043,0.003,1.328,1.681
5.57,1.723,-0.040,-0.321,3.007,0.003,1.327,1.632
5.59,1.723,-0.040,-0.321,3.007,0.003,1.327,1.632
5.61,1.723,-0.040,-0.321,3.007,0.003,1.327,1.632
5.63,1.737,-0.032,-0.351,2.954,0.003,1.327,1.561
5.65,1.737,-0.032,-0.351,2.954,0.003,1.327,1.561
5.67,1.746,-0.029,-0.370,2.921,0.003,1.327,1.515
5.69,1.746,-0.029,-0.370,2.921,0.003,1.327,1.515
5.71,1.755,-0.026,-0.390,2.885,0.003,1.326,1.467
5.73,1.755,-0.026,-0.390,2.885,0.003,1.326,1.467
5.75,1.763,-0.025,-0.407,2.851,0.003,1.326,1.425
5.77,1.763,-0.025,-0.407,2.851,0.003,1.326,1.425
5.80,1.773,-0.022,-0.432,2.815,0.003,1.326,1.373
5.82,1.773,-0.022,-0.432,2.815,0.003,1.326,1.373
5.84,1.782,-0.019,-0.457,2.780,0.003,1.326,1.323
5.86,1.782,-0.019,-0.457,2.780,0.003,1.326,1.323
5.88,1.787,-0.016,-0.479,2.742,0.003,1.326,1.277
5.90,1.787,-0.016,-0.479,2.742,0.003,1.326,1.277
5.92,1.790,-0.013,-0.500,2.703,0.003,1.325,1.231
5.94,1.790,-0.013,-0.500,2.703,0.003,1.325,1.231
5.96,1.790,-0.009,-0.521,2.667,0.003,1.325,1.190
5.98,1.790,-0.009,-0.521,2.667,0.003,1.325,1.190
6.00,1.787,-0.004,-0.546,2.630,0.003,1.325,1.148
6.03,1.787,-0.004,-0.546,2.630,0.003,1.325,1.148
6.05,1.781,0.000,-0.567,2.590,0.003,1.325,1.109
6.07,1.781,0.000,-0.567,2.590,0.003,1.325,1.109
6.09,1.772,0.004,-0.587,2.548,0.003,1.325,1.072
6.11,1.772,0.004,-0.587,2.548,0.003,1.325,1.072
6.13,1.772,0.004,-0.587,2.548,0.003,1.325,1.072
6.15,1.749,0.011,-0.617,2.490,0.003,1.325,1.024
6.17,1.749,0.011,-0.617,2.490,0.003,1.325,1.024
6.19,1.735,0.014,-0.632,2.447,0.003,1.325,0.993
6.21,1.735,0.014,-0.632,2.447,0.003,1.325,0.993
6.24,1.715,0.018,-0.650,2.404,0.003,1.324,0.964
6.26,1.715,0.018,-0.650,2.404,0.003,1.324,0.964
6.28,1.682,0.023,-0.674,2.363,0.003,1.324,0.942
6.30,1.682,0.023,-0.674,2.363,0.003,1.324,0.942
6.32,1.655,0.026,-0.691,2.318,0.003,1.324,0.917
6.34,1.655,0.026,-0.691,2.318,0.003,1.324,0.917
6.36,1.626,0.029,-0.707,2.276,0.003,1.324,0.896
6.38,1.626,0.029,-0.707,2.276,0.003,1.324,0.896
6.40,1.595,0.032,-0.723,2.230,0.003,1.324,0.875
6.42,1.595,0.032,-0.723,2.230,0.003,1.324,0.875
6.45,1.562,0.036,-0.740,2.198,0.003,1.324,0.864
6.47,1.562,0.036,-0.740,2.198,0.003,1.324,0.864
6.49,1.519,0.040,-0.765,2.152,0.003,1.324,0.846
6.51,1.519,0.040,-0.765,2.152,0.003,1.324,0.846
6.53,1.482,0.044,-0.788,2.101,0.003,1.324,0.820
6.55,1.482,0.044,-0.788,2.101,0.003,1.324,0.820
6.57,1.443,0.048,-0.813,2.058,0.003,1.324,0.801
6.59,1.443,0.048,-0.813,2.058,0.003,1.324,0.801
6.62,1.443,0.048,-0.813,2.058,0.003,1.324,0.801
6.64,1.378,0.055,-0.855,1.990,0.003,1.323,0.772
6.66,1.378,0.055,-0.855,1.990,0.003,1.323,0.772
6.68,1.327,0.061,-0.888,1.942,0.003,1.323,0.756
6.70,1.327,0.061,-0.888,1.942,0.003,1.323,0.756
6.72,1.283,0.067,-0.915,1.898,0.003,1.323,0.741
6.74,1.283,0.067,-0.915,1.898,0.003,1.323,0.741
6.76,1.248,0.072,-0.936,1.851,0.003,1.323,0.719
6.78,1.248,0.072,-0.936,1.851,0.003,1.323,0.719
6.81,1.186,0.080,-0.974,1.804,0.003,1.323,0.714
6.83,1.186,0.080,-0.974,1.804,0.003,1.323,0.714
6.85,1.142,0.086,-1.000,1.760,0.003,1.323,0.703
6.87,1.142,0.086,-1.000,1.760,0.003,1.323,0.703
6.89,1.097,0.092,-1.025,1.714,0.003,1.323,0.691
6.91,1.097,0.092,-1.025,1.714,0.003,1.323,0.691
6.93,1.053,0.099,-1.050,1.671,0.003,1.323,0.683
6.95,1.053,0.099,-1.050,1.671,0.003,1.323,0.683
6.97,1.008,0.105,-1.074,1.625,0.003,1.323,0.673
6.99,1.008,0.105,-1.074,1.625,0.003,1.323,0.673
7.01,0.964,0.111,-1.098,1.580,0.003,1.323,0.665
7.04,0.964,0.111,-1.098,1.580,0.003,1.323,0.665
7.06,0.913,0.118,-1.125,1.538,0.003,1.323,0.667
7.08,0.913,0.118,-1.125,1.538,0.003,1.323,0.667
7.10,0.913,0.118,-1.125,1.538,0.003,1.323,0.667
7.12,0.845,0.126,-1.157,1.472,0.003,1.323,0.661
7.14,0.845,0.126,-1.157,1.472,0.003,1.323,0.661
7.16,0.812,0.130,-1.172,1.431,0.003,1.323,0.650
7.18,0.812,0.130,-1.172,1.431,0.003,1.323,0.650
7.20,0.763,0.135,-1.193,1.388,0.003,1.323,0.652
7.22,0.763,0.135,-1.193,1.388,0.003,1.323,0.652
7.24,0.724,0.140,-1.209,1.346,0.003,1.323,0.648
7.27,0.724,0.140,-1.209,1.346,0.003,1.323,0.648
7.29,0.677,0.144,-1.225,1.305,0.003,1.324,0.651
7.31,0.677,0.144,-1.225,1.305,0.003,1.324,0.651
7.33,0.640,0.147,-1.237,1.262,0.003,1.324,0.644
7.35,0.640,0.147,-1.237,1.262,0.003,1.324,0.644
7.37,0.603,0.150,-1.247,1.220,0.003,1.324,0.639
7.39,0.603,0.150,-1.247,1.220,0.003,1.324,0.639
7.41,0.567,0.152,-1.256,1.181,0.003,1.324,0.636
7.44,0.567,0.152,-1.256,1.181,0.003,1.324,0.636
7.46,0.524,0.155,-1.265,1.133,0.003,1.324,0.631
7.48,0.524,0.155,-1.265,1.133,0.003,1.324,0.631
7.50,0.489,0.156,-1.270,1.092,0.003,1.324,0.624
7.52,0.489,0.156,-1.270,1.092,0.003,1.324,0.624
7.54,0.455,0.157,-1.275,1.053,0.003,1.324,0.619
7.56,0.455,0.157,-1.275,1.053,0.003,1.324,0.619
7.58,0.422,0.157,-1.279,1.012,0.003,1.324,0.612
7.61,0.422,0.157,-1.279,1.012,0.003,1.324,0.612
7.63,0.422,0.157,-1.279,1.012,0.003,1.324,0.612
7.65,0.363,0.158,-1.283,0.953,0.003,1.325,0.611
7.67,0.363,0.158,-1.283,0.953,0.003,1.325,0.611
7.69,0.331,0.158,-1.285,0.912,0.003,1.325,0.602
7.71,0.331,0.158,-1.285,0.912,0.003,1.325,0.602
7.73,0.299,0.157,-1.286,0.874,0.003,1.325,0.596
7.75,0.299,0.157,-1.286,0.874,0.003,1.325,0.596
7.77,0.268,0.156,-1.287,0.833,0.003,1.325,0.587
7.79,0.268,0.156,-1.287,0.833,0.003,1.325,0.587
7.81,0.237,0.155,-1.288,0.795,0.003,1.325,0.580
7.83,0.237,0.155,-1.288,0.795,0.003,1.325,0.580
7.85,0.206,0.154,-1.288,0.757,0.003,1.326,0.573
7.88,0.206,0.154,-1.288,0.757,0.003,1.326,0.573
7.90,0.174,0.153,-1.289,0.717,0.003,1.326,0.564
7.92,0.174,0.153,-1.289,0.717,0.003,1.326,0.564
7.94,0.137,0.151,-1.290,0.677,0.003,1.326,0.562
7.96,0.137,0.151,-1.290,0.677,0.003,1.326,0.562
7.98,0.105,0.149,-1.291,0.636,0.003,1.326,0.552
8.00,0.105,0.149,-1.291,0.636,0.003,1.326,0.552
8.02,0.074,0.148,-1.292,0.597,0.003,1.327,0.544
8.04,0.074,0.148,-1.292,0.597,0.003,1.327,0.544
8.06,0.042,0.146,-1.293,0.555,0.003,1.327,0.534
8.08,0.042,0.146,-1.293,0.555,0.003,1.327,0.534
8.10,-0.003,0.143,-1.294,0.516,0.003,1.327,0.539
8.13,-0.003,0.143,-1.294,0.516,0.003,1.327,0.539
8.15,-0.003,0.143,-1.294,0.516,0.003,1.327,0.539
8.17,-0.049,0.139,-1.296,0.454,0.003,1.328,0.522
8.19,-0.049,0.139,-1.296,0.454,0.003,1.328,0.522
8.21,-0.083,0.137,-1.297,0.410,0.003,1.328,0.512
8.23,-0.083,0.137,-1.297,0.410,0.003,1.328,0.512
8.25,-0.117,0.134,-1.298,0.370,0.003,1.328,0.505
8.27,-0.117,0.134,-1.298,0.370,0.003,1.328,0.505
8.29,-0.151,0.131,-1.299,0.327,0.003,1.329,0.496
8.31,-0.151,0.131,-1.299,0.327,0.003,1.329,0.496
8.33,-0.186,0.128,-1.300,0.286,0.003,1.329,0.489
8.35,-0.186,0.128,-1.300,0.286,0.003,1.329,0.489
8.37,-0.222,0.124,-1.301,0.246,0.003,1.329,0.483
8.40,-0.222,0.124,-1.301,0.246,0.003,1.329,0.483
8.42,-0.265,0.120,-1.302,0.202,0.003,1.330,0.482
8.44,-0.265,0.120,-1.302,0.202,0.003,1.330,0.482
8.46,-0.301,0.116,-1.302,0.157,0.003,1.330,0.473
8.48,-0.301,0.116,-1.302,0.157,0.003,1.330,0.473
8.50,-0.339,0.111,-1.303,0.120,0.003,1.331,0.472
8.52,-0.339,0.111,-1.303,0.120,0.003,1.331,0.472
8.54,-0.376,0.106,-1.303,0.075,0.003,1.331,0.464
8.56,-0.376,0.106,-1.303,0.075,0.003,1.331,0.464
8.58,-0.414,0.102,-1.304,0.034,0.003,1.331,0.459
8.60,-0.414,0.102,-1.304,0.034,0.003,1.331,0.459
8.63,-0.414,0.102,-1.304,0.034,0.003,1.331,0.459
8.65,-0.483,0.092,-1.305,-0.031,0.003,1.332,0.461
8.67,-0.483,0.092,-1.305,-0.031,0.003,1.332,0.461
8.69,-0.522,0.087,-1.305,-0.074,0.003,1.333,0.457
8.71,-0.522,0.087,-1.305,-0.074,0.003,1.333,0.457
8.73,-0.561,0.081,-1.306,-0.118,0.003,1.333,0.450
8.75,-0.561,0.081,-1.306,-0.118,0.003,1.333,0.450
8.77,-0.600,0.076,-1.306,-0.160,0.003,1.333,0.447
8.79,-0.600,0.076,-1.306,-0.160,0.003,1.333,0.447
8.81,-0.639,0.070,-1.307,-0.205,0.003,1.334,0.441
8.83,-0.639,0.070,-1.307,-0.205,0.003,1.334,0.441
8.85,-0.679,0.065,-1.307,-0.246,0.003,1.334,0.438
8.88,-0.679,0.065,-1.307,-0.246,0.003,1.334,0.438
8.90,-0.718,0.059,-1.308,-0.290,0.003,1.335,0.432
8.92,-0.718,0.059,-1.308,-0.290,0.003,1.335,0.432
8.94,-0.765,0.053,-1.309,-0.332,0.003,1.335,0.436
8.96,-0.765,0.053,-1.309,-0.332,0.003,1.335,0.436
8.98,-0.803,0.047,-1.309,-0.376,0.003,1.336,0.430
9.00,-0.803,0.047,-1.309,-0.376,0.003,1.336,0.430
9.02,-0.842,0.041,-1.310,-0.418,0.003,1.336,0.427
9.04,-0.842,0.041,-1.310,-0.418,0.003,1.336,0.427
9.06,-0.880,0.036,-1.311,-0.462,0.003,1.337,0.420
9.08,-0.880,0.036,-1.311,-0.462,0.003,1.337,0.420
9.10,-0.917,0.030,-1.311,-0.502,0.003,1.337,0.416
9.13,-0.917,0.030,-1.311,-0.502,0.003,1.337,0.416
9.15,-0.917,0.030,-1.311,-0.502,0.003,1.337,0.416
9.17,-0.983,0.020,-1.313,-0.567,0.003,1.338,0.417
9.19,-0.983,0.020,-1.313,-0.567,0.003,1.338,0.417
9.21,-1.019,0.014,-1.314,-0.610,0.003,1.339,0.409
9.23,-1.019,0.014,-1.314,-0.610,0.003,1.339,0.409
9.25,-1.054,0.009,-1.314,-0.651,0.003,1.339,0.405
9.27,-1.054,0.009,-1.314,-0.651,0.003,1.339,0.405
9.29,-1.089,0.003,-1.315,-0.694,0.003,1.340,0.396
9.31,-1.089,0.003,-1.315,-0.694,0.003,1.340,0.396
9.33,-1.124,-0.002,-1.315,-0.734,0.002,1.340,0.391
9.36,-1.124,-0.002,-1.315,-0.734,0.002,1.340,0.391
9.38,-1.159,-0.008,-1.316,-0.777,0.002,1.341,0.383
9.40,-1.159,-0.008,-1.316,-0.777,0.002,1.341,0.383
9.42,-1.200,-0.013,-1.316,-0.818,0.002,1.341,0.383
9.44,-1.200,-0.013,-1.316,-0.818,0.002,1.341,0.383
9.46,-1.234,-0.018,-1.316,-0.860,0.002,1.342,0.375
9.48,-1.234,-0.018,-1.316,-0.860,0.002,1.342,0.375
9.50,-1.267,-0.023,-1.317,-0.901,0.002,1.343,0.368
9.52,-1.267,-0.023,-1.317,-0.901,0.002,1.343,0.368
9.54,-1.301,-0.027,-1.317,-0.944,0.002,1.343,0.359
9.56,-1.301,-0.027,-1.317,-0.944,0.002,1.343,0.359
9.58,-1.347,-0.033,-1.317,-0.984,0.002,1.344,0.366
9.61,-1.347,-0.033,-1.317,-0.984,0.002,1.344,0.366
9.63,-1.347,-0.033,-1.317,-0.984,0.002,1.344,0.366
9.65,-1.393,-0.039,-1.318,-1.046,0.002,1.345,0.351
9.67,-1.393,-0.039,-1.318,-1.046,0.002,1.345,0.351
9.69,-1.426,-0.043,-1.318,-1.089,0.002,1.345,0.341
9.71,-1.426,-0.043,-1.318,-1.089,0.002,1.345,0.341
9.73,-1.459,-0.046,-1.318,-1.128,0.002,1.346,0.335
9.75,-1.459,-0.046,-1.318,-1.128,0.002,1.346,0.335
9.77,-1.491,-0.050,-1.319,-1.171,0.002,1.346,0.326
9.79,-1.491,-0.050,-1.319,-1.171,0.002,1.346,0.326
9.81,-1.524,-0.053,-1.319,-1.210,0.002,1.347,0.320
9.83,-1.524,-0.053,-1.319,-1.210,0.002,1.347,0.320
9.85,-1.557,-0.056,-1.320,-1.249,0.002,1.348,0.315
9.87,-1.557,-0.056,-1.320,-1.249,0.002,1.348,0.315
9.90,-1.591,-0.059,-1.320,-1.292,0.002,1.348,0.306
9.92,-1.591,-0.059,-1.320,-1.292,0.002,1.348,0.306
9.94,-1.631,-0.062,-1.321,-1.332,0.002,1.349,0.307
9.96,-1.631,-0.062,-1.321,-1.332,0.002,1.349,0.307
9.98,-1.664,-0.064,-1.322,-1.374,0.002,1.350,0.299
10.00,-1.664,-0.064,-1.322,-1.374,0.002,1.350,0.299
10.02,-1.698,-0.066,-1.323,-1.414,0.002,1.350,0.294
10.04,-1.698,-0.066,-1.323,-1.414,0.002,1.350,0.294
10.06,-1.732,-0.068,-1.324,-1.457,0.002,1.351,0.286
10.08,-1.732,-0.068,-1.324,-1.457,0.002,1.351,0.286
10.10,-1.767,-0.069,-1.325,-1.496,0.002,1.352,0.281
10.12,-1.767,-0.069,-1.325,-1.496,0.002,1.352,0.281
10.14,-1.767,-0.069,-1.325,-1.496,0.002,1.352,0.281
10.17,-1.828,-0.072,-1.327,-1.559,0.002,1.353,0.281
10.19,-1.828,-0.072,-1.327,-1.559,0.002,1.353,0.281
10.21,-1.863,-0.074,-1.328,-1.600,0.002,1.353,0.275
10.23,-1.863,-0.074,-1.328,-1.600,0.002,1.353,0.275
10.25,-1.897,-0.075,-1.329,-1.643,0.002,1.354,0.268
10.27,-1.897,-0.075,-1.329,-1.643,0.002,1.354,0.268
10.29,-1.932,-0.076,-1.330,-1.683,0.002,1.355,0.263
10.31,-1.932,-0.076,-1.330,-1.683,0.002,1.355,0.263
10.33,-1.967,-0.077,-1.332,-1.726,0.002,1.355,0.255
10.35,-1.967,-0.077,-1.332,-1.726,0.002,1.355,0.255
10.37,-2.002,-0.078,-1.333,-1.766,0.002,1.356,0.250
10.39,-2.002,-0.078,-1.333,-1.766,0.002,1.356,0.250
10.42,-2.037,-0.078,-1.335,-1.806,0.002,1.357,0.245
10.44,-2.037,-0.078,-1.335,-1.806,0.002,1.357,0.245
10.46,-2.079,-0.079,-1.337,-1.849,0.002,1.358,0.244
10.48,-2.079,-0.079,-1.337,-1.849,0.002,1.358,0.244
10.50,-2.114,-0.080,-1.338,-1.892,0.002,1.358,0.237
10.52,-2.114,-0.080,-1.338,-1.892,0.002,1.358,0.237
10.54,-2.149,-0.081,-1.340,-1.933,0.002,1.359,0.232
10.56,-2.149,-0.081,-1.340,-1.933,0.002,1.359,0.232
10.58,-2.184,-0.081,-1.341,-1.976,0.002,1.360,0.225
10.60,-2.184,-0.081,-1.341,-1.976,0.002,1.360,0.225
10.62,-2.219,-0.082,-1.343,-2.017,0.002,1.361,0.220
10.64,-2.219,-0.082,-1.343,-2.017,0.002,1.361,0.220
10.67,-2.219,-0.082,-1.343,-2.017,0.002,1.361,0.220
10.69,-2.283,-0.084,-1.346,-2.080,0.002,1.362,0.221
10.71,-2.283,-0.084,-1.346,-2.080,0.002,1.362,0.221
10.73,-2.318,-0.085,-1.348,-2.121,0.002,1.362,0.216
10.75,-2.318,-0.085,-1.348,-2.121,0.002,1.362,0.216
10.77,-2.353,-0.087,-1.350,-2.165,0.002,1.363,0.209
10.79,-2.353,-0.087,-1.350,-2.165,0.002,1.363,0.209
10.81,-2.389,-0.088,-1.352,-2.205,0.002,1.364,0.205
10.83,-2.389,-0.088,-1.352,-2.205,0.002,1.364,0.205
10.85,-2.424,-0.089,-1.354,-2.249,0.002,1.365,0.198
10.87,-2.424,-0.089,-1.354,-2.249,0.002,1.365,0.198
10.89,-2.460,-0.091,-1.357,-2.289,0.002,1.366,0.194
10.91,-2.460,-0.091,-1.357,-2.289,0.002,1.366,0.194
10.94,-2.495,-0.092,-1.359,-2.333,0.002,1.366,0.188
10.96,-2.495,-0.092,-1.359,-2.333,0.002,1.366,0.188
10.98,-2.531,-0.093,-1.361,-2.374,0.002,1.367,0.184
11.00,-2.531,-0.093,-1.361,-2.374,0.002,1.367,0.184
11.02,-2.574,-0.094,-1.363,-2.417,0.002,1.368,0.184
11.04,-2.574,-0.094,-1.363,-2.417,0.002,1.368,0.184
11.06,-2.610,-0.095,-1.365,-2.457,0.002,1.369,0.181
11.08,-2.610,-0.095,-1.365,-2.457,0.002,1.369,0.181
11.10,-2.646,-0.096,-1.366,-2.501,0.002,1.370,0.175
11.12,-2.646,-0.096,-1.366,-2.501,0.002,1.370,0.175
11.14,-2.646,-0.096,-1.366,-2.501,0.002,1.370,0.175
11.16,-2.703,-0.096,-1.368,-2.561,0.002,1.371,0.173
11.19,-2.703,-0.096,-1.368,-2.561,0.002,1.371,0.173
11.21,-2.747,-0.096,-1.370,-2.604,0.002,1.372,0.174
11.23,-2.747,-0.096,-1.370,-2.604,0.002,1.372,0.174
11.25,-2.783,-0.096,-1.371,-2.648,0.002,1.372,0.167
11.27,-2.783,-0.096,-1.371,-2.648,0.002,1.372,0.167
11.29,-2.820,-0.096,-1.372,-2.688,0.002,1.373,0.164
11.31,-2.820,-0.096,-1.372,-2.688,0.002,1.373,0.164
11.33,-2.856,-0.095,-1.373,-2.731,0.002,1.374,0.158
11.35,-2.856,-0.095,-1.373,-2.731,0.002,1.374,0.158
11.37,-2.892,-0.094,-1.374,-2.771,0.002,1.375,0.155
11.39,-2.892,-0.094,-1.374,-2.771,0.002,1.375,0.155
11.42,-2.929,-0.092,-1.375,-2.813,0.002,1.376,0.149
11.44,-2.929,-0.092,-1.375,-2.813,0.002,1.376,0.149
11.46,-2.972,-0.090,-1.376,-2.853,0.002,1.376,0.151
11.48,-2.972,-0.090,-1.376,-2.853,0.002,1.376,0.151
11.50,-3.009,-0.088,-1.377,-2.897,0.002,1.377,0.144
11.52,-3.009,-0.088,-1.377,-2.897,0.002,1.377,0.144
11.54,-3.046,-0.086,-1.378,-2.937,0.002,1.378,0.139
11.56,-3.046,-0.086,-1.378,-2.937,0.002,1.378,0.139
11.58,-3.082,-0.084,-1.379,-2.980,0.002,1.379,0.133
11.60,-3.082,-0.084,-1.379,-2.980,0.002,1.379,0.133
11.62,-3.119,-0.081,-1.380,-3.020,0.002,1.380,0.129
11.64,-3.119,-0.081,-1.380,-3.020,0.002,1.380,0.129
11.67,-3.119,-0.081,-1.380,-3.020,0.002,1.380,0.129
11.69,-3.184,-0.077,-1.382,-3.083,0.002,1.381,0.129
11.71,-3.184,-0.077,-1.382,-3.083,0.002,1.381,0.129
11.73,-3.221,-0.074,-1.383,-3.126,0.002,1.382,0.122
11.75,-3.221,-0.074,-1.383,-3.126,0.002,1.382,0.122
11.77,-3.258,-0.071,-1.384,-3.166,0.002,1.383,0.118
11.79,-3.258,-0.071,-1.384,-3.166,0.002,1.383,0.118
11.81,-3.296,-0.069,-1.385,-3.209,0.002,1.384,0.112
11.83,-3.296,-0.069,-1.385,-3.209,0.002,1.384,0.112
11.85,-3.334,-0.066,-1.386,-3.249,0.002,1.384,0.109
11.87,-3.334,-0.066,-1.386,-3.249,0.002,1.384,0.109
11.90,-3.372,-0.063,-1.386,-3.291,0.002,1.385,0.103
11.92,-3.372,-0.063,-1.386,-3.291,0.002,1.385,0.103
11.94,-3.418,-0.060,-1.387,-3.331,0.002,1.386,0.106
11.96,-3.418,-0.060,-1.387,-3.331,0.002,1.386,0.106
11.98,-3.456,-0.057,-1.388,-3.375,0.002,1.387,0.101
12.00,-3.456,-0.057,-1.388,-3.375,0.002,1.387,0.101
12.02,-3.495,-0.055,-1.389,-3.415,0.002,1.388,0.098
12.04,-3.495,-0.055,-1.389,-3.415,0.002,1.388,0.098
12.06,-3.534,-0.053,-1.389,-3.458,0.002,1.389,0.093
12.08,-3.534,-0.053,-1.389,-3.458,0.002,1.389,0.093
12.10,-3.588,-0.049,-1.390,-3.498,0.002,1.390,0.104
12.13,-3.588,-0.049,-1.390,-3.498,0.002,1.390,0.104
12.15,-3.588,-0.049,-1.390,-3.498,0.002,1.390,0.104
12.17,-3.642,-0.046,-1.391,-3.561,0.002,1.391,0.094
12.19,-3.642,-0.046,-1.391,-3.561,0.002,1.391,0.094
12.21,-3.680,-0.044,-1.392,-3.604,0.002,1.392,0.089
12.23,-3.680,-0.044,-1.392,-3.604,0.002,1.392,0.089
12.25,-3.719,-0.042,-1.392,-3.644,0.002,1.393,0.087
12.27,-3.719,-0.042,-1.392,-3.644,0.002,1.393,0.087
12.29,-3.758,-0.041,-1.393,-3.687,0.002,1.393,0.082
12.31,-3.758,-0.041,-1.393,-3.687,0.002,1.393,0.082
12.33,-3.797,-0.039,-1.393,-3.727,0.002,1.394,0.081
12.35,-3.797,-0.039,-1.393,-3.727,0.002,1.394,0.081
12.37,-3.836,-0.038,-1.394,-3.770,0.002,1.395,0.077
12.40,-3.836,-0.038,-1.394,-3.770,0.002,1.395,0.077
12.42,-3.883,-0.036,-1.395,-3.810,0.002,1.396,0.082
12.44,-3.883,-0.036,-1.395,-3.810,0.002,1.396,0.082
12.46,-3.922,-0.035,-1.395,-3.854,0.002,1.397,0.077
12.48,-3.922,-0.035,-1.395,-3.854,0.002,1.397,0.077
12.50,-3.961,-0.034,-1.396,-3.894,0.002,1.398,0.076
12.52,-3.961,-0.034,-1.396,-3.894,0.002,1.398,0.076
12.54,-4.001,-0.034,-1.397,-3.937,0.002,1.399,0.073
12.56,-4.001,-0.034,-1.397,-3.937,0.002,1.399,0.073
12.58,-4.040,-0.033,-1.398,-3.977,0.002,1.400,0.072
12.60,-4.040,-0.033,-1.398,-3.977,0.002,1.400,0.072
12.63,-4.088,-0.032,-1.398,-4.020,0.002,1.401,0.075
12.65,-4.088,-0.032,-1.398,-4.020,0.002,1.401,0.075
12.67,-4.088,-0.032,-1.398,-4.020,0.002,1.401,0.075
12.69,-4.151,-0.031,-1.400,-4.081,0.002,1.402,0.077
12.71,-4.151,-0.031,-1.400,-4.081,0.002,1.402,0.077
12.73,-4.191,-0.030,-1.400,-4.125,0.002,1.403,0.073
12.75,-4.191,-0.030,-1.400,-4.125,0.002,1.403,0.073
12.77,-4.231,-0.029,-1.401,-4.165,0.001,1.404,0.073
12.79,-4.231,-0.029,-1.401,-4.165,0.001,1.404,0.073
12.81,-4.271,-0.028,-1.402,-4.208,0.001,1.405,0.070
12.83,-4.271,-0.028,-1.402,-4.208,0.001,1.405,0.070
12.85,-4.311,-0.027,-1.402,-4.248,0.001,1.405,0.069
12.88,-4.311,-0.027,-1.402,-4.248,0.001,1.405,0.069
12.90,-4.351,-0.027,-1.403,-4.291,0.001,1.406,0.066
12.92,-4.351,-0.027,-1.403,-4.291,0.001,1.406,0.066
12.94,-4.399,-0.026,-1.404,-4.332,0.001,1.407,0.072
12.96,-4.399,-0.026,-1.404,-4.332,0.001,1.407,0.072
12.98,-4.439,-0.025,-1.404,-4.375,0.001,1.408,0.069
13.00,-4.439,-0.025,-1.404,-4.375,0.001,1.408,0.069
13.02,-4.479,-0.024,-1.404,-4.415,0.001,1.409,0.069
13.04,-4.479,-0.024,-1.404,-4.415,0.001,1.409,0.069
13.06,-4.519,-0.024,-1.405,-4.459,0.001,1.410,0.066
13.08,-4.519,-0.024,-1.405,-4.459,0.001,1.410,0.066
13.10,-4.559,-0.023,-1.405,-4.499,0.001,1.411,0.066
13.13,-4.559,-0.023,-1.405,-4.499,0.001,1.411,0.066
13.15,-4.559,-0.023,-1.405,-4.499,0.001,1.411,0.066
13.17,-4.631,-0.023,-1.406,-4.562,0.001,1.412,0.073
13.19,-4.631,-0.023,-1.406,-4.562,0.001,1.412,0.073
13.21,-4.670,-0.022,-1.407,-4.605,0.001,1.413,0.070
13.23,-4.670,-0.022,-1.407,-4.605,0.001,1.413,0.070
13.25,-4.710,-0.022,-1.408,-4.646,0.001,1.414,0.069
13.27,-4.710,-0.022,-1.408,-4.646,0.001,1.414,0.069
13.29,-4.750,-0.022,-1.409,-4.689,0.001,1.415,0.066
13.31,-4.750,-0.022,-1.409,-4.689,0.001,1.415,0.066
13.33,-4.790,-0.022,-1.410,-4.729,0.001,1.416,0.065
13.35,-4.790,-0.022,-1.410,-4.729,0.001,1.416,0.065
13.38,-4.829,-0.021,-1.411,-4.772,0.001,1.417,0.062
13.40,-4.829,-0.021,-1.411,-4.772,0.001,1.417,0.062
13.42,-4.877,-0.022,-1.412,-4.812,0.001,1.418,0.069
13.44,-4.877,-0.022,-1.412,-4.812,0.001,1.418,0.069
13.46,-4.916,-0.022,-1.413,-4.856,0.001,1.419,0.065
13.48,-4.916,-0.022,-1.413,-4.856,0.001,1.419,0.065
13.50,-4.956,-0.022,-1.414,-4.895,0.001,1.419,0.065
13.52,-4.956,-0.022,-1.414,-4.895,0.001,1.419,0.065
13.54,-4.995,-0.022,-1.415,-4.936,0.001,1.420,0.064
13.56,-4.995,-0.022,-1.415,-4.936,0.001,1.420,0.064
13.58,-5.034,-0.022,-1.415,-4.979,0.001,1.421,0.061
13.60,-5.034,-0.022,-1.415,-4.979,0.001,1.421,0.061
13.62,-5.089,-0.023,-1.416,-5.019,0.001,1.422,0.075
13.65,-5.089,-0.023,-1.416,-5.019,0.001,1.422,0.075
13.67,-5.089,-0.023,-1.416,-5.019,0.001,1.422,0.075
13.69,-5.144,-0.023,-1.417,-5.081,0.001,1.424,0.068
13.71,-5.144,-0.023,-1.417,-5.081,0.001,1.424,0.068
13.73,-5.184,-0.024,-1.417,-5.125,0.001,1.424,0.064
13.75,-5.184,-0.024,-1.417,-5.125,0.001,1.424,0.064
13.77,-5.223,-0.025,-1.418,-5.165,0.001,1.425,0.064
13.79,-5.223,-0.025,-1.418,-5.165,0.001,1.425,0.064
13.81,-5.262,-0.025,-1.418,-5.208,0.001,1.426,0.060
13.83,-5.262,-0.025,-1.418,-5.208,0.001,1.426,0.060
13.85,-5.301,-0.026,-1.419,-5.248,0.001,1.427,0.060
13.87,-5.301,-0.026,-1.419,-5.248,0.001,1.427,0.060
13.90,-5.339,-0.027,-1.420,-5.291,0.001,1.428,0.057
13.92,-5.339,-0.027,-1.420,-5.291,0.001,1.428,0.057
13.94,-5.385,-0.028,-1.420,-5.332,0.001,1.429,0.062
13.96,-5.385,-0.028,-1.420,-5.332,0.001,1.429,0.062
13.98,-5.424,-0.029,-1.421,-5.375,0.001,1.430,0.058
14.00,-5.424,-0.029,-1.421,-5.375,0.001,1.430,0.058
14.02,-5.462,-0.030,-1.422,-5.415,0.001,1.431,0.057
14.04,-5.462,-0.030,-1.422,-5.415,0.001,1.431,0.057
14.06,-5.500,-0.031,-1.422,-5.458,0.001,1.432,0.054
14.08,-5.500,-0.031,-1.422,-5.458,0.001,1.432,0.054
14.10,-5.554,-0.031,-1.423,-5.498,0.001,1.432,0.066
14.13,-5.554,-0.031,-1.423,-5.498,0.001,1.432,0.066
14.15,-5.585,-0.032,-1.424,-5.541,0.001,1.433,0.056
14.17,-5.585,-0.032,-1.424,-5.541,0.001,1.433,0.056
14.19,-5.585,-0.032,-1.424,-5.541,0.001,1.433,0.056
14.21,-5.647,-0.032,-1.425,-5.604,0.001,1.435,0.054
14.23,-5.647,-0.032,-1.425,-5.604,0.001,1.435,0.054
14.25,-5.686,-0.031,-1.426,-5.644,0.001,1.436,0.053
14.27,-5.686,-0.031,-1.426,-5.644,0.001,1.436,0.053
14.29,-5.724,-0.031,-1.427,-5.688,0.001,1.436,0.050
14.31,-5.724,-0.031,-1.427,-5.688,0.001,1.436,0.050
14.33,-5.763,-0.030,-1.427,-5.728,0.001,1.437,0.049
14.36,-5.763,-0.030,-1.427,-5.728,0.001,1.437,0.049
14.38,-5.802,-0.030,-1.428,-5.770,0.001,1.438,0.045
14.40,-5.802,-0.030,-1.428,-5.770,0.001,1.438,0.045
14.42,-5.849,-0.029,-1.428,-5.811,0.001,1.439,0.049
14.44,-5.849,-0.029,-1.428,-5.811,0.001,1.439,0.049
14.46,-5.888,-0.028,-1.429,-5.854,0.001,1.440,0.046
14.48,-5.888,-0.028,-1.429,-5.854,0.001,1.440,0.046
14.50,-5.927,-0.027,-1.429,-5.894,0.001,1.441,0.045
14.52,-5.927,-0.027,-1.429,-5.894,0.001,1.441,0.045
14.54,-5.966,-0.026,-1.429,-5.937,0.001,1.442,0.041
14.56,-5.966,-0.026,-1.429,-5.937,0.001,1.442,0.041
14.58,-6.006,-0.025,-1.430,-5.977,0.001,1.442,0.041
14.60,-6.006,-0.025,-1.430,-5.977,0.001,1.442,0.041
14.63,-6.061,-0.024,-1.430,-6.020,0.001,1.443,0.049
14.65,-6.061,-0.024,-1.430,-6.020,0.001,1.443,0.049
14.67,-6.061,-0.024,-1.430,-6.020,0.001,1.443,0.049
14.69,-6.116,-0.022,-1.430,-6.084,0.001,1.445,0.042
14.71,-6.116,-0.022,-1.430,-6.084,0.001,1.445,0.042
14.73,-6.156,-0.020,-1.431,-6.124,0.001,1.445,0.041
14.75,-6.156,-0.020,-1.431,-6.124,0.001,1.445,0.041
14.77,-6.195,-0.019,-1.431,-6.167,0.001,1.446,0.037
14.79,-6.195,-0.019,-1.431,-6.167,0.001,1.446,0.037
14.81,-6.235,-0.018,-1.432,-6.207,0.001,1.447,0.037
14.83,-6.235,-0.018,-1.432,-6.207,0.001,1.447,0.037
14.85,-6.275,-0.016,-1.432,-6.247,0.001,1.448,0.036
14.88,-6.275,-0.016,-1.432,-6.247,0.001,1.448,0.036
14.90,-6.314,-0.015,-1.432,-6.290,0.001,1.449,0.033
14.92,-6.314,-0.015,-1.432,-6.290,0.001,1.449,0.033
14.94,-6.362,-0.014,-1.433,-6.333,0.001,1.449,0.036
14.96,-6.362,-0.014,-1.433,-6.333,0.001,1.449,0.036
14.98,-6.401,-0.012,-1.433,-6.374,0.001,1.450,0.035
15.00,-6.401,-0.012,-1.433,-6.374,0.001,1.450,0.035
15.02,-6.441,-0.011,-1.433,-6.414,0.001,1.451,0.034
15.04,-6.441,-0.011,-1.433,-6.414,0.001,1.451,0.034
15.06,-6.480,-0.010,-1.434,-6.457,0.001,1.452,0.031
15.08,-6.480,-0.010,-1.434,-6.457,0.001,1.452,0.031
15.10,-6.520,-0.008,-1.434,-6.497,0.001,1.453,0.031
15.12,-6.520,-0.008,-1.434,-6.497,0.001,1.453,0.031
15.15,-6.567,-0.007,-1.435,-6.540,0.001,1.453,0.034
15.17,-6.567,-0.007,-1.435,-6.540,0.001,1.453,0.034
15.19,-6.567,-0.007,-1.435,-6.540,0.001,1.453,0.034
15.21,-6.631,-0.005,-1.436,-6.601,0.001,1.455,0.036
15.23,-6.631,-0.005,-1.436,-6.601,0.001,1.455,0.036
15.25,-6.671,-0.004,-1.437,-6.644,0.001,1.455,0.033
15.27,-6.671,-0.004,-1.437,-6.644,0.001,1.455,0.033
15.29,-6.710,-0.003,-1.437,-6.687,0.001,1.456,0.030
15.31,-6.710,-0.003,-1.437,-6.687,0.001,1.456,0.030
15.33,-6.750,-0.002,-1.438,-6.727,0.001,1.457,0.029
15.36,-6.750,-0.002,-1.438,-6.727,0.001,1.457,0.029
15.38,-6.790,-0.001,-1.439,-6.770,0.001,1.458,0.027
15.40,-6.790,-0.001,-1.439,-6.770,0.001,1.458,0.027
15.42,-6.837,0.001,-1.441,-6.811,0.001,1.458,0.031
15.44,-6.837,0.001,-1.441,-6.811,0.001,1.458,0.031
15.46,-6.877,0.002,-1.442,-6.854,0.001,1.459,0.028
15.48,-6.877,0.002,-1.442,-6.854,0.001,1.459,0.028
15.50,-6.916,0.003,-1.443,-6.894,0.001,1.460,0.028
15.52,-6.916,0.003,-1.443,-6.894,0.001,1.460,0.028
15.54,-6.956,0.004,-1.444,-6.937,0.001,1.460,0.025
15.56,-6.956,0.004,-1.444,-6.937,0.001,1.460,0.025
15.59,-7.011,0.005,-1.445,-6.977,0.001,1.461,0.038
15.61,-7.011,0.005,-1.445,-6.977,0.001,1.461,0.038
15.63,-7.051,0.006,-1.446,-7.021,0.001,1.462,0.035
15.65,-7.051,0.006,-1.446,-7.021,0.001,1.462,0.035
15.67,-7.051,0.006,-1.446,-7.021,0.001,1.462,0.035
15.69,-7.107,0.007,-1.446,-7.084,0.001,1.463,0.029
15.71,-7.107,0.007,-1.446,-7.084,0.001,1.463,0.029
15.73,-7.148,0.008,-1.447,-7.127,0.001,1.464,0.027
15.75,-7.148,0.008,-1.447,-7.127,0.001,1.464,0.027
15.77,-7.188,0.009,-1.448,-7.167,0.001,1.464,0.028
15.79,-7.188,0.009,-1.448,-7.167,0.001,1.464,0.028
15.81,-7.229,0.010,-1.449,-7.207,0.001,1.465,0.028
15.84,-7.229,0.010,-1.449,-7.207,0.001,1.465,0.028
15.86,-7.277,0.010,-1.450,-7.250,0.001,1.466,0.033
15.88,-7.277,0.010,-1.450,-7.250,0.001,1.466,0.033
15.90,-7.318,0.011,-1.452,-7.294,0.001,1.466,0.030
15.92,-7.318,0.011,-1.452,-7.294,0.001,1.466,0.030
15.94,-7.358,0.011,-1.453,-7.333,0.001,1.467,0.031
15.96,-7.358,0.011,-1.453,-7.333,0.001,1.467,0.031
15.98,-7.399,0.012,-1.454,-7.376,0.000,1.468,0.029
16.00,-7.399,0.012,-1.454,-7.376,0.000,1.468,0.029
16.02,-7.439,0.012,-1.455,-7.416,0.000,1.468,0.029
16.04,-7.439,0.012,-1.455,-7.416,0.000,1.468,0.029
16.07,-7.487,0.013,-1.457,-7.458,0.000,1.469,0.034
16.09,-7.487,0.013,-1.457,-7.458,0.000,1.469,0.034
16.11,-7.527,0.014,-1.458,-7.498,0.000,1.470,0.034
16.13,-7.527,0.014,-1.458,-7.498,0.000,1.470,0.034
16.15,-7.574,0.014,-1.459,-7.541,0.000,1.470,0.037
16.17,-7.574,0.014,-1.459,-7.541,0.000,1.470,0.037
16.19,-7.574,0.014,-1.459,-7.541,0.000,1.470,0.037
16.21,-7.629,0.015,-1.461,-7.601,0.000,1.471,0.034
16.23,-7.629,0.015,-1.461,-7.601,0.000,1.471,0.034
16.25,-7.668,0.016,-1.461,-7.643,0.000,1.472,0.031
16.27,-7.668,0.016,-1.461,-7.643,0.000,1.472,0.031
16.29,-7.706,0.017,-1.462,-7.686,0.000,1.472,0.028
16.32,-7.706,0.017,-1.462,-7.686,0.000,1.472,0.028
16.34,-7.752,0.017,-1.463,-7.725,0.000,1.473,0.033
16.36,-7.752,0.017,-1.463,-7.725,0.000,1.473,0.033
16.38,-7.791,0.018,-1.464,-7.769,0.000,1.473,0.029
16.40,-7.791,0.018,-1.464,-7.769,0.000,1.473,0.029
16.42,-7.829,0.019,-1.465,-7.809,0.000,1.474,0.028
16.44,-7.829,0.019,-1.465,-7.809,0.000,1.474,0.028
16.46,-7.867,0.019,-1.466,-7.853,0.000,1.475,0.025
16.48,-7.867,0.019,-1.466,-7.853,0.000,1.475,0.025
16.50,-7.904,0.019,-1.467,-7.893,0.000,1.475,0.024
16.52,-7.904,0.019,-1.467,-7.893,0.000,1.475,0.024
16.55,-7.958,0.019,-1.468,-7.933,0.000,1.476,0.032
16.57,-7.958,0.019,-1.468,-7.933,0.000,1.476,0.032
16.59,-7.988,0.019,-1.469,-7.974,0.000,1.476,0.025
16.61,-7.988,0.019,-1.469,-7.974,0.000,1.476,0.025
16.63,-8.034,0.019,-1.470,-8.019,0.000,1.477,0.025
16.65,-8.034,0.019,-1.470,-8.019,0.000,1.477,0.025
16.67,-8.072,0.019,-1.471,-8.059,0.000,1.477,0.024
16.69,-8.072,0.019,-1.471,-8.059,0.000,1.477,0.024
16.71,-8.072,0.019,-1.471,-8.059,0.000,1.477,0.024
16.73,-8.126,0.019,-1.472,-8.124,0.000,1.478,0.020
16.75,-8.126,0.019,-1.472,-8.124,0.000,1.478,0.020
16.77,-8.165,0.019,-1.473,-8.165,0.000,1.479,0.019
16.80,-8.165,0.019,-1.473,-8.165,0.000,1.479,0.019
16.82,-8.205,0.019,-1.474,-8.208,0.000,1.479,0.020
16.84,-8.205,0.019,-1.474,-8.208,0.000,1.479,0.020
16.86,-8.252,0.018,-1.475,-8.253,0.000,1.480,0.019
16.88,-8.252,0.018,-1.475,-8.253,0.000,1.480,0.019
16.90,-8.292,0.018,-1.476,-8.294,0.000,1.480,0.018
16.92,-8.292,0.018,-1.476,-8.294,0.000,1.480,0.018
16.94,-8.332,0.017,-1.476,-8.338,0.000,1.481,0.019
16.96,-8.332,0.017,-1.476,-8.338,0.000,1.481,0.019
16.98,-8.372,0.017,-1.477,-8.379,0.000,1.481,0.018
17.00,-8.372,0.017,-1.477,-8.379,0.000,1.481,0.018
17.03,-8.429,0.016,-1.478,-8.422,0.000,1.482,0.018
17.05,-8.429,0.016,-1.478,-8.422,0.000,1.482,0.018
17.07,-8.461,0.016,-1.478,-8.462,0.000,1.482,0.016
17.09,-8.461,0.016,-1.478,-8.462,0.000,1.482,0.016
17.11,-8.502,0.015,-1.478,-8.507,0.000,1.483,0.016
17.13,-8.502,0.015,-1.478,-8.507,0.000,1.483,0.016
17.15,-8.551,0.015,-1.479,-8.547,0.000,1.483,0.015
17.17,-8.551,0.015,-1.479,-8.547,0.000,1.483,0.015
17.19,-8.551,0.015,-1.479,-8.547,0.000,1.483,0.015
17.21,-8.608,0.014,-1.480,-8.610,0.000,1.484,0.015
17.23,-8.608,0.014,-1.480,-8.610,0.000,1.484,0.015
17.25,-8.648,0.014,-1.480,-8.650,0.000,1.484,0.015
17.28,-8.648,0.014,-1.480,-8.650,0.000,1.484,0.015
17.30,-8.689,0.014,-1.481,-8.693,0.000,1.485,0.015
17.32,-8.689,0.014,-1.481,-8.693,0.000,1.485,0.015
17.34,-8.737,0.014,-1.481,-8.733,0.000,1.485,0.015
17.36,-8.737,0.014,-1.481,-8.733,0.000,1.485,0.015
17.38,-8.777,0.015,-1.482,-8.776,0.000,1.486,0.015
17.40,-8.777,0.015,-1.482,-8.776,0.000,1.486,0.015
17.42,-8.817,0.015,-1.482,-8.816,0.000,1.486,0.016
17.44,-8.817,0.015,-1.482,-8.816,0.000,1.486,0.016
17.46,-8.857,0.016,-1.482,-8.859,0.000,1.486,0.016
17.48,-8.857,0.016,-1.482,-8.859,0.000,1.486,0.016
17.50,-8.912,0.017,-1.482,-8.898,0.000,1.487,0.022
17.53,-8.912,0.017,-1.482,-8.898,0.000,1.487,0.022
17.55,-8.944,0.018,-1.482,-8.941,0.000,1.487,0.019
17.57,-8.944,0.018,-1.482,-8.941,0.000,1.487,0.019
17.59,-8.991,0.019,-1.481,-8.984,0.000,1.488,0.021
17.61,-8.991,0.019,-1.481,-8.984,0.000,1.488,0.021
17.63,-9.030,0.020,-1.481,-9.025,0.000,1.488,0.021
17.65,-9.030,0.020,-1.481,-9.025,0.000,1.488,0.021
17.67,-9.061,0.021,-1.481,-9.067,0.000,1.489,0.023
17.69,-9.061,0.021,-1.481,-9.067,0.000,1.489,0.023
17.71,-9.061,0.021,-1.481,-9.067,0.000,1.489,0.023
17.73,-9.124,0.022,-1.481,-9.127,0.000,1.489,0.024
17.76,-9.124,0.022,-1.481,-9.127,0.000,1.489,0.024
17.78,-9.171,0.023,-1.480,-9.169,0.000,1.489,0.025
17.80,-9.171,0.023,-1.480,-9.169,0.000,1.489,0.025
17.82,-9.210,0.024,-1.480,-9.213,0.000,1.490,0.026
17.84,-9.210,0.024,-1.480,-9.213,0.000,1.490,0.026
17.86,-9.249,0.024,-1.480,-9.252,0.000,1.490,0.026
17.88,-9.249,0.024,-1.480,-9.252,0.000,1.490,0.026
17.90,-9.289,0.025,-1.480,-9.294,0.000,1.491,0.027
17.92,-9.289,0.025,-1.480,-9.294,0.000,1.491,0.027
17.94,-9.328,0.025,-1.480,-9.334,0.000,1.491,0.028
17.96,-9.328,0.025,-1.480,-9.334,0.000,1.491,0.028
17.99,-9.375,0.025,-1.480,-9.373,0.000,1.491,0.028
18.01,-9.375,0.025,-1.480,-9.373,0.000,1.491,0.028
18.03,-9.423,0.025,-1.479,-9.416,0.000,1.491,0.029
18.05,-9.423,0.025,-1.479,-9.416,0.000,1.491,0.029
18.07,-9.462,0.025,-1.479,-9.457,0.000,1.492,0.029
18.09,-9.462,0.025,-1.479,-9.457,0.000,1.492,0.029
18.11,-9.493,0.025,-1.479,-9.496,0.000,1.492,0.029
18.13,-9.493,0.025,-1.479,-9.496,0.000,1.492,0.029
18.15,-9.533,0.025,-1.479,-9.538,0.000,1.492,0.029
18.17,-9.533,0.025,-1.479,-9.538,0.000,1.492,0.029
18.19,-9.533,0.025,-1.479,-9.538,0.000,1.492,0.029
18.22,-9.595,0.025,-1.478,-9.599,0.000,1.493,0.029
18.24,-9.595,0.025,-1.478,-9.599,0.000,1.493,0.029
18.26,-9.642,0.024,-1.478,-9.638,0.000,1.493,0.029
18.28,-9.642,0.024,-1.478,-9.638,0.000,1.493,0.029
18.30,-9.681,0.023,-1.478,-9.680,0.000,1.493,0.028
18.32,-9.681,0.023,-1.478,-9.680,0.000,1.493,0.028
18.34,-9.719,0.022,-1.478,-9.719,0.000,1.494,0.027
18.36,-9.719,0.022,-1.478,-9.719,0.000,1.494,0.027
18.38,-9.758,0.021,-1.478,-9.761,0.000,1.494,0.026
18.40,-9.758,0.021,-1.478,-9.761,0.000,1.494,0.026
18.42,-9.796,0.020,-1.479,-9.800,0.000,1.494,0.026
18.44,-9.796,0.020,-1.479,-9.800,0.000,1.494,0.026
18.47,-9.850,0.018,-1.480,-9.841,0.000,1.494,0.025
18.49,-9.850,0.018,-1.480,-9.841,0.000,1.494,0.025
18.51,-9.880,0.017,-1.480,-9.881,0.000,1.495,0.022
18.53,-9.880,0.017,-1.480,-9.881,0.000,1.495,0.022
18.55,-9.918,0.016,-1.481,-9.924,0.000,1.495,0.022
18.57,-9.918,0.016,-1.481,-9.924,0.000,1.495,0.022
18.59,-9.964,0.014,-1.482,-9.963,0.000,1.495,0.019
18.61,-9.964,0.014,-1.482,-9.963,0.000,1.495,0.019
18.63,-10.003,0.012,-1.483,-9.968,0.000,1.495,0.039
18.65,-10.003,0.012,-1.483,-9.968,0.000,1.495,0.039
18.67,-10.041,0.011,-1.484,-10.007,0.000,1.495,0.037
18.69,-10.041,0.011,-1.484,-10.007,0.000,1.495,0.037
18.72,-10.041,0.011,-1.484,-10.007,0.000,1.495,0.037
18.74,-10.103,0.008,-1.485,-10.069,0.000,1.496,0.036
18.76,-10.103,0.008,-1.485,-10.069,0.000,1.496,0.036
18.78,-10.141,0.007,-1.486,-10.113,0.000,1.496,0.031
18.80,-10.141,0.007,-1.486,-10.113,0.000,1.496,0.031
18.82,-10.180,0.006,-1.486,-10.152,0.000,1.496,0.030
18.84,-10.180,0.006,-1.486,-10.152,0.000,1.496,0.030
18.86,-10.219,0.005,-1.486,-10.195,0.000,1.496,0.026
18.88,-10.219,0.005,-1.486,-10.195,0.000,1.496,0.026
18.90,-10.258,0.004,-1.487,-10.234,0.000,1.497,0.026
18.92,-10.258,0.004,-1.487,-10.234,0.000,1.497,0.026
18.94,-10.297,0.003,-1.487,-10.273,0.000,1.497,0.026
18.96,-10.297,0.003,-1.487,-10.273,0.000,1.497,0.026
18.99,-10.351,0.002,-1.487,-10.315,0.000,1.497,0.038
19.01,-10.351,0.002,-1.487,-10.315,0.000,1.497,0.038
19.03,-10.390,0.002,-1.487,-10.356,0.000,1.497,0.035
19.05,-10.390,0.002,-1.487,-10.356,0.000,1.497,0.035
19.07,-10.420,0.002,-1.487,-10.394,0.000,1.497,0.028
19.09,-10.420,0.002,-1.487,-10.394,0.000,1.497,0.028
19.11,-10.458,0.002,-1.487,-10.434,0.000,1.497,0.026
19.13,-10.458,0.002,-1.487,-10.434,0.000,1.497,0.026
19.15,-10.504,0.002,-1.487,-10.471,0.000,1.498,0.034
19.18,-10.504,0.002,-1.487,-10.471,0.000,1.498,0.034
19.20,-10.504,0.002,-1.487,-10.471,0.000,1.498,0.034
19.22,-10.563,0.002,-1.487,-10.528,0.000,1.498,0.037
19.24,-10.563,0.002,-1.487,-10.528,0.000,1.498,0.037
19.26,-10.600,0.003,-1.487,-10.566,0.000,1.498,0.035
19.28,-10.600,0.003,-1.487,-10.566,0.000,1.498,0.035
19.30,-10.636,0.003,-1.487,-10.601,0.000,1.498,0.036
19.32,-10.636,0.003,-1.487,-10.601,0.000,1.498,0.036
19.34,-10.671,0.003,-1.488,-10.638,0.000,1.498,0.035
19.36,-10.671,0.003,-1.488,-10.638,0.000,1.498,0.035
19.38,-10.706,0.004,-1.488,-10.671,0.000,1.498,0.036
19.40,-10.706,0.004,-1.488,-10.671,0.000,1.498,0.036
19.43,-10.753,0.005,-1.488,-10.706,0.000,1.498,0.049
19.45,-10.753,0.005,-1.488,-10.706,0.000,1.498,0.049
19.47,-10.786,0.005,-1.489,-10.739,0.000,1.498,0.049
19.49,-10.786,0.005,-1.489,-10.739,0.000,1.498,0.049
19.51,-10.819,0.006,-1.489,-10.772,0.000,1.498,0.048
19.53,-10.819,0.006,-1.489,-10.772,0.000,1.498,0.048
19.55,-10.850,0.007,-1.490,-10.803,0.000,1.498,0.049
19.57,-10.850,0.007,-1.490,-10.803,0.000,1.498,0.049
19.59,-10.881,0.007,-1.491,-10.835,0.000,1.498,0.047
19.61,-10.881,0.007,-1.491,-10.835,0.000,1.498,0.047
19.63,-10.905,0.008,-1.491,-10.839,0.000,1.498,0.066
19.65,-10.905,0.008,-1.491,-10.839,0.000,1.498,0.066
19.68,-10.940,0.008,-1.492,-10.869,0.000,1.499,0.071
19.70,-10.940,0.008,-1.492,-10.869,0.000,1.499,0.071
19.72,-10.940,0.008,-1.492,-10.869,0.000,1.499,0.071
19.74,-10.985,0.009,-1.492,-10.912,0.000,1.499,0.073
19.76,-10.985,0.009,-1.492,-10.912,0.000,1.499,0.073
19.78,-11.012,0.008,-1.493,-10.939,0.000,1.499,0.074
19.80,-11.012,0.008,-1.493,-10.939,0.000,1.499,0.074
19.82,-11.039,0.008,-1.494,-10.964,0.000,1.499,0.075
19.84,-11.039,0.008,-1.494,-10.964,0.000,1.499,0.075
19.86,-11.064,0.008,-1.494,-10.991,0.000,1.499,0.074
19.88,-11.064,0.008,-1.494,-10.991,0.000,1.499,0.074
19.90,-11.089,0.007,-1.495,-11.015,0.000,1.499,0.074
19.92,-11.089,0.007,-1.495,-11.015,0.000,1.499,0.074
19.95,-11.122,0.006,-1.496,-11.041,0.000,1.499,0.082
19.97,-11.122,0.006,-1.496,-11.041,0.000,1.499,0.082
19.99,-11.140,0.005,-1.497,-11.065,0.000,1.499,0.076
20.01,-11.140,0.005,-1.497,-11.065,0.000,1.499,0.076
20.03,-11.167,0.003,-1.498,-11.089,0.000,1.499,0.078
20.05,-11.167,0.003,-1.498,-11.089,0.000,1.499,0.078
20.07,-11.184,0.002,-1.498,-11.111,0.000,1.499,0.072
20.09,-11.184,0.002,-1.498,-11.111,0.000,1.499,0.072
20.11,-11.208,0.000,-1.498,-11.135,0.000,1.499,0.073
20.13,-11.208,0.000,-1.498,-11.135,0.000,1.499,0.073
20.15,-11.228,-0.001,-1.499,-11.156,0.000,1.499,0.072
20.18,-11.228,-0.001,-1.499,-11.156,0.000,1.499,0.072
20.20,-11.244,-0.003,-1.499,-11.178,0.000,1.499,0.065
20.22,-11.244,-0.003,-1.499,-11.178,0.000,1.499,0.065
20.24,-11.244,-0.003,-1.499,-11.178,0.000,1.499,0.065
20.26,-11.278,-0.007,-1.498,-11.211,0.000,1.499,0.067
20.28,-11.278,-0.007,-1.498,-11.211,0.000,1.499,0.067
20.30,-11.296,-0.009,-1.498,-11.231,0.000,1.499,0.066
20.32,-11.296,-0.009,-1.498,-11.231,0.000,1.499,0.066
20.34,-11.315,-0.011,-1.498,-11.252,0.000,1.499,0.063
20.36,-11.315,-0.011,-1.498,-11.252,0.000,1.499,0.063
20.38,-11.332,-0.014,-1.497,-11.271,0.000,1.499,0.062
20.41,-11.332,-0.014,-1.497,-11.271,0.000,1.499,0.062
20.43,-11.353,-0.017,-1.497,-11.292,0.000,1.499,0.064
20.45,-11.353,-0.017,-1.497,-11.292,0.000,1.499,0.064
20.47,-11.371,-0.019,-1.496,-11.311,0.000,1.499,0.063
20.49,-11.371,-0.019,-1.496,-11.311,0.000,1.499,0.063
20.51,-11.391,-0.022,-1.496,-11.331,0.000,1.499,0.064
20.53,-11.391,-0.022,-1.496,-11.331,0.000,1.499,0.064
20.55,-11.405,-0.025,-1.496,-11.349,0.000,1.499,0.061
20.57,-11.405,-0.025,-1.496,-11.349,0.000,1.499,0.061
20.59,-11.425,-0.028,-1.495,-11.369,0.000,1.499,0.063
20.61,-11.425,-0.028,-1.495,-11.369,0.000,1.499,0.063
20.63,-11.438,-0.030,-1.495,-11.388,0.000,1.499,0.059
20.66,-11.438,-0.030,-1.495,-11.388,0.000,1.499,0.059
20.68,-11.458,-0.034,-1.495,-11.405,0.000,1.499,0.062
20.70,-11.458,-0.034,-1.495,-11.405,0.000,1.499,0.062
20.72,-11.458,-0.034,-1.495,-11.405,0.000,1.499,0.062
20.74,-11.483,-0.039,-1.496,-11.433,0.000,1.499,0.064
20.76,-11.483,-0.039,-1.496,-11.433,0.000,1.499,0.064
20.78,-11.499,-0.042,-1.496,-11.450,0.000,1.499,0.064
20.80,-11.499,-0.042,-1.496,-11.450,0.000,1.499,0.064
20.82,-11.515,-0.045,-1.496,-11.468,0.000,1.499,0.064
20.84,-11.515,-0.045,-1.496,-11.468,0.000,1.499,0.064
20.86,-11.530,-0.047,-1.496,-11.485,0.000,1.499,0.065
20.88,-11.530,-0.047,-1.496,-11.485,0.000,1.499,0.065
20.91,-11.552,-0.051,-1.497,-11.503,0.000,1.499,0.071
20.93,-11.552,-0.051,-1.497,-11.503,0.000,1.499,0.071
20.95,-11.567,-0.053,-1.497,-11.519,0.000,1.499,0.071
20.97,-11.567,-0.053,-1.497,-11.519,0.000,1.499,0.071
20.99,-11.579,-0.055,-1.497,-11.537,0.000,1.499,0.069
21.01,-11.579,-0.055,-1.497,-11.537,0.000,1.499,0.069
21.03,-11.594,-0.057,-1.497,-11.553,0.000,1.499,0.070
21.05,-11.594,-0.057,-1.497,-11.553,0.000,1.499,0.070
21.07,-11.612,-0.059,-1.497,-11.570,0.000,1.499,0.072
21.09,-11.612,-0.059,-1.497,-11.570,0.000,1.499,0.072
21.11,-11.626,-0.061,-1.497,-11.585,0.000,1.499,0.073
21.13,-11.626,-0.061,-1.497,-11.585,0.000,1.499,0.073
21.15,-11.638,-0.062,-1.497,-11.602,0.000,1.499,0.072
21.18,-11.638,-0.062,-1.497,-11.602,0.000,1.499,0.072
21.20,-11.655,-0.064,-1.497,-11.617,0.000,1.499,0.074
21.22,-11.655,-0.064,-1.497,-11.617,0.000,1.499,0.074
21.24,-11.655,-0.064,-1.497,-11.617,0.000,1.499,0.074
21.26,-11.677,-0.066,-1.497,-11.641,0.000,1.499,0.075
21.28,-11.677,-0.066,-1.497,-11.641,0.000,1.499,0.075
21.30,-11.691,-0.067,-1.498,-11.657,0.000,1.499,0.075
21.32,-11.691,-0.067,-1.498,-11.657,0.000,1.499,0.075
21.34,-11.705,-0.067,-1.498,-11.672,0.000,1.499,0.075
21.36,-11.705,-0.067,-1.498,-11.672,0.000,1.499,0.075
21.39,-11.724,-0.068,-1.498,-11.687,0.000,1.499,0.077
21.41,-11.724,-0.068,-1.498,-11.687,0.000,1.499,0.077
21.43,-11.738,-0.068,-1.498,-11.702,0.000,1.499,0.077
21.45,-11.738,-0.068,-1.498,-11.702,0.000,1.499,0.077
21.47,-11.752,-0.067,-1.498,-11.717,0.000,1.499,0.076
21.49,-11.752,-0.067,-1.498,-11.717,0.000,1.499,0.076
21.51,-11.763,-0.067,-1.498,-11.731,0.000,1.500,0.074
21.53,-11.763,-0.067,-1.498,-11.731,0.000,1.500,0.074
21.55,-11.779,-0.066,-1.497,-11.746,0.000,1.500,0.074
21.57,-11.779,-0.066,-1.497,-11.746,0.000,1.500,0.074
21.59,-11.793,-0.066,-1.497,-11.760,0.000,1.500,0.073
21.61,-11.793,-0.066,-1.497,-11.760,0.000,1.500,0.073
21.64,-11.806,-0.065,-1.497,-11.774,0.000,1.500,0.072
21.66,-11.806,-0.065,-1.497,-11.774,0.000,1.500,0.072
21.68,-11.822,-0.063,-1.497,-11.788,0.000,1.500,0.072
21.70,-11.822,-0.063,-1.497,-11.788,0.000,1.500,0.072
21.72,-11.822,-0.063,-1.497,-11.788,0.000,1.500,0.072
21.74,-11.840,-0.061,-1.496,-11.808,0.000,1.500,0.069
21.76,-11.840,-0.061,-1.496,-11.808,0.000,1.500,0.069
21.78,-11.852,-0.059,-1.496,-11.822,0.000,1.500,0.066
21.80,-11.852,-0.059,-1.496,-11.822,0.000,1.500,0.066
21.82,-11.865,-0.056,-1.495,-11.835,0.000,1.500,0.064
21.84,-11.865,-0.056,-1.495,-11.835,0.000,1.500,0.064
21.87,-11.880,-0.053,-1.495,-11.848,0.000,1.500,0.062
21.89,-11.880,-0.053,-1.495,-11.848,0.000,1.500,0.062
21.91,-11.894,-0.050,-1.495,-11.860,0.000,1.500,0.061
21.93,-11.894,-0.050,-1.495,-11.860,0.000,1.500,0.061
21.95,-11.906,-0.048,-1.494,-11.873,0.000,1.500,0.058
21.97,-11.906,-0.048,-1.494,-11.873,0.000,1.500,0.058
21.99,-11.915,-0.045,-1.494,-11.885,0.000,1.500,0.055
22.01,-11.915,-0.045,-1.494,-11.885,0.000,1.500,0.055
22.03,-11.929,-0.042,-1.494,-11.893,0.000,1.500,0.056
22.05,-11.929,-0.042,-1.494,-11.893,0.000,1.500,0.056
22.07,-11.938,-0.039,-1.494,-11.893,0.000,1.500,0.060
22.09,-11.938,-0.039,-1.494,-11.893,0.000,1.500,0.060
22.12,-11.951,-0.036,-1.493,-11.893,0.000,1.500,0.069
22.14,-11.951,-0.036,-1.493,-11.893,0.000,1.500,0.069
22.16,-11.964,-0.032,-1.493,-11.893,0.000,1.500,0.078
22.18,-11.964,-0.032,-1.493,-11.893,0.000,1.500,0.078
22.20,-11.975,-0.029,-1.493,-11.893,0.000,1.500,0.087
22.22,-11.975,-0.029,-1.493,-11.893,0.000,1.500,0.087
22.24,-11.975,-0.029,-1.493,-11.893,0.000,1.500,0.087
22.26,-11.988,-0.025,-1.494,-11.893,0.000,1.500,0.099
22.28,-11.988,-0.025,-1.494,-11.893,0.000,1.500,0.099
22.30,-11.998,-0.022,-1.494,-11.893,0.000,1.500,0.107
22.32,-11.998,-0.022,-1.494,-11.893,0.000,1.500,0.107
22.34,-12.010,-0.018,-1.494,-11.893,0.000,1.500,0.118
22.36,-12.010,-0.018,-1.494,-11.893,0.000,1.500,0.118
22.39,-12.017,-0.015,-1.494,-11.893,0.000,1.500,0.125
22.41,-12.017,-0.015,-1.494,-11.893,0.000,1.500,0.125
22.43,-12.024,-0.013,-1.494,-11.893,0.000,1.500,0.132
22.45,-12.024,-0.013,-1.494,-11.893,0.000,1.500,0.132
22.47,-12.030,-0.010,-1.494,-11.893,0.000,1.500,0.137
22.49,-12.030,-0.010,-1.494,-11.893,0.000,1.500,0.137
22.51,-12.035,-0.008,-1.494,-11.893,0.000,1.500,0.142
22.53,-12.035,-0.008,-1.494,-11.893,0.000,1.500,0.142
22.55,-12.039,-0.006,-1.494,-11.893,0.000,1.500,0.146
22.57,-12.039,-0.006,-1.494,-11.893,0.000,1.500,0.146
22.59,-12.042,-0.004,-1.495,-11.893,0.000,1.500,0.150
22.62,-12.042,-0.004,-1.495,-11.893,0.000,1.500,0.150
22.64,-12.045,-0.003,-1.495,-11.893,0.000,1.500,0.152
22.66,-12.045,-0.003,-1.495,-11.893,0.000,1.500,0.152
22.68,-12.047,-0.002,-1.495,-11.893,0.000,1.500,0.154
22.70,-12.047,-0.002,-1.495,-11.893,0.000,1.500,0.154
22.72,-12.049,-0.001,-1.495,-11.893,0.000,1.500,0.156
22.74,-12.049,-0.001,-1.495,-11.893,0.000,1.500,0.156
22.76,-12.049,-0.001,-1.495,-11.893,0.000,1.500,0.156
22.78,-12.049,-0.000,-1.495,-11.893,0.000,1.500,0.156
22.80,-12.049,-0.000,-1.495,-11.893,0.000,1.500,0.156
22.82,-12.049,0.000,-1.495,-11.893,0.000,1.500,0.156
22.85,-12.049,0.000,-1.495,-11.893,0.000,1.500,0.156
22.87,-12.048,0.000,-1.496,-11.893,0.000,1.500,0.156
22.89,-12.048,0.000,-1.496,-11.893,0.000,1.500,0.156
22.91,-12.048,0.000,-1.496,-11.893,0.000,1.500,0.155
22.93,-12.048,0.000,-1.496,-11.893,0.000,1.500,0.155
22.95,-12.046,-0.000,-1.496,-11.893,0.000,1.500,0.153
22.97,-12.046,-0.000,-1.496,-11.893,0.000,1.500,0.153
22.99,-12.045,-0.001,-1.496,-11.893,0.000,1.500,0.152
23.01,-12.045,-0.001,-1.496,-11.893,0.000,1.500,0.152
23.03,-12.043,-0.002,-1.497,-11.893,0.000,1.500,0.150
23.05,-12.043,-0.002,-1.497,-11.893,0.000,1.500,0.150
23.07,-12.041,-0.003,-1.497,-11.893,0.000,1.500,0.148
23.09,-12.041,-0.003,-1.497,-11.893,0.000,1.500,0.148
23.12,-12.039,-0.004,-1.497,-11.893,0.000,1.500,0.146
23.14,-12.039,-0.004,-1.497,-11.893,0.000,1.500,0.146
23.16,-12.036,-0.005,-1.497,-11.893,0.000,1.500,0.143
23.18,-12.036,-0.005,-1.497,-11.893,0.000,1.500,0.143
23.20,-12.033,-0.007,-1.498,-11.893,0.000,1.500,0.140
23.22,-12.033,-0.007,-1.498,-11.893,0.000,1.500,0.140
23.24,-12.033,-0.007,-1.498,-11.893,0.000,1.500,0.140
23.26,-12.029,-0.008,-1.498,-11.893,0.000,1.500,0.136
23.28,-12.029,-0.008,-1.498,-11.893,0.000,1.500,0.136
23.30,-12.026,-0.010,-1.498,-11.893,0.000,1.500,0.134
23.32,-12.026,-0.010,-1.498,-11.893,0.000,1.500,0.134
23.34,-12.023,-0.011,-1.498,-11.893,0.000,1.500,0.131
23.36,-12.023,-0.011,-1.498,-11.893,0.000,1.500,0.131
23.39,-12.019,-0.012,-1.498,-11.893,0.000,1.500,0.126
23.41,-12.019,-0.012,-1.498,-11.893,0.000,1.500,0.126
23.43,-12.016,-0.013,-1.498,-11.893,0.000,1.500,0.124
23.45,-12.016,-0.013,-1.498,-11.893,0.000,1.500,0.124
23.47,-12.013,-0.014,-1.499,-11.893,0.000,1.500,0.121
23.49,-12.013,-0.014,-1.499,-11.893,0.000,1.500,0.121
23.51,-12.010,-0.014,-1.499,-11.893,0.000,1.500,0.118
23.53,-12.010,-0.014,-1.499,-11.893,0.000,1.500,0.118
23.55,-12.007,-0.015,-1.499,-11.893,0.000,1.500,0.115
23.57,-12.007,-0.015,-1.499,-11.893,0.000,1.500,0.115
23.59,-12.004,-0.015,-1.499,-11.893,0.000,1.500,0.112
23.61,-12.004,-0.015,-1.499,-11.893,0.000,1.500,0.112
23.64,-12.001,-0.015,-1.499,-11.893,0.000,1.500,0.109
23.66,-12.001,-0.015,-1.499,-11.893,0.000,1.500,0.109
23.68,-11.998,-0.015,-1.499,-11.893,0.000,1.500,0.106
23.70,-11.998,-0.015,-1.499,-11.893,0.000,1.500,0.106
23.72,-11.996,-0.014,-1.499,-11.893,0.000,1.500,0.104
23.74,-11.996,-0.014,-1.499,-11.893,0.000,1.500,0.104
23.76,-11.996,-0.014,-1.499,-11.893,0.000,1.500,0.104
23.78,-11.993,-0.013,-1.500,-11.893,0.000,1.500,0.101
23.80,-11.993,-0.013,-1.500,-11.893,0.000,1.500,0.101
23.82,-11.990,-0.012,-1.500,-11.893,0.000,1.500,0.098
23.84,-11.990,-0.012,-1.500,-11.893,0.000,1.500,0.098
23.86,-11.988,-0.012,-1.500,-11.893,0.000,1.500,0.096
23.89,-11.988,-0.012,-1.500,-11.893,0.000,1.500,0.096
23.91,-11.985,-0.010,-1.501,-11.893,0.000,1.500,0.093
23.93,-11.985,-0.010,-1.501,-11.893,0.000,1.500,0.093
23.95,-11.983,-0.009,-1.501,-11.893,0.000,1.500,0.091
23.97,-11.983,-0.009,-1.501,-11.893,0.000,1.500,0.091
23.99,-11.982,-0.008,-1.501,-11.893,0.000,1.500,0.089
24.01,-11.982,-0.008,-1.501,-11.893,0.000,1.500,0.089
24.03,-11.980,-0.007,-1.501,-11.893,0.000,1.500,0.087
24.05,-11.980,-0.007,-1.501,-11.893,0.000,1.500,0.087
24.07,-11.978,-0.006,-1.502,-11.893,0.000,1.500,0.086
24.09,-11.978,-0.006,-1.502,-11.893,0.000,1.500,0.086
24.11,-11.977,-0.005,-1.502,-11.893,0.000,1.500,0.084
24.13,-11.977,-0.005,-1.502,-11.893,0.000,1.500,0.084
24.16,-11.975,-0.003,-1.502,-11.893,0.000,1.500,0.082
24.18,-11.975,-0.003,-1.502,-11.893,0.000,1.500,0.082
24.20,-11.974,-0.002,-1.503,-11.893,0.000,1.500,0.081
24.22,-11.974,-0.002,-1.503,-11.893,0.000,1.500,0.081
24.24,-11.974,-0.002,-1.503,-11.893,0.000,1.500,0.081
24.26,-11.972,0.000,-1.503,-11.893,0.000,1.500,0.079
24.28,-11.972,0.000,-1.503,-11.893,0.000,1.500,0.079
24.30,-11.971,0.002,-1.503,-11.893,0.000,1.500,0.078
24.32,-11.971,0.002,-1.503,-11.893,0.000,1.500,0.078
24.34,-11.969,0.004,-1.503,-11.893,0.000,1.500,0.077
24.36,-11.969,0.004,-1.503,-11.893,0.000,1.500,0.077
24.39,-11.968,0.006,-1.503,-11.893,0.000,1.500,0.075
24.41,-11.968,0.006,-1.503,-11.893,0.000,1.500,0.075
24.43,-11.966,0.007,-1.503,-11.893,0.000,1.500,0.074
24.45,-11.966,0.007,-1.503,-11.893,0.000,1.500,0.074
24.47,-11.965,0.009,-1.503,-11.893,0.000,1.500,0.073
24.49,-11.965,0.009,-1.503,-11.893,0.000,1.500,0.073
24.51,-11.964,0.010,-1.503,-11.893,0.000,1.500,0.071
24.53,-11.964,0.010,-1.503,-11.893,0.000,1.500,0.071
24.55,-11.962,0.012,-1.502,-11.893,0.000,1.500,0.070
24.57,-11.962,0.012,-1.502,-11.893,0.000,1.500,0.070
24.59,-11.960,0.013,-1.502,-11.893,0.000,1.500,0.069
24.62,-11.960,0.013,-1.502,-11.893,0.000,1.500,0.069
24.64,-11.959,0.015,-1.501,-11.893,0.000,1.500,0.067
24.66,-11.959,0.015,-1.501,-11.893,0.000,1.500,0.067
24.68,-11.957,0.016,-1.500,-11.893,0.000,1.500,0.066
24.70,-11.957,0.016,-1.500,-11.893,0.000,1.500,0.066
24.72,-11.955,0.018,-1.499,-11.893,0.000,1.500,0.065
24.74,-11.955,0.018,-1.499,-11.893,0.000,1.500,0.065
24.76,-11.955,0.018,-1.499,-11.893,0.000,1.500,0.065
24.78,-11.953,0.019,-1.498,-11.893,0.000,1.500,0.063
24.80,-11.953,0.019,-1.498,-11.893,0.000,1.500,0.063
24.82,-11.951,0.021,-1.497,-11.893,0.000,1.500,0.062
24.84,-11.951,0.021,-1.497,-11.893,0.000,1.500,0.062
24.86,-11.949,0.022,-1.496,-11.893,0.000,1.500,0.060
24.88,-11.949,0.022,-1.496,-11.893,0.000,1.500,0.060
24.91,-11.947,0.023,-1.495,-11.893,0.000,1.500,0.059
24.93,-11.947,0.023,-1.495,-11.893,0.000,1.500,0.059
24.95,-11.945,0.024,-1.494,-11.893,0.000,1.500,0.058
24.97,-11.945,0.024,-1.494,-11.893,0.000,1.500,0.058
24.99,-11.943,0.025,-1.493,-11.893,0.000,1.500,0.057
25.01,-11.943,0.025,-1.493,-11.893,0.000,1.500,0.057
25.03,-11.942,0.026,-1.492,-11.893,0.000,1.500,0.056
25.05,-11.942,0.026,-1.492,-11.893,0.000,1.500,0.056
25.07,-11.940,0.028,-1.492,-11.893,0.000,1.500,0.055
25.09,-11.940,0.028,-1.492,-11.893,0.000,1.500,0.055
25.11,-11.938,0.028,-1.492,-11.893,0.000,1.500,0.054
25.13,-11.938,0.028,-1.492,-11.893,0.000,1.500,0.054
25.16,-11.937,0.029,-1.492,-11.893,0.000,1.500,0.054
25.18,-11.937,0.029,-1.492,-11.893,0.000,1.500,0.054
25.20,-11.935,0.031,-1.492,-11.893,0.000,1.500,0.053
25.22,-11.935,0.031,-1.492,-11.893,0.000,1.500,0.053
25.24,-11.933,0.032,-1.492,-11.893,0.000,1.500,0.052
25.26,-11.933,0.032,-1.492,-11.893,0.000,1.500,0.052
25.28,-11.933,0.032,-1.492,-11.893,0.000,1.500,0.052
25.30,-11.931,0.034,-1.492,-11.893,0.000,1.500,0.051
25.32,-11.931,0.034,-1.492,-11.893,0.000,1.500,0.051
25.34,-11.929,0.035,-1.493,-11.893,0.000,1.500,0.051
25.36,-11.929,0.035,-1.493,-11.893,0.000,1.500,0.051
25.39,-11.927,0.038,-1.494,-11.893,0.000,1.500,0.051
25.41,-11.927,0.038,-1.494,-11.893,0.000,1.500,0.051
25.43,-11.925,0.039,-1.494,-11.893,0.000,1.500,0.051
25.45,-11.925,0.039,-1.494,-11.893,0.000,1.500,0.051
25.47,-11.924,0.041,-1.494,-11.893,0.000,1.500,0.051
25.49,-11.924,0.041,-1.494,-11.893,0.000,1.500,0.051
25.51,-11.922,0.043,-1.495,-11.893,0.000,1.500,0.052
25.53,-11.922,0.043,-1.495,-11.893,0.000,1.500,0.052
25.55,-11.920,0.045,-1.495,-11.893,0.000,1.500,0.053
25.57,-11.920,0.045,-1.495,-11.893,0.000,1.500,0.053
25.59,-11.918,0.047,-1.496,-11.893,0.000,1.500,0.054
25.62,-11.918,0.047,-1.496,-11.893,0.000,1.500,0.054
25.64,-11.916,0.049,-1.496,-11.893,0.000,1.500,0.054
25.66,-11.916,0.049,-1.496,-11.893,0.000,1.500,0.054
25.68,-11.914,0.051,-1.497,-11.893,0.000,1.500,0.056
25.70,-11.914,0.051,-1.497,-11.893,0.000,1.500,0.056
25.72,-11.912,0.053,-1.497,-11.893,0.000,1.500,0.057
25.74,-11.912,0.053,-1.497,-11.893,0.000,1.500,0.057
25.76,-11.912,0.053,-1.497,-11.893,0.000,1.500,0.057
25.78,-11.910,0.056,-1.498,-11.893,0.000,1.500,0.059
25.80,-11.910,0.056,-1.498,-11.893,0.000,1.500,0.059
25.82,-11.909,0.058,-1.498,-11.893,0.000,1.500,0.060
25.85,-11.909,0.058,-1.498,-11.893,0.000,1.500,0.060
25.87,-11.906,0.060,-1.499,-11.893,0.000,1.500,0.062
25.89,-11.906,0.060,-1.499,-11.893,0.000,1.500,0.062
25.91,-11.905,0.062,-1.499,-11.893,0.000,1.500,0.063
25.93,-11.905,0.062,-1.499,-11.893,0.000,1.500,0.063
25.95,-11.903,0.064,-1.500,-11.893,0.000,1.500,0.064
25.97,-11.903,0.064,-1.500,-11.893,0.000,1.500,0.064
25.99,-11.902,0.065,-1.501,-11.893,0.000,1.500,0.066
26.01,-11.902,0.065,-1.501,-11.893,0.000,1.500,0.066
26.03,-11.901,0.066,-1.501,-11.893,0.000,1.500,0.067
26.05,-11.901,0.066,-1.501,-11.893,0.000,1.500,0.067
26.07,-11.900,0.068,-1.502,-11.893,0.000,1.500,0.068
26.09,-11.900,0.068,-1.502,-11.893,0.000,1.500,0.068
26.12,-11.899,0.069,-1.502,-11.893,0.000,1.500,0.069
26.14,-11.899,0.069,-1.502,-11.893,0.000,1.500,0.069
26.16,-11.897,0.071,-1.502,-11.893,0.000,1.500,0.071
26.18,-11.897,0.071,-1.502,-11.893,0.000,1.500,0.071
26.20,-11.896,0.072,-1.502,-11.893,0.000,1.500,0.072
26.22,-11.896,0.072,-1.502,-11.893,0.000,1.500,0.072
26.24,-11.895,0.074,-1.502,-11.893,0.000,1.500,0.074
26.26,-11.895,0.074,-1.502,-11.893,0.000,1.500,0.074
26.28,-11.895,0.074,-1.502,-11.893,0.000,1.500,0.074
26.30,-11.894,0.075,-1.503,-11.893,0.000,1.500,0.076
26.32,-11.894,0.075,-1.503,-11.893,0.000,1.500,0.076
26.34,-11.894,0.077,-1.503,-11.893,0.000,1.500,0.077
26.37,-11.894,0.077,-1.503,-11.893,0.000,1.500,0.077
26.39,-11.893,0.078,-1.503,-11.893,0.000,1.500,0.078
26.41,-11.893,0.078,-1.503,-11.893,0.000,1.500,0.078
26.43,-11.892,0.079,-1.502,-11.893,0.000,1.500,0.079
26.45,-11.892,0.079,-1.502,-11.893,0.000,1.500,0.079
26.47,-11.892,0.081,-1.502,-11.893,0.000,1.500,0.081
26.49,-11.892,0.081,-1.502,-11.893,0.000,1.500,0.081
26.51,-11.892,0.081,-1.502,-11.893,0.000,1.500,0.081
26.53,-11.892,0.081,-1.502,-11.893,0.000,1.500,0.081
26.55,-11.892,0.082,-1.501,-11.893,0.000,1.500,0.082
26.57,-11.892,0.082,-1.501,-11.893,0.000,1.500,0.082
26.60,-11.893,0.083,-1.501,-11.893,0.000,1.500,0.083
26.62,-11.893,0.083,-1.501,-11.893,0.000,1.500,0.083
26.64,-11.894,0.083,-1.500,-11.893,0.000,1.500,0.083
26.66,-11.894,0.083,-1.500,-11.893,0.000,1.500,0.083
26.68,-11.895,0.084,-1.500,-11.893,0.000,1.500,0.084
26.70,-11.895,0.084,-1.500,-11.893,0.000,1.500,0.084
26.72,-11.896,0.084,-1.500,-11.893,0.000,1.500,0.084
26.74,-11.896,0.084,-1.500,-11.893,0.000,1.500,0.084
26.76,-11.896,0.084,-1.500,-11.893,0.000,1.500,0.084
26.78,-11.899,0.084,-1.500,-11.893,0.000,1.500,0.084
26.80,-11.899,0.084,-1.500,-11.893,0.000,1.500,0.084
26.82,-11.901,0.084,-1.500,-11.893,0.000,1.500,0.085
26.85,-11.901,0.084,-1.500,-11.893,0.000,1.500,0.085
26.87,-11.903,0.084,-1.500,-11.893,0.000,1.500,0.085
26.89,-11.903,0.084,-1.500,-11.893,0.000,1.500,0.085
26.91,-11.906,0.084,-1.501,-11.893,0.000,1.500,0.085
26.93,-11.906,0.084,-1.501,-11.893,0.000,1.500,0.085
26.95,-11.908,0.084,-1.501,-11.893,0.000,1.500,0.086
26.97,-11.908,0.084,-1.501,-11.893,0.000,1.500,0.086
26.99,-11.911,0.084,-1.501,-11.893,0.000,1.500,0.086
27.01,-11.911,0.084,-1.501,-11.893,0.000,1.500,0.086
27.03,-11.914,0.084,-1.502,-11.893,0.000,1.500,0.086
27.05,-11.914,0.084,-1.502,-11.893,0.000,1.500,0.086
27.07,-11.916,0.084,-1.502,-11.893,0.000,1.500,0.087
27.09,-11.916,0.084,-1.502,-11.893,0.000,1.500,0.087
27.12,-11.918,0.084,-1.502,-11.893,0.000,1.500,0.087
27.14,-11.918,0.084,-1.502,-11.893,0.000,1.500,0.087
27.16,-11.922,0.083,-1.502,-11.893,0.000,1.500,0.088
27.18,-11.922,0.083,-1.502,-11.893,0.000,1.500,0.088
27.20,-11.925,0.082,-1.502,-11.893,0.000,1.500,0.088
27.22,-11.925,0.082,-1.502,-11.893,0.000,1.500,0.088
27.24,-11.928,0.082,-1.501,-11.893,0.000,1.500,0.089
27.26,-11.928,0.082,-1.501,-11.893,0.000,1.500,0.089
27.28,-11.928,0.082,-1.501,-11.893,0.000,1.500,0.089
27.30,-11.932,0.081,-1.501,-11.893,0.000,1.500,0.090
27.33,-11.932,0.081,-1.501,-11.893,0.000,1.500,0.090
27.35,-11.934,0.080,-1.500,-11.893,0.000,1.500,0.090
27.37,-11.934,0.080,-1.500,-11.893,0.000,1.500,0.090
27.39,-11.937,0.079,-1.499,-11.893,0.000,1.500,0.091
27.41,-11.937,0.079,-1.499,-11.893,0.000,1.500,0.091
27.43,-11.939,0.079,-1.498,-11.893,0.000,1.500,0.091
27.45,-11.939,0.079,-1.498,-11.893,0.000,1.500,0.091
27.47,-11.941,0.078,-1.497,-11.893,0.000,1.500,0.091
27.49,-11.941,0.078,-1.497,-11.893,0.000,1.500,0.091
27.51,-11.943,0.077,-1.496,-11.893,0.000,1.500,0.091
27.54,-11.943,0.077,-1.496,-11.893,0.000,1.500,0.091
27.56,-11.944,0.076,-1.495,-11.893,0.000,1.500,0.091
27.58,-11.944,0.076,-1.495,-11.893,0.000,1.500,0.091
27.60,-11.945,0.074,-1.494,-11.893,0.000,1.500,0.091
27.62,-11.945,0.074,-1.494,-11.893,0.000,1.500,0.091
27.64,-11.946,0.073,-1.493,-11.893,0.000,1.500,0.091
27.66,-11.946,0.073,-1.493,-11.893,0.000,1.500,0.091
27.68,-11.947,0.072,-1.493,-11.893,0.000,1.500,0.090
27.70,-11.947,0.072,-1.493,-11.893,0.000,1.500,0.090
27.72,-11.948,0.070,-1.492,-11.893,0.000,1.500,0.090
27.74,-11.948,0.070,-1.492,-11.893,0.000,1.500,0.090
27.76,-11.948,0.070,-1.492,-11.893,0.000,1.500,0.090
27.78,-11.949,0.069,-1.492,-11.893,0.000,1.500,0.089
27.81,-11.949,0.069,-1.492,-11.893,0.000,1.500,0.089
27.83,-11.949,0.068,-1.492,-11.893,0.000,1.500,0.088
27.85,-11.949,0.068,-1.492,-11.893,0.000,1.500,0.088
27.87,-11.949,0.067,-1.492,-11.893,0.000,1.500,0.088
27.89,-11.949,0.067,-1.492,-11.893,0.000,1.500,0.088
27.91,-11.949,0.066,-1.492,-11.893,0.000,1.500,0.087
27.93,-11.949,0.066,-1.492,-11.893,0.000,1.500,0.087
27.95,-11.948,0.065,-1.492,-11.893,0.000,1.500,0.086
27.97,-11.948,0.065,-1.492,-11.893,0.000,1.500,0.086
27.99,-11.948,0.065,-1.492,-11.893,0.000,1.500,0.085
28.01,-11.948,0.065,-1.492,-11.893,0.000,1.500,0.085
28.04,-11.947,0.064,-1.492,-11.893,0.000,1.500,0.084
28.06,-11.947,0.064,-1.492,-11.893,0.000,1.500,0.084
28.08,-11.946,0.063,-1.492,-11.893,0.000,1.500,0.082
28.10,-11.946,0.063,-1.492,-11.893,0.000,1.500,0.082
28.12,-11.945,0.062,-1.492,-11.893,0.000,1.500,0.081
28.14,-11.945,0.062,-1.492,-11.893,0.000,1.500,0.081
28.16,-11.944,0.061,-1.492,-11.893,0.000,1.500,0.079
28.18,-11.944,0.061,-1.492,-11.893,0.000,1.500,0.079
28.20,-11.942,0.059,-1.493,-11.893,0.000,1.500,0.078
28.22,-11.942,0.059,-1.493,-11.893,0.000,1.500,0.078
28.24,-11.941,0.058,-1.493,-11.893,0.000,1.500,0.076
28.26,-11.941,0.058,-1.493,-11.893,0.000,1.500,0.076
28.28,-11.941,0.058,-1.493,-11.893,0.000,1.500,0.076
28.30,-11.939,0.056,-1.493,-11.893,0.000,1.500,0.073
28.33,-11.939,0.056,-1.493,-11.893,0.000,1.500,0.073
28.35,-11.938,0.055,-1.493,-11.893,0.000,1.500,0.071
28.37,-11.938,0.055,-1.493,-11.893,0.000,1.500,0.071
28.39,-11.936,0.054,-1.494,-11.893,0.000,1.500,0.069
28.41,-11.936,0.054,-1.494,-11.893,0.000,1.500,0.069
28.43,-11.935,0.052,-1.494,-11.893,0.000,1.500,0.067
28.45,-11.935,0.052,-1.494,-11.893,0.000,1.500,0.067
28.47,-11.933,0.051,-1.495,-11.893,0.000,1.500,0.065
28.49,-11.933,0.051,-1.495,-11.893,0.000,1.500,0.065
28.51,-11.932,0.050,-1.495,-11.893,0.000,1.500,0.063
28.53,-11.932,0.050,-1.495,-11.893,0.000,1.500,0.063
28.56,-11.931,0.049,-1.495,-11.893,0.000,1.500,0.062
28.58,-11.931,0.049,-1.495,-11.893,0.000,1.500,0.062
28.60,-11.930,0.047,-1.496,-11.893,0.000,1.500,0.060
28.62,-11.930,0.047,-1.496,-11.893,0.000,1.500,0.060
28.64,-11.929,0.046,-1.496,-11.893,0.000,1.500,0.059
28.66,-11.929,0.046,-1.496,-11.893,0.000,1.500,0.059
28.68,-11.928,0.045,-1.497,-11.893,0.000,1.500,0.057
28.70,-11.928,0.045,-1.497,-11.893,0.000,1.500,0.057
28.72,-11.928,0.044,-1.498,-11.893,0.000,1.500,0.056
28.74,-11.928,0.044,-1.498,-11.893,0.000,1.500,0.056
28.76,-11.927,0.043,-1.499,-11.893,0.000,1.500,0.055
28.78,-11.927,0.043,-1.499,-11.893,0.000,1.500,0.055
28.80,-11.927,0.043,-1.499,-11.893,0.000,1.500,0.055
28.83,-11.927,0.041,-1.500,-11.893,0.000,1.500,0.053
28.85,-11.927,0.041,-1.500,-11.893,0.000,1.500,0.053
28.87,-11.926,0.041,-1.501,-11.893,0.000,1.500,0.052
28.89,-11.926,0.041,-1.501,-11.893,0.000,1.500,0.052
28.91,-11.926,0.040,-1.502,-11.893,0.000,1.500,0.052
28.93,-11.926,0.040,-1.502,-11.893,0.000,1.500,0.052
28.95,-11.925,0.039,-1.503,-11.893,0.000,1.500,0.051
28.97,-11.925,0.039,-1.503,-11.893,0.000,1.500,0.051
28.99,-11.925,0.039,-1.503,-11.893,0.000,1.500,0.050
29.01,-11.925,0.039,-1.503,-11.893,0.000,1.500,0.050
29.03,-11.924,0.038,-1.504,-11.893,0.000,1.500,0.049
29.05,-11.924,0.038,-1.504,-11.893,0.000,1.500,0.049
29.07,-11.923,0.037,-1.505,-11.893,0.000,1.500,0.049
29.10,-11.923,0.037,-1.505,-11.893,0.000,1.500,0.049
29.12,-11.923,0.037,-1.506,-11.893,0.000,1.500,0.048
29.14,-11.923,0.037,-1.506,-11.893,0.000,1.500,0.048
29.16,-11.922,0.037,-1.506,-11.893,0.000,1.500,0.048
29.18,-11.922,0.037,-1.506,-11.893,0.000,1.500,0.048
29.20,-11.921,0.037,-1.507,-11.893,0.000,1.500,0.047
29.22,-11.921,0.037,-1.507,-11.893,0.000,1.500,0.047
29.24,-11.921,0.037,-1.507,-11.893,0.000,1.500,0.047
29.26,-11.921,0.037,-1.507,-11.893,0.000,1.500,0.047
29.28,-11.921,0.037,-1.507,-11.893,0.000,1.500,0.047
29.30,-11.920,0.037,-1.507,-11.893,0.000,1.500,0.046
29.32,-11.920,0.037,-1.507,-11.893,0.000,1.500,0.046
29.35,-11.919,0.037,-1.507,-11.893,0.000,1.500,0.046
29.37,-11.919,0.037,-1.507,-11.893,0.000,1.500,0.046
29.39,-11.919,0.037,-1.507,-11.893,0.000,1.500,0.046
29.41,-11.919,0.037,-1.507,-11.893,0.000,1.500,0.046
29.43,-11.918,0.037,-1.507,-11.893,0.000,1.500,0.045
29.45,-11.918,0.037,-1.507,-11.893,0.000,1.500,0.045
29.47,-11.917,0.037,-1.507,-11.893,0.000,1.500,0.044
29.49,-11.917,0.037,-1.507,-11.893,0.000,1.500,0.044
29.51,-11.916,0.036,-1.507,-11.893,0.000,1.500,0.044
29.53,-11.916,0.036,-1.507,-11.893,0.000,1.500,0.044
29.55,-11.915,0.036,-1.507,-11.893,0.000,1.500,0.043
29.57,-11.915,0.036,-1.507,-11.893,0.000,1.500,0.043
29.60,-11.914,0.036,-1.507,-11.893,0.000,1.500,0.042
29.62,-11.914,0.036,-1.507,-11.893,0.000,1.500,0.042
29.64,-11.912,0.035,-1.507,-11.893,0.000,1.500,0.041
29.66,-11.912,0.035,-1.507,-11.893,0.000,1.500,0.041
29.68,-11.911,0.035,-1.507,-11.893,0.000,1.500,0.040
29.70,-11.911,0.035,-1.507,-11.893,0.000,1.500,0.040
29.72,-11.910,0.034,-1.508,-11.893,0.000,1.500,0.039
29.74,-11.910,0.034,-1.508,-11.893,0.000,1.500,0.039
29.76,-11.908,0.034,-1.508,-11.893,0.000,1.500,0.038
29.78,-11.908,0.034,-1.508,-11.893,0.000,1.500,0.038
29.80,-11.908,0.034,-1.508,-11.893,0.000,1.500,0.038
29.83,-11.905,0.033,-1.509,-11.893,0.000,1.500,0.036
29.85,-11.905,0.033,-1.509,-11.893,0.000,1.500,0.036
29.87,-11.903,0.032,-1.509,-11.893,0.000,1.500,0.035
29.89,-11.903,0.032,-1.509,-11.893,0.000,1.500,0.035
29.91,-11.901,0.032,-1.509,-11.893,0.000,1.500,0.034
29.93,-11.901,0.032,-1.509,-11.893,0.000,1.500,0.034
29.95,-11.899,0.032,-1.509,-11.893,0.000,1.500,0.034
29.97,-11.899,0.032,-1.509,-11.893,0.000,1.500,0.034
29.99,-11.898,0.031,-1.510,-11.893,0.000,1.500,0.033
30.01,-11.898,0.031,-1.510,-11.893,0.000,1.500,0.033
30.03,-11.897,0.031,-1.510,-11.893,0.000,1.500,0.033
30.06,-11.897,0.031,-1.510,-11.893,0.000,1.500,0.033
30.08,-11.895,0.030,-1.510,-11.893,0.000,1.500,0.032
30.10,-11.895,0.030,-1.510,-11.893,0.000,1.500,0.032
30.12,-11.894,0.030,-1.511,-11.893,0.000,1.500,0.032
30.14,-11.894,0.030,-1.511,-11.893,0.000,1.500,0.032
30.16,-11.894,0.029,-1.511,-11.893,0.000,1.500,0.031
30.18,-11.894,0.029,-1.511,-11.893,0.000,1.500,0.031
30.20,-11.893,0.029,-1.511,-11.893,0.000,1.500,0.031
30.22,-11.893,0.029,-1.511,-11.893,0.000,1.500,0.031
30.24,-11.893,0.028,-1.511,-11.893,0.000,1.500,0.031
30.26,-11.893,0.028,-1.511,-11.893,0.000,1.500,0.031
30.28,-11.893,0.028,-1.511,-11.893,0.000,1.500,0.031
30.31,-11.893,0.027,-1.511,-11.893,0.000,1.500,0.030
30.33,-11.893,0.027,-1.511,-11.893,0.000,1.500,0.030
30.35,-11.892,0.027,-1.512,-11.893,0.000,1.500,0.030
30.37,-11.892,0.027,-1.512,-11.893,0.000,1.500,0.030
30.39,-11.892,0.027,-1.512,-11.893,0.000,1.500,0.029
30.41,-11.892,0.027,-1.512,-11.893,0.000,1.500,0.029
30.43,-11.892,0.026,-1.512,-11.893,0.000,1.500,0.029
30.45,-11.892,0.026,-1.512,-11.893,0.000,1.500,0.029
30.47,-11.892,0.026,-1.512,-11.893,0.000,1.500,0.029
30.49,-11.892,0.026,-1.512,-11.893,0.000,1.500,0.029
30.51,-11.892,0.026,-1.512,-11.893,0.000,1.500,0.028
30.53,-11.892,0.026,-1.512,-11.893,0.000,1.500,0.028
30.55,-11.892,0.025,-1.512,-11.893,0.000,1.500,0.028
30.58,-11.892,0.025,-1.512,-11.893,0.000,1.500,0.028
30.60,-11.892,0.025,-1.512,-11.893,0.000,1.500,0.028
30.62,-11.892,0.025,-1.512,-11.893,0.000,1.500,0.028
30.64,-11.891,0.024,-1.512,-11.893,0.000,1.500,0.027
30.66,-11.891,0.024,-1.512,-11.893,0.000,1.500,0.027
30.68,-11.891,0.024,-1.512,-11.893,0.000,1.500,0.027
30.70,-11.891,0.024,-1.512,-11.893,0.000,1.500,0.027
30.72,-11.890,0.023,-1.512,-11.893,0.000,1.500,0.027
30.74,-11.890,0.023,-1.512,-11.893,0.000,1.500,0.027
30.76,-11.890,0.023,-1.512,-11.893,0.000,1.500,0.026
30.78,-11.890,0.023,-1.512,-11.893,0.000,1.500,0.026
30.80,-11.890,0.023,-1.512,-11.893,0.000,1.500,0.026
30.83,-11.889,0.022,-1.511,-11.893,0.000,1.500,0.025
30.85,-11.889,0.022,-1.511,-11.893,0.000,1.500,0.025
30.87,-11.888,0.021,-1.511,-11.893,0.000,1.500,0.024
30.89,-11.888,0.021,-1.511,-11.893,0.000,1.500,0.024
30.91,-11.887,0.020,-1.511,-11.893,0.000,1.500,0.024
30.93,-11.887,0.020,-1.511,-11.893,0.000,1.500,0.024
30.95,-11.887,0.019,-1.511,-11.893,0.000,1.500,0.023
30.97,-11.887,0.019,-1.511,-11.893,0.000,1.500,0.023
30.99,-11.886,0.018,-1.511,-11.893,0.000,1.500,0.022
31.01,-11.886,0.018,-1.511,-11.893,0.000,1.500,0.022
31.03,-11.886,0.016,-1.511,-11.893,0.000,1.500,0.021
31.05,-11.886,0.016,-1.511,-11.893,0.000,1.500,0.021
31.08,-11.885,0.014,-1.512,-11.893,0.000,1.500,0.020
31.10,-11.885,0.014,-1.512,-11.893,0.000,1.500,0.020
31.12,-11.884,0.012,-1.512,-11.893,0.000,1.500,0.019
31.14,-11.884,0.012,-1.512,-11.893,0.000,1.500,0.019
31.16,-11.884,0.010,-1.512,-11.893,0.000,1.500,0.019
31.18,-11.884,0.010,-1.512,-11.893,0.000,1.500,0.019
31.20,-11.883,0.008,-1.513,-11.893,0.000,1.500,0.018
31.22,-11.883,0.008,-1.513,-11.893,0.000,1.500,0.018
31.24,-11.882,0.006,-1.513,-11.893,0.000,1.500,0.018
31.26,-11.882,0.006,-1.513,-11.893,0.000,1.500,0.018
31.28,-11.882,0.004,-1.513,-11.893,0.000,1.500,0.018
31.30,-11.882,0.004,-1.513,-11.893,0.000,1.500,0.018
31.33,-11.882,0.004,-1.513,-11.893,0.000,1.500,0.018
31.35,-11.881,0.000,-1.514,-11.893,0.000,1.500,0.018
31.37,-11.881,0.000,-1.514,-11.893,0.000,1.500,0.018
31.39,-11.881,-0.001,-1.514,-11.893,0.000,1.500,0.019
31.41,-11.881,-0.001,-1.514,-11.893,0.000,1.500,0.019
31.43,-11.881,-0.003,-1.515,-11.893,0.000,1.500,0.019
31.45,-11.881,-0.003,-1.515,-11.893,0.000,1.500,0.019
31.47,-11.881,-0.005,-1.515,-11.893,0.000,1.500,0.020
31.49,-11.881,-0.005,-1.515,-11.893,0.000,1.500,0.020
31.51,-11.881,-0.006,-1.516,-11.893,0.000,1.500,0.020
31.53,-11.881,-0.006,-1.516,-11.893,0.000,1.500,0.020
31.55,-11.882,-0.007,-1.516,-11.893,0.000,1.500,0.021
31.58,-11.882,-0.007,-1.516,-11.893,0.000,1.500,0.021
31.60,-11.882,-0.008,-1.516,-11.893,0.000,1.500,0.021
31.62,-11.882,-0.008,-1.516,-11.893,0.000,1.500,0.021
31.64,-11.882,-0.009,-1.516,-11.893,0.000,1.500,0.021
31.66,-11.882,-0.009,-1.516,-11.893,0.000,1.500,0.021
31.68,-11.882,-0.009,-1.516,-11.893,0.000,1.500,0.021
31.70,-11.882,-0.009,-1.516,-11.893,0.000,1.500,0.021
31.72,-11.882,-0.009,-1.516,-11.893,0.000,1.500,0.021
31.74,-11.882,-0.009,-1.516,-11.893,0.000,1.500,0.021
31.76,-11.882,-0.009,-1.516,-11.893,0.000,1.500,0.021
31.78,-11.882,-0.009,-1.516,-11.893,0.000,1.500,0.021
31.80,-11.882,-0.009,-1.516,-11.893,0.000,1.500,0.021
31.82,-11.882,-0.009,-1.516,-11.893,0.000,1.500,0.021
31.85,-11.882,-0.009,-1.516,-11.893,0.000,1.500,0.021
31.87,-11.882,-0.009,-1.516,-11.893,0.000,1.500,0.021
31.89,-11.882,-0.009,-1.516,-11.893,0.000,1.500,0.021
31.91,-11.881,-0.009,-1.516,-11.893,0.000,1.500,0.021
31.93,-11.881,-0.009,-1.516,-11.893,0.000,1.500,0.021
31.95,-11.881,-0.008,-1.516,-11.893,0.000,1.500,0.022
31.97,-11.881,-0.008,-1.516,-11.893,0.000,1.500,0.022
31.99,-11.880,-0.008,-1.516,-11.893,0.000,1.500,0.022
32.01,-11.880,-0.008,-1.516,-11.893,0.000,1.500,0.022
32.03,-11.879,-0.008,-1.516,-11.893,0.000,1.500,0.022
32.05,-11.879,-0.008,-1.516,-11.893,0.000,1.500,0.022
32.08,-11.879,-0.007,-1.515,-11.893,0.000,1.500,0.022
32.10,-11.879,-0.007,-1.515,-11.893,0.000,1.500,0.022
32.12,-11.878,-0.007,-1.515,-11.893,0.000,1.500,0.022
32.14,-11.878,-0.007,-1.515,-11.893,0.000,1.500,0.022
32.16,-11.877,-0.006,-1.515,-11.893,0.000,1.500,0.023
32.18,-11.877,-0.006,-1.515,-11.893,0.000,1.500,0.023
32.20,-11.877,-0.006,-1.514,-11.893,0.000,1.500,0.023
32.22,-11.877,-0.006,-1.514,-11.893,0.000,1.500,0.023
32.24,-11.876,-0.005,-1.514,-11.893,0.000,1.500,0.023
32.26,-11.876,-0.005,-1.514,-11.893,0.000,1.500,0.023
32.28,-11.875,-0.005,-1.514,-11.893,0.000,1.500,0.023
32.30,-11.875,-0.005,-1.514,-11.893,0.000,1.500,0.023
32.33,-11.875,-0.005,-1.514,-11.893,0.000,1.500,0.023
32.35,-11.874,-0.004,-1.514,-11.893,0.000,1.500,0.024
32.37,-11.874,-0.004,-1.514,-11.893,0.000,1.500,0.024
32.39,-11.874,-0.003,-1.514,-11.893,0.000,1.500,0.024
32.41,-11.874,-0.003,-1.514,-11.893,0.000,1.500,0.024
32.43,-11.873,-0.003,-1.513,-11.893,0.000,1.500,0.024
32.45,-11.873,-0.003,-1.513,-11.893,0.000,1.500,0.024
32.47,-11.872,-0.003,-1.513,-11.893,0.000,1.500,0.025
32.49,-11.872,-0.003,-1.513,-11.893,0.000,1.500,0.025
32.51,-11.872,-0.003,-1.513,-11.893,0.000,1.500,0.025
32.53,-11.872,-0.003,-1.513,-11.893,0.000,1.500,0.025
32.56,-11.871,-0.003,-1.513,-11.893,0.000,1.500,0.026
32.58,-11.871,-0.003,-1.513,-11.893,0.000,1.500,0.026
32.60,-11.870,-0.003,-1.513,-11.893,0.000,1.500,0.027
32.62,-11.870,-0.003,-1.513,-11.893,0.000,1.500,0.027
32.64,-11.869,-0.003,-1.513,-11.893,0.000,1.500,0.027
32.66,-11.869,-0.003,-1.513,-11.893,0.000,1.500,0.027
32.68,-11.869,-0.004,-1.513,-11.893,0.000,1.500,0.028
32.70,-11.869,-0.004,-1.513,-11.893,0.000,1.500,0.028
32.72,-11.868,-0.005,-1.513,-11.893,0.000,1.500,0.028
32.74,-11.868,-0.005,-1.513,-11.893,0.000,1.500,0.028
32.76,-11.868,-0.006,-1.513,-11.893,0.000,1.500,0.029
32.78,-11.868,-0.006,-1.513,-11.893,0.000,1.500,0.029
32.81,-11.868,-0.006,-1.513,-11.893,0.000,1.500,0.029
32.83,-11.867,-0.007,-1.513,-11.893,0.000,1.500,0.029
32.85,-11.867,-0.007,-1.513,-11.893,0.000,1.500,0.029
32.87,-11.867,-0.007,-1.512,-11.893,0.000,1.500,0.030
32.89,-11.867,-0.007,-1.512,-11.893,0.000,1.500,0.030
32.91,-11.866,-0.007,-1.512,-11.893,0.000,1.500,0.030
32.93,-11.866,-0.007,-1.512,-11.893,0.000,1.500,0.030
32.95,-11.866,-0.008,-1.511,-11.893,0.000,1.500,0.030
32.97,-11.866,-0.008,-1.511,-11.893,0.000,1.500,0.030
32.99,-11.866,-0.008,-1.511,-11.893,0.000,1.500,0.030
33.01,-11.866,-0.008,-1.511,-11.893,0.000,1.500,0.030
33.03,-11.865,-0.008,-1.510,-11.893,0.000,1.500,0.030
33.06,-11.865,-0.008,-1.510,-11.893,0.000,1.500,0.030
33.08,-11.865,-0.008,-1.510,-11.893,0.000,1.500,0.030
33.10,-11.865,-0.008,-1.510,-11.893,0.000,1.500,0.030
33.12,-11.865,-0.008,-1.509,-11.893,0.000,1.500,0.031
33.14,-11.865,-0.008,-1.509,-11.893,0.000,1.500,0.031
33.16,-11.864,-0.007,-1.508,-11.893,0.000,1.500,0.031
33.18,-11.864,-0.007,-1.508,-11.893,0.000,1.500,0.031
33.20,-11.864,-0.007,-1.507,-11.893,0.000,1.500,0.031
33.22,-11.864,-0.007,-1.507,-11.893,0.000,1.500,0.031
33.24,-11.864,-0.007,-1.507,-11.893,0.000,1.500,0.031
33.26,-11.864,-0.007,-1.507,-11.893,0.000,1.500,0.031
33.28,-11.863,-0.006,-1.505,-11.893,0.000,1.500,0.031
33.31,-11.863,-0.006,-1.505,-11.893,0.000,1.500,0.031
33.33,-11.863,-0.006,-1.505,-11.893,0.000,1.500,0.031
33.35,-11.863,-0.006,-1.504,-11.893,0.000,1.500,0.031
33.37,-11.863,-0.006,-1.504,-11.893,0.000,1.500,0.031
33.39,-11.863,-0.005,-1.503,-11.893,0.000,1.500,0.031
33.41,-11.863,-0.005,-1.503,-11.893,0.000,1.500,0.031
33.43,-11.863,-0.005,-1.503,-11.893,0.000,1.500,0.031
33.45,-11.863,-0.005,-1.503,-11.893,0.000,1.500,0.031
33.47,-11.862,-0.004,-1.502,-11.893,0.000,1.500,0.031
33.49,-11.862,-0.004,-1.502,-11.893,0.000,1.500,0.031
33.51,-11.862,-0.004,-1.501,-11.893,0.000,1.500,0.031
33.53,-11.862,-0.004,-1.501,-11.893,0.000,1.500,0.031
33.56,-11.862,-0.003,-1.501,-11.893,0.000,1.500,0.031
33.58,-11.862,-0.003,-1.501,-11.893,0.000,1.500,0.031
33.60,-11.862,-0.003,-1.500,-11.893,0.000,1.500,0.031
33.62,-11.862,-0.003,-1.500,-11.893,0.000,1.500,0.031
33.64,-11.862,-0.002,-1.500,-11.893,0.000,1.500,0.031
33.66,-11.862,-0.002,-1.500,-11.893,0.000,1.500,0.031
33.68,-11.862,-0.002,-1.499,-11.893,0.000,1.500,0.031
33.70,-11.862,-0.002,-1.499,-11.893,0.000,1.500,0.031
33.72,-11.862,-0.002,-1.499,-11.893,0.000,1.500,0.031
33.74,-11.862,-0.002,-1.499,-11.893,0.000,1.500,0.031
33.76,-11.862,-0.001,-1.499,-11.893,0.000,1.500,0.031
33.78,-11.862,-0.001,-1.499,-11.893,0.000,1.500,0.031
33.81,-11.862,-0.001,-1.498,-11.893,0.000,1.500,0.031
33.83,-11.862,-0.001,-1.498,-11.893,0.000,1.500,0.031
33.85,-11.862,-0.001,-1.498,-11.893,0.000,1.500,0.031
33.87,-11.863,-0.001,-1.498,-11.893,0.000,1.500,0.030
33.89,-11.863,-0.001,-1.498,-11.893,0.000,1.500,0.030
33.91,-11.863,-0.001,-1.498,-11.893,0.000,1.500,0.030
33.93,-11.863,-0.001,-1.498,-11.893,0.000,1.500,0.030
33.95,-11.864,-0.001,-1.498,-11.893,0.000,1.500,0.029
33.97,-11.864,-0.001,-1.498,-11.893,0.000,1.500,0.029
33.99,-11.865,-0.000,-1.498,-11.893,0.000,1.500,0.028
34.01,-11.865,-0.000,-1.498,-11.893,0.000,1.500,0.028
34.03,-11.866,-0.000,-1.498,-11.893,0.000,1.500,0.027
34.06,-11.866,-0.000,-1.498,-11.893,0.000,1.500,0.027
34.08,-11.867,-0.000,-1.498,-11.893,0.000,1.500,0.026
34.10,-11.867,-0.000,-1.498,-11.893,0.000,1.500,0.026
34.12,-11.869,-0.000,-1.499,-11.893,0.000,1.500,0.024
34.14,-11.869,-0.000,-1.499,-11.893,0.000,1.500,0.024
34.16,-11.870,-0.000,-1.499,-11.893,0.000,1.500,0.023
34.18,-11.870,-0.000,-1.499,-11.893,0.000,1.500,0.023
34.20,-11.872,0.000,-1.499,-11.893,0.000,1.500,0.021
34.22,-11.872,0.000,-1.499,-11.893,0.000,1.500,0.021
34.24,-11.873,0.000,-1.500,-11.893,0.000,1.500,0.020
34.26,-11.873,0.000,-1.500,-11.893,0.000,1.500,0.020
34.28,-11.875,0.000,-1.500,-11.893,0.000,1.500,0.018
34.31,-11.875,0.000,-1.500,-11.893,0.000,1.500,0.018
34.33,-11.875,0.000,-1.500,-11.893,0.000,1.500,0.018
34.35,-11.877,0.001,-1.501,-11.893,0.000,1.500,0.016
34.37,-11.877,0.001,-1.501,-11.893,0.000,1.500,0.016
34.39,-11.879,0.001,-1.501,-11.893,0.000,1.500,0.014
34.41,-11.879,0.001,-1.501,-11.893,0.000,1.500,0.014
34.43,-11.880,0.002,-1.502,-11.893,0.000,1.500,0.013
34.45,-11.880,0.002,-1.502,-11.893,0.000,1.500,0.013
34.47,-11.881,0.002,-1.502,-11.893,0.000,1.500,0.012
34.49,-11.881,0.002,-1.502,-11.893,0.000,1.500,0.012
34.51,-11.883,0.002,-1.502,-11.893,0.000,1.500,0.011
34.53,-11.883,0.002,-1.502,-11.893,0.000,1.500,0.011
34.56,-11.884,0.002,-1.503,-11.893,0.000,1.500,0.009
34.58,-11.884,0.002,-1.503,-11.893,0.000,1.500,0.009
34.60,-11.885,0.002,-1.503,-11.893,0.000,1.500,0.008
34.62,-11.885,0.002,-1.503,-11.893,0.000,1.500,0.008
34.64,-11.887,0.001,-1.504,-11.893,0.000,1.500,0.008
34.66,-11.887,0.001,-1.504,-11.893,0.000,1.500,0.008
34.68,-11.888,0.001,-1.504,-11.893,0.000,1.500,0.007
34.70,-11.888,0.001,-1.504,-11.893,0.000,1.500,0.007
34.72,-11.889,-0.000,-1.504,-11.893,0.000,1.500,0.006
34.74,-11.889,-0.000,-1.504,-11.893,0.000,1.500,0.006
34.76,-11.890,-0.001,-1.505,-11.893,0.000,1.500,0.006
34.78,-11.890,-0.001,-1.505,-11.893,0.000,1.500,0.006
34.80,-11.891,-0.002,-1.505,-11.893,0.000,1.500,0.006
34.83,-11.891,-0.002,-1.505,-11.893,0.000,1.500,0.006
34.85,-11.891,-0.002,-1.505,-11.893,0.000,1.500,0.006
34.87,-11.892,-0.004,-1.505,-11.893,0.000,1.500,0.007
34.89,-11.892,-0.004,-1.505,-11.893,0.000,1.500,0.007
34.91,-11.893,-0.005,-1.505,-11.893,0.000,1.500,0.008
34.93,-11.893,-0.005,-1.505,-11.893,0.000,1.500,0.008
34.95,-11.893,-0.006,-1.505,-11.893,0.000,1.500,0.009
34.97,-11.893,-0.006,-1.505,-11.893,0.000,1.500,0.009
34.99,-11.894,-0.008,-1.505,-11.893,0.000,1.500,0.009
35.01,-11.894,-0.008,-1.505,-11.893,0.000,1.500,0.009
35.03,-11.895,-0.009,-1.505,-11.893,0.000,1.500,0.010
35.05,-11.895,-0.009,-1.505,-11.893,0.000,1.500,0.010
35.08,-11.895,-0.010,-1.505,-11.893,0.000,1.500,0.011
35.10,-11.895,-0.010,-1.505,-11.893,0.000,1.500,0.011
35.12,-11.896,-0.011,-1.505,-11.893,0.000,1.500,0.012
35.14,-11.896,-0.011,-1.505,-11.893,0.000,1.500,0.012
35.16,-11.897,-0.012,-1.505,-11.893,0.000,1.500,0.013
35.18,-11.897,-0.012,-1.505,-11.893,0.000,1.500,0.013
35.20,-11.897,-0.012,-1.505,-11.893,0.000,1.500,0.014
35.22,-11.897,-0.012,-1.505,-11.893,0.000,1.500,0.014
35.24,-11.898,-0.013,-1.505,-11.893,0.000,1.500,0.015
35.26,-11.898,-0.013,-1.505,-11.893,0.000,1.500,0.015
35.28,-11.898,-0.013,-1.506,-11.893,0.000,1.500,0.015
35.30,-11.898,-0.013,-1.506,-11.893,0.000,1.500,0.015
35.33,-11.898,-0.013,-1.506,-11.893,0.000,1.500,0.015
35.35,-11.899,-0.013,-1.506,-11.893,0.000,1.500,0.016
35.37,-11.899,-0.013,-1.506,-11.893,0.000,1.500,0.016
35.39,-11.900,-0.013,-1.506,-11.893,0.000,1.500,0.016
35.41,-11.900,-0.013,-1.506,-11.893,0.000,1.500,0.016
35.43,-11.900,-0.013,-1.506,-11.893,0.000,1.500,0.017
35.45,-11.900,-0.013,-1.506,-11.893,0.000,1.500,0.017
35.47,-11.901,-0.013,-1.507,-11.893,0.000,1.500,0.017
35.49,-11.901,-0.013,-1.507,-11.893,0.000,1.500,0.017
35.51,-11.902,-0.013,-1.507,-11.893,0.000,1.500,0.017
35.53,-11.902,-0.013,-1.507,-11.893,0.000,1.500,0.017
35.55,-11.902,-0.013,-1.507,-11.893,0.000,1.500,0.017
35.58,-11.902,-0.013,-1.507,-11.893,0.000,1.500,0.017
35.60,-11.903,-0.013,-1.507,-11.893,0.000,1.500,0.018
35.62,-11.903,-0.013,-1.507,-11.893,0.000,1.500,0.018
35.64,-11.903,-0.012,-1.508,-11.893,0.000,1.500,0.018
35.66,-11.903,-0.012,-1.508,-11.893,0.000,1.500,0.018
35.68,-11.904,-0.012,-1.508,-11.893,0.000,1.500,0.018
35.70,-11.904,-0.012,-1.508,-11.893,0.000,1.500,0.018
35.72,-11.904,-0.012,-1.508,-11.893,0.000,1.500,0.018
35.74,-11.904,-0.012,-1.508,-11.893,0.000,1.500,0.018
35.76,-11.904,-0.012,-1.509,-11.893,0.000,1.500,0.018
35.78,-11.904,-0.012,-1.509,-11.893,0.000,1.500,0.018
35.81,-11.904,-0.012,-1.509,-11.893,0.000,1.500,0.019
35.83,-11.904,-0.012,-1.509,-11.893,0.000,1.500,0.019
35.85,-11.904,-0.012,-1.509,-11.893,0.000,1.500,0.019
35.87,-11.905,-0.012,-1.510,-11.893,0.000,1.500,0.019
35.89,-11.905,-0.012,-1.510,-11.893,0.000,1.500,0.019
35.91,-11.905,-0.012,-1.510,-11.893,0.000,1.500,0.020
35.93,-11.905,-0.012,-1.510,-11.893,0.000,1.500,0.020
35.95,-11.905,-0.012,-1.510,-11.893,0.000,1.500,0.020
35.97,-11.905,-0.012,-1.510,-11.893,0.000,1.500,0.020
35.99,-11.904,-0.013,-1.510,-11.893,0.000,1.500,0.020
36.01,-11.904,-0.013,-1.510,-11.893,0.000,1.500,0.020
36.04,-11.904,-0.013,-1.510,-11.893,0.000,1.500,0.020
36.06,-11.904,-0.013,-1.510,-11.893,0.000,1.500,0.020
36.08,-11.904,-0.014,-1.509,-11.893,0.000,1.500,0.020
36.10,-11.904,-0.014,-1.509,-11.893,0.000,1.500,0.020
36.12,-11.903,-0.015,-1.509,-11.893,0.000,1.500,0.020
36.14,-11.903,-0.015,-1.509,-11.893,0.000,1.500,0.020
36.16,-11.903,-0.015,-1.509,-11.893,0.000,1.500,0.020
36.18,-11.903,-0.015,-1.509,-11.893,0.000,1.500,0.020
36.20,-11.902,-0.016,-1.508,-11.893,0.000,1.500,0.020
36.22,-11.902,-0.016,-1.508,-11.893,0.000,1.500,0.020
36.24,-11.901,-0.017,-1.507,-11.893,0.000,1.500,0.020
36.26,-11.901,-0.017,-1.507,-11.893,0.000,1.500,0.020
36.28,-11.900,-0.018,-1.507,-11.893,0.000,1.500,0.021
36.31,-11.900,-0.018,-1.507,-11.893,0.000,1.500,0.021
36.33,-11.899,-0.019,-1.506,-11.893,0.000,1.500,0.021
36.35,-11.899,-0.019,-1.506,-11.893,0.000,1.500,0.021
36.37,-11.899,-0.019,-1.506,-11.893,0.000,1.500,0.021
36.39,-11.898,-0.021,-1.505,-11.893,0.000,1.500,0.022
36.41,-11.898,-0.021,-1.505,-11.893,0.000,1.500,0.022
36.43,-11.897,-0.022,-1.504,-11.893,0.000,1.500,0.023
36.45,-11.897,-0.022,-1.504,-11.893,0.000,1.500,0.023
36.47,-11.896,-0.023,-1.504,-11.893,0.000,1.500,0.024
36.49,-11.896,-0.023,-1.504,-11.893,0.000,1.500,0.024
36.51,-11.895,-0.024,-1.503,-11.893,0.000,1.500,0.024
36.53,-11.895,-0.024,-1.503,-11.893,0.000,1.500,0.024
36.55,-11.894,-0.025,-1.503,-11.893,0.000,1.500,0.025
36.58,-11.894,-0.025,-1.503,-11.893,0.000,1.500,0.025
36.60,-11.893,-0.026,-1.502,-11.893,0.000,1.500,0.026
36.62,-11.893,-0.026,-1.502,-11.893,0.000,1.500,0.026
36.64,-11.892,-0.026,-1.502,-11.893,0.000,1.500,0.027
36.66,-11.892,-0.026,-1.502,-11.893,0.000,1.500,0.027
36.68,-11.891,-0.027,-1.502,-11.893,0.000,1.500,0.027
36.70,-11.891,-0.027,-1.502,-11.893,0.000,1.500,0.027
36.72,-11.891,-0.027,-1.501,-11.893,0.000,1.500,0.027
36.74,-11.891,-0.027,-1.501,-11.893,0.000,1.500,0.027
36.76,-11.890,-0.027,-1.501,-11.893,0.000,1.500,0.028
36.78,-11.890,-0.027,-1.501,-11.893,0.000,1.500,0.028
36.80,-11.889,-0.028,-1.501,-11.893,0.000,1.500,0.028
36.83,-11.889,-0.028,-1.501,-11.893,0.000,1.500,0.028
36.85,-11.889,-0.028,-1.501,-11.893,0.000,1.500,0.028
36.87,-11.889,-0.028,-1.500,-11.893,0.000,1.500,0.028
36.89,-11.889,-0.028,-1.500,-11.893,0.000,1.500,0.028
36.91,-11.888,-0.028,-1.500,-11.893,0.000,1.500,0.028
36.93,-11.888,-0.028,-1.500,-11.893,0.000,1.500,0.028
36.95,-11.888,-0.027,-1.500,-11.893,0.000,1.500,0.028
36.97,-11.888,-0.027,-1.500,-11.893,0.000,1.500,0.028
36.99,-11.889,-0.027,-1.500,-11.893,0.000,1.500,0.028
37.01,-11.889,-0.027,-1.500,-11.893,0.000,1.500,0.028
37.04,-11.889,-0.027,-1.499,-11.893,0.000,1.500,0.027
37.06,-11.889,-0.027,-1.499,-11.893,0.000,1.500,0.027
37.08,-11.889,-0.027,-1.499,-11.893,0.000,1.500,0.027
37.10,-11.889,-0.027,-1.499,-11.893,0.000,1.500,0.027
37.12,-11.890,-0.026,-1.499,-11.893,0.000,1.500,0.026
37.14,-11.890,-0.026,-1.499,-11.893,0.000,1.500,0.026
37.16,-11.890,-0.026,-1.499,-11.893,0.000,1.500,0.026
37.18,-11.890,-0.026,-1.499,-11.893,0.000,1.500,0.026
37.20,-11.891,-0.025,-1.498,-11.893,0.000,1.500,0.025
37.22,-11.891,-0.025,-1.498,-11.893,0.000,1.500,0.025
37.24,-11.892,-0.024,-1.498,-11.893,0.000,1.500,0.025
37.26,-11.892,-0.024,-1.498,-11.893,0.000,1.500,0.025
37.28,-11.893,-0.024,-1.497,-11.893,0.000,1.500,0.024
37.30,-11.893,-0.024,-1.497,-11.893,0.000,1.500,0.024
37.33,-11.895,-0.023,-1.497,-11.893,0.000,1.500,0.024
37.35,-11.895,-0.023,-1.497,-11.893,0.000,1.500,0.024
37.37,-11.895,-0.023,-1.497,-11.893,0.000,1.500,0.024
37.39,-11.896,-0.023,-1.496,-11.893,0.000,1.500,0.023
37.41,-11.896,-0.023,-1.496,-11.893,0.000,1.500,0.023
37.43,-11.898,-0.022,-1.495,-11.893,0.000,1.500,0.023
37.45,-11.898,-0.022,-1.495,-11.893,0.000,1.500,0.023
37.47,-11.899,-0.022,-1.495,-11.893,0.000,1.500,0.023
37.49,-11.899,-0.022,-1.495,-11.893,0.000,1.500,0.023
37.51,-11.900,-0.021,-1.495,-11.893,0.000,1.500,0.023
37.53,-11.900,-0.021,-1.495,-11.893,0.000,1.500,0.023
37.55,-11.901,-0.021,-1.495,-11.893,0.000,1.500,0.022
37.58,-11.901,-0.021,-1.495,-11.893,0.000,1.500,0.022
37.60,-11.902,-0.020,-1.496,-11.893,0.000,1.500,0.022
37.62,-11.902,-0.020,-1.496,-11.893,0.000,1.500,0.022
37.64,-11.902,-0.019,-1.496,-11.893,0.000,1.500,0.021
37.66,-11.902,-0.019,-1.496,-11.893,0.000,1.500,0.021
37.68,-11.902,-0.018,-1.496,-11.893,0.000,1.500,0.021
37.70,-11.902,-0.018,-1.496,-11.893,0.000,1.500,0.021
37.72,-11.902,-0.018,-1.497,-11.893,0.000,1.500,0.020
37.74,-11.902,-0.018,-1.497,-11.893,0.000,1.500,0.020
37.76,-11.902,-0.017,-1.498,-11.893,0.000,1.500,0.020
37.78,-11.902,-0.017,-1.498,-11.893,0.000,1.500,0.020
37.81,-11.902,-0.017,-1.498,-11.893,0.000,1.500,0.020
37.83,-11.902,-0.017,-1.498,-11.893,0.000,1.500,0.020
37.85,-11.902,-0.017,-1.498,-11.893,0.000,1.500,0.020
37.87,-11.902,-0.017,-1.499,-11.893,0.000,1.500,0.019
37.89,-11.902,-0.017,-1.499,-11.893,0.000,1.500,0.019
37.91,-11.901,-0.017,-1.500,-11.893,0.000,1.500,0.019
37.93,-11.901,-0.017,-1.500,-11.893,0.000,1.500,0.019
37.95,-11.901,-0.016,-1.500,-11.893,0.000,1.500,0.018
37.97,-11.901,-0.016,-1.500,-11.893,0.000,1.500,0.018
37.99,-11.900,-0.016,-1.500,-11.893,0.000,1.500,0.018
38.01,-11.900,-0.016,-1.500,-11.893,0.000,1.500,0.018
38.03,-11.899,-0.015,-1.500,-11.893,0.000,1.500,0.017
38.06,-11.899,-0.015,-1.500,-11.893,0.000,1.500,0.017
38.08,-11.899,-0.015,-1.500,-11.893,0.000,1.500,0.016
38.10,-11.899,-0.015,-1.500,-11.893,0.000,1.500,0.016
38.12,-11.898,-0.014,-1.500,-11.893,0.000,1.500,0.015
38.14,-11.898,-0.014,-1.500,-11.893,0.000,1.500,0.015
38.16,-11.897,-0.013,-1.500,-11.893,0.000,1.500,0.014
38.18,-11.897,-0.013,-1.500,-11.893,0.000,1.500,0.014
38.20,-11.897,-0.013,-1.500,-11.893,0.000,1.500,0.013
38.22,-11.897,-0.013,-1.500,-11.893,0.000,1.500,0.013
38.24,-11.896,-0.012,-1.500,-11.893,0.000,1.500,0.012
38.26,-11.896,-0.012,-1.500,-11.893,0.000,1.500,0.012
38.29,-11.895,-0.011,-1.499,-11.893,0.000,1.500,0.012
38.31,-11.895,-0.011,-1.499,-11.893,0.000,1.500,0.012
38.33,-11.895,-0.011,-1.499,-11.893,0.000,1.500,0.011
38.35,-11.895,-0.011,-1.499,-11.893,0.000,1.500,0.011
38.37,-11.895,-0.011,-1.499,-11.893,0.000,1.500,0.011
38.39,-11.895,-0.010,-1.498,-11.893,0.000,1.500,0.010
38.41,-11.895,-0.010,-1.498,-11.893,0.000,1.500,0.010
38.43,-11.895,-0.009,-1.498,-11.893,0.000,1.500,0.009
38.45,-11.895,-0.009,-1.498,-11.893,0.000,1.500,0.009
38.47,-11.895,-0.008,-1.497,-11.893,0.000,1.500,0.009
38.49,-11.895,-0.008,-1.497,-11.893,0.000,1.500,0.009
38.52,-11.896,-0.007,-1.496,-11.893,0.000,1.500,0.009
38.54,-11.896,-0.007,-1.496,-11.893,0.000,1.500,0.009
38.56,-11.896,-0.006,-1.495,-11.893,0.000,1.500,0.008
38.58,-11.896,-0.006,-1.495,-11.893,0.000,1.500,0.008
38.60,-11.897,-0.005,-1.494,-11.893,0.000,1.500,0.009
38.62,-11.897,-0.005,-1.494,-11.893,0.000,1.500,0.009
38.64,-11.897,-0.004,-1.493,-11.893,0.000,1.500,0.009
38.66,-11.897,-0.004,-1.493,-11.893,0.000,1.500,0.009
38.68,-11.897,-0.004,-1.492,-11.893,0.000,1.500,0.010
38.70,-11.897,-0.004,-1.492,-11.893,0.000,1.500,0.010
38.72,-11.898,-0.003,-1.491,-11.893,0.000,1.500,0.010
38.75,-11.898,-0.003,-1.491,-11.893,0.000,1.500,0.010
38.77,-11.898,-0.002,-1.490,-11.893,0.000,1.500,0.011
38.79,-11.898,-0.002,-1.490,-11.893,0.000,1.500,0.011
38.81,-11.898,-0.001,-1.489,-11.893,0.000,1.500,0.012
38.83,-11.898,-0.001,-1.489,-11.893,0.000,1.500,0.012
38.85,-11.898,-0.001,-1.489,-11.893,0.000,1.500,0.012
38.87,-11.897,-0.001,-1.488,-11.893,0.000,1.500,0.012
38.89,-11.897,-0.001,-1.488,-11.893,0.000,1.500,0.012
38.91,-11.897,-0.001,-1.488,-11.893,0.000,1.500,0.013
38.93,-11.897,-0.001,-1.488,-11.893,0.000,1.500,0.013
38.95,-11.897,-0.001,-1.487,-11.893,0.000,1.500,0.013
38.98,-11.897,-0.001,-1.487,-11.893,0.000,1.500,0.013
39.00,-11.896,-0.001,-1.486,-11.893,0.000,1.500,0.014
39.02,-11.896,-0.001,-1.486,-11.893,0.000,1.500,0.014
39.04,-11.895,-0.001,-1.485,-11.893,0.000,1.500,0.015
39.06,-11.895,-0.001,-1.485,-11.893,0.000,1.500,0.015
39.08,-11.894,-0.001,-1.485,-11.893,0.000,1.500,0.015
39.10,-11.894,-0.001,-1.485,-11.893,0.000,1.500,0.015
39.12,-11.893,-0.001,-1.485,-11.893,0.000,1.500,0.015
39.14,-11.893,-0.001,-1.485,-11.893,0.000,1.500,0.015
39.16,-11.892,-0.001,-1.484,-11.893,0.000,1.500,0.016
39.18,-11.892,-0.001,-1.484,-11.893,0.000,1.500,0.016
39.21,-11.891,-0.001,-1.484,-11.893,0.000,1.500,0.016
39.23,-11.891,-0.001,-1.484,-11.893,0.000,1.500,0.016
39.25,-11.890,-0.001,-1.484,-11.893,0.000,1.500,0.016
39.27,-11.890,-0.001,-1.484,-11.893,0.000,1.500,0.016
39.29,-11.889,-0.001,-1.484,-11.893,0.000,1.500,0.017
39.31,-11.889,-0.001,-1.484,-11.893,0.000,1.500,0.017
39.33,-11.888,-0.001,-1.483,-11.893,0.000,1.500,0.017
39.35,-11.888,-0.001,-1.483,-11.893,0.000,1.500,0.017
39.37,-11.888,-0.001,-1.483,-11.893,0.000,1.500,0.017
39.39,-11.886,-0.001,-1.483,-11.893,0.000,1.500,0.018
39.41,-11.886,-0.001,-1.483,-11.893,0.000,1.500,0.018
39.43,-11.884,-0.000,-1.483,-11.893,0.000,1.500,0.019
39.46,-11.884,-0.000,-1.483,-11.893,0.000,1.500,0.019
39.48,-11.883,-0.000,-1.483,-11.893,0.000,1.500,0.019
39.50,-11.883,-0.000,-1.483,-11.893,0.000,1.500,0.019
39.52,-11.882,0.000,-1.483,-11.893,0.000,1.500,0.020
39.54,-11.882,0.000,-1.483,-11.893,0.000,1.500,0.020
39.56,-11.881,0.000,-1.483,-11.893,0.000,1.500,0.021
39.58,-11.881,0.000,-1.483,-11.893,0.000,1.500,0.021
39.60,-11.880,0.000,-1.483,-11.893,0.000,1.500,0.021
39.62,-11.880,0.000,-1.483,-11.893,0.000,1.500,0.021
39.64,-11.879,0.000,-1.483,-11.893,0.000,1.500,0.021
39.66,-11.879,0.000,-1.483,-11.893,0.000,1.500,0.021
39.68,-11.878,0.001,-1.484,-11.893,0.000,1.500,0.022
39.71,-11.878,0.001,-1.484,-11.893,0.000,1.500,0.022
39.73,-11.878,0.001,-1.484,-11.893,0.000,1.500,0.022
39.75,-11.878,0.001,-1.484,-11.893,0.000,1.500,0.022
39.77,-11.877,0.001,-1.485,-11.893,0.000,1.500,0.022
39.79,-11.877,0.001,-1.485,-11.893,0.000,1.500,0.022
39.81,-11.876,0.001,-1.486,-11.893,0.000,1.500,0.022
39.83,-11.876,0.001,-1.486,-11.893,0.000,1.500,0.022
39.85,-11.876,0.001,-1.487,-11.893,0.000,1.500,0.022
39.87,-11.876,0.001,-1.487,-11.893,0.000,1.500,0.022
39.89,-11.876,0.001,-1.487,-11.893,0.000,1.500,0.022
39.91,-11.875,0.002,-1.488,-11.893,0.000,1.500,0.021
39.93,-11.875,0.002,-1.488,-11.893,0.000,1.500,0.021
39.96,-11.875,0.002,-1.489,-11.893,0.000,1.500,0.021
39.98,-11.875,0.002,-1.489,-11.893,0.000,1.500,0.021
40.00,-11.874,0.002,-1.491,-11.893,0.000,1.500,0.021
40.02,-11.874,0.002,-1.491,-11.893,0.000,1.500,0.021
40.04,-11.874,0.002,-1.492,-11.893,0.000,1.500,0.020
40.06,-11.874,0.002,-1.492,-11.893,0.000,1.500,0.020
40.08,-11.874,0.002,-1.493,-11.893,0.000,1.500,0.020
40.10,-11.874,0.002,-1.493,-11.893,0.000,1.500,0.020
40.12,-11.874,0.002,-1.494,-11.893,0.000,1.500,0.020
40.14,-11.874,0.002,-1.494,-11.893,0.000,1.500,0.020
40.16,-11.874,0.002,-1.496,-11.893,0.000,1.500,0.020
40.18,-11.874,0.002,-1.496,-11.893,0.000,1.500,0.020
40.20,-11.874,0.002,-1.497,-11.893,0.000,1.500,0.020
40.23,-11.874,0.002,-1.497,-11.893,0.000,1.500,0.020
40.25,-11.873,0.002,-1.498,-11.893,0.000,1.500,0.020
40.27,-11.873,0.002,-1.498,-11.893,0.000,1.500,0.020
40.29,-11.873,0.001,-1.499,-11.893,0.000,1.500,0.020
40.31,-11.873,0.001,-1.499,-11.893,0.000,1.500,0.020
40.33,-11.873,0.001,-1.499,-11.893,0.000,1.500,0.020
40.35,-11.873,0.001,-1.499,-11.893,0.000,1.500,0.020
40.37,-11.873,0.001,-1.499,-11.893,0.000,1.500,0.020
40.39,-11.873,0.001,-1.501,-11.893,0.000,1.500,0.020
40.41,-11.873,0.001,-1.501,-11.893,0.000,1.500,0.020
40.43,-11.873,0.000,-1.501,-11.893,0.000,1.500,0.020
40.45,-11.873,0.000,-1.501,-11.893,0.000,1.500,0.020
40.48,-11.873,0.000,-1.502,-11.893,0.000,1.500,0.020
40.50,-11.873,0.000,-1.502,-11.893,0.000,1.500,0.020
40.52,-11.873,0.000,-1.502,-11.893,0.000,1.500,0.020
40.54,-11.873,0.000,-1.502,-11.893,0.000,1.500,0.020
40.56,-11.873,0.000,-1.503,-11.893,0.000,1.500,0.020
40.58,-11.873,0.000,-1.503,-11.893,0.000,1.500,0.020
40.60,-11.873,0.000,-1.503,-11.893,0.000,1.500,0.020
40.62,-11.873,0.000,-1.503,-11.893,0.000,1.500,0.020
40.64,-11.873,0.001,-1.503,-11.893,0.000,1.500,0.020
40.66,-11.873,0.001,-1.503,-11.893,0.000,1.500,0.020
40.68,-11.873,0.001,-1.503,-11.893,0.000,1.500,0.021
40.70,-11.873,0.001,-1.503,-11.893,0.000,1.500,0.021
40.73,-11.873,0.001,-1.503,-11.893,0.000,1.500,0.021
40.75,-11.873,0.001,-1.503,-11.893,0.000,1.500,0.021
40.77,-11.873,0.002,-1.503,-11.893,0.000,1.500,0.021
40.79,-11.873,0.002,-1.503,-11.893,0.000,1.500,0.021
40.81,-11.873,0.002,-1.503,-11.893,0.000,1.500,0.020
40.83,-11.873,0.002,-1.503,-11.893,0.000,1.500,0.020
40.85,-11.873,0.003,-1.503,-11.893,0.000,1.500,0.020
40.87,-11.873,0.003,-1.503,-11.893,0.000,1.500,0.020
40.89,-11.873,0.003,-1.503,-11.893,0.000,1.500,0.020
40.91,-11.874,0.004,-1.503,-11.893,0.000,1.500,0.020
40.94,-11.874,0.004,-1.503,-11.893,0.000,1.500,0.020
40.96,-11.874,0.005,-1.503,-11.893,0.000,1.500,0.020
40.98,-11.874,0.005,-1.503,-11.893,0.000,1.500,0.020
41.00,-11.874,0.006,-1.502,-11.893,0.000,1.500,0.020
41.02,-11.874,0.006,-1.502,-11.893,0.000,1.500,0.020
41.04,-11.874,0.006,-1.502,-11.893,0.000,1.500,0.020
41.06,-11.874,0.006,-1.502,-11.893,0.000,1.500,0.020
41.08,-11.874,0.007,-1.503,-11.893,0.000,1.500,0.020
41.10,-11.874,0.007,-1.503,-11.893,0.000,1.500,0.020
41.12,-11.875,0.007,-1.503,-11.893,0.000,1.500,0.020
41.14,-11.875,0.007,-1.503,-11.893,0.000,1.500,0.020
41.16,-11.875,0.008,-1.503,-11.893,0.000,1.500,0.020
41.18,-11.875,0.008,-1.503,-11.893,0.000,1.500,0.020
41.21,-11.876,0.008,-1.503,-11.893,0.000,1.500,0.019
41.23,-11.876,0.008,-1.503,-11.893,0.000,1.500,0.019
41.25,-11.876,0.008,-1.503,-11.893,0.000,1.500,0.019
41.27,-11.876,0.008,-1.503,-11.893,0.000,1.500,0.019
41.29,-11.877,0.008,-1.503,-11.893,0.000,1.500,0.018
41.31,-11.877,0.008,-1.503,-11.893,0.000,1.500,0.018
41.33,-11.877,0.008,-1.503,-11.893,0.000,1.500,0.018
41.35,-11.877,0.008,-1.503,-11.893,0.000,1.500,0.018
41.37,-11.877,0.008,-1.503,-11.893,0.000,1.500,0.018
41.40,-11.878,0.007,-1.503,-11.893,0.000,1.500,0.017
41.42,-11.878,0.007,-1.503,-11.893,0.000,1.500,0.017
41.44,-11.879,0.007,-1.503,-11.893,0.000,1.500,0.016
41.46,-11.879,0.007,-1.503,-11.893,0.000,1.500,0.016
41.48,-11.879,0.006,-1.503,-11.893,0.000,1.500,0.015
41.50,-11.879,0.006,-1.503,-11.893,0.000,1.500,0.015
41.52,-11.880,0.005,-1.502,-11.893,0.000,1.500,0.014
41.54,-11.880,0.005,-1.502,-11.893,0.000,1.500,0.014
41.56,-11.880,0.004,-1.502,-11.893,0.000,1.500,0.014
41.58,-11.880,0.004,-1.502,-11.893,0.000,1.500,0.014
41.60,-11.880,0.004,-1.502,-11.893,0.000,1.500,0.014
41.62,-11.880,0.004,-1.502,-11.893,0.000,1.500,0.014
41.65,-11.880,0.003,-1.501,-11.893,0.000,1.500,0.013
41.67,-11.880,0.003,-1.501,-11.893,0.000,1.500,0.013
41.69,-11.880,0.002,-1.501,-11.893,0.000,1.500,0.013
41.71,-11.880,0.002,-1.501,-11.893,0.000,1.500,0.013
41.73,-11.880,0.001,-1.501,-11.893,0.000,1.500,0.013
41.75,-11.880,0.001,-1.501,-11.893,0.000,1.500,0.013
41.77,-11.879,0.001,-1.500,-11.893,0.000,1.500,0.014
41.79,-11.879,0.001,-1.500,-11.893,0.000,1.500,0.014
41.81,-11.879,0.001,-1.500,-11.893,0.000,1.500,0.014
41.83,-11.879,0.001,-1.500,-11.893,0.000,1.500,0.014
41.85,-11.879,0.001,-1.499,-11.893,0.000,1.500,0.014
41.87,-11.879,0.001,-1.499,-11.893,0.000,1.500,0.014
41.90,-11.879,0.001,-1.499,-11.893,0.000,1.500,0.014
41.92,-11.879,0.001,-1.498,-11.893,0.000,1.500,0.014
41.94,-11.879,0.001,-1.498,-11.893,0.000,1.500,0.014
41.96,-11.880,0.001,-1.497,-11.893,0.000,1.500,0.014
41.98,-11.880,0.001,-1.497,-11.893,0.000,1.500,0.014
42.00,-11.880,0.002,-1.496,-11.893,0.000,1.500,0.014
42.02,-11.880,0.002,-1.496,-11.893,0.000,1.500,0.014
42.04,-11.881,0.002,-1.495,-11.893,0.000,1.500,0.013
42.06,-11.881,0.002,-1.495,-11.893,0.000,1.500,0.013
42.08,-11.881,0.003,-1.494,-11.893,0.000,1.500,0.013
42.10,-11.881,0.003,-1.494,-11.893,0.000,1.500,0.013
42.13,-11.883,0.004,-1.493,-11.893,0.000,1.500,0.013
42.15,-11.883,0.004,-1.493,-11.893,0.000,1.500,0.013
42.17,-11.884,0.005,-1.493,-11.893,0.000,1.500,0.013
42.19,-11.884,0.005,-1.493,-11.893,0.000,1.500,0.013
42.21,-11.885,0.006,-1.492,-11.893,0.000,1.500,0.013
42.23,-11.885,0.006,-1.492,-11.893,0.000,1.500,0.013
42.25,-11.886,0.008,-1.492,-11.893,0.000,1.500,0.013
42.27,-11.886,0.008,-1.492,-11.893,0.000,1.500,0.013
42.29,-11.887,0.009,-1.492,-11.893,0.000,1.500,0.014
42.31,-11.887,0.009,-1.492,-11.893,0.000,1.500,0.014
42.33,-11.888,0.011,-1.491,-11.893,0.000,1.500,0.015
42.35,-11.888,0.011,-1.491,-11.893,0.000,1.500,0.015
42.37,-11.889,0.013,-1.491,-11.893,0.000,1.500,0.016
42.40,-11.889,0.013,-1.491,-11.893,0.000,1.500,0.016
42.42,-11.889,0.013,-1.491,-11.893,0.000,1.500,0.016
42.44,-11.892,0.016,-1.492,-11.893,0.000,1.500,0.018
42.46,-11.892,0.016,-1.492,-11.893,0.000,1.500,0.018
42.48,-11.893,0.018,-1.492,-11.893,0.000,1.500,0.020
42.50,-11.893,0.018,-1.492,-11.893,0.000,1.500,0.020
42.52,-11.894,0.019,-1.492,-11.893,0.000,1.500,0.021
42.54,-11.894,0.019,-1.492,-11.893,0.000,1.500,0.021
42.56,-11.895,0.021,-1.493,-11.893,0.000,1.500,0.022
42.58,-11.895,0.021,-1.493,-11.893,0.000,1.500,0.022
42.60,-11.896,0.022,-1.493,-11.893,0.000,1.500,0.023
42.62,-11.896,0.022,-1.493,-11.893,0.000,1.500,0.023
42.65,-11.897,0.023,-1.494,-11.893,0.000,1.500,0.024
42.67,-11.897,0.023,-1.494,-11.893,0.000,1.500,0.024
42.69,-11.898,0.024,-1.495,-11.893,0.000,1.500,0.025
42.71,-11.898,0.024,-1.495,-11.893,0.000,1.500,0.025
42.73,-11.899,0.024,-1.495,-11.893,0.000,1.500,0.025
42.75,-11.899,0.024,-1.495,-11.893,0.000,1.500,0.025
42.77,-11.900,0.024,-1.496,-11.893,0.000,1.500,0.026
42.79,-11.900,0.024,-1.496,-11.893,0.000,1.500,0.026
42.81,-11.900,0.025,-1.496,-11.893,0.000,1.500,0.026
42.83,-11.900,0.025,-1.496,-11.893,0.000,1.500,0.026
42.85,-11.901,0.025,-1.497,-11.893,0.000,1.500,0.026
42.87,-11.901,0.025,-1.497,-11.893,0.000,1.500,0.026
42.90,-11.901,0.025,-1.497,-11.893,0.000,1.500,0.026
42.92,-11.902,0.025,-1.498,-11.893,0.000,1.500,0.026
42.94,-11.902,0.025,-1.498,-11.893,0.000,1.500,0.026
42.96,-11.903,0.025,-1.499,-11.893,0.000,1.500,0.026
42.98,-11.903,0.025,-1.499,-11.893,0.000,1.500,0.026
43.00,-11.903,0.024,-1.500,-11.893,0.000,1.500,0.027
43.02,-11.903,0.024,-1.500,-11.893,0.000,1.500,0.027
43.04,-11.904,0.024,-1.501,-11.893,0.000,1.500,0.027
43.06,-11.904,0.024,-1.501,-11.893,0.000,1.500,0.027
43.08,-11.904,0.024,-1.502,-11.893,0.000,1.500,0.027
43.10,-11.904,0.024,-1.502,-11.893,0.000,1.500,0.027
43.12,-11.905,0.024,-1.503,-11.893,0.000,1.500,0.027
43.15,-11.905,0.024,-1.503,-11.893,0.000,1.500,0.027
43.17,-11.906,0.024,-1.504,-11.893,0.000,1.500,0.027
43.19,-11.906,0.024,-1.504,-11.893,0.000,1.500,0.027
43.21,-11.907,0.024,-1.505,-11.893,0.000,1.500,0.028
43.23,-11.907,0.024,-1.505,-11.893,0.000,1.500,0.028
43.25,-11.907,0.023,-1.506,-11.893,0.000,1.500,0.028
43.27,-11.907,0.023,-1.506,-11.893,0.000,1.500,0.028
43.29,-11.908,0.023,-1.507,-11.893,0.000,1.500,0.028
43.31,-11.908,0.023,-1.507,-11.893,0.000,1.500,0.028
43.33,-11.908,0.022,-1.508,-11.893,0.000,1.500,0.028
43.35,-11.908,0.022,-1.508,-11.893,0.000,1.500,0.028
43.38,-11.909,0.021,-1.509,-11.893,0.000,1.500,0.028
43.40,-11.909,0.021,-1.509,-11.893,0.000,1.500,0.028
43.42,-11.909,0.021,-1.509,-11.893,0.000,1.500,0.028
43.44,-11.909,0.020,-1.510,-11.893,0.000,1.500,0.028
43.46,-11.909,0.020,-1.510,-11.893,0.000,1.500,0.028
43.48,-11.910,0.019,-1.511,-11.893,0.000,1.500,0.027
43.50,-11.910,0.019,-1.511,-11.893,0.000,1.500,0.027
43.52,-11.910,0.018,-1.512,-11.893,0.000,1.500,0.027
43.54,-11.910,0.018,-1.512,-11.893,0.000,1.500,0.027
43.56,-11.910,0.016,-1.512,-11.893,0.000,1.500,0.026
43.58,-11.910,0.016,-1.512,-11.893,0.000,1.500,0.026
43.61,-11.909,0.015,-1.512,-11.893,0.000,1.500,0.025
43.63,-11.909,0.015,-1.512,-11.893,0.000,1.500,0.025
43.65,-11.909,0.014,-1.512,-11.893,0.000,1.500,0.024
43.67,-11.909,0.014,-1.512,-11.893,0.000,1.500,0.024
43.69,-11.909,0.012,-1.511,-11.893,0.000,1.500,0.023
43.71,-11.909,0.012,-1.511,-11.893,0.000,1.500,0.023
43.73,-11.908,0.011,-1.511,-11.893,0.000,1.500,0.022
43.75,-11.908,0.011,-1.511,-11.893,0.000,1.500,0.022
43.77,-11.907,0.010,-1.510,-11.893,0.000,1.500,0.020
43.79,-11.907,0.010,-1.510,-11.893,0.000,1.500,0.020
43.81,-11.907,0.009,-1.510,-11.893,0.000,1.500,0.019
43.83,-11.907,0.009,-1.510,-11.893,0.000,1.500,0.019
43.86,-11.906,0.007,-1.509,-11.893,0.000,1.500,0.018
43.88,-11.906,0.007,-1.509,-11.893,0.000,1.500,0.018
43.90,-11.906,0.007,-1.509,-11.893,0.000,1.500,0.018
43.92,-11.904,0.005,-1.508,-11.893,0.000,1.500,0.015
43.94,-11.904,0.005,-1.508,-11.893,0.000,1.500,0.015
43.96,-11.903,0.004,-1.507,-11.893,0.000,1.500,0.014
43.98,-11.903,0.004,-1.507,-11.893,0.000,1.500,0.014
44.00,-11.902,0.003,-1.506,-11.893,0.000,1.500,0.012
44.02,-11.902,0.003,-1.506,-11.893,0.000,1.500,0.012
44.04,-11.902,0.003,-1.506,-11.893,0.000,1.500,0.011
44.06,-11.902,0.003,-1.506,-11.893,0.000,1.500,0.011
44.08,-11.901,0.002,-1.505,-11.893,0.000,1.500,0.010
44.10,-11.901,0.002,-1.505,-11.893,0.000,1.500,0.010
44.13,-11.900,0.001,-1.504,-11.893,0.000,1.500,0.008
44.15,-11.900,0.001,-1.504,-11.893,0.000,1.500,0.008
44.17,-11.900,0.000,-1.503,-11.893,0.000,1.500,0.008
44.19,-11.900,0.000,-1.503,-11.893,0.000,1.500,0.008
44.21,-11.900,-0.000,-1.502,-11.893,0.000,1.500,0.007
44.23,-11.900,-0.000,-1.502,-11.893,0.000,1.500,0.007
44.25,-11.899,-0.001,-1.501,-11.893,0.000,1.500,0.007
44.27,-11.899,-0.001,-1.501,-11.893,0.000,1.500,0.007
44.29,-11.899,-0.002,-1.500,-11.893,0.000,1.500,0.007
44.31,-11.899,-0.002,-1.500,-11.893,0.000,1.500,0.007
44.33,-11.900,-0.003,-1.500,-11.893,0.000,1.500,0.007
44.35,-11.900,-0.003,-1.500,-11.893,0.000,1.500,0.007
44.38,-11.900,-0.004,-1.499,-11.893,0.000,1.500,0.008
44.40,-11.900,-0.004,-1.499,-11.893,0.000,1.500,0.008
44.42,-11.900,-0.004,-1.499,-11.893,0.000,1.500,0.008
44.44,-11.900,-0.006,-1.499,-11.893,0.000,1.500,0.010
44.46,-11.900,-0.006,-1.499,-11.893,0.000,1.500,0.010
44.48,-11.901,-0.007,-1.499,-11.893,0.000,1.500,0.011
44.50,-11.901,-0.007,-1.499,-11.893,0.000,1.500,0.011
44.52,-11.901,-0.009,-1.499,-11.893,0.000,1.500,0.012
44.54,-11.901,-0.009,-1.499,-11.893,0.000,1.500,0.012
44.56,-11.902,-0.010,-1.499,-11.893,0.000,1.500,0.014
44.59,-11.902,-0.010,-1.499,-11.893,0.000,1.500,0.014
44.61,-11.902,-0.012,-1.499,-11.893,0.000,1.500,0.015
44.63,-11.902,-0.012,-1.499,-11.893,0.000,1.500,0.015
44.65,-11.903,-0.013,-1.499,-11.893,0.000,1.500,0.017
44.67,-11.903,-0.013,-1.499,-11.893,0.000,1.500,0.017
44.69,-11.903,-0.015,-1.500,-11.893,0.000,1.500,0.018
44.71,-11.903,-0.015,-1.500,-11.893,0.000,1.500,0.018
44.73,-11.903,-0.016,-1.500,-11.893,0.000,1.500,0.019
44.75,-11.903,-0.016,-1.500,-11.893,0.000,1.500,0.019
44.77,-11.904,-0.018,-1.501,-11.893,0.000,1.500,0.021
44.80,-11.904,-0.018,-1.501,-11.893,0.000,1.500,0.021
44.82,-11.904,-0.019,-1.502,-11.893,0.000,1.500,0.022
44.84,-11.904,-0.019,-1.502,-11.893,0.000,1.500,0.022
44.86,-11.904,-0.021,-1.503,-11.893,0.000,1.500,0.024
44.88,-11.904,-0.021,-1.503,-11.893,0.000,1.500,0.024
44.90,-11.904,-0.021,-1.503,-11.893,0.000,1.500,0.024
44.92,-11.904,-0.023,-1.504,-11.893,0.000,1.500,0.026
44.94,-11.904,-0.023,-1.504,-11.893,0.000,1.500,0.026
44.96,-11.904,-0.024,-1.505,-11.893,0.000,1.500,0.027
44.98,-11.904,-0.024,-1.505,-11.893,0.000,1.500,0.027
45.00,-11.904,-0.025,-1.505,-11.893,0.000,1.500,0.028
45.02,-11.904,-0.025,-1.505,-11.893,0.000,1.500,0.028
45.05,-11.904,-0.027,-1.506,-11.893,0.000,1.500,0.030
45.07,-11.904,-0.027,-1.506,-11.893,0.000,1.500,0.030
45.09,-11.904,-0.028,-1.507,-11.893,0.000,1.500,0.031
45.11,-11.904,-0.028,-1.507,-11.893,0.000,1.500,0.031
45.13,-11.903,-0.029,-1.508,-11.893,0.000,1.500,0.032
45.15,-11.903,-0.029,-1.508,-11.893,0.000,1.500,0.032
45.17,-11.902,-0.030,-1.509,-11.893,0.000,1.500,0.033
45.19,-11.902,-0.030,-1.509,-11.893,0.000,1.500,0.033
45.21,-11.902,-0.031,-1.510,-11.893,0.000,1.500,0.034
45.23,-11.902,-0.031,-1.510,-11.893,0.000,1.500,0.034
45.26,-11.901,-0.032,-1.511,-11.893,0.000,1.500,0.035
45.28,-11.901,-0.032,-1.511,-11.893,0.000,1.500,0.035
45.30,-11.900,-0.033,-1.512,-11.893,0.000,1.500,0.036
45.32,-11.900,-0.033,-1.512,-11.893,0.000,1.500,0.036
45.34,-11.899,-0.034,-1.512,-11.893,0.000,1.500,0.037
45.36,-11.899,-0.034,-1.512,-11.893,0.000,1.500,0.037
45.38,-11.898,-0.034,-1.513,-11.893,0.000,1.500,0.037
45.40,-11.898,-0.034,-1.513,-11.893,0.000,1.500,0.037
45.42,-11.898,-0.034,-1.513,-11.893,0.000,1.500,0.037
45.44,-11.897,-0.035,-1.514,-11.893,0.000,1.500,0.038
45.46,-11.897,-0.035,-1.514,-11.893,0.000,1.500,0.038
45.49,-11.897,-0.035,-1.515,-11.893,0.000,1.500,0.039
45.51,-11.897,-0.035,-1.515,-11.893,0.000,1.500,0.039
45.53,-11.896,-0.035,-1.516,-11.893,0.000,1.500,0.039
45.55,-11.896,-0.035,-1.516,-11.893,0.000,1.500,0.039
45.57,-11.895,-0.035,-1.516,-11.893,0.000,1.500,0.039
45.59,-11.895,-0.035,-1.516,-11.893,0.000,1.500,0.039
45.61,-11.894,-0.035,-1.516,-11.893,0.000,1.500,0.039
45.63,-11.894,-0.035,-1.516,-11.893,0.000,1.500,0.039
45.65,-11.894,-0.035,-1.516,-11.893,0.000,1.500,0.038
45.67,-11.894,-0.035,-1.516,-11.893,0.000,1.500,0.038
45.69,-11.893,-0.034,-1.516,-11.893,0.000,1.500,0.038
45.71,-11.893,-0.034,-1.516,-11.893,0.000,1.500,0.038
45.74,-11.893,-0.034,-1.516,-11.893,0.000,1.500,0.038
45.76,-11.893,-0.034,-1.516,-11.893,0.000,1.500,0.038
45.78,-11.893,-0.033,-1.516,-11.893,0.000,1.500,0.037
45.80,-11.893,-0.033,-1.516,-11.893,0.000,1.500,0.037
45.82,-11.893,-0.032,-1.516,-11.893,0.000,1.500,0.036
45.84,-11.893,-0.032,-1.516,-11.893,0.000,1.500,0.036
45.86,-11.892,-0.031,-1.516,-11.893,0.000,1.500,0.035
45.88,-11.892,-0.031,-1.516,-11.893,0.000,1.500,0.035
45.90,-11.892,-0.030,-1.516,-11.893,0.000,1.500,0.034
45.92,-11.892,-0.030,-1.516,-11.893,0.000,1.500,0.034
45.94,-11.892,-0.030,-1.516,-11.893,0.000,1.500,0.034
45.97,-11.892,-0.028,-1.515,-11.893,0.000,1.500,0.032
45.99,-11.892,-0.028,-1.515,-11.893,0.000,1.500,0.032
46.01,-11.892,-0.026,-1.515,-11.893,0.000,1.500,0.030
46.03,-11.892,-0.026,-1.515,-11.893,0.000,1.500,0.030
46.05,-11.892,-0.025,-1.515,-11.893,0.000,1.500,0.029
46.07,-11.892,-0.025,-1.515,-11.893,0.000,1.500,0.029
46.09,-11.892,-0.024,-1.515,-11.893,0.000,1.500,0.028
46.11,-11.892,-0.024,-1.515,-11.893,0.000,1.500,0.028
46.13,-11.892,-0.023,-1.514,-11.893,0.000,1.500,0.027
46.15,-11.892,-0.023,-1.514,-11.893,0.000,1.500,0.027
46.17,-11.892,-0.022,-1.514,-11.893,0.000,1.500,0.026
46.19,-11.892,-0.022,-1.514,-11.893,0.000,1.500,0.026
46.22,-11.892,-0.021,-1.514,-11.893,0.000,1.500,0.025
46.24,-11.892,-0.021,-1.514,-11.893,0.000,1.500,0.025
46.26,-11.892,-0.020,-1.514,-11.893,0.000,1.500,0.024
46.28,-11.892,-0.020,-1.514,-11.893,0.000,1.500,0.024
46.30,-11.891,-0.019,-1.513,-11.893,0.000,1.500,0.023
46.32,-11.891,-0.019,-1.513,-11.893,0.000,1.500,0.023
46.34,-11.891,-0.018,-1.513,-11.893,0.000,1.500,0.023
46.36,-11.891,-0.018,-1.513,-11.893,0.000,1.500,0.023
46.38,-11.890,-0.018,-1.513,-11.893,0.000,1.500,0.022
46.40,-11.890,-0.018,-1.513,-11.893,0.000,1.500,0.022
46.42,-11.890,-0.018,-1.513,-11.893,0.000,1.500,0.022
46.44,-11.890,-0.017,-1.512,-11.893,0.000,1.500,0.021
46.47,-11.890,-0.017,-1.512,-11.893,0.000,1.500,0.021
46.49,-11.889,-0.017,-1.511,-11.893,0.000,1.500,0.021
46.51,-11.889,-0.017,-1.511,-11.893,0.000,1.500,0.021
46.53,-11.889,-0.017,-1.511,-11.893,0.000,1.500,0.020
46.55,-11.889,-0.017,-1.511,-11.893,0.000,1.500,0.020
46.57,-11.888,-0.016,-1.510,-11.893,0.000,1.500,0.020
46.59,-11.888,-0.016,-1.510,-11.893,0.000,1.500,0.020
46.61,-11.888,-0.016,-1.509,-11.893,0.000,1.500,0.019
46.63,-11.888,-0.016,-1.509,-11.893,0.000,1.500,0.019
46.65,-11.888,-0.016,-1.508,-11.893,0.000,1.500,0.019
46.67,-11.888,-0.016,-1.508,-11.893,0.000,1.500,0.019
46.69,-11.888,-0.016,-1.508,-11.893,0.000,1.500,0.018
46.72,-11.888,-0.016,-1.508,-11.893,0.000,1.500,0.018
46.74,-11.888,-0.016,-1.507,-11.893,0.000,1.500,0.018
46.76,-11.888,-0.016,-1.507,-11.893,0.000,1.500,0.018
46.78,-11.888,-0.016,-1.506,-11.893,0.000,1.500,0.018
46.80,-11.888,-0.016,-1.506,-11.893,0.000,1.500,0.018
46.82,-11.889,-0.016,-1.505,-11.893,0.000,1.500,0.017
46.84,-11.889,-0.016,-1.505,-11.893,0.000,1.500,0.017
46.86,-11.889,-0.016,-1.504,-11.893,0.000,1.500,0.017
46.88,-11.889,-0.016,-1.504,-11.893,0.000,1.500,0.017
46.90,-11.890,-0.016,-1.503,-11.893,0.000,1.500,0.017
46.92,-11.890,-0.016,-1.503,-11.893,0.000,1.500,0.017
46.95,-11.890,-0.016,-1.503,-11.893,0.000,1.500,0.017
46.97,-11.891,-0.016,-1.501,-11.893,0.000,1.500,0.016
46.99,-11.891,-0.016,-1.501,-11.893,0.000,1.500,0.016
47.01,-11.892,-0.016,-1.500,-11.893,0.000,1.500,0.016
47.03,-11.892,-0.016,-1.500,-11.893,0.000,1.500,0.016
47.05,-11.893,-0.016,-1.499,-11.893,0.000,1.500,0.016
47.07,-11.893,-0.016,-1.499,-11.893,0.000,1.500,0.016
47.09,-11.894,-0.016,-1.498,-11.893,0.000,1.500,0.016
47.11,-11.894,-0.016,-1.498,-11.893,0.000,1.500,0.016
47.13,-11.895,-0.016,-1.497,-11.893,0.000,1.500,0.016
47.15,-11.895,-0.016,-1.497,-11.893,0.000,1.500,0.016
47.18,-11.896,-0.015,-1.496,-11.893,0.000,1.500,0.016
47.20,-11.896,-0.015,-1.496,-11.893,0.000,1.500,0.016
47.22,-11.897,-0.015,-1.495,-11.893,0.000,1.500,0.016
47.24,-11.897,-0.015,-1.495,-11.893,0.000,1.500,0.016
47.26,-11.898,-0.015,-1.494,-11.893,0.000,1.500,0.016
47.28,-11.898,-0.015,-1.494,-11.893,0.000,1.500,0.016
47.30,-11.898,-0.014,-1.494,-11.893,0.000,1.500,0.016
47.32,-11.898,-0.014,-1.494,-11.893,0.000,1.500,0.016
47.34,-11.899,-0.014,-1.493,-11.893,0.000,1.500,0.016
47.36,-11.899,-0.014,-1.493,-11.893,0.000,1.500,0.016
47.38,-11.899,-0.013,-1.493,-11.893,0.000,1.500,0.016
47.41,-11.899,-0.013,-1.493,-11.893,0.000,1.500,0.016
47.43,-11.899,-0.013,-1.493,-11.893,0.000,1.500,0.016
47.45,-11.899,-0.012,-1.492,-11.893,0.000,1.500,0.016
47.47,-11.899,-0.012,-1.492,-11.893,0.000,1.500,0.016
47.49,-11.899,-0.011,-1.492,-11.893,0.000,1.500,0.015
47.51,-11.899,-0.011,-1.492,-11.893,0.000,1.500,0.015
47.53,-11.899,-0.010,-1.492,-11.893,0.000,1.500,0.015
47.55,-11.899,-0.010,-1.492,-11.893,0.000,1.500,0.015
47.57,-11.899,-0.009,-1.491,-11.893,0.000,1.500,0.014
47.59,-11.899,-0.009,-1.491,-11.893,0.000,1.500,0.014
47.61,-11.899,-0.009,-1.491,-11.893,0.000,1.500,0.014
47.64,-11.899,-0.009,-1.491,-11.893,0.000,1.500,0.014
47.66,-11.899,-0.008,-1.491,-11.893,0.000,1.500,0.013
47.68,-11.899,-0.008,-1.491,-11.893,0.000,1.500,0.013
47.70,-11.899,-0.007,-1.491,-11.893,0.000,1.500,0.013
47.72,-11.899,-0.007,-1.491,-11.893,0.000,1.500,0.013
47.74,-11.898,-0.007,-1.491,-11.893,0.000,1.500,0.012
47.76,-11.898,-0.007,-1.491,-11.893,0.000,1.500,0.012
47.78,-11.898,-0.006,-1.492,-11.893,0.000,1.500,0.012
47.80,-11.898,-0.006,-1.492,-11.893,0.000,1.500,0.012
47.82,-11.897,-0.006,-1.492,-11.893,0.000,1.500,0.011
47.84,-11.897,-0.006,-1.492,-11.893,0.000,1.500,0.011
47.86,-11.897,-0.005,-1.492,-11.893,0.000,1.500,0.010
47.89,-11.897,-0.005,-1.492,-11.893,0.000,1.500,0.010
47.91,-11.896,-0.005,-1.493,-11.893,0.000,1.500,0.010
47.93,-11.896,-0.005,-1.493,-11.893,0.000,1.500,0.010
47.95,-11.896,-0.005,-1.493,-11.893,0.000,1.500,0.010
47.97,-11.895,-0.005,-1.493,-11.893,0.000,1.500,0.009
47.99,-11.895,-0.005,-1.493,-11.893,0.000,1.500,0.009
48.01,-11.895,-0.005,-1.493,-11.893,0.000,1.500,0.009
48.03,-11.895,-0.005,-1.493,-11.893,0.000,1.500,0.009
48.05,-11.895,-0.006,-1.493,-11.893,0.000,1.500,0.009
48.07,-11.895,-0.006,-1.493,-11.893,0.000,1.500,0.009
48.09,-11.894,-0.006,-1.494,-11.893,0.000,1.500,0.009
48.11,-11.894,-0.006,-1.494,-11.893,0.000,1.500,0.009
48.14,-11.894,-0.007,-1.494,-11.893,0.000,1.500,0.009
48.16,-11.894,-0.007,-1.494,-11.893,0.000,1.500,0.009
48.18,-11.893,-0.008,-1.494,-11.893,0.000,1.500,0.009
48.20,-11.893,-0.008,-1.494,-11.893,0.000,1.500,0.009
48.22,-11.893,-0.008,-1.495,-11.893,0.000,1.500,0.010
48.24,-11.893,-0.008,-1.495,-11.893,0.000,1.500,0.010
48.26,-11.892,-0.009,-1.495,-11.893,0.000,1.500,0.010
48.28,-11.892,-0.009,-1.495,-11.893,0.000,1.500,0.010
48.30,-11.891,-0.009,-1.495,-11.893,0.000,1.500,0.010
48.32,-11.891,-0.009,-1.495,-11.893,0.000,1.500,0.010
48.34,-11.890,-0.009,-1.496,-11.893,0.000,1.500,0.010
48.36,-11.890,-0.009,-1.496,-11.893,0.000,1.500,0.010
48.38,-11.890,-0.009,-1.496,-11.893,0.000,1.500,0.010
48.41,-11.890,-0.009,-1.496,-11.893,0.000,1.500,0.010
48.43,-11.890,-0.009,-1.496,-11.893,0.000,1.500,0.010
48.45,-11.888,-0.008,-1.497,-11.893,0.000,1.500,0.010
48.47,-11.888,-0.008,-1.497,-11.893,0.000,1.500,0.010
48.49,-11.887,-0.008,-1.498,-11.893,0.000,1.500,0.010
48.51,-11.887,-0.008,-1.498,-11.893,0.000,1.500,0.010
48.53,-11.886,-0.007,-1.498,-11.893,0.000,1.500,0.010
48.55,-11.886,-0.007,-1.498,-11.893,0.000,1.500,0.010
48.57,-11.886,-0.006,-1.499,-11.893,0.000,1.500,0.010
48.59,-11.886,-0.006,-1.499,-11.893,0.000,1.500,0.010
48.61,-11.885,-0.005,-1.500,-11.893,0.000,1.500,0.010
48.63,-11.885,-0.005,-1.500,-11.893,0.000,1.500,0.010
48.65,-11.884,-0.004,-1.501,-11.893,0.000,1.500,0.010
48.68,-11.884,-0.004,-1.501,-11.893,0.000,1.500,0.010
48.70,-11.883,-0.002,-1.501,-11.893,0.000,1.500,0.010
48.72,-11.883,-0.002,-1.501,-11.893,0.000,1.500,0.010
48.74,-11.882,-0.001,-1.502,-11.893,0.000,1.500,0.011
48.76,-11.882,-0.001,-1.502,-11.893,0.000,1.500,0.011
48.78,-11.881,0.001,-1.502,-11.893,0.000,1.500,0.012
48.80,-11.881,0.001,-1.502,-11.893,0.000,1.500,0.012
48.82,-11.880,0.003,-1.502,-11.893,0.000,1.500,0.013
48.84,-11.880,0.003,-1.502,-11.893,0.000,1.500,0.013
48.86,-11.879,0.004,-1.503,-11.893,0.000,1.500,0.015
48.88,-11.879,0.004,-1.503,-11.893,0.000,1.500,0.015
48.90,-11.878,0.006,-1.503,-11.893,0.000,1.500,0.017
48.93,-11.878,0.006,-1.503,-11.893,0.000,1.500,0.017
48.95,-11.878,0.006,-1.503,-11.893,0.000,1.500,0.017
48.97,-11.876,0.009,-1.503,-11.893,0.000,1.500,0.019
48.99,-11.876,0.009,-1.503,-11.893,0.000,1.500,0.019
49.01,-11.875,0.010,-1.503,-11.893,0.000,1.500,0.021
49.03,-11.875,0.010,-1.503,-11.893,0.000,1.500,0.021
49.05,-11.874,0.012,-1.503,-11.893,0.000,1.500,0.022
49.07,-11.874,0.012,-1.503,-11.893,0.000,1.500,0.022
49.09,-11.873,0.013,-1.503,-11.893,0.000,1.500,0.024
49.11,-11.873,0.013,-1.503,-11.893,0.000,1.500,0.024
49.14,-11.872,0.014,-1.502,-11.893,0.000,1.500,0.025
49.16,-11.872,0.014,-1.502,-11.893,0.000,1.500,0.025
49.18,-11.871,0.016,-1.502,-11.893,0.000,1.500,0.027
49.20,-11.871,0.016,-1.502,-11.893,0.000,1.500,0.027
49.22,-11.870,0.017,-1.501,-11.893,0.000,1.500,0.028
49.24,-11.870,0.017,-1.501,-11.893,0.000,1.500,0.028
49.26,-11.869,0.018,-1.501,-11.893,0.000,1.500,0.030
49.28,-11.869,0.018,-1.501,-11.893,0.000,1.500,0.030
49.30,-11.869,0.019,-1.500,-11.893,0.000,1.500,0.031
49.32,-11.869,0.019,-1.500,-11.893,0.000,1.500,0.031
49.34,-11.868,0.020,-1.500,-11.893,0.000,1.500,0.032
49.36,-11.868,0.020,-1.500,-11.893,0.000,1.500,0.032
49.39,-11.867,0.021,-1.499,-11.893,0.000,1.500,0.033
49.41,-11.867,0.021,-1.499,-11.893,0.000,1.500,0.033
49.43,-11.867,0.021,-1.499,-11.893,0.000,1.500,0.034
49.45,-11.867,0.021,-1.499,-11.893,0.000,1.500,0.034
49.47,-11.867,0.021,-1.499,-11.893,0.000,1.500,0.034
49.49,-11.867,0.022,-1.499,-11.893,0.000,1.500,0.034
49.51,-11.867,0.022,-1.499,-11.893,0.000,1.500,0.034
49.53,-11.867,0.022,-1.498,-11.893,0.000,1.500,0.035
49.55,-11.867,0.022,-1.498,-11.893,0.000,1.500,0.035
49.57,-11.867,0.023,-1.498,-11.893,0.000,1.500,0.035
49.59,-11.867,0.023,-1.498,-11.893,0.000,1.500,0.035
49.61,-11.867,0.023,-1.498,-11.893,0.000,1.500,0.035
49.64,-11.867,0.023,-1.498,-11.893,0.000,1.500,0.035
49.66,-11.867,0.024,-1.497,-11.893,0.000,1.500,0.035
49.68,-11.867,0.024,-1.497,-11.893,0.000,1.500,0.035
49.70,-11.868,0.025,-1.497,-11.893,0.000,1.500,0.036
49.72,-11.868,0.025,-1.497,-11.893,0.000,1.500,0.036
49.74,-11.868,0.026,-1.497,-11.893,0.000,1.500,0.036
49.76,-11.868,0.026,-1.497,-11.893,0.000,1.500,0.036
49.78,-11.868,0.027,-1.496,-11.893,0.000,1.500,0.037
49.80,-11.868,0.027,-1.496,-11.893,0.000,1.500,0.037
49.82,-11.868,0.028,-1.496,-11.893,0.000,1.500,0.038
49.84,-11.868,0.028,-1.496,-11.893,0.000,1.500,0.038
49.86,-11.868,0.029,-1.496,-11.893,0.000,1.500,0.039
49.89,-11.868,0.029,-1.496,-11.893,0.000,1.500,0.039
49.91,-11.867,0.030,-1.495,-11.893,0.000,1.500,0.040
49.93,-11.867,0.030,-1.495,-11.893,0.000,1.500,0.040
49.95,-11.867,0.030,-1.495,-11.893,0.000,1.500,0.040
49.97,-11.867,0.031,-1.495,-11.893,0.000,1.500,0.041
49.99,-11.867,0.031,-1.495,-11.893,0.000,1.500,0.041
50.01,-11.866,0.032,-1.495,-11.893,0.000,1.500,0.042
50.03,-11.866,0.032,-1.495,-11.893,0.000,1.500,0.042
50.05,-11.866,0.033,-1.495,-11.893,0.000,1.500,0.043
50.07,-11.866,0.033,-1.495,-11.893,0.000,1.500,0.043
50.09,-11.865,0.034,-1.495,-11.893,0.000,1.500,0.044
50.11,-11.865,0.034,-1.495,-11.893,0.000,1.500,0.044
50.14,-11.865,0.034,-1.495,-11.893,0.000,1.500,0.045
50.16,-11.865,0.034,-1.495,-11.893,0.000,1.500,0.045
50.18,-11.864,0.035,-1.495,-11.893,0.000,1.500,0.045
50.20,-11.864,0.035,-1.495,-11.893,0.000,1.500,0.045
50.22,-11.864,0.035,-1.495,-11.893,0.000,1.500,0.046
50.24,-11.864,0.035,-1.495,-11.893,0.000,1.500,0.046
50.26,-11.864,0.036,-1.495,-11.893,0.000,1.500,0.046
50.28,-11.864,0.036,-1.495,-11.893,0.000,1.500,0.046
50.30,-11.864,0.036,-1.495,-11.893,0.000,1.500,0.046
50.32,-11.864,0.036,-1.495,-11.893,0.000,1.500,0.046
50.34,-11.863,0.036,-1.496,-11.893,0.000,1.500,0.046
50.36,-11.863,0.036,-1.496,-11.893,0.000,1.500,0.046
50.39,-11.864,0.035,-1.496,-11.893,0.000,1.500,0.046
50.41,-11.864,0.035,-1.496,-11.893,0.000,1.500,0.046
50.43,-11.864,0.035,-1.496,-11.893,0.000,1.500,0.046
50.45,-11.864,0.035,-1.496,-11.893,0.000,1.500,0.046
50.47,-11.864,0.035,-1.496,-11.893,0.000,1.500,0.046
50.49,-11.864,0.034,-1.496,-11.893,0.000,1.500,0.045
50.51,-11.864,0.034,-1.496,-11.893,0.000,1.500,0.045
50.53,-11.864,0.033,-1.496,-11.893,0.000,1.500,0.044
50.55,-11.864,0.033,-1.496,-11.893,0.000,1.500,0.044
50.57,-11.865,0.033,-1.496,-11.893,0.000,1.500,0.043
50.59,-11.865,0.033,-1.496,-11.893,0.000,1.500,0.043
50.61,-11.865,0.032,-1.496,-11.893,0.000,1.500,0.043
50.64,-11.865,0.032,-1.496,-11.893,0.000,1.500,0.043
50.66,-11.866,0.031,-1.497,-11.893,0.000,1.500,0.042
50.68,-11.866,0.031,-1.497,-11.893,0.000,1.500,0.042
50.70,-11.866,0.031,-1.497,-11.893,0.000,1.500,0.041
50.72,-11.866,0.031,-1.497,-11.893,0.000,1.500,0.041
50.74,-11.867,0.030,-1.498,-11.893,0.000,1.500,0.040
50.76,-11.867,0.030,-1.498,-11.893,0.000,1.500,0.040
50.78,-11.868,0.029,-1.498,-11.893,0.000,1.500,0.039
50.80,-11.868,0.029,-1.498,-11.893,0.000,1.500,0.039
50.82,-11.868,0.028,-1.499,-11.893,0.000,1.500,0.037
50.84,-11.868,0.028,-1.499,-11.893,0.000,1.500,0.037
50.86,-11.869,0.027,-1.500,-11.893,0.000,1.500,0.036
50.89,-11.869,0.027,-1.500,-11.893,0.000,1.500,0.036
50.91,-11.870,0.026,-1.501,-11.893,0.000,1.500,0.034
50.93,-11.870,0.026,-1.501,-11.893,0.000,1.500,0.034
50.95,-11.870,0.026,-1.501,-11.893,0.000,1.500,0.034
50.97,-11.872,0.023,-1.502,-11.893,0.000,1.500,0.031
50.99,-11.872,0.023,-1.502,-11.893,0.000,1.500,0.031
51.01,-11.873,0.021,-1.502,-11.893,0.000,1.500,0.029
51.03,-11.873,0.021,-1.502,-11.893,0.000,1.500,0.029
51.05,-11.874,0.019,-1.503,-11.893,0.000,1.500,0.027
51.07,-11.874,0.019,-1.503,-11.893,0.000,1.500,0.027
51.09,-11.875,0.017,-1.504,-11.893,0.000,1.500,0.025
51.11,-11.875,0.017,-1.504,-11.893,0.000,1.500,0.025
51.14,-11.876,0.015,-1.504,-11.893,0.000,1.500,0.023
51.16,-11.876,0.015,-1.504,-11.893,0.000,1.500,0.023
51.18,-11.877,0.013,-1.505,-11.893,0.000,1.500,0.021
51.20,-11.877,0.013,-1.505,-11.893,0.000,1.500,0.021
51.22,-11.879,0.011,-1.506,-11.893,0.000,1.500,0.019
51.24,-11.879,0.011,-1.506,-11.893,0.000,1.500,0.019
51.26,-11.880,0.009,-1.506,-11.893,0.000,1.500,0.017
51.28,-11.880,0.009,-1.506,-11.893,0.000,1.500,0.017
51.30,-11.881,0.006,-1.506,-11.893,0.000,1.500,0.015
51.32,-11.881,0.006,-1.506,-11.893,0.000,1.500,0.015
51.34,-11.882,0.004,-1.507,-11.893,0.000,1.500,0.013
51.37,-11.882,0.004,-1.507,-11.893,0.000,1.500,0.013
51.39,-11.883,0.002,-1.507,-11.893,0.000,1.500,0.012
51.41,-11.883,0.002,-1.507,-11.893,0.000,1.500,0.012
51.43,-11.884,-0.000,-1.508,-11.893,0.000,1.500,0.012
51.45,-11.884,-0.000,-1.508,-11.893,0.000,1.500,0.012
51.47,-11.884,-0.000,-1.508,-11.893,0.000,1.500,0.012
51.49,-11.886,-0.002,-1.508,-11.893,0.000,1.500,0.011
51.51,-11.886,-0.002,-1.508,-11.893,0.000,1.500,0.011
51.53,-11.886,-0.004,-1.508,-11.893,0.000,1.500,0.011
51.55,-11.886,-0.004,-1.508,-11.893,0.000,1.500,0.011
51.57,-11.887,-0.005,-1.508,-11.893,0.000,1.500,0.012
51.59,-11.887,-0.005,-1.508,-11.893,0.000,1.500,0.012
51.61,-11.888,-0.006,-1.509,-11.893,0.000,1.500,0.012
51.64,-11.888,-0.006,-1.509,-11.893,0.000,1.500,0.012
51.66,-11.888,-0.007,-1.509,-11.893,0.000,1.500,0.012
51.68,-11.888,-0.007,-1.509,-11.893,0.000,1.500,0.012
51.70,-11.889,-0.008,-1.510,-11.893,0.000,1.500,0.013
51.72,-11.889,-0.008,-1.510,-11.893,0.000,1.500,0.013
51.74,-11.889,-0.009,-1.510,-11.893,0.000,1.500,0.014
51.76,-11.889,-0.009,-1.510,-11.893,0.000,1.500,0.014
51.78,-11.890,-0.009,-1.510,-11.893,0.000,1.500,0.014
51.80,-11.890,-0.009,-1.510,-11.893,0.000,1.500,0.014
51.82,-11.890,-0.010,-1.510,-11.893,0.000,1.500,0.015
51.84,-11.890,-0.010,-1.510,-11.893,0.000,1.500,0.015
51.87,-11.890,-0.010,-1.511,-11.893,0.000,1.500,0.015
51.89,-11.890,-0.010,-1.511,-11.893,0.000,1.500,0.015
51.91,-11.890,-0.010,-1.511,-11.893,0.000,1.500,0.015
51.93,-11.890,-0.010,-1.511,-11.893,0.000,1.500,0.015
51.95,-11.889,-0.010,-1.511,-11.893,0.000,1.500,0.015
51.97,-11.889,-0.010,-1.511,-11.893,0.000,1.500,0.015
51.99,-11.889,-0.010,-1.511,-11.893,0.000,1.500,0.015
52.01,-11.889,-0.009,-1.511,-11.893,0.000,1.500,0.015
52.03,-11.889,-0.009,-1.511,-11.893,0.000,1.500,0.015
52.05,-11.888,-0.008,-1.510,-11.893,0.000,1.500,0.014
52.07,-11.888,-0.008,-1.510,-11.893,0.000,1.500,0.014
52.10,-11.888,-0.008,-1.510,-11.893,0.000,1.500,0.014
52.12,-11.888,-0.008,-1.510,-11.893,0.000,1.500,0.014
52.14,-11.888,-0.007,-1.510,-11.893,0.000,1.500,0.013
52.16,-11.888,-0.007,-1.510,-11.893,0.000,1.500,0.013
52.18,-11.887,-0.006,-1.509,-11.893,0.000,1.500,0.013
52.20,-11.887,-0.006,-1.509,-11.893,0.000,1.500,0.013
52.22,-11.887,-0.005,-1.509,-11.893,0.000,1.500,0.012
52.24,-11.887,-0.005,-1.509,-11.893,0.000,1.500,0.012
52.26,-11.887,-0.004,-1.509,-11.893,0.000,1.500,0.012
52.28,-11.887,-0.004,-1.509,-11.893,0.000,1.500,0.012
52.31,-11.887,-0.003,-1.509,-11.893,0.000,1.500,0.012
52.33,-11.887,-0.003,-1.509,-11.893,0.000,1.500,0.012
52.35,-11.886,-0.002,-1.509,-11.893,0.000,1.500,0.011
52.37,-11.886,-0.002,-1.509,-11.893,0.000,1.500,0.011
52.39,-11.886,-0.001,-1.509,-11.893,0.000,1.500,0.011
52.41,-11.886,-0.001,-1.509,-11.893,0.000,1.500,0.011
52.43,-11.886,-0.001,-1.509,-11.893,0.000,1.500,0.011
52.45,-11.886,-0.001,-1.509,-11.893,0.000,1.500,0.011
52.47,-11.886,-0.001,-1.509,-11.893,0.000,1.500,0.011
52.49,-11.886,0.000,-1.509,-11.893,0.000,1.500,0.012
52.51,-11.886,0.000,-1.509,-11.893,0.000,1.500,0.012
52.53,-11.885,0.000,-1.509,-11.893,0.000,1.500,0.012
52.56,-11.885,0.000,-1.509,-11.893,0.000,1.500,0.012
52.58,-11.885,0.001,-1.509,-11.893,0.000,1.500,0.012
52.60,-11.885,0.001,-1.509,-11.893,0.000,1.500,0.012
52.62,-11.885,0.001,-1.509,-11.893,0.000,1.500,0.012
52.64,-11.885,0.001,-1.509,-11.893,0.000,1.500,0.012
52.66,-11.884,0.001,-1.509,-11.893,0.000,1.500,0.013
52.68,-11.884,0.001,-1.509,-11.893,0.000,1.500,0.013
52.70,-11.884,0.001,-1.509,-11.893,0.000,1.500,0.013
52.72,-11.884,0.001,-1.509,-11.893,0.000,1.500,0.013
52.74,-11.884,0.000,-1.509,-11.893,0.000,1.500,0.013
52.76,-11.884,0.000,-1.509,-11.893,0.000,1.500,0.013
52.79,-11.884,-0.001,-1.509,-11.893,0.000,1.500,0.013
52.81,-11.884,-0.001,-1.509,-11.893,0.000,1.500,0.013
52.83,-11.884,-0.001,-1.508,-11.893,0.000,1.500,0.013
52.85,-11.884,-0.001,-1.508,-11.893,0.000,1.500,0.013
52.87,-11.884,-0.002,-1.508,-11.893,0.000,1.500,0.012
52.89,-11.884,-0.002,-1.508,-11.893,0.000,1.500,0.012
52.91,-11.884,-0.003,-1.508,-11.893,0.000,1.500,0.012
52.93,-11.884,-0.003,-1.508,-11.893,0.000,1.500,0.012
52.95,-11.885,-0.004,-1.508,-11.893,0.000,1.500,0.012
52.97,-11.885,-0.004,-1.508,-11.893,0.000,1.500,0.012
52.99,-11.885,-0.004,-1.508,-11.893,0.000,1.500,0.012
53.01,-11.886,-0.005,-1.507,-11.893,0.000,1.500,0.011
53.04,-11.886,-0.005,-1.507,-11.893,0.000,1.500,0.011
53.06,-11.888,-0.005,-1.507,-11.893,0.000,1.500,0.011
53.08,-11.888,-0.005,-1.507,-11.893,0.000,1.500,0.011
53.10,-11.889,-0.006,-1.507,-11.893,0.000,1.500,0.010
53.12,-11.889,-0.006,-1.507,-11.893,0.000,1.500,0.010
53.14,-11.890,-0.006,-1.507,-11.893,0.000,1.500,0.010
53.16,-11.890,-0.006,-1.507,-11.893,0.000,1.500,0.010
53.18,-11.891,-0.007,-1.507,-11.893,0.000,1.500,0.010
53.20,-11.891,-0.007,-1.507,-11.893,0.000,1.500,0.010
53.22,-11.893,-0.008,-1.507,-11.893,0.000,1.500,0.011
53.24,-11.893,-0.008,-1.507,-11.893,0.000,1.500,0.011
53.27,-11.894,-0.009,-1.506,-11.893,0.000,1.500,0.011
53.29,-11.894,-0.009,-1.506,-11.893,0.000,1.500,0.011
53.31,-11.895,-0.009,-1.506,-11.893,0.000,1.500,0.011
53.33,-11.895,-0.009,-1.506,-11.893,0.000,1.500,0.011
53.35,-11.896,-0.010,-1.505,-11.893,0.000,1.500,0.012
53.37,-11.896,-0.010,-1.505,-11.893,0.000,1.500,0.012
53.39,-11.897,-0.010,-1.504,-11.893,0.000,1.500,0.012
53.41,-11.897,-0.010,-1.504,-11.893,0.000,1.500,0.012
53.43,-11.898,-0.010,-1.504,-11.893,0.000,1.500,0.012
53.45,-11.898,-0.010,-1.504,-11.893,0.000,1.500,0.012
53.47,-11.898,-0.010,-1.504,-11.893,0.000,1.500,0.012
53.49,-11.899,-0.011,-1.502,-11.893,0.000,1.500,0.013
53.52,-11.899,-0.011,-1.502,-11.893,0.000,1.500,0.013
53.54,-11.900,-0.011,-1.502,-11.893,0.000,1.500,0.013
53.56,-11.900,-0.011,-1.502,-11.893,0.000,1.500,0.013
53.58,-11.901,-0.010,-1.501,-11.893,0.000,1.500,0.013
53.60,-11.901,-0.010,-1.501,-11.893,0.000,1.500,0.013
53.62,-11.902,-0.010,-1.501,-11.893,0.000,1.500,0.013
53.64,-11.902,-0.010,-1.501,-11.893,0.000,1.500,0.013
53.66,-11.902,-0.010,-1.500,-11.893,0.000,1.500,0.013
53.68,-11.902,-0.010,-1.500,-11.893,0.000,1.500,0.013
53.70,-11.903,-0.009,-1.500,-11.893,0.000,1.500,0.013
53.72,-11.903,-0.009,-1.500,-11.893,0.000,1.500,0.013
53.75,-11.903,-0.009,-1.499,-11.893,0.000,1.500,0.014
53.77,-11.903,-0.009,-1.499,-11.893,0.000,1.500,0.014
53.79,-11.903,-0.009,-1.499,-11.893,0.000,1.500,0.014
53.81,-11.903,-0.009,-1.499,-11.893,0.000,1.500,0.014
53.83,-11.904,-0.009,-1.499,-11.893,0.000,1.500,0.014
53.85,-11.904,-0.009,-1.499,-11.893,0.000,1.500,0.014
53.87,-11.904,-0.008,-1.498,-11.893,0.000,1.500,0.014
53.89,-11.904,-0.008,-1.498,-11.893,0.000,1.500,0.014
53.91,-11.905,-0.008,-1.498,-11.893,0.000,1.500,0.014
53.93,-11.905,-0.008,-1.498,-11.893,0.000,1.500,0.014
53.95,-11.905,-0.008,-1.498,-11.893,0.000,1.500,0.015
53.97,-11.905,-0.008,-1.498,-11.893,0.000,1.500,0.015
54.00,-11.905,-0.008,-1.498,-11.893,0.000,1.500,0.015
54.02,-11.906,-0.007,-1.498,-11.893,0.000,1.500,0.015
54.04,-11.906,-0.007,-1.498,-11.893,0.000,1.500,0.015
54.06,-11.907,-0.007,-1.498,-11.893,0.000,1.500,0.015
54.08,-11.907,-0.007,-1.498,-11.893,0.000,1.500,0.015
54.10,-11.907,-0.006,-1.498,-11.893,0.000,1.500,0.015
54.12,-11.907,-0.006,-1.498,-11.893,0.000,1.500,0.015
54.14,-11.908,-0.005,-1.498,-11.893,0.000,1.500,0.016
54.16,-11.908,-0.005,-1.498,-11.893,0.000,1.500,0.016
54.18,-11.908,-0.005,-1.499,-11.893,0.000,1.500,0.016
54.21,-11.908,-0.005,-1.499,-11.893,0.000,1.500,0.016
54.23,-11.909,-0.004,-1.499,-11.893,0.000,1.500,0.017
54.25,-11.909,-0.004,-1.499,-11.893,0.000,1.500,0.017
54.27,-11.909,-0.004,-1.499,-11.893,0.000,1.500,0.017
54.29,-11.909,-0.004,-1.499,-11.893,0.000,1.500,0.017
54.31,-11.910,-0.004,-1.500,-11.893,0.000,1.500,0.017
54.33,-11.910,-0.004,-1.500,-11.893,0.000,1.500,0.017
54.35,-11.910,-0.003,-1.500,-11.893,0.000,1.500,0.018
54.37,-11.910,-0.003,-1.500,-11.893,0.000,1.500,0.018
54.39,-11.911,-0.003,-1.501,-11.893,0.000,1.500,0.018
54.41,-11.911,-0.003,-1.501,-11.893,0.000,1.500,0.018
54.43,-11.911,-0.003,-1.502,-11.893,0.000,1.500,0.019
54.45,-11.911,-0.003,-1.502,-11.893,0.000,1.500,0.019
54.47,-11.911,-0.003,-1.502,-11.893,0.000,1.500,0.019
54.50,-11.912,-0.002,-1.504,-11.893,0.000,1.500,0.019
54.52,-11.912,-0.002,-1.504,-11.893,0.000,1.500,0.019
54.54,-11.912,-0.001,-1.505,-11.893,0.000,1.500,0.020
54.56,-11.912,-0.001,-1.505,-11.893,0.000,1.500,0.020
54.58,-11.912,-0.000,-1.506,-11.893,0.000,1.500,0.020
54.60,-11.912,-0.000,-1.506,-11.893,0.000,1.500,0.020
54.62,-11.912,0.001,-1.506,-11.893,0.000,1.500,0.020
54.64,-11.912,0.001,-1.506,-11.893,0.000,1.500,0.020
54.66,-11.911,0.003,-1.507,-11.893,0.000,1.500,0.020
54.68,-11.911,0.003,-1.507,-11.893,0.000,1.500,0.020
54.70,-11.911,0.005,-1.508,-11.893,0.000,1.500,0.020
54.73,-11.911,0.005,-1.508,-11.893,0.000,1.500,0.020
54.75,-11.910,0.006,-1.508,-11.893,0.000,1.500,0.020
54.77,-11.910,0.006,-1.508,-11.893,0.000,1.500,0.020
54.79,-11.910,0.009,-1.508,-11.893,0.000,1.500,0.020
54.81,-11.910,0.009,-1.508,-11.893,0.000,1.500,0.020
54.83,-11.909,0.011,-1.508,-11.893,0.000,1.500,0.021
54.85,-11.909,0.011,-1.508,-11.893,0.000,1.500,0.021
54.87,-11.908,0.012,-1.508,-11.893,0.000,1.500,0.021
54.89,-11.908,0.012,-1.508,-11.893,0.000,1.500,0.021
54.91,-11.907,0.015,-1.508,-11.893,0.000,1.500,0.022
54.93,-11.907,0.015,-1.508,-11.893,0.000,1.500,0.022
54.96,-11.907,0.017,-1.508,-11.893,0.000,1.500,0.023
54.98,-11.907,0.017,-1.508,-11.893,0.000,1.500,0.023
55.00,-11.907,0.017,-1.508,-11.893,0.000,1.500,0.023
55.02,-11.905,0.019,-1.507,-11.893,0.000,1.500,0.024
55.04,-11.905,0.019,-1.507,-11.893,0.000,1.500,0.024
55.06,-11.905,0.021,-1.507,-11.893,0.000,1.500,0.025
55.08,-11.905,0.021,-1.507,-11.893,0.000,1.500,0.025
55.10,-11.904,0.022,-1.506,-11.893,0.000,1.500,0.026
55.12,-11.904,0.022,-1.506,-11.893,0.000,1.500,0.026
55.14,-11.903,0.024,-1.506,-11.893,0.000,1.500,0.027
55.16,-11.903,0.024,-1.506,-11.893,0.000,1.500,0.027
55.18,-11.902,0.025,-1.506,-11.893,0.000,1.500,0.027
55.21,-11.902,0.025,-1.506,-11.893,0.000,1.500,0.027
55.23,-11.901,0.026,-1.505,-11.893,0.000,1.500,0.028
55.25,-11.901,0.026,-1.505,-11.893,0.000,1.500,0.028
55.27,-11.899,0.028,-1.505,-11.893,0.000,1.500,0.029
55.29,-11.899,0.028,-1.505,-11.893,0.000,1.500,0.029
55.31,-11.898,0.028,-1.504,-11.893,0.000,1.500,0.029
55.33,-11.898,0.028,-1.504,-11.893,0.000,1.500,0.029
55.35,-11.897,0.029,-1.504,-11.893,0.000,1.500,0.030
55.37,-11.897,0.029,-1.504,-11.893,0.000,1.500,0.030
55.39,-11.895,0.030,-1.503,-11.893,0.000,1.500,0.030
55.41,-11.895,0.030,-1.503,-11.893,0.000,1.500,0.030
55.44,-11.894,0.030,-1.503,-11.893,0.000,1.500,0.030
55.46,-11.894,0.030,-1.503,-11.893,0.000,1.500,0.030
55.48,-11.892,0.031,-1.502,-11.893,0.000,1.500,0.031
55.50,-11.892,0.031,-1.502,-11.893,0.000,1.500,0.031
55.52,-11.892,0.031,-1.502,-11.893,0.000,1.500,0.031
55.54,-11.890,0.030,-1.501,-11.893,0.000,1.500,0.031
55.56,-11.890,0.030,-1.501,-11.893,0.000,1.500,0.031
55.58,-11.888,0.030,-1.501,-11.893,0.000,1.500,0.030
55.60,-11.888,0.030,-1.501,-11.893,0.000,1.500,0.030
55.62,-11.887,0.029,-1.500,-11.893,0.000,1.500,0.030
55.64,-11.887,0.029,-1.500,-11.893,0.000,1.500,0.030
55.66,-11.884,0.028,-1.500,-11.893,0.000,1.500,0.029
55.69,-11.884,0.028,-1.500,-11.893,0.000,1.500,0.029
55.71,-11.883,0.027,-1.499,-11.893,0.000,1.500,0.029
55.73,-11.883,0.027,-1.499,-11.893,0.000,1.500,0.029
55.75,-11.882,0.026,-1.499,-11.893,0.000,1.500,0.028
55.77,-11.882,0.026,-1.499,-11.893,0.000,1.500,0.028
55.79,-11.880,0.024,-1.499,-11.893,0.000,1.500,0.027
55.81,-11.880,0.024,-1.499,-11.893,0.000,1.500,0.027
55.83,-11.879,0.022,-1.499,-11.893,0.000,1.500,0.026
55.85,-11.879,0.022,-1.499,-11.893,0.000,1.500,0.026
55.87,-11.878,0.020,-1.498,-11.893,0.000,1.500,0.025
55.89,-11.878,0.020,-1.498,-11.893,0.000,1.500,0.025
55.92,-11.877,0.018,-1.498,-11.893,0.000,1.500,0.024
55.94,-11.877,0.018,-1.498,-11.893,0.000,1.500,0.024
55.96,-11.877,0.015,-1.499,-11.893,0.000,1.500,0.022
55.98,-11.877,0.015,-1.499,-11.893,0.000,1.500,0.022
56.00,-11.877,0.015,-1.499,-11.893,0.000,1.500,0.022
56.02,-11.876,0.012,-1.499,-11.893,0.000,1.500,0.020
56.04,-11.876,0.012,-1.499,-11.893,0.000,1.500,0.020
56.06,-11.876,0.010,-1.499,-11.893,0.000,1.500,0.020
56.08,-11.876,0.010,-1.499,-11.893,0.000,1.500,0.020
56.10,-11.876,0.007,-1.498,-11.893,0.000,1.500,0.019
56.12,-11.876,0.007,-1.498,-11.893,0.000,1.500,0.019
56.14,-11.876,0.005,-1.498,-11.893,0.000,1.500,0.018
56.16,-11.876,0.005,-1.498,-11.893,0.000,1.500,0.018
56.19,-11.876,0.003,-1.498,-11.893,0.000,1.500,0.017
56.21,-11.876,0.003,-1.498,-11.893,0.000,1.500,0.017
56.23,-11.876,0.001,-1.498,-11.893,0.000,1.500,0.017
56.25,-11.876,0.001,-1.498,-11.893,0.000,1.500,0.017
56.27,-11.877,-0.000,-1.498,-11.893,0.000,1.500,0.016
56.29,-11.877,-0.000,-1.498,-11.893,0.000,1.500,0.016
56.31,-11.877,-0.002,-1.497,-11.893,0.000,1.500,0.016
56.33,-11.877,-0.002,-1.497,-11.893,0.000,1.500,0.016
56.35,-11.878,-0.003,-1.497,-11.893,0.000,1.500,0.016
56.37,-11.878,-0.003,-1.497,-11.893,0.000,1.500,0.016
56.39,-11.878,-0.004,-1.497,-11.893,0.000,1.500,0.015
56.41,-11.878,-0.004,-1.497,-11.893,0.000,1.500,0.015
56.43,-11.879,-0.005,-1.496,-11.893,0.000,1.500,0.015
56.46,-11.879,-0.005,-1.496,-11.893,0.000,1.500,0.015
56.48,-11.880,-0.006,-1.496,-11.893,0.000,1.500,0.015
56.50,-11.880,-0.006,-1.496,-11.893,0.000,1.500,0.015
56.52,-11.880,-0.006,-1.496,-11.893,0.000,1.500,0.015
56.54,-11.881,-0.007,-1.495,-11.893,0.000,1.500,0.015
56.56,-11.881,-0.007,-1.495,-11.893,0.000,1.500,0.015
56.58,-11.881,-0.008,-1.495,-11.893,0.000,1.500,0.015
56.60,-11.881,-0.008,-1.495,-11.893,0.000,1.500,0.015
56.62,-11.882,-0.008,-1.494,-11.893,0.000,1.500,0.015
56.64,-11.882,-0.008,-1.494,-11.893,0.000,1.500,0.015
56.66,-11.883,-0.009,-1.493,-11.893,0.000,1.500,0.015
56.68,-11.883,-0.009,-1.493,-11.893,0.000,1.500,0.015
56.71,-11.884,-0.010,-1.493,-11.893,0.000,1.500,0.015
56.73,-11.884,-0.010,-1.493,-11.893,0.000,1.500,0.015
56.75,-11.884,-0.010,-1.492,-11.893,0.000,1.500,0.015
56.77,-11.884,-0.010,-1.492,-11.893,0.000,1.500,0.015
56.79,-11.885,-0.010,-1.492,-11.893,0.000,1.500,0.015
56.81,-11.885,-0.010,-1.492,-11.893,0.000,1.500,0.015
56.83,-11.886,-0.011,-1.491,-11.893,0.000,1.500,0.015
56.85,-11.886,-0.011,-1.491,-11.893,0.000,1.500,0.015
56.87,-11.887,-0.011,-1.491,-11.893,0.000,1.500,0.015
56.89,-11.887,-0.011,-1.491,-11.893,0.000,1.500,0.015
56.91,-11.888,-0.011,-1.491,-11.893,0.000,1.500,0.015
56.94,-11.888,-0.011,-1.491,-11.893,0.000,1.500,0.015
56.96,-11.889,-0.011,-1.490,-11.893,0.000,1.500,0.015
56.98,-11.889,-0.011,-1.490,-11.893,0.000,1.500,0.015
57.00,-11.889,-0.011,-1.490,-11.893,0.000,1.500,0.015
57.02,-11.890,-0.011,-1.490,-11.893,0.000,1.500,0.015
57.04,-11.890,-0.011,-1.490,-11.893,0.000,1.500,0.015
57.06,-11.892,-0.012,-1.490,-11.893,0.000,1.500,0.015
57.08,-11.892,-0.012,-1.490,-11.893,0.000,1.500,0.015
57.10,-11.893,-0.012,-1.490,-11.893,0.000,1.500,0.015
57.12,-11.893,-0.012,-1.490,-11.893,0.000,1.500,0.015
57.14,-11.894,-0.012,-1.490,-11.893,0.000,1.500,0.016
57.16,-11.894,-0.012,-1.490,-11.893,0.000,1.500,0.016
57.19,-11.895,-0.012,-1.490,-11.893,0.000,1.500,0.016
57.21,-11.895,-0.012,-1.490,-11.893,0.000,1.500,0.016
57.23,-11.896,-0.012,-1.490,-11.893,0.000,1.500,0.016
57.25,-11.896,-0.012,-1.490,-11.893,0.000,1.500,0.016
57.27,-11.897,-0.013,-1.491,-11.893,0.000,1.500,0.016
57.29,-11.897,-0.013,-1.491,-11.893,0.000,1.500,0.016
57.31,-11.898,-0.013,-1.491,-11.893,0.000,1.500,0.016
57.33,-11.898,-0.013,-1.491,-11.893,0.000,1.500,0.016
57.35,-11.898,-0.013,-1.491,-11.893,0.000,1.500,0.017
57.37,-11.898,-0.013,-1.491,-11.893,0.000,1.500,0.017
57.40,-11.899,-0.014,-1.492,-11.893,0.000,1.500,0.017
57.42,-11.899,-0.014,-1.492,-11.893,0.000,1.500,0.017
57.44,-11.900,-0.014,-1.492,-11.893,0.000,1.500,0.018
57.46,-11.900,-0.014,-1.492,-11.893,0.000,1.500,0.018
57.48,-11.900,-0.015,-1.493,-11.893,0.000,1.500,0.018
57.50,-11.900,-0.015,-1.493,-11.893,0.000,1.500,0.018
57.52,-11.900,-0.015,-1.493,-11.893,0.000,1.500,0.018
57.54,-11.901,-0.016,-1.493,-11.893,0.000,1.500,0.019
57.56,-11.901,-0.016,-1.493,-11.893,0.000,1.500,0.019
57.58,-11.902,-0.017,-1.493,-11.893,0.000,1.500,0.020
57.60,-11.902,-0.017,-1.493,-11.893,0.000,1.500,0.020
57.63,-11.903,-0.017,-1.494,-11.893,0.000,1.500,0.021
57.65,-11.903,-0.017,-1.494,-11.893,0.000,1.500,0.021
57.67,-11.904,-0.017,-1.494,-11.893,0.000,1.500,0.021
57.69,-11.904,-0.017,-1.494,-11.893,0.000,1.500,0.021
57.71,-11.904,-0.017,-1.494,-11.893,0.000,1.500,0.021
57.73,-11.904,-0.017,-1.494,-11.893,0.000,1.500,0.021
57.75,-11.905,-0.017,-1.494,-11.893,0.000,1.500,0.022
57.77,-11.905,-0.017,-1.494,-11.893,0.000,1.500,0.022
57.79,-11.906,-0.017,-1.494,-11.893,0.000,1.500,0.022
57.81,-11.906,-0.017,-1.494,-11.893,0.000,1.500,0.022
57.83,-11.907,-0.017,-1.494,-11.893,0.000,1.500,0.023
57.86,-11.907,-0.017,-1.494,-11.893,0.000,1.500,0.023
57.88,-11.908,-0.017,-1.494,-11.893,0.000,1.500,0.023
57.90,-11.908,-0.017,-1.494,-11.893,0.000,1.500,0.023
57.92,-11.909,-0.017,-1.494,-11.893,0.000,1.500,0.024
57.94,-11.909,-0.017,-1.494,-11.893,0.000,1.500,0.024
57.96,-11.909,-0.017,-1.494,-11.893,0.000,1.500,0.024
57.98,-11.909,-0.017,-1.494,-11.893,0.000,1.500,0.024
58.00,-11.910,-0.016,-1.494,-11.893,0.000,1.500,0.025
58.02,-11.910,-0.016,-1.494,-11.893,0.000,1.500,0.025
58.04,-11.910,-0.016,-1.494,-11.893,0.000,1.500,0.025
58.06,-11.912,-0.017,-1.494,-11.893,0.000,1.500,0.026
58.09,-11.912,-0.017,-1.494,-11.893,0.000,1.500,0.026
58.11,-11.913,-0.017,-1.494,-11.893,0.000,1.500,0.026
58.13,-11.913,-0.017,-1.494,-11.893,0.000,1.500,0.026
58.15,-11.913,-0.017,-1.494,-11.893,0.000,1.500,0.027
58.17,-11.913,-0.017,-1.494,-11.893,0.000,1.500,0.027
58.19,-11.914,-0.017,-1.494,-11.893,0.000,1.500,0.028
58.21,-11.914,-0.017,-1.494,-11.893,0.000,1.500,0.028
58.23,-11.915,-0.018,-1.495,-11.893,0.000,1.500,0.029
58.25,-11.915,-0.018,-1.495,-11.893,0.000,1.500,0.029
58.27,-11.915,-0.018,-1.495,-11.893,0.000,1.500,0.029
58.29,-11.915,-0.018,-1.495,-11.893,0.000,1.500,0.029
58.32,-11.916,-0.019,-1.495,-11.893,0.000,1.500,0.031
58.34,-11.916,-0.019,-1.495,-11.893,0.000,1.500,0.031
58.36,-11.917,-0.020,-1.495,-11.893,0.000,1.500,0.032
58.38,-11.917,-0.020,-1.495,-11.893,0.000,1.500,0.032
58.40,-11.917,-0.021,-1.495,-11.893,0.000,1.500,0.033
58.42,-11.917,-0.021,-1.495,-11.893,0.000,1.500,0.033
58.44,-11.917,-0.022,-1.495,-11.893,0.000,1.500,0.034
58.46,-11.917,-0.022,-1.495,-11.893,0.000,1.500,0.034
58.48,-11.917,-0.023,-1.495,-11.893,0.000,1.500,0.034
58.50,-11.917,-0.023,-1.495,-11.893,0.000,1.500,0.034
58.52,-11.917,-0.023,-1.495,-11.893,0.000,1.500,0.034
58.54,-11.917,-0.025,-1.494,-11.893,0.000,1.500,0.035
58.57,-11.917,-0.025,-1.494,-11.893,0.000,1.500,0.035
58.59,-11.917,-0.026,-1.494,-11.893,0.000,1.500,0.036
58.61,-11.917,-0.026,-1.494,-11.893,0.000,1.500,0.036
58.63,-11.917,-0.026,-1.493,-11.893,0.000,1.500,0.036
58.65,-11.917,-0.026,-1.493,-11.893,0.000,1.500,0.036
58.67,-11.916,-0.027,-1.493,-11.893,0.000,1.500,0.036
58.69,-11.916,-0.027,-1.493,-11.893,0.000,1.500,0.036
58.71,-11.916,-0.027,-1.492,-11.893,0.000,1.500,0.036
58.73,-11.916,-0.027,-1.492,-11.893,0.000,1.500,0.036
58.75,-11.915,-0.027,-1.492,-11.893,0.000,1.500,0.036
58.77,-11.915,-0.027,-1.492,-11.893,0.000,1.500,0.036
58.80,-11.914,-0.027,-1.491,-11.893,0.000,1.500,0.035
58.82,-11.914,-0.027,-1.491,-11.893,0.000,1.500,0.035
58.84,-11.913,-0.027,-1.491,-11.893,0.000,1.500,0.035
58.86,-11.913,-0.027,-1.491,-11.893,0.000,1.500,0.035
58.88,-11.911,-0.027,-1.491,-11.893,0.000,1.500,0.034
58.90,-11.911,-0.027,-1.491,-11.893,0.000,1.500,0.034
58.92,-11.910,-0.026,-1.491,-11.893,0.000,1.500,0.033
58.94,-11.910,-0.026,-1.491,-11.893,0.000,1.500,0.033
58.96,-11.909,-0.026,-1.491,-11.893,0.000,1.500,0.032
58.98,-11.909,-0.026,-1.491,-11.893,0.000,1.500,0.032
59.00,-11.907,-0.025,-1.491,-11.893,0.000,1.500,0.031
59.02,-11.907,-0.025,-1.491,-11.893,0.000,1.500,0.031
59.05,-11.907,-0.025,-1.491,-11.893,0.000,1.500,0.031
59.07,-11.905,-0.024,-1.491,-11.893,0.000,1.500,0.029
59.09,-11.905,-0.024,-1.491,-11.893,0.000,1.500,0.029
59.11,-11.903,-0.024,-1.491,-11.893,0.000,1.500,0.027
59.13,-11.903,-0.024,-1.491,-11.893,0.000,1.500,0.027
59.15,-11.902,-0.023,-1.491,-11.893,0.000,1.500,0.026
59.17,-11.902,-0.023,-1.491,-11.893,0.000,1.500,0.026
59.19,-11.902,-0.022,-1.491,-11.893,0.000,1.500,0.025
59.21,-11.902,-0.022,-1.491,-11.893,0.000,1.500,0.025
59.23,-11.900,-0.021,-1.491,-11.893,0.000,1.500,0.024
59.25,-11.900,-0.021,-1.491,-11.893,0.000,1.500,0.024
59.27,-11.899,-0.020,-1.491,-11.893,0.000,1.500,0.023
59.30,-11.899,-0.020,-1.491,-11.893,0.000,1.500,0.023
59.32,-11.897,-0.019,-1.490,-11.893,0.000,1.500,0.021
59.34,-11.897,-0.019,-1.490,-11.893,0.000,1.500,0.021
59.36,-11.895,-0.018,-1.490,-11.893,0.000,1.500,0.020
59.38,-11.895,-0.018,-1.490,-11.893,0.000,1.500,0.020
59.40,-11.894,-0.017,-1.490,-11.893,0.000,1.500,0.020
59.42,-11.894,-0.017,-1.490,-11.893,0.000,1.500,0.020
59.44,-11.892,-0.016,-1.489,-11.893,0.000,1.500,0.019
59.46,-11.892,-0.016,-1.489,-11.893,0.000,1.500,0.019
59.48,-11.891,-0.015,-1.489,-11.893,0.000,1.500,0.018
59.50,-11.891,-0.015,-1.489,-11.893,0.000,1.500,0.018
59.52,-11.891,-0.015,-1.489,-11.893,0.000,1.500,0.018
59.55,-11.889,-0.014,-1.489,-11.893,0.000,1.500,0.018
59.57,-11.889,-0.014,-1.489,-11.893,0.000,1.500,0.018
59.59,-11.888,-0.013,-1.489,-11.893,0.000,1.500,0.018
59.61,-11.888,-0.013,-1.489,-11.893,0.000,1.500,0.018
59.63,-11.888,-0.013,-1.489,-11.893,0.000,1.500,0.018
59.65,-11.888,-0.013,-1.489,-11.893,0.000,1.500,0.018
59.67,-11.888,-0.012,-1.489,-11.893,0.000,1.500,0.017
59.69,-11.888,-0.012,-1.489,-11.893,0.000,1.500,0.017
59.71,-11.888,-0.012,-1.489,-11.893,0.000,1.500,0.017
59.73,-11.888,-0.012,-1.489,-11.893,0.000,1.500,0.017
59.75,-11.889,-0.013,-1.489,-11.893,0.000,1.500,0.017
59.77,-11.889,-0.013,-1.489,-11.893,0.000,1.500,0.017
59.80,-11.889,-0.013,-1.489,-11.893,0.000,1.500,0.017
59.82,-11.889,-0.013,-1.489,-11.893,0.000,1.500,0.017
59.84,-11.890,-0.013,-1.489,-11.893,0.000,1.500,0.017
59.86,-11.890,-0.013,-1.489,-11.893,0.000,1.500,0.017
59.88,-11.891,-0.014,-1.490,-11.893,0.000,1.500,0.017
59.90,-11.891,-0.014,-1.490,-11.893,0.000,1.500,0.017
59.92,-11.892,-0.015,-1.490,-11.893,0.000,1.500,0.017
59.94,-11.892,-0.015,-1.490,-11.893,0.000,1.500,0.017
59.96,-11.894,-0.015,-1.491,-11.893,0.000,1.500,0.018
59.98,-11.894,-0.015,-1.491,-11.893,0.000,1.500,0.018
60.00,-11.895,-0.016,-1.492,-11.893,0.000,1.500,0.018
60.03,-11.895,-0.016,-1.492,-11.893,0.000,1.500,0.018
60.05,-11.895,-0.016,-1.492,-11.893,0.000,1.500,0.018
60.07,-11.897,-0.017,-1.493,-11.893,0.000,1.500,0.019
60.09,-11.897,-0.017,-1.493,-11.893,0.000,1.500,0.019
60.11,-11.898,-0.018,-1.495,-11.893,0.000,1.500,0.020
60.13,-11.898,-0.018,-1.495,-11.893,0.000,1.500,0.020
60.15,-11.899,-0.019,-1.496,-11.893,0.000,1.500,0.020
60.17,-11.899,-0.019,-1.496,-11.893,0.000,1.500,0.020
60.19,-11.900,-0.020,-1.497,-11.893,0.000,1.500,0.021
60.21,-11.900,-0.020,-1.497,-11.893,0.000,1.500,0.021
60.23,-11.901,-0.020,-1.498,-11.893,0.000,1.500,0.022
60.25,-11.901,-0.020,-1.498,-11.893,0.000,1.500,0.022
60.28,-11.902,-0.021,-1.498,-11.893,0.000,1.500,0.023
60.30,-11.902,-0.021,-1.498,-11.893,0.000,1.500,0.023
60.32,-11.902,-0.021,-1.499,-11.893,0.000,1.500,0.023
60.34,-11.902,-0.021,-1.499,-11.893,0.000,1.500,0.023
60.36,-11.903,-0.022,-1.500,-11.893,0.000,1.500,0.024
60.38,-11.903,-0.022,-1.500,-11.893,0.000,1.500,0.024
60.40,-11.903,-0.022,-1.500,-11.893,0.000,1.500,0.024
60.42,-11.903,-0.022,-1.500,-11.893,0.000,1.500,0.024
60.44,-11.902,-0.022,-1.500,-11.893,0.000,1.500,0.024
60.46,-11.902,-0.022,-1.500,-11.893,0.000,1.500,0.024
60.48,-11.902,-0.022,-1.500,-11.893,0.000,1.500,0.024
60.50,-11.902,-0.022,-1.500,-11.893,0.000,1.500,0.024
60.53,-11.902,-0.022,-1.500,-11.893,0.000,1.500,0.024
60.55,-11.902,-0.022,-1.500,-11.893,0.000,1.500,0.024
60.57,-11.902,-0.022,-1.500,-11.893,0.000,1.500,0.024
60.59,-11.901,-0.022,-1.500,-11.893,0.000,1.500,0.024
60.61,-11.901,-0.022,-1.500,-11.893,0.000,1.500,0.024
60.63,-11.901,-0.022,-1.499,-11.893,0.000,1.500,0.023
60.65,-11.901,-0.022,-1.499,-11.893,0.000,1.500,0.023
60.67,-11.900,-0.021,-1.499,-11.893,0.000,1.500,0.023
60.69,-11.900,-0.021,-1.499,-11.893,0.000,1.500,0.023
60.71,-11.900,-0.021,-1.499,-11.893,0.000,1.500,0.022
60.73,-11.900,-0.021,-1.499,-11.893,0.000,1.500,0.022
60.75,-11.900,-0.020,-1.499,-11.893,0.000,1.500,0.021
60.77,-11.900,-0.020,-1.499,-11.893,0.000,1.500,0.021
60.80,-11.899,-0.020,-1.499,-11.893,0.000,1.500,0.021
60.82,-11.899,-0.020,-1.499,-11.893,0.000,1.500,0.021
60.84,-11.899,-0.018,-1.499,-11.893,0.000,1.500,0.020
60.86,-11.899,-0.018,-1.499,-11.893,0.000,1.500,0.020
60.88,-11.899,-0.017,-1.499,-11.893,0.000,1.500,0.019
60.90,-11.899,-0.017,-1.499,-11.893,0.000,1.500,0.019
60.92,-11.899,-0.016,-1.499,-11.893,0.000,1.500,0.017
60.94,-11.899,-0.016,-1.499,-11.893,0.000,1.500,0.017
60.96,-11.899,-0.015,-1.499,-11.893,0.000,1.500,0.016
60.98,-11.899,-0.015,-1.499,-11.893,0.000,1.500,0.016
61.00,-11.899,-0.013,-1.500,-11.893,0.000,1.500,0.015
61.02,-11.899,-0.013,-1.500,-11.893,0.000,1.500,0.015
61.05,-11.899,-0.013,-1.500,-11.893,0.000,1.500,0.015
61.07,-11.899,-0.011,-1.501,-11.893,0.000,1.500,0.012
61.09,-11.899,-0.011,-1.501,-11.893,0.000,1.500,0.012
61.11,-11.898,-0.009,-1.501,-11.893,0.000,1.500,0.011
61.13,-11.898,-0.009,-1.501,-11.893,0.000,1.500,0.011
61.15,-11.898,-0.007,-1.502,-11.893,0.000,1.500,0.009
61.17,-11.898,-0.007,-1.502,-11.893,0.000,1.500,0.009
61.19,-11.898,-0.006,-1.502,-11.893,0.000,1.500,0.008
61.21,-11.898,-0.006,-1.502,-11.893,0.000,1.500,0.008
61.23,-11.897,-0.004,-1.502,-11.893,0.000,1.500,0.006
61.25,-11.897,-0.004,-1.502,-11.893,0.000,1.500,0.006
61.28,-11.897,-0.002,-1.502,-11.893,0.000,1.500,0.005
61.30,-11.897,-0.002,-1.502,-11.893,0.000,1.500,0.005
61.32,-11.896,-0.001,-1.502,-11.893,0.000,1.500,0.004
61.34,-11.896,-0.001,-1.502,-11.893,0.000,1.500,0.004
61.36,-11.895,0.001,-1.503,-11.893,0.000,1.500,0.003
61.38,-11.895,0.001,-1.503,-11.893,0.000,1.500,0.003
61.40,-11.894,0.002,-1.503,-11.893,0.000,1.500,0.004
61.42,-11.894,0.002,-1.503,-11.893,0.000,1.500,0.004
61.44,-11.892,0.004,-1.503,-11.893,0.000,1.500,0.005
61.46,-11.892,0.004,-1.503,-11.893,0.000,1.500,0.005
61.48,-11.891,0.005,-1.503,-11.893,0.000,1.500,0.006
61.50,-11.891,0.005,-1.503,-11.893,0.000,1.500,0.006
61.53,-11.889,0.006,-1.504,-11.893,0.000,1.500,0.008
61.55,-11.889,0.006,-1.504,-11.893,0.000,1.500,0.008
61.57,-11.889,0.006,-1.504,-11.893,0.000,1.500,0.008
61.59,-11.886,0.009,-1.504,-11.893,0.000,1.500,0.012
61.61,-11.886,0.009,-1.504,-11.893,0.000,1.500,0.012
61.63,-11.885,0.009,-1.505,-11.893,0.000,1.500,0.013
61.65,-11.885,0.009,-1.505,-11.893,0.000,1.500,0.013
61.67,-11.883,0.011,-1.505,-11.893,0.000,1.500,0.016
61.69,-11.883,0.011,-1.505,-11.893,0.000,1.500,0.016
61.71,-11.881,0.011,-1.506,-11.893,0.000,1.500,0.018
61.74,-11.881,0.011,-1.506,-11.893,0.000,1.500,0.018
61.76,-11.879,0.012,-1.506,-11.893,0.000,1.500,0.019
61.78,-11.879,0.012,-1.506,-11.893,0.000,1.500,0.019
61.80,-11.878,0.013,-1.506,-11.893,0.000,1.500,0.021
61.82,-11.878,0.013,-1.506,-11.893,0.000,1.500,0.021
61.84,-11.877,0.013,-1.507,-11.893,0.000,1.500,0.022
61.86,-11.877,0.013,-1.507,-11.893,0.000,1.500,0.022
61.88,-11.876,0.013,-1.507,-11.893,0.000,1.500,0.023
61.90,-11.876,0.013,-1.507,-11.893,0.000,1.500,0.023
61.92,-11.875,0.013,-1.507,-11.893,0.000,1.500,0.023
61.94,-11.875,0.013,-1.507,-11.893,0.000,1.500,0.023
61.97,-11.874,0.012,-1.507,-11.893,0.000,1.500,0.024
61.99,-11.874,0.012,-1.507,-11.893,0.000,1.500,0.024
62.01,-11.873,0.012,-1.508,-11.893,0.000,1.500,0.025
62.03,-11.873,0.012,-1.508,-11.893,0.000,1.500,0.025
62.05,-11.873,0.012,-1.508,-11.893,0.000,1.500,0.025
62.07,-11.871,0.012,-1.509,-11.893,0.000,1.500,0.026
62.09,-11.871,0.012,-1.509,-11.893,0.000,1.500,0.026
62.11,-11.870,0.011,-1.509,-11.893,0.000,1.500,0.027
62.13,-11.870,0.011,-1.509,-11.893,0.000,1.500,0.027
62.15,-11.870,0.011,-1.510,-11.893,0.000,1.500,0.027
62.17,-11.870,0.011,-1.510,-11.893,0.000,1.500,0.027
62.19,-11.869,0.011,-1.510,-11.893,0.000,1.500,0.028
62.22,-11.869,0.011,-1.510,-11.893,0.000,1.500,0.028
62.24,-11.869,0.011,-1.510,-11.893,0.000,1.500,0.028
62.26,-11.869,0.011,-1.510,-11.893,0.000,1.500,0.028
62.28,-11.868,0.011,-1.511,-11.893,0.000,1.500,0.029
62.30,-11.868,0.011,-1.511,-11.893,0.000,1.500,0.029
62.32,-11.868,0.012,-1.511,-11.893,0.000,1.500,0.029
62.34,-11.868,0.012,-1.511,-11.893,0.000,1.500,0.029
62.36,-11.869,0.012,-1.511,-11.893,0.000,1.500,0.029
62.38,-11.869,0.012,-1.511,-11.893,0.000,1.500,0.029
62.40,-11.869,0.012,-1.511,-11.893,0.000,1.500,0.029
62.42,-11.869,0.012,-1.511,-11.893,0.000,1.500,0.029
62.45,-11.870,0.013,-1.511,-11.893,0.000,1.500,0.029
62.47,-11.870,0.013,-1.511,-11.893,0.000,1.500,0.029
62.49,-11.871,0.014,-1.510,-11.893,0.000,1.500,0.028
62.51,-11.871,0.014,-1.510,-11.893,0.000,1.500,0.028
62.53,-11.872,0.014,-1.510,-11.893,0.000,1.500,0.028
62.55,-11.872,0.014,-1.510,-11.893,0.000,1.500,0.028
62.57,-11.872,0.014,-1.510,-11.893,0.000,1.500,0.028
62.59,-11.873,0.015,-1.510,-11.893,0.000,1.500,0.027
62.61,-11.873,0.015,-1.510,-11.893,0.000,1.500,0.027
62.63,-11.875,0.016,-1.509,-11.893,0.000,1.500,0.026
62.65,-11.875,0.016,-1.509,-11.893,0.000,1.500,0.026
62.67,-11.876,0.016,-1.509,-11.893,0.000,1.500,0.025
62.69,-11.876,0.016,-1.509,-11.893,0.000,1.500,0.025
62.71,-11.878,0.016,-1.509,-11.893,0.000,1.500,0.024
62.74,-11.878,0.016,-1.509,-11.893,0.000,1.500,0.024
62.76,-11.879,0.016,-1.509,-11.893,0.000,1.500,0.023
62.78,-11.879,0.016,-1.509,-11.893,0.000,1.500,0.023
62.80,-11.880,0.016,-1.508,-11.893,0.000,1.500,0.022
62.82,-11.880,0.016,-1.508,-11.893,0.000,1.500,0.022
62.84,-11.881,0.016,-1.508,-11.893,0.000,1.500,0.021
62.86,-11.881,0.016,-1.508,-11.893,0.000,1.500,0.021
62.88,-11.882,0.016,-1.507,-11.893,0.000,1.500,0.020
62.90,-11.882,0.016,-1.507,-11.893,0.000,1.500,0.020
62.92,-11.883,0.016,-1.507,-11.893,0.000,1.500,0.020
62.94,-11.883,0.016,-1.507,-11.893,0.000,1.500,0.020
62.96,-11.884,0.016,-1.506,-11.893,0.000,1.500,0.019
62.99,-11.884,0.016,-1.506,-11.893,0.000,1.500,0.019
63.01,-11.885,0.016,-1.505,-11.893,0.000,1.500,0.018
63.03,-11.885,0.016,-1.505,-11.893,0.000,1.500,0.018
63.05,-11.885,0.016,-1.505,-11.893,0.000,1.500,0.018
63.07,-11.885,0.015,-1.505,-11.893,0.000,1.500,0.018
63.09,-11.885,0.015,-1.505,-11.893,0.000,1.500,0.018
63.11,-11.886,0.015,-1.504,-11.893,0.000,1.500,0.017
63.13,-11.886,0.015,-1.504,-11.893,0.000,1.500,0.017
63.15,-11.886,0.015,-1.504,-11.893,0.000,1.500,0.017
63.17,-11.886,0.015,-1.504,-11.893,0.000,1.500,0.017
63.19,-11.886,0.014,-1.504,-11.893,0.000,1.500,0.016
63.21,-11.886,0.014,-1.504,-11.893,0.000,1.500,0.016
63.24,-11.886,0.014,-1.503,-11.893,0.000,1.500,0.016
63.26,-11.886,0.014,-1.503,-11.893,0.000,1.500,0.016
63.28,-11.885,0.014,-1.503,-11.893,0.000,1.500,0.016
63.30,-11.885,0.014,-1.503,-11.893,0.000,1.500,0.016
63.32,-11.885,0.013,-1.503,-11.893,0.000,1.500,0.016
63.34,-11.885,0.013,-1.503,-11.893,0.000,1.500,0.016
63.36,-11.885,0.013,-1.503,-11.893,0.000,1.500,0.016
63.38,-11.885,0.013,-1.503,-11.893,0.000,1.500,0.016
63.40,-11.884,0.013,-1.503,-11.893,0.000,1.500,0.016
63.42,-11.884,0.013,-1.503,-11.893,0.000,1.500,0.016
63.44,-11.884,0.013,-1.504,-11.893,0.000,1.500,0.016
63.47,-11.884,0.013,-1.504,-11.893,0.000,1.500,0.016
63.49,-11.883,0.012,-1.504,-11.893,0.000,1.500,0.016
63.51,-11.883,0.012,-1.504,-11.893,0.000,1.500,0.016
63.53,-11.883,0.012,-1.504,-11.893,0.000,1.500,0.016
63.55,-11.883,0.012,-1.504,-11.893,0.000,1.500,0.016
63.57,-11.883,0.012,-1.504,-11.893,0.000,1.500,0.016
63.59,-11.883,0.012,-1.504,-11.893,0.000,1.500,0.016
63.61,-11.883,0.012,-1.504,-11.893,0.000,1.500,0.016
63.63,-11.883,0.012,-1.504,-11.893,0.000,1.500,0.017
63.65,-11.883,0.012,-1.504,-11.893,0.000,1.500,0.017
63.67,-11.883,0.013,-1.504,-11.893,0.000,1.500,0.017
63.70,-11.883,0.013,-1.504,-11.893,0.000,1.500,0.017
63.72,-11.883,0.013,-1.504,-11.893,0.000,1.500,0.017
63.74,-11.883,0.013,-1.504,-11.893,0.000,1.500,0.017
63.76,-11.883,0.013,-1.504,-11.893,0.000,1.500,0.017
63.78,-11.883,0.013,-1.504,-11.893,0.000,1.500,0.017
63.80,-11.884,0.014,-1.505,-11.893,0.000,1.500,0.017
63.82,-11.884,0.014,-1.505,-11.893,0.000,1.500,0.017
63.84,-11.884,0.014,-1.505,-11.893,0.000,1.500,0.017
63.86,-11.884,0.014,-1.505,-11.893,0.000,1.500,0.017
63.88,-11.885,0.014,-1.505,-11.893,0.000,1.500,0.017
63.90,-11.885,0.014,-1.505,-11.893,0.000,1.500,0.017
63.92,-11.886,0.015,-1.505,-11.893,0.000,1.500,0.017
63.94,-11.886,0.015,-1.505,-11.893,0.000,1.500,0.017
63.97,-11.887,0.015,-1.505,-11.893,0.000,1.500,0.017
63.99,-11.887,0.015,-1.505,-11.893,0.000,1.500,0.017
64.01,-11.888,0.016,-1.505,-11.893,0.000,1.500,0.017
64.03,-11.888,0.016,-1.505,-11.893,0.000,1.500,0.017
64.05,-11.889,0.016,-1.505,-11.893,0.000,1.500,0.017
64.07,-11.889,0.016,-1.505,-11.893,0.000,1.500,0.017
64.09,-11.889,0.016,-1.505,-11.893,0.000,1.500,0.017
64.11,-11.890,0.017,-1.505,-11.893,0.000,1.500,0.018
64.13,-11.890,0.017,-1.505,-11.893,0.000,1.500,0.018
64.15,-11.891,0.017,-1.504,-11.893,0.000,1.500,0.018
64.17,-11.891,0.017,-1.504,-11.893,0.000,1.500,0.018
64.20,-11.892,0.018,-1.504,-11.893,0.000,1.500,0.018
64.22,-11.892,0.018,-1.504,-11.893,0.000,1.500,0.018
64.24,-11.893,0.019,-1.503,-11.893,0.000,1.500,0.019
64.26,-11.893,0.019,-1.503,-11.893,0.000,1.500,0.019
64.28,-11.894,0.019,-1.503,-11.893,0.000,1.500,0.019
64.30,-11.894,0.019,-1.503,-11.893,0.000,1.500,0.019
64.32,-11.895,0.019,-1.502,-11.893,0.000,1.500,0.019
64.34,-11.895,0.019,-1.502,-11.893,0.000,1.500,0.019
64.36,-11.896,0.019,-1.502,-11.893,0.000,1.500,0.020
64.38,-11.896,0.019,-1.502,-11.893,0.000,1.500,0.020
64.40,-11.897,0.019,-1.502,-11.893,0.000,1.500,0.020
64.42,-11.897,0.019,-1.502,-11.893,0.000,1.500,0.020
64.45,-11.898,0.019,-1.501,-11.893,0.000,1.500,0.019
64.47,-11.898,0.019,-1.501,-11.893,0.000,1.500,0.019
64.49,-11.898,0.019,-1.501,-11.893,0.000,1.500,0.019
64.51,-11.898,0.019,-1.501,-11.893,0.000,1.500,0.019
64.53,-11.899,0.018,-1.501,-11.893,0.000,1.500,0.019
64.55,-11.899,0.018,-1.501,-11.893,0.000,1.500,0.019
64.57,-11.899,0.018,-1.501,-11.893,0.000,1.500,0.019
64.59,-11.899,0.018,-1.500,-11.893,0.000,1.500,0.019
64.61,-11.899,0.018,-1.500,-11.893,0.000,1.500,0.019
64.63,-11.899,0.017,-1.500,-11.893,0.000,1.500,0.018
64.66,-11.899,0.017,-1.500,-11.893,0.000,1.500,0.018
64.68,-11.900,0.017,-1.499,-11.893,0.000,1.500,0.018
64.70,-11.900,0.017,-1.499,-11.893,0.000,1.500,0.018
64.72,-11.900,0.016,-1.499,-11.893,0.000,1.500,0.017
64.74,-11.900,0.016,-1.499,-11.893,0.000,1.500,0.017
64.76,-11.900,0.016,-1.499,-11.893,0.000,1.500,0.017
64.78,-11.900,0.016,-1.499,-11.893,0.000,1.500,0.017
64.80,-11.900,0.015,-1.499,-11.893,0.000,1.500,0.017
64.82,-11.900,0.015,-1.499,-11.893,0.000,1.500,0.017
64.84,-11.900,0.015,-1.498,-11.893,0.000,1.500,0.017
64.86,-11.900,0.015,-1.498,-11.893,0.000,1.500,0.017
64.88,-11.899,0.015,-1.498,-11.893,0.000,1.500,0.017
64.91,-11.899,0.015,-1.498,-11.893,0.000,1.500,0.017
64.93,-11.899,0.015,-1.498,-11.893,0.000,1.500,0.017
64.95,-11.899,0.015,-1.498,-11.893,0.000,1.500,0.017
64.97,-11.899,0.015,-1.497,-11.893,0.000,1.500,0.017
64.99,-11.899,0.015,-1.497,-11.893,0.000,1.500,0.017
65.01,-11.899,0.015,-1.497,-11.893,0.000,1.500,0.017
65.03,-11.899,0.015,-1.497,-11.893,0.000,1.500,0.017
65.05,-11.898,0.016,-1.497,-11.893,0.000,1.500,0.017
65.07,-11.898,0.016,-1.497,-11.893,0.000,1.500,0.017
65.09,-11.898,0.016,-1.497,-11.893,0.000,1.500,0.017
65.11,-11.898,0.016,-1.496,-11.893,0.000,1.500,0.017
65.13,-11.898,0.016,-1.496,-11.893,0.000,1.500,0.017
65.16,-11.898,0.016,-1.496,-11.893,0.000,1.500,0.017
65.18,-11.898,0.016,-1.496,-11.893,0.000,1.500,0.017
65.20,-11.897,0.016,-1.497,-11.893,0.000,1.500,0.017
65.22,-11.897,0.016,-1.497,-11.893,0.000,1.500,0.017
65.24,-11.897,0.016,-1.497,-11.893,0.000,1.500,0.017
65.26,-11.897,0.016,-1.497,-11.893,0.000,1.500,0.017
65.28,-11.897,0.016,-1.497,-11.893,0.000,1.500,0.017
65.30,-11.897,0.016,-1.497,-11.893,0.000,1.500,0.017
65.32,-11.897,0.016,-1.498,-11.893,0.000,1.500,0.017
65.34,-11.897,0.016,-1.498,-11.893,0.000,1.500,0.017
65.36,-11.897,0.016,-1.498,-11.893,0.000,1.500,0.017
65.38,-11.897,0.016,-1.498,-11.893,0.000,1.500,0.017
65.41,-11.897,0.016,-1.499,-11.893,0.000,1.500,0.016
65.43,-11.897,0.016,-1.499,-11.893,0.000,1.500,0.016
65.45,-11.897,0.016,-1.499,-11.893,0.000,1.500,0.017
65.47,-11.897,0.016,-1.499,-11.893,0.000,1.500,0.017
65.49,-11.897,0.016,-1.500,-11.893,0.000,1.500,0.017
65.51,-11.897,0.016,-1.500,-11.893,0.000,1.500,0.017
65.53,-11.897,0.016,-1.500,-11.893,0.000,1.500,0.017
65.55,-11.897,0.016,-1.500,-11.893,0.000,1.500,0.017
65.57,-11.897,0.016,-1.500,-11.893,0.000,1.500,0.017
65.59,-11.897,0.016,-1.501,-11.893,0.000,1.500,0.017
65.61,-11.897,0.016,-1.501,-11.893,0.000,1.500,0.017
65.63,-11.897,0.016,-1.502,-11.893,0.000,1.500,0.017
65.66,-11.897,0.016,-1.502,-11.893,0.000,1.500,0.017
65.68,-11.897,0.016,-1.503,-11.893,0.000,1.500,0.017
65.70,-11.897,0.016,-1.503,-11.893,0.000,1.500,0.017
65.72,-11.896,0.016,-1.503,-11.893,0.000,1.500,0.017
65.74,-11.896,0.016,-1.503,-11.893,0.000,1.500,0.017
65.76,-11.896,0.016,-1.504,-11.893,0.000,1.500,0.017
65.78,-11.896,0.016,-1.504,-11.893,0.000,1.500,0.017
65.80,-11.896,0.016,-1.504,-11.893,0.000,1.500,0.017
65.82,-11.896,0.016,-1.504,-11.893,0.000,1.500,0.017
65.84,-11.895,0.017,-1.505,-11.893,0.000,1.500,0.017
65.86,-11.895,0.017,-1.505,-11.893,0.000,1.500,0.017
65.88,-11.895,0.017,-1.506,-11.893,0.000,1.500,0.018
65.91,-11.895,0.017,-1.506,-11.893,0.000,1.500,0.018
65.93,-11.895,0.017,-1.506,-11.893,0.000,1.500,0.018
65.95,-11.895,0.017,-1.506,-11.893,0.000,1.500,0.018
65.97,-11.895,0.017,-1.507,-11.893,0.000,1.500,0.018
65.99,-11.895,0.017,-1.507,-11.893,0.000,1.500,0.018
66.01,-11.895,0.017,-1.508,-11.893,0.000,1.500,0.019
66.03,-11.895,0.017,-1.508,-11.893,0.000,1.500,0.019
66.05,-11.895,0.017,-1.508,-11.893,0.000,1.500,0.019
66.07,-11.895,0.017,-1.508,-11.893,0.000,1.500,0.019
66.09,-11.895,0.017,-1.508,-11.893,0.000,1.500,0.019
66.11,-11.896,0.017,-1.509,-11.893,0.000,1.500,0.020
66.13,-11.896,0.017,-1.509,-11.893,0.000,1.500,0.020
66.16,-11.896,0.018,-1.510,-11.893,0.000,1.500,0.020
66.18,-11.896,0.018,-1.510,-11.893,0.000,1.500,0.020
66.20,-11.897,0.018,-1.510,-11.893,0.000,1.500,0.021
66.22,-11.897,0.018,-1.510,-11.893,0.000,1.500,0.021
66.24,-11.897,0.019,-1.511,-11.893,0.000,1.500,0.022
66.26,-11.897,0.019,-1.511,-11.893,0.000,1.500,0.022
66.28,-11.898,0.020,-1.512,-11.893,0.000,1.500,0.023
66.30,-11.898,0.020,-1.512,-11.893,0.000,1.500,0.023
66.32,-11.898,0.020,-1.512,-11.893,0.000,1.500,0.024
66.34,-11.898,0.020,-1.512,-11.893,0.000,1.500,0.024
66.36,-11.899,0.021,-1.512,-11.893,0.000,1.500,0.025
66.38,-11.899,0.021,-1.512,-11.893,0.000,1.500,0.025
66.41,-11.899,0.022,-1.512,-11.893,0.000,1.500,0.026
66.43,-11.899,0.022,-1.512,-11.893,0.000,1.500,0.026
66.45,-11.900,0.023,-1.511,-11.893,0.000,1.500,0.027
66.47,-11.900,0.023,-1.511,-11.893,0.000,1.500,0.027
66.49,-11.900,0.024,-1.511,-11.893,0.000,1.500,0.028
66.51,-11.900,0.024,-1.511,-11.893,0.000,1.500,0.028
66.53,-11.900,0.025,-1.510,-11.893,0.000,1.500,0.028
66.55,-11.900,0.025,-1.510,-11.893,0.000,1.500,0.028
66.57,-11.900,0.025,-1.510,-11.893,0.000,1.500,0.028
66.59,-11.900,0.026,-1.509,-11.893,0.000,1.500,0.029
66.61,-11.900,0.026,-1.509,-11.893,0.000,1.500,0.029
66.64,-11.899,0.027,-1.508,-11.893,0.000,1.500,0.029
66.66,-11.899,0.027,-1.508,-11.893,0.000,1.500,0.029
66.68,-11.898,0.027,-1.507,-11.893,0.000,1.500,0.029
66.70,-11.898,0.027,-1.507,-11.893,0.000,1.500,0.029
66.72,-11.897,0.028,-1.506,-11.893,0.000,1.500,0.029
66.74,-11.897,0.028,-1.506,-11.893,0.000,1.500,0.029
66.76,-11.897,0.027,-1.505,-11.893,0.000,1.500,0.028
66.78,-11.897,0.027,-1.505,-11.893,0.000,1.500,0.028
66.80,-11.896,0.027,-1.505,-11.893,0.000,1.500,0.028
66.82,-11.896,0.027,-1.505,-11.893,0.000,1.500,0.028
66.84,-11.895,0.026,-1.504,-11.893,0.000,1.500,0.027
66.87,-11.895,0.026,-1.504,-11.893,0.000,1.500,0.027
66.89,-11.894,0.026,-1.503,-11.893,0.000,1.500,0.026
66.91,-11.894,0.026,-1.503,-11.893,0.000,1.500,0.026
66.93,-11.893,0.025,-1.503,-11.893,0.000,1.500,0.025
66.95,-11.893,0.025,-1.503,-11.893,0.000,1.500,0.025
66.97,-11.892,0.024,-1.502,-11.893,0.000,1.500,0.024
66.99,-11.892,0.024,-1.502,-11.893,0.000,1.500,0.024
67.01,-11.892,0.023,-1.502,-11.893,0.000,1.500,0.023
67.03,-11.892,0.023,-1.502,-11.893,0.000,1.500,0.023
67.05,-11.891,0.022,-1.501,-11.893,0.000,1.500,0.022
67.07,-11.891,0.022,-1.501,-11.893,0.000,1.500,0.022
67.09,-11.891,0.022,-1.501,-11.893,0.000,1.500,0.022
67.12,-11.889,0.020,-1.500,-11.893,0.000,1.500,0.020
67.14,-11.889,0.020,-1.500,-11.893,0.000,1.500,0.020
67.16,-11.888,0.018,-1.499,-11.893,0.000,1.500,0.019
67.18,-11.888,0.018,-1.499,-11.893,0.000,1.500,0.019
67.20,-11.888,0.017,-1.499,-11.893,0.000,1.500,0.018
67.22,-11.888,0.017,-1.499,-11.893,0.000,1.500,0.018
67.24,-11.887,0.015,-1.498,-11.893,0.000,1.500,0.016
67.26,-11.887,0.015,-1.498,-11.893,0.000,1.500,0.016
67.28,-11.886,0.014,-1.498,-11.893,0.000,1.500,0.015
67.30,-11.886,0.014,-1.498,-11.893,0.000,1.500,0.015
67.32,-11.886,0.012,-1.497,-11.893,0.000,1.500,0.015
67.34,-11.886,0.012,-1.497,-11.893,0.000,1.500,0.015
67.36,-11.885,0.011,-1.497,-11.893,0.000,1.500,0.014
67.39,-11.885,0.011,-1.497,-11.893,0.000,1.500,0.014
67.41,-11.884,0.010,-1.497,-11.893,0.000,1.500,0.013
67.43,-11.884,0.010,-1.497,-11.893,0.000,1.500,0.013
67.45,-11.884,0.008,-1.497,-11.893,0.000,1.500,0.013
67.47,-11.884,0.008,-1.497,-11.893,0.000,1.500,0.013
67.49,-11.883,0.007,-1.497,-11.893,0.000,1.500,0.013
67.51,-11.883,0.007,-1.497,-11.893,0.000,1.500,0.013
67.53,-11.882,0.006,-1.497,-11.893,0.000,1.500,0.013
67.55,-11.882,0.006,-1.497,-11.893,0.000,1.500,0.013
67.57,-11.881,0.005,-1.497,-11.893,0.000,1.500,0.013
67.59,-11.881,0.005,-1.497,-11.893,0.000,1.500,0.013
67.61,-11.881,0.005,-1.497,-11.893,0.000,1.500,0.013
67.64,-11.880,0.004,-1.497,-11.893,0.000,1.500,0.014
67.66,-11.880,0.004,-1.497,-11.893,0.000,1.500,0.014
67.68,-11.879,0.002,-1.496,-11.893,0.000,1.500,0.015
67.70,-11.879,0.002,-1.496,-11.893,0.000,1.500,0.015
67.72,-11.878,0.002,-1.496,-11.893,0.000,1.500,0.016
67.74,-11.878,0.002,-1.496,-11.893,0.000,1.500,0.016
67.76,-11.878,0.001,-1.496,-11.893,0.000,1.500,0.016
67.78,-11.878,0.001,-1.496,-11.893,0.000,1.500,0.016
67.80,-11.877,0.001,-1.496,-11.893,0.000,1.500,0.016
67.82,-11.877,0.001,-1.496,-11.893,0.000,1.500,0.016
67.84,-11.877,0.000,-1.495,-11.893,0.000,1.500,0.016
67.87,-11.877,0.000,-1.495,-11.893,0.000,1.500,0.016
67.89,-11.878,0.000,-1.495,-11.893,0.000,1.500,0.016
67.91,-11.878,0.000,-1.495,-11.893,0.000,1.500,0.016
67.93,-11.878,-0.000,-1.494,-11.893,0.000,1.500,0.016
67.95,-11.878,-0.000,-1.494,-11.893,0.000,1.500,0.016
67.97,-11.879,-0.000,-1.494,-11.893,0.000,1.500,0.015
67.99,-11.879,-0.000,-1.494,-11.893,0.000,1.500,0.015
68.01,-11.880,-0.001,-1.494,-11.893,0.000,1.500,0.015
68.03,-11.880,-0.001,-1.494,-11.893,0.000,1.500,0.015
68.05,-11.881,-0.001,-1.494,-11.893,0.000,1.500,0.014
68.07,-11.881,-0.001,-1.494,-11.893,0.000,1.500,0.014
68.09,-11.881,-0.001,-1.494,-11.893,0.000,1.500,0.014
68.12,-11.882,-0.001,-1.494,-11.893,0.000,1.500,0.012
68.14,-11.882,-0.001,-1.494,-11.893,0.000,1.500,0.012
68.16,-11.883,-0.001,-1.494,-11.893,0.000,1.500,0.011
68.18,-11.883,-0.001,-1.494,-11.893,0.000,1.500,0.011
68.20,-11.884,-0.002,-1.495,-11.893,0.000,1.500,0.011
68.22,-11.884,-0.002,-1.495,-11.893,0.000,1.500,0.011
68.24,-11.884,-0.001,-1.495,-11.893,0.000,1.500,0.010
68.26,-11.884,-0.001,-1.495,-11.893,0.000,1.500,0.010
68.28,-11.885,-0.001,-1.495,-11.893,0.000,1.500,0.010
68.30,-11.885,-0.001,-1.495,-11.893,0.000,1.500,0.010
68.32,-11.885,-0.001,-1.496,-11.893,0.000,1.500,0.009
68.35,-11.885,-0.001,-1.496,-11.893,0.000,1.500,0.009
68.37,-11.885,-0.000,-1.496,-11.893,0.000,1.500,0.009
68.39,-11.885,-0.000,-1.496,-11.893,0.000,1.500,0.009
68.41,-11.885,0.000,-1.497,-11.893,0.000,1.500,0.008
68.43,-11.885,0.000,-1.497,-11.893,0.000,1.500,0.008
68.45,-11.886,0.000,-1.497,-11.893,0.000,1.500,0.008
68.47,-11.886,0.000,-1.497,-11.893,0.000,1.500,0.008
68.49,-11.886,0.001,-1.497,-11.893,0.000,1.500,0.008
68.51,-11.886,0.001,-1.497,-11.893,0.000,1.500,0.008
68.53,-11.886,0.001,-1.498,-11.893,0.000,1.500,0.007
68.55,-11.886,0.001,-1.498,-11.893,0.000,1.500,0.007
68.58,-11.886,0.001,-1.498,-11.893,0.000,1.500,0.007
68.60,-11.886,0.001,-1.498,-11.893,0.000,1.500,0.007
68.62,-11.886,0.001,-1.498,-11.893,0.000,1.500,0.007
68.64,-11.886,0.001,-1.499,-11.893,0.000,1.500,0.007
68.66,-11.886,0.001,-1.499,-11.893,0.000,1.500,0.007
68.68,-11.886,0.001,-1.499,-11.893,0.000,1.500,0.007
68.70,-11.886,0.001,-1.499,-11.893,0.000,1.500,0.007
68.72,-11.887,0.001,-1.500,-11.893,0.000,1.500,0.006
68.74,-11.887,0.001,-1.500,-11.893,0.000,1.500,0.006
68.76,-11.887,0.001,-1.500,-11.893,0.000,1.500,0.006
68.78,-11.887,0.001,-1.500,-11.893,0.000,1.500,0.006
68.80,-11.887,0.001,-1.500,-11.893,0.000,1.500,0.006
68.83,-11.887,0.001,-1.500,-11.893,0.000,1.500,0.006
68.85,-11.887,0.000,-1.500,-11.893,0.000,1.500,0.006
68.87,-11.887,0.000,-1.500,-11.893,0.000,1.500,0.006
68.89,-11.887,0.000,-1.500,-11.893,0.000,1.500,0.006
68.91,-11.887,0.000,-1.500,-11.893,0.000,1.500,0.006
68.93,-11.888,0.000,-1.500,-11.893,0.000,1.500,0.005
68.95,-11.888,0.000,-1.500,-11.893,0.000,1.500,0.005
68.97,-11.888,0.001,-1.500,-11.893,0.000,1.500,0.005
68.99,-11.888,0.001,-1.500,-11.893,0.000,1.500,0.005
69.01,-11.888,0.001,-1.500,-11.893,0.000,1.500,0.005
69.03,-11.888,0.001,-1.500,-11.893,0.000,1.500,0.005
69.05,-11.889,0.002,-1.500,-11.893,0.000,1.500,0.004
69.07,-11.889,0.002,-1.500,-11.893,0.000,1.500,0.004
69.10,-11.889,0.002,-1.500,-11.893,0.000,1.500,0.004
69.12,-11.891,0.003,-1.500,-11.893,0.000,1.500,0.003
69.14,-11.891,0.003,-1.500,-11.893,0.000,1.500,0.003
69.16,-11.892,0.003,-1.500,-11.893,0.000,1.500,0.003
69.18,-11.892,0.003,-1.500,-11.893,0.000,1.500,0.003
69.20,-11.893,0.004,-1.500,-11.893,0.000,1.500,0.004
69.22,-11.893,0.004,-1.500,-11.893,0.000,1.500,0.004
69.24,-11.895,0.005,-1.500,-11.893,0.000,1.500,0.005
69.26,-11.895,0.005,-1.500,-11.893,0.000,1.500,0.005
69.28,-11.896,0.006,-1.500,-11.893,0.000,1.500,0.006
69.30,-11.896,0.006,-1.500,-11.893,0.000,1.500,0.006
69.33,-11.898,0.007,-1.500,-11.893,0.000,1.500,0.008
69.35,-11.898,0.007,-1.500,-11.893,0.000,1.500,0.008
69.37,-11.899,0.008,-1.500,-11.893,0.000,1.500,0.010
69.39,-11.899,0.008,-1.500,-11.893,0.000,1.500,0.010
69.41,-11.901,0.009,-1.500,-11.893,0.000,1.500,0.011
69.43,-11.901,0.009,-1.500,-11.893,0.000,1.500,0.011
69.45,-11.902,0.010,-1.500,-11.893,0.000,1.500,0.013
69.47,-11.902,0.010,-1.500,-11.893,0.000,1.500,0.013
69.49,-11.903,0.011,-1.500,-11.893,0.000,1.500,0.015
69.51,-11.903,0.011,-1.500,-11.893,0.000,1.500,0.015
69.53,-11.904,0.012,-1.500,-11.893,0.000,1.500,0.016
69.55,-11.904,0.012,-1.500,-11.893,0.000,1.500,0.016
69.58,-11.905,0.013,-1.501,-11.893,0.000,1.500,0.018
69.60,-11.905,0.013,-1.501,-11.893,0.000,1.500,0.018
69.62,-11.905,0.013,-1.501,-11.893,0.000,1.500,0.018
69.64,-11.906,0.014,-1.501,-11.893,0.000,1.500,0.020
69.66,-11.906,0.014,-1.501,-11.893,0.000,1.500,0.020
69.68,-11.907,0.015,-1.501,-11.893,0.000,1.500,0.021
69.70,-11.907,0.015,-1.501,-11.893,0.000,1.500,0.021
69.72,-11.907,0.016,-1.501,-11.893,0.000,1.500,0.022
69.74,-11.907,0.016,-1.501,-11.893,0.000,1.500,0.022
69.76,-11.908,0.017,-1.501,-11.893,0.000,1.500,0.022
69.78,-11.908,0.017,-1.501,-11.893,0.000,1.500,0.022
69.80,-11.908,0.018,-1.501,-11.893,0.000,1.500,0.023
69.83,-11.908,0.018,-1.501,-11.893,0.000,1.500,0.023
69.85,-11.908,0.019,-1.501,-11.893,0.000,1.500,0.024
69.87,-11.908,0.019,-1.501,-11.893,0.000,1.500,0.024
69.89,-11.909,0.020,-1.500,-11.893,0.000,1.500,0.025
69.91,-11.909,0.020,-1.500,-11.893,0.000,1.500,0.025
69.93,-11.909,0.020,-1.500,-11.893,0.000,1.500,0.026
69.95,-11.909,0.020,-1.500,-11.893,0.000,1.500,0.026
69.97,-11.909,0.021,-1.500,-11.893,0.000,1.500,0.027
69.99,-11.909,0.021,-1.500,-11.893,0.000,1.500,0.027
70.01,-11.909,0.022,-1.500,-11.893,0.000,1.500,0.027
70.04,-11.909,0.022,-1.500,-11.893,0.000,1.500,0.027
70.06,-11.909,0.023,-1.500,-11.893,0.000,1.500,0.028
70.08,-11.909,0.023,-1.500,-11.893,0.000,1.500,0.028
70.10,-11.909,0.023,-1.500,-11.893,0.000,1.500,0.028
70.12,-11.909,0.024,-1.501,-11.893,0.000,1.500,0.029
70.14,-11.909,0.024,-1.501,-11.893,0.000,1.500,0.029
70.16,-11.909,0.024,-1.501,-11.893,0.000,1.500,0.029
70.18,-11.909,0.024,-1.501,-11.893,0.000,1.500,0.029
70.20,-11.909,0.024,-1.501,-11.893,0.000,1.500,0.029
70.22,-11.909,0.024,-1.501,-11.893,0.000,1.500,0.029
70.24,-11.909,0.024,-1.501,-11.893,0.000,1.500,0.029
70.26,-11.909,0.024,-1.501,-11.893,0.000,1.500,0.029
70.29,-11.909,0.024,-1.501,-11.893,0.000,1.500,0.029
70.31,-11.909,0.024,-1.501,-11.893,0.000,1.500,0.029
70.33,-11.909,0.024,-1.502,-11.893,0.000,1.500,0.029
70.35,-11.909,0.024,-1.502,-11.893,0.000,1.500,0.029
70.37,-11.909,0.024,-1.502,-11.893,0.000,1.500,0.029
70.39,-11.909,0.024,-1.502,-11.893,0.000,1.500,0.029
70.41,-11.909,0.024,-1.502,-11.893,0.000,1.500,0.029
70.43,-11.909,0.024,-1.502,-11.893,0.000,1.500,0.029
70.45,-11.909,0.023,-1.502,-11.893,0.000,1.500,0.029
70.47,-11.909,0.023,-1.502,-11.893,0.000,1.500,0.029
70.49,-11.910,0.023,-1.503,-11.893,0.000,1.500,0.028
70.51,-11.910,0.023,-1.503,-11.893,0.000,1.500,0.028
70.54,-11.910,0.022,-1.503,-11.893,0.000,1.500,0.028
70.56,-11.910,0.022,-1.503,-11.893,0.000,1.500,0.028
70.58,-11.910,0.021,-1.504,-11.893,0.000,1.500,0.027
70.60,-11.910,0.021,-1.504,-11.893,0.000,1.500,0.027
70.62,-11.910,0.021,-1.504,-11.893,0.000,1.500,0.027
70.64,-11.911,0.019,-1.504,-11.893,0.000,1.500,0.027
70.66,-11.911,0.019,-1.504,-11.893,0.000,1.500,0.027
70.68,-11.911,0.018,-1.505,-11.893,0.000,1.500,0.026
70.70,-11.911,0.018,-1.505,-11.893,0.000,1.500,0.026
70.72,-11.911,0.017,-1.505,-11.893,0.000,1.500,0.025
70.74,-11.911,0.017,-1.505,-11.893,0.000,1.500,0.025
70.77,-11.911,0.016,-1.505,-11.893,0.000,1.500,0.024
70.79,-11.911,0.016,-1.505,-11.893,0.000,1.500,0.024
70.81,-11.911,0.014,-1.505,-11.893,0.000,1.500,0.023
70.83,-11.911,0.014,-1.505,-11.893,0.000,1.500,0.023
70.85,-11.911,0.013,-1.505,-11.893,0.000,1.500,0.022
70.87,-11.911,0.013,-1.505,-11.893,0.000,1.500,0.022
70.89,-11.911,0.011,-1.505,-11.893,0.000,1.500,0.022
70.91,-11.911,0.011,-1.505,-11.893,0.000,1.500,0.022
70.93,-11.911,0.009,-1.505,-11.893,0.000,1.500,0.021
70.95,-11.911,0.009,-1.505,-11.893,0.000,1.500,0.021
70.97,-11.911,0.008,-1.504,-11.893,0.000,1.500,0.020
71.00,-11.911,0.008,-1.504,-11.893,0.000,1.500,0.020
71.02,-11.911,0.006,-1.504,-11.893,0.000,1.500,0.019
71.04,-11.911,0.006,-1.504,-11.893,0.000,1.500,0.019
71.06,-11.911,0.004,-1.503,-11.893,0.000,1.500,0.019
71.08,-11.911,0.004,-1.503,-11.893,0.000,1.500,0.019
71.10,-11.911,0.003,-1.502,-11.893,0.000,1.500,0.018
71.12,-11.911,0.003,-1.502,-11.893,0.000,1.500,0.018
71.14,-11.911,0.003,-1.502,-11.893,0.000,1.500,0.018
71.16,-11.911,0.001,-1.501,-11.893,0.000,1.500,0.018
71.18,-11.911,0.001,-1.501,-11.893,0.000,1.500,0.018
71.20,-11.910,-0.001,-1.500,-11.893,0.000,1.500,0.017
71.22,-11.910,-0.001,-1.500,-11.893,0.000,1.500,0.017
71.25,-11.910,-0.002,-1.499,-11.893,0.000,1.500,0.017
71.27,-11.910,-0.002,-1.499,-11.893,0.000,1.500,0.017
71.29,-11.910,-0.003,-1.499,-11.893,0.000,1.500,0.017
71.31,-11.910,-0.003,-1.499,-11.893,0.000,1.500,0.017
71.33,-11.909,-0.004,-1.498,-11.893,0.000,1.500,0.017
71.35,-11.909,-0.004,-1.498,-11.893,0.000,1.500,0.017
71.37,-11.909,-0.006,-1.497,-11.893,0.000,1.500,0.017
71.39,-11.909,-0.006,-1.497,-11.893,0.000,1.500,0.017
71.41,-11.908,-0.007,-1.496,-11.893,0.000,1.500,0.017
71.43,-11.908,-0.007,-1.496,-11.893,0.000,1.500,0.017
71.45,-11.908,-0.008,-1.495,-11.893,0.000,1.500,0.018
71.47,-11.908,-0.008,-1.495,-11.893,0.000,1.500,0.018
71.50,-11.908,-0.009,-1.494,-11.893,0.000,1.500,0.018
71.52,-11.908,-0.009,-1.494,-11.893,0.000,1.500,0.018
71.54,-11.907,-0.010,-1.494,-11.893,0.000,1.500,0.019
71.56,-11.907,-0.010,-1.494,-11.893,0.000,1.500,0.019
71.58,-11.907,-0.011,-1.493,-11.893,0.000,1.500,0.019
71.60,-11.907,-0.011,-1.493,-11.893,0.000,1.500,0.019
71.62,-11.907,-0.011,-1.493,-11.893,0.000,1.500,0.019
71.64,-11.906,-0.012,-1.492,-11.893,0.000,1.500,0.020
71.66,-11.906,-0.012,-1.492,-11.893,0.000,1.500,0.020
71.68,-11.906,-0.013,-1.492,-11.893,0.000,1.500,0.020
71.70,-11.906,-0.013,-1.492,-11.893,0.000,1.500,0.020
71.73,-11.905,-0.014,-1.491,-11.893,0.000,1.500,0.021
71.75,-11.905,-0.014,-1.491,-11.893,0.000,1.500,0.021
71.77,-11.905,-0.015,-1.490,-11.893,0.000,1.500,0.021
71.79,-11.905,-0.015,-1.490,-11.893,0.000,1.500,0.021
71.81,-11.905,-0.015,-1.490,-11.893,0.000,1.500,0.022
71.83,-11.905,-0.015,-1.490,-11.893,0.000,1.500,0.022
71.85,-11.904,-0.016,-1.489,-11.893,0.000,1.500,0.022
71.87,-11.904,-0.016,-1.489,-11.893,0.000,1.500,0.022
71.89,-11.904,-0.017,-1.488,-11.893,0.000,1.500,0.023
71.91,-11.904,-0.017,-1.488,-11.893,0.000,1.500,0.023
71.93,-11.904,-0.017,-1.487,-11.893,0.000,1.500,0.024
71.95,-11.904,-0.017,-1.487,-11.893,0.000,1.500,0.024
71.98,-11.904,-0.018,-1.486,-11.893,0.000,1.500,0.025
72.00,-11.904,-0.018,-1.486,-11.893,0.000,1.500,0.025
72.02,-11.904,-0.018,-1.486,-11.893,0.000,1.500,0.026
72.04,-11.904,-0.018,-1.486,-11.893,0.000,1.500,0.026
72.06,-11.904,-0.019,-1.485,-11.893,0.000,1.500,0.026
72.08,-11.904,-0.019,-1.485,-11.893,0.000,1.500,0.026
72.10,-11.904,-0.020,-1.484,-11.893,0.000,1.500,0.027
72.12,-11.904,-0.020,-1.484,-11.893,0.000,1.500,0.027
72.14,-11.904,-0.020,-1.484,-11.893,0.000,1.500,0.027
72.16,-11.904,-0.021,-1.484,-11.893,0.000,1.500,0.028
72.18,-11.904,-0.021,-1.484,-11.893,0.000,1.500,0.028
72.21,-11.904,-0.022,-1.484,-11.893,0.000,1.500,0.029
72.23,-11.904,-0.022,-1.484,-11.893,0.000,1.500,0.029
72.25,-11.904,-0.023,-1.484,-11.893,0.000,1.500,0.030
72.27,-11.904,-0.023,-1.484,-11.893,0.000,1.500,0.030
72.29,-11.904,-0.024,-1.484,-11.893,0.000,1.500,0.031
72.31,-11.904,-0.024,-1.484,-11.893,0.000,1.500,0.031
72.33,-11.904,-0.025,-1.484,-11.893,0.000,1.500,0.032
72.35,-11.904,-0.025,-1.484,-11.893,0.000,1.500,0.032
72.37,-11.904,-0.026,-1.484,-11.893,0.000,1.500,0.032
72.39,-11.904,-0.026,-1.484,-11.893,0.000,1.500,0.032
72.41,-11.904,-0.027,-1.484,-11.893,0.000,1.500,0.033
72.43,-11.904,-0.027,-1.484,-11.893,0.000,1.500,0.033
72.46,-11.904,-0.028,-1.484,-11.893,0.000,1.500,0.034
72.48,-11.904,-0.028,-1.484,-11.893,0.000,1.500,0.034
72.50,-11.904,-0.029,-1.485,-11.893,0.000,1.500,0.035
72.52,-11.904,-0.029,-1.485,-11.893,0.000,1.500,0.035
72.54,-11.904,-0.030,-1.485,-11.893,0.000,1.500,0.036
72.56,-11.904,-0.030,-1.485,-11.893,0.000,1.500,0.036
72.58,-11.904,-0.031,-1.485,-11.893,0.000,1.500,0.036
72.60,-11.904,-0.031,-1.485,-11.893,0.000,1.500,0.036
72.62,-11.904,-0.031,-1.485,-11.893,0.000,1.500,0.036
72.64,-11.905,-0.032,-1.485,-11.893,0.000,1.500,0.037
72.66,-11.905,-0.032,-1.485,-11.893,0.000,1.500,0.037
72.68,-11.905,-0.032,-1.485,-11.893,0.000,1.500,0.037
72.71,-11.905,-0.032,-1.485,-11.893,0.000,1.500,0.037
72.73,-11.905,-0.033,-1.486,-11.893,0.000,1.500,0.038
72.75,-11.905,-0.033,-1.486,-11.893,0.000,1.500,0.038
72.77,-11.905,-0.033,-1.486,-11.893,0.000,1.500,0.037
72.79,-11.905,-0.033,-1.486,-11.893,0.000,1.500,0.037
72.81,-11.906,-0.032,-1.487,-11.893,0.000,1.500,0.037
72.83,-11.906,-0.032,-1.487,-11.893,0.000,1.500,0.037
72.85,-11.906,-0.032,-1.488,-11.893,0.000,1.500,0.037
72.87,-11.906,-0.032,-1.488,-11.893,0.000,1.500,0.037
72.89,-11.907,-0.031,-1.489,-11.893,0.000,1.500,0.036
72.91,-11.907,-0.031,-1.489,-11.893,0.000,1.500,0.036
72.93,-11.907,-0.031,-1.489,-11.893,0.000,1.500,0.035
72.95,-11.907,-0.031,-1.489,-11.893,0.000,1.500,0.035
72.98,-11.908,-0.030,-1.490,-11.893,0.000,1.500,0.035
73.00,-11.908,-0.030,-1.490,-11.893,0.000,1.500,0.035
73.02,-11.909,-0.028,-1.491,-11.893,0.000,1.500,0.034
73.04,-11.909,-0.028,-1.491,-11.893,0.000,1.500,0.034
73.06,-11.910,-0.027,-1.491,-11.893,0.000,1.500,0.033
73.08,-11.910,-0.027,-1.491,-11.893,0.000,1.500,0.033
73.10,-11.911,-0.026,-1.492,-11.893,0.000,1.500,0.033
73.12,-11.911,-0.026,-1.492,-11.893,0.000,1.500,0.033
73.14,-11.911,-0.026,-1.492,-11.893,0.000,1.500,0.033
73.16,-11.912,-0.025,-1.492,-11.893,0.000,1.500,0.032
73.18,-11.912,-0.025,-1.492,-11.893,0.000,1.500,0.032
73.20,-11.913,-0.023,-1.492,-11.893,0.000,1.500,0.032
73.23,-11.913,-0.023,-1.492,-11.893,0.000,1.500,0.032
73.25,-11.913,-0.022,-1.493,-11.893,0.000,1.500,0.031
73.27,-11.913,-0.022,-1.493,-11.893,0.000,1.500,0.031
73.29,-11.914,-0.021,-1.493,-11.893,0.000,1.500,0.031
73.31,-11.914,-0.021,-1.493,-11.893,0.000,1.500,0.031
73.33,-11.914,-0.020,-1.493,-11.893,0.000,1.500,0.030
73.35,-11.914,-0.020,-1.493,-11.893,0.000,1.500,0.030
73.37,-11.914,-0.019,-1.493,-11.893,0.000,1.500,0.030
73.39,-11.914,-0.019,-1.493,-11.893,0.000,1.500,0.030
73.41,-11.915,-0.018,-1.493,-11.893,0.000,1.500,0.029
73.44,-11.915,-0.018,-1.493,-11.893,0.000,1.500,0.029
73.46,-11.915,-0.017,-1.493,-11.893,0.000,1.500,0.028
73.48,-11.915,-0.017,-1.493,-11.893,0.000,1.500,0.028
73.50,-11.914,-0.016,-1.493,-11.893,0.000,1.500,0.028
73.52,-11.914,-0.016,-1.493,-11.893,0.000,1.500,0.028
73.54,-11.914,-0.015,-1.493,-11.893,0.000,1.500,0.027
73.56,-11.914,-0.015,-1.493,-11.893,0.000,1.500,0.027
73.58,-11.913,-0.014,-1.493,-11.893,0.000,1.500,0.025
73.60,-11.913,-0.014,-1.493,-11.893,0.000,1.500,0.025
73.62,-11.913,-0.012,-1.494,-11.893,0.000,1.500,0.024
73.64,-11.913,-0.012,-1.494,-11.893,0.000,1.500,0.024
73.67,-11.913,-0.012,-1.494,-11.893,0.000,1.500,0.024
73.69,-11.911,-0.010,-1.494,-11.893,0.000,1.500,0.022
73.71,-11.911,-0.010,-1.494,-11.893,0.000,1.500,0.022
73.73,-11.910,-0.009,-1.494,-11.893,0.000,1.500,0.020
73.75,-11.910,-0.009,-1.494,-11.893,0.000,1.500,0.020
73.77,-11.909,-0.008,-1.494,-11.893,0.000,1.500,0.019
73.79,-11.909,-0.008,-1.494,-11.893,0.000,1.500,0.019
73.81,-11.908,-0.006,-1.493,-11.893,0.000,1.500,0.017
73.83,-11.908,-0.006,-1.493,-11.893,0.000,1.500,0.017
73.85,-11.906,-0.005,-1.493,-11.893,0.000,1.500,0.016
73.87,-11.906,-0.005,-1.493,-11.893,0.000,1.500,0.016
73.90,-11.905,-0.004,-1.493,-11.893,0.000,1.500,0.015
73.92,-11.905,-0.004,-1.493,-11.893,0.000,1.500,0.015
73.94,-11.903,-0.002,-1.492,-11.893,0.000,1.500,0.013
73.96,-11.903,-0.002,-1.492,-11.893,0.000,1.500,0.013
73.98,-11.902,-0.001,-1.492,-11.893,0.000,1.500,0.012
74.00,-11.902,-0.001,-1.492,-11.893,0.000,1.500,0.012
74.02,-11.901,0.000,-1.492,-11.893,0.000,1.500,0.012
74.04,-11.901,0.000,-1.492,-11.893,0.000,1.500,0.012
74.06,-11.900,0.002,-1.491,-11.893,0.000,1.500,0.011
74.08,-11.900,0.002,-1.491,-11.893,0.000,1.500,0.011
74.10,-11.899,0.003,-1.491,-11.893,0.000,1.500,0.011
74.12,-11.899,0.003,-1.491,-11.893,0.000,1.500,0.011
74.14,-11.899,0.003,-1.491,-11.893,0.000,1.500,0.011
74.17,-11.897,0.005,-1.491,-11.893,0.000,1.500,0.011
74.19,-11.897,0.005,-1.491,-11.893,0.000,1.500,0.011
74.21,-11.895,0.006,-1.490,-11.893,0.000,1.500,0.012
74.23,-11.895,0.006,-1.490,-11.893,0.000,1.500,0.012
74.25,-11.894,0.008,-1.490,-11.893,0.000,1.500,0.012
74.27,-11.894,0.008,-1.490,-11.893,0.000,1.500,0.012
74.29,-11.892,0.009,-1.490,-11.893,0.000,1.500,0.013
74.31,-11.892,0.009,-1.490,-11.893,0.000,1.500,0.013
74.33,-11.890,0.010,-1.490,-11.893,0.000,1.500,0.015
74.35,-11.890,0.010,-1.490,-11.893,0.000,1.500,0.015
74.38,-11.889,0.012,-1.490,-11.893,0.000,1.500,0.016
74.40,-11.889,0.012,-1.490,-11.893,0.000,1.500,0.016
74.42,-11.886,0.013,-1.489,-11.893,0.000,1.500,0.018
74.44,-11.886,0.013,-1.489,-11.893,0.000,1.500,0.018
74.46,-11.884,0.015,-1.489,-11.893,0.000,1.500,0.020
74.48,-11.884,0.015,-1.489,-11.893,0.000,1.500,0.020
74.50,-11.882,0.016,-1.489,-11.893,0.000,1.500,0.022
74.52,-11.882,0.016,-1.489,-11.893,0.000,1.500,0.022
74.54,-11.880,0.018,-1.489,-11.893,0.000,1.500,0.024
74.56,-11.880,0.018,-1.489,-11.893,0.000,1.500,0.024
74.59,-11.877,0.019,-1.489,-11.893,0.000,1.500,0.027
74.61,-11.877,0.019,-1.489,-11.893,0.000,1.500,0.027
74.63,-11.874,0.021,-1.490,-11.893,0.000,1.500,0.030
74.65,-11.874,0.021,-1.490,-11.893,0.000,1.500,0.030
74.67,-11.874,0.021,-1.490,-11.893,0.000,1.500,0.030
74.69,-11.870,0.023,-1.490,-11.893,0.000,1.500,0.034
74.71,-11.870,0.023,-1.490,-11.893,0.000,1.500,0.034
74.73,-11.868,0.024,-1.491,-11.893,0.000,1.500,0.036
74.75,-11.868,0.024,-1.491,-11.893,0.000,1.500,0.036
74.77,-11.865,0.026,-1.491,-11.893,0.000,1.500,0.039
74.79,-11.865,0.026,-1.491,-11.893,0.000,1.500,0.039
74.81,-11.863,0.027,-1.492,-11.893,0.000,1.500,0.041
74.84,-11.863,0.027,-1.492,-11.893,0.000,1.500,0.041
74.86,-11.860,0.028,-1.493,-11.893,0.000,1.500,0.044
74.88,-11.860,0.028,-1.493,-11.893,0.000,1.500,0.044
74.90,-11.857,0.029,-1.494,-11.893,0.000,1.500,0.046
74.92,-11.857,0.029,-1.494,-11.893,0.000,1.500,0.046
74.94,-11.855,0.030,-1.495,-11.893,0.000,1.500,0.048
74.96,-11.855,0.030,-1.495,-11.893,0.000,1.500,0.048
74.98,-11.853,0.030,-1.496,-11.893,0.000,1.500,0.050
75.00,-11.853,0.030,-1.496,-11.893,0.000,1.500,0.050
75.02,-11.851,0.031,-1.496,-11.893,0.000,1.500,0.052
75.04,-11.851,0.031,-1.496,-11.893,0.000,1.500,0.052
75.06,-11.849,0.031,-1.497,-11.893,0.000,1.500,0.054
75.09,-11.849,0.031,-1.497,-11.893,0.000,1.500,0.054
75.11,-11.848,0.031,-1.498,-11.893,0.000,1.500,0.055
75.13,-11.848,0.031,-1.498,-11.893,0.000,1.500,0.055
75.15,-11.848,0.031,-1.498,-11.893,0.000,1.500,0.055
75.17,-11.846,0.031,-1.499,-11.893,0.000,1.500,0.056
75.19,-11.846,0.031,-1.499,-11.893,0.000,1.500,0.056
75.21,-11.845,0.031,-1.499,-11.893,0.000,1.500,0.057
75.23,-11.845,0.031,-1.499,-11.893,0.000,1.500,0.057
75.25,-11.845,0.030,-1.499,-11.893,0.000,1.500,0.057
75.27,-11.845,0.030,-1.499,-11.893,0.000,1.500,0.057
75.29,-11.845,0.030,-1.499,-11.893,0.000,1.500,0.057
75.32,-11.845,0.030,-1.499,-11.893,0.000,1.500,0.057
75.34,-11.845,0.028,-1.500,-11.893,0.000,1.500,0.056
75.36,-11.845,0.028,-1.500,-11.893,0.000,1.500,0.056
75.38,-11.845,0.027,-1.500,-11.893,0.000,1.500,0.055
75.40,-11.845,0.027,-1.500,-11.893,0.000,1.500,0.055
75.42,-11.846,0.026,-1.500,-11.893,0.000,1.500,0.054
75.44,-11.846,0.026,-1.500,-11.893,0.000,1.500,0.054
75.46,-11.847,0.025,-1.500,-11.893,0.000,1.500,0.052
75.48,-11.847,0.025,-1.500,-11.893,0.000,1.500,0.052
75.50,-11.848,0.024,-1.500,-11.893,0.000,1.500,0.051
75.53,-11.848,0.024,-1.500,-11.893,0.000,1.500,0.051
75.55,-11.851,0.023,-1.500,-11.893,0.000,1.500,0.048
75.57,-11.851,0.023,-1.500,-11.893,0.000,1.500,0.048
75.59,-11.853,0.021,-1.500,-11.893,0.000,1.500,0.045
75.61,-11.853,0.021,-1.500,-11.893,0.000,1.500,0.045
75.63,-11.855,0.021,-1.499,-11.893,0.000,1.500,0.043
75.65,-11.855,0.021,-1.499,-11.893,0.000,1.500,0.043
75.67,-11.855,0.021,-1.499,-11.893,0.000,1.500,0.043
75.69,-11.859,0.019,-1.499,-11.893,0.000,1.500,0.039
75.71,-11.859,0.019,-1.499,-11.893,0.000,1.500,0.039
75.73,-11.862,0.018,-1.498,-11.893,0.000,1.500,0.036
75.75,-11.862,0.018,-1.498,-11.893,0.000,1.500,0.036
75.77,-11.864,0.016,-1.498,-11.893,0.000,1.500,0.033
75.80,-11.864,0.016,-1.498,-11.893,0.000,1.500,0.033
75.82,-11.868,0.015,-1.498,-11.893,0.000,1.500,0.029
75.84,-11.868,0.015,-1.498,-11.893,0.000,1.500,0.029
75.86,-11.871,0.014,-1.498,-11.893,0.000,1.500,0.026
75.88,-11.871,0.014,-1.498,-11.893,0.000,1.500,0.026
75.90,-11.873,0.013,-1.497,-11.893,0.000,1.500,0.024
75.92,-11.873,0.013,-1.497,-11.893,0.000,1.500,0.024
75.94,-11.876,0.012,-1.497,-11.893,0.000,1.500,0.021
75.96,-11.876,0.012,-1.497,-11.893,0.000,1.500,0.021
75.98,-11.878,0.010,-1.497,-11.893,0.000,1.500,0.018
76.00,-11.878,0.010,-1.497,-11.893,0.000,1.500,0.018
76.02,-11.881,0.009,-1.496,-11.893,0.000,1.500,0.015
76.05,-11.881,0.009,-1.496,-11.893,0.000,1.500,0.015
76.07,-11.882,0.007,-1.496,-11.893,0.000,1.500,0.013
76.09,-11.882,0.007,-1.496,-11.893,0.000,1.500,0.013
76.11,-11.884,0.007,-1.496,-11.893,0.000,1.500,0.012
76.13,-11.884,0.007,-1.496,-11.893,0.000,1.500,0.012
76.15,-11.884,0.007,-1.496,-11.893,0.000,1.500,0.012
76.17,-11.886,0.005,-1.496,-11.893,0.000,1.500,0.009
76.19,-11.886,0.005,-1.496,-11.893,0.000,1.500,0.009
76.21,-11.887,0.004,-1.496,-11.893,0.000,1.500,0.008
76.23,-11.887,0.004,-1.496,-11.893,0.000,1.500,0.008
76.26,-11.889,0.004,-1.497,-11.893,0.000,1.500,0.007
76.28,-11.889,0.004,-1.497,-11.893,0.000,1.500,0.007
76.30,-11.890,0.003,-1.497,-11.893,0.000,1.500,0.005
76.32,-11.890,0.003,-1.497,-11.893,0.000,1.500,0.005
76.34,-11.891,0.003,-1.497,-11.893,0.000,1.500,0.005
76.36,-11.891,0.003,-1.497,-11.893,0.000,1.500,0.005
76.38,-11.893,0.003,-1.497,-11.893,0.000,1.500,0.004
76.40,-11.893,0.003,-1.497,-11.893,0.000,1.500,0.004
76.42,-11.894,0.003,-1.497,-11.893,0.000,1.500,0.004
76.44,-11.894,0.003,-1.497,-11.893,0.000,1.500,0.004
76.46,-11.895,0.003,-1.498,-11.893,0.000,1.500,0.004
76.48,-11.895,0.003,-1.498,-11.893,0.000,1.500,0.004
76.51,-11.897,0.003,-1.498,-11.893,0.000,1.500,0.005
76.53,-11.897,0.003,-1.498,-11.893,0.000,1.500,0.005
76.55,-11.898,0.004,-1.498,-11.893,0.000,1.500,0.006
76.57,-11.898,0.004,-1.498,-11.893,0.000,1.500,0.006
76.59,-11.899,0.004,-1.499,-11.893,0.000,1.500,0.007
76.61,-11.899,0.004,-1.499,-11.893,0.000,1.500,0.007
76.63,-11.901,0.004,-1.499,-11.893,0.000,1.500,0.009
76.65,-11.901,0.004,-1.499,-11.893,0.000,1.500,0.009
76.67,-11.901,0.004,-1.499,-11.893,0.000,1.500,0.009
76.69,-11.902,0.005,-1.499,-11.893,0.000,1.500,0.011
76.71,-11.902,0.005,-1.499,-11.893,0.000,1.500,0.011
76.73,-11.903,0.005,-1.499,-11.893,0.000,1.500,0.012
76.76,-11.903,0.005,-1.499,-11.893,0.000,1.500,0.012
76.78,-11.904,0.006,-1.499,-11.893,0.000,1.500,0.013
76.80,-11.904,0.006,-1.499,-11.893,0.000,1.500,0.013
76.82,-11.906,0.006,-1.499,-11.893,0.000,1.500,0.014
76.84,-11.906,0.006,-1.499,-11.893,0.000,1.500,0.014
76.86,-11.907,0.006,-1.499,-11.893,0.000,1.500,0.015
76.88,-11.907,0.006,-1.499,-11.893,0.000,1.500,0.015
76.90,-11.908,0.007,-1.499,-11.893,0.000,1.500,0.016
76.92,-11.908,0.007,-1.499,-11.893,0.000,1.500,0.016
76.94,-11.908,0.007,-1.500,-11.893,0.000,1.500,0.017
76.96,-11.908,0.007,-1.500,-11.893,0.000,1.500,0.017
76.98,-11.909,0.007,-1.500,-11.893,0.000,1.500,0.018
77.01,-11.909,0.007,-1.500,-11.893,0.000,1.500,0.018
77.03,-11.910,0.007,-1.500,-11.893,0.000,1.500,0.018
77.05,-11.910,0.007,-1.500,-11.893,0.000,1.500,0.018
77.07,-11.910,0.007,-1.500,-11.893,0.000,1.500,0.019
77.09,-11.910,0.007,-1.500,-11.893,0.000,1.500,0.019
77.11,-11.910,0.007,-1.500,-11.893,0.000,1.500,0.019
77.13,-11.910,0.007,-1.500,-11.893,0.000,1.500,0.019
77.15,-11.910,0.006,-1.500,-11.893,0.000,1.500,0.019
77.17,-11.910,0.006,-1.500,-11.893,0.000,1.500,0.019
77.19,-11.910,0.006,-1.500,-11.893,0.000,1.500,0.019
77.22,-11.910,0.006,-1.500,-11.893,0.000,1.500,0.018
77.24,-11.910,0.006,-1.500,-11.893,0.000,1.500,0.018
77.26,-11.910,0.005,-1.500,-11.893,0.000,1.500,0.018
77.28,-11.910,0.005,-1.500,-11.893,0.000,1.500,0.018
77.30,-11.910,0.004,-1.500,-11.893,0.000,1.500,0.018
77.32,-11.910,0.004,-1.500,-11.893,0.000,1.500,0.018
77.34,-11.910,0.004,-1.501,-11.893,0.000,1.500,0.018
77.36,-11.910,0.004,-1.501,-11.893,0.000,1.500,0.018
77.38,-11.910,0.003,-1.501,-11.893,0.000,1.500,0.017
77.40,-11.910,0.003,-1.501,-11.893,0.000,1.500,0.017
77.43,-11.909,0.001,-1.502,-11.893,0.000,1.500,0.017
77.45,-11.909,0.001,-1.502,-11.893,0.000,1.500,0.017
77.47,-11.909,0.000,-1.502,-11.893,0.000,1.500,0.016
77.49,-11.909,0.000,-1.502,-11.893,0.000,1.500,0.016
77.51,-11.908,-0.001,-1.503,-11.893,0.000,1.500,0.016
77.53,-11.908,-0.001,-1.503,-11.893,0.000,1.500,0.016
77.55,-11.907,-0.002,-1.504,-11.893,0.000,1.500,0.015
77.57,-11.907,-0.002,-1.504,-11.893,0.000,1.500,0.015
77.59,-11.907,-0.003,-1.504,-11.893,0.000,1.500,0.015
77.61,-11.907,-0.003,-1.504,-11.893,0.000,1.500,0.015
77.63,-11.906,-0.004,-1.505,-11.893,0.000,1.500,0.014
77.65,-11.906,-0.004,-1.505,-11.893,0.000,1.500,0.014
77.68,-11.906,-0.004,-1.505,-11.893,0.000,1.500,0.014
77.70,-11.904,-0.005,-1.506,-11.893,0.000,1.500,0.013
77.72,-11.904,-0.005,-1.506,-11.893,0.000,1.500,0.013
77.74,-11.902,-0.005,-1.507,-11.893,0.000,1.500,0.013
77.76,-11.902,-0.005,-1.507,-11.893,0.000,1.500,0.013
77.78,-11.901,-0.006,-1.508,-11.893,0.000,1.500,0.013
77.80,-11.901,-0.006,-1.508,-11.893,0.000,1.500,0.013
77.82,-11.900,-0.006,-1.508,-11.893,0.000,1.500,0.012
77.84,-11.900,-0.006,-1.508,-11.893,0.000,1.500,0.012
77.86,-11.898,-0.006,-1.509,-11.893,0.000,1.500,0.012
77.88,-11.898,-0.006,-1.509,-11.893,0.000,1.500,0.012
77.90,-11.897,-0.006,-1.510,-11.893,0.000,1.500,0.012
77.93,-11.897,-0.006,-1.510,-11.893,0.000,1.500,0.012
77.95,-11.896,-0.006,-1.510,-11.893,0.000,1.500,0.013
77.97,-11.896,-0.006,-1.510,-11.893,0.000,1.500,0.013
77.99,-11.896,-0.006,-1.511,-11.893,0.000,1.500,0.013
78.01,-11.896,-0.006,-1.511,-11.893,0.000,1.500,0.013
78.03,-11.895,-0.006,-1.511,-11.893,0.000,1.500,0.013
78.05,-11.895,-0.006,-1.511,-11.893,0.000,1.500,0.013
78.07,-11.895,-0.006,-1.511,-11.893,0.000,1.500,0.013
78.09,-11.895,-0.006,-1.511,-11.893,0.000,1.500,0.013
78.11,-11.895,-0.005,-1.511,-11.893,0.000,1.500,0.013
78.13,-11.895,-0.005,-1.511,-11.893,0.000,1.500,0.013
78.16,-11.895,-0.005,-1.511,-11.893,0.000,1.500,0.013
78.18,-11.895,-0.005,-1.511,-11.893,0.000,1.500,0.013
78.20,-11.895,-0.005,-1.511,-11.893,0.000,1.500,0.013
78.22,-11.895,-0.005,-1.511,-11.893,0.000,1.500,0.013
78.24,-11.895,-0.005,-1.511,-11.893,0.000,1.500,0.013
78.26,-11.895,-0.006,-1.511,-11.893,0.000,1.500,0.013
78.28,-11.895,-0.006,-1.511,-11.893,0.000,1.500,0.013
78.30,-11.895,-0.006,-1.511,-11.893,0.000,1.500,0.012
78.32,-11.895,-0.006,-1.511,-11.893,0.000,1.500,0.012
78.34,-11.895,-0.006,-1.510,-11.893,0.000,1.500,0.012
78.36,-11.895,-0.006,-1.510,-11.893,0.000,1.500,0.012
78.38,-11.895,-0.006,-1.510,-11.893,0.000,1.500,0.012
78.41,-11.895,-0.006,-1.510,-11.893,0.000,1.500,0.012
78.43,-11.895,-0.006,-1.509,-11.893,0.000,1.500,0.011
78.45,-11.895,-0.006,-1.509,-11.893,0.000,1.500,0.011
78.47,-11.895,-0.006,-1.509,-11.893,0.000,1.500,0.011
78.49,-11.895,-0.006,-1.509,-11.893,0.000,1.500,0.011
78.51,-11.895,-0.006,-1.508,-11.893,0.000,1.500,0.011
78.53,-11.895,-0.006,-1.508,-11.893,0.000,1.500,0.011
78.55,-11.895,-0.006,-1.508,-11.893,0.000,1.500,0.011
78.57,-11.895,-0.006,-1.508,-11.893,0.000,1.500,0.011
78.59,-11.895,-0.007,-1.508,-11.893,0.000,1.500,0.010
78.61,-11.895,-0.007,-1.508,-11.893,0.000,1.500,0.010
78.63,-11.895,-0.007,-1.507,-11.893,0.000,1.500,0.010
78.66,-11.895,-0.007,-1.507,-11.893,0.000,1.500,0.010
78.68,-11.895,-0.007,-1.507,-11.893,0.000,1.500,0.010
78.70,-11.894,-0.007,-1.507,-11.893,0.000,1.500,0.010
78.72,-11.894,-0.007,-1.507,-11.893,0.000,1.500,0.010
78.74,-11.894,-0.007,-1.507,-11.893,0.000,1.500,0.010
78.76,-11.894,-0.007,-1.507,-11.893,0.000,1.500,0.010
78.78,-11.894,-0.007,-1.506,-11.893,0.000,1.500,0.009
78.80,-11.894,-0.007,-1.506,-11.893,0.000,1.500,0.009
78.82,-11.894,-0.007,-1.506,-11.893,0.000,1.500,0.009
78.84,-11.894,-0.007,-1.506,-11.893,0.000,1.500,0.009
78.86,-11.894,-0.007,-1.506,-11.893,0.000,1.500,0.009
78.88,-11.894,-0.007,-1.506,-11.893,0.000,1.500,0.009
78.91,-11.894,-0.007,-1.506,-11.893,0.000,1.500,0.009
78.93,-11.894,-0.007,-1.506,-11.893,0.000,1.500,0.009
78.95,-11.895,-0.007,-1.505,-11.893,0.000,1.500,0.009
78.97,-11.895,-0.007,-1.505,-11.893,0.000,1.500,0.009
78.99,-11.895,-0.007,-1.505,-11.893,0.000,1.500,0.009
79.01,-11.895,-0.007,-1.505,-11.893,0.000,1.500,0.009
79.03,-11.895,-0.007,-1.505,-11.893,0.000,1.500,0.009
79.05,-11.895,-0.007,-1.505,-11.893,0.000,1.500,0.009
79.07,-11.895,-0.007,-1.505,-11.893,0.000,1.500,0.009
79.09,-11.895,-0.007,-1.505,-11.893,0.000,1.500,0.009
79.11,-11.896,-0.007,-1.506,-11.893,0.000,1.500,0.010
79.13,-11.896,-0.007,-1.506,-11.893,0.000,1.500,0.010
79.15,-11.896,-0.007,-1.506,-11.893,0.000,1.500,0.010
79.18,-11.896,-0.007,-1.506,-11.893,0.000,1.500,0.010
79.20,-11.896,-0.007,-1.506,-11.893,0.000,1.500,0.010
79.22,-11.897,-0.007,-1.507,-11.893,0.000,1.500,0.011
79.24,-11.897,-0.007,-1.507,-11.893,0.000,1.500,0.011
79.26,-11.897,-0.007,-1.507,-11.893,0.000,1.500,0.011
79.28,-11.897,-0.007,-1.507,-11.893,0.000,1.500,0.011
79.30,-11.898,-0.007,-1.508,-11.893,0.000,1.500,0.011
79.32,-11.898,-0.007,-1.508,-11.893,0.000,1.500,0.011
79.34,-11.899,-0.007,-1.508,-11.893,0.000,1.500,0.012
79.36,-11.899,-0.007,-1.508,-11.893,0.000,1.500,0.012
79.38,-11.900,-0.006,-1.508,-11.893,0.000,1.500,0.012
79.40,-11.900,-0.006,-1.508,-11.893,0.000,1.500,0.012
79.42,-11.901,-0.006,-1.508,-11.893,0.000,1.500,0.013
79.45,-11.901,-0.006,-1.508,-11.893,0.000,1.500,0.013
79.47,-11.902,-0.006,-1.508,-11.893,0.000,1.500,0.014
79.49,-11.902,-0.006,-1.508,-11.893,0.000,1.500,0.014
79.51,-11.903,-0.006,-1.508,-11.893,0.000,1.500,0.014
79.53,-11.903,-0.006,-1.508,-11.893,0.000,1.500,0.014
79.55,-11.904,-0.006,-1.508,-11.893,0.000,1.500,0.015
79.57,-11.904,-0.006,-1.508,-11.893,0.000,1.500,0.015
79.59,-11.904,-0.006,-1.508,-11.893,0.000,1.500,0.015
79.61,-11.904,-0.006,-1.508,-11.893,0.000,1.500,0.015
79.63,-11.905,-0.006,-1.507,-11.893,0.000,1.500,0.015
79.66,-11.905,-0.006,-1.507,-11.893,0.000,1.500,0.015
79.68,-11.905,-0.006,-1.507,-11.893,0.000,1.500,0.015
79.70,-11.906,-0.006,-1.506,-11.893,0.000,1.500,0.016
79.72,-11.906,-0.006,-1.506,-11.893,0.000,1.500,0.016
79.74,-11.907,-0.007,-1.505,-11.893,0.000,1.500,0.017
79.76,-11.907,-0.007,-1.505,-11.893,0.000,1.500,0.017
79.78,-11.908,-0.007,-1.504,-11.893,0.000,1.500,0.017
79.80,-11.908,-0.007,-1.504,-11.893,0.000,1.500,0.017
79.82,-11.909,-0.008,-1.503,-11.893,0.000,1.500,0.018
79.84,-11.909,-0.008,-1.503,-11.893,0.000,1.500,0.018
79.86,-11.910,-0.008,-1.502,-11.893,0.000,1.500,0.019
79.88,-11.910,-0.008,-1.502,-11.893,0.000,1.500,0.019
79.90,-11.911,-0.008,-1.501,-11.893,0.000,1.500,0.020
79.93,-11.911,-0.008,-1.501,-11.893,0.000,1.500,0.020
79.95,-11.913,-0.009,-1.499,-11.893,0.000,1.500,0.021
79.97,-11.913,-0.009,-1.499,-11.893,0.000,1.500,0.021
79.99,-11.914,-0.009,-1.498,-11.893,0.000,1.500,0.023
80.01,-11.914,-0.009,-1.498,-11.893,0.000,1.500,0.023
80.03,-11.915,-0.009,-1.497,-11.893,0.000,1.500,0.024
80.05,-11.915,-0.009,-1.497,-11.893,0.000,1.500,0.024
80.07,-11.916,-0.009,-1.495,-11.893,0.000,1.500,0.025
80.09,-11.916,-0.009,-1.495,-11.893,0.000,1.500,0.025
80.11,-11.917,-0.009,-1.495,-11.893,0.000,1.500,0.026
80.14,-11.917,-0.009,-1.495,-11.893,0.000,1.500,0.026
80.16,-11.918,-0.008,-1.493,-11.893,0.000,1.500,0.027
80.18,-11.918,-0.008,-1.493,-11.893,0.000,1.500,0.027
80.20,-11.918,-0.008,-1.493,-11.893,0.000,1.500,0.027
80.22,-11.920,-0.008,-1.492,-11.893,0.000,1.500,0.029
80.24,-11.920,-0.008,-1.492,-11.893,0.000,1.500,0.029
80.26,-11.921,-0.007,-1.492,-11.893,0.000,1.500,0.030
80.28,-11.921,-0.007,-1.492,-11.893,0.000,1.500,0.030
80.30,-11.921,-0.007,-1.491,-11.893,0.000,1.500,0.031
80.32,-11.921,-0.007,-1.491,-11.893,0.000,1.500,0.031
80.34,-11.922,-0.007,-1.491,-11.893,0.000,1.500,0.031
80.36,-11.922,-0.007,-1.491,-11.893,0.000,1.500,0.031
80.39,-11.923,-0.007,-1.491,-11.893,0.000,1.500,0.032
80.41,-11.923,-0.007,-1.491,-11.893,0.000,1.500,0.032
80.43,-11.924,-0.007,-1.491,-11.893,0.000,1.500,0.033
80.45,-11.924,-0.007,-1.491,-11.893,0.000,1.500,0.033
80.47,-11.924,-0.006,-1.491,-11.893,0.000,1.500,0.033
80.49,-11.924,-0.006,-1.491,-11.893,0.000,1.500,0.033
80.51,-11.924,-0.006,-1.491,-11.893,0.000,1.500,0.033
80.53,-11.924,-0.006,-1.491,-11.893,0.000,1.500,0.033
80.55,-11.924,-0.006,-1.491,-11.893,0.000,1.500,0.033
80.57,-11.924,-0.006,-1.491,-11.893,0.000,1.500,0.033
80.60,-11.924,-0.006,-1.492,-11.893,0.000,1.500,0.032
80.62,-11.924,-0.006,-1.492,-11.893,0.000,1.500,0.032
80.64,-11.923,-0.005,-1.493,-11.893,0.000,1.500,0.031
80.66,-11.923,-0.005,-1.493,-11.893,0.000,1.500,0.031
80.68,-11.922,-0.005,-1.493,-11.893,0.000,1.500,0.030
80.70,-11.922,-0.005,-1.493,-11.893,0.000,1.500,0.030
80.72,-11.922,-0.005,-1.493,-11.893,0.000,1.500,0.030
80.74,-11.921,-0.004,-1.494,-11.893,0.000,1.500,0.029
80.76,-11.921,-0.004,-1.494,-11.893,0.000,1.500,0.029
80.78,-11.920,-0.004,-1.495,-11.893,0.000,1.500,0.028
80.80,-11.920,-0.004,-1.495,-11.893,0.000,1.500,0.028
80.82,-11.919,-0.003,-1.495,-11.893,0.000,1.500,0.027
80.84,-11.919,-0.003,-1.495,-11.893,0.000,1.500,0.027
80.86,-11.918,-0.002,-1.496,-11.893,0.000,1.500,0.025
80.89,-11.918,-0.002,-1.496,-11.893,0.000,1.500,0.025
80.91,-11.917,-0.002,-1.497,-11.893,0.000,1.500,0.024
80.93,-11.917,-0.002,-1.497,-11.893,0.000,1.500,0.024
80.95,-11.916,-0.001,-1.497,-11.893,0.000,1.500,0.024
80.97,-11.916,-0.001,-1.497,-11.893,0.000,1.500,0.024
80.99,-11.915,-0.000,-1.498,-11.893,0.000,1.500,0.023
81.01,-11.915,-0.000,-1.498,-11.893,0.000,1.500,0.023
81.03,-11.915,0.001,-1.498,-11.893,0.000,1.500,0.022
81.05,-11.915,0.001,-1.498,-11.893,0.000,1.500,0.022
81.07,-11.914,0.001,-1.499,-11.893,0.000,1.500,0.021
81.09,-11.914,0.001,-1.499,-11.893,0.000,1.500,0.021
81.12,-11.912,0.002,-1.499,-11.893,0.000,1.500,0.020
81.14,-11.912,0.002,-1.499,-11.893,0.000,1.500,0.020
81.16,-11.911,0.003,-1.499,-11.893,0.000,1.500,0.018
81.18,-11.911,0.003,-1.499,-11.893,0.000,1.500,0.018
81.20,-11.911,0.003,-1.499,-11.893,0.000,1.500,0.018
81.22,-11.909,0.003,-1.498,-11.893,0.000,1.500,0.017
81.24,-11.909,0.003,-1.498,-11.893,0.000,1.500,0.017
81.26,-11.908,0.003,-1.498,-11.893,0.000,1.500,0.015
81.28,-11.908,0.003,-1.498,-11.893,0.000,1.500,0.015
81.30,-11.907,0.003,-1.498,-11.893,0.000,1.500,0.014
81.32,-11.907,0.003,-1.498,-11.893,0.000,1.500,0.014
81.34,-11.905,0.002,-1.497,-11.893,0.000,1.500,0.012
81.37,-11.905,0.002,-1.497,-11.893,0.000,1.500,0.012
81.39,-11.903,0.002,-1.497,-11.893,0.000,1.500,0.011
81.41,-11.903,0.002,-1.497,-11.893,0.000,1.500,0.011
81.43,-11.902,0.001,-1.497,-11.893,0.000,1.500,0.009
81.45,-11.902,0.001,-1.497,-11.893,0.000,1.500,0.009
81.47,-11.900,0.001,-1.497,-11.893,0.000,1.500,0.008
81.49,-11.900,0.001,-1.497,-11.893,0.000,1.500,0.008
81.51,-11.898,-0.000,-1.497,-11.893,0.000,1.500,0.006
81.53,-11.898,-0.000,-1.497,-11.893,0.000,1.500,0.006
81.55,-11.896,-0.001,-1.497,-11.893,0.000,1.500,0.005
81.58,-11.896,-0.001,-1.497,-11.893,0.000,1.500,0.005
81.60,-11.895,-0.002,-1.497,-11.893,0.000,1.500,0.004
81.62,-11.895,-0.002,-1.497,-11.893,0.000,1.500,0.004
81.64,-11.892,-0.003,-1.497,-11.893,0.000,1.500,0.004
81.66,-11.892,-0.003,-1.497,-11.893,0.000,1.500,0.004
81.68,-11.890,-0.004,-1.497,-11.893,0.000,1.500,0.005
81.70,-11.890,-0.004,-1.497,-11.893,0.000,1.500,0.005
81.72,-11.890,-0.004,-1.497,-11.893,0.000,1.500,0.005
81.74,-11.888,-0.005,-1.497,-11.893,0.000,1.500,0.008
81.76,-11.888,-0.005,-1.497,-11.893,0.000,1.500,0.008
81.78,-11.886,-0.005,-1.496,-11.893,0.000,1.500,0.010
81.80,-11.886,-0.005,-1.496,-11.893,0.000,1.500,0.010
81.83,-11.883,-0.006,-1.496,-11.893,0.000,1.500,0.012
81.85,-11.883,-0.006,-1.496,-11.893,0.000,1.500,0.012
81.87,-11.881,-0.007,-1.496,-11.893,0.000,1.500,0.015
81.89,-11.881,-0.007,-1.496,-11.893,0.000,1.500,0.015
81.91,-11.879,-0.008,-1.496,-11.893,0.000,1.500,0.016
81.93,-11.879,-0.008,-1.496,-11.893,0.000,1.500,0.016
81.95,-11.878,-0.008,-1.495,-11.893,0.000,1.500,0.018
81.97,-11.878,-0.008,-1.495,-11.893,0.000,1.500,0.018
81.99,-11.876,-0.009,-1.495,-11.893,0.000,1.500,0.019
82.01,-11.876,-0.009,-1.495,-11.893,0.000,1.500,0.019
82.03,-11.876,-0.010,-1.495,-11.893,0.000,1.500,0.020
82.05,-11.876,-0.010,-1.495,-11.893,0.000,1.500,0.020
82.08,-11.875,-0.010,-1.495,-11.893,0.000,1.500,0.021
82.10,-11.875,-0.010,-1.495,-11.893,0.000,1.500,0.021
82.12,-11.875,-0.010,-1.495,-11.893,0.000,1.500,0.021
82.14,-11.875,-0.010,-1.495,-11.893,0.000,1.500,0.021
82.16,-11.875,-0.010,-1.494,-11.893,0.000,1.500,0.021
82.18,-11.875,-0.010,-1.494,-11.893,0.000,1.500,0.021
82.20,-11.875,-0.010,-1.494,-11.893,0.000,1.500,0.021
82.22,-11.876,-0.010,-1.494,-11.893,0.000,1.500,0.020
82.24,-11.876,-0.010,-1.494,-11.893,0.000,1.500,0.020
82.26,-11.877,-0.010,-1.494,-11.893,0.000,1.500,0.020
82.28,-11.877,-0.010,-1.494,-11.893,0.000,1.500,0.020
82.30,-11.878,-0.010,-1.494,-11.893,0.000,1.500,0.019
82.33,-11.878,-0.010,-1.494,-11.893,0.000,1.500,0.019
82.35,-11.880,-0.010,-1.493,-11.893,0.000,1.500,0.018
82.37,-11.880,-0.010,-1.493,-11.893,0.000,1.500,0.018
82.39,-11.881,-0.010,-1.493,-11.893,0.000,1.500,0.017
82.41,-11.881,-0.010,-1.493,-11.893,0.000,1.500,0.017
82.43,-11.882,-0.010,-1.493,-11.893,0.000,1.500,0.016
82.45,-11.882,-0.010,-1.493,-11.893,0.000,1.500,0.016
82.47,-11.883,-0.010,-1.493,-11.893,0.000,1.500,0.016
82.49,-11.883,-0.010,-1.493,-11.893,0.000,1.500,0.016
82.51,-11.884,-0.010,-1.492,-11.893,0.000,1.500,0.015
82.53,-11.884,-0.010,-1.492,-11.893,0.000,1.500,0.015
82.56,-11.885,-0.010,-1.492,-11.893,0.000,1.500,0.015
82.58,-11.885,-0.010,-1.492,-11.893,0.000,1.500,0.015
82.60,-11.886,-0.011,-1.492,-11.893,0.000,1.500,0.015
82.62,-11.886,-0.011,-1.492,-11.893,0.000,1.500,0.015
82.64,-11.887,-0.011,-1.492,-11.893,0.000,1.500,0.015
82.66,-11.887,-0.011,-1.492,-11.893,0.000,1.500,0.015
82.68,-11.889,-0.012,-1.492,-11.893,0.000,1.500,0.015
82.70,-11.889,-0.012,-1.492,-11.893,0.000,1.500,0.015
82.72,-11.889,-0.012,-1.492,-11.893,0.000,1.500,0.015
82.74,-11.890,-0.013,-1.492,-11.893,0.000,1.500,0.015
82.76,-11.890,-0.013,-1.492,-11.893,0.000,1.500,0.015
82.79,-11.892,-0.014,-1.492,-11.893,0.000,1.500,0.016
82.81,-11.892,-0.014,-1.492,-11.893,0.000,1.500,0.016
82.83,-11.893,-0.015,-1.492,-11.893,0.000,1.500,0.017
82.85,-11.893,-0.015,-1.492,-11.893,0.000,1.500,0.017
82.87,-11.894,-0.015,-1.492,-11.893,0.000,1.500,0.017
82.89,-11.894,-0.015,-1.492,-11.893,0.000,1.500,0.017
82.91,-11.895,-0.016,-1.492,-11.893,0.000,1.500,0.018
82.93,-11.895,-0.016,-1.492,-11.893,0.000,1.500,0.018
82.95,-11.895,-0.016,-1.492,-11.893,0.000,1.500,0.018
82.97,-11.895,-0.016,-1.492,-11.893,0.000,1.500,0.018
82.99,-11.896,-0.017,-1.492,-11.893,0.000,1.500,0.019
83.01,-11.896,-0.017,-1.492,-11.893,0.000,1.500,0.019
83.04,-11.896,-0.017,-1.493,-11.893,0.000,1.500,0.019
83.06,-11.896,-0.017,-1.493,-11.893,0.000,1.500,0.019
83.08,-11.897,-0.017,-1.493,-11.893,0.000,1.500,0.019
83.10,-11.897,-0.017,-1.493,-11.893,0.000,1.500,0.019
83.12,-11.897,-0.017,-1.493,-11.893,0.000,1.500,0.018
83.14,-11.897,-0.017,-1.493,-11.893,0.000,1.500,0.018
83.16,-11.897,-0.016,-1.494,-11.893,0.000,1.500,0.018
83.18,-11.897,-0.016,-1.494,-11.893,0.000,1.500,0.018
83.20,-11.897,-0.016,-1.494,-11.893,0.000,1.500,0.018
83.22,-11.896,-0.016,-1.494,-11.893,0.000,1.500,0.017
83.24,-11.896,-0.016,-1.494,-11.893,0.000,1.500,0.017
83.26,-11.896,-0.016,-1.495,-11.893,0.000,1.500,0.017
83.28,-11.896,-0.016,-1.495,-11.893,0.000,1.500,0.017
83.31,-11.895,-0.015,-1.495,-11.893,0.000,1.500,0.016
83.33,-11.895,-0.015,-1.495,-11.893,0.000,1.500,0.016
83.35,-11.895,-0.015,-1.495,-11.893,0.000,1.500,0.015
83.37,-11.895,-0.015,-1.495,-11.893,0.000,1.500,0.015
83.39,-11.894,-0.014,-1.496,-11.893,0.000,1.500,0.015
83.41,-11.894,-0.014,-1.496,-11.893,0.000,1.500,0.015
83.43,-11.894,-0.014,-1.496,-11.893,0.000,1.500,0.014
83.45,-11.894,-0.014,-1.496,-11.893,0.000,1.500,0.014
83.47,-11.893,-0.013,-1.496,-11.893,0.000,1.500,0.013
83.49,-11.893,-0.013,-1.496,-11.893,0.000,1.500,0.013
83.51,-11.893,-0.012,-1.497,-11.893,0.000,1.500,0.012
83.54,-11.893,-0.012,-1.497,-11.893,0.000,1.500,0.012
83.56,-11.892,-0.011,-1.497,-11.893,0.000,1.500,0.012
83.58,-11.892,-0.011,-1.497,-11.893,0.000,1.500,0.012
83.60,-11.891,-0.010,-1.498,-11.893,0.000,1.500,0.010
83.62,-11.891,-0.010,-1.498,-11.893,0.000,1.500,0.010
83.64,-11.891,-0.009,-1.499,-11.893,0.000,1.500,0.009
83.66,-11.891,-0.009,-1.499,-11.893,0.000,1.500,0.009
83.68,-11.891,-0.008,-1.500,-11.893,0.000,1.500,0.008
83.70,-11.891,-0.008,-1.500,-11.893,0.000,1.500,0.008
83.72,-11.891,-0.008,-1.500,-11.893,0.000,1.500,0.008
83.74,-11.890,-0.006,-1.501,-11.893,0.000,1.500,0.007
83.76,-11.890,-0.006,-1.501,-11.893,0.000,1.500,0.007
83.79,-11.890,-0.005,-1.502,-11.893,0.000,1.500,0.006
83.81,-11.890,-0.005,-1.502,-11.893,0.000,1.500,0.006
83.83,-11.890,-0.004,-1.503,-11.893,0.000,1.500,0.006
83.85,-11.890,-0.004,-1.503,-11.893,0.000,1.500,0.006
83.87,-11.891,-0.004,-1.504,-11.893,0.000,1.500,0.006
83.89,-11.891,-0.004,-1.504,-11.893,0.000,1.500,0.006
83.91,-11.891,-0.003,-1.505,-11.893,0.000,1.500,0.006
83.93,-11.891,-0.003,-1.505,-11.893,0.000,1.500,0.006
83.95,-11.891,-0.002,-1.505,-11.893,0.000,1.500,0.006
83.97,-11.891,-0.002,-1.505,-11.893,0.000,1.500,0.006
83.99,-11.892,-0.002,-1.506,-11.893,0.000,1.500,0.007
84.02,-11.892,-0.002,-1.506,-11.893,0.000,1.500,0.007
84.04,-11.892,-0.001,-1.507,-11.893,0.000,1.500,0.007
84.06,-11.892,-0.001,-1.507,-11.893,0.000,1.500,0.007
84.08,-11.893,-0.000,-1.508,-11.893,0.000,1.500,0.008
84.10,-11.893,-0.000,-1.508,-11.893,0.000,1.500,0.008
84.12,-11.893,0.000,-1.508,-11.893,0.000,1.500,0.009
84.14,-11.893,0.000,-1.508,-11.893,0.000,1.500,0.009
84.16,-11.894,0.001,-1.509,-11.893,0.000,1.500,0.009
84.18,-11.894,0.001,-1.509,-11.893,0.000,1.500,0.009
84.20,-11.894,0.001,-1.510,-11.893,0.000,1.500,0.010
84.22,-11.894,0.001,-1.510,-11.893,0.000,1.500,0.010
84.24,-11.894,0.001,-1.510,-11.893,0.000,1.500,0.010
84.27,-11.895,0.002,-1.510,-11.893,0.000,1.500,0.011
84.29,-11.895,0.002,-1.510,-11.893,0.000,1.500,0.011
84.31,-11.895,0.002,-1.511,-11.893,0.000,1.500,0.011
84.33,-11.895,0.002,-1.511,-11.893,0.000,1.500,0.011
84.35,-11.895,0.001,-1.511,-11.893,0.000,1.500,0.011
84.37,-11.895,0.001,-1.511,-11.893,0.000,1.500,0.011
84.39,-11.895,0.001,-1.511,-11.893,0.000,1.500,0.012
84.41,-11.895,0.001,-1.511,-11.893,0.000,1.500,0.012
84.43,-11.895,0.001,-1.512,-11.893,0.000,1.500,0.012
84.45,-11.895,0.001,-1.512,-11.893,0.000,1.500,0.012
84.48,-11.894,0.000,-1.512,-11.893,0.000,1.500,0.012
84.50,-11.894,0.000,-1.512,-11.893,0.000,1.500,0.012
84.52,-11.894,-0.001,-1.512,-11.893,0.000,1.500,0.012
84.54,-11.894,-0.001,-1.512,-11.893,0.000,1.500,0.012
84.56,-11.894,-0.001,-1.512,-11.893,0.000,1.500,0.013
84.58,-11.894,-0.001,-1.512,-11.893,0.000,1.500,0.013
84.60,-11.894,-0.001,-1.513,-11.893,0.000,1.500,0.013
84.62,-11.894,-0.001,-1.513,-11.893,0.000,1.500,0.013
84.64,-11.894,-0.002,-1.513,-11.893,0.000,1.500,0.013
84.66,-11.894,-0.002,-1.513,-11.893,0.000,1.500,0.013
84.68,-11.894,-0.002,-1.513,-11.893,0.000,1.500,0.014
84.70,-11.894,-0.002,-1.513,-11.893,0.000,1.500,0.014
84.73,-11.894,-0.002,-1.513,-11.893,0.000,1.500,0.014
84.75,-11.893,-0.001,-1.514,-11.893,0.000,1.500,0.015
84.77,-11.893,-0.001,-1.514,-11.893,0.000,1.500,0.015
84.79,-11.893,-0.001,-1.515,-11.893,0.000,1.500,0.015
84.81,-11.893,-0.001,-1.515,-11.893,0.000,1.500,0.015
84.83,-11.893,-0.001,-1.516,-11.893,0.000,1.500,0.016
84.85,-11.893,-0.001,-1.516,-11.893,0.000,1.500,0.016
84.87,-11.893,-0.001,-1.516,-11.893,0.000,1.500,0.016
84.90,-11.893,-0.001,-1.516,-11.893,0.000,1.500,0.016
84.92,-11.893,-0.000,-1.517,-11.893,0.000,1.500,0.017
84.94,-11.893,-0.000,-1.517,-11.893,0.000,1.500,0.017
84.96,-11.893,-0.000,-1.517,-11.893,0.000,1.500,0.018
84.98,-11.893,-0.000,-1.517,-11.893,0.000,1.500,0.018
85.00,-11.893,0.000,-1.518,-11.893,0.000,1.500,0.018
85.02,-11.893,0.000,-1.518,-11.893,0.000,1.500,0.018
85.04,-11.894,0.000,-1.519,-11.893,0.000,1.500,0.019
85.06,-11.894,0.000,-1.519,-11.893,0.000,1.500,0.019
85.08,-11.895,0.000,-1.519,-11.893,0.000,1.500,0.019
85.10,-11.895,0.000,-1.519,-11.893,0.000,1.500,0.019
85.12,-11.896,0.000,-1.520,-11.893,0.000,1.500,0.020
85.15,-11.896,0.000,-1.520,-11.893,0.000,1.500,0.020
85.17,-11.897,0.000,-1.520,-11.893,0.000,1.500,0.021
85.19,-11.897,0.000,-1.520,-11.893,0.000,1.500,0.021
85.21,-11.897,0.000,-1.520,-11.893,0.000,1.500,0.021
85.23,-11.897,0.000,-1.520,-11.893,0.000,1.500,0.021
85.25,-11.897,0.000,-1.520,-11.893,0.000,1.500,0.021
85.27,-11.899,0.000,-1.520,-11.893,0.000,1.500,0.021
85.29,-11.899,0.000,-1.520,-11.893,0.000,1.500,0.021
85.31,-11.900,0.001,-1.520,-11.893,0.000,1.500,0.022
85.33,-11.900,0.001,-1.520,-11.893,0.000,1.500,0.022
85.35,-11.902,0.001,-1.520,-11.893,0.000,1.500,0.022
85.38,-11.902,0.001,-1.520,-11.893,0.000,1.500,0.022
85.40,-11.903,0.001,-1.519,-11.893,0.000,1.500,0.022
85.42,-11.903,0.001,-1.519,-11.893,0.000,1.500,0.022
85.44,-11.905,0.001,-1.518,-11.893,0.000,1.500,0.022
85.46,-11.905,0.001,-1.518,-11.893,0.000,1.500,0.022
85.48,-11.907,0.002,-1.518,-11.893,0.000,1.500,0.022
85.50,-11.907,0.002,-1.518,-11.893,0.000,1.500,0.022
85.52,-11.908,0.002,-1.517,-11.893,0.000,1.500,0.023
85.54,-11.908,0.002,-1.517,-11.893,0.000,1.500,0.023
85.56,-11.910,0.002,-1.516,-11.893,0.000,1.500,0.023
85.58,-11.910,0.002,-1.516,-11.893,0.000,1.500,0.023
85.61,-11.911,0.002,-1.515,-11.893,0.000,1.500,0.024
85.63,-11.911,0.002,-1.515,-11.893,0.000,1.500,0.024
85.65,-11.913,0.002,-1.514,-11.893,0.000,1.500,0.024
85.67,-11.913,0.002,-1.514,-11.893,0.000,1.500,0.024
85.69,-11.914,0.002,-1.513,-11.893,0.000,1.500,0.025
85.71,-11.914,0.002,-1.513,-11.893,0.000,1.500,0.025
85.73,-11.914,0.002,-1.513,-11.893,0.000,1.500,0.025
85.75,-11.916,0.002,-1.511,-11.893,0.000,1.500,0.026
85.77,-11.916,0.002,-1.511,-11.893,0.000,1.500,0.026
85.79,-11.917,0.003,-1.510,-11.893,0.000,1.500,0.026
85.81,-11.917,0.003,-1.510,-11.893,0.000,1.500,0.026
85.84,-11.918,0.003,-1.509,-11.893,0.000,1.500,0.026
85.86,-11.918,0.003,-1.509,-11.893,0.000,1.500,0.026
85.88,-11.918,0.003,-1.507,-11.893,0.000,1.500,0.027
85.90,-11.918,0.003,-1.507,-11.893,0.000,1.500,0.027
85.92,-11.919,0.003,-1.506,-11.893,0.000,1.500,0.027
85.94,-11.919,0.003,-1.506,-11.893,0.000,1.500,0.027
85.96,-11.919,0.004,-1.505,-11.893,0.000,1.500,0.027
85.98,-11.919,0.004,-1.505,-11.893,0.000,1.500,0.027
86.00,-11.919,0.004,-1.504,-11.893,0.000,1.500,0.026
86.02,-11.919,0.004,-1.504,-11.893,0.000,1.500,0.026
86.04,-11.918,0.005,-1.503,-11.893,0.000,1.500,0.026
86.06,-11.918,0.005,-1.503,-11.893,0.000,1.500,0.026
86.08,-11.918,0.005,-1.502,-11.893,0.000,1.500,0.025
86.11,-11.918,0.005,-1.502,-11.893,0.000,1.500,0.025
86.13,-11.917,0.006,-1.501,-11.893,0.000,1.500,0.025
86.15,-11.917,0.006,-1.501,-11.893,0.000,1.500,0.025
86.17,-11.916,0.006,-1.500,-11.893,0.000,1.500,0.024
86.19,-11.916,0.006,-1.500,-11.893,0.000,1.500,0.024
86.21,-11.915,0.007,-1.500,-11.893,0.000,1.500,0.023
86.23,-11.915,0.007,-1.500,-11.893,0.000,1.500,0.023
86.25,-11.915,0.007,-1.500,-11.893,0.000,1.500,0.023
86.27,-11.913,0.007,-1.500,-11.893,0.000,1.500,0.021
86.29,-11.913,0.007,-1.500,-11.893,0.000,1.500,0.021
86.31,-11.911,0.008,-1.500,-11.893,0.000,1.500,0.020
86.33,-11.911,0.008,-1.500,-11.893,0.000,1.500,0.020
86.36,-11.910,0.008,-1.500,-11.893,0.000,1.500,0.019
86.38,-11.910,0.008,-1.500,-11.893,0.000,1.500,0.019
86.40,-11.908,0.009,-1.500,-11.893,0.000,1.500,0.017
86.42,-11.908,0.009,-1.500,-11.893,0.000,1.500,0.017
86.44,-11.906,0.009,-1.500,-11.893,0.000,1.500,0.016
86.46,-11.906,0.009,-1.500,-11.893,0.000,1.500,0.016
86.48,-11.904,0.009,-1.501,-11.893,0.000,1.500,0.014
86.50,-11.904,0.009,-1.501,-11.893,0.000,1.500,0.014
86.52,-11.902,0.009,-1.501,-11.893,0.000,1.500,0.013
86.54,-11.902,0.009,-1.501,-11.893,0.000,1.500,0.013
86.57,-11.900,0.008,-1.502,-11.893,0.000,1.500,0.011
86.59,-11.900,0.008,-1.502,-11.893,0.000,1.500,0.011
86.61,-11.898,0.008,-1.503,-11.893,0.000,1.500,0.010
86.63,-11.898,0.008,-1.503,-11.893,0.000,1.500,0.010
86.65,-11.896,0.008,-1.503,-11.893,0.000,1.500,0.009
86.67,-11.896,0.008,-1.503,-11.893,0.000,1.500,0.009
86.69,-11.893,0.008,-1.503,-11.893,0.000,1.500,0.008
86.71,-11.893,0.008,-1.503,-11.893,0.000,1.500,0.008
86.73,-11.893,0.008,-1.503,-11.893,0.000,1.500,0.008
86.75,-11.890,0.007,-1.504,-11.893,0.000,1.500,0.009
86.77,-11.890,0.007,-1.504,-11.893,0.000,1.500,0.009
86.79,-11.888,0.007,-1.504,-11.893,0.000,1.500,0.009
86.82,-11.888,0.007,-1.504,-11.893,0.000,1.500,0.009
86.84,-11.887,0.007,-1.504,-11.893,0.000,1.500,0.010
86.86,-11.887,0.007,-1.504,-11.893,0.000,1.500,0.010
86.88,-11.884,0.007,-1.504,-11.893,0.000,1.500,0.012
86.90,-11.884,0.007,-1.504,-11.893,0.000,1.500,0.012
86.92,-11.883,0.006,-1.504,-11.893,0.000,1.500,0.013
86.94,-11.883,0.006,-1.504,-11.893,0.000,1.500,0.013
86.96,-11.881,0.006,-1.504,-11.893,0.000,1.500,0.014
86.98,-11.881,0.006,-1.504,-11.893,0.000,1.500,0.014
87.00,-11.880,0.006,-1.504,-11.893,0.000,1.500,0.015
87.02,-11.880,0.006,-1.504,-11.893,0.000,1.500,0.015
87.05,-11.879,0.005,-1.504,-11.893,0.000,1.500,0.016
87.07,-11.879,0.005,-1.504,-11.893,0.000,1.500,0.016
87.09,-11.878,0.005,-1.504,-11.893,0.000,1.500,0.016
87.11,-11.878,0.005,-1.504,-11.893,0.000,1.500,0.016
87.13,-11.877,0.005,-1.504,-11.893,0.000,1.500,0.017
87.15,-11.877,0.005,-1.504,-11.893,0.000,1.500,0.017
87.17,-11.876,0.005,-1.503,-11.893,0.000,1.500,0.018
87.19,-11.876,0.005,-1.503,-11.893,0.000,1.500,0.018
87.21,-11.875,0.005,-1.503,-11.893,0.000,1.500,0.018
87.23,-11.875,0.005,-1.503,-11.893,0.000,1.500,0.018
87.25,-11.875,0.005,-1.503,-11.893,0.000,1.500,0.018
87.27,-11.874,0.004,-1.503,-11.893,0.000,1.500,0.019
87.29,-11.874,0.004,-1.503,-11.893,0.000,1.500,0.019
87.32,-11.874,0.004,-1.502,-11.893,0.000,1.500,0.019
87.34,-11.874,0.004,-1.502,-11.893,0.000,1.500,0.019
87.36,-11.874,0.004,-1.502,-11.893,0.000,1.500,0.020
87.38,-11.874,0.004,-1.502,-11.893,0.000,1.500,0.020
87.40,-11.873,0.004,-1.501,-11.893,0.000,1.500,0.020
87.42,-11.873,0.004,-1.501,-11.893,0.000,1.500,0.020
87.44,-11.873,0.004,-1.501,-11.893,0.000,1.500,0.020
87.46,-11.873,0.004,-1.501,-11.893,0.000,1.500,0.020
87.48,-11.873,0.004,-1.500,-11.893,0.000,1.500,0.020
87.50,-11.873,0.004,-1.500,-11.893,0.000,1.500,0.020
87.52,-11.874,0.004,-1.500,-11.893,0.000,1.500,0.020
87.55,-11.874,0.004,-1.500,-11.893,0.000,1.500,0.020
87.57,-11.874,0.004,-1.499,-11.893,0.000,1.500,0.019
87.59,-11.874,0.004,-1.499,-11.893,0.000,1.500,0.019
87.61,-11.874,0.004,-1.499,-11.893,0.000,1.500,0.019
87.63,-11.874,0.004,-1.499,-11.893,0.000,1.500,0.019
87.65,-11.875,0.004,-1.499,-11.893,0.000,1.500,0.018
87.67,-11.875,0.004,-1.499,-11.893,0.000,1.500,0.018
87.69,-11.876,0.004,-1.498,-11.893,0.000,1.500,0.018
87.71,-11.876,0.004,-1.498,-11.893,0.000,1.500,0.018
87.73,-11.877,0.004,-1.497,-11.893,0.000,1.500,0.017
87.76,-11.877,0.004,-1.497,-11.893,0.000,1.500,0.017
87.78,-11.877,0.004,-1.497,-11.893,0.000,1.500,0.017
87.80,-11.879,0.004,-1.496,-11.893,0.000,1.500,0.015
87.82,-11.879,0.004,-1.496,-11.893,0.000,1.500,0.015
87.84,-11.881,0.004,-1.496,-11.893,0.000,1.500,0.013
87.86,-11.881,0.004,-1.496,-11.893,0.000,1.500,0.013
87.88,-11.882,0.003,-1.495,-11.893,0.000,1.500,0.012
87.90,-11.882,0.003,-1.495,-11.893,0.000,1.500,0.012
87.92,-11.884,0.003,-1.494,-11.893,0.000,1.500,0.011
87.94,-11.884,0.003,-1.494,-11.893,0.000,1.500,0.011
87.96,-11.887,0.003,-1.493,-11.893,0.000,1.500,0.009
87.99,-11.887,0.003,-1.493,-11.893,0.000,1.500,0.009
88.01,-11.889,0.003,-1.493,-11.893,0.000,1.500,0.009
88.03,-11.889,0.003,-1.493,-11.893,0.000,1.500,0.009
88.05,-11.891,0.002,-1.493,-11.893,0.000,1.500,0.008
88.07,-11.891,0.002,-1.493,-11.893,0.000,1.500,0.008
88.09,-11.893,0.001,-1.492,-11.893,0.000,1.500,0.008
88.11,-11.893,0.001,-1.492,-11.893,0.000,1.500,0.008
88.13,-11.895,0.001,-1.492,-11.893,0.000,1.500,0.008
88.15,-11.895,0.001,-1.492,-11.893,0.000,1.500,0.008
88.17,-11.897,0.000,-1.492,-11.893,0.000,1.500,0.009
88.19,-11.897,0.000,-1.492,-11.893,0.000,1.500,0.009
88.22,-11.900,-0.000,-1.492,-11.893,0.000,1.500,0.010
88.24,-11.900,-0.000,-1.492,-11.893,0.000,1.500,0.010
88.26,-11.900,-0.000,-1.492,-11.893,0.000,1.500,0.010
88.28,-11.905,-0.001,-1.493,-11.893,0.000,1.500,0.014
88.30,-11.905,-0.001,-1.493,-11.893,0.000,1.500,0.014
88.32,-11.907,-0.002,-1.493,-11.893,0.000,1.500,0.016
88.34,-11.907,-0.002,-1.493,-11.893,0.000,1.500,0.016
88.36,-11.910,-0.003,-1.493,-11.893,0.000,1.500,0.018
88.38,-11.910,-0.003,-1.493,-11.893,0.000,1.500,0.018
88.40,-11.912,-0.003,-1.494,-11.893,0.000,1.500,0.021
88.42,-11.912,-0.003,-1.494,-11.893,0.000,1.500,0.021
88.45,-11.915,-0.004,-1.494,-11.893,0.000,1.500,0.023
88.47,-11.915,-0.004,-1.494,-11.893,0.000,1.500,0.023
88.49,-11.917,-0.005,-1.495,-11.893,0.000,1.500,0.026
88.51,-11.917,-0.005,-1.495,-11.893,0.000,1.500,0.026
88.53,-11.920,-0.006,-1.496,-11.893,0.000,1.500,0.028
88.55,-11.920,-0.006,-1.496,-11.893,0.000,1.500,0.028
88.57,-11.922,-0.007,-1.496,-11.893,0.000,1.500,0.030
88.59,-11.922,-0.007,-1.496,-11.893,0.000,1.500,0.030
88.61,-11.924,-0.008,-1.497,-11.893,0.000,1.500,0.032
88.63,-11.924,-0.008,-1.497,-11.893,0.000,1.500,0.032
88.65,-11.926,-0.009,-1.497,-11.893,0.000,1.500,0.034
88.68,-11.926,-0.009,-1.497,-11.893,0.000,1.500,0.034
88.70,-11.927,-0.010,-1.498,-11.893,0.000,1.500,0.036
88.72,-11.927,-0.010,-1.498,-11.893,0.000,1.500,0.036
88.74,-11.929,-0.011,-1.499,-11.893,0.000,1.500,0.038
88.76,-11.929,-0.011,-1.499,-11.893,0.000,1.500,0.038
88.78,-11.929,-0.011,-1.499,-11.893,0.000,1.500,0.038
88.80,-11.931,-0.012,-1.500,-11.893,0.000,1.500,0.040
88.82,-11.931,-0.012,-1.500,-11.893,0.000,1.500,0.040
88.84,-11.932,-0.013,-1.501,-11.893,0.000,1.500,0.041
88.86,-11.932,-0.013,-1.501,-11.893,0.000,1.500,0.041
88.88,-11.933,-0.013,-1.501,-11.893,0.000,1.500,0.042
88.90,-11.933,-0.013,-1.501,-11.893,0.000,1.500,0.042
88.93,-11.934,-0.014,-1.502,-11.893,0.000,1.500,0.043
88.95,-11.934,-0.014,-1.502,-11.893,0.000,1.500,0.043
88.97,-11.934,-0.015,-1.502,-11.893,0.000,1.500,0.044
88.99,-11.934,-0.015,-1.502,-11.893,0.000,1.500,0.044
89.01,-11.935,-0.016,-1.503,-11.893,0.000,1.500,0.045
89.03,-11.935,-0.016,-1.503,-11.893,0.000,1.500,0.045
89.05,-11.935,-0.016,-1.503,-11.893,0.000,1.500,0.045
89.07,-11.935,-0.016,-1.503,-11.893,0.000,1.500,0.045
89.09,-11.935,-0.017,-1.504,-11.893,0.000,1.500,0.045
89.11,-11.935,-0.017,-1.504,-11.893,0.000,1.500,0.045
89.14,-11.934,-0.018,-1.504,-11.893,0.000,1.500,0.045
89.16,-11.934,-0.018,-1.504,-11.893,0.000,1.500,0.045
89.18,-11.934,-0.018,-1.504,-11.893,0.000,1.500,0.045
89.20,-11.934,-0.018,-1.504,-11.893,0.000,1.500,0.045
89.22,-11.933,-0.019,-1.504,-11.893,0.000,1.500,0.044
89.24,-11.933,-0.019,-1.504,-11.893,0.000,1.500,0.044
89.26,-11.933,-0.019,-1.504,-11.893,0.000,1.500,0.044
89.28,-11.931,-0.019,-1.504,-11.893,0.000,1.500,0.043
89.30,-11.931,-0.019,-1.504,-11.893,0.000,1.500,0.043
89.32,-11.930,-0.020,-1.504,-11.893,0.000,1.500,0.042
89.34,-11.930,-0.020,-1.504,-11.893,0.000,1.500,0.042
89.36,-11.928,-0.020,-1.504,-11.893,0.000,1.500,0.041
89.39,-11.928,-0.020,-1.504,-11.893,0.000,1.500,0.041
89.41,-11.926,-0.020,-1.504,-11.893,0.000,1.500,0.039
89.43,-11.926,-0.020,-1.504,-11.893,0.000,1.500,0.039
89.45,-11.924,-0.020,-1.505,-11.893,0.000,1.500,0.038
89.47,-11.924,-0.020,-1.505,-11.893,0.000,1.500,0.038
89.49,-11.922,-0.020,-1.505,-11.893,0.000,1.500,0.036
89.51,-11.922,-0.020,-1.505,-11.893,0.000,1.500,0.036
89.53,-11.920,-0.019,-1.505,-11.893,0.000,1.500,0.034
89.55,-11.920,-0.019,-1.505,-11.893,0.000,1.500,0.034
89.57,-11.918,-0.019,-1.505,-11.893,0.000,1.500,0.032
89.60,-11.918,-0.019,-1.505,-11.893,0.000,1.500,0.032
89.62,-11.916,-0.018,-1.505,-11.893,0.000,1.500,0.030
89.64,-11.916,-0.018,-1.505,-11.893,0.000,1.500,0.030
89.66,-11.913,-0.018,-1.505,-11.893,0.000,1.500,0.027
89.68,-11.913,-0.018,-1.505,-11.893,0.000,1.500,0.027
89.70,-11.911,-0.017,-1.504,-11.893,0.000,1.500,0.025
89.72,-11.911,-0.017,-1.504,-11.893,0.000,1.500,0.025
89.74,-11.909,-0.016,-1.504,-11.893,0.000,1.500,0.023
89.76,-11.909,-0.016,-1.504,-11.893,0.000,1.500,0.023
89.78,-11.909,-0.016,-1.504,-11.893,0.000,1.500,0.023
89.80,-11.905,-0.015,-1.504,-11.893,0.000,1.500,0.020
89.82,-11.905,-0.015,-1.504,-11.893,0.000,1.500,0.020
89.84,-11.903,-0.014,-1.504,-11.893,0.000,1.500,0.018
89.87,-11.903,-0.014,-1.504,-11.893,0.000,1.500,0.018
89.89,-11.901,-0.013,-1.504,-11.893,0.000,1.500,0.016
89.91,-11.901,-0.013,-1.504,-11.893,0.000,1.500,0.016
89.93,-11.899,-0.012,-1.504,-11.893,0.000,1.500,0.014
89.95,-11.899,-0.012,-1.504,-11.893,0.000,1.500,0.014
89.97,-11.897,-0.012,-1.503,-11.893,0.000,1.500,0.013
89.99,-11.897,-0.012,-1.503,-11.893,0.000,1.500,0.013
90.01,-11.895,-0.011,-1.503,-11.893,0.000,1.500,0.012
90.03,-11.895,-0.011,-1.503,-11.893,0.000,1.500,0.012
90.05,-11.893,-0.011,-1.502,-11.893,0.000,1.500,0.011
90.07,-11.893,-0.011,-1.502,-11.893,0.000,1.500,0.011
90.10,-11.891,-0.011,-1.502,-11.893,0.000,1.500,0.011
90.12,-11.891,-0.011,-1.502,-11.893,0.000,1.500,0.011
90.14,-11.888,-0.010,-1.502,-11.893,0.000,1.500,0.012
90.16,-11.888,-0.010,-1.502,-11.893,0.000,1.500,0.012
90.18,-11.887,-0.010,-1.501,-11.893,0.000,1.500,0.012
90.20,-11.887,-0.010,-1.501,-11.893,0.000,1.500,0.012
90.22,-11.885,-0.010,-1.501,-11.893,0.000,1.500,0.013
90.24,-11.885,-0.010,-1.501,-11.893,0.000,1.500,0.013
90.26,-11.885,-0.010,-1.501,-11.893,0.000,1.500,0.013
90.28,-11.882,-0.010,-1.501,-11.893,0.000,1.500,0.014
90.30,-11.882,-0.010,-1.501,-11.893,0.000,1.500,0.014
90.32,-11.881,-0.009,-1.501,-11.893,0.000,1.500,0.015
90.34,-11.881,-0.009,-1.501,-11.893,0.000,1.500,0.015
90.37,-11.880,-0.009,-1.501,-11.893,0.000,1.500,0.016
90.39,-11.880,-0.009,-1.501,-11.893,0.000,1.500,0.016
90.41,-11.878,-0.008,-1.500,-11.893,0.000,1.500,0.017
90.43,-11.878,-0.008,-1.500,-11.893,0.000,1.500,0.017
90.45,-11.877,-0.008,-1.500,-11.893,0.000,1.500,0.018
90.47,-11.877,-0.008,-1.500,-11.893,0.000,1.500,0.018
90.49,-11.876,-0.008,-1.500,-11.893,0.000,1.500,0.018
90.51,-11.876,-0.008,-1.500,-11.893,0.000,1.500,0.018
90.53,-11.876,-0.008,-1.500,-11.893,0.000,1.500,0.019
90.55,-11.876,-0.008,-1.500,-11.893,0.000,1.500,0.019
90.57,-11.875,-0.008,-1.499,-11.893,0.000,1.500,0.019
90.59,-11.875,-0.008,-1.499,-11.893,0.000,1.500,0.019
90.62,-11.874,-0.008,-1.499,-11.893,0.000,1.500,0.020
90.64,-11.874,-0.008,-1.499,-11.893,0.000,1.500,0.020
90.66,-11.874,-0.008,-1.499,-11.893,0.000,1.500,0.021
90.68,-11.874,-0.008,-1.499,-11.893,0.000,1.500,0.021
90.70,-11.874,-0.008,-1.498,-11.893,0.000,1.500,0.021
90.72,-11.874,-0.008,-1.498,-11.893,0.000,1.500,0.021
90.74,-11.874,-0.008,-1.498,-11.893,0.000,1.500,0.021
90.76,-11.874,-0.008,-1.498,-11.893,0.000,1.500,0.021
90.78,-11.874,-0.008,-1.498,-11.893,0.000,1.500,0.021
90.80,-11.874,-0.009,-1.497,-11.893,0.000,1.500,0.021
90.82,-11.874,-0.009,-1.497,-11.893,0.000,1.500,0.021
90.84,-11.874,-0.009,-1.496,-11.893,0.000,1.500,0.021
90.87,-11.874,-0.009,-1.496,-11.893,0.000,1.500,0.021
90.89,-11.874,-0.010,-1.496,-11.893,0.000,1.500,0.022
90.91,-11.874,-0.010,-1.496,-11.893,0.000,1.500,0.022
90.93,-11.875,-0.011,-1.495,-11.893,0.000,1.500,0.022
90.95,-11.875,-0.011,-1.495,-11.893,0.000,1.500,0.022
90.97,-11.875,-0.011,-1.494,-11.893,0.000,1.500,0.022
90.99,-11.875,-0.011,-1.494,-11.893,0.000,1.500,0.022
91.01,-11.876,-0.012,-1.493,-11.893,0.000,1.500,0.022
91.03,-11.876,-0.012,-1.493,-11.893,0.000,1.500,0.022
91.05,-11.876,-0.012,-1.492,-11.893,0.000,1.500,0.022
91.07,-11.876,-0.012,-1.492,-11.893,0.000,1.500,0.022
91.10,-11.876,-0.013,-1.491,-11.893,0.000,1.500,0.023
91.12,-11.876,-0.013,-1.491,-11.893,0.000,1.500,0.023
91.14,-11.877,-0.014,-1.490,-11.893,0.000,1.500,0.023
91.16,-11.877,-0.014,-1.490,-11.893,0.000,1.500,0.023
91.18,-11.877,-0.014,-1.490,-11.893,0.000,1.500,0.024
91.20,-11.877,-0.014,-1.490,-11.893,0.000,1.500,0.024
91.22,-11.877,-0.015,-1.489,-11.893,0.000,1.500,0.024
91.24,-11.877,-0.015,-1.489,-11.893,0.000,1.500,0.024
91.26,-11.878,-0.015,-1.489,-11.893,0.000,1.500,0.024
91.28,-11.878,-0.015,-1.489,-11.893,0.000,1.500,0.024
91.30,-11.878,-0.015,-1.489,-11.893,0.000,1.500,0.024
91.32,-11.878,-0.016,-1.488,-11.893,0.000,1.500,0.025
91.34,-11.878,-0.016,-1.488,-11.893,0.000,1.500,0.025
91.37,-11.879,-0.016,-1.487,-11.893,0.000,1.500,0.025
91.39,-11.879,-0.016,-1.487,-11.893,0.000,1.500,0.025
91.41,-11.879,-0.016,-1.487,-11.893,0.000,1.500,0.025
91.43,-11.879,-0.016,-1.487,-11.893,0.000,1.500,0.025
91.45,-11.879,-0.016,-1.486,-11.893,0.000,1.500,0.025
91.47,-11.879,-0.016,-1.486,-11.893,0.000,1.500,0.025
91.49,-11.879,-0.016,-1.486,-11.893,0.000,1.500,0.025
91.51,-11.879,-0.016,-1.486,-11.893,0.000,1.500,0.025
91.53,-11.880,-0.016,-1.486,-11.893,0.000,1.500,0.025
91.55,-11.880,-0.016,-1.486,-11.893,0.000,1.500,0.025
91.57,-11.880,-0.016,-1.486,-11.893,0.000,1.500,0.025
91.59,-11.880,-0.016,-1.486,-11.893,0.000,1.500,0.025
91.61,-11.880,-0.015,-1.486,-11.893,0.000,1.500,0.024
91.64,-11.880,-0.015,-1.486,-11.893,0.000,1.500,0.024
91.66,-11.881,-0.015,-1.486,-11.893,0.000,1.500,0.024
91.68,-11.881,-0.015,-1.486,-11.893,0.000,1.500,0.024
91.70,-11.882,-0.014,-1.486,-11.893,0.000,1.500,0.023
91.72,-11.882,-0.014,-1.486,-11.893,0.000,1.500,0.023
91.74,-11.882,-0.013,-1.486,-11.893,0.000,1.500,0.022
91.76,-11.882,-0.013,-1.486,-11.893,0.000,1.500,0.022
91.78,-11.882,-0.013,-1.486,-11.893,0.000,1.500,0.022
91.80,-11.884,-0.012,-1.486,-11.893,0.000,1.500,0.021
91.82,-11.884,-0.012,-1.486,-11.893,0.000,1.500,0.021
91.84,-11.884,-0.011,-1.486,-11.893,0.000,1.500,0.020
91.86,-11.884,-0.011,-1.486,-11.893,0.000,1.500,0.020
91.89,-11.885,-0.009,-1.486,-11.893,0.000,1.500,0.019
91.91,-11.885,-0.009,-1.486,-11.893,0.000,1.500,0.019
91.93,-11.886,-0.008,-1.486,-11.893,0.000,1.500,0.018
91.95,-11.886,-0.008,-1.486,-11.893,0.000,1.500,0.018
91.97,-11.887,-0.007,-1.486,-11.893,0.000,1.500,0.017
91.99,-11.887,-0.007,-1.486,-11.893,0.000,1.500,0.017
92.01,-11.888,-0.006,-1.487,-11.893,0.000,1.500,0.015
92.03,-11.888,-0.006,-1.487,-11.893,0.000,1.500,0.015
92.05,-11.889,-0.005,-1.487,-11.893,0.000,1.500,0.014
92.07,-11.889,-0.005,-1.487,-11.893,0.000,1.500,0.014
92.10,-11.889,-0.005,-1.488,-11.893,0.000,1.500,0.014
92.12,-11.889,-0.005,-1.488,-11.893,0.000,1.500,0.014
92.14,-11.890,-0.004,-1.488,-11.893,0.000,1.500,0.013
92.16,-11.890,-0.004,-1.488,-11.893,0.000,1.500,0.013
92.18,-11.892,-0.003,-1.488,-11.893,0.000,1.500,0.012
92.20,-11.892,-0.003,-1.488,-11.893,0.000,1.500,0.012
92.22,-11.893,-0.002,-1.489,-11.893,0.000,1.500,0.011
92.24,-11.893,-0.002,-1.489,-11.893,0.000,1.500,0.011
92.26,-11.894,-0.001,-1.489,-11.893,0.000,1.500,0.011
92.28,-11.894,-0.001,-1.489,-11.893,0.000,1.500,0.011
92.30,-11.894,-0.001,-1.489,-11.893,0.000,1.500,0.011
92.33,-11.895,0.000,-1.490,-11.893,0.000,1.500,0.010
92.35,-11.895,0.000,-1.490,-11.893,0.000,1.500,0.010
92.37,-11.896,0.001,-1.490,-11.893,0.000,1.500,0.010
92.39,-11.896,0.001,-1.490,-11.893,0.000,1.500,0.010
92.41,-11.897,0.001,-1.491,-11.893,0.000,1.500,0.010
92.43,-11.897,0.001,-1.491,-11.893,0.000,1.500,0.010
92.45,-11.899,0.002,-1.491,-11.893,0.000,1.500,0.011
92.47,-11.899,0.002,-1.491,-11.893,0.000,1.500,0.011
92.49,-11.900,0.002,-1.491,-11.893,0.000,1.500,0.011
92.51,-11.900,0.002,-1.491,-11.893,0.000,1.500,0.011
92.53,-11.901,0.002,-1.492,-11.893,0.000,1.500,0.012
92.55,-11.901,0.002,-1.492,-11.893,0.000,1.500,0.012
92.58,-11.902,0.002,-1.492,-11.893,0.000,1.500,0.013
92.60,-11.902,0.002,-1.492,-11.893,0.000,1.500,0.013
92.62,-11.904,0.003,-1.492,-11.893,0.000,1.500,0.014
92.64,-11.904,0.003,-1.492,-11.893,0.000,1.500,0.014
92.66,-11.905,0.003,-1.492,-11.893,0.000,1.500,0.015
92.68,-11.905,0.003,-1.492,-11.893,0.000,1.500,0.015
92.70,-11.906,0.003,-1.492,-11.893,0.000,1.500,0.016
92.72,-11.906,0.003,-1.492,-11.893,0.000,1.500,0.016
92.74,-11.907,0.004,-1.492,-11.893,0.000,1.500,0.017
92.76,-11.907,0.004,-1.492,-11.893,0.000,1.500,0.017
92.78,-11.907,0.004,-1.492,-11.893,0.000,1.500,0.017
92.80,-11.909,0.004,-1.492,-11.893,0.000,1.500,0.018
92.82,-11.909,0.004,-1.492,-11.893,0.000,1.500,0.018
92.85,-11.909,0.005,-1.492,-11.893,0.000,1.500,0.019
92.87,-11.909,0.005,-1.492,-11.893,0.000,1.500,0.019
92.89,-11.910,0.006,-1.492,-11.893,0.000,1.500,0.019
92.91,-11.910,0.006,-1.492,-11.893,0.000,1.500,0.019
92.93,-11.910,0.006,-1.492,-11.893,0.000,1.500,0.020
92.95,-11.910,0.006,-1.492,-11.893,0.000,1.500,0.020
92.97,-11.910,0.007,-1.493,-11.893,0.000,1.500,0.020
92.99,-11.910,0.007,-1.493,-11.893,0.000,1.500,0.020
93.01,-11.911,0.008,-1.493,-11.893,0.000,1.500,0.021
93.03,-11.911,0.008,-1.493,-11.893,0.000,1.500,0.021
93.05,-11.911,0.009,-1.493,-11.893,0.000,1.500,0.021
93.08,-11.911,0.009,-1.493,-11.893,0.000,1.500,0.021
93.10,-11.911,0.010,-1.493,-11.893,0.000,1.500,0.022
93.12,-11.911,0.010,-1.493,-11.893,0.000,1.500,0.022
93.14,-11.911,0.011,-1.492,-11.893,0.000,1.500,0.022
93.16,-11.911,0.011,-1.492,-11.893,0.000,1.500,0.022
93.18,-11.911,0.012,-1.492,-11.893,0.000,1.500,0.023
93.20,-11.911,0.012,-1.492,-11.893,0.000,1.500,0.023
93.22,-11.911,0.012,-1.492,-11.893,0.000,1.500,0.024
93.24,-11.911,0.012,-1.492,-11.893,0.000,1.500,0.024
93.26,-11.911,0.013,-1.491,-11.893,0.000,1.500,0.024
93.28,-11.911,0.013,-1.491,-11.893,0.000,1.500,0.024
93.30,-11.911,0.013,-1.491,-11.893,0.000,1.500,0.024
93.32,-11.910,0.015,-1.491,-11.893,0.000,1.500,0.024
93.35,-11.910,0.015,-1.491,-11.893,0.000,1.500,0.024
93.37,-11.910,0.016,-1.491,-11.893,0.000,1.500,0.024
93.39,-11.910,0.016,-1.491,-11.893,0.000,1.500,0.024
93.41,-11.909,0.016,-1.491,-11.893,0.000,1.500,0.024
93.43,-11.909,0.016,-1.491,-11.893,0.000,1.500,0.024
93.45,-11.908,0.017,-1.491,-11.893,0.000,1.500,0.024
93.47,-11.908,0.017,-1.491,-11.893,0.000,1.500,0.024
93.49,-11.907,0.017,-1.491,-11.893,0.000,1.500,0.024
93.51,-11.907,0.017,-1.491,-11.893,0.000,1.500,0.024
93.53,-11.906,0.017,-1.492,-11.893,0.000,1.500,0.023
93.55,-11.906,0.017,-1.492,-11.893,0.000,1.500,0.023
93.57,-11.906,0.017,-1.492,-11.893,0.000,1.500,0.023
93.60,-11.906,0.017,-1.492,-11.893,0.000,1.500,0.023
93.62,-11.905,0.017,-1.492,-11.893,0.000,1.500,0.022
93.64,-11.905,0.017,-1.492,-11.893,0.000,1.500,0.022
93.66,-11.904,0.016,-1.492,-11.893,0.000,1.500,0.021
93.68,-11.904,0.016,-1.492,-11.893,0.000,1.500,0.021
93.70,-11.903,0.015,-1.492,-11.893,0.000,1.500,0.020
93.72,-11.903,0.015,-1.492,-11.893,0.000,1.500,0.020
93.74,-11.903,0.014,-1.493,-11.893,0.000,1.500,0.019
93.76,-11.903,0.014,-1.493,-11.893,0.000,1.500,0.019
93.78,-11.902,0.013,-1.493,-11.893,0.000,1.500,0.018
93.80,-11.902,0.013,-1.493,-11.893,0.000,1.500,0.018
93.82,-11.902,0.013,-1.493,-11.893,0.000,1.500,0.018
93.84,-11.901,0.011,-1.493,-11.893,0.000,1.500,0.015
93.86,-11.901,0.011,-1.493,-11.893,0.000,1.500,0.015
93.89,-11.900,0.010,-1.493,-11.893,0.000,1.500,0.014
93.91,-11.900,0.010,-1.493,-11.893,0.000,1.500,0.014
93.93,-11.900,0.008,-1.493,-11.893,0.000,1.500,0.012
93.95,-11.900,0.008,-1.493,-11.893,0.000,1.500,0.012
93.97,-11.899,0.006,-1.494,-11.893,0.000,1.500,0.011
93.99,-11.899,0.006,-1.494,-11.893,0.000,1.500,0.011
94.01,-11.899,0.005,-1.494,-11.893,0.000,1.500,0.010
94.03,-11.899,0.005,-1.494,-11.893,0.000,1.500,0.010
94.05,-11.898,0.003,-1.494,-11.893,0.000,1.500,0.008
94.07,-11.898,0.003,-1.494,-11.893,0.000,1.500,0.008
94.09,-11.897,0.001,-1.495,-11.893,0.000,1.500,0.007
94.12,-11.897,0.001,-1.495,-11.893,0.000,1.500,0.007
94.14,-11.897,-0.001,-1.495,-11.893,0.000,1.500,0.006
94.16,-11.897,-0.001,-1.495,-11.893,0.000,1.500,0.006
94.18,-11.896,-0.002,-1.495,-11.893,0.000,1.500,0.006
94.20,-11.896,-0.002,-1.495,-11.893,0.000,1.500,0.006
94.22,-11.895,-0.004,-1.496,-11.893,0.000,1.500,0.006
94.24,-11.895,-0.004,-1.496,-11.893,0.000,1.500,0.006
94.26,-11.894,-0.005,-1.496,-11.893,0.000,1.500,0.006
94.28,-11.894,-0.005,-1.496,-11.893,0.000,1.500,0.006
94.30,-11.894,-0.005,-1.496,-11.893,0.000,1.500,0.006
94.32,-11.893,-0.007,-1.497,-11.893,0.000,1.500,0.007
94.34,-11.893,-0.007,-1.497,-11.893,0.000,1.500,0.007
94.37,-11.892,-0.008,-1.498,-11.893,0.000,1.500,0.008
94.39,-11.892,-0.008,-1.498,-11.893,0.000,1.500,0.008
94.41,-11.892,-0.009,-1.498,-11.893,0.000,1.500,0.009
94.43,-11.892,-0.009,-1.498,-11.893,0.000,1.500,0.009
94.45,-11.891,-0.010,-1.499,-11.893,0.000,1.500,0.010
94.47,-11.891,-0.010,-1.499,-11.893,0.000,1.500,0.010
94.49,-11.891,-0.011,-1.499,-11.893,0.000,1.500,0.011
94.51,-11.891,-0.011,-1.499,-11.893,0.000,1.500,0.011
94.53,-11.890,-0.011,-1.500,-11.893,0.000,1.500,0.012
94.55,-11.890,-0.011,-1.500,-11.893,0.000,1.500,0.012
94.57,-11.890,-0.012,-1.500,-11.893,0.000,1.500,0.012
94.59,-11.890,-0.012,-1.500,-11.893,0.000,1.500,0.012
94.61,-11.889,-0.012,-1.500,-11.893,0.000,1.500,0.013
94.63,-11.889,-0.012,-1.500,-11.893,0.000,1.500,0.013
94.66,-11.889,-0.013,-1.501,-11.893,0.000,1.500,0.014
94.68,-11.889,-0.013,-1.501,-11.893,0.000,1.500,0.014
94.70,-11.888,-0.014,-1.501,-11.893,0.000,1.500,0.015
94.72,-11.888,-0.014,-1.501,-11.893,0.000,1.500,0.015
94.74,-11.887,-0.014,-1.501,-11.893,0.000,1.500,0.016
94.76,-11.887,-0.014,-1.501,-11.893,0.000,1.500,0.016
94.78,-11.886,-0.015,-1.501,-11.893,0.000,1.500,0.017
94.80,-11.886,-0.015,-1.501,-11.893,0.000,1.500,0.017
94.82,-11.886,-0.015,-1.501,-11.893,0.000,1.500,0.017
94.84,-11.884,-0.016,-1.501,-11.893,0.000,1.500,0.019
94.86,-11.884,-0.016,-1.501,-11.893,0.000,1.500,0.019
94.88,-11.883,-0.017,-1.501,-11.893,0.000,1.500,0.020
94.90,-11.883,-0.017,-1.501,-11.893,0.000,1.500,0.020
94.93,-11.882,-0.018,-1.502,-11.893,0.000,1.500,0.021
94.95,-11.882,-0.018,-1.502,-11.893,0.000,1.500,0.021
94.97,-11.881,-0.020,-1.502,-11.893,0.000,1.500,0.023
94.99,-11.881,-0.020,-1.502,-11.893,0.000,1.500,0.023
95.01,-11.881,-0.021,-1.502,-11.893,0.000,1.500,0.024
95.03,-11.881,-0.021,-1.502,-11.893,0.000,1.500,0.024
95.05,-11.880,-0.022,-1.502,-11.893,0.000,1.500,0.025
95.07,-11.880,-0.022,-1.502,-11.893,0.000,1.500,0.025
95.09,-11.879,-0.023,-1.503,-11.893,0.000,1.500,0.027
95.11,-11.879,-0.023,-1.503,-11.893,0.000,1.500,0.027
95.13,-11.878,-0.024,-1.503,-11.893,0.000,1.500,0.028
95.16,-11.878,-0.024,-1.503,-11.893,0.000,1.500,0.028
95.18,-11.878,-0.025,-1.503,-11.893,0.000,1.500,0.029
95.20,-11.878,-0.025,-1.503,-11.893,0.000,1.500,0.029
95.22,-11.877,-0.026,-1.504,-11.893,0.000,1.500,0.030
95.24,-11.877,-0.026,-1.504,-11.893,0.000,1.500,0.030
95.26,-11.877,-0.026,-1.504,-11.893,0.000,1.500,0.031
95.28,-11.877,-0.026,-1.504,-11.893,0.000,1.500,0.031
95.30,-11.877,-0.026,-1.504,-11.893,0.000,1.500,0.031
95.32,-11.876,-0.028,-1.505,-11.893,0.000,1.500,0.033
95.34,-11.876,-0.028,-1.505,-11.893,0.000,1.500,0.033
95.36,-11.876,-0.028,-1.505,-11.893,0.000,1.500,0.034
95.38,-11.876,-0.028,-1.505,-11.893,0.000,1.500,0.034
95.41,-11.875,-0.029,-1.506,-11.893,0.000,1.500,0.034
95.43,-11.875,-0.029,-1.506,-11.893,0.000,1.500,0.034
95.45,-11.875,-0.029,-1.506,-11.893,0.000,1.500,0.035
95.47,-11.875,-0.029,-1.506,-11.893,0.000,1.500,0.035
95.49,-11.875,-0.029,-1.507,-11.893,0.000,1.500,0.035
95.51,-11.875,-0.029,-1.507,-11.893,0.000,1.500,0.035
95.53,-11.875,-0.029,-1.507,-11.893,0.000,1.500,0.035
95.55,-11.875,-0.029,-1.507,-11.893,0.000,1.500,0.035
95.57,-11.874,-0.029,-1.508,-11.893,0.000,1.500,0.035
95.59,-11.874,-0.029,-1.508,-11.893,0.000,1.500,0.035
95.61,-11.874,-0.029,-1.508,-11.893,0.000,1.500,0.035
95.63,-11.874,-0.029,-1.508,-11.893,0.000,1.500,0.035
95.66,-11.874,-0.028,-1.509,-11.893,0.000,1.500,0.035
95.68,-11.874,-0.028,-1.509,-11.893,0.000,1.500,0.035
95.70,-11.874,-0.027,-1.509,-11.893,0.000,1.500,0.034
95.72,-11.874,-0.027,-1.509,-11.893,0.000,1.500,0.034
95.74,-11.875,-0.026,-1.509,-11.893,0.000,1.500,0.033
95.76,-11.875,-0.026,-1.509,-11.893,0.000,1.500,0.033
95.78,-11.875,-0.025,-1.509,-11.893,0.000,1.500,0.032
95.80,-11.875,-0.025,-1.509,-11.893,0.000,1.500,0.032
95.82,-11.875,-0.025,-1.509,-11.893,0.000,1.500,0.032
95.84,-11.876,-0.024,-1.510,-11.893,0.000,1.500,0.031
95.86,-11.876,-0.024,-1.510,-11.893,0.000,1.500,0.031
95.89,-11.876,-0.023,-1.509,-11.893,0.000,1.500,0.030
95.91,-11.876,-0.023,-1.509,-11.893,0.000,1.500,0.030
95.93,-11.877,-0.022,-1.509,-11.893,0.000,1.500,0.029
95.95,-11.877,-0.022,-1.509,-11.893,0.000,1.500,0.029
95.97,-11.877,-0.021,-1.509,-11.893,0.000,1.500,0.028
95.99,-11.877,-0.021,-1.509,-11.893,0.000,1.500,0.028
96.01,-11.877,-0.020,-1.509,-11.893,0.000,1.500,0.027
96.03,-11.877,-0.020,-1.509,-11.893,0.000,1.500,0.027
96.05,-11.877,-0.019,-1.509,-11.893,0.000,1.500,0.026
96.07,-11.877,-0.019,-1.509,-11.893,0.000,1.500,0.026
96.09,-11.877,-0.018,-1.509,-11.893,0.000,1.500,0.026
96.11,-11.877,-0.018,-1.509,-11.893,0.000,1.500,0.026
96.14,-11.878,-0.018,-1.508,-11.893,0.000,1.500,0.025
96.16,-11.878,-0.018,-1.508,-11.893,0.000,1.500,0.025
96.18,-11.878,-0.017,-1.508,-11.893,0.000,1.500,0.024
96.20,-11.878,-0.017,-1.508,-11.893,0.000,1.500,0.024
96.22,-11.879,-0.016,-1.508,-11.893,0.000,1.500,0.023
96.24,-11.879,-0.016,-1.508,-11.893,0.000,1.500,0.023
96.26,-11.879,-0.016,-1.508,-11.893,0.000,1.500,0.022
96.28,-11.879,-0.016,-1.508,-11.893,0.000,1.500,0.022
96.30,-11.880,-0.015,-1.508,-11.893,0.000,1.500,0.021
96.32,-11.880,-0.015,-1.508,-11.893,0.000,1.500,0.021
96.35,-11.880,-0.015,-1.508,-11.893,0.000,1.500,0.021
96.37,-11.881,-0.014,-1.508,-11.893,0.000,1.500,0.020
96.39,-11.881,-0.014,-1.508,-11.893,0.000,1.500,0.020
96.41,-11.882,-0.013,-1.508,-11.893,0.000,1.500,0.019
96.43,-11.882,-0.013,-1.508,-11.893,0.000,1.500,0.019
96.45,-11.883,-0.012,-1.508,-11.893,0.000,1.500,0.018
96.47,-11.883,-0.012,-1.508,-11.893,0.000,1.500,0.018
96.49,-11.884,-0.011,-1.508,-11.893,0.000,1.500,0.016
96.51,-11.884,-0.011,-1.508,-11.893,0.000,1.500,0.016
96.53,-11.885,-0.010,-1.508,-11.893,0.000,1.500,0.015
96.55,-11.885,-0.010,-1.508,-11.893,0.000,1.500,0.015
96.57,-11.885,-0.009,-1.509,-11.893,0.000,1.500,0.014
96.60,-11.885,-0.009,-1.509,-11.893,0.000,1.500,0.014
96.62,-11.886,-0.007,-1.509,-11.893,0.000,1.500,0.013
96.64,-11.886,-0.007,-1.509,-11.893,0.000,1.500,0.013
96.66,-11.887,-0.006,-1.509,-11.893,0.000,1.500,0.012
96.68,-11.887,-0.006,-1.509,-11.893,0.000,1.500,0.012
96.70,-11.888,-0.004,-1.509,-11.893,0.000,1.500,0.012
96.72,-11.888,-0.004,-1.509,-11.893,0.000,1.500,0.012
96.74,-11.888,-0.003,-1.509,-11.893,0.000,1.500,0.011
96.76,-11.888,-0.003,-1.509,-11.893,0.000,1.500,0.011
96.78,-11.888,-0.001,-1.510,-11.893,0.000,1.500,0.011
96.80,-11.888,-0.001,-1.510,-11.893,0.000,1.500,0.011
96.82,-11.888,-0.001,-1.510,-11.893,0.000,1.500,0.011
96.85,-11.888,0.001,-1.510,-11.893,0.000,1.500,0.011
96.87,-11.888,0.001,-1.510,-11.893,0.000,1.500,0.011
96.89,-11.888,0.003,-1.510,-11.893,0.000,1.500,0.012
96.91,-11.888,0.003,-1.510,-11.893,0.000,1.500,0.012
96.93,-11.887,0.004,-1.510,-11.893,0.000,1.500,0.013
96.95,-11.887,0.004,-1.510,-11.893,0.000,1.500,0.013
96.97,-11.887,0.006,-1.510,-11.893,0.000,1.500,0.013
96.99,-11.887,0.006,-1.510,-11.893,0.000,1.500,0.013
97.01,-11.886,0.007,-1.510,-11.893,0.000,1.500,0.014
97.03,-11.886,0.007,-1.510,-11.893,0.000,1.500,0.014
97.05,-11.885,0.008,-1.510,-11.893,0.000,1.500,0.015
97.08,-11.885,0.008,-1.510,-11.893,0.000,1.500,0.015
97.10,-11.885,0.009,-1.509,-11.893,0.000,1.500,0.015
97.12,-11.885,0.009,-1.509,-11.893,0.000,1.500,0.015
97.14,-11.885,0.010,-1.509,-11.893,0.000,1.500,0.016
97.16,-11.885,0.010,-1.509,-11.893,0.000,1.500,0.016
97.18,-11.884,0.011,-1.509,-11.893,0.000,1.500,0.016
97.20,-11.884,0.011,-1.509,-11.893,0.000,1.500,0.016
97.22,-11.884,0.011,-1.508,-11.893,0.000,1.500,0.017
97.24,-11.884,0.011,-1.508,-11.893,0.000,1.500,0.017
97.26,-11.884,0.012,-1.508,-11.893,0.000,1.500,0.017
97.28,-11.884,0.012,-1.508,-11.893,0.000,1.500,0.017
97.30,-11.883,0.012,-1.507,-11.893,0.000,1.500,0.017
97.32,-11.883,0.012,-1.507,-11.893,0.000,1.500,0.017
97.35,-11.883,0.012,-1.507,-11.893,0.000,1.500,0.017
97.37,-11.882,0.011,-1.506,-11.893,0.000,1.500,0.017
97.39,-11.882,0.011,-1.506,-11.893,0.000,1.500,0.017
97.41,-11.881,0.011,-1.506,-11.893,0.000,1.500,0.017
97.43,-11.881,0.011,-1.506,-11.893,0.000,1.500,0.017
97.45,-11.881,0.010,-1.506,-11.893,0.000,1.500,0.017
97.47,-11.881,0.010,-1.506,-11.893,0.000,1.500,0.017
97.49,-11.880,0.009,-1.506,-11.893,0.000,1.500,0.017
97.51,-11.880,0.009,-1.506,-11.893,0.000,1.500,0.017
97.53,-11.880,0.008,-1.506,-11.893,0.000,1.500,0.016
97.55,-11.880,0.008,-1.506,-11.893,0.000,1.500,0.016
97.57,-11.880,0.007,-1.506,-11.893,0.000,1.500,0.016
97.60,-11.880,0.007,-1.506,-11.893,0.000,1.500,0.016
97.62,-11.879,0.006,-1.506,-11.893,0.000,1.500,0.016
97.64,-11.879,0.006,-1.506,-11.893,0.000,1.500,0.016
97.66,-11.880,0.005,-1.506,-11.893,0.000,1.500,0.015
97.68,-11.880,0.005,-1.506,-11.893,0.000,1.500,0.015
97.70,-11.880,0.004,-1.506,-11.893,0.000,1.500,0.015
97.72,-11.880,0.004,-1.506,-11.893,0.000,1.500,0.015
97.74,-11.880,0.003,-1.506,-11.893,0.000,1.500,0.015
97.76,-11.880,0.003,-1.506,-11.893,0.000,1.500,0.015
97.78,-11.880,0.002,-1.506,-11.893,0.000,1.500,0.014
97.80,-11.880,0.002,-1.506,-11.893,0.000,1.500,0.014
97.82,-11.880,0.002,-1.506,-11.893,0.000,1.500,0.014
97.85,-11.881,0.001,-1.506,-11.893,0.000,1.500,0.013
97.87,-11.881,0.001,-1.506,-11.893,0.000,1.500,0.013
97.89,-11.882,-0.000,-1.507,-11.893,0.000,1.500,0.013
97.91,-11.882,-0.000,-1.507,-11.893,0.000,1.500,0.013
97.93,-11.882,-0.001,-1.507,-11.893,0.000,1.500,0.013
97.95,-11.882,-0.001,-1.507,-11.893,0.000,1.500,0.013
97.97,-11.883,-0.002,-1.508,-11.893,0.000,1.500,0.013
97.99,-11.883,-0.002,-1.508,-11.893,0.000,1.500,0.013
98.01,-11.884,-0.002,-1.508,-11.893,0.000,1.500,0.013
98.03,-11.884,-0.002,-1.508,-11.893,0.000,1.500,0.013
98.05,-11.885,-0.003,-1.509,-11.893,0.000,1.500,0.013
98.07,-11.885,-0.003,-1.509,-11.893,0.000,1.500,0.013
98.10,-11.886,-0.003,-1.510,-11.893,0.000,1.500,0.012
98.12,-11.886,-0.003,-1.510,-11.893,0.000,1.500,0.012
98.14,-11.888,-0.003,-1.511,-11.893,0.000,1.500,0.012
98.16,-11.888,-0.003,-1.511,-11.893,0.000,1.500,0.012
98.18,-11.889,-0.003,-1.511,-11.893,0.000,1.500,0.012
98.20,-11.889,-0.003,-1.511,-11.893,0.000,1.500,0.012
98.22,-11.891,-0.003,-1.512,-11.893,0.000,1.500,0.013
98.24,-11.891,-0.003,-1.512,-11.893,0.000,1.500,0.013
98.26,-11.892,-0.003,-1.512,-11.893,0.000,1.500,0.013
98.28,-11.892,-0.003,-1.512,-11.893,0.000,1.500,0.013
98.30,-11.894,-0.002,-1.513,-11.893,0.000,1.500,0.014
98.32,-11.894,-0.002,-1.513,-11.893,0.000,1.500,0.014
98.35,-11.894,-0.002,-1.513,-11.893,0.000,1.500,0.014
98.37,-11.897,-0.002,-1.514,-11.893,0.000,1.500,0.015
98.39,-11.897,-0.002,-1.514,-11.893,0.000,1.500,0.015
98.41,-11.899,-0.001,-1.515,-11.893,0.000,1.500,0.016
98.43,-11.899,-0.001,-1.515,-11.893,0.000,1.500,0.016
98.45,-11.901,-0.001,-1.515,-11.893,0.000,1.500,0.018
98.47,-11.901,-0.001,-1.515,-11.893,0.000,1.500,0.018
98.49,-11.903,-0.000,-1.516,-11.893,0.000,1.500,0.019
98.51,-11.903,-0.000,-1.516,-11.893,0.000,1.500,0.019
98.53,-11.905,0.000,-1.516,-11.893,0.000,1.500,0.020
98.55,-11.905,0.000,-1.516,-11.893,0.000,1.500,0.020
98.57,-11.907,0.001,-1.516,-11.893,0.000,1.500,0.021
98.60,-11.907,0.001,-1.516,-11.893,0.000,1.500,0.021
98.62,-11.909,0.001,-1.516,-11.893,0.000,1.500,0.023
98.64,-11.909,0.001,-1.516,-11.893,0.000,1.500,0.023
98.66,-11.911,0.002,-1.515,-11.893,0.000,1.500,0.024
98.68,-11.911,0.002,-1.515,-11.893,0.000,1.500,0.024
98.70,-11.913,0.002,-1.515,-11.893,0.000,1.500,0.025
98.72,-11.913,0.002,-1.515,-11.893,0.000,1.500,0.025
98.74,-11.914,0.002,-1.515,-11.893,0.000,1.500,0.026
98.76,-11.914,0.002,-1.515,-11.893,0.000,1.500,0.026
98.78,-11.916,0.003,-1.514,-11.893,0.000,1.500,0.027
98.80,-11.916,0.003,-1.514,-11.893,0.000,1.500,0.027
98.82,-11.917,0.003,-1.513,-11.893,0.000,1.500,0.028
98.84,-11.917,0.003,-1.513,-11.893,0.000,1.500,0.028
98.87,-11.917,0.003,-1.513,-11.893,0.000,1.500,0.028
98.89,-11.919,0.003,-1.511,-11.893,0.000,1.500,0.029
98.91,-11.919,0.003,-1.511,-11.893,0.000,1.500,0.029
98.93,-11.920,0.003,-1.510,-11.893,0.000,1.500,0.029
98.95,-11.920,0.003,-1.510,-11.893,0.000,1.500,0.029
98.97,-11.920,0.003,-1.509,-11.893,0.000,1.500,0.029
98.99,-11.920,0.003,-1.509,-11.893,0.000,1.500,0.029
99.01,-11.921,0.003,-1.508,-11.893,0.000,1.500,0.030
99.03,-11.921,0.003,-1.508,-11.893,0.000,1.500,0.030
99.05,-11.922,0.003,-1.507,-11.893,0.000,1.500,0.030
99.07,-11.922,0.003,-1.507,-11.893,0.000,1.500,0.030
99.09,-11.922,0.003,-1.506,-11.893,0.000,1.500,0.030
99.12,-11.922,0.003,-1.506,-11.893,0.000,1.500,0.030
99.14,-11.922,0.003,-1.505,-11.893,0.000,1.500,0.030
99.16,-11.922,0.003,-1.505,-11.893,0.000,1.500,0.030
99.18,-11.923,0.003,-1.503,-11.893,0.000,1.500,0.030
99.20,-11.923,0.003,-1.503,-11.893,0.000,1.500,0.030
99.22,-11.923,0.002,-1.502,-11.893,0.000,1.500,0.030
99.24,-11.923,0.002,-1.502,-11.893,0.000,1.500,0.030
99.26,-11.923,0.002,-1.501,-11.893,0.000,1.500,0.030
99.28,-11.923,0.002,-1.501,-11.893,0.000,1.500,0.030
99.30,-11.923,0.001,-1.500,-11.893,0.000,1.500,0.030
99.32,-11.923,0.001,-1.500,-11.893,0.000,1.500,0.030
99.34,-11.923,0.001,-1.500,-11.893,0.000,1.500,0.030
99.37,-11.923,0.000,-1.499,-11.893,0.000,1.500,0.030
99.39,-11.923,0.000,-1.499,-11.893,0.000,1.500,0.030
99.41,-11.923,-0.000,-1.499,-11.893,0.000,1.500,0.030
99.43,-11.923,-0.000,-1.499,-11.893,0.000,1.500,0.030
99.45,-11.923,-0.001,-1.498,-11.893,0.000,1.500,0.030
99.47,-11.923,-0.001,-1.498,-11.893,0.000,1.500,0.030
99.49,-11.922,-0.001,-1.498,-11.893,0.000,1.500,0.029
99.51,-11.922,-0.001,-1.498,-11.893,0.000,1.500,0.029
99.53,-11.922,-0.002,-1.497,-11.893,0.000,1.500,0.029
99.55,-11.922,-0.002,-1.497,-11.893,0.000,1.500,0.029
99.57,-11.921,-0.002,-1.497,-11.893,0.000,1.500,0.028
99.59,-11.921,-0.002,-1.497,-11.893,0.000,1.500,0.028
99.61,-11.920,-0.003,-1.496,-11.893,0.000,1.500,0.027
99.63,-11.920,-0.003,-1.496,-11.893,0.000,1.500,0.027
99.66,-11.919,-0.003,-1.495,-11.893,0.000,1.500,0.027
99.68,-11.919,-0.003,-1.495,-11.893,0.000,1.500,0.027
99.70,-11.917,-0.003,-1.495,-11.893,0.000,1.500,0.025
99.72,-11.917,-0.003,-1.495,-11.893,0.000,1.500,0.025
99.74,-11.916,-0.004,-1.494,-11.893,0.000,1.500,0.024
99.76,-11.916,-0.004,-1.494,-11.893,0.000,1.500,0.024
99.78,-11.914,-0.004,-1.494,-11.893,0.000,1.500,0.022
99.80,-11.914,-0.004,-1.494,-11.893,0.000,1.500,0.022
99.82,-11.912,-0.004,-1.493,-11.893,0.000,1.500,0.020
99.84,-11.912,-0.004,-1.493,-11.893,0.000,1.500,0.020
99.86,-11.912,-0.004,-1.493,-11.893,0.000,1.500,0.020
99.89,-11.908,-0.004,-1.492,-11.893,0.000,1.500,0.017
99.91,-11.908,-0.004,-1.492,-11.893,0.000,1.500,0.017
99.93,-11.905,-0.004,-1.492,-11.893,0.000,1.500,0.016
99.95,-11.905,-0.004,-1.492,-11.893,0.000,1.500,0.016
99.97,-11.903,-0.004,-1.491,-11.893,0.000,1.500,0.014
99.99,-11.903,-0.004,-1.491,-11.893,0.000,1.500,0.014