t,px,py,pz,ex,ey,ez,err
0.00,0.033,-0.012,-0.042,5.411,0.000,0.704,5.418
0.02,0.033,-0.012,-0.042,5.414,0.000,0.704,5.421
0.04,0.033,-0.012,-0.042,5.414,0.000,0.704,5.421
0.06,0.033,-0.012,-0.042,5.447,0.000,0.709,5.455
0.08,0.033,-0.012,-0.042,5.447,0.000,0.709,5.455
0.11,0.033,-0.012,-0.042,5.488,0.000,0.714,5.496
0.13,0.033,-0.012,-0.042,5.488,0.000,0.714,5.496
0.15,0.033,-0.012,-0.042,5.530,0.000,0.720,5.538
0.17,0.033,-0.012,-0.042,5.530,0.000,0.720,5.538
0.19,0.033,-0.012,-0.042,5.573,0.000,0.725,5.582
0.21,0.033,-0.012,-0.042,5.573,0.000,0.725,5.582
0.23,0.034,-0.012,-0.042,5.613,0.000,0.730,5.622
0.25,0.034,-0.012,-0.042,5.613,0.000,0.730,5.622
0.27,0.034,-0.013,-0.042,5.655,0.000,0.736,5.664
0.29,0.034,-0.013,-0.042,5.655,0.000,0.736,5.664
0.31,0.034,-0.013,-0.042,5.695,0.000,0.741,5.704
0.33,0.034,-0.013,-0.042,5.695,0.000,0.741,5.704
0.36,0.034,-0.013,-0.042,5.736,0.000,0.746,5.745
0.38,0.034,-0.013,-0.042,5.736,0.000,0.746,5.745
0.40,0.035,-0.014,-0.041,5.778,0.000,0.751,5.787
0.42,0.035,-0.014,-0.041,5.778,0.000,0.751,5.787
0.44,0.035,-0.014,-0.041,5.821,0.000,0.757,5.830
0.46,0.035,-0.014,-0.041,5.821,0.000,0.757,5.830
0.48,0.036,-0.015,-0.041,5.861,0.000,0.762,5.870
0.50,0.036,-0.015,-0.041,5.861,0.000,0.762,5.870
0.52,0.036,-0.015,-0.040,5.903,0.000,0.767,5.912
0.54,0.036,-0.015,-0.040,5.903,0.000,0.767,5.912
0.56,0.036,-0.015,-0.040,5.903,0.000,0.767,5.912
0.58,0.036,-0.016,-0.039,5.963,0.000,0.774,5.972
0.60,0.036,-0.016,-0.039,5.963,0.000,0.774,5.972
0.63,0.037,-0.016,-0.039,6.006,0.000,0.779,6.015
0.65,0.037,-0.016,-0.039,6.006,0.000,0.779,6.015
0.67,0.037,-0.016,-0.039,6.045,0.000,0.784,6.054
0.69,0.037,-0.016,-0.039,6.045,0.000,0.784,6.054
0.71,0.038,-0.016,-0.038,6.089,0.000,0.789,6.097
0.73,0.038,-0.016,-0.038,6.089,0.000,0.789,6.097
0.75,0.039,-0.017,-0.038,6.128,0.000,0.794,6.136
0.77,0.039,-0.017,-0.038,6.128,0.000,0.794,6.136
0.79,0.040,-0.017,-0.038,6.170,0.000,0.799,6.177
0.81,0.040,-0.017,-0.038,6.170,0.000,0.799,6.177
0.83,0.041,-0.017,-0.039,6.211,0.000,0.803,6.217
0.85,0.041,-0.017,-0.039,6.211,0.000,0.803,6.217
0.87,0.041,-0.017,-0.039,6.252,0.000,0.808,6.258
0.90,0.041,-0.017,-0.039,6.252,0.000,0.808,6.258
0.92,0.042,-0.017,-0.040,6.293,0.000,0.813,6.299
0.94,0.042,-0.017,-0.040,6.293,0.000,0.813,6.299
0.96,0.043,-0.017,-0.040,6.337,0.000,0.818,6.342
0.98,0.043,-0.017,-0.040,6.337,0.000,0.818,6.342
1.00,0.043,-0.017,-0.041,6.376,0.000,0.823,6.381
1.02,0.043,-0.017,-0.041,6.376,0.000,0.823,6.381
1.04,0.044,-0.017,-0.041,6.418,0.000,0.827,6.422
1.06,0.044,-0.017,-0.041,6.418,0.000,0.827,6.422
1.08,0.044,-0.017,-0.041,6.418,0.000,0.827,6.422
1.10,0.045,-0.016,-0.042,6.479,0.000,0.834,6.483
1.12,0.045,-0.016,-0.042,6.479,0.000,0.834,6.483
1.14,0.045,-0.016,-0.043,6.520,0.000,0.839,6.523
1.17,0.045,-0.016,-0.043,6.520,0.000,0.839,6.523
1.19,0.046,-0.016,-0.043,6.561,0.000,0.843,6.565
1.21,0.046,-0.016,-0.043,6.561,0.000,0.843,6.565
1.23,0.046,-0.016,-0.044,6.605,0.000,0.848,6.608
1.25,0.046,-0.016,-0.044,6.605,0.000,0.848,6.608
1.27,0.046,-0.015,-0.045,6.645,0.000,0.853,6.648
1.29,0.046,-0.015,-0.045,6.645,0.000,0.853,6.648
1.31,0.046,-0.015,-0.046,6.686,0.000,0.857,6.689
1.33,0.046,-0.015,-0.046,6.686,0.000,0.857,6.689
1.35,0.047,-0.014,-0.046,6.726,0.000,0.862,6.729
1.37,0.047,-0.014,-0.046,6.726,0.000,0.862,6.729
1.39,0.047,-0.013,-0.047,6.768,0.000,0.867,6.771
1.42,0.047,-0.013,-0.047,6.768,0.000,0.867,6.771
1.44,0.047,-0.013,-0.048,6.810,0.000,0.871,6.813
1.46,0.047,-0.013,-0.048,6.810,0.000,0.871,6.813
1.48,0.047,-0.012,-0.049,6.853,0.000,0.876,6.857
1.50,0.047,-0.012,-0.049,6.853,0.000,0.876,6.857
1.52,0.047,-0.012,-0.049,6.893,0.000,0.880,6.897
1.54,0.047,-0.012,-0.049,6.893,0.000,0.880,6.897
1.56,0.047,-0.012,-0.049,6.893,0.000,0.880,6.897
1.58,0.046,-0.011,-0.050,6.955,0.000,0.887,6.959
1.60,0.046,-0.011,-0.050,6.955,0.000,0.887,6.959
1.62,0.046,-0.010,-0.051,6.995,0.000,0.892,7.000
1.64,0.046,-0.010,-0.051,6.995,0.000,0.892,7.000
1.66,0.046,-0.010,-0.052,7.036,0.000,0.896,7.041
1.69,0.046,-0.010,-0.052,7.036,0.000,0.896,7.041
1.71,0.045,-0.009,-0.053,7.078,0.000,0.901,7.083
1.73,0.045,-0.009,-0.053,7.078,0.000,0.901,7.083
1.75,0.045,-0.008,-0.055,7.121,0.000,0.906,7.128
1.77,0.045,-0.008,-0.055,7.121,0.000,0.906,7.128
1.79,0.044,-0.007,-0.056,7.163,0.000,0.911,7.170
1.81,0.044,-0.007,-0.056,7.163,0.000,0.911,7.170
1.83,0.044,-0.007,-0.057,7.203,0.000,0.915,7.210
1.85,0.044,-0.007,-0.057,7.203,0.000,0.915,7.210
1.87,0.043,-0.006,-0.058,7.244,0.000,0.920,7.252
1.89,0.043,-0.006,-0.058,7.244,0.000,0.920,7.252
1.92,0.043,-0.005,-0.059,7.284,0.000,0.924,7.293
1.94,0.043,-0.005,-0.059,7.284,0.000,0.924,7.293
1.96,0.042,-0.004,-0.060,7.326,0.000,0.929,7.336
1.98,0.042,-0.004,-0.060,7.326,0.000,0.929,7.336
2.00,0.041,-0.003,-0.061,7.369,0.000,0.934,7.380
2.02,0.041,-0.003,-0.061,7.369,0.000,0.934,7.380
2.04,0.041,-0.002,-0.061,7.409,0.000,0.939,7.421
2.06,0.041,-0.002,-0.061,7.409,0.000,0.939,7.421
2.08,0.041,-0.002,-0.061,7.409,0.000,0.939,7.421
2.10,0.040,-0.001,-0.062,7.471,-0.000,0.946,7.483
2.12,0.040,-0.001,-0.062,7.471,-0.000,0.946,7.483
2.14,0.039,-0.000,-0.063,7.511,-0.000,0.950,7.525
2.16,0.039,-0.000,-0.063,7.511,-0.000,0.950,7.525
2.19,0.039,0.000,-0.063,7.554,-0.000,0.955,7.568
2.21,0.039,0.000,-0.063,7.554,-0.000,0.955,7.568
2.23,0.038,0.001,-0.063,7.593,-0.000,0.960,7.608
2.25,0.038,0.001,-0.063,7.593,-0.000,0.960,7.608
2.27,0.037,0.002,-0.064,7.636,-0.000,0.965,7.652
2.29,0.037,0.002,-0.064,7.636,-0.000,0.965,7.652
2.31,0.036,0.003,-0.064,7.676,-0.000,0.970,7.693
2.33,0.036,0.003,-0.064,7.676,-0.000,0.970,7.693
2.35,0.036,0.004,-0.064,7.717,-0.000,0.974,7.735
2.37,0.036,0.004,-0.064,7.717,-0.000,0.974,7.735
2.39,0.035,0.005,-0.065,7.756,-0.000,0.979,7.775
2.41,0.035,0.005,-0.065,7.756,-0.000,0.979,7.775
2.43,0.035,0.006,-0.065,7.798,-0.000,0.984,7.817
2.45,0.035,0.006,-0.065,7.798,-0.000,0.984,7.817
2.48,0.034,0.007,-0.065,7.839,-0.000,0.989,7.859
2.50,0.034,0.007,-0.065,7.839,-0.000,0.989,7.859
2.52,0.034,0.008,-0.066,7.882,-0.000,0.994,7.903
2.54,0.034,0.008,-0.066,7.882,-0.000,0.994,7.903
2.56,0.033,0.009,-0.066,7.922,-0.000,0.999,7.943
2.58,0.033,0.009,-0.066,7.922,-0.000,0.999,7.943
2.60,0.033,0.009,-0.066,7.922,-0.000,0.999,7.943
2.62,0.033,0.010,-0.067,7.983,-0.000,1.007,8.006
2.64,0.033,0.010,-0.067,7.983,-0.000,1.007,8.006
2.66,0.032,0.011,-0.067,8.024,0.000,1.012,8.047
2.68,0.032,0.011,-0.067,8.024,0.000,1.012,8.047
2.71,0.032,0.013,-0.068,8.065,0.000,1.017,8.089
2.73,0.032,0.013,-0.068,8.065,0.000,1.017,8.089
2.75,0.031,0.014,-0.068,8.106,0.000,1.022,8.131
2.77,0.031,0.014,-0.068,8.106,0.000,1.022,8.131
2.79,0.031,0.015,-0.069,8.149,0.000,1.027,8.174
2.81,0.031,0.015,-0.069,8.149,0.000,1.027,8.174
2.83,0.031,0.016,-0.070,8.189,0.000,1.032,8.215
2.85,0.031,0.016,-0.070,8.189,0.000,1.032,8.215
2.87,0.030,0.018,-0.070,8.231,0.000,1.037,8.257
2.89,0.030,0.018,-0.070,8.231,0.000,1.037,8.257
2.91,0.030,0.019,-0.071,8.272,0.000,1.043,8.299
2.93,0.030,0.019,-0.071,8.272,0.000,1.043,8.299
2.96,0.031,0.021,-0.072,8.313,0.000,1.048,8.340
2.98,0.031,0.021,-0.072,8.313,0.000,1.048,8.340
3.00,0.032,0.023,-0.073,8.355,0.000,1.053,8.381
3.02,0.032,0.023,-0.073,8.355,0.000,1.053,8.381
3.04,0.033,0.026,-0.075,8.400,0.000,1.059,8.424
3.06,0.033,0.026,-0.075,8.400,0.000,1.059,8.424
3.08,0.033,0.026,-0.075,8.400,0.000,1.059,8.424
3.10,0.037,0.031,-0.079,8.462,0.000,1.067,8.482
3.12,0.037,0.031,-0.079,8.462,0.000,1.067,8.482
3.14,0.042,0.034,-0.083,8.503,0.000,1.072,8.519
3.16,0.042,0.034,-0.083,8.503,0.000,1.072,8.519
3.18,0.047,0.037,-0.088,8.544,0.000,1.077,8.554
3.20,0.047,0.037,-0.088,8.544,0.000,1.077,8.554
3.23,0.055,0.041,-0.093,8.586,0.000,1.082,8.588
3.25,0.055,0.041,-0.093,8.586,0.000,1.082,8.588
3.27,0.064,0.044,-0.099,8.628,0.000,1.088,8.621
3.29,0.064,0.044,-0.099,8.628,0.000,1.088,8.621
3.31,0.079,0.048,-0.106,8.673,0.000,1.093,8.651
3.33,0.079,0.048,-0.106,8.673,0.000,1.093,8.651
3.35,0.094,0.051,-0.113,8.715,0.000,1.099,8.677
3.37,0.094,0.051,-0.113,8.715,0.000,1.099,8.677
3.39,0.109,0.053,-0.118,8.756,0.000,1.104,8.703
3.41,0.109,0.053,-0.118,8.756,0.000,1.104,8.703
3.43,0.137,0.054,-0.123,8.797,0.000,1.109,8.716
3.45,0.137,0.054,-0.123,8.797,0.000,1.109,8.716
3.48,0.173,0.054,-0.126,8.841,0.000,1.115,8.724
3.50,0.173,0.054,-0.126,8.841,0.000,1.115,8.724
3.52,0.210,0.053,-0.127,8.885,0.000,1.120,8.731
3.54,0.210,0.053,-0.127,8.885,0.000,1.120,8.731
3.56,0.253,0.049,-0.126,8.925,0.000,1.125,8.729
3.58,0.253,0.049,-0.126,8.925,0.000,1.125,8.729
3.60,0.253,0.049,-0.126,8.925,0.000,1.125,8.729
3.62,0.324,0.038,-0.123,8.987,0.000,1.133,8.722
3.64,0.324,0.038,-0.123,8.987,0.000,1.133,8.722
3.66,0.390,0.024,-0.117,9.027,0.000,1.138,8.698
3.68,0.390,0.024,-0.117,9.027,0.000,1.138,8.698
3.70,0.435,0.013,-0.109,9.069,0.000,1.143,8.696
3.73,0.435,0.013,-0.109,9.069,0.000,1.143,8.696
3.75,0.493,-0.004,-0.094,9.111,0.000,1.148,8.682
3.77,0.493,-0.004,-0.094,9.111,0.000,1.148,8.682
3.79,0.479,-0.071,-0.194,9.155,0.000,1.153,8.729
3.81,0.479,-0.071,-0.194,9.155,0.000,1.153,8.729
3.83,0.442,-0.137,-0.291,9.194,0.000,1.158,8.796
3.85,0.442,-0.137,-0.291,9.194,0.000,1.158,8.796
3.87,0.405,-0.200,-0.376,9.235,0.000,1.163,8.868
3.89,0.405,-0.200,-0.376,9.235,0.000,1.163,8.868
3.91,0.371,-0.263,-0.445,9.276,0.000,1.168,8.938
3.93,0.371,-0.263,-0.445,9.276,0.000,1.168,8.938
3.95,0.342,-0.334,-0.498,9.316,0.000,1.173,9.006
3.98,0.342,-0.334,-0.498,9.316,0.000,1.173,9.006
4.00,0.308,-0.429,-0.548,9.357,0.000,1.178,9.081
4.02,0.308,-0.429,-0.548,9.357,0.000,1.178,9.081
4.04,0.280,-0.507,-0.579,9.399,0.000,1.183,9.153
4.06,0.280,-0.507,-0.579,9.399,0.000,1.183,9.153
4.08,0.280,-0.507,-0.579,9.399,0.000,1.183,9.153
4.10,0.250,-0.624,-0.601,9.456,0.000,1.190,9.246
4.12,0.250,-0.624,-0.601,9.456,0.000,1.190,9.246
4.14,0.246,-0.684,-0.600,9.496,0.000,1.195,9.294
4.16,0.246,-0.684,-0.600,9.496,0.000,1.195,9.294
4.18,0.250,-0.765,-0.592,9.534,0.000,1.200,9.336
4.20,0.250,-0.765,-0.592,9.534,0.000,1.200,9.336
4.22,0.259,-0.872,-0.576,9.573,0.000,1.204,9.375
4.25,0.259,-0.872,-0.576,9.573,0.000,1.204,9.375
4.27,0.267,-0.965,-0.557,9.613,0.000,1.209,9.418
4.29,0.267,-0.965,-0.557,9.613,0.000,1.209,9.418
4.31,0.273,-1.041,-0.539,9.650,0.000,1.214,9.459
4.33,0.273,-1.041,-0.539,9.650,0.000,1.214,9.459
4.35,0.282,-1.174,-0.507,9.691,0.000,1.219,9.509
4.37,0.282,-1.174,-0.507,9.691,0.000,1.219,9.509
4.39,0.288,-1.268,-0.483,9.730,0.000,1.224,9.556
4.41,0.288,-1.268,-0.483,9.730,0.000,1.224,9.556
4.43,0.294,-1.360,-0.461,9.768,0.000,1.228,9.601
4.45,0.294,-1.360,-0.461,9.768,0.000,1.228,9.601
4.47,0.302,-1.450,-0.440,9.806,0.000,1.233,9.647
4.49,0.302,-1.450,-0.440,9.806,0.000,1.233,9.647
4.52,0.312,-1.536,-0.419,9.845,0.000,1.238,9.690
4.54,0.312,-1.536,-0.419,9.845,0.000,1.238,9.690
4.56,0.329,-1.636,-0.397,9.885,0.000,1.242,9.732
4.58,0.329,-1.636,-0.397,9.885,0.000,1.242,9.732
4.60,0.329,-1.636,-0.397,9.885,0.000,1.242,9.732
4.62,0.363,-1.764,-0.370,9.946,0.000,1.250,9.784
4.64,0.363,-1.764,-0.370,9.946,0.000,1.250,9.784
4.66,0.392,-1.842,-0.355,9.987,0.000,1.255,9.811
4.68,0.392,-1.842,-0.355,9.987,0.000,1.255,9.811
4.70,0.427,-1.919,-0.343,10.026,0.000,1.259,9.833
4.72,0.427,-1.919,-0.343,10.026,0.000,1.259,9.833
4.74,0.459,-1.981,-0.335,10.067,0.000,1.264,9.854
4.76,0.459,-1.981,-0.335,10.067,0.000,1.264,9.854
4.79,0.513,-2.072,-0.326,10.110,0.000,1.269,9.863
4.81,0.513,-2.072,-0.326,10.110,0.000,1.269,9.863
4.83,0.565,-2.147,-0.321,10.107,0.000,1.269,9.827
4.85,0.565,-2.147,-0.321,10.107,0.000,1.269,9.827
4.87,0.621,-2.220,-0.320,10.152,0.000,1.274,9.832
4.89,0.621,-2.220,-0.320,10.152,0.000,1.274,9.832
4.91,0.696,-2.307,-0.321,10.193,0.000,1.279,9.819
4.93,0.696,-2.307,-0.321,10.193,0.000,1.279,9.819
4.95,0.765,-2.377,-0.325,10.236,0.000,1.284,9.812
4.97,0.765,-2.377,-0.325,10.236,0.000,1.284,9.812
4.99,0.839,-2.445,-0.332,10.278,0.000,1.289,9.797
5.01,0.839,-2.445,-0.332,10.278,0.000,1.289,9.797
5.03,0.919,-2.511,-0.340,10.320,0.000,1.294,9.778
5.06,0.919,-2.511,-0.340,10.320,0.000,1.294,9.778
5.08,1.022,-2.584,-0.352,10.363,0.000,1.299,9.738
5.10,1.022,-2.584,-0.352,10.363,0.000,1.299,9.738
5.12,1.022,-2.584,-0.352,10.363,0.000,1.299,9.738
5.14,1.172,-2.672,-0.371,10.428,0.000,1.307,9.679
5.16,1.172,-2.672,-0.371,10.428,0.000,1.307,9.679
5.18,1.275,-2.721,-0.384,10.468,0.000,1.312,9.632
5.20,1.275,-2.721,-0.384,10.468,0.000,1.312,9.632
5.22,1.384,-2.764,-0.399,10.509,0.000,1.317,9.578
5.24,1.384,-2.764,-0.399,10.509,0.000,1.317,9.578
5.26,1.501,-2.803,-0.413,10.548,0.000,1.321,9.514
5.28,1.501,-2.803,-0.413,10.548,0.000,1.321,9.514
5.30,1.600,-2.829,-0.425,10.587,0.000,1.326,9.465
5.32,1.600,-2.829,-0.425,10.587,0.000,1.326,9.465
5.35,1.731,-2.858,-0.440,10.627,0.000,1.331,9.386
5.37,1.731,-2.858,-0.440,10.627,0.000,1.331,9.386
5.39,1.899,-2.884,-0.458,10.664,0.000,1.335,9.269
5.41,1.899,-2.884,-0.458,10.664,0.000,1.335,9.269
5.43,2.047,-2.899,-0.472,10.704,0.000,1.340,9.170
5.45,2.047,-2.899,-0.472,10.704,0.000,1.340,9.170
5.47,2.237,-2.908,-0.489,10.740,0.000,1.345,9.028
5.49,2.237,-2.908,-0.489,10.740,0.000,1.345,9.028
5.51,2.403,-2.909,-0.503,10.775,0.000,1.349,8.903
5.53,2.403,-2.909,-0.503,10.775,0.000,1.349,8.903
5.55,2.577,-2.902,-0.517,10.809,0.000,1.353,8.769
5.58,2.577,-2.902,-0.517,10.809,0.000,1.353,8.769
5.60,2.577,-2.902,-0.517,10.809,0.000,1.353,8.769
5.62,2.870,-2.875,-0.539,10.860,0.000,1.359,8.532
5.64,2.870,-2.875,-0.539,10.860,0.000,1.359,8.532
5.66,3.061,-2.847,-0.551,10.895,0.000,1.363,8.374
5.68,3.061,-2.847,-0.551,10.895,0.000,1.363,8.374
5.70,3.299,-2.801,-0.565,10.925,0.000,1.367,8.164
5.72,3.299,-2.801,-0.565,10.925,0.000,1.367,8.164
5.74,3.502,-2.753,-0.574,10.956,0.000,1.371,7.986
5.76,3.502,-2.753,-0.574,10.956,0.000,1.371,7.986
5.78,3.708,-2.696,-0.583,10.985,0.000,1.375,7.801
5.81,3.708,-2.696,-0.583,10.985,0.000,1.375,7.801
5.83,3.911,-2.631,-0.590,10.976,0.000,1.374,7.580
5.85,3.911,-2.631,-0.590,10.976,0.000,1.374,7.580
5.87,3.920,-2.615,-0.608,11.005,0.000,1.377,7.591
5.89,3.920,-2.615,-0.608,11.005,0.000,1.377,7.591
5.91,3.838,-2.618,-0.634,11.027,0.000,1.380,7.688
5.93,3.838,-2.618,-0.634,11.027,0.000,1.380,7.688
5.95,3.536,-2.634,-0.642,11.053,0.000,1.383,7.999
5.97,3.536,-2.634,-0.642,11.053,0.000,1.383,7.999
5.99,3.207,-2.648,-0.648,11.074,0.000,1.386,8.333
6.01,3.207,-2.648,-0.648,11.074,0.000,1.386,8.333
6.03,2.881,-2.661,-0.651,11.092,0.000,1.389,8.663
6.06,2.881,-2.661,-0.651,11.092,0.000,1.389,8.663
6.08,2.490,-2.673,-0.646,11.105,0.000,1.392,9.051
6.10,2.490,-2.673,-0.646,11.105,0.000,1.392,9.051
6.12,2.490,-2.673,-0.646,11.105,0.000,1.392,9.051
6.14,2.031,-2.677,-0.626,11.112,0.000,1.396,9.498
6.16,2.031,-2.677,-0.626,11.112,0.000,1.396,9.498
6.18,1.637,-2.672,-0.598,11.108,0.000,1.398,9.873
6.20,1.637,-2.672,-0.598,11.108,0.000,1.398,9.873
6.22,1.308,-2.663,-0.568,11.097,0.000,1.400,10.179
6.24,1.308,-2.663,-0.568,11.097,0.000,1.400,10.179
6.26,0.982,-2.648,-0.535,11.081,0.000,1.403,10.476
6.28,0.982,-2.648,-0.535,11.081,0.000,1.403,10.476
6.30,0.662,-2.630,-0.497,11.057,0.000,1.405,10.761
6.33,0.662,-2.630,-0.497,11.057,0.000,1.405,10.761
6.35,0.348,-2.609,-0.455,11.026,0.000,1.407,11.033
6.37,0.348,-2.609,-0.455,11.026,0.000,1.407,11.033
6.39,-0.017,-2.577,-0.399,10.988,0.000,1.409,11.348
6.41,-0.017,-2.577,-0.399,10.988,0.000,1.409,11.348
6.43,-0.313,-2.545,-0.347,10.948,0.000,1.410,11.594
6.45,-0.313,-2.545,-0.347,10.948,0.000,1.410,11.594
6.47,-0.601,-2.508,-0.291,10.901,0.000,1.412,11.825
6.49,-0.601,-2.508,-0.291,10.901,0.000,1.412,11.825
6.51,-0.880,-2.467,-0.232,10.852,0.000,1.414,12.046
6.53,-0.880,-2.467,-0.232,10.852,0.000,1.414,12.046
6.55,-1.151,-2.423,-0.169,10.798,0.000,1.416,12.256
6.58,-1.151,-2.423,-0.169,10.798,0.000,1.416,12.256
6.60,-1.151,-2.423,-0.169,10.798,0.000,1.416,12.256
6.62,-1.567,-2.350,-0.062,10.713,0.000,1.418,12.577
6.64,-1.567,-2.350,-0.062,10.713,0.000,1.418,12.577
6.66,-1.866,-2.296,0.023,10.651,0.000,1.419,12.807
6.68,-1.866,-2.296,0.023,10.651,0.000,1.419,12.807
6.70,-2.062,-2.291,0.035,10.592,0.000,1.421,12.943
6.72,-2.062,-2.291,0.035,10.592,0.000,1.421,12.943
6.74,-2.243,-2.307,-0.010,10.530,0.000,1.422,13.056
6.76,-2.243,-2.307,-0.010,10.530,0.000,1.422,13.056
6.78,-2.387,-2.329,-0.047,10.468,0.000,1.423,13.137
6.80,-2.387,-2.329,-0.047,10.468,0.000,1.423,13.137
6.83,-2.566,-2.369,-0.090,10.404,0.000,1.425,13.252
6.85,-2.566,-2.369,-0.090,10.404,0.000,1.425,13.252
6.87,-2.820,-2.441,-0.129,10.339,0.000,1.426,13.447
6.89,-2.820,-2.441,-0.129,10.339,0.000,1.426,13.447
6.91,-3.001,-2.499,-0.140,10.279,0.000,1.427,13.575
6.93,-3.001,-2.499,-0.140,10.279,0.000,1.427,13.575
6.95,-3.096,-2.537,-0.104,10.216,0.000,1.428,13.615
6.97,-3.096,-2.537,-0.104,10.216,0.000,1.428,13.615
6.99,-3.088,-2.549,-0.068,10.156,0.000,1.429,13.556
7.01,-3.088,-2.549,-0.068,10.156,0.000,1.429,13.556
7.03,-3.071,-2.563,-0.023,10.092,0.000,1.430,13.485
7.06,-3.071,-2.563,-0.023,10.092,0.000,1.430,13.485
7.08,-3.061,-2.604,0.018,10.030,0.000,1.431,13.425
7.10,-3.061,-2.604,0.018,10.030,0.000,1.431,13.425
7.12,-3.061,-2.604,0.018,10.030,0.000,1.431,13.425
7.14,-3.028,-2.631,0.014,9.934,0.000,1.432,13.305
7.16,-3.028,-2.631,0.014,9.934,0.000,1.432,13.305
7.18,-2.842,-2.543,-0.057,9.874,0.000,1.433,13.041
7.20,-2.842,-2.543,-0.057,9.874,0.000,1.433,13.041
7.22,-2.699,-2.487,-0.137,9.811,0.000,1.433,12.820
7.24,-2.699,-2.487,-0.137,9.811,0.000,1.433,12.820
7.26,-2.474,-2.409,-0.251,9.750,0.000,1.434,12.515
7.28,-2.474,-2.409,-0.251,9.750,0.000,1.434,12.515
7.30,-2.280,-2.347,-0.339,9.688,0.000,1.435,12.245
7.33,-2.280,-2.347,-0.339,9.688,0.000,1.435,12.245
7.35,-2.084,-2.282,-0.424,9.626,0.000,1.435,11.973
7.37,-2.084,-2.282,-0.424,9.626,0.000,1.435,11.973
7.39,-1.876,-2.213,-0.495,9.560,0.000,1.436,11.686
7.41,-1.876,-2.213,-0.495,9.560,0.000,1.436,11.686
7.43,-1.617,-2.132,-0.561,9.501,0.000,1.436,11.354
7.45,-1.617,-2.132,-0.561,9.501,0.000,1.436,11.354
7.47,-1.398,-2.065,-0.605,9.439,0.000,1.436,11.063
7.49,-1.398,-2.065,-0.605,9.439,0.000,1.436,11.063
7.51,-1.218,-2.010,-0.635,9.379,0.000,1.437,10.815
7.53,-1.218,-2.010,-0.635,9.379,0.000,1.437,10.815
7.55,-0.936,-1.926,-0.669,9.318,0.000,1.437,10.461
7.57,-0.936,-1.926,-0.669,9.318,0.000,1.437,10.461
7.60,-0.688,-1.858,-0.685,9.257,0.000,1.437,10.144
7.62,-0.688,-1.858,-0.685,9.257,0.000,1.437,10.144
7.64,-0.688,-1.858,-0.685,9.257,0.000,1.437,10.144
7.66,-0.220,-1.749,-0.692,9.159,0.000,1.438,9.570
7.68,-0.220,-1.749,-0.692,9.159,0.000,1.438,9.570
7.70,-0.004,-1.702,-0.689,9.100,0.000,1.438,9.292
7.72,-0.004,-1.702,-0.689,9.100,0.000,1.438,9.292
7.74,0.275,-1.642,-0.677,9.037,0.000,1.438,8.946
7.76,0.275,-1.642,-0.677,9.037,0.000,1.438,8.946
7.78,0.629,-1.570,-0.649,8.975,0.000,1.438,8.529
7.80,0.629,-1.570,-0.649,8.975,0.000,1.438,8.529
7.83,0.936,-1.513,-0.615,8.914,0.000,1.438,8.162
7.85,0.936,-1.513,-0.615,8.914,0.000,1.438,8.162
7.87,1.251,-1.460,-0.573,8.851,0.000,1.438,7.787
7.89,1.251,-1.460,-0.573,8.851,0.000,1.438,7.787
7.91,1.640,-1.394,-0.514,8.785,0.000,1.438,7.338
7.93,1.640,-1.394,-0.514,8.785,0.000,1.438,7.338
7.95,1.975,-1.334,-0.455,8.724,0.000,1.438,6.949
7.97,1.975,-1.334,-0.455,8.724,0.000,1.438,6.949
7.99,2.322,-1.271,-0.386,8.663,0.000,1.438,6.552
8.01,2.322,-1.271,-0.386,8.663,0.000,1.438,6.552
8.03,2.680,-1.208,-0.305,8.601,0.000,1.438,6.148
8.05,2.680,-1.208,-0.305,8.601,0.000,1.438,6.148
8.08,3.047,-1.144,-0.216,8.539,0.000,1.437,5.741
8.10,3.047,-1.144,-0.216,8.539,0.000,1.437,5.741
8.12,3.047,-1.144,-0.216,8.539,0.000,1.437,5.741
8.14,3.699,-1.020,-0.055,8.446,0.000,1.437,5.048
8.16,3.699,-1.020,-0.055,8.446,0.000,1.437,5.048
8.18,3.899,-0.905,-0.234,8.380,0.000,1.437,4.727
8.20,3.899,-0.905,-0.234,8.380,0.000,1.437,4.727
8.22,4.070,-0.773,-0.482,8.320,0.000,1.437,4.424
8.24,4.070,-0.773,-0.482,8.320,0.000,1.437,4.424
8.26,4.207,-0.675,-0.669,8.257,-0.000,1.436,4.177
8.28,4.207,-0.675,-0.669,8.257,-0.000,1.436,4.177
8.30,4.374,-0.556,-0.895,8.196,-0.000,1.436,3.900
8.32,4.374,-0.556,-0.895,8.196,-0.000,1.436,3.900
8.34,4.574,-0.418,-1.153,8.134,-0.000,1.436,3.595
8.37,4.574,-0.418,-1.153,8.134,-0.000,1.436,3.595
8.39,4.745,-0.318,-1.351,8.071,-0.000,1.435,3.343
8.41,4.745,-0.318,-1.351,8.071,-0.000,1.435,3.343
8.43,4.947,-0.211,-1.575,8.006,-0.000,1.435,3.069
8.45,4.947,-0.211,-1.575,8.006,-0.000,1.435,3.069
8.47,5.118,-0.124,-1.746,7.943,-0.000,1.434,2.844
8.49,5.118,-0.124,-1.746,7.943,-0.000,1.434,2.844
8.51,5.294,-0.046,-1.899,7.882,-0.000,1.434,2.630
8.53,5.294,-0.046,-1.899,7.882,-0.000,1.434,2.630
8.55,5.470,0.023,-2.036,7.820,-0.000,1.434,2.427
8.57,5.470,0.023,-2.036,7.820,-0.000,1.434,2.427
8.60,5.641,0.087,-2.160,7.758,-0.000,1.433,2.240
8.62,5.641,0.087,-2.160,7.758,-0.000,1.433,2.240
8.64,5.641,0.087,-2.160,7.758,-0.000,1.433,2.240
8.66,5.912,0.192,-2.333,7.659,-0.000,1.432,1.975
8.68,5.912,0.192,-2.333,7.659,-0.000,1.432,1.975
8.70,6.120,0.273,-2.432,7.599,-0.000,1.432,1.806
8.72,6.120,0.273,-2.432,7.599,-0.000,1.432,1.806
8.74,6.295,0.337,-2.495,7.535,-0.000,1.431,1.668
8.76,6.295,0.337,-2.495,7.535,-0.000,1.431,1.668
8.78,6.467,0.397,-2.545,7.473,-0.000,1.431,1.553
8.80,6.467,0.397,-2.545,7.473,-0.000,1.431,1.553
8.82,6.639,0.461,-2.583,7.410,-0.000,1.430,1.462
8.85,6.639,0.461,-2.583,7.410,-0.000,1.430,1.462
8.87,6.814,0.525,-2.604,7.347,-0.000,1.430,1.393
8.89,6.814,0.525,-2.604,7.347,-0.000,1.430,1.393
8.91,6.990,0.585,-2.611,7.280,-0.000,1.429,1.351
8.93,6.990,0.585,-2.611,7.280,-0.000,1.429,1.351
8.95,7.203,0.656,-2.613,7.221,-0.000,1.428,1.354
8.97,7.203,0.656,-2.613,7.221,-0.000,1.428,1.354
8.99,7.388,0.724,-2.603,7.158,-0.000,1.428,1.399
9.01,7.388,0.724,-2.603,7.158,-0.000,1.428,1.399
9.03,7.585,0.794,-2.575,7.096,-0.000,1.427,1.479
9.05,7.585,0.794,-2.575,7.096,-0.000,1.427,1.479
9.07,7.783,0.855,-2.543,7.032,-0.000,1.426,1.594
9.09,7.783,0.855,-2.543,7.032,-0.000,1.426,1.594
9.12,7.783,0.855,-2.543,7.032,-0.000,1.426,1.594
9.14,8.188,0.985,-2.461,6.938,-0.000,1.425,1.898
9.16,8.188,0.985,-2.461,6.938,-0.000,1.425,1.898
9.18,8.379,1.030,-2.411,6.872,-0.000,1.425,2.075
9.20,8.379,1.030,-2.411,6.872,-0.000,1.425,2.075
9.22,8.379,1.030,-2.411,6.872,-0.000,1.425,2.075
9.24,8.760,1.131,-2.298,6.781,-0.000,1.424,2.441
9.26,8.760,1.131,-2.298,6.781,-0.000,1.424,2.441
9.28,8.760,1.131,-2.298,6.781,-0.000,1.424,2.441
9.30,9.153,1.246,-2.149,6.687,-0.000,1.423,2.857
9.32,9.153,1.246,-2.149,6.687,-0.000,1.423,2.857
9.34,9.153,1.246,-2.149,6.687,-0.000,1.423,2.857
9.36,9.507,1.369,-1.991,6.593,-0.000,1.422,3.270
9.38,9.507,1.369,-1.991,6.593,-0.000,1.422,3.270
9.41,9.507,1.369,-1.991,6.593,-0.000,1.422,3.270
9.43,9.873,1.525,-1.811,6.499,-0.000,1.421,3.723
9.45,9.873,1.525,-1.811,6.499,-0.000,1.421,3.723
9.47,9.873,1.525,-1.811,6.499,-0.000,1.421,3.723
9.49,10.356,1.776,-1.562,6.403,-0.000,1.419,4.336
9.51,10.356,1.776,-1.562,6.403,-0.000,1.419,4.336
9.53,10.626,1.938,-1.419,6.339,-0.000,1.419,4.704
9.55,10.626,1.938,-1.419,6.339,-0.000,1.419,4.704
9.57,10.895,2.113,-1.273,6.278,-0.000,1.418,5.079
9.59,10.895,2.113,-1.273,6.278,-0.000,1.418,5.079
9.61,11.160,2.299,-1.123,6.215,-0.000,1.417,5.461
9.63,11.160,2.299,-1.123,6.215,-0.000,1.417,5.461
9.66,11.521,2.578,-0.904,6.151,-0.000,1.417,5.979
9.68,11.521,2.578,-0.904,6.151,-0.000,1.417,5.979
9.70,11.771,2.788,-0.742,6.091,-0.000,1.416,6.363
9.72,11.771,2.788,-0.742,6.091,-0.000,1.416,6.363
9.74,11.964,2.961,-0.607,6.025,-0.000,1.415,6.685
9.76,11.964,2.961,-0.607,6.025,-0.000,1.415,6.685
9.78,12.241,3.227,-0.397,5.962,-0.000,1.414,7.133
9.80,12.241,3.227,-0.397,5.962,-0.000,1.414,7.133
9.82,12.459,3.453,-0.214,5.900,-0.000,1.414,7.509
9.84,12.459,3.453,-0.214,5.900,-0.000,1.414,7.509
9.86,12.625,3.636,-0.064,5.838,-0.000,1.413,7.817
9.88,12.625,3.636,-0.064,5.838,-0.000,1.413,7.817
9.91,12.860,3.913,0.169,5.776,-0.000,1.412,8.246
9.93,12.860,3.913,0.169,5.776,-0.000,1.412,8.246
9.95,12.860,3.913,0.169,5.776,-0.000,1.412,8.246
9.97,13.115,4.235,0.448,5.679,-0.000,1.411,8.757
9.99,13.115,4.235,0.448,5.679,-0.000,1.411,8.757
10.01,13.319,4.508,0.690,5.618,-0.000,1.410,9.168
10.03,13.319,4.508,0.690,5.618,-0.000,1.410,9.168
10.05,13.464,4.679,0.750,5.555,-0.000,1.410,9.440
10.07,13.464,4.679,0.750,5.555,-0.000,1.410,9.440
10.09,13.583,4.797,0.675,5.494,-0.000,1.409,9.633
10.11,13.583,4.797,0.675,5.494,-0.000,1.409,9.633
10.13,13.709,4.923,0.606,5.430,-0.000,1.408,9.841
10.15,13.709,4.923,0.606,5.430,-0.000,1.408,9.841
10.18,13.903,5.115,0.523,5.367,-0.000,1.407,10.136
10.20,13.903,5.115,0.523,5.367,-0.000,1.407,10.136
10.22,14.061,5.259,0.474,5.307,-0.000,1.407,10.384
10.24,14.061,5.259,0.474,5.307,-0.000,1.407,10.384
10.26,14.242,5.409,0.438,5.242,-0.000,1.406,10.661
10.28,14.242,5.409,0.438,5.242,-0.000,1.406,10.661
10.30,14.446,5.564,0.412,5.182,-0.000,1.405,10.958
10.32,14.446,5.564,0.412,5.182,-0.000,1.405,10.958
10.34,14.673,5.720,0.396,5.119,-0.000,1.404,11.280
10.36,14.673,5.720,0.396,5.119,-0.000,1.404,11.280
10.38,14.872,5.846,0.387,5.059,-0.000,1.404,11.562
10.40,14.872,5.846,0.387,5.059,-0.000,1.404,11.562
10.42,14.872,5.846,0.387,5.059,-0.000,1.404,11.562
10.45,15.308,6.097,0.373,4.965,-0.000,1.403,12.137
10.47,15.308,6.097,0.373,4.965,-0.000,1.403,12.137
10.49,15.602,6.253,0.364,4.901,-0.000,1.402,12.520
10.51,15.602,6.253,0.364,4.901,-0.000,1.402,12.520
10.53,15.966,6.441,0.348,4.841,-0.000,1.401,12.973
10.55,15.966,6.441,0.348,4.841,-0.000,1.401,12.973
10.57,16.275,6.596,0.330,4.780,-0.000,1.401,13.366
10.59,16.275,6.596,0.330,4.780,-0.000,1.401,13.366
10.61,16.584,6.751,0.308,4.720,-0.000,1.400,13.757
10.63,16.584,6.751,0.308,4.720,-0.000,1.400,13.757
10.65,16.890,6.906,0.282,4.660,-0.000,1.399,14.146
10.68,16.890,6.906,0.282,4.660,-0.000,1.399,14.146
10.70,17.307,7.121,0.244,4.596,-0.000,1.399,14.662
10.72,17.307,7.121,0.244,4.596,-0.000,1.399,14.662
10.74,17.537,7.243,0.221,4.531,-0.000,1.398,14.974
10.76,17.537,7.243,0.221,4.531,-0.000,1.398,14.974
10.78,17.870,7.422,0.184,4.472,-0.000,1.397,15.398
10.80,17.870,7.422,0.184,4.472,-0.000,1.397,15.398
10.82,18.135,7.567,0.153,4.410,-0.000,1.397,15.750
10.84,18.135,7.567,0.153,4.410,-0.000,1.397,15.750
10.86,18.390,7.709,0.119,4.350,-0.000,1.396,16.089
10.88,18.390,7.709,0.119,4.350,-0.000,1.396,16.089
10.90,18.586,7.818,0.089,4.287,-0.000,1.396,16.364
10.93,18.586,7.818,0.089,4.287,-0.000,1.396,16.364
10.95,18.586,7.818,0.089,4.287,-0.000,1.396,16.364
10.97,18.958,8.028,0.025,4.249,-0.000,1.395,16.817
10.99,18.958,8.028,0.025,4.249,-0.000,1.395,16.817
11.01,19.222,8.177,-0.029,4.185,-0.000,1.395,17.171
11.03,19.222,8.177,-0.029,4.185,-0.000,1.395,17.171
11.05,19.432,8.296,-0.077,4.124,-0.000,1.394,17.461
11.07,19.432,8.296,-0.077,4.124,-0.000,1.394,17.461
11.09,19.633,8.411,-0.128,4.065,-0.000,1.393,17.740
11.11,19.633,8.411,-0.128,4.065,-0.000,1.393,17.740
11.13,19.826,8.522,-0.181,4.006,-0.000,1.393,18.010
11.15,19.826,8.522,-0.181,4.006,-0.000,1.393,18.010
11.18,20.010,8.628,-0.236,3.948,-0.000,1.392,18.270
11.20,20.010,8.628,-0.236,3.948,-0.000,1.392,18.270
11.22,20.250,8.768,-0.321,3.889,-0.000,1.392,18.593
11.24,20.250,8.768,-0.321,3.889,-0.000,1.392,18.593
11.26,20.405,8.862,-0.388,3.828,-0.000,1.391,18.824
11.28,20.405,8.862,-0.388,3.828,-0.000,1.391,18.824
11.30,20.547,8.949,-0.459,3.774,-0.000,1.391,19.035
11.32,20.547,8.949,-0.459,3.774,-0.000,1.391,19.035
11.34,20.651,9.014,-0.517,3.718,-0.000,1.390,19.202
11.36,20.651,9.014,-0.517,3.718,-0.000,1.390,19.202
11.38,20.787,9.103,-0.607,3.664,-0.000,1.390,19.408
11.40,20.787,9.103,-0.607,3.664,-0.000,1.390,19.408
11.43,20.867,9.156,-0.666,3.612,-0.000,1.390,19.547
11.45,20.867,9.156,-0.666,3.612,-0.000,1.390,19.547
11.47,20.867,9.156,-0.666,3.612,-0.000,1.390,19.547
11.49,20.998,9.249,-0.779,3.531,-0.000,1.389,19.774
11.51,20.998,9.249,-0.779,3.531,-0.000,1.389,19.774
11.53,21.074,9.307,-0.856,3.484,-0.000,1.389,19.907
11.55,21.074,9.307,-0.856,3.484,-0.000,1.389,19.907
11.57,21.123,9.347,-0.916,3.438,-0.000,1.388,20.009
11.59,21.123,9.347,-0.916,3.438,-0.000,1.388,20.009
11.61,21.159,9.381,-0.969,3.391,-0.000,1.388,20.097
11.63,21.159,9.381,-0.969,3.391,-0.000,1.388,20.097
11.65,21.183,9.409,-1.018,3.346,-0.000,1.388,20.170
11.67,21.183,9.409,-1.018,3.346,-0.000,1.388,20.170
11.69,21.194,9.430,-1.061,3.302,-0.000,1.387,20.227
11.72,21.194,9.430,-1.061,3.302,-0.000,1.387,20.227
11.74,21.188,9.449,-1.114,3.259,-0.000,1.387,20.268
11.76,21.188,9.449,-1.114,3.259,-0.000,1.387,20.268
11.78,21.169,9.454,-1.146,3.215,-0.000,1.387,20.292
11.80,21.169,9.454,-1.146,3.215,-0.000,1.387,20.292
11.82,21.136,9.453,-1.175,3.176,-0.000,1.386,20.297
11.84,21.136,9.453,-1.175,3.176,-0.000,1.386,20.297
11.86,21.101,9.448,-1.196,3.136,-0.000,1.386,20.299
11.88,21.101,9.448,-1.196,3.136,-0.000,1.386,20.299
11.90,21.033,9.432,-1.224,3.100,-0.000,1.386,20.263
11.92,21.033,9.432,-1.224,3.100,-0.000,1.386,20.263
11.94,21.033,9.432,-1.224,3.100,-0.000,1.386,20.263
11.97,20.929,9.402,-1.251,3.043,-0.000,1.386,20.208
11.99,20.929,9.402,-1.251,3.043,-0.000,1.386,20.208
12.01,20.839,9.374,-1.268,2.988,-0.000,1.385,20.164
12.03,20.839,9.374,-1.268,2.988,-0.000,1.385,20.164
12.05,20.715,9.331,-1.286,2.950,-0.000,1.385,20.066
12.07,20.715,9.331,-1.286,2.950,-0.000,1.385,20.066
12.09,20.597,9.288,-1.298,2.917,-0.000,1.385,19.972
12.11,20.597,9.288,-1.298,2.917,-0.000,1.385,19.972
12.13,20.467,9.240,-1.308,2.881,-0.000,1.385,19.866
12.15,20.467,9.240,-1.308,2.881,-0.000,1.385,19.866
12.17,20.325,9.186,-1.317,2.848,-0.000,1.385,19.744
12.19,20.325,9.186,-1.317,2.848,-0.000,1.385,19.744
12.21,20.170,9.125,-1.326,2.814,-0.000,1.384,19.609
12.24,20.170,9.125,-1.326,2.814,-0.000,1.384,19.609
12.26,19.967,9.045,-1.337,2.779,-0.000,1.384,19.422
12.28,19.967,9.045,-1.337,2.779,-0.000,1.384,19.422
12.30,19.744,8.955,-1.351,2.743,-0.000,1.384,19.215
12.32,19.744,8.955,-1.351,2.743,-0.000,1.384,19.215
12.34,19.584,8.889,-1.362,2.708,-0.000,1.384,19.074
12.36,19.584,8.889,-1.362,2.708,-0.000,1.384,19.074
12.38,19.328,8.783,-1.382,2.674,-0.000,1.384,18.828
12.40,19.328,8.783,-1.382,2.674,-0.000,1.384,18.828
12.42,19.100,8.688,-1.401,2.638,-0.000,1.384,18.614
12.45,19.100,8.688,-1.401,2.638,-0.000,1.384,18.614
12.47,19.100,8.688,-1.401,2.638,-0.000,1.384,18.614
12.49,18.758,8.545,-1.430,2.584,-0.000,1.384,18.293
12.51,18.758,8.545,-1.430,2.584,-0.000,1.384,18.293
12.53,18.448,8.414,-1.455,2.544,-0.000,1.383,17.993
12.55,18.448,8.414,-1.455,2.544,-0.000,1.383,17.993
12.57,18.179,8.301,-1.476,2.506,-0.000,1.383,17.735
12.59,18.179,8.301,-1.476,2.506,-0.000,1.383,17.735
12.61,17.901,8.183,-1.495,2.469,-0.000,1.383,17.468
12.63,17.901,8.183,-1.495,2.469,-0.000,1.383,17.468
12.65,17.614,8.062,-1.512,2.430,-0.000,1.383,17.192
12.67,17.614,8.062,-1.512,2.430,-0.000,1.383,17.192
12.69,17.321,7.938,-1.529,2.391,-0.000,1.383,16.910
12.72,17.321,7.938,-1.529,2.391,-0.000,1.383,16.910
12.74,16.960,7.785,-1.547,2.350,-0.000,1.383,16.556
12.76,16.960,7.785,-1.547,2.350,-0.000,1.383,16.556
12.78,16.653,7.654,-1.561,2.307,-0.000,1.383,16.262
12.80,16.653,7.654,-1.561,2.307,-0.000,1.383,16.262
12.82,16.277,7.494,-1.577,2.266,-0.000,1.383,15.890
12.84,16.277,7.494,-1.577,2.266,-0.000,1.383,15.890
12.86,15.958,7.357,-1.589,2.224,-0.000,1.383,15.583
12.88,15.958,7.357,-1.589,2.224,-0.000,1.383,15.583
12.90,15.635,7.218,-1.600,2.182,-0.000,1.383,15.269
12.92,15.635,7.218,-1.600,2.182,-0.000,1.383,15.269
12.94,15.635,7.218,-1.600,2.182,-0.000,1.383,15.269
12.97,15.176,7.019,-1.613,2.116,-0.000,1.382,14.828
12.99,15.176,7.019,-1.613,2.116,-0.000,1.382,14.828
13.01,14.844,6.874,-1.622,2.083,-0.000,1.382,14.497
13.03,14.844,6.874,-1.622,2.083,-0.000,1.382,14.497
13.05,14.440,6.698,-1.632,2.036,-0.000,1.382,14.100
13.07,14.440,6.698,-1.632,2.036,-0.000,1.382,14.100
13.09,14.101,6.549,-1.640,1.991,-0.000,1.382,13.770
13.11,14.101,6.549,-1.640,1.991,-0.000,1.382,13.770
13.13,13.759,6.397,-1.647,1.947,-0.000,1.382,13.436
13.15,13.759,6.397,-1.647,1.947,-0.000,1.382,13.436
13.17,13.414,6.244,-1.654,1.901,-0.000,1.382,13.101
13.20,13.414,6.244,-1.654,1.901,-0.000,1.382,13.101
13.22,12.998,6.058,-1.660,1.855,-0.000,1.382,12.687
13.24,12.998,6.058,-1.660,1.855,-0.000,1.382,12.687
13.26,12.579,5.869,-1.667,1.807,-0.000,1.382,12.271
13.28,12.579,5.869,-1.667,1.807,-0.000,1.382,12.271
13.30,12.228,5.710,-1.671,1.763,-0.000,1.382,11.925
13.32,12.228,5.710,-1.671,1.763,-0.000,1.382,11.925
13.34,11.946,5.582,-1.674,1.717,-0.000,1.382,11.657
13.36,11.946,5.582,-1.674,1.717,-0.000,1.382,11.657
13.38,11.593,5.419,-1.678,1.673,-0.000,1.382,11.308
13.40,11.593,5.419,-1.678,1.673,-0.000,1.382,11.308
13.42,11.237,5.255,-1.680,1.628,-0.000,1.382,10.957
13.45,11.237,5.255,-1.680,1.628,-0.000,1.382,10.957
13.47,11.237,5.255,-1.680,1.628,-0.000,1.382,10.957
13.49,10.666,4.991,-1.682,1.562,-0.000,1.382,10.387
13.51,10.666,4.991,-1.682,1.562,-0.000,1.382,10.387
13.53,10.236,4.793,-1.682,1.515,-0.000,1.382,9.956
13.55,10.236,4.793,-1.682,1.515,-0.000,1.382,9.956
13.57,9.878,4.627,-1.680,1.473,-0.000,1.382,9.600
13.59,9.878,4.627,-1.680,1.473,-0.000,1.382,9.600
13.61,9.520,4.462,-1.679,1.429,-0.000,1.382,9.245
13.63,9.520,4.462,-1.679,1.429,-0.000,1.382,9.245
13.65,9.164,4.299,-1.677,1.385,-0.000,1.382,8.893
13.68,9.164,4.299,-1.677,1.385,-0.000,1.382,8.893
13.70,8.670,4.072,-1.673,1.341,-0.000,1.382,8.389
13.72,8.670,4.072,-1.673,1.341,-0.000,1.382,8.389
13.74,8.321,3.913,-1.671,1.296,-0.000,1.382,8.046
13.76,8.321,3.913,-1.671,1.296,-0.000,1.382,8.046
13.78,8.045,3.787,-1.670,1.256,-0.000,1.382,7.780
13.80,8.045,3.787,-1.670,1.256,-0.000,1.382,7.780
13.82,7.638,3.603,-1.668,1.213,-0.000,1.382,7.372
13.84,7.638,3.603,-1.668,1.213,-0.000,1.382,7.372
13.86,7.372,3.482,-1.667,1.173,-0.000,1.382,7.116
13.88,7.372,3.482,-1.667,1.173,-0.000,1.382,7.116
13.90,6.980,3.306,-1.667,1.131,-0.000,1.382,6.724
13.93,6.980,3.306,-1.667,1.131,-0.000,1.382,6.724
13.95,6.661,3.162,-1.666,1.090,-0.000,1.382,6.413
13.97,6.661,3.162,-1.666,1.090,-0.000,1.382,6.413
13.99,6.661,3.162,-1.666,1.090,-0.000,1.382,6.413
14.01,6.167,2.941,-1.666,1.023,-0.000,1.382,5.933
14.03,6.167,2.941,-1.666,1.023,-0.000,1.382,5.933
14.05,5.870,2.809,-1.667,0.984,-0.000,1.382,5.643
14.07,5.870,2.809,-1.667,0.984,-0.000,1.382,5.643
14.09,5.581,2.680,-1.667,0.943,-0.000,1.382,5.364
14.11,5.581,2.680,-1.667,0.943,-0.000,1.382,5.364
14.13,5.301,2.555,-1.668,0.904,-0.000,1.383,5.094
14.15,5.301,2.555,-1.668,0.904,-0.000,1.383,5.094
14.18,5.029,2.435,-1.669,0.864,-0.000,1.383,4.833
14.20,5.029,2.435,-1.669,0.864,-0.000,1.383,4.833
14.22,4.665,2.273,-1.670,0.824,-0.000,1.383,4.472
14.24,4.665,2.273,-1.670,0.824,-0.000,1.383,4.472
14.26,4.415,2.162,-1.670,0.782,-0.000,1.383,4.237
14.28,4.415,2.162,-1.670,0.782,-0.000,1.383,4.237
14.30,4.221,2.076,-1.670,0.744,-0.000,1.383,4.061
14.32,4.221,2.076,-1.670,0.744,-0.000,1.383,4.061
14.34,3.942,1.953,-1.670,0.703,-0.000,1.383,3.793
14.36,3.942,1.953,-1.670,0.703,-0.000,1.383,3.793
14.38,3.719,1.854,-1.669,0.664,-0.000,1.383,3.585
14.40,3.719,1.854,-1.669,0.664,-0.000,1.383,3.585
14.43,3.504,1.760,-1.668,0.624,-0.000,1.383,3.388
14.45,3.504,1.760,-1.668,0.624,-0.000,1.383,3.388
14.47,3.504,1.760,-1.668,0.624,-0.000,1.383,3.388
14.49,3.218,1.635,-1.665,0.564,-0.000,1.384,3.129
14.51,3.218,1.635,-1.665,0.564,-0.000,1.384,3.129
14.53,2.985,1.533,-1.661,0.522,-0.000,1.384,2.914
14.55,2.985,1.533,-1.661,0.522,-0.000,1.384,2.914
14.57,2.830,1.433,-1.646,0.481,-0.000,1.384,2.764
14.59,2.830,1.433,-1.646,0.481,-0.000,1.384,2.764
14.61,2.807,1.253,-1.583,0.442,-0.000,1.384,2.684
14.63,2.807,1.253,-1.583,0.442,-0.000,1.384,2.684
14.65,2.787,1.064,-1.515,0.400,-0.000,1.384,2.616
14.68,2.787,1.064,-1.515,0.400,-0.000,1.384,2.616
14.70,2.756,0.804,-1.414,0.359,-0.000,1.385,2.528
14.72,2.756,0.804,-1.414,0.359,-0.000,1.385,2.528
14.74,2.744,0.660,-1.352,0.316,-0.000,1.385,2.516
14.76,2.744,0.660,-1.352,0.316,-0.000,1.385,2.516
14.78,2.737,0.449,-1.248,0.277,-0.000,1.385,2.504
14.80,2.737,0.449,-1.248,0.277,-0.000,1.385,2.504
14.82,2.741,0.272,-1.154,0.235,-0.000,1.385,2.531
14.84,2.741,0.272,-1.154,0.235,-0.000,1.385,2.531
14.86,2.749,0.096,-1.056,0.194,-0.000,1.385,2.578
14.88,2.749,0.096,-1.056,0.194,-0.000,1.385,2.578
14.90,2.759,-0.041,-0.973,0.153,-0.000,1.386,2.639
14.93,2.759,-0.041,-0.973,0.153,-0.000,1.386,2.639
14.95,2.781,-0.238,-0.837,0.111,-0.000,1.386,2.736
14.97,2.781,-0.238,-0.837,0.111,-0.000,1.386,2.736
14.99,2.781,-0.238,-0.837,0.111,-0.000,1.386,2.736
15.01,2.829,-0.493,-0.633,0.047,-0.000,1.386,2.924
15.03,2.829,-0.493,-0.633,0.047,-0.000,1.386,2.924
15.05,2.867,-0.650,-0.495,0.006,-0.000,1.387,3.065
15.07,2.867,-0.650,-0.495,0.006,-0.000,1.387,3.065
15.09,2.907,-0.802,-0.352,-0.034,-0.000,1.387,3.220
15.11,2.907,-0.802,-0.352,-0.034,-0.000,1.387,3.220
15.13,2.951,-0.945,-0.201,-0.076,-0.000,1.387,3.386
15.15,2.951,-0.945,-0.201,-0.076,-0.000,1.387,3.386
15.18,3.001,-1.080,-0.038,-0.118,-0.000,1.387,3.566
15.20,3.001,-1.080,-0.038,-0.118,-0.000,1.387,3.566
15.22,3.081,-1.245,0.172,-0.160,-0.000,1.388,3.806
15.24,3.081,-1.245,0.172,-0.160,-0.000,1.388,3.806
15.26,3.132,-1.305,0.179,-0.205,-0.000,1.388,3.911
15.28,3.132,-1.305,0.179,-0.205,-0.000,1.388,3.911
15.30,3.176,-1.357,0.187,-0.245,-0.000,1.388,4.004
15.32,3.176,-1.357,0.187,-0.245,-0.000,1.388,4.004
15.34,3.227,-1.426,0.199,-0.288,-0.000,1.388,4.112
15.36,3.227,-1.426,0.199,-0.288,-0.000,1.388,4.112
15.38,3.282,-1.502,0.213,-0.330,-0.000,1.389,4.226
15.40,3.282,-1.502,0.213,-0.330,-0.000,1.389,4.226
15.43,3.314,-1.539,0.215,-0.371,-0.000,1.389,4.304
15.45,3.314,-1.539,0.215,-0.371,-0.000,1.389,4.304
15.47,3.314,-1.539,0.215,-0.371,-0.000,1.389,4.304
15.49,3.390,-1.628,0.227,-0.438,-0.000,1.390,4.462
15.51,3.390,-1.628,0.227,-0.438,-0.000,1.390,4.462
15.53,3.431,-1.684,0.236,-0.478,-0.000,1.390,4.556
15.55,3.431,-1.684,0.236,-0.478,-0.000,1.390,4.556
15.57,3.470,-1.746,0.248,-0.520,-0.000,1.390,4.653
15.59,3.470,-1.746,0.248,-0.520,-0.000,1.390,4.653
15.61,3.509,-1.813,0.264,-0.560,-0.000,1.391,4.752
15.63,3.509,-1.813,0.264,-0.560,-0.000,1.391,4.752
15.65,3.545,-1.849,0.264,-0.601,-0.000,1.391,4.832
15.67,3.545,-1.849,0.264,-0.601,-0.000,1.391,4.832
15.70,3.593,-1.687,0.271,-0.643,-0.000,1.391,4.852
15.72,3.593,-1.687,0.271,-0.643,-0.000,1.391,4.852
15.74,3.656,-1.460,0.274,-0.684,-0.000,1.392,4.873
15.76,3.656,-1.460,0.274,-0.684,-0.000,1.392,4.873
15.78,3.705,-1.298,0.279,-0.728,-0.000,1.392,4.912
15.80,3.705,-1.298,0.279,-0.728,-0.000,1.392,4.912
15.82,3.744,-1.167,0.284,-0.768,-0.000,1.392,4.953
15.84,3.744,-1.167,0.284,-0.768,-0.000,1.392,4.953
15.86,3.794,-0.978,0.284,-0.810,-0.000,1.393,4.996
15.88,3.794,-0.978,0.284,-0.810,-0.000,1.393,4.996
15.90,3.832,-0.823,0.284,-0.850,-0.000,1.393,5.041
15.92,3.832,-0.823,0.284,-0.850,-0.000,1.393,5.041
15.94,3.866,-0.669,0.283,-0.891,-0.000,1.393,5.088
15.97,3.866,-0.669,0.283,-0.891,-0.000,1.393,5.088
15.99,3.866,-0.669,0.283,-0.891,-0.000,1.393,5.088
16.01,3.910,-0.461,0.281,-0.952,-0.000,1.394,5.164
16.03,3.910,-0.461,0.281,-0.952,-0.000,1.394,5.164
16.05,3.949,-0.287,0.279,-0.997,-0.000,1.394,5.229
16.07,3.949,-0.287,0.279,-0.997,-0.000,1.394,5.229
16.09,3.980,-0.147,0.278,-1.038,-0.000,1.395,5.292
16.11,3.980,-0.147,0.278,-1.038,-0.000,1.395,5.292
16.13,4.008,-0.011,0.277,-1.078,-0.000,1.395,5.354
16.15,4.008,-0.011,0.277,-1.078,-0.000,1.395,5.354
16.17,4.031,0.120,0.275,-1.119,-0.000,1.395,5.416
16.19,4.031,0.120,0.275,-1.119,-0.000,1.395,5.416
16.21,4.051,0.249,0.274,-1.160,-0.000,1.396,5.478
16.24,4.051,0.249,0.274,-1.160,-0.000,1.396,5.478
16.26,4.078,0.415,0.258,-1.201,-0.000,1.396,5.547
16.28,4.078,0.415,0.258,-1.201,-0.000,1.396,5.547
16.30,4.095,0.530,0.244,-1.245,-0.000,1.397,5.611
16.32,4.095,0.530,0.244,-1.245,-0.000,1.397,5.611
16.34,4.110,0.643,0.228,-1.284,-0.000,1.397,5.670
16.36,4.110,0.643,0.228,-1.284,-0.000,1.397,5.670
16.38,4.124,0.752,0.214,-1.326,-0.000,1.397,5.733
16.40,4.124,0.752,0.214,-1.326,-0.000,1.397,5.733
16.42,4.134,0.838,0.203,-1.367,-0.000,1.398,5.790
16.44,4.134,0.838,0.203,-1.367,-0.000,1.398,5.790
16.46,4.146,0.944,0.190,-1.408,-0.000,1.398,5.853
16.49,4.146,0.944,0.190,-1.408,-0.000,1.398,5.853
16.51,4.146,0.944,0.190,-1.408,-0.000,1.398,5.853
16.53,4.162,1.108,0.169,-1.469,-0.000,1.399,5.949
16.55,4.162,1.108,0.169,-1.469,-0.000,1.399,5.949
16.57,4.169,1.226,0.153,-1.513,-0.000,1.399,6.017
16.59,4.169,1.226,0.153,-1.513,-0.000,1.399,6.017
16.61,4.173,1.318,0.140,-1.553,-0.000,1.400,6.074
16.63,4.173,1.318,0.140,-1.553,-0.000,1.400,6.074
16.65,4.174,1.406,0.126,-1.595,-0.000,1.400,6.130
16.67,4.174,1.406,0.126,-1.595,-0.000,1.400,6.130
16.69,4.171,1.486,0.111,-1.635,-0.000,1.401,6.181
16.71,4.171,1.486,0.111,-1.635,-0.000,1.401,6.181
16.73,4.164,1.558,0.095,-1.677,-0.000,1.401,6.228
16.76,4.164,1.558,0.095,-1.677,-0.000,1.401,6.228
16.78,4.148,1.646,0.075,-1.718,-0.000,1.402,6.270
16.80,4.148,1.646,0.075,-1.718,-0.000,1.402,6.270
16.82,4.132,1.699,0.063,-1.762,-0.000,1.402,6.307
16.84,4.132,1.699,0.063,-1.762,-0.000,1.402,6.307
16.86,4.113,1.743,0.052,-1.802,-0.000,1.403,6.336
16.88,4.113,1.743,0.052,-1.802,-0.000,1.403,6.336
16.90,4.089,1.781,0.042,-1.844,-0.000,1.403,6.361
16.92,4.089,1.781,0.042,-1.844,-0.000,1.403,6.361
16.94,4.060,1.812,0.033,-1.885,-0.000,1.404,6.379
16.96,4.060,1.812,0.033,-1.885,-0.000,1.404,6.379
16.98,4.060,1.812,0.033,-1.885,-0.000,1.404,6.379
17.00,4.009,1.844,0.019,-1.946,-0.000,1.404,6.395
17.03,4.009,1.844,0.019,-1.946,-0.000,1.404,6.395
17.05,3.964,1.862,0.009,-1.988,-0.000,1.405,6.395
17.07,3.964,1.862,0.009,-1.988,-0.000,1.405,6.395
17.09,3.911,1.874,-0.001,-2.032,-0.000,1.405,6.388
17.11,3.911,1.874,-0.001,-2.032,-0.000,1.405,6.388
17.13,3.834,1.883,-0.014,-2.073,-0.000,1.406,6.354
17.15,3.834,1.883,-0.014,-2.073,-0.000,1.406,6.354
17.17,3.760,1.886,-0.026,-2.114,-0.000,1.406,6.322
17.19,3.760,1.886,-0.026,-2.114,-0.000,1.406,6.322
17.21,3.726,1.817,-0.030,-2.155,-0.000,1.407,6.308
17.23,3.726,1.817,-0.030,-2.155,-0.000,1.407,6.308
17.25,3.732,1.680,-0.024,-2.197,-0.000,1.407,6.317
17.27,3.732,1.680,-0.024,-2.197,-0.000,1.407,6.317
17.30,3.730,1.542,-0.011,-2.239,-0.000,1.408,6.321
17.32,3.730,1.542,-0.011,-2.239,-0.000,1.408,6.321
17.34,3.713,1.371,0.013,-2.284,-0.000,1.409,6.314
17.36,3.713,1.371,0.013,-2.284,-0.000,1.409,6.314
17.38,3.680,1.193,0.045,-2.324,-0.000,1.409,6.292
17.40,3.680,1.193,0.045,-2.324,-0.000,1.409,6.292
17.42,3.648,1.069,0.068,-2.364,-0.000,1.410,6.283
17.44,3.648,1.069,0.068,-2.364,-0.000,1.410,6.283
17.46,3.597,0.910,0.096,-2.406,-0.000,1.410,6.256
17.48,3.597,0.910,0.096,-2.406,-0.000,1.410,6.256
17.50,3.597,0.910,0.096,-2.406,-0.000,1.410,6.256
17.53,3.498,0.696,0.123,-2.469,-0.000,1.411,6.199
17.55,3.498,0.696,0.123,-2.469,-0.000,1.411,6.199
17.57,3.417,0.594,0.099,-2.511,-0.000,1.411,6.146
17.59,3.417,0.594,0.099,-2.511,-0.000,1.411,6.146
17.61,3.327,0.475,0.055,-2.555,-0.000,1.412,6.081
17.63,3.327,0.475,0.055,-2.555,-0.000,1.412,6.081
17.65,3.316,0.416,-0.061,-2.595,-0.000,1.413,6.077
17.67,3.316,0.416,-0.061,-2.595,-0.000,1.413,6.077
17.69,3.311,0.362,-0.178,-2.637,-0.000,1.413,6.085
17.71,3.311,0.362,-0.178,-2.637,-0.000,1.413,6.085
17.73,3.309,0.305,-0.281,-2.678,-0.000,1.414,6.101
17.75,3.309,0.305,-0.281,-2.678,-0.000,1.414,6.101
17.77,3.323,0.247,-0.367,-2.719,-0.000,1.414,6.137
17.80,3.323,0.247,-0.367,-2.719,-0.000,1.414,6.137
17.82,3.354,0.159,-0.462,-2.761,-0.000,1.415,6.191
17.84,3.354,0.159,-0.462,-2.761,-0.000,1.415,6.191
17.86,3.374,0.105,-0.506,-2.805,-0.000,1.415,6.247
17.88,3.374,0.105,-0.506,-2.805,-0.000,1.415,6.247
17.90,3.406,0.014,-0.558,-2.845,-0.000,1.416,6.309
17.92,3.406,0.014,-0.558,-2.845,-0.000,1.416,6.309
17.94,3.427,-0.054,-0.581,-2.887,-0.000,1.417,6.369
17.96,3.427,-0.054,-0.581,-2.887,-0.000,1.417,6.369
17.98,3.427,-0.054,-0.581,-2.887,-0.000,1.417,6.369
18.00,3.480,-0.210,-0.601,-2.948,-0.000,1.417,6.482
18.02,3.480,-0.210,-0.601,-2.948,-0.000,1.417,6.482
18.05,3.518,-0.316,-0.599,-2.989,-0.000,1.418,6.566
18.07,3.518,-0.316,-0.599,-2.989,-0.000,1.418,6.566
18.09,3.561,-0.431,-0.591,-3.031,-0.000,1.419,6.657
18.11,3.561,-0.431,-0.591,-3.031,-0.000,1.419,6.657
18.13,3.611,-0.584,-0.572,-3.074,-0.000,1.419,6.764
18.15,3.611,-0.584,-0.572,-3.074,-0.000,1.419,6.764
18.17,3.652,-0.727,-0.545,-3.114,-0.000,1.420,6.862
18.19,3.652,-0.727,-0.545,-3.114,-0.000,1.420,6.862
18.21,3.697,-0.883,-0.507,-3.156,-0.000,1.420,6.970
18.23,3.697,-0.883,-0.507,-3.156,-0.000,1.420,6.970
18.25,3.742,-1.047,-0.458,-3.197,-0.000,1.421,7.084
18.27,3.742,-1.047,-0.458,-3.197,-0.000,1.421,7.084
18.29,3.789,-1.221,-0.401,-3.238,-0.000,1.422,7.205
18.32,3.789,-1.221,-0.401,-3.238,-0.000,1.422,7.205
18.34,3.853,-1.484,-0.313,-3.280,-0.000,1.422,7.369
18.36,3.853,-1.484,-0.313,-3.280,-0.000,1.422,7.369
18.38,3.892,-1.688,-0.240,-3.324,-0.000,1.423,7.504
18.40,3.892,-1.688,-0.240,-3.324,-0.000,1.423,7.504
18.42,3.929,-1.907,-0.157,-3.363,-0.000,1.423,7.643
18.44,3.929,-1.907,-0.157,-3.363,-0.000,1.423,7.643
18.46,3.965,-2.138,-0.062,-3.405,-0.000,1.424,7.794
18.48,3.965,-2.138,-0.062,-3.405,-0.000,1.424,7.794
18.50,3.965,-2.138,-0.062,-3.405,-0.000,1.424,7.794
18.52,3.946,-2.473,0.086,-3.466,-0.000,1.425,7.959
18.54,3.946,-2.473,0.086,-3.466,-0.000,1.425,7.959
18.57,3.739,-2.663,0.149,-3.507,-0.000,1.425,7.879
18.59,3.739,-2.663,0.149,-3.507,-0.000,1.425,7.879
18.61,3.495,-2.739,0.093,-3.549,-0.000,1.426,7.709
18.63,3.495,-2.739,0.093,-3.549,-0.000,1.426,7.709
18.65,3.184,-2.813,0.021,-3.593,-0.000,1.427,7.479
18.67,3.184,-2.813,0.021,-3.593,-0.000,1.427,7.479
18.69,2.926,-2.853,-0.026,-3.633,-0.000,1.427,7.288
18.71,2.926,-2.853,-0.026,-3.633,-0.000,1.427,7.288
18.73,2.688,-2.844,-0.073,-3.675,-0.000,1.428,7.100
18.75,2.688,-2.844,-0.073,-3.675,-0.000,1.428,7.100
18.77,2.476,-2.813,-0.128,-3.715,-0.000,1.428,6.923
18.79,2.476,-2.813,-0.128,-3.715,-0.000,1.428,6.923
18.81,2.288,-2.767,-0.194,-3.757,-0.000,1.429,6.762
18.83,2.288,-2.767,-0.194,-3.757,-0.000,1.429,6.762
18.86,2.083,-2.704,-0.286,-3.799,-0.000,1.430,6.574
18.88,2.083,-2.704,-0.286,-3.799,-0.000,1.430,6.574
18.90,1.892,-2.639,-0.393,-3.843,-0.000,1.430,6.398
18.92,1.892,-2.639,-0.393,-3.843,-0.000,1.430,6.398
18.94,1.737,-2.590,-0.490,-3.883,-0.000,1.431,6.259
18.96,1.737,-2.590,-0.490,-3.883,-0.000,1.431,6.259
18.98,1.614,-2.555,-0.571,-3.923,-0.000,1.432,6.158
19.00,1.614,-2.555,-0.571,-3.923,-0.000,1.432,6.158
19.02,1.614,-2.555,-0.571,-3.923,-0.000,1.432,6.158
19.04,1.366,-2.492,-0.737,-3.985,-0.000,1.432,5.943
19.06,1.366,-2.492,-0.737,-3.985,-0.000,1.432,5.943
19.08,1.209,-2.453,-0.840,-4.026,-0.000,1.433,5.811
19.10,1.209,-2.453,-0.840,-4.026,-0.000,1.433,5.811
19.13,1.051,-2.412,-0.938,-4.069,-0.000,1.434,5.681
19.15,1.051,-2.412,-0.938,-4.069,-0.000,1.434,5.681
19.17,0.892,-2.364,-1.031,-4.113,-0.000,1.434,5.549
19.19,0.892,-2.364,-1.031,-4.113,-0.000,1.434,5.549
19.21,0.701,-2.295,-1.133,-4.153,-0.000,1.435,5.378
19.23,0.701,-2.295,-1.133,-4.153,-0.000,1.435,5.378
19.25,0.544,-2.230,-1.210,-4.194,-0.000,1.436,5.241
19.27,0.544,-2.230,-1.210,-4.194,-0.000,1.436,5.241
19.29,0.388,-2.154,-1.278,-4.235,-0.000,1.436,5.102
19.31,0.388,-2.154,-1.278,-4.235,-0.000,1.436,5.102
19.33,0.233,-2.070,-1.337,-4.277,-0.000,1.437,4.963
19.35,0.233,-2.070,-1.337,-4.277,-0.000,1.437,4.963
19.38,0.049,-1.959,-1.397,-4.319,-0.000,1.437,4.787
19.40,0.049,-1.959,-1.397,-4.319,-0.000,1.437,4.787
19.42,-0.103,-1.859,-1.436,-4.359,-0.000,1.438,4.644
19.44,-0.103,-1.859,-1.436,-4.359,-0.000,1.438,4.644
19.46,-0.285,-1.733,-1.473,-4.403,-0.000,1.439,4.468
19.48,-0.285,-1.733,-1.473,-4.403,-0.000,1.439,4.468
19.50,-0.285,-1.733,-1.473,-4.403,-0.000,1.439,4.468
19.52,-0.498,-1.582,-1.501,-4.465,-0.000,1.440,4.271
19.54,-0.498,-1.582,-1.501,-4.465,-0.000,1.440,4.271
19.56,-0.651,-1.472,-1.513,-4.505,-0.000,1.440,4.126
19.58,-0.651,-1.472,-1.513,-4.505,-0.000,1.440,4.126
19.60,-0.807,-1.361,-1.519,-4.546,-0.000,1.441,3.980
19.62,-0.807,-1.361,-1.519,-4.546,-0.000,1.441,3.980
19.64,-0.964,-1.252,-1.520,-4.587,-0.000,1.441,3.834
19.67,-0.964,-1.252,-1.520,-4.587,-0.000,1.441,3.834
19.69,-1.123,-1.143,-1.516,-4.629,-0.000,1.442,3.689
19.71,-1.123,-1.143,-1.516,-4.629,-0.000,1.442,3.689
19.73,-1.317,-1.016,-1.506,-4.673,-0.000,1.443,3.507
19.75,-1.317,-1.016,-1.506,-4.673,-0.000,1.443,3.507
19.77,-1.479,-0.914,-1.494,-4.713,-0.000,1.443,3.361
19.79,-1.479,-0.914,-1.494,-4.713,-0.000,1.443,3.361
19.81,-1.643,-0.815,-1.480,-4.755,-0.000,1.444,3.217
19.83,-1.643,-0.815,-1.480,-4.755,-0.000,1.444,3.217
19.85,-1.806,-0.720,-1.465,-4.795,-0.000,1.444,3.074
19.87,-1.806,-0.720,-1.465,-4.795,-0.000,1.444,3.074
19.89,-1.970,-0.631,-1.447,-4.837,-0.000,1.445,2.936
19.91,-1.970,-0.631,-1.447,-4.837,-0.000,1.445,2.936
19.94,-2.132,-0.547,-1.429,-4.877,-0.000,1.446,2.799
19.96,-2.132,-0.547,-1.429,-4.877,-0.000,1.446,2.799
19.98,-2.356,-0.439,-1.404,-4.919,-0.000,1.446,2.601
20.00,-2.356,-0.439,-1.404,-4.919,-0.000,1.446,2.601
20.02,-2.356,-0.439,-1.404,-4.919,-0.000,1.446,2.601
20.04,-2.575,-0.342,-1.379,-4.983,-0.000,1.447,2.433
20.06,-2.575,-0.342,-1.379,-4.983,-0.000,1.447,2.433
20.08,-2.727,-0.280,-1.363,-5.025,-0.000,1.448,2.316
20.10,-2.727,-0.280,-1.363,-5.025,-0.000,1.448,2.316
20.12,-2.876,-0.223,-1.347,-5.066,-0.000,1.448,2.203
20.14,-2.876,-0.223,-1.347,-5.066,-0.000,1.448,2.203
20.16,-3.021,-0.171,-1.331,-5.107,-0.000,1.449,2.097
20.19,-3.021,-0.171,-1.331,-5.107,-0.000,1.449,2.097
20.21,-3.162,-0.124,-1.313,-5.149,-0.000,1.450,1.996
20.23,-3.162,-0.124,-1.313,-5.149,-0.000,1.450,1.996
20.25,-3.325,-0.072,-1.291,-5.193,-0.000,1.450,1.876
20.27,-3.325,-0.072,-1.291,-5.193,-0.000,1.450,1.876
20.29,-3.456,-0.033,-1.270,-5.233,-0.000,1.451,1.786
20.31,-3.456,-0.033,-1.270,-5.233,-0.000,1.451,1.786
20.33,-3.583,0.002,-1.248,-5.274,-0.000,1.451,1.703
20.35,-3.583,0.002,-1.248,-5.274,-0.000,1.451,1.703
20.37,-3.706,0.035,-1.226,-5.316,-0.000,1.452,1.626
20.39,-3.706,0.035,-1.226,-5.316,-0.000,1.452,1.626
20.41,-3.824,0.064,-1.202,-5.357,-0.000,1.453,1.554
20.44,-3.824,0.064,-1.202,-5.357,-0.000,1.453,1.554
20.46,-3.982,0.101,-1.169,-5.399,-0.000,1.453,1.448
20.48,-3.982,0.101,-1.169,-5.399,-0.000,1.453,1.448
20.50,-4.090,0.124,-1.146,-5.442,-0.000,1.454,1.392
20.52,-4.090,0.124,-1.146,-5.442,-0.000,1.454,1.392
20.54,-4.090,0.124,-1.146,-5.442,-0.000,1.454,1.392
20.56,-4.234,0.153,-1.114,-5.504,-0.000,1.455,1.324
20.58,-4.234,0.153,-1.114,-5.504,-0.000,1.455,1.324
20.60,-4.331,0.170,-1.093,-5.544,-0.000,1.455,1.277
20.62,-4.331,0.170,-1.093,-5.544,-0.000,1.455,1.277
20.64,-4.425,0.185,-1.074,-5.586,-0.000,1.456,1.236
20.67,-4.425,0.185,-1.074,-5.586,-0.000,1.456,1.236
20.69,-4.515,0.198,-1.057,-5.628,-0.000,1.456,1.199
20.71,-4.515,0.198,-1.057,-5.628,-0.000,1.456,1.199
20.73,-4.617,0.211,-1.042,-5.672,-0.000,1.457,1.153
20.75,-4.617,0.211,-1.042,-5.672,-0.000,1.457,1.153
20.77,-4.699,0.219,-1.034,-5.712,-0.000,1.458,1.120
20.79,-4.699,0.219,-1.034,-5.712,-0.000,1.458,1.120
20.81,-4.776,0.225,-1.031,-5.754,-0.000,1.458,1.090
20.83,-4.776,0.225,-1.031,-5.754,-0.000,1.458,1.090
20.85,-4.851,0.229,-1.032,-5.794,-0.000,1.459,1.060
20.87,-4.851,0.229,-1.032,-5.794,-0.000,1.459,1.060
20.89,-4.923,0.232,-1.036,-5.836,-0.000,1.459,1.033
20.92,-4.923,0.232,-1.036,-5.836,-0.000,1.459,1.033
20.94,-5.005,0.232,-1.043,-5.878,-0.000,1.460,0.994
20.96,-5.005,0.232,-1.043,-5.878,-0.000,1.460,0.994
20.98,-5.085,0.231,-1.052,-5.921,-0.000,1.460,0.959
21.00,-5.085,0.231,-1.052,-5.921,-0.000,1.460,0.959
21.02,-5.085,0.231,-1.052,-5.921,-0.000,1.460,0.959
21.04,-5.175,0.228,-1.064,-5.981,-0.000,1.461,0.927
21.06,-5.175,0.228,-1.064,-5.981,-0.000,1.461,0.927
21.08,-5.238,0.224,-1.074,-6.023,-0.000,1.462,0.904
21.10,-5.238,0.224,-1.074,-6.023,-0.000,1.462,0.904
21.12,-5.299,0.219,-1.084,-6.064,-0.000,1.462,0.882
21.14,-5.299,0.219,-1.084,-6.064,-0.000,1.462,0.882
21.16,-5.359,0.214,-1.094,-6.105,-0.000,1.463,0.860
21.19,-5.359,0.214,-1.094,-6.105,-0.000,1.463,0.860
21.21,-5.417,0.207,-1.104,-6.147,-0.000,1.463,0.840
21.23,-5.417,0.207,-1.104,-6.147,-0.000,1.463,0.840
21.25,-5.486,0.198,-1.116,-6.191,-0.000,1.464,0.811
21.27,-5.486,0.198,-1.116,-6.191,-0.000,1.464,0.811
21.29,-5.542,0.190,-1.126,-6.231,-0.000,1.465,0.791
21.31,-5.542,0.190,-1.126,-6.231,-0.000,1.465,0.791
21.33,-5.598,0.182,-1.136,-6.273,-0.000,1.465,0.773
21.35,-5.598,0.182,-1.136,-6.273,-0.000,1.465,0.773
21.37,-5.652,0.173,-1.145,-6.315,-0.000,1.466,0.756
21.39,-5.652,0.173,-1.145,-6.315,-0.000,1.466,0.756
21.42,-5.706,0.164,-1.154,-6.358,-0.000,1.466,0.741
21.44,-5.706,0.164,-1.154,-6.358,-0.000,1.466,0.741
21.46,-5.770,0.153,-1.165,-6.398,-0.000,1.467,0.714
21.48,-5.770,0.153,-1.165,-6.398,-0.000,1.467,0.714
21.50,-5.832,0.142,-1.175,-6.442,-0.000,1.467,0.691
21.52,-5.832,0.142,-1.175,-6.442,-0.000,1.467,0.691
21.54,-5.832,0.142,-1.175,-6.442,-0.000,1.467,0.691
21.56,-5.904,0.128,-1.185,-6.504,-0.000,1.468,0.675
21.58,-5.904,0.128,-1.185,-6.504,-0.000,1.468,0.675
21.60,-5.954,0.119,-1.193,-6.544,-0.000,1.468,0.662
21.62,-5.954,0.119,-1.193,-6.544,-0.000,1.468,0.662
21.64,-6.004,0.110,-1.200,-6.585,-0.000,1.469,0.650
21.66,-6.004,0.110,-1.200,-6.585,-0.000,1.469,0.650
21.69,-6.053,0.100,-1.206,-6.628,-0.000,1.470,0.641
21.71,-6.053,0.100,-1.206,-6.628,-0.000,1.470,0.641
21.73,-6.111,0.089,-1.213,-6.672,-0.000,1.470,0.624
21.75,-6.111,0.089,-1.213,-6.672,-0.000,1.470,0.624
21.77,-6.158,0.081,-1.219,-6.712,-0.000,1.471,0.614
21.79,-6.158,0.081,-1.219,-6.712,-0.000,1.471,0.614
21.81,-6.205,0.073,-1.224,-6.754,-0.000,1.471,0.606
21.83,-6.205,0.073,-1.224,-6.754,-0.000,1.471,0.606
21.85,-6.252,0.065,-1.229,-6.795,-0.000,1.472,0.598
21.87,-6.252,0.065,-1.229,-6.795,-0.000,1.472,0.598
21.90,-6.298,0.058,-1.234,-6.837,-0.000,1.472,0.592
21.92,-6.298,0.058,-1.234,-6.837,-0.000,1.472,0.592
21.94,-6.362,0.048,-1.240,-6.878,-0.000,1.473,0.569
21.96,-6.362,0.048,-1.240,-6.878,-0.000,1.473,0.569
21.98,-6.407,0.042,-1.244,-6.922,-0.000,1.473,0.565
22.00,-6.407,0.042,-1.244,-6.922,-0.000,1.473,0.565
22.02,-6.407,0.042,-1.244,-6.922,-0.000,1.473,0.565
22.04,-6.469,0.033,-1.250,-6.984,-0.000,1.474,0.562
22.06,-6.469,0.033,-1.250,-6.984,-0.000,1.474,0.562
22.08,-6.513,0.028,-1.254,-7.024,-0.000,1.474,0.557
22.10,-6.513,0.028,-1.254,-7.024,-0.000,1.474,0.557
22.12,-6.557,0.023,-1.257,-7.065,-0.000,1.475,0.553
22.14,-6.557,0.023,-1.257,-7.065,-0.000,1.475,0.553
22.17,-6.600,0.018,-1.261,-7.108,-0.000,1.475,0.552
22.19,-6.600,0.018,-1.261,-7.108,-0.000,1.475,0.552
22.21,-6.643,0.013,-1.264,-7.148,-0.000,1.476,0.548
22.23,-6.643,0.013,-1.264,-7.148,-0.000,1.476,0.548
22.25,-6.694,0.008,-1.269,-7.191,-0.000,1.476,0.539
22.27,-6.694,0.008,-1.269,-7.191,-0.000,1.476,0.539
22.29,-6.736,0.004,-1.272,-7.233,-0.000,1.476,0.538
22.31,-6.736,0.004,-1.272,-7.233,-0.000,1.476,0.538
22.33,-6.779,0.001,-1.275,-7.273,-0.000,1.477,0.534
22.35,-6.779,0.001,-1.275,-7.273,-0.000,1.477,0.534
22.37,-6.821,-0.002,-1.279,-7.315,-0.000,1.477,0.533
22.40,-6.821,-0.002,-1.279,-7.315,-0.000,1.477,0.533
22.42,-6.871,-0.006,-1.283,-7.357,-0.000,1.478,0.524
22.44,-6.871,-0.006,-1.283,-7.357,-0.000,1.478,0.524
22.46,-6.913,-0.009,-1.286,-7.400,-0.000,1.478,0.524
22.48,-6.913,-0.009,-1.286,-7.400,-0.000,1.478,0.524
22.50,-6.963,-0.012,-1.290,-7.440,-0.000,1.479,0.513
22.52,-6.963,-0.012,-1.290,-7.440,-0.000,1.479,0.513
22.54,-6.963,-0.012,-1.290,-7.440,-0.000,1.479,0.513
22.56,-7.021,-0.015,-1.295,-7.501,-0.000,1.479,0.515
22.58,-7.021,-0.015,-1.295,-7.501,-0.000,1.479,0.515
22.60,-7.062,-0.016,-1.298,-7.541,-0.000,1.480,0.513
22.62,-7.062,-0.016,-1.298,-7.541,-0.000,1.480,0.513
22.64,-7.103,-0.018,-1.301,-7.583,-0.000,1.480,0.513
22.67,-7.103,-0.018,-1.301,-7.583,-0.000,1.480,0.513
22.69,-7.144,-0.019,-1.304,-7.624,-0.000,1.481,0.512
22.71,-7.144,-0.019,-1.304,-7.624,-0.000,1.481,0.512
22.73,-7.193,-0.020,-1.307,-7.667,-0.000,1.481,0.506
22.75,-7.193,-0.020,-1.307,-7.667,-0.000,1.481,0.506
22.77,-7.234,-0.021,-1.310,-7.707,-0.000,1.481,0.504
22.79,-7.234,-0.021,-1.310,-7.707,-0.000,1.481,0.504
22.81,-7.274,-0.022,-1.313,-7.749,-0.000,1.482,0.504
22.83,-7.274,-0.022,-1.313,-7.749,-0.000,1.482,0.504
22.85,-7.314,-0.023,-1.316,-7.789,-0.000,1.482,0.503
22.87,-7.314,-0.023,-1.316,-7.789,-0.000,1.482,0.503
22.89,-7.355,-0.024,-1.319,-7.830,-0.000,1.482,0.503
22.92,-7.355,-0.024,-1.319,-7.830,-0.000,1.482,0.503
22.94,-7.411,-0.025,-1.323,-7.872,-0.000,1.483,0.489
22.96,-7.411,-0.025,-1.323,-7.872,-0.000,1.483,0.489
22.98,-7.450,-0.026,-1.325,-7.915,-0.000,1.483,0.492
23.00,-7.450,-0.026,-1.325,-7.915,-0.000,1.483,0.492
23.02,-7.490,-0.027,-1.328,-7.955,-0.000,1.484,0.492
23.04,-7.490,-0.027,-1.328,-7.955,-0.000,1.484,0.492
23.06,-7.490,-0.027,-1.328,-7.955,-0.000,1.484,0.492
23.08,-7.545,-0.028,-1.332,-8.018,-0.000,1.484,0.497
23.10,-7.545,-0.028,-1.332,-8.018,-0.000,1.484,0.497
23.12,-7.584,-0.029,-1.335,-8.058,-0.000,1.485,0.498
23.15,-7.584,-0.029,-1.335,-8.058,-0.000,1.485,0.498
23.17,-7.624,-0.030,-1.338,-8.100,-0.000,1.485,0.500
23.19,-7.624,-0.030,-1.338,-8.100,-0.000,1.485,0.500
23.21,-7.663,-0.031,-1.341,-8.145,-0.000,1.485,0.504
23.23,-7.663,-0.031,-1.341,-8.145,-0.000,1.485,0.504
23.25,-7.710,-0.031,-1.345,-8.185,-0.000,1.486,0.497
23.27,-7.710,-0.031,-1.345,-8.185,-0.000,1.486,0.497
23.29,-7.750,-0.032,-1.348,-8.228,-0.000,1.486,0.499
23.31,-7.750,-0.032,-1.348,-8.228,-0.000,1.486,0.499
23.33,-7.789,-0.032,-1.351,-8.269,-0.000,1.486,0.500
23.35,-7.789,-0.032,-1.351,-8.269,-0.000,1.486,0.500
23.37,-7.828,-0.032,-1.353,-8.312,-0.000,1.487,0.503
23.39,-7.828,-0.032,-1.353,-8.312,-0.000,1.487,0.503
23.42,-7.884,-0.033,-1.357,-8.355,-0.000,1.487,0.489
23.44,-7.884,-0.033,-1.357,-8.355,-0.000,1.487,0.489
23.46,-7.924,-0.033,-1.360,-8.399,-0.000,1.487,0.494
23.48,-7.924,-0.033,-1.360,-8.399,-0.000,1.487,0.494
23.50,-7.964,-0.033,-1.362,-8.440,-0.000,1.488,0.494
23.52,-7.964,-0.033,-1.362,-8.440,-0.000,1.488,0.494
23.54,-7.964,-0.033,-1.362,-8.440,-0.000,1.488,0.494
23.56,-8.020,-0.034,-1.366,-8.504,-0.000,1.488,0.501
23.58,-8.020,-0.034,-1.366,-8.504,-0.000,1.488,0.501
23.60,-8.060,-0.034,-1.368,-8.546,-0.000,1.488,0.502
23.62,-8.060,-0.034,-1.368,-8.546,-0.000,1.488,0.502
23.65,-8.100,-0.035,-1.371,-8.589,-0.000,1.489,0.504
23.67,-8.100,-0.035,-1.371,-8.589,-0.000,1.489,0.504
23.69,-8.140,-0.036,-1.373,-8.631,-0.000,1.489,0.506
23.71,-8.140,-0.036,-1.373,-8.631,-0.000,1.489,0.506
23.73,-8.189,-0.037,-1.376,-8.676,-0.000,1.489,0.502
23.75,-8.189,-0.037,-1.376,-8.676,-0.000,1.489,0.502
23.77,-8.229,-0.038,-1.378,-8.719,-0.000,1.490,0.504
23.79,-8.229,-0.038,-1.378,-8.719,-0.000,1.490,0.504
23.81,-8.269,-0.038,-1.380,-8.760,-0.000,1.490,0.504
23.83,-8.269,-0.038,-1.380,-8.760,-0.000,1.490,0.504
23.85,-8.310,-0.040,-1.382,-8.802,-0.000,1.490,0.506
23.87,-8.310,-0.040,-1.382,-8.802,-0.000,1.490,0.506
23.90,-8.350,-0.041,-1.384,-8.844,-0.000,1.491,0.507
23.92,-8.350,-0.041,-1.384,-8.844,-0.000,1.491,0.507
23.94,-8.406,-0.043,-1.386,-8.886,-0.000,1.491,0.493
23.96,-8.406,-0.043,-1.386,-8.886,-0.000,1.491,0.493
23.98,-8.446,-0.044,-1.387,-8.930,-0.000,1.491,0.497
24.00,-8.446,-0.044,-1.387,-8.930,-0.000,1.491,0.497
24.02,-8.486,-0.045,-1.388,-8.970,-0.000,1.491,0.497
24.04,-8.486,-0.045,-1.388,-8.970,-0.000,1.491,0.497
24.06,-8.486,-0.045,-1.388,-8.970,-0.000,1.491,0.497
24.08,-8.543,-0.047,-1.389,-9.032,-0.000,1.492,0.503
24.10,-8.543,-0.047,-1.389,-9.032,-0.000,1.492,0.503
24.12,-8.583,-0.049,-1.390,-9.073,-0.000,1.492,0.503
24.14,-8.583,-0.049,-1.390,-9.073,-0.000,1.492,0.503
24.17,-8.623,-0.050,-1.391,-9.117,-0.000,1.492,0.507
24.19,-8.623,-0.050,-1.391,-9.117,-0.000,1.492,0.507
24.21,-8.663,-0.051,-1.392,-9.160,-0.000,1.493,0.509
24.23,-8.663,-0.051,-1.392,-9.160,-0.000,1.493,0.509
24.25,-8.711,-0.053,-1.392,-9.200,-0.000,1.493,0.502
24.27,-8.711,-0.053,-1.392,-9.200,-0.000,1.493,0.502
24.29,-8.751,-0.054,-1.393,-9.240,-0.000,1.493,0.503
24.31,-8.751,-0.054,-1.393,-9.240,-0.000,1.493,0.503
24.33,-8.791,-0.056,-1.394,-9.280,-0.000,1.493,0.502
24.35,-8.791,-0.056,-1.394,-9.280,-0.000,1.493,0.502
24.37,-8.831,-0.057,-1.394,-9.321,-0.000,1.494,0.503
24.40,-8.831,-0.057,-1.394,-9.321,-0.000,1.494,0.503
24.42,-8.879,-0.059,-1.394,-9.361,-0.000,1.494,0.496
24.44,-8.879,-0.059,-1.394,-9.361,-0.000,1.494,0.496
24.46,-8.927,-0.061,-1.395,-9.403,-0.000,1.494,0.490
24.48,-8.927,-0.061,-1.395,-9.403,-0.000,1.494,0.490
24.50,-8.967,-0.062,-1.395,-9.441,-0.000,1.494,0.488
24.52,-8.967,-0.062,-1.395,-9.441,-0.000,1.494,0.488
24.54,-8.967,-0.062,-1.395,-9.441,-0.000,1.494,0.488
24.56,-9.023,-0.063,-1.396,-9.500,-0.000,1.494,0.491
24.58,-9.023,-0.063,-1.396,-9.500,-0.000,1.494,0.491
24.60,-9.063,-0.064,-1.397,-9.540,-0.000,1.495,0.491
24.62,-9.063,-0.064,-1.397,-9.540,-0.000,1.495,0.491
24.65,-9.103,-0.065,-1.397,-9.579,-0.000,1.495,0.491
24.67,-9.103,-0.065,-1.397,-9.579,-0.000,1.495,0.491
24.69,-9.142,-0.066,-1.398,-9.620,-0.000,1.495,0.492
24.71,-9.142,-0.066,-1.398,-9.620,-0.000,1.495,0.492
24.73,-9.190,-0.066,-1.399,-9.657,-0.000,1.495,0.482
24.75,-9.190,-0.066,-1.399,-9.657,-0.000,1.495,0.482
24.77,-9.230,-0.067,-1.400,-9.697,-0.000,1.495,0.481
24.79,-9.230,-0.067,-1.400,-9.697,-0.000,1.495,0.481
24.81,-9.269,-0.067,-1.401,-9.735,-0.000,1.496,0.480
24.83,-9.269,-0.067,-1.401,-9.735,-0.000,1.496,0.480
24.85,-9.309,-0.066,-1.403,-9.774,-0.000,1.496,0.479
24.87,-9.309,-0.066,-1.403,-9.774,-0.000,1.496,0.479
24.90,-9.348,-0.066,-1.404,-9.813,-0.000,1.496,0.479
24.92,-9.348,-0.066,-1.404,-9.813,-0.000,1.496,0.479
24.94,-9.402,-0.064,-1.406,-9.854,-0.000,1.496,0.465
24.96,-9.402,-0.064,-1.406,-9.854,-0.000,1.496,0.465
24.98,-9.441,-0.063,-1.407,-9.897,-0.000,1.496,0.468
25.00,-9.441,-0.063,-1.407,-9.897,-0.000,1.496,0.468
25.02,-9.480,-0.062,-1.408,-9.936,-0.000,1.496,0.468
25.04,-9.480,-0.062,-1.408,-9.936,-0.000,1.496,0.468
25.06,-9.480,-0.062,-1.408,-9.936,-0.000,1.496,0.468
25.08,-9.535,-0.060,-1.410,-9.998,-0.000,1.497,0.475
25.10,-9.535,-0.060,-1.410,-9.998,-0.000,1.497,0.475
25.12,-9.574,-0.058,-1.411,-10.041,-0.000,1.497,0.478
25.14,-9.574,-0.058,-1.411,-10.041,-0.000,1.497,0.478
25.17,-9.614,-0.056,-1.413,-10.039,-0.000,1.497,0.437
25.19,-9.614,-0.056,-1.413,-10.039,-0.000,1.497,0.437
25.21,-9.654,-0.055,-1.414,-10.080,-0.000,1.497,0.438
25.23,-9.654,-0.055,-1.414,-10.080,-0.000,1.497,0.438
25.25,-9.703,-0.052,-1.416,-10.126,-0.000,1.497,0.433
25.27,-9.703,-0.052,-1.416,-10.126,-0.000,1.497,0.433
25.29,-9.744,-0.050,-1.417,-10.169,-0.000,1.497,0.435
25.31,-9.744,-0.050,-1.417,-10.169,-0.000,1.497,0.435
25.33,-9.787,-0.048,-1.419,-10.211,-0.000,1.497,0.434
25.35,-9.787,-0.048,-1.419,-10.211,-0.000,1.497,0.434
25.37,-9.829,-0.046,-1.421,-10.255,-0.000,1.497,0.435
25.40,-9.829,-0.046,-1.421,-10.255,-0.000,1.497,0.435
25.42,-9.881,-0.044,-1.423,-10.298,-0.000,1.497,0.426
25.44,-9.881,-0.044,-1.423,-10.298,-0.000,1.497,0.426
25.46,-9.934,-0.041,-1.425,-10.343,-0.000,1.498,0.418
25.48,-9.934,-0.041,-1.425,-10.343,-0.000,1.498,0.418
25.50,-9.978,-0.039,-1.426,-10.384,-0.000,1.498,0.414
25.52,-9.978,-0.039,-1.426,-10.384,-0.000,1.498,0.414
25.54,-10.022,-0.036,-1.428,-10.426,-0.000,1.498,0.412
25.56,-10.022,-0.036,-1.428,-10.426,-0.000,1.498,0.412
25.58,-10.022,-0.036,-1.428,-10.426,-0.000,1.498,0.412
25.60,-10.083,-0.033,-1.430,-10.486,-0.000,1.498,0.410
25.62,-10.083,-0.033,-1.430,-10.486,-0.000,1.498,0.410
25.65,-10.127,-0.031,-1.431,-10.527,-0.000,1.498,0.406
25.67,-10.127,-0.031,-1.431,-10.527,-0.000,1.498,0.406
25.69,-10.170,-0.030,-1.432,-10.566,-0.000,1.498,0.403
25.71,-10.170,-0.030,-1.432,-10.566,-0.000,1.498,0.403
25.73,-10.222,-0.027,-1.434,-10.607,-0.000,1.498,0.392
25.75,-10.222,-0.027,-1.434,-10.607,-0.000,1.498,0.392
25.77,-10.263,-0.025,-1.435,-10.644,-0.000,1.498,0.387
25.79,-10.263,-0.025,-1.435,-10.644,-0.000,1.498,0.387
25.81,-10.304,-0.023,-1.436,-10.682,-0.000,1.498,0.383
25.83,-10.304,-0.023,-1.436,-10.682,-0.000,1.498,0.383
25.85,-10.345,-0.022,-1.437,-10.718,-0.000,1.498,0.378
25.87,-10.345,-0.022,-1.437,-10.718,-0.000,1.498,0.378
25.89,-10.384,-0.020,-1.438,-10.753,-0.000,1.498,0.374
25.92,-10.384,-0.020,-1.438,-10.753,-0.000,1.498,0.374
25.94,-10.438,-0.018,-1.440,-10.788,-0.000,1.498,0.355
25.96,-10.438,-0.018,-1.440,-10.788,-0.000,1.498,0.355
25.98,-10.468,-0.016,-1.440,-10.823,-0.000,1.498,0.360
26.00,-10.468,-0.016,-1.440,-10.823,-0.000,1.498,0.360
26.02,-10.504,-0.015,-1.441,-10.854,-0.000,1.499,0.355
26.04,-10.504,-0.015,-1.441,-10.854,-0.000,1.499,0.355
26.06,-10.504,-0.015,-1.441,-10.854,-0.000,1.499,0.355
26.08,-10.559,-0.013,-1.443,-10.901,-0.000,1.499,0.346
26.10,-10.559,-0.013,-1.443,-10.901,-0.000,1.499,0.346
26.12,-10.593,-0.011,-1.444,-10.930,-0.000,1.499,0.342
26.14,-10.593,-0.011,-1.444,-10.930,-0.000,1.499,0.342
26.16,-10.625,-0.010,-1.445,-10.921,-0.000,1.499,0.301
26.18,-10.625,-0.010,-1.445,-10.921,-0.000,1.499,0.301
26.21,-10.655,-0.009,-1.446,-10.949,-0.000,1.499,0.299
26.23,-10.655,-0.009,-1.446,-10.949,-0.000,1.499,0.299
26.25,-10.691,-0.008,-1.447,-10.978,-0.000,1.499,0.292
26.27,-10.691,-0.008,-1.447,-10.978,-0.000,1.499,0.292
26.29,-10.719,-0.008,-1.447,-11.003,-0.000,1.499,0.289
26.31,-10.719,-0.008,-1.447,-11.003,-0.000,1.499,0.289
26.33,-10.746,-0.007,-1.448,-11.028,-0.000,1.499,0.287
26.35,-10.746,-0.007,-1.448,-11.028,-0.000,1.499,0.287
26.37,-10.772,-0.006,-1.449,-11.052,-0.000,1.499,0.285
26.39,-10.772,-0.006,-1.449,-11.052,-0.000,1.499,0.285
26.41,-10.797,-0.006,-1.450,-11.076,-0.000,1.499,0.284
26.44,-10.797,-0.006,-1.450,-11.076,-0.000,1.499,0.284
26.46,-10.830,-0.006,-1.450,-11.099,-0.000,1.499,0.273
26.48,-10.830,-0.006,-1.450,-11.099,-0.000,1.499,0.273
26.50,-10.853,-0.006,-1.450,-11.122,-0.000,1.499,0.273
26.52,-10.853,-0.006,-1.450,-11.122,-0.000,1.499,0.273
26.54,-10.875,-0.006,-1.451,-11.142,-0.000,1.499,0.271
26.56,-10.875,-0.006,-1.451,-11.142,-0.000,1.499,0.271
26.58,-10.875,-0.006,-1.451,-11.142,-0.000,1.499,0.271
26.60,-10.905,-0.007,-1.451,-11.172,-0.000,1.499,0.272
26.62,-10.905,-0.007,-1.451,-11.172,-0.000,1.499,0.272
26.64,-10.925,-0.007,-1.451,-11.192,-0.000,1.499,0.271
26.66,-10.925,-0.007,-1.451,-11.192,-0.000,1.499,0.271
26.69,-10.945,-0.008,-1.450,-11.210,-0.000,1.499,0.269
26.71,-10.945,-0.008,-1.450,-11.210,-0.000,1.499,0.269
26.73,-10.965,-0.009,-1.450,-11.228,-0.000,1.499,0.268
26.75,-10.965,-0.009,-1.450,-11.228,-0.000,1.499,0.268
26.77,-10.987,-0.010,-1.450,-11.246,-0.000,1.499,0.265
26.79,-10.987,-0.010,-1.450,-11.246,-0.000,1.499,0.265
26.81,-11.005,-0.011,-1.450,-11.263,-0.000,1.499,0.263
26.83,-11.005,-0.011,-1.450,-11.263,-0.000,1.499,0.263
26.85,-11.022,-0.012,-1.450,-11.279,-0.000,1.499,0.262
26.87,-11.022,-0.012,-1.450,-11.279,-0.000,1.499,0.262
26.89,-11.038,-0.013,-1.451,-11.294,-0.000,1.499,0.260
26.91,-11.038,-0.013,-1.451,-11.294,-0.000,1.499,0.260
26.93,-11.054,-0.014,-1.451,-11.309,-0.000,1.499,0.259
26.96,-11.054,-0.014,-1.451,-11.309,-0.000,1.499,0.259
26.98,-11.073,-0.016,-1.452,-11.323,-0.000,1.500,0.255
27.00,-11.073,-0.016,-1.452,-11.323,-0.000,1.500,0.255
27.02,-11.088,-0.017,-1.452,-11.337,-0.000,1.500,0.254
27.04,-11.088,-0.017,-1.452,-11.337,-0.000,1.500,0.254
27.06,-11.088,-0.017,-1.452,-11.337,-0.000,1.500,0.254
27.08,-11.111,-0.018,-1.453,-11.356,-0.000,1.500,0.250
27.10,-11.111,-0.018,-1.453,-11.356,-0.000,1.500,0.250
27.12,-11.125,-0.019,-1.454,-11.368,-0.000,1.500,0.248
27.14,-11.125,-0.019,-1.454,-11.368,-0.000,1.500,0.248
27.16,-11.138,-0.020,-1.455,-11.380,-0.000,1.500,0.247
27.18,-11.138,-0.020,-1.455,-11.380,-0.000,1.500,0.247
27.21,-11.151,-0.021,-1.455,-11.392,-0.000,1.500,0.246
27.23,-11.151,-0.021,-1.455,-11.392,-0.000,1.500,0.246
27.25,-11.163,-0.022,-1.456,-11.403,-0.000,1.500,0.245
27.27,-11.163,-0.022,-1.456,-11.403,-0.000,1.500,0.245
27.29,-11.177,-0.023,-1.457,-11.413,-0.000,1.500,0.241
27.31,-11.177,-0.023,-1.457,-11.413,-0.000,1.500,0.241
27.33,-11.189,-0.024,-1.457,-11.424,-0.000,1.500,0.240
27.35,-11.189,-0.024,-1.457,-11.424,-0.000,1.500,0.240
27.37,-11.200,-0.025,-1.457,-11.434,-0.000,1.500,0.239
27.39,-11.200,-0.025,-1.457,-11.434,-0.000,1.500,0.239
27.41,-11.210,-0.026,-1.458,-11.443,-0.000,1.499,0.238
27.43,-11.210,-0.026,-1.458,-11.443,-0.000,1.499,0.238
27.46,-11.221,-0.026,-1.459,-11.453,-0.000,1.499,0.237
27.48,-11.221,-0.026,-1.459,-11.453,-0.000,1.499,0.237
27.50,-11.235,-0.027,-1.460,-11.462,-0.000,1.499,0.232
27.52,-11.235,-0.027,-1.460,-11.462,-0.000,1.499,0.232
27.54,-11.245,-0.027,-1.461,-11.472,-0.000,1.499,0.232
27.56,-11.245,-0.027,-1.461,-11.472,-0.000,1.499,0.232
27.58,-11.245,-0.027,-1.461,-11.472,-0.000,1.499,0.232
27.60,-11.259,-0.028,-1.462,-11.485,-0.000,1.499,0.231
27.62,-11.259,-0.028,-1.462,-11.485,-0.000,1.499,0.231
27.64,-11.269,-0.028,-1.463,-11.494,-0.000,1.499,0.230
27.66,-11.269,-0.028,-1.463,-11.494,-0.000,1.499,0.230
27.68,-11.278,-0.028,-1.464,-11.503,-0.000,1.499,0.229
27.70,-11.278,-0.028,-1.464,-11.503,-0.000,1.499,0.229
27.73,-11.288,-0.029,-1.465,-11.512,-0.000,1.499,0.229
27.75,-11.288,-0.029,-1.465,-11.512,-0.000,1.499,0.229
27.77,-11.299,-0.030,-1.465,-11.522,-0.000,1.499,0.227
27.79,-11.299,-0.030,-1.465,-11.522,-0.000,1.499,0.227
27.81,-11.308,-0.031,-1.466,-11.530,-0.000,1.499,0.227
27.83,-11.308,-0.031,-1.466,-11.530,-0.000,1.499,0.227
27.85,-11.318,-0.031,-1.467,-11.540,-0.000,1.499,0.226
27.87,-11.318,-0.031,-1.467,-11.540,-0.000,1.499,0.226
27.89,-11.327,-0.032,-1.468,-11.549,-0.000,1.499,0.226
27.91,-11.327,-0.032,-1.468,-11.549,-0.000,1.499,0.226
27.93,-11.337,-0.033,-1.469,-11.558,-0.000,1.499,0.226
27.96,-11.337,-0.033,-1.469,-11.558,-0.000,1.499,0.226
27.98,-11.351,-0.034,-1.470,-11.568,-0.000,1.499,0.222
28.00,-11.351,-0.034,-1.470,-11.568,-0.000,1.499,0.222
28.02,-11.359,-0.035,-1.471,-11.578,-0.000,1.499,0.224
28.04,-11.359,-0.035,-1.471,-11.578,-0.000,1.499,0.224
28.06,-11.371,-0.036,-1.472,-11.587,-0.000,1.499,0.221
28.08,-11.371,-0.036,-1.472,-11.587,-0.000,1.499,0.221
28.10,-11.371,-0.036,-1.472,-11.587,-0.000,1.499,0.221
28.12,-11.386,-0.037,-1.473,-11.603,-0.000,1.499,0.221
28.14,-11.386,-0.037,-1.473,-11.603,-0.000,1.499,0.221
28.16,-11.397,-0.037,-1.474,-11.613,-0.000,1.499,0.221
28.18,-11.397,-0.037,-1.474,-11.613,-0.000,1.499,0.221
28.21,-11.408,-0.037,-1.475,-11.624,-0.000,1.500,0.221
28.23,-11.408,-0.037,-1.475,-11.624,-0.000,1.500,0.221
28.25,-11.419,-0.037,-1.476,-11.636,-0.000,1.500,0.221
28.27,-11.419,-0.037,-1.476,-11.636,-0.000,1.500,0.221
28.29,-11.433,-0.037,-1.477,-11.647,-0.000,1.500,0.218
28.31,-11.433,-0.037,-1.477,-11.647,-0.000,1.500,0.218
28.33,-11.446,-0.037,-1.478,-11.659,-0.000,1.500,0.217
28.35,-11.446,-0.037,-1.478,-11.659,-0.000,1.500,0.217
28.37,-11.458,-0.037,-1.479,-11.670,-0.000,1.500,0.216
28.39,-11.458,-0.037,-1.479,-11.670,-0.000,1.500,0.216
28.41,-11.471,-0.037,-1.479,-11.682,-0.000,1.500,0.215
28.43,-11.471,-0.037,-1.479,-11.682,-0.000,1.500,0.215
28.45,-11.484,-0.037,-1.480,-11.695,-0.000,1.500,0.215
28.48,-11.484,-0.037,-1.480,-11.695,-0.000,1.500,0.215
28.50,-11.503,-0.037,-1.481,-11.708,-0.000,1.500,0.209
28.52,-11.503,-0.037,-1.481,-11.708,-0.000,1.500,0.209
28.54,-11.517,-0.037,-1.481,-11.722,-0.000,1.500,0.209
28.56,-11.517,-0.037,-1.481,-11.722,-0.000,1.500,0.209
28.58,-11.517,-0.037,-1.481,-11.722,-0.000,1.500,0.209
28.60,-11.537,-0.036,-1.482,-11.743,-0.000,1.500,0.210
28.62,-11.537,-0.036,-1.482,-11.743,-0.000,1.500,0.210
28.64,-11.551,-0.035,-1.482,-11.756,-0.000,1.500,0.209
28.66,-11.551,-0.035,-1.482,-11.756,-0.000,1.500,0.209
28.68,-11.566,-0.035,-1.483,-11.771,-0.000,1.500,0.209
28.70,-11.566,-0.035,-1.483,-11.771,-0.000,1.500,0.209
28.73,-11.581,-0.034,-1.483,-11.786,-0.000,1.500,0.209
28.75,-11.581,-0.034,-1.483,-11.786,-0.000,1.500,0.209
28.77,-11.596,-0.033,-1.484,-11.801,-0.000,1.500,0.208
28.79,-11.596,-0.033,-1.484,-11.801,-0.000,1.500,0.208
28.81,-11.615,-0.031,-1.485,-11.818,-0.000,1.500,0.206
28.83,-11.615,-0.031,-1.485,-11.818,-0.000,1.500,0.206
28.85,-11.631,-0.030,-1.485,-11.834,-0.000,1.500,0.205
28.87,-11.631,-0.030,-1.485,-11.834,-0.000,1.500,0.205
28.89,-11.647,-0.029,-1.486,-11.849,-0.000,1.500,0.205
28.91,-11.647,-0.029,-1.486,-11.849,-0.000,1.500,0.205
28.93,-11.664,-0.028,-1.487,-11.866,-0.000,1.500,0.204
28.95,-11.664,-0.028,-1.487,-11.866,-0.000,1.500,0.204
28.98,-11.681,-0.026,-1.487,-11.874,-0.000,1.500,0.196
29.00,-11.681,-0.026,-1.487,-11.874,-0.000,1.500,0.196
29.02,-11.705,-0.024,-1.488,-11.874,-0.000,1.500,0.171
29.04,-11.705,-0.024,-1.488,-11.874,-0.000,1.500,0.171
29.06,-11.722,-0.023,-1.488,-11.874,-0.000,1.500,0.154
29.08,-11.722,-0.023,-1.488,-11.874,-0.000,1.500,0.154
29.10,-11.722,-0.023,-1.488,-11.874,-0.000,1.500,0.154
29.12,-11.747,-0.021,-1.489,-11.874,-0.000,1.500,0.129
29.14,-11.747,-0.021,-1.489,-11.874,-0.000,1.500,0.129
29.16,-11.765,-0.020,-1.489,-11.874,-0.000,1.500,0.111
29.18,-11.765,-0.020,-1.489,-11.874,-0.000,1.500,0.111
29.20,-11.783,-0.019,-1.490,-11.874,-0.000,1.500,0.093
29.22,-11.783,-0.019,-1.490,-11.874,-0.000,1.500,0.093
29.25,-11.801,-0.018,-1.491,-11.874,-0.000,1.500,0.076
29.27,-11.801,-0.018,-1.491,-11.874,-0.000,1.500,0.076
29.29,-11.818,-0.017,-1.491,-11.874,-0.000,1.500,0.059
29.31,-11.818,-0.017,-1.491,-11.874,-0.000,1.500,0.059
29.33,-11.837,-0.016,-1.492,-11.874,-0.000,1.500,0.041
29.35,-11.837,-0.016,-1.492,-11.874,-0.000,1.500,0.041
29.37,-11.852,-0.015,-1.492,-11.874,-0.000,1.500,0.028
29.39,-11.852,-0.015,-1.492,-11.874,-0.000,1.500,0.028
29.41,-11.865,-0.014,-1.493,-11.874,-0.000,1.500,0.018
29.43,-11.865,-0.014,-1.493,-11.874,-0.000,1.500,0.018
29.45,-11.877,-0.013,-1.493,-11.874,-0.000,1.500,0.015
29.47,-11.877,-0.013,-1.493,-11.874,-0.000,1.500,0.015
29.50,-11.887,-0.012,-1.493,-11.874,-0.000,1.500,0.019
29.52,-11.887,-0.012,-1.493,-11.874,-0.000,1.500,0.019
29.54,-11.900,-0.011,-1.493,-11.874,-0.000,1.500,0.029
29.56,-11.900,-0.011,-1.493,-11.874,-0.000,1.500,0.029
29.58,-11.900,-0.011,-1.493,-11.874,-0.000,1.500,0.029
29.60,-11.909,-0.010,-1.493,-11.874,-0.000,1.500,0.037
29.62,-11.909,-0.010,-1.493,-11.874,-0.000,1.500,0.037
29.64,-11.914,-0.010,-1.492,-11.874,-0.000,1.500,0.042
29.66,-11.914,-0.010,-1.492,-11.874,-0.000,1.500,0.042
29.68,-11.918,-0.009,-1.492,-11.874,-0.000,1.500,0.046
29.70,-11.918,-0.009,-1.492,-11.874,-0.000,1.500,0.046
29.72,-11.921,-0.009,-1.492,-11.874,-0.000,1.500,0.049
29.75,-11.921,-0.009,-1.492,-11.874,-0.000,1.500,0.049
29.77,-11.923,-0.009,-1.492,-11.874,-0.000,1.500,0.050
29.79,-11.923,-0.009,-1.492,-11.874,-0.000,1.500,0.050
29.81,-11.924,-0.009,-1.492,-11.874,-0.000,1.500,0.052
29.83,-11.924,-0.009,-1.492,-11.874,-0.000,1.500,0.052
29.85,-11.925,-0.009,-1.491,-11.874,-0.000,1.500,0.052
29.87,-11.925,-0.009,-1.491,-11.874,-0.000,1.500,0.052
29.89,-11.924,-0.009,-1.491,-11.874,-0.000,1.500,0.052
29.91,-11.924,-0.009,-1.491,-11.874,-0.000,1.500,0.052
29.93,-11.923,-0.010,-1.490,-11.874,-0.000,1.500,0.051
29.95,-11.923,-0.010,-1.490,-11.874,-0.000,1.500,0.051
29.97,-11.922,-0.010,-1.490,-11.874,-0.000,1.500,0.050
30.00,-11.922,-0.010,-1.490,-11.874,-0.000,1.500,0.050
30.02,-11.919,-0.010,-1.489,-11.874,-0.000,1.500,0.048
30.04,-11.919,-0.010,-1.489,-11.874,-0.000,1.500,0.048
30.06,-11.916,-0.010,-1.488,-11.874,-0.000,1.500,0.045
30.08,-11.916,-0.010,-1.488,-11.874,-0.000,1.500,0.045
30.10,-11.916,-0.010,-1.488,-11.874,-0.000,1.500,0.045
30.12,-11.912,-0.010,-1.487,-11.874,-0.000,1.500,0.041
30.14,-11.912,-0.010,-1.487,-11.874,-0.000,1.500,0.041
30.16,-11.908,-0.010,-1.487,-11.874,-0.000,1.500,0.037
30.18,-11.908,-0.010,-1.487,-11.874,-0.000,1.500,0.037
30.20,-11.903,-0.010,-1.486,-11.874,-0.000,1.500,0.034
30.22,-11.903,-0.010,-1.486,-11.874,-0.000,1.500,0.034
30.24,-11.899,-0.010,-1.486,-11.874,-0.000,1.500,0.030
30.27,-11.899,-0.010,-1.486,-11.874,-0.000,1.500,0.030
30.29,-11.894,-0.010,-1.485,-11.874,-0.000,1.500,0.026
30.31,-11.894,-0.010,-1.485,-11.874,-0.000,1.500,0.026
30.33,-11.888,-0.010,-1.485,-11.874,-0.000,1.500,0.022
30.35,-11.888,-0.010,-1.485,-11.874,-0.000,1.500,0.022
30.37,-11.882,-0.010,-1.486,-11.874,-0.000,1.500,0.019
30.39,-11.882,-0.010,-1.486,-11.874,-0.000,1.500,0.019
30.41,-11.877,-0.010,-1.486,-11.874,-0.000,1.500,0.017
30.43,-11.877,-0.010,-1.486,-11.874,-0.000,1.500,0.017
30.45,-11.872,-0.010,-1.486,-11.874,-0.000,1.500,0.017
30.47,-11.872,-0.010,-1.486,-11.874,-0.000,1.500,0.017
30.50,-11.867,-0.010,-1.486,-11.874,-0.000,1.500,0.018
30.52,-11.867,-0.010,-1.486,-11.874,-0.000,1.500,0.018
30.54,-11.859,-0.010,-1.486,-11.874,-0.000,1.500,0.022
30.56,-11.859,-0.010,-1.486,-11.874,-0.000,1.500,0.022
30.58,-11.855,-0.009,-1.486,-11.874,-0.000,1.500,0.025
30.60,-11.855,-0.009,-1.486,-11.874,-0.000,1.500,0.025
30.62,-11.855,-0.009,-1.486,-11.874,-0.000,1.500,0.025
30.64,-11.847,-0.009,-1.486,-11.874,-0.000,1.500,0.032
30.66,-11.847,-0.009,-1.486,-11.874,-0.000,1.500,0.032
30.68,-11.842,-0.009,-1.486,-11.874,-0.000,1.500,0.036
30.70,-11.842,-0.009,-1.486,-11.874,-0.000,1.500,0.036
30.72,-11.838,-0.008,-1.486,-11.874,-0.000,1.500,0.040
30.75,-11.838,-0.008,-1.486,-11.874,-0.000,1.500,0.040
30.77,-11.833,-0.008,-1.486,-11.874,-0.000,1.500,0.044
30.79,-11.833,-0.008,-1.486,-11.874,-0.000,1.500,0.044
30.81,-11.828,-0.007,-1.485,-11.874,-0.000,1.500,0.049
30.83,-11.828,-0.007,-1.485,-11.874,-0.000,1.500,0.049
30.85,-11.823,-0.007,-1.485,-11.874,-0.000,1.500,0.053
30.87,-11.823,-0.007,-1.485,-11.874,-0.000,1.500,0.053
30.89,-11.819,-0.007,-1.484,-11.874,-0.000,1.500,0.057
30.91,-11.819,-0.007,-1.484,-11.874,-0.000,1.500,0.057
30.93,-11.816,-0.007,-1.484,-11.874,-0.000,1.500,0.061
30.95,-11.816,-0.007,-1.484,-11.874,-0.000,1.500,0.061
30.97,-11.812,-0.006,-1.484,-11.874,-0.000,1.500,0.065
30.99,-11.812,-0.006,-1.484,-11.874,-0.000,1.500,0.065
31.02,-11.807,-0.006,-1.483,-11.874,-0.000,1.500,0.069
31.04,-11.807,-0.006,-1.483,-11.874,-0.000,1.500,0.069
31.06,-11.805,-0.006,-1.483,-11.874,-0.000,1.500,0.071
31.08,-11.805,-0.006,-1.483,-11.874,-0.000,1.500,0.071
31.10,-11.805,-0.006,-1.483,-11.874,-0.000,1.500,0.071
31.12,-11.801,-0.006,-1.483,-11.874,-0.000,1.500,0.076
31.14,-11.801,-0.006,-1.483,-11.874,-0.000,1.500,0.076
31.16,-11.798,-0.006,-1.483,-11.874,-0.000,1.500,0.078
31.18,-11.798,-0.006,-1.483,-11.874,-0.000,1.500,0.078
31.20,-11.796,-0.006,-1.482,-11.874,-0.000,1.500,0.080
31.22,-11.796,-0.006,-1.482,-11.874,-0.000,1.500,0.080
31.25,-11.794,-0.006,-1.482,-11.874,-0.000,1.500,0.082
31.27,-11.794,-0.006,-1.482,-11.874,-0.000,1.500,0.082
31.29,-11.792,-0.006,-1.482,-11.874,-0.000,1.500,0.084
31.31,-11.792,-0.006,-1.482,-11.874,-0.000,1.500,0.084
31.33,-11.790,-0.006,-1.482,-11.874,-0.000,1.500,0.086
31.35,-11.790,-0.006,-1.482,-11.874,-0.000,1.500,0.086
31.37,-11.789,-0.006,-1.482,-11.874,-0.000,1.500,0.087
31.39,-11.789,-0.006,-1.482,-11.874,-0.000,1.500,0.087
31.41,-11.788,-0.006,-1.482,-11.874,-0.000,1.500,0.088
31.43,-11.788,-0.006,-1.482,-11.874,-0.000,1.500,0.088
31.45,-11.787,-0.006,-1.482,-11.874,-0.000,1.500,0.089
31.47,-11.787,-0.006,-1.482,-11.874,-0.000,1.500,0.089
31.50,-11.787,-0.006,-1.481,-11.874,-0.000,1.500,0.090
31.52,-11.787,-0.006,-1.481,-11.874,-0.000,1.500,0.090
31.54,-11.786,-0.007,-1.481,-11.874,-0.000,1.500,0.091
31.56,-11.786,-0.007,-1.481,-11.874,-0.000,1.500,0.091
31.58,-11.785,-0.007,-1.481,-11.874,-0.000,1.500,0.091
31.60,-11.785,-0.007,-1.481,-11.874,-0.000,1.500,0.091
31.62,-11.785,-0.007,-1.481,-11.874,-0.000,1.500,0.091
31.64,-11.785,-0.007,-1.480,-11.874,-0.000,1.500,0.092
31.66,-11.785,-0.007,-1.480,-11.874,-0.000,1.500,0.092
31.68,-11.784,-0.008,-1.480,-11.874,-0.000,1.500,0.092
31.70,-11.784,-0.008,-1.480,-11.874,-0.000,1.500,0.092
31.72,-11.784,-0.009,-1.480,-11.874,-0.000,1.500,0.093
31.74,-11.784,-0.009,-1.480,-11.874,-0.000,1.500,0.093
31.76,-11.784,-0.009,-1.480,-11.874,-0.000,1.500,0.093
31.79,-11.784,-0.009,-1.480,-11.874,-0.000,1.500,0.093
31.81,-11.784,-0.010,-1.480,-11.874,-0.000,1.500,0.093
31.83,-11.784,-0.010,-1.480,-11.874,-0.000,1.500,0.093
31.85,-11.784,-0.011,-1.480,-11.874,-0.000,1.500,0.093
31.87,-11.784,-0.011,-1.480,-11.874,-0.000,1.500,0.093
31.89,-11.784,-0.013,-1.480,-11.874,-0.000,1.500,0.093
31.91,-11.784,-0.013,-1.480,-11.874,-0.000,1.500,0.093
31.93,-11.784,-0.014,-1.480,-11.874,-0.000,1.500,0.094
31.95,-11.784,-0.014,-1.480,-11.874,-0.000,1.500,0.094
31.97,-11.784,-0.015,-1.480,-11.874,-0.000,1.500,0.094
31.99,-11.784,-0.015,-1.480,-11.874,-0.000,1.500,0.094
32.01,-11.784,-0.017,-1.480,-11.874,-0.000,1.500,0.094
32.03,-11.784,-0.017,-1.480,-11.874,-0.000,1.500,0.094
32.06,-11.785,-0.019,-1.480,-11.874,-0.000,1.500,0.094
32.08,-11.785,-0.019,-1.480,-11.874,-0.000,1.500,0.094
32.10,-11.785,-0.019,-1.480,-11.874,-0.000,1.500,0.094
32.12,-11.785,-0.021,-1.480,-11.874,-0.000,1.500,0.093
32.14,-11.785,-0.021,-1.480,-11.874,-0.000,1.500,0.093
32.16,-11.786,-0.022,-1.480,-11.874,-0.000,1.500,0.093
32.18,-11.786,-0.022,-1.480,-11.874,-0.000,1.500,0.093
32.20,-11.786,-0.022,-1.480,-11.874,-0.000,1.500,0.093
32.22,-11.786,-0.022,-1.480,-11.874,-0.000,1.500,0.093
32.24,-11.787,-0.023,-1.480,-11.874,-0.000,1.500,0.092
32.26,-11.787,-0.023,-1.480,-11.874,-0.000,1.500,0.092
32.28,-11.787,-0.024,-1.481,-11.874,-0.000,1.500,0.092
32.31,-11.787,-0.024,-1.481,-11.874,-0.000,1.500,0.092
32.33,-11.788,-0.024,-1.482,-11.874,-0.000,1.500,0.092
32.35,-11.788,-0.024,-1.482,-11.874,-0.000,1.500,0.092
32.37,-11.788,-0.025,-1.483,-11.874,-0.000,1.500,0.091
32.39,-11.788,-0.025,-1.483,-11.874,-0.000,1.500,0.091
32.41,-11.788,-0.025,-1.483,-11.874,-0.000,1.500,0.091
32.43,-11.788,-0.025,-1.483,-11.874,-0.000,1.500,0.091
32.45,-11.788,-0.025,-1.484,-11.874,-0.000,1.500,0.091
32.47,-11.788,-0.025,-1.484,-11.874,-0.000,1.500,0.091
32.49,-11.788,-0.024,-1.485,-11.874,-0.000,1.500,0.090
32.51,-11.788,-0.024,-1.485,-11.874,-0.000,1.500,0.090
32.54,-11.789,-0.024,-1.486,-11.874,-0.000,1.500,0.090
32.56,-11.789,-0.024,-1.486,-11.874,-0.000,1.500,0.090
32.58,-11.789,-0.023,-1.487,-11.874,-0.000,1.500,0.089
32.60,-11.789,-0.023,-1.487,-11.874,-0.000,1.500,0.089
32.62,-11.789,-0.023,-1.487,-11.874,-0.000,1.500,0.089
32.64,-11.789,-0.022,-1.488,-11.874,-0.000,1.500,0.088
32.66,-11.789,-0.022,-1.488,-11.874,-0.000,1.500,0.088
32.68,-11.789,-0.021,-1.489,-11.874,-0.000,1.500,0.088
32.70,-11.789,-0.021,-1.489,-11.874,-0.000,1.500,0.088
32.72,-11.789,-0.019,-1.490,-11.874,-0.000,1.500,0.088
32.74,-11.789,-0.019,-1.490,-11.874,-0.000,1.500,0.088
32.76,-11.789,-0.018,-1.491,-11.874,-0.000,1.500,0.087
32.79,-11.789,-0.018,-1.491,-11.874,-0.000,1.500,0.087
32.81,-11.789,-0.017,-1.491,-11.874,-0.000,1.500,0.087
32.83,-11.789,-0.017,-1.491,-11.874,-0.000,1.500,0.087
32.85,-11.789,-0.015,-1.492,-11.874,-0.000,1.500,0.087
32.87,-11.789,-0.015,-1.492,-11.874,-0.000,1.500,0.087
32.89,-11.789,-0.014,-1.493,-11.874,-0.000,1.500,0.086
32.91,-11.789,-0.014,-1.493,-11.874,-0.000,1.500,0.086
32.93,-11.789,-0.012,-1.494,-11.874,-0.000,1.500,0.087
32.95,-11.789,-0.012,-1.494,-11.874,-0.000,1.500,0.087
32.97,-11.788,-0.011,-1.494,-11.874,-0.000,1.500,0.087
32.99,-11.788,-0.011,-1.494,-11.874,-0.000,1.500,0.087
33.01,-11.788,-0.009,-1.495,-11.874,-0.000,1.500,0.087
33.04,-11.788,-0.009,-1.495,-11.874,-0.000,1.500,0.087
33.06,-11.788,-0.007,-1.497,-11.874,-0.000,1.500,0.087
33.08,-11.788,-0.007,-1.497,-11.874,-0.000,1.500,0.087
33.10,-11.787,-0.006,-1.498,-11.874,-0.000,1.500,0.087
33.12,-11.787,-0.006,-1.498,-11.874,-0.000,1.500,0.087
33.14,-11.787,-0.006,-1.498,-11.874,-0.000,1.500,0.087
33.16,-11.787,-0.004,-1.499,-11.874,-0.000,1.500,0.088
33.18,-11.787,-0.004,-1.499,-11.874,-0.000,1.500,0.088
33.20,-11.787,-0.004,-1.500,-11.874,-0.000,1.500,0.088
33.22,-11.787,-0.004,-1.500,-11.874,-0.000,1.500,0.088
33.24,-11.787,-0.003,-1.500,-11.874,-0.000,1.500,0.088
33.26,-11.787,-0.003,-1.500,-11.874,-0.000,1.500,0.088
33.29,-11.787,-0.002,-1.501,-11.874,-0.000,1.500,0.088
33.31,-11.787,-0.002,-1.501,-11.874,-0.000,1.500,0.088
33.33,-11.787,-0.001,-1.501,-11.874,-0.000,1.500,0.087
33.35,-11.787,-0.001,-1.501,-11.874,-0.000,1.500,0.087
33.37,-11.788,-0.000,-1.502,-11.874,-0.000,1.500,0.087
33.39,-11.788,-0.000,-1.502,-11.874,-0.000,1.500,0.087
33.41,-11.788,0.000,-1.502,-11.874,-0.000,1.500,0.086
33.43,-11.788,0.000,-1.502,-11.874,-0.000,1.500,0.086
33.45,-11.789,0.000,-1.502,-11.874,-0.000,1.500,0.085
33.47,-11.789,0.000,-1.502,-11.874,-0.000,1.500,0.085
33.49,-11.790,0.001,-1.503,-11.874,-0.000,1.500,0.084
33.51,-11.790,0.001,-1.503,-11.874,-0.000,1.500,0.084
33.54,-11.791,0.001,-1.503,-11.874,-0.000,1.500,0.084
33.56,-11.791,0.001,-1.503,-11.874,-0.000,1.500,0.084
33.58,-11.792,0.001,-1.503,-11.874,-0.000,1.500,0.082
33.60,-11.792,0.001,-1.503,-11.874,-0.000,1.500,0.082
33.62,-11.792,0.001,-1.503,-11.874,-0.000,1.500,0.082
33.64,-11.793,0.002,-1.502,-11.874,-0.000,1.500,0.081
33.66,-11.793,0.002,-1.502,-11.874,-0.000,1.500,0.081
33.68,-11.794,0.002,-1.502,-11.874,-0.000,1.500,0.081
33.70,-11.794,0.002,-1.502,-11.874,-0.000,1.500,0.081
33.72,-11.794,0.003,-1.502,-11.874,-0.000,1.500,0.080
33.74,-11.794,0.003,-1.502,-11.874,-0.000,1.500,0.080
33.76,-11.795,0.003,-1.502,-11.874,-0.000,1.500,0.079
33.78,-11.795,0.003,-1.502,-11.874,-0.000,1.500,0.079
33.81,-11.796,0.003,-1.502,-11.874,-0.000,1.500,0.079
33.83,-11.796,0.003,-1.502,-11.874,-0.000,1.500,0.079
33.85,-11.796,0.003,-1.502,-11.874,-0.000,1.500,0.078
33.87,-11.796,0.003,-1.502,-11.874,-0.000,1.500,0.078
33.89,-11.797,0.003,-1.502,-11.874,-0.000,1.500,0.077
33.91,-11.797,0.003,-1.502,-11.874,-0.000,1.500,0.077
33.93,-11.797,0.002,-1.501,-11.874,-0.000,1.500,0.077
33.95,-11.797,0.002,-1.501,-11.874,-0.000,1.500,0.077
33.97,-11.798,0.002,-1.501,-11.874,-0.000,1.500,0.076
33.99,-11.798,0.002,-1.501,-11.874,-0.000,1.500,0.076
34.01,-11.799,0.002,-1.501,-11.874,-0.000,1.500,0.076
34.03,-11.799,0.002,-1.501,-11.874,-0.000,1.500,0.076
34.06,-11.799,0.001,-1.501,-11.874,-0.000,1.500,0.075
34.08,-11.799,0.001,-1.501,-11.874,-0.000,1.500,0.075
34.10,-11.800,0.000,-1.501,-11.874,-0.000,1.500,0.074
34.12,-11.800,0.000,-1.501,-11.874,-0.000,1.500,0.074
34.14,-11.800,0.000,-1.501,-11.874,-0.000,1.500,0.074
34.16,-11.801,-0.000,-1.501,-11.874,-0.000,1.500,0.073
34.18,-11.801,-0.000,-1.501,-11.874,-0.000,1.500,0.073
34.20,-11.801,-0.001,-1.501,-11.874,-0.000,1.500,0.073
34.22,-11.801,-0.001,-1.501,-11.874,-0.000,1.500,0.073
34.24,-11.801,-0.001,-1.501,-11.874,-0.000,1.500,0.073
34.26,-11.801,-0.001,-1.501,-11.874,-0.000,1.500,0.073
34.29,-11.802,-0.002,-1.502,-11.874,-0.000,1.500,0.073
34.31,-11.802,-0.002,-1.502,-11.874,-0.000,1.500,0.073
34.33,-11.802,-0.002,-1.502,-11.874,-0.000,1.500,0.072
34.35,-11.802,-0.002,-1.502,-11.874,-0.000,1.500,0.072
34.37,-11.802,-0.003,-1.503,-11.874,-0.000,1.500,0.072
34.39,-11.802,-0.003,-1.503,-11.874,-0.000,1.500,0.072
34.41,-11.802,-0.003,-1.504,-11.874,-0.000,1.500,0.073
34.43,-11.802,-0.003,-1.504,-11.874,-0.000,1.500,0.073
34.45,-11.802,-0.003,-1.505,-11.874,-0.000,1.500,0.073
34.47,-11.802,-0.003,-1.505,-11.874,-0.000,1.500,0.073
34.49,-11.802,-0.004,-1.506,-11.874,-0.000,1.500,0.073
34.51,-11.802,-0.004,-1.506,-11.874,-0.000,1.500,0.073
34.53,-11.802,-0.004,-1.507,-11.874,-0.000,1.500,0.073
34.55,-11.802,-0.004,-1.507,-11.874,-0.000,1.500,0.073
34.58,-11.802,-0.005,-1.508,-11.874,-0.000,1.500,0.073
34.60,-11.802,-0.005,-1.508,-11.874,-0.000,1.500,0.073
34.62,-11.802,-0.005,-1.508,-11.874,-0.000,1.500,0.073
34.64,-11.802,-0.005,-1.510,-11.874,-0.000,1.500,0.073
34.66,-11.802,-0.005,-1.510,-11.874,-0.000,1.500,0.073
34.68,-11.802,-0.006,-1.510,-11.874,-0.000,1.500,0.073
34.70,-11.802,-0.006,-1.510,-11.874,-0.000,1.500,0.073
34.72,-11.803,-0.006,-1.510,-11.874,-0.000,1.500,0.072
34.74,-11.803,-0.006,-1.510,-11.874,-0.000,1.500,0.072
34.76,-11.803,-0.006,-1.511,-11.874,-0.000,1.500,0.072
34.78,-11.803,-0.006,-1.511,-11.874,-0.000,1.500,0.072
34.80,-11.804,-0.007,-1.511,-11.874,-0.000,1.500,0.071
34.82,-11.804,-0.007,-1.511,-11.874,-0.000,1.500,0.071
34.85,-11.805,-0.007,-1.511,-11.874,-0.000,1.500,0.071
34.87,-11.805,-0.007,-1.511,-11.874,-0.000,1.500,0.071
34.89,-11.806,-0.007,-1.511,-11.874,-0.000,1.500,0.070
34.91,-11.806,-0.007,-1.511,-11.874,-0.000,1.500,0.070
34.93,-11.807,-0.007,-1.511,-11.874,-0.000,1.500,0.068
34.95,-11.807,-0.007,-1.511,-11.874,-0.000,1.500,0.068
34.97,-11.808,-0.007,-1.511,-11.874,-0.000,1.500,0.067
34.99,-11.808,-0.007,-1.511,-11.874,-0.000,1.500,0.067
35.01,-11.809,-0.007,-1.510,-11.874,-0.000,1.500,0.066
35.03,-11.809,-0.007,-1.510,-11.874,-0.000,1.500,0.066
35.05,-11.811,-0.007,-1.510,-11.874,-0.000,1.500,0.065
35.07,-11.811,-0.007,-1.510,-11.874,-0.000,1.500,0.065
35.10,-11.812,-0.007,-1.509,-11.874,-0.000,1.500,0.063
35.12,-11.812,-0.007,-1.509,-11.874,-0.000,1.500,0.063
35.14,-11.812,-0.007,-1.509,-11.874,-0.000,1.500,0.063
35.16,-11.814,-0.006,-1.508,-11.874,-0.000,1.500,0.061
35.18,-11.814,-0.006,-1.508,-11.874,-0.000,1.500,0.061
35.20,-11.815,-0.005,-1.508,-11.874,-0.000,1.500,0.060
35.22,-11.815,-0.005,-1.508,-11.874,-0.000,1.500,0.060
35.24,-11.816,-0.004,-1.507,-11.874,-0.000,1.500,0.059
35.26,-11.816,-0.004,-1.507,-11.874,-0.000,1.500,0.059
35.28,-11.817,-0.004,-1.507,-11.874,-0.000,1.500,0.058
35.30,-11.817,-0.004,-1.507,-11.874,-0.000,1.500,0.058
35.32,-11.818,-0.003,-1.506,-11.874,-0.000,1.500,0.057
35.35,-11.818,-0.003,-1.506,-11.874,-0.000,1.500,0.057
35.37,-11.819,-0.002,-1.506,-11.874,-0.000,1.500,0.056
35.39,-11.819,-0.002,-1.506,-11.874,-0.000,1.500,0.056
35.41,-11.819,-0.001,-1.506,-11.874,-0.000,1.500,0.055
35.43,-11.819,-0.001,-1.506,-11.874,-0.000,1.500,0.055
35.45,-11.820,-0.000,-1.506,-11.874,-0.000,1.500,0.054
35.47,-11.820,-0.000,-1.506,-11.874,-0.000,1.500,0.054
35.49,-11.821,0.001,-1.506,-11.874,-0.000,1.500,0.054
35.51,-11.821,0.001,-1.506,-11.874,-0.000,1.500,0.054
35.53,-11.822,0.001,-1.507,-11.874,-0.000,1.500,0.053
35.55,-11.822,0.001,-1.507,-11.874,-0.000,1.500,0.053
35.57,-11.822,0.002,-1.507,-11.874,-0.000,1.500,0.053
35.60,-11.822,0.002,-1.507,-11.874,-0.000,1.500,0.053
35.62,-11.823,0.003,-1.508,-11.874,-0.000,1.500,0.052
35.64,-11.823,0.003,-1.508,-11.874,-0.000,1.500,0.052
35.66,-11.823,0.003,-1.508,-11.874,-0.000,1.500,0.052
35.68,-11.824,0.003,-1.508,-11.874,-0.000,1.500,0.051
35.70,-11.824,0.003,-1.508,-11.874,-0.000,1.500,0.051
35.72,-11.825,0.004,-1.509,-11.874,-0.000,1.500,0.050
35.74,-11.825,0.004,-1.509,-11.874,-0.000,1.500,0.050
35.76,-11.826,0.004,-1.509,-11.874,-0.000,1.500,0.049
35.78,-11.826,0.004,-1.509,-11.874,-0.000,1.500,0.049
35.80,-11.827,0.005,-1.510,-11.874,-0.000,1.500,0.049
35.82,-11.827,0.005,-1.510,-11.874,-0.000,1.500,0.049
35.85,-11.827,0.005,-1.510,-11.874,-0.000,1.500,0.048
35.87,-11.827,0.005,-1.510,-11.874,-0.000,1.500,0.048
35.89,-11.828,0.006,-1.511,-11.874,-0.000,1.500,0.048
35.91,-11.828,0.006,-1.511,-11.874,-0.000,1.500,0.048
35.93,-11.828,0.006,-1.512,-11.874,-0.000,1.500,0.048
35.95,-11.828,0.006,-1.512,-11.874,-0.000,1.500,0.048
35.97,-11.829,0.006,-1.512,-11.874,-0.000,1.500,0.047
35.99,-11.829,0.006,-1.512,-11.874,-0.000,1.500,0.047
36.01,-11.829,0.007,-1.512,-11.874,-0.000,1.500,0.047
36.03,-11.829,0.007,-1.512,-11.874,-0.000,1.500,0.047
36.05,-11.829,0.007,-1.513,-11.874,-0.000,1.500,0.047
36.07,-11.829,0.007,-1.513,-11.874,-0.000,1.500,0.047
36.09,-11.829,0.007,-1.513,-11.874,-0.000,1.500,0.047
36.12,-11.829,0.007,-1.513,-11.874,-0.000,1.500,0.047
36.14,-11.829,0.007,-1.513,-11.874,-0.000,1.500,0.047
36.16,-11.829,0.007,-1.513,-11.874,-0.000,1.500,0.047
36.18,-11.829,0.007,-1.513,-11.874,-0.000,1.500,0.047
36.20,-11.829,0.007,-1.512,-11.874,-0.000,1.500,0.047
36.22,-11.829,0.007,-1.512,-11.874,-0.000,1.500,0.047
36.24,-11.829,0.006,-1.512,-11.874,-0.000,1.500,0.047
36.26,-11.829,0.006,-1.512,-11.874,-0.000,1.500,0.047
36.28,-11.829,0.006,-1.512,-11.874,-0.000,1.500,0.047
36.30,-11.829,0.006,-1.512,-11.874,-0.000,1.500,0.047
36.32,-11.828,0.006,-1.511,-11.874,-0.000,1.500,0.047
36.34,-11.828,0.006,-1.511,-11.874,-0.000,1.500,0.047
36.37,-11.828,0.005,-1.511,-11.874,-0.000,1.500,0.047
36.39,-11.828,0.005,-1.511,-11.874,-0.000,1.500,0.047
36.41,-11.828,0.005,-1.510,-11.874,-0.000,1.500,0.047
36.43,-11.828,0.005,-1.510,-11.874,-0.000,1.500,0.047
36.45,-11.828,0.004,-1.509,-11.874,-0.000,1.500,0.047
36.47,-11.828,0.004,-1.509,-11.874,-0.000,1.500,0.047
36.49,-11.828,0.003,-1.509,-11.874,-0.000,1.500,0.047
36.51,-11.828,0.003,-1.509,-11.874,-0.000,1.500,0.047
36.53,-11.828,0.002,-1.508,-11.874,-0.000,1.500,0.047
36.55,-11.828,0.002,-1.508,-11.874,-0.000,1.500,0.047
36.57,-11.828,0.002,-1.508,-11.874,-0.000,1.500,0.047
36.59,-11.828,0.002,-1.508,-11.874,-0.000,1.500,0.047
36.62,-11.828,0.002,-1.508,-11.874,-0.000,1.500,0.047
36.64,-11.828,0.002,-1.508,-11.874,-0.000,1.500,0.047
36.66,-11.828,0.002,-1.508,-11.874,-0.000,1.500,0.047
36.68,-11.829,0.001,-1.507,-11.874,-0.000,1.500,0.046
36.70,-11.829,0.001,-1.507,-11.874,-0.000,1.500,0.046
36.72,-11.829,0.001,-1.507,-11.874,-0.000,1.500,0.046
36.74,-11.829,0.001,-1.507,-11.874,-0.000,1.500,0.046
36.76,-11.829,0.001,-1.507,-11.874,-0.000,1.500,0.045
36.78,-11.829,0.001,-1.507,-11.874,-0.000,1.500,0.045
36.80,-11.830,0.001,-1.507,-11.874,-0.000,1.500,0.045
36.82,-11.830,0.001,-1.507,-11.874,-0.000,1.500,0.045
36.84,-11.830,0.001,-1.507,-11.874,-0.000,1.500,0.045
36.86,-11.830,0.001,-1.507,-11.874,-0.000,1.500,0.045
36.89,-11.830,0.002,-1.508,-11.874,-0.000,1.500,0.045
36.91,-11.830,0.002,-1.508,-11.874,-0.000,1.500,0.045
36.93,-11.830,0.003,-1.508,-11.874,-0.000,1.500,0.045
36.95,-11.830,0.003,-1.508,-11.874,-0.000,1.500,0.045
36.97,-11.830,0.003,-1.508,-11.874,-0.000,1.500,0.045
36.99,-11.830,0.003,-1.508,-11.874,-0.000,1.500,0.045
37.01,-11.830,0.004,-1.508,-11.874,-0.000,1.500,0.045
37.03,-11.830,0.004,-1.508,-11.874,-0.000,1.500,0.045
37.05,-11.830,0.005,-1.508,-11.874,-0.000,1.500,0.045
37.07,-11.830,0.005,-1.508,-11.874,-0.000,1.500,0.045
37.09,-11.831,0.005,-1.507,-11.874,-0.000,1.500,0.044
37.12,-11.831,0.005,-1.507,-11.874,-0.000,1.500,0.044
37.14,-11.831,0.005,-1.507,-11.874,-0.000,1.500,0.044
37.16,-11.831,0.007,-1.507,-11.874,-0.000,1.500,0.044
37.18,-11.831,0.007,-1.507,-11.874,-0.000,1.500,0.044
37.20,-11.832,0.008,-1.506,-11.874,-0.000,1.500,0.044
37.22,-11.832,0.008,-1.506,-11.874,-0.000,1.500,0.044
37.24,-11.832,0.009,-1.506,-11.874,-0.000,1.500,0.044
37.26,-11.832,0.009,-1.506,-11.874,-0.000,1.500,0.044
37.28,-11.832,0.010,-1.506,-11.874,-0.000,1.500,0.043
37.30,-11.832,0.010,-1.506,-11.874,-0.000,1.500,0.043
37.32,-11.833,0.011,-1.506,-11.874,-0.000,1.500,0.043
37.34,-11.833,0.011,-1.506,-11.874,-0.000,1.500,0.043
37.37,-11.833,0.012,-1.505,-11.874,-0.000,1.500,0.043
37.39,-11.833,0.012,-1.505,-11.874,-0.000,1.500,0.043
37.41,-11.833,0.013,-1.505,-11.874,-0.000,1.500,0.043
37.43,-11.833,0.013,-1.505,-11.874,-0.000,1.500,0.043
37.45,-11.833,0.014,-1.504,-11.874,-0.000,1.500,0.043
37.47,-11.833,0.014,-1.504,-11.874,-0.000,1.500,0.043
37.49,-11.833,0.015,-1.504,-11.874,-0.000,1.500,0.044
37.51,-11.833,0.015,-1.504,-11.874,-0.000,1.500,0.044
37.53,-11.833,0.016,-1.503,-11.874,-0.000,1.500,0.044
37.55,-11.833,0.016,-1.503,-11.874,-0.000,1.500,0.044
37.57,-11.833,0.017,-1.503,-11.874,-0.000,1.500,0.044
37.59,-11.833,0.017,-1.503,-11.874,-0.000,1.500,0.044
37.61,-11.833,0.017,-1.502,-11.874,-0.000,1.500,0.044
37.64,-11.833,0.017,-1.502,-11.874,-0.000,1.500,0.044
37.66,-11.833,0.017,-1.502,-11.874,-0.000,1.500,0.044
37.68,-11.834,0.018,-1.501,-11.874,-0.000,1.500,0.044
37.70,-11.834,0.018,-1.501,-11.874,-0.000,1.500,0.044
37.72,-11.834,0.018,-1.500,-11.874,-0.000,1.500,0.044
37.74,-11.834,0.018,-1.500,-11.874,-0.000,1.500,0.044
37.76,-11.834,0.018,-1.500,-11.874,-0.000,1.500,0.044
37.78,-11.834,0.018,-1.500,-11.874,-0.000,1.500,0.044
37.80,-11.834,0.018,-1.499,-11.874,-0.000,1.500,0.044
37.82,-11.834,0.018,-1.499,-11.874,-0.000,1.500,0.044
37.84,-11.834,0.018,-1.498,-11.874,-0.000,1.500,0.044
37.86,-11.834,0.018,-1.498,-11.874,-0.000,1.500,0.044
37.88,-11.834,0.018,-1.498,-11.874,-0.000,1.500,0.044
37.91,-11.834,0.018,-1.498,-11.874,-0.000,1.500,0.044
37.93,-11.834,0.018,-1.497,-11.874,-0.000,1.500,0.044
37.95,-11.834,0.018,-1.497,-11.874,-0.000,1.500,0.044
37.97,-11.834,0.017,-1.496,-11.874,-0.000,1.500,0.044
37.99,-11.834,0.017,-1.496,-11.874,-0.000,1.500,0.044
38.01,-11.834,0.017,-1.496,-11.874,-0.000,1.500,0.044
38.03,-11.834,0.017,-1.496,-11.874,-0.000,1.500,0.044
38.05,-11.833,0.017,-1.495,-11.874,-0.000,1.500,0.044
38.07,-11.833,0.017,-1.495,-11.874,-0.000,1.500,0.044
38.09,-11.833,0.016,-1.495,-11.874,-0.000,1.500,0.045
38.11,-11.833,0.016,-1.495,-11.874,-0.000,1.500,0.045
38.13,-11.832,0.015,-1.494,-11.874,-0.000,1.500,0.045
38.16,-11.832,0.015,-1.494,-11.874,-0.000,1.500,0.045
38.18,-11.832,0.015,-1.494,-11.874,-0.000,1.500,0.045
38.20,-11.832,0.014,-1.494,-11.874,-0.000,1.500,0.045
38.22,-11.832,0.014,-1.494,-11.874,-0.000,1.500,0.045
38.24,-11.832,0.013,-1.493,-11.874,-0.000,1.500,0.045
38.26,-11.832,0.013,-1.493,-11.874,-0.000,1.500,0.045
38.28,-11.832,0.013,-1.493,-11.874,-0.000,1.500,0.044
38.30,-11.832,0.013,-1.493,-11.874,-0.000,1.500,0.044
38.32,-11.832,0.013,-1.493,-11.874,-0.000,1.500,0.044
38.34,-11.832,0.013,-1.493,-11.874,-0.000,1.500,0.044
38.36,-11.833,0.012,-1.493,-11.874,-0.000,1.500,0.044
38.39,-11.833,0.012,-1.493,-11.874,-0.000,1.500,0.044
38.41,-11.833,0.012,-1.492,-11.874,-0.000,1.500,0.044
38.43,-11.833,0.012,-1.492,-11.874,-0.000,1.500,0.044
38.45,-11.833,0.011,-1.492,-11.874,-0.000,1.500,0.043
38.47,-11.833,0.011,-1.492,-11.874,-0.000,1.500,0.043
38.49,-11.834,0.011,-1.491,-11.874,-0.000,1.500,0.043
38.51,-11.834,0.011,-1.491,-11.874,-0.000,1.500,0.043
38.53,-11.835,0.011,-1.490,-11.874,-0.000,1.500,0.042
38.55,-11.835,0.011,-1.490,-11.874,-0.000,1.500,0.042
38.57,-11.835,0.011,-1.490,-11.874,-0.000,1.500,0.042
38.59,-11.835,0.011,-1.490,-11.874,-0.000,1.500,0.042
38.61,-11.836,0.011,-1.489,-11.874,-0.000,1.500,0.041
38.64,-11.836,0.011,-1.489,-11.874,-0.000,1.500,0.041
38.66,-11.836,0.011,-1.489,-11.874,-0.000,1.500,0.041
38.68,-11.837,0.011,-1.488,-11.874,-0.000,1.500,0.040
38.70,-11.837,0.011,-1.488,-11.874,-0.000,1.500,0.040
38.72,-11.838,0.011,-1.488,-11.874,-0.000,1.500,0.040
38.74,-11.838,0.011,-1.488,-11.874,-0.000,1.500,0.040
38.76,-11.839,0.011,-1.488,-11.874,-0.000,1.500,0.039
38.78,-11.839,0.011,-1.488,-11.874,-0.000,1.500,0.039
38.80,-11.840,0.011,-1.487,-11.874,-0.000,1.500,0.038
38.82,-11.840,0.011,-1.487,-11.874,-0.000,1.500,0.038
38.84,-11.840,0.011,-1.487,-11.874,-0.000,1.500,0.038
38.86,-11.840,0.011,-1.487,-11.874,-0.000,1.500,0.038
38.89,-11.841,0.011,-1.487,-11.874,-0.000,1.500,0.037
38.91,-11.841,0.011,-1.487,-11.874,-0.000,1.500,0.037
38.93,-11.842,0.011,-1.487,-11.874,-0.000,1.500,0.037
38.95,-11.842,0.011,-1.487,-11.874,-0.000,1.500,0.037
38.97,-11.842,0.011,-1.487,-11.874,-0.000,1.500,0.036
38.99,-11.842,0.011,-1.487,-11.874,-0.000,1.500,0.036
39.01,-11.842,0.011,-1.487,-11.874,-0.000,1.500,0.036
39.03,-11.842,0.011,-1.487,-11.874,-0.000,1.500,0.036
39.05,-11.843,0.011,-1.487,-11.874,-0.000,1.500,0.036
39.07,-11.843,0.011,-1.487,-11.874,-0.000,1.500,0.036
39.09,-11.843,0.011,-1.488,-11.874,-0.000,1.500,0.035
39.11,-11.843,0.011,-1.488,-11.874,-0.000,1.500,0.035
39.14,-11.843,0.010,-1.488,-11.874,-0.000,1.500,0.035
39.16,-11.843,0.010,-1.488,-11.874,-0.000,1.500,0.035
39.18,-11.843,0.010,-1.488,-11.874,-0.000,1.500,0.035
39.20,-11.842,0.010,-1.489,-11.874,-0.000,1.500,0.035
39.22,-11.842,0.010,-1.489,-11.874,-0.000,1.500,0.035
39.24,-11.842,0.011,-1.489,-11.874,-0.000,1.500,0.036
39.26,-11.842,0.011,-1.489,-11.874,-0.000,1.500,0.036
39.28,-11.841,0.011,-1.490,-11.874,-0.000,1.500,0.036
39.30,-11.841,0.011,-1.490,-11.874,-0.000,1.500,0.036
39.32,-11.841,0.012,-1.490,-11.874,-0.000,1.500,0.037
39.34,-11.841,0.012,-1.490,-11.874,-0.000,1.500,0.037
39.36,-11.840,0.012,-1.491,-11.874,-0.000,1.500,0.037
39.38,-11.840,0.012,-1.491,-11.874,-0.000,1.500,0.037
39.41,-11.839,0.013,-1.492,-11.874,-0.000,1.500,0.038
39.43,-11.839,0.013,-1.492,-11.874,-0.000,1.500,0.038
39.45,-11.839,0.014,-1.493,-11.874,-0.000,1.500,0.038
39.47,-11.839,0.014,-1.493,-11.874,-0.000,1.500,0.038
39.49,-11.838,0.015,-1.494,-11.874,-0.000,1.500,0.039
39.51,-11.838,0.015,-1.494,-11.874,-0.000,1.500,0.039
39.53,-11.838,0.015,-1.495,-11.874,-0.000,1.500,0.040
39.55,-11.838,0.015,-1.495,-11.874,-0.000,1.500,0.040
39.57,-11.838,0.016,-1.496,-11.874,-0.000,1.500,0.040
39.59,-11.838,0.016,-1.496,-11.874,-0.000,1.500,0.040
39.61,-11.838,0.017,-1.496,-11.874,-0.000,1.500,0.040
39.63,-11.838,0.017,-1.496,-11.874,-0.000,1.500,0.040
39.65,-11.838,0.017,-1.496,-11.874,-0.000,1.500,0.040
39.68,-11.838,0.018,-1.498,-11.874,-0.000,1.500,0.041
39.70,-11.838,0.018,-1.498,-11.874,-0.000,1.500,0.041
39.72,-11.838,0.019,-1.499,-11.874,-0.000,1.500,0.041
39.74,-11.838,0.019,-1.499,-11.874,-0.000,1.500,0.041
39.76,-11.838,0.019,-1.500,-11.874,-0.000,1.500,0.041
39.78,-11.838,0.019,-1.500,-11.874,-0.000,1.500,0.041
39.80,-11.839,0.020,-1.500,-11.874,-0.000,1.500,0.041
39.82,-11.839,0.020,-1.500,-11.874,-0.000,1.500,0.041
39.84,-11.839,0.020,-1.501,-11.874,-0.000,1.500,0.041
39.86,-11.839,0.020,-1.501,-11.874,-0.000,1.500,0.041
39.88,-11.839,0.021,-1.501,-11.874,-0.000,1.500,0.041
39.90,-11.839,0.021,-1.501,-11.874,-0.000,1.500,0.041
39.93,-11.840,0.021,-1.501,-11.874,-0.000,1.500,0.041
39.95,-11.840,0.021,-1.501,-11.874,-0.000,1.500,0.041
39.97,-11.840,0.022,-1.502,-11.874,-0.000,1.500,0.041
39.99,-11.840,0.022,-1.502,-11.874,-0.000,1.500,0.041
40.01,-11.840,0.022,-1.503,-11.874,-0.000,1.500,0.041
40.03,-11.840,0.022,-1.503,-11.874,-0.000,1.500,0.041
40.05,-11.840,0.023,-1.503,-11.874,-0.000,1.500,0.041
40.07,-11.840,0.023,-1.503,-11.874,-0.000,1.500,0.041
40.09,-11.841,0.023,-1.504,-11.874,-0.000,1.500,0.041
40.11,-11.841,0.023,-1.504,-11.874,-0.000,1.500,0.041
40.13,-11.841,0.024,-1.504,-11.874,-0.000,1.500,0.041
40.15,-11.841,0.024,-1.504,-11.874,-0.000,1.500,0.041
40.18,-11.841,0.024,-1.504,-11.874,-0.000,1.500,0.041
40.20,-11.842,0.024,-1.506,-11.874,-0.000,1.500,0.041
40.22,-11.842,0.024,-1.506,-11.874,-0.000,1.500,0.041
40.24,-11.842,0.025,-1.506,-11.874,-0.000,1.500,0.041
40.26,-11.842,0.025,-1.506,-11.874,-0.000,1.500,0.041
40.28,-11.842,0.025,-1.507,-11.874,-0.000,1.500,0.041
40.30,-11.842,0.025,-1.507,-11.874,-0.000,1.500,0.041
40.32,-11.842,0.025,-1.507,-11.874,-0.000,1.500,0.041
40.34,-11.842,0.025,-1.507,-11.874,-0.000,1.500,0.041
40.36,-11.843,0.025,-1.508,-11.874,-0.000,1.500,0.041
40.38,-11.843,0.025,-1.508,-11.874,-0.000,1.500,0.041
40.40,-11.843,0.025,-1.508,-11.874,-0.000,1.500,0.041
40.43,-11.843,0.025,-1.508,-11.874,-0.000,1.500,0.041
40.45,-11.843,0.025,-1.509,-11.874,-0.000,1.500,0.041
40.47,-11.843,0.025,-1.509,-11.874,-0.000,1.500,0.041
40.49,-11.843,0.024,-1.509,-11.874,-0.000,1.500,0.041
40.51,-11.843,0.024,-1.509,-11.874,-0.000,1.500,0.041
40.53,-11.843,0.024,-1.509,-11.874,-0.000,1.500,0.040
40.55,-11.843,0.024,-1.509,-11.874,-0.000,1.500,0.040
40.57,-11.842,0.023,-1.510,-11.874,-0.000,1.500,0.040
40.59,-11.842,0.023,-1.510,-11.874,-0.000,1.500,0.040
40.61,-11.842,0.022,-1.510,-11.874,-0.000,1.500,0.040
40.63,-11.842,0.022,-1.510,-11.874,-0.000,1.500,0.040
40.65,-11.841,0.022,-1.510,-11.874,-0.000,1.500,0.040
40.68,-11.841,0.022,-1.510,-11.874,-0.000,1.500,0.040
40.70,-11.841,0.022,-1.510,-11.874,-0.000,1.500,0.040
40.72,-11.840,0.020,-1.510,-11.874,-0.000,1.500,0.041
40.74,-11.840,0.020,-1.510,-11.874,-0.000,1.500,0.041
40.76,-11.839,0.019,-1.510,-11.874,-0.000,1.500,0.041
40.78,-11.839,0.019,-1.510,-11.874,-0.000,1.500,0.041
40.80,-11.839,0.018,-1.510,-11.874,-0.000,1.500,0.041
40.82,-11.839,0.018,-1.510,-11.874,-0.000,1.500,0.041
40.84,-11.838,0.017,-1.510,-11.874,-0.000,1.500,0.042
40.86,-11.838,0.017,-1.510,-11.874,-0.000,1.500,0.042
40.88,-11.837,0.017,-1.510,-11.874,-0.000,1.500,0.042
40.90,-11.837,0.017,-1.510,-11.874,-0.000,1.500,0.042
40.92,-11.837,0.016,-1.510,-11.874,-0.000,1.500,0.042
40.95,-11.837,0.016,-1.510,-11.874,-0.000,1.500,0.042
40.97,-11.836,0.015,-1.510,-11.874,-0.000,1.500,0.042
40.99,-11.836,0.015,-1.510,-11.874,-0.000,1.500,0.042
41.01,-11.835,0.014,-1.510,-11.874,-0.000,1.500,0.043
41.03,-11.835,0.014,-1.510,-11.874,-0.000,1.500,0.043
41.05,-11.835,0.013,-1.509,-11.874,-0.000,1.500,0.043
41.07,-11.835,0.013,-1.509,-11.874,-0.000,1.500,0.043
41.09,-11.834,0.013,-1.509,-11.874,-0.000,1.500,0.043
41.11,-11.834,0.013,-1.509,-11.874,-0.000,1.500,0.043
41.13,-11.834,0.012,-1.508,-11.874,-0.000,1.500,0.043
41.15,-11.834,0.012,-1.508,-11.874,-0.000,1.500,0.043
41.17,-11.834,0.012,-1.508,-11.874,-0.000,1.500,0.043
41.19,-11.834,0.011,-1.507,-11.874,-0.000,1.500,0.043
41.22,-11.834,0.011,-1.507,-11.874,-0.000,1.500,0.043
41.24,-11.834,0.011,-1.507,-11.874,-0.000,1.500,0.042
41.26,-11.834,0.011,-1.507,-11.874,-0.000,1.500,0.042
41.28,-11.834,0.011,-1.506,-11.874,-0.000,1.500,0.042
41.30,-11.834,0.011,-1.506,-11.874,-0.000,1.500,0.042
41.32,-11.835,0.010,-1.505,-11.874,-0.000,1.500,0.041
41.34,-11.835,0.010,-1.505,-11.874,-0.000,1.500,0.041
41.36,-11.835,0.010,-1.505,-11.874,-0.000,1.500,0.040
41.38,-11.835,0.010,-1.505,-11.874,-0.000,1.500,0.040
41.40,-11.836,0.009,-1.504,-11.874,-0.000,1.500,0.040
41.42,-11.836,0.009,-1.504,-11.874,-0.000,1.500,0.040
41.45,-11.837,0.009,-1.503,-11.874,-0.000,1.500,0.038
41.47,-11.837,0.009,-1.503,-11.874,-0.000,1.500,0.038
41.49,-11.838,0.009,-1.503,-11.874,-0.000,1.500,0.037
41.51,-11.838,0.009,-1.503,-11.874,-0.000,1.500,0.037
41.53,-11.840,0.008,-1.502,-11.874,-0.000,1.500,0.035
41.55,-11.840,0.008,-1.502,-11.874,-0.000,1.500,0.035
41.57,-11.841,0.008,-1.502,-11.874,-0.000,1.500,0.034
41.59,-11.841,0.008,-1.502,-11.874,-0.000,1.500,0.034
41.61,-11.843,0.008,-1.502,-11.874,-0.000,1.500,0.032
41.63,-11.843,0.008,-1.502,-11.874,-0.000,1.500,0.032
41.65,-11.844,0.008,-1.502,-11.874,-0.000,1.500,0.031
41.68,-11.844,0.008,-1.502,-11.874,-0.000,1.500,0.031
41.70,-11.844,0.008,-1.502,-11.874,-0.000,1.500,0.031
41.72,-11.848,0.008,-1.501,-11.874,-0.000,1.500,0.028
41.74,-11.848,0.008,-1.501,-11.874,-0.000,1.500,0.028
41.76,-11.849,0.009,-1.501,-11.874,-0.000,1.500,0.026
41.78,-11.849,0.009,-1.501,-11.874,-0.000,1.500,0.026
41.80,-11.851,0.009,-1.501,-11.874,-0.000,1.500,0.025
41.82,-11.851,0.009,-1.501,-11.874,-0.000,1.500,0.025
41.84,-11.853,0.010,-1.501,-11.874,-0.000,1.500,0.023
41.86,-11.853,0.010,-1.501,-11.874,-0.000,1.500,0.023
41.88,-11.855,0.010,-1.501,-11.874,-0.000,1.500,0.022
41.90,-11.855,0.010,-1.501,-11.874,-0.000,1.500,0.022
41.92,-11.857,0.010,-1.500,-11.874,-0.000,1.500,0.020
41.94,-11.857,0.010,-1.500,-11.874,-0.000,1.500,0.020
41.97,-11.858,0.011,-1.500,-11.874,-0.000,1.500,0.019
41.99,-11.858,0.011,-1.500,-11.874,-0.000,1.500,0.019
42.01,-11.860,0.011,-1.500,-11.874,-0.000,1.500,0.018
42.03,-11.860,0.011,-1.500,-11.874,-0.000,1.500,0.018
42.05,-11.862,0.011,-1.500,-11.874,-0.000,1.500,0.016
42.07,-11.862,0.011,-1.500,-11.874,-0.000,1.500,0.016
42.09,-11.864,0.011,-1.500,-11.874,-0.000,1.500,0.015
42.11,-11.864,0.011,-1.500,-11.874,-0.000,1.500,0.015
42.13,-11.865,0.011,-1.500,-11.874,-0.000,1.500,0.014
42.15,-11.865,0.011,-1.500,-11.874,-0.000,1.500,0.014
42.17,-11.865,0.011,-1.500,-11.874,-0.000,1.500,0.014
42.19,-11.868,0.011,-1.501,-11.874,-0.000,1.500,0.013
42.21,-11.868,0.011,-1.501,-11.874,-0.000,1.500,0.013
42.24,-11.869,0.011,-1.501,-11.874,-0.000,1.500,0.012
42.26,-11.869,0.011,-1.501,-11.874,-0.000,1.500,0.012
42.28,-11.870,0.011,-1.501,-11.874,-0.000,1.500,0.012
42.30,-11.870,0.011,-1.501,-11.874,-0.000,1.500,0.012
42.32,-11.871,0.011,-1.501,-11.874,-0.000,1.500,0.012
42.34,-11.871,0.011,-1.501,-11.874,-0.000,1.500,0.012
42.36,-11.872,0.011,-1.501,-11.874,-0.000,1.500,0.012
42.38,-11.872,0.011,-1.501,-11.874,-0.000,1.500,0.012
42.40,-11.872,0.011,-1.502,-11.874,-0.000,1.500,0.012
42.42,-11.872,0.011,-1.502,-11.874,-0.000,1.500,0.012
42.44,-11.872,0.011,-1.502,-11.874,-0.000,1.500,0.012
42.46,-11.872,0.011,-1.502,-11.874,-0.000,1.500,0.012
42.49,-11.872,0.011,-1.502,-11.874,-0.000,1.500,0.012
42.51,-11.872,0.011,-1.502,-11.874,-0.000,1.500,0.012
42.53,-11.872,0.011,-1.502,-11.874,-0.000,1.500,0.012
42.55,-11.872,0.011,-1.502,-11.874,-0.000,1.500,0.012
42.57,-11.872,0.011,-1.502,-11.874,-0.000,1.500,0.012
42.59,-11.872,0.011,-1.502,-11.874,-0.000,1.500,0.012
42.61,-11.871,0.012,-1.502,-11.874,-0.000,1.500,0.012
42.63,-11.871,0.012,-1.502,-11.874,-0.000,1.500,0.012
42.65,-11.871,0.012,-1.502,-11.874,-0.000,1.500,0.012
42.67,-11.871,0.012,-1.502,-11.874,-0.000,1.500,0.012
42.69,-11.871,0.012,-1.502,-11.874,-0.000,1.500,0.012
42.72,-11.869,0.012,-1.503,-11.874,-0.000,1.500,0.013
42.74,-11.869,0.012,-1.503,-11.874,-0.000,1.500,0.013
42.76,-11.868,0.012,-1.503,-11.874,-0.000,1.500,0.014
42.78,-11.868,0.012,-1.503,-11.874,-0.000,1.500,0.014
42.80,-11.867,0.012,-1.502,-11.874,-0.000,1.500,0.014
42.82,-11.867,0.012,-1.502,-11.874,-0.000,1.500,0.014
42.84,-11.866,0.012,-1.502,-11.874,-0.000,1.500,0.015
42.86,-11.866,0.012,-1.502,-11.874,-0.000,1.500,0.015
42.88,-11.865,0.012,-1.502,-11.874,-0.000,1.500,0.016
42.90,-11.865,0.012,-1.502,-11.874,-0.000,1.500,0.016
42.92,-11.864,0.013,-1.501,-11.874,-0.000,1.500,0.016
42.94,-11.864,0.013,-1.501,-11.874,-0.000,1.500,0.016
42.96,-11.863,0.013,-1.501,-11.874,-0.000,1.500,0.017
42.99,-11.863,0.013,-1.501,-11.874,-0.000,1.500,0.017
43.01,-11.862,0.013,-1.500,-11.874,-0.000,1.500,0.018
43.03,-11.862,0.013,-1.500,-11.874,-0.000,1.500,0.018
43.05,-11.861,0.013,-1.500,-11.874,-0.000,1.500,0.019
43.07,-11.861,0.013,-1.500,-11.874,-0.000,1.500,0.019
43.09,-11.860,0.014,-1.499,-11.874,-0.000,1.500,0.020
43.11,-11.860,0.014,-1.499,-11.874,-0.000,1.500,0.020
43.13,-11.859,0.014,-1.499,-11.874,-0.000,1.500,0.021
43.15,-11.859,0.014,-1.499,-11.874,-0.000,1.500,0.021
43.17,-11.858,0.014,-1.498,-11.874,-0.000,1.500,0.021
43.19,-11.858,0.014,-1.498,-11.874,-0.000,1.500,0.021
43.21,-11.858,0.014,-1.498,-11.874,-0.000,1.500,0.021
43.23,-11.857,0.014,-1.498,-11.874,-0.000,1.500,0.022
43.26,-11.857,0.014,-1.498,-11.874,-0.000,1.500,0.022
43.28,-11.856,0.014,-1.498,-11.874,-0.000,1.500,0.023
43.30,-11.856,0.014,-1.498,-11.874,-0.000,1.500,0.023
43.32,-11.856,0.014,-1.497,-11.874,-0.000,1.500,0.023
43.34,-11.856,0.014,-1.497,-11.874,-0.000,1.500,0.023
43.36,-11.855,0.014,-1.497,-11.874,-0.000,1.500,0.024
43.38,-11.855,0.014,-1.497,-11.874,-0.000,1.500,0.024
43.40,-11.855,0.014,-1.497,-11.874,-0.000,1.500,0.024
43.42,-11.855,0.014,-1.497,-11.874,-0.000,1.500,0.024
43.44,-11.855,0.014,-1.496,-11.874,-0.000,1.500,0.024
43.46,-11.855,0.014,-1.496,-11.874,-0.000,1.500,0.024
43.48,-11.855,0.014,-1.496,-11.874,-0.000,1.500,0.024
43.50,-11.855,0.014,-1.496,-11.874,-0.000,1.500,0.024
43.52,-11.855,0.013,-1.496,-11.874,-0.000,1.500,0.023
43.55,-11.855,0.013,-1.496,-11.874,-0.000,1.500,0.023
43.57,-11.856,0.013,-1.495,-11.874,-0.000,1.500,0.023
43.59,-11.856,0.013,-1.495,-11.874,-0.000,1.500,0.023
43.61,-11.856,0.012,-1.495,-11.874,-0.000,1.500,0.022
43.63,-11.856,0.012,-1.495,-11.874,-0.000,1.500,0.022
43.65,-11.857,0.012,-1.494,-11.874,-0.000,1.500,0.022
43.67,-11.857,0.012,-1.494,-11.874,-0.000,1.500,0.022
43.69,-11.857,0.012,-1.494,-11.874,-0.000,1.500,0.022
43.71,-11.857,0.011,-1.493,-11.874,-0.000,1.500,0.021
43.73,-11.857,0.011,-1.493,-11.874,-0.000,1.500,0.021
43.75,-11.858,0.010,-1.493,-11.874,-0.000,1.500,0.020
43.77,-11.858,0.010,-1.493,-11.874,-0.000,1.500,0.020
43.80,-11.859,0.009,-1.492,-11.874,-0.000,1.500,0.019
43.82,-11.859,0.009,-1.492,-11.874,-0.000,1.500,0.019
43.84,-11.860,0.008,-1.492,-11.874,-0.000,1.500,0.018
43.86,-11.860,0.008,-1.492,-11.874,-0.000,1.500,0.018
43.88,-11.860,0.007,-1.491,-11.874,-0.000,1.500,0.018
43.90,-11.860,0.007,-1.491,-11.874,-0.000,1.500,0.018
43.92,-11.861,0.007,-1.491,-11.874,-0.000,1.500,0.017
43.94,-11.861,0.007,-1.491,-11.874,-0.000,1.500,0.017
43.96,-11.861,0.007,-1.490,-11.874,-0.000,1.500,0.017
43.98,-11.861,0.007,-1.490,-11.874,-0.000,1.500,0.017
44.00,-11.861,0.007,-1.490,-11.874,-0.000,1.500,0.017
44.02,-11.861,0.007,-1.490,-11.874,-0.000,1.500,0.017
44.05,-11.861,0.007,-1.490,-11.874,-0.000,1.500,0.018
44.07,-11.861,0.007,-1.490,-11.874,-0.000,1.500,0.018
44.09,-11.862,0.007,-1.490,-11.874,-0.000,1.500,0.018
44.11,-11.862,0.007,-1.490,-11.874,-0.000,1.500,0.018
44.13,-11.862,0.008,-1.489,-11.874,-0.000,1.500,0.018
44.15,-11.862,0.008,-1.489,-11.874,-0.000,1.500,0.018
44.17,-11.862,0.008,-1.489,-11.874,-0.000,1.500,0.018
44.19,-11.862,0.008,-1.489,-11.874,-0.000,1.500,0.018
44.21,-11.862,0.008,-1.489,-11.874,-0.000,1.500,0.018
44.23,-11.862,0.009,-1.490,-11.874,-0.000,1.500,0.018
44.25,-11.862,0.009,-1.490,-11.874,-0.000,1.500,0.018
44.27,-11.863,0.009,-1.490,-11.874,-0.000,1.500,0.018
44.30,-11.863,0.009,-1.490,-11.874,-0.000,1.500,0.018
44.32,-11.863,0.010,-1.490,-11.874,-0.000,1.500,0.018
44.34,-11.863,0.010,-1.490,-11.874,-0.000,1.500,0.018
44.36,-11.863,0.010,-1.491,-11.874,-0.000,1.500,0.017
44.38,-11.863,0.010,-1.491,-11.874,-0.000,1.500,0.017
44.40,-11.863,0.010,-1.491,-11.874,-0.000,1.500,0.017
44.42,-11.863,0.010,-1.491,-11.874,-0.000,1.500,0.017
44.44,-11.864,0.010,-1.492,-11.874,-0.000,1.500,0.016
44.46,-11.864,0.010,-1.492,-11.874,-0.000,1.500,0.016
44.48,-11.864,0.010,-1.493,-11.874,-0.000,1.500,0.016
44.50,-11.864,0.010,-1.493,-11.874,-0.000,1.500,0.016
44.52,-11.864,0.010,-1.493,-11.874,-0.000,1.500,0.015
44.54,-11.864,0.010,-1.493,-11.874,-0.000,1.500,0.015
44.57,-11.865,0.010,-1.494,-11.874,-0.000,1.500,0.015
44.59,-11.865,0.010,-1.494,-11.874,-0.000,1.500,0.015
44.61,-11.865,0.010,-1.495,-11.874,-0.000,1.500,0.014
44.63,-11.865,0.010,-1.495,-11.874,-0.000,1.500,0.014
44.65,-11.865,0.009,-1.496,-11.874,-0.000,1.500,0.014
44.67,-11.865,0.009,-1.496,-11.874,-0.000,1.500,0.014
44.69,-11.865,0.009,-1.497,-11.874,-0.000,1.500,0.013
44.71,-11.865,0.009,-1.497,-11.874,-0.000,1.500,0.013
44.73,-11.865,0.009,-1.497,-11.874,-0.000,1.500,0.013
44.75,-11.865,0.008,-1.498,-11.874,-0.000,1.500,0.013
44.77,-11.865,0.008,-1.498,-11.874,-0.000,1.500,0.013
44.79,-11.865,0.008,-1.498,-11.874,-0.000,1.500,0.012
44.82,-11.865,0.008,-1.498,-11.874,-0.000,1.500,0.012
44.84,-11.865,0.007,-1.499,-11.874,-0.000,1.500,0.012
44.86,-11.865,0.007,-1.499,-11.874,-0.000,1.500,0.012
44.88,-11.865,0.006,-1.499,-11.874,-0.000,1.500,0.011
44.90,-11.865,0.006,-1.499,-11.874,-0.000,1.500,0.011
44.92,-11.865,0.005,-1.500,-11.874,-0.000,1.500,0.010
44.94,-11.865,0.005,-1.500,-11.874,-0.000,1.500,0.010
44.96,-11.865,0.004,-1.500,-11.874,-0.000,1.500,0.010
44.98,-11.865,0.004,-1.500,-11.874,-0.000,1.500,0.010
45.00,-11.866,0.003,-1.500,-11.874,-0.000,1.500,0.009
45.02,-11.866,0.003,-1.500,-11.874,-0.000,1.500,0.009
45.04,-11.866,0.003,-1.501,-11.874,-0.000,1.500,0.009
45.07,-11.866,0.003,-1.501,-11.874,-0.000,1.500,0.009
45.09,-11.866,0.002,-1.501,-11.874,-0.000,1.500,0.008
45.11,-11.866,0.002,-1.501,-11.874,-0.000,1.500,0.008
45.13,-11.867,0.001,-1.501,-11.874,-0.000,1.500,0.008
45.15,-11.867,0.001,-1.501,-11.874,-0.000,1.500,0.008
45.17,-11.867,0.001,-1.502,-11.874,-0.000,1.500,0.007
45.19,-11.867,0.001,-1.502,-11.874,-0.000,1.500,0.007
45.21,-11.867,0.001,-1.502,-11.874,-0.000,1.500,0.007
45.23,-11.868,0.000,-1.502,-11.874,-0.000,1.500,0.007
45.25,-11.868,0.000,-1.502,-11.874,-0.000,1.500,0.007
45.27,-11.868,-0.000,-1.502,-11.874,-0.000,1.500,0.007
45.29,-11.868,-0.000,-1.502,-11.874,-0.000,1.500,0.007
45.31,-11.868,-0.000,-1.502,-11.874,-0.000,1.500,0.006
45.34,-11.868,-0.000,-1.502,-11.874,-0.000,1.500,0.006
45.36,-11.869,-0.000,-1.502,-11.874,-0.000,1.500,0.006
45.38,-11.869,-0.000,-1.502,-11.874,-0.000,1.500,0.006
45.40,-11.869,-0.001,-1.502,-11.874,-0.000,1.500,0.006
45.42,-11.869,-0.001,-1.502,-11.874,-0.000,1.500,0.006
45.44,-11.869,-0.001,-1.502,-11.874,-0.000,1.500,0.005
45.46,-11.869,-0.001,-1.502,-11.874,-0.000,1.500,0.005
45.48,-11.870,-0.001,-1.502,-11.874,-0.000,1.500,0.005
45.50,-11.870,-0.001,-1.502,-11.874,-0.000,1.500,0.005
45.52,-11.870,-0.001,-1.502,-11.874,-0.000,1.500,0.005
45.54,-11.870,-0.001,-1.502,-11.874,-0.000,1.500,0.005
45.56,-11.870,-0.001,-1.502,-11.874,-0.000,1.500,0.005
45.59,-11.870,-0.001,-1.502,-11.874,-0.000,1.500,0.005
45.61,-11.870,-0.001,-1.502,-11.874,-0.000,1.500,0.005
45.63,-11.870,-0.001,-1.502,-11.874,-0.000,1.500,0.005
45.65,-11.870,-0.000,-1.502,-11.874,-0.000,1.500,0.005
45.67,-11.870,-0.000,-1.502,-11.874,-0.000,1.500,0.005
45.69,-11.870,-0.000,-1.502,-11.874,-0.000,1.500,0.005
45.71,-11.870,-0.000,-1.502,-11.874,-0.000,1.500,0.005
45.73,-11.870,-0.000,-1.502,-11.874,-0.000,1.500,0.005
45.75,-11.869,0.000,-1.502,-11.874,-0.000,1.500,0.005
45.77,-11.869,0.000,-1.502,-11.874,-0.000,1.500,0.005
45.79,-11.869,0.001,-1.501,-11.874,-0.000,1.500,0.005
45.81,-11.869,0.001,-1.501,-11.874,-0.000,1.500,0.005
45.83,-11.869,0.001,-1.501,-11.874,-0.000,1.500,0.006
45.86,-11.869,0.001,-1.501,-11.874,-0.000,1.500,0.006
45.88,-11.868,0.002,-1.501,-11.874,-0.000,1.500,0.006
45.90,-11.868,0.002,-1.501,-11.874,-0.000,1.500,0.006
45.92,-11.868,0.002,-1.501,-11.874,-0.000,1.500,0.007
45.94,-11.868,0.002,-1.501,-11.874,-0.000,1.500,0.007
45.96,-11.867,0.003,-1.501,-11.874,-0.000,1.500,0.007
45.98,-11.867,0.003,-1.501,-11.874,-0.000,1.500,0.007
46.00,-11.867,0.003,-1.500,-11.874,-0.000,1.500,0.008
46.02,-11.867,0.003,-1.500,-11.874,-0.000,1.500,0.008
46.04,-11.866,0.003,-1.500,-11.874,-0.000,1.500,0.009
46.06,-11.866,0.003,-1.500,-11.874,-0.000,1.500,0.009
46.09,-11.865,0.004,-1.500,-11.874,-0.000,1.500,0.010
46.11,-11.865,0.004,-1.500,-11.874,-0.000,1.500,0.010
46.13,-11.864,0.004,-1.499,-11.874,-0.000,1.500,0.011
46.15,-11.864,0.004,-1.499,-11.874,-0.000,1.500,0.011
46.17,-11.863,0.004,-1.499,-11.874,-0.000,1.500,0.012
46.19,-11.863,0.004,-1.499,-11.874,-0.000,1.500,0.012
46.21,-11.863,0.004,-1.499,-11.874,-0.000,1.500,0.012
46.23,-11.862,0.004,-1.498,-11.874,-0.000,1.500,0.013
46.25,-11.862,0.004,-1.498,-11.874,-0.000,1.500,0.013
46.27,-11.860,0.005,-1.497,-11.874,-0.000,1.500,0.015
46.29,-11.860,0.005,-1.497,-11.874,-0.000,1.500,0.015
46.32,-11.859,0.005,-1.496,-11.874,-0.000,1.500,0.016
46.34,-11.859,0.005,-1.496,-11.874,-0.000,1.500,0.016
46.36,-11.858,0.005,-1.496,-11.874,-0.000,1.500,0.017
46.38,-11.858,0.005,-1.496,-11.874,-0.000,1.500,0.017
46.40,-11.857,0.006,-1.495,-11.874,-0.000,1.500,0.018
46.42,-11.857,0.006,-1.495,-11.874,-0.000,1.500,0.018
46.44,-11.857,0.006,-1.495,-11.874,-0.000,1.500,0.019
46.46,-11.857,0.006,-1.495,-11.874,-0.000,1.500,0.019
46.48,-11.856,0.006,-1.494,-11.874,-0.000,1.500,0.020
46.50,-11.856,0.006,-1.494,-11.874,-0.000,1.500,0.020
46.52,-11.855,0.006,-1.494,-11.874,-0.000,1.500,0.021
46.54,-11.855,0.006,-1.494,-11.874,-0.000,1.500,0.021
46.57,-11.855,0.006,-1.493,-11.874,-0.000,1.500,0.021
46.59,-11.855,0.006,-1.493,-11.874,-0.000,1.500,0.021
46.61,-11.855,0.007,-1.493,-11.874,-0.000,1.500,0.021
46.63,-11.855,0.007,-1.493,-11.874,-0.000,1.500,0.021
46.65,-11.855,0.007,-1.492,-11.874,-0.000,1.500,0.022
46.67,-11.855,0.007,-1.492,-11.874,-0.000,1.500,0.022
46.69,-11.855,0.007,-1.492,-11.874,-0.000,1.500,0.022
46.71,-11.855,0.007,-1.492,-11.874,-0.000,1.500,0.022
46.73,-11.855,0.007,-1.492,-11.874,-0.000,1.500,0.022
46.75,-11.855,0.007,-1.492,-11.874,-0.000,1.500,0.022
46.77,-11.855,0.007,-1.492,-11.874,-0.000,1.500,0.022
46.79,-11.855,0.008,-1.491,-11.874,-0.000,1.500,0.022
46.81,-11.855,0.008,-1.491,-11.874,-0.000,1.500,0.022
46.83,-11.856,0.008,-1.491,-11.874,-0.000,1.500,0.022
46.86,-11.856,0.008,-1.491,-11.874,-0.000,1.500,0.022
46.88,-11.856,0.009,-1.491,-11.874,-0.000,1.500,0.022
46.90,-11.856,0.009,-1.491,-11.874,-0.000,1.500,0.022
46.92,-11.856,0.009,-1.491,-11.874,-0.000,1.500,0.022
46.94,-11.856,0.009,-1.491,-11.874,-0.000,1.500,0.022
46.96,-11.856,0.010,-1.491,-11.874,-0.000,1.500,0.022
46.98,-11.856,0.010,-1.491,-11.874,-0.000,1.500,0.022
47.00,-11.857,0.010,-1.492,-11.874,-0.000,1.500,0.022
47.02,-11.857,0.010,-1.492,-11.874,-0.000,1.500,0.022
47.04,-11.857,0.010,-1.492,-11.874,-0.000,1.500,0.022
47.06,-11.857,0.010,-1.492,-11.874,-0.000,1.500,0.022
47.08,-11.857,0.010,-1.492,-11.874,-0.000,1.500,0.021
47.10,-11.857,0.010,-1.492,-11.874,-0.000,1.500,0.021
47.13,-11.858,0.010,-1.493,-11.874,-0.000,1.500,0.021
47.15,-11.858,0.010,-1.493,-11.874,-0.000,1.500,0.021
47.17,-11.858,0.010,-1.493,-11.874,-0.000,1.500,0.020
47.19,-11.858,0.010,-1.493,-11.874,-0.000,1.500,0.020
47.21,-11.858,0.009,-1.494,-11.874,-0.000,1.500,0.020
47.23,-11.858,0.009,-1.494,-11.874,-0.000,1.500,0.020
47.25,-11.858,0.009,-1.494,-11.874,-0.000,1.500,0.020
47.27,-11.858,0.008,-1.496,-11.874,-0.000,1.500,0.019
47.29,-11.858,0.008,-1.496,-11.874,-0.000,1.500,0.019
47.31,-11.858,0.008,-1.496,-11.874,-0.000,1.500,0.019
47.33,-11.858,0.008,-1.496,-11.874,-0.000,1.500,0.019
47.35,-11.857,0.007,-1.497,-11.874,-0.000,1.500,0.018
47.38,-11.857,0.007,-1.497,-11.874,-0.000,1.500,0.018
47.40,-11.857,0.005,-1.498,-11.874,-0.000,1.500,0.018
47.42,-11.857,0.005,-1.498,-11.874,-0.000,1.500,0.018
47.44,-11.857,0.004,-1.499,-11.874,-0.000,1.500,0.018
47.46,-11.857,0.004,-1.499,-11.874,-0.000,1.500,0.018
47.48,-11.856,0.003,-1.499,-11.874,-0.000,1.500,0.018
47.50,-11.856,0.003,-1.499,-11.874,-0.000,1.500,0.018
47.52,-11.856,0.001,-1.500,-11.874,-0.000,1.500,0.018
47.54,-11.856,0.001,-1.500,-11.874,-0.000,1.500,0.018
47.56,-11.856,-0.000,-1.500,-11.874,-0.000,1.500,0.018
47.58,-11.856,-0.000,-1.500,-11.874,-0.000,1.500,0.018
47.60,-11.856,-0.001,-1.500,-11.874,-0.000,1.500,0.018
47.62,-11.856,-0.001,-1.500,-11.874,-0.000,1.500,0.018
47.65,-11.856,-0.003,-1.501,-11.874,-0.000,1.500,0.019
47.67,-11.856,-0.003,-1.501,-11.874,-0.000,1.500,0.019
47.69,-11.856,-0.004,-1.501,-11.874,-0.000,1.500,0.019
47.71,-11.856,-0.004,-1.501,-11.874,-0.000,1.500,0.019
47.73,-11.856,-0.004,-1.501,-11.874,-0.000,1.500,0.019
47.75,-11.856,-0.005,-1.501,-11.874,-0.000,1.500,0.019
47.77,-11.856,-0.005,-1.501,-11.874,-0.000,1.500,0.019
47.79,-11.856,-0.006,-1.500,-11.874,-0.000,1.500,0.019
47.81,-11.856,-0.006,-1.500,-11.874,-0.000,1.500,0.019
47.83,-11.856,-0.006,-1.500,-11.874,-0.000,1.500,0.019
47.85,-11.856,-0.006,-1.500,-11.874,-0.000,1.500,0.019
47.88,-11.857,-0.007,-1.500,-11.874,-0.000,1.500,0.019
47.90,-11.857,-0.007,-1.500,-11.874,-0.000,1.500,0.019
47.92,-11.857,-0.007,-1.499,-11.874,-0.000,1.500,0.019
47.94,-11.857,-0.007,-1.499,-11.874,-0.000,1.500,0.019
47.96,-11.857,-0.007,-1.498,-11.874,-0.000,1.500,0.019
47.98,-11.857,-0.007,-1.498,-11.874,-0.000,1.500,0.019
48.00,-11.857,-0.007,-1.498,-11.874,-0.000,1.500,0.018
48.02,-11.857,-0.007,-1.498,-11.874,-0.000,1.500,0.018
48.04,-11.857,-0.007,-1.497,-11.874,-0.000,1.500,0.018
48.06,-11.857,-0.007,-1.497,-11.874,-0.000,1.500,0.018
48.08,-11.857,-0.006,-1.496,-11.874,-0.000,1.500,0.018
48.11,-11.857,-0.006,-1.496,-11.874,-0.000,1.500,0.018
48.13,-11.857,-0.006,-1.496,-11.874,-0.000,1.500,0.018
48.15,-11.857,-0.006,-1.496,-11.874,-0.000,1.500,0.018
48.17,-11.858,-0.005,-1.495,-11.874,-0.000,1.500,0.018
48.19,-11.858,-0.005,-1.495,-11.874,-0.000,1.500,0.018
48.21,-11.858,-0.005,-1.494,-11.874,-0.000,1.500,0.018
48.23,-11.858,-0.005,-1.494,-11.874,-0.000,1.500,0.018
48.25,-11.858,-0.005,-1.494,-11.874,-0.000,1.500,0.018
48.27,-11.858,-0.004,-1.494,-11.874,-0.000,1.500,0.017
48.29,-11.858,-0.004,-1.494,-11.874,-0.000,1.500,0.017
48.31,-11.859,-0.003,-1.493,-11.874,-0.000,1.500,0.017
48.33,-11.859,-0.003,-1.493,-11.874,-0.000,1.500,0.017
48.35,-11.859,-0.002,-1.493,-11.874,-0.000,1.500,0.017
48.38,-11.859,-0.002,-1.493,-11.874,-0.000,1.500,0.017
48.40,-11.859,-0.001,-1.493,-11.874,-0.000,1.500,0.016
48.42,-11.859,-0.001,-1.493,-11.874,-0.000,1.500,0.016
48.44,-11.860,0.000,-1.493,-11.874,-0.000,1.500,0.016
48.46,-11.860,0.000,-1.493,-11.874,-0.000,1.500,0.016
48.48,-11.860,0.001,-1.493,-11.874,-0.000,1.500,0.016
48.50,-11.860,0.001,-1.493,-11.874,-0.000,1.500,0.016
48.52,-11.860,0.002,-1.493,-11.874,-0.000,1.500,0.016
48.54,-11.860,0.002,-1.493,-11.874,-0.000,1.500,0.016
48.56,-11.860,0.004,-1.493,-11.874,-0.000,1.500,0.016
48.59,-11.860,0.004,-1.493,-11.874,-0.000,1.500,0.016
48.61,-11.861,0.005,-1.493,-11.874,-0.000,1.500,0.016
48.63,-11.861,0.005,-1.493,-11.874,-0.000,1.500,0.016
48.65,-11.861,0.007,-1.493,-11.874,-0.000,1.500,0.016
48.67,-11.861,0.007,-1.493,-11.874,-0.000,1.500,0.016
48.69,-11.862,0.009,-1.494,-11.874,-0.000,1.500,0.016
48.71,-11.862,0.009,-1.494,-11.874,-0.000,1.500,0.016
48.73,-11.862,0.009,-1.494,-11.874,-0.000,1.500,0.016
48.75,-11.863,0.012,-1.495,-11.874,-0.000,1.500,0.017
48.77,-11.863,0.012,-1.495,-11.874,-0.000,1.500,0.017
48.79,-11.864,0.014,-1.495,-11.874,-0.000,1.500,0.018
48.81,-11.864,0.014,-1.495,-11.874,-0.000,1.500,0.018
48.83,-11.864,0.015,-1.496,-11.874,-0.000,1.500,0.019
48.86,-11.864,0.015,-1.496,-11.874,-0.000,1.500,0.019
48.88,-11.865,0.018,-1.496,-11.874,-0.000,1.500,0.020
48.90,-11.865,0.018,-1.496,-11.874,-0.000,1.500,0.020
48.92,-11.866,0.020,-1.497,-11.874,-0.000,1.500,0.021
48.94,-11.866,0.020,-1.497,-11.874,-0.000,1.500,0.021
48.96,-11.867,0.021,-1.498,-11.874,-0.000,1.500,0.023
48.98,-11.867,0.021,-1.498,-11.874,-0.000,1.500,0.023
49.00,-11.868,0.023,-1.498,-11.874,-0.000,1.500,0.024
49.02,-11.868,0.023,-1.498,-11.874,-0.000,1.500,0.024
49.04,-11.868,0.025,-1.499,-11.874,-0.000,1.500,0.025
49.06,-11.868,0.025,-1.499,-11.874,-0.000,1.500,0.025
49.08,-11.869,0.026,-1.500,-11.874,-0.000,1.500,0.027
49.11,-11.869,0.026,-1.500,-11.874,-0.000,1.500,0.027
49.13,-11.870,0.027,-1.501,-11.874,-0.000,1.500,0.028
49.15,-11.870,0.027,-1.501,-11.874,-0.000,1.500,0.028
49.17,-11.870,0.028,-1.502,-11.874,-0.000,1.500,0.029
49.19,-11.870,0.028,-1.502,-11.874,-0.000,1.500,0.029
49.21,-11.871,0.029,-1.503,-11.874,-0.000,1.500,0.029
49.23,-11.871,0.029,-1.503,-11.874,-0.000,1.500,0.029
49.25,-11.871,0.029,-1.503,-11.874,-0.000,1.500,0.029
49.27,-11.872,0.030,-1.504,-11.874,-0.000,1.500,0.030
49.29,-11.872,0.030,-1.504,-11.874,-0.000,1.500,0.030
49.31,-11.872,0.030,-1.505,-11.874,-0.000,1.500,0.030
49.34,-11.872,0.030,-1.505,-11.874,-0.000,1.500,0.030
49.36,-11.873,0.030,-1.506,-11.874,-0.000,1.500,0.030
49.38,-11.873,0.030,-1.506,-11.874,-0.000,1.500,0.030
49.40,-11.874,0.030,-1.506,-11.874,-0.000,1.500,0.030
49.42,-11.874,0.030,-1.506,-11.874,-0.000,1.500,0.030
49.44,-11.875,0.029,-1.506,-11.874,-0.000,1.500,0.030
49.46,-11.875,0.029,-1.506,-11.874,-0.000,1.500,0.030
49.48,-11.876,0.029,-1.506,-11.874,-0.000,1.500,0.030
49.50,-11.876,0.029,-1.506,-11.874,-0.000,1.500,0.030
49.52,-11.877,0.029,-1.506,-11.874,-0.000,1.500,0.030
49.54,-11.877,0.029,-1.506,-11.874,-0.000,1.500,0.030
49.56,-11.878,0.028,-1.506,-11.874,-0.000,1.500,0.029
49.58,-11.878,0.028,-1.506,-11.874,-0.000,1.500,0.029
49.61,-11.879,0.028,-1.506,-11.874,-0.000,1.500,0.029
49.63,-11.879,0.028,-1.506,-11.874,-0.000,1.500,0.029
49.65,-11.880,0.027,-1.505,-11.874,-0.000,1.500,0.029
49.67,-11.880,0.027,-1.505,-11.874,-0.000,1.500,0.029
49.69,-11.881,0.027,-1.505,-11.874,-0.000,1.500,0.028
49.71,-11.881,0.027,-1.505,-11.874,-0.000,1.500,0.028
49.73,-11.882,0.026,-1.505,-11.874,-0.000,1.500,0.028
49.75,-11.882,0.026,-1.505,-11.874,-0.000,1.500,0.028
49.77,-11.882,0.026,-1.505,-11.874,-0.000,1.500,0.028
49.79,-11.883,0.025,-1.505,-11.874,-0.000,1.500,0.027
49.81,-11.883,0.025,-1.505,-11.874,-0.000,1.500,0.027
49.83,-11.883,0.024,-1.505,-11.874,-0.000,1.500,0.026
49.85,-11.883,0.024,-1.505,-11.874,-0.000,1.500,0.026
49.88,-11.883,0.023,-1.505,-11.874,-0.000,1.500,0.026
49.90,-11.883,0.023,-1.505,-11.874,-0.000,1.500,0.026
49.92,-11.884,0.022,-1.505,-11.874,-0.000,1.500,0.025
49.94,-11.884,0.022,-1.505,-11.874,-0.000,1.500,0.025
49.96,-11.884,0.022,-1.505,-11.874,-0.000,1.500,0.024
49.98,-11.884,0.022,-1.505,-11.874,-0.000,1.500,0.024
50.00,-11.884,0.021,-1.505,-11.874,-0.000,1.500,0.024
50.02,-11.884,0.021,-1.505,-11.874,-0.000,1.500,0.024
50.04,-11.885,0.020,-1.506,-11.874,-0.000,1.500,0.023
50.06,-11.885,0.020,-1.506,-11.874,-0.000,1.500,0.023
50.08,-11.885,0.019,-1.506,-11.874,-0.000,1.500,0.023
50.10,-11.885,0.019,-1.506,-11.874,-0.000,1.500,0.023
50.13,-11.885,0.018,-1.506,-11.874,-0.000,1.500,0.022
50.15,-11.885,0.018,-1.506,-11.874,-0.000,1.500,0.022
50.17,-11.886,0.017,-1.506,-11.874,-0.000,1.500,0.022
50.19,-11.886,0.017,-1.506,-11.874,-0.000,1.500,0.022
50.21,-11.886,0.016,-1.506,-11.874,-0.000,1.500,0.021
50.23,-11.886,0.016,-1.506,-11.874,-0.000,1.500,0.021
50.25,-11.886,0.016,-1.506,-11.874,-0.000,1.500,0.021
50.27,-11.887,0.015,-1.506,-11.874,-0.000,1.500,0.020
50.29,-11.887,0.015,-1.506,-11.874,-0.000,1.500,0.020
50.31,-11.887,0.014,-1.506,-11.874,-0.000,1.500,0.020
50.33,-11.887,0.014,-1.506,-11.874,-0.000,1.500,0.020
50.35,-11.887,0.012,-1.507,-11.874,-0.000,1.500,0.019
50.37,-11.887,0.012,-1.507,-11.874,-0.000,1.500,0.019
50.40,-11.887,0.012,-1.507,-11.874,-0.000,1.500,0.019
50.42,-11.887,0.012,-1.507,-11.874,-0.000,1.500,0.019
50.44,-11.888,0.010,-1.507,-11.874,-0.000,1.500,0.018
50.46,-11.888,0.010,-1.507,-11.874,-0.000,1.500,0.018
50.48,-11.888,0.010,-1.506,-11.874,-0.000,1.500,0.018
50.50,-11.888,0.010,-1.506,-11.874,-0.000,1.500,0.018
50.52,-11.887,0.009,-1.506,-11.874,-0.000,1.500,0.017
50.54,-11.887,0.009,-1.506,-11.874,-0.000,1.500,0.017
50.56,-11.887,0.008,-1.506,-11.874,-0.000,1.500,0.016
50.58,-11.887,0.008,-1.506,-11.874,-0.000,1.500,0.016
50.60,-11.887,0.007,-1.506,-11.874,-0.000,1.500,0.016
50.63,-11.887,0.007,-1.506,-11.874,-0.000,1.500,0.016
50.65,-11.886,0.006,-1.506,-11.874,-0.000,1.500,0.015
50.67,-11.886,0.006,-1.506,-11.874,-0.000,1.500,0.015
50.69,-11.885,0.005,-1.506,-11.874,-0.000,1.500,0.014
50.71,-11.885,0.005,-1.506,-11.874,-0.000,1.500,0.014
50.73,-11.885,0.004,-1.505,-11.874,-0.000,1.500,0.013
50.75,-11.885,0.004,-1.505,-11.874,-0.000,1.500,0.013
50.77,-11.885,0.004,-1.505,-11.874,-0.000,1.500,0.013
50.79,-11.884,0.002,-1.505,-11.874,-0.000,1.500,0.011
50.81,-11.884,0.002,-1.505,-11.874,-0.000,1.500,0.011
50.83,-11.883,0.001,-1.505,-11.874,-0.000,1.500,0.011
50.85,-11.883,0.001,-1.505,-11.874,-0.000,1.500,0.011
50.87,-11.883,0.001,-1.505,-11.874,-0.000,1.500,0.010
50.90,-11.883,0.001,-1.505,-11.874,-0.000,1.500,0.010
50.92,-11.882,-0.001,-1.505,-11.874,-0.000,1.500,0.009
50.94,-11.882,-0.001,-1.505,-11.874,-0.000,1.500,0.009
50.96,-11.881,-0.001,-1.505,-11.874,-0.000,1.500,0.009
50.98,-11.881,-0.001,-1.505,-11.874,-0.000,1.500,0.009
51.00,-11.880,-0.002,-1.505,-11.874,-0.000,1.500,0.008
51.02,-11.880,-0.002,-1.505,-11.874,-0.000,1.500,0.008
51.04,-11.879,-0.003,-1.505,-11.874,-0.000,1.500,0.008
51.06,-11.879,-0.003,-1.505,-11.874,-0.000,1.500,0.008
51.08,-11.879,-0.003,-1.505,-11.874,-0.000,1.500,0.007
51.10,-11.879,-0.003,-1.505,-11.874,-0.000,1.500,0.007
51.12,-11.878,-0.003,-1.505,-11.874,-0.000,1.500,0.007
51.15,-11.878,-0.003,-1.505,-11.874,-0.000,1.500,0.007
51.17,-11.877,-0.004,-1.504,-11.874,-0.000,1.500,0.007
51.19,-11.877,-0.004,-1.504,-11.874,-0.000,1.500,0.007
51.21,-11.877,-0.004,-1.504,-11.874,-0.000,1.500,0.006
51.23,-11.877,-0.004,-1.504,-11.874,-0.000,1.500,0.006
51.25,-11.877,-0.004,-1.504,-11.874,-0.000,1.500,0.006
51.27,-11.875,-0.004,-1.504,-11.874,-0.000,1.500,0.006
51.29,-11.875,-0.004,-1.504,-11.874,-0.000,1.500,0.006
51.31,-11.875,-0.003,-1.504,-11.874,-0.000,1.500,0.005
51.33,-11.875,-0.003,-1.504,-11.874,-0.000,1.500,0.005
51.35,-11.874,-0.003,-1.504,-11.874,-0.000,1.500,0.005
51.37,-11.874,-0.003,-1.504,-11.874,-0.000,1.500,0.005
51.39,-11.873,-0.003,-1.504,-11.874,-0.000,1.500,0.005
51.41,-11.873,-0.003,-1.504,-11.874,-0.000,1.500,0.005
51.44,-11.873,-0.003,-1.503,-11.874,-0.000,1.500,0.005
51.46,-11.873,-0.003,-1.503,-11.874,-0.000,1.500,0.005
51.48,-11.872,-0.003,-1.503,-11.874,-0.000,1.500,0.005
51.50,-11.872,-0.003,-1.503,-11.874,-0.000,1.500,0.005
51.52,-11.872,-0.003,-1.503,-11.874,-0.000,1.500,0.005
51.54,-11.872,-0.003,-1.503,-11.874,-0.000,1.500,0.005
51.56,-11.872,-0.004,-1.503,-11.874,-0.000,1.500,0.005
51.58,-11.872,-0.004,-1.503,-11.874,-0.000,1.500,0.005
51.60,-11.871,-0.004,-1.502,-11.874,-0.000,1.500,0.005
51.62,-11.871,-0.004,-1.502,-11.874,-0.000,1.500,0.005
51.64,-11.871,-0.004,-1.502,-11.874,-0.000,1.500,0.005
51.67,-11.871,-0.004,-1.502,-11.874,-0.000,1.500,0.005
51.69,-11.872,-0.004,-1.502,-11.874,-0.000,1.500,0.005
51.71,-11.872,-0.004,-1.502,-11.874,-0.000,1.500,0.005
51.73,-11.872,-0.004,-1.502,-11.874,-0.000,1.500,0.005
51.75,-11.872,-0.004,-1.502,-11.874,-0.000,1.500,0.005
51.77,-11.872,-0.004,-1.502,-11.874,-0.000,1.500,0.005
51.79,-11.872,-0.004,-1.501,-11.874,-0.000,1.500,0.005
51.81,-11.872,-0.004,-1.501,-11.874,-0.000,1.500,0.005
51.83,-11.872,-0.004,-1.501,-11.874,-0.000,1.500,0.004
51.85,-11.872,-0.004,-1.501,-11.874,-0.000,1.500,0.004
51.87,-11.873,-0.004,-1.501,-11.874,-0.000,1.500,0.004
51.89,-11.873,-0.004,-1.501,-11.874,-0.000,1.500,0.004
51.92,-11.873,-0.004,-1.500,-11.874,-0.000,1.500,0.004
51.94,-11.873,-0.004,-1.500,-11.874,-0.000,1.500,0.004
51.96,-11.873,-0.004,-1.500,-11.874,-0.000,1.500,0.004
51.98,-11.873,-0.004,-1.500,-11.874,-0.000,1.500,0.004
52.00,-11.874,-0.005,-1.500,-11.874,-0.000,1.500,0.005
52.02,-11.874,-0.005,-1.500,-11.874,-0.000,1.500,0.005
52.04,-11.874,-0.005,-1.500,-11.874,-0.000,1.500,0.005
52.06,-11.874,-0.005,-1.500,-11.874,-0.000,1.500,0.005
52.08,-11.874,-0.005,-1.500,-11.874,-0.000,1.500,0.005
52.10,-11.874,-0.005,-1.500,-11.874,-0.000,1.500,0.005
52.12,-11.874,-0.006,-1.501,-11.874,-0.000,1.500,0.006
52.15,-11.874,-0.006,-1.501,-11.874,-0.000,1.500,0.006
52.17,-11.874,-0.006,-1.501,-11.874,-0.000,1.500,0.006
52.19,-11.874,-0.006,-1.501,-11.874,-0.000,1.500,0.006
52.21,-11.874,-0.006,-1.502,-11.874,-0.000,1.500,0.007
52.23,-11.874,-0.006,-1.502,-11.874,-0.000,1.500,0.007
52.25,-11.874,-0.007,-1.502,-11.874,-0.000,1.500,0.007
52.27,-11.874,-0.007,-1.502,-11.874,-0.000,1.500,0.007
52.29,-11.874,-0.007,-1.502,-11.874,-0.000,1.500,0.007
52.31,-11.874,-0.007,-1.503,-11.874,-0.000,1.500,0.008
52.33,-11.874,-0.007,-1.503,-11.874,-0.000,1.500,0.008
52.35,-11.875,-0.007,-1.504,-11.874,-0.000,1.500,0.008
52.37,-11.875,-0.007,-1.504,-11.874,-0.000,1.500,0.008
52.40,-11.875,-0.007,-1.505,-11.874,-0.000,1.500,0.008
52.42,-11.875,-0.007,-1.505,-11.874,-0.000,1.500,0.008
52.44,-11.875,-0.006,-1.506,-11.874,-0.000,1.500,0.009
52.46,-11.875,-0.006,-1.506,-11.874,-0.000,1.500,0.009
52.48,-11.875,-0.006,-1.507,-11.874,-0.000,1.500,0.009
52.50,-11.875,-0.006,-1.507,-11.874,-0.000,1.500,0.009
52.52,-11.875,-0.005,-1.509,-11.874,-0.000,1.500,0.010
52.54,-11.875,-0.005,-1.509,-11.874,-0.000,1.500,0.010
52.56,-11.875,-0.004,-1.510,-11.874,-0.000,1.500,0.011
52.58,-11.875,-0.004,-1.510,-11.874,-0.000,1.500,0.011
52.60,-11.875,-0.003,-1.511,-11.874,-0.000,1.500,0.012
52.63,-11.875,-0.003,-1.511,-11.874,-0.000,1.500,0.012
52.65,-11.874,-0.003,-1.513,-11.874,-0.000,1.500,0.013
52.67,-11.874,-0.003,-1.513,-11.874,-0.000,1.500,0.013
52.69,-11.874,-0.002,-1.514,-11.874,-0.000,1.500,0.014
52.71,-11.874,-0.002,-1.514,-11.874,-0.000,1.500,0.014
52.73,-11.874,-0.001,-1.515,-11.874,-0.000,1.500,0.015
52.75,-11.874,-0.001,-1.515,-11.874,-0.000,1.500,0.015
52.77,-11.874,-0.001,-1.515,-11.874,-0.000,1.500,0.015
52.79,-11.873,0.001,-1.517,-11.874,-0.000,1.500,0.017
52.81,-11.873,0.001,-1.517,-11.874,-0.000,1.500,0.017
52.83,-11.872,0.002,-1.517,-11.874,-0.000,1.500,0.018
52.85,-11.872,0.002,-1.517,-11.874,-0.000,1.500,0.018
52.87,-11.872,0.003,-1.517,-11.874,-0.000,1.500,0.018
52.90,-11.872,0.003,-1.517,-11.874,-0.000,1.500,0.018
52.92,-11.871,0.005,-1.517,-11.874,-0.000,1.500,0.018
52.94,-11.871,0.005,-1.517,-11.874,-0.000,1.500,0.018
52.96,-11.871,0.006,-1.517,-11.874,-0.000,1.500,0.019
52.98,-11.871,0.006,-1.517,-11.874,-0.000,1.500,0.019
53.00,-11.870,0.007,-1.517,-11.874,-0.000,1.500,0.019
53.02,-11.870,0.007,-1.517,-11.874,-0.000,1.500,0.019
53.04,-11.869,0.009,-1.516,-11.874,-0.000,1.500,0.019
53.06,-11.869,0.009,-1.516,-11.874,-0.000,1.500,0.019
53.08,-11.869,0.010,-1.515,-11.874,-0.000,1.500,0.019
53.10,-11.869,0.010,-1.515,-11.874,-0.000,1.500,0.019
53.12,-11.868,0.011,-1.515,-11.874,-0.000,1.500,0.019
53.15,-11.868,0.011,-1.515,-11.874,-0.000,1.500,0.019
53.17,-11.867,0.012,-1.514,-11.874,-0.000,1.500,0.020
53.19,-11.867,0.012,-1.514,-11.874,-0.000,1.500,0.020
53.21,-11.867,0.013,-1.513,-11.874,-0.000,1.500,0.020
53.23,-11.867,0.013,-1.513,-11.874,-0.000,1.500,0.020
53.25,-11.866,0.013,-1.512,-11.874,-0.000,1.500,0.020
53.27,-11.866,0.013,-1.512,-11.874,-0.000,1.500,0.020
53.29,-11.866,0.013,-1.512,-11.874,-0.000,1.500,0.020
53.31,-11.866,0.014,-1.511,-11.874,-0.000,1.500,0.020
53.33,-11.866,0.014,-1.511,-11.874,-0.000,1.500,0.020
53.35,-11.866,0.015,-1.511,-11.874,-0.000,1.500,0.020
53.37,-11.866,0.015,-1.511,-11.874,-0.000,1.500,0.020
53.40,-11.866,0.015,-1.510,-11.874,-0.000,1.500,0.020
53.42,-11.866,0.015,-1.510,-11.874,-0.000,1.500,0.020
53.44,-11.865,0.015,-1.510,-11.874,-0.000,1.500,0.020
53.46,-11.865,0.015,-1.510,-11.874,-0.000,1.500,0.020
53.48,-11.865,0.015,-1.510,-11.874,-0.000,1.500,0.021
53.50,-11.865,0.015,-1.510,-11.874,-0.000,1.500,0.021
53.52,-11.865,0.016,-1.510,-11.874,-0.000,1.500,0.021
53.54,-11.865,0.016,-1.510,-11.874,-0.000,1.500,0.021
53.56,-11.864,0.016,-1.509,-11.874,-0.000,1.500,0.021
53.58,-11.864,0.016,-1.509,-11.874,-0.000,1.500,0.021
53.60,-11.864,0.016,-1.509,-11.874,-0.000,1.500,0.021
53.62,-11.864,0.016,-1.509,-11.874,-0.000,1.500,0.021
53.65,-11.863,0.016,-1.509,-11.874,-0.000,1.500,0.021
53.67,-11.863,0.016,-1.509,-11.874,-0.000,1.500,0.021
53.69,-11.863,0.016,-1.509,-11.874,-0.000,1.500,0.021
53.71,-11.863,0.016,-1.509,-11.874,-0.000,1.500,0.021
53.73,-11.863,0.015,-1.509,-11.874,-0.000,1.500,0.021
53.75,-11.863,0.015,-1.509,-11.874,-0.000,1.500,0.021
53.77,-11.863,0.015,-1.509,-11.874,-0.000,1.500,0.021
53.79,-11.863,0.015,-1.508,-11.874,-0.000,1.500,0.020
53.81,-11.863,0.015,-1.508,-11.874,-0.000,1.500,0.020
53.83,-11.864,0.014,-1.508,-11.874,-0.000,1.500,0.020
53.85,-11.864,0.014,-1.508,-11.874,-0.000,1.500,0.020
53.88,-11.864,0.014,-1.508,-11.874,-0.000,1.500,0.019
53.90,-11.864,0.014,-1.508,-11.874,-0.000,1.500,0.019
53.92,-11.864,0.013,-1.508,-11.874,-0.000,1.500,0.018
53.94,-11.864,0.013,-1.508,-11.874,-0.000,1.500,0.018
53.96,-11.864,0.012,-1.508,-11.874,-0.000,1.500,0.018
53.98,-11.864,0.012,-1.508,-11.874,-0.000,1.500,0.018
54.00,-11.864,0.011,-1.509,-11.874,-0.000,1.500,0.017
54.02,-11.864,0.011,-1.509,-11.874,-0.000,1.500,0.017
54.04,-11.864,0.010,-1.509,-11.874,-0.000,1.500,0.017
54.06,-11.864,0.010,-1.509,-11.874,-0.000,1.500,0.017
54.08,-11.864,0.009,-1.509,-11.874,-0.000,1.500,0.016
54.10,-11.864,0.009,-1.509,-11.874,-0.000,1.500,0.016
54.13,-11.864,0.007,-1.509,-11.874,-0.000,1.500,0.015
54.15,-11.864,0.007,-1.509,-11.874,-0.000,1.500,0.015
54.17,-11.864,0.006,-1.509,-11.874,-0.000,1.500,0.015
54.19,-11.864,0.006,-1.509,-11.874,-0.000,1.500,0.015
54.21,-11.864,0.004,-1.509,-11.874,-0.000,1.500,0.015
54.23,-11.864,0.004,-1.509,-11.874,-0.000,1.500,0.015
54.25,-11.864,0.003,-1.509,-11.874,-0.000,1.500,0.014
54.27,-11.864,0.003,-1.509,-11.874,-0.000,1.500,0.014
54.29,-11.864,0.003,-1.509,-11.874,-0.000,1.500,0.014
54.31,-11.864,0.001,-1.509,-11.874,-0.000,1.500,0.014
54.33,-11.864,0.001,-1.509,-11.874,-0.000,1.500,0.014
54.35,-11.863,-0.001,-1.509,-11.874,-0.000,1.500,0.014
54.38,-11.863,-0.001,-1.509,-11.874,-0.000,1.500,0.014
54.40,-11.863,-0.003,-1.509,-11.874,-0.000,1.500,0.015
54.42,-11.863,-0.003,-1.509,-11.874,-0.000,1.500,0.015
54.44,-11.863,-0.004,-1.509,-11.874,-0.000,1.500,0.015
54.46,-11.863,-0.004,-1.509,-11.874,-0.000,1.500,0.015
54.48,-11.862,-0.006,-1.509,-11.874,-0.000,1.500,0.016
54.50,-11.862,-0.006,-1.509,-11.874,-0.000,1.500,0.016
54.52,-11.861,-0.007,-1.508,-11.874,-0.000,1.500,0.017
54.54,-11.861,-0.007,-1.508,-11.874,-0.000,1.500,0.017
54.56,-11.861,-0.008,-1.508,-11.874,-0.000,1.500,0.018
54.58,-11.861,-0.008,-1.508,-11.874,-0.000,1.500,0.018
54.60,-11.860,-0.010,-1.508,-11.874,-0.000,1.500,0.019
54.63,-11.860,-0.010,-1.508,-11.874,-0.000,1.500,0.019
54.65,-11.859,-0.011,-1.508,-11.874,-0.000,1.500,0.020
54.67,-11.859,-0.011,-1.508,-11.874,-0.000,1.500,0.020
54.69,-11.858,-0.012,-1.508,-11.874,-0.000,1.500,0.022
54.71,-11.858,-0.012,-1.508,-11.874,-0.000,1.500,0.022
54.73,-11.857,-0.012,-1.508,-11.874,-0.000,1.500,0.022
54.75,-11.857,-0.012,-1.508,-11.874,-0.000,1.500,0.022
54.77,-11.857,-0.013,-1.508,-11.874,-0.000,1.500,0.023
54.79,-11.857,-0.013,-1.508,-11.874,-0.000,1.500,0.023
54.81,-11.857,-0.013,-1.508,-11.874,-0.000,1.500,0.023
54.83,-11.856,-0.013,-1.508,-11.874,-0.000,1.500,0.024
54.85,-11.856,-0.013,-1.508,-11.874,-0.000,1.500,0.024
54.88,-11.855,-0.013,-1.508,-11.874,-0.000,1.500,0.024
54.90,-11.855,-0.013,-1.508,-11.874,-0.000,1.500,0.024
54.92,-11.855,-0.013,-1.508,-11.874,-0.000,1.500,0.024
54.94,-11.855,-0.013,-1.508,-11.874,-0.000,1.500,0.024
54.96,-11.855,-0.013,-1.507,-11.874,-0.000,1.500,0.024
54.98,-11.855,-0.013,-1.507,-11.874,-0.000,1.500,0.024
55.00,-11.855,-0.013,-1.507,-11.874,-0.000,1.500,0.024
55.02,-11.855,-0.013,-1.507,-11.874,-0.000,1.500,0.024
55.04,-11.855,-0.012,-1.507,-11.874,-0.000,1.500,0.024
55.06,-11.855,-0.012,-1.507,-11.874,-0.000,1.500,0.024
55.08,-11.855,-0.011,-1.507,-11.874,-0.000,1.500,0.023
55.11,-11.855,-0.011,-1.507,-11.874,-0.000,1.500,0.023
55.13,-11.856,-0.011,-1.508,-11.874,-0.000,1.500,0.023
55.15,-11.856,-0.011,-1.508,-11.874,-0.000,1.500,0.023
55.17,-11.856,-0.010,-1.508,-11.874,-0.000,1.500,0.022
55.19,-11.856,-0.010,-1.508,-11.874,-0.000,1.500,0.022
55.21,-11.856,-0.008,-1.508,-11.874,-0.000,1.500,0.022
55.23,-11.856,-0.008,-1.508,-11.874,-0.000,1.500,0.022
55.25,-11.856,-0.007,-1.509,-11.874,-0.000,1.500,0.022
55.27,-11.856,-0.007,-1.509,-11.874,-0.000,1.500,0.022
55.29,-11.856,-0.007,-1.509,-11.874,-0.000,1.500,0.022
55.31,-11.856,-0.005,-1.509,-11.874,-0.000,1.500,0.021
55.33,-11.856,-0.005,-1.509,-11.874,-0.000,1.500,0.021
55.35,-11.856,-0.004,-1.509,-11.874,-0.000,1.500,0.021
55.38,-11.856,-0.004,-1.509,-11.874,-0.000,1.500,0.021
55.40,-11.856,-0.002,-1.510,-11.874,-0.000,1.500,0.021
55.42,-11.856,-0.002,-1.510,-11.874,-0.000,1.500,0.021
55.44,-11.856,-0.000,-1.510,-11.874,-0.000,1.500,0.021
55.46,-11.856,-0.000,-1.510,-11.874,-0.000,1.500,0.021
55.48,-11.856,0.001,-1.510,-11.874,-0.000,1.500,0.021
55.50,-11.856,0.001,-1.510,-11.874,-0.000,1.500,0.021
55.52,-11.856,0.003,-1.510,-11.874,-0.000,1.500,0.021
55.54,-11.856,0.003,-1.510,-11.874,-0.000,1.500,0.021
55.56,-11.856,0.004,-1.510,-11.874,-0.000,1.500,0.021
55.58,-11.856,0.004,-1.510,-11.874,-0.000,1.500,0.021
55.61,-11.856,0.006,-1.510,-11.874,-0.000,1.500,0.021
55.63,-11.856,0.006,-1.510,-11.874,-0.000,1.500,0.021
55.65,-11.857,0.007,-1.509,-11.874,-0.000,1.500,0.021
55.67,-11.857,0.007,-1.509,-11.874,-0.000,1.500,0.021
55.69,-11.857,0.009,-1.509,-11.874,-0.000,1.500,0.022
55.71,-11.857,0.009,-1.509,-11.874,-0.000,1.500,0.022
55.73,-11.857,0.011,-1.508,-11.874,-0.000,1.500,0.022
55.75,-11.857,0.011,-1.508,-11.874,-0.000,1.500,0.022
55.77,-11.857,0.012,-1.508,-11.874,-0.000,1.500,0.022
55.79,-11.857,0.012,-1.508,-11.874,-0.000,1.500,0.022
55.81,-11.857,0.012,-1.508,-11.874,-0.000,1.500,0.022
55.83,-11.857,0.014,-1.507,-11.874,-0.000,1.500,0.023
55.85,-11.857,0.014,-1.507,-11.874,-0.000,1.500,0.023
55.88,-11.858,0.015,-1.507,-11.874,-0.000,1.500,0.023
55.90,-11.858,0.015,-1.507,-11.874,-0.000,1.500,0.023
55.92,-11.858,0.016,-1.506,-11.874,-0.000,1.500,0.024
55.94,-11.858,0.016,-1.506,-11.874,-0.000,1.500,0.024
55.96,-11.859,0.017,-1.506,-11.874,-0.000,1.500,0.024
55.98,-11.859,0.017,-1.506,-11.874,-0.000,1.500,0.024
56.00,-11.859,0.017,-1.506,-11.874,-0.000,1.500,0.024
56.02,-11.859,0.017,-1.506,-11.874,-0.000,1.500,0.024
56.04,-11.860,0.018,-1.505,-11.874,-0.000,1.500,0.023
56.06,-11.860,0.018,-1.505,-11.874,-0.000,1.500,0.023
56.08,-11.861,0.018,-1.505,-11.874,-0.000,1.500,0.023
56.11,-11.861,0.018,-1.505,-11.874,-0.000,1.500,0.023
56.13,-11.862,0.018,-1.505,-11.874,-0.000,1.500,0.023
56.15,-11.862,0.018,-1.505,-11.874,-0.000,1.500,0.023
56.17,-11.862,0.018,-1.505,-11.874,-0.000,1.500,0.023
56.19,-11.862,0.018,-1.505,-11.874,-0.000,1.500,0.023
56.21,-11.863,0.019,-1.505,-11.874,-0.000,1.500,0.022
56.23,-11.863,0.019,-1.505,-11.874,-0.000,1.500,0.022
56.25,-11.864,0.019,-1.505,-11.874,-0.000,1.500,0.022
56.27,-11.864,0.019,-1.505,-11.874,-0.000,1.500,0.022
56.29,-11.864,0.019,-1.505,-11.874,-0.000,1.500,0.022
56.31,-11.865,0.019,-1.505,-11.874,-0.000,1.500,0.021
56.33,-11.865,0.019,-1.505,-11.874,-0.000,1.500,0.021
56.35,-11.866,0.018,-1.505,-11.874,-0.000,1.500,0.021
56.37,-11.866,0.018,-1.505,-11.874,-0.000,1.500,0.021
56.40,-11.867,0.018,-1.504,-11.874,-0.000,1.500,0.020
56.42,-11.867,0.018,-1.504,-11.874,-0.000,1.500,0.020
56.44,-11.867,0.018,-1.504,-11.874,-0.000,1.500,0.019
56.46,-11.867,0.018,-1.504,-11.874,-0.000,1.500,0.019
56.48,-11.868,0.017,-1.504,-11.874,-0.000,1.500,0.019
56.50,-11.868,0.017,-1.504,-11.874,-0.000,1.500,0.019
56.52,-11.868,0.016,-1.504,-11.874,-0.000,1.500,0.018
56.54,-11.868,0.016,-1.504,-11.874,-0.000,1.500,0.018
56.56,-11.868,0.016,-1.504,-11.874,-0.000,1.500,0.017
56.58,-11.868,0.016,-1.504,-11.874,-0.000,1.500,0.017
56.60,-11.869,0.015,-1.504,-11.874,-0.000,1.500,0.016
56.63,-11.869,0.015,-1.504,-11.874,-0.000,1.500,0.016
56.65,-11.869,0.014,-1.503,-11.874,-0.000,1.500,0.015
56.67,-11.869,0.014,-1.503,-11.874,-0.000,1.500,0.015
56.69,-11.868,0.013,-1.503,-11.874,-0.000,1.500,0.015
56.71,-11.868,0.013,-1.503,-11.874,-0.000,1.500,0.015
56.73,-11.868,0.012,-1.503,-11.874,-0.000,1.500,0.014
56.75,-11.868,0.012,-1.503,-11.874,-0.000,1.500,0.014
56.77,-11.868,0.012,-1.502,-11.874,-0.000,1.500,0.013
56.79,-11.868,0.012,-1.502,-11.874,-0.000,1.500,0.013
56.81,-11.868,0.012,-1.502,-11.874,-0.000,1.500,0.013
56.83,-11.868,0.011,-1.502,-11.874,-0.000,1.500,0.013
56.85,-11.868,0.011,-1.502,-11.874,-0.000,1.500,0.013
56.87,-11.868,0.010,-1.501,-11.874,-0.000,1.500,0.012
56.90,-11.868,0.010,-1.501,-11.874,-0.000,1.500,0.012
56.92,-11.868,0.010,-1.500,-11.874,-0.000,1.500,0.012
56.94,-11.868,0.010,-1.500,-11.874,-0.000,1.500,0.012
56.96,-11.868,0.010,-1.500,-11.874,-0.000,1.500,0.012
56.98,-11.868,0.010,-1.500,-11.874,-0.000,1.500,0.012
57.00,-11.868,0.009,-1.499,-11.874,-0.000,1.500,0.011
57.02,-11.868,0.009,-1.499,-11.874,-0.000,1.500,0.011
57.04,-11.868,0.009,-1.499,-11.874,-0.000,1.500,0.011
57.06,-11.868,0.009,-1.499,-11.874,-0.000,1.500,0.011
57.08,-11.869,0.009,-1.498,-11.874,-0.000,1.500,0.010
57.10,-11.869,0.009,-1.498,-11.874,-0.000,1.500,0.010
57.12,-11.869,0.008,-1.498,-11.874,-0.000,1.500,0.010
57.15,-11.869,0.008,-1.498,-11.874,-0.000,1.500,0.010
57.17,-11.870,0.008,-1.497,-11.874,-0.000,1.500,0.009
57.19,-11.870,0.008,-1.497,-11.874,-0.000,1.500,0.009
57.21,-11.870,0.007,-1.497,-11.874,-0.000,1.500,0.008
57.23,-11.870,0.007,-1.497,-11.874,-0.000,1.500,0.008
57.25,-11.871,0.006,-1.496,-11.874,-0.000,1.500,0.008
57.27,-11.871,0.006,-1.496,-11.874,-0.000,1.500,0.008
57.29,-11.872,0.005,-1.496,-11.874,-0.000,1.500,0.007
57.31,-11.872,0.005,-1.496,-11.874,-0.000,1.500,0.007
57.33,-11.872,0.005,-1.496,-11.874,-0.000,1.500,0.007
57.35,-11.873,0.004,-1.496,-11.874,-0.000,1.500,0.006
57.37,-11.873,0.004,-1.496,-11.874,-0.000,1.500,0.006
57.40,-11.874,0.004,-1.496,-11.874,-0.000,1.500,0.006
57.42,-11.874,0.004,-1.496,-11.874,-0.000,1.500,0.006
57.44,-11.875,0.003,-1.495,-11.874,-0.000,1.500,0.005
57.46,-11.875,0.003,-1.495,-11.874,-0.000,1.500,0.005
57.48,-11.876,0.002,-1.495,-11.874,-0.000,1.500,0.005
57.50,-11.876,0.002,-1.495,-11.874,-0.000,1.500,0.005
57.52,-11.876,0.001,-1.495,-11.874,-0.000,1.500,0.005
57.54,-11.876,0.001,-1.495,-11.874,-0.000,1.500,0.005
57.56,-11.877,0.001,-1.495,-11.874,-0.000,1.500,0.005
57.58,-11.877,0.001,-1.495,-11.874,-0.000,1.500,0.005
57.60,-11.878,0.000,-1.496,-11.874,-0.000,1.500,0.006
57.62,-11.878,0.000,-1.496,-11.874,-0.000,1.500,0.006
57.65,-11.879,-0.000,-1.496,-11.874,-0.000,1.500,0.006
57.67,-11.879,-0.000,-1.496,-11.874,-0.000,1.500,0.006
57.69,-11.880,-0.001,-1.496,-11.874,-0.000,1.500,0.007
57.71,-11.880,-0.001,-1.496,-11.874,-0.000,1.500,0.007
57.73,-11.881,-0.002,-1.496,-11.874,-0.000,1.500,0.008
57.75,-11.881,-0.002,-1.496,-11.874,-0.000,1.500,0.008
57.77,-11.882,-0.003,-1.496,-11.874,-0.000,1.500,0.009
57.79,-11.882,-0.003,-1.496,-11.874,-0.000,1.500,0.009
57.81,-11.882,-0.003,-1.496,-11.874,-0.000,1.500,0.009
57.83,-11.884,-0.004,-1.496,-11.874,-0.000,1.500,0.011
57.85,-11.884,-0.004,-1.496,-11.874,-0.000,1.500,0.011
57.87,-11.885,-0.004,-1.496,-11.874,-0.000,1.500,0.012
57.89,-11.885,-0.004,-1.496,-11.874,-0.000,1.500,0.012
57.92,-11.886,-0.004,-1.496,-11.874,-0.000,1.500,0.013
57.94,-11.886,-0.004,-1.496,-11.874,-0.000,1.500,0.013
57.96,-11.887,-0.005,-1.497,-11.874,-0.000,1.500,0.014
57.98,-11.887,-0.005,-1.497,-11.874,-0.000,1.500,0.014
58.00,-11.888,-0.005,-1.497,-11.874,-0.000,1.500,0.015
58.02,-11.888,-0.005,-1.497,-11.874,-0.000,1.500,0.015
58.04,-11.889,-0.005,-1.497,-11.874,-0.000,1.500,0.016
58.06,-11.889,-0.005,-1.497,-11.874,-0.000,1.500,0.016
58.08,-11.890,-0.006,-1.498,-11.874,-0.000,1.500,0.017
58.10,-11.890,-0.006,-1.498,-11.874,-0.000,1.500,0.017
58.12,-11.891,-0.006,-1.498,-11.874,-0.000,1.500,0.018
58.14,-11.891,-0.006,-1.498,-11.874,-0.000,1.500,0.018
58.16,-11.892,-0.006,-1.499,-11.874,-0.000,1.500,0.019
58.19,-11.892,-0.006,-1.499,-11.874,-0.000,1.500,0.019
58.21,-11.893,-0.005,-1.500,-11.874,-0.000,1.500,0.019
58.23,-11.893,-0.005,-1.500,-11.874,-0.000,1.500,0.019
58.25,-11.893,-0.005,-1.501,-11.874,-0.000,1.500,0.020
58.27,-11.893,-0.005,-1.501,-11.874,-0.000,1.500,0.020
58.29,-11.894,-0.005,-1.502,-11.874,-0.000,1.500,0.020
58.31,-11.894,-0.005,-1.502,-11.874,-0.000,1.500,0.020
58.33,-11.894,-0.005,-1.502,-11.874,-0.000,1.500,0.020
58.35,-11.894,-0.004,-1.504,-11.874,-0.000,1.500,0.021
58.37,-11.894,-0.004,-1.504,-11.874,-0.000,1.500,0.021
58.39,-11.895,-0.003,-1.505,-11.874,-0.000,1.500,0.021
58.41,-11.895,-0.003,-1.505,-11.874,-0.000,1.500,0.021
58.43,-11.895,-0.003,-1.506,-11.874,-0.000,1.500,0.022
58.46,-11.895,-0.003,-1.506,-11.874,-0.000,1.500,0.022
58.48,-11.895,-0.001,-1.508,-11.874,-0.000,1.500,0.022
58.50,-11.895,-0.001,-1.508,-11.874,-0.000,1.500,0.022
58.52,-11.895,-0.001,-1.509,-11.874,-0.000,1.500,0.023
58.54,-11.895,-0.001,-1.509,-11.874,-0.000,1.500,0.023
58.56,-11.895,0.000,-1.510,-11.874,-0.000,1.500,0.023
58.58,-11.895,0.000,-1.510,-11.874,-0.000,1.500,0.023
58.60,-11.896,0.001,-1.510,-11.874,-0.000,1.500,0.024
58.62,-11.896,0.001,-1.510,-11.874,-0.000,1.500,0.024
58.64,-11.896,0.002,-1.511,-11.874,-0.000,1.500,0.024
58.66,-11.896,0.002,-1.511,-11.874,-0.000,1.500,0.024
58.68,-11.896,0.002,-1.512,-11.874,-0.000,1.500,0.025
58.70,-11.896,0.002,-1.512,-11.874,-0.000,1.500,0.025
58.73,-11.895,0.003,-1.512,-11.874,-0.000,1.500,0.025
58.75,-11.895,0.003,-1.512,-11.874,-0.000,1.500,0.025
58.77,-11.895,0.003,-1.512,-11.874,-0.000,1.500,0.025
58.79,-11.895,0.003,-1.512,-11.874,-0.000,1.500,0.025
58.81,-11.895,0.003,-1.512,-11.874,-0.000,1.500,0.025
58.83,-11.894,0.004,-1.512,-11.874,-0.000,1.500,0.024
58.85,-11.894,0.004,-1.512,-11.874,-0.000,1.500,0.024
58.87,-11.894,0.004,-1.512,-11.874,-0.000,1.500,0.024
58.89,-11.894,0.004,-1.512,-11.874,-0.000,1.500,0.024
58.91,-11.894,0.005,-1.512,-11.874,-0.000,1.500,0.024
58.93,-11.894,0.005,-1.512,-11.874,-0.000,1.500,0.024
58.95,-11.893,0.005,-1.512,-11.874,-0.000,1.500,0.023
58.98,-11.893,0.005,-1.512,-11.874,-0.000,1.500,0.023
59.00,-11.892,0.005,-1.512,-11.874,-0.000,1.500,0.023
59.02,-11.892,0.005,-1.512,-11.874,-0.000,1.500,0.023
59.04,-11.892,0.004,-1.512,-11.874,-0.000,1.500,0.022
59.06,-11.892,0.004,-1.512,-11.874,-0.000,1.500,0.022
59.08,-11.891,0.004,-1.512,-11.874,-0.000,1.500,0.021
59.10,-11.891,0.004,-1.512,-11.874,-0.000,1.500,0.021
59.12,-11.891,0.003,-1.512,-11.874,-0.000,1.500,0.021
59.14,-11.891,0.003,-1.512,-11.874,-0.000,1.500,0.021
59.16,-11.890,0.003,-1.513,-11.874,-0.000,1.500,0.021
59.18,-11.890,0.003,-1.513,-11.874,-0.000,1.500,0.021
59.21,-11.890,0.002,-1.513,-11.874,-0.000,1.500,0.020
59.23,-11.890,0.002,-1.513,-11.874,-0.000,1.500,0.020
59.25,-11.889,0.001,-1.514,-11.874,-0.000,1.500,0.020
59.27,-11.889,0.001,-1.514,-11.874,-0.000,1.500,0.020
59.29,-11.889,0.000,-1.514,-11.874,-0.000,1.500,0.021
59.31,-11.889,0.000,-1.514,-11.874,-0.000,1.500,0.021
59.33,-11.889,0.000,-1.514,-11.874,-0.000,1.500,0.021
59.35,-11.889,-0.001,-1.515,-11.874,-0.000,1.500,0.021
59.37,-11.889,-0.001,-1.515,-11.874,-0.000,1.500,0.021
59.39,-11.888,-0.002,-1.515,-11.874,-0.000,1.500,0.021
59.41,-11.888,-0.002,-1.515,-11.874,-0.000,1.500,0.021
59.43,-11.888,-0.004,-1.516,-11.874,-0.000,1.500,0.022
59.46,-11.888,-0.004,-1.516,-11.874,-0.000,1.500,0.022
59.48,-11.888,-0.005,-1.516,-11.874,-0.000,1.500,0.022
59.50,-11.888,-0.005,-1.516,-11.874,-0.000,1.500,0.022
59.52,-11.888,-0.006,-1.516,-11.874,-0.000,1.500,0.022
59.54,-11.888,-0.006,-1.516,-11.874,-0.000,1.500,0.022
59.56,-11.887,-0.008,-1.517,-11.874,-0.000,1.500,0.023
59.58,-11.887,-0.008,-1.517,-11.874,-0.000,1.500,0.023
59.60,-11.887,-0.009,-1.517,-11.874,-0.000,1.500,0.023
59.62,-11.887,-0.009,-1.517,-11.874,-0.000,1.500,0.023
59.64,-11.886,-0.010,-1.517,-11.874,-0.000,1.500,0.023
59.66,-11.886,-0.010,-1.517,-11.874,-0.000,1.500,0.023
59.68,-11.886,-0.011,-1.516,-11.874,-0.000,1.500,0.023
59.70,-11.886,-0.011,-1.516,-11.874,-0.000,1.500,0.023
59.73,-11.885,-0.011,-1.516,-11.874,-0.000,1.500,0.023
59.75,-11.885,-0.011,-1.516,-11.874,-0.000,1.500,0.023
59.77,-11.884,-0.012,-1.516,-11.874,-0.000,1.500,0.022
59.79,-11.884,-0.012,-1.516,-11.874,-0.000,1.500,0.022
59.81,-11.883,-0.013,-1.515,-11.874,-0.000,1.500,0.022
59.83,-11.883,-0.013,-1.515,-11.874,-0.000,1.500,0.022
59.85,-11.883,-0.013,-1.515,-11.874,-0.000,1.500,0.022
59.87,-11.882,-0.013,-1.515,-11.874,-0.000,1.500,0.021
59.89,-11.882,-0.013,-1.515,-11.874,-0.000,1.500,0.021
59.91,-11.881,-0.014,-1.514,-11.874,-0.000,1.500,0.021
59.93,-11.881,-0.014,-1.514,-11.874,-0.000,1.500,0.021
59.96,-11.880,-0.014,-1.514,-11.874,-0.000,1.500,0.020
59.98,-11.880,-0.014,-1.514,-11.874,-0.000,1.500,0.020
60.00,-11.878,-0.014,-1.513,-11.874,-0.000,1.500,0.020
60.02,-11.878,-0.014,-1.513,-11.874,-0.000,1.500,0.020
60.04,-11.877,-0.014,-1.512,-11.874,-0.000,1.500,0.019
60.06,-11.877,-0.014,-1.512,-11.874,-0.000,1.500,0.019
60.08,-11.876,-0.014,-1.512,-11.874,-0.000,1.500,0.018
60.10,-11.876,-0.014,-1.512,-11.874,-0.000,1.500,0.018
60.12,-11.875,-0.013,-1.511,-11.874,-0.000,1.500,0.017
60.14,-11.875,-0.013,-1.511,-11.874,-0.000,1.500,0.017
60.16,-11.873,-0.013,-1.510,-11.874,-0.000,1.500,0.016
60.18,-11.873,-0.013,-1.510,-11.874,-0.000,1.500,0.016
60.20,-11.872,-0.013,-1.509,-11.874,-0.000,1.500,0.016
60.23,-11.872,-0.013,-1.509,-11.874,-0.000,1.500,0.016
60.25,-11.870,-0.012,-1.508,-11.874,-0.000,1.500,0.015
60.27,-11.870,-0.012,-1.508,-11.874,-0.000,1.500,0.015
60.29,-11.868,-0.011,-1.507,-11.874,-0.000,1.500,0.015
60.31,-11.868,-0.011,-1.507,-11.874,-0.000,1.500,0.015
60.33,-11.868,-0.011,-1.507,-11.874,-0.000,1.500,0.015
60.35,-11.865,-0.010,-1.504,-11.874,-0.000,1.500,0.014
60.37,-11.865,-0.010,-1.504,-11.874,-0.000,1.500,0.014
60.39,-11.863,-0.010,-1.503,-11.874,-0.000,1.500,0.015
60.41,-11.863,-0.010,-1.503,-11.874,-0.000,1.500,0.015
60.43,-11.862,-0.009,-1.502,-11.874,-0.000,1.500,0.016
60.45,-11.862,-0.009,-1.502,-11.874,-0.000,1.500,0.016
60.47,-11.860,-0.009,-1.501,-11.874,-0.000,1.500,0.017
60.50,-11.860,-0.009,-1.501,-11.874,-0.000,1.500,0.017
60.52,-11.859,-0.009,-1.500,-11.874,-0.000,1.500,0.018
60.54,-11.859,-0.009,-1.500,-11.874,-0.000,1.500,0.018
60.56,-11.857,-0.009,-1.499,-11.874,-0.000,1.500,0.019
60.58,-11.857,-0.009,-1.499,-11.874,-0.000,1.500,0.019
60.60,-11.856,-0.008,-1.498,-11.874,-0.000,1.500,0.020
60.62,-11.856,-0.008,-1.498,-11.874,-0.000,1.500,0.020
60.64,-11.854,-0.008,-1.497,-11.874,-0.000,1.500,0.022
60.66,-11.854,-0.008,-1.497,-11.874,-0.000,1.500,0.022
60.68,-11.853,-0.008,-1.496,-11.874,-0.000,1.500,0.023
60.71,-11.853,-0.008,-1.496,-11.874,-0.000,1.500,0.023
60.73,-11.852,-0.008,-1.495,-11.874,-0.000,1.500,0.024
60.75,-11.852,-0.008,-1.495,-11.874,-0.000,1.500,0.024
60.77,-11.850,-0.008,-1.495,-11.874,-0.000,1.500,0.026
60.79,-11.850,-0.008,-1.495,-11.874,-0.000,1.500,0.026
60.81,-11.849,-0.008,-1.494,-11.874,-0.000,1.500,0.027
60.83,-11.849,-0.008,-1.494,-11.874,-0.000,1.500,0.027
60.85,-11.849,-0.008,-1.494,-11.874,-0.000,1.500,0.027
60.87,-11.847,-0.008,-1.494,-11.874,-0.000,1.500,0.029
60.89,-11.847,-0.008,-1.494,-11.874,-0.000,1.500,0.029
60.91,-11.846,-0.007,-1.494,-11.874,-0.000,1.500,0.029
60.93,-11.846,-0.007,-1.494,-11.874,-0.000,1.500,0.029
60.95,-11.845,-0.007,-1.495,-11.874,-0.000,1.500,0.030
60.98,-11.845,-0.007,-1.495,-11.874,-0.000,1.500,0.030
61.00,-11.844,-0.006,-1.495,-11.874,-0.000,1.500,0.031
61.02,-11.844,-0.006,-1.495,-11.874,-0.000,1.500,0.031
61.04,-11.843,-0.005,-1.496,-11.874,-0.000,1.500,0.032
61.06,-11.843,-0.005,-1.496,-11.874,-0.000,1.500,0.032
61.08,-11.842,-0.004,-1.496,-11.874,-0.000,1.500,0.033
61.10,-11.842,-0.004,-1.496,-11.874,-0.000,1.500,0.033
61.12,-11.841,-0.003,-1.497,-11.874,-0.000,1.500,0.033
61.14,-11.841,-0.003,-1.497,-11.874,-0.000,1.500,0.033
61.16,-11.841,-0.002,-1.497,-11.874,-0.000,1.500,0.033
61.18,-11.841,-0.002,-1.497,-11.874,-0.000,1.500,0.033
61.20,-11.840,-0.002,-1.497,-11.874,-0.000,1.500,0.034
61.22,-11.840,-0.002,-1.497,-11.874,-0.000,1.500,0.034
61.25,-11.840,-0.001,-1.497,-11.874,-0.000,1.500,0.034
61.27,-11.840,-0.001,-1.497,-11.874,-0.000,1.500,0.034
61.29,-11.840,-0.000,-1.498,-11.874,-0.000,1.500,0.035
61.31,-11.840,-0.000,-1.498,-11.874,-0.000,1.500,0.035
61.33,-11.840,-0.000,-1.498,-11.874,-0.000,1.500,0.035
61.35,-11.839,0.001,-1.498,-11.874,-0.000,1.500,0.035
61.37,-11.839,0.001,-1.498,-11.874,-0.000,1.500,0.035
61.39,-11.839,0.002,-1.498,-11.874,-0.000,1.500,0.036
61.41,-11.839,0.002,-1.498,-11.874,-0.000,1.500,0.036
61.43,-11.839,0.002,-1.498,-11.874,-0.000,1.500,0.036
61.45,-11.839,0.002,-1.498,-11.874,-0.000,1.500,0.036
61.47,-11.838,0.003,-1.498,-11.874,-0.000,1.500,0.036
61.50,-11.838,0.003,-1.498,-11.874,-0.000,1.500,0.036
61.52,-11.838,0.003,-1.498,-11.874,-0.000,1.500,0.036
61.54,-11.838,0.003,-1.498,-11.874,-0.000,1.500,0.036
61.56,-11.839,0.003,-1.498,-11.874,-0.000,1.500,0.036
61.58,-11.839,0.003,-1.498,-11.874,-0.000,1.500,0.036
61.60,-11.839,0.004,-1.498,-11.874,-0.000,1.500,0.035
61.62,-11.839,0.004,-1.498,-11.874,-0.000,1.500,0.035
61.64,-11.839,0.004,-1.498,-11.874,-0.000,1.500,0.035
61.66,-11.839,0.004,-1.498,-11.874,-0.000,1.500,0.035
61.68,-11.840,0.003,-1.498,-11.874,-0.000,1.500,0.034
61.70,-11.840,0.003,-1.498,-11.874,-0.000,1.500,0.034
61.72,-11.840,0.003,-1.498,-11.874,-0.000,1.500,0.034
61.74,-11.840,0.003,-1.498,-11.874,-0.000,1.500,0.034
61.77,-11.841,0.003,-1.498,-11.874,-0.000,1.500,0.033
61.79,-11.841,0.003,-1.498,-11.874,-0.000,1.500,0.033
61.81,-11.842,0.003,-1.498,-11.874,-0.000,1.500,0.033
61.83,-11.842,0.003,-1.498,-11.874,-0.000,1.500,0.033
61.85,-11.842,0.003,-1.498,-11.874,-0.000,1.500,0.033
61.87,-11.843,0.004,-1.497,-11.874,-0.000,1.500,0.032
61.89,-11.843,0.004,-1.497,-11.874,-0.000,1.500,0.032
61.91,-11.844,0.004,-1.497,-11.874,-0.000,1.500,0.031
61.93,-11.844,0.004,-1.497,-11.874,-0.000,1.500,0.031
61.95,-11.845,0.005,-1.496,-11.874,-0.000,1.500,0.030
61.97,-11.845,0.005,-1.496,-11.874,-0.000,1.500,0.030
61.99,-11.846,0.005,-1.495,-11.874,-0.000,1.500,0.029
62.01,-11.846,0.005,-1.495,-11.874,-0.000,1.500,0.029
62.03,-11.847,0.005,-1.495,-11.874,-0.000,1.500,0.028
62.06,-11.847,0.005,-1.495,-11.874,-0.000,1.500,0.028
62.08,-11.849,0.006,-1.494,-11.874,-0.000,1.500,0.027
62.10,-11.849,0.006,-1.494,-11.874,-0.000,1.500,0.027
62.12,-11.850,0.007,-1.493,-11.874,-0.000,1.500,0.026
62.14,-11.850,0.007,-1.493,-11.874,-0.000,1.500,0.026
62.16,-11.852,0.007,-1.493,-11.874,-0.000,1.500,0.025
62.18,-11.852,0.007,-1.493,-11.874,-0.000,1.500,0.025
62.20,-11.853,0.008,-1.492,-11.874,-0.000,1.500,0.024
62.22,-11.853,0.008,-1.492,-11.874,-0.000,1.500,0.024
62.24,-11.855,0.008,-1.492,-11.874,-0.000,1.500,0.023
62.26,-11.855,0.008,-1.492,-11.874,-0.000,1.500,0.023
62.28,-11.856,0.009,-1.492,-11.874,-0.000,1.500,0.021
62.31,-11.856,0.009,-1.492,-11.874,-0.000,1.500,0.021
62.33,-11.858,0.009,-1.492,-11.874,-0.000,1.500,0.020
62.35,-11.858,0.009,-1.492,-11.874,-0.000,1.500,0.020
62.37,-11.858,0.009,-1.492,-11.874,-0.000,1.500,0.020
62.39,-11.860,0.009,-1.492,-11.874,-0.000,1.500,0.018
62.41,-11.860,0.009,-1.492,-11.874,-0.000,1.500,0.018
62.43,-11.862,0.009,-1.492,-11.874,-0.000,1.500,0.017
62.45,-11.862,0.009,-1.492,-11.874,-0.000,1.500,0.017
62.47,-11.863,0.009,-1.492,-11.874,-0.000,1.500,0.016
62.49,-11.863,0.009,-1.492,-11.874,-0.000,1.500,0.016
62.51,-11.865,0.009,-1.492,-11.874,-0.000,1.500,0.015
62.53,-11.865,0.009,-1.492,-11.874,-0.000,1.500,0.015
62.56,-11.866,0.009,-1.492,-11.874,-0.000,1.500,0.014
62.58,-11.866,0.009,-1.492,-11.874,-0.000,1.500,0.014
62.60,-11.868,0.009,-1.492,-11.874,-0.000,1.500,0.014
62.62,-11.868,0.009,-1.492,-11.874,-0.000,1.500,0.014
62.64,-11.869,0.009,-1.492,-11.874,-0.000,1.500,0.013
62.66,-11.869,0.009,-1.492,-11.874,-0.000,1.500,0.013
62.68,-11.870,0.009,-1.492,-11.874,-0.000,1.500,0.013
62.70,-11.870,0.009,-1.492,-11.874,-0.000,1.500,0.013
62.72,-11.872,0.010,-1.492,-11.874,-0.000,1.500,0.013
62.74,-11.872,0.010,-1.492,-11.874,-0.000,1.500,0.013
62.76,-11.873,0.010,-1.492,-11.874,-0.000,1.500,0.013
62.78,-11.873,0.010,-1.492,-11.874,-0.000,1.500,0.013
62.80,-11.874,0.010,-1.492,-11.874,-0.000,1.500,0.013
62.82,-11.874,0.010,-1.492,-11.874,-0.000,1.500,0.013
62.85,-11.874,0.010,-1.492,-11.874,-0.000,1.500,0.013
62.87,-11.876,0.010,-1.492,-11.874,-0.000,1.500,0.013
62.89,-11.876,0.010,-1.492,-11.874,-0.000,1.500,0.013
62.91,-11.878,0.009,-1.492,-11.874,-0.000,1.500,0.013
62.93,-11.878,0.009,-1.492,-11.874,-0.000,1.500,0.013
62.95,-11.879,0.009,-1.492,-11.874,-0.000,1.500,0.013
62.97,-11.879,0.009,-1.492,-11.874,-0.000,1.500,0.013
62.99,-11.880,0.008,-1.492,-11.874,-0.000,1.500,0.013
63.01,-11.880,0.008,-1.492,-11.874,-0.000,1.500,0.013
63.03,-11.881,0.008,-1.491,-11.874,-0.000,1.500,0.013
63.05,-11.881,0.008,-1.491,-11.874,-0.000,1.500,0.013
63.07,-11.882,0.007,-1.491,-11.874,-0.000,1.500,0.014
63.10,-11.882,0.007,-1.491,-11.874,-0.000,1.500,0.014
63.12,-11.883,0.007,-1.491,-11.874,-0.000,1.500,0.014
63.14,-11.883,0.007,-1.491,-11.874,-0.000,1.500,0.014
63.16,-11.884,0.007,-1.492,-11.874,-0.000,1.500,0.015
63.18,-11.884,0.007,-1.492,-11.874,-0.000,1.500,0.015
63.20,-11.885,0.006,-1.492,-11.874,-0.000,1.500,0.015
63.22,-11.885,0.006,-1.492,-11.874,-0.000,1.500,0.015
63.24,-11.886,0.006,-1.492,-11.874,-0.000,1.500,0.015
63.26,-11.886,0.006,-1.492,-11.874,-0.000,1.500,0.015
63.28,-11.886,0.005,-1.493,-11.874,-0.000,1.500,0.015
63.30,-11.886,0.005,-1.493,-11.874,-0.000,1.500,0.015
63.32,-11.887,0.005,-1.493,-11.874,-0.000,1.500,0.015
63.34,-11.887,0.005,-1.493,-11.874,-0.000,1.500,0.015
63.37,-11.887,0.005,-1.493,-11.874,-0.000,1.500,0.015
63.39,-11.888,0.005,-1.494,-11.874,-0.000,1.500,0.016
63.41,-11.888,0.005,-1.494,-11.874,-0.000,1.500,0.016
63.43,-11.889,0.005,-1.495,-11.874,-0.000,1.500,0.016
63.45,-11.889,0.005,-1.495,-11.874,-0.000,1.500,0.016
63.47,-11.889,0.005,-1.495,-11.874,-0.000,1.500,0.017
63.49,-11.889,0.005,-1.495,-11.874,-0.000,1.500,0.017
63.51,-11.890,0.005,-1.496,-11.874,-0.000,1.500,0.017
63.53,-11.890,0.005,-1.496,-11.874,-0.000,1.500,0.017
63.55,-11.890,0.005,-1.496,-11.874,-0.000,1.500,0.018
63.57,-11.890,0.005,-1.496,-11.874,-0.000,1.500,0.018
63.59,-11.891,0.005,-1.497,-11.874,-0.000,1.500,0.018
63.61,-11.891,0.005,-1.497,-11.874,-0.000,1.500,0.018
63.64,-11.892,0.005,-1.497,-11.874,-0.000,1.500,0.018
63.66,-11.892,0.005,-1.497,-11.874,-0.000,1.500,0.018
63.68,-11.892,0.005,-1.498,-11.874,-0.000,1.500,0.019
63.70,-11.892,0.005,-1.498,-11.874,-0.000,1.500,0.019
63.72,-11.892,0.004,-1.498,-11.874,-0.000,1.500,0.019
63.74,-11.892,0.004,-1.498,-11.874,-0.000,1.500,0.019
63.76,-11.893,0.004,-1.499,-11.874,-0.000,1.500,0.019
63.78,-11.893,0.004,-1.499,-11.874,-0.000,1.500,0.019
63.80,-11.893,0.003,-1.499,-11.874,-0.000,1.500,0.019
63.82,-11.893,0.003,-1.499,-11.874,-0.000,1.500,0.019
63.84,-11.893,0.002,-1.500,-11.874,-0.000,1.500,0.019
63.87,-11.893,0.002,-1.500,-11.874,-0.000,1.500,0.019
63.89,-11.893,0.002,-1.500,-11.874,-0.000,1.500,0.019
63.91,-11.893,0.002,-1.500,-11.874,-0.000,1.500,0.018
63.93,-11.893,0.002,-1.500,-11.874,-0.000,1.500,0.018
63.95,-11.892,0.001,-1.500,-11.874,-0.000,1.500,0.018
63.97,-11.892,0.001,-1.500,-11.874,-0.000,1.500,0.018
63.99,-11.892,0.000,-1.500,-11.874,-0.000,1.500,0.017
64.01,-11.892,0.000,-1.500,-11.874,-0.000,1.500,0.017
64.03,-11.891,-0.000,-1.500,-11.874,-0.000,1.500,0.017
64.05,-11.891,-0.000,-1.500,-11.874,-0.000,1.500,0.017
64.07,-11.890,-0.001,-1.499,-11.874,-0.000,1.500,0.016
64.09,-11.890,-0.001,-1.499,-11.874,-0.000,1.500,0.016
64.11,-11.889,-0.002,-1.499,-11.874,-0.000,1.500,0.015
64.14,-11.889,-0.002,-1.499,-11.874,-0.000,1.500,0.015
64.16,-11.888,-0.002,-1.498,-11.874,-0.000,1.500,0.014
64.18,-11.888,-0.002,-1.498,-11.874,-0.000,1.500,0.014
64.20,-11.887,-0.003,-1.498,-11.874,-0.000,1.500,0.013
64.22,-11.887,-0.003,-1.498,-11.874,-0.000,1.500,0.013
64.24,-11.886,-0.003,-1.497,-11.874,-0.000,1.500,0.012
64.26,-11.886,-0.003,-1.497,-11.874,-0.000,1.500,0.012
64.28,-11.884,-0.004,-1.497,-11.874,-0.000,1.500,0.011
64.30,-11.884,-0.004,-1.497,-11.874,-0.000,1.500,0.011
64.32,-11.883,-0.005,-1.496,-11.874,-0.000,1.500,0.011
64.34,-11.883,-0.005,-1.496,-11.874,-0.000,1.500,0.011
64.36,-11.883,-0.005,-1.496,-11.874,-0.000,1.500,0.011
64.39,-11.881,-0.005,-1.495,-11.874,-0.000,1.500,0.010
64.41,-11.881,-0.005,-1.495,-11.874,-0.000,1.500,0.010
64.43,-11.880,-0.006,-1.495,-11.874,-0.000,1.500,0.010
64.45,-11.880,-0.006,-1.495,-11.874,-0.000,1.500,0.010
64.47,-11.878,-0.006,-1.495,-11.874,-0.000,1.500,0.009
64.49,-11.878,-0.006,-1.495,-11.874,-0.000,1.500,0.009
64.51,-11.877,-0.007,-1.494,-11.874,-0.000,1.500,0.009
64.53,-11.877,-0.007,-1.494,-11.874,-0.000,1.500,0.009
64.55,-11.876,-0.007,-1.494,-11.874,-0.000,1.500,0.010
64.57,-11.876,-0.007,-1.494,-11.874,-0.000,1.500,0.010
64.59,-11.875,-0.007,-1.493,-11.874,-0.000,1.500,0.010
64.61,-11.875,-0.007,-1.493,-11.874,-0.000,1.500,0.010
64.64,-11.874,-0.008,-1.492,-11.874,-0.000,1.500,0.011
64.66,-11.874,-0.008,-1.492,-11.874,-0.000,1.500,0.011
64.68,-11.873,-0.008,-1.492,-11.874,-0.000,1.500,0.011
64.70,-11.873,-0.008,-1.492,-11.874,-0.000,1.500,0.011
64.72,-11.872,-0.008,-1.491,-11.874,-0.000,1.500,0.012
64.74,-11.872,-0.008,-1.491,-11.874,-0.000,1.500,0.012
64.76,-11.871,-0.008,-1.491,-11.874,-0.000,1.500,0.013
64.78,-11.871,-0.008,-1.491,-11.874,-0.000,1.500,0.013
64.80,-11.870,-0.008,-1.490,-11.874,-0.000,1.500,0.013
64.82,-11.870,-0.008,-1.490,-11.874,-0.000,1.500,0.013
64.84,-11.870,-0.008,-1.490,-11.874,-0.000,1.500,0.014
64.86,-11.870,-0.008,-1.490,-11.874,-0.000,1.500,0.014
64.88,-11.870,-0.008,-1.490,-11.874,-0.000,1.500,0.014
64.91,-11.869,-0.009,-1.490,-11.874,-0.000,1.500,0.014
64.93,-11.869,-0.009,-1.490,-11.874,-0.000,1.500,0.014
64.95,-11.869,-0.009,-1.490,-11.874,-0.000,1.500,0.014
64.97,-11.869,-0.009,-1.490,-11.874,-0.000,1.500,0.014
64.99,-11.868,-0.009,-1.490,-11.874,-0.000,1.500,0.015
65.01,-11.868,-0.009,-1.490,-11.874,-0.000,1.500,0.015
65.03,-11.868,-0.009,-1.490,-11.874,-0.000,1.500,0.015
65.05,-11.868,-0.009,-1.490,-11.874,-0.000,1.500,0.015
65.07,-11.868,-0.009,-1.490,-11.874,-0.000,1.500,0.015
65.09,-11.868,-0.009,-1.490,-11.874,-0.000,1.500,0.015
65.11,-11.868,-0.009,-1.490,-11.874,-0.000,1.500,0.015
65.14,-11.868,-0.009,-1.490,-11.874,-0.000,1.500,0.015
65.16,-11.868,-0.009,-1.490,-11.874,-0.000,1.500,0.015
65.18,-11.868,-0.009,-1.490,-11.874,-0.000,1.500,0.015
65.20,-11.869,-0.009,-1.490,-11.874,-0.000,1.500,0.015
65.22,-11.869,-0.009,-1.490,-11.874,-0.000,1.500,0.015
65.24,-11.869,-0.009,-1.490,-11.874,-0.000,1.500,0.014
65.26,-11.869,-0.009,-1.490,-11.874,-0.000,1.500,0.014
65.28,-11.869,-0.008,-1.489,-11.874,-0.000,1.500,0.014
65.30,-11.869,-0.008,-1.489,-11.874,-0.000,1.500,0.014
65.32,-11.870,-0.008,-1.489,-11.874,-0.000,1.500,0.014
65.34,-11.870,-0.008,-1.489,-11.874,-0.000,1.500,0.014
65.36,-11.870,-0.008,-1.489,-11.874,-0.000,1.500,0.014
65.38,-11.871,-0.007,-1.489,-11.874,-0.000,1.500,0.013
65.41,-11.871,-0.007,-1.489,-11.874,-0.000,1.500,0.013
65.43,-11.871,-0.006,-1.488,-11.874,-0.000,1.500,0.013
65.45,-11.871,-0.006,-1.488,-11.874,-0.000,1.500,0.013
65.47,-11.871,-0.005,-1.488,-11.874,-0.000,1.500,0.013
65.49,-11.871,-0.005,-1.488,-11.874,-0.000,1.500,0.013
65.51,-11.872,-0.004,-1.488,-11.874,-0.000,1.500,0.013
65.53,-11.872,-0.004,-1.488,-11.874,-0.000,1.500,0.013
65.55,-11.872,-0.003,-1.487,-11.874,-0.000,1.500,0.013
65.57,-11.872,-0.003,-1.487,-11.874,-0.000,1.500,0.013
65.59,-11.872,-0.002,-1.487,-11.874,-0.000,1.500,0.013
65.61,-11.872,-0.002,-1.487,-11.874,-0.000,1.500,0.013
65.63,-11.872,-0.001,-1.486,-11.874,-0.000,1.500,0.014
65.65,-11.872,-0.001,-1.486,-11.874,-0.000,1.500,0.014
65.68,-11.873,-0.000,-1.486,-11.874,-0.000,1.500,0.014
65.70,-11.873,-0.000,-1.486,-11.874,-0.000,1.500,0.014
65.72,-11.873,0.001,-1.485,-11.874,-0.000,1.500,0.014
65.74,-11.873,0.001,-1.485,-11.874,-0.000,1.500,0.014
65.76,-11.874,0.003,-1.485,-11.874,-0.000,1.500,0.015
65.78,-11.874,0.003,-1.485,-11.874,-0.000,1.500,0.015
65.80,-11.874,0.004,-1.484,-11.874,-0.000,1.500,0.016
65.82,-11.874,0.004,-1.484,-11.874,-0.000,1.500,0.016
65.84,-11.874,0.005,-1.484,-11.874,-0.000,1.500,0.016
65.86,-11.874,0.005,-1.484,-11.874,-0.000,1.500,0.016
65.88,-11.874,0.005,-1.484,-11.874,-0.000,1.500,0.016
65.90,-11.875,0.006,-1.484,-11.874,-0.000,1.500,0.017
65.92,-11.875,0.006,-1.484,-11.874,-0.000,1.500,0.017
65.95,-11.875,0.007,-1.484,-11.874,-0.000,1.500,0.018
65.97,-11.875,0.007,-1.484,-11.874,-0.000,1.500,0.018
65.99,-11.876,0.008,-1.484,-11.874,-0.000,1.500,0.018
66.01,-11.876,0.008,-1.484,-11.874,-0.000,1.500,0.018
66.03,-11.877,0.008,-1.484,-11.874,-0.000,1.500,0.018
66.05,-11.877,0.008,-1.484,-11.874,-0.000,1.500,0.018
66.07,-11.877,0.008,-1.485,-11.874,-0.000,1.500,0.017
66.09,-11.877,0.008,-1.485,-11.874,-0.000,1.500,0.017
66.11,-11.878,0.008,-1.485,-11.874,-0.000,1.500,0.017
66.13,-11.878,0.008,-1.485,-11.874,-0.000,1.500,0.017
66.15,-11.878,0.008,-1.486,-11.874,-0.000,1.500,0.017
66.17,-11.878,0.008,-1.486,-11.874,-0.000,1.500,0.017
66.19,-11.878,0.008,-1.486,-11.874,-0.000,1.500,0.016
66.22,-11.878,0.008,-1.486,-11.874,-0.000,1.500,0.016
66.24,-11.879,0.008,-1.487,-11.874,-0.000,1.500,0.016
66.26,-11.879,0.008,-1.487,-11.874,-0.000,1.500,0.016
66.28,-11.879,0.007,-1.487,-11.874,-0.000,1.500,0.015
66.30,-11.879,0.007,-1.487,-11.874,-0.000,1.500,0.015
66.32,-11.879,0.006,-1.488,-11.874,-0.000,1.500,0.014
66.34,-11.879,0.006,-1.488,-11.874,-0.000,1.500,0.014
66.36,-11.880,0.005,-1.488,-11.874,-0.000,1.500,0.014
66.38,-11.880,0.005,-1.488,-11.874,-0.000,1.500,0.014
66.40,-11.880,0.005,-1.488,-11.874,-0.000,1.500,0.014
66.42,-11.880,0.004,-1.489,-11.874,-0.000,1.500,0.013
66.44,-11.880,0.004,-1.489,-11.874,-0.000,1.500,0.013
66.47,-11.879,0.003,-1.489,-11.874,-0.000,1.500,0.012
66.49,-11.879,0.003,-1.489,-11.874,-0.000,1.500,0.012
66.51,-11.879,0.002,-1.490,-11.874,-0.000,1.500,0.012
66.53,-11.879,0.002,-1.490,-11.874,-0.000,1.500,0.012
66.55,-11.879,0.001,-1.490,-11.874,-0.000,1.500,0.011
66.57,-11.879,0.001,-1.490,-11.874,-0.000,1.500,0.011
66.59,-11.879,0.000,-1.490,-11.874,-0.000,1.500,0.011
66.61,-11.879,0.000,-1.490,-11.874,-0.000,1.500,0.011
66.63,-11.879,-0.001,-1.490,-11.874,-0.000,1.500,0.011
66.65,-11.879,-0.001,-1.490,-11.874,-0.000,1.500,0.011
66.68,-11.879,-0.002,-1.490,-11.874,-0.000,1.500,0.011
66.70,-11.879,-0.002,-1.490,-11.874,-0.000,1.500,0.011
66.72,-11.879,-0.003,-1.491,-11.874,-0.000,1.500,0.011
66.74,-11.879,-0.003,-1.491,-11.874,-0.000,1.500,0.011
66.76,-11.880,-0.003,-1.491,-11.874,-0.000,1.500,0.011
66.78,-11.880,-0.003,-1.491,-11.874,-0.000,1.500,0.011
66.80,-11.880,-0.004,-1.491,-11.874,-0.000,1.500,0.011
66.82,-11.880,-0.004,-1.491,-11.874,-0.000,1.500,0.011
66.84,-11.880,-0.004,-1.491,-11.874,-0.000,1.500,0.011
66.86,-11.880,-0.004,-1.491,-11.874,-0.000,1.500,0.011
66.88,-11.880,-0.004,-1.491,-11.874,-0.000,1.500,0.011
66.90,-11.881,-0.005,-1.491,-11.874,-0.000,1.500,0.012
66.93,-11.881,-0.005,-1.491,-11.874,-0.000,1.500,0.012
66.95,-11.881,-0.005,-1.492,-11.874,-0.000,1.500,0.012
66.97,-11.881,-0.005,-1.492,-11.874,-0.000,1.500,0.012
66.99,-11.882,-0.006,-1.492,-11.874,-0.000,1.500,0.013
67.01,-11.882,-0.006,-1.492,-11.874,-0.000,1.500,0.013
67.03,-11.883,-0.006,-1.492,-11.874,-0.000,1.500,0.013
67.05,-11.883,-0.006,-1.492,-11.874,-0.000,1.500,0.013
67.07,-11.884,-0.006,-1.492,-11.874,-0.000,1.500,0.014
67.09,-11.884,-0.006,-1.492,-11.874,-0.000,1.500,0.014
67.11,-11.885,-0.007,-1.493,-11.874,-0.000,1.500,0.015
67.13,-11.885,-0.007,-1.493,-11.874,-0.000,1.500,0.015
67.15,-11.886,-0.007,-1.493,-11.874,-0.000,1.500,0.016
67.18,-11.886,-0.007,-1.493,-11.874,-0.000,1.500,0.016
67.20,-11.887,-0.008,-1.493,-11.874,-0.000,1.500,0.017
67.22,-11.887,-0.008,-1.493,-11.874,-0.000,1.500,0.017
67.24,-11.889,-0.008,-1.493,-11.874,-0.000,1.500,0.018
67.26,-11.889,-0.008,-1.493,-11.874,-0.000,1.500,0.018
67.28,-11.890,-0.009,-1.493,-11.874,-0.000,1.500,0.019
67.30,-11.890,-0.009,-1.493,-11.874,-0.000,1.500,0.019
67.32,-11.891,-0.009,-1.494,-11.874,-0.000,1.500,0.020
67.34,-11.891,-0.009,-1.494,-11.874,-0.000,1.500,0.020
67.36,-11.892,-0.010,-1.494,-11.874,-0.000,1.500,0.021
67.38,-11.892,-0.010,-1.494,-11.874,-0.000,1.500,0.021
67.40,-11.892,-0.010,-1.494,-11.874,-0.000,1.500,0.021
67.43,-11.893,-0.010,-1.494,-11.874,-0.000,1.500,0.023
67.45,-11.893,-0.010,-1.494,-11.874,-0.000,1.500,0.023
67.47,-11.894,-0.011,-1.494,-11.874,-0.000,1.500,0.024
67.49,-11.894,-0.011,-1.494,-11.874,-0.000,1.500,0.024
67.51,-11.895,-0.011,-1.493,-11.874,-0.000,1.500,0.025
67.53,-11.895,-0.011,-1.493,-11.874,-0.000,1.500,0.025
67.55,-11.896,-0.012,-1.493,-11.874,-0.000,1.500,0.026
67.57,-11.896,-0.012,-1.493,-11.874,-0.000,1.500,0.026
67.59,-11.897,-0.012,-1.493,-11.874,-0.000,1.500,0.026
67.61,-11.897,-0.012,-1.493,-11.874,-0.000,1.500,0.026
67.63,-11.897,-0.012,-1.493,-11.874,-0.000,1.500,0.027
67.65,-11.897,-0.012,-1.493,-11.874,-0.000,1.500,0.027
67.68,-11.897,-0.013,-1.493,-11.874,-0.000,1.500,0.028
67.70,-11.897,-0.013,-1.493,-11.874,-0.000,1.500,0.028
67.72,-11.898,-0.013,-1.493,-11.874,-0.000,1.500,0.028
67.74,-11.898,-0.013,-1.493,-11.874,-0.000,1.500,0.028
67.76,-11.898,-0.014,-1.493,-11.874,-0.000,1.500,0.028
67.78,-11.898,-0.014,-1.493,-11.874,-0.000,1.500,0.028
67.80,-11.897,-0.014,-1.493,-11.874,-0.000,1.500,0.028
67.82,-11.897,-0.014,-1.493,-11.874,-0.000,1.500,0.028
67.84,-11.897,-0.015,-1.493,-11.874,-0.000,1.500,0.028
67.86,-11.897,-0.015,-1.493,-11.874,-0.000,1.500,0.028
67.89,-11.897,-0.015,-1.493,-11.874,-0.000,1.500,0.028
67.91,-11.897,-0.015,-1.493,-11.874,-0.000,1.500,0.028
67.93,-11.897,-0.015,-1.493,-11.874,-0.000,1.500,0.028
67.95,-11.896,-0.015,-1.493,-11.874,-0.000,1.500,0.028
67.97,-11.896,-0.015,-1.493,-11.874,-0.000,1.500,0.028
67.99,-11.896,-0.015,-1.493,-11.874,-0.000,1.500,0.028
68.01,-11.896,-0.015,-1.493,-11.874,-0.000,1.500,0.028
68.03,-11.896,-0.015,-1.493,-11.874,-0.000,1.500,0.028
68.05,-11.896,-0.015,-1.493,-11.874,-0.000,1.500,0.028
68.07,-11.896,-0.015,-1.493,-11.874,-0.000,1.500,0.028
68.09,-11.896,-0.015,-1.493,-11.874,-0.000,1.500,0.028
68.11,-11.896,-0.015,-1.493,-11.874,-0.000,1.500,0.028
68.14,-11.896,-0.015,-1.493,-11.874,-0.000,1.500,0.028
68.16,-11.897,-0.015,-1.493,-11.874,-0.000,1.500,0.028
68.18,-11.897,-0.015,-1.493,-11.874,-0.000,1.500,0.028
68.20,-11.897,-0.015,-1.493,-11.874,-0.000,1.500,0.028
68.22,-11.897,-0.015,-1.493,-11.874,-0.000,1.500,0.028
68.24,-11.898,-0.015,-1.493,-11.874,-0.000,1.500,0.029
68.26,-11.898,-0.015,-1.493,-11.874,-0.000,1.500,0.029
68.28,-11.899,-0.015,-1.493,-11.874,-0.000,1.500,0.029
68.30,-11.899,-0.015,-1.493,-11.874,-0.000,1.500,0.029
68.32,-11.900,-0.014,-1.493,-11.874,-0.000,1.500,0.030
68.34,-11.900,-0.014,-1.493,-11.874,-0.000,1.500,0.030
68.36,-11.900,-0.014,-1.493,-11.874,-0.000,1.500,0.031
68.39,-11.900,-0.014,-1.493,-11.874,-0.000,1.500,0.031
68.41,-11.900,-0.014,-1.493,-11.874,-0.000,1.500,0.031
68.43,-11.902,-0.014,-1.493,-11.874,-0.000,1.500,0.032
68.45,-11.902,-0.014,-1.493,-11.874,-0.000,1.500,0.032
68.47,-11.903,-0.013,-1.493,-11.874,-0.000,1.500,0.032
68.49,-11.903,-0.013,-1.493,-11.874,-0.000,1.500,0.032
68.51,-11.903,-0.013,-1.493,-11.874,-0.000,1.500,0.032
68.53,-11.903,-0.013,-1.493,-11.874,-0.000,1.500,0.032
68.55,-11.904,-0.013,-1.494,-11.874,-0.000,1.500,0.033
68.57,-11.904,-0.013,-1.494,-11.874,-0.000,1.500,0.033
68.59,-11.904,-0.012,-1.494,-11.874,-0.000,1.500,0.033
68.61,-11.904,-0.012,-1.494,-11.874,-0.000,1.500,0.033
68.63,-11.905,-0.012,-1.494,-11.874,-0.000,1.500,0.033
68.66,-11.905,-0.012,-1.494,-11.874,-0.000,1.500,0.033
68.68,-11.905,-0.011,-1.495,-11.874,-0.000,1.500,0.033
68.70,-11.905,-0.011,-1.495,-11.874,-0.000,1.500,0.033
68.72,-11.906,-0.010,-1.495,-11.874,-0.000,1.500,0.033
68.74,-11.906,-0.010,-1.495,-11.874,-0.000,1.500,0.033
68.76,-11.906,-0.009,-1.495,-11.874,-0.000,1.500,0.033
68.78,-11.906,-0.009,-1.495,-11.874,-0.000,1.500,0.033
68.80,-11.906,-0.008,-1.495,-11.874,-0.000,1.500,0.034
68.82,-11.906,-0.008,-1.495,-11.874,-0.000,1.500,0.034
68.84,-11.907,-0.007,-1.495,-11.874,-0.000,1.500,0.034
68.86,-11.907,-0.007,-1.495,-11.874,-0.000,1.500,0.034
68.89,-11.907,-0.006,-1.495,-11.874,-0.000,1.500,0.034
68.91,-11.907,-0.006,-1.495,-11.874,-0.000,1.500,0.034
68.93,-11.907,-0.006,-1.495,-11.874,-0.000,1.500,0.034
68.95,-11.907,-0.005,-1.495,-11.874,-0.000,1.500,0.034
68.97,-11.907,-0.005,-1.495,-11.874,-0.000,1.500,0.034
68.99,-11.908,-0.004,-1.494,-11.874,-0.000,1.500,0.034
69.01,-11.908,-0.004,-1.494,-11.874,-0.000,1.500,0.034
69.03,-11.908,-0.004,-1.494,-11.874,-0.000,1.500,0.034
69.05,-11.908,-0.004,-1.494,-11.874,-0.000,1.500,0.034
69.07,-11.908,-0.003,-1.494,-11.874,-0.000,1.500,0.034
69.09,-11.908,-0.003,-1.494,-11.874,-0.000,1.500,0.034
69.11,-11.907,-0.002,-1.494,-11.874,-0.000,1.500,0.034
69.13,-11.907,-0.002,-1.494,-11.874,-0.000,1.500,0.034
69.16,-11.907,-0.002,-1.494,-11.874,-0.000,1.500,0.033
69.18,-11.907,-0.002,-1.494,-11.874,-0.000,1.500,0.033
69.20,-11.906,-0.001,-1.494,-11.874,-0.000,1.500,0.033
69.22,-11.906,-0.001,-1.494,-11.874,-0.000,1.500,0.033
69.24,-11.906,-0.001,-1.494,-11.874,-0.000,1.500,0.032
69.26,-11.906,-0.001,-1.494,-11.874,-0.000,1.500,0.032
69.28,-11.905,-0.000,-1.494,-11.874,-0.000,1.500,0.031
69.30,-11.905,-0.000,-1.494,-11.874,-0.000,1.500,0.031
69.32,-11.904,0.000,-1.495,-11.874,-0.000,1.500,0.030
69.34,-11.904,0.000,-1.495,-11.874,-0.000,1.500,0.030
69.36,-11.903,0.000,-1.495,-11.874,-0.000,1.500,0.029
69.38,-11.903,0.000,-1.495,-11.874,-0.000,1.500,0.029
69.40,-11.903,0.000,-1.495,-11.874,-0.000,1.500,0.029
69.43,-11.901,0.001,-1.496,-11.874,-0.000,1.500,0.027
69.45,-11.901,0.001,-1.496,-11.874,-0.000,1.500,0.027
69.47,-11.900,0.001,-1.497,-11.874,-0.000,1.500,0.026
69.49,-11.900,0.001,-1.497,-11.874,-0.000,1.500,0.026
69.51,-11.898,0.001,-1.498,-11.874,-0.000,1.500,0.024
69.53,-11.898,0.001,-1.498,-11.874,-0.000,1.500,0.024
69.55,-11.897,0.002,-1.499,-11.874,-0.000,1.500,0.022
69.57,-11.897,0.002,-1.499,-11.874,-0.000,1.500,0.022
69.59,-11.895,0.002,-1.499,-11.874,-0.000,1.500,0.021
69.61,-11.895,0.002,-1.499,-11.874,-0.000,1.500,0.021
69.63,-11.894,0.003,-1.500,-11.874,-0.000,1.500,0.020
69.65,-11.894,0.003,-1.500,-11.874,-0.000,1.500,0.020
69.67,-11.892,0.003,-1.500,-11.874,-0.000,1.500,0.018
69.70,-11.892,0.003,-1.500,-11.874,-0.000,1.500,0.018
69.72,-11.890,0.004,-1.501,-11.874,-0.000,1.500,0.017
69.74,-11.890,0.004,-1.501,-11.874,-0.000,1.500,0.017
69.76,-11.889,0.005,-1.501,-11.874,-0.000,1.500,0.016
69.78,-11.889,0.005,-1.501,-11.874,-0.000,1.500,0.016
69.80,-11.888,0.006,-1.502,-11.874,-0.000,1.500,0.015
69.82,-11.888,0.006,-1.502,-11.874,-0.000,1.500,0.015
69.84,-11.887,0.007,-1.502,-11.874,-0.000,1.500,0.014
69.86,-11.887,0.007,-1.502,-11.874,-0.000,1.500,0.014
69.88,-11.886,0.008,-1.502,-11.874,-0.000,1.500,0.014
69.90,-11.886,0.008,-1.502,-11.874,-0.000,1.500,0.014
69.92,-11.886,0.008,-1.502,-11.874,-0.000,1.500,0.014
69.95,-11.884,0.009,-1.503,-11.874,-0.000,1.500,0.014
69.97,-11.884,0.009,-1.503,-11.874,-0.000,1.500,0.014
69.99,-11.883,0.011,-1.503,-11.874,-0.000,1.500,0.014
70.01,-11.883,0.011,-1.503,-11.874,-0.000,1.500,0.014
70.03,-11.883,0.012,-1.503,-11.874,-0.000,1.500,0.015
70.05,-11.883,0.012,-1.503,-11.874,-0.000,1.500,0.015
70.07,-11.882,0.013,-1.503,-11.874,-0.000,1.500,0.015
70.09,-11.882,0.013,-1.503,-11.874,-0.000,1.500,0.015
70.11,-11.881,0.014,-1.504,-11.874,-0.000,1.500,0.016
70.13,-11.881,0.014,-1.504,-11.874,-0.000,1.500,0.016
70.15,-11.880,0.015,-1.504,-11.874,-0.000,1.500,0.017
70.17,-11.880,0.015,-1.504,-11.874,-0.000,1.500,0.017
70.19,-11.879,0.016,-1.504,-11.874,-0.000,1.500,0.017
70.22,-11.879,0.016,-1.504,-11.874,-0.000,1.500,0.017
70.24,-11.877,0.017,-1.504,-11.874,-0.000,1.500,0.018
70.26,-11.877,0.017,-1.504,-11.874,-0.000,1.500,0.018
70.28,-11.876,0.018,-1.504,-11.874,-0.000,1.500,0.019
70.30,-11.876,0.018,-1.504,-11.874,-0.000,1.500,0.019
70.32,-11.876,0.019,-1.504,-11.874,-0.000,1.500,0.020
70.34,-11.876,0.019,-1.504,-11.874,-0.000,1.500,0.020
70.36,-11.875,0.020,-1.504,-11.874,-0.000,1.500,0.020
70.38,-11.875,0.020,-1.504,-11.874,-0.000,1.500,0.020
70.40,-11.875,0.020,-1.504,-11.874,-0.000,1.500,0.020
70.42,-11.873,0.021,-1.504,-11.874,-0.000,1.500,0.022
70.44,-11.873,0.021,-1.504,-11.874,-0.000,1.500,0.022
70.47,-11.872,0.022,-1.504,-11.874,-0.000,1.500,0.022
70.49,-11.872,0.022,-1.504,-11.874,-0.000,1.500,0.022
70.51,-11.870,0.022,-1.504,-11.874,-0.000,1.500,0.023
70.53,-11.870,0.022,-1.504,-11.874,-0.000,1.500,0.023
70.55,-11.869,0.023,-1.504,-11.874,-0.000,1.500,0.024
70.57,-11.869,0.023,-1.504,-11.874,-0.000,1.500,0.024
70.59,-11.867,0.023,-1.504,-11.874,-0.000,1.500,0.024
70.61,-11.867,0.023,-1.504,-11.874,-0.000,1.500,0.024
70.63,-11.865,0.023,-1.504,-11.874,-0.000,1.500,0.025
70.65,-11.865,0.023,-1.504,-11.874,-0.000,1.500,0.025
70.67,-11.864,0.023,-1.504,-11.874,-0.000,1.500,0.025
70.69,-11.864,0.023,-1.504,-11.874,-0.000,1.500,0.025
70.71,-11.863,0.022,-1.504,-11.874,-0.000,1.500,0.025
70.74,-11.863,0.022,-1.504,-11.874,-0.000,1.500,0.025
70.76,-11.862,0.022,-1.504,-11.874,-0.000,1.500,0.025
70.78,-11.862,0.022,-1.504,-11.874,-0.000,1.500,0.025
70.80,-11.861,0.021,-1.504,-11.874,-0.000,1.500,0.025
70.82,-11.861,0.021,-1.504,-11.874,-0.000,1.500,0.025
70.84,-11.861,0.021,-1.503,-11.874,-0.000,1.500,0.025
70.86,-11.861,0.021,-1.503,-11.874,-0.000,1.500,0.025
70.88,-11.861,0.021,-1.503,-11.874,-0.000,1.500,0.025
70.90,-11.861,0.021,-1.503,-11.874,-0.000,1.500,0.025
70.92,-11.861,0.021,-1.503,-11.874,-0.000,1.500,0.025
70.94,-11.861,0.020,-1.503,-11.874,-0.000,1.500,0.025
70.96,-11.861,0.020,-1.503,-11.874,-0.000,1.500,0.025
70.98,-11.861,0.020,-1.503,-11.874,-0.000,1.500,0.025
71.01,-11.861,0.020,-1.503,-11.874,-0.000,1.500,0.025
71.03,-11.861,0.020,-1.503,-11.874,-0.000,1.500,0.025
71.05,-11.861,0.020,-1.503,-11.874,-0.000,1.500,0.025
71.07,-11.861,0.021,-1.503,-11.874,-0.000,1.500,0.025
71.09,-11.861,0.021,-1.503,-11.874,-0.000,1.500,0.025
71.11,-11.861,0.021,-1.503,-11.874,-0.000,1.500,0.025
71.13,-11.861,0.021,-1.503,-11.874,-0.000,1.500,0.025
71.15,-11.861,0.021,-1.502,-11.874,-0.000,1.500,0.025
71.17,-11.861,0.021,-1.502,-11.874,-0.000,1.500,0.025
71.19,-11.861,0.021,-1.502,-11.874,-0.000,1.500,0.025
71.21,-11.861,0.021,-1.502,-11.874,-0.000,1.500,0.025
71.23,-11.861,0.022,-1.502,-11.874,-0.000,1.500,0.026
71.26,-11.861,0.022,-1.502,-11.874,-0.000,1.500,0.026
71.28,-11.861,0.022,-1.502,-11.874,-0.000,1.500,0.026
71.30,-11.861,0.022,-1.502,-11.874,-0.000,1.500,0.026
71.32,-11.861,0.023,-1.502,-11.874,-0.000,1.500,0.026
71.34,-11.861,0.023,-1.502,-11.874,-0.000,1.500,0.026
71.36,-11.861,0.023,-1.503,-11.874,-0.000,1.500,0.027
71.38,-11.861,0.023,-1.503,-11.874,-0.000,1.500,0.027
71.40,-11.861,0.024,-1.503,-11.874,-0.000,1.500,0.027
71.42,-11.861,0.024,-1.503,-11.874,-0.000,1.500,0.027
71.44,-11.861,0.024,-1.503,-11.874,-0.000,1.500,0.027
71.46,-11.861,0.024,-1.503,-11.874,-0.000,1.500,0.028
71.48,-11.861,0.024,-1.503,-11.874,-0.000,1.500,0.028
71.51,-11.861,0.025,-1.503,-11.874,-0.000,1.500,0.028
71.53,-11.861,0.025,-1.503,-11.874,-0.000,1.500,0.028
71.55,-11.861,0.025,-1.503,-11.874,-0.000,1.500,0.028
71.57,-11.861,0.025,-1.503,-11.874,-0.000,1.500,0.028
71.59,-11.862,0.025,-1.503,-11.874,-0.000,1.500,0.029
71.61,-11.862,0.025,-1.503,-11.874,-0.000,1.500,0.029
71.63,-11.862,0.025,-1.503,-11.874,-0.000,1.500,0.029
71.65,-11.862,0.025,-1.503,-11.874,-0.000,1.500,0.029
71.67,-11.862,0.025,-1.503,-11.874,-0.000,1.500,0.028
71.69,-11.862,0.025,-1.503,-11.874,-0.000,1.500,0.028
71.71,-11.862,0.025,-1.503,-11.874,-0.000,1.500,0.028
71.74,-11.862,0.025,-1.503,-11.874,-0.000,1.500,0.028
71.76,-11.862,0.025,-1.503,-11.874,-0.000,1.500,0.028
71.78,-11.862,0.025,-1.503,-11.874,-0.000,1.500,0.028
71.80,-11.862,0.025,-1.503,-11.874,-0.000,1.500,0.028
71.82,-11.862,0.025,-1.503,-11.874,-0.000,1.500,0.028
71.84,-11.861,0.024,-1.503,-11.874,-0.000,1.500,0.028
71.86,-11.861,0.024,-1.503,-11.874,-0.000,1.500,0.028
71.88,-11.861,0.024,-1.503,-11.874,-0.000,1.500,0.027
71.90,-11.861,0.024,-1.503,-11.874,-0.000,1.500,0.027
71.92,-11.861,0.024,-1.503,-11.874,-0.000,1.500,0.027
71.94,-11.861,0.023,-1.503,-11.874,-0.000,1.500,0.026
71.96,-11.861,0.023,-1.503,-11.874,-0.000,1.500,0.026
71.98,-11.861,0.022,-1.503,-11.874,-0.000,1.500,0.026
72.01,-11.861,0.022,-1.503,-11.874,-0.000,1.500,0.026
72.03,-11.861,0.021,-1.503,-11.874,-0.000,1.500,0.025
72.05,-11.861,0.021,-1.503,-11.874,-0.000,1.500,0.025
72.07,-11.861,0.020,-1.503,-11.874,-0.000,1.500,0.024
72.09,-11.861,0.020,-1.503,-11.874,-0.000,1.500,0.024
72.11,-11.861,0.018,-1.503,-11.874,-0.000,1.500,0.023
72.13,-11.861,0.018,-1.503,-11.874,-0.000,1.500,0.023
72.15,-11.861,0.017,-1.503,-11.874,-0.000,1.500,0.022
72.17,-11.861,0.017,-1.503,-11.874,-0.000,1.500,0.022
72.19,-11.861,0.016,-1.503,-11.874,-0.000,1.500,0.021
72.21,-11.861,0.016,-1.503,-11.874,-0.000,1.500,0.021
72.23,-11.861,0.015,-1.503,-11.874,-0.000,1.500,0.020
72.25,-11.861,0.015,-1.503,-11.874,-0.000,1.500,0.020
72.28,-11.862,0.014,-1.504,-11.874,-0.000,1.500,0.019
72.30,-11.862,0.014,-1.504,-11.874,-0.000,1.500,0.019
72.32,-11.862,0.013,-1.504,-11.874,-0.000,1.500,0.018
72.34,-11.862,0.013,-1.504,-11.874,-0.000,1.500,0.018
72.36,-11.863,0.012,-1.505,-11.874,-0.000,1.500,0.017
72.38,-11.863,0.012,-1.505,-11.874,-0.000,1.500,0.017
72.40,-11.864,0.011,-1.505,-11.874,-0.000,1.500,0.016
72.42,-11.864,0.011,-1.505,-11.874,-0.000,1.500,0.016
72.44,-11.864,0.011,-1.505,-11.874,-0.000,1.500,0.016
72.46,-11.865,0.010,-1.506,-11.874,-0.000,1.500,0.015
72.48,-11.865,0.010,-1.506,-11.874,-0.000,1.500,0.015
72.51,-11.866,0.010,-1.507,-11.874,-0.000,1.500,0.014
72.53,-11.866,0.010,-1.507,-11.874,-0.000,1.500,0.014
72.55,-11.868,0.009,-1.507,-11.874,-0.000,1.500,0.013
72.57,-11.868,0.009,-1.507,-11.874,-0.000,1.500,0.013
72.59,-11.869,0.008,-1.508,-11.874,-0.000,1.500,0.013
72.61,-11.869,0.008,-1.508,-11.874,-0.000,1.500,0.013
72.63,-11.870,0.008,-1.508,-11.874,-0.000,1.500,0.012
72.65,-11.870,0.008,-1.508,-11.874,-0.000,1.500,0.012
72.67,-11.871,0.008,-1.509,-11.874,-0.000,1.500,0.012
72.69,-11.871,0.008,-1.509,-11.874,-0.000,1.500,0.012
72.71,-11.872,0.007,-1.509,-11.874,-0.000,1.500,0.012
72.73,-11.872,0.007,-1.509,-11.874,-0.000,1.500,0.012
72.75,-11.873,0.007,-1.509,-11.874,-0.000,1.500,0.011
72.78,-11.873,0.007,-1.509,-11.874,-0.000,1.500,0.011
72.80,-11.874,0.006,-1.509,-11.874,-0.000,1.500,0.011
72.82,-11.874,0.006,-1.509,-11.874,-0.000,1.500,0.011
72.84,-11.874,0.005,-1.509,-11.874,-0.000,1.500,0.011
72.86,-11.874,0.005,-1.509,-11.874,-0.000,1.500,0.011
72.88,-11.875,0.005,-1.509,-11.874,-0.000,1.500,0.011
72.90,-11.875,0.005,-1.509,-11.874,-0.000,1.500,0.011
72.92,-11.875,0.005,-1.509,-11.874,-0.000,1.500,0.011
72.94,-11.876,0.004,-1.509,-11.874,-0.000,1.500,0.010
72.96,-11.876,0.004,-1.509,-11.874,-0.000,1.500,0.010
72.98,-11.876,0.003,-1.509,-11.874,-0.000,1.500,0.010
73.00,-11.876,0.003,-1.509,-11.874,-0.000,1.500,0.010
73.02,-11.876,0.003,-1.508,-11.874,-0.000,1.500,0.009
73.04,-11.876,0.003,-1.508,-11.874,-0.000,1.500,0.009
73.07,-11.876,0.002,-1.508,-11.874,-0.000,1.500,0.009
73.09,-11.876,0.002,-1.508,-11.874,-0.000,1.500,0.009
73.11,-11.877,0.002,-1.507,-11.874,-0.000,1.500,0.008
73.13,-11.877,0.002,-1.507,-11.874,-0.000,1.500,0.008
73.15,-11.877,0.001,-1.507,-11.874,-0.000,1.500,0.007
73.17,-11.877,0.001,-1.507,-11.874,-0.000,1.500,0.007
73.19,-11.877,0.000,-1.506,-11.874,-0.000,1.500,0.007
73.21,-11.877,0.000,-1.506,-11.874,-0.000,1.500,0.007
73.23,-11.877,-0.000,-1.505,-11.874,-0.000,1.500,0.006
73.25,-11.877,-0.000,-1.505,-11.874,-0.000,1.500,0.006
73.28,-11.877,-0.000,-1.505,-11.874,-0.000,1.500,0.006
73.30,-11.877,-0.000,-1.505,-11.874,-0.000,1.500,0.006
73.32,-11.877,-0.001,-1.504,-11.874,-0.000,1.500,0.005
73.34,-11.877,-0.001,-1.504,-11.874,-0.000,1.500,0.005
73.36,-11.877,-0.001,-1.504,-11.874,-0.000,1.500,0.005
73.38,-11.877,-0.001,-1.504,-11.874,-0.000,1.500,0.005
73.40,-11.877,-0.002,-1.503,-11.874,-0.000,1.500,0.005
73.42,-11.877,-0.002,-1.503,-11.874,-0.000,1.500,0.005
73.44,-11.877,-0.002,-1.503,-11.874,-0.000,1.500,0.005
73.46,-11.877,-0.002,-1.502,-11.874,-0.000,1.500,0.004
73.48,-11.877,-0.002,-1.502,-11.874,-0.000,1.500,0.004
73.50,-11.877,-0.002,-1.502,-11.874,-0.000,1.500,0.004
73.53,-11.877,-0.002,-1.502,-11.874,-0.000,1.500,0.004
73.55,-11.877,-0.002,-1.501,-11.874,-0.000,1.500,0.004
73.57,-11.877,-0.002,-1.501,-11.874,-0.000,1.500,0.004
73.59,-11.877,-0.002,-1.500,-11.874,-0.000,1.500,0.004
73.61,-11.877,-0.002,-1.500,-11.874,-0.000,1.500,0.004
73.63,-11.877,-0.002,-1.500,-11.874,-0.000,1.500,0.004
73.65,-11.877,-0.002,-1.500,-11.874,-0.000,1.500,0.004
73.67,-11.877,-0.002,-1.499,-11.874,-0.000,1.500,0.004
73.69,-11.877,-0.002,-1.499,-11.874,-0.000,1.500,0.004
73.71,-11.877,-0.002,-1.499,-11.874,-0.000,1.500,0.004
73.73,-11.877,-0.002,-1.499,-11.874,-0.000,1.500,0.004
73.75,-11.877,-0.002,-1.499,-11.874,-0.000,1.500,0.004
73.77,-11.877,-0.002,-1.499,-11.874,-0.000,1.500,0.004
73.80,-11.877,-0.002,-1.499,-11.874,-0.000,1.500,0.004
73.82,-11.877,-0.002,-1.499,-11.874,-0.000,1.500,0.004
73.84,-11.877,-0.002,-1.499,-11.874,-0.000,1.500,0.004
73.86,-11.877,-0.002,-1.499,-11.874,-0.000,1.500,0.004
73.88,-11.878,-0.002,-1.499,-11.874,-0.000,1.500,0.004
73.90,-11.878,-0.002,-1.499,-11.874,-0.000,1.500,0.004
73.92,-11.878,-0.002,-1.500,-11.874,-0.000,1.500,0.004
73.94,-11.878,-0.002,-1.500,-11.874,-0.000,1.500,0.004
73.96,-11.878,-0.002,-1.500,-11.874,-0.000,1.500,0.004
73.98,-11.879,-0.001,-1.501,-11.874,-0.000,1.500,0.005
74.00,-11.879,-0.001,-1.501,-11.874,-0.000,1.500,0.005
74.03,-11.880,-0.001,-1.501,-11.874,-0.000,1.500,0.006
74.05,-11.880,-0.001,-1.501,-11.874,-0.000,1.500,0.006
74.07,-11.881,-0.001,-1.503,-11.874,-0.000,1.500,0.007
74.09,-11.881,-0.001,-1.503,-11.874,-0.000,1.500,0.007
74.11,-11.882,-0.000,-1.504,-11.874,-0.000,1.500,0.009
74.13,-11.882,-0.000,-1.504,-11.874,-0.000,1.500,0.009
74.15,-11.882,-0.000,-1.505,-11.874,-0.000,1.500,0.010
74.17,-11.882,-0.000,-1.505,-11.874,-0.000,1.500,0.010
74.19,-11.883,-0.000,-1.506,-11.874,-0.000,1.500,0.011
74.21,-11.883,-0.000,-1.506,-11.874,-0.000,1.500,0.011
74.23,-11.884,-0.000,-1.507,-11.874,-0.000,1.500,0.012
74.25,-11.884,-0.000,-1.507,-11.874,-0.000,1.500,0.012
74.28,-11.885,-0.000,-1.508,-11.874,-0.000,1.500,0.013
74.30,-11.885,-0.000,-1.508,-11.874,-0.000,1.500,0.013
74.32,-11.886,-0.001,-1.509,-11.874,-0.000,1.500,0.015
74.34,-11.886,-0.001,-1.509,-11.874,-0.000,1.500,0.015
74.36,-11.886,-0.001,-1.509,-11.874,-0.000,1.500,0.016
74.38,-11.886,-0.001,-1.509,-11.874,-0.000,1.500,0.016
74.40,-11.887,-0.001,-1.510,-11.874,-0.000,1.500,0.017
74.42,-11.887,-0.001,-1.510,-11.874,-0.000,1.500,0.017
74.44,-11.887,-0.001,-1.510,-11.874,-0.000,1.500,0.017
74.46,-11.888,-0.001,-1.511,-11.874,-0.000,1.500,0.018
74.48,-11.888,-0.001,-1.511,-11.874,-0.000,1.500,0.018
74.50,-11.888,-0.000,-1.512,-11.874,-0.000,1.500,0.019
74.53,-11.888,-0.000,-1.512,-11.874,-0.000,1.500,0.019
74.55,-11.889,-0.000,-1.513,-11.874,-0.000,1.500,0.020
74.57,-11.889,-0.000,-1.513,-11.874,-0.000,1.500,0.020
74.59,-11.890,0.000,-1.514,-11.874,-0.000,1.500,0.021
74.61,-11.890,0.000,-1.514,-11.874,-0.000,1.500,0.021
74.63,-11.890,0.000,-1.514,-11.874,-0.000,1.500,0.021
74.65,-11.890,0.000,-1.514,-11.874,-0.000,1.500,0.021
74.67,-11.890,0.000,-1.515,-11.874,-0.000,1.500,0.022
74.69,-11.890,0.000,-1.515,-11.874,-0.000,1.500,0.022
74.71,-11.891,0.000,-1.515,-11.874,-0.000,1.500,0.023
74.73,-11.891,0.000,-1.515,-11.874,-0.000,1.500,0.023
74.75,-11.891,0.000,-1.516,-11.874,-0.000,1.500,0.023
74.77,-11.891,0.000,-1.516,-11.874,-0.000,1.500,0.023
74.80,-11.891,-0.000,-1.516,-11.874,-0.000,1.500,0.024
74.82,-11.891,-0.000,-1.516,-11.874,-0.000,1.500,0.024
74.84,-11.891,-0.001,-1.517,-11.874,-0.000,1.500,0.024
74.86,-11.891,-0.001,-1.517,-11.874,-0.000,1.500,0.024
74.88,-11.891,-0.001,-1.518,-11.874,-0.000,1.500,0.025
74.90,-11.891,-0.001,-1.518,-11.874,-0.000,1.500,0.025
74.92,-11.891,-0.002,-1.518,-11.874,-0.000,1.500,0.025
74.94,-11.891,-0.002,-1.518,-11.874,-0.000,1.500,0.025
74.96,-11.891,-0.002,-1.518,-11.874,-0.000,1.500,0.025
74.98,-11.891,-0.003,-1.519,-11.874,-0.000,1.500,0.026
75.00,-11.891,-0.003,-1.519,-11.874,-0.000,1.500,0.026
75.02,-11.891,-0.004,-1.519,-11.874,-0.000,1.500,0.026
75.04,-11.891,-0.004,-1.519,-11.874,-0.000,1.500,0.026
75.07,-11.891,-0.005,-1.520,-11.874,-0.000,1.500,0.027
75.09,-11.891,-0.005,-1.520,-11.874,-0.000,1.500,0.027
75.11,-11.891,-0.006,-1.520,-11.874,-0.000,1.500,0.027
75.13,-11.891,-0.006,-1.520,-11.874,-0.000,1.500,0.027
75.15,-11.890,-0.008,-1.520,-11.874,-0.000,1.500,0.027
75.17,-11.890,-0.008,-1.520,-11.874,-0.000,1.500,0.027
75.19,-11.890,-0.009,-1.520,-11.874,-0.000,1.500,0.027
75.21,-11.890,-0.009,-1.520,-11.874,-0.000,1.500,0.027
75.23,-11.889,-0.011,-1.520,-11.874,-0.000,1.500,0.027
75.25,-11.889,-0.011,-1.520,-11.874,-0.000,1.500,0.027
75.28,-11.889,-0.012,-1.519,-11.874,-0.000,1.500,0.027
75.30,-11.889,-0.012,-1.519,-11.874,-0.000,1.500,0.027
75.32,-11.888,-0.013,-1.519,-11.874,-0.000,1.500,0.027
75.34,-11.888,-0.013,-1.519,-11.874,-0.000,1.500,0.027
75.36,-11.887,-0.015,-1.518,-11.874,-0.000,1.500,0.027
75.38,-11.887,-0.015,-1.518,-11.874,-0.000,1.500,0.027
75.40,-11.887,-0.016,-1.518,-11.874,-0.000,1.500,0.027
75.42,-11.887,-0.016,-1.518,-11.874,-0.000,1.500,0.027
75.44,-11.887,-0.016,-1.518,-11.874,-0.000,1.500,0.027
75.46,-11.886,-0.017,-1.517,-11.874,-0.000,1.500,0.027
75.48,-11.886,-0.017,-1.517,-11.874,-0.000,1.500,0.027
75.50,-11.885,-0.018,-1.516,-11.874,-0.000,1.500,0.026
75.52,-11.885,-0.018,-1.516,-11.874,-0.000,1.500,0.026
75.55,-11.884,-0.018,-1.516,-11.874,-0.000,1.500,0.026
75.57,-11.884,-0.018,-1.516,-11.874,-0.000,1.500,0.026
75.59,-11.883,-0.018,-1.515,-11.874,-0.000,1.500,0.025
75.61,-11.883,-0.018,-1.515,-11.874,-0.000,1.500,0.025
75.63,-11.882,-0.018,-1.515,-11.874,-0.000,1.500,0.024
75.65,-11.882,-0.018,-1.515,-11.874,-0.000,1.500,0.024
75.67,-11.881,-0.017,-1.514,-11.874,-0.000,1.500,0.023
75.69,-11.881,-0.017,-1.514,-11.874,-0.000,1.500,0.023
75.71,-11.880,-0.016,-1.513,-11.874,-0.000,1.500,0.022
75.73,-11.880,-0.016,-1.513,-11.874,-0.000,1.500,0.022
75.75,-11.878,-0.015,-1.512,-11.874,-0.000,1.500,0.020
75.77,-11.878,-0.015,-1.512,-11.874,-0.000,1.500,0.020
75.80,-11.877,-0.014,-1.512,-11.874,-0.000,1.500,0.019
75.82,-11.877,-0.014,-1.512,-11.874,-0.000,1.500,0.019
75.84,-11.876,-0.013,-1.511,-11.874,-0.000,1.500,0.017
75.86,-11.876,-0.013,-1.511,-11.874,-0.000,1.500,0.017
75.88,-11.875,-0.011,-1.510,-11.874,-0.000,1.500,0.015
75.90,-11.875,-0.011,-1.510,-11.874,-0.000,1.500,0.015
75.92,-11.873,-0.010,-1.509,-11.874,-0.000,1.500,0.014
75.94,-11.873,-0.010,-1.509,-11.874,-0.000,1.500,0.014
75.96,-11.873,-0.010,-1.509,-11.874,-0.000,1.500,0.014
75.98,-11.872,-0.007,-1.508,-11.874,-0.000,1.500,0.011
76.00,-11.872,-0.007,-1.508,-11.874,-0.000,1.500,0.011
76.02,-11.871,-0.006,-1.507,-11.874,-0.000,1.500,0.010
76.05,-11.871,-0.006,-1.507,-11.874,-0.000,1.500,0.010
76.07,-11.870,-0.004,-1.506,-11.874,-0.000,1.500,0.008
76.09,-11.870,-0.004,-1.506,-11.874,-0.000,1.500,0.008
76.11,-11.869,-0.003,-1.505,-11.874,-0.000,1.500,0.008
76.13,-11.869,-0.003,-1.505,-11.874,-0.000,1.500,0.008
76.15,-11.868,-0.001,-1.504,-11.874,-0.000,1.500,0.007
76.17,-11.868,-0.001,-1.504,-11.874,-0.000,1.500,0.007
76.19,-11.868,0.000,-1.503,-11.874,-0.000,1.500,0.007
76.21,-11.868,0.000,-1.503,-11.874,-0.000,1.500,0.007
76.23,-11.867,0.001,-1.502,-11.874,-0.000,1.500,0.007
76.25,-11.867,0.001,-1.502,-11.874,-0.000,1.500,0.007
76.27,-11.867,0.002,-1.501,-11.874,-0.000,1.500,0.008
76.29,-11.867,0.002,-1.501,-11.874,-0.000,1.500,0.008
76.32,-11.867,0.004,-1.501,-11.874,-0.000,1.500,0.008
76.34,-11.867,0.004,-1.501,-11.874,-0.000,1.500,0.008
76.36,-11.867,0.005,-1.500,-11.874,-0.000,1.500,0.009
76.38,-11.867,0.005,-1.500,-11.874,-0.000,1.500,0.009
76.40,-11.867,0.006,-1.500,-11.874,-0.000,1.500,0.009
76.42,-11.867,0.006,-1.500,-11.874,-0.000,1.500,0.009
76.44,-11.868,0.007,-1.499,-11.874,-0.000,1.500,0.010
76.46,-11.868,0.007,-1.499,-11.874,-0.000,1.500,0.010
76.48,-11.868,0.007,-1.499,-11.874,-0.000,1.500,0.010
76.50,-11.868,0.008,-1.499,-11.874,-0.000,1.500,0.010
76.52,-11.868,0.008,-1.499,-11.874,-0.000,1.500,0.010
76.54,-11.869,0.009,-1.499,-11.874,-0.000,1.500,0.011
76.57,-11.869,0.009,-1.499,-11.874,-0.000,1.500,0.011
76.59,-11.869,0.010,-1.499,-11.874,-0.000,1.500,0.011
76.61,-11.869,0.010,-1.499,-11.874,-0.000,1.500,0.011
76.63,-11.870,0.011,-1.498,-11.874,-0.000,1.500,0.012
76.65,-11.870,0.011,-1.498,-11.874,-0.000,1.500,0.012
76.67,-11.871,0.012,-1.498,-11.874,-0.000,1.500,0.012
76.69,-11.871,0.012,-1.498,-11.874,-0.000,1.500,0.012
76.71,-11.871,0.012,-1.498,-11.874,-0.000,1.500,0.013
76.73,-11.871,0.012,-1.498,-11.874,-0.000,1.500,0.013
76.75,-11.871,0.013,-1.498,-11.874,-0.000,1.500,0.013
76.77,-11.871,0.013,-1.498,-11.874,-0.000,1.500,0.013
76.79,-11.872,0.014,-1.499,-11.874,-0.000,1.500,0.014
76.81,-11.872,0.014,-1.499,-11.874,-0.000,1.500,0.014
76.83,-11.872,0.014,-1.499,-11.874,-0.000,1.500,0.014
76.86,-11.872,0.014,-1.499,-11.874,-0.000,1.500,0.014
76.88,-11.872,0.015,-1.499,-11.874,-0.000,1.500,0.015
76.90,-11.872,0.015,-1.499,-11.874,-0.000,1.500,0.015
76.92,-11.873,0.015,-1.499,-11.874,-0.000,1.500,0.015
76.94,-11.873,0.015,-1.499,-11.874,-0.000,1.500,0.015
76.96,-11.873,0.015,-1.499,-11.874,-0.000,1.500,0.015
76.98,-11.873,0.016,-1.499,-11.874,-0.000,1.500,0.016
77.00,-11.873,0.016,-1.499,-11.874,-0.000,1.500,0.016
77.02,-11.873,0.016,-1.500,-11.874,-0.000,1.500,0.016
77.04,-11.873,0.016,-1.500,-11.874,-0.000,1.500,0.016
77.06,-11.874,0.016,-1.500,-11.874,-0.000,1.500,0.016
77.08,-11.874,0.016,-1.500,-11.874,-0.000,1.500,0.016
77.11,-11.874,0.016,-1.500,-11.874,-0.000,1.500,0.016
77.13,-11.874,0.016,-1.500,-11.874,-0.000,1.500,0.016
77.15,-11.874,0.016,-1.501,-11.874,-0.000,1.500,0.016
77.17,-11.874,0.016,-1.501,-11.874,-0.000,1.500,0.016
77.19,-11.874,0.016,-1.501,-11.874,-0.000,1.500,0.016
77.21,-11.874,0.016,-1.501,-11.874,-0.000,1.500,0.016
77.23,-11.874,0.016,-1.502,-11.874,-0.000,1.500,0.016
77.25,-11.874,0.016,-1.502,-11.874,-0.000,1.500,0.016
77.27,-11.874,0.016,-1.502,-11.874,-0.000,1.500,0.016
77.29,-11.874,0.016,-1.502,-11.874,-0.000,1.500,0.016
77.31,-11.874,0.016,-1.502,-11.874,-0.000,1.500,0.016
77.33,-11.874,0.016,-1.502,-11.874,-0.000,1.500,0.016
77.36,-11.874,0.016,-1.503,-11.874,-0.000,1.500,0.017
77.38,-11.874,0.016,-1.503,-11.874,-0.000,1.500,0.017
77.40,-11.873,0.017,-1.503,-11.874,-0.000,1.500,0.017
77.42,-11.873,0.017,-1.503,-11.874,-0.000,1.500,0.017
77.44,-11.873,0.017,-1.503,-11.874,-0.000,1.500,0.017
77.46,-11.873,0.017,-1.503,-11.874,-0.000,1.500,0.017
77.48,-11.873,0.017,-1.503,-11.874,-0.000,1.500,0.017
77.50,-11.872,0.016,-1.504,-11.874,-0.000,1.500,0.017
77.52,-11.872,0.016,-1.504,-11.874,-0.000,1.500,0.017
77.54,-11.872,0.016,-1.504,-11.874,-0.000,1.500,0.017
77.56,-11.872,0.016,-1.504,-11.874,-0.000,1.500,0.017
77.58,-11.871,0.015,-1.505,-11.874,-0.000,1.500,0.016
77.60,-11.871,0.015,-1.505,-11.874,-0.000,1.500,0.016
77.63,-11.871,0.015,-1.505,-11.874,-0.000,1.500,0.016
77.65,-11.871,0.015,-1.505,-11.874,-0.000,1.500,0.016
77.67,-11.870,0.014,-1.505,-11.874,-0.000,1.500,0.016
77.69,-11.870,0.014,-1.505,-11.874,-0.000,1.500,0.016
77.71,-11.869,0.013,-1.505,-11.874,-0.000,1.500,0.015
77.73,-11.869,0.013,-1.505,-11.874,-0.000,1.500,0.015
77.75,-11.868,0.012,-1.505,-11.874,-0.000,1.500,0.015
77.77,-11.868,0.012,-1.505,-11.874,-0.000,1.500,0.015
77.79,-11.868,0.011,-1.505,-11.874,-0.000,1.500,0.014
77.81,-11.868,0.011,-1.505,-11.874,-0.000,1.500,0.014
77.83,-11.867,0.010,-1.505,-11.874,-0.000,1.500,0.014
77.85,-11.867,0.010,-1.505,-11.874,-0.000,1.500,0.014
77.88,-11.867,0.009,-1.505,-11.874,-0.000,1.500,0.013
77.90,-11.867,0.009,-1.505,-11.874,-0.000,1.500,0.013
77.92,-11.867,0.008,-1.505,-11.874,-0.000,1.500,0.012
77.94,-11.867,0.008,-1.505,-11.874,-0.000,1.500,0.012
77.96,-11.867,0.008,-1.505,-11.874,-0.000,1.500,0.012
77.98,-11.867,0.007,-1.505,-11.874,-0.000,1.500,0.011
78.00,-11.867,0.007,-1.505,-11.874,-0.000,1.500,0.011
78.02,-11.867,0.006,-1.504,-11.874,-0.000,1.500,0.010
78.04,-11.867,0.006,-1.504,-11.874,-0.000,1.500,0.010
78.06,-11.868,0.006,-1.504,-11.874,-0.000,1.500,0.009
78.08,-11.868,0.006,-1.504,-11.874,-0.000,1.500,0.009
78.10,-11.868,0.005,-1.503,-11.874,-0.000,1.500,0.008
78.13,-11.868,0.005,-1.503,-11.874,-0.000,1.500,0.008
78.15,-11.869,0.005,-1.502,-11.874,-0.000,1.500,0.008
78.17,-11.869,0.005,-1.502,-11.874,-0.000,1.500,0.008
78.19,-11.870,0.005,-1.501,-11.874,-0.000,1.500,0.007
78.21,-11.870,0.005,-1.501,-11.874,-0.000,1.500,0.007
78.23,-11.870,0.005,-1.500,-11.874,-0.000,1.500,0.007
78.25,-11.870,0.005,-1.500,-11.874,-0.000,1.500,0.007
78.27,-11.871,0.006,-1.499,-11.874,-0.000,1.500,0.007
78.29,-11.871,0.006,-1.499,-11.874,-0.000,1.500,0.007
78.31,-11.872,0.006,-1.497,-11.874,-0.000,1.500,0.007
78.33,-11.872,0.006,-1.497,-11.874,-0.000,1.500,0.007
78.35,-11.872,0.007,-1.496,-11.874,-0.000,1.500,0.008
78.37,-11.872,0.007,-1.496,-11.874,-0.000,1.500,0.008
78.40,-11.873,0.008,-1.495,-11.874,-0.000,1.500,0.009
78.42,-11.873,0.008,-1.495,-11.874,-0.000,1.500,0.009
78.44,-11.874,0.009,-1.494,-11.874,-0.000,1.500,0.011
78.46,-11.874,0.009,-1.494,-11.874,-0.000,1.500,0.011
78.48,-11.874,0.009,-1.494,-11.874,-0.000,1.500,0.011
78.50,-11.875,0.010,-1.492,-11.874,-0.000,1.500,0.012
78.52,-11.875,0.010,-1.492,-11.874,-0.000,1.500,0.012
78.54,-11.876,0.011,-1.491,-11.874,-0.000,1.500,0.014
78.56,-11.876,0.011,-1.491,-11.874,-0.000,1.500,0.014
78.58,-11.877,0.011,-1.491,-11.874,-0.000,1.500,0.015
78.60,-11.877,0.011,-1.491,-11.874,-0.000,1.500,0.015
78.62,-11.878,0.012,-1.490,-11.874,-0.000,1.500,0.015
78.65,-11.878,0.012,-1.490,-11.874,-0.000,1.500,0.015
78.67,-11.879,0.012,-1.490,-11.874,-0.000,1.500,0.016
78.69,-11.879,0.012,-1.490,-11.874,-0.000,1.500,0.016
78.71,-11.880,0.013,-1.490,-11.874,-0.000,1.500,0.017
78.73,-11.880,0.013,-1.490,-11.874,-0.000,1.500,0.017
78.75,-11.881,0.013,-1.490,-11.874,-0.000,1.500,0.017
78.77,-11.881,0.013,-1.490,-11.874,-0.000,1.500,0.017
78.79,-11.881,0.013,-1.490,-11.874,-0.000,1.500,0.018
78.81,-11.881,0.013,-1.490,-11.874,-0.000,1.500,0.018
78.83,-11.882,0.013,-1.490,-11.874,-0.000,1.500,0.018
78.85,-11.882,0.013,-1.490,-11.874,-0.000,1.500,0.018
78.87,-11.883,0.013,-1.490,-11.874,-0.000,1.500,0.018
78.90,-11.883,0.013,-1.490,-11.874,-0.000,1.500,0.018
78.92,-11.883,0.013,-1.490,-11.874,-0.000,1.500,0.018
78.94,-11.883,0.013,-1.490,-11.874,-0.000,1.500,0.018
78.96,-11.883,0.013,-1.491,-11.874,-0.000,1.500,0.018
78.98,-11.883,0.013,-1.491,-11.874,-0.000,1.500,0.018
79.00,-11.883,0.013,-1.491,-11.874,-0.000,1.500,0.018
79.02,-11.883,0.012,-1.491,-11.874,-0.000,1.500,0.018
79.04,-11.883,0.012,-1.491,-11.874,-0.000,1.500,0.018
79.06,-11.883,0.012,-1.491,-11.874,-0.000,1.500,0.017
79.08,-11.883,0.012,-1.491,-11.874,-0.000,1.500,0.017
79.10,-11.884,0.012,-1.491,-11.874,-0.000,1.500,0.017
79.13,-11.884,0.012,-1.491,-11.874,-0.000,1.500,0.017
79.15,-11.884,0.011,-1.492,-11.874,-0.000,1.500,0.017
79.17,-11.884,0.011,-1.492,-11.874,-0.000,1.500,0.017
79.19,-11.884,0.011,-1.492,-11.874,-0.000,1.500,0.017
79.21,-11.884,0.011,-1.492,-11.874,-0.000,1.500,0.017
79.23,-11.885,0.010,-1.491,-11.874,-0.000,1.500,0.017
79.25,-11.885,0.010,-1.491,-11.874,-0.000,1.500,0.017
79.27,-11.885,0.010,-1.491,-11.874,-0.000,1.500,0.017
79.29,-11.885,0.010,-1.491,-11.874,-0.000,1.500,0.017
79.31,-11.885,0.009,-1.491,-11.874,-0.000,1.500,0.017
79.33,-11.885,0.009,-1.491,-11.874,-0.000,1.500,0.017
79.35,-11.885,0.008,-1.491,-11.874,-0.000,1.500,0.016
79.37,-11.885,0.008,-1.491,-11.874,-0.000,1.500,0.016
79.40,-11.885,0.007,-1.491,-11.874,-0.000,1.500,0.016
79.42,-11.885,0.007,-1.491,-11.874,-0.000,1.500,0.016
79.44,-11.886,0.006,-1.491,-11.874,-0.000,1.500,0.016
79.46,-11.886,0.006,-1.491,-11.874,-0.000,1.500,0.016
79.48,-11.886,0.006,-1.491,-11.874,-0.000,1.500,0.016
79.50,-11.886,0.005,-1.491,-11.874,-0.000,1.500,0.015
79.52,-11.886,0.005,-1.491,-11.874,-0.000,1.500,0.015
79.54,-11.885,0.004,-1.491,-11.874,-0.000,1.500,0.015
79.56,-11.885,0.004,-1.491,-11.874,-0.000,1.500,0.015
79.58,-11.885,0.004,-1.491,-11.874,-0.000,1.500,0.015
79.61,-11.885,0.004,-1.491,-11.874,-0.000,1.500,0.015
79.63,-11.885,0.003,-1.492,-11.874,-0.000,1.500,0.014
79.65,-11.885,0.003,-1.492,-11.874,-0.000,1.500,0.014
79.67,-11.885,0.003,-1.492,-11.874,-0.000,1.500,0.014
79.69,-11.885,0.003,-1.492,-11.874,-0.000,1.500,0.014
79.71,-11.885,0.002,-1.492,-11.874,-0.000,1.500,0.014
79.73,-11.885,0.002,-1.492,-11.874,-0.000,1.500,0.014
79.75,-11.885,0.002,-1.492,-11.874,-0.000,1.500,0.014
79.77,-11.885,0.002,-1.492,-11.874,-0.000,1.500,0.014
79.79,-11.885,0.002,-1.492,-11.874,-0.000,1.500,0.013
79.81,-11.885,0.002,-1.492,-11.874,-0.000,1.500,0.013
79.83,-11.884,0.001,-1.493,-11.874,-0.000,1.500,0.013
79.85,-11.884,0.001,-1.493,-11.874,-0.000,1.500,0.013
79.87,-11.884,0.001,-1.493,-11.874,-0.000,1.500,0.012
79.90,-11.884,0.001,-1.493,-11.874,-0.000,1.500,0.012
79.92,-11.883,0.001,-1.494,-11.874,-0.000,1.500,0.011
79.94,-11.883,0.001,-1.494,-11.874,-0.000,1.500,0.011
79.96,-11.882,0.000,-1.494,-11.874,-0.000,1.500,0.010
79.98,-11.882,0.000,-1.494,-11.874,-0.000,1.500,0.010
80.00,-11.882,0.000,-1.494,-11.874,-0.000,1.500,0.010
80.02,-11.881,-0.000,-1.494,-11.874,-0.000,1.500,0.009
80.04,-11.881,-0.000,-1.494,-11.874,-0.000,1.500,0.009
80.06,-11.880,-0.001,-1.494,-11.874,-0.000,1.500,0.008
80.08,-11.880,-0.001,-1.494,-11.874,-0.000,1.500,0.008
80.10,-11.879,-0.001,-1.494,-11.874,-0.000,1.500,0.008
80.12,-11.879,-0.001,-1.494,-11.874,-0.000,1.500,0.008
80.15,-11.878,-0.002,-1.494,-11.874,-0.000,1.500,0.007
80.17,-11.878,-0.002,-1.494,-11.874,-0.000,1.500,0.007
80.19,-11.876,-0.002,-1.494,-11.874,-0.000,1.500,0.007
80.21,-11.876,-0.002,-1.494,-11.874,-0.000,1.500,0.007
80.23,-11.875,-0.003,-1.494,-11.874,-0.000,1.500,0.007
80.25,-11.875,-0.003,-1.494,-11.874,-0.000,1.500,0.007
80.27,-11.874,-0.004,-1.494,-11.874,-0.000,1.500,0.007
80.29,-11.874,-0.004,-1.494,-11.874,-0.000,1.500,0.007
80.31,-11.873,-0.004,-1.494,-11.874,-0.000,1.500,0.008
80.33,-11.873,-0.004,-1.494,-11.874,-0.000,1.500,0.008
80.35,-11.872,-0.005,-1.494,-11.874,-0.000,1.500,0.008
80.38,-11.872,-0.005,-1.494,-11.874,-0.000,1.500,0.008
80.40,-11.870,-0.005,-1.493,-11.874,-0.000,1.500,0.009
80.42,-11.870,-0.005,-1.493,-11.874,-0.000,1.500,0.009
80.44,-11.869,-0.005,-1.493,-11.874,-0.000,1.500,0.010
80.46,-11.869,-0.005,-1.493,-11.874,-0.000,1.500,0.010
80.48,-11.869,-0.005,-1.493,-11.874,-0.000,1.500,0.010
80.50,-11.868,-0.005,-1.493,-11.874,-0.000,1.500,0.010
80.52,-11.868,-0.005,-1.493,-11.874,-0.000,1.500,0.010
80.54,-11.867,-0.005,-1.494,-11.874,-0.000,1.500,0.011
80.56,-11.867,-0.005,-1.494,-11.874,-0.000,1.500,0.011
80.58,-11.867,-0.005,-1.494,-11.874,-0.000,1.500,0.011
80.60,-11.867,-0.005,-1.494,-11.874,-0.000,1.500,0.011
80.63,-11.866,-0.005,-1.494,-11.874,-0.000,1.500,0.011
80.65,-11.866,-0.005,-1.494,-11.874,-0.000,1.500,0.011
80.67,-11.866,-0.004,-1.494,-11.874,-0.000,1.500,0.011
80.69,-11.866,-0.004,-1.494,-11.874,-0.000,1.500,0.011
80.71,-11.865,-0.004,-1.495,-11.874,-0.000,1.500,0.011
80.73,-11.865,-0.004,-1.495,-11.874,-0.000,1.500,0.011
80.75,-11.865,-0.003,-1.495,-11.874,-0.000,1.500,0.011
80.77,-11.865,-0.003,-1.495,-11.874,-0.000,1.500,0.011
80.79,-11.865,-0.003,-1.495,-11.874,-0.000,1.500,0.011
80.81,-11.865,-0.003,-1.495,-11.874,-0.000,1.500,0.011
80.84,-11.864,-0.002,-1.495,-11.874,-0.000,1.500,0.011
80.86,-11.864,-0.002,-1.495,-11.874,-0.000,1.500,0.011
80.88,-11.864,-0.002,-1.495,-11.874,-0.000,1.500,0.012
80.90,-11.864,-0.002,-1.495,-11.874,-0.000,1.500,0.012
80.92,-11.863,-0.001,-1.494,-11.874,-0.000,1.500,0.012
80.94,-11.863,-0.001,-1.494,-11.874,-0.000,1.500,0.012
80.96,-11.863,-0.001,-1.494,-11.874,-0.000,1.500,0.013
80.98,-11.863,-0.001,-1.494,-11.874,-0.000,1.500,0.013
81.00,-11.863,-0.001,-1.494,-11.874,-0.000,1.500,0.013
81.02,-11.862,-0.000,-1.494,-11.874,-0.000,1.500,0.013
81.04,-11.862,-0.000,-1.494,-11.874,-0.000,1.500,0.013
81.06,-11.862,0.000,-1.494,-11.874,-0.000,1.500,0.014
81.08,-11.862,0.000,-1.494,-11.874,-0.000,1.500,0.014
81.10,-11.861,0.000,-1.494,-11.874,-0.000,1.500,0.015
81.13,-11.861,0.000,-1.494,-11.874,-0.000,1.500,0.015
81.15,-11.860,0.000,-1.494,-11.874,-0.000,1.500,0.015
81.17,-11.860,0.000,-1.494,-11.874,-0.000,1.500,0.015
81.19,-11.860,0.000,-1.494,-11.874,-0.000,1.500,0.016
81.21,-11.860,0.000,-1.494,-11.874,-0.000,1.500,0.016
81.23,-11.859,0.000,-1.494,-11.874,-0.000,1.500,0.016
81.25,-11.859,0.000,-1.494,-11.874,-0.000,1.500,0.016
81.27,-11.858,-0.000,-1.494,-11.874,-0.000,1.500,0.017
81.29,-11.858,-0.000,-1.494,-11.874,-0.000,1.500,0.017
81.31,-11.858,-0.000,-1.494,-11.874,-0.000,1.500,0.017
81.33,-11.858,-0.000,-1.494,-11.874,-0.000,1.500,0.017
81.35,-11.857,-0.001,-1.494,-11.874,-0.000,1.500,0.018
81.38,-11.857,-0.001,-1.494,-11.874,-0.000,1.500,0.018
81.40,-11.857,-0.001,-1.493,-11.874,-0.000,1.500,0.018
81.42,-11.857,-0.001,-1.493,-11.874,-0.000,1.500,0.018
81.44,-11.856,-0.002,-1.493,-11.874,-0.000,1.500,0.019
81.46,-11.856,-0.002,-1.493,-11.874,-0.000,1.500,0.019
81.48,-11.856,-0.002,-1.493,-11.874,-0.000,1.500,0.019
81.50,-11.856,-0.002,-1.493,-11.874,-0.000,1.500,0.019
81.52,-11.856,-0.002,-1.493,-11.874,-0.000,1.500,0.019
81.54,-11.856,-0.003,-1.493,-11.874,-0.000,1.500,0.020
81.56,-11.856,-0.003,-1.493,-11.874,-0.000,1.500,0.020
81.58,-11.856,-0.004,-1.494,-11.874,-0.000,1.500,0.020
81.60,-11.856,-0.004,-1.494,-11.874,-0.000,1.500,0.020
81.63,-11.855,-0.004,-1.493,-11.874,-0.000,1.500,0.020
81.65,-11.855,-0.004,-1.493,-11.874,-0.000,1.500,0.020
81.67,-11.855,-0.005,-1.493,-11.874,-0.000,1.500,0.021
81.69,-11.855,-0.005,-1.493,-11.874,-0.000,1.500,0.021
81.71,-11.855,-0.005,-1.493,-11.874,-0.000,1.500,0.021
81.73,-11.855,-0.005,-1.493,-11.874,-0.000,1.500,0.021
81.75,-11.855,-0.006,-1.493,-11.874,-0.000,1.500,0.022
81.77,-11.855,-0.006,-1.493,-11.874,-0.000,1.500,0.022
81.79,-11.855,-0.007,-1.493,-11.874,-0.000,1.500,0.022
81.81,-11.855,-0.007,-1.493,-11.874,-0.000,1.500,0.022
81.83,-11.854,-0.008,-1.493,-11.874,-0.000,1.500,0.022
81.86,-11.854,-0.008,-1.493,-11.874,-0.000,1.500,0.022
81.88,-11.854,-0.009,-1.493,-11.874,-0.000,1.500,0.023
81.90,-11.854,-0.009,-1.493,-11.874,-0.000,1.500,0.023
81.92,-11.854,-0.010,-1.492,-11.874,-0.000,1.500,0.023
81.94,-11.854,-0.010,-1.492,-11.874,-0.000,1.500,0.023
81.96,-11.854,-0.010,-1.492,-11.874,-0.000,1.500,0.024
81.98,-11.854,-0.010,-1.492,-11.874,-0.000,1.500,0.024
82.00,-11.854,-0.010,-1.492,-11.874,-0.000,1.500,0.024
82.02,-11.855,-0.012,-1.492,-11.874,-0.000,1.500,0.024
82.04,-11.855,-0.012,-1.492,-11.874,-0.000,1.500,0.024
82.06,-11.855,-0.012,-1.492,-11.874,-0.000,1.500,0.024
82.08,-11.855,-0.012,-1.492,-11.874,-0.000,1.500,0.024
82.10,-11.855,-0.013,-1.491,-11.874,-0.000,1.500,0.024
82.13,-11.855,-0.013,-1.491,-11.874,-0.000,1.500,0.024
82.15,-11.856,-0.013,-1.491,-11.874,-0.000,1.500,0.024
82.17,-11.856,-0.013,-1.491,-11.874,-0.000,1.500,0.024
82.19,-11.856,-0.013,-1.490,-11.874,-0.000,1.500,0.024
82.21,-11.856,-0.013,-1.490,-11.874,-0.000,1.500,0.024
82.23,-11.857,-0.013,-1.490,-11.874,-0.000,1.500,0.023
82.25,-11.857,-0.013,-1.490,-11.874,-0.000,1.500,0.023
82.27,-11.858,-0.012,-1.489,-11.874,-0.000,1.500,0.023
82.29,-11.858,-0.012,-1.489,-11.874,-0.000,1.500,0.023
82.31,-11.858,-0.012,-1.489,-11.874,-0.000,1.500,0.022
82.33,-11.858,-0.012,-1.489,-11.874,-0.000,1.500,0.022
82.35,-11.859,-0.012,-1.489,-11.874,-0.000,1.500,0.022
82.38,-11.859,-0.012,-1.489,-11.874,-0.000,1.500,0.022
82.40,-11.860,-0.011,-1.489,-11.874,-0.000,1.500,0.021
82.42,-11.860,-0.011,-1.489,-11.874,-0.000,1.500,0.021
82.44,-11.860,-0.010,-1.488,-11.874,-0.000,1.500,0.020
82.46,-11.860,-0.010,-1.488,-11.874,-0.000,1.500,0.020
82.48,-11.861,-0.009,-1.488,-11.874,-0.000,1.500,0.020
82.50,-11.861,-0.009,-1.488,-11.874,-0.000,1.500,0.020
82.52,-11.861,-0.009,-1.488,-11.874,-0.000,1.500,0.020
82.54,-11.861,-0.008,-1.488,-11.874,-0.000,1.500,0.019
82.56,-11.861,-0.008,-1.488,-11.874,-0.000,1.500,0.019
82.58,-11.862,-0.007,-1.488,-11.874,-0.000,1.500,0.018
82.61,-11.862,-0.007,-1.488,-11.874,-0.000,1.500,0.018
82.63,-11.863,-0.006,-1.488,-11.874,-0.000,1.500,0.017
82.65,-11.863,-0.006,-1.488,-11.874,-0.000,1.500,0.017
82.67,-11.863,-0.006,-1.489,-11.874,-0.000,1.500,0.017
82.69,-11.863,-0.006,-1.489,-11.874,-0.000,1.500,0.017
82.71,-11.864,-0.005,-1.489,-11.874,-0.000,1.500,0.016
82.73,-11.864,-0.005,-1.489,-11.874,-0.000,1.500,0.016
82.75,-11.865,-0.004,-1.489,-11.874,-0.000,1.500,0.015
82.77,-11.865,-0.004,-1.489,-11.874,-0.000,1.500,0.015
82.79,-11.866,-0.004,-1.489,-11.874,-0.000,1.500,0.014
82.81,-11.866,-0.004,-1.489,-11.874,-0.000,1.500,0.014
82.83,-11.867,-0.004,-1.489,-11.874,-0.000,1.500,0.014
82.85,-11.867,-0.004,-1.489,-11.874,-0.000,1.500,0.014
82.88,-11.868,-0.004,-1.488,-11.874,-0.000,1.500,0.013
82.90,-11.868,-0.004,-1.488,-11.874,-0.000,1.500,0.013
82.92,-11.869,-0.004,-1.488,-11.874,-0.000,1.500,0.013
82.94,-11.869,-0.004,-1.488,-11.874,-0.000,1.500,0.013
82.96,-11.870,-0.004,-1.488,-11.874,-0.000,1.500,0.013
82.98,-11.870,-0.004,-1.488,-11.874,-0.000,1.500,0.013
83.00,-11.870,-0.004,-1.488,-11.874,-0.000,1.500,0.013
83.02,-11.871,-0.005,-1.487,-11.874,-0.000,1.500,0.014
83.04,-11.871,-0.005,-1.487,-11.874,-0.000,1.500,0.014
83.06,-11.872,-0.005,-1.487,-11.874,-0.000,1.500,0.014
83.08,-11.872,-0.005,-1.487,-11.874,-0.000,1.500,0.014
83.10,-11.872,-0.006,-1.487,-11.874,-0.000,1.500,0.014
83.13,-11.872,-0.006,-1.487,-11.874,-0.000,1.500,0.014
83.15,-11.873,-0.006,-1.487,-11.874,-0.000,1.500,0.014
83.17,-11.873,-0.006,-1.487,-11.874,-0.000,1.500,0.014
83.19,-11.873,-0.007,-1.486,-11.874,-0.000,1.500,0.015
83.21,-11.873,-0.007,-1.486,-11.874,-0.000,1.500,0.015
83.23,-11.874,-0.007,-1.486,-11.874,-0.000,1.500,0.016
83.25,-11.874,-0.007,-1.486,-11.874,-0.000,1.500,0.016
83.27,-11.874,-0.008,-1.486,-11.874,-0.000,1.500,0.016
83.29,-11.874,-0.008,-1.486,-11.874,-0.000,1.500,0.016
83.31,-11.874,-0.008,-1.486,-11.874,-0.000,1.500,0.017
83.33,-11.874,-0.008,-1.486,-11.874,-0.000,1.500,0.017
83.36,-11.874,-0.009,-1.485,-11.874,-0.000,1.500,0.017
83.38,-11.874,-0.009,-1.485,-11.874,-0.000,1.500,0.017
83.40,-11.874,-0.010,-1.485,-11.874,-0.000,1.500,0.018
83.42,-11.874,-0.010,-1.485,-11.874,-0.000,1.500,0.018
83.44,-11.874,-0.011,-1.485,-11.874,-0.000,1.500,0.018
83.46,-11.874,-0.011,-1.485,-11.874,-0.000,1.500,0.018
83.48,-11.874,-0.012,-1.485,-11.874,-0.000,1.500,0.019
83.50,-11.874,-0.012,-1.485,-11.874,-0.000,1.500,0.019
83.52,-11.874,-0.012,-1.485,-11.874,-0.000,1.500,0.019
83.54,-11.874,-0.014,-1.485,-11.874,-0.000,1.500,0.021
83.56,-11.874,-0.014,-1.485,-11.874,-0.000,1.500,0.021
83.58,-11.874,-0.015,-1.484,-11.874,-0.000,1.500,0.022
83.60,-11.874,-0.015,-1.484,-11.874,-0.000,1.500,0.022
83.63,-11.875,-0.017,-1.485,-11.874,-0.000,1.500,0.023
83.65,-11.875,-0.017,-1.485,-11.874,-0.000,1.500,0.023
83.67,-11.875,-0.018,-1.485,-11.874,-0.000,1.500,0.023
83.69,-11.875,-0.018,-1.485,-11.874,-0.000,1.500,0.023
83.71,-11.875,-0.019,-1.485,-11.874,-0.000,1.500,0.024
83.73,-11.875,-0.019,-1.485,-11.874,-0.000,1.500,0.024
83.75,-11.876,-0.020,-1.486,-11.874,-0.000,1.500,0.025
83.77,-11.876,-0.020,-1.486,-11.874,-0.000,1.500,0.025
83.79,-11.876,-0.021,-1.486,-11.874,-0.000,1.500,0.025
83.81,-11.876,-0.021,-1.486,-11.874,-0.000,1.500,0.025
83.83,-11.877,-0.022,-1.487,-11.874,-0.000,1.500,0.025
83.85,-11.877,-0.022,-1.487,-11.874,-0.000,1.500,0.025
83.87,-11.877,-0.022,-1.488,-11.874,-0.000,1.500,0.026
83.90,-11.877,-0.022,-1.488,-11.874,-0.000,1.500,0.026
83.92,-11.878,-0.023,-1.489,-11.874,-0.000,1.500,0.026
83.94,-11.878,-0.023,-1.489,-11.874,-0.000,1.500,0.026
83.96,-11.878,-0.023,-1.489,-11.874,-0.000,1.500,0.026
83.98,-11.878,-0.023,-1.489,-11.874,-0.000,1.500,0.026
84.00,-11.878,-0.024,-1.490,-11.874,-0.000,1.500,0.026
84.02,-11.878,-0.024,-1.490,-11.874,-0.000,1.500,0.026
84.04,-11.878,-0.024,-1.490,-11.874,-0.000,1.500,0.026
84.06,-11.879,-0.024,-1.492,-11.874,-0.000,1.500,0.026
84.08,-11.879,-0.024,-1.492,-11.874,-0.000,1.500,0.026
84.10,-11.880,-0.024,-1.492,-11.874,-0.000,1.500,0.026
84.12,-11.880,-0.024,-1.492,-11.874,-0.000,1.500,0.026
84.15,-11.880,-0.024,-1.493,-11.874,-0.000,1.500,0.026
84.17,-11.880,-0.024,-1.493,-11.874,-0.000,1.500,0.026
84.19,-11.881,-0.024,-1.494,-11.874,-0.000,1.500,0.026
84.21,-11.881,-0.024,-1.494,-11.874,-0.000,1.500,0.026
84.23,-11.882,-0.024,-1.494,-11.874,-0.000,1.500,0.026
84.25,-11.882,-0.024,-1.494,-11.874,-0.000,1.500,0.026
84.27,-11.882,-0.024,-1.494,-11.874,-0.000,1.500,0.026
84.29,-11.882,-0.024,-1.494,-11.874,-0.000,1.500,0.026
84.31,-11.883,-0.024,-1.495,-11.874,-0.000,1.500,0.026
84.33,-11.883,-0.024,-1.495,-11.874,-0.000,1.500,0.026
84.35,-11.883,-0.023,-1.495,-11.874,-0.000,1.500,0.025
84.37,-11.883,-0.023,-1.495,-11.874,-0.000,1.500,0.025
84.39,-11.884,-0.023,-1.496,-11.874,-0.000,1.500,0.025
84.42,-11.884,-0.023,-1.496,-11.874,-0.000,1.500,0.025
84.44,-11.884,-0.022,-1.496,-11.874,-0.000,1.500,0.024
84.46,-11.884,-0.022,-1.496,-11.874,-0.000,1.500,0.024
84.48,-11.884,-0.021,-1.497,-11.874,-0.000,1.500,0.023
84.50,-11.884,-0.021,-1.497,-11.874,-0.000,1.500,0.023
84.52,-11.884,-0.021,-1.497,-11.874,-0.000,1.500,0.023
84.54,-11.884,-0.019,-1.498,-11.874,-0.000,1.500,0.022
84.56,-11.884,-0.019,-1.498,-11.874,-0.000,1.500,0.022
84.58,-11.884,-0.018,-1.498,-11.874,-0.000,1.500,0.021
84.60,-11.884,-0.018,-1.498,-11.874,-0.000,1.500,0.021
84.62,-11.884,-0.017,-1.499,-11.874,-0.000,1.500,0.020
84.64,-11.884,-0.017,-1.499,-11.874,-0.000,1.500,0.020
84.67,-11.884,-0.016,-1.499,-11.874,-0.000,1.500,0.019
84.69,-11.884,-0.016,-1.499,-11.874,-0.000,1.500,0.019
84.71,-11.884,-0.015,-1.499,-11.874,-0.000,1.500,0.018
84.73,-11.884,-0.015,-1.499,-11.874,-0.000,1.500,0.018
84.75,-11.884,-0.013,-1.500,-11.874,-0.000,1.500,0.016
84.77,-11.884,-0.013,-1.500,-11.874,-0.000,1.500,0.016
84.79,-11.884,-0.012,-1.500,-11.874,-0.000,1.500,0.016
84.81,-11.884,-0.012,-1.500,-11.874,-0.000,1.500,0.016
84.83,-11.885,-0.010,-1.501,-11.874,-0.000,1.500,0.015
84.85,-11.885,-0.010,-1.501,-11.874,-0.000,1.500,0.015
84.87,-11.885,-0.009,-1.501,-11.874,-0.000,1.500,0.014
84.89,-11.885,-0.009,-1.501,-11.874,-0.000,1.500,0.014
84.91,-11.886,-0.008,-1.501,-11.874,-0.000,1.500,0.014
84.94,-11.886,-0.008,-1.501,-11.874,-0.000,1.500,0.014
84.96,-11.887,-0.006,-1.501,-11.874,-0.000,1.500,0.014
84.98,-11.887,-0.006,-1.501,-11.874,-0.000,1.500,0.014
85.00,-11.887,-0.005,-1.501,-11.874,-0.000,1.500,0.014
85.02,-11.887,-0.005,-1.501,-11.874,-0.000,1.500,0.014
85.04,-11.887,-0.005,-1.501,-11.874,-0.000,1.500,0.014
85.06,-11.889,-0.003,-1.502,-11.874,-0.000,1.500,0.015
85.08,-11.889,-0.003,-1.502,-11.874,-0.000,1.500,0.015
85.10,-11.890,-0.002,-1.503,-11.874,-0.000,1.500,0.016
85.12,-11.890,-0.002,-1.503,-11.874,-0.000,1.500,0.016
85.14,-11.890,-0.000,-1.503,-11.874,-0.000,1.500,0.017
85.16,-11.890,-0.000,-1.503,-11.874,-0.000,1.500,0.017
85.19,-11.891,0.001,-1.504,-11.874,-0.000,1.500,0.018
85.21,-11.891,0.001,-1.504,-11.874,-0.000,1.500,0.018
85.23,-11.892,0.002,-1.505,-11.874,-0.000,1.500,0.019
85.25,-11.892,0.002,-1.505,-11.874,-0.000,1.500,0.019
85.27,-11.894,0.003,-1.506,-11.874,-0.000,1.500,0.021
85.29,-11.894,0.003,-1.506,-11.874,-0.000,1.500,0.021
85.31,-11.895,0.004,-1.506,-11.874,-0.000,1.500,0.022
85.33,-11.895,0.004,-1.506,-11.874,-0.000,1.500,0.022
85.35,-11.896,0.005,-1.507,-11.874,-0.000,1.500,0.023
85.37,-11.896,0.005,-1.507,-11.874,-0.000,1.500,0.023
85.39,-11.897,0.006,-1.508,-11.874,-0.000,1.500,0.025
85.41,-11.897,0.006,-1.508,-11.874,-0.000,1.500,0.025
85.44,-11.898,0.007,-1.508,-11.874,-0.000,1.500,0.027
85.46,-11.898,0.007,-1.508,-11.874,-0.000,1.500,0.027
85.48,-11.900,0.009,-1.509,-11.874,-0.000,1.500,0.029
85.50,-11.900,0.009,-1.509,-11.874,-0.000,1.500,0.029
85.52,-11.900,0.009,-1.509,-11.874,-0.000,1.500,0.029
85.54,-11.901,0.011,-1.510,-11.874,-0.000,1.500,0.031
85.56,-11.901,0.011,-1.510,-11.874,-0.000,1.500,0.031
85.58,-11.902,0.012,-1.510,-11.874,-0.000,1.500,0.032
85.60,-11.902,0.012,-1.510,-11.874,-0.000,1.500,0.032
85.62,-11.903,0.013,-1.511,-11.874,-0.000,1.500,0.034
85.64,-11.903,0.013,-1.511,-11.874,-0.000,1.500,0.034
85.66,-11.904,0.015,-1.511,-11.874,-0.000,1.500,0.035
85.69,-11.904,0.015,-1.511,-11.874,-0.000,1.500,0.035
85.71,-11.904,0.016,-1.511,-11.874,-0.000,1.500,0.036
85.73,-11.904,0.016,-1.511,-11.874,-0.000,1.500,0.036
85.75,-11.904,0.017,-1.511,-11.874,-0.000,1.500,0.037
85.77,-11.904,0.017,-1.511,-11.874,-0.000,1.500,0.037
85.79,-11.904,0.019,-1.511,-11.874,-0.000,1.500,0.037
85.81,-11.904,0.019,-1.511,-11.874,-0.000,1.500,0.037
85.83,-11.904,0.020,-1.510,-11.874,-0.000,1.500,0.037
85.85,-11.904,0.020,-1.510,-11.874,-0.000,1.500,0.037
85.87,-11.903,0.021,-1.510,-11.874,-0.000,1.500,0.037
85.89,-11.903,0.021,-1.510,-11.874,-0.000,1.500,0.037
85.91,-11.902,0.022,-1.510,-11.874,-0.000,1.500,0.037
85.94,-11.902,0.022,-1.510,-11.874,-0.000,1.500,0.037
85.96,-11.901,0.022,-1.509,-11.874,-0.000,1.500,0.036
85.98,-11.901,0.022,-1.509,-11.874,-0.000,1.500,0.036
86.00,-11.900,0.023,-1.509,-11.874,-0.000,1.500,0.036
86.02,-11.900,0.023,-1.509,-11.874,-0.000,1.500,0.036
86.04,-11.900,0.023,-1.509,-11.874,-0.000,1.500,0.036
86.06,-11.897,0.024,-1.508,-11.874,-0.000,1.500,0.034
86.08,-11.897,0.024,-1.508,-11.874,-0.000,1.500,0.034
86.10,-11.895,0.024,-1.507,-11.874,-0.000,1.500,0.033
86.12,-11.895,0.024,-1.507,-11.874,-0.000,1.500,0.033
86.14,-11.894,0.024,-1.507,-11.874,-0.000,1.500,0.032
86.16,-11.894,0.024,-1.507,-11.874,-0.000,1.500,0.032
86.19,-11.892,0.024,-1.506,-11.874,-0.000,1.500,0.030
86.21,-11.892,0.024,-1.506,-11.874,-0.000,1.500,0.030
86.23,-11.890,0.023,-1.506,-11.874,-0.000,1.500,0.029
86.25,-11.890,0.023,-1.506,-11.874,-0.000,1.500,0.029
86.27,-11.888,0.023,-1.505,-11.874,-0.000,1.500,0.027
86.29,-11.888,0.023,-1.505,-11.874,-0.000,1.500,0.027
86.31,-11.886,0.022,-1.505,-11.874,-0.000,1.500,0.026
86.33,-11.886,0.022,-1.505,-11.874,-0.000,1.500,0.026
86.35,-11.884,0.022,-1.505,-11.874,-0.000,1.500,0.024
86.37,-11.884,0.022,-1.505,-11.874,-0.000,1.500,0.024
86.39,-11.883,0.021,-1.504,-11.874,-0.000,1.500,0.023
86.41,-11.883,0.021,-1.504,-11.874,-0.000,1.500,0.023
86.43,-11.881,0.020,-1.504,-11.874,-0.000,1.500,0.021
86.46,-11.881,0.020,-1.504,-11.874,-0.000,1.500,0.021
86.48,-11.878,0.018,-1.504,-11.874,-0.000,1.500,0.019
86.50,-11.878,0.018,-1.504,-11.874,-0.000,1.500,0.019
86.52,-11.876,0.017,-1.503,-11.874,-0.000,1.500,0.018
86.54,-11.876,0.017,-1.503,-11.874,-0.000,1.500,0.018
86.56,-11.876,0.017,-1.503,-11.874,-0.000,1.500,0.018
86.58,-11.872,0.015,-1.504,-11.874,-0.000,1.500,0.015
86.60,-11.872,0.015,-1.504,-11.874,-0.000,1.500,0.015
86.62,-11.871,0.013,-1.504,-11.874,-0.000,1.500,0.014
86.64,-11.871,0.013,-1.504,-11.874,-0.000,1.500,0.014
86.66,-11.869,0.011,-1.504,-11.874,-0.000,1.500,0.013
86.68,-11.869,0.011,-1.504,-11.874,-0.000,1.500,0.013
86.71,-11.867,0.009,-1.503,-11.874,-0.000,1.500,0.013
86.73,-11.867,0.009,-1.503,-11.874,-0.000,1.500,0.013
86.75,-11.865,0.007,-1.503,-11.874,-0.000,1.500,0.012
86.77,-11.865,0.007,-1.503,-11.874,-0.000,1.500,0.012
86.79,-11.863,0.005,-1.503,-11.874,-0.000,1.500,0.013
86.81,-11.863,0.005,-1.503,-11.874,-0.000,1.500,0.013
86.83,-11.861,0.003,-1.503,-11.874,-0.000,1.500,0.014
86.85,-11.861,0.003,-1.503,-11.874,-0.000,1.500,0.014
86.87,-11.860,0.001,-1.503,-11.874,-0.000,1.500,0.015
86.89,-11.860,0.001,-1.503,-11.874,-0.000,1.500,0.015
86.91,-11.858,-0.001,-1.502,-11.874,-0.000,1.500,0.016
86.93,-11.858,-0.001,-1.502,-11.874,-0.000,1.500,0.016
86.96,-11.857,-0.002,-1.502,-11.874,-0.000,1.500,0.018
86.98,-11.857,-0.002,-1.502,-11.874,-0.000,1.500,0.018
87.00,-11.855,-0.004,-1.501,-11.874,-0.000,1.500,0.019
87.02,-11.855,-0.004,-1.501,-11.874,-0.000,1.500,0.019
87.04,-11.855,-0.004,-1.501,-11.874,-0.000,1.500,0.019
87.06,-11.854,-0.005,-1.501,-11.874,-0.000,1.500,0.021
87.08,-11.854,-0.005,-1.501,-11.874,-0.000,1.500,0.021
87.10,-11.853,-0.006,-1.501,-11.874,-0.000,1.500,0.022
87.12,-11.853,-0.006,-1.501,-11.874,-0.000,1.500,0.022
87.14,-11.851,-0.007,-1.500,-11.874,-0.000,1.500,0.024
87.16,-11.851,-0.007,-1.500,-11.874,-0.000,1.500,0.024
87.18,-11.850,-0.007,-1.500,-11.874,-0.000,1.500,0.025
87.20,-11.850,-0.007,-1.500,-11.874,-0.000,1.500,0.025
87.23,-11.849,-0.008,-1.500,-11.874,-0.000,1.500,0.026
87.25,-11.849,-0.008,-1.500,-11.874,-0.000,1.500,0.026
87.27,-11.848,-0.008,-1.499,-11.874,-0.000,1.500,0.027
87.29,-11.848,-0.008,-1.499,-11.874,-0.000,1.500,0.027
87.31,-11.848,-0.008,-1.498,-11.874,-0.000,1.500,0.028
87.33,-11.848,-0.008,-1.498,-11.874,-0.000,1.500,0.028
87.35,-11.847,-0.008,-1.498,-11.874,-0.000,1.500,0.028
87.37,-11.847,-0.008,-1.498,-11.874,-0.000,1.500,0.028
87.39,-11.847,-0.009,-1.497,-11.874,-0.000,1.500,0.029
87.41,-11.847,-0.009,-1.497,-11.874,-0.000,1.500,0.029
87.43,-11.846,-0.009,-1.497,-11.874,-0.000,1.500,0.030
87.45,-11.846,-0.009,-1.497,-11.874,-0.000,1.500,0.030
87.48,-11.846,-0.009,-1.496,-11.874,-0.000,1.500,0.030
87.50,-11.846,-0.009,-1.496,-11.874,-0.000,1.500,0.030
87.52,-11.845,-0.010,-1.496,-11.874,-0.000,1.500,0.031
87.54,-11.845,-0.010,-1.496,-11.874,-0.000,1.500,0.031
87.56,-11.845,-0.010,-1.496,-11.874,-0.000,1.500,0.031
87.58,-11.844,-0.010,-1.495,-11.874,-0.000,1.500,0.032
87.60,-11.844,-0.010,-1.495,-11.874,-0.000,1.500,0.032
87.62,-11.844,-0.010,-1.495,-11.874,-0.000,1.500,0.032
87.64,-11.844,-0.010,-1.495,-11.874,-0.000,1.500,0.032
87.66,-11.844,-0.011,-1.494,-11.874,-0.000,1.500,0.032
87.68,-11.844,-0.011,-1.494,-11.874,-0.000,1.500,0.032
87.70,-11.844,-0.011,-1.494,-11.874,-0.000,1.500,0.032
87.72,-11.844,-0.011,-1.494,-11.874,-0.000,1.500,0.032
87.74,-11.845,-0.011,-1.493,-11.874,-0.000,1.500,0.032
87.77,-11.845,-0.011,-1.493,-11.874,-0.000,1.500,0.032
87.79,-11.845,-0.010,-1.493,-11.874,-0.000,1.500,0.031
87.81,-11.845,-0.010,-1.493,-11.874,-0.000,1.500,0.031
87.83,-11.846,-0.010,-1.493,-11.874,-0.000,1.500,0.030
87.85,-11.846,-0.010,-1.493,-11.874,-0.000,1.500,0.030
87.87,-11.847,-0.009,-1.492,-11.874,-0.000,1.500,0.029
87.89,-11.847,-0.009,-1.492,-11.874,-0.000,1.500,0.029
87.91,-11.849,-0.009,-1.492,-11.874,-0.000,1.500,0.028
87.93,-11.849,-0.009,-1.492,-11.874,-0.000,1.500,0.028
87.95,-11.850,-0.009,-1.492,-11.874,-0.000,1.500,0.027
87.97,-11.850,-0.009,-1.492,-11.874,-0.000,1.500,0.027
87.99,-11.851,-0.008,-1.492,-11.874,-0.000,1.500,0.026
88.01,-11.851,-0.008,-1.492,-11.874,-0.000,1.500,0.026
88.04,-11.852,-0.008,-1.492,-11.874,-0.000,1.500,0.025
88.06,-11.852,-0.008,-1.492,-11.874,-0.000,1.500,0.025
88.08,-11.852,-0.008,-1.492,-11.874,-0.000,1.500,0.025
88.10,-11.854,-0.008,-1.493,-11.874,-0.000,1.500,0.023
88.12,-11.854,-0.008,-1.493,-11.874,-0.000,1.500,0.023
88.14,-11.855,-0.007,-1.493,-11.874,-0.000,1.500,0.022
88.16,-11.855,-0.007,-1.493,-11.874,-0.000,1.500,0.022
88.18,-11.856,-0.007,-1.493,-11.874,-0.000,1.500,0.021
88.20,-11.856,-0.007,-1.493,-11.874,-0.000,1.500,0.021
88.22,-11.857,-0.007,-1.494,-11.874,-0.000,1.500,0.019
88.24,-11.857,-0.007,-1.494,-11.874,-0.000,1.500,0.019
88.26,-11.858,-0.007,-1.494,-11.874,-0.000,1.500,0.018
88.28,-11.858,-0.007,-1.494,-11.874,-0.000,1.500,0.018
88.31,-11.860,-0.007,-1.495,-11.874,-0.000,1.500,0.016
88.33,-11.860,-0.007,-1.495,-11.874,-0.000,1.500,0.016
88.35,-11.861,-0.007,-1.495,-11.874,-0.000,1.500,0.015
88.37,-11.861,-0.007,-1.495,-11.874,-0.000,1.500,0.015
88.39,-11.863,-0.007,-1.496,-11.874,-0.000,1.500,0.014
88.41,-11.863,-0.007,-1.496,-11.874,-0.000,1.500,0.014
88.43,-11.864,-0.007,-1.496,-11.874,-0.000,1.500,0.013
88.45,-11.864,-0.007,-1.496,-11.874,-0.000,1.500,0.013
88.47,-11.866,-0.007,-1.496,-11.874,-0.000,1.500,0.012
88.49,-11.866,-0.007,-1.496,-11.874,-0.000,1.500,0.012
88.51,-11.867,-0.007,-1.496,-11.874,-0.000,1.500,0.011
88.53,-11.867,-0.007,-1.496,-11.874,-0.000,1.500,0.011
88.55,-11.867,-0.007,-1.496,-11.874,-0.000,1.500,0.011
88.58,-11.869,-0.007,-1.496,-11.874,-0.000,1.500,0.009
88.60,-11.869,-0.007,-1.496,-11.874,-0.000,1.500,0.009
88.62,-11.871,-0.007,-1.496,-11.874,-0.000,1.500,0.009
88.64,-11.871,-0.007,-1.496,-11.874,-0.000,1.500,0.009
88.66,-11.872,-0.007,-1.496,-11.874,-0.000,1.500,0.008
88.68,-11.872,-0.007,-1.496,-11.874,-0.000,1.500,0.008
88.70,-11.874,-0.007,-1.495,-11.874,-0.000,1.500,0.008
88.72,-11.874,-0.007,-1.495,-11.874,-0.000,1.500,0.008
88.74,-11.875,-0.007,-1.495,-11.874,-0.000,1.500,0.009
88.76,-11.875,-0.007,-1.495,-11.874,-0.000,1.500,0.009
88.78,-11.876,-0.008,-1.495,-11.874,-0.000,1.500,0.009
88.80,-11.876,-0.008,-1.495,-11.874,-0.000,1.500,0.009
88.83,-11.877,-0.008,-1.495,-11.874,-0.000,1.500,0.010
88.85,-11.877,-0.008,-1.495,-11.874,-0.000,1.500,0.010
88.87,-11.878,-0.008,-1.495,-11.874,-0.000,1.500,0.010
88.89,-11.878,-0.008,-1.495,-11.874,-0.000,1.500,0.010
88.91,-11.880,-0.008,-1.495,-11.874,-0.000,1.500,0.011
88.93,-11.880,-0.008,-1.495,-11.874,-0.000,1.500,0.011
88.95,-11.880,-0.008,-1.495,-11.874,-0.000,1.500,0.012
88.97,-11.880,-0.008,-1.495,-11.874,-0.000,1.500,0.012
88.99,-11.881,-0.008,-1.495,-11.874,-0.000,1.500,0.012
89.01,-11.881,-0.008,-1.495,-11.874,-0.000,1.500,0.012
89.03,-11.881,-0.008,-1.495,-11.874,-0.000,1.500,0.012
89.05,-11.881,-0.008,-1.495,-11.874,-0.000,1.500,0.012
89.07,-11.881,-0.008,-1.495,-11.874,-0.000,1.500,0.012
89.10,-11.882,-0.008,-1.495,-11.874,-0.000,1.500,0.012
89.12,-11.882,-0.008,-1.495,-11.874,-0.000,1.500,0.012
89.14,-11.882,-0.007,-1.495,-11.874,-0.000,1.500,0.012
89.16,-11.882,-0.007,-1.495,-11.874,-0.000,1.500,0.012
89.18,-11.882,-0.006,-1.495,-11.874,-0.000,1.500,0.011
89.20,-11.882,-0.006,-1.495,-11.874,-0.000,1.500,0.011
89.22,-11.883,-0.006,-1.495,-11.874,-0.000,1.500,0.011
89.24,-11.883,-0.006,-1.495,-11.874,-0.000,1.500,0.011
89.26,-11.883,-0.004,-1.496,-11.874,-0.000,1.500,0.011
89.28,-11.883,-0.004,-1.496,-11.874,-0.000,1.500,0.011
89.30,-11.883,-0.004,-1.496,-11.874,-0.000,1.500,0.010
89.32,-11.883,-0.004,-1.496,-11.874,-0.000,1.500,0.010
89.34,-11.883,-0.003,-1.496,-11.874,-0.000,1.500,0.010
89.36,-11.883,-0.003,-1.496,-11.874,-0.000,1.500,0.010
89.39,-11.883,-0.002,-1.497,-11.874,-0.000,1.500,0.009
89.41,-11.883,-0.002,-1.497,-11.874,-0.000,1.500,0.009
89.43,-11.883,-0.000,-1.497,-11.874,-0.000,1.500,0.009
89.45,-11.883,-0.000,-1.497,-11.874,-0.000,1.500,0.009
89.47,-11.883,0.001,-1.498,-11.874,-0.000,1.500,0.009
89.49,-11.883,0.001,-1.498,-11.874,-0.000,1.500,0.009
89.51,-11.883,0.002,-1.498,-11.874,-0.000,1.500,0.009
89.53,-11.883,0.002,-1.498,-11.874,-0.000,1.500,0.009
89.55,-11.883,0.002,-1.498,-11.874,-0.000,1.500,0.009
89.57,-11.884,0.003,-1.499,-11.874,-0.000,1.500,0.010
89.59,-11.884,0.003,-1.499,-11.874,-0.000,1.500,0.010
89.62,-11.884,0.004,-1.500,-11.874,-0.000,1.500,0.011
89.64,-11.884,0.004,-1.500,-11.874,-0.000,1.500,0.011
89.66,-11.885,0.006,-1.500,-11.874,-0.000,1.500,0.012
89.68,-11.885,0.006,-1.500,-11.874,-0.000,1.500,0.012
89.70,-11.886,0.007,-1.501,-11.874,-0.000,1.500,0.014
89.72,-11.886,0.007,-1.501,-11.874,-0.000,1.500,0.014
89.74,-11.886,0.008,-1.501,-11.874,-0.000,1.500,0.015
89.76,-11.886,0.008,-1.501,-11.874,-0.000,1.500,0.015
89.78,-11.887,0.009,-1.502,-11.874,-0.000,1.500,0.016
89.80,-11.887,0.009,-1.502,-11.874,-0.000,1.500,0.016
89.82,-11.888,0.010,-1.502,-11.874,-0.000,1.500,0.017
89.84,-11.888,0.010,-1.502,-11.874,-0.000,1.500,0.017
89.87,-11.888,0.011,-1.502,-11.874,-0.000,1.500,0.018
89.89,-11.888,0.011,-1.502,-11.874,-0.000,1.500,0.018
89.91,-11.889,0.011,-1.502,-11.874,-0.000,1.500,0.019
89.93,-11.889,0.011,-1.502,-11.874,-0.000,1.500,0.019
89.95,-11.889,0.011,-1.502,-11.874,-0.000,1.500,0.019
89.97,-11.889,0.011,-1.502,-11.874,-0.000,1.500,0.019
89.99,-11.889,0.011,-1.502,-11.874,-0.000,1.500,0.019
90.01,-11.889,0.011,-1.502,-11.874,-0.000,1.500,0.019
90.03,-11.889,0.011,-1.501,-11.874,-0.000,1.500,0.019
90.05,-11.889,0.011,-1.501,-11.874,-0.000,1.500,0.019
90.07,-11.889,0.011,-1.501,-11.874,-0.000,1.500,0.019
90.09,-11.889,0.010,-1.501,-11.874,-0.000,1.500,0.018
90.12,-11.889,0.010,-1.501,-11.874,-0.000,1.500,0.018
90.14,-11.888,0.010,-1.501,-11.874,-0.000,1.500,0.017
90.16,-11.888,0.010,-1.501,-11.874,-0.000,1.500,0.017
90.18,-11.887,0.009,-1.501,-11.874,-0.000,1.500,0.016
90.20,-11.887,0.009,-1.501,-11.874,-0.000,1.500,0.016
90.22,-11.886,0.008,-1.501,-11.874,-0.000,1.500,0.015
90.24,-11.886,0.008,-1.501,-11.874,-0.000,1.500,0.015
90.26,-11.885,0.008,-1.501,-11.874,-0.000,1.500,0.013
90.28,-11.885,0.008,-1.501,-11.874,-0.000,1.500,0.013
90.30,-11.884,0.007,-1.501,-11.874,-0.000,1.500,0.012
90.32,-11.884,0.007,-1.501,-11.874,-0.000,1.500,0.012
90.34,-11.883,0.007,-1.501,-11.874,-0.000,1.500,0.011
90.37,-11.883,0.007,-1.501,-11.874,-0.000,1.500,0.011
90.39,-11.881,0.006,-1.501,-11.874,-0.000,1.500,0.010
90.41,-11.881,0.006,-1.501,-11.874,-0.000,1.500,0.010
90.43,-11.880,0.006,-1.501,-11.874,-0.000,1.500,0.008
90.45,-11.880,0.006,-1.501,-11.874,-0.000,1.500,0.008
90.47,-11.879,0.005,-1.501,-11.874,-0.000,1.500,0.007
90.49,-11.879,0.005,-1.501,-11.874,-0.000,1.500,0.007
90.51,-11.877,0.005,-1.502,-11.874,-0.000,1.500,0.006
90.53,-11.877,0.005,-1.502,-11.874,-0.000,1.500,0.006
90.55,-11.876,0.004,-1.502,-11.874,-0.000,1.500,0.005
90.57,-11.876,0.004,-1.502,-11.874,-0.000,1.500,0.005
90.59,-11.876,0.004,-1.502,-11.874,-0.000,1.500,0.005
90.62,-11.874,0.004,-1.502,-11.874,-0.000,1.500,0.005
90.64,-11.874,0.004,-1.502,-11.874,-0.000,1.500,0.005
90.66,-11.873,0.004,-1.502,-11.874,-0.000,1.500,0.005
90.68,-11.873,0.004,-1.502,-11.874,-0.000,1.500,0.005
90.70,-11.872,0.004,-1.502,-11.874,-0.000,1.500,0.005
90.72,-11.872,0.004,-1.502,-11.874,-0.000,1.500,0.005
90.74,-11.870,0.004,-1.503,-11.874,-0.000,1.500,0.006
90.76,-11.870,0.004,-1.503,-11.874,-0.000,1.500,0.006
90.78,-11.869,0.004,-1.503,-11.874,-0.000,1.500,0.007
90.80,-11.869,0.004,-1.503,-11.874,-0.000,1.500,0.007
90.82,-11.867,0.004,-1.503,-11.874,-0.000,1.500,0.008
90.84,-11.867,0.004,-1.503,-11.874,-0.000,1.500,0.008
90.87,-11.866,0.004,-1.503,-11.874,-0.000,1.500,0.009
90.89,-11.866,0.004,-1.503,-11.874,-0.000,1.500,0.009
90.91,-11.865,0.004,-1.503,-11.874,-0.000,1.500,0.010
90.93,-11.865,0.004,-1.503,-11.874,-0.000,1.500,0.010
90.95,-11.864,0.004,-1.504,-11.874,-0.000,1.500,0.012
90.97,-11.864,0.004,-1.504,-11.874,-0.000,1.500,0.012
90.99,-11.863,0.005,-1.504,-11.874,-0.000,1.500,0.013
91.01,-11.863,0.005,-1.504,-11.874,-0.000,1.500,0.013
91.03,-11.862,0.005,-1.505,-11.874,-0.000,1.500,0.014
91.05,-11.862,0.005,-1.505,-11.874,-0.000,1.500,0.014
91.07,-11.862,0.005,-1.505,-11.874,-0.000,1.500,0.014
91.09,-11.861,0.005,-1.505,-11.874,-0.000,1.500,0.015
91.11,-11.861,0.005,-1.505,-11.874,-0.000,1.500,0.015
91.13,-11.861,0.005,-1.505,-11.874,-0.000,1.500,0.015
91.16,-11.861,0.005,-1.505,-11.874,-0.000,1.500,0.015
91.18,-11.860,0.005,-1.505,-11.874,-0.000,1.500,0.016
91.20,-11.860,0.005,-1.505,-11.874,-0.000,1.500,0.016
91.22,-11.860,0.004,-1.505,-11.874,-0.000,1.500,0.016
91.24,-11.860,0.004,-1.505,-11.874,-0.000,1.500,0.016
91.26,-11.860,0.004,-1.505,-11.874,-0.000,1.500,0.016
91.28,-11.860,0.004,-1.505,-11.874,-0.000,1.500,0.016
91.30,-11.861,0.004,-1.505,-11.874,-0.000,1.500,0.015
91.32,-11.861,0.004,-1.505,-11.874,-0.000,1.500,0.015
91.34,-11.861,0.004,-1.505,-11.874,-0.000,1.500,0.015
91.36,-11.861,0.004,-1.505,-11.874,-0.000,1.500,0.015
91.38,-11.861,0.004,-1.505,-11.874,-0.000,1.500,0.015
91.41,-11.861,0.004,-1.505,-11.874,-0.000,1.500,0.015
91.43,-11.861,0.005,-1.505,-11.874,-0.000,1.500,0.015
91.45,-11.861,0.005,-1.505,-11.874,-0.000,1.500,0.015
91.47,-11.861,0.005,-1.504,-11.874,-0.000,1.500,0.015
91.49,-11.861,0.005,-1.504,-11.874,-0.000,1.500,0.015
91.51,-11.860,0.006,-1.504,-11.874,-0.000,1.500,0.015
91.53,-11.860,0.006,-1.504,-11.874,-0.000,1.500,0.015
91.55,-11.860,0.007,-1.503,-11.874,-0.000,1.500,0.016
91.57,-11.860,0.007,-1.503,-11.874,-0.000,1.500,0.016
91.59,-11.860,0.007,-1.503,-11.874,-0.000,1.500,0.016
91.61,-11.860,0.008,-1.502,-11.874,-0.000,1.500,0.017
91.63,-11.860,0.008,-1.502,-11.874,-0.000,1.500,0.017
91.66,-11.860,0.009,-1.502,-11.874,-0.000,1.500,0.017
91.68,-11.860,0.009,-1.502,-11.874,-0.000,1.500,0.017
91.70,-11.859,0.010,-1.501,-11.874,-0.000,1.500,0.018
91.72,-11.859,0.010,-1.501,-11.874,-0.000,1.500,0.018
91.74,-11.859,0.011,-1.500,-11.874,-0.000,1.500,0.019
91.76,-11.859,0.011,-1.500,-11.874,-0.000,1.500,0.019
91.78,-11.859,0.011,-1.500,-11.874,-0.000,1.500,0.019
91.80,-11.859,0.011,-1.500,-11.874,-0.000,1.500,0.019
91.82,-11.859,0.012,-1.500,-11.874,-0.000,1.500,0.019
91.84,-11.859,0.012,-1.500,-11.874,-0.000,1.500,0.019
91.86,-11.859,0.012,-1.500,-11.874,-0.000,1.500,0.020
91.88,-11.859,0.012,-1.500,-11.874,-0.000,1.500,0.020
91.90,-11.859,0.012,-1.500,-11.874,-0.000,1.500,0.020
91.93,-11.859,0.012,-1.500,-11.874,-0.000,1.500,0.020
91.95,-11.859,0.012,-1.500,-11.874,-0.000,1.500,0.019
91.97,-11.859,0.012,-1.500,-11.874,-0.000,1.500,0.019
91.99,-11.859,0.011,-1.500,-11.874,-0.000,1.500,0.019
92.01,-11.859,0.011,-1.500,-11.874,-0.000,1.500,0.019
92.03,-11.859,0.011,-1.500,-11.874,-0.000,1.500,0.019
92.05,-11.859,0.011,-1.500,-11.874,-0.000,1.500,0.019
92.07,-11.859,0.011,-1.500,-11.874,-0.000,1.500,0.019
92.09,-11.859,0.010,-1.500,-11.874,-0.000,1.500,0.018
92.11,-11.859,0.010,-1.500,-11.874,-0.000,1.500,0.018
92.13,-11.859,0.009,-1.500,-11.874,-0.000,1.500,0.017
92.16,-11.859,0.009,-1.500,-11.874,-0.000,1.500,0.017
92.18,-11.860,0.008,-1.501,-11.874,-0.000,1.500,0.016
92.20,-11.860,0.008,-1.501,-11.874,-0.000,1.500,0.016
92.22,-11.860,0.007,-1.501,-11.874,-0.000,1.500,0.016
92.24,-11.860,0.007,-1.501,-11.874,-0.000,1.500,0.016
92.26,-11.860,0.007,-1.501,-11.874,-0.000,1.500,0.015
92.28,-11.860,0.007,-1.501,-11.874,-0.000,1.500,0.015
92.30,-11.861,0.006,-1.501,-11.874,-0.000,1.500,0.015
92.32,-11.861,0.006,-1.501,-11.874,-0.000,1.500,0.015
92.34,-11.861,0.005,-1.500,-11.874,-0.000,1.500,0.014
92.36,-11.861,0.005,-1.500,-11.874,-0.000,1.500,0.014
92.38,-11.861,0.004,-1.500,-11.874,-0.000,1.500,0.014
92.40,-11.861,0.004,-1.500,-11.874,-0.000,1.500,0.014
92.43,-11.862,0.004,-1.500,-11.874,-0.000,1.500,0.013
92.45,-11.862,0.004,-1.500,-11.874,-0.000,1.500,0.013
92.47,-11.862,0.003,-1.500,-11.874,-0.000,1.500,0.012
92.49,-11.862,0.003,-1.500,-11.874,-0.000,1.500,0.012
92.51,-11.863,0.003,-1.500,-11.874,-0.000,1.500,0.011
92.53,-11.863,0.003,-1.500,-11.874,-0.000,1.500,0.011
92.55,-11.863,0.003,-1.499,-11.874,-0.000,1.500,0.011
92.57,-11.863,0.003,-1.499,-11.874,-0.000,1.500,0.011
92.59,-11.863,0.003,-1.499,-11.874,-0.000,1.500,0.011
92.61,-11.864,0.002,-1.499,-11.874,-0.000,1.500,0.011
92.63,-11.864,0.002,-1.499,-11.874,-0.000,1.500,0.011
92.65,-11.864,0.002,-1.498,-11.874,-0.000,1.500,0.010
92.67,-11.864,0.002,-1.498,-11.874,-0.000,1.500,0.010
92.70,-11.865,0.002,-1.498,-11.874,-0.000,1.500,0.010
92.72,-11.865,0.002,-1.498,-11.874,-0.000,1.500,0.010
92.74,-11.865,0.001,-1.497,-11.874,-0.000,1.500,0.009
92.76,-11.865,0.001,-1.497,-11.874,-0.000,1.500,0.009
92.78,-11.866,0.001,-1.496,-11.874,-0.000,1.500,0.009
92.80,-11.866,0.001,-1.496,-11.874,-0.000,1.500,0.009
92.82,-11.867,0.000,-1.496,-11.874,-0.000,1.500,0.008
92.84,-11.867,0.000,-1.496,-11.874,-0.000,1.500,0.008
92.86,-11.868,-0.000,-1.495,-11.874,-0.000,1.500,0.008
92.88,-11.868,-0.000,-1.495,-11.874,-0.000,1.500,0.008
92.90,-11.869,-0.001,-1.495,-11.874,-0.000,1.500,0.007
92.92,-11.869,-0.001,-1.495,-11.874,-0.000,1.500,0.007
92.95,-11.870,-0.002,-1.495,-11.874,-0.000,1.500,0.007
92.97,-11.870,-0.002,-1.495,-11.874,-0.000,1.500,0.007
92.99,-11.871,-0.002,-1.494,-11.874,-0.000,1.500,0.007
93.01,-11.871,-0.002,-1.494,-11.874,-0.000,1.500,0.007
93.03,-11.872,-0.003,-1.494,-11.874,-0.000,1.500,0.007
93.05,-11.872,-0.003,-1.494,-11.874,-0.000,1.500,0.007
93.07,-11.873,-0.004,-1.494,-11.874,-0.000,1.500,0.007
93.09,-11.873,-0.004,-1.494,-11.874,-0.000,1.500,0.007
93.11,-11.873,-0.004,-1.494,-11.874,-0.000,1.500,0.007
93.13,-11.875,-0.005,-1.494,-11.874,-0.000,1.500,0.007
93.15,-11.875,-0.005,-1.494,-11.874,-0.000,1.500,0.007
93.17,-11.876,-0.005,-1.494,-11.874,-0.000,1.500,0.008
93.19,-11.876,-0.005,-1.494,-11.874,-0.000,1.500,0.008
93.22,-11.877,-0.005,-1.495,-11.874,-0.000,1.500,0.008
93.24,-11.877,-0.005,-1.495,-11.874,-0.000,1.500,0.008
93.26,-11.878,-0.006,-1.495,-11.874,-0.000,1.500,0.008
93.28,-11.878,-0.006,-1.495,-11.874,-0.000,1.500,0.008
93.30,-11.879,-0.006,-1.495,-11.874,-0.000,1.500,0.009
93.32,-11.879,-0.006,-1.495,-11.874,-0.000,1.500,0.009
93.34,-11.880,-0.006,-1.496,-11.874,-0.000,1.500,0.009
93.36,-11.880,-0.006,-1.496,-11.874,-0.000,1.500,0.009
93.38,-11.881,-0.006,-1.497,-11.874,-0.000,1.500,0.010
93.40,-11.881,-0.006,-1.497,-11.874,-0.000,1.500,0.010
93.42,-11.882,-0.006,-1.498,-11.874,-0.000,1.500,0.010
93.44,-11.882,-0.006,-1.498,-11.874,-0.000,1.500,0.010
93.47,-11.883,-0.006,-1.498,-11.874,-0.000,1.500,0.011
93.49,-11.883,-0.006,-1.498,-11.874,-0.000,1.500,0.011
93.51,-11.884,-0.006,-1.499,-11.874,-0.000,1.500,0.012
93.53,-11.884,-0.006,-1.499,-11.874,-0.000,1.500,0.012
93.55,-11.885,-0.006,-1.500,-11.874,-0.000,1.500,0.013
93.57,-11.885,-0.006,-1.500,-11.874,-0.000,1.500,0.013
93.59,-11.885,-0.006,-1.500,-11.874,-0.000,1.500,0.013
93.61,-11.886,-0.006,-1.500,-11.874,-0.000,1.500,0.014
93.63,-11.886,-0.006,-1.500,-11.874,-0.000,1.500,0.014
93.65,-11.887,-0.006,-1.501,-11.874,-0.000,1.500,0.014
93.67,-11.887,-0.006,-1.501,-11.874,-0.000,1.500,0.014
93.69,-11.888,-0.006,-1.501,-11.874,-0.000,1.500,0.015
93.72,-11.888,-0.006,-1.501,-11.874,-0.000,1.500,0.015
93.74,-11.889,-0.007,-1.501,-11.874,-0.000,1.500,0.016
93.76,-11.889,-0.007,-1.501,-11.874,-0.000,1.500,0.016
93.78,-11.890,-0.007,-1.502,-11.874,-0.000,1.500,0.017
93.80,-11.890,-0.007,-1.502,-11.874,-0.000,1.500,0.017
93.82,-11.891,-0.007,-1.502,-11.874,-0.000,1.500,0.018
93.84,-11.891,-0.007,-1.502,-11.874,-0.000,1.500,0.018
93.86,-11.892,-0.007,-1.502,-11.874,-0.000,1.500,0.019
93.88,-11.892,-0.007,-1.502,-11.874,-0.000,1.500,0.019
93.90,-11.892,-0.007,-1.503,-11.874,-0.000,1.500,0.020
93.92,-11.892,-0.007,-1.503,-11.874,-0.000,1.500,0.020
93.94,-11.893,-0.007,-1.503,-11.874,-0.000,1.500,0.020
93.96,-11.893,-0.007,-1.503,-11.874,-0.000,1.500,0.020
93.99,-11.893,-0.008,-1.503,-11.874,-0.000,1.500,0.021
94.01,-11.893,-0.008,-1.503,-11.874,-0.000,1.500,0.021
94.03,-11.894,-0.008,-1.503,-11.874,-0.000,1.500,0.021
94.05,-11.894,-0.008,-1.503,-11.874,-0.000,1.500,0.021
94.07,-11.894,-0.008,-1.503,-11.874,-0.000,1.500,0.021
94.09,-11.894,-0.008,-1.503,-11.874,-0.000,1.500,0.021
94.11,-11.894,-0.008,-1.503,-11.874,-0.000,1.500,0.021
94.13,-11.894,-0.008,-1.503,-11.874,-0.000,1.500,0.022
94.15,-11.894,-0.008,-1.503,-11.874,-0.000,1.500,0.022
94.17,-11.894,-0.008,-1.502,-11.874,-0.000,1.500,0.022
94.19,-11.894,-0.008,-1.502,-11.874,-0.000,1.500,0.022
94.21,-11.894,-0.008,-1.502,-11.874,-0.000,1.500,0.022
94.24,-11.894,-0.008,-1.502,-11.874,-0.000,1.500,0.022
94.26,-11.895,-0.008,-1.502,-11.874,-0.000,1.500,0.022
94.28,-11.895,-0.008,-1.502,-11.874,-0.000,1.500,0.022
94.30,-11.895,-0.008,-1.502,-11.874,-0.000,1.500,0.022
94.32,-11.895,-0.008,-1.502,-11.874,-0.000,1.500,0.022
94.34,-11.896,-0.007,-1.502,-11.874,-0.000,1.500,0.023
94.36,-11.896,-0.007,-1.502,-11.874,-0.000,1.500,0.023
94.38,-11.897,-0.007,-1.502,-11.874,-0.000,1.500,0.024
94.40,-11.897,-0.007,-1.502,-11.874,-0.000,1.500,0.024
94.42,-11.898,-0.006,-1.501,-11.874,-0.000,1.500,0.024
94.44,-11.898,-0.006,-1.501,-11.874,-0.000,1.500,0.024
94.47,-11.899,-0.005,-1.501,-11.874,-0.000,1.500,0.025
94.49,-11.899,-0.005,-1.501,-11.874,-0.000,1.500,0.025
94.51,-11.900,-0.005,-1.501,-11.874,-0.000,1.500,0.026
94.53,-11.900,-0.005,-1.501,-11.874,-0.000,1.500,0.026
94.55,-11.901,-0.004,-1.502,-11.874,-0.000,1.500,0.027
94.57,-11.901,-0.004,-1.502,-11.874,-0.000,1.500,0.027
94.59,-11.901,-0.004,-1.502,-11.874,-0.000,1.500,0.027
94.61,-11.902,-0.003,-1.502,-11.874,-0.000,1.500,0.028
94.63,-11.902,-0.003,-1.502,-11.874,-0.000,1.500,0.028
94.65,-11.903,-0.003,-1.502,-11.874,-0.000,1.500,0.029
94.67,-11.903,-0.003,-1.502,-11.874,-0.000,1.500,0.029
94.69,-11.904,-0.002,-1.502,-11.874,-0.000,1.500,0.030
94.71,-11.904,-0.002,-1.502,-11.874,-0.000,1.500,0.030
94.74,-11.904,-0.001,-1.502,-11.874,-0.000,1.500,0.030
94.76,-11.904,-0.001,-1.502,-11.874,-0.000,1.500,0.030
94.78,-11.905,-0.000,-1.501,-11.874,-0.000,1.500,0.031
94.80,-11.905,-0.000,-1.501,-11.874,-0.000,1.500,0.031
94.82,-11.905,0.001,-1.501,-11.874,-0.000,1.500,0.031
94.84,-11.905,0.001,-1.501,-11.874,-0.000,1.500,0.031
94.86,-11.905,0.002,-1.500,-11.874,-0.000,1.500,0.031
94.88,-11.905,0.002,-1.500,-11.874,-0.000,1.500,0.031
94.90,-11.905,0.003,-1.500,-11.874,-0.000,1.500,0.031
94.92,-11.905,0.003,-1.500,-11.874,-0.000,1.500,0.031
94.94,-11.904,0.004,-1.499,-11.874,-0.000,1.500,0.031
94.96,-11.904,0.004,-1.499,-11.874,-0.000,1.500,0.031
94.99,-11.904,0.006,-1.499,-11.874,-0.000,1.500,0.030
95.01,-11.904,0.006,-1.499,-11.874,-0.000,1.500,0.030
95.03,-11.903,0.007,-1.499,-11.874,-0.000,1.500,0.030
95.05,-11.903,0.007,-1.499,-11.874,-0.000,1.500,0.030
95.07,-11.901,0.009,-1.498,-11.874,-0.000,1.500,0.029
95.09,-11.901,0.009,-1.498,-11.874,-0.000,1.500,0.029
95.11,-11.901,0.009,-1.498,-11.874,-0.000,1.500,0.029
95.13,-11.899,0.011,-1.498,-11.874,-0.000,1.500,0.028
95.15,-11.899,0.011,-1.498,-11.874,-0.000,1.500,0.028
95.17,-11.898,0.013,-1.498,-11.874,-0.000,1.500,0.027
95.19,-11.898,0.013,-1.498,-11.874,-0.000,1.500,0.027
95.21,-11.896,0.015,-1.498,-11.874,-0.000,1.500,0.026
95.23,-11.896,0.015,-1.498,-11.874,-0.000,1.500,0.026
95.26,-11.893,0.017,-1.499,-11.874,-0.000,1.500,0.025
95.28,-11.893,0.017,-1.499,-11.874,-0.000,1.500,0.025
95.30,-11.892,0.018,-1.499,-11.874,-0.000,1.500,0.025
95.32,-11.892,0.018,-1.499,-11.874,-0.000,1.500,0.025
95.34,-11.890,0.019,-1.499,-11.874,-0.000,1.500,0.025
95.36,-11.890,0.019,-1.499,-11.874,-0.000,1.500,0.025
95.38,-11.888,0.020,-1.499,-11.874,-0.000,1.500,0.024
95.40,-11.888,0.020,-1.499,-11.874,-0.000,1.500,0.024
95.42,-11.887,0.021,-1.499,-11.874,-0.000,1.500,0.024
95.44,-11.887,0.021,-1.499,-11.874,-0.000,1.500,0.024
95.46,-11.884,0.022,-1.499,-11.874,-0.000,1.500,0.024
95.48,-11.884,0.022,-1.499,-11.874,-0.000,1.500,0.024
95.51,-11.883,0.023,-1.499,-11.874,-0.000,1.500,0.024
95.53,-11.883,0.023,-1.499,-11.874,-0.000,1.500,0.024
95.55,-11.881,0.023,-1.499,-11.874,-0.000,1.500,0.024
95.57,-11.881,0.023,-1.499,-11.874,-0.000,1.500,0.024
95.59,-11.879,0.024,-1.500,-11.874,-0.000,1.500,0.025
95.61,-11.879,0.024,-1.500,-11.874,-0.000,1.500,0.025
95.63,-11.879,0.024,-1.500,-11.874,-0.000,1.500,0.025
95.65,-11.878,0.025,-1.500,-11.874,-0.000,1.500,0.025
95.67,-11.878,0.025,-1.500,-11.874,-0.000,1.500,0.025
95.69,-11.876,0.025,-1.500,-11.874,-0.000,1.500,0.025
95.71,-11.876,0.025,-1.500,-11.874,-0.000,1.500,0.025
95.73,-11.875,0.025,-1.501,-11.874,-0.000,1.500,0.025
95.76,-11.875,0.025,-1.501,-11.874,-0.000,1.500,0.025
95.78,-11.874,0.025,-1.501,-11.874,-0.000,1.500,0.025
95.80,-11.874,0.025,-1.501,-11.874,-0.000,1.500,0.025
95.82,-11.872,0.025,-1.501,-11.874,-0.000,1.500,0.025
95.84,-11.872,0.025,-1.501,-11.874,-0.000,1.500,0.025
95.86,-11.871,0.024,-1.501,-11.874,-0.000,1.500,0.024
95.88,-11.871,0.024,-1.501,-11.874,-0.000,1.500,0.024
95.90,-11.870,0.024,-1.501,-11.874,-0.000,1.500,0.024
95.92,-11.870,0.024,-1.501,-11.874,-0.000,1.500,0.024
95.94,-11.869,0.023,-1.501,-11.874,-0.000,1.500,0.024
95.96,-11.869,0.023,-1.501,-11.874,-0.000,1.500,0.024
95.98,-11.867,0.023,-1.501,-11.874,-0.000,1.500,0.024
96.00,-11.867,0.023,-1.501,-11.874,-0.000,1.500,0.024
96.03,-11.866,0.023,-1.502,-11.874,-0.000,1.500,0.024
96.05,-11.866,0.023,-1.502,-11.874,-0.000,1.500,0.024
96.07,-11.863,0.022,-1.502,-11.874,-0.000,1.500,0.025
96.09,-11.863,0.022,-1.502,-11.874,-0.000,1.500,0.025
96.11,-11.863,0.022,-1.502,-11.874,-0.000,1.500,0.025
96.13,-11.861,0.022,-1.502,-11.874,-0.000,1.500,0.025
96.15,-11.861,0.022,-1.502,-11.874,-0.000,1.500,0.025
96.17,-11.859,0.021,-1.502,-11.874,-0.000,1.500,0.026
96.19,-11.859,0.021,-1.502,-11.874,-0.000,1.500,0.026
96.21,-11.858,0.021,-1.502,-11.874,-0.000,1.500,0.027
96.23,-11.858,0.021,-1.502,-11.874,-0.000,1.500,0.027
96.25,-11.856,0.021,-1.502,-11.874,-0.000,1.500,0.028
96.28,-11.856,0.021,-1.502,-11.874,-0.000,1.500,0.028
96.30,-11.854,0.021,-1.502,-11.874,-0.000,1.500,0.029
96.32,-11.854,0.021,-1.502,-11.874,-0.000,1.500,0.029
96.34,-11.853,0.020,-1.502,-11.874,-0.000,1.500,0.029
96.36,-11.853,0.020,-1.502,-11.874,-0.000,1.500,0.029
96.38,-11.852,0.020,-1.502,-11.874,-0.000,1.500,0.030
96.40,-11.852,0.020,-1.502,-11.874,-0.000,1.500,0.030
96.42,-11.850,0.020,-1.501,-11.874,-0.000,1.500,0.031
96.44,-11.850,0.020,-1.501,-11.874,-0.000,1.500,0.031
96.46,-11.849,0.020,-1.501,-11.874,-0.000,1.500,0.032
96.48,-11.849,0.020,-1.501,-11.874,-0.000,1.500,0.032
96.50,-11.848,0.020,-1.501,-11.874,-0.000,1.500,0.033
96.53,-11.848,0.020,-1.501,-11.874,-0.000,1.500,0.033
96.55,-11.847,0.019,-1.500,-11.874,-0.000,1.500,0.033
96.57,-11.847,0.019,-1.500,-11.874,-0.000,1.500,0.033
96.59,-11.846,0.019,-1.500,-11.874,-0.000,1.500,0.034
96.61,-11.846,0.019,-1.500,-11.874,-0.000,1.500,0.034
96.63,-11.846,0.019,-1.500,-11.874,-0.000,1.500,0.034
96.65,-11.845,0.019,-1.499,-11.874,-0.000,1.500,0.035
96.67,-11.845,0.019,-1.499,-11.874,-0.000,1.500,0.035
96.69,-11.844,0.019,-1.499,-11.874,-0.000,1.500,0.036
96.71,-11.844,0.019,-1.499,-11.874,-0.000,1.500,0.036
96.73,-11.844,0.019,-1.499,-11.874,-0.000,1.500,0.036
96.75,-11.844,0.019,-1.499,-11.874,-0.000,1.500,0.036
96.77,-11.843,0.019,-1.500,-11.874,-0.000,1.500,0.036
96.80,-11.843,0.019,-1.500,-11.874,-0.000,1.500,0.036
96.82,-11.843,0.018,-1.500,-11.874,-0.000,1.500,0.036
96.84,-11.843,0.018,-1.500,-11.874,-0.000,1.500,0.036
96.86,-11.842,0.018,-1.501,-11.874,-0.000,1.500,0.036
96.88,-11.842,0.018,-1.501,-11.874,-0.000,1.500,0.036
96.90,-11.842,0.017,-1.502,-11.874,-0.000,1.500,0.036
96.92,-11.842,0.017,-1.502,-11.874,-0.000,1.500,0.036
96.94,-11.842,0.017,-1.502,-11.874,-0.000,1.500,0.036
96.96,-11.842,0.017,-1.502,-11.874,-0.000,1.500,0.036
96.98,-11.842,0.016,-1.503,-11.874,-0.000,1.500,0.036
97.00,-11.842,0.016,-1.503,-11.874,-0.000,1.500,0.036
97.02,-11.841,0.015,-1.504,-11.874,-0.000,1.500,0.037
97.04,-11.841,0.015,-1.504,-11.874,-0.000,1.500,0.037
97.07,-11.841,0.015,-1.504,-11.874,-0.000,1.500,0.036
97.09,-11.841,0.015,-1.504,-11.874,-0.000,1.500,0.036
97.11,-11.841,0.014,-1.504,-11.874,-0.000,1.500,0.036
97.13,-11.841,0.014,-1.504,-11.874,-0.000,1.500,0.036
97.15,-11.841,0.014,-1.504,-11.874,-0.000,1.500,0.036
97.17,-11.841,0.013,-1.505,-11.874,-0.000,1.500,0.036
97.19,-11.841,0.013,-1.505,-11.874,-0.000,1.500,0.036
97.21,-11.840,0.012,-1.505,-11.874,-0.000,1.500,0.036
97.23,-11.840,0.012,-1.505,-11.874,-0.000,1.500,0.036
97.25,-11.840,0.011,-1.505,-11.874,-0.000,1.500,0.036
97.27,-11.840,0.011,-1.505,-11.874,-0.000,1.500,0.036
97.29,-11.840,0.010,-1.504,-11.874,-0.000,1.500,0.036
97.32,-11.840,0.010,-1.504,-11.874,-0.000,1.500,0.036
97.34,-11.840,0.009,-1.504,-11.874,-0.000,1.500,0.036
97.36,-11.840,0.009,-1.504,-11.874,-0.000,1.500,0.036
97.38,-11.840,0.008,-1.503,-11.874,-0.000,1.500,0.036
97.40,-11.840,0.008,-1.503,-11.874,-0.000,1.500,0.036
97.42,-11.840,0.007,-1.503,-11.874,-0.000,1.500,0.035
97.44,-11.840,0.007,-1.503,-11.874,-0.000,1.500,0.035
97.46,-11.840,0.007,-1.503,-11.874,-0.000,1.500,0.035
97.48,-11.840,0.007,-1.503,-11.874,-0.000,1.500,0.035
97.50,-11.841,0.006,-1.503,-11.874,-0.000,1.500,0.034
97.52,-11.841,0.006,-1.503,-11.874,-0.000,1.500,0.034
97.54,-11.841,0.005,-1.502,-11.874,-0.000,1.500,0.033
97.57,-11.841,0.005,-1.502,-11.874,-0.000,1.500,0.033
97.59,-11.842,0.004,-1.502,-11.874,-0.000,1.500,0.033
97.61,-11.842,0.004,-1.502,-11.874,-0.000,1.500,0.033
97.63,-11.842,0.004,-1.502,-11.874,-0.000,1.500,0.033
97.65,-11.843,0.003,-1.503,-11.874,-0.000,1.500,0.032
97.67,-11.843,0.003,-1.503,-11.874,-0.000,1.500,0.032
97.69,-11.843,0.002,-1.503,-11.874,-0.000,1.500,0.031
97.71,-11.843,0.002,-1.503,-11.874,-0.000,1.500,0.031
97.73,-11.844,0.002,-1.503,-11.874,-0.000,1.500,0.030
97.75,-11.844,0.002,-1.503,-11.874,-0.000,1.500,0.030
97.77,-11.845,0.002,-1.503,-11.874,-0.000,1.500,0.030
97.79,-11.845,0.002,-1.503,-11.874,-0.000,1.500,0.030
97.81,-11.845,0.002,-1.504,-11.874,-0.000,1.500,0.029
97.83,-11.845,0.002,-1.504,-11.874,-0.000,1.500,0.029
97.86,-11.846,0.002,-1.504,-11.874,-0.000,1.500,0.028
97.88,-11.846,0.002,-1.504,-11.874,-0.000,1.500,0.028
97.90,-11.847,0.002,-1.504,-11.874,-0.000,1.500,0.027
97.92,-11.847,0.002,-1.504,-11.874,-0.000,1.500,0.027
97.94,-11.848,0.003,-1.505,-11.874,-0.000,1.500,0.027
97.96,-11.848,0.003,-1.505,-11.874,-0.000,1.500,0.027
97.98,-11.849,0.003,-1.505,-11.874,-0.000,1.500,0.026
98.00,-11.849,0.003,-1.505,-11.874,-0.000,1.500,0.026
98.02,-11.850,0.003,-1.505,-11.874,-0.000,1.500,0.025
98.04,-11.850,0.003,-1.505,-11.874,-0.000,1.500,0.025
98.06,-11.851,0.004,-1.505,-11.874,-0.000,1.500,0.024
98.08,-11.851,0.004,-1.505,-11.874,-0.000,1.500,0.024
98.11,-11.852,0.004,-1.505,-11.874,-0.000,1.500,0.023
98.13,-11.852,0.004,-1.505,-11.874,-0.000,1.500,0.023
98.15,-11.852,0.004,-1.505,-11.874,-0.000,1.500,0.023
98.17,-11.853,0.005,-1.505,-11.874,-0.000,1.500,0.022
98.19,-11.853,0.005,-1.505,-11.874,-0.000,1.500,0.022
98.21,-11.854,0.005,-1.505,-11.874,-0.000,1.500,0.021
98.23,-11.854,0.005,-1.505,-11.874,-0.000,1.500,0.021
98.25,-11.855,0.005,-1.505,-11.874,-0.000,1.500,0.020
98.27,-11.855,0.005,-1.505,-11.874,-0.000,1.500,0.020
98.29,-11.856,0.005,-1.505,-11.874,-0.000,1.500,0.019
98.32,-11.856,0.005,-1.505,-11.874,-0.000,1.500,0.019
98.34,-11.858,0.005,-1.505,-11.874,-0.000,1.500,0.018
98.36,-11.858,0.005,-1.505,-11.874,-0.000,1.500,0.018
98.38,-11.859,0.005,-1.505,-11.874,-0.000,1.500,0.017
98.40,-11.859,0.005,-1.505,-11.874,-0.000,1.500,0.017
98.42,-11.861,0.004,-1.505,-11.874,-0.000,1.500,0.015
98.44,-11.861,0.004,-1.505,-11.874,-0.000,1.500,0.015
98.46,-11.862,0.004,-1.505,-11.874,-0.000,1.500,0.014
98.48,-11.862,0.004,-1.505,-11.874,-0.000,1.500,0.014
98.50,-11.863,0.003,-1.505,-11.874,-0.000,1.500,0.012
98.52,-11.863,0.003,-1.505,-11.874,-0.000,1.500,0.012
98.54,-11.865,0.003,-1.505,-11.874,-0.000,1.500,0.011
98.57,-11.865,0.003,-1.505,-11.874,-0.000,1.500,0.011
98.59,-11.866,0.002,-1.505,-11.874,-0.000,1.500,0.010
98.61,-11.866,0.002,-1.505,-11.874,-0.000,1.500,0.010
98.63,-11.866,0.002,-1.505,-11.874,-0.000,1.500,0.010
98.65,-11.868,0.000,-1.506,-11.874,-0.000,1.500,0.008
98.67,-11.868,0.000,-1.506,-11.874,-0.000,1.500,0.008
98.69,-11.869,-0.001,-1.506,-11.874,-0.000,1.500,0.008
98.71,-11.869,-0.001,-1.506,-11.874,-0.000,1.500,0.008
98.73,-11.871,-0.002,-1.506,-11.874,-0.000,1.500,0.007
98.75,-11.871,-0.002,-1.506,-11.874,-0.000,1.500,0.007
98.77,-11.872,-0.003,-1.506,-11.874,-0.000,1.500,0.007
98.79,-11.872,-0.003,-1.506,-11.874,-0.000,1.500,0.007
98.82,-11.872,-0.004,-1.506,-11.874,-0.000,1.500,0.008
98.84,-11.872,-0.004,-1.506,-11.874,-0.000,1.500,0.008
98.86,-11.874,-0.006,-1.506,-11.874,-0.000,1.500,0.009
98.88,-11.874,-0.006,-1.506,-11.874,-0.000,1.500,0.009
98.90,-11.874,-0.007,-1.506,-11.874,-0.000,1.500,0.009
98.92,-11.874,-0.007,-1.506,-11.874,-0.000,1.500,0.009
98.94,-11.875,-0.008,-1.506,-11.874,-0.000,1.500,0.010
98.96,-11.875,-0.008,-1.506,-11.874,-0.000,1.500,0.010
98.98,-11.876,-0.009,-1.505,-11.874,-0.000,1.500,0.010
99.00,-11.876,-0.009,-1.505,-11.874,-0.000,1.500,0.010
99.02,-11.877,-0.009,-1.505,-11.874,-0.000,1.500,0.011
99.04,-11.877,-0.009,-1.505,-11.874,-0.000,1.500,0.011
99.06,-11.877,-0.010,-1.504,-11.874,-0.000,1.500,0.011
99.08,-11.877,-0.010,-1.504,-11.874,-0.000,1.500,0.011
99.11,-11.878,-0.010,-1.504,-11.874,-0.000,1.500,0.012
99.13,-11.878,-0.010,-1.504,-11.874,-0.000,1.500,0.012
99.15,-11.878,-0.010,-1.504,-11.874,-0.000,1.500,0.012
99.17,-11.879,-0.011,-1.503,-11.874,-0.000,1.500,0.013
99.19,-11.879,-0.011,-1.503,-11.874,-0.000,1.500,0.013
99.21,-11.879,-0.012,-1.502,-11.874,-0.000,1.500,0.013
99.23,-11.879,-0.012,-1.502,-11.874,-0.000,1.500,0.013
99.25,-11.880,-0.013,-1.501,-11.874,-0.000,1.500,0.014
99.27,-11.880,-0.013,-1.501,-11.874,-0.000,1.500,0.014
99.29,-11.880,-0.013,-1.501,-11.874,-0.000,1.500,0.014
99.31,-11.880,-0.013,-1.501,-11.874,-0.000,1.500,0.014
99.33,-11.881,-0.013,-1.500,-11.874,-0.000,1.500,0.015
99.35,-11.881,-0.013,-1.500,-11.874,-0.000,1.500,0.015
99.38,-11.881,-0.013,-1.500,-11.874,-0.000,1.500,0.015
99.40,-11.881,-0.013,-1.500,-11.874,-0.000,1.500,0.015
99.42,-11.881,-0.013,-1.500,-11.874,-0.000,1.500,0.015
99.44,-11.881,-0.013,-1.500,-11.874,-0.000,1.500,0.015
99.46,-11.881,-0.013,-1.499,-11.874,-0.000,1.500,0.015
99.48,-11.881,-0.013,-1.499,-11.874,-0.000,1.500,0.015
99.50,-11.881,-0.012,-1.499,-11.874,-0.000,1.500,0.014
99.52,-11.881,-0.012,-1.499,-11.874,-0.000,1.500,0.014
99.54,-11.881,-0.012,-1.499,-11.874,-0.000,1.500,0.014
99.56,-11.881,-0.012,-1.499,-11.874,-0.000,1.500,0.014
99.58,-11.881,-0.011,-1.499,-11.874,-0.000,1.500,0.013
99.60,-11.881,-0.011,-1.499,-11.874,-0.000,1.500,0.013
99.62,-11.881,-0.010,-1.499,-11.874,-0.000,1.500,0.012
99.65,-11.881,-0.010,-1.499,-11.874,-0.000,1.500,0.012
99.67,-11.881,-0.010,-1.499,-11.874,-0.000,1.500,0.012
99.69,-11.881,-0.009,-1.499,-11.874,-0.000,1.500,0.011
99.71,-11.881,-0.009,-1.499,-11.874,-0.000,1.500,0.011
99.73,-11.882,-0.007,-1.498,-11.874,-0.000,1.500,0.011
99.75,-11.882,-0.007,-1.498,-11.874,-0.000,1.500,0.011
99.77,-11.882,-0.006,-1.498,-11.874,-0.000,1.500,0.010
99.79,-11.882,-0.006,-1.498,-11.874,-0.000,1.500,0.010
99.81,-11.882,-0.005,-1.498,-11.874,-0.000,1.500,0.010
99.83,-11.882,-0.005,-1.498,-11.874,-0.000,1.500,0.010
99.85,-11.883,-0.004,-1.498,-11.874,-0.000,1.500,0.010
99.87,-11.883,-0.004,-1.498,-11.874,-0.000,1.500,0.010
99.90,-11.883,-0.003,-1.497,-11.874,-0.000,1.500,0.010
99.92,-11.883,-0.003,-1.497,-11.874,-0.000,1.500,0.010
99.94,-11.884,-0.002,-1.497,-11.874,-0.000,1.500,0.010
99.96,-11.884,-0.002,-1.497,-11.874,-0.000,1.500,0.010
99.98,-11.884,-0.001,-1.497,-11.874,-0.000,1.500,0.010
100.00,-11.884,-0.001,-1.497,-11.874,-0.000,1.500,0.010
100.02,-11.885,-0.001,-1.497,-11.874,-0.000,1.500,0.011
100.04,-11.885,-0.001,-1.497,-11.874,-0.000,1.500,0.011
100.06,-11.885,-0.000,-1.497,-11.874,-0.000,1.500,0.011
100.08,-11.885,-0.000,-1.497,-11.874,-0.000,1.500,0.011
100.10,-11.885,0.000,-1.497,-11.874,-0.000,1.500,0.012
100.12,-11.885,0.000,-1.497,-11.874,-0.000,1.500,0.012
100.15,-11.885,0.000,-1.497,-11.874,-0.000,1.500,0.012
100.17,-11.886,0.001,-1.497,-11.874,-0.000,1.500,0.013
100.19,-11.886,0.001,-1.497,-11.874,-0.000,1.500,0.013
100.21,-11.887,0.002,-1.497,-11.874,-0.000,1.500,0.013
100.23,-11.887,0.002,-1.497,-11.874,-0.000,1.500,0.013
100.25,-11.887,0.002,-1.496,-11.874,-0.000,1.500,0.014
100.27,-11.887,0.002,-1.496,-11.874,-0.000,1.500,0.014
100.29,-11.888,0.002,-1.496,-11.874,-0.000,1.500,0.014
100.31,-11.888,0.002,-1.496,-11.874,-0.000,1.500,0.014
100.33,-11.888,0.002,-1.496,-11.874,-0.000,1.500,0.014
100.35,-11.888,0.002,-1.496,-11.874,-0.000,1.500,0.014
100.37,-11.888,0.002,-1.496,-11.874,-0.000,1.500,0.015
100.40,-11.888,0.002,-1.496,-11.874,-0.000,1.500,0.015
100.42,-11.888,0.002,-1.496,-11.874,-0.000,1.500,0.015
100.44,-11.888,0.002,-1.496,-11.874,-0.000,1.500,0.015
100.46,-11.888,0.002,-1.497,-11.874,-0.000,1.500,0.015
100.48,-11.888,0.002,-1.497,-11.874,-0.000,1.500,0.015
100.50,-11.888,0.002,-1.497,-11.874,-0.000,1.500,0.014
100.52,-11.888,0.002,-1.497,-11.874,-0.000,1.500,0.014
100.54,-11.888,0.001,-1.497,-11.874,-0.000,1.500,0.014
100.56,-11.888,0.001,-1.497,-11.874,-0.000,1.500,0.014
100.58,-11.888,0.001,-1.497,-11.874,-0.000,1.500,0.014
100.60,-11.888,0.001,-1.497,-11.874,-0.000,1.500,0.014
100.62,-11.887,0.001,-1.497,-11.874,-0.000,1.500,0.013
100.65,-11.887,0.001,-1.497,-11.874,-0.000,1.500,0.013
100.67,-11.887,0.001,-1.497,-11.874,-0.000,1.500,0.013
100.69,-11.886,0.001,-1.497,-11.874,-0.000,1.500,0.012
100.71,-11.886,0.001,-1.497,-11.874,-0.000,1.500,0.012
100.73,-11.885,0.001,-1.497,-11.874,-0.000,1.500,0.011
100.75,-11.885,0.001,-1.497,-11.874,-0.000,1.500,0.011
100.77,-11.884,0.001,-1.497,-11.874,-0.000,1.500,0.010
100.79,-11.884,0.001,-1.497,-11.874,-0.000,1.500,0.010
100.81,-11.883,0.001,-1.497,-11.874,-0.000,1.500,0.010
100.83,-11.883,0.001,-1.497,-11.874,-0.000,1.500,0.010
100.85,-11.882,0.001,-1.496,-11.874,-0.000,1.500,0.009
100.87,-11.882,0.001,-1.496,-11.874,-0.000,1.500,0.009
100.89,-11.881,0.000,-1.496,-11.874,-0.000,1.500,0.008
100.92,-11.881,0.000,-1.496,-11.874,-0.000,1.500,0.008
100.94,-11.880,-0.000,-1.496,-11.874,-0.000,1.500,0.007
100.96,-11.880,-0.000,-1.496,-11.874,-0.000,1.500,0.007
100.98,-11.879,-0.001,-1.496,-11.874,-0.000,1.500,0.007
101.00,-11.879,-0.001,-1.496,-11.874,-0.000,1.500,0.007
101.02,-11.878,-0.001,-1.495,-11.874,-0.000,1.500,0.006
101.04,-11.878,-0.001,-1.495,-11.874,-0.000,1.500,0.006
101.06,-11.878,-0.002,-1.495,-11.874,-0.000,1.500,0.006
101.08,-11.878,-0.002,-1.495,-11.874,-0.000,1.500,0.006
101.10,-11.877,-0.002,-1.495,-11.874,-0.000,1.500,0.006
101.12,-11.877,-0.002,-1.495,-11.874,-0.000,1.500,0.006
101.14,-11.877,-0.002,-1.495,-11.874,-0.000,1.500,0.006
101.17,-11.875,-0.003,-1.494,-11.874,-0.000,1.500,0.006
101.19,-11.875,-0.003,-1.494,-11.874,-0.000,1.500,0.006
101.21,-11.875,-0.004,-1.494,-11.874,-0.000,1.500,0.007
101.23,-11.875,-0.004,-1.494,-11.874,-0.000,1.500,0.007
101.25,-11.874,-0.005,-1.494,-11.874,-0.000,1.500,0.007
101.27,-11.874,-0.005,-1.494,-11.874,-0.000,1.500,0.007
101.29,-11.874,-0.005,-1.494,-11.874,-0.000,1.500,0.008
101.31,-11.874,-0.005,-1.494,-11.874,-0.000,1.500,0.008
101.33,-11.873,-0.006,-1.495,-11.874,-0.000,1.500,0.008
101.35,-11.873,-0.006,-1.495,-11.874,-0.000,1.500,0.008
101.37,-11.873,-0.007,-1.495,-11.874,-0.000,1.500,0.008
101.39,-11.873,-0.007,-1.495,-11.874,-0.000,1.500,0.008
101.42,-11.873,-0.008,-1.496,-11.874,-0.000,1.500,0.009
101.44,-11.873,-0.008,-1.496,-11.874,-0.000,1.500,0.009
101.46,-11.874,-0.009,-1.496,-11.874,-0.000,1.500,0.009
101.48,-11.874,-0.009,-1.496,-11.874,-0.000,1.500,0.009
101.50,-11.874,-0.010,-1.497,-11.874,-0.000,1.500,0.010
101.52,-11.874,-0.010,-1.497,-11.874,-0.000,1.500,0.010
101.54,-11.874,-0.010,-1.498,-11.874,-0.000,1.500,0.010
101.56,-11.874,-0.010,-1.498,-11.874,-0.000,1.500,0.010
101.58,-11.874,-0.011,-1.500,-11.874,-0.000,1.500,0.011
101.60,-11.874,-0.011,-1.500,-11.874,-0.000,1.500,0.011
101.62,-11.875,-0.012,-1.501,-11.874,-0.000,1.500,0.012
101.64,-11.875,-0.012,-1.501,-11.874,-0.000,1.500,0.012
101.67,-11.875,-0.012,-1.501,-11.874,-0.000,1.500,0.012
101.69,-11.875,-0.014,-1.503,-11.874,-0.000,1.500,0.014
101.71,-11.875,-0.014,-1.503,-11.874,-0.000,1.500,0.014
101.73,-11.875,-0.015,-1.504,-11.874,-0.000,1.500,0.016
101.75,-11.875,-0.015,-1.504,-11.874,-0.000,1.500,0.016
101.77,-11.875,-0.016,-1.506,-11.874,-0.000,1.500,0.017
101.79,-11.875,-0.016,-1.506,-11.874,-0.000,1.500,0.017
101.81,-11.875,-0.017,-1.507,-11.874,-0.000,1.500,0.018
101.83,-11.875,-0.017,-1.507,-11.874,-0.000,1.500,0.018
101.85,-11.875,-0.017,-1.508,-11.874,-0.000,1.500,0.019
101.87,-11.875,-0.017,-1.508,-11.874,-0.000,1.500,0.019
101.89,-11.875,-0.018,-1.509,-11.874,-0.000,1.500,0.020
101.92,-11.875,-0.018,-1.509,-11.874,-0.000,1.500,0.020
101.94,-11.875,-0.019,-1.510,-11.874,-0.000,1.500,0.021
101.96,-11.875,-0.019,-1.510,-11.874,-0.000,1.500,0.021
101.98,-11.875,-0.019,-1.511,-11.874,-0.000,1.500,0.022
102.00,-11.875,-0.019,-1.511,-11.874,-0.000,1.500,0.022
102.02,-11.874,-0.019,-1.511,-11.874,-0.000,1.500,0.022
102.04,-11.874,-0.019,-1.511,-11.874,-0.000,1.500,0.022
102.06,-11.874,-0.020,-1.511,-11.874,-0.000,1.500,0.023
102.08,-11.874,-0.020,-1.511,-11.874,-0.000,1.500,0.023
102.10,-11.874,-0.020,-1.512,-11.874,-0.000,1.500,0.023
102.12,-11.874,-0.020,-1.512,-11.874,-0.000,1.500,0.023
102.14,-11.874,-0.019,-1.512,-11.874,-0.000,1.500,0.023
102.16,-11.874,-0.019,-1.512,-11.874,-0.000,1.500,0.023
102.18,-11.874,-0.019,-1.512,-11.874,-0.000,1.500,0.023
102.21,-11.874,-0.019,-1.512,-11.874,-0.000,1.500,0.023
102.23,-11.874,-0.019,-1.512,-11.874,-0.000,1.500,0.023
102.25,-11.874,-0.018,-1.512,-11.874,-0.000,1.500,0.022
102.27,-11.874,-0.018,-1.512,-11.874,-0.000,1.500,0.022
102.29,-11.874,-0.017,-1.512,-11.874,-0.000,1.500,0.021
102.31,-11.874,-0.017,-1.512,-11.874,-0.000,1.500,0.021
102.33,-11.874,-0.016,-1.511,-11.874,-0.000,1.500,0.020
102.35,-11.874,-0.016,-1.511,-11.874,-0.000,1.500,0.020
102.37,-11.875,-0.015,-1.511,-11.874,-0.000,1.500,0.019
102.39,-11.875,-0.015,-1.511,-11.874,-0.000,1.500,0.019
102.41,-11.875,-0.014,-1.510,-11.874,-0.000,1.500,0.018
102.43,-11.875,-0.014,-1.510,-11.874,-0.000,1.500,0.018
102.46,-11.875,-0.013,-1.509,-11.874,-0.000,1.500,0.016
102.48,-11.875,-0.013,-1.509,-11.874,-0.000,1.500,0.016
102.50,-11.875,-0.012,-1.508,-11.874,-0.000,1.500,0.015
102.52,-11.875,-0.012,-1.508,-11.874,-0.000,1.500,0.015
102.54,-11.876,-0.011,-1.507,-11.874,-0.000,1.500,0.014
102.56,-11.876,-0.011,-1.507,-11.874,-0.000,1.500,0.014
102.58,-11.876,-0.010,-1.506,-11.874,-0.000,1.500,0.012
102.60,-11.876,-0.010,-1.506,-11.874,-0.000,1.500,0.012
102.62,-11.876,-0.009,-1.505,-11.874,-0.000,1.500,0.011
102.64,-11.876,-0.009,-1.505,-11.874,-0.000,1.500,0.011
102.66,-11.876,-0.009,-1.505,-11.874,-0.000,1.500,0.011
102.68,-11.875,-0.008,-1.504,-11.874,-0.000,1.500,0.009
102.71,-11.875,-0.008,-1.504,-11.874,-0.000,1.500,0.009
102.73,-11.875,-0.007,-1.503,-11.874,-0.000,1.500,0.008
102.75,-11.875,-0.007,-1.503,-11.874,-0.000,1.500,0.008
102.77,-11.875,-0.006,-1.502,-11.874,-0.000,1.500,0.006
102.79,-11.875,-0.006,-1.502,-11.874,-0.000,1.500,0.006
102.81,-11.875,-0.005,-1.501,-11.874,-0.000,1.500,0.005
102.83,-11.875,-0.005,-1.501,-11.874,-0.000,1.500,0.005
102.85,-11.875,-0.004,-1.501,-11.874,-0.000,1.500,0.004
102.87,-11.875,-0.004,-1.501,-11.874,-0.000,1.500,0.004
102.89,-11.875,-0.002,-1.500,-11.874,-0.000,1.500,0.003
102.91,-11.875,-0.002,-1.500,-11.874,-0.000,1.500,0.003
102.94,-11.875,-0.001,-1.499,-11.874,-0.000,1.500,0.002
102.96,-11.875,-0.001,-1.499,-11.874,-0.000,1.500,0.002
102.98,-11.874,-0.000,-1.498,-11.874,-0.000,1.500,0.002
103.00,-11.874,-0.000,-1.498,-11.874,-0.000,1.500,0.002
103.02,-11.874,0.001,-1.497,-11.874,-0.000,1.500,0.003
103.04,-11.874,0.001,-1.497,-11.874,-0.000,1.500,0.003
103.06,-11.874,0.002,-1.496,-11.874,-0.000,1.500,0.004
103.08,-11.874,0.002,-1.496,-11.874,-0.000,1.500,0.004
103.10,-11.873,0.004,-1.495,-11.874,-0.000,1.500,0.006
103.12,-11.873,0.004,-1.495,-11.874,-0.000,1.500,0.006
103.14,-11.873,0.005,-1.494,-11.874,-0.000,1.500,0.008
103.16,-11.873,0.005,-1.494,-11.874,-0.000,1.500,0.008
103.19,-11.873,0.005,-1.494,-11.874,-0.000,1.500,0.008
103.21,-11.872,0.007,-1.492,-11.874,-0.000,1.500,0.010
103.23,-11.872,0.007,-1.492,-11.874,-0.000,1.500,0.010
103.25,-11.871,0.008,-1.491,-11.874,-0.000,1.500,0.012
103.27,-11.871,0.008,-1.491,-11.874,-0.000,1.500,0.012
103.29,-11.871,0.009,-1.490,-11.874,-0.000,1.500,0.013
103.31,-11.871,0.009,-1.490,-11.874,-0.000,1.500,0.013
103.33,-11.870,0.010,-1.489,-11.874,-0.000,1.500,0.015
103.35,-11.870,0.010,-1.489,-11.874,-0.000,1.500,0.015
103.37,-11.869,0.010,-1.489,-11.874,-0.000,1.500,0.016
103.39,-11.869,0.010,-1.489,-11.874,-0.000,1.500,0.016
103.41,-11.869,0.011,-1.488,-11.874,-0.000,1.500,0.017
103.43,-11.869,0.011,-1.488,-11.874,-0.000,1.500,0.017
103.46,-11.868,0.012,-1.488,-11.874,-0.000,1.500,0.018
103.48,-11.868,0.012,-1.488,-11.874,-0.000,1.500,0.018
103.50,-11.867,0.013,-1.488,-11.874,-0.000,1.500,0.020
103.52,-11.867,0.013,-1.488,-11.874,-0.000,1.500,0.020
103.54,-11.866,0.014,-1.487,-11.874,-0.000,1.500,0.021
103.56,-11.866,0.014,-1.487,-11.874,-0.000,1.500,0.021
103.58,-11.865,0.015,-1.487,-11.874,-0.000,1.500,0.022
103.60,-11.865,0.015,-1.487,-11.874,-0.000,1.500,0.022
103.62,-11.864,0.016,-1.487,-11.874,-0.000,1.500,0.023
103.64,-11.864,0.016,-1.487,-11.874,-0.000,1.500,0.023
103.66,-11.864,0.016,-1.487,-11.874,-0.000,1.500,0.023
103.68,-11.863,0.017,-1.487,-11.874,-0.000,1.500,0.024
103.71,-11.863,0.017,-1.487,-11.874,-0.000,1.500,0.024
103.73,-11.863,0.018,-1.487,-11.874,-0.000,1.500,0.025
103.75,-11.863,0.018,-1.487,-11.874,-0.000,1.500,0.025
103.77,-11.863,0.018,-1.487,-11.874,-0.000,1.500,0.025
103.79,-11.863,0.018,-1.487,-11.874,-0.000,1.500,0.025
103.81,-11.863,0.019,-1.487,-11.874,-0.000,1.500,0.025
103.83,-11.863,0.019,-1.487,-11.874,-0.000,1.500,0.025
103.85,-11.864,0.019,-1.487,-11.874,-0.000,1.500,0.026
103.87,-11.864,0.019,-1.487,-11.874,-0.000,1.500,0.026
103.89,-11.864,0.020,-1.487,-11.874,-0.000,1.500,0.026
103.91,-11.864,0.020,-1.487,-11.874,-0.000,1.500,0.026
103.94,-11.865,0.020,-1.486,-11.874,-0.000,1.500,0.026
103.96,-11.865,0.020,-1.486,-11.874,-0.000,1.500,0.026
103.98,-11.865,0.020,-1.486,-11.874,-0.000,1.500,0.026
104.00,-11.865,0.020,-1.486,-11.874,-0.000,1.500,0.026
104.02,-11.866,0.020,-1.486,-11.874,-0.000,1.500,0.026
104.04,-11.866,0.020,-1.486,-11.874,-0.000,1.500,0.026
104.06,-11.867,0.020,-1.486,-11.874,-0.000,1.500,0.026
104.08,-11.867,0.020,-1.486,-11.874,-0.000,1.500,0.026
104.10,-11.868,0.020,-1.485,-11.874,-0.000,1.500,0.026
104.12,-11.868,0.020,-1.485,-11.874,-0.000,1.500,0.026
104.14,-11.868,0.020,-1.485,-11.874,-0.000,1.500,0.026
104.17,-11.868,0.020,-1.485,-11.874,-0.000,1.500,0.026
104.19,-11.868,0.020,-1.485,-11.874,-0.000,1.500,0.026
104.21,-11.869,0.020,-1.484,-11.874,-0.000,1.500,0.026
104.23,-11.869,0.020,-1.484,-11.874,-0.000,1.500,0.026
104.25,-11.870,0.020,-1.483,-11.874,-0.000,1.500,0.026
104.27,-11.870,0.020,-1.483,-11.874,-0.000,1.500,0.026
104.29,-11.870,0.020,-1.483,-11.874,-0.000,1.500,0.027
104.31,-11.870,0.020,-1.483,-11.874,-0.000,1.500,0.027
104.33,-11.871,0.020,-1.483,-11.874,-0.000,1.500,0.027
104.35,-11.871,0.020,-1.483,-11.874,-0.000,1.500,0.027
104.37,-11.871,0.020,-1.482,-11.874,-0.000,1.500,0.027
104.40,-11.871,0.020,-1.482,-11.874,-0.000,1.500,0.027
104.42,-11.871,0.020,-1.482,-11.874,-0.000,1.500,0.027
104.44,-11.871,0.020,-1.482,-11.874,-0.000,1.500,0.027
104.46,-11.872,0.020,-1.483,-11.874,-0.000,1.500,0.027
104.48,-11.872,0.020,-1.483,-11.874,-0.000,1.500,0.027
104.50,-11.872,0.020,-1.483,-11.874,-0.000,1.500,0.026
104.52,-11.872,0.020,-1.483,-11.874,-0.000,1.500,0.026
104.54,-11.873,0.020,-1.483,-11.874,-0.000,1.500,0.026
104.56,-11.873,0.020,-1.483,-11.874,-0.000,1.500,0.026
104.58,-11.873,0.020,-1.484,-11.874,-0.000,1.500,0.025
104.60,-11.873,0.020,-1.484,-11.874,-0.000,1.500,0.025
104.62,-11.873,0.020,-1.485,-11.874,-0.000,1.500,0.025
104.64,-11.873,0.020,-1.485,-11.874,-0.000,1.500,0.025
104.67,-11.874,0.020,-1.485,-11.874,-0.000,1.500,0.025
104.69,-11.874,0.020,-1.485,-11.874,-0.000,1.500,0.025
104.71,-11.874,0.020,-1.485,-11.874,-0.000,1.500,0.025
104.73,-11.875,0.020,-1.486,-11.874,-0.000,1.500,0.024
104.75,-11.875,0.020,-1.486,-11.874,-0.000,1.500,0.024
104.77,-11.876,0.020,-1.487,-11.874,-0.000,1.500,0.024
104.79,-11.876,0.020,-1.487,-11.874,-0.000,1.500,0.024
104.81,-11.876,0.020,-1.488,-11.874,-0.000,1.500,0.023
104.83,-11.876,0.020,-1.488,-11.874,-0.000,1.500,0.023
104.85,-11.877,0.020,-1.488,-11.874,-0.000,1.500,0.023
104.87,-11.877,0.020,-1.488,-11.874,-0.000,1.500,0.023
104.90,-11.877,0.020,-1.489,-11.874,-0.000,1.500,0.023
104.92,-11.877,0.020,-1.489,-11.874,-0.000,1.500,0.023
104.94,-11.878,0.020,-1.489,-11.874,-0.000,1.500,0.023
104.96,-11.878,0.020,-1.489,-11.874,-0.000,1.500,0.023
104.98,-11.879,0.020,-1.490,-11.874,-0.000,1.500,0.023
105.00,-11.879,0.020,-1.490,-11.874,-0.000,1.500,0.023
105.02,-11.880,0.021,-1.490,-11.874,-0.000,1.500,0.024
105.04,-11.880,0.021,-1.490,-11.874,-0.000,1.500,0.024
105.06,-11.880,0.021,-1.490,-11.874,-0.000,1.500,0.024
105.08,-11.880,0.021,-1.490,-11.874,-0.000,1.500,0.024
105.10,-11.881,0.022,-1.491,-11.874,-0.000,1.500,0.025
105.12,-11.881,0.022,-1.491,-11.874,-0.000,1.500,0.025
105.15,-11.882,0.023,-1.491,-11.874,-0.000,1.500,0.026
105.17,-11.882,0.023,-1.491,-11.874,-0.000,1.500,0.026
105.19,-11.882,0.023,-1.491,-11.874,-0.000,1.500,0.026
105.21,-11.883,0.024,-1.492,-11.874,-0.000,1.500,0.027
105.23,-11.883,0.024,-1.492,-11.874,-0.000,1.500,0.027
105.25,-11.884,0.025,-1.492,-11.874,-0.000,1.500,0.028
105.27,-11.884,0.025,-1.492,-11.874,-0.000,1.500,0.028
105.29,-11.884,0.026,-1.493,-11.874,-0.000,1.500,0.029
105.31,-11.884,0.026,-1.493,-11.874,-0.000,1.500,0.029
105.33,-11.885,0.027,-1.493,-11.874,-0.000,1.500,0.030
105.35,-11.885,0.027,-1.493,-11.874,-0.000,1.500,0.030
105.38,-11.886,0.028,-1.494,-11.874,-0.000,1.500,0.030
105.40,-11.886,0.028,-1.494,-11.874,-0.000,1.500,0.030
105.42,-11.886,0.029,-1.495,-11.874,-0.000,1.500,0.031
105.44,-11.886,0.029,-1.495,-11.874,-0.000,1.500,0.031
105.46,-11.887,0.029,-1.495,-11.874,-0.000,1.500,0.032
105.48,-11.887,0.029,-1.495,-11.874,-0.000,1.500,0.032
105.50,-11.887,0.030,-1.496,-11.874,-0.000,1.500,0.033
105.52,-11.887,0.030,-1.496,-11.874,-0.000,1.500,0.033
105.54,-11.887,0.030,-1.496,-11.874,-0.000,1.500,0.033
105.56,-11.887,0.030,-1.496,-11.874,-0.000,1.500,0.033
105.58,-11.888,0.030,-1.496,-11.874,-0.000,1.500,0.033
105.60,-11.888,0.030,-1.496,-11.874,-0.000,1.500,0.033
105.62,-11.888,0.030,-1.496,-11.874,-0.000,1.500,0.033
105.65,-11.888,0.030,-1.496,-11.874,-0.000,1.500,0.033
105.67,-11.888,0.031,-1.497,-11.874,-0.000,1.500,0.034
105.69,-11.888,0.031,-1.497,-11.874,-0.000,1.500,0.034
105.71,-11.888,0.031,-1.497,-11.874,-0.000,1.500,0.034
105.73,-11.889,0.031,-1.497,-11.874,-0.000,1.500,0.034
105.75,-11.889,0.031,-1.497,-11.874,-0.000,1.500,0.034
105.77,-11.889,0.032,-1.498,-11.874,-0.000,1.500,0.035
105.79,-11.889,0.032,-1.498,-11.874,-0.000,1.500,0.035
105.81,-11.890,0.032,-1.498,-11.874,-0.000,1.500,0.036
105.83,-11.890,0.032,-1.498,-11.874,-0.000,1.500,0.036
105.85,-11.890,0.033,-1.498,-11.874,-0.000,1.500,0.036
105.87,-11.890,0.033,-1.498,-11.874,-0.000,1.500,0.036
105.90,-11.890,0.033,-1.499,-11.874,-0.000,1.500,0.037
105.92,-11.890,0.033,-1.499,-11.874,-0.000,1.500,0.037
105.94,-11.891,0.034,-1.500,-11.874,-0.000,1.500,0.038
105.96,-11.891,0.034,-1.500,-11.874,-0.000,1.500,0.038
105.98,-11.891,0.035,-1.500,-11.874,-0.000,1.500,0.039
106.00,-11.891,0.035,-1.500,-11.874,-0.000,1.500,0.039
106.02,-11.891,0.035,-1.501,-11.874,-0.000,1.500,0.039
106.04,-11.891,0.035,-1.501,-11.874,-0.000,1.500,0.039
106.06,-11.892,0.036,-1.502,-11.874,-0.000,1.500,0.040
106.08,-11.892,0.036,-1.502,-11.874,-0.000,1.500,0.040
106.10,-11.892,0.036,-1.502,-11.874,-0.000,1.500,0.040
106.12,-11.892,0.036,-1.502,-11.874,-0.000,1.500,0.040
106.14,-11.892,0.036,-1.503,-11.874,-0.000,1.500,0.041
106.17,-11.892,0.036,-1.503,-11.874,-0.000,1.500,0.041
106.19,-11.892,0.036,-1.503,-11.874,-0.000,1.500,0.041
106.21,-11.893,0.036,-1.504,-11.874,-0.000,1.500,0.041
106.23,-11.893,0.036,-1.504,-11.874,-0.000,1.500,0.041
106.25,-11.893,0.037,-1.505,-11.874,-0.000,1.500,0.041
106.27,-11.893,0.037,-1.505,-11.874,-0.000,1.500,0.041
106.29,-11.893,0.036,-1.506,-11.874,-0.000,1.500,0.041
106.31,-11.893,0.036,-1.506,-11.874,-0.000,1.500,0.041
106.33,-11.893,0.036,-1.507,-11.874,-0.000,1.500,0.042
106.35,-11.893,0.036,-1.507,-11.874,-0.000,1.500,0.042
106.38,-11.893,0.036,-1.508,-11.874,-0.000,1.500,0.042
106.40,-11.893,0.036,-1.508,-11.874,-0.000,1.500,0.042
106.42,-11.892,0.037,-1.509,-11.874,-0.000,1.500,0.042
106.44,-11.892,0.037,-1.509,-11.874,-0.000,1.500,0.042
106.46,-11.892,0.037,-1.509,-11.874,-0.000,1.500,0.042
106.48,-11.892,0.037,-1.509,-11.874,-0.000,1.500,0.042
106.50,-11.892,0.037,-1.510,-11.874,-0.000,1.500,0.042
106.52,-11.892,0.037,-1.510,-11.874,-0.000,1.500,0.042
106.54,-11.891,0.037,-1.511,-11.874,-0.000,1.500,0.043
106.56,-11.891,0.037,-1.511,-11.874,-0.000,1.500,0.043
106.58,-11.891,0.038,-1.511,-11.874,-0.000,1.500,0.043
106.61,-11.891,0.038,-1.511,-11.874,-0.000,1.500,0.043
106.63,-11.891,0.038,-1.512,-11.874,-0.000,1.500,0.044
106.65,-11.891,0.038,-1.512,-11.874,-0.000,1.500,0.044
106.67,-11.890,0.039,-1.512,-11.874,-0.000,1.500,0.044
106.69,-11.890,0.039,-1.512,-11.874,-0.000,1.500,0.044
106.71,-11.890,0.039,-1.512,-11.874,-0.000,1.500,0.044
106.73,-11.889,0.040,-1.513,-11.874,-0.000,1.500,0.044
106.75,-11.889,0.040,-1.513,-11.874,-0.000,1.500,0.044
106.77,-11.887,0.040,-1.513,-11.874,-0.000,1.500,0.044
106.79,-11.887,0.040,-1.513,-11.874,-0.000,1.500,0.044
106.81,-11.886,0.041,-1.513,-11.874,-0.000,1.500,0.044
106.83,-11.886,0.041,-1.513,-11.874,-0.000,1.500,0.044
106.86,-11.885,0.041,-1.513,-11.874,-0.000,1.500,0.044
106.88,-11.885,0.041,-1.513,-11.874,-0.000,1.500,0.044
106.90,-11.883,0.041,-1.513,-11.874,-0.000,1.500,0.044
106.92,-11.883,0.041,-1.513,-11.874,-0.000,1.500,0.044
106.94,-11.882,0.041,-1.513,-11.874,-0.000,1.500,0.043
106.96,-11.882,0.041,-1.513,-11.874,-0.000,1.500,0.043
106.98,-11.881,0.040,-1.513,-11.874,-0.000,1.500,0.043
107.00,-11.881,0.040,-1.513,-11.874,-0.000,1.500,0.043
107.02,-11.880,0.040,-1.513,-11.874,-0.000,1.500,0.042
107.04,-11.880,0.040,-1.513,-11.874,-0.000,1.500,0.042
107.06,-11.879,0.039,-1.513,-11.874,-0.000,1.500,0.042
107.08,-11.879,0.039,-1.513,-11.874,-0.000,1.500,0.042
107.11,-11.878,0.039,-1.513,-11.874,-0.000,1.500,0.041
107.13,-11.878,0.039,-1.513,-11.874,-0.000,1.500,0.041
107.15,-11.877,0.037,-1.513,-11.874,-0.000,1.500,0.040
107.17,-11.877,0.037,-1.513,-11.874,-0.000,1.500,0.040
107.19,-11.877,0.037,-1.513,-11.874,-0.000,1.500,0.040
107.21,-11.876,0.036,-1.513,-11.874,-0.000,1.500,0.038
107.23,-11.876,0.036,-1.513,-11.874,-0.000,1.500,0.038
107.25,-11.875,0.035,-1.513,-11.874,-0.000,1.500,0.037
107.27,-11.875,0.035,-1.513,-11.874,-0.000,1.500,0.037
107.29,-11.875,0.033,-1.513,-11.874,-0.000,1.500,0.035
107.31,-11.875,0.033,-1.513,-11.874,-0.000,1.500,0.035
107.33,-11.874,0.031,-1.513,-11.874,-0.000,1.500,0.034
107.36,-11.874,0.031,-1.513,-11.874,-0.000,1.500,0.034
107.38,-11.874,0.028,-1.512,-11.874,-0.000,1.500,0.031
107.40,-11.874,0.028,-1.512,-11.874,-0.000,1.500,0.031
107.42,-11.873,0.026,-1.512,-11.874,-0.000,1.500,0.029
107.44,-11.873,0.026,-1.512,-11.874,-0.000,1.500,0.029
107.46,-11.873,0.024,-1.511,-11.874,-0.000,1.500,0.027
107.48,-11.873,0.024,-1.511,-11.874,-0.000,1.500,0.027
107.50,-11.873,0.022,-1.511,-11.874,-0.000,1.500,0.025
107.52,-11.873,0.022,-1.511,-11.874,-0.000,1.500,0.025
107.54,-11.872,0.019,-1.511,-11.874,-0.000,1.500,0.022
107.56,-11.872,0.019,-1.511,-11.874,-0.000,1.500,0.022
107.58,-11.872,0.017,-1.511,-11.874,-0.000,1.500,0.020
107.60,-11.872,0.017,-1.511,-11.874,-0.000,1.500,0.020
107.62,-11.871,0.015,-1.510,-11.874,-0.000,1.500,0.018
107.65,-11.871,0.015,-1.510,-11.874,-0.000,1.500,0.018
107.67,-11.871,0.013,-1.510,-11.874,-0.000,1.500,0.017
107.69,-11.871,0.013,-1.510,-11.874,-0.000,1.500,0.017
107.71,-11.871,0.013,-1.510,-11.874,-0.000,1.500,0.017
107.73,-11.871,0.009,-1.509,-11.874,-0.000,1.500,0.014
107.75,-11.871,0.009,-1.509,-11.874,-0.000,1.500,0.014
107.77,-11.870,0.007,-1.509,-11.874,-0.000,1.500,0.013
107.79,-11.870,0.007,-1.509,-11.874,-0.000,1.500,0.013
107.81,-11.870,0.005,-1.509,-11.874,-0.000,1.500,0.011
107.83,-11.870,0.005,-1.509,-11.874,-0.000,1.500,0.011
107.85,-11.870,0.003,-1.508,-11.874,-0.000,1.500,0.010
107.87,-11.870,0.003,-1.508,-11.874,-0.000,1.500,0.010
107.90,-11.869,0.001,-1.508,-11.874,-0.000,1.500,0.010
107.92,-11.869,0.001,-1.508,-11.874,-0.000,1.500,0.010
107.94,-11.869,-0.001,-1.508,-11.874,-0.000,1.500,0.009
107.96,-11.869,-0.001,-1.508,-11.874,-0.000,1.500,0.009
107.98,-11.869,-0.003,-1.508,-11.874,-0.000,1.500,0.010
108.00,-11.869,-0.003,-1.508,-11.874,-0.000,1.500,0.010
108.02,-11.869,-0.005,-1.507,-11.874,-0.000,1.500,0.010
108.04,-11.869,-0.005,-1.507,-11.874,-0.000,1.500,0.010
108.06,-11.869,-0.007,-1.507,-11.874,-0.000,1.500,0.011
108.08,-11.869,-0.007,-1.507,-11.874,-0.000,1.500,0.011
108.10,-11.869,-0.009,-1.507,-11.874,-0.000,1.500,0.012
108.13,-11.869,-0.009,-1.507,-11.874,-0.000,1.500,0.012
108.15,-11.869,-0.011,-1.506,-11.874,-0.000,1.500,0.013
108.17,-11.869,-0.011,-1.506,-11.874,-0.000,1.500,0.013
108.19,-11.868,-0.013,-1.506,-11.874,-0.000,1.500,0.015
108.21,-11.868,-0.013,-1.506,-11.874,-0.000,1.500,0.015
108.23,-11.868,-0.013,-1.506,-11.874,-0.000,1.500,0.015
108.25,-11.868,-0.015,-1.505,-11.874,-0.000,1.500,0.017
108.27,-11.868,-0.015,-1.505,-11.874,-0.000,1.500,0.017
108.29,-11.867,-0.016,-1.505,-11.874,-0.000,1.500,0.018
108.31,-11.867,-0.016,-1.505,-11.874,-0.000,1.500,0.018
108.33,-11.867,-0.018,-1.504,-11.874,-0.000,1.500,0.020
108.35,-11.867,-0.018,-1.504,-11.874,-0.000,1.500,0.020
108.37,-11.866,-0.019,-1.504,-11.874,-0.000,1.500,0.021
108.40,-11.866,-0.019,-1.504,-11.874,-0.000,1.500,0.021
108.42,-11.866,-0.020,-1.503,-11.874,-0.000,1.500,0.022
108.44,-11.866,-0.020,-1.503,-11.874,-0.000,1.500,0.022
108.46,-11.865,-0.021,-1.502,-11.874,-0.000,1.500,0.023
108.48,-11.865,-0.021,-1.502,-11.874,-0.000,1.500,0.023
108.50,-11.864,-0.022,-1.501,-11.874,-0.000,1.500,0.024
108.52,-11.864,-0.022,-1.501,-11.874,-0.000,1.500,0.024
108.54,-11.864,-0.022,-1.500,-11.874,-0.000,1.500,0.024
108.56,-11.864,-0.022,-1.500,-11.874,-0.000,1.500,0.024
108.58,-11.864,-0.022,-1.500,-11.874,-0.000,1.500,0.024
108.60,-11.864,-0.022,-1.500,-11.874,-0.000,1.500,0.024
108.62,-11.864,-0.022,-1.499,-11.874,-0.000,1.500,0.025
108.65,-11.864,-0.022,-1.499,-11.874,-0.000,1.500,0.025
108.67,-11.863,-0.022,-1.499,-11.874,-0.000,1.500,0.025
108.69,-11.863,-0.022,-1.499,-11.874,-0.000,1.500,0.025
108.71,-11.863,-0.022,-1.499,-11.874,-0.000,1.500,0.025
108.73,-11.863,-0.022,-1.499,-11.874,-0.000,1.500,0.024
108.75,-11.863,-0.022,-1.499,-11.874,-0.000,1.500,0.024
108.77,-11.863,-0.021,-1.499,-11.874,-0.000,1.500,0.024
108.79,-11.863,-0.021,-1.499,-11.874,-0.000,1.500,0.024
108.81,-11.863,-0.021,-1.499,-11.874,-0.000,1.500,0.024
108.83,-11.863,-0.021,-1.499,-11.874,-0.000,1.500,0.024
108.85,-11.863,-0.021,-1.499,-11.874,-0.000,1.500,0.023
108.87,-11.863,-0.021,-1.499,-11.874,-0.000,1.500,0.023
108.89,-11.863,-0.020,-1.499,-11.874,-0.000,1.500,0.023
108.91,-11.863,-0.020,-1.499,-11.874,-0.000,1.500,0.023
108.94,-11.863,-0.019,-1.500,-11.874,-0.000,1.500,0.022
108.96,-11.863,-0.019,-1.500,-11.874,-0.000,1.500,0.022
108.98,-11.863,-0.019,-1.500,-11.874,-0.000,1.500,0.022
109.00,-11.863,-0.019,-1.500,-11.874,-0.000,1.500,0.022
109.02,-11.863,-0.018,-1.500,-11.874,-0.000,1.500,0.021
109.04,-11.863,-0.018,-1.500,-11.874,-0.000,1.500,0.021
109.06,-11.864,-0.017,-1.500,-11.874,-0.000,1.500,0.020
109.08,-11.864,-0.017,-1.500,-11.874,-0.000,1.500,0.020
109.10,-11.864,-0.016,-1.500,-11.874,-0.000,1.500,0.019
109.12,-11.864,-0.016,-1.500,-11.874,-0.000,1.500,0.019
109.14,-11.864,-0.016,-1.500,-11.874,-0.000,1.500,0.019
109.17,-11.864,-0.016,-1.500,-11.874,-0.000,1.500,0.019
109.19,-11.864,-0.015,-1.500,-11.874,-0.000,1.500,0.018
109.21,-11.864,-0.015,-1.500,-11.874,-0.000,1.500,0.018
109.23,-11.864,-0.015,-1.500,-11.874,-0.000,1.500,0.018
109.25,-11.864,-0.014,-1.500,-11.874,-0.000,1.500,0.017
109.27,-11.864,-0.014,-1.500,-11.874,-0.000,1.500,0.017
109.29,-11.864,-0.013,-1.500,-11.874,-0.000,1.500,0.016
109.31,-11.864,-0.013,-1.500,-11.874,-0.000,1.500,0.016
109.33,-11.864,-0.012,-1.499,-11.874,-0.000,1.500,0.016
109.35,-11.864,-0.012,-1.499,-11.874,-0.000,1.500,0.016
109.37,-11.864,-0.011,-1.499,-11.874,-0.000,1.500,0.015
109.39,-11.864,-0.011,-1.499,-11.874,-0.000,1.500,0.015
109.42,-11.864,-0.010,-1.499,-11.874,-0.000,1.500,0.014
109.44,-11.864,-0.010,-1.499,-11.874,-0.000,1.500,0.014
109.46,-11.864,-0.009,-1.499,-11.874,-0.000,1.500,0.013
109.48,-11.864,-0.009,-1.499,-11.874,-0.000,1.500,0.013
109.50,-11.865,-0.008,-1.499,-11.874,-0.000,1.500,0.013
109.52,-11.865,-0.008,-1.499,-11.874,-0.000,1.500,0.013
109.54,-11.865,-0.007,-1.498,-11.874,-0.000,1.500,0.012
109.56,-11.865,-0.007,-1.498,-11.874,-0.000,1.500,0.012
109.58,-11.865,-0.006,-1.498,-11.874,-0.000,1.500,0.011
109.60,-11.865,-0.006,-1.498,-11.874,-0.000,1.500,0.011
109.62,-11.865,-0.005,-1.498,-11.874,-0.000,1.500,0.011
109.64,-11.865,-0.005,-1.498,-11.874,-0.000,1.500,0.011
109.67,-11.865,-0.005,-1.498,-11.874,-0.000,1.500,0.010
109.69,-11.865,-0.005,-1.498,-11.874,-0.000,1.500,0.010
109.71,-11.865,-0.004,-1.497,-11.874,-0.000,1.500,0.010
109.73,-11.865,-0.004,-1.497,-11.874,-0.000,1.500,0.010
109.75,-11.865,-0.004,-1.497,-11.874,-0.000,1.500,0.010
109.77,-11.866,-0.003,-1.497,-11.874,-0.000,1.500,0.009
109.79,-11.866,-0.003,-1.497,-11.874,-0.000,1.500,0.009
109.81,-11.866,-0.002,-1.496,-11.874,-0.000,1.500,0.009
109.83,-11.866,-0.002,-1.496,-11.874,-0.000,1.500,0.009
109.85,-11.866,-0.002,-1.496,-11.874,-0.000,1.500,0.009
109.87,-11.866,-0.002,-1.496,-11.874,-0.000,1.500,0.009
109.90,-11.866,-0.001,-1.495,-11.874,-0.000,1.500,0.009
109.92,-11.866,-0.001,-1.495,-11.874,-0.000,1.500,0.009
109.94,-11.866,-0.001,-1.495,-11.874,-0.000,1.500,0.009
109.96,-11.866,-0.001,-1.495,-11.874,-0.000,1.500,0.009
109.98,-11.867,-0.001,-1.495,-11.874,-0.000,1.500,0.009
110.00,-11.867,-0.001,-1.495,-11.874,-0.000,1.500,0.009
110.02,-11.867,-0.001,-1.494,-11.874,-0.000,1.500,0.009
110.04,-11.867,-0.001,-1.494,-11.874,-0.000,1.500,0.009
110.06,-11.867,-0.001,-1.494,-11.874,-0.000,1.500,0.009
110.08,-11.867,-0.001,-1.494,-11.874,-0.000,1.500,0.009
110.10,-11.868,-0.002,-1.494,-11.874,-0.000,1.500,0.009
110.13,-11.868,-0.002,-1.494,-11.874,-0.000,1.500,0.009
110.15,-11.869,-0.002,-1.493,-11.874,-0.000,1.500,0.009
110.17,-11.869,-0.002,-1.493,-11.874,-0.000,1.500,0.009
110.19,-11.870,-0.003,-1.493,-11.874,-0.000,1.500,0.008
110.21,-11.870,-0.003,-1.493,-11.874,-0.000,1.500,0.008
110.23,-11.870,-0.003,-1.493,-11.874,-0.000,1.500,0.008
110.25,-11.871,-0.004,-1.494,-11.874,-0.000,1.500,0.008
110.27,-11.871,-0.004,-1.494,-11.874,-0.000,1.500,0.008
110.29,-11.873,-0.004,-1.494,-11.874,-0.000,1.500,0.008
110.31,-11.873,-0.004,-1.494,-11.874,-0.000,1.500,0.008
110.33,-11.874,-0.005,-1.494,-11.874,-0.000,1.500,0.008
110.36,-11.874,-0.005,-1.494,-11.874,-0.000,1.500,0.008
110.38,-11.876,-0.007,-1.494,-11.874,-0.000,1.500,0.009
110.40,-11.876,-0.007,-1.494,-11.874,-0.000,1.500,0.009
110.42,-11.877,-0.008,-1.494,-11.874,-0.000,1.500,0.010
110.44,-11.877,-0.008,-1.494,-11.874,-0.000,1.500,0.010
110.46,-11.879,-0.009,-1.494,-11.874,-0.000,1.500,0.011
110.48,-11.879,-0.009,-1.494,-11.874,-0.000,1.500,0.011
110.50,-11.880,-0.010,-1.494,-11.874,-0.000,1.500,0.013
110.52,-11.880,-0.010,-1.494,-11.874,-0.000,1.500,0.013
110.54,-11.881,-0.012,-1.494,-11.874,-0.000,1.500,0.015
110.56,-11.881,-0.012,-1.494,-11.874,-0.000,1.500,0.015
110.59,-11.883,-0.013,-1.494,-11.874,-0.000,1.500,0.016
110.61,-11.883,-0.013,-1.494,-11.874,-0.000,1.500,0.016
110.63,-11.884,-0.014,-1.494,-11.874,-0.000,1.500,0.018
110.65,-11.884,-0.014,-1.494,-11.874,-0.000,1.500,0.018
110.67,-11.885,-0.015,-1.494,-11.874,-0.000,1.500,0.020
110.69,-11.885,-0.015,-1.494,-11.874,-0.000,1.500,0.020
110.71,-11.885,-0.016,-1.493,-11.874,-0.000,1.500,0.021
110.73,-11.885,-0.016,-1.493,-11.874,-0.000,1.500,0.021
110.75,-11.885,-0.016,-1.493,-11.874,-0.000,1.500,0.021
110.77,-11.886,-0.018,-1.493,-11.874,-0.000,1.500,0.022
110.79,-11.886,-0.018,-1.493,-11.874,-0.000,1.500,0.022
110.81,-11.886,-0.018,-1.493,-11.874,-0.000,1.500,0.023
110.84,-11.886,-0.018,-1.493,-11.874,-0.000,1.500,0.023
110.86,-11.887,-0.020,-1.493,-11.874,-0.000,1.500,0.024
110.88,-11.887,-0.020,-1.493,-11.874,-0.000,1.500,0.024
110.90,-11.887,-0.020,-1.493,-11.874,-0.000,1.500,0.025
110.92,-11.887,-0.020,-1.493,-11.874,-0.000,1.500,0.025
110.94,-11.886,-0.021,-1.493,-11.874,-0.000,1.500,0.026
110.96,-11.886,-0.021,-1.493,-11.874,-0.000,1.500,0.026
110.98,-11.886,-0.022,-1.492,-11.874,-0.000,1.500,0.026
111.00,-11.886,-0.022,-1.492,-11.874,-0.000,1.500,0.026
111.02,-11.886,-0.022,-1.492,-11.874,-0.000,1.500,0.026
111.04,-11.886,-0.022,-1.492,-11.874,-0.000,1.500,0.026
111.06,-11.885,-0.023,-1.493,-11.874,-0.000,1.500,0.026
111.08,-11.885,-0.023,-1.493,-11.874,-0.000,1.500,0.026
111.11,-11.885,-0.023,-1.493,-11.874,-0.000,1.500,0.026
111.13,-11.885,-0.023,-1.493,-11.874,-0.000,1.500,0.026
111.15,-11.884,-0.023,-1.493,-11.874,-0.000,1.500,0.026
111.17,-11.884,-0.023,-1.493,-11.874,-0.000,1.500,0.026
111.19,-11.883,-0.023,-1.493,-11.874,-0.000,1.500,0.025
111.21,-11.883,-0.023,-1.493,-11.874,-0.000,1.500,0.025
111.23,-11.883,-0.023,-1.493,-11.874,-0.000,1.500,0.025
111.25,-11.881,-0.022,-1.494,-11.874,-0.000,1.500,0.024
111.27,-11.881,-0.022,-1.494,-11.874,-0.000,1.500,0.024
111.29,-11.880,-0.022,-1.494,-11.874,-0.000,1.500,0.024
111.31,-11.880,-0.022,-1.494,-11.874,-0.000,1.500,0.024
111.34,-11.879,-0.022,-1.495,-11.874,-0.000,1.500,0.023
111.36,-11.879,-0.022,-1.495,-11.874,-0.000,1.500,0.023
111.38,-11.878,-0.021,-1.495,-11.874,-0.000,1.500,0.022
111.40,-11.878,-0.021,-1.495,-11.874,-0.000,1.500,0.022
111.42,-11.878,-0.020,-1.496,-11.874,-0.000,1.500,0.021
111.44,-11.878,-0.020,-1.496,-11.874,-0.000,1.500,0.021
111.46,-11.877,-0.020,-1.496,-11.874,-0.000,1.500,0.021
111.48,-11.877,-0.020,-1.496,-11.874,-0.000,1.500,0.021
111.50,-11.877,-0.019,-1.496,-11.874,-0.000,1.500,0.020
111.52,-11.877,-0.019,-1.496,-11.874,-0.000,1.500,0.020
111.54,-11.876,-0.019,-1.496,-11.874,-0.000,1.500,0.019
111.56,-11.876,-0.019,-1.496,-11.874,-0.000,1.500,0.019
111.59,-11.876,-0.018,-1.496,-11.874,-0.000,1.500,0.019
111.61,-11.876,-0.018,-1.496,-11.874,-0.000,1.500,0.019
111.63,-11.875,-0.018,-1.496,-11.874,-0.000,1.500,0.018
111.65,-11.875,-0.018,-1.496,-11.874,-0.000,1.500,0.018
111.67,-11.875,-0.018,-1.496,-11.874,-0.000,1.500,0.018
111.69,-11.875,-0.018,-1.496,-11.874,-0.000,1.500,0.018
111.71,-11.874,-0.017,-1.496,-11.874,-0.000,1.500,0.017
111.73,-11.874,-0.017,-1.496,-11.874,-0.000,1.500,0.017
111.75,-11.874,-0.017,-1.496,-11.874,-0.000,1.500,0.017
111.77,-11.874,-0.016,-1.496,-11.874,-0.000,1.500,0.017
111.79,-11.874,-0.016,-1.496,-11.874,-0.000,1.500,0.017
111.81,-11.874,-0.015,-1.495,-11.874,-0.000,1.500,0.016
111.83,-11.874,-0.015,-1.495,-11.874,-0.000,1.500,0.016
111.85,-11.874,-0.015,-1.495,-11.874,-0.000,1.500,0.016
111.88,-11.874,-0.015,-1.495,-11.874,-0.000,1.500,0.016
111.90,-11.874,-0.014,-1.495,-11.874,-0.000,1.500,0.015
111.92,-11.874,-0.014,-1.495,-11.874,-0.000,1.500,0.015
111.94,-11.874,-0.014,-1.495,-11.874,-0.000,1.500,0.014
111.96,-11.874,-0.014,-1.495,-11.874,-0.000,1.500,0.014
111.98,-11.874,-0.013,-1.495,-11.874,-0.000,1.500,0.014
112.00,-11.874,-0.013,-1.495,-11.874,-0.000,1.500,0.014
112.02,-11.874,-0.013,-1.494,-11.874,-0.000,1.500,0.014
112.04,-11.874,-0.013,-1.494,-11.874,-0.000,1.500,0.014
112.06,-11.874,-0.012,-1.494,-11.874,-0.000,1.500,0.013
112.08,-11.874,-0.012,-1.494,-11.874,-0.000,1.500,0.013
112.10,-11.874,-0.011,-1.494,-11.874,-0.000,1.500,0.013
112.13,-11.874,-0.011,-1.494,-11.874,-0.000,1.500,0.013
112.15,-11.874,-0.011,-1.494,-11.874,-0.000,1.500,0.012
112.17,-11.874,-0.011,-1.494,-11.874,-0.000,1.500,0.012
112.19,-11.874,-0.010,-1.493,-11.874,-0.000,1.500,0.012
112.21,-11.874,-0.010,-1.493,-11.874,-0.000,1.500,0.012
112.23,-11.874,-0.010,-1.493,-11.874,-0.000,1.500,0.012
112.25,-11.874,-0.009,-1.492,-11.874,-0.000,1.500,0.012
112.27,-11.874,-0.009,-1.492,-11.874,-0.000,1.500,0.012
112.29,-11.874,-0.009,-1.492,-11.874,-0.000,1.500,0.012
112.31,-11.874,-0.009,-1.492,-11.874,-0.000,1.500,0.012
112.33,-11.874,-0.008,-1.492,-11.874,-0.000,1.500,0.011
112.35,-11.874,-0.008,-1.492,-11.874,-0.000,1.500,0.011
112.37,-11.874,-0.008,-1.491,-11.874,-0.000,1.500,0.011
112.40,-11.874,-0.008,-1.491,-11.874,-0.000,1.500,0.011
112.42,-11.874,-0.007,-1.491,-11.874,-0.000,1.500,0.011
112.44,-11.874,-0.007,-1.491,-11.874,-0.000,1.500,0.011
112.46,-11.874,-0.007,-1.491,-11.874,-0.000,1.500,0.011
112.48,-11.874,-0.007,-1.491,-11.874,-0.000,1.500,0.011
112.50,-11.874,-0.007,-1.491,-11.874,-0.000,1.500,0.011
112.52,-11.874,-0.007,-1.491,-11.874,-0.000,1.500,0.011
112.54,-11.874,-0.007,-1.490,-11.874,-0.000,1.500,0.011
112.56,-11.874,-0.007,-1.490,-11.874,-0.000,1.500,0.011
112.58,-11.873,-0.006,-1.490,-11.874,-0.000,1.500,0.011
112.60,-11.873,-0.006,-1.490,-11.874,-0.000,1.500,0.011
112.63,-11.873,-0.006,-1.490,-11.874,-0.000,1.500,0.012
112.65,-11.873,-0.006,-1.490,-11.874,-0.000,1.500,0.012
112.67,-11.873,-0.006,-1.490,-11.874,-0.000,1.500,0.012
112.69,-11.873,-0.006,-1.490,-11.874,-0.000,1.500,0.012
112.71,-11.872,-0.006,-1.490,-11.874,-0.000,1.500,0.012
112.73,-11.872,-0.006,-1.490,-11.874,-0.000,1.500,0.012
112.75,-11.872,-0.006,-1.490,-11.874,-0.000,1.500,0.012
112.77,-11.872,-0.005,-1.490,-11.874,-0.000,1.500,0.011
112.79,-11.872,-0.005,-1.490,-11.874,-0.000,1.500,0.011
112.81,-11.871,-0.004,-1.490,-11.874,-0.000,1.500,0.011
112.83,-11.871,-0.004,-1.490,-11.874,-0.000,1.500,0.011
112.85,-11.871,-0.004,-1.490,-11.874,-0.000,1.500,0.011
112.87,-11.871,-0.004,-1.490,-11.874,-0.000,1.500,0.011
112.90,-11.871,-0.002,-1.490,-11.874,-0.000,1.500,0.011
112.92,-11.871,-0.002,-1.490,-11.874,-0.000,1.500,0.011
112.94,-11.871,-0.001,-1.490,-11.874,-0.000,1.500,0.010
112.96,-11.871,-0.001,-1.490,-11.874,-0.000,1.500,0.010
112.98,-11.871,0.000,-1.490,-11.874,-0.000,1.500,0.010
113.00,-11.871,0.000,-1.490,-11.874,-0.000,1.500,0.010
113.02,-11.871,0.002,-1.490,-11.874,-0.000,1.500,0.011
113.04,-11.871,0.002,-1.490,-11.874,-0.000,1.500,0.011
113.06,-11.871,0.003,-1.490,-11.874,-0.000,1.500,0.011
113.08,-11.871,0.003,-1.490,-11.874,-0.000,1.500,0.011
113.10,-11.871,0.005,-1.490,-11.874,-0.000,1.500,0.011
113.12,-11.871,0.005,-1.490,-11.874,-0.000,1.500,0.011
113.14,-11.871,0.006,-1.491,-11.874,-0.000,1.500,0.011
113.17,-11.871,0.006,-1.491,-11.874,-0.000,1.500,0.011
113.19,-11.871,0.008,-1.491,-11.874,-0.000,1.500,0.012
113.21,-11.871,0.008,-1.491,-11.874,-0.000,1.500,0.012
113.23,-11.871,0.009,-1.492,-11.874,-0.000,1.500,0.013
113.25,-11.871,0.009,-1.492,-11.874,-0.000,1.500,0.013
113.27,-11.871,0.009,-1.492,-11.874,-0.000,1.500,0.013
113.29,-11.872,0.012,-1.493,-11.874,-0.000,1.500,0.014
113.31,-11.872,0.012,-1.493,-11.874,-0.000,1.500,0.014
113.33,-11.872,0.014,-1.493,-11.874,-0.000,1.500,0.015
113.35,-11.872,0.014,-1.493,-11.874,-0.000,1.500,0.015
113.37,-11.873,0.015,-1.494,-11.874,-0.000,1.500,0.016
113.39,-11.873,0.015,-1.494,-11.874,-0.000,1.500,0.016
113.42,-11.873,0.017,-1.495,-11.874,-0.000,1.500,0.017
113.44,-11.873,0.017,-1.495,-11.874,-0.000,1.500,0.017
113.46,-11.874,0.019,-1.496,-11.874,-0.000,1.500,0.019
113.48,-11.874,0.019,-1.496,-11.874,-0.000,1.500,0.019
113.50,-11.875,0.020,-1.497,-11.874,-0.000,1.500,0.020
113.52,-11.875,0.020,-1.497,-11.874,-0.000,1.500,0.020
113.54,-11.875,0.021,-1.497,-11.874,-0.000,1.500,0.021
113.56,-11.875,0.021,-1.497,-11.874,-0.000,1.500,0.021
113.58,-11.876,0.022,-1.498,-11.874,-0.000,1.500,0.023
113.60,-11.876,0.022,-1.498,-11.874,-0.000,1.500,0.023
113.62,-11.877,0.024,-1.498,-11.874,-0.000,1.500,0.024
113.64,-11.877,0.024,-1.498,-11.874,-0.000,1.500,0.024
113.66,-11.877,0.024,-1.499,-11.874,-0.000,1.500,0.025
113.69,-11.877,0.024,-1.499,-11.874,-0.000,1.500,0.025
113.71,-11.877,0.026,-1.499,-11.874,-0.000,1.500,0.026
113.73,-11.877,0.026,-1.499,-11.874,-0.000,1.500,0.026
113.75,-11.877,0.026,-1.499,-11.874,-0.000,1.500,0.026
113.77,-11.878,0.027,-1.499,-11.874,-0.000,1.500,0.027
113.79,-11.878,0.027,-1.499,-11.874,-0.000,1.500,0.027
113.81,-11.878,0.028,-1.499,-11.874,-0.000,1.500,0.028
113.83,-11.878,0.028,-1.499,-11.874,-0.000,1.500,0.028
113.85,-11.878,0.029,-1.499,-11.874,-0.000,1.500,0.029
113.87,-11.878,0.029,-1.499,-11.874,-0.000,1.500,0.029
113.89,-11.878,0.030,-1.499,-11.874,-0.000,1.500,0.030
113.91,-11.878,0.030,-1.499,-11.874,-0.000,1.500,0.030
113.93,-11.877,0.030,-1.499,-11.874,-0.000,1.500,0.030
113.96,-11.877,0.030,-1.499,-11.874,-0.000,1.500,0.030
113.98,-11.877,0.031,-1.500,-11.874,-0.000,1.500,0.031
114.00,-11.877,0.031,-1.500,-11.874,-0.000,1.500,0.031
114.02,-11.876,0.032,-1.500,-11.874,-0.000,1.500,0.032
114.04,-11.876,0.032,-1.500,-11.874,-0.000,1.500,0.032
114.06,-11.875,0.032,-1.500,-11.874,-0.000,1.500,0.032
114.08,-11.875,0.032,-1.500,-11.874,-0.000,1.500,0.032
114.10,-11.875,0.033,-1.501,-11.874,-0.000,1.500,0.033
114.12,-11.875,0.033,-1.501,-11.874,-0.000,1.500,0.033
114.14,-11.874,0.033,-1.502,-11.874,-0.000,1.500,0.033
114.16,-11.874,0.033,-1.502,-11.874,-0.000,1.500,0.033
114.19,-11.874,0.034,-1.502,-11.874,-0.000,1.500,0.034
114.21,-11.874,0.034,-1.502,-11.874,-0.000,1.500,0.034
114.23,-11.873,0.034,-1.503,-11.874,-0.000,1.500,0.034
114.25,-11.873,0.034,-1.503,-11.874,-0.000,1.500,0.034
114.27,-11.873,0.034,-1.503,-11.874,-0.000,1.500,0.034
114.29,-11.872,0.035,-1.503,-11.874,-0.000,1.500,0.036
114.31,-11.872,0.035,-1.503,-11.874,-0.000,1.500,0.036
114.33,-11.871,0.036,-1.504,-11.874,-0.000,1.500,0.036
114.35,-11.871,0.036,-1.504,-11.874,-0.000,1.500,0.036
114.37,-11.871,0.037,-1.504,-11.874,-0.000,1.500,0.037
114.39,-11.871,0.037,-1.504,-11.874,-0.000,1.500,0.037
114.41,-11.871,0.038,-1.504,-11.874,-0.000,1.500,0.038
114.44,-11.871,0.038,-1.504,-11.874,-0.000,1.500,0.038
114.46,-11.871,0.039,-1.504,-11.874,-0.000,1.500,0.040
114.48,-11.871,0.039,-1.504,-11.874,-0.000,1.500,0.040
114.50,-11.871,0.040,-1.504,-11.874,-0.000,1.500,0.041
114.52,-11.871,0.040,-1.504,-11.874,-0.000,1.500,0.041
114.54,-11.871,0.041,-1.504,-11.874,-0.000,1.500,0.041
114.56,-11.871,0.041,-1.504,-11.874,-0.000,1.500,0.041
114.58,-11.871,0.042,-1.503,-11.874,-0.000,1.500,0.042
114.60,-11.871,0.042,-1.503,-11.874,-0.000,1.500,0.042
114.62,-11.871,0.042,-1.503,-11.874,-0.000,1.500,0.042
114.64,-11.871,0.042,-1.503,-11.874,-0.000,1.500,0.042
114.66,-11.872,0.043,-1.502,-11.874,-0.000,1.500,0.043
114.68,-11.872,0.043,-1.502,-11.874,-0.000,1.500,0.043
114.71,-11.873,0.043,-1.501,-11.874,-0.000,1.500,0.043
114.73,-11.873,0.043,-1.501,-11.874,-0.000,1.500,0.043
114.75,-11.873,0.043,-1.501,-11.874,-0.000,1.500,0.043
114.77,-11.873,0.043,-1.501,-11.874,-0.000,1.500,0.043
114.79,-11.873,0.043,-1.501,-11.874,-0.000,1.500,0.043
114.81,-11.874,0.043,-1.500,-11.874,-0.000,1.500,0.043
114.83,-11.874,0.043,-1.500,-11.874,-0.000,1.500,0.043
114.85,-11.875,0.042,-1.499,-11.874,-0.000,1.500,0.042
114.87,-11.875,0.042,-1.499,-11.874,-0.000,1.500,0.042
114.89,-11.876,0.041,-1.499,-11.874,-0.000,1.500,0.041
114.91,-11.876,0.041,-1.499,-11.874,-0.000,1.500,0.041
114.93,-11.876,0.041,-1.499,-11.874,-0.000,1.500,0.041
114.95,-11.876,0.041,-1.499,-11.874,-0.000,1.500,0.041
114.98,-11.877,0.040,-1.498,-11.874,-0.000,1.500,0.040
115.00,-11.877,0.040,-1.498,-11.874,-0.000,1.500,0.040
115.02,-11.878,0.038,-1.498,-11.874,-0.000,1.500,0.039
115.04,-11.878,0.038,-1.498,-11.874,-0.000,1.500,0.039
115.06,-11.878,0.037,-1.499,-11.874,-0.000,1.500,0.037
115.08,-11.878,0.037,-1.499,-11.874,-0.000,1.500,0.037
115.10,-11.878,0.036,-1.499,-11.874,-0.000,1.500,0.036
115.12,-11.878,0.036,-1.499,-11.874,-0.000,1.500,0.036
115.14,-11.879,0.034,-1.500,-11.874,-0.000,1.500,0.034
115.16,-11.879,0.034,-1.500,-11.874,-0.000,1.500,0.034
115.18,-11.879,0.032,-1.501,-11.874,-0.000,1.500,0.033
115.20,-11.879,0.032,-1.501,-11.874,-0.000,1.500,0.033
115.23,-11.879,0.031,-1.502,-11.874,-0.000,1.500,0.031
115.25,-11.879,0.031,-1.502,-11.874,-0.000,1.500,0.031
115.27,-11.879,0.031,-1.502,-11.874,-0.000,1.500,0.031
115.29,-11.880,0.027,-1.503,-11.874,-0.000,1.500,0.028
115.31,-11.880,0.027,-1.503,-11.874,-0.000,1.500,0.028
115.33,-11.881,0.025,-1.505,-11.874,-0.000,1.500,0.026
115.35,-11.881,0.025,-1.505,-11.874,-0.000,1.500,0.026
115.37,-11.881,0.023,-1.506,-11.874,-0.000,1.500,0.025
115.39,-11.881,0.023,-1.506,-11.874,-0.000,1.500,0.025
115.41,-11.882,0.021,-1.507,-11.874,-0.000,1.500,0.023
115.43,-11.882,0.021,-1.507,-11.874,-0.000,1.500,0.023
115.45,-11.883,0.018,-1.508,-11.874,-0.000,1.500,0.022
115.47,-11.883,0.018,-1.508,-11.874,-0.000,1.500,0.022
115.50,-11.884,0.014,-1.510,-11.874,-0.000,1.500,0.020
115.52,-11.884,0.014,-1.510,-11.874,-0.000,1.500,0.020
115.54,-11.885,0.012,-1.511,-11.874,-0.000,1.500,0.019
115.56,-11.885,0.012,-1.511,-11.874,-0.000,1.500,0.019
115.58,-11.886,0.008,-1.512,-11.874,-0.000,1.500,0.019
115.60,-11.886,0.008,-1.512,-11.874,-0.000,1.500,0.019
115.62,-11.887,0.006,-1.513,-11.874,-0.000,1.500,0.020
115.64,-11.887,0.006,-1.513,-11.874,-0.000,1.500,0.020
115.66,-11.888,0.003,-1.514,-11.874,-0.000,1.500,0.020
115.68,-11.888,0.003,-1.514,-11.874,-0.000,1.500,0.020
115.70,-11.889,0.000,-1.515,-11.874,-0.000,1.500,0.021
115.72,-11.889,0.000,-1.515,-11.874,-0.000,1.500,0.021
115.75,-11.890,-0.003,-1.516,-11.874,-0.000,1.500,0.023
115.77,-11.890,-0.003,-1.516,-11.874,-0.000,1.500,0.023
115.79,-11.890,-0.003,-1.516,-11.874,-0.000,1.500,0.023
115.81,-11.892,-0.007,-1.516,-11.874,-0.000,1.500,0.025
115.83,-11.892,-0.007,-1.516,-11.874,-0.000,1.500,0.025
115.85,-11.893,-0.010,-1.516,-11.874,-0.000,1.500,0.027
115.87,-11.893,-0.010,-1.516,-11.874,-0.000,1.500,0.027
115.89,-11.893,-0.012,-1.516,-11.874,-0.000,1.500,0.028
115.91,-11.893,-0.012,-1.516,-11.874,-0.000,1.500,0.028
115.93,-11.894,-0.014,-1.516,-11.874,-0.000,1.500,0.029
115.95,-11.894,-0.014,-1.516,-11.874,-0.000,1.500,0.029
115.98,-11.894,-0.015,-1.515,-11.874,-0.000,1.500,0.030
116.00,-11.894,-0.015,-1.515,-11.874,-0.000,1.500,0.030
116.02,-11.895,-0.017,-1.514,-11.874,-0.000,1.500,0.030
116.04,-11.895,-0.017,-1.514,-11.874,-0.000,1.500,0.030
116.06,-11.895,-0.018,-1.513,-11.874,-0.000,1.500,0.030
116.08,-11.895,-0.018,-1.513,-11.874,-0.000,1.500,0.030
116.10,-11.895,-0.019,-1.512,-11.874,-0.000,1.500,0.031
116.12,-11.895,-0.019,-1.512,-11.874,-0.000,1.500,0.031
116.14,-11.895,-0.019,-1.511,-11.874,-0.000,1.500,0.030
116.16,-11.895,-0.019,-1.511,-11.874,-0.000,1.500,0.030
116.18,-11.895,-0.020,-1.510,-11.874,-0.000,1.500,0.030
116.20,-11.895,-0.020,-1.510,-11.874,-0.000,1.500,0.030
116.23,-11.894,-0.020,-1.508,-11.874,-0.000,1.500,0.030
116.25,-11.894,-0.020,-1.508,-11.874,-0.000,1.500,0.030
116.27,-11.894,-0.020,-1.508,-11.874,-0.000,1.500,0.030
116.29,-11.893,-0.021,-1.506,-11.874,-0.000,1.500,0.029
116.31,-11.893,-0.021,-1.506,-11.874,-0.000,1.500,0.029
116.33,-11.892,-0.021,-1.504,-11.874,-0.000,1.500,0.027
116.35,-11.892,-0.021,-1.504,-11.874,-0.000,1.500,0.027
116.37,-11.891,-0.021,-1.502,-11.874,-0.000,1.500,0.027
116.39,-11.891,-0.021,-1.502,-11.874,-0.000,1.500,0.027
116.41,-11.890,-0.020,-1.501,-11.874,-0.000,1.500,0.025
116.43,-11.890,-0.020,-1.501,-11.874,-0.000,1.500,0.025
116.45,-11.888,-0.020,-1.499,-11.874,-0.000,1.500,0.024
116.48,-11.888,-0.020,-1.499,-11.874,-0.000,1.500,0.024
116.50,-11.887,-0.019,-1.497,-11.874,-0.000,1.500,0.023
116.52,-11.887,-0.019,-1.497,-11.874,-0.000,1.500,0.023
116.54,-11.885,-0.018,-1.496,-11.874,-0.000,1.500,0.021
116.56,-11.885,-0.018,-1.496,-11.874,-0.000,1.500,0.021
116.58,-11.884,-0.016,-1.495,-11.874,-0.000,1.500,0.020
116.60,-11.884,-0.016,-1.495,-11.874,-0.000,1.500,0.020
116.62,-11.883,-0.015,-1.494,-11.874,-0.000,1.500,0.018
116.64,-11.883,-0.015,-1.494,-11.874,-0.000,1.500,0.018
116.66,-11.882,-0.014,-1.493,-11.874,-0.000,1.500,0.017
116.68,-11.882,-0.014,-1.493,-11.874,-0.000,1.500,0.017
116.70,-11.880,-0.012,-1.493,-11.874,-0.000,1.500,0.016
116.73,-11.880,-0.012,-1.493,-11.874,-0.000,1.500,0.016
116.75,-11.879,-0.011,-1.492,-11.874,-0.000,1.500,0.015
116.77,-11.879,-0.011,-1.492,-11.874,-0.000,1.500,0.015
116.79,-11.879,-0.011,-1.492,-11.874,-0.000,1.500,0.015
116.81,-11.877,-0.009,-1.491,-11.874,-0.000,1.500,0.013
116.83,-11.877,-0.009,-1.491,-11.874,-0.000,1.500,0.013
116.85,-11.875,-0.008,-1.491,-11.874,-0.000,1.500,0.012
116.87,-11.875,-0.008,-1.491,-11.874,-0.000,1.500,0.012
116.89,-11.874,-0.008,-1.491,-11.874,-0.000,1.500,0.012
116.91,-11.874,-0.008,-1.491,-11.874,-0.000,1.500,0.012
116.93,-11.873,-0.007,-1.490,-11.874,-0.000,1.500,0.012
116.95,-11.873,-0.007,-1.490,-11.874,-0.000,1.500,0.012
116.97,-11.872,-0.006,-1.490,-11.874,-0.000,1.500,0.011
117.00,-11.872,-0.006,-1.490,-11.874,-0.000,1.500,0.011
117.02,-11.871,-0.005,-1.491,-11.874,-0.000,1.500,0.011
117.04,-11.871,-0.005,-1.491,-11.874,-0.000,1.500,0.011
117.06,-11.871,-0.005,-1.491,-11.874,-0.000,1.500,0.011
117.08,-11.871,-0.005,-1.491,-11.874,-0.000,1.500,0.011
117.10,-11.870,-0.004,-1.491,-11.874,-0.000,1.500,0.010
117.12,-11.870,-0.004,-1.491,-11.874,-0.000,1.500,0.010
117.14,-11.869,-0.004,-1.492,-11.874,-0.000,1.500,0.010
117.16,-11.869,-0.004,-1.492,-11.874,-0.000,1.500,0.010
117.18,-11.869,-0.003,-1.492,-11.874,-0.000,1.500,0.010
117.20,-11.869,-0.003,-1.492,-11.874,-0.000,1.500,0.010
117.23,-11.868,-0.002,-1.493,-11.874,-0.000,1.500,0.010
117.25,-11.868,-0.002,-1.493,-11.874,-0.000,1.500,0.010
117.27,-11.868,-0.002,-1.493,-11.874,-0.000,1.500,0.010
117.29,-11.868,-0.002,-1.493,-11.874,-0.000,1.500,0.010
117.31,-11.868,-0.002,-1.493,-11.874,-0.000,1.500,0.010
117.33,-11.867,-0.001,-1.493,-11.874,-0.000,1.500,0.010
117.35,-11.867,-0.001,-1.493,-11.874,-0.000,1.500,0.010
117.37,-11.866,-0.000,-1.493,-11.874,-0.000,1.500,0.010
117.39,-11.866,-0.000,-1.493,-11.874,-0.000,1.500,0.010
117.41,-11.865,0.000,-1.493,-11.874,-0.000,1.500,0.011
117.43,-11.865,0.000,-1.493,-11.874,-0.000,1.500,0.011
117.45,-11.865,0.001,-1.493,-11.874,-0.000,1.500,0.011
117.47,-11.865,0.001,-1.493,-11.874,-0.000,1.500,0.011
117.50,-11.864,0.001,-1.493,-11.874,-0.000,1.500,0.012
117.52,-11.864,0.001,-1.493,-11.874,-0.000,1.500,0.012
117.54,-11.863,0.001,-1.493,-11.874,-0.000,1.500,0.013
117.56,-11.863,0.001,-1.493,-11.874,-0.000,1.500,0.013
117.58,-11.863,0.000,-1.493,-11.874,-0.000,1.500,0.013
117.60,-11.863,0.000,-1.493,-11.874,-0.000,1.500,0.013
117.62,-11.863,0.000,-1.493,-11.874,-0.000,1.500,0.013
117.64,-11.863,0.000,-1.493,-11.874,-0.000,1.500,0.013
117.66,-11.863,-0.001,-1.493,-11.874,-0.000,1.500,0.013
117.68,-11.863,-0.001,-1.493,-11.874,-0.000,1.500,0.013
117.70,-11.863,-0.001,-1.493,-11.874,-0.000,1.500,0.014
117.72,-11.863,-0.001,-1.493,-11.874,-0.000,1.500,0.014
117.75,-11.863,-0.002,-1.493,-11.874,-0.000,1.500,0.014
117.77,-11.863,-0.002,-1.493,-11.874,-0.000,1.500,0.014
117.79,-11.863,-0.002,-1.493,-11.874,-0.000,1.500,0.014
117.81,-11.863,-0.003,-1.493,-11.874,-0.000,1.500,0.014
117.83,-11.863,-0.003,-1.493,-11.874,-0.000,1.500,0.014
117.85,-11.863,-0.004,-1.493,-11.874,-0.000,1.500,0.014
117.87,-11.863,-0.004,-1.493,-11.874,-0.000,1.500,0.014
117.89,-11.862,-0.004,-1.493,-11.874,-0.000,1.500,0.014
117.91,-11.862,-0.004,-1.493,-11.874,-0.000,1.500,0.014
117.93,-11.862,-0.004,-1.494,-11.874,-0.000,1.500,0.014
117.95,-11.862,-0.004,-1.494,-11.874,-0.000,1.500,0.014
117.97,-11.862,-0.004,-1.494,-11.874,-0.000,1.500,0.014
118.00,-11.862,-0.004,-1.494,-11.874,-0.000,1.500,0.014
118.02,-11.861,-0.004,-1.495,-11.874,-0.000,1.500,0.014
118.04,-11.861,-0.004,-1.495,-11.874,-0.000,1.500,0.014
118.06,-11.861,-0.004,-1.495,-11.874,-0.000,1.500,0.014
118.08,-11.861,-0.004,-1.495,-11.874,-0.000,1.500,0.014
118.10,-11.861,-0.004,-1.496,-11.874,-0.000,1.500,0.015
118.12,-11.861,-0.004,-1.496,-11.874,-0.000,1.500,0.015
118.14,-11.860,-0.004,-1.497,-11.874,-0.000,1.500,0.015
118.16,-11.860,-0.004,-1.497,-11.874,-0.000,1.500,0.015
118.18,-11.859,-0.003,-1.497,-11.874,-0.000,1.500,0.015
118.20,-11.859,-0.003,-1.497,-11.874,-0.000,1.500,0.015
118.23,-11.859,-0.003,-1.498,-11.874,-0.000,1.500,0.016
118.25,-11.859,-0.003,-1.498,-11.874,-0.000,1.500,0.016
118.27,-11.858,-0.002,-1.498,-11.874,-0.000,1.500,0.016
118.29,-11.858,-0.002,-1.498,-11.874,-0.000,1.500,0.016
118.31,-11.858,-0.002,-1.498,-11.874,-0.000,1.500,0.016
118.33,-11.857,-0.001,-1.499,-11.874,-0.000,1.500,0.017
118.35,-11.857,-0.001,-1.499,-11.874,-0.000,1.500,0.017
118.37,-11.857,-0.001,-1.499,-11.874,-0.000,1.500,0.017
118.39,-11.857,-0.001,-1.499,-11.874,-0.000,1.500,0.017
118.41,-11.857,-0.000,-1.499,-11.874,-0.000,1.500,0.018
118.43,-11.857,-0.000,-1.499,-11.874,-0.000,1.500,0.018
118.45,-11.856,0.000,-1.499,-11.874,-0.000,1.500,0.018
118.48,-11.856,0.000,-1.499,-11.874,-0.000,1.500,0.018
118.50,-11.856,0.001,-1.500,-11.874,-0.000,1.500,0.018
118.52,-11.856,0.001,-1.500,-11.874,-0.000,1.500,0.018
118.54,-11.856,0.002,-1.500,-11.874,-0.000,1.500,0.019
118.56,-11.856,0.002,-1.500,-11.874,-0.000,1.500,0.019
118.58,-11.856,0.002,-1.501,-11.874,-0.000,1.500,0.019
118.60,-11.856,0.002,-1.501,-11.874,-0.000,1.500,0.019
118.62,-11.856,0.003,-1.501,-11.874,-0.000,1.500,0.019
118.64,-11.856,0.003,-1.501,-11.874,-0.000,1.500,0.019
118.66,-11.856,0.003,-1.502,-11.874,-0.000,1.500,0.019
118.68,-11.856,0.003,-1.502,-11.874,-0.000,1.500,0.019
118.70,-11.856,0.004,-1.502,-11.874,-0.000,1.500,0.019
118.73,-11.856,0.004,-1.502,-11.874,-0.000,1.500,0.019
118.75,-11.856,0.004,-1.503,-11.874,-0.000,1.500,0.019
118.77,-11.856,0.004,-1.503,-11.874,-0.000,1.500,0.019
118.79,-11.856,0.004,-1.503,-11.874,-0.000,1.500,0.019
118.81,-11.857,0.005,-1.503,-11.874,-0.000,1.500,0.019
118.83,-11.857,0.005,-1.503,-11.874,-0.000,1.500,0.019
118.85,-11.857,0.006,-1.503,-11.874,-0.000,1.500,0.019
118.87,-11.857,0.006,-1.503,-11.874,-0.000,1.500,0.019
118.89,-11.857,0.007,-1.503,-11.874,-0.000,1.500,0.019
118.91,-11.857,0.007,-1.503,-11.874,-0.000,1.500,0.019
118.93,-11.857,0.007,-1.503,-11.874,-0.000,1.500,0.019
118.95,-11.857,0.007,-1.503,-11.874,-0.000,1.500,0.019
118.98,-11.857,0.008,-1.502,-11.874,-0.000,1.500,0.019
119.00,-11.857,0.008,-1.502,-11.874,-0.000,1.500,0.019
119.02,-11.857,0.008,-1.502,-11.874,-0.000,1.500,0.019
119.04,-11.857,0.008,-1.502,-11.874,-0.000,1.500,0.019
119.06,-11.858,0.009,-1.502,-11.874,-0.000,1.500,0.019
119.08,-11.858,0.009,-1.502,-11.874,-0.000,1.500,0.019
119.10,-11.858,0.009,-1.501,-11.874,-0.000,1.500,0.019
119.12,-11.858,0.009,-1.501,-11.874,-0.000,1.500,0.019
119.14,-11.858,0.010,-1.501,-11.874,-0.000,1.500,0.018
119.16,-11.858,0.010,-1.501,-11.874,-0.000,1.500,0.018
119.19,-11.859,0.010,-1.501,-11.874,-0.000,1.500,0.018
119.21,-11.859,0.010,-1.501,-11.874,-0.000,1.500,0.018
119.23,-11.859,0.010,-1.501,-11.874,-0.000,1.500,0.018
119.25,-11.859,0.010,-1.501,-11.874,-0.000,1.500,0.018
119.27,-11.860,0.011,-1.501,-11.874,-0.000,1.500,0.017
119.29,-11.860,0.011,-1.501,-11.874,-0.000,1.500,0.017
119.31,-11.860,0.011,-1.501,-11.874,-0.000,1.500,0.017
119.33,-11.862,0.011,-1.501,-11.874,-0.000,1.500,0.017
119.35,-11.862,0.011,-1.501,-11.874,-0.000,1.500,0.017
119.37,-11.863,0.011,-1.501,-11.874,-0.000,1.500,0.016
119.39,-11.863,0.011,-1.501,-11.874,-0.000,1.500,0.016
119.41,-11.864,0.011,-1.501,-11.874,-0.000,1.500,0.015
119.43,-11.864,0.011,-1.501,-11.874,-0.000,1.500,0.015
119.45,-11.865,0.011,-1.501,-11.874,-0.000,1.500,0.014
119.48,-11.865,0.011,-1.501,-11.874,-0.000,1.500,0.014
119.50,-11.867,0.011,-1.501,-11.874,-0.000,1.500,0.013
119.52,-11.867,0.011,-1.501,-11.874,-0.000,1.500,0.013
119.54,-11.868,0.011,-1.501,-11.874,-0.000,1.500,0.013
119.56,-11.868,0.011,-1.501,-11.874,-0.000,1.500,0.013
119.58,-11.868,0.011,-1.501,-11.874,-0.000,1.500,0.012
119.60,-11.868,0.011,-1.501,-11.874,-0.000,1.500,0.012
119.62,-11.869,0.010,-1.501,-11.874,-0.000,1.500,0.011
119.64,-11.869,0.010,-1.501,-11.874,-0.000,1.500,0.011
119.66,-11.870,0.010,-1.501,-11.874,-0.000,1.500,0.011
119.68,-11.870,0.010,-1.501,-11.874,-0.000,1.500,0.011
119.70,-11.871,0.009,-1.501,-11.874,-0.000,1.500,0.010
119.72,-11.871,0.009,-1.501,-11.874,-0.000,1.500,0.010
119.75,-11.872,0.009,-1.500,-11.874,-0.000,1.500,0.009
119.77,-11.872,0.009,-1.500,-11.874,-0.000,1.500,0.009
119.79,-11.874,0.008,-1.500,-11.874,-0.000,1.500,0.008
119.81,-11.874,0.008,-1.500,-11.874,-0.000,1.500,0.008
119.83,-11.874,0.008,-1.500,-11.874,-0.000,1.500,0.008
119.85,-11.876,0.007,-1.500,-11.874,-0.000,1.500,0.007
119.87,-11.876,0.007,-1.500,-11.874,-0.000,1.500,0.007
119.89,-11.877,0.006,-1.500,-11.874,-0.000,1.500,0.007
119.91,-11.877,0.006,-1.500,-11.874,-0.000,1.500,0.007
119.93,-11.878,0.005,-1.500,-11.874,-0.000,1.500,0.007
119.95,-11.878,0.005,-1.500,-11.874,-0.000,1.500,0.007
119.98,-11.879,0.004,-1.500,-11.874,-0.000,1.500,0.007
120.00,-11.879,0.004,-1.500,-11.874,-0.000,1.500,0.007
120.02,-11.881,0.004,-1.500,-11.874,-0.000,1.500,0.008
120.04,-11.881,0.004,-1.500,-11.874,-0.000,1.500,0.008
120.06,-11.882,0.003,-1.500,-11.874,-0.000,1.500,0.009
120.08,-11.882,0.003,-1.500,-11.874,-0.000,1.500,0.009
120.10,-11.883,0.003,-1.500,-11.874,-0.000,1.500,0.009
120.12,-11.883,0.003,-1.500,-11.874,-0.000,1.500,0.009
120.14,-11.884,0.002,-1.500,-11.874,-0.000,1.500,0.010
120.16,-11.884,0.002,-1.500,-11.874,-0.000,1.500,0.010
120.18,-11.885,0.002,-1.500,-11.874,-0.000,1.500,0.012
120.21,-11.885,0.002,-1.500,-11.874,-0.000,1.500,0.012
120.23,-11.887,0.002,-1.500,-11.874,-0.000,1.500,0.013
120.25,-11.887,0.002,-1.500,-11.874,-0.000,1.500,0.013
120.27,-11.888,0.001,-1.500,-11.874,-0.000,1.500,0.014
120.29,-11.888,0.001,-1.500,-11.874,-0.000,1.500,0.014
120.31,-11.888,0.001,-1.500,-11.874,-0.000,1.500,0.014
120.33,-11.889,0.000,-1.500,-11.874,-0.000,1.500,0.015
120.35,-11.889,0.000,-1.500,-11.874,-0.000,1.500,0.015
120.37,-11.890,-0.001,-1.500,-11.874,-0.000,1.500,0.016
120.39,-11.890,-0.001,-1.500,-11.874,-0.000,1.500,0.016
120.41,-11.891,-0.001,-1.500,-11.874,-0.000,1.500,0.017
120.44,-11.891,-0.001,-1.500,-11.874,-0.000,1.500,0.017
120.46,-11.891,-0.003,-1.499,-11.874,-0.000,1.500,0.017
120.48,-11.891,-0.003,-1.499,-11.874,-0.000,1.500,0.017
120.50,-11.892,-0.003,-1.499,-11.874,-0.000,1.500,0.018
120.52,-11.892,-0.003,-1.499,-11.874,-0.000,1.500,0.018
120.54,-11.891,-0.004,-1.499,-11.874,-0.000,1.500,0.018
120.56,-11.891,-0.004,-1.499,-11.874,-0.000,1.500,0.018
120.58,-11.891,-0.005,-1.499,-11.874,-0.000,1.500,0.018
120.60,-11.891,-0.005,-1.499,-11.874,-0.000,1.500,0.018
120.62,-11.891,-0.006,-1.499,-11.874,-0.000,1.500,0.017
120.64,-11.891,-0.006,-1.499,-11.874,-0.000,1.500,0.017
120.66,-11.890,-0.006,-1.499,-11.874,-0.000,1.500,0.017
120.68,-11.890,-0.006,-1.499,-11.874,-0.000,1.500,0.017
120.71,-11.889,-0.007,-1.499,-11.874,-0.000,1.500,0.017
120.73,-11.889,-0.007,-1.499,-11.874,-0.000,1.500,0.017
120.75,-11.889,-0.008,-1.499,-11.874,-0.000,1.500,0.017
120.77,-11.889,-0.008,-1.499,-11.874,-0.000,1.500,0.017
120.79,-11.888,-0.009,-1.499,-11.874,-0.000,1.500,0.016
120.81,-11.888,-0.009,-1.499,-11.874,-0.000,1.500,0.016
120.83,-11.888,-0.009,-1.499,-11.874,-0.000,1.500,0.016
120.85,-11.886,-0.010,-1.499,-11.874,-0.000,1.500,0.016
120.87,-11.886,-0.010,-1.499,-11.874,-0.000,1.500,0.016
120.89,-11.885,-0.011,-1.499,-11.874,-0.000,1.500,0.016
120.91,-11.885,-0.011,-1.499,-11.874,-0.000,1.500,0.016
120.94,-11.884,-0.013,-1.500,-11.874,-0.000,1.500,0.016
120.96,-11.884,-0.013,-1.500,-11.874,-0.000,1.500,0.016
120.98,-11.882,-0.015,-1.500,-11.874,-0.000,1.500,0.017
121.00,-11.882,-0.015,-1.500,-11.874,-0.000,1.500,0.017
121.02,-11.881,-0.016,-1.501,-11.874,-0.000,1.500,0.017
121.04,-11.881,-0.016,-1.501,-11.874,-0.000,1.500,0.017
121.06,-11.879,-0.017,-1.501,-11.874,-0.000,1.500,0.018
121.08,-11.879,-0.017,-1.501,-11.874,-0.000,1.500,0.018
121.10,-11.877,-0.019,-1.502,-11.874,-0.000,1.500,0.019
121.12,-11.877,-0.019,-1.502,-11.874,-0.000,1.500,0.019
121.14,-11.876,-0.020,-1.502,-11.874,-0.000,1.500,0.020
121.17,-11.876,-0.020,-1.502,-11.874,-0.000,1.500,0.020
121.19,-11.874,-0.021,-1.503,-11.874,-0.000,1.500,0.022
121.21,-11.874,-0.021,-1.503,-11.874,-0.000,1.500,0.022
121.23,-11.873,-0.023,-1.503,-11.874,-0.000,1.500,0.023
121.25,-11.873,-0.023,-1.503,-11.874,-0.000,1.500,0.023
121.27,-11.872,-0.024,-1.504,-11.874,-0.000,1.500,0.024
121.29,-11.872,-0.024,-1.504,-11.874,-0.000,1.500,0.024
121.31,-11.872,-0.024,-1.504,-11.874,-0.000,1.500,0.024
121.33,-11.870,-0.025,-1.504,-11.874,-0.000,1.500,0.025
121.35,-11.870,-0.025,-1.504,-11.874,-0.000,1.500,0.025
121.37,-11.869,-0.025,-1.505,-11.874,-0.000,1.500,0.026
121.39,-11.869,-0.025,-1.505,-11.874,-0.000,1.500,0.026
121.41,-11.868,-0.026,-1.506,-11.874,-0.000,1.500,0.027
121.44,-11.868,-0.026,-1.506,-11.874,-0.000,1.500,0.027
121.46,-11.867,-0.026,-1.507,-11.874,-0.000,1.500,0.028
121.48,-11.867,-0.026,-1.507,-11.874,-0.000,1.500,0.028
121.50,-11.866,-0.027,-1.508,-11.874,-0.000,1.500,0.029
121.52,-11.866,-0.027,-1.508,-11.874,-0.000,1.500,0.029
121.54,-11.865,-0.027,-1.508,-11.874,-0.000,1.500,0.030
121.56,-11.865,-0.027,-1.508,-11.874,-0.000,1.500,0.030
121.58,-11.864,-0.026,-1.509,-11.874,-0.000,1.500,0.030
121.60,-11.864,-0.026,-1.509,-11.874,-0.000,1.500,0.030
121.62,-11.863,-0.026,-1.510,-11.874,-0.000,1.500,0.030
121.64,-11.863,-0.026,-1.510,-11.874,-0.000,1.500,0.030
121.67,-11.862,-0.026,-1.510,-11.874,-0.000,1.500,0.031
121.69,-11.862,-0.026,-1.510,-11.874,-0.000,1.500,0.031
121.71,-11.861,-0.025,-1.511,-11.874,-0.000,1.500,0.030
121.73,-11.861,-0.025,-1.511,-11.874,-0.000,1.500,0.030
121.75,-11.860,-0.024,-1.511,-11.874,-0.000,1.500,0.030
121.77,-11.860,-0.024,-1.511,-11.874,-0.000,1.500,0.030
121.79,-11.860,-0.022,-1.511,-11.874,-0.000,1.500,0.029
121.81,-11.860,-0.022,-1.511,-11.874,-0.000,1.500,0.029
121.83,-11.860,-0.022,-1.511,-11.874,-0.000,1.500,0.029
121.85,-11.859,-0.020,-1.511,-11.874,-0.000,1.500,0.028
121.87,-11.859,-0.020,-1.511,-11.874,-0.000,1.500,0.028
121.89,-11.859,-0.019,-1.511,-11.874,-0.000,1.500,0.027
121.92,-11.859,-0.019,-1.511,-11.874,-0.000,1.500,0.027
121.94,-11.858,-0.016,-1.510,-11.874,-0.000,1.500,0.025
121.96,-11.858,-0.016,-1.510,-11.874,-0.000,1.500,0.025
121.98,-11.858,-0.014,-1.509,-11.874,-0.000,1.500,0.024
122.00,-11.858,-0.014,-1.509,-11.874,-0.000,1.500,0.024
122.02,-11.858,-0.013,-1.509,-11.874,-0.000,1.500,0.023
122.04,-11.858,-0.013,-1.509,-11.874,-0.000,1.500,0.023
122.06,-11.858,-0.011,-1.508,-11.874,-0.000,1.500,0.021
122.08,-11.858,-0.011,-1.508,-11.874,-0.000,1.500,0.021
122.10,-11.858,-0.009,-1.508,-11.874,-0.000,1.500,0.020
122.12,-11.858,-0.009,-1.508,-11.874,-0.000,1.500,0.020
122.14,-11.858,-0.007,-1.507,-11.874,-0.000,1.500,0.019
122.16,-11.858,-0.007,-1.507,-11.874,-0.000,1.500,0.019
122.19,-11.858,-0.005,-1.507,-11.874,-0.000,1.500,0.018
122.21,-11.858,-0.005,-1.507,-11.874,-0.000,1.500,0.018
122.23,-11.858,-0.003,-1.506,-11.874,-0.000,1.500,0.017
122.25,-11.858,-0.003,-1.506,-11.874,-0.000,1.500,0.017
122.27,-11.859,-0.001,-1.505,-11.874,-0.000,1.500,0.016
122.29,-11.859,-0.001,-1.505,-11.874,-0.000,1.500,0.016
122.31,-11.859,-0.001,-1.505,-11.874,-0.000,1.500,0.016
122.33,-11.860,0.002,-1.505,-11.874,-0.000,1.500,0.015
122.35,-11.860,0.002,-1.505,-11.874,-0.000,1.500,0.015
122.37,-11.861,0.003,-1.504,-11.874,-0.000,1.500,0.014
122.39,-11.861,0.003,-1.504,-11.874,-0.000,1.500,0.014
122.41,-11.863,0.005,-1.504,-11.874,-0.000,1.500,0.013
122.43,-11.863,0.005,-1.504,-11.874,-0.000,1.500,0.013
122.46,-11.864,0.007,-1.504,-11.874,-0.000,1.500,0.012
122.48,-11.864,0.007,-1.504,-11.874,-0.000,1.500,0.012
122.50,-11.867,0.008,-1.504,-11.874,-0.000,1.500,0.012
122.52,-11.867,0.008,-1.504,-11.874,-0.000,1.500,0.012
122.54,-11.869,0.009,-1.504,-11.874,-0.000,1.500,0.011
122.56,-11.869,0.009,-1.504,-11.874,-0.000,1.500,0.011
122.58,-11.871,0.010,-1.504,-11.874,-0.000,1.500,0.011
122.60,-11.871,0.010,-1.504,-11.874,-0.000,1.500,0.011
122.62,-11.873,0.011,-1.504,-11.874,-0.000,1.500,0.012
122.64,-11.873,0.011,-1.504,-11.874,-0.000,1.500,0.012
122.66,-11.875,0.012,-1.504,-11.874,-0.000,1.500,0.013
122.68,-11.875,0.012,-1.504,-11.874,-0.000,1.500,0.013
122.71,-11.877,0.012,-1.505,-11.874,-0.000,1.500,0.013
122.73,-11.877,0.012,-1.505,-11.874,-0.000,1.500,0.013
122.75,-11.879,0.012,-1.505,-11.874,-0.000,1.500,0.014
122.77,-11.879,0.012,-1.505,-11.874,-0.000,1.500,0.014
122.79,-11.881,0.012,-1.506,-11.874,-0.000,1.500,0.015
122.81,-11.881,0.012,-1.506,-11.874,-0.000,1.500,0.015
122.83,-11.881,0.012,-1.506,-11.874,-0.000,1.500,0.015
122.85,-11.883,0.012,-1.506,-11.874,-0.000,1.500,0.016
122.87,-11.883,0.012,-1.506,-11.874,-0.000,1.500,0.016
122.89,-11.884,0.011,-1.507,-11.874,-0.000,1.500,0.016
122.91,-11.884,0.011,-1.507,-11.874,-0.000,1.500,0.016
122.94,-11.885,0.010,-1.507,-11.874,-0.000,1.500,0.017
122.96,-11.885,0.010,-1.507,-11.874,-0.000,1.500,0.017
122.98,-11.886,0.009,-1.508,-11.874,-0.000,1.500,0.017
123.00,-11.886,0.009,-1.508,-11.874,-0.000,1.500,0.017
123.02,-11.886,0.008,-1.508,-11.874,-0.000,1.500,0.016
123.04,-11.886,0.008,-1.508,-11.874,-0.000,1.500,0.016
123.06,-11.886,0.007,-1.508,-11.874,-0.000,1.500,0.016
123.08,-11.886,0.007,-1.508,-11.874,-0.000,1.500,0.016
123.10,-11.886,0.006,-1.508,-11.874,-0.000,1.500,0.015
123.12,-11.886,0.006,-1.508,-11.874,-0.000,1.500,0.015
123.14,-11.885,0.005,-1.508,-11.874,-0.000,1.500,0.015
123.16,-11.885,0.005,-1.508,-11.874,-0.000,1.500,0.015
123.19,-11.884,0.003,-1.508,-11.874,-0.000,1.500,0.014
123.21,-11.884,0.003,-1.508,-11.874,-0.000,1.500,0.014
123.23,-11.884,0.002,-1.508,-11.874,-0.000,1.500,0.013
123.25,-11.884,0.002,-1.508,-11.874,-0.000,1.500,0.013
123.27,-11.883,0.001,-1.508,-11.874,-0.000,1.500,0.012
123.29,-11.883,0.001,-1.508,-11.874,-0.000,1.500,0.012
123.31,-11.882,0.000,-1.508,-11.874,-0.000,1.500,0.011
123.33,-11.882,0.000,-1.508,-11.874,-0.000,1.500,0.011
123.35,-11.882,0.000,-1.508,-11.874,-0.000,1.500,0.011
123.37,-11.880,-0.002,-1.508,-11.874,-0.000,1.500,0.010
123.39,-11.880,-0.002,-1.508,-11.874,-0.000,1.500,0.010
123.41,-11.878,-0.003,-1.507,-11.874,-0.000,1.500,0.009
123.43,-11.878,-0.003,-1.507,-11.874,-0.000,1.500,0.009
123.46,-11.877,-0.004,-1.507,-11.874,-0.000,1.500,0.009
123.48,-11.877,-0.004,-1.507,-11.874,-0.000,1.500,0.009
123.50,-11.875,-0.005,-1.507,-11.874,-0.000,1.500,0.009
123.52,-11.875,-0.005,-1.507,-11.874,-0.000,1.500,0.009
123.54,-11.874,-0.006,-1.507,-11.874,-0.000,1.500,0.009
123.56,-11.874,-0.006,-1.507,-11.874,-0.000,1.500,0.009
123.58,-11.872,-0.007,-1.507,-11.874,-0.000,1.500,0.010
123.60,-11.872,-0.007,-1.507,-11.874,-0.000,1.500,0.010
123.62,-11.871,-0.007,-1.507,-11.874,-0.000,1.500,0.011
123.64,-11.871,-0.007,-1.507,-11.874,-0.000,1.500,0.011
123.66,-11.869,-0.008,-1.507,-11.874,-0.000,1.500,0.012
123.68,-11.869,-0.008,-1.507,-11.874,-0.000,1.500,0.012
123.71,-11.868,-0.008,-1.507,-11.874,-0.000,1.500,0.013
123.73,-11.868,-0.008,-1.507,-11.874,-0.000,1.500,0.013
123.75,-11.867,-0.009,-1.507,-11.874,-0.000,1.500,0.014
123.77,-11.867,-0.009,-1.507,-11.874,-0.000,1.500,0.014
123.79,-11.866,-0.009,-1.507,-11.874,-0.000,1.500,0.014
123.81,-11.866,-0.009,-1.507,-11.874,-0.000,1.500,0.014
123.83,-11.866,-0.009,-1.507,-11.874,-0.000,1.500,0.014
123.85,-11.865,-0.010,-1.506,-11.874,-0.000,1.500,0.015
123.87,-11.865,-0.010,-1.506,-11.874,-0.000,1.500,0.015
123.89,-11.865,-0.011,-1.506,-11.874,-0.000,1.500,0.015
123.91,-11.865,-0.011,-1.506,-11.874,-0.000,1.500,0.015
123.93,-11.865,-0.011,-1.505,-11.874,-0.000,1.500,0.015
123.96,-11.865,-0.011,-1.505,-11.874,-0.000,1.500,0.015
123.98,-11.865,-0.012,-1.505,-11.874,-0.000,1.500,0.016
124.00,-11.865,-0.012,-1.505,-11.874,-0.000,1.500,0.016
124.02,-11.866,-0.012,-1.504,-11.874,-0.000,1.500,0.016
124.04,-11.866,-0.012,-1.504,-11.874,-0.000,1.500,0.016
124.06,-11.866,-0.013,-1.504,-11.874,-0.000,1.500,0.016
124.08,-11.866,-0.013,-1.504,-11.874,-0.000,1.500,0.016
124.10,-11.867,-0.014,-1.503,-11.874,-0.000,1.500,0.016
124.12,-11.867,-0.014,-1.503,-11.874,-0.000,1.500,0.016
124.14,-11.867,-0.015,-1.502,-11.874,-0.000,1.500,0.016
124.16,-11.867,-0.015,-1.502,-11.874,-0.000,1.500,0.016
124.18,-11.868,-0.015,-1.502,-11.874,-0.000,1.500,0.017
124.21,-11.868,-0.015,-1.502,-11.874,-0.000,1.500,0.017
124.23,-11.869,-0.016,-1.501,-11.874,-0.000,1.500,0.017
124.25,-11.869,-0.016,-1.501,-11.874,-0.000,1.500,0.017
124.27,-11.869,-0.017,-1.500,-11.874,-0.000,1.500,0.018
124.29,-11.869,-0.017,-1.500,-11.874,-0.000,1.500,0.018
124.31,-11.870,-0.018,-1.500,-11.874,-0.000,1.500,0.019
124.33,-11.870,-0.018,-1.500,-11.874,-0.000,1.500,0.019
124.35,-11.870,-0.018,-1.500,-11.874,-0.000,1.500,0.019
124.37,-11.870,-0.019,-1.499,-11.874,-0.000,1.500,0.020
124.39,-11.870,-0.019,-1.499,-11.874,-0.000,1.500,0.020
124.41,-11.871,-0.020,-1.499,-11.874,-0.000,1.500,0.021
124.44,-11.871,-0.020,-1.499,-11.874,-0.000,1.500,0.021
124.46,-11.871,-0.022,-1.498,-11.874,-0.000,1.500,0.022
124.48,-11.871,-0.022,-1.498,-11.874,-0.000,1.500,0.022
124.50,-11.871,-0.023,-1.498,-11.874,-0.000,1.500,0.023
124.52,-11.871,-0.023,-1.498,-11.874,-0.000,1.500,0.023
124.54,-11.871,-0.023,-1.498,-11.874,-0.000,1.500,0.024
124.56,-11.871,-0.023,-1.498,-11.874,-0.000,1.500,0.024
124.58,-11.871,-0.024,-1.498,-11.874,-0.000,1.500,0.025
124.60,-11.871,-0.024,-1.498,-11.874,-0.000,1.500,0.025
124.62,-11.871,-0.025,-1.498,-11.874,-0.000,1.500,0.025
124.64,-11.871,-0.025,-1.498,-11.874,-0.000,1.500,0.025
124.67,-11.871,-0.026,-1.498,-11.874,-0.000,1.500,0.026
124.69,-11.871,-0.026,-1.498,-11.874,-0.000,1.500,0.026
124.71,-11.871,-0.026,-1.498,-11.874,-0.000,1.500,0.027
124.73,-11.871,-0.026,-1.498,-11.874,-0.000,1.500,0.027
124.75,-11.871,-0.027,-1.498,-11.874,-0.000,1.500,0.027
124.77,-11.871,-0.027,-1.498,-11.874,-0.000,1.500,0.027
124.79,-11.871,-0.027,-1.498,-11.874,-0.000,1.500,0.027
124.81,-11.871,-0.027,-1.498,-11.874,-0.000,1.500,0.027
124.83,-11.871,-0.027,-1.498,-11.874,-0.000,1.500,0.027
124.85,-11.871,-0.027,-1.497,-11.874,-0.000,1.500,0.028
124.87,-11.871,-0.027,-1.497,-11.874,-0.000,1.500,0.028
124.89,-11.871,-0.027,-1.497,-11.874,-0.000,1.500,0.028
124.92,-11.871,-0.027,-1.497,-11.874,-0.000,1.500,0.028
124.94,-11.871,-0.027,-1.497,-11.874,-0.000,1.500,0.028
124.96,-11.871,-0.027,-1.497,-11.874,-0.000,1.500,0.028
124.98,-11.871,-0.027,-1.496,-11.874,-0.000,1.500,0.028
125.00,-11.871,-0.027,-1.496,-11.874,-0.000,1.500,0.028
125.02,-11.870,-0.027,-1.496,-11.874,-0.000,1.500,0.028
125.04,-11.870,-0.027,-1.496,-11.874,-0.000,1.500,0.028
125.06,-11.870,-0.027,-1.495,-11.874,-0.000,1.500,0.028
125.08,-11.870,-0.027,-1.495,-11.874,-0.000,1.500,0.028
125.10,-11.870,-0.027,-1.495,-11.874,-0.000,1.500,0.028
125.12,-11.870,-0.027,-1.495,-11.874,-0.000,1.500,0.028
125.14,-11.870,-0.026,-1.494,-11.874,-0.000,1.500,0.027
125.16,-11.870,-0.026,-1.494,-11.874,-0.000,1.500,0.027
125.19,-11.870,-0.026,-1.494,-11.874,-0.000,1.500,0.027
125.21,-11.870,-0.026,-1.494,-11.874,-0.000,1.500,0.027
125.23,-11.870,-0.026,-1.494,-11.874,-0.000,1.500,0.027
125.25,-11.870,-0.026,-1.494,-11.874,-0.000,1.500,0.027
125.27,-11.870,-0.026,-1.493,-11.874,-0.000,1.500,0.027
125.29,-11.870,-0.026,-1.493,-11.874,-0.000,1.500,0.027
125.31,-11.870,-0.026,-1.494,-11.874,-0.000,1.500,0.027
125.33,-11.870,-0.026,-1.494,-11.874,-0.000,1.500,0.027
125.35,-11.870,-0.026,-1.494,-11.874,-0.000,1.500,0.027
125.37,-11.871,-0.026,-1.494,-11.874,-0.000,1.500,0.027
125.39,-11.871,-0.026,-1.494,-11.874,-0.000,1.500,0.027
125.41,-11.871,-0.025,-1.494,-11.874,-0.000,1.500,0.026
125.43,-11.871,-0.025,-1.494,-11.874,-0.000,1.500,0.026
125.46,-11.872,-0.025,-1.494,-11.874,-0.000,1.500,0.025
125.48,-11.872,-0.025,-1.494,-11.874,-0.000,1.500,0.025
125.50,-11.873,-0.024,-1.494,-11.874,-0.000,1.500,0.024
125.52,-11.873,-0.024,-1.494,-11.874,-0.000,1.500,0.024
125.54,-11.873,-0.023,-1.495,-11.874,-0.000,1.500,0.024
125.56,-11.873,-0.023,-1.495,-11.874,-0.000,1.500,0.024
125.58,-11.874,-0.022,-1.495,-11.874,-0.000,1.500,0.023
125.60,-11.874,-0.022,-1.495,-11.874,-0.000,1.500,0.023
125.62,-11.875,-0.021,-1.496,-11.874,-0.000,1.500,0.022
125.64,-11.875,-0.021,-1.496,-11.874,-0.000,1.500,0.022
125.66,-11.875,-0.021,-1.496,-11.874,-0.000,1.500,0.021
125.69,-11.875,-0.021,-1.496,-11.874,-0.000,1.500,0.021
125.71,-11.876,-0.020,-1.497,-11.874,-0.000,1.500,0.020
125.73,-11.876,-0.020,-1.497,-11.874,-0.000,1.500,0.020
125.75,-11.877,-0.019,-1.497,-11.874,-0.000,1.500,0.019
125.77,-11.877,-0.019,-1.497,-11.874,-0.000,1.500,0.019
125.79,-11.877,-0.018,-1.498,-11.874,-0.000,1.500,0.018
125.81,-11.877,-0.018,-1.498,-11.874,-0.000,1.500,0.018
125.83,-11.878,-0.017,-1.498,-11.874,-0.000,1.500,0.018
125.85,-11.878,-0.017,-1.498,-11.874,-0.000,1.500,0.018
125.87,-11.878,-0.017,-1.498,-11.874,-0.000,1.500,0.018
125.89,-11.879,-0.016,-1.498,-11.874,-0.000,1.500,0.017
125.91,-11.879,-0.016,-1.498,-11.874,-0.000,1.500,0.017
125.93,-11.879,-0.016,-1.498,-11.874,-0.000,1.500,0.017
125.96,-11.879,-0.016,-1.498,-11.874,-0.000,1.500,0.017
125.98,-11.880,-0.016,-1.498,-11.874,-0.000,1.500,0.017
126.00,-11.880,-0.016,-1.498,-11.874,-0.000,1.500,0.017
126.02,-11.880,-0.015,-1.498,-11.874,-0.000,1.500,0.017
126.04,-11.880,-0.015,-1.498,-11.874,-0.000,1.500,0.017
126.06,-11.880,-0.015,-1.498,-11.874,-0.000,1.500,0.017
126.08,-11.880,-0.015,-1.498,-11.874,-0.000,1.500,0.017
126.10,-11.880,-0.015,-1.497,-11.874,-0.000,1.500,0.017
126.12,-11.880,-0.015,-1.497,-11.874,-0.000,1.500,0.017
126.14,-11.880,-0.015,-1.497,-11.874,-0.000,1.500,0.017
126.16,-11.880,-0.015,-1.497,-11.874,-0.000,1.500,0.017
126.19,-11.880,-0.015,-1.497,-11.874,-0.000,1.500,0.017
126.21,-11.880,-0.015,-1.497,-11.874,-0.000,1.500,0.017
126.23,-11.880,-0.015,-1.498,-11.874,-0.000,1.500,0.017
126.25,-11.880,-0.015,-1.498,-11.874,-0.000,1.500,0.017
126.27,-11.880,-0.015,-1.498,-11.874,-0.000,1.500,0.017
126.29,-11.880,-0.015,-1.498,-11.874,-0.000,1.500,0.017
126.31,-11.880,-0.015,-1.498,-11.874,-0.000,1.500,0.017
126.33,-11.880,-0.015,-1.498,-11.874,-0.000,1.500,0.017
126.35,-11.880,-0.015,-1.498,-11.874,-0.000,1.500,0.017
126.37,-11.879,-0.015,-1.498,-11.874,-0.000,1.500,0.016
126.39,-11.879,-0.015,-1.498,-11.874,-0.000,1.500,0.016
126.41,-11.879,-0.015,-1.499,-11.874,-0.000,1.500,0.016
126.44,-11.879,-0.015,-1.499,-11.874,-0.000,1.500,0.016
126.46,-11.878,-0.015,-1.499,-11.874,-0.000,1.500,0.016
126.48,-11.878,-0.015,-1.499,-11.874,-0.000,1.500,0.016
126.50,-11.878,-0.015,-1.499,-11.874,-0.000,1.500,0.016
126.52,-11.878,-0.015,-1.499,-11.874,-0.000,1.500,0.016
126.54,-11.878,-0.015,-1.499,-11.874,-0.000,1.500,0.016
126.56,-11.878,-0.015,-1.499,-11.874,-0.000,1.500,0.016
126.58,-11.877,-0.015,-1.499,-11.874,-0.000,1.500,0.016
126.60,-11.877,-0.015,-1.499,-11.874,-0.000,1.500,0.016
126.62,-11.877,-0.015,-1.499,-11.874,-0.000,1.500,0.016
126.64,-11.877,-0.015,-1.499,-11.874,-0.000,1.500,0.016
126.66,-11.877,-0.016,-1.499,-11.874,-0.000,1.500,0.016
126.68,-11.877,-0.016,-1.499,-11.874,-0.000,1.500,0.016
126.71,-11.877,-0.015,-1.498,-11.874,-0.000,1.500,0.016
126.73,-11.877,-0.015,-1.498,-11.874,-0.000,1.500,0.016
126.75,-11.877,-0.015,-1.498,-11.874,-0.000,1.500,0.016
126.77,-11.877,-0.015,-1.498,-11.874,-0.000,1.500,0.016
126.79,-11.876,-0.015,-1.498,-11.874,-0.000,1.500,0.016
126.81,-11.876,-0.015,-1.498,-11.874,-0.000,1.500,0.016
126.83,-11.876,-0.015,-1.497,-11.874,-0.000,1.500,0.015
126.85,-11.876,-0.015,-1.497,-11.874,-0.000,1.500,0.015
126.87,-11.876,-0.015,-1.497,-11.874,-0.000,1.500,0.015
126.89,-11.876,-0.015,-1.497,-11.874,-0.000,1.500,0.015
126.91,-11.876,-0.015,-1.497,-11.874,-0.000,1.500,0.015
126.93,-11.876,-0.014,-1.497,-11.874,-0.000,1.500,0.014
126.96,-11.876,-0.014,-1.497,-11.874,-0.000,1.500,0.014
126.98,-11.875,-0.013,-1.496,-11.874,-0.000,1.500,0.014
127.00,-11.875,-0.013,-1.496,-11.874,-0.000,1.500,0.014
127.02,-11.875,-0.013,-1.496,-11.874,-0.000,1.500,0.013
127.04,-11.875,-0.013,-1.496,-11.874,-0.000,1.500,0.013
127.06,-11.874,-0.012,-1.496,-11.874,-0.000,1.500,0.013
127.08,-11.874,-0.012,-1.496,-11.874,-0.000,1.500,0.013
127.10,-11.874,-0.012,-1.496,-11.874,-0.000,1.500,0.012
127.12,-11.874,-0.012,-1.496,-11.874,-0.000,1.500,0.012
127.14,-11.873,-0.011,-1.496,-11.874,-0.000,1.500,0.012
127.16,-11.873,-0.011,-1.496,-11.874,-0.000,1.500,0.012
127.18,-11.872,-0.011,-1.495,-11.874,-0.000,1.500,0.012
127.20,-11.872,-0.011,-1.495,-11.874,-0.000,1.500,0.012
127.23,-11.871,-0.010,-1.495,-11.874,-0.000,1.500,0.012
127.25,-11.871,-0.010,-1.495,-11.874,-0.000,1.500,0.012
127.27,-11.870,-0.010,-1.495,-11.874,-0.000,1.500,0.012
127.29,-11.870,-0.010,-1.495,-11.874,-0.000,1.500,0.012
127.31,-11.869,-0.010,-1.494,-11.874,-0.000,1.500,0.012
127.33,-11.869,-0.010,-1.494,-11.874,-0.000,1.500,0.012
127.35,-11.869,-0.010,-1.494,-11.874,-0.000,1.500,0.012
127.37,-11.868,-0.010,-1.494,-11.874,-0.000,1.500,0.013
127.39,-11.868,-0.010,-1.494,-11.874,-0.000,1.500,0.013
127.41,-11.867,-0.009,-1.493,-11.874,-0.000,1.500,0.013
127.43,-11.867,-0.009,-1.493,-11.874,-0.000,1.500,0.013
127.45,-11.867,-0.009,-1.493,-11.874,-0.000,1.500,0.014
127.48,-11.867,-0.009,-1.493,-11.874,-0.000,1.500,0.014
127.50,-11.866,-0.009,-1.493,-11.874,-0.000,1.500,0.014
127.52,-11.866,-0.009,-1.493,-11.874,-0.000,1.500,0.014
127.54,-11.865,-0.009,-1.493,-11.874,-0.000,1.500,0.015
127.56,-11.865,-0.009,-1.493,-11.874,-0.000,1.500,0.015
127.58,-11.865,-0.009,-1.492,-11.874,-0.000,1.500,0.015
127.60,-11.865,-0.009,-1.492,-11.874,-0.000,1.500,0.015
127.62,-11.865,-0.009,-1.493,-11.874,-0.000,1.500,0.015
127.64,-11.865,-0.009,-1.493,-11.874,-0.000,1.500,0.015
127.66,-11.865,-0.009,-1.493,-11.874,-0.000,1.500,0.015
127.68,-11.865,-0.009,-1.493,-11.874,-0.000,1.500,0.015
127.70,-11.864,-0.009,-1.493,-11.874,-0.000,1.500,0.015
127.73,-11.864,-0.009,-1.493,-11.874,-0.000,1.500,0.015
127.75,-11.864,-0.008,-1.493,-11.874,-0.000,1.500,0.014
127.77,-11.864,-0.008,-1.493,-11.874,-0.000,1.500,0.014
127.79,-11.865,-0.008,-1.493,-11.874,-0.000,1.500,0.014
127.81,-11.865,-0.008,-1.493,-11.874,-0.000,1.500,0.014
127.83,-11.865,-0.008,-1.494,-11.874,-0.000,1.500,0.014
127.85,-11.865,-0.008,-1.494,-11.874,-0.000,1.500,0.014
127.87,-11.865,-0.008,-1.494,-11.874,-0.000,1.500,0.014
127.89,-11.865,-0.008,-1.494,-11.874,-0.000,1.500,0.014
127.91,-11.865,-0.008,-1.494,-11.874,-0.000,1.500,0.014
127.94,-11.865,-0.008,-1.494,-11.874,-0.000,1.500,0.013
127.96,-11.865,-0.008,-1.494,-11.874,-0.000,1.500,0.013
127.98,-11.865,-0.007,-1.495,-11.874,-0.000,1.500,0.013
128.00,-11.865,-0.007,-1.495,-11.874,-0.000,1.500,0.013
128.02,-11.865,-0.007,-1.496,-11.874,-0.000,1.500,0.012
128.04,-11.865,-0.007,-1.496,-11.874,-0.000,1.500,0.012
128.06,-11.866,-0.007,-1.496,-11.874,-0.000,1.500,0.012
128.08,-11.866,-0.007,-1.496,-11.874,-0.000,1.500,0.012
128.10,-11.866,-0.007,-1.497,-11.874,-0.000,1.500,0.011
128.12,-11.866,-0.007,-1.497,-11.874,-0.000,1.500,0.011
128.14,-11.867,-0.007,-1.497,-11.874,-0.000,1.500,0.010
128.16,-11.867,-0.007,-1.497,-11.874,-0.000,1.500,0.010
128.18,-11.868,-0.007,-1.498,-11.874,-0.000,1.500,0.009
128.21,-11.868,-0.007,-1.498,-11.874,-0.000,1.500,0.009
128.23,-11.868,-0.006,-1.499,-11.874,-0.000,1.500,0.009
128.25,-11.868,-0.006,-1.499,-11.874,-0.000,1.500,0.009
128.27,-11.870,-0.006,-1.499,-11.874,-0.000,1.500,0.007
128.29,-11.870,-0.006,-1.499,-11.874,-0.000,1.500,0.007
128.31,-11.870,-0.006,-1.500,-11.874,-0.000,1.500,0.007
128.33,-11.870,-0.006,-1.500,-11.874,-0.000,1.500,0.007
128.35,-11.871,-0.005,-1.500,-11.874,-0.000,1.500,0.006
128.37,-11.871,-0.005,-1.500,-11.874,-0.000,1.500,0.006
128.39,-11.871,-0.005,-1.500,-11.874,-0.000,1.500,0.006
128.41,-11.872,-0.005,-1.501,-11.874,-0.000,1.500,0.005
128.44,-11.872,-0.005,-1.501,-11.874,-0.000,1.500,0.005
128.46,-11.874,-0.004,-1.501,-11.874,-0.000,1.500,0.004
128.48,-11.874,-0.004,-1.501,-11.874,-0.000,1.500,0.004
128.50,-11.875,-0.004,-1.501,-11.874,-0.000,1.500,0.004
128.52,-11.875,-0.004,-1.501,-11.874,-0.000,1.500,0.004
128.54,-11.876,-0.003,-1.501,-11.874,-0.000,1.500,0.004
128.56,-11.876,-0.003,-1.501,-11.874,-0.000,1.500,0.004
128.58,-11.877,-0.003,-1.501,-11.874,-0.000,1.500,0.004
128.60,-11.877,-0.003,-1.501,-11.874,-0.000,1.500,0.004
128.62,-11.878,-0.003,-1.500,-11.874,-0.000,1.500,0.005
128.64,-11.878,-0.003,-1.500,-11.874,-0.000,1.500,0.005
128.66,-11.879,-0.003,-1.500,-11.874,-0.000,1.500,0.006
128.68,-11.879,-0.003,-1.500,-11.874,-0.000,1.500,0.006
128.71,-11.880,-0.003,-1.499,-11.874,-0.000,1.500,0.007
128.73,-11.880,-0.003,-1.499,-11.874,-0.000,1.500,0.007
128.75,-11.882,-0.003,-1.498,-11.874,-0.000,1.500,0.008
128.77,-11.882,-0.003,-1.498,-11.874,-0.000,1.500,0.008
128.79,-11.883,-0.003,-1.497,-11.874,-0.000,1.500,0.010
128.81,-11.883,-0.003,-1.497,-11.874,-0.000,1.500,0.010
128.83,-11.884,-0.004,-1.496,-11.874,-0.000,1.500,0.011
128.85,-11.884,-0.004,-1.496,-11.874,-0.000,1.500,0.011
128.87,-11.884,-0.004,-1.496,-11.874,-0.000,1.500,0.011
128.89,-11.885,-0.004,-1.495,-11.874,-0.000,1.500,0.013
128.91,-11.885,-0.004,-1.495,-11.874,-0.000,1.500,0.013
128.93,-11.886,-0.005,-1.494,-11.874,-0.000,1.500,0.014
128.96,-11.886,-0.005,-1.494,-11.874,-0.000,1.500,0.014
128.98,-11.888,-0.005,-1.493,-11.874,-0.000,1.500,0.016
129.00,-11.888,-0.005,-1.493,-11.874,-0.000,1.500,0.016
129.02,-11.889,-0.005,-1.492,-11.874,-0.000,1.500,0.017
129.04,-11.889,-0.005,-1.492,-11.874,-0.000,1.500,0.017
129.06,-11.889,-0.006,-1.492,-11.874,-0.000,1.500,0.018
129.08,-11.889,-0.006,-1.492,-11.874,-0.000,1.500,0.018
129.10,-11.890,-0.006,-1.491,-11.874,-0.000,1.500,0.019
129.12,-11.890,-0.006,-1.491,-11.874,-0.000,1.500,0.019
129.14,-11.890,-0.006,-1.491,-11.874,-0.000,1.500,0.019
129.16,-11.890,-0.006,-1.491,-11.874,-0.000,1.500,0.019
129.19,-11.890,-0.006,-1.490,-11.874,-0.000,1.500,0.020
129.21,-11.890,-0.006,-1.490,-11.874,-0.000,1.500,0.020
129.23,-11.890,-0.006,-1.490,-11.874,-0.000,1.500,0.020
129.25,-11.890,-0.006,-1.490,-11.874,-0.000,1.500,0.020
129.27,-11.890,-0.006,-1.490,-11.874,-0.000,1.500,0.019
129.29,-11.890,-0.006,-1.490,-11.874,-0.000,1.500,0.019
129.31,-11.889,-0.006,-1.490,-11.874,-0.000,1.500,0.019
129.33,-11.889,-0.006,-1.490,-11.874,-0.000,1.500,0.019
129.35,-11.888,-0.005,-1.490,-11.874,-0.000,1.500,0.018
129.37,-11.888,-0.005,-1.490,-11.874,-0.000,1.500,0.018
129.39,-11.888,-0.005,-1.490,-11.874,-0.000,1.500,0.018
129.41,-11.887,-0.004,-1.490,-11.874,-0.000,1.500,0.016
129.43,-11.887,-0.004,-1.490,-11.874,-0.000,1.500,0.016
129.45,-11.886,-0.003,-1.490,-11.874,-0.000,1.500,0.015
129.47,-11.886,-0.003,-1.490,-11.874,-0.000,1.500,0.015
129.50,-11.884,-0.002,-1.491,-11.874,-0.000,1.500,0.014
129.52,-11.884,-0.002,-1.491,-11.874,-0.000,1.500,0.014
129.54,-11.883,-0.001,-1.491,-11.874,-0.000,1.500,0.013
129.56,-11.883,-0.001,-1.491,-11.874,-0.000,1.500,0.013
129.58,-11.882,-0.000,-1.491,-11.874,-0.000,1.500,0.012
129.60,-11.882,-0.000,-1.491,-11.874,-0.000,1.500,0.012
129.62,-11.881,0.001,-1.491,-11.874,-0.000,1.500,0.011
129.64,-11.881,0.001,-1.491,-11.874,-0.000,1.500,0.011
129.66,-11.880,0.002,-1.492,-11.874,-0.000,1.500,0.010
129.68,-11.880,0.002,-1.492,-11.874,-0.000,1.500,0.010
129.70,-11.879,0.003,-1.492,-11.874,-0.000,1.500,0.010
129.73,-11.879,0.003,-1.492,-11.874,-0.000,1.500,0.010
129.75,-11.878,0.004,-1.493,-11.874,-0.000,1.500,0.009
129.77,-11.878,0.004,-1.493,-11.874,-0.000,1.500,0.009
129.79,-11.878,0.005,-1.493,-11.874,-0.000,1.500,0.009
129.81,-11.878,0.005,-1.493,-11.874,-0.000,1.500,0.009
129.83,-11.877,0.006,-1.494,-11.874,-0.000,1.500,0.009
129.85,-11.877,0.006,-1.494,-11.874,-0.000,1.500,0.009
129.87,-11.877,0.006,-1.494,-11.874,-0.000,1.500,0.009
129.89,-11.877,0.007,-1.494,-11.874,-0.000,1.500,0.009
129.91,-11.877,0.007,-1.494,-11.874,-0.000,1.500,0.009
129.93,-11.876,0.008,-1.495,-11.874,-0.000,1.500,0.010
129.95,-11.876,0.008,-1.495,-11.874,-0.000,1.500,0.010
129.97,-11.876,0.008,-1.495,-11.874,-0.000,1.500,0.010
130.00,-11.876,0.008,-1.495,-11.874,-0.000,1.500,0.010
130.02,-11.876,0.009,-1.496,-11.874,-0.000,1.500,0.010
130.04,-11.876,0.009,-1.496,-11.874,-0.000,1.500,0.010
130.06,-11.876,0.009,-1.496,-11.874,-0.000,1.500,0.010
130.08,-11.876,0.009,-1.496,-11.874,-0.000,1.500,0.010
130.10,-11.876,0.009,-1.496,-11.874,-0.000,1.500,0.009
130.12,-11.876,0.009,-1.496,-11.874,-0.000,1.500,0.009
130.14,-11.875,0.008,-1.497,-11.874,-0.000,1.500,0.009
130.16,-11.875,0.008,-1.497,-11.874,-0.000,1.500,0.009
130.18,-11.875,0.008,-1.498,-11.874,-0.000,1.500,0.009
130.20,-11.875,0.008,-1.498,-11.874,-0.000,1.500,0.009
130.23,-11.875,0.008,-1.498,-11.874,-0.000,1.500,0.008
130.25,-11.875,0.008,-1.498,-11.874,-0.000,1.500,0.008
130.27,-11.875,0.008,-1.498,-11.874,-0.000,1.500,0.008
130.29,-11.875,0.008,-1.498,-11.874,-0.000,1.500,0.008
130.31,-11.875,0.007,-1.499,-11.874,-0.000,1.500,0.008
130.33,-11.875,0.007,-1.499,-11.874,-0.000,1.500,0.008
130.35,-11.875,0.007,-1.499,-11.874,-0.000,1.500,0.007
130.37,-11.875,0.007,-1.499,-11.874,-0.000,1.500,0.007
130.39,-11.875,0.007,-1.499,-11.874,-0.000,1.500,0.007
130.41,-11.875,0.007,-1.500,-11.874,-0.000,1.500,0.007
130.43,-11.875,0.007,-1.500,-11.874,-0.000,1.500,0.007
130.45,-11.875,0.007,-1.500,-11.874,-0.000,1.500,0.007
130.47,-11.875,0.007,-1.500,-11.874,-0.000,1.500,0.007
130.50,-11.874,0.007,-1.500,-11.874,-0.000,1.500,0.007
130.52,-11.874,0.007,-1.500,-11.874,-0.000,1.500,0.007
130.54,-11.874,0.008,-1.501,-11.874,-0.000,1.500,0.008
130.56,-11.874,0.008,-1.501,-11.874,-0.000,1.500,0.008
130.58,-11.874,0.008,-1.501,-11.874,-0.000,1.500,0.008
130.60,-11.874,0.008,-1.501,-11.874,-0.000,1.500,0.008
130.62,-11.874,0.008,-1.501,-11.874,-0.000,1.500,0.009
130.64,-11.874,0.008,-1.501,-11.874,-0.000,1.500,0.009
130.66,-11.874,0.009,-1.502,-11.874,-0.000,1.500,0.009
130.68,-11.874,0.009,-1.502,-11.874,-0.000,1.500,0.009
130.70,-11.873,0.009,-1.502,-11.874,-0.000,1.500,0.009
130.72,-11.873,0.009,-1.502,-11.874,-0.000,1.500,0.009
130.75,-11.873,0.010,-1.502,-11.874,-0.000,1.500,0.010
130.77,-11.873,0.010,-1.502,-11.874,-0.000,1.500,0.010
130.79,-11.872,0.010,-1.502,-11.874,-0.000,1.500,0.010
130.81,-11.872,0.010,-1.502,-11.874,-0.000,1.500,0.010
130.83,-11.872,0.010,-1.501,-11.874,-0.000,1.500,0.011
130.85,-11.872,0.010,-1.501,-11.874,-0.000,1.500,0.011
130.87,-11.871,0.011,-1.501,-11.874,-0.000,1.500,0.011
130.89,-11.871,0.011,-1.501,-11.874,-0.000,1.500,0.011
130.91,-11.871,0.011,-1.501,-11.874,-0.000,1.500,0.011
130.93,-11.870,0.011,-1.501,-11.874,-0.000,1.500,0.012
130.95,-11.870,0.011,-1.501,-11.874,-0.000,1.500,0.012
130.97,-11.870,0.011,-1.500,-11.874,-0.000,1.500,0.012
131.00,-11.870,0.011,-1.500,-11.874,-0.000,1.500,0.012
131.02,-11.869,0.011,-1.500,-11.874,-0.000,1.500,0.012
131.04,-11.869,0.011,-1.500,-11.874,-0.000,1.500,0.012
131.06,-11.868,0.011,-1.500,-11.874,-0.000,1.500,0.013
131.08,-11.868,0.011,-1.500,-11.874,-0.000,1.500,0.013
131.10,-11.867,0.012,-1.500,-11.874,-0.000,1.500,0.014
131.12,-11.867,0.012,-1.500,-11.874,-0.000,1.500,0.014
131.14,-11.866,0.012,-1.500,-11.874,-0.000,1.500,0.014
131.16,-11.866,0.012,-1.500,-11.874,-0.000,1.500,0.014
131.18,-11.865,0.012,-1.500,-11.874,-0.000,1.500,0.015
131.20,-11.865,0.012,-1.500,-11.874,-0.000,1.500,0.015
131.22,-11.864,0.012,-1.500,-11.874,-0.000,1.500,0.016
131.25,-11.864,0.012,-1.500,-11.874,-0.000,1.500,0.016
131.27,-11.863,0.013,-1.500,-11.874,-0.000,1.500,0.017
131.29,-11.863,0.013,-1.500,-11.874,-0.000,1.500,0.017
131.31,-11.861,0.013,-1.501,-11.874,-0.000,1.500,0.018
131.33,-11.861,0.013,-1.501,-11.874,-0.000,1.500,0.018
131.35,-11.860,0.014,-1.501,-11.874,-0.000,1.500,0.019
131.37,-11.860,0.014,-1.501,-11.874,-0.000,1.500,0.019
131.39,-11.860,0.014,-1.501,-11.874,-0.000,1.500,0.019
131.41,-11.859,0.014,-1.501,-11.874,-0.000,1.500,0.021
131.43,-11.859,0.014,-1.501,-11.874,-0.000,1.500,0.021
131.45,-11.858,0.015,-1.501,-11.874,-0.000,1.500,0.022
131.48,-11.858,0.015,-1.501,-11.874,-0.000,1.500,0.022
131.50,-11.857,0.016,-1.501,-11.874,-0.000,1.500,0.023
131.52,-11.857,0.016,-1.501,-11.874,-0.000,1.500,0.023
131.54,-11.857,0.016,-1.501,-11.874,-0.000,1.500,0.024
131.56,-11.857,0.016,-1.501,-11.874,-0.000,1.500,0.024
131.58,-11.856,0.017,-1.501,-11.874,-0.000,1.500,0.025
131.60,-11.856,0.017,-1.501,-11.874,-0.000,1.500,0.025
131.62,-11.856,0.017,-1.501,-11.874,-0.000,1.500,0.025
131.64,-11.856,0.017,-1.501,-11.874,-0.000,1.500,0.025
131.66,-11.855,0.017,-1.501,-11.874,-0.000,1.500,0.026
131.68,-11.855,0.017,-1.501,-11.874,-0.000,1.500,0.026
131.70,-11.855,0.018,-1.502,-11.874,-0.000,1.500,0.026
131.72,-11.855,0.018,-1.502,-11.874,-0.000,1.500,0.026
131.75,-11.854,0.018,-1.502,-11.874,-0.000,1.500,0.027
131.77,-11.854,0.018,-1.502,-11.874,-0.000,1.500,0.027
131.79,-11.854,0.018,-1.502,-11.874,-0.000,1.500,0.027
131.81,-11.854,0.018,-1.502,-11.874,-0.000,1.500,0.027
131.83,-11.853,0.018,-1.502,-11.874,-0.000,1.500,0.028
131.85,-11.853,0.018,-1.502,-11.874,-0.000,1.500,0.028
131.87,-11.852,0.019,-1.503,-11.874,-0.000,1.500,0.029
131.89,-11.852,0.019,-1.503,-11.874,-0.000,1.500,0.029
131.91,-11.852,0.019,-1.503,-11.874,-0.000,1.500,0.029
131.93,-11.851,0.019,-1.503,-11.874,-0.000,1.500,0.030
131.95,-11.851,0.019,-1.503,-11.874,-0.000,1.500,0.030
131.97,-11.851,0.019,-1.503,-11.874,-0.000,1.500,0.030
132.00,-11.851,0.019,-1.503,-11.874,-0.000,1.500,0.030
132.02,-11.850,0.019,-1.504,-11.874,-0.000,1.500,0.031
132.04,-11.850,0.019,-1.504,-11.874,-0.000,1.500,0.031
132.06,-11.849,0.019,-1.504,-11.874,-0.000,1.500,0.032
132.08,-11.849,0.019,-1.504,-11.874,-0.000,1.500,0.032
132.10,-11.848,0.019,-1.505,-11.874,-0.000,1.500,0.033
132.12,-11.848,0.019,-1.505,-11.874,-0.000,1.500,0.033
132.14,-11.848,0.019,-1.505,-11.874,-0.000,1.500,0.033
132.16,-11.848,0.019,-1.505,-11.874,-0.000,1.500,0.033
132.18,-11.847,0.019,-1.506,-11.874,-0.000,1.500,0.033
132.20,-11.847,0.019,-1.506,-11.874,-0.000,1.500,0.033
132.22,-11.847,0.019,-1.506,-11.874,-0.000,1.500,0.034
132.25,-11.847,0.019,-1.506,-11.874,-0.000,1.500,0.034
132.27,-11.846,0.018,-1.507,-11.874,-0.000,1.500,0.034
132.29,-11.846,0.018,-1.507,-11.874,-0.000,1.500,0.034
132.31,-11.845,0.018,-1.508,-11.874,-0.000,1.500,0.035
132.33,-11.845,0.018,-1.508,-11.874,-0.000,1.500,0.035
132.35,-11.845,0.017,-1.509,-11.874,-0.000,1.500,0.035
132.37,-11.845,0.017,-1.509,-11.874,-0.000,1.500,0.035
132.39,-11.845,0.017,-1.509,-11.874,-0.000,1.500,0.035
132.41,-11.844,0.017,-1.509,-11.874,-0.000,1.500,0.035
132.43,-11.844,0.017,-1.509,-11.874,-0.000,1.500,0.035
132.45,-11.844,0.016,-1.509,-11.874,-0.000,1.500,0.035
132.47,-11.844,0.016,-1.509,-11.874,-0.000,1.500,0.035
132.50,-11.844,0.016,-1.509,-11.874,-0.000,1.500,0.035
132.52,-11.844,0.016,-1.509,-11.874,-0.000,1.500,0.035
132.54,-11.843,0.014,-1.509,-11.874,-0.000,1.500,0.035
132.56,-11.843,0.014,-1.509,-11.874,-0.000,1.500,0.035
132.58,-11.843,0.014,-1.509,-11.874,-0.000,1.500,0.035
132.60,-11.843,0.014,-1.509,-11.874,-0.000,1.500,0.035
132.62,-11.843,0.013,-1.509,-11.874,-0.000,1.500,0.035
132.64,-11.843,0.013,-1.509,-11.874,-0.000,1.500,0.035
132.66,-11.843,0.012,-1.509,-11.874,-0.000,1.500,0.035
132.68,-11.843,0.012,-1.509,-11.874,-0.000,1.500,0.035
132.70,-11.843,0.011,-1.508,-11.874,-0.000,1.500,0.034
132.73,-11.843,0.011,-1.508,-11.874,-0.000,1.500,0.034
132.75,-11.843,0.010,-1.508,-11.874,-0.000,1.500,0.034
132.77,-11.843,0.010,-1.508,-11.874,-0.000,1.500,0.034
132.79,-11.843,0.009,-1.507,-11.874,-0.000,1.500,0.033
132.81,-11.843,0.009,-1.507,-11.874,-0.000,1.500,0.033
132.83,-11.844,0.009,-1.507,-11.874,-0.000,1.500,0.032
132.85,-11.844,0.009,-1.507,-11.874,-0.000,1.500,0.032
132.87,-11.845,0.009,-1.506,-11.874,-0.000,1.500,0.031
132.89,-11.845,0.009,-1.506,-11.874,-0.000,1.500,0.031
132.91,-11.845,0.009,-1.506,-11.874,-0.000,1.500,0.031
132.93,-11.846,0.008,-1.506,-11.874,-0.000,1.500,0.030
132.95,-11.846,0.008,-1.506,-11.874,-0.000,1.500,0.030
132.98,-11.847,0.008,-1.506,-11.874,-0.000,1.500,0.029
133.00,-11.847,0.008,-1.506,-11.874,-0.000,1.500,0.029
133.02,-11.848,0.008,-1.505,-11.874,-0.000,1.500,0.027
133.04,-11.848,0.008,-1.505,-11.874,-0.000,1.500,0.027
133.06,-11.850,0.008,-1.505,-11.874,-0.000,1.500,0.026
133.08,-11.850,0.008,-1.505,-11.874,-0.000,1.500,0.026
133.10,-11.851,0.008,-1.505,-11.874,-0.000,1.500,0.025
133.12,-11.851,0.008,-1.505,-11.874,-0.000,1.500,0.025
133.14,-11.852,0.008,-1.505,-11.874,-0.000,1.500,0.024
133.16,-11.852,0.008,-1.505,-11.874,-0.000,1.500,0.024
133.18,-11.854,0.007,-1.505,-11.874,-0.000,1.500,0.022
133.20,-11.854,0.007,-1.505,-11.874,-0.000,1.500,0.022
133.23,-11.856,0.007,-1.504,-11.874,-0.000,1.500,0.020
133.25,-11.856,0.007,-1.504,-11.874,-0.000,1.500,0.020
133.27,-11.857,0.006,-1.504,-11.874,-0.000,1.500,0.019
133.29,-11.857,0.006,-1.504,-11.874,-0.000,1.500,0.019
133.31,-11.859,0.006,-1.504,-11.874,-0.000,1.500,0.017
133.33,-11.859,0.006,-1.504,-11.874,-0.000,1.500,0.017
133.35,-11.860,0.005,-1.504,-11.874,-0.000,1.500,0.015
133.37,-11.860,0.005,-1.504,-11.874,-0.000,1.500,0.015
133.39,-11.862,0.004,-1.504,-11.874,-0.000,1.500,0.014
133.41,-11.862,0.004,-1.504,-11.874,-0.000,1.500,0.014
133.43,-11.862,0.004,-1.504,-11.874,-0.000,1.500,0.014
133.46,-11.864,0.002,-1.504,-11.874,-0.000,1.500,0.011
133.48,-11.864,0.002,-1.504,-11.874,-0.000,1.500,0.011
133.50,-11.866,0.001,-1.504,-11.874,-0.000,1.500,0.009
133.52,-11.866,0.001,-1.504,-11.874,-0.000,1.500,0.009
133.54,-11.869,-0.000,-1.504,-11.874,-0.000,1.500,0.007
133.56,-11.869,-0.000,-1.504,-11.874,-0.000,1.500,0.007
133.58,-11.870,-0.001,-1.504,-11.874,-0.000,1.500,0.006
133.60,-11.870,-0.001,-1.504,-11.874,-0.000,1.500,0.006
133.62,-11.873,-0.002,-1.504,-11.874,-0.000,1.500,0.005
133.64,-11.873,-0.002,-1.504,-11.874,-0.000,1.500,0.005
133.66,-11.875,-0.003,-1.505,-11.874,-0.000,1.500,0.006
133.68,-11.875,-0.003,-1.505,-11.874,-0.000,1.500,0.006
133.71,-11.878,-0.004,-1.505,-11.874,-0.000,1.500,0.008
133.73,-11.878,-0.004,-1.505,-11.874,-0.000,1.500,0.008
133.75,-11.881,-0.005,-1.505,-11.874,-0.000,1.500,0.010
133.77,-11.881,-0.005,-1.505,-11.874,-0.000,1.500,0.010
133.79,-11.884,-0.006,-1.505,-11.874,-0.000,1.500,0.013
133.81,-11.884,-0.006,-1.505,-11.874,-0.000,1.500,0.013
133.83,-11.887,-0.007,-1.505,-11.874,-0.000,1.500,0.016
133.85,-11.887,-0.007,-1.505,-11.874,-0.000,1.500,0.016
133.87,-11.890,-0.007,-1.505,-11.874,-0.000,1.500,0.018
133.89,-11.890,-0.007,-1.505,-11.874,-0.000,1.500,0.018
133.91,-11.890,-0.007,-1.505,-11.874,-0.000,1.500,0.018
133.93,-11.894,-0.008,-1.505,-11.874,-0.000,1.500,0.022
133.96,-11.894,-0.008,-1.505,-11.874,-0.000,1.500,0.022
133.98,-11.897,-0.008,-1.505,-11.874,-0.000,1.500,0.025
134.00,-11.897,-0.008,-1.505,-11.874,-0.000,1.500,0.025
134.02,-11.900,-0.009,-1.505,-11.874,-0.000,1.500,0.028
134.04,-11.900,-0.009,-1.505,-11.874,-0.000,1.500,0.028
134.06,-11.902,-0.009,-1.505,-11.874,-0.000,1.500,0.030
134.08,-11.902,-0.009,-1.505,-11.874,-0.000,1.500,0.030
134.10,-11.904,-0.009,-1.506,-11.874,-0.000,1.500,0.032
134.12,-11.904,-0.009,-1.506,-11.874,-0.000,1.500,0.032
134.14,-11.906,-0.010,-1.506,-11.874,-0.000,1.500,0.034
134.16,-11.906,-0.010,-1.506,-11.874,-0.000,1.500,0.034
134.19,-11.908,-0.010,-1.506,-11.874,-0.000,1.500,0.036
134.21,-11.908,-0.010,-1.506,-11.874,-0.000,1.500,0.036
134.23,-11.910,-0.010,-1.506,-11.874,-0.000,1.500,0.037
134.25,-11.910,-0.010,-1.506,-11.874,-0.000,1.500,0.037
134.27,-11.912,-0.010,-1.506,-11.874,-0.000,1.500,0.040
134.29,-11.912,-0.010,-1.506,-11.874,-0.000,1.500,0.040
134.31,-11.913,-0.010,-1.506,-11.874,-0.000,1.500,0.041
134.33,-11.913,-0.010,-1.506,-11.874,-0.000,1.500,0.041
134.35,-11.914,-0.011,-1.507,-11.874,-0.000,1.500,0.042
134.37,-11.914,-0.011,-1.507,-11.874,-0.000,1.500,0.042
134.39,-11.915,-0.011,-1.507,-11.874,-0.000,1.500,0.043
134.41,-11.915,-0.011,-1.507,-11.874,-0.000,1.500,0.043
134.43,-11.915,-0.011,-1.507,-11.874,-0.000,1.500,0.043
134.46,-11.916,-0.011,-1.507,-11.874,-0.000,1.500,0.044
134.48,-11.916,-0.011,-1.507,-11.874,-0.000,1.500,0.044
134.50,-11.916,-0.011,-1.508,-11.874,-0.000,1.500,0.044
134.52,-11.916,-0.011,-1.508,-11.874,-0.000,1.500,0.044
134.54,-11.917,-0.011,-1.508,-11.874,-0.000,1.500,0.045
134.56,-11.917,-0.011,-1.508,-11.874,-0.000,1.500,0.045
134.58,-11.917,-0.011,-1.508,-11.874,-0.000,1.500,0.045
134.60,-11.917,-0.011,-1.508,-11.874,-0.000,1.500,0.045
134.62,-11.917,-0.011,-1.508,-11.874,-0.000,1.500,0.045
134.64,-11.917,-0.011,-1.508,-11.874,-0.000,1.500,0.045
134.66,-11.916,-0.011,-1.508,-11.874,-0.000,1.500,0.044
134.68,-11.916,-0.011,-1.508,-11.874,-0.000,1.500,0.044
134.71,-11.916,-0.011,-1.508,-11.874,-0.000,1.500,0.044
134.73,-11.916,-0.011,-1.508,-11.874,-0.000,1.500,0.044
134.75,-11.916,-0.011,-1.508,-11.874,-0.000,1.500,0.044
134.77,-11.916,-0.011,-1.508,-11.874,-0.000,1.500,0.044
134.79,-11.915,-0.011,-1.507,-11.874,-0.000,1.500,0.043
134.81,-11.915,-0.011,-1.507,-11.874,-0.000,1.500,0.043
134.83,-11.915,-0.011,-1.507,-11.874,-0.000,1.500,0.043
134.85,-11.915,-0.011,-1.507,-11.874,-0.000,1.500,0.043
134.87,-11.915,-0.011,-1.507,-11.874,-0.000,1.500,0.043
134.89,-11.915,-0.011,-1.507,-11.874,-0.000,1.500,0.043
134.91,-11.915,-0.011,-1.507,-11.874,-0.000,1.500,0.043
134.94,-11.914,-0.010,-1.506,-11.874,-0.000,1.500,0.042
134.96,-11.914,-0.010,-1.506,-11.874,-0.000,1.500,0.042
134.98,-11.914,-0.010,-1.506,-11.874,-0.000,1.500,0.042
135.00,-11.914,-0.010,-1.506,-11.874,-0.000,1.500,0.042
135.02,-11.914,-0.009,-1.505,-11.874,-0.000,1.500,0.041
135.04,-11.914,-0.009,-1.505,-11.874,-0.000,1.500,0.041
135.06,-11.914,-0.009,-1.505,-11.874,-0.000,1.500,0.041
135.08,-11.914,-0.009,-1.505,-11.874,-0.000,1.500,0.041
135.10,-11.914,-0.008,-1.504,-11.874,-0.000,1.500,0.041
135.12,-11.914,-0.008,-1.504,-11.874,-0.000,1.500,0.041
135.14,-11.914,-0.008,-1.503,-11.874,-0.000,1.500,0.040
135.16,-11.914,-0.008,-1.503,-11.874,-0.000,1.500,0.040
135.19,-11.913,-0.007,-1.503,-11.874,-0.000,1.500,0.040
135.21,-11.913,-0.007,-1.503,-11.874,-0.000,1.500,0.040
135.23,-11.912,-0.006,-1.503,-11.874,-0.000,1.500,0.039
135.25,-11.912,-0.006,-1.503,-11.874,-0.000,1.500,0.039
135.27,-11.911,-0.005,-1.503,-11.874,-0.000,1.500,0.038
135.29,-11.911,-0.005,-1.503,-11.874,-0.000,1.500,0.038
135.31,-11.910,-0.004,-1.503,-11.874,-0.000,1.500,0.037
135.33,-11.910,-0.004,-1.503,-11.874,-0.000,1.500,0.037
135.35,-11.909,-0.003,-1.503,-11.874,-0.000,1.500,0.035
135.37,-11.909,-0.003,-1.503,-11.874,-0.000,1.500,0.035
135.39,-11.908,-0.002,-1.503,-11.874,-0.000,1.500,0.034
135.41,-11.908,-0.002,-1.503,-11.874,-0.000,1.500,0.034
135.44,-11.908,-0.002,-1.503,-11.874,-0.000,1.500,0.034
135.46,-11.905,-0.001,-1.503,-11.874,-0.000,1.500,0.031
135.48,-11.905,-0.001,-1.503,-11.874,-0.000,1.500,0.031
135.50,-11.904,0.000,-1.504,-11.874,-0.000,1.500,0.030
135.52,-11.904,0.000,-1.504,-11.874,-0.000,1.500,0.030
135.54,-11.902,0.001,-1.504,-11.874,-0.000,1.500,0.028
135.56,-11.902,0.001,-1.504,-11.874,-0.000,1.500,0.028
135.58,-11.900,0.001,-1.505,-11.874,-0.000,1.500,0.026
135.60,-11.900,0.001,-1.505,-11.874,-0.000,1.500,0.026
135.62,-11.898,0.002,-1.505,-11.874,-0.000,1.500,0.025
135.64,-11.898,0.002,-1.505,-11.874,-0.000,1.500,0.025
135.66,-11.896,0.002,-1.505,-11.874,-0.000,1.500,0.023
135.68,-11.896,0.002,-1.505,-11.874,-0.000,1.500,0.023
135.71,-11.894,0.002,-1.506,-11.874,-0.000,1.500,0.021
135.73,-11.894,0.002,-1.506,-11.874,-0.000,1.500,0.021
135.75,-11.892,0.003,-1.506,-11.874,-0.000,1.500,0.020
135.77,-11.892,0.003,-1.506,-11.874,-0.000,1.500,0.020
135.79,-11.891,0.003,-1.506,-11.874,-0.000,1.500,0.018
135.81,-11.891,0.003,-1.506,-11.874,-0.000,1.500,0.018
135.83,-11.889,0.003,-1.506,-11.874,-0.000,1.500,0.016
135.85,-11.889,0.003,-1.506,-11.874,-0.000,1.500,0.016
135.87,-11.887,0.003,-1.507,-11.874,-0.000,1.500,0.015
135.89,-11.887,0.003,-1.507,-11.874,-0.000,1.500,0.015
135.91,-11.886,0.003,-1.507,-11.874,-0.000,1.500,0.014
135.93,-11.886,0.003,-1.507,-11.874,-0.000,1.500,0.014
135.96,-11.886,0.003,-1.507,-11.874,-0.000,1.500,0.014
135.98,-11.884,0.003,-1.507,-11.874,-0.000,1.500,0.012
136.00,-11.884,0.003,-1.507,-11.874,-0.000,1.500,0.012
136.02,-11.883,0.003,-1.507,-11.874,-0.000,1.500,0.012
136.04,-11.883,0.003,-1.507,-11.874,-0.000,1.500,0.012
136.06,-11.882,0.003,-1.508,-11.874,-0.000,1.500,0.012
136.08,-11.882,0.003,-1.508,-11.874,-0.000,1.500,0.012
136.10,-11.882,0.004,-1.508,-11.874,-0.000,1.500,0.012
136.12,-11.882,0.004,-1.508,-11.874,-0.000,1.500,0.012
136.14,-11.881,0.004,-1.508,-11.874,-0.000,1.500,0.012
136.17,-11.881,0.004,-1.508,-11.874,-0.000,1.500,0.012
136.19,-11.881,0.004,-1.508,-11.874,-0.000,1.500,0.012
136.21,-11.881,0.004,-1.508,-11.874,-0.000,1.500,0.012
136.23,-11.880,0.004,-1.509,-11.874,-0.000,1.500,0.012
136.25,-11.880,0.004,-1.509,-11.874,-0.000,1.500,0.012
136.27,-11.880,0.005,-1.509,-11.874,-0.000,1.500,0.012
136.29,-11.880,0.005,-1.509,-11.874,-0.000,1.500,0.012
136.31,-11.880,0.005,-1.509,-11.874,-0.000,1.500,0.012
136.33,-11.880,0.005,-1.509,-11.874,-0.000,1.500,0.012
136.35,-11.880,0.005,-1.509,-11.874,-0.000,1.500,0.012
136.37,-11.880,0.005,-1.509,-11.874,-0.000,1.500,0.012
136.39,-11.880,0.006,-1.508,-11.874,-0.000,1.500,0.012
136.42,-11.880,0.006,-1.508,-11.874,-0.000,1.500,0.012
136.44,-11.880,0.006,-1.508,-11.874,-0.000,1.500,0.012
136.46,-11.879,0.007,-1.507,-11.874,-0.000,1.500,0.012
136.48,-11.879,0.007,-1.507,-11.874,-0.000,1.500,0.012
136.50,-11.879,0.008,-1.507,-11.874,-0.000,1.500,0.012
136.52,-11.879,0.008,-1.507,-11.874,-0.000,1.500,0.012
136.54,-11.878,0.009,-1.506,-11.874,-0.000,1.500,0.012
136.56,-11.878,0.009,-1.506,-11.874,-0.000,1.500,0.012
136.58,-11.878,0.009,-1.506,-11.874,-0.000,1.500,0.012
136.60,-11.878,0.009,-1.506,-11.874,-0.000,1.500,0.012
136.62,-11.877,0.010,-1.505,-11.874,-0.000,1.500,0.012
136.64,-11.877,0.010,-1.505,-11.874,-0.000,1.500,0.012
136.67,-11.877,0.011,-1.505,-11.874,-0.000,1.500,0.012
136.69,-11.877,0.011,-1.505,-11.874,-0.000,1.500,0.012
136.71,-11.877,0.012,-1.504,-11.874,-0.000,1.500,0.013
136.73,-11.877,0.012,-1.504,-11.874,-0.000,1.500,0.013
136.75,-11.876,0.012,-1.504,-11.874,-0.000,1.500,0.013
136.77,-11.876,0.012,-1.504,-11.874,-0.000,1.500,0.013
136.79,-11.876,0.013,-1.503,-11.874,-0.000,1.500,0.014
136.81,-11.876,0.013,-1.503,-11.874,-0.000,1.500,0.014
136.83,-11.875,0.014,-1.503,-11.874,-0.000,1.500,0.014
136.85,-11.875,0.014,-1.503,-11.874,-0.000,1.500,0.014
136.87,-11.875,0.014,-1.502,-11.874,-0.000,1.500,0.015
136.90,-11.875,0.014,-1.502,-11.874,-0.000,1.500,0.015
136.92,-11.874,0.015,-1.501,-11.874,-0.000,1.500,0.015
136.94,-11.874,0.015,-1.501,-11.874,-0.000,1.500,0.015
136.96,-11.874,0.015,-1.501,-11.874,-0.000,1.500,0.015
136.98,-11.873,0.016,-1.500,-11.874,-0.000,1.500,0.016
137.00,-11.873,0.016,-1.500,-11.874,-0.000,1.500,0.016
137.02,-11.873,0.017,-1.499,-11.874,-0.000,1.500,0.017
137.04,-11.873,0.017,-1.499,-11.874,-0.000,1.500,0.017
137.06,-11.873,0.017,-1.498,-11.874,-0.000,1.500,0.017
137.08,-11.873,0.017,-1.498,-11.874,-0.000,1.500,0.017
137.10,-11.873,0.018,-1.497,-11.874,-0.000,1.500,0.018
137.12,-11.873,0.018,-1.497,-11.874,-0.000,1.500,0.018
137.15,-11.873,0.018,-1.497,-11.874,-0.000,1.500,0.018
137.17,-11.873,0.018,-1.497,-11.874,-0.000,1.500,0.018
137.19,-11.873,0.018,-1.496,-11.874,-0.000,1.500,0.019
137.21,-11.873,0.018,-1.496,-11.874,-0.000,1.500,0.019
137.23,-11.873,0.018,-1.495,-11.874,-0.000,1.500,0.019
137.25,-11.873,0.018,-1.495,-11.874,-0.000,1.500,0.019
137.27,-11.872,0.018,-1.495,-11.874,-0.000,1.500,0.019
137.29,-11.872,0.018,-1.495,-11.874,-0.000,1.500,0.019
137.31,-11.872,0.018,-1.494,-11.874,-0.000,1.500,0.018
137.33,-11.872,0.018,-1.494,-11.874,-0.000,1.500,0.018
137.35,-11.872,0.017,-1.494,-11.874,-0.000,1.500,0.018
137.38,-11.872,0.017,-1.494,-11.874,-0.000,1.500,0.018
137.40,-11.871,0.017,-1.494,-11.874,-0.000,1.500,0.018
137.42,-11.871,0.017,-1.494,-11.874,-0.000,1.500,0.018
137.44,-11.871,0.017,-1.494,-11.874,-0.000,1.500,0.018
137.46,-11.871,0.016,-1.493,-11.874,-0.000,1.500,0.018
137.48,-11.871,0.016,-1.493,-11.874,-0.000,1.500,0.018
137.50,-11.870,0.016,-1.493,-11.874,-0.000,1.500,0.018
137.52,-11.870,0.016,-1.493,-11.874,-0.000,1.500,0.018
137.54,-11.869,0.016,-1.493,-11.874,-0.000,1.500,0.018
137.56,-11.869,0.016,-1.493,-11.874,-0.000,1.500,0.018
137.58,-11.869,0.016,-1.493,-11.874,-0.000,1.500,0.018
137.60,-11.869,0.016,-1.493,-11.874,-0.000,1.500,0.018
137.62,-11.868,0.015,-1.493,-11.874,-0.000,1.500,0.018
137.65,-11.868,0.015,-1.493,-11.874,-0.000,1.500,0.018
137.67,-11.867,0.015,-1.493,-11.874,-0.000,1.500,0.018
137.69,-11.867,0.015,-1.493,-11.874,-0.000,1.500,0.018
137.71,-11.866,0.015,-1.494,-11.874,-0.000,1.500,0.019
137.73,-11.866,0.015,-1.494,-11.874,-0.000,1.500,0.019
137.75,-11.865,0.015,-1.494,-11.874,-0.000,1.500,0.019
137.77,-11.865,0.015,-1.494,-11.874,-0.000,1.500,0.019
137.79,-11.864,0.015,-1.494,-11.874,-0.000,1.500,0.019
137.81,-11.864,0.015,-1.494,-11.874,-0.000,1.500,0.019
137.83,-11.863,0.015,-1.495,-11.874,-0.000,1.500,0.019
137.85,-11.863,0.015,-1.495,-11.874,-0.000,1.500,0.019
137.87,-11.862,0.015,-1.495,-11.874,-0.000,1.500,0.020
137.90,-11.862,0.015,-1.495,-11.874,-0.000,1.500,0.020
137.92,-11.861,0.014,-1.495,-11.874,-0.000,1.500,0.020
137.94,-11.861,0.014,-1.495,-11.874,-0.000,1.500,0.020
137.96,-11.861,0.014,-1.495,-11.874,-0.000,1.500,0.020
137.98,-11.860,0.014,-1.496,-11.874,-0.000,1.500,0.020
138.00,-11.860,0.014,-1.496,-11.874,-0.000,1.500,0.020
138.02,-11.860,0.013,-1.496,-11.874,-0.000,1.500,0.020
138.04,-11.860,0.013,-1.496,-11.874,-0.000,1.500,0.020
138.06,-11.859,0.013,-1.496,-11.874,-0.000,1.500,0.020
138.08,-11.859,0.013,-1.496,-11.874,-0.000,1.500,0.020
138.10,-11.859,0.012,-1.496,-11.874,-0.000,1.500,0.020
138.12,-11.859,0.012,-1.496,-11.874,-0.000,1.500,0.020
138.14,-11.859,0.012,-1.497,-11.874,-0.000,1.500,0.020
138.17,-11.859,0.012,-1.497,-11.874,-0.000,1.500,0.020
138.19,-11.858,0.012,-1.497,-11.874,-0.000,1.500,0.020
138.21,-11.858,0.012,-1.497,-11.874,-0.000,1.500,0.020
138.23,-11.858,0.011,-1.497,-11.874,-0.000,1.500,0.020
138.25,-11.858,0.011,-1.497,-11.874,-0.000,1.500,0.020
138.27,-11.858,0.011,-1.497,-11.874,-0.000,1.500,0.020
138.29,-11.858,0.011,-1.497,-11.874,-0.000,1.500,0.020
138.31,-11.858,0.010,-1.497,-11.874,-0.000,1.500,0.020
138.33,-11.858,0.010,-1.497,-11.874,-0.000,1.500,0.020
138.35,-11.857,0.010,-1.498,-11.874,-0.000,1.500,0.020
138.37,-11.857,0.010,-1.498,-11.874,-0.000,1.500,0.020
138.39,-11.857,0.009,-1.498,-11.874,-0.000,1.500,0.020
138.42,-11.857,0.009,-1.498,-11.874,-0.000,1.500,0.020
138.44,-11.856,0.009,-1.498,-11.874,-0.000,1.500,0.020
138.46,-11.856,0.009,-1.498,-11.874,-0.000,1.500,0.020
138.48,-11.856,0.009,-1.498,-11.874,-0.000,1.500,0.020
138.50,-11.856,0.008,-1.499,-11.874,-0.000,1.500,0.020
138.52,-11.856,0.008,-1.499,-11.874,-0.000,1.500,0.020
138.54,-11.856,0.008,-1.499,-11.874,-0.000,1.500,0.020
138.56,-11.856,0.008,-1.499,-11.874,-0.000,1.500,0.020
138.58,-11.856,0.008,-1.499,-11.874,-0.000,1.500,0.020
138.60,-11.856,0.008,-1.499,-11.874,-0.000,1.500,0.020
138.62,-11.855,0.007,-1.500,-11.874,-0.000,1.500,0.020
138.65,-11.855,0.007,-1.500,-11.874,-0.000,1.500,0.020
138.67,-11.855,0.007,-1.500,-11.874,-0.000,1.500,0.020
138.69,-11.855,0.007,-1.500,-11.874,-0.000,1.500,0.020
138.71,-11.855,0.007,-1.500,-11.874,-0.000,1.500,0.020
138.73,-11.855,0.007,-1.500,-11.874,-0.000,1.500,0.020
138.75,-11.855,0.007,-1.500,-11.874,-0.000,1.500,0.021
138.77,-11.855,0.007,-1.500,-11.874,-0.000,1.500,0.021
138.79,-11.854,0.007,-1.500,-11.874,-0.000,1.500,0.021
138.81,-11.854,0.007,-1.500,-11.874,-0.000,1.500,0.021
138.83,-11.853,0.006,-1.500,-11.874,-0.000,1.500,0.022
138.85,-11.853,0.006,-1.500,-11.874,-0.000,1.500,0.022
138.88,-11.853,0.006,-1.499,-11.874,-0.000,1.500,0.022
138.90,-11.853,0.006,-1.499,-11.874,-0.000,1.500,0.022
138.92,-11.852,0.005,-1.499,-11.874,-0.000,1.500,0.023
138.94,-11.852,0.005,-1.499,-11.874,-0.000,1.500,0.023
138.96,-11.852,0.005,-1.499,-11.874,-0.000,1.500,0.023
138.98,-11.851,0.005,-1.499,-11.874,-0.000,1.500,0.024
139.00,-11.851,0.005,-1.499,-11.874,-0.000,1.500,0.024
139.02,-11.850,0.004,-1.499,-11.874,-0.000,1.500,0.025
139.04,-11.850,0.004,-1.499,-11.874,-0.000,1.500,0.025
139.06,-11.849,0.003,-1.500,-11.874,-0.000,1.500,0.025
139.08,-11.849,0.003,-1.500,-11.874,-0.000,1.500,0.025
139.10,-11.849,0.002,-1.500,-11.874,-0.000,1.500,0.025
139.12,-11.849,0.002,-1.500,-11.874,-0.000,1.500,0.025
139.15,-11.849,0.001,-1.500,-11.874,-0.000,1.500,0.025
139.17,-11.849,0.001,-1.500,-11.874,-0.000,1.500,0.025
139.19,-11.849,0.000,-1.501,-11.874,-0.000,1.500,0.025
139.21,-11.849,0.000,-1.501,-11.874,-0.000,1.500,0.025
139.23,-11.849,-0.001,-1.502,-11.874,-0.000,1.500,0.025
139.25,-11.849,-0.001,-1.502,-11.874,-0.000,1.500,0.025
139.27,-11.849,-0.002,-1.502,-11.874,-0.000,1.500,0.025
139.29,-11.849,-0.002,-1.502,-11.874,-0.000,1.500,0.025
139.31,-11.849,-0.003,-1.502,-11.874,-0.000,1.500,0.025
139.33,-11.849,-0.003,-1.502,-11.874,-0.000,1.500,0.025
139.35,-11.849,-0.004,-1.503,-11.874,-0.000,1.500,0.025
139.37,-11.849,-0.004,-1.503,-11.874,-0.000,1.500,0.025
139.40,-11.849,-0.006,-1.503,-11.874,-0.000,1.500,0.026
139.42,-11.849,-0.006,-1.503,-11.874,-0.000,1.500,0.026
139.44,-11.849,-0.007,-1.503,-11.874,-0.000,1.500,0.026
139.46,-11.849,-0.007,-1.503,-11.874,-0.000,1.500,0.026
139.48,-11.849,-0.007,-1.503,-11.874,-0.000,1.500,0.026
139.50,-11.849,-0.009,-1.503,-11.874,-0.000,1.500,0.027
139.52,-11.849,-0.009,-1.503,-11.874,-0.000,1.500,0.027
139.54,-11.850,-0.011,-1.504,-11.874,-0.000,1.500,0.027
139.56,-11.850,-0.011,-1.504,-11.874,-0.000,1.500,0.027
139.58,-11.850,-0.013,-1.504,-11.874,-0.000,1.500,0.028
139.60,-11.850,-0.013,-1.504,-11.874,-0.000,1.500,0.028
139.63,-11.850,-0.015,-1.504,-11.874,-0.000,1.500,0.029
139.65,-11.850,-0.015,-1.504,-11.874,-0.000,1.500,0.029
139.67,-11.850,-0.017,-1.505,-11.874,-0.000,1.500,0.030
139.69,-11.850,-0.017,-1.505,-11.874,-0.000,1.500,0.030
139.71,-11.851,-0.020,-1.506,-11.874,-0.000,1.500,0.031
139.73,-11.851,-0.020,-1.506,-11.874,-0.000,1.500,0.031
139.75,-11.851,-0.022,-1.506,-11.874,-0.000,1.500,0.032
139.77,-11.851,-0.022,-1.506,-11.874,-0.000,1.500,0.032
139.79,-11.851,-0.024,-1.507,-11.874,-0.000,1.500,0.034
139.81,-11.851,-0.024,-1.507,-11.874,-0.000,1.500,0.034
139.83,-11.852,-0.026,-1.508,-11.874,-0.000,1.500,0.035
139.85,-11.852,-0.026,-1.508,-11.874,-0.000,1.500,0.035
139.88,-11.852,-0.028,-1.508,-11.874,-0.000,1.500,0.036
139.90,-11.852,-0.028,-1.508,-11.874,-0.000,1.500,0.036
139.92,-11.853,-0.030,-1.509,-11.874,-0.000,1.500,0.038
139.94,-11.853,-0.030,-1.509,-11.874,-0.000,1.500,0.038
139.96,-11.853,-0.030,-1.509,-11.874,-0.000,1.500,0.038
139.98,-11.853,-0.032,-1.510,-11.874,-0.000,1.500,0.039
140.00,-11.853,-0.032,-1.510,-11.874,-0.000,1.500,0.039
140.02,-11.854,-0.033,-1.510,-11.874,-0.000,1.500,0.040
140.04,-11.854,-0.033,-1.510,-11.874,-0.000,1.500,0.040
140.06,-11.854,-0.034,-1.510,-11.874,-0.000,1.500,0.041
140.08,-11.854,-0.034,-1.510,-11.874,-0.000,1.500,0.041
140.11,-11.855,-0.035,-1.510,-11.874,-0.000,1.500,0.041
140.13,-11.855,-0.035,-1.510,-11.874,-0.000,1.500,0.041
140.15,-11.856,-0.036,-1.510,-11.874,-0.000,1.500,0.041
140.17,-11.856,-0.036,-1.510,-11.874,-0.000,1.500,0.041
140.19,-11.857,-0.036,-1.510,-11.874,-0.000,1.500,0.041
140.21,-11.857,-0.036,-1.510,-11.874,-0.000,1.500,0.041
140.23,-11.858,-0.036,-1.509,-11.874,-0.000,1.500,0.041
140.25,-11.858,-0.036,-1.509,-11.874,-0.000,1.500,0.041
140.27,-11.859,-0.036,-1.508,-11.874,-0.000,1.500,0.040
140.29,-11.859,-0.036,-1.508,-11.874,-0.000,1.500,0.040
140.31,-11.860,-0.036,-1.508,-11.874,-0.000,1.500,0.040
140.34,-11.860,-0.036,-1.508,-11.874,-0.000,1.500,0.040
140.36,-11.861,-0.036,-1.507,-11.874,-0.000,1.500,0.039
140.38,-11.861,-0.036,-1.507,-11.874,-0.000,1.500,0.039
140.40,-11.862,-0.036,-1.506,-11.874,-0.000,1.500,0.038
140.42,-11.862,-0.036,-1.506,-11.874,-0.000,1.500,0.038
140.44,-11.864,-0.035,-1.505,-11.874,-0.000,1.500,0.037
140.46,-11.864,-0.035,-1.505,-11.874,-0.000,1.500,0.037
140.48,-11.864,-0.035,-1.505,-11.874,-0.000,1.500,0.037
140.50,-11.865,-0.035,-1.504,-11.874,-0.000,1.500,0.036
140.52,-11.865,-0.035,-1.504,-11.874,-0.000,1.500,0.036
140.54,-11.867,-0.034,-1.504,-11.874,-0.000,1.500,0.035
140.56,-11.867,-0.034,-1.504,-11.874,-0.000,1.500,0.035
140.58,-11.869,-0.034,-1.503,-11.874,-0.000,1.500,0.034
140.60,-11.869,-0.034,-1.503,-11.874,-0.000,1.500,0.034
140.63,-11.870,-0.033,-1.502,-11.874,-0.000,1.500,0.034
140.65,-11.870,-0.033,-1.502,-11.874,-0.000,1.500,0.034
140.67,-11.872,-0.033,-1.501,-11.874,-0.000,1.500,0.033
140.69,-11.872,-0.033,-1.501,-11.874,-0.000,1.500,0.033
140.71,-11.874,-0.032,-1.500,-11.874,-0.000,1.500,0.032
140.73,-11.874,-0.032,-1.500,-11.874,-0.000,1.500,0.032
140.75,-11.875,-0.031,-1.500,-11.874,-0.000,1.500,0.031
140.77,-11.875,-0.031,-1.500,-11.874,-0.000,1.500,0.031
140.79,-11.877,-0.031,-1.499,-11.874,-0.000,1.500,0.031
140.81,-11.877,-0.031,-1.499,-11.874,-0.000,1.500,0.031
140.83,-11.879,-0.030,-1.498,-11.874,-0.000,1.500,0.030
140.85,-11.879,-0.030,-1.498,-11.874,-0.000,1.500,0.030
140.87,-11.880,-0.029,-1.498,-11.874,-0.000,1.500,0.030
140.90,-11.880,-0.029,-1.498,-11.874,-0.000,1.500,0.030
140.92,-11.882,-0.028,-1.497,-11.874,-0.000,1.500,0.029
140.94,-11.882,-0.028,-1.497,-11.874,-0.000,1.500,0.029
140.96,-11.882,-0.028,-1.497,-11.874,-0.000,1.500,0.029
140.98,-11.885,-0.027,-1.495,-11.874,-0.000,1.500,0.029
141.00,-11.885,-0.027,-1.495,-11.874,-0.000,1.500,0.029
141.02,-11.886,-0.026,-1.495,-11.874,-0.000,1.500,0.029
141.04,-11.886,-0.026,-1.495,-11.874,-0.000,1.500,0.029
141.06,-11.888,-0.025,-1.494,-11.874,-0.000,1.500,0.029
141.08,-11.888,-0.025,-1.494,-11.874,-0.000,1.500,0.029
141.10,-11.890,-0.024,-1.493,-11.874,-0.000,1.500,0.030
141.12,-11.890,-0.024,-1.493,-11.874,-0.000,1.500,0.030
141.15,-11.892,-0.023,-1.493,-11.874,-0.000,1.500,0.030
141.17,-11.892,-0.023,-1.493,-11.874,-0.000,1.500,0.030
141.19,-11.893,-0.022,-1.492,-11.874,-0.000,1.500,0.030
141.21,-11.893,-0.022,-1.492,-11.874,-0.000,1.500,0.030
141.23,-11.894,-0.021,-1.492,-11.874,-0.000,1.500,0.030
141.25,-11.894,-0.021,-1.492,-11.874,-0.000,1.500,0.030
141.27,-11.895,-0.020,-1.491,-11.874,-0.000,1.500,0.030
141.29,-11.895,-0.020,-1.491,-11.874,-0.000,1.500,0.030
141.31,-11.896,-0.019,-1.491,-11.874,-0.000,1.500,0.030
141.33,-11.896,-0.019,-1.491,-11.874,-0.000,1.500,0.030
141.36,-11.897,-0.018,-1.490,-11.874,-0.000,1.500,0.030
141.38,-11.897,-0.018,-1.490,-11.874,-0.000,1.500,0.030
141.40,-11.897,-0.016,-1.490,-11.874,-0.000,1.500,0.030
141.42,-11.897,-0.016,-1.490,-11.874,-0.000,1.500,0.030
141.44,-11.898,-0.015,-1.490,-11.874,-0.000,1.500,0.029
141.46,-11.898,-0.015,-1.490,-11.874,-0.000,1.500,0.029
141.48,-11.898,-0.015,-1.490,-11.874,-0.000,1.500,0.029
141.50,-11.897,-0.013,-1.489,-11.874,-0.000,1.500,0.029
141.52,-11.897,-0.013,-1.489,-11.874,-0.000,1.500,0.029
141.54,-11.897,-0.011,-1.489,-11.874,-0.000,1.500,0.028
141.56,-11.897,-0.011,-1.489,-11.874,-0.000,1.500,0.028
141.58,-11.897,-0.010,-1.489,-11.874,-0.000,1.500,0.027
141.60,-11.897,-0.010,-1.489,-11.874,-0.000,1.500,0.027
141.63,-11.897,-0.009,-1.489,-11.874,-0.000,1.500,0.027
141.65,-11.897,-0.009,-1.489,-11.874,-0.000,1.500,0.027
141.67,-11.897,-0.007,-1.488,-11.874,-0.000,1.500,0.026
141.69,-11.897,-0.007,-1.488,-11.874,-0.000,1.500,0.026
141.71,-11.897,-0.006,-1.488,-11.874,-0.000,1.500,0.026
141.73,-11.897,-0.006,-1.488,-11.874,-0.000,1.500,0.026
141.75,-11.897,-0.005,-1.489,-11.874,-0.000,1.500,0.026
141.77,-11.897,-0.005,-1.489,-11.874,-0.000,1.500,0.026
141.79,-11.896,-0.004,-1.489,-11.874,-0.000,1.500,0.025
141.81,-11.896,-0.004,-1.489,-11.874,-0.000,1.500,0.025
141.83,-11.896,-0.003,-1.489,-11.874,-0.000,1.500,0.024
141.85,-11.896,-0.003,-1.489,-11.874,-0.000,1.500,0.024
141.87,-11.895,-0.002,-1.490,-11.874,-0.000,1.500,0.024
141.90,-11.895,-0.002,-1.490,-11.874,-0.000,1.500,0.024
141.92,-11.894,-0.001,-1.490,-11.874,-0.000,1.500,0.023
141.94,-11.894,-0.001,-1.490,-11.874,-0.000,1.500,0.023
141.96,-11.894,-0.001,-1.490,-11.874,-0.000,1.500,0.022
141.98,-11.894,-0.001,-1.490,-11.874,-0.000,1.500,0.022
142.00,-11.894,-0.001,-1.490,-11.874,-0.000,1.500,0.022
142.02,-11.893,-0.000,-1.491,-11.874,-0.000,1.500,0.021
142.04,-11.893,-0.000,-1.491,-11.874,-0.000,1.500,0.021
142.06,-11.892,-0.000,-1.491,-11.874,-0.000,1.500,0.020
142.08,-11.892,-0.000,-1.491,-11.874,-0.000,1.500,0.020
142.10,-11.891,-0.001,-1.492,-11.874,-0.000,1.500,0.019
142.12,-11.891,-0.001,-1.492,-11.874,-0.000,1.500,0.019
142.15,-11.891,-0.001,-1.492,-11.874,-0.000,1.500,0.018
142.17,-11.891,-0.001,-1.492,-11.874,-0.000,1.500,0.018
142.19,-11.890,-0.001,-1.493,-11.874,-0.000,1.500,0.018
142.21,-11.890,-0.001,-1.493,-11.874,-0.000,1.500,0.018
142.23,-11.890,-0.001,-1.494,-11.874,-0.000,1.500,0.017
142.25,-11.890,-0.001,-1.494,-11.874,-0.000,1.500,0.017
142.27,-11.889,-0.002,-1.494,-11.874,-0.000,1.500,0.016
142.29,-11.889,-0.002,-1.494,-11.874,-0.000,1.500,0.016
142.31,-11.889,-0.002,-1.495,-11.874,-0.000,1.500,0.015
142.33,-11.889,-0.002,-1.495,-11.874,-0.000,1.500,0.015
142.35,-11.888,-0.003,-1.496,-11.874,-0.000,1.500,0.015
142.37,-11.888,-0.003,-1.496,-11.874,-0.000,1.500,0.015
142.40,-11.888,-0.004,-1.497,-11.874,-0.000,1.500,0.015
142.42,-11.888,-0.004,-1.497,-11.874,-0.000,1.500,0.015
142.44,-11.887,-0.005,-1.497,-11.874,-0.000,1.500,0.014
142.46,-11.887,-0.005,-1.497,-11.874,-0.000,1.500,0.014
142.48,-11.887,-0.005,-1.497,-11.874,-0.000,1.500,0.014
142.50,-11.887,-0.006,-1.498,-11.874,-0.000,1.500,0.014
142.52,-11.887,-0.006,-1.498,-11.874,-0.000,1.500,0.014
142.54,-11.887,-0.006,-1.499,-11.874,-0.000,1.500,0.014
142.56,-11.887,-0.006,-1.499,-11.874,-0.000,1.500,0.014
142.58,-11.886,-0.007,-1.499,-11.874,-0.000,1.500,0.014
142.61,-11.886,-0.007,-1.499,-11.874,-0.000,1.500,0.014
142.63,-11.886,-0.007,-1.499,-11.874,-0.000,1.500,0.014
142.65,-11.886,-0.007,-1.499,-11.874,-0.000,1.500,0.014
142.67,-11.886,-0.008,-1.500,-11.874,-0.000,1.500,0.014
142.69,-11.886,-0.008,-1.500,-11.874,-0.000,1.500,0.014
142.71,-11.886,-0.009,-1.500,-11.874,-0.000,1.500,0.015
142.73,-11.886,-0.009,-1.500,-11.874,-0.000,1.500,0.015
142.75,-11.886,-0.009,-1.501,-11.874,-0.000,1.500,0.015
142.77,-11.886,-0.009,-1.501,-11.874,-0.000,1.500,0.015
142.79,-11.885,-0.010,-1.501,-11.874,-0.000,1.500,0.015
142.82,-11.885,-0.010,-1.501,-11.874,-0.000,1.500,0.015
142.84,-11.885,-0.010,-1.501,-11.874,-0.000,1.500,0.015
142.86,-11.885,-0.010,-1.501,-11.874,-0.000,1.500,0.015
142.88,-11.884,-0.010,-1.502,-11.874,-0.000,1.500,0.015
142.90,-11.884,-0.010,-1.502,-11.874,-0.000,1.500,0.015
142.92,-11.884,-0.011,-1.502,-11.874,-0.000,1.500,0.015
142.94,-11.884,-0.011,-1.502,-11.874,-0.000,1.500,0.015
142.96,-11.883,-0.011,-1.503,-11.874,-0.000,1.500,0.015
142.98,-11.883,-0.011,-1.503,-11.874,-0.000,1.500,0.015
143.00,-11.883,-0.011,-1.503,-11.874,-0.000,1.500,0.015
143.02,-11.882,-0.012,-1.504,-11.874,-0.000,1.500,0.015
143.04,-11.882,-0.012,-1.504,-11.874,-0.000,1.500,0.015
143.07,-11.881,-0.012,-1.505,-11.874,-0.000,1.500,0.015
143.09,-11.881,-0.012,-1.505,-11.874,-0.000,1.500,0.015
143.11,-11.880,-0.012,-1.505,-11.874,-0.000,1.500,0.015
143.13,-11.880,-0.012,-1.505,-11.874,-0.000,1.500,0.015
143.15,-11.878,-0.012,-1.507,-11.874,-0.000,1.500,0.015
143.17,-11.878,-0.012,-1.507,-11.874,-0.000,1.500,0.015
143.19,-11.877,-0.012,-1.508,-11.874,-0.000,1.500,0.015
143.21,-11.877,-0.012,-1.508,-11.874,-0.000,1.500,0.015
143.23,-11.876,-0.012,-1.509,-11.874,-0.000,1.500,0.016
143.25,-11.876,-0.012,-1.509,-11.874,-0.000,1.500,0.016
143.27,-11.875,-0.012,-1.510,-11.874,-0.000,1.500,0.016
143.29,-11.875,-0.012,-1.510,-11.874,-0.000,1.500,0.016
143.32,-11.874,-0.012,-1.511,-11.874,-0.000,1.500,0.017
143.34,-11.874,-0.012,-1.511,-11.874,-0.000,1.500,0.017
143.36,-11.873,-0.012,-1.512,-11.874,-0.000,1.500,0.017
143.38,-11.873,-0.012,-1.512,-11.874,-0.000,1.500,0.017
143.40,-11.872,-0.012,-1.513,-11.874,-0.000,1.500,0.018
143.42,-11.872,-0.012,-1.513,-11.874,-0.000,1.500,0.018
143.44,-11.871,-0.012,-1.514,-11.874,-0.000,1.500,0.019
143.46,-11.871,-0.012,-1.514,-11.874,-0.000,1.500,0.019
143.48,-11.871,-0.012,-1.514,-11.874,-0.000,1.500,0.019
143.50,-11.871,-0.011,-1.515,-11.874,-0.000,1.500,0.019
143.53,-11.871,-0.011,-1.515,-11.874,-0.000,1.500,0.019
143.55,-11.871,-0.011,-1.515,-11.874,-0.000,1.500,0.019
143.57,-11.871,-0.011,-1.515,-11.874,-0.000,1.500,0.019
143.59,-11.871,-0.011,-1.516,-11.874,-0.000,1.500,0.020
143.61,-11.871,-0.011,-1.516,-11.874,-0.000,1.500,0.020
143.63,-11.872,-0.010,-1.516,-11.874,-0.000,1.500,0.020
143.65,-11.872,-0.010,-1.516,-11.874,-0.000,1.500,0.020
143.67,-11.873,-0.010,-1.517,-11.874,-0.000,1.500,0.020
143.69,-11.873,-0.010,-1.517,-11.874,-0.000,1.500,0.020
143.71,-11.874,-0.010,-1.517,-11.874,-0.000,1.500,0.020
143.73,-11.874,-0.010,-1.517,-11.874,-0.000,1.500,0.020
143.76,-11.875,-0.010,-1.517,-11.874,-0.000,1.500,0.020
143.78,-11.875,-0.010,-1.517,-11.874,-0.000,1.500,0.020
143.80,-11.876,-0.010,-1.517,-11.874,-0.000,1.500,0.019
143.82,-11.876,-0.010,-1.517,-11.874,-0.000,1.500,0.019
143.84,-11.877,-0.010,-1.516,-11.874,-0.000,1.500,0.019
143.86,-11.877,-0.010,-1.516,-11.874,-0.000,1.500,0.019
143.88,-11.878,-0.009,-1.516,-11.874,-0.000,1.500,0.019
143.90,-11.878,-0.009,-1.516,-11.874,-0.000,1.500,0.019
143.92,-11.879,-0.009,-1.516,-11.874,-0.000,1.500,0.019
143.94,-11.879,-0.009,-1.516,-11.874,-0.000,1.500,0.019
143.96,-11.880,-0.009,-1.515,-11.874,-0.000,1.500,0.018
143.98,-11.880,-0.009,-1.515,-11.874,-0.000,1.500,0.018
144.01,-11.880,-0.009,-1.515,-11.874,-0.000,1.500,0.018
144.03,-11.882,-0.008,-1.514,-11.874,-0.000,1.500,0.018
144.05,-11.882,-0.008,-1.514,-11.874,-0.000,1.500,0.018
144.07,-11.883,-0.008,-1.513,-11.874,-0.000,1.500,0.017
144.09,-11.883,-0.008,-1.513,-11.874,-0.000,1.500,0.017
144.11,-11.884,-0.007,-1.512,-11.874,-0.000,1.500,0.017
144.13,-11.884,-0.007,-1.512,-11.874,-0.000,1.500,0.017
144.15,-11.885,-0.006,-1.511,-11.874,-0.000,1.500,0.017
144.17,-11.885,-0.006,-1.511,-11.874,-0.000,1.500,0.017
144.19,-11.886,-0.006,-1.510,-11.874,-0.000,1.500,0.017
144.21,-11.886,-0.006,-1.510,-11.874,-0.000,1.500,0.017
144.23,-11.886,-0.006,-1.510,-11.874,-0.000,1.500,0.017
144.26,-11.886,-0.006,-1.510,-11.874,-0.000,1.500,0.017
144.28,-11.887,-0.005,-1.509,-11.874,-0.000,1.500,0.017
144.30,-11.887,-0.005,-1.509,-11.874,-0.000,1.500,0.017
144.32,-11.887,-0.005,-1.509,-11.874,-0.000,1.500,0.017
144.34,-11.887,-0.005,-1.509,-11.874,-0.000,1.500,0.017
144.36,-11.888,-0.005,-1.508,-11.874,-0.000,1.500,0.017
144.38,-11.888,-0.005,-1.508,-11.874,-0.000,1.500,0.017
144.40,-11.888,-0.005,-1.508,-11.874,-0.000,1.500,0.017
144.42,-11.888,-0.005,-1.508,-11.874,-0.000,1.500,0.017
144.44,-11.888,-0.005,-1.507,-11.874,-0.000,1.500,0.016
144.46,-11.888,-0.005,-1.507,-11.874,-0.000,1.500,0.016
144.48,-11.888,-0.005,-1.507,-11.874,-0.000,1.500,0.016
144.51,-11.888,-0.005,-1.507,-11.874,-0.000,1.500,0.016
144.53,-11.888,-0.005,-1.507,-11.874,-0.000,1.500,0.016
144.55,-11.888,-0.004,-1.506,-11.874,-0.000,1.500,0.016
144.57,-11.888,-0.004,-1.506,-11.874,-0.000,1.500,0.016
144.59,-11.888,-0.004,-1.505,-11.874,-0.000,1.500,0.015
144.61,-11.888,-0.004,-1.505,-11.874,-0.000,1.500,0.015
144.63,-11.888,-0.004,-1.504,-11.874,-0.000,1.500,0.015
144.65,-11.888,-0.004,-1.504,-11.874,-0.000,1.500,0.015
144.67,-11.889,-0.003,-1.504,-11.874,-0.000,1.500,0.015
144.69,-11.889,-0.003,-1.504,-11.874,-0.000,1.500,0.015
144.72,-11.889,-0.003,-1.503,-11.874,-0.000,1.500,0.015
144.74,-11.889,-0.003,-1.503,-11.874,-0.000,1.500,0.015
144.76,-11.889,-0.002,-1.502,-11.874,-0.000,1.500,0.015
144.78,-11.889,-0.002,-1.502,-11.874,-0.000,1.500,0.015
144.80,-11.889,-0.001,-1.502,-11.874,-0.000,1.500,0.015
144.82,-11.889,-0.001,-1.502,-11.874,-0.000,1.500,0.015
144.84,-11.889,-0.001,-1.501,-11.874,-0.000,1.500,0.015
144.86,-11.889,-0.001,-1.501,-11.874,-0.000,1.500,0.015
144.88,-11.889,0.000,-1.501,-11.874,-0.000,1.500,0.015
144.90,-11.889,0.000,-1.501,-11.874,-0.000,1.500,0.015
144.92,-11.889,0.001,-1.501,-11.874,-0.000,1.500,0.015
144.95,-11.889,0.001,-1.501,-11.874,-0.000,1.500,0.015
144.97,-11.889,0.001,-1.500,-11.874,-0.000,1.500,0.015
144.99,-11.889,0.001,-1.500,-11.874,-0.000,1.500,0.015
145.01,-11.889,0.001,-1.500,-11.874,-0.000,1.500,0.015
145.03,-11.888,0.002,-1.500,-11.874,-0.000,1.500,0.014
145.05,-11.888,0.002,-1.500,-11.874,-0.000,1.500,0.014
145.07,-11.888,0.003,-1.500,-11.874,-0.000,1.500,0.014
145.09,-11.888,0.003,-1.500,-11.874,-0.000,1.500,0.014
145.11,-11.887,0.004,-1.500,-11.874,-0.000,1.500,0.014
145.13,-11.887,0.004,-1.500,-11.874,-0.000,1.500,0.014
145.15,-11.887,0.004,-1.500,-11.874,-0.000,1.500,0.014
145.17,-11.887,0.004,-1.500,-11.874,-0.000,1.500,0.014
145.19,-11.887,0.005,-1.500,-11.874,-0.000,1.500,0.013
145.22,-11.887,0.005,-1.500,-11.874,-0.000,1.500,0.013
145.24,-11.886,0.006,-1.500,-11.874,-0.000,1.500,0.013
145.26,-11.886,0.006,-1.500,-11.874,-0.000,1.500,0.013
145.28,-11.885,0.007,-1.501,-11.874,-0.000,1.500,0.013
145.30,-11.885,0.007,-1.501,-11.874,-0.000,1.500,0.013
145.32,-11.884,0.008,-1.501,-11.874,-0.000,1.500,0.013
145.34,-11.884,0.008,-1.501,-11.874,-0.000,1.500,0.013
145.36,-11.883,0.008,-1.501,-11.874,-0.000,1.500,0.013
145.38,-11.883,0.008,-1.501,-11.874,-0.000,1.500,0.013
145.40,-11.882,0.009,-1.502,-11.874,-0.000,1.500,0.012
145.42,-11.882,0.009,-1.502,-11.874,-0.000,1.500,0.012
145.44,-11.881,0.010,-1.502,-11.874,-0.000,1.500,0.012
145.46,-11.881,0.010,-1.502,-11.874,-0.000,1.500,0.012
145.49,-11.880,0.011,-1.502,-11.874,-0.000,1.500,0.012
145.51,-11.880,0.011,-1.502,-11.874,-0.000,1.500,0.012
145.53,-11.880,0.011,-1.502,-11.874,-0.000,1.500,0.012
145.55,-11.878,0.011,-1.502,-11.874,-0.000,1.500,0.012
145.57,-11.878,0.011,-1.502,-11.874,-0.000,1.500,0.012
145.59,-11.877,0.012,-1.503,-11.874,-0.000,1.500,0.012
145.61,-11.877,0.012,-1.503,-11.874,-0.000,1.500,0.012
145.63,-11.876,0.012,-1.503,-11.874,-0.000,1.500,0.012
145.65,-11.876,0.012,-1.503,-11.874,-0.000,1.500,0.012
145.67,-11.875,0.012,-1.503,-11.874,-0.000,1.500,0.012
145.69,-11.875,0.012,-1.503,-11.874,-0.000,1.500,0.012
145.71,-11.874,0.011,-1.503,-11.874,-0.000,1.500,0.012
145.74,-11.874,0.011,-1.503,-11.874,-0.000,1.500,0.012
145.76,-11.873,0.010,-1.502,-11.874,-0.000,1.500,0.011
145.78,-11.873,0.010,-1.502,-11.874,-0.000,1.500,0.011
145.80,-11.873,0.009,-1.502,-11.874,-0.000,1.500,0.010
145.82,-11.873,0.009,-1.502,-11.874,-0.000,1.500,0.010
145.84,-11.872,0.008,-1.502,-11.874,-0.000,1.500,0.009
145.86,-11.872,0.008,-1.502,-11.874,-0.000,1.500,0.009
145.88,-11.871,0.007,-1.502,-11.874,-0.000,1.500,0.008
145.90,-11.871,0.007,-1.502,-11.874,-0.000,1.500,0.008
145.92,-11.870,0.006,-1.502,-11.874,-0.000,1.500,0.007
145.94,-11.870,0.006,-1.502,-11.874,-0.000,1.500,0.007
145.96,-11.869,0.004,-1.502,-11.874,-0.000,1.500,0.007
145.98,-11.869,0.004,-1.502,-11.874,-0.000,1.500,0.007
146.01,-11.869,0.004,-1.502,-11.874,-0.000,1.500,0.007
146.03,-11.868,0.001,-1.501,-11.874,-0.000,1.500,0.007
146.05,-11.868,0.001,-1.501,-11.874,-0.000,1.500,0.007
146.07,-11.867,-0.001,-1.501,-11.874,-0.000,1.500,0.007
146.09,-11.867,-0.001,-1.501,-11.874,-0.000,1.500,0.007
146.11,-11.866,-0.002,-1.500,-11.874,-0.000,1.500,0.009
146.13,-11.866,-0.002,-1.500,-11.874,-0.000,1.500,0.009
146.15,-11.865,-0.004,-1.500,-11.874,-0.000,1.500,0.010
146.17,-11.865,-0.004,-1.500,-11.874,-0.000,1.500,0.010
146.19,-11.864,-0.005,-1.500,-11.874,-0.000,1.500,0.012
146.21,-11.864,-0.005,-1.500,-11.874,-0.000,1.500,0.012
146.23,-11.862,-0.006,-1.500,-11.874,-0.000,1.500,0.013
146.26,-11.862,-0.006,-1.500,-11.874,-0.000,1.500,0.013
146.28,-11.861,-0.007,-1.500,-11.874,-0.000,1.500,0.015
146.30,-11.861,-0.007,-1.500,-11.874,-0.000,1.500,0.015
146.32,-11.860,-0.008,-1.500,-11.874,-0.000,1.500,0.017
146.34,-11.860,-0.008,-1.500,-11.874,-0.000,1.500,0.017
146.36,-11.859,-0.009,-1.500,-11.874,-0.000,1.500,0.018
146.38,-11.859,-0.009,-1.500,-11.874,-0.000,1.500,0.018
146.40,-11.858,-0.010,-1.500,-11.874,-0.000,1.500,0.019
146.42,-11.858,-0.010,-1.500,-11.874,-0.000,1.500,0.019
146.44,-11.857,-0.010,-1.500,-11.874,-0.000,1.500,0.020
146.46,-11.857,-0.010,-1.500,-11.874,-0.000,1.500,0.020
146.48,-11.856,-0.011,-1.500,-11.874,-0.000,1.500,0.021
146.51,-11.856,-0.011,-1.500,-11.874,-0.000,1.500,0.021
146.53,-11.856,-0.011,-1.500,-11.874,-0.000,1.500,0.021
146.55,-11.854,-0.012,-1.500,-11.874,-0.000,1.500,0.023
146.57,-11.854,-0.012,-1.500,-11.874,-0.000,1.500,0.023
146.59,-11.854,-0.012,-1.500,-11.874,-0.000,1.500,0.024
146.61,-11.854,-0.012,-1.500,-11.874,-0.000,1.500,0.024
146.63,-11.853,-0.013,-1.500,-11.874,-0.000,1.500,0.024
146.65,-11.853,-0.013,-1.500,-11.874,-0.000,1.500,0.024
146.67,-11.853,-0.013,-1.500,-11.874,-0.000,1.500,0.025
146.69,-11.853,-0.013,-1.500,-11.874,-0.000,1.500,0.025
146.71,-11.853,-0.013,-1.499,-11.874,-0.000,1.500,0.025
146.74,-11.853,-0.013,-1.499,-11.874,-0.000,1.500,0.025
146.76,-11.853,-0.013,-1.499,-11.874,-0.000,1.500,0.025
146.78,-11.853,-0.013,-1.499,-11.874,-0.000,1.500,0.025
146.80,-11.854,-0.013,-1.499,-11.874,-0.000,1.500,0.024
146.82,-11.854,-0.013,-1.499,-11.874,-0.000,1.500,0.024
146.84,-11.854,-0.013,-1.498,-11.874,-0.000,1.500,0.024
146.86,-11.854,-0.013,-1.498,-11.874,-0.000,1.500,0.024
146.88,-11.855,-0.012,-1.498,-11.874,-0.000,1.500,0.023
146.90,-11.855,-0.012,-1.498,-11.874,-0.000,1.500,0.023
146.92,-11.855,-0.012,-1.498,-11.874,-0.000,1.500,0.022
146.94,-11.855,-0.012,-1.498,-11.874,-0.000,1.500,0.022
146.96,-11.856,-0.011,-1.497,-11.874,-0.000,1.500,0.021
146.99,-11.856,-0.011,-1.497,-11.874,-0.000,1.500,0.021
147.01,-11.856,-0.011,-1.497,-11.874,-0.000,1.500,0.021
147.03,-11.858,-0.010,-1.496,-11.874,-0.000,1.500,0.020
147.05,-11.858,-0.010,-1.496,-11.874,-0.000,1.500,0.020
147.07,-11.858,-0.009,-1.496,-11.874,-0.000,1.500,0.019
147.09,-11.858,-0.009,-1.496,-11.874,-0.000,1.500,0.019
147.11,-11.859,-0.008,-1.496,-11.874,-0.000,1.500,0.018
147.13,-11.859,-0.008,-1.496,-11.874,-0.000,1.500,0.018
147.15,-11.860,-0.008,-1.496,-11.874,-0.000,1.500,0.017
147.17,-11.860,-0.008,-1.496,-11.874,-0.000,1.500,0.017
147.19,-11.860,-0.007,-1.495,-11.874,-0.000,1.500,0.016
147.21,-11.860,-0.007,-1.495,-11.874,-0.000,1.500,0.016
147.24,-11.860,-0.006,-1.495,-11.874,-0.000,1.500,0.016
147.26,-11.860,-0.006,-1.495,-11.874,-0.000,1.500,0.016
147.28,-11.860,-0.005,-1.495,-11.874,-0.000,1.500,0.015
147.30,-11.860,-0.005,-1.495,-11.874,-0.000,1.500,0.015
147.32,-11.860,-0.004,-1.496,-11.874,-0.000,1.500,0.015
147.34,-11.860,-0.004,-1.496,-11.874,-0.000,1.500,0.015
147.36,-11.860,-0.003,-1.496,-11.874,-0.000,1.500,0.015
147.38,-11.860,-0.003,-1.496,-11.874,-0.000,1.500,0.015
147.40,-11.860,-0.002,-1.496,-11.874,-0.000,1.500,0.014
147.42,-11.860,-0.002,-1.496,-11.874,-0.000,1.500,0.014
147.44,-11.860,-0.000,-1.497,-11.874,-0.000,1.500,0.015
147.46,-11.860,-0.000,-1.497,-11.874,-0.000,1.500,0.015
147.49,-11.859,0.001,-1.497,-11.874,-0.000,1.500,0.015
147.51,-11.859,0.001,-1.497,-11.874,-0.000,1.500,0.015
147.53,-11.859,0.001,-1.497,-11.874,-0.000,1.500,0.015
147.55,-11.858,0.003,-1.497,-11.874,-0.000,1.500,0.016
147.57,-11.858,0.003,-1.497,-11.874,-0.000,1.500,0.016
147.59,-11.858,0.004,-1.498,-11.874,-0.000,1.500,0.017
147.61,-11.858,0.004,-1.498,-11.874,-0.000,1.500,0.017
147.63,-11.857,0.004,-1.498,-11.874,-0.000,1.500,0.018
147.65,-11.857,0.004,-1.498,-11.874,-0.000,1.500,0.018
147.67,-11.856,0.006,-1.498,-11.874,-0.000,1.500,0.019
147.69,-11.856,0.006,-1.498,-11.874,-0.000,1.500,0.019
147.72,-11.855,0.007,-1.498,-11.874,-0.000,1.500,0.020
147.74,-11.855,0.007,-1.498,-11.874,-0.000,1.500,0.020
147.76,-11.854,0.008,-1.499,-11.874,-0.000,1.500,0.022
147.78,-11.854,0.008,-1.499,-11.874,-0.000,1.500,0.022
147.80,-11.853,0.009,-1.499,-11.874,-0.000,1.500,0.023
147.82,-11.853,0.009,-1.499,-11.874,-0.000,1.500,0.023
147.84,-11.852,0.010,-1.499,-11.874,-0.000,1.500,0.024
147.86,-11.852,0.010,-1.499,-11.874,-0.000,1.500,0.024
147.88,-11.852,0.011,-1.499,-11.874,-0.000,1.500,0.025
147.90,-11.852,0.011,-1.499,-11.874,-0.000,1.500,0.025
147.92,-11.851,0.012,-1.499,-11.874,-0.000,1.500,0.026
147.94,-11.851,0.012,-1.499,-11.874,-0.000,1.500,0.026
147.97,-11.851,0.012,-1.499,-11.874,-0.000,1.500,0.026
147.99,-11.851,0.012,-1.499,-11.874,-0.000,1.500,0.026
148.01,-11.851,0.013,-1.499,-11.874,-0.000,1.500,0.027
148.03,-11.851,0.013,-1.499,-11.874,-0.000,1.500,0.027
148.05,-11.851,0.013,-1.499,-11.874,-0.000,1.500,0.027
148.07,-11.851,0.013,-1.500,-11.874,-0.000,1.500,0.027
148.09,-11.851,0.013,-1.500,-11.874,-0.000,1.500,0.027
148.11,-11.851,0.013,-1.500,-11.874,-0.000,1.500,0.027
148.13,-11.851,0.013,-1.500,-11.874,-0.000,1.500,0.027
148.15,-11.851,0.013,-1.500,-11.874,-0.000,1.500,0.026
148.17,-11.851,0.013,-1.500,-11.874,-0.000,1.500,0.026
148.19,-11.852,0.013,-1.501,-11.874,-0.000,1.500,0.026
148.21,-11.852,0.013,-1.501,-11.874,-0.000,1.500,0.026
148.24,-11.853,0.012,-1.501,-11.874,-0.000,1.500,0.024
148.26,-11.853,0.012,-1.501,-11.874,-0.000,1.500,0.024
148.28,-11.854,0.012,-1.502,-11.874,-0.000,1.500,0.023
148.30,-11.854,0.012,-1.502,-11.874,-0.000,1.500,0.023
148.32,-11.856,0.011,-1.503,-11.874,-0.000,1.500,0.022
148.34,-11.856,0.011,-1.503,-11.874,-0.000,1.500,0.022
148.36,-11.857,0.010,-1.504,-11.874,-0.000,1.500,0.020
148.38,-11.857,0.010,-1.504,-11.874,-0.000,1.500,0.020
148.40,-11.859,0.009,-1.505,-11.874,-0.000,1.500,0.019
148.42,-11.859,0.009,-1.505,-11.874,-0.000,1.500,0.019
148.45,-11.860,0.008,-1.505,-11.874,-0.000,1.500,0.017
148.47,-11.860,0.008,-1.505,-11.874,-0.000,1.500,0.017
148.49,-11.862,0.008,-1.506,-11.874,-0.000,1.500,0.016
148.51,-11.862,0.008,-1.506,-11.874,-0.000,1.500,0.016
148.53,-11.862,0.008,-1.506,-11.874,-0.000,1.500,0.016
148.55,-11.865,0.006,-1.507,-11.874,-0.000,1.500,0.013
148.57,-11.865,0.006,-1.507,-11.874,-0.000,1.500,0.013
148.59,-11.867,0.005,-1.508,-11.874,-0.000,1.500,0.012
148.61,-11.867,0.005,-1.508,-11.874,-0.000,1.500,0.012
148.63,-11.869,0.005,-1.508,-11.874,-0.000,1.500,0.011
148.65,-11.869,0.005,-1.508,-11.874,-0.000,1.500,0.011
148.67,-11.870,0.004,-1.508,-11.874,-0.000,1.500,0.010
148.69,-11.870,0.004,-1.508,-11.874,-0.000,1.500,0.010
148.72,-11.872,0.004,-1.508,-11.874,-0.000,1.500,0.009
148.74,-11.872,0.004,-1.508,-11.874,-0.000,1.500,0.009
148.76,-11.874,0.004,-1.508,-11.874,-0.000,1.500,0.009
148.78,-11.874,0.004,-1.508,-11.874,-0.000,1.500,0.009
148.80,-11.876,0.004,-1.508,-11.874,-0.000,1.500,0.009
148.82,-11.876,0.004,-1.508,-11.874,-0.000,1.500,0.009
148.84,-11.878,0.004,-1.507,-11.874,-0.000,1.500,0.009
148.86,-11.878,0.004,-1.507,-11.874,-0.000,1.500,0.009
148.88,-11.880,0.005,-1.507,-11.874,-0.000,1.500,0.010
148.91,-11.880,0.005,-1.507,-11.874,-0.000,1.500,0.010
148.93,-11.881,0.005,-1.506,-11.874,-0.000,1.500,0.011
148.95,-11.881,0.005,-1.506,-11.874,-0.000,1.500,0.011
148.97,-11.883,0.006,-1.505,-11.874,-0.000,1.500,0.012
148.99,-11.883,0.006,-1.505,-11.874,-0.000,1.500,0.012
149.01,-11.884,0.006,-1.504,-11.874,-0.000,1.500,0.013
149.03,-11.884,0.006,-1.504,-11.874,-0.000,1.500,0.013
149.05,-11.884,0.006,-1.504,-11.874,-0.000,1.500,0.013
149.07,-11.886,0.007,-1.503,-11.874,-0.000,1.500,0.014
149.09,-11.886,0.007,-1.503,-11.874,-0.000,1.500,0.014
149.11,-11.887,0.007,-1.502,-11.874,-0.000,1.500,0.015
149.13,-11.887,0.007,-1.502,-11.874,-0.000,1.500,0.015
149.15,-11.888,0.008,-1.502,-11.874,-0.000,1.500,0.016
149.18,-11.888,0.008,-1.502,-11.874,-0.000,1.500,0.016
149.20,-11.889,0.008,-1.501,-11.874,-0.000,1.500,0.017
149.22,-11.889,0.008,-1.501,-11.874,-0.000,1.500,0.017
149.24,-11.889,0.008,-1.501,-11.874,-0.000,1.500,0.017
149.26,-11.889,0.008,-1.501,-11.874,-0.000,1.500,0.017
149.28,-11.889,0.008,-1.500,-11.874,-0.000,1.500,0.017
149.30,-11.889,0.008,-1.500,-11.874,-0.000,1.500,0.017
149.32,-11.889,0.008,-1.500,-11.874,-0.000,1.500,0.017
149.34,-11.889,0.008,-1.500,-11.874,-0.000,1.500,0.017
149.36,-11.889,0.008,-1.500,-11.874,-0.000,1.500,0.016
149.38,-11.889,0.008,-1.500,-11.874,-0.000,1.500,0.016
149.40,-11.888,0.007,-1.499,-11.874,-0.000,1.500,0.016
149.43,-11.888,0.007,-1.499,-11.874,-0.000,1.500,0.016
149.45,-11.888,0.007,-1.499,-11.874,-0.000,1.500,0.016
149.47,-11.888,0.007,-1.499,-11.874,-0.000,1.500,0.016
149.49,-11.888,0.006,-1.498,-11.874,-0.000,1.500,0.015
149.51,-11.888,0.006,-1.498,-11.874,-0.000,1.500,0.015
149.53,-11.888,0.006,-1.498,-11.874,-0.000,1.500,0.015
149.55,-11.887,0.006,-1.497,-11.874,-0.000,1.500,0.015
149.57,-11.887,0.006,-1.497,-11.874,-0.000,1.500,0.015
149.59,-11.887,0.006,-1.496,-11.874,-0.000,1.500,0.015
149.61,-11.887,0.006,-1.496,-11.874,-0.000,1.500,0.015
149.63,-11.887,0.005,-1.495,-11.874,-0.000,1.500,0.015
149.65,-11.887,0.005,-1.495,-11.874,-0.000,1.500,0.015
149.68,-11.887,0.005,-1.494,-11.874,-0.000,1.500,0.015
149.70,-11.887,0.005,-1.494,-11.874,-0.000,1.500,0.015
149.72,-11.886,0.004,-1.494,-11.874,-0.000,1.500,0.014
149.74,-11.886,0.004,-1.494,-11.874,-0.000,1.500,0.014
149.76,-11.886,0.003,-1.493,-11.874,-0.000,1.500,0.014
149.78,-11.886,0.003,-1.493,-11.874,-0.000,1.500,0.014
149.80,-11.886,0.003,-1.493,-11.874,-0.000,1.500,0.014
149.82,-11.886,0.003,-1.493,-11.874,-0.000,1.500,0.014
149.84,-11.885,0.002,-1.493,-11.874,-0.000,1.500,0.013
149.86,-11.885,0.002,-1.493,-11.874,-0.000,1.500,0.013
149.88,-11.885,0.002,-1.492,-11.874,-0.000,1.500,0.013
149.90,-11.885,0.002,-1.492,-11.874,-0.000,1.500,0.013
149.93,-11.884,0.001,-1.492,-11.874,-0.000,1.500,0.013
149.95,-11.884,0.001,-1.492,-11.874,-0.000,1.500,0.013
149.97,-11.884,0.001,-1.492,-11.874,-0.000,1.500,0.012
149.99,-11.884,0.001,-1.492,-11.874,-0.000,1.500,0.012