t,px,py,pz,ex,ey,ez,err
0.00,-8.005,-0.527,-0.002,1.269,6.035,1.500,11.460
0.02,-8.005,-0.527,-0.002,1.265,6.035,1.500,11.456
0.04,-8.005,-0.527,-0.002,1.265,6.035,1.500,11.456
0.07,-8.005,-0.527,-0.002,1.265,6.035,1.500,11.456
0.09,-8.005,-0.527,-0.002,1.265,6.035,1.500,11.456
0.11,-8.005,-0.527,-0.002,1.257,6.034,1.500,11.449
0.13,-8.005,-0.527,-0.002,1.257,6.034,1.500,11.449
0.15,-8.006,-0.526,-0.002,1.255,6.034,1.500,11.448
0.17,-8.006,-0.526,-0.002,1.255,6.034,1.500,11.448
0.20,-8.006,-0.526,-0.002,1.251,6.033,1.500,11.444
0.22,-8.006,-0.526,-0.002,1.251,6.033,1.500,11.444
0.24,-8.006,-0.526,-0.001,1.251,6.033,1.500,11.444
0.26,-8.006,-0.526,-0.001,1.251,6.033,1.500,11.444
0.28,-8.006,-0.525,-0.001,1.243,6.033,1.500,11.437
0.30,-8.006,-0.525,-0.001,1.243,6.033,1.500,11.437
0.32,-8.007,-0.525,-0.001,1.241,6.033,1.500,11.436
0.35,-8.007,-0.525,-0.001,1.241,6.033,1.500,11.436
0.37,-8.007,-0.524,-0.001,1.237,6.032,1.500,11.432
0.39,-8.007,-0.524,-0.001,1.237,6.032,1.500,11.432
0.41,-8.007,-0.523,-0.001,1.237,6.032,1.500,11.431
0.43,-8.007,-0.523,-0.001,1.237,6.032,1.500,11.431
0.45,-8.007,-0.523,-0.001,1.229,6.031,1.500,11.424
0.47,-8.007,-0.523,-0.001,1.229,6.031,1.500,11.424
0.50,-8.007,-0.522,-0.000,1.201,6.029,1.500,11.399
0.52,-8.007,-0.522,-0.000,1.201,6.029,1.500,11.399
0.54,-8.007,-0.521,-0.000,1.144,6.023,1.500,11.350
0.56,-8.007,-0.521,-0.000,1.144,6.023,1.500,11.350
0.58,-8.007,-0.521,-0.000,1.144,6.023,1.500,11.350
0.60,-8.006,-0.519,0.001,1.082,6.017,1.500,11.294
0.62,-8.006,-0.519,0.001,1.082,6.017,1.500,11.294
0.64,-8.006,-0.518,0.001,1.016,6.010,1.500,11.237
0.67,-8.006,-0.518,0.001,1.016,6.010,1.500,11.237
0.69,-8.005,-0.517,0.002,0.959,6.004,1.500,11.186
0.71,-8.005,-0.517,0.002,0.959,6.004,1.500,11.186
0.73,-8.005,-0.516,0.003,0.900,5.997,1.500,11.134
0.75,-8.005,-0.516,0.003,0.900,5.997,1.500,11.134
0.78,-8.004,-0.515,0.003,0.837,5.990,1.500,11.079
0.80,-8.004,-0.515,0.003,0.837,5.990,1.500,11.079
0.82,-8.003,-0.515,0.004,0.770,5.983,1.500,11.021
0.84,-8.003,-0.515,0.004,0.770,5.983,1.500,11.021
0.86,-8.002,-0.514,0.005,0.706,5.975,1.500,10.964
0.88,-8.002,-0.514,0.005,0.706,5.975,1.500,10.964
0.90,-8.002,-0.514,0.006,0.646,5.968,1.500,10.912
0.93,-8.002,-0.514,0.006,0.646,5.968,1.500,10.912
0.95,-8.001,-0.513,0.007,0.578,5.960,1.500,10.852
0.97,-8.001,-0.513,0.007,0.578,5.960,1.500,10.852
0.99,-8.000,-0.513,0.007,0.520,5.953,1.500,10.801
1.01,-8.000,-0.513,0.007,0.520,5.953,1.500,10.801
1.03,-7.999,-0.512,0.008,0.424,5.941,1.500,10.718
1.05,-7.999,-0.512,0.008,0.424,5.941,1.500,10.718
1.07,-7.999,-0.512,0.008,0.424,5.941,1.500,10.718
1.10,-7.998,-0.511,0.010,0.355,5.932,1.500,10.656
1.12,-7.998,-0.511,0.010,0.355,5.932,1.500,10.656
1.14,-7.997,-0.511,0.011,0.295,5.924,1.500,10.604
1.16,-7.997,-0.511,0.011,0.295,5.924,1.500,10.604
1.18,-7.996,-0.510,0.012,0.235,5.916,1.500,10.551
1.20,-7.996,-0.510,0.012,0.235,5.916,1.500,10.551
1.22,-7.995,-0.509,0.013,0.167,5.907,1.500,10.491
1.25,-7.995,-0.509,0.013,0.167,5.907,1.500,10.491
1.27,-7.994,-0.509,0.014,0.098,5.898,1.500,10.432
1.29,-7.994,-0.509,0.014,0.098,5.898,1.500,10.432
1.31,-7.994,-0.508,0.015,0.032,5.889,1.500,10.374
1.33,-7.994,-0.508,0.015,0.032,5.889,1.500,10.374
1.35,-7.993,-0.508,0.015,-0.038,5.879,1.500,10.314
1.37,-7.993,-0.508,0.015,-0.038,5.879,1.500,10.314
1.39,-7.993,-0.507,0.016,-0.099,5.871,1.500,10.261
1.42,-7.993,-0.507,0.016,-0.099,5.871,1.500,10.261
1.44,-7.993,-0.506,0.017,-0.160,5.862,1.500,10.208
1.46,-7.993,-0.506,0.017,-0.160,5.862,1.500,10.208
1.48,-7.993,-0.506,0.018,-0.227,5.853,1.500,10.151
1.50,-7.993,-0.506,0.018,-0.227,5.853,1.500,10.151
1.52,-7.992,-0.505,0.018,-0.327,5.839,1.500,10.065
1.54,-7.992,-0.505,0.018,-0.327,5.839,1.500,10.065
1.56,-7.992,-0.505,0.018,-0.327,5.839,1.500,10.065
1.58,-7.992,-0.503,0.020,-0.390,5.830,1.500,10.011
1.60,-7.992,-0.503,0.020,-0.390,5.830,1.500,10.011
1.63,-7.992,-0.503,0.020,-0.455,5.821,1.500,9.955
1.65,-7.992,-0.503,0.020,-0.455,5.821,1.500,9.955
1.67,-7.992,-0.502,0.021,-0.525,5.811,1.500,9.895
1.69,-7.992,-0.502,0.021,-0.525,5.811,1.500,9.895
1.71,-7.991,-0.501,0.022,-0.586,5.802,1.500,9.843
1.73,-7.991,-0.501,0.022,-0.586,5.802,1.500,9.843
1.75,-7.991,-0.499,0.022,-0.648,5.793,1.500,9.789
1.77,-7.991,-0.499,0.022,-0.648,5.793,1.500,9.789
1.79,-7.991,-0.498,0.023,-0.714,5.783,1.500,9.733
1.82,-7.991,-0.498,0.023,-0.714,5.783,1.500,9.733
1.84,-7.990,-0.497,0.024,-0.784,5.773,1.500,9.673
1.86,-7.990,-0.497,0.024,-0.784,5.773,1.500,9.673
1.88,-7.990,-0.495,0.025,-0.845,5.764,1.500,9.621
1.90,-7.990,-0.495,0.025,-0.845,5.764,1.500,9.621
1.92,-7.989,-0.494,0.026,-0.907,5.755,1.500,9.567
1.94,-7.989,-0.494,0.026,-0.907,5.755,1.500,9.567
1.96,-7.989,-0.493,0.026,-0.973,5.746,1.500,9.511
1.99,-7.989,-0.493,0.026,-0.973,5.746,1.500,9.511
2.01,-7.989,-0.492,0.027,-1.072,5.731,1.500,9.428
2.03,-7.989,-0.492,0.027,-1.072,5.731,1.500,9.428
2.05,-7.988,-0.490,0.027,-1.133,5.722,1.500,9.377
2.07,-7.988,-0.490,0.027,-1.133,5.722,1.500,9.377
2.10,-7.988,-0.490,0.027,-1.133,5.722,1.500,9.377
2.12,-7.988,-0.489,0.028,-1.194,5.714,1.500,9.326
2.14,-7.988,-0.489,0.028,-1.194,5.714,1.500,9.326
2.16,-7.988,-0.489,0.028,-1.260,5.704,1.500,9.270
2.18,-7.988,-0.489,0.028,-1.260,5.704,1.500,9.270
2.20,-7.988,-0.488,0.027,-1.329,5.694,1.500,9.213
2.22,-7.988,-0.488,0.027,-1.329,5.694,1.500,9.213
2.25,-7.988,-0.487,0.027,-1.388,5.685,1.500,9.164
2.27,-7.988,-0.487,0.027,-1.388,5.685,1.500,9.164
2.29,-7.988,-0.487,0.026,-1.447,5.676,1.500,9.116
2.31,-7.988,-0.487,0.026,-1.447,5.676,1.500,9.116
2.33,-7.989,-0.487,0.026,-1.507,5.667,1.500,9.067
2.35,-7.989,-0.487,0.026,-1.507,5.667,1.500,9.067
2.37,-7.989,-0.487,0.025,-1.569,5.658,1.500,9.016
2.40,-7.989,-0.487,0.025,-1.569,5.658,1.500,9.016
2.42,-7.990,-0.486,0.024,-1.636,5.648,1.500,8.962
2.44,-7.990,-0.486,0.024,-1.636,5.648,1.500,8.962
2.46,-7.990,-0.486,0.023,-1.693,5.639,1.500,8.916
2.48,-7.990,-0.486,0.023,-1.693,5.639,1.500,8.916
2.50,-7.991,-0.485,0.023,-1.751,5.631,1.500,8.868
2.52,-7.991,-0.485,0.023,-1.751,5.631,1.500,8.868
2.55,-7.991,-0.485,0.022,-1.849,5.616,1.500,8.790
2.57,-7.991,-0.485,0.022,-1.849,5.616,1.500,8.790
2.59,-7.991,-0.485,0.022,-1.849,5.616,1.500,8.790
2.61,-7.993,-0.484,0.021,-1.912,5.607,1.500,8.740
2.63,-7.993,-0.484,0.021,-1.912,5.607,1.500,8.740
2.65,-7.993,-0.484,0.020,-1.977,5.597,1.500,8.688
2.67,-7.993,-0.484,0.020,-1.977,5.597,1.500,8.688
2.70,-7.994,-0.484,0.019,-2.034,5.589,1.500,8.644
2.72,-7.994,-0.484,0.019,-2.034,5.589,1.500,8.644
2.74,-7.995,-0.484,0.018,-2.091,5.581,1.500,8.598
2.76,-7.995,-0.484,0.018,-2.091,5.581,1.500,8.598
2.78,-7.995,-0.482,0.016,-2.154,5.572,1.500,8.548
2.80,-7.995,-0.482,0.016,-2.154,5.572,1.500,8.548
2.82,-7.994,-0.480,0.014,-2.220,5.563,1.500,8.494
2.84,-7.994,-0.480,0.014,-2.220,5.563,1.500,8.494
2.86,-7.993,-0.476,0.012,-2.277,5.555,1.500,8.446
2.89,-7.993,-0.476,0.012,-2.277,5.555,1.500,8.446
2.91,-7.992,-0.471,0.008,-2.340,5.546,1.500,8.392
2.93,-7.992,-0.471,0.008,-2.340,5.546,1.500,8.392
2.95,-7.990,-0.465,0.004,-2.398,5.538,1.500,8.341
2.97,-7.990,-0.465,0.004,-2.398,5.538,1.500,8.341
2.99,-7.987,-0.457,-0.001,-2.464,5.530,1.500,8.281
3.01,-7.987,-0.457,-0.001,-2.464,5.530,1.500,8.281
3.03,-7.982,-0.446,-0.008,-2.497,5.525,1.500,8.244
3.05,-7.982,-0.446,-0.008,-2.497,5.525,1.500,8.244
3.08,-7.982,-0.446,-0.008,-2.497,5.525,1.500,8.244
3.10,-7.975,-0.428,-0.016,-2.569,5.516,1.500,8.171
3.12,-7.975,-0.428,-0.016,-2.569,5.516,1.500,8.171
3.14,-7.971,-0.418,-0.020,-2.626,5.509,1.500,8.117
3.16,-7.971,-0.418,-0.020,-2.626,5.509,1.500,8.117
3.18,-7.963,-0.398,-0.026,-2.683,5.502,1.500,8.053
3.20,-7.963,-0.398,-0.026,-2.683,5.502,1.500,8.053
3.22,-7.955,-0.381,-0.030,-2.745,5.494,1.500,7.989
3.24,-7.955,-0.381,-0.030,-2.745,5.494,1.500,7.989
3.27,-7.946,-0.360,-0.033,-2.801,5.488,1.500,7.926
3.29,-7.946,-0.360,-0.033,-2.801,5.488,1.500,7.926
3.31,-7.934,-0.334,-0.035,-2.864,5.480,1.500,7.852
3.33,-7.934,-0.334,-0.035,-2.864,5.480,1.500,7.852
3.35,-7.918,-0.304,-0.036,-2.918,5.474,1.500,7.780
3.37,-7.918,-0.304,-0.036,-2.918,5.474,1.500,7.780
3.39,-7.897,-0.267,-0.036,-2.970,5.467,1.500,7.701
3.41,-7.897,-0.267,-0.036,-2.970,5.467,1.500,7.701
3.44,-7.865,-0.216,-0.035,-3.027,5.461,1.500,7.602
3.46,-7.865,-0.216,-0.035,-3.027,5.461,1.500,7.602
3.48,-7.833,-0.167,-0.033,-3.084,5.454,1.500,7.504
3.50,-7.833,-0.167,-0.033,-3.084,5.454,1.500,7.504
3.52,-7.796,-0.112,-0.031,-3.156,5.446,1.500,7.388
3.54,-7.796,-0.112,-0.031,-3.156,5.446,1.500,7.388
3.56,-7.736,-0.026,-0.028,-3.204,5.441,1.500,7.253
3.58,-7.736,-0.026,-0.028,-3.204,5.441,1.500,7.253
3.60,-7.736,-0.026,-0.028,-3.204,5.441,1.500,7.253
3.62,-7.669,0.070,-0.026,-3.253,5.436,1.500,7.104
3.65,-7.669,0.070,-0.026,-3.253,5.436,1.500,7.104
3.67,-7.617,0.145,-0.026,-3.303,5.430,1.500,6.979
3.69,-7.617,0.145,-0.026,-3.303,5.430,1.500,6.979
3.71,-7.563,0.226,-0.027,-3.346,5.426,1.500,6.854
3.73,-7.563,0.226,-0.027,-3.346,5.426,1.500,6.854
3.75,-7.494,0.331,-0.029,-3.388,5.421,1.500,6.703
3.78,-7.494,0.331,-0.029,-3.388,5.421,1.500,6.703
3.80,-7.414,0.304,-0.041,-3.431,5.417,1.500,6.643
3.82,-7.414,0.304,-0.041,-3.431,5.417,1.500,6.643
3.84,-7.310,0.155,-0.059,-3.476,5.413,1.500,6.664
3.86,-7.310,0.155,-0.059,-3.476,5.413,1.500,6.664
3.88,-7.153,-0.053,-0.076,-3.513,5.409,1.500,6.716
3.90,-7.153,-0.053,-0.076,-3.513,5.409,1.500,6.716
3.93,-7.039,-0.196,-0.083,-3.550,5.405,1.500,6.749
3.95,-7.039,-0.196,-0.083,-3.550,5.405,1.500,6.749
3.97,-6.926,-0.335,-0.090,-3.587,5.402,1.500,6.786
3.99,-6.926,-0.335,-0.090,-3.587,5.402,1.500,6.786
4.01,-6.808,-0.472,-0.097,-3.624,5.398,1.500,6.824
4.03,-6.808,-0.472,-0.097,-3.624,5.398,1.500,6.824
4.05,-6.707,-0.583,-0.102,-3.701,5.392,1.500,6.833
4.07,-6.707,-0.583,-0.102,-3.701,5.392,1.500,6.833
4.09,-6.707,-0.583,-0.102,-3.701,5.392,1.500,6.833
4.12,-6.452,-0.832,-0.112,-3.735,5.389,1.500,6.929
4.14,-6.452,-0.832,-0.112,-3.735,5.389,1.500,6.929
4.16,-6.301,-0.965,-0.117,-3.768,5.386,1.500,6.976
4.18,-6.301,-0.965,-0.117,-3.768,5.386,1.500,6.976
4.20,-6.146,-1.097,-0.122,-3.808,5.383,1.500,7.025
4.22,-6.146,-1.097,-0.122,-3.808,5.383,1.500,7.025
4.24,-5.958,-1.258,-0.128,-3.841,5.380,1.500,7.102
4.26,-5.958,-1.258,-0.128,-3.841,5.380,1.500,7.102
4.28,-5.797,-1.397,-0.130,-3.874,5.378,1.500,7.174
4.31,-5.797,-1.397,-0.130,-3.874,5.378,1.500,7.174
4.33,-5.632,-1.538,-0.131,-3.909,5.375,1.500,7.255
4.35,-5.632,-1.538,-0.131,-3.909,5.375,1.500,7.255
4.37,-5.466,-1.680,-0.131,-3.947,5.372,1.500,7.343
4.39,-5.466,-1.680,-0.131,-3.947,5.372,1.500,7.343
4.41,-5.268,-1.849,-0.130,-3.981,5.370,1.500,7.460
4.43,-5.268,-1.849,-0.130,-3.981,5.370,1.500,7.460
4.46,-5.107,-1.993,-0.128,-4.017,5.367,1.500,7.566
4.48,-5.107,-1.993,-0.128,-4.017,5.367,1.500,7.566
4.50,-4.921,-2.171,-0.122,-4.054,5.365,1.500,7.710
4.52,-4.921,-2.171,-0.122,-4.054,5.365,1.500,7.710
4.54,-4.787,-2.309,-0.111,-4.113,5.361,1.500,7.823
4.56,-4.787,-2.309,-0.111,-4.113,5.361,1.500,7.823
4.58,-4.817,-2.307,-0.096,-4.150,5.359,1.500,7.821
4.60,-4.817,-2.307,-0.096,-4.150,5.359,1.500,7.821
4.63,-4.817,-2.307,-0.096,-4.150,5.359,1.500,7.821
4.65,-4.874,-2.311,-0.120,-4.191,5.356,1.500,7.820
4.67,-4.874,-2.311,-0.120,-4.191,5.356,1.500,7.820
4.69,-4.904,-2.313,-0.129,-4.235,5.353,1.500,7.816
4.71,-4.904,-2.313,-0.129,-4.235,5.353,1.500,7.816
4.73,-4.959,-2.322,-0.138,-4.274,5.351,1.500,7.823
4.75,-4.959,-2.322,-0.138,-4.274,5.351,1.500,7.823
4.77,-4.995,-2.326,-0.140,-4.313,5.349,1.500,7.824
4.80,-4.995,-2.326,-0.140,-4.313,5.349,1.500,7.824
4.82,-5.026,-2.338,-0.151,-4.357,5.346,1.500,7.830
4.84,-5.026,-2.338,-0.151,-4.357,5.346,1.500,7.830
4.86,-5.022,-2.459,-0.338,-4.398,5.344,1.500,7.914
4.88,-5.022,-2.459,-0.338,-4.398,5.344,1.500,7.914
4.90,-5.023,-2.601,-0.546,-4.445,5.341,1.500,8.020
4.92,-5.023,-2.601,-0.546,-4.445,5.341,1.500,8.020
4.95,-5.028,-2.719,-0.704,-4.487,5.339,1.500,8.115
4.97,-5.028,-2.719,-0.704,-4.487,5.339,1.500,8.115
4.99,-5.041,-2.837,-0.844,-4.534,5.336,1.500,8.215
5.01,-5.041,-2.837,-0.844,-4.534,5.336,1.500,8.215
5.03,-5.063,-2.948,-0.967,-4.571,5.334,1.500,8.314
5.05,-5.063,-2.948,-0.967,-4.571,5.334,1.500,8.314
5.07,-5.094,-3.052,-1.074,-4.636,5.331,1.500,8.406
5.09,-5.094,-3.052,-1.074,-4.636,5.331,1.500,8.406
5.11,-5.094,-3.052,-1.074,-4.636,5.331,1.500,8.406
5.14,-5.157,-3.205,-1.212,-4.679,5.329,1.500,8.552
5.16,-5.157,-3.205,-1.212,-4.679,5.329,1.500,8.552
5.18,-5.213,-3.310,-1.291,-4.734,5.326,1.500,8.651
5.20,-5.213,-3.310,-1.291,-4.734,5.326,1.500,8.651
5.22,-5.253,-3.375,-1.333,-4.778,5.324,1.500,8.714
5.24,-5.253,-3.375,-1.333,-4.778,5.324,1.500,8.714
5.26,-5.329,-3.485,-1.390,-4.821,5.322,1.500,8.822
5.28,-5.329,-3.485,-1.390,-4.821,5.322,1.500,8.822
5.30,-5.392,-3.560,-1.415,-4.866,5.320,1.500,8.895
5.32,-5.392,-3.560,-1.415,-4.866,5.320,1.500,8.895
5.35,-5.463,-3.629,-1.429,-4.914,5.318,1.500,8.963
5.37,-5.463,-3.629,-1.429,-4.914,5.318,1.500,8.963
5.39,-5.542,-3.691,-1.431,-4.964,5.315,1.500,9.025
5.41,-5.542,-3.691,-1.431,-4.964,5.315,1.500,9.025
5.43,-5.629,-3.745,-1.427,-5.007,5.313,1.500,9.080
5.45,-5.629,-3.745,-1.427,-5.007,5.313,1.500,9.080
5.47,-5.721,-3.792,-1.417,-5.055,5.311,1.500,9.128
5.49,-5.721,-3.792,-1.417,-5.055,5.311,1.500,9.128
5.51,-5.820,-3.831,-1.402,-5.098,5.310,1.500,9.170
5.53,-5.820,-3.831,-1.402,-5.098,5.310,1.500,9.170
5.56,-5.942,-3.872,-1.377,-5.168,5.307,1.500,9.213
5.58,-5.942,-3.872,-1.377,-5.168,5.307,1.500,9.213
5.60,-5.942,-3.872,-1.377,-5.168,5.307,1.500,9.213
5.62,-6.112,-3.920,-1.334,-5.210,5.306,1.500,9.271
5.64,-6.112,-3.920,-1.334,-5.210,5.306,1.500,9.271
5.66,-6.245,-3.951,-1.292,-5.253,5.304,1.500,9.310
5.68,-6.245,-3.951,-1.292,-5.253,5.304,1.500,9.310
5.70,-6.357,-3.973,-1.250,-5.297,5.303,1.500,9.340
5.72,-6.357,-3.973,-1.250,-5.297,5.303,1.500,9.340
5.75,-6.469,-3.992,-1.203,-5.344,5.301,1.500,9.366
5.77,-6.469,-3.992,-1.203,-5.344,5.301,1.500,9.366
5.79,-6.581,-4.007,-1.150,-5.385,5.300,1.500,9.390
5.81,-6.581,-4.007,-1.150,-5.385,5.300,1.500,9.390
5.83,-6.690,-4.015,-1.092,-5.425,5.299,1.500,9.408
5.85,-6.690,-4.015,-1.092,-5.425,5.299,1.500,9.408
5.87,-6.799,-4.014,-1.026,-5.466,5.298,1.500,9.419
5.90,-6.799,-4.014,-1.026,-5.466,5.298,1.500,9.419
5.92,-6.905,-4.004,-0.950,-5.508,5.296,1.500,9.421
5.94,-6.905,-4.004,-0.950,-5.508,5.296,1.500,9.421
5.96,-7.010,-3.985,-0.865,-5.553,5.295,1.500,9.415
5.98,-7.010,-3.985,-0.865,-5.553,5.295,1.500,9.415
6.00,-7.050,-4.006,-0.681,-5.592,5.295,1.500,9.450
6.02,-7.050,-4.006,-0.681,-5.592,5.295,1.500,9.450
6.04,-7.070,-4.018,-0.507,-5.657,5.294,1.500,9.470
6.06,-7.070,-4.018,-0.507,-5.657,5.294,1.500,9.470
6.09,-7.073,-4.023,-0.311,-5.698,5.293,1.500,9.492
6.11,-7.073,-4.023,-0.311,-5.698,5.293,1.500,9.492
6.13,-7.073,-4.023,-0.311,-5.698,5.293,1.500,9.492
6.15,-6.755,-4.082,0.247,-5.741,5.292,1.500,9.589
6.17,-6.755,-4.082,0.247,-5.741,5.292,1.500,9.589
6.19,-6.441,-4.124,0.608,-5.779,5.292,1.500,9.671
6.21,-6.441,-4.124,0.608,-5.779,5.292,1.500,9.671
6.23,-6.128,-4.149,0.938,-5.817,5.291,1.500,9.755
6.25,-6.128,-4.149,0.938,-5.817,5.291,1.500,9.755
6.28,-5.822,-4.153,1.230,-5.858,5.291,1.500,9.831
6.30,-5.822,-4.153,1.230,-5.858,5.291,1.500,9.831
6.32,-5.519,-4.108,1.420,-5.901,5.291,1.500,9.849
6.34,-5.519,-4.108,1.420,-5.901,5.291,1.500,9.849
6.36,-5.158,-3.982,1.501,-5.938,5.291,1.500,9.777
6.38,-5.158,-3.982,1.501,-5.938,5.291,1.500,9.777
6.40,-4.886,-3.709,1.378,-5.980,5.290,1.500,9.512
6.42,-4.886,-3.709,1.378,-5.980,5.290,1.500,9.512
6.44,-4.722,-3.199,1.096,-6.018,5.290,1.500,8.972
6.46,-4.722,-3.199,1.096,-6.018,5.290,1.500,8.972
6.49,-4.563,-2.655,0.767,-6.061,5.290,1.500,8.397
6.51,-4.563,-2.655,0.767,-6.061,5.290,1.500,8.397
6.53,-4.378,-1.978,0.338,-6.100,5.291,1.500,7.693
6.55,-4.378,-1.978,0.338,-6.100,5.291,1.500,7.693
6.57,-4.257,-1.345,-0.069,-6.157,5.291,1.500,7.049
6.59,-4.257,-1.345,-0.069,-6.157,5.291,1.500,7.049
6.61,-4.257,-1.345,-0.069,-6.157,5.291,1.500,7.049
6.63,-4.269,-0.757,-0.439,-6.200,5.291,1.500,6.437
6.65,-4.269,-0.757,-0.439,-6.200,5.291,1.500,6.437
6.67,-4.269,-0.757,-0.439,-6.200,5.291,1.500,6.437
6.69,-4.439,-0.313,-0.697,-6.239,5.292,1.500,5.941
6.72,-4.439,-0.313,-0.697,-6.239,5.292,1.500,5.941
6.74,-4.701,-0.034,-0.844,-6.284,5.292,1.500,5.594
6.76,-4.701,-0.034,-0.844,-6.284,5.292,1.500,5.594
6.78,-4.988,0.139,-0.925,-6.324,5.292,1.500,5.354
6.80,-4.988,0.139,-0.925,-6.324,5.292,1.500,5.354
6.82,-5.327,0.266,-0.977,-6.367,5.293,1.500,5.160
6.84,-5.327,0.266,-0.977,-6.367,5.293,1.500,5.160
6.87,-5.790,0.365,-1.008,-6.407,5.294,1.500,4.991
6.89,-5.790,0.365,-1.008,-6.407,5.294,1.500,4.991
6.91,-6.123,0.405,-1.012,-6.454,5.294,1.500,4.925
6.93,-6.123,0.405,-1.012,-6.454,5.294,1.500,4.925
6.95,-6.736,0.439,-0.988,-6.494,5.295,1.500,4.889
6.97,-6.736,0.439,-0.988,-6.494,5.295,1.500,4.889
6.99,-7.190,0.444,-0.948,-6.535,5.296,1.500,4.927
7.01,-7.190,0.444,-0.948,-6.535,5.296,1.500,4.927
7.03,-7.648,0.443,-0.891,-6.580,5.297,1.500,5.007
7.05,-7.648,0.443,-0.891,-6.580,5.297,1.500,5.007
7.08,-7.648,0.443,-0.891,-6.580,5.297,1.500,5.007
7.10,-8.287,0.448,-0.778,-6.637,5.298,1.500,5.174
7.12,-8.287,0.448,-0.778,-6.637,5.298,1.500,5.174
7.14,-8.287,0.448,-0.778,-6.637,5.298,1.500,5.174
7.16,-9.101,0.481,-0.574,-6.705,5.300,1.500,5.461
7.18,-9.101,0.481,-0.574,-6.705,5.300,1.500,5.461
7.20,-9.550,0.523,-0.434,-6.747,5.301,1.500,5.641
7.22,-9.550,0.523,-0.434,-6.747,5.301,1.500,5.641
7.25,-9.996,0.588,-0.275,-6.790,5.302,1.500,5.832
7.27,-9.996,0.588,-0.275,-6.790,5.302,1.500,5.832
7.29,-10.438,0.679,-0.096,-6.834,5.304,1.500,6.029
7.31,-10.438,0.679,-0.096,-6.834,5.304,1.500,6.029
7.33,-10.765,0.987,0.193,-6.882,5.305,1.500,6.049
7.35,-10.765,0.987,0.193,-6.882,5.305,1.500,6.049
7.37,-10.840,1.302,0.434,-6.924,5.306,1.500,5.926
7.39,-10.840,1.302,0.434,-6.924,5.306,1.500,5.926
7.41,-10.918,1.636,0.712,-6.966,5.308,1.500,5.830
7.44,-10.918,1.636,0.712,-6.966,5.308,1.500,5.830
7.46,-10.970,1.895,0.965,-7.011,5.309,1.500,5.780
7.48,-10.970,1.895,0.965,-7.011,5.309,1.500,5.780
7.50,-11.041,2.201,1.334,-7.058,5.311,1.500,5.793
7.52,-11.041,2.201,1.334,-7.058,5.311,1.500,5.793
7.54,-11.173,2.331,1.609,-7.120,5.313,1.500,5.915
7.56,-11.173,2.331,1.609,-7.120,5.313,1.500,5.915
7.58,-11.173,2.331,1.609,-7.120,5.313,1.500,5.915
7.61,-11.518,2.344,1.993,-7.185,5.316,1.500,6.310
7.63,-11.518,2.344,1.993,-7.185,5.316,1.500,6.310
7.65,-11.815,2.269,2.189,-7.226,5.318,1.500,6.630
7.67,-11.815,2.269,2.189,-7.226,5.318,1.500,6.630
7.69,-11.815,2.269,2.189,-7.226,5.318,1.500,6.630
7.71,-12.456,2.019,2.421,-7.272,5.320,1.500,7.290
7.73,-12.456,2.019,2.421,-7.272,5.320,1.500,7.290
7.75,-12.456,2.019,2.421,-7.272,5.320,1.500,7.290
7.77,-12.976,1.776,2.494,-7.313,5.321,1.500,7.784
7.79,-12.976,1.776,2.494,-7.313,5.321,1.500,7.784
7.81,-13.408,1.575,2.491,-7.357,5.323,1.500,8.160
7.84,-13.408,1.575,2.491,-7.357,5.323,1.500,8.160
7.86,-13.695,1.447,2.460,-7.397,5.325,1.500,8.390
7.88,-13.695,1.447,2.460,-7.397,5.325,1.500,8.390
7.90,-14.118,1.265,2.380,-7.443,5.328,1.500,8.725
7.92,-14.118,1.265,2.380,-7.443,5.328,1.500,8.725
7.94,-14.547,1.103,2.270,-7.483,5.330,1.500,9.054
7.96,-14.547,1.103,2.270,-7.483,5.330,1.500,9.054
7.98,-14.906,0.987,2.162,-7.526,5.332,1.500,9.314
8.00,-14.906,0.987,2.162,-7.526,5.332,1.500,9.314
8.03,-15.191,0.914,2.068,-7.566,5.334,1.500,9.508
8.05,-15.191,0.914,2.068,-7.566,5.334,1.500,9.508
8.07,-15.671,0.816,1.897,-7.631,5.337,1.500,9.830
8.09,-15.671,0.816,1.897,-7.631,5.337,1.500,9.830
8.11,-15.994,0.746,1.779,-7.672,5.340,1.500,10.055
8.13,-15.994,0.746,1.779,-7.672,5.340,1.500,10.055
8.15,-16.308,0.684,1.662,-7.735,5.343,1.500,10.257
8.17,-16.308,0.684,1.662,-7.735,5.343,1.500,10.257
8.19,-16.308,0.684,1.662,-7.735,5.343,1.500,10.257
8.21,-16.701,0.617,1.510,-7.800,5.347,1.500,10.520
8.24,-16.701,0.617,1.510,-7.800,5.347,1.500,10.520
8.26,-16.939,0.577,1.411,-7.839,5.350,1.500,10.680
8.28,-16.939,0.577,1.411,-7.839,5.350,1.500,10.680
8.30,-17.185,0.564,1.301,-7.878,5.352,1.500,10.835
8.32,-17.185,0.564,1.301,-7.878,5.352,1.500,10.835
8.34,-17.381,0.560,1.203,-7.918,5.355,1.500,10.948
8.36,-17.381,0.560,1.203,-7.918,5.355,1.500,10.948
8.38,-17.495,0.563,1.143,-7.960,5.358,1.500,10.996
8.40,-17.495,0.563,1.143,-7.960,5.358,1.500,10.996
8.43,-17.649,0.597,1.046,-8.005,5.361,1.500,11.054
8.45,-17.649,0.597,1.046,-8.005,5.361,1.500,11.054
8.47,-17.743,0.625,0.983,-8.044,5.363,1.500,11.076
8.49,-17.743,0.625,0.983,-8.044,5.363,1.500,11.076
8.51,-17.834,0.641,0.924,-8.083,5.366,1.500,11.104
8.53,-17.834,0.641,0.924,-8.083,5.366,1.500,11.104
8.55,-17.928,0.654,0.869,-8.123,5.369,1.500,11.134
8.57,-17.928,0.654,0.869,-8.123,5.369,1.500,11.134
8.60,-18.021,0.675,0.819,-8.165,5.372,1.500,11.161
8.62,-18.021,0.675,0.819,-8.165,5.372,1.500,11.161
8.64,-18.106,0.712,0.773,-8.231,5.377,1.500,11.156
8.66,-18.106,0.712,0.773,-8.231,5.377,1.500,11.156
8.68,-18.185,0.763,0.732,-8.270,5.380,1.500,11.163
8.70,-18.185,0.763,0.732,-8.270,5.380,1.500,11.163
8.72,-18.185,0.763,0.732,-8.270,5.380,1.500,11.163
8.74,-18.328,0.880,0.669,-8.310,5.383,1.500,11.196
8.76,-18.328,0.880,0.669,-8.310,5.383,1.500,11.196
8.79,-18.395,0.931,0.644,-8.353,5.386,1.500,11.193
8.81,-18.395,0.931,0.644,-8.353,5.386,1.500,11.193
8.83,-18.495,0.995,0.611,-8.393,5.389,1.500,11.217
8.85,-18.495,0.995,0.611,-8.393,5.389,1.500,11.217
8.87,-18.599,1.050,0.583,-8.439,5.393,1.500,11.244
8.89,-18.599,1.050,0.583,-8.439,5.393,1.500,11.244
8.91,-18.685,1.094,0.562,-8.483,5.397,1.500,11.262
8.93,-18.685,1.094,0.562,-8.483,5.397,1.500,11.262
8.95,-18.762,1.133,0.544,-8.523,5.400,1.500,11.280
8.97,-18.762,1.133,0.544,-8.523,5.400,1.500,11.280
9.00,-18.842,1.169,0.528,-8.564,5.403,1.500,11.299
9.02,-18.842,1.169,0.528,-8.564,5.403,1.500,11.299
9.04,-18.919,1.196,0.515,-8.609,5.407,1.500,11.317
9.06,-18.919,1.196,0.515,-8.609,5.407,1.500,11.317
9.08,-19.021,1.238,0.503,-8.650,5.411,1.500,11.357
9.10,-19.021,1.238,0.503,-8.650,5.411,1.500,11.357
9.12,-19.111,1.281,0.495,-8.692,5.414,1.500,11.385
9.14,-19.111,1.281,0.495,-8.692,5.414,1.500,11.385
9.16,-19.204,1.309,0.489,-8.759,5.420,1.500,11.401
9.18,-19.204,1.309,0.489,-8.759,5.420,1.500,11.401
9.21,-19.204,1.309,0.489,-8.759,5.420,1.500,11.401
9.23,-19.353,1.340,0.482,-8.799,5.424,1.500,11.489
9.25,-19.353,1.340,0.482,-8.799,5.424,1.500,11.489
9.27,-19.442,1.367,0.480,-8.839,5.427,1.500,11.524
9.29,-19.442,1.367,0.480,-8.839,5.427,1.500,11.524
9.31,-19.535,1.398,0.478,-8.881,5.431,1.500,11.563
9.33,-19.535,1.398,0.478,-8.881,5.431,1.500,11.563
9.35,-19.623,1.420,0.477,-8.924,5.435,1.500,11.597
9.37,-19.623,1.420,0.477,-8.924,5.435,1.500,11.597
9.39,-19.712,1.452,0.478,-8.971,5.440,1.500,11.627
9.42,-19.712,1.452,0.478,-8.971,5.440,1.500,11.627
9.44,-19.797,1.486,0.479,-9.011,5.443,1.500,11.658
9.46,-19.797,1.486,0.479,-9.011,5.443,1.500,11.658
9.48,-19.887,1.516,0.481,-9.051,5.447,1.500,11.695
9.50,-19.887,1.516,0.481,-9.051,5.447,1.500,11.695
9.52,-19.983,1.541,0.483,-9.096,5.451,1.500,11.737
9.54,-19.983,1.541,0.483,-9.096,5.451,1.500,11.737
9.56,-20.092,1.542,0.485,-9.136,5.455,1.500,11.802
9.59,-20.092,1.542,0.485,-9.136,5.455,1.500,11.802
9.61,-20.190,1.520,0.487,-9.182,5.460,1.500,11.860
9.63,-20.190,1.520,0.487,-9.182,5.460,1.500,11.860
9.65,-20.296,1.500,0.490,-9.242,5.466,1.500,11.911
9.67,-20.296,1.500,0.490,-9.242,5.466,1.500,11.911
9.69,-20.394,1.479,0.495,-9.283,5.470,1.500,11.973
9.71,-20.394,1.479,0.495,-9.283,5.470,1.500,11.973
9.73,-20.394,1.479,0.495,-9.283,5.470,1.500,11.973
9.75,-20.506,1.449,0.500,-9.326,5.474,1.500,12.049
9.78,-20.506,1.449,0.500,-9.326,5.474,1.500,12.049
9.80,-20.577,1.434,0.503,-9.372,5.479,1.500,12.080
9.82,-20.577,1.434,0.503,-9.372,5.479,1.500,12.080
9.84,-20.660,1.410,0.507,-9.412,5.483,1.500,12.130
9.86,-20.660,1.410,0.507,-9.412,5.483,1.500,12.130
9.88,-20.751,1.390,0.512,-9.452,5.487,1.500,12.187
9.90,-20.751,1.390,0.512,-9.452,5.487,1.500,12.187
9.92,-20.834,1.383,0.516,-9.492,5.491,1.500,12.230
9.94,-20.834,1.383,0.516,-9.492,5.491,1.500,12.230
9.96,-20.916,1.394,0.520,-9.535,5.496,1.500,12.265
9.99,-20.916,1.394,0.520,-9.535,5.496,1.500,12.265
10.01,-20.995,1.425,0.524,-9.581,5.501,1.500,12.287
10.03,-20.995,1.425,0.524,-9.581,5.501,1.500,12.287
10.05,-21.079,1.467,0.528,-9.620,5.505,1.500,12.317
10.07,-21.079,1.467,0.528,-9.620,5.505,1.500,12.317
10.09,-21.123,1.517,0.532,-9.664,5.510,1.500,12.304
10.11,-21.123,1.517,0.532,-9.664,5.510,1.500,12.304
10.14,-21.169,1.583,0.536,-9.704,5.514,1.500,12.290
10.16,-21.169,1.583,0.536,-9.704,5.514,1.500,12.290
10.18,-21.203,1.630,0.539,-9.769,5.521,1.500,12.249
10.20,-21.203,1.630,0.539,-9.769,5.521,1.500,12.249
10.22,-21.203,1.630,0.539,-9.769,5.521,1.500,12.249
10.24,-21.246,1.697,0.545,-9.809,5.526,1.500,12.233
10.26,-21.246,1.697,0.545,-9.809,5.526,1.500,12.233
10.28,-21.252,1.735,0.548,-9.849,5.530,1.500,12.191
10.30,-21.252,1.735,0.548,-9.849,5.530,1.500,12.191
10.32,-21.254,1.784,0.552,-9.892,5.535,1.500,12.140
10.35,-21.254,1.784,0.552,-9.892,5.535,1.500,12.140
10.37,-21.248,1.843,0.555,-9.937,5.540,1.500,12.076
10.39,-21.248,1.843,0.555,-9.937,5.540,1.500,12.076
10.41,-21.242,1.920,0.559,-9.976,5.544,1.500,12.012
10.43,-21.242,1.920,0.559,-9.976,5.544,1.500,12.012
10.45,-21.250,1.972,0.562,-10.016,5.549,1.500,11.968
10.47,-21.250,1.972,0.562,-10.016,5.549,1.500,11.968
10.50,-21.256,2.032,0.565,-10.059,5.554,1.500,11.918
10.52,-21.256,2.032,0.565,-10.059,5.554,1.500,11.918
10.54,-21.279,2.111,0.568,-10.099,5.558,1.500,11.881
10.56,-21.279,2.111,0.568,-10.099,5.558,1.500,11.881
10.58,-21.311,2.170,0.570,-10.144,5.563,1.500,11.854
10.60,-21.311,2.170,0.570,-10.144,5.563,1.500,11.854
10.62,-21.356,2.217,0.572,-10.183,5.568,1.500,11.847
10.64,-21.356,2.217,0.572,-10.183,5.568,1.500,11.847
10.66,-21.390,2.249,0.573,-10.247,5.575,1.500,11.812
10.69,-21.390,2.249,0.573,-10.247,5.575,1.500,11.812
10.71,-21.486,2.316,0.576,-10.286,5.580,1.500,11.849
10.73,-21.486,2.316,0.576,-10.286,5.580,1.500,11.849
10.75,-21.486,2.316,0.576,-10.286,5.580,1.500,11.849
10.77,-21.634,2.409,0.578,-10.332,5.585,1.500,11.922
10.79,-21.634,2.409,0.578,-10.332,5.585,1.500,11.922
10.81,-21.710,2.459,0.579,-10.371,5.590,1.500,11.945
10.84,-21.710,2.459,0.579,-10.371,5.590,1.500,11.945
10.86,-21.794,2.527,0.580,-10.412,5.595,1.500,11.970
10.88,-21.794,2.527,0.580,-10.412,5.595,1.500,11.970
10.90,-21.867,2.599,0.580,-10.461,5.601,1.500,11.976
10.92,-21.867,2.599,0.580,-10.461,5.601,1.500,11.976
10.94,-21.913,2.679,0.582,-10.501,5.605,1.500,11.965
10.96,-21.913,2.679,0.582,-10.501,5.605,1.500,11.965
10.98,-21.931,2.743,0.583,-10.540,5.610,1.500,11.929
11.00,-21.931,2.743,0.583,-10.540,5.610,1.500,11.929
11.02,-21.961,2.837,0.585,-10.581,5.615,1.500,11.898
11.05,-21.961,2.837,0.585,-10.581,5.615,1.500,11.898
11.07,-21.979,2.920,0.586,-10.630,5.621,1.500,11.851
11.09,-21.979,2.920,0.586,-10.630,5.621,1.500,11.851
11.11,-21.981,3.022,0.587,-10.671,5.626,1.500,11.792
11.13,-21.981,3.022,0.587,-10.671,5.626,1.500,11.792
11.15,-21.976,3.111,0.588,-10.709,5.631,1.500,11.732
11.17,-21.976,3.111,0.588,-10.709,5.631,1.500,11.732
11.19,-21.959,3.200,0.589,-10.773,5.638,1.500,11.638
11.22,-21.959,3.200,0.589,-10.773,5.638,1.500,11.638
11.24,-21.959,3.200,0.589,-10.773,5.638,1.500,11.638
11.26,-21.909,3.312,0.590,-10.818,5.644,1.500,11.524
11.28,-21.909,3.312,0.590,-10.818,5.644,1.500,11.524
11.30,-21.852,3.374,0.592,-10.858,5.649,1.500,11.420
11.32,-21.852,3.374,0.592,-10.858,5.649,1.500,11.420
11.34,-21.799,3.400,0.593,-10.899,5.654,1.500,11.325
11.36,-21.799,3.400,0.593,-10.899,5.654,1.500,11.325
11.38,-21.703,3.423,0.594,-10.942,5.659,1.500,11.188
11.40,-21.703,3.423,0.594,-10.942,5.659,1.500,11.188
11.43,-21.633,3.439,0.595,-10.988,5.665,1.500,11.075
11.45,-21.633,3.439,0.595,-10.988,5.665,1.500,11.075
11.47,-21.521,3.486,0.597,-11.028,5.670,1.500,10.921
11.49,-21.521,3.486,0.597,-11.028,5.670,1.500,10.921
11.51,-21.455,3.510,0.598,-11.068,5.675,1.500,10.815
11.54,-21.455,3.510,0.598,-11.068,5.675,1.500,10.815
11.56,-21.407,3.537,0.599,-11.112,5.680,1.500,10.723
11.58,-21.407,3.537,0.599,-11.112,5.680,1.500,10.723
11.60,-21.355,3.567,0.599,-11.152,5.685,1.500,10.630
11.62,-21.355,3.567,0.599,-11.152,5.685,1.500,10.630
11.64,-21.292,3.621,0.599,-11.197,5.691,1.500,10.516
11.66,-21.292,3.621,0.599,-11.197,5.691,1.500,10.516
11.68,-21.244,3.667,0.599,-11.257,5.698,1.500,10.405
11.71,-21.244,3.667,0.599,-11.257,5.698,1.500,10.405
11.73,-21.244,3.667,0.599,-11.257,5.698,1.500,10.405
11.75,-21.157,3.738,0.598,-11.301,5.704,1.500,10.267
11.77,-21.157,3.738,0.598,-11.301,5.704,1.500,10.267
11.79,-21.105,3.766,0.597,-11.347,5.710,1.500,10.168
11.81,-21.105,3.766,0.597,-11.347,5.710,1.500,10.168
11.83,-21.068,3.778,0.596,-11.386,5.715,1.500,10.093
11.85,-21.068,3.778,0.596,-11.386,5.715,1.500,10.093
11.88,-21.043,3.791,0.596,-11.426,5.720,1.500,10.030
11.90,-21.043,3.791,0.596,-11.426,5.720,1.500,10.030
11.92,-21.019,3.809,0.595,-11.467,5.725,1.500,9.965
11.94,-21.019,3.809,0.595,-11.467,5.725,1.500,9.965
11.96,-20.982,3.814,0.594,-11.509,5.730,1.500,9.889
11.98,-20.982,3.814,0.594,-11.509,5.730,1.500,9.889
12.00,-20.950,3.803,0.593,-11.555,5.736,1.500,9.818
12.02,-20.950,3.803,0.593,-11.555,5.736,1.500,9.818
12.04,-20.910,3.785,0.592,-11.595,5.741,1.500,9.745
12.07,-20.910,3.785,0.592,-11.595,5.741,1.500,9.745
12.09,-20.864,3.765,0.591,-11.638,5.747,1.500,9.665
12.11,-20.864,3.765,0.591,-11.638,5.747,1.500,9.665
12.13,-20.794,3.719,0.589,-11.684,5.752,1.500,9.565
12.15,-20.794,3.719,0.589,-11.684,5.752,1.500,9.565
12.17,-20.759,3.703,0.588,-11.743,5.760,1.500,9.481
12.20,-20.759,3.703,0.588,-11.743,5.760,1.500,9.481
12.22,-20.721,3.697,0.587,-11.784,5.765,1.500,9.409
12.24,-20.721,3.697,0.587,-11.784,5.765,1.500,9.409
12.26,-20.721,3.697,0.587,-11.784,5.765,1.500,9.409
12.28,-20.632,3.708,0.585,-11.826,5.771,1.500,9.281
12.30,-20.632,3.708,0.585,-11.826,5.771,1.500,9.281
12.32,-20.545,3.726,0.584,-11.872,5.777,1.500,9.153
12.34,-20.545,3.726,0.584,-11.872,5.777,1.500,9.153
12.36,-20.478,3.739,0.582,-11.911,5.782,1.500,9.050
12.38,-20.478,3.739,0.582,-11.911,5.782,1.500,9.050
12.41,-20.418,3.751,0.581,-11.955,5.787,1.500,8.950
12.43,-20.418,3.751,0.581,-11.955,5.787,1.500,8.950
12.45,-20.368,3.783,0.579,-11.994,5.792,1.500,8.859
12.47,-20.368,3.783,0.579,-11.994,5.792,1.500,8.859
12.49,-20.350,3.814,0.577,-12.040,5.798,1.500,8.793
12.51,-20.350,3.814,0.577,-12.040,5.798,1.500,8.793
12.53,-20.341,3.864,0.575,-12.079,5.803,1.500,8.737
12.55,-20.341,3.864,0.575,-12.079,5.803,1.500,8.737
12.58,-20.335,3.924,0.573,-12.123,5.809,1.500,8.677
12.60,-20.335,3.924,0.573,-12.123,5.809,1.500,8.677
12.62,-20.330,4.025,0.570,-12.168,5.815,1.500,8.608
12.64,-20.330,4.025,0.570,-12.168,5.815,1.500,8.608
12.66,-20.326,4.128,0.568,-12.208,5.820,1.500,8.546
12.68,-20.326,4.128,0.568,-12.208,5.820,1.500,8.546
12.70,-20.307,4.265,0.565,-12.271,5.828,1.500,8.443
12.72,-20.307,4.265,0.565,-12.271,5.828,1.500,8.443
12.74,-20.307,4.265,0.565,-12.271,5.828,1.500,8.443
12.77,-20.267,4.404,0.561,-12.311,5.833,1.500,8.342
12.79,-20.267,4.404,0.561,-12.311,5.833,1.500,8.342
12.81,-20.239,4.473,0.559,-12.357,5.839,1.500,8.260
12.83,-20.239,4.473,0.559,-12.357,5.839,1.500,8.260
12.85,-20.216,4.517,0.557,-12.396,5.844,1.500,8.194
12.87,-20.216,4.517,0.557,-12.396,5.844,1.500,8.194
12.89,-20.215,4.524,0.555,-12.436,5.849,1.500,8.155
12.91,-20.215,4.524,0.555,-12.436,5.849,1.500,8.155
12.94,-20.224,4.520,0.554,-12.479,5.854,1.500,8.122
12.96,-20.224,4.520,0.554,-12.479,5.854,1.500,8.122
12.98,-20.229,4.518,0.551,-12.525,5.860,1.500,8.085
13.00,-20.229,4.518,0.551,-12.525,5.860,1.500,8.085
13.02,-20.229,4.516,0.549,-12.565,5.865,1.500,8.047
13.04,-20.229,4.516,0.549,-12.565,5.865,1.500,8.047
13.06,-20.225,4.511,0.547,-12.605,5.870,1.500,8.006
13.08,-20.225,4.511,0.547,-12.605,5.870,1.500,8.006
13.11,-20.222,4.503,0.546,-12.648,5.876,1.500,7.964
13.13,-20.222,4.503,0.546,-12.648,5.876,1.500,7.964
13.15,-20.230,4.484,0.544,-12.688,5.881,1.500,7.938
13.17,-20.230,4.484,0.544,-12.688,5.881,1.500,7.938
13.19,-20.251,4.461,0.542,-12.753,5.889,1.500,7.901
13.21,-20.251,4.461,0.542,-12.753,5.889,1.500,7.901
13.23,-20.251,4.461,0.542,-12.753,5.889,1.500,7.901
13.25,-20.294,4.413,0.540,-12.793,5.894,1.500,7.913
13.27,-20.294,4.413,0.540,-12.793,5.894,1.500,7.913
13.30,-20.313,4.378,0.538,-12.836,5.900,1.500,7.897
13.32,-20.313,4.378,0.538,-12.836,5.900,1.500,7.897
13.34,-20.343,4.332,0.537,-12.876,5.905,1.500,7.898
13.36,-20.343,4.332,0.537,-12.876,5.905,1.500,7.898
13.38,-20.400,4.264,0.535,-12.922,5.910,1.500,7.923
13.40,-20.400,4.264,0.535,-12.922,5.910,1.500,7.923
13.42,-20.435,4.211,0.533,-12.961,5.915,1.500,7.930
13.45,-20.435,4.211,0.533,-12.961,5.915,1.500,7.930
13.47,-20.474,4.154,0.531,-13.005,5.920,1.500,7.939
13.49,-20.474,4.154,0.531,-13.005,5.920,1.500,7.939
13.51,-20.516,4.089,0.529,-13.045,5.925,1.500,7.956
13.53,-20.516,4.089,0.529,-13.045,5.925,1.500,7.956
13.55,-20.543,4.024,0.528,-13.090,5.931,1.500,7.956
13.57,-20.543,4.024,0.528,-13.090,5.931,1.500,7.956
13.59,-20.568,3.958,0.526,-13.130,5.936,1.500,7.958
13.61,-20.568,3.958,0.526,-13.130,5.936,1.500,7.958
13.64,-20.604,3.888,0.525,-13.171,5.941,1.500,7.973
13.66,-20.604,3.888,0.525,-13.171,5.941,1.500,7.973
13.68,-20.654,3.810,0.523,-13.239,5.949,1.500,7.978
13.70,-20.654,3.810,0.523,-13.239,5.949,1.500,7.978
13.72,-20.709,3.721,0.522,-13.279,5.954,1.500,8.017
13.74,-20.709,3.721,0.522,-13.279,5.954,1.500,8.017
13.76,-20.709,3.721,0.522,-13.279,5.954,1.500,8.017
13.78,-20.844,3.580,0.520,-13.320,5.958,1.500,8.146
13.80,-20.844,3.580,0.520,-13.320,5.958,1.500,8.146
13.82,-20.932,3.517,0.518,-13.362,5.963,1.500,8.207
13.85,-20.932,3.517,0.518,-13.362,5.963,1.500,8.207
13.87,-21.006,3.475,0.517,-13.408,5.969,1.500,8.247
13.89,-21.006,3.475,0.517,-13.408,5.969,1.500,8.247
13.91,-21.138,3.406,0.515,-13.448,5.973,1.500,8.355
13.93,-21.138,3.406,0.515,-13.448,5.973,1.500,8.355
13.95,-21.221,3.382,0.514,-13.488,5.978,1.500,8.402
13.97,-21.221,3.382,0.514,-13.488,5.978,1.500,8.402
13.99,-21.297,3.382,0.512,-13.531,5.983,1.500,8.433
14.01,-21.297,3.382,0.512,-13.531,5.983,1.500,8.433
14.03,-21.381,3.400,0.511,-13.571,5.988,1.500,8.469
14.06,-21.381,3.400,0.511,-13.571,5.988,1.500,8.469
14.08,-21.473,3.435,0.509,-13.617,5.993,1.500,8.503
14.10,-21.473,3.435,0.509,-13.617,5.993,1.500,8.503
14.12,-21.564,3.489,0.508,-13.657,5.997,1.500,8.536
14.14,-21.564,3.489,0.508,-13.657,5.997,1.500,8.536
14.16,-21.653,3.555,0.506,-13.697,6.002,1.500,8.562
14.18,-21.653,3.555,0.506,-13.697,6.002,1.500,8.562
14.20,-21.749,3.636,0.504,-13.760,6.009,1.500,8.571
14.22,-21.749,3.636,0.504,-13.760,6.009,1.500,8.571
14.24,-21.749,3.636,0.504,-13.760,6.009,1.500,8.571
14.27,-21.820,3.725,0.501,-13.806,6.014,1.500,8.571
14.29,-21.820,3.725,0.501,-13.806,6.014,1.500,8.571
14.31,-21.849,3.822,0.499,-13.845,6.018,1.500,8.537
14.33,-21.849,3.822,0.499,-13.845,6.018,1.500,8.537
14.35,-21.860,3.907,0.497,-13.885,6.022,1.500,8.488
14.37,-21.860,3.907,0.497,-13.885,6.022,1.500,8.488
14.39,-21.876,3.994,0.495,-13.929,6.027,1.500,8.442
14.41,-21.876,3.994,0.495,-13.929,6.027,1.500,8.442
14.43,-21.900,4.082,0.493,-13.969,6.031,1.500,8.407
14.46,-21.900,4.082,0.493,-13.969,6.031,1.500,8.407
14.48,-21.923,4.179,0.491,-14.015,6.036,1.500,8.363
14.50,-21.923,4.179,0.491,-14.015,6.036,1.500,8.363
14.52,-21.934,4.267,0.489,-14.054,6.040,1.500,8.318
14.54,-21.934,4.267,0.489,-14.054,6.040,1.500,8.318
14.56,-21.941,4.367,0.486,-14.094,6.044,1.500,8.267
14.58,-21.941,4.367,0.486,-14.094,6.044,1.500,8.267
14.60,-21.960,4.455,0.484,-14.138,6.049,1.500,8.225
14.63,-21.960,4.455,0.484,-14.138,6.049,1.500,8.225
14.65,-21.990,4.543,0.482,-14.178,6.053,1.500,8.200
14.67,-21.990,4.543,0.482,-14.178,6.053,1.500,8.200
14.69,-22.037,4.680,0.479,-14.244,6.059,1.500,8.158
14.71,-22.037,4.680,0.479,-14.244,6.059,1.500,8.158
14.73,-22.062,4.760,0.478,-14.284,6.063,1.500,8.131
14.75,-22.062,4.760,0.478,-14.284,6.063,1.500,8.131
14.77,-22.062,4.760,0.478,-14.284,6.063,1.500,8.131
14.79,-22.118,4.941,0.475,-14.328,6.068,1.500,8.115
14.82,-22.118,4.941,0.475,-14.328,6.068,1.500,8.115
14.84,-22.123,5.059,0.473,-14.374,6.072,1.500,8.060
14.86,-22.123,5.059,0.473,-14.374,6.072,1.500,8.060
14.88,-22.102,5.169,0.471,-14.414,6.076,1.500,7.989
14.90,-22.102,5.169,0.471,-14.414,6.076,1.500,7.989
14.92,-22.046,5.274,0.468,-14.454,6.080,1.500,7.884
14.94,-22.046,5.274,0.468,-14.454,6.080,1.500,7.884
14.96,-21.986,5.331,0.466,-14.495,6.083,1.500,7.781
14.98,-21.986,5.331,0.466,-14.495,6.083,1.500,7.781
15.01,-21.926,5.360,0.464,-14.537,6.087,1.500,7.679
15.03,-21.926,5.360,0.464,-14.537,6.087,1.500,7.679
15.05,-21.831,5.386,0.461,-14.583,6.091,1.500,7.541
15.07,-21.831,5.386,0.461,-14.583,6.091,1.500,7.541
15.09,-21.762,5.411,0.458,-14.623,6.095,1.500,7.434
15.11,-21.762,5.411,0.458,-14.623,6.095,1.500,7.434
15.13,-21.713,5.427,0.457,-14.664,6.099,1.500,7.346
15.15,-21.713,5.427,0.457,-14.664,6.099,1.500,7.346
15.17,-21.632,5.443,0.455,-14.706,6.102,1.500,7.227
15.19,-21.632,5.443,0.455,-14.706,6.102,1.500,7.227
15.22,-21.580,5.461,0.453,-14.773,6.108,1.500,7.111
15.24,-21.580,5.461,0.453,-14.773,6.108,1.500,7.111
15.26,-21.580,5.461,0.453,-14.773,6.108,1.500,7.111
15.28,-21.505,5.510,0.451,-14.812,6.112,1.500,6.998
15.30,-21.505,5.510,0.451,-14.812,6.112,1.500,6.998
15.32,-21.459,5.530,0.449,-14.853,6.115,1.500,6.912
15.34,-21.459,5.530,0.449,-14.853,6.115,1.500,6.912
15.36,-21.408,5.548,0.448,-14.895,6.119,1.500,6.822
15.38,-21.408,5.548,0.448,-14.895,6.119,1.500,6.822
15.40,-21.377,5.559,0.446,-14.941,6.123,1.500,6.748
15.43,-21.377,5.559,0.446,-14.941,6.123,1.500,6.748
15.45,-21.365,5.574,0.444,-14.980,6.126,1.500,6.697
15.47,-21.365,5.574,0.444,-14.980,6.126,1.500,6.697
15.49,-21.356,5.585,0.443,-15.020,6.129,1.500,6.649
15.51,-21.356,5.585,0.443,-15.020,6.129,1.500,6.649
15.53,-21.341,5.590,0.441,-15.061,6.132,1.500,6.595
15.55,-21.341,5.590,0.441,-15.061,6.132,1.500,6.595
15.57,-21.325,5.582,0.440,-15.103,6.136,1.500,6.541
15.59,-21.325,5.582,0.440,-15.103,6.136,1.500,6.541
15.61,-21.303,5.559,0.438,-15.149,6.139,1.500,6.478
15.64,-21.303,5.559,0.438,-15.149,6.139,1.500,6.478
15.66,-21.269,5.528,0.436,-15.189,6.142,1.500,6.410
15.68,-21.269,5.528,0.436,-15.189,6.142,1.500,6.410
15.70,-21.235,5.507,0.435,-15.249,6.147,1.500,6.324
15.72,-21.235,5.507,0.435,-15.249,6.147,1.500,6.324
15.74,-21.178,5.494,0.433,-15.293,6.150,1.500,6.230
15.76,-21.178,5.494,0.433,-15.293,6.150,1.500,6.230
15.78,-21.178,5.494,0.433,-15.293,6.150,1.500,6.230
15.80,-21.129,5.480,0.430,-15.332,6.153,1.500,6.146
15.82,-21.129,5.480,0.430,-15.332,6.153,1.500,6.146
15.85,-21.120,5.467,0.429,-15.379,6.157,1.500,6.096
15.87,-21.120,5.467,0.429,-15.379,6.157,1.500,6.096
15.89,-21.124,5.447,0.427,-15.419,6.160,1.500,6.064
15.91,-21.124,5.447,0.427,-15.419,6.160,1.500,6.064
15.93,-21.131,5.425,0.426,-15.459,6.163,1.500,6.035
15.95,-21.131,5.425,0.426,-15.459,6.163,1.500,6.035
15.97,-21.146,5.388,0.425,-15.503,6.166,1.500,6.013
15.99,-21.146,5.388,0.425,-15.503,6.166,1.500,6.013
16.02,-21.144,5.338,0.424,-15.543,6.169,1.500,5.980
16.04,-21.144,5.338,0.424,-15.543,6.169,1.500,5.980
16.06,-21.143,5.291,0.423,-15.590,6.172,1.500,5.942
16.08,-21.143,5.291,0.423,-15.590,6.172,1.500,5.942
16.10,-21.158,5.216,0.421,-15.630,6.174,1.500,5.930
16.12,-21.158,5.216,0.421,-15.630,6.174,1.500,5.930
16.14,-21.163,5.176,0.420,-15.671,6.177,1.500,5.903
16.16,-21.163,5.176,0.420,-15.671,6.177,1.500,5.903
16.18,-21.172,5.136,0.418,-15.715,6.180,1.500,5.877
16.21,-21.172,5.136,0.418,-15.715,6.180,1.500,5.877
16.23,-21.179,5.112,0.417,-15.781,6.184,1.500,5.828
16.25,-21.179,5.112,0.417,-15.781,6.184,1.500,5.828
16.27,-21.179,5.112,0.417,-15.781,6.184,1.500,5.828
16.29,-21.216,5.088,0.415,-15.821,6.187,1.500,5.829
16.31,-21.216,5.088,0.415,-15.821,6.187,1.500,5.829
16.33,-21.242,5.089,0.414,-15.863,6.190,1.500,5.814
16.35,-21.242,5.089,0.414,-15.863,6.190,1.500,5.814
16.37,-21.274,5.087,0.412,-15.906,6.192,1.500,5.805
16.39,-21.274,5.087,0.412,-15.906,6.192,1.500,5.805
16.41,-21.312,5.076,0.411,-15.953,6.195,1.500,5.799
16.44,-21.312,5.076,0.411,-15.953,6.195,1.500,5.799
16.46,-21.363,5.049,0.409,-15.993,6.198,1.500,5.814
16.48,-21.363,5.049,0.409,-15.993,6.198,1.500,5.814
16.50,-21.398,5.015,0.408,-16.034,6.200,1.500,5.815
16.52,-21.398,5.015,0.408,-16.034,6.200,1.500,5.815
16.54,-21.434,4.970,0.406,-16.076,6.202,1.500,5.819
16.56,-21.434,4.970,0.406,-16.076,6.202,1.500,5.819
16.58,-21.468,4.928,0.405,-16.116,6.205,1.500,5.822
16.60,-21.468,4.928,0.405,-16.116,6.205,1.500,5.822
16.63,-21.480,4.894,0.403,-16.161,6.207,1.500,5.800
16.65,-21.480,4.894,0.403,-16.161,6.207,1.500,5.800
16.67,-21.482,4.859,0.401,-16.200,6.210,1.500,5.774
16.69,-21.482,4.859,0.401,-16.200,6.210,1.500,5.774
16.71,-21.471,4.844,0.400,-16.258,6.213,1.500,5.715
16.73,-21.471,4.844,0.400,-16.258,6.213,1.500,5.715
16.75,-21.473,4.847,0.398,-16.299,6.215,1.500,5.678
16.77,-21.473,4.847,0.398,-16.299,6.215,1.500,5.678
16.80,-21.473,4.847,0.398,-16.299,6.215,1.500,5.678
16.82,-21.483,4.848,0.395,-16.343,6.218,1.500,5.647
16.84,-21.483,4.848,0.395,-16.343,6.218,1.500,5.647
16.86,-21.466,4.838,0.393,-16.380,6.220,1.500,5.600
16.88,-21.466,4.838,0.393,-16.380,6.220,1.500,5.600
16.90,-21.429,4.816,0.391,-16.418,6.222,1.500,5.538
16.92,-21.429,4.816,0.391,-16.418,6.222,1.500,5.538
16.94,-21.352,4.780,0.389,-16.456,6.224,1.500,5.443
16.96,-21.352,4.780,0.389,-16.456,6.224,1.500,5.443
16.98,-21.285,4.754,0.388,-16.497,6.226,1.500,5.353
17.01,-21.285,4.754,0.388,-16.497,6.226,1.500,5.353
17.03,-21.171,4.726,0.385,-16.534,6.228,1.500,5.225
17.05,-21.171,4.726,0.385,-16.534,6.228,1.500,5.225
17.07,-21.047,4.717,0.383,-16.578,6.230,1.500,5.080
17.09,-21.047,4.717,0.383,-16.578,6.230,1.500,5.080
17.11,-20.944,4.729,0.382,-16.616,6.231,1.500,4.953
17.13,-20.944,4.729,0.382,-16.616,6.231,1.500,4.953
17.15,-20.859,4.762,0.381,-16.657,6.233,1.500,4.833
17.17,-20.859,4.762,0.381,-16.657,6.233,1.500,4.833
17.20,-20.796,4.799,0.379,-16.701,6.235,1.500,4.728
17.22,-20.796,4.799,0.379,-16.701,6.235,1.500,4.728
17.24,-20.758,4.827,0.378,-16.762,6.238,1.500,4.635
17.26,-20.758,4.827,0.378,-16.762,6.238,1.500,4.635
17.28,-20.758,4.827,0.378,-16.762,6.238,1.500,4.635
17.30,-20.748,4.888,0.376,-16.802,6.240,1.500,4.574
17.32,-20.748,4.888,0.376,-16.802,6.240,1.500,4.574
17.34,-20.770,4.910,0.375,-16.844,6.241,1.500,4.550
17.36,-20.770,4.910,0.375,-16.844,6.241,1.500,4.550
17.38,-20.805,4.913,0.374,-16.884,6.243,1.500,4.545
17.40,-20.805,4.913,0.374,-16.884,6.243,1.500,4.545
17.43,-20.846,4.899,0.373,-16.930,6.245,1.500,4.544
17.45,-20.846,4.899,0.373,-16.930,6.245,1.500,4.544
17.47,-20.896,4.896,0.371,-16.970,6.246,1.500,4.554
17.49,-20.896,4.896,0.371,-16.970,6.246,1.500,4.554
17.51,-20.931,4.896,0.370,-17.011,6.248,1.500,4.549
17.53,-20.931,4.896,0.370,-17.011,6.248,1.500,4.549
17.55,-20.959,4.887,0.369,-17.054,6.249,1.500,4.538
17.58,-20.959,4.887,0.369,-17.054,6.249,1.500,4.538
17.60,-20.995,4.873,0.368,-17.102,6.251,1.500,4.533
17.62,-20.995,4.873,0.368,-17.102,6.251,1.500,4.533
17.64,-21.032,4.866,0.367,-17.143,6.252,1.500,4.531
17.66,-21.032,4.866,0.367,-17.143,6.252,1.500,4.531
17.68,-21.096,4.859,0.366,-17.184,6.253,1.500,4.553
17.70,-21.096,4.859,0.366,-17.184,6.253,1.500,4.553
17.72,-21.158,4.848,0.365,-17.251,6.255,1.500,4.553
17.74,-21.158,4.848,0.365,-17.251,6.255,1.500,4.553
17.77,-21.223,4.843,0.364,-17.293,6.256,1.500,4.573
17.79,-21.223,4.843,0.364,-17.293,6.256,1.500,4.573
17.81,-21.223,4.843,0.364,-17.293,6.256,1.500,4.573
17.83,-21.294,4.857,0.363,-17.342,6.258,1.500,4.589
17.85,-21.294,4.857,0.363,-17.342,6.258,1.500,4.589
17.87,-21.325,4.864,0.362,-17.384,6.259,1.500,4.576
17.89,-21.325,4.864,0.362,-17.384,6.259,1.500,4.576
17.91,-21.346,4.879,0.361,-17.428,6.260,1.500,4.551
17.93,-21.346,4.879,0.361,-17.428,6.260,1.500,4.551
17.96,-21.367,4.894,0.360,-17.474,6.261,1.500,4.526
17.98,-21.367,4.894,0.360,-17.474,6.261,1.500,4.526
18.00,-21.384,4.906,0.359,-17.518,6.262,1.500,4.500
18.02,-21.384,4.906,0.359,-17.518,6.262,1.500,4.500
18.04,-21.404,4.919,0.359,-17.567,6.263,1.500,4.470
18.06,-21.404,4.919,0.359,-17.567,6.263,1.500,4.470
18.08,-21.434,4.953,0.358,-17.611,6.264,1.500,4.448
18.10,-21.434,4.953,0.358,-17.611,6.264,1.500,4.448
18.12,-21.447,4.978,0.357,-17.659,6.265,1.500,4.411
18.14,-21.447,4.978,0.357,-17.659,6.265,1.500,4.411
18.17,-21.465,5.016,0.357,-17.709,6.266,1.500,4.372
18.19,-21.465,5.016,0.357,-17.709,6.266,1.500,4.372
18.21,-21.492,5.074,0.356,-17.753,6.267,1.500,4.341
18.23,-21.492,5.074,0.356,-17.753,6.267,1.500,4.341
18.25,-21.520,5.125,0.356,-17.747,6.267,1.500,4.357
18.27,-21.520,5.125,0.356,-17.747,6.267,1.500,4.357
18.29,-21.520,5.125,0.356,-17.747,6.267,1.500,4.357
18.32,-21.557,5.235,0.355,-17.793,6.267,1.500,4.322
18.34,-21.557,5.235,0.355,-17.793,6.267,1.500,4.322
18.36,-21.565,5.309,0.355,-17.842,6.268,1.500,4.269
18.38,-21.565,5.309,0.355,-17.842,6.268,1.500,4.269
18.40,-21.551,5.390,0.354,-17.884,6.269,1.500,4.202
18.42,-21.551,5.390,0.354,-17.884,6.269,1.500,4.202
18.44,-21.528,5.489,0.354,-17.926,6.269,1.500,4.126
18.46,-21.528,5.489,0.354,-17.926,6.269,1.500,4.126
18.49,-21.511,5.571,0.353,-17.971,6.270,1.500,4.056
18.51,-21.511,5.571,0.353,-17.971,6.270,1.500,4.056
18.53,-21.501,5.655,0.353,-18.012,6.271,1.500,3.999
18.55,-21.501,5.655,0.353,-18.012,6.271,1.500,3.999
18.57,-21.474,5.784,0.352,-18.057,6.271,1.500,3.916
18.59,-21.474,5.784,0.352,-18.057,6.271,1.500,3.916
18.61,-21.468,5.874,0.351,-18.096,6.272,1.500,3.867
18.63,-21.468,5.874,0.351,-18.096,6.272,1.500,3.867
18.65,-21.473,5.969,0.350,-18.133,6.272,1.500,3.830
18.67,-21.473,5.969,0.350,-18.133,6.272,1.500,3.830
18.70,-21.488,6.062,0.350,-18.173,6.273,1.500,3.802
18.72,-21.488,6.062,0.350,-18.173,6.273,1.500,3.802
18.74,-21.512,6.160,0.349,-18.230,6.274,1.500,3.768
18.76,-21.512,6.160,0.349,-18.230,6.274,1.500,3.768
18.78,-21.512,6.160,0.349,-18.230,6.274,1.500,3.768
18.80,-21.565,6.318,0.348,-18.263,6.274,1.500,3.784
18.83,-21.565,6.318,0.348,-18.263,6.274,1.500,3.784
18.85,-21.598,6.424,0.347,-18.295,6.274,1.500,3.787
18.87,-21.598,6.424,0.347,-18.295,6.274,1.500,3.787
18.89,-21.633,6.572,0.345,-18.328,6.275,1.500,3.797
18.91,-21.633,6.572,0.345,-18.328,6.275,1.500,3.797
18.93,-21.653,6.664,0.345,-18.361,6.275,1.500,3.794
18.95,-21.653,6.664,0.345,-18.361,6.275,1.500,3.794
18.97,-21.671,6.772,0.344,-18.388,6.275,1.500,3.798
19.00,-21.671,6.772,0.344,-18.388,6.275,1.500,3.798
19.02,-21.674,6.893,0.343,-18.416,6.276,1.500,3.793
19.04,-21.674,6.893,0.343,-18.416,6.276,1.500,3.793
19.06,-21.665,6.982,0.342,-18.440,6.276,1.500,3.780
19.08,-21.665,6.982,0.342,-18.440,6.276,1.500,3.780
19.10,-21.640,7.079,0.341,-18.466,6.276,1.500,3.755
19.12,-21.640,7.079,0.341,-18.466,6.276,1.500,3.755
19.14,-21.592,7.153,0.339,-18.488,6.277,1.500,3.713
19.16,-21.592,7.153,0.339,-18.488,6.277,1.500,3.713
19.19,-21.550,7.211,0.338,-18.508,6.277,1.500,3.676
19.21,-21.550,7.211,0.338,-18.508,6.277,1.500,3.676
19.23,-21.470,7.309,0.336,-18.540,6.277,1.500,3.609
19.25,-21.470,7.309,0.336,-18.540,6.277,1.500,3.609
19.27,-21.400,7.362,0.335,-18.556,6.277,1.500,3.554
19.29,-21.400,7.362,0.335,-18.556,6.277,1.500,3.554
19.31,-21.400,7.362,0.335,-18.556,6.277,1.500,3.554
19.34,-21.309,7.419,0.333,-18.571,6.277,1.500,3.487
19.36,-21.309,7.419,0.333,-18.571,6.277,1.500,3.487
19.38,-21.247,7.443,0.331,-18.587,6.278,1.500,3.433
19.40,-21.247,7.443,0.331,-18.587,6.278,1.500,3.433
19.42,-21.187,7.449,0.330,-18.602,6.278,1.500,3.377
19.44,-21.187,7.449,0.330,-18.602,6.278,1.500,3.377
19.46,-21.113,7.459,0.329,-18.614,6.278,1.500,3.314
19.48,-21.113,7.459,0.329,-18.614,6.278,1.500,3.314
19.51,-21.071,7.463,0.328,-18.625,6.278,1.500,3.276
19.53,-21.071,7.463,0.328,-18.625,6.278,1.500,3.276
19.55,-20.986,7.479,0.326,-18.636,6.278,1.500,3.210
19.57,-20.986,7.479,0.326,-18.636,6.278,1.500,3.210
19.59,-20.946,7.488,0.325,-18.645,6.278,1.500,3.177
19.61,-20.946,7.488,0.325,-18.645,6.278,1.500,3.177
19.63,-20.932,7.506,0.324,-18.654,6.278,1.500,3.166
19.65,-20.932,7.506,0.324,-18.654,6.278,1.500,3.166
19.67,-20.938,7.531,0.323,-18.662,6.278,1.500,3.173
19.69,-20.938,7.531,0.323,-18.662,6.278,1.500,3.173
19.72,-20.950,7.564,0.322,-18.669,6.278,1.500,3.190
19.74,-20.950,7.564,0.322,-18.669,6.278,1.500,3.190
19.76,-20.958,7.599,0.321,-18.680,6.278,1.500,3.202
19.78,-20.958,7.599,0.321,-18.680,6.278,1.500,3.202
19.80,-20.958,7.599,0.321,-18.680,6.278,1.500,3.202
19.82,-20.946,7.650,0.319,-18.685,6.279,1.500,3.210
19.84,-20.946,7.650,0.319,-18.685,6.279,1.500,3.210
19.86,-20.917,7.670,0.318,-18.691,6.279,1.500,3.193
19.89,-20.917,7.670,0.318,-18.691,6.279,1.500,3.193
19.91,-20.898,7.670,0.317,-18.697,6.279,1.500,3.175
19.93,-20.898,7.670,0.317,-18.697,6.279,1.500,3.175
19.95,-20.883,7.652,0.315,-18.702,6.279,1.500,3.153
19.97,-20.883,7.652,0.315,-18.702,6.279,1.500,3.153
19.99,-20.881,7.620,0.314,-18.706,6.279,1.500,3.134
20.01,-20.881,7.620,0.314,-18.706,6.279,1.500,3.134
20.03,-20.869,7.586,0.312,-18.711,6.279,1.500,3.106
20.05,-20.869,7.586,0.312,-18.711,6.279,1.500,3.106
20.07,-20.851,7.558,0.311,-18.716,6.279,1.500,3.078
20.10,-20.851,7.558,0.311,-18.716,6.279,1.500,3.078
20.12,-20.842,7.539,0.309,-18.722,6.279,1.500,3.059
20.14,-20.842,7.539,0.309,-18.722,6.279,1.500,3.059
20.16,-20.835,7.516,0.308,-18.727,6.279,1.500,3.041
20.18,-20.835,7.516,0.308,-18.727,6.279,1.500,3.041
20.20,-20.811,7.479,0.307,-18.732,6.279,1.500,3.004
20.22,-20.811,7.479,0.307,-18.732,6.279,1.500,3.004
20.24,-20.776,7.433,0.306,-18.741,6.279,1.500,2.955
20.27,-20.776,7.433,0.306,-18.741,6.279,1.500,2.955
20.29,-20.776,7.433,0.306,-18.741,6.279,1.500,2.955
20.31,-20.719,7.352,0.304,-18.748,6.279,1.500,2.879
20.33,-20.719,7.352,0.304,-18.748,6.279,1.500,2.879
20.35,-20.681,7.310,0.303,-18.755,6.279,1.500,2.832
20.37,-20.681,7.310,0.303,-18.755,6.279,1.500,2.832
20.39,-20.631,7.267,0.303,-18.763,6.279,1.500,2.778
20.41,-20.631,7.267,0.303,-18.763,6.279,1.500,2.778
20.44,-20.584,7.226,0.302,-18.771,6.279,1.500,2.726
20.46,-20.584,7.226,0.302,-18.771,6.279,1.500,2.726
20.48,-20.552,7.194,0.301,-18.781,6.280,1.500,2.687
20.50,-20.552,7.194,0.301,-18.781,6.280,1.500,2.687
20.52,-20.523,7.149,0.301,-18.790,6.280,1.500,2.646
20.54,-20.523,7.149,0.301,-18.790,6.280,1.500,2.646
20.56,-20.494,7.108,0.300,-18.800,6.280,1.500,2.607
20.58,-20.494,7.108,0.300,-18.800,6.280,1.500,2.607
20.61,-20.463,7.070,0.300,-18.811,6.280,1.500,2.568
20.63,-20.463,7.070,0.300,-18.811,6.280,1.500,2.568
20.65,-20.434,7.030,0.299,-18.823,6.280,1.500,2.529
20.67,-20.434,7.030,0.299,-18.823,6.280,1.500,2.529
20.69,-20.409,6.970,0.299,-18.836,6.280,1.500,2.487
20.71,-20.409,6.970,0.299,-18.836,6.280,1.500,2.487
20.73,-20.401,6.940,0.298,-18.856,6.280,1.500,2.461
20.75,-20.401,6.940,0.298,-18.856,6.280,1.500,2.461
20.78,-20.387,6.920,0.298,-18.871,6.281,1.500,2.437
20.80,-20.387,6.920,0.298,-18.871,6.281,1.500,2.437
20.82,-20.387,6.920,0.298,-18.871,6.281,1.500,2.437
20.84,-20.374,6.901,0.297,-18.886,6.281,1.500,2.415
20.86,-20.374,6.901,0.297,-18.886,6.281,1.500,2.415
20.88,-20.382,6.874,0.297,-18.903,6.281,1.500,2.402
20.90,-20.382,6.874,0.297,-18.903,6.281,1.500,2.402
20.92,-20.395,6.853,0.296,-18.919,6.281,1.500,2.394
20.94,-20.395,6.853,0.296,-18.919,6.281,1.500,2.394
20.97,-20.421,6.847,0.296,-18.938,6.281,1.500,2.396
20.99,-20.421,6.847,0.296,-18.938,6.281,1.500,2.396
21.01,-20.452,6.843,0.295,-18.958,6.281,1.500,2.402
21.03,-20.452,6.843,0.295,-18.958,6.281,1.500,2.402
21.05,-20.471,6.845,0.294,-18.977,6.282,1.500,2.402
21.07,-20.471,6.845,0.294,-18.977,6.282,1.500,2.402
21.09,-20.485,6.847,0.294,-18.977,6.282,1.500,2.411
21.11,-20.485,6.847,0.294,-18.977,6.282,1.500,2.411
21.14,-20.475,6.849,0.293,-18.977,6.282,1.500,2.404
21.16,-20.475,6.849,0.293,-18.977,6.282,1.500,2.404
21.18,-20.449,6.851,0.292,-18.973,6.282,1.500,2.390
21.20,-20.449,6.851,0.292,-18.973,6.282,1.500,2.390
21.22,-20.425,6.840,0.291,-18.963,6.282,1.500,2.378
21.24,-20.425,6.840,0.291,-18.963,6.282,1.500,2.378
21.26,-20.404,6.820,0.290,-18.934,6.282,1.500,2.378
21.28,-20.404,6.820,0.290,-18.934,6.282,1.500,2.378
21.30,-20.404,6.820,0.290,-18.934,6.282,1.500,2.378
21.33,-20.386,6.812,0.290,-18.901,6.282,1.500,2.385
21.35,-20.386,6.812,0.290,-18.901,6.282,1.500,2.385
21.37,-20.369,6.794,0.289,-18.862,6.282,1.500,2.394
21.39,-20.369,6.794,0.289,-18.862,6.282,1.500,2.394
21.41,-20.362,6.791,0.288,-18.806,6.282,1.500,2.425
21.43,-20.362,6.791,0.288,-18.806,6.282,1.500,2.425
21.45,-20.346,6.773,0.288,-18.749,6.282,1.500,2.447
21.47,-20.346,6.773,0.288,-18.749,6.282,1.500,2.447
21.50,-20.306,6.741,0.287,-18.680,6.282,1.500,2.459
21.52,-20.306,6.741,0.287,-18.680,6.282,1.500,2.459
21.54,-20.263,6.711,0.287,-18.611,6.282,1.500,2.471
21.56,-20.263,6.711,0.287,-18.611,6.282,1.500,2.471
21.58,-20.185,6.655,0.286,-18.526,6.282,1.500,2.466
21.60,-20.185,6.655,0.286,-18.526,6.282,1.500,2.466
21.62,-20.113,6.601,0.287,-18.449,6.282,1.500,2.462
21.64,-20.113,6.601,0.287,-18.449,6.282,1.500,2.462
21.66,-20.036,6.512,0.287,-18.364,6.282,1.500,2.458
21.69,-20.036,6.512,0.287,-18.364,6.282,1.500,2.458
21.71,-19.997,6.435,0.287,-18.284,6.282,1.500,2.479
21.73,-19.997,6.435,0.287,-18.284,6.282,1.500,2.479
21.75,-19.960,6.299,0.287,-18.152,6.282,1.500,2.541
21.77,-19.960,6.299,0.287,-18.152,6.282,1.500,2.541
21.79,-19.947,6.220,0.287,-18.072,6.282,1.499,2.590
21.81,-19.947,6.220,0.287,-18.072,6.282,1.499,2.590
21.83,-19.947,6.220,0.287,-18.072,6.282,1.499,2.590
21.85,-19.956,6.128,0.287,-17.990,6.282,1.499,2.661
21.87,-19.956,6.128,0.287,-17.990,6.282,1.499,2.661
21.90,-19.977,6.081,0.287,-17.892,6.282,1.499,2.753
21.92,-19.977,6.081,0.287,-17.892,6.282,1.499,2.753
21.94,-19.993,6.034,0.288,-17.810,6.282,1.499,2.832
21.96,-19.993,6.034,0.288,-17.810,6.282,1.499,2.832
21.98,-20.017,5.986,0.288,-17.732,6.282,1.499,2.915
22.00,-20.017,5.986,0.288,-17.732,6.282,1.499,2.915
22.02,-20.046,5.942,0.287,-17.658,6.282,1.499,3.001
22.04,-20.046,5.942,0.287,-17.658,6.282,1.499,3.001
22.06,-20.092,5.886,0.287,-17.572,6.282,1.499,3.114
22.09,-20.092,5.886,0.287,-17.572,6.282,1.499,3.114
22.11,-20.128,5.832,0.287,-17.480,6.282,1.498,3.225
22.13,-20.128,5.832,0.287,-17.480,6.282,1.498,3.225
22.15,-20.156,5.764,0.288,-17.411,6.282,1.497,3.315
22.17,-20.156,5.764,0.288,-17.411,6.282,1.497,3.315
22.19,-20.167,5.697,0.287,-17.329,6.282,1.494,3.402
22.21,-20.167,5.697,0.287,-17.329,6.282,1.494,3.402
22.23,-20.168,5.631,0.287,-17.243,6.282,1.489,3.483
22.25,-20.168,5.631,0.287,-17.243,6.282,1.489,3.483
22.27,-20.164,5.555,0.287,-17.122,6.280,1.474,3.589
22.30,-20.164,5.555,0.287,-17.122,6.280,1.474,3.589
22.32,-20.164,5.555,0.287,-17.122,6.280,1.474,3.589
22.34,-20.156,5.431,0.287,-17.030,6.277,1.454,3.677
22.36,-20.156,5.431,0.287,-17.030,6.277,1.454,3.677
22.38,-20.136,5.347,0.287,-16.949,6.274,1.432,3.738
22.40,-20.136,5.347,0.287,-16.949,6.274,1.432,3.738
22.42,-20.121,5.267,0.288,-16.864,6.269,1.402,3.804
22.44,-20.121,5.267,0.288,-16.864,6.269,1.402,3.804
22.46,-20.099,5.205,0.288,-16.779,6.262,1.368,3.858
22.49,-20.099,5.205,0.288,-16.779,6.262,1.368,3.858
22.51,-20.071,5.153,0.288,-16.686,6.253,1.325,3.908
22.53,-20.071,5.153,0.288,-16.686,6.253,1.325,3.908
22.55,-20.004,5.071,0.289,-16.605,6.244,1.283,3.925
22.57,-20.004,5.071,0.289,-16.605,6.244,1.283,3.925
22.59,-19.953,5.004,0.290,-16.522,6.233,1.237,3.951
22.61,-19.953,5.004,0.290,-16.522,6.233,1.237,3.951
22.63,-19.898,4.947,0.290,-16.454,6.222,1.198,3.963
22.65,-19.898,4.947,0.290,-16.454,6.222,1.198,3.963
22.68,-19.843,4.910,0.291,-16.373,6.208,1.149,3.975
22.70,-19.843,4.910,0.291,-16.373,6.208,1.149,3.975
22.72,-19.795,4.886,0.291,-16.304,6.194,1.107,3.982
22.74,-19.795,4.886,0.291,-16.304,6.194,1.107,3.982
22.76,-19.743,4.869,0.292,-16.199,6.172,1.043,4.005
22.78,-19.743,4.869,0.292,-16.199,6.172,1.043,4.005
22.80,-19.702,4.858,0.292,-16.116,6.152,0.992,4.023
22.82,-19.702,4.858,0.292,-16.116,6.152,0.992,4.023
22.84,-19.702,4.858,0.292,-16.116,6.152,0.992,4.023
22.87,-19.658,4.861,0.291,-16.030,6.132,0.938,4.036
22.89,-19.658,4.861,0.291,-16.030,6.132,0.938,4.036
22.91,-19.628,4.888,0.292,-15.937,6.111,0.881,4.061
22.93,-19.628,4.888,0.292,-15.937,6.111,0.881,4.061
22.95,-19.604,4.938,0.291,-15.857,6.094,0.832,4.079
22.97,-19.604,4.938,0.291,-15.857,6.094,0.832,4.079
22.99,-19.576,4.993,0.291,-15.777,6.079,0.784,4.095
23.01,-19.576,4.993,0.291,-15.777,6.079,0.784,4.095
23.04,-19.541,5.058,0.290,-15.692,6.066,0.735,4.109
23.06,-19.541,5.058,0.290,-15.692,6.066,0.735,4.109
23.08,-19.496,5.125,0.289,-15.613,6.057,0.691,4.112
23.10,-19.496,5.125,0.289,-15.613,6.057,0.691,4.112
23.12,-19.454,5.199,0.289,-15.532,6.052,0.649,4.121
23.14,-19.454,5.199,0.289,-15.532,6.052,0.649,4.121
23.16,-19.411,5.292,0.288,-15.488,6.050,0.626,4.099
23.18,-19.411,5.292,0.288,-15.488,6.050,0.626,4.099
23.21,-19.382,5.373,0.288,-15.439,6.049,0.603,4.099
23.23,-19.382,5.373,0.288,-15.439,6.049,0.603,4.099
23.25,-19.365,5.451,0.287,-15.353,6.052,0.565,4.146
23.27,-19.365,5.451,0.287,-15.353,6.052,0.565,4.146
23.29,-19.349,5.546,0.286,-15.219,6.063,0.517,4.239
23.31,-19.349,5.546,0.286,-15.219,6.063,0.517,4.239
23.33,-19.349,5.546,0.286,-15.219,6.063,0.517,4.239
23.35,-19.319,5.664,0.286,-15.138,6.075,0.495,4.273
23.38,-19.319,5.664,0.286,-15.138,6.075,0.495,4.273
23.40,-19.284,5.735,0.285,-15.054,6.090,0.479,4.313
23.42,-19.284,5.735,0.285,-15.054,6.090,0.479,4.313
23.44,-19.230,5.800,0.284,-14.967,6.109,0.470,4.340
23.46,-19.230,5.800,0.284,-14.967,6.109,0.470,4.340
23.48,-19.187,5.852,0.283,-14.873,6.134,0.472,4.389
23.51,-19.187,5.852,0.283,-14.873,6.134,0.472,4.389
23.53,-19.170,5.870,0.282,-14.792,6.159,0.482,4.454
23.55,-19.170,5.870,0.282,-14.792,6.159,0.482,4.454
23.57,-19.143,5.877,0.281,-14.708,6.186,0.500,4.514
23.59,-19.143,5.877,0.281,-14.708,6.186,0.500,4.514
23.61,-19.123,5.864,0.280,-14.620,6.218,0.528,4.588
23.63,-19.123,5.864,0.280,-14.620,6.218,0.528,4.588
23.65,-19.083,5.841,0.279,-14.527,6.254,0.567,4.652
23.67,-19.083,5.841,0.279,-14.527,6.254,0.567,4.652
23.70,-19.028,5.808,0.278,-14.445,6.287,0.607,4.692
23.72,-19.028,5.808,0.278,-14.445,6.287,0.607,4.692
23.74,-18.939,5.755,0.277,-14.362,6.323,0.652,4.705
23.76,-18.939,5.755,0.277,-14.362,6.323,0.652,4.705
23.78,-18.841,5.714,0.276,-14.221,6.384,0.731,4.776
23.80,-18.841,5.714,0.276,-14.221,6.384,0.731,4.776
23.82,-18.841,5.714,0.276,-14.221,6.384,0.731,4.776
23.84,-18.682,5.680,0.275,-14.139,6.419,0.777,4.721
23.86,-18.682,5.680,0.275,-14.139,6.419,0.777,4.721
23.88,-18.542,5.687,0.274,-14.050,6.459,0.826,4.689
23.91,-18.542,5.687,0.274,-14.050,6.459,0.826,4.689
23.93,-18.427,5.718,0.273,-13.956,6.500,0.872,4.681
23.95,-18.427,5.718,0.273,-13.956,6.500,0.872,4.681
23.97,-18.299,5.759,0.272,-13.874,6.536,0.908,4.645
23.99,-18.299,5.759,0.272,-13.874,6.536,0.908,4.645
24.01,-18.205,5.811,0.271,-13.791,6.574,0.939,4.640
24.03,-18.205,5.811,0.271,-13.791,6.574,0.939,4.640
24.05,-18.153,5.839,0.270,-13.703,6.614,0.966,4.683
24.07,-18.153,5.839,0.270,-13.703,6.614,0.966,4.683
24.10,-18.103,5.869,0.269,-13.609,6.659,0.989,4.733
24.12,-18.103,5.869,0.269,-13.609,6.659,0.989,4.733
24.14,-18.081,5.874,0.268,-13.528,6.700,1.003,4.799
24.16,-18.081,5.874,0.268,-13.528,6.700,1.003,4.799
24.18,-18.073,5.877,0.267,-13.446,6.744,1.014,4.879
24.20,-18.073,5.877,0.267,-13.446,6.744,1.014,4.879
24.22,-18.079,5.890,0.266,-13.374,6.785,1.023,4.960
24.25,-18.079,5.890,0.266,-13.374,6.785,1.023,4.960
24.27,-18.088,5.904,0.265,-13.244,6.870,1.036,5.108
24.29,-18.088,5.904,0.265,-13.244,6.870,1.036,5.108
24.31,-18.105,5.941,0.264,-13.150,6.940,1.042,5.220
24.33,-18.105,5.941,0.264,-13.150,6.940,1.042,5.220
24.35,-18.105,5.941,0.264,-13.150,6.940,1.042,5.220
24.37,-18.125,5.983,0.263,-13.069,7.010,1.045,5.322
24.39,-18.125,5.983,0.263,-13.069,7.010,1.045,5.322
24.42,-18.132,6.011,0.263,-12.988,7.086,1.044,5.414
24.44,-18.132,6.011,0.263,-12.988,7.086,1.044,5.414
24.46,-18.121,6.041,0.263,-12.901,7.172,1.040,5.498
24.48,-18.121,6.041,0.263,-12.901,7.172,1.040,5.498
24.50,-18.072,6.081,0.263,-12.809,7.264,1.032,5.548
24.52,-18.072,6.081,0.263,-12.809,7.264,1.032,5.548
24.54,-18.046,6.116,0.263,-12.730,7.344,1.022,5.605
24.57,-18.046,6.116,0.263,-12.730,7.344,1.022,5.605
24.59,-18.019,6.147,0.263,-12.651,7.426,1.010,5.663
24.61,-18.019,6.147,0.263,-12.651,7.426,1.010,5.663
24.63,-17.999,6.158,0.263,-12.573,7.512,0.995,5.732
24.65,-17.999,6.158,0.263,-12.573,7.512,0.995,5.732
24.67,-17.972,6.164,0.263,-12.504,7.593,0.980,5.787
24.69,-17.972,6.164,0.263,-12.504,7.593,0.980,5.787
24.71,-17.938,6.168,0.263,-12.463,7.644,0.971,5.803
24.73,-17.938,6.168,0.263,-12.463,7.644,0.971,5.803
24.75,-17.914,6.170,0.263,-12.402,7.725,0.955,5.855
24.77,-17.914,6.170,0.263,-12.402,7.725,0.955,5.855
24.80,-17.901,6.167,0.263,-12.312,7.854,0.928,5.958
24.82,-17.901,6.167,0.263,-12.312,7.854,0.928,5.958
24.84,-17.901,6.167,0.263,-12.312,7.854,0.928,5.958
24.86,-17.890,6.152,0.263,-12.251,7.948,0.906,6.032
24.88,-17.890,6.152,0.263,-12.251,7.948,0.906,6.032
24.90,-17.880,6.133,0.264,-12.203,8.026,0.887,6.094
24.92,-17.880,6.133,0.264,-12.203,8.026,0.887,6.094
24.94,-17.867,6.115,0.264,-12.150,8.115,0.865,6.161
24.97,-17.867,6.115,0.264,-12.150,8.115,0.865,6.161
24.99,-17.878,6.082,0.264,-12.122,8.160,0.853,6.221
25.01,-17.878,6.082,0.264,-12.122,8.160,0.853,6.221
25.03,-17.916,6.037,0.264,-12.082,8.223,0.836,6.326
25.05,-17.916,6.037,0.264,-12.082,8.223,0.836,6.326
25.07,-17.971,5.983,0.264,-12.031,8.303,0.814,6.468
25.09,-17.971,5.983,0.264,-12.031,8.303,0.814,6.468
25.12,-18.036,5.940,0.264,-11.969,8.389,0.787,6.627
25.14,-18.036,5.940,0.264,-11.969,8.389,0.787,6.627
25.16,-18.105,5.887,0.264,-11.927,8.443,0.768,6.765
25.18,-18.105,5.887,0.264,-11.927,8.443,0.768,6.765
25.20,-18.191,5.806,0.265,-11.852,8.529,0.733,6.970
25.22,-18.191,5.806,0.265,-11.852,8.529,0.733,6.970
25.24,-18.268,5.729,0.265,-11.782,8.601,0.703,7.159
25.26,-18.268,5.729,0.265,-11.782,8.601,0.703,7.159
25.29,-18.346,5.654,0.265,-11.670,8.700,0.660,7.397
25.31,-18.346,5.654,0.265,-11.670,8.700,0.660,7.397
25.33,-18.346,5.654,0.265,-11.670,8.700,0.660,7.397
25.35,-18.484,5.515,0.265,-11.585,8.764,0.635,7.679
25.37,-18.484,5.515,0.265,-11.585,8.764,0.635,7.679
25.39,-18.545,5.435,0.265,-11.491,8.822,0.613,7.874
25.41,-18.545,5.435,0.265,-11.491,8.822,0.613,7.874
25.43,-18.595,5.355,0.266,-11.413,8.863,0.601,8.040
25.46,-18.595,5.355,0.266,-11.413,8.863,0.601,8.040
25.48,-18.622,5.283,0.266,-11.325,8.901,0.592,8.190
25.50,-18.622,5.283,0.266,-11.325,8.901,0.592,8.190
25.52,-18.634,5.225,0.266,-11.233,8.930,0.589,8.320
25.54,-18.634,5.225,0.266,-11.233,8.930,0.589,8.320
25.56,-18.648,5.143,0.266,-11.153,8.947,0.591,8.449
25.58,-18.648,5.143,0.266,-11.153,8.947,0.591,8.449
25.61,-18.652,5.083,0.266,-11.073,8.956,0.597,8.555
25.63,-18.652,5.083,0.266,-11.073,8.956,0.597,8.555
25.65,-18.642,5.036,0.266,-10.985,8.959,0.606,8.648
25.67,-18.642,5.036,0.266,-10.985,8.959,0.606,8.648
25.69,-18.624,4.984,0.266,-10.892,8.953,0.620,8.735
25.71,-18.624,4.984,0.266,-10.892,8.953,0.620,8.735
25.73,-18.622,4.933,0.266,-10.812,8.941,0.633,8.824
25.75,-18.622,4.933,0.266,-10.812,8.941,0.633,8.824
25.77,-18.625,4.909,0.265,-10.758,8.935,0.637,8.884
25.79,-18.625,4.909,0.265,-10.758,8.935,0.637,8.884
25.82,-18.633,4.880,0.265,-10.672,8.908,0.653,8.969
25.84,-18.633,4.880,0.265,-10.672,8.908,0.653,8.969
25.86,-18.633,4.880,0.265,-10.672,8.908,0.653,8.969
25.88,-18.663,4.834,0.265,-10.623,8.891,0.662,9.053
25.90,-18.663,4.834,0.265,-10.623,8.891,0.662,9.053
25.92,-18.690,4.806,0.265,-10.533,8.857,0.678,9.156
25.94,-18.690,4.806,0.265,-10.533,8.857,0.678,9.156
25.96,-18.703,4.759,0.265,-10.453,8.824,0.693,9.247
25.98,-18.703,4.759,0.265,-10.453,8.824,0.693,9.247
26.00,-18.714,4.736,0.265,-10.368,8.790,0.710,9.329
26.03,-18.714,4.736,0.265,-10.368,8.790,0.710,9.329
26.05,-18.709,4.719,0.265,-10.278,8.755,0.730,9.400
26.07,-18.709,4.719,0.265,-10.278,8.755,0.730,9.400
26.09,-18.697,4.710,0.265,-10.199,8.728,0.748,9.454
26.11,-18.697,4.710,0.265,-10.199,8.728,0.748,9.454
26.13,-18.684,4.698,0.265,-10.116,8.705,0.769,9.514
26.15,-18.684,4.698,0.265,-10.116,8.705,0.769,9.514
26.17,-18.660,4.679,0.264,-10.030,8.683,0.792,9.572
26.20,-18.660,4.679,0.264,-10.030,8.683,0.792,9.572
26.22,-18.642,4.658,0.264,-9.936,8.662,0.820,9.644
26.24,-18.642,4.658,0.264,-9.936,8.662,0.820,9.644
26.26,-18.616,4.634,0.263,-9.855,8.646,0.847,9.699
26.28,-18.616,4.634,0.263,-9.855,8.646,0.847,9.699
26.30,-18.590,4.590,0.261,-9.809,8.624,0.859,9.728
26.32,-18.590,4.590,0.261,-9.809,8.624,0.859,9.728
26.34,-18.590,4.590,0.261,-9.809,8.624,0.859,9.728
26.36,-18.582,4.544,0.260,-9.720,8.607,0.893,9.816
26.38,-18.582,4.544,0.260,-9.720,8.607,0.893,9.816
26.41,-18.577,4.515,0.259,-9.640,8.589,0.926,9.893
26.43,-18.577,4.515,0.259,-9.640,8.589,0.926,9.893
26.45,-18.571,4.498,0.258,-9.617,8.583,0.935,9.914
26.47,-18.571,4.498,0.258,-9.617,8.583,0.935,9.914
26.49,-18.569,4.487,0.256,-9.539,8.563,0.970,9.983
26.51,-18.569,4.487,0.256,-9.539,8.563,0.970,9.983
26.53,-18.555,4.484,0.255,-9.517,8.557,0.980,9.990
26.55,-18.555,4.484,0.255,-9.517,8.557,0.980,9.990
26.57,-18.525,4.468,0.254,-9.444,8.535,1.016,10.031
26.59,-18.525,4.468,0.254,-9.444,8.535,1.016,10.031
26.62,-18.491,4.453,0.253,-9.362,8.508,1.059,10.074
26.64,-18.491,4.453,0.253,-9.362,8.508,1.059,10.074
26.66,-18.451,4.434,0.252,-9.294,8.483,1.096,10.103
26.68,-18.451,4.434,0.252,-9.294,8.483,1.096,10.103
26.70,-18.433,4.420,0.251,-9.227,8.456,1.135,10.147
26.72,-18.433,4.420,0.251,-9.227,8.456,1.135,10.147
26.74,-18.407,4.422,0.250,-9.159,8.426,1.174,10.178
26.76,-18.407,4.422,0.250,-9.159,8.426,1.174,10.178
26.79,-18.396,4.433,0.250,-9.063,8.377,1.234,10.240
26.81,-18.396,4.433,0.250,-9.063,8.377,1.234,10.240
26.83,-18.385,4.471,0.249,-9.009,8.346,1.270,10.258
26.85,-18.385,4.471,0.249,-9.009,8.346,1.270,10.258
26.87,-18.385,4.471,0.249,-9.009,8.346,1.270,10.258
26.89,-18.387,4.522,0.248,-8.958,8.313,1.304,10.281
26.91,-18.387,4.522,0.248,-8.958,8.313,1.304,10.281
26.93,-18.388,4.555,0.248,-8.909,8.278,1.338,10.306
26.95,-18.388,4.555,0.248,-8.909,8.278,1.338,10.306
26.98,-18.384,4.593,0.248,-8.861,8.240,1.372,10.325
27.00,-18.384,4.593,0.248,-8.861,8.240,1.372,10.325
27.02,-18.375,4.612,0.248,-8.813,8.199,1.407,10.346
27.04,-18.375,4.612,0.248,-8.813,8.199,1.407,10.346
27.06,-18.364,4.635,0.248,-8.774,8.162,1.436,10.355
27.08,-18.364,4.635,0.248,-8.774,8.162,1.436,10.355
27.10,-18.334,4.657,0.248,-8.738,8.125,1.463,10.346
27.13,-18.334,4.657,0.248,-8.738,8.125,1.463,10.346
27.15,-18.310,4.668,0.248,-8.703,8.088,1.489,10.344
27.17,-18.310,4.668,0.248,-8.703,8.088,1.489,10.344
27.19,-18.289,4.685,0.248,-8.667,8.047,1.515,10.344
27.21,-18.289,4.685,0.248,-8.667,8.047,1.515,10.344
27.23,-18.297,4.695,0.248,-8.631,8.003,1.540,10.371
27.25,-18.297,4.695,0.248,-8.631,8.003,1.540,10.371
27.27,-18.313,4.691,0.248,-8.601,7.966,1.559,10.407
27.29,-18.313,4.691,0.248,-8.601,7.966,1.559,10.407
27.31,-18.347,4.682,0.248,-8.556,7.906,1.587,10.470
27.34,-18.347,4.682,0.248,-8.556,7.906,1.587,10.470
27.36,-18.347,4.682,0.248,-8.556,7.906,1.587,10.470
27.38,-18.401,4.666,0.248,-8.524,7.863,1.604,10.546
27.40,-18.401,4.666,0.248,-8.524,7.863,1.604,10.546
27.42,-18.428,4.650,0.247,-8.497,7.826,1.616,10.592
27.44,-18.428,4.650,0.247,-8.497,7.826,1.616,10.592
27.46,-18.461,4.646,0.248,-8.469,7.789,1.627,10.641
27.48,-18.461,4.646,0.248,-8.469,7.789,1.627,10.641
27.50,-18.516,4.654,0.248,-8.440,7.750,1.635,10.708
27.52,-18.516,4.654,0.248,-8.440,7.750,1.635,10.708
27.55,-18.562,4.655,0.248,-8.395,7.697,1.639,10.779
27.57,-18.562,4.655,0.248,-8.395,7.697,1.639,10.779
27.59,-18.596,4.653,0.248,-8.367,7.661,1.643,10.829
27.61,-18.596,4.653,0.248,-8.367,7.661,1.643,10.829
27.63,-18.638,4.643,0.248,-8.338,7.626,1.645,10.889
27.65,-18.638,4.643,0.248,-8.338,7.626,1.645,10.889
27.67,-18.674,4.646,0.249,-8.306,7.587,1.646,10.942
27.69,-18.674,4.646,0.249,-8.306,7.587,1.646,10.942
27.71,-18.705,4.649,0.249,-8.276,7.553,1.646,10.990
27.73,-18.705,4.649,0.249,-8.276,7.553,1.646,10.990
27.76,-18.722,4.662,0.250,-8.240,7.513,1.643,11.026
27.78,-18.722,4.662,0.250,-8.240,7.513,1.643,11.026
27.80,-18.730,4.689,0.250,-8.192,7.461,1.638,11.059
27.82,-18.730,4.689,0.250,-8.192,7.461,1.638,11.059
27.84,-18.738,4.721,0.250,-8.157,7.426,1.633,11.082
27.86,-18.738,4.721,0.250,-8.157,7.426,1.633,11.082
27.88,-18.738,4.721,0.250,-8.157,7.426,1.633,11.082
27.90,-18.717,4.751,0.251,-8.119,7.388,1.627,11.082
27.92,-18.717,4.751,0.251,-8.119,7.388,1.627,11.082
27.95,-18.695,4.777,0.251,-8.076,7.348,1.619,11.085
27.97,-18.695,4.777,0.251,-8.076,7.348,1.619,11.085
27.99,-18.666,4.825,0.251,-8.039,7.314,1.612,11.072
28.01,-18.666,4.825,0.251,-8.039,7.314,1.612,11.072
28.03,-18.618,4.882,0.252,-8.000,7.279,1.605,11.043
28.05,-18.618,4.882,0.252,-8.000,7.279,1.605,11.043
28.07,-18.564,4.924,0.252,-7.959,7.243,1.596,11.012
28.09,-18.564,4.924,0.252,-7.959,7.243,1.596,11.012
28.11,-18.495,4.956,0.253,-7.921,7.210,1.589,10.967
28.14,-18.495,4.956,0.253,-7.921,7.210,1.589,10.967
28.16,-18.417,4.967,0.253,-7.879,7.175,1.581,10.922
28.18,-18.417,4.967,0.253,-7.879,7.175,1.581,10.922
28.20,-18.341,4.973,0.253,-7.837,7.139,1.573,10.879
28.22,-18.341,4.973,0.253,-7.837,7.139,1.573,10.879
28.24,-18.246,4.969,0.254,-7.794,7.103,1.564,10.822
28.26,-18.246,4.969,0.254,-7.794,7.103,1.564,10.822
28.28,-18.158,4.954,0.254,-7.749,7.065,1.556,10.774
28.31,-18.158,4.954,0.254,-7.749,7.065,1.556,10.774
28.33,-18.015,4.933,0.255,-7.674,7.002,1.543,10.699
28.35,-18.015,4.933,0.255,-7.674,7.002,1.543,10.699
28.37,-18.015,4.933,0.255,-7.674,7.002,1.543,10.699
28.39,-17.875,4.910,0.256,-7.631,6.965,1.535,10.601
28.41,-17.875,4.910,0.256,-7.631,6.965,1.535,10.601
28.43,-17.788,4.899,0.256,-7.588,6.927,1.528,10.552
28.45,-17.788,4.899,0.256,-7.588,6.927,1.528,10.552
28.48,-17.697,4.890,0.257,-7.541,6.886,1.521,10.501
28.50,-17.697,4.890,0.257,-7.541,6.886,1.521,10.501
28.52,-17.620,4.870,0.257,-7.500,6.848,1.516,10.463
28.54,-17.620,4.870,0.257,-7.500,6.848,1.516,10.463
28.56,-17.558,4.827,0.258,-7.454,6.803,1.510,10.446
28.58,-17.558,4.827,0.258,-7.454,6.803,1.510,10.446
28.60,-17.501,4.757,0.258,-7.414,6.764,1.505,10.434
28.62,-17.501,4.757,0.258,-7.414,6.764,1.505,10.434
28.64,-17.471,4.687,0.259,-7.373,6.721,1.501,10.450
28.67,-17.471,4.687,0.259,-7.373,6.721,1.501,10.450
28.69,-17.443,4.623,0.260,-7.336,6.681,1.497,10.463
28.71,-17.443,4.623,0.260,-7.336,6.681,1.497,10.463
28.73,-17.397,4.542,0.260,-7.296,6.635,1.494,10.463
28.75,-17.397,4.542,0.260,-7.296,6.635,1.494,10.463
28.77,-17.334,4.450,0.261,-7.264,6.594,1.492,10.444
28.79,-17.334,4.450,0.261,-7.264,6.594,1.492,10.444
28.81,-17.285,4.386,0.262,-7.215,6.528,1.490,10.444
28.84,-17.285,4.386,0.262,-7.215,6.528,1.490,10.444
28.86,-17.285,4.386,0.262,-7.215,6.528,1.490,10.444
28.88,-17.239,4.301,0.263,-7.183,6.480,1.489,10.438
28.90,-17.239,4.301,0.263,-7.183,6.480,1.489,10.438
28.92,-17.206,4.251,0.263,-7.157,6.438,1.488,10.433
28.94,-17.206,4.251,0.263,-7.157,6.438,1.488,10.433
28.96,-17.157,4.207,0.264,-7.133,6.395,1.489,10.409
28.98,-17.157,4.207,0.264,-7.133,6.395,1.489,10.409
29.01,-17.113,4.164,0.264,-7.110,6.350,1.489,10.388
29.03,-17.113,4.164,0.264,-7.110,6.350,1.489,10.388
29.05,-17.070,4.109,0.265,-7.088,6.302,1.490,10.370
29.07,-17.070,4.109,0.265,-7.088,6.302,1.490,10.370
29.09,-17.020,4.021,0.266,-7.067,6.249,1.491,10.349
29.11,-17.020,4.021,0.266,-7.067,6.249,1.491,10.349
29.13,-16.992,3.961,0.266,-7.051,6.203,1.493,10.341
29.15,-16.992,3.961,0.266,-7.051,6.203,1.493,10.341
29.17,-16.964,3.909,0.267,-7.035,6.153,1.495,10.331
29.20,-16.964,3.909,0.267,-7.035,6.153,1.495,10.331
29.22,-16.928,3.868,0.267,-7.022,6.103,1.497,10.307
29.24,-16.928,3.868,0.267,-7.022,6.103,1.497,10.307
29.26,-16.893,3.836,0.268,-7.009,6.047,1.499,10.282
29.28,-16.893,3.836,0.268,-7.009,6.047,1.499,10.282
29.30,-16.864,3.806,0.268,-7.019,6.012,1.498,10.243
29.32,-16.864,3.806,0.268,-7.019,6.012,1.498,10.243
29.34,-16.822,3.781,0.268,-7.011,5.970,1.500,10.207
29.37,-16.822,3.781,0.268,-7.011,5.970,1.500,10.207
29.39,-16.822,3.781,0.268,-7.011,5.970,1.500,10.207
29.41,-16.788,3.766,0.268,-7.004,5.911,1.502,10.171
29.43,-16.788,3.766,0.268,-7.004,5.911,1.502,10.171
29.45,-16.769,3.773,0.268,-6.999,5.861,1.504,10.146
29.47,-16.769,3.773,0.268,-6.999,5.861,1.504,10.146
29.49,-16.758,3.793,0.269,-6.995,5.819,1.505,10.128
29.51,-16.758,3.793,0.269,-6.995,5.819,1.505,10.128
29.54,-16.750,3.798,0.269,-6.992,5.754,1.507,10.110
29.56,-16.750,3.798,0.269,-6.992,5.754,1.507,10.110
29.58,-16.733,3.797,0.269,-6.989,5.694,1.509,10.085
29.60,-16.733,3.797,0.269,-6.989,5.694,1.509,10.085
29.62,-16.701,3.789,0.269,-6.985,5.624,1.511,10.046
29.64,-16.701,3.789,0.269,-6.985,5.624,1.511,10.046
29.66,-16.652,3.788,0.269,-6.985,5.628,1.511,10.000
29.68,-16.652,3.788,0.269,-6.985,5.628,1.511,10.000
29.70,-16.618,3.801,0.270,-6.982,5.565,1.513,9.957
29.73,-16.618,3.801,0.270,-6.982,5.565,1.513,9.957
29.75,-16.576,3.815,0.270,-6.976,5.498,1.517,9.908
29.77,-16.576,3.815,0.270,-6.976,5.498,1.517,9.908
29.79,-16.513,3.816,0.270,-6.967,5.423,1.524,9.846
29.81,-16.513,3.816,0.270,-6.967,5.423,1.524,9.846
29.83,-16.468,3.812,0.270,-6.947,5.320,1.539,9.808
29.85,-16.468,3.812,0.270,-6.947,5.320,1.539,9.808
29.87,-16.468,3.812,0.270,-6.947,5.320,1.539,9.808
29.90,-16.394,3.792,0.271,-6.927,5.245,1.553,9.749
29.92,-16.394,3.792,0.271,-6.927,5.245,1.553,9.749
29.94,-16.318,3.745,0.271,-6.900,5.166,1.569,9.700
29.96,-16.318,3.745,0.271,-6.900,5.166,1.569,9.700
29.98,-16.253,3.682,0.271,-6.863,5.079,1.587,9.674
30.00,-16.253,3.682,0.271,-6.863,5.079,1.587,9.674
30.02,-16.203,3.621,0.271,-6.823,5.003,1.602,9.664
30.04,-16.203,3.621,0.271,-6.823,5.003,1.602,9.664
30.06,-16.114,3.517,0.271,-6.776,4.926,1.616,9.631
30.08,-16.114,3.517,0.271,-6.776,4.926,1.616,9.631
30.11,-16.059,3.443,0.271,-6.718,4.848,1.628,9.635
30.13,-16.059,3.443,0.271,-6.718,4.848,1.628,9.635
30.15,-16.006,3.338,0.271,-6.714,4.839,1.623,9.602
30.17,-16.006,3.338,0.271,-6.714,4.839,1.623,9.602
30.19,-15.949,3.247,0.271,-6.649,4.772,1.626,9.614
30.21,-15.949,3.247,0.271,-6.649,4.772,1.626,9.614
30.23,-15.897,3.163,0.272,-6.577,4.706,1.626,9.635
30.25,-15.897,3.163,0.272,-6.577,4.706,1.626,9.635
30.28,-15.849,3.089,0.272,-6.499,4.640,1.623,9.665
30.30,-15.849,3.089,0.272,-6.499,4.640,1.623,9.665
30.32,-15.809,3.039,0.272,-6.372,4.544,1.610,9.740
30.34,-15.809,3.039,0.272,-6.372,4.544,1.610,9.740
30.36,-15.771,3.005,0.273,-6.373,4.539,1.612,9.708
30.38,-15.771,3.005,0.273,-6.373,4.539,1.612,9.708
30.40,-15.771,3.005,0.273,-6.373,4.539,1.612,9.708
30.42,-15.755,2.966,0.273,-6.292,4.485,1.597,9.765
30.45,-15.755,2.966,0.273,-6.292,4.485,1.597,9.765
30.47,-15.761,2.942,0.273,-6.206,4.432,1.578,9.846
30.49,-15.761,2.942,0.273,-6.206,4.432,1.578,9.846
30.51,-15.786,2.918,0.273,-6.116,4.377,1.556,9.950
30.53,-15.786,2.918,0.273,-6.116,4.377,1.556,9.950
30.55,-15.801,2.895,0.273,-6.038,4.332,1.535,10.033
30.57,-15.801,2.895,0.273,-6.038,4.332,1.535,10.033
30.59,-15.798,2.876,0.273,-5.962,4.290,1.514,10.096
30.61,-15.798,2.876,0.273,-5.962,4.290,1.514,10.096
30.64,-15.781,2.869,0.273,-5.886,4.248,1.491,10.145
30.66,-15.781,2.869,0.273,-5.886,4.248,1.491,10.145
30.68,-15.767,2.870,0.273,-5.810,4.206,1.466,10.196
30.70,-15.767,2.870,0.273,-5.810,4.206,1.466,10.196
30.72,-15.746,2.886,0.273,-5.733,4.164,1.440,10.239
30.74,-15.746,2.886,0.273,-5.733,4.164,1.440,10.239
30.76,-15.727,2.908,0.273,-5.669,4.129,1.418,10.272
30.78,-15.727,2.908,0.273,-5.669,4.129,1.418,10.272
30.81,-15.714,2.921,0.272,-5.603,4.092,1.395,10.314
30.83,-15.714,2.921,0.272,-5.603,4.092,1.395,10.314
30.85,-15.694,2.935,0.272,-5.512,4.040,1.361,10.371
30.87,-15.694,2.935,0.272,-5.512,4.040,1.361,10.371
30.89,-15.694,2.935,0.272,-5.512,4.040,1.361,10.371
30.91,-15.666,2.969,0.272,-5.462,4.011,1.343,10.384
30.93,-15.666,2.969,0.272,-5.462,4.011,1.343,10.384
30.95,-15.651,2.980,0.272,-5.414,3.981,1.325,10.409
30.98,-15.651,2.980,0.272,-5.414,3.981,1.325,10.409
31.00,-15.619,2.977,0.272,-5.368,3.952,1.308,10.418
31.02,-15.619,2.977,0.272,-5.368,3.952,1.308,10.418
31.04,-15.593,2.958,0.272,-5.324,3.921,1.293,10.431
31.06,-15.593,2.958,0.272,-5.324,3.921,1.293,10.431
31.08,-15.558,2.927,0.272,-5.290,3.896,1.281,10.430
31.10,-15.558,2.927,0.272,-5.290,3.896,1.281,10.430
31.12,-15.548,2.884,0.271,-5.259,3.871,1.271,10.451
31.14,-15.548,2.884,0.271,-5.259,3.871,1.271,10.451
31.16,-15.547,2.848,0.271,-5.228,3.844,1.262,10.480
31.19,-15.547,2.848,0.271,-5.228,3.844,1.262,10.480
31.21,-15.556,2.817,0.270,-5.199,3.817,1.255,10.517
31.23,-15.556,2.817,0.270,-5.199,3.817,1.255,10.517
31.25,-15.571,2.806,0.269,-5.176,3.794,1.250,10.551
31.27,-15.571,2.806,0.269,-5.176,3.794,1.250,10.551
31.29,-15.585,2.809,0.269,-5.156,3.771,1.248,10.582
31.31,-15.585,2.809,0.269,-5.156,3.771,1.248,10.582
31.34,-15.592,2.812,0.268,-5.128,3.735,1.249,10.614
31.36,-15.592,2.812,0.268,-5.128,3.735,1.249,10.614
31.38,-15.592,2.812,0.268,-5.128,3.735,1.249,10.614
31.40,-15.621,2.833,0.268,-5.115,3.716,1.251,10.652
31.42,-15.621,2.833,0.268,-5.115,3.716,1.251,10.652
31.44,-15.646,2.842,0.267,-5.101,3.694,1.255,10.688
31.46,-15.646,2.842,0.267,-5.101,3.694,1.255,10.688
31.48,-15.679,2.862,0.267,-5.091,3.677,1.261,10.728
31.50,-15.679,2.862,0.267,-5.091,3.677,1.261,10.728
31.53,-15.701,2.870,0.267,-5.075,3.742,1.287,10.774
31.55,-15.701,2.870,0.267,-5.075,3.742,1.287,10.774
31.57,-15.762,2.878,0.267,-5.077,3.742,1.300,10.833
31.59,-15.762,2.878,0.267,-5.077,3.742,1.300,10.833
31.61,-15.810,2.894,0.267,-5.087,3.785,1.324,10.877
31.63,-15.810,2.894,0.267,-5.087,3.785,1.324,10.877
31.65,-15.836,2.919,0.267,-5.099,3.801,1.339,10.893
31.67,-15.836,2.919,0.267,-5.099,3.801,1.339,10.893
31.70,-15.835,2.949,0.267,-5.118,3.843,1.363,10.877
31.72,-15.835,2.949,0.267,-5.118,3.843,1.363,10.877
31.74,-15.804,2.980,0.268,-5.139,3.877,1.384,10.830
31.76,-15.804,2.980,0.268,-5.139,3.877,1.384,10.830
31.78,-15.749,3.011,0.268,-5.159,3.912,1.403,10.759
31.80,-15.749,3.011,0.268,-5.159,3.912,1.403,10.759
31.82,-15.695,3.056,0.268,-5.193,3.973,1.433,10.679
31.84,-15.695,3.056,0.268,-5.193,3.973,1.433,10.679
31.87,-15.658,3.089,0.269,-5.218,4.024,1.456,10.623
31.89,-15.658,3.089,0.269,-5.218,4.024,1.456,10.623
31.91,-15.658,3.089,0.269,-5.218,4.024,1.456,10.623
31.93,-15.558,3.167,0.269,-5.241,4.073,1.477,10.503
31.95,-15.558,3.167,0.269,-5.241,4.073,1.477,10.503
31.97,-15.489,3.208,0.270,-5.267,4.132,1.500,10.415
31.99,-15.489,3.208,0.270,-5.267,4.132,1.500,10.415
32.01,-15.415,3.246,0.270,-5.289,4.186,1.520,10.326
32.03,-15.415,3.246,0.270,-5.289,4.186,1.520,10.326
32.05,-15.351,3.286,0.271,-5.300,4.214,1.530,10.253
32.08,-15.351,3.286,0.271,-5.300,4.214,1.530,10.253
32.10,-15.313,3.315,0.271,-5.322,4.241,1.540,10.197
32.12,-15.313,3.315,0.271,-5.322,4.241,1.540,10.197
32.14,-15.294,3.347,0.272,-5.345,4.309,1.562,10.162
32.16,-15.294,3.347,0.272,-5.345,4.309,1.562,10.162
32.18,-15.276,3.413,0.273,-5.365,4.369,1.581,10.128
32.20,-15.276,3.413,0.273,-5.365,4.369,1.581,10.128
32.22,-15.263,3.490,0.273,-5.346,4.310,1.563,10.119
32.24,-15.263,3.490,0.273,-5.346,4.310,1.563,10.119
32.26,-15.245,3.587,0.274,-5.244,4.277,1.602,10.198
32.29,-15.245,3.587,0.274,-5.244,4.277,1.602,10.198
32.31,-15.232,3.713,0.275,-5.146,4.317,1.623,10.281
32.33,-15.232,3.713,0.275,-5.146,4.317,1.623,10.281
32.35,-15.216,3.934,0.275,-5.047,4.295,1.590,10.345
32.37,-15.216,3.934,0.275,-5.047,4.295,1.590,10.345
32.39,-15.216,3.934,0.275,-5.047,4.295,1.590,10.345
32.41,-15.200,4.175,0.277,-4.961,4.242,1.575,10.405
32.43,-15.200,4.175,0.277,-4.961,4.242,1.575,10.405
32.46,-15.181,4.329,0.277,-4.954,4.241,1.575,10.394
32.48,-15.181,4.329,0.277,-4.954,4.241,1.575,10.394
32.50,-15.144,4.462,0.278,-4.865,4.198,1.563,10.446
32.52,-15.144,4.462,0.278,-4.865,4.198,1.563,10.446
32.54,-15.090,4.579,0.279,-4.857,4.196,1.562,10.405
32.56,-15.090,4.579,0.279,-4.857,4.196,1.562,10.405
32.58,-15.005,4.701,0.280,-4.843,4.194,1.562,10.340
32.60,-15.005,4.701,0.280,-4.843,4.194,1.562,10.340
32.62,-14.924,4.785,0.281,-4.822,4.197,1.562,10.286
32.64,-14.924,4.785,0.281,-4.822,4.197,1.562,10.286
32.66,-14.840,4.857,0.282,-4.794,4.208,1.562,10.234
32.69,-14.840,4.857,0.282,-4.794,4.208,1.562,10.234
32.71,-14.759,4.915,0.282,-4.750,4.231,1.563,10.201
32.73,-14.759,4.915,0.282,-4.750,4.231,1.563,10.201
32.75,-14.694,4.962,0.282,-4.703,4.262,1.560,10.184
32.77,-14.694,4.962,0.282,-4.703,4.262,1.560,10.184
32.79,-14.615,4.997,0.281,-4.645,4.303,1.550,10.161
32.81,-14.615,4.997,0.281,-4.645,4.303,1.550,10.161
32.83,-14.557,5.001,0.281,-4.543,4.380,1.515,10.193
32.85,-14.557,5.001,0.281,-4.543,4.380,1.515,10.193
32.88,-14.485,4.975,0.279,-4.460,4.442,1.474,10.191
32.90,-14.485,4.975,0.279,-4.460,4.442,1.474,10.191
32.92,-14.485,4.975,0.279,-4.460,4.442,1.474,10.191
32.94,-14.407,4.941,0.278,-4.385,4.495,1.429,10.176
32.96,-14.407,4.941,0.278,-4.385,4.495,1.429,10.176
32.98,-14.353,4.913,0.277,-4.309,4.544,1.375,10.185
33.00,-14.353,4.913,0.277,-4.309,4.544,1.375,10.185
33.02,-14.307,4.885,0.275,-4.224,4.591,1.308,10.211
33.04,-14.307,4.885,0.275,-4.224,4.591,1.308,10.211
33.06,-14.278,4.864,0.274,-4.146,4.625,1.242,10.247
33.08,-14.278,4.864,0.274,-4.146,4.625,1.242,10.247
33.11,-14.255,4.836,0.273,-4.056,4.653,1.164,10.302
33.13,-14.255,4.836,0.273,-4.056,4.653,1.164,10.302
33.15,-14.243,4.812,0.272,-3.977,4.667,1.099,10.358
33.17,-14.243,4.812,0.272,-3.977,4.667,1.099,10.358
33.19,-14.247,4.779,0.271,-3.898,4.672,1.039,10.432
33.21,-14.247,4.779,0.271,-3.898,4.672,1.039,10.432
33.23,-14.248,4.750,0.270,-3.810,4.665,0.984,10.514
33.25,-14.248,4.750,0.270,-3.810,4.665,0.984,10.514
33.28,-14.252,4.709,0.268,-3.718,4.646,0.938,10.603
33.30,-14.252,4.709,0.268,-3.718,4.646,0.938,10.603
33.32,-14.249,4.654,0.267,-3.637,4.619,0.908,10.676
33.34,-14.249,4.654,0.267,-3.637,4.619,0.908,10.676
33.36,-14.237,4.607,0.267,-3.517,4.561,0.882,10.782
33.38,-14.237,4.607,0.267,-3.517,4.561,0.882,10.782
33.40,-14.237,4.607,0.267,-3.517,4.561,0.882,10.782
33.42,-14.223,4.515,0.265,-3.429,4.507,0.876,10.854
33.44,-14.223,4.515,0.265,-3.429,4.507,0.876,10.854
33.47,-14.213,4.485,0.264,-3.349,4.451,0.881,10.924
33.49,-14.213,4.485,0.264,-3.349,4.451,0.881,10.924
33.51,-14.190,4.446,0.263,-3.256,4.381,0.897,10.995
33.53,-14.190,4.446,0.263,-3.256,4.381,0.897,10.995
33.55,-14.162,4.406,0.262,-3.246,4.380,0.885,10.977
33.57,-14.162,4.406,0.262,-3.246,4.380,0.885,10.977
33.59,-14.124,4.381,0.261,-3.242,4.374,0.880,10.942
33.61,-14.124,4.381,0.261,-3.242,4.374,0.880,10.942
33.64,-14.090,4.364,0.260,-3.158,4.319,0.911,10.995
33.66,-14.090,4.364,0.260,-3.158,4.319,0.911,10.995
33.68,-14.067,4.344,0.259,-3.138,4.305,0.912,10.992
33.70,-14.067,4.344,0.259,-3.138,4.305,0.912,10.992
33.72,-14.053,4.326,0.258,-3.126,4.294,0.911,10.989
33.74,-14.053,4.326,0.258,-3.126,4.294,0.911,10.989
33.76,-14.052,4.291,0.258,-3.051,4.255,0.945,11.067
33.78,-14.052,4.291,0.258,-3.051,4.255,0.945,11.067
33.81,-14.051,4.242,0.257,-2.969,4.216,0.984,11.151
33.83,-14.051,4.242,0.257,-2.969,4.216,0.984,11.151
33.85,-14.040,4.215,0.257,-2.849,4.165,1.042,11.267
33.87,-14.040,4.215,0.257,-2.849,4.165,1.042,11.267
33.89,-14.038,4.209,0.256,-2.899,4.179,0.989,11.209
33.91,-14.038,4.209,0.256,-2.899,4.179,0.989,11.209
33.93,-14.038,4.209,0.256,-2.899,4.179,0.989,11.209
33.95,-14.046,4.204,0.256,-2.827,4.152,1.022,11.292
33.98,-14.046,4.204,0.256,-2.827,4.152,1.022,11.292
34.00,-14.066,4.192,0.255,-2.750,4.124,1.057,11.392
34.02,-14.066,4.192,0.255,-2.750,4.124,1.057,11.392
34.04,-14.090,4.189,0.255,-2.681,4.101,1.086,11.488
34.06,-14.090,4.189,0.255,-2.681,4.101,1.086,11.488
34.08,-14.127,4.200,0.255,-2.603,4.078,1.118,11.606
34.10,-14.127,4.200,0.255,-2.603,4.078,1.118,11.606
34.12,-14.163,4.223,0.254,-2.565,4.066,1.133,11.681
34.14,-14.163,4.223,0.254,-2.565,4.066,1.133,11.681
34.17,-14.188,4.244,0.254,-2.499,4.049,1.157,11.776
34.19,-14.188,4.244,0.254,-2.499,4.049,1.157,11.776
34.21,-14.228,4.265,0.254,-2.469,4.042,1.167,11.847
34.23,-14.228,4.265,0.254,-2.469,4.042,1.167,11.847
34.25,-14.290,4.290,0.254,-2.395,4.024,1.190,11.985
34.27,-14.290,4.290,0.254,-2.395,4.024,1.190,11.985
34.29,-14.333,4.310,0.254,-2.327,4.007,1.208,12.098
34.31,-14.333,4.310,0.254,-2.327,4.007,1.208,12.098
34.34,-14.378,4.338,0.255,-2.251,3.985,1.224,12.221
34.36,-14.378,4.338,0.255,-2.251,3.985,1.224,12.221
34.38,-14.419,4.357,0.255,-2.157,3.953,1.240,12.360
34.40,-14.419,4.357,0.255,-2.157,3.953,1.240,12.360
34.42,-14.419,4.357,0.255,-2.157,3.953,1.240,12.360
34.44,-14.485,4.420,0.256,-2.078,3.926,1.250,12.508
34.46,-14.485,4.420,0.256,-2.078,3.926,1.250,12.508
34.48,-14.528,4.470,0.256,-1.997,3.896,1.260,12.635
34.50,-14.528,4.470,0.256,-1.997,3.896,1.260,12.635
34.53,-14.576,4.511,0.257,-1.908,3.861,1.271,12.776
34.55,-14.576,4.511,0.257,-1.908,3.861,1.271,12.776
34.57,-14.636,4.558,0.258,-1.816,3.824,1.284,12.934
34.59,-14.636,4.558,0.258,-1.816,3.824,1.284,12.934
34.61,-14.666,4.583,0.259,-1.735,3.790,1.296,13.048
34.63,-14.666,4.583,0.259,-1.735,3.790,1.296,13.048
34.65,-14.705,4.604,0.260,-1.655,3.756,1.310,13.171
34.67,-14.705,4.604,0.260,-1.655,3.756,1.310,13.171
34.70,-14.731,4.631,0.260,-1.575,3.722,1.325,13.282
34.72,-14.731,4.631,0.260,-1.575,3.722,1.325,13.282
34.74,-14.762,4.659,0.261,-1.487,3.687,1.343,13.407
34.76,-14.762,4.659,0.261,-1.487,3.687,1.343,13.407
34.78,-14.806,4.695,0.261,-1.395,3.652,1.364,13.550
34.80,-14.806,4.695,0.261,-1.395,3.652,1.364,13.550
34.82,-14.851,4.734,0.261,-1.315,3.626,1.382,13.681
34.84,-14.851,4.734,0.261,-1.315,3.626,1.382,13.681
34.87,-14.882,4.777,0.261,-1.187,3.595,1.409,13.848
34.89,-14.882,4.777,0.261,-1.187,3.595,1.409,13.848
34.91,-14.882,4.777,0.261,-1.187,3.595,1.409,13.848
34.93,-14.882,4.840,0.261,-1.094,3.582,1.427,13.948
34.95,-14.882,4.840,0.261,-1.094,3.582,1.427,13.948
34.97,-14.857,4.902,0.261,-1.014,3.579,1.440,14.010
34.99,-14.857,4.902,0.261,-1.014,3.579,1.440,14.010
35.01,-14.823,4.972,0.261,-0.934,3.584,1.450,14.063
35.04,-14.823,4.972,0.261,-0.934,3.584,1.450,14.063
35.06,-14.792,5.049,0.260,-0.846,3.599,1.458,14.126
35.08,-14.792,5.049,0.260,-0.846,3.599,1.458,14.126
35.10,-14.770,5.128,0.260,-0.754,3.627,1.462,14.201
35.12,-14.770,5.128,0.260,-0.754,3.627,1.462,14.201
35.14,-14.753,5.230,0.259,-0.674,3.661,1.462,14.270
35.16,-14.753,5.230,0.259,-0.674,3.661,1.462,14.270
35.18,-14.752,5.314,0.259,-0.593,3.705,1.458,14.353
35.20,-14.752,5.314,0.259,-0.593,3.705,1.458,14.353
35.23,-14.757,5.401,0.258,-0.506,3.764,1.449,14.446
35.25,-14.757,5.401,0.258,-0.506,3.764,1.449,14.446
35.27,-14.786,5.511,0.258,-0.415,3.835,1.434,14.567
35.29,-14.786,5.511,0.258,-0.415,3.835,1.434,14.567
35.31,-14.805,5.582,0.258,-0.338,3.903,1.417,14.660
35.33,-14.805,5.582,0.258,-0.338,3.903,1.417,14.660
35.35,-14.803,5.647,0.257,-0.224,4.015,1.382,14.761
35.37,-14.803,5.647,0.257,-0.224,4.015,1.382,14.761
35.40,-14.792,5.700,0.257,-0.221,3.997,1.387,14.762
35.42,-14.792,5.700,0.257,-0.221,3.997,1.387,14.762
35.44,-14.792,5.700,0.257,-0.221,3.997,1.387,14.762
35.46,-14.773,5.819,0.257,-0.143,4.089,1.346,14.818
35.48,-14.773,5.819,0.257,-0.143,4.089,1.346,14.818
35.50,-14.751,5.916,0.256,-0.078,4.170,1.306,14.859
35.52,-14.751,5.916,0.256,-0.078,4.170,1.306,14.859
35.54,-14.748,6.010,0.256,-0.014,4.253,1.261,14.915
35.56,-14.748,6.010,0.256,-0.014,4.253,1.261,14.915
35.59,-14.758,6.100,0.256,0.050,4.340,1.210,14.984
35.61,-14.758,6.100,0.256,0.050,4.340,1.210,14.984
35.63,-14.764,6.181,0.256,0.107,4.421,1.161,15.042
35.65,-14.764,6.181,0.256,0.107,4.421,1.161,15.042
35.67,-14.785,6.269,0.256,0.170,4.512,1.101,15.119
35.69,-14.785,6.269,0.256,0.170,4.512,1.101,15.119
35.71,-14.814,6.351,0.257,0.222,4.588,1.049,15.196
35.73,-14.814,6.351,0.257,0.222,4.588,1.049,15.196
35.75,-14.829,6.412,0.257,0.278,4.669,0.991,15.258
35.78,-14.829,6.412,0.257,0.278,4.669,0.991,15.258
35.80,-14.866,6.509,0.257,0.333,4.751,0.930,15.347
35.82,-14.866,6.509,0.257,0.333,4.751,0.930,15.347
35.84,-14.901,6.583,0.258,0.379,4.818,0.878,15.423
35.86,-14.901,6.583,0.258,0.379,4.818,0.878,15.423
35.88,-14.953,6.670,0.258,0.445,4.913,0.800,15.534
35.90,-14.953,6.670,0.258,0.445,4.913,0.800,15.534
35.92,-14.953,6.670,0.258,0.445,4.913,0.800,15.534
35.95,-15.029,6.757,0.259,0.491,4.978,0.745,15.654
35.97,-15.029,6.757,0.259,0.491,4.978,0.745,15.654
35.99,-15.097,6.833,0.259,0.531,5.034,0.696,15.761
36.01,-15.097,6.833,0.259,0.531,5.034,0.696,15.761
36.03,-15.139,6.891,0.259,0.576,5.093,0.642,15.844
36.05,-15.139,6.891,0.259,0.576,5.093,0.642,15.844
36.07,-15.182,6.957,0.260,0.613,5.140,0.598,15.922
36.09,-15.182,6.957,0.260,0.613,5.140,0.598,15.922
36.12,-15.205,7.016,0.260,0.651,5.184,0.554,15.981
36.14,-15.205,7.016,0.260,0.651,5.184,0.554,15.981
36.16,-15.212,7.093,0.260,0.688,5.227,0.511,16.028
36.18,-15.212,7.093,0.260,0.688,5.227,0.511,16.028
36.20,-15.202,7.210,0.260,0.727,5.268,0.468,16.064
36.22,-15.202,7.210,0.260,0.727,5.268,0.468,16.064
36.24,-15.190,7.270,0.260,0.760,5.300,0.433,16.086
36.26,-15.190,7.270,0.260,0.760,5.300,0.433,16.086
36.29,-15.167,7.352,0.260,0.795,5.331,0.397,16.103
36.31,-15.167,7.352,0.260,0.795,5.331,0.397,16.103
36.33,-15.135,7.399,0.260,0.826,5.357,0.367,16.103
36.35,-15.135,7.399,0.260,0.826,5.357,0.367,16.103
36.37,-15.096,7.433,0.260,0.875,5.392,0.323,16.112
36.39,-15.096,7.433,0.260,0.875,5.392,0.323,16.112
36.41,-15.072,7.456,0.260,0.947,5.410,0.291,16.158
36.43,-15.072,7.456,0.260,0.947,5.410,0.291,16.158
36.45,-15.072,7.456,0.260,0.947,5.410,0.291,16.158
36.47,-15.037,7.496,0.259,0.955,5.415,0.285,16.136
36.50,-15.037,7.496,0.259,0.955,5.415,0.285,16.136
36.52,-15.016,7.516,0.259,0.955,5.415,0.285,16.117
36.54,-15.016,7.516,0.259,0.955,5.415,0.285,16.117
36.56,-14.982,7.528,0.259,0.955,5.415,0.285,16.085
36.58,-14.982,7.528,0.259,0.955,5.415,0.285,16.085
36.60,-14.939,7.527,0.259,0.955,5.415,0.285,16.043
36.62,-14.939,7.527,0.259,0.955,5.415,0.285,16.043
36.64,-14.884,7.541,0.259,0.955,5.415,0.285,15.989
36.66,-14.884,7.541,0.259,0.955,5.415,0.285,15.989
36.68,-14.843,7.575,0.258,0.955,5.415,0.285,15.954
36.71,-14.843,7.575,0.258,0.955,5.415,0.285,15.954
36.73,-14.816,7.629,0.258,0.955,5.415,0.285,15.934
36.75,-14.816,7.629,0.258,0.955,5.415,0.285,15.934
36.77,-14.807,7.726,0.258,1.016,5.419,0.351,16.003
36.79,-14.807,7.726,0.258,1.016,5.419,0.351,16.003
36.81,-14.819,7.828,0.257,1.021,5.416,0.356,16.035
36.83,-14.819,7.828,0.257,1.021,5.416,0.356,16.035
36.86,-14.835,7.934,0.257,1.023,5.415,0.358,16.068
36.88,-14.835,7.934,0.257,1.023,5.415,0.358,16.068
36.90,-14.861,8.035,0.257,1.034,5.411,0.368,16.122
36.92,-14.861,8.035,0.257,1.034,5.411,0.368,16.122
36.94,-14.861,8.035,0.257,1.034,5.411,0.368,16.122
36.96,-14.941,8.195,0.257,1.049,5.403,0.375,16.244
36.98,-14.941,8.195,0.257,1.049,5.403,0.375,16.244
37.00,-15.005,8.274,0.256,1.071,5.389,0.378,16.346
37.03,-15.005,8.274,0.256,1.071,5.389,0.378,16.346
37.05,-15.085,8.340,0.255,1.084,5.377,0.378,16.451
37.07,-15.085,8.340,0.255,1.084,5.377,0.378,16.451
37.09,-15.167,8.386,0.254,1.124,5.345,0.370,16.585
37.11,-15.167,8.386,0.254,1.124,5.345,0.370,16.585
37.13,-15.241,8.399,0.254,1.126,5.341,0.374,16.663
37.15,-15.241,8.399,0.254,1.126,5.341,0.374,16.663
37.17,-15.314,8.388,0.253,1.124,5.345,0.388,16.730
37.19,-15.314,8.388,0.253,1.124,5.345,0.388,16.730
37.21,-15.370,8.363,0.252,1.123,5.349,0.398,16.779
37.24,-15.370,8.363,0.252,1.123,5.349,0.398,16.779
37.26,-15.431,8.333,0.251,1.190,5.287,0.380,16.909
37.28,-15.431,8.333,0.251,1.190,5.287,0.380,16.909
37.30,-15.479,8.293,0.250,1.254,5.227,0.365,17.023
37.32,-15.479,8.293,0.250,1.254,5.227,0.365,17.023
37.34,-15.522,8.255,0.249,1.250,5.217,0.369,17.056
37.36,-15.522,8.255,0.249,1.250,5.217,0.369,17.056
37.39,-15.544,8.226,0.248,1.294,5.172,0.366,17.124
37.41,-15.544,8.226,0.248,1.294,5.172,0.366,17.124
37.43,-15.544,8.226,0.248,1.294,5.172,0.366,17.124
37.45,-15.562,8.190,0.247,1.314,5.150,0.364,17.158
37.47,-15.562,8.190,0.247,1.314,5.150,0.364,17.158
37.49,-15.572,8.186,0.246,1.374,5.085,0.359,17.238
37.51,-15.572,8.186,0.246,1.374,5.085,0.359,17.238
37.53,-15.594,8.195,0.244,1.430,5.017,0.360,17.328
37.55,-15.594,8.195,0.244,1.430,5.017,0.360,17.328
37.57,-15.625,8.213,0.243,1.484,4.939,0.370,17.431
37.60,-15.625,8.213,0.243,1.484,4.939,0.370,17.431
37.62,-15.638,8.239,0.242,1.532,4.852,0.392,17.512
37.64,-15.638,8.239,0.242,1.532,4.852,0.392,17.512
37.66,-15.650,8.271,0.241,1.567,4.774,0.422,17.582
37.68,-15.650,8.271,0.241,1.567,4.774,0.422,17.582
37.70,-15.661,8.298,0.240,1.599,4.694,0.461,17.646
37.72,-15.661,8.298,0.240,1.599,4.694,0.461,17.646
37.74,-15.676,8.325,0.239,1.629,4.611,0.511,17.714
37.76,-15.676,8.325,0.239,1.629,4.611,0.511,17.714
37.79,-15.686,8.350,0.239,1.660,4.526,0.573,17.781
37.81,-15.686,8.350,0.239,1.660,4.526,0.573,17.781
37.83,-15.699,8.389,0.238,1.699,4.436,0.648,17.863
37.85,-15.699,8.389,0.238,1.699,4.436,0.648,17.863
37.87,-15.721,8.430,0.237,1.761,4.324,0.754,17.985
37.89,-15.721,8.430,0.237,1.761,4.324,0.754,17.985
37.91,-15.739,8.456,0.236,1.813,4.254,0.829,18.080
37.93,-15.739,8.456,0.236,1.813,4.254,0.829,18.080
37.95,-15.739,8.456,0.236,1.813,4.254,0.829,18.080
37.97,-15.747,8.495,0.234,1.875,4.188,0.909,18.177
38.00,-15.747,8.495,0.234,1.875,4.188,0.909,18.177
38.02,-15.722,8.515,0.233,1.951,4.129,0.993,18.250
38.04,-15.722,8.515,0.233,1.951,4.129,0.993,18.250
38.06,-15.694,8.549,0.232,2.022,4.088,1.062,18.315
38.08,-15.694,8.549,0.232,2.022,4.088,1.062,18.315
38.10,-15.672,8.597,0.231,2.099,4.056,1.130,18.393
38.12,-15.672,8.597,0.231,2.099,4.056,1.130,18.393
38.14,-15.650,8.645,0.231,2.182,4.033,1.194,18.474
38.17,-15.650,8.645,0.231,2.182,4.033,1.194,18.474
38.19,-15.628,8.701,0.230,2.273,4.020,1.256,18.562
38.21,-15.628,8.701,0.230,2.273,4.020,1.256,18.562
38.23,-15.605,8.785,0.229,2.353,4.020,1.303,18.643
38.25,-15.605,8.785,0.229,2.353,4.020,1.303,18.643
38.27,-15.587,8.831,0.229,2.433,4.029,1.344,18.715
38.29,-15.587,8.831,0.229,2.433,4.029,1.344,18.715
38.31,-15.551,8.885,0.228,2.513,4.046,1.380,18.770
38.33,-15.551,8.885,0.228,2.513,4.046,1.380,18.770
38.36,-15.497,8.958,0.228,2.602,4.074,1.412,18.818
38.38,-15.497,8.958,0.228,2.602,4.074,1.412,18.818
38.40,-15.461,9.014,0.227,2.734,4.127,1.446,18.914
38.42,-15.461,9.014,0.227,2.734,4.127,1.446,18.914
38.44,-15.461,9.014,0.227,2.734,4.127,1.446,18.914
38.46,-15.361,9.174,0.227,2.749,4.118,1.457,18.878
38.48,-15.361,9.174,0.227,2.749,4.118,1.457,18.878
38.50,-15.298,9.275,0.227,2.831,4.157,1.463,18.913
38.52,-15.298,9.275,0.227,2.831,4.157,1.463,18.913
38.54,-15.229,9.360,0.227,2.916,4.199,1.465,18.940
38.56,-15.229,9.360,0.227,2.916,4.199,1.465,18.940
38.59,-15.149,9.423,0.227,3.006,4.245,1.460,18.954
38.61,-15.149,9.423,0.227,3.006,4.245,1.460,18.954
38.63,-15.043,9.496,0.227,3.083,4.286,1.451,18.935
38.65,-15.043,9.496,0.227,3.083,4.286,1.451,18.935
38.67,-14.977,9.524,0.227,3.159,4.327,1.440,18.939
38.69,-14.977,9.524,0.227,3.159,4.327,1.440,18.939
38.71,-14.895,9.564,0.227,3.240,4.372,1.423,18.936
38.73,-14.895,9.564,0.227,3.240,4.372,1.423,18.936
38.76,-14.813,9.587,0.228,3.312,4.413,1.405,18.920
38.78,-14.813,9.587,0.228,3.312,4.413,1.405,18.920
38.80,-14.751,9.600,0.228,3.392,4.460,1.383,18.926
38.82,-14.751,9.600,0.228,3.392,4.460,1.383,18.926
38.84,-14.658,9.615,0.228,3.458,4.500,1.362,18.892
38.86,-14.658,9.615,0.228,3.458,4.500,1.362,18.892
38.88,-14.608,9.612,0.227,3.560,4.562,1.325,18.920
38.90,-14.608,9.612,0.227,3.560,4.562,1.325,18.920
38.93,-14.567,9.604,0.227,3.619,4.599,1.301,18.925
38.95,-14.567,9.604,0.227,3.619,4.599,1.301,18.925
38.97,-14.567,9.604,0.227,3.619,4.599,1.301,18.925
38.99,-14.507,9.593,0.227,3.685,4.641,1.274,18.913
39.01,-14.507,9.593,0.227,3.685,4.641,1.274,18.913
39.03,-14.419,9.583,0.227,3.738,4.676,1.249,18.866
39.05,-14.419,9.583,0.227,3.738,4.676,1.249,18.866
39.07,-14.339,9.571,0.228,3.788,4.709,1.225,18.824
39.09,-14.339,9.571,0.228,3.788,4.709,1.225,18.824
39.12,-14.282,9.556,0.228,3.840,4.744,1.199,18.804
39.14,-14.282,9.556,0.228,3.840,4.744,1.199,18.804
39.16,-14.205,9.517,0.228,3.890,4.779,1.172,18.757
39.18,-14.205,9.517,0.228,3.890,4.779,1.172,18.757
39.20,-14.147,9.463,0.229,3.931,4.807,1.149,18.718
39.22,-14.147,9.463,0.229,3.931,4.807,1.149,18.718
39.24,-14.113,9.425,0.229,3.969,4.835,1.127,18.705
39.26,-14.113,9.425,0.229,3.969,4.835,1.127,18.705
39.28,-14.070,9.376,0.229,4.007,4.862,1.104,18.679
39.31,-14.070,9.376,0.229,4.007,4.862,1.104,18.679
39.33,-14.025,9.336,0.229,4.043,4.889,1.081,18.654
39.35,-14.025,9.336,0.229,4.043,4.889,1.081,18.654
39.37,-13.946,9.293,0.229,4.072,4.910,1.062,18.588
39.39,-13.946,9.293,0.229,4.072,4.910,1.062,18.588
39.41,-13.862,9.254,0.229,4.111,4.940,1.034,18.526
39.43,-13.862,9.254,0.229,4.111,4.940,1.034,18.526
39.45,-13.862,9.254,0.229,4.111,4.940,1.034,18.526
39.47,-13.736,9.167,0.229,4.136,4.959,1.017,18.403
39.49,-13.736,9.167,0.229,4.136,4.959,1.017,18.403
39.51,-13.662,9.122,0.230,4.209,5.006,0.983,18.379
39.54,-13.662,9.122,0.230,4.209,5.006,0.983,18.379
39.56,-13.535,9.064,0.230,4.229,5.022,0.969,18.258
39.58,-13.535,9.064,0.230,4.229,5.022,0.969,18.258
39.60,-13.412,9.033,0.231,4.248,5.036,0.956,18.146
39.62,-13.412,9.033,0.231,4.248,5.036,0.956,18.146
39.65,-13.278,9.010,0.232,4.269,5.051,0.943,18.026
39.67,-13.278,9.010,0.232,4.269,5.051,0.943,18.026
39.69,-13.115,8.982,0.233,4.287,5.064,0.933,17.876
39.71,-13.115,8.982,0.233,4.287,5.064,0.933,17.876
39.73,-12.941,8.951,0.234,4.310,5.078,0.922,17.717
39.75,-12.941,8.951,0.234,4.310,5.078,0.922,17.717
39.77,-12.811,8.924,0.235,4.330,5.089,0.914,17.603
39.79,-12.811,8.924,0.235,4.330,5.089,0.914,17.603
39.81,-12.689,8.897,0.236,4.353,5.101,0.908,17.497
39.84,-12.689,8.897,0.236,4.353,5.101,0.908,17.497
39.86,-12.576,8.860,0.237,4.380,5.113,0.903,17.402
39.88,-12.576,8.860,0.237,4.380,5.113,0.903,17.402
39.90,-12.464,8.817,0.238,4.425,5.132,0.898,17.323
39.92,-12.464,8.817,0.238,4.425,5.132,0.898,17.323
39.94,-12.316,8.756,0.240,4.455,5.143,0.896,17.194
39.96,-12.316,8.756,0.240,4.455,5.143,0.896,17.194
39.98,-12.316,8.756,0.240,4.455,5.143,0.896,17.194
40.01,-12.143,8.675,0.242,4.488,5.155,0.896,17.037
40.03,-12.143,8.675,0.242,4.488,5.155,0.896,17.037
40.05,-11.963,8.568,0.244,4.527,5.168,0.896,16.876
40.07,-11.963,8.568,0.244,4.527,5.168,0.896,16.876
40.09,-11.835,8.492,0.245,4.571,5.181,0.899,16.776
40.11,-11.835,8.492,0.245,4.571,5.181,0.899,16.776
40.13,-11.699,8.427,0.246,4.613,5.194,0.902,16.668
40.16,-11.699,8.427,0.246,4.613,5.194,0.902,16.668
40.18,-11.576,8.374,0.248,4.658,5.207,0.906,16.580
40.20,-11.576,8.374,0.248,4.658,5.207,0.906,16.580
40.22,-11.453,8.318,0.249,4.708,5.221,0.911,16.496
40.24,-11.453,8.318,0.249,4.708,5.221,0.911,16.496
40.26,-11.325,8.256,0.250,4.765,5.237,0.917,16.413
40.28,-11.325,8.256,0.250,4.765,5.237,0.917,16.413
40.30,-11.246,8.222,0.250,4.818,5.251,0.924,16.378
40.33,-11.246,8.222,0.250,4.818,5.251,0.924,16.378
40.35,-11.182,8.201,0.251,4.874,5.266,0.931,16.364
40.37,-11.182,8.201,0.251,4.874,5.266,0.931,16.364
40.39,-11.097,8.183,0.251,4.935,5.282,0.939,16.335
40.41,-11.097,8.183,0.251,4.935,5.282,0.939,16.335
40.43,-10.999,8.174,0.251,5.033,5.309,0.952,16.331
40.45,-10.999,8.174,0.251,5.033,5.309,0.952,16.331
40.47,-10.999,8.174,0.251,5.033,5.309,0.952,16.331
40.49,-10.889,8.171,0.250,5.095,5.325,0.960,16.280
40.52,-10.889,8.171,0.250,5.095,5.325,0.960,16.280
40.54,-10.805,8.184,0.250,5.132,5.336,0.964,16.235
40.56,-10.805,8.184,0.250,5.132,5.336,0.964,16.235
40.58,-10.721,8.214,0.250,5.199,5.354,0.973,16.221
40.60,-10.721,8.214,0.250,5.199,5.354,0.973,16.221
40.62,-10.608,8.244,0.250,5.272,5.375,0.982,16.184
40.64,-10.608,8.244,0.250,5.272,5.375,0.982,16.184
40.66,-10.509,8.257,0.250,5.341,5.395,0.991,16.154
40.69,-10.509,8.257,0.250,5.341,5.395,0.991,16.154
40.71,-10.421,8.254,0.250,5.413,5.416,1.000,16.135
40.73,-10.421,8.254,0.250,5.413,5.416,1.000,16.135
40.75,-10.326,8.214,0.250,5.490,5.439,1.009,16.108
40.77,-10.326,8.214,0.250,5.490,5.439,1.009,16.108
40.79,-10.289,8.185,0.250,5.558,5.459,1.017,16.130
40.81,-10.289,8.185,0.250,5.558,5.459,1.017,16.130
40.84,-10.255,8.162,0.251,5.625,5.480,1.024,16.155
40.86,-10.255,8.162,0.251,5.625,5.480,1.024,16.155
40.88,-10.230,8.146,0.251,5.698,5.503,1.032,16.197
40.90,-10.230,8.146,0.251,5.698,5.503,1.032,16.197
40.92,-10.222,8.150,0.250,5.806,5.538,1.043,16.291
40.94,-10.222,8.150,0.250,5.806,5.538,1.043,16.291
40.96,-10.222,8.150,0.250,5.806,5.538,1.043,16.291
40.98,-10.198,8.150,0.250,5.871,5.560,1.049,16.327
41.01,-10.198,8.150,0.250,5.871,5.560,1.049,16.327
41.03,-10.182,8.135,0.249,5.936,5.582,1.055,16.371
41.05,-10.182,8.135,0.249,5.936,5.582,1.055,16.371
41.07,-10.155,8.091,0.249,6.003,5.605,1.060,16.400
41.09,-10.155,8.091,0.249,6.003,5.605,1.060,16.400
41.11,-10.145,8.046,0.249,6.073,5.629,1.066,16.450
41.13,-10.145,8.046,0.249,6.073,5.629,1.066,16.450
41.15,-10.149,7.956,0.248,6.133,5.651,1.070,16.496
41.17,-10.149,7.956,0.248,6.133,5.651,1.070,16.496
41.20,-10.162,7.890,0.248,6.192,5.673,1.073,16.556
41.22,-10.162,7.890,0.248,6.192,5.673,1.073,16.556
41.24,-10.188,7.796,0.248,6.253,5.695,1.077,16.628
41.26,-10.188,7.796,0.248,6.253,5.695,1.077,16.628
41.28,-10.223,7.724,0.248,6.317,5.719,1.080,16.714
41.30,-10.223,7.724,0.248,6.317,5.719,1.080,16.714
41.33,-10.254,7.689,0.247,6.370,5.740,1.082,16.791
41.35,-10.254,7.689,0.247,6.370,5.740,1.082,16.791
41.37,-10.289,7.672,0.247,6.428,5.763,1.083,16.878
41.39,-10.289,7.672,0.247,6.428,5.763,1.083,16.878
41.41,-10.316,7.672,0.247,6.511,5.796,1.085,16.983
41.43,-10.316,7.672,0.247,6.511,5.796,1.085,16.983
41.45,-10.339,7.696,0.246,6.559,5.816,1.085,17.054
41.47,-10.339,7.696,0.246,6.559,5.816,1.085,17.054
41.50,-10.339,7.696,0.246,6.559,5.816,1.085,17.054
41.52,-10.378,7.731,0.246,6.607,5.836,1.085,17.143
41.54,-10.378,7.731,0.246,6.607,5.836,1.085,17.143
41.56,-10.434,7.756,0.246,6.609,5.836,1.085,17.203
41.58,-10.434,7.756,0.246,6.609,5.836,1.085,17.203
41.60,-10.518,7.794,0.246,6.660,5.857,1.084,17.337
41.62,-10.518,7.794,0.246,6.660,5.857,1.084,17.337
41.64,-10.576,7.815,0.245,6.702,5.875,1.082,17.437
41.66,-10.576,7.815,0.245,6.702,5.875,1.082,17.437
41.69,-10.626,7.830,0.245,6.746,5.895,1.081,17.530
41.71,-10.626,7.830,0.245,6.746,5.895,1.081,17.530
41.73,-10.705,7.823,0.245,6.786,5.912,1.079,17.645
41.75,-10.705,7.823,0.245,6.786,5.912,1.079,17.645
41.77,-10.763,7.819,0.245,6.829,5.931,1.077,17.742
41.79,-10.763,7.819,0.245,6.829,5.931,1.077,17.742
41.82,-10.806,7.802,0.246,6.865,5.947,1.074,17.818
41.84,-10.806,7.802,0.246,6.865,5.947,1.074,17.818
41.86,-10.840,7.775,0.246,6.903,5.964,1.072,17.884
41.88,-10.840,7.775,0.246,6.903,5.964,1.072,17.884
41.90,-10.857,7.739,0.246,6.936,5.978,1.070,17.929
41.92,-10.857,7.739,0.246,6.936,5.978,1.070,17.929
41.94,-10.855,7.683,0.247,6.987,6.001,1.066,17.969
41.96,-10.855,7.683,0.247,6.987,6.001,1.066,17.969
41.98,-10.855,7.683,0.247,6.987,6.001,1.066,17.969
42.00,-10.818,7.606,0.248,7.015,6.013,1.063,17.952
42.03,-10.818,7.606,0.248,7.015,6.013,1.063,17.952
42.05,-10.758,7.550,0.248,7.039,6.022,1.061,17.911
42.07,-10.758,7.550,0.248,7.039,6.022,1.061,17.911
42.09,-10.683,7.504,0.249,7.056,6.026,1.058,17.848
42.11,-10.683,7.504,0.249,7.056,6.026,1.058,17.848
42.13,-10.608,7.474,0.250,7.065,6.025,1.056,17.780
42.15,-10.608,7.474,0.250,7.065,6.025,1.056,17.780
42.17,-10.540,7.459,0.251,7.063,6.017,1.054,17.710
42.20,-10.540,7.459,0.251,7.063,6.017,1.054,17.710
42.22,-10.482,7.431,0.251,7.049,5.997,1.051,17.637
42.24,-10.482,7.431,0.251,7.049,5.997,1.051,17.637
42.26,-10.445,7.413,0.251,7.027,5.974,1.049,17.579
42.28,-10.445,7.413,0.251,7.027,5.974,1.049,17.579
42.30,-10.426,7.401,0.251,6.996,5.944,1.048,17.531
42.32,-10.426,7.401,0.251,6.996,5.944,1.048,17.531
42.34,-10.419,7.403,0.251,6.956,5.905,1.046,17.488
42.36,-10.419,7.403,0.251,6.956,5.905,1.046,17.488
42.39,-10.401,7.413,0.251,6.905,5.857,1.045,17.424
42.41,-10.401,7.413,0.251,6.905,5.857,1.045,17.424
42.43,-10.397,7.435,0.251,6.812,5.769,1.043,17.337
42.45,-10.397,7.435,0.251,6.812,5.769,1.043,17.337
42.47,-10.397,7.435,0.251,6.812,5.769,1.043,17.337
42.49,-10.408,7.491,0.250,6.747,5.708,1.043,17.296
42.51,-10.408,7.491,0.250,6.747,5.708,1.043,17.296
42.53,-10.413,7.539,0.250,6.676,5.642,1.042,17.243
42.55,-10.413,7.539,0.250,6.676,5.642,1.042,17.243
42.58,-10.408,7.584,0.250,6.598,5.567,1.042,17.173
42.60,-10.408,7.584,0.250,6.598,5.567,1.042,17.173
42.62,-10.387,7.633,0.250,6.510,5.484,1.041,17.082
42.64,-10.387,7.633,0.250,6.510,5.484,1.041,17.082
42.66,-10.364,7.688,0.250,6.432,5.410,1.041,16.999
42.68,-10.364,7.688,0.250,6.432,5.410,1.041,16.999
42.70,-10.354,7.753,0.250,6.350,5.333,1.041,16.927
42.72,-10.354,7.753,0.250,6.350,5.333,1.041,16.927
42.74,-10.349,7.816,0.249,6.264,5.253,1.041,16.859
42.77,-10.349,7.816,0.249,6.264,5.253,1.041,16.859
42.79,-10.339,7.890,0.249,6.250,5.240,1.041,16.849
42.81,-10.339,7.890,0.249,6.250,5.240,1.041,16.849
42.83,-10.308,7.973,0.250,6.250,5.240,1.041,16.831
42.85,-10.308,7.973,0.250,6.250,5.240,1.041,16.831
42.87,-10.284,8.044,0.250,6.248,5.240,1.041,16.818
42.89,-10.284,8.044,0.250,6.248,5.240,1.041,16.818
42.91,-10.268,8.110,0.250,6.240,5.241,1.041,16.805
42.93,-10.268,8.110,0.250,6.240,5.241,1.041,16.805
42.95,-10.274,8.147,0.250,6.226,5.241,1.041,16.803
42.98,-10.274,8.147,0.250,6.226,5.241,1.041,16.803
43.00,-10.274,8.147,0.250,6.226,5.241,1.041,16.803
43.02,-10.309,8.189,0.250,6.207,5.241,1.041,16.826
43.04,-10.309,8.189,0.250,6.207,5.241,1.041,16.826
43.06,-10.347,8.215,0.250,6.180,5.242,1.041,16.842
43.08,-10.347,8.215,0.250,6.180,5.242,1.041,16.842
43.10,-10.371,8.234,0.250,6.146,5.243,1.041,16.836
43.13,-10.371,8.234,0.250,6.146,5.243,1.041,16.836
43.15,-10.399,8.250,0.251,6.103,5.245,1.041,16.824
43.17,-10.399,8.250,0.251,6.103,5.245,1.041,16.824
43.19,-10.424,8.287,0.251,6.059,5.249,1.041,16.811
43.21,-10.424,8.287,0.251,6.059,5.249,1.041,16.811
43.23,-10.427,8.312,0.251,6.007,5.251,1.041,16.766
43.25,-10.427,8.312,0.251,6.007,5.251,1.041,16.766
43.28,-10.443,8.348,0.252,5.978,5.255,1.041,16.760
43.30,-10.443,8.348,0.252,5.978,5.255,1.041,16.760
43.32,-10.468,8.375,0.252,5.912,5.260,1.042,16.724
43.34,-10.468,8.375,0.252,5.912,5.260,1.042,16.724
43.36,-10.500,8.407,0.252,5.849,5.267,1.042,16.698
43.38,-10.500,8.407,0.252,5.849,5.267,1.042,16.698
43.40,-10.537,8.468,0.253,5.807,5.274,1.042,16.703
43.42,-10.537,8.468,0.253,5.807,5.274,1.042,16.703
43.45,-10.566,8.535,0.253,5.709,5.291,1.042,16.646
43.47,-10.566,8.535,0.253,5.709,5.291,1.042,16.646
43.49,-10.566,8.535,0.253,5.709,5.291,1.042,16.646
43.51,-10.623,8.697,0.253,5.637,5.307,1.042,16.661
43.53,-10.623,8.697,0.253,5.637,5.307,1.042,16.661
43.55,-10.655,8.767,0.254,5.577,5.321,1.042,16.644
43.57,-10.655,8.767,0.254,5.577,5.321,1.042,16.644
43.59,-10.687,8.837,0.254,5.517,5.341,1.042,16.628
43.61,-10.687,8.837,0.254,5.517,5.341,1.042,16.628
43.63,-10.719,8.896,0.254,5.466,5.372,1.042,16.615
43.66,-10.719,8.896,0.254,5.466,5.372,1.042,16.615
43.68,-10.752,8.924,0.255,5.409,5.403,1.042,16.592
43.70,-10.752,8.924,0.255,5.409,5.403,1.042,16.592
43.72,-10.794,8.935,0.255,5.354,5.436,1.042,16.573
43.74,-10.794,8.935,0.255,5.354,5.436,1.042,16.573
43.76,-10.836,8.947,0.254,5.318,5.482,1.034,16.571
43.78,-10.836,8.947,0.254,5.318,5.482,1.034,16.571
43.80,-10.874,8.959,0.254,5.275,5.520,1.032,16.561
43.83,-10.874,8.959,0.254,5.275,5.520,1.032,16.561
43.85,-10.910,8.948,0.253,5.261,5.533,1.031,16.578
43.87,-10.910,8.948,0.253,5.261,5.533,1.031,16.578
43.89,-10.961,8.906,0.253,5.239,5.558,1.029,16.592
43.91,-10.961,8.906,0.253,5.239,5.558,1.029,16.592
43.93,-10.999,8.863,0.252,5.141,5.573,1.037,16.522
43.95,-10.999,8.863,0.252,5.141,5.573,1.037,16.522
43.97,-10.999,8.863,0.252,5.141,5.573,1.037,16.522
44.00,-11.043,8.800,0.251,5.109,5.615,1.033,16.513
44.02,-11.043,8.800,0.251,5.109,5.615,1.033,16.513
44.04,-11.073,8.739,0.250,5.081,5.651,1.030,16.497
44.06,-11.073,8.739,0.250,5.081,5.651,1.030,16.497
44.08,-11.084,8.705,0.250,5.048,5.692,1.029,16.461
44.10,-11.084,8.705,0.250,5.048,5.692,1.029,16.461
44.12,-11.108,8.660,0.249,5.019,5.725,1.032,16.442
44.14,-11.108,8.660,0.249,5.019,5.725,1.032,16.442
44.16,-11.134,8.630,0.248,4.988,5.756,1.038,16.426
44.19,-11.134,8.630,0.248,4.988,5.756,1.038,16.426
44.21,-11.184,8.577,0.248,4.952,5.786,1.049,16.428
44.23,-11.184,8.577,0.248,4.952,5.786,1.049,16.428
44.25,-11.226,8.511,0.248,4.912,5.814,1.068,16.414
44.27,-11.226,8.511,0.248,4.912,5.814,1.068,16.414
44.29,-11.255,8.446,0.248,4.874,5.835,1.089,16.393
44.31,-11.255,8.446,0.248,4.874,5.835,1.089,16.393
44.33,-11.291,8.379,0.248,4.834,5.854,1.115,16.379
44.35,-11.291,8.379,0.248,4.834,5.854,1.115,16.379
44.38,-11.328,8.322,0.249,4.788,5.872,1.147,16.361
44.40,-11.328,8.322,0.249,4.788,5.872,1.147,16.361
44.42,-11.365,8.265,0.249,4.716,5.895,1.203,16.320
44.44,-11.365,8.265,0.249,4.716,5.895,1.203,16.320
44.46,-11.402,8.188,0.250,4.672,5.907,1.239,16.303
44.48,-11.402,8.188,0.250,4.672,5.907,1.239,16.303
44.50,-11.402,8.188,0.250,4.672,5.907,1.239,16.303
44.52,-11.456,8.060,0.250,4.625,5.919,1.278,16.295
44.55,-11.456,8.060,0.250,4.625,5.919,1.278,16.295
44.57,-11.494,7.994,0.250,4.577,5.931,1.321,16.278
44.59,-11.494,7.994,0.250,4.577,5.931,1.321,16.278
44.61,-11.572,7.881,0.250,4.531,5.942,1.361,16.299
44.63,-11.572,7.881,0.250,4.531,5.942,1.361,16.299
44.65,-11.639,7.808,0.251,4.479,5.956,1.407,16.308
44.67,-11.639,7.808,0.251,4.479,5.956,1.407,16.308
44.69,-11.718,7.727,0.252,4.434,5.968,1.448,16.336
44.71,-11.718,7.727,0.252,4.434,5.968,1.448,16.336
44.73,-11.791,7.639,0.252,4.387,5.982,1.489,16.356
44.76,-11.791,7.639,0.252,4.387,5.982,1.489,16.356
44.78,-11.847,7.553,0.253,4.339,5.999,1.532,16.358
44.80,-11.847,7.553,0.253,4.339,5.999,1.532,16.358
44.82,-11.888,7.472,0.254,4.299,6.016,1.566,16.354
44.84,-11.888,7.472,0.254,4.299,6.016,1.566,16.354
44.86,-11.912,7.397,0.255,4.259,6.035,1.599,16.334
44.88,-11.912,7.397,0.255,4.259,6.035,1.599,16.334
44.90,-11.935,7.330,0.255,4.220,6.057,1.631,16.314
44.92,-11.935,7.330,0.255,4.220,6.057,1.631,16.314
44.95,-11.972,7.270,0.256,4.148,6.131,1.676,16.275
44.97,-11.972,7.270,0.256,4.148,6.131,1.676,16.275
44.99,-11.972,7.270,0.256,4.148,6.131,1.676,16.275
45.01,-12.050,7.172,0.257,4.116,6.157,1.699,16.316
45.03,-12.050,7.172,0.257,4.116,6.157,1.699,16.316
45.05,-12.117,7.123,0.257,4.086,6.185,1.718,16.350
45.07,-12.117,7.123,0.257,4.086,6.185,1.718,16.350
45.09,-12.198,7.066,0.257,4.054,6.219,1.738,16.397
45.11,-12.198,7.066,0.257,4.054,6.219,1.738,16.397
45.14,-12.284,7.023,0.257,4.028,6.251,1.753,16.453
45.16,-12.284,7.023,0.257,4.028,6.251,1.753,16.453
45.18,-12.375,6.973,0.258,3.999,6.291,1.767,16.512
45.20,-12.375,6.973,0.258,3.999,6.291,1.767,16.512
45.22,-12.477,6.923,0.259,3.975,6.328,1.778,16.588
45.24,-12.477,6.923,0.259,3.975,6.328,1.778,16.588
45.26,-12.589,6.855,0.260,3.953,6.367,1.787,16.675
45.28,-12.589,6.855,0.260,3.953,6.367,1.787,16.675
45.31,-12.673,6.785,0.261,3.930,6.411,1.794,16.734
45.33,-12.673,6.785,0.261,3.930,6.411,1.794,16.734
45.35,-12.738,6.713,0.261,3.907,6.460,1.800,16.775
45.37,-12.738,6.713,0.261,3.907,6.460,1.800,16.775
45.39,-12.809,6.606,0.262,3.888,6.505,1.802,16.824
45.41,-12.809,6.606,0.262,3.888,6.505,1.802,16.824
45.43,-12.843,6.549,0.262,3.861,6.570,1.802,16.831
45.45,-12.843,6.549,0.262,3.861,6.570,1.802,16.831
45.47,-12.864,6.521,0.262,3.841,6.618,1.800,16.832
45.50,-12.864,6.521,0.262,3.841,6.618,1.800,16.832
45.52,-12.864,6.521,0.262,3.841,6.618,1.800,16.832
45.54,-12.898,6.486,0.262,3.823,6.662,1.795,16.848
45.56,-12.898,6.486,0.262,3.823,6.662,1.795,16.848
45.58,-12.921,6.454,0.262,3.801,6.712,1.787,16.849
45.60,-12.921,6.454,0.262,3.801,6.712,1.787,16.849
45.62,-12.938,6.408,0.262,3.780,6.753,1.778,16.846
45.64,-12.938,6.408,0.262,3.780,6.753,1.778,16.846
45.66,-12.963,6.363,0.262,3.757,6.797,1.766,16.848
45.68,-12.963,6.363,0.262,3.757,6.797,1.766,16.848
45.71,-12.992,6.314,0.262,3.735,6.835,1.753,16.856
45.73,-12.992,6.314,0.262,3.735,6.835,1.753,16.856
45.75,-13.006,6.252,0.262,3.707,6.877,1.735,16.843
45.77,-13.006,6.252,0.262,3.707,6.877,1.735,16.843
45.79,-13.014,6.167,0.262,3.682,6.910,1.718,16.829
45.81,-13.014,6.167,0.262,3.682,6.910,1.718,16.829
45.83,-13.020,6.093,0.262,3.654,6.942,1.698,16.810
45.85,-13.020,6.093,0.262,3.654,6.942,1.698,16.810
45.87,-13.031,6.027,0.262,3.622,6.971,1.675,16.792
45.89,-13.031,6.027,0.262,3.622,6.971,1.675,16.792
45.92,-13.052,5.961,0.262,3.586,7.000,1.649,16.780
45.94,-13.052,5.961,0.262,3.586,7.000,1.649,16.780
45.96,-13.064,5.896,0.263,3.529,7.027,1.608,16.736
45.98,-13.064,5.896,0.263,3.529,7.027,1.608,16.736
46.00,-13.064,5.896,0.263,3.529,7.027,1.608,16.736
46.02,-13.079,5.779,0.263,3.491,7.044,1.581,16.720
46.04,-13.079,5.779,0.263,3.491,7.044,1.581,16.720
46.06,-13.080,5.686,0.263,3.449,7.058,1.551,16.686
46.08,-13.080,5.686,0.263,3.449,7.058,1.551,16.686
46.11,-13.084,5.585,0.264,3.403,7.070,1.518,16.649
46.13,-13.084,5.585,0.264,3.403,7.070,1.518,16.649
46.15,-13.098,5.453,0.264,3.361,7.077,1.488,16.631
46.17,-13.098,5.453,0.264,3.361,7.077,1.488,16.631
46.19,-13.102,5.381,0.264,3.320,7.081,1.460,16.599
46.21,-13.102,5.381,0.264,3.320,7.081,1.460,16.599
46.23,-13.109,5.279,0.265,3.274,7.083,1.429,16.569
46.25,-13.109,5.279,0.265,3.274,7.083,1.429,16.569
46.28,-13.120,5.172,0.265,3.225,7.082,1.397,16.540
46.30,-13.120,5.172,0.265,3.225,7.082,1.397,16.540
46.32,-13.124,5.060,0.266,3.172,7.078,1.362,16.501
46.34,-13.124,5.060,0.266,3.172,7.078,1.362,16.501
46.36,-13.119,4.960,0.267,3.126,7.073,1.332,16.460
46.38,-13.119,4.960,0.267,3.126,7.073,1.332,16.460
46.40,-13.098,4.817,0.267,3.079,7.065,1.302,16.407
46.42,-13.098,4.817,0.267,3.079,7.065,1.302,16.407
46.44,-13.089,4.716,0.267,3.004,7.049,1.256,16.332
46.47,-13.089,4.716,0.267,3.004,7.049,1.256,16.332
46.49,-13.089,4.615,0.267,2.950,7.034,1.225,16.289
46.51,-13.089,4.615,0.267,2.950,7.034,1.225,16.289
46.53,-13.089,4.615,0.267,2.950,7.034,1.225,16.289
46.55,-13.085,4.485,0.267,2.903,7.020,1.198,16.255
46.57,-13.085,4.485,0.267,2.903,7.020,1.198,16.255
46.59,-13.094,4.454,0.267,2.857,7.004,1.173,16.218
46.61,-13.094,4.454,0.267,2.857,7.004,1.173,16.218
46.64,-13.110,4.432,0.267,2.807,6.985,1.146,16.182
46.66,-13.110,4.432,0.267,2.807,6.985,1.146,16.182
46.68,-13.118,4.426,0.267,2.761,6.966,1.122,16.141
46.70,-13.118,4.426,0.267,2.761,6.966,1.122,16.141
46.72,-13.113,4.436,0.266,2.709,6.943,1.097,16.078
46.74,-13.113,4.436,0.266,2.709,6.943,1.097,16.078
46.76,-13.093,4.466,0.266,2.664,6.922,1.077,16.004
46.79,-13.093,4.466,0.266,2.664,6.922,1.077,16.004
46.81,-13.064,4.501,0.265,2.619,6.900,1.057,15.920
46.83,-13.064,4.501,0.265,2.619,6.900,1.057,15.920
46.85,-13.030,4.570,0.265,2.571,6.875,1.038,15.825
46.87,-13.030,4.570,0.265,2.571,6.875,1.038,15.825
46.89,-13.009,4.650,0.265,2.521,6.848,1.019,15.737
46.91,-13.009,4.650,0.265,2.521,6.848,1.019,15.737
46.93,-12.998,4.730,0.264,2.477,6.823,1.004,15.667
46.96,-12.998,4.730,0.264,2.477,6.823,1.004,15.667
46.98,-12.985,4.813,0.264,2.408,6.782,0.983,15.568
47.00,-12.985,4.813,0.264,2.408,6.782,0.983,15.568
47.02,-12.985,4.813,0.264,2.408,6.782,0.983,15.568
47.04,-13.003,4.938,0.264,2.358,6.752,0.969,15.516
47.06,-13.003,4.938,0.264,2.358,6.752,0.969,15.516
47.08,-13.035,5.026,0.264,2.314,6.726,0.959,15.491
47.10,-13.035,5.026,0.264,2.314,6.726,0.959,15.491
47.12,-13.080,5.135,0.264,2.271,6.699,0.950,15.478
47.15,-13.080,5.135,0.264,2.271,6.699,0.950,15.478
47.17,-13.111,5.214,0.264,2.223,6.670,0.942,15.450
47.19,-13.111,5.214,0.264,2.223,6.670,0.942,15.450
47.21,-13.160,5.349,0.265,2.170,6.638,0.935,15.431
47.23,-13.160,5.349,0.265,2.170,6.638,0.935,15.431
47.25,-13.179,5.424,0.265,2.126,6.610,0.930,15.398
47.27,-13.179,5.424,0.265,2.126,6.610,0.930,15.398
47.29,-13.198,5.494,0.265,2.079,6.581,0.926,15.362
47.31,-13.198,5.494,0.265,2.079,6.581,0.926,15.362
47.34,-13.213,5.566,0.265,2.032,6.552,0.923,15.323
47.36,-13.213,5.566,0.265,2.032,6.552,0.923,15.323
47.38,-13.227,5.643,0.266,1.981,6.520,0.920,15.279
47.40,-13.227,5.643,0.266,1.981,6.520,0.920,15.279
47.42,-13.243,5.747,0.266,1.936,6.492,0.919,15.244
47.44,-13.243,5.747,0.266,1.936,6.492,0.919,15.244
47.47,-13.257,5.841,0.267,1.869,6.449,0.919,15.184
47.49,-13.257,5.841,0.267,1.869,6.449,0.919,15.184
47.51,-13.257,5.841,0.267,1.869,6.449,0.919,15.184
47.53,-13.272,6.014,0.267,1.828,6.423,0.919,15.152
47.55,-13.272,6.014,0.267,1.828,6.423,0.919,15.152
47.57,-13.280,6.113,0.267,1.776,6.391,0.920,15.105
47.59,-13.280,6.113,0.267,1.776,6.391,0.920,15.105
47.62,-13.299,6.209,0.267,1.730,6.362,0.922,15.076
47.64,-13.299,6.209,0.267,1.730,6.362,0.922,15.076
47.66,-13.318,6.298,0.267,1.683,6.334,0.925,15.048
47.68,-13.318,6.298,0.267,1.683,6.334,0.925,15.048
47.70,-13.337,6.381,0.268,1.631,6.303,0.928,15.016
47.72,-13.337,6.381,0.268,1.631,6.303,0.928,15.016
47.74,-13.367,6.486,0.267,1.582,6.275,0.932,14.998
47.76,-13.367,6.486,0.267,1.582,6.275,0.932,14.998
47.78,-13.378,6.576,0.267,1.524,6.243,0.937,14.954
47.81,-13.378,6.576,0.267,1.524,6.243,0.937,14.954
47.83,-13.403,6.668,0.268,1.472,6.216,0.941,14.931
47.85,-13.403,6.668,0.268,1.472,6.216,0.941,14.931
47.87,-13.447,6.800,0.268,1.413,6.186,0.947,14.923
47.89,-13.447,6.800,0.268,1.413,6.186,0.947,14.923
47.91,-13.483,6.881,0.268,1.358,6.160,0.953,14.908
47.93,-13.483,6.881,0.268,1.358,6.160,0.953,14.908
47.95,-13.545,7.003,0.269,1.261,6.117,0.963,14.884
47.97,-13.545,7.003,0.269,1.261,6.117,0.963,14.884
48.00,-13.601,7.087,0.269,1.194,6.089,0.971,14.880
48.02,-13.601,7.087,0.269,1.194,6.089,0.971,14.880
48.04,-13.601,7.087,0.269,1.194,6.089,0.971,14.880
48.06,-13.673,7.157,0.270,1.121,6.060,0.980,14.888
48.08,-13.673,7.157,0.270,1.121,6.060,0.980,14.888
48.10,-13.726,7.195,0.270,1.055,6.035,0.988,14.880
48.12,-13.726,7.195,0.270,1.055,6.035,0.988,14.880
48.14,-13.757,7.213,0.270,0.986,6.010,0.996,14.846
48.16,-13.757,7.213,0.270,0.986,6.010,0.996,14.846
48.19,-13.782,7.214,0.271,0.911,5.983,1.005,14.800
48.21,-13.782,7.214,0.271,0.911,5.983,1.005,14.800
48.23,-13.815,7.218,0.271,0.829,5.955,1.015,14.755
48.25,-13.815,7.218,0.271,0.829,5.955,1.015,14.755
48.27,-13.858,7.230,0.271,0.756,5.931,1.024,14.729
48.29,-13.858,7.230,0.271,0.756,5.931,1.024,14.729
48.31,-13.879,7.247,0.272,0.680,5.907,1.032,14.678
48.33,-13.879,7.247,0.272,0.680,5.907,1.032,14.678
48.35,-13.924,7.277,0.273,0.598,5.882,1.041,14.648
48.38,-13.924,7.277,0.273,0.598,5.882,1.041,14.648
48.40,-13.970,7.307,0.273,0.510,5.855,1.050,14.613
48.42,-13.970,7.307,0.273,0.510,5.855,1.050,14.613
48.44,-14.016,7.347,0.274,0.432,5.831,1.057,14.589
48.46,-14.016,7.347,0.274,0.432,5.831,1.057,14.589
48.48,-14.056,7.378,0.275,0.315,5.797,1.066,14.519
48.50,-14.056,7.378,0.275,0.315,5.797,1.066,14.519
48.52,-14.056,7.378,0.275,0.315,5.797,1.066,14.519
48.54,-14.130,7.415,0.277,0.290,5.789,1.068,14.574
48.56,-14.130,7.415,0.277,0.290,5.789,1.068,14.574
48.59,-14.180,7.425,0.278,0.211,5.767,1.072,14.549
48.61,-14.180,7.425,0.278,0.211,5.767,1.072,14.549
48.63,-14.256,7.412,0.279,0.121,5.743,1.076,14.536
48.65,-14.256,7.412,0.279,0.121,5.743,1.076,14.536
48.67,-14.299,7.386,0.280,0.042,5.723,1.078,14.500
48.69,-14.299,7.386,0.280,0.042,5.723,1.078,14.500
48.71,-14.350,7.353,0.281,-0.039,5.703,1.080,14.469
48.73,-14.350,7.353,0.281,-0.039,5.703,1.080,14.469
48.76,-14.423,7.327,0.282,-0.124,5.684,1.082,14.457
48.78,-14.423,7.327,0.282,-0.124,5.684,1.082,14.457
48.80,-14.493,7.314,0.283,-0.215,5.665,1.084,14.438
48.82,-14.493,7.314,0.283,-0.215,5.665,1.084,14.438
48.84,-14.583,7.324,0.284,-0.293,5.651,1.085,14.452
48.86,-14.583,7.324,0.284,-0.293,5.651,1.085,14.452
48.89,-14.653,7.338,0.284,-0.371,5.638,1.087,14.448
48.91,-14.653,7.338,0.284,-0.371,5.638,1.087,14.448
48.93,-14.764,7.364,0.285,-0.455,5.626,1.089,14.479
48.95,-14.764,7.364,0.285,-0.455,5.626,1.089,14.479
48.97,-14.867,7.394,0.286,-0.583,5.612,1.092,14.460
48.99,-14.867,7.394,0.286,-0.583,5.612,1.092,14.460
49.01,-14.958,7.416,0.286,-0.656,5.606,1.094,14.482
49.03,-14.958,7.416,0.286,-0.656,5.606,1.094,14.482
49.05,-14.958,7.416,0.286,-0.656,5.606,1.094,14.482
49.08,-15.111,7.459,0.287,-0.730,5.601,1.097,14.567
49.10,-15.111,7.459,0.287,-0.730,5.601,1.097,14.567
49.12,-15.212,7.474,0.287,-0.804,5.597,1.100,14.596
49.14,-15.212,7.474,0.287,-0.804,5.597,1.100,14.596
49.16,-15.329,7.480,0.287,-0.881,5.594,1.104,14.638
49.18,-15.329,7.480,0.287,-0.881,5.594,1.104,14.638
49.20,-15.437,7.488,0.287,-0.961,5.592,1.108,14.666
49.22,-15.437,7.488,0.287,-0.961,5.592,1.108,14.666
49.25,-15.545,7.499,0.287,-1.029,5.592,1.113,14.707
49.27,-15.545,7.499,0.287,-1.029,5.592,1.113,14.707
49.29,-15.656,7.516,0.286,-1.102,5.592,1.118,14.747
49.31,-15.656,7.516,0.286,-1.102,5.592,1.118,14.747
49.33,-15.745,7.527,0.286,-1.177,5.593,1.124,14.764
49.35,-15.745,7.527,0.286,-1.177,5.593,1.124,14.764
49.37,-15.816,7.533,0.285,-1.239,5.595,1.130,14.773
49.39,-15.816,7.533,0.285,-1.239,5.595,1.130,14.773
49.41,-15.878,7.555,0.284,-1.300,5.597,1.136,14.777
49.44,-15.878,7.555,0.284,-1.300,5.597,1.136,14.777
49.46,-15.928,7.586,0.283,-1.365,5.600,1.144,14.766
49.48,-15.928,7.586,0.283,-1.365,5.600,1.144,14.766
49.50,-15.971,7.601,0.283,-1.459,5.606,1.156,14.719
49.52,-15.971,7.601,0.283,-1.459,5.606,1.156,14.719
49.54,-15.971,7.601,0.283,-1.459,5.606,1.156,14.719
49.56,-16.045,7.630,0.281,-1.518,5.610,1.165,14.738
49.58,-16.045,7.630,0.281,-1.518,5.610,1.165,14.738
49.60,-16.069,7.658,0.280,-1.575,5.615,1.174,14.709
49.63,-16.069,7.658,0.280,-1.575,5.615,1.174,14.709
49.65,-16.103,7.690,0.279,-1.625,5.621,1.182,14.697
49.67,-16.103,7.690,0.279,-1.625,5.621,1.182,14.697
49.69,-16.118,7.742,0.278,-1.679,5.630,1.192,14.666
49.71,-16.118,7.742,0.278,-1.679,5.630,1.192,14.666
49.73,-16.110,7.773,0.277,-1.724,5.639,1.201,14.618
49.75,-16.110,7.773,0.277,-1.724,5.639,1.201,14.618
49.77,-16.101,7.803,0.276,-1.767,5.649,1.209,14.571
49.79,-16.101,7.803,0.276,-1.767,5.649,1.209,14.571
49.82,-16.102,7.838,0.275,-1.809,5.663,1.218,14.534
49.84,-16.102,7.838,0.275,-1.809,5.663,1.218,14.534
49.86,-16.104,7.870,0.274,-1.851,5.679,1.226,14.499
49.88,-16.104,7.870,0.274,-1.851,5.679,1.226,14.499
49.90,-16.109,7.888,0.274,-1.883,5.696,1.233,14.473
49.92,-16.109,7.888,0.274,-1.883,5.696,1.233,14.473
49.94,-16.107,7.894,0.273,-1.913,5.715,1.240,14.440
49.96,-16.107,7.894,0.273,-1.913,5.715,1.240,14.440
49.98,-16.095,7.896,0.273,-1.955,5.750,1.249,14.382
50.00,-16.095,7.896,0.273,-1.955,5.750,1.249,14.382
50.03,-16.095,7.896,0.273,-1.955,5.750,1.249,14.382
50.05,-16.051,7.901,0.273,-1.982,5.777,1.254,14.311
50.07,-16.051,7.901,0.273,-1.982,5.777,1.254,14.311
50.09,-16.001,7.895,0.274,-2.003,5.803,1.259,14.236
50.11,-16.001,7.895,0.274,-2.003,5.803,1.259,14.236
50.13,-15.955,7.877,0.274,-2.022,5.830,1.262,14.166
50.15,-15.955,7.877,0.274,-2.022,5.830,1.262,14.166
50.17,-15.924,7.857,0.274,-2.041,5.861,1.265,14.110
50.19,-15.924,7.857,0.274,-2.041,5.861,1.265,14.110
50.22,-15.905,7.843,0.274,-2.059,5.896,1.268,14.067
50.24,-15.905,7.843,0.274,-2.059,5.896,1.268,14.067
50.26,-15.907,7.827,0.275,-2.073,5.927,1.269,14.048
50.28,-15.907,7.827,0.275,-2.073,5.927,1.269,14.048
50.30,-15.919,7.810,0.275,-2.087,5.958,1.270,14.040
50.32,-15.919,7.810,0.275,-2.087,5.958,1.270,14.040
50.34,-15.950,7.801,0.275,-2.101,5.991,1.270,14.053
50.36,-15.950,7.801,0.275,-2.101,5.991,1.270,14.053
50.38,-15.987,7.796,0.275,-2.115,6.026,1.270,14.070
50.41,-15.987,7.796,0.275,-2.115,6.026,1.270,14.070
50.43,-16.009,7.789,0.275,-2.130,6.063,1.269,14.070
50.45,-16.009,7.789,0.275,-2.130,6.063,1.269,14.070
50.47,-16.031,7.777,0.275,-2.152,6.111,1.266,14.064
50.49,-16.031,7.777,0.275,-2.152,6.111,1.266,14.064
50.51,-16.040,7.764,0.275,-2.167,6.142,1.264,14.052
50.53,-16.040,7.764,0.275,-2.167,6.142,1.264,14.052
50.55,-16.040,7.764,0.275,-2.167,6.142,1.264,14.052
50.57,-16.010,7.736,0.275,-2.184,6.172,1.261,13.999
50.60,-16.010,7.736,0.275,-2.184,6.172,1.261,13.999
50.62,-15.961,7.712,0.275,-2.250,6.204,1.261,13.879
50.64,-15.961,7.712,0.275,-2.250,6.204,1.261,13.879
50.66,-15.900,7.691,0.275,-2.273,6.232,1.258,13.791
50.68,-15.900,7.691,0.275,-2.273,6.232,1.258,13.791
50.70,-15.815,7.669,0.276,-2.294,6.254,1.255,13.681
50.72,-15.815,7.669,0.276,-2.294,6.254,1.255,13.681
50.74,-15.759,7.646,0.276,-2.323,6.279,1.252,13.591
50.76,-15.759,7.646,0.276,-2.323,6.279,1.252,13.591
50.79,-15.702,7.607,0.276,-2.358,6.302,1.248,13.494
50.81,-15.702,7.607,0.276,-2.358,6.302,1.248,13.494
50.83,-15.632,7.568,0.277,-2.403,6.322,1.245,13.375
50.85,-15.632,7.568,0.277,-2.403,6.322,1.245,13.375
50.87,-15.519,7.517,0.277,-2.447,6.335,1.242,13.213
50.89,-15.519,7.517,0.277,-2.447,6.335,1.242,13.213
50.91,-15.467,7.492,0.278,-2.498,6.342,1.239,13.108
50.94,-15.467,7.492,0.278,-2.498,6.342,1.239,13.108
50.96,-15.390,7.460,0.278,-2.560,6.345,1.235,12.967
50.98,-15.390,7.460,0.278,-2.560,6.345,1.235,12.967
51.00,-15.341,7.444,0.278,-2.664,6.339,1.230,12.815
51.02,-15.341,7.444,0.278,-2.664,6.339,1.230,12.815
51.04,-15.341,7.444,0.278,-2.664,6.339,1.230,12.815
51.06,-15.240,7.424,0.279,-2.733,6.329,1.227,12.645
51.08,-15.240,7.424,0.279,-2.733,6.329,1.227,12.645
51.10,-15.183,7.402,0.279,-2.807,6.314,1.224,12.514
51.13,-15.183,7.402,0.279,-2.807,6.314,1.224,12.514
51.15,-15.128,7.369,0.279,-2.888,6.295,1.221,12.377
51.17,-15.128,7.369,0.279,-2.888,6.295,1.221,12.377
51.19,-15.046,7.338,0.280,-2.978,6.270,1.217,12.207
51.21,-15.046,7.338,0.280,-2.978,6.270,1.217,12.207
51.23,-14.993,7.323,0.280,-3.058,6.246,1.214,12.077
51.25,-14.993,7.323,0.280,-3.058,6.246,1.214,12.077
51.27,-14.963,7.317,0.280,-3.138,6.220,1.211,11.969
51.30,-14.963,7.317,0.280,-3.138,6.220,1.211,11.969
51.32,-14.935,7.309,0.281,-3.226,6.191,1.208,11.856
51.34,-14.935,7.309,0.281,-3.226,6.191,1.208,11.856
51.36,-14.925,7.295,0.282,-3.307,6.164,1.205,11.767
51.38,-14.925,7.295,0.282,-3.307,6.164,1.205,11.767
51.40,-14.937,7.271,0.282,-3.399,6.134,1.202,11.688
51.42,-14.937,7.271,0.282,-3.399,6.134,1.202,11.688
51.44,-14.956,7.255,0.282,-3.480,6.110,1.199,11.628
51.46,-14.956,7.255,0.282,-3.480,6.110,1.199,11.628
51.49,-14.980,7.242,0.283,-3.609,6.078,1.195,11.525
51.51,-14.980,7.242,0.283,-3.609,6.078,1.195,11.525
51.53,-15.025,7.213,0.283,-3.701,6.060,1.192,11.477
51.55,-15.025,7.213,0.283,-3.701,6.060,1.192,11.477
51.57,-15.025,7.213,0.283,-3.701,6.060,1.192,11.477
51.59,-15.099,7.170,0.283,-3.782,6.049,1.190,11.468
51.61,-15.099,7.170,0.283,-3.782,6.049,1.190,11.468
51.63,-15.152,7.149,0.282,-3.862,6.044,1.187,11.439
51.66,-15.152,7.149,0.282,-3.862,6.044,1.187,11.439
51.68,-15.189,7.137,0.281,-3.951,6.044,1.185,11.386
51.70,-15.189,7.137,0.281,-3.951,6.044,1.185,11.386
51.72,-15.226,7.136,0.281,-3.971,6.050,1.184,11.402
51.74,-15.226,7.136,0.281,-3.971,6.050,1.184,11.402
51.76,-15.225,7.144,0.281,-4.051,6.063,1.182,11.322
51.79,-15.225,7.144,0.281,-4.051,6.063,1.182,11.322
51.81,-15.201,7.149,0.280,-4.129,6.082,1.179,11.218
51.83,-15.201,7.149,0.280,-4.129,6.082,1.179,11.218
51.85,-15.167,7.164,0.280,-4.215,6.109,1.177,11.098
51.87,-15.167,7.164,0.280,-4.215,6.109,1.177,11.098
51.89,-15.150,7.187,0.279,-4.304,6.144,1.175,10.993
51.91,-15.150,7.187,0.279,-4.304,6.144,1.175,10.993
51.93,-15.143,7.217,0.279,-4.380,6.179,1.174,10.910
51.95,-15.143,7.217,0.279,-4.380,6.179,1.174,10.910
51.98,-15.155,7.248,0.278,-4.454,6.217,1.173,10.848
52.00,-15.155,7.248,0.278,-4.454,6.217,1.173,10.848
52.02,-15.169,7.282,0.278,-4.570,6.287,1.173,10.744
52.04,-15.169,7.282,0.278,-4.570,6.287,1.173,10.744
52.06,-15.169,7.282,0.278,-4.570,6.287,1.173,10.744
52.08,-15.193,7.333,0.277,-4.640,6.334,1.173,10.699
52.10,-15.193,7.333,0.277,-4.640,6.334,1.173,10.699
52.12,-15.208,7.372,0.277,-4.718,6.392,1.174,10.635
52.14,-15.208,7.372,0.277,-4.718,6.392,1.174,10.635
52.17,-15.232,7.395,0.277,-4.790,6.449,1.175,10.584
52.19,-15.232,7.395,0.277,-4.790,6.449,1.175,10.584
52.21,-15.259,7.402,0.276,-4.863,6.511,1.177,10.535
52.23,-15.259,7.402,0.276,-4.863,6.511,1.177,10.535
52.25,-15.297,7.419,0.276,-4.925,6.567,1.179,10.508
52.27,-15.297,7.419,0.276,-4.925,6.567,1.179,10.508
52.29,-15.321,7.416,0.275,-4.984,6.623,1.182,10.469
52.31,-15.321,7.416,0.275,-4.984,6.623,1.182,10.469
52.33,-15.349,7.391,0.275,-5.046,6.684,1.185,10.429
52.35,-15.349,7.391,0.275,-5.046,6.684,1.185,10.429
52.38,-15.382,7.365,0.275,-5.101,6.741,1.188,10.403
52.40,-15.382,7.365,0.275,-5.101,6.741,1.188,10.403
52.42,-15.407,7.329,0.275,-5.161,6.804,1.192,10.364
52.44,-15.407,7.329,0.275,-5.161,6.804,1.192,10.364
52.46,-15.426,7.286,0.275,-5.211,6.859,1.195,10.329
52.48,-15.426,7.286,0.275,-5.211,6.859,1.195,10.329
52.50,-15.433,7.223,0.274,-5.287,6.944,1.201,10.256
52.52,-15.433,7.223,0.274,-5.287,6.944,1.201,10.256
52.54,-15.433,7.223,0.274,-5.287,6.944,1.201,10.256
52.56,-15.445,7.135,0.274,-5.338,7.002,1.205,10.215
52.59,-15.445,7.135,0.274,-5.338,7.002,1.205,10.215
52.61,-15.444,7.086,0.274,-5.381,7.050,1.209,10.171
52.63,-15.444,7.086,0.274,-5.381,7.050,1.209,10.171
52.65,-15.427,7.056,0.274,-5.422,7.096,1.212,10.116
52.67,-15.427,7.056,0.274,-5.422,7.096,1.212,10.116
52.69,-15.410,7.055,0.274,-5.462,7.140,1.216,10.060
52.71,-15.410,7.055,0.274,-5.462,7.140,1.216,10.060
52.73,-15.402,7.054,0.274,-5.513,7.196,1.221,10.002
52.76,-15.402,7.054,0.274,-5.513,7.196,1.221,10.002
52.78,-15.399,7.053,0.273,-5.555,7.239,1.225,9.959
52.80,-15.399,7.053,0.273,-5.555,7.239,1.225,9.959
52.82,-15.396,7.052,0.273,-5.590,7.272,1.227,9.922
52.84,-15.396,7.052,0.273,-5.590,7.272,1.227,9.922
52.86,-15.415,7.066,0.273,-5.626,7.301,1.230,9.906
52.88,-15.415,7.066,0.273,-5.626,7.301,1.230,9.906
52.91,-15.435,7.095,0.273,-5.664,7.328,1.233,9.888
52.93,-15.435,7.095,0.273,-5.664,7.328,1.233,9.888
52.95,-15.450,7.129,0.272,-5.706,7.350,1.235,9.863
52.97,-15.450,7.129,0.272,-5.706,7.350,1.235,9.863
52.99,-15.468,7.170,0.271,-5.776,7.374,1.239,9.811
53.01,-15.468,7.170,0.271,-5.776,7.374,1.239,9.811
53.03,-15.475,7.195,0.271,-5.823,7.382,1.241,9.772
53.05,-15.475,7.195,0.271,-5.823,7.382,1.241,9.772
53.07,-15.475,7.195,0.271,-5.823,7.382,1.241,9.772
53.10,-15.509,7.229,0.270,-5.873,7.385,1.243,9.756
53.12,-15.509,7.229,0.270,-5.873,7.385,1.243,9.756
53.14,-15.523,7.250,0.269,-5.928,7.382,1.245,9.715
53.16,-15.523,7.250,0.269,-5.928,7.382,1.245,9.715
53.18,-15.529,7.267,0.268,-5.988,7.372,1.247,9.661
53.20,-15.529,7.267,0.268,-5.988,7.372,1.247,9.661
53.22,-15.530,7.281,0.267,-6.041,7.358,1.249,9.610
53.24,-15.530,7.281,0.267,-6.041,7.358,1.249,9.610
53.26,-15.531,7.312,0.267,-6.094,7.339,1.251,9.559
53.29,-15.531,7.312,0.267,-6.094,7.339,1.251,9.559
53.31,-15.536,7.348,0.266,-6.151,7.312,1.253,9.507
53.33,-15.536,7.348,0.266,-6.151,7.312,1.253,9.507
53.35,-15.550,7.422,0.265,-6.209,7.278,1.255,9.465
53.37,-15.550,7.422,0.265,-6.209,7.278,1.255,9.465
53.39,-15.556,7.495,0.265,-6.244,7.258,1.256,9.439
53.41,-15.556,7.495,0.265,-6.244,7.258,1.256,9.439
53.43,-15.551,7.558,0.265,-6.276,7.235,1.258,9.405
53.45,-15.551,7.558,0.265,-6.276,7.235,1.258,9.405
53.48,-15.546,7.641,0.264,-6.311,7.207,1.259,9.370
53.50,-15.546,7.641,0.264,-6.311,7.207,1.259,9.370
53.52,-15.546,7.689,0.264,-6.373,7.146,1.262,9.315
53.54,-15.546,7.689,0.264,-6.373,7.146,1.262,9.315
53.56,-15.546,7.689,0.264,-6.373,7.146,1.262,9.315
53.58,-15.554,7.764,0.263,-6.406,7.115,1.265,9.297
53.60,-15.554,7.764,0.263,-6.406,7.115,1.265,9.297
53.62,-15.566,7.800,0.262,-6.441,7.073,1.267,9.280
53.64,-15.566,7.800,0.262,-6.441,7.073,1.267,9.280
53.67,-15.566,7.835,0.262,-6.473,7.029,1.270,9.256
53.69,-15.566,7.835,0.262,-6.473,7.029,1.270,9.256
53.71,-15.578,7.865,0.262,-6.517,6.977,1.274,9.232
53.73,-15.578,7.865,0.262,-6.517,6.977,1.274,9.232
53.75,-15.590,7.871,0.262,-6.556,6.935,1.276,9.211
53.77,-15.590,7.871,0.262,-6.556,6.935,1.276,9.211
53.79,-15.616,7.869,0.261,-6.595,6.895,1.278,9.203
53.81,-15.616,7.869,0.261,-6.595,6.895,1.278,9.203
53.83,-15.671,7.872,0.261,-6.638,6.852,1.280,9.220
53.86,-15.671,7.872,0.261,-6.638,6.852,1.280,9.220
53.88,-15.716,7.879,0.261,-6.677,6.816,1.281,9.231
53.90,-15.716,7.879,0.261,-6.677,6.816,1.281,9.231
53.92,-15.778,7.879,0.261,-6.722,6.779,1.281,9.252
53.94,-15.778,7.879,0.261,-6.722,6.779,1.281,9.252
53.96,-15.848,7.859,0.260,-6.761,6.750,1.280,9.283
53.98,-15.848,7.859,0.260,-6.761,6.750,1.280,9.283
54.00,-15.916,7.829,0.260,-6.825,6.711,1.276,9.287
54.03,-15.916,7.829,0.260,-6.825,6.711,1.276,9.287
54.05,-15.988,7.807,0.260,-6.866,6.693,1.272,9.317
54.07,-15.988,7.807,0.260,-6.866,6.693,1.272,9.317
54.09,-15.988,7.807,0.260,-6.866,6.693,1.272,9.317
54.11,-16.104,7.791,0.260,-6.913,6.676,1.266,9.383
54.13,-16.104,7.791,0.260,-6.913,6.676,1.266,9.383
54.15,-16.195,7.791,0.260,-6.955,6.666,1.260,9.432
54.17,-16.195,7.791,0.260,-6.955,6.666,1.260,9.432
54.20,-16.284,7.795,0.260,-7.002,6.658,1.251,9.473
54.22,-16.284,7.795,0.260,-7.002,6.658,1.251,9.473
54.24,-16.378,7.790,0.261,-7.045,6.655,1.243,9.521
54.26,-16.378,7.790,0.261,-7.045,6.655,1.243,9.521
54.28,-16.495,7.773,0.261,-7.096,6.654,1.232,9.582
54.30,-16.495,7.773,0.261,-7.096,6.654,1.232,9.582
54.32,-16.592,7.742,0.261,-7.141,6.657,1.222,9.628
54.34,-16.592,7.742,0.261,-7.141,6.657,1.222,9.628
54.37,-16.700,7.713,0.261,-7.187,6.661,1.211,9.683
54.39,-16.700,7.713,0.261,-7.187,6.661,1.211,9.683
54.41,-16.850,7.675,0.261,-7.239,6.669,1.198,9.774
54.43,-16.850,7.675,0.261,-7.239,6.669,1.198,9.774
54.45,-16.987,7.654,0.261,-7.286,6.677,1.186,9.856
54.47,-16.987,7.654,0.261,-7.286,6.677,1.186,9.856
54.49,-17.135,7.639,0.262,-7.342,6.688,1.172,9.943
54.52,-17.135,7.639,0.262,-7.342,6.688,1.172,9.943
54.54,-17.295,7.622,0.262,-7.421,6.705,1.151,10.017
54.56,-17.295,7.622,0.262,-7.421,6.705,1.151,10.017
54.58,-17.295,7.622,0.262,-7.421,6.705,1.151,10.017
54.60,-17.521,7.579,0.263,-7.471,6.716,1.139,10.183
54.62,-17.521,7.579,0.263,-7.471,6.716,1.139,10.183
54.64,-17.635,7.534,0.263,-7.530,6.728,1.124,10.231
54.66,-17.635,7.534,0.263,-7.530,6.728,1.124,10.231
54.68,-17.758,7.464,0.264,-7.582,6.738,1.112,10.293
54.70,-17.758,7.464,0.264,-7.582,6.738,1.112,10.293
54.73,-17.846,7.396,0.263,-7.636,6.746,1.100,10.321
54.75,-17.846,7.396,0.263,-7.636,6.746,1.100,10.321
54.77,-17.949,7.316,0.263,-7.689,6.754,1.088,10.365
54.79,-17.949,7.316,0.263,-7.689,6.754,1.088,10.365
54.81,-18.026,7.242,0.263,-7.750,6.762,1.074,10.373
54.83,-18.026,7.242,0.263,-7.750,6.762,1.074,10.373
54.85,-18.096,7.166,0.262,-7.804,6.768,1.063,10.384
54.87,-18.096,7.166,0.262,-7.804,6.768,1.063,10.384
54.90,-18.168,7.092,0.262,-7.864,6.773,1.051,10.393
54.92,-18.168,7.092,0.262,-7.864,6.773,1.051,10.393
54.94,-18.238,7.019,0.262,-7.926,6.776,1.038,10.396
54.96,-18.238,7.019,0.262,-7.926,6.776,1.038,10.396
54.98,-18.305,6.951,0.262,-7.980,6.778,1.028,10.406
55.00,-18.305,6.951,0.262,-7.980,6.778,1.028,10.406
55.02,-18.360,6.894,0.261,-8.063,6.778,1.012,10.376
55.04,-18.360,6.894,0.261,-8.063,6.778,1.012,10.376
55.06,-18.432,6.861,0.261,-8.121,6.775,1.002,10.389
55.09,-18.432,6.861,0.261,-8.121,6.775,1.002,10.389
55.11,-18.432,6.861,0.261,-8.121,6.775,1.002,10.389
55.13,-18.538,6.868,0.260,-8.183,6.771,0.991,10.430
55.15,-18.538,6.868,0.260,-8.183,6.771,0.991,10.430
55.17,-18.600,6.901,0.260,-8.237,6.766,0.983,10.438
55.19,-18.600,6.901,0.260,-8.237,6.766,0.983,10.438
55.21,-18.665,6.956,0.259,-8.290,6.759,0.974,10.450
55.23,-18.665,6.956,0.259,-8.290,6.759,0.974,10.450
55.25,-18.734,7.032,0.259,-8.348,6.749,0.965,10.462
55.28,-18.734,7.032,0.259,-8.348,6.749,0.965,10.462
55.30,-18.817,7.121,0.258,-8.400,6.738,0.957,10.494
55.32,-18.817,7.121,0.258,-8.400,6.738,0.957,10.494
55.34,-18.908,7.196,0.258,-8.459,6.723,0.948,10.529
55.36,-18.908,7.196,0.258,-8.459,6.723,0.948,10.529
55.38,-19.034,7.275,0.258,-8.510,6.708,0.940,10.606
55.40,-19.034,7.275,0.258,-8.510,6.708,0.940,10.606
55.42,-19.148,7.354,0.258,-8.562,6.691,0.933,10.674
55.44,-19.148,7.354,0.258,-8.562,6.691,0.933,10.674
55.47,-19.255,7.423,0.259,-8.615,6.671,0.925,10.731
55.49,-19.255,7.423,0.259,-8.615,6.671,0.925,10.731
55.51,-19.360,7.480,0.260,-8.672,6.648,0.918,10.785
55.53,-19.360,7.480,0.260,-8.672,6.648,0.918,10.785
55.55,-19.440,7.512,0.260,-8.745,6.613,0.908,10.796
55.57,-19.440,7.512,0.260,-8.745,6.613,0.908,10.796
55.59,-19.440,7.512,0.260,-8.745,6.613,0.908,10.796
55.61,-19.529,7.535,0.261,-8.797,6.586,0.902,10.836
55.63,-19.529,7.535,0.261,-8.797,6.586,0.902,10.836
55.66,-19.592,7.555,0.261,-8.844,6.560,0.896,10.856
55.68,-19.592,7.555,0.261,-8.844,6.560,0.896,10.856
55.70,-19.638,7.575,0.261,-8.897,6.527,0.890,10.853
55.72,-19.638,7.575,0.261,-8.897,6.527,0.890,10.853
55.74,-19.664,7.606,0.261,-8.943,6.498,0.885,10.839
55.76,-19.664,7.606,0.261,-8.943,6.498,0.885,10.839
55.79,-19.662,7.646,0.261,-8.986,6.469,0.880,10.801
55.81,-19.662,7.646,0.261,-8.986,6.469,0.880,10.801
55.83,-19.659,7.696,0.262,-9.034,6.435,0.875,10.759
55.85,-19.659,7.696,0.262,-9.034,6.435,0.875,10.759
55.87,-19.659,7.778,0.262,-9.085,6.398,0.870,10.723
55.89,-19.659,7.778,0.262,-9.085,6.398,0.870,10.723
55.91,-19.665,7.881,0.262,-9.130,6.366,0.866,10.703
55.93,-19.665,7.881,0.262,-9.130,6.366,0.866,10.703
55.95,-19.679,7.949,0.262,-9.174,6.333,0.863,10.688
55.98,-19.679,7.949,0.262,-9.174,6.333,0.863,10.688
56.00,-19.720,8.048,0.262,-9.222,6.296,0.859,10.701
56.02,-19.720,8.048,0.262,-9.222,6.296,0.859,10.701
56.04,-19.760,8.111,0.262,-9.295,6.242,0.854,10.689
56.06,-19.760,8.111,0.262,-9.295,6.242,0.854,10.689
56.08,-19.760,8.111,0.262,-9.295,6.242,0.854,10.689
56.10,-19.879,8.227,0.263,-9.339,6.210,0.851,10.789
56.12,-19.879,8.227,0.263,-9.339,6.210,0.851,10.789
56.15,-19.950,8.268,0.263,-9.384,6.178,0.848,10.828
56.17,-19.950,8.268,0.263,-9.384,6.178,0.848,10.828
56.19,-20.033,8.295,0.265,-9.433,6.144,0.846,10.872
56.21,-20.033,8.295,0.265,-9.433,6.144,0.846,10.872
56.23,-20.099,8.328,0.266,-9.485,6.109,0.844,10.900
56.25,-20.099,8.328,0.266,-9.485,6.109,0.844,10.900
56.27,-20.136,8.356,0.267,-9.530,6.080,0.842,10.904
56.29,-20.136,8.356,0.267,-9.530,6.080,0.842,10.904
56.32,-20.188,8.396,0.267,-9.577,6.050,0.840,10.924
56.34,-20.188,8.396,0.267,-9.577,6.050,0.840,10.924
56.36,-20.237,8.454,0.268,-9.626,6.021,0.839,10.942
56.38,-20.237,8.454,0.268,-9.626,6.021,0.839,10.942
56.40,-20.252,8.500,0.269,-9.679,5.992,0.838,10.923
56.42,-20.252,8.500,0.269,-9.679,5.992,0.838,10.923
56.44,-20.260,8.592,0.270,-9.726,5.967,0.837,10.913
56.46,-20.260,8.592,0.270,-9.726,5.967,0.837,10.913
56.48,-20.254,8.663,0.270,-9.774,5.943,0.837,10.884
56.50,-20.254,8.663,0.270,-9.774,5.943,0.837,10.884
56.52,-20.251,8.711,0.270,-9.855,5.907,0.836,10.824
56.55,-20.251,8.711,0.270,-9.855,5.907,0.836,10.824
56.57,-20.228,8.781,0.270,-9.902,5.887,0.836,10.780
56.59,-20.228,8.781,0.270,-9.902,5.887,0.836,10.780
56.61,-20.228,8.781,0.270,-9.902,5.887,0.836,10.780
56.63,-20.200,8.886,0.270,-9.950,5.869,0.836,10.742
56.65,-20.200,8.886,0.270,-9.950,5.869,0.836,10.742
56.67,-20.186,8.972,0.270,-10.003,5.850,0.837,10.708
56.69,-20.186,8.972,0.270,-10.003,5.850,0.837,10.708
56.72,-20.172,9.039,0.270,-10.058,5.833,0.838,10.668
56.74,-20.172,9.039,0.270,-10.058,5.833,0.838,10.668
56.76,-20.162,9.083,0.270,-10.107,5.819,0.838,10.629
56.78,-20.162,9.083,0.270,-10.107,5.819,0.838,10.629
56.80,-20.135,9.143,0.270,-10.162,5.805,0.840,10.575
56.82,-20.135,9.143,0.270,-10.162,5.805,0.840,10.575
56.84,-20.116,9.172,0.270,-10.212,5.793,0.841,10.523
56.86,-20.116,9.172,0.270,-10.212,5.793,0.841,10.523
56.89,-20.091,9.179,0.270,-10.265,5.782,0.842,10.455
56.91,-20.091,9.179,0.270,-10.265,5.782,0.842,10.455
56.93,-20.033,9.175,0.270,-10.315,5.772,0.843,10.356
56.95,-20.033,9.175,0.270,-10.315,5.772,0.843,10.356
56.97,-19.982,9.168,0.271,-10.372,5.762,0.845,10.256
56.99,-19.982,9.168,0.271,-10.372,5.762,0.845,10.256
57.01,-19.928,9.166,0.271,-10.423,5.755,0.847,10.160
57.03,-19.928,9.166,0.271,-10.423,5.755,0.847,10.160
57.05,-19.891,9.165,0.271,-10.505,5.744,0.850,10.053
57.07,-19.891,9.165,0.271,-10.505,5.744,0.850,10.053
57.10,-19.891,9.165,0.271,-10.505,5.744,0.850,10.053
57.12,-19.856,9.140,0.271,-10.564,5.737,0.852,9.959
57.14,-19.856,9.140,0.271,-10.564,5.737,0.852,9.959
57.16,-19.855,9.116,0.271,-10.616,5.732,0.854,9.903
57.18,-19.855,9.116,0.271,-10.616,5.732,0.854,9.903
57.20,-19.865,9.058,0.272,-10.670,5.727,0.857,9.845
57.22,-19.865,9.058,0.272,-10.670,5.727,0.857,9.845
57.25,-19.871,8.991,0.272,-10.727,5.722,0.859,9.776
57.27,-19.871,8.991,0.272,-10.727,5.722,0.859,9.776
57.29,-19.878,8.934,0.272,-10.780,5.718,0.862,9.717
57.31,-19.878,8.934,0.272,-10.780,5.718,0.862,9.717
57.33,-19.897,8.827,0.272,-10.841,5.714,0.865,9.643
57.35,-19.897,8.827,0.272,-10.841,5.714,0.865,9.643
57.37,-19.919,8.748,0.272,-10.895,5.710,0.868,9.590
57.39,-19.919,8.748,0.272,-10.895,5.710,0.868,9.590
57.41,-19.955,8.674,0.272,-10.951,5.706,0.870,9.550
57.44,-19.955,8.674,0.272,-10.951,5.706,0.870,9.550
57.46,-19.993,8.607,0.272,-11.009,5.703,0.874,9.511
57.48,-19.993,8.607,0.272,-11.009,5.703,0.874,9.511
57.50,-20.023,8.541,0.272,-11.071,5.699,0.877,9.462
57.52,-20.023,8.541,0.272,-11.071,5.699,0.877,9.462
57.54,-20.038,8.464,0.272,-11.153,5.694,0.882,9.377
57.56,-20.038,8.464,0.272,-11.153,5.694,0.882,9.377
57.58,-20.038,8.464,0.272,-11.153,5.694,0.882,9.377
57.60,-20.014,8.350,0.271,-11.209,5.690,0.885,9.270
57.62,-20.014,8.350,0.271,-11.209,5.690,0.885,9.270
57.64,-19.984,8.299,0.271,-11.268,5.686,0.888,9.173
57.67,-19.984,8.299,0.271,-11.268,5.686,0.888,9.173
57.69,-19.946,8.211,0.271,-11.331,5.682,0.892,9.054
57.71,-19.946,8.211,0.271,-11.331,5.682,0.892,9.054
57.73,-19.935,8.123,0.271,-11.385,5.678,0.896,8.968
57.75,-19.935,8.123,0.271,-11.385,5.678,0.896,8.968
57.77,-19.943,8.050,0.270,-11.441,5.674,0.899,8.905
57.79,-19.943,8.050,0.270,-11.441,5.674,0.899,8.905
57.81,-19.977,7.980,0.270,-11.496,5.669,0.903,8.868
57.83,-19.977,7.980,0.270,-11.496,5.669,0.903,8.868
57.86,-20.034,7.920,0.269,-11.559,5.664,0.907,8.849
57.88,-20.034,7.920,0.269,-11.559,5.664,0.907,8.849
57.90,-20.084,7.865,0.269,-11.613,5.660,0.910,8.832
57.92,-20.084,7.865,0.269,-11.613,5.660,0.910,8.832
57.94,-20.127,7.802,0.269,-11.667,5.656,0.914,8.808
57.96,-20.127,7.802,0.269,-11.667,5.656,0.914,8.808
57.98,-20.176,7.732,0.268,-11.726,5.652,0.918,8.782
58.00,-20.176,7.732,0.268,-11.726,5.652,0.918,8.782
58.02,-20.211,7.660,0.268,-11.807,5.648,0.924,8.723
58.04,-20.211,7.660,0.268,-11.807,5.648,0.924,8.723
58.07,-20.254,7.582,0.268,-11.869,5.645,0.929,8.689
58.09,-20.254,7.582,0.268,-11.869,5.645,0.929,8.689
58.11,-20.254,7.582,0.268,-11.869,5.645,0.929,8.689
58.13,-20.348,7.448,0.268,-11.923,5.643,0.933,8.699
58.15,-20.348,7.448,0.268,-11.923,5.643,0.933,8.699
58.17,-20.405,7.388,0.267,-11.977,5.643,0.937,8.691
58.19,-20.405,7.388,0.267,-11.977,5.643,0.937,8.691
58.21,-20.456,7.343,0.267,-12.036,5.642,0.942,8.674
58.23,-20.456,7.343,0.267,-12.036,5.642,0.942,8.674
58.26,-20.502,7.321,0.267,-12.098,5.643,0.948,8.655
58.28,-20.502,7.321,0.267,-12.098,5.643,0.948,8.655
58.30,-20.533,7.301,0.266,-12.152,5.645,0.953,8.630
58.32,-20.533,7.301,0.266,-12.152,5.645,0.953,8.630
58.34,-20.546,7.292,0.267,-12.205,5.647,0.958,8.589
58.36,-20.546,7.292,0.267,-12.205,5.647,0.958,8.589
58.38,-20.545,7.295,0.267,-12.259,5.651,0.963,8.537
58.40,-20.545,7.295,0.267,-12.259,5.651,0.963,8.537
58.42,-20.528,7.304,0.268,-12.316,5.656,0.968,8.466
58.44,-20.528,7.304,0.268,-12.316,5.656,0.968,8.466
58.47,-20.489,7.330,0.268,-12.369,5.661,0.974,8.383
58.49,-20.489,7.330,0.268,-12.369,5.661,0.974,8.383
58.51,-20.434,7.384,0.268,-12.429,5.669,0.980,8.281
58.53,-20.434,7.384,0.268,-12.429,5.669,0.980,8.281
58.55,-20.406,7.407,0.269,-12.508,5.680,0.988,8.182
58.57,-20.406,7.407,0.269,-12.508,5.680,0.988,8.182
58.59,-20.406,7.407,0.269,-12.508,5.680,0.988,8.182
58.61,-20.364,7.402,0.269,-12.561,5.689,0.993,8.088
58.63,-20.364,7.402,0.269,-12.561,5.689,0.993,8.088
58.65,-20.315,7.388,0.270,-12.617,5.699,0.999,7.983
58.68,-20.315,7.388,0.270,-12.617,5.699,0.999,7.983
58.70,-20.258,7.355,0.270,-12.676,5.710,1.005,7.862
58.72,-20.258,7.355,0.270,-12.676,5.710,1.005,7.862
58.74,-20.186,7.305,0.271,-12.727,5.721,1.010,7.732
58.76,-20.186,7.305,0.271,-12.727,5.721,1.010,7.732
58.78,-20.069,7.244,0.272,-12.780,5.732,1.015,7.554
58.80,-20.069,7.244,0.272,-12.780,5.732,1.015,7.554
58.83,-19.949,7.202,0.273,-12.832,5.744,1.019,7.378
58.85,-19.949,7.202,0.273,-12.832,5.744,1.019,7.378
58.87,-19.795,7.164,0.274,-12.884,5.755,1.023,7.172
58.89,-19.795,7.164,0.274,-12.884,5.755,1.023,7.172
58.91,-19.660,7.149,0.275,-12.943,5.770,1.028,6.979
58.93,-19.660,7.149,0.275,-12.943,5.770,1.028,6.979
58.95,-19.500,7.137,0.276,-12.996,5.783,1.032,6.771
58.98,-19.500,7.137,0.276,-12.996,5.783,1.032,6.771
59.00,-19.369,7.137,0.277,-13.056,5.799,1.036,6.586
59.02,-19.369,7.137,0.277,-13.056,5.799,1.036,6.586
59.04,-19.229,7.148,0.278,-13.141,5.822,1.041,6.369
59.06,-19.229,7.148,0.278,-13.141,5.822,1.041,6.369
59.08,-19.148,7.151,0.279,-13.209,5.842,1.045,6.225
59.10,-19.148,7.151,0.279,-13.209,5.842,1.045,6.225
59.13,-19.148,7.151,0.279,-13.209,5.842,1.045,6.225
59.15,-19.024,7.148,0.279,-13.270,5.858,1.047,6.044
59.17,-19.024,7.148,0.279,-13.270,5.858,1.047,6.044
59.19,-18.961,7.144,0.279,-13.333,5.875,1.049,5.920
59.21,-18.961,7.144,0.279,-13.333,5.875,1.049,5.920
59.23,-18.941,7.132,0.279,-13.405,5.893,1.051,5.827
59.25,-18.941,7.132,0.279,-13.405,5.893,1.051,5.827
59.27,-18.935,7.112,0.278,-13.484,5.910,1.051,5.738
59.30,-18.935,7.112,0.278,-13.484,5.910,1.051,5.738
59.32,-18.937,7.105,0.277,-13.556,5.924,1.050,5.667
59.34,-18.937,7.105,0.277,-13.556,5.924,1.050,5.667
59.36,-18.938,7.080,0.276,-13.633,5.936,1.048,5.586
59.38,-18.938,7.080,0.276,-13.633,5.936,1.048,5.586
59.40,-18.923,7.057,0.276,-13.718,5.945,1.043,5.483
59.42,-18.923,7.057,0.276,-13.718,5.945,1.043,5.483
59.44,-18.890,7.047,0.275,-13.793,5.951,1.038,5.376
59.47,-18.890,7.047,0.275,-13.793,5.951,1.038,5.376
59.49,-18.871,7.039,0.275,-13.877,5.954,1.031,5.275
59.51,-18.871,7.039,0.275,-13.877,5.954,1.031,5.275
59.53,-18.848,7.020,0.275,-13.954,5.954,1.022,5.175
59.55,-18.848,7.020,0.275,-13.954,5.954,1.022,5.175
59.57,-18.843,7.007,0.275,-14.082,5.948,1.006,5.043
59.59,-18.843,7.007,0.275,-14.082,5.948,1.006,5.043
59.61,-18.843,7.007,0.275,-14.082,5.948,1.006,5.043
59.64,-18.816,6.990,0.274,-14.163,5.940,0.994,4.935
59.66,-18.816,6.990,0.274,-14.163,5.940,0.994,4.935
59.68,-18.780,6.982,0.274,-14.247,5.930,0.979,4.819
59.70,-18.780,6.982,0.274,-14.247,5.930,0.979,4.819
59.72,-18.761,6.973,0.274,-14.338,5.915,0.963,4.713
59.74,-18.761,6.973,0.274,-14.338,5.915,0.963,4.713
59.77,-18.751,6.960,0.274,-14.416,5.901,0.947,4.627
59.79,-18.751,6.960,0.274,-14.416,5.901,0.947,4.627
59.81,-18.748,6.949,0.273,-14.497,5.885,0.930,4.545
59.83,-18.748,6.949,0.273,-14.497,5.885,0.930,4.545
59.85,-18.757,6.928,0.273,-14.523,5.882,0.925,4.523
59.87,-18.757,6.928,0.273,-14.523,5.882,0.925,4.523
59.89,-18.783,6.902,0.273,-14.611,5.862,0.905,4.458
59.91,-18.783,6.902,0.273,-14.611,5.862,0.905,4.458
59.94,-18.822,6.870,0.272,-14.687,5.845,0.888,4.415
59.96,-18.822,6.870,0.272,-14.687,5.845,0.888,4.415
59.98,-18.875,6.848,0.271,-14.763,5.828,0.871,4.388
60.00,-18.875,6.848,0.271,-14.763,5.828,0.871,4.388
60.02,-18.927,6.836,0.271,-14.840,5.811,0.853,4.361
60.04,-18.927,6.836,0.271,-14.840,5.811,0.853,4.361
60.06,-18.967,6.816,0.270,-14.954,5.790,0.829,4.286
60.08,-18.967,6.816,0.270,-14.954,5.790,0.829,4.286
60.10,-18.967,6.816,0.270,-14.954,5.790,0.829,4.286
60.12,-18.998,6.768,0.269,-15.020,5.779,0.817,4.240
60.15,-18.998,6.768,0.269,-15.020,5.779,0.817,4.240
60.17,-19.008,6.743,0.269,-15.083,5.772,0.806,4.183
60.19,-19.008,6.743,0.269,-15.083,5.772,0.806,4.183
60.21,-19.026,6.677,0.269,-15.156,5.767,0.797,4.116
60.23,-19.026,6.677,0.269,-15.156,5.767,0.797,4.116
60.25,-19.025,6.622,0.269,-15.211,5.765,0.791,4.050
60.27,-19.025,6.622,0.269,-15.211,5.765,0.791,4.050
60.29,-19.030,6.563,0.269,-15.270,5.767,0.786,3.986
60.31,-19.030,6.563,0.269,-15.270,5.767,0.786,3.986
60.34,-19.024,6.499,0.269,-15.320,5.771,0.784,3.919
60.36,-19.024,6.499,0.269,-15.320,5.771,0.784,3.919
60.38,-19.007,6.440,0.269,-15.374,5.778,0.783,3.840
60.40,-19.007,6.440,0.269,-15.374,5.778,0.783,3.840
60.42,-18.970,6.395,0.269,-15.419,5.788,0.785,3.753
60.44,-18.970,6.395,0.269,-15.419,5.788,0.785,3.753
60.46,-18.927,6.365,0.269,-15.464,5.800,0.788,3.665
60.48,-18.927,6.365,0.269,-15.464,5.800,0.788,3.665
60.50,-18.879,6.353,0.269,-15.508,5.815,0.793,3.576
60.52,-18.879,6.353,0.269,-15.508,5.815,0.793,3.576
60.55,-18.827,6.344,0.269,-15.572,5.842,0.803,3.464
60.57,-18.827,6.344,0.269,-15.572,5.842,0.803,3.464
60.59,-18.765,6.330,0.268,-15.609,5.861,0.811,3.368
60.61,-18.765,6.330,0.268,-15.609,5.861,0.811,3.368
60.63,-18.765,6.330,0.268,-15.609,5.861,0.811,3.368
60.65,-18.616,6.286,0.268,-15.646,5.882,0.819,3.189
60.67,-18.616,6.286,0.268,-15.646,5.882,0.819,3.189
60.70,-18.550,6.261,0.268,-15.684,5.905,0.829,3.089
60.72,-18.550,6.261,0.268,-15.684,5.905,0.829,3.089
60.74,-18.505,6.238,0.268,-15.719,5.928,0.839,3.014
60.76,-18.505,6.238,0.268,-15.719,5.928,0.839,3.014
60.78,-18.485,6.222,0.269,-15.759,5.956,0.850,2.959
60.80,-18.485,6.222,0.269,-15.759,5.956,0.850,2.959
60.82,-18.504,6.214,0.268,-15.793,5.980,0.860,2.946
60.84,-18.504,6.214,0.268,-15.793,5.980,0.860,2.946
60.86,-18.550,6.222,0.268,-15.829,6.006,0.871,2.957
60.88,-18.550,6.222,0.268,-15.829,6.006,0.871,2.957
60.91,-18.600,6.254,0.268,-15.866,6.032,0.880,2.973
60.93,-18.600,6.254,0.268,-15.866,6.032,0.880,2.973
60.95,-18.655,6.329,0.267,-15.916,6.063,0.891,2.986
60.97,-18.655,6.329,0.267,-15.916,6.063,0.891,2.986
60.99,-18.683,6.378,0.267,-15.968,6.090,0.899,2.969
61.01,-18.683,6.378,0.267,-15.968,6.090,0.899,2.969
61.03,-18.707,6.407,0.266,-16.029,6.119,0.906,2.937
61.05,-18.707,6.407,0.266,-16.029,6.119,0.906,2.937
61.07,-18.739,6.431,0.266,-16.139,6.164,0.916,2.868
61.09,-18.739,6.431,0.266,-16.139,6.164,0.916,2.868
61.12,-18.739,6.431,0.266,-16.139,6.164,0.916,2.868
61.14,-18.794,6.438,0.266,-16.225,6.197,0.923,2.840
61.16,-18.794,6.438,0.266,-16.225,6.197,0.923,2.840
61.18,-18.854,6.440,0.266,-16.304,6.226,0.929,2.825
61.20,-18.854,6.440,0.266,-16.304,6.226,0.929,2.825
61.22,-18.924,6.437,0.266,-16.386,6.255,0.936,2.815
61.24,-18.924,6.437,0.266,-16.386,6.255,0.936,2.815
61.26,-18.984,6.437,0.266,-16.472,6.285,0.944,2.793
61.29,-18.984,6.437,0.266,-16.472,6.285,0.944,2.793
61.31,-19.041,6.434,0.267,-16.564,6.317,0.955,2.764
61.33,-19.041,6.434,0.267,-16.564,6.317,0.955,2.764
61.35,-19.104,6.446,0.267,-16.645,6.344,0.966,2.752
61.37,-19.104,6.446,0.267,-16.645,6.344,0.966,2.752
61.39,-19.158,6.474,0.268,-16.724,6.368,0.977,2.736
61.41,-19.158,6.474,0.268,-16.724,6.368,0.977,2.736
61.43,-19.212,6.512,0.269,-16.806,6.392,0.990,2.717
61.45,-19.212,6.512,0.269,-16.806,6.392,0.990,2.717
61.47,-19.275,6.552,0.269,-16.892,6.415,1.004,2.705
61.49,-19.275,6.552,0.269,-16.892,6.415,1.004,2.705
61.52,-19.361,6.600,0.270,-16.985,6.434,1.019,2.708
61.54,-19.361,6.600,0.270,-16.985,6.434,1.019,2.708
61.56,-19.467,6.650,0.270,-17.105,6.453,1.039,2.708
61.58,-19.467,6.650,0.270,-17.105,6.453,1.039,2.708
61.60,-19.586,6.707,0.271,-17.185,6.459,1.052,2.752
61.62,-19.586,6.707,0.271,-17.185,6.459,1.052,2.752
61.64,-19.586,6.707,0.271,-17.185,6.459,1.052,2.752
61.67,-19.775,6.802,0.272,-17.273,6.461,1.064,2.857
61.69,-19.775,6.802,0.272,-17.273,6.461,1.064,2.857
61.71,-19.886,6.868,0.273,-17.366,6.457,1.076,2.888
61.73,-19.886,6.868,0.273,-17.366,6.457,1.076,2.888
61.75,-20.024,6.977,0.274,-17.446,6.448,1.084,2.962
61.77,-20.024,6.977,0.274,-17.446,6.448,1.084,2.962
61.79,-20.114,7.048,0.274,-17.526,6.436,1.090,2.989
61.81,-20.114,7.048,0.274,-17.526,6.436,1.090,2.989
61.84,-20.209,7.116,0.275,-17.614,6.419,1.094,3.015
61.86,-20.209,7.116,0.275,-17.614,6.419,1.094,3.015
61.88,-20.278,7.171,0.275,-17.578,6.443,1.094,3.113
61.90,-20.278,7.171,0.275,-17.578,6.443,1.094,3.113
61.92,-20.370,7.258,0.276,-17.668,6.423,1.091,3.141
61.94,-20.370,7.258,0.276,-17.668,6.423,1.091,3.141
61.96,-20.446,7.338,0.277,-17.746,6.405,1.085,3.164
61.98,-20.446,7.338,0.277,-17.746,6.405,1.085,3.164
62.00,-20.543,7.419,0.277,-17.822,6.387,1.077,3.209
62.03,-20.543,7.419,0.277,-17.822,6.387,1.077,3.209
62.05,-20.610,7.466,0.278,-17.905,6.370,1.065,3.213
62.07,-20.610,7.466,0.278,-17.905,6.370,1.065,3.213
62.09,-20.714,7.541,0.277,-18.023,6.348,1.043,3.226
62.11,-20.714,7.541,0.277,-18.023,6.348,1.043,3.226
62.13,-20.714,7.541,0.277,-18.023,6.348,1.043,3.226
62.15,-20.830,7.626,0.278,-18.090,6.339,1.026,3.296
62.17,-20.830,7.626,0.278,-18.090,6.339,1.026,3.296
62.19,-20.893,7.684,0.278,-18.161,6.334,1.007,3.307
62.22,-20.893,7.684,0.278,-18.161,6.334,1.007,3.307
62.24,-20.965,7.753,0.279,-18.231,6.334,0.984,3.329
62.26,-20.965,7.753,0.279,-18.231,6.334,0.984,3.329
62.28,-21.033,7.842,0.280,-18.289,6.338,0.963,3.367
62.30,-21.033,7.842,0.280,-18.289,6.338,0.963,3.367
62.32,-21.101,7.927,0.280,-18.344,6.345,0.941,3.405
62.34,-21.101,7.927,0.280,-18.344,6.345,0.941,3.405
62.36,-21.152,7.974,0.280,-18.397,6.357,0.918,3.412
62.39,-21.152,7.974,0.280,-18.397,6.357,0.918,3.412
62.41,-21.243,8.045,0.281,-18.449,6.373,0.894,3.462
62.43,-21.243,8.045,0.281,-18.449,6.373,0.894,3.462
62.45,-21.305,8.103,0.281,-18.503,6.394,0.868,3.478
62.47,-21.305,8.103,0.281,-18.503,6.394,0.868,3.478
62.49,-21.375,8.149,0.280,-18.547,6.416,0.846,3.503
62.51,-21.375,8.149,0.280,-18.547,6.416,0.846,3.503
62.53,-21.438,8.194,0.280,-18.589,6.442,0.825,3.522
62.55,-21.438,8.194,0.280,-18.589,6.442,0.825,3.522
62.58,-21.496,8.229,0.280,-18.651,6.486,0.794,3.505
62.60,-21.496,8.229,0.280,-18.651,6.486,0.794,3.505
62.62,-21.554,8.265,0.280,-18.694,6.521,0.773,3.511
62.64,-21.554,8.265,0.280,-18.694,6.521,0.773,3.511
62.66,-21.554,8.265,0.280,-18.694,6.521,0.773,3.511
62.68,-21.600,8.286,0.279,-18.730,6.553,0.757,3.509
62.70,-21.600,8.286,0.279,-18.730,6.553,0.757,3.509
62.72,-21.626,8.285,0.279,-18.765,6.587,0.743,3.480
62.74,-21.626,8.285,0.279,-18.765,6.587,0.743,3.480
62.77,-21.647,8.299,0.278,-18.803,6.625,0.729,3.451
62.79,-21.647,8.299,0.278,-18.803,6.625,0.729,3.451
62.81,-21.674,8.335,0.278,-18.841,6.665,0.718,3.436
62.83,-21.674,8.335,0.278,-18.841,6.665,0.718,3.436
62.85,-21.710,8.376,0.278,-18.874,6.699,0.711,3.439
62.87,-21.710,8.376,0.278,-18.874,6.699,0.711,3.439
62.89,-21.730,8.414,0.278,-18.921,6.742,0.712,3.415
62.92,-21.730,8.414,0.278,-18.921,6.742,0.712,3.415
62.94,-21.751,8.467,0.279,-18.957,6.779,0.709,3.411
62.96,-21.751,8.467,0.279,-18.957,6.779,0.709,3.411
62.98,-21.768,8.531,0.279,-18.995,6.817,0.709,3.406
63.00,-21.768,8.531,0.279,-18.995,6.817,0.709,3.406
63.02,-21.779,8.618,0.280,-19.029,6.849,0.711,3.417
63.04,-21.779,8.618,0.280,-19.029,6.849,0.711,3.417
63.06,-21.774,8.684,0.281,-19.063,6.880,0.715,3.405
63.09,-21.774,8.684,0.281,-19.063,6.880,0.715,3.405
63.11,-21.779,8.743,0.281,-19.119,6.926,0.724,3.374
63.13,-21.779,8.743,0.281,-19.119,6.926,0.724,3.374
63.15,-21.779,8.743,0.281,-19.119,6.926,0.724,3.374
63.17,-21.831,8.834,0.282,-19.156,6.953,0.732,3.424
63.19,-21.831,8.834,0.282,-19.156,6.953,0.732,3.424
63.21,-21.883,8.874,0.282,-19.199,6.980,0.742,3.441
63.23,-21.883,8.874,0.282,-19.199,6.980,0.742,3.441
63.26,-21.934,8.897,0.283,-19.238,7.001,0.752,3.454
63.28,-21.934,8.897,0.283,-19.238,7.001,0.752,3.454
63.30,-21.982,8.893,0.283,-19.283,7.022,0.764,3.447
63.32,-21.982,8.893,0.283,-19.283,7.022,0.764,3.447
63.34,-22.020,8.869,0.283,-19.324,7.038,0.776,3.427
63.36,-22.020,8.869,0.283,-19.324,7.038,0.776,3.427
63.38,-22.041,8.833,0.283,-19.373,7.054,0.791,3.382
63.40,-22.041,8.833,0.283,-19.373,7.054,0.791,3.382
63.43,-22.049,8.820,0.283,-19.417,7.064,0.804,3.345
63.45,-22.049,8.820,0.283,-19.417,7.064,0.804,3.345
63.47,-22.059,8.814,0.283,-19.467,7.073,0.820,3.312
63.49,-22.059,8.814,0.283,-19.467,7.073,0.820,3.312
63.51,-22.083,8.817,0.283,-19.520,7.079,0.836,3.292
63.53,-22.083,8.817,0.283,-19.520,7.079,0.836,3.292
63.56,-22.101,8.827,0.282,-19.568,7.081,0.851,3.278
63.58,-22.101,8.827,0.282,-19.568,7.081,0.851,3.278
63.60,-22.103,8.843,0.283,-19.642,7.079,0.873,3.241
63.62,-22.103,8.843,0.283,-19.642,7.079,0.873,3.241
63.64,-22.103,8.843,0.283,-19.642,7.079,0.873,3.241
63.66,-22.073,8.864,0.283,-19.696,7.075,0.889,3.198
63.68,-22.073,8.864,0.283,-19.696,7.075,0.889,3.198
63.71,-22.044,8.887,0.283,-19.754,7.067,0.906,3.157
63.73,-22.044,8.887,0.283,-19.754,7.067,0.906,3.157
63.75,-22.008,8.914,0.283,-19.806,7.058,0.920,3.122
63.77,-22.008,8.914,0.283,-19.806,7.058,0.920,3.122
63.79,-21.958,8.950,0.284,-19.859,7.046,0.935,3.084
63.81,-21.958,8.950,0.284,-19.859,7.046,0.935,3.084
63.83,-21.932,8.963,0.284,-19.917,7.032,0.949,3.052
63.85,-21.932,8.963,0.284,-19.917,7.032,0.949,3.052
63.88,-21.913,8.964,0.284,-19.978,7.014,0.964,3.017
63.90,-21.913,8.964,0.284,-19.978,7.014,0.964,3.017
63.92,-21.883,8.933,0.285,-20.020,7.002,0.973,2.964
63.94,-21.883,8.933,0.285,-20.020,7.002,0.973,2.964
63.96,-21.862,8.906,0.285,-20.080,6.982,0.985,2.914
63.98,-21.862,8.906,0.285,-20.080,6.982,0.985,2.914
64.00,-21.833,8.857,0.286,-20.144,6.959,0.997,2.847
64.02,-21.833,8.857,0.286,-20.144,6.959,0.997,2.847
64.04,-21.827,8.828,0.286,-20.199,6.938,1.007,2.810
64.06,-21.827,8.828,0.286,-20.199,6.938,1.007,2.810
64.09,-21.815,8.808,0.287,-20.297,6.899,1.022,2.768
64.11,-21.815,8.808,0.287,-20.297,6.899,1.022,2.768
64.13,-21.808,8.793,0.287,-20.353,6.875,1.029,2.744
64.15,-21.808,8.793,0.287,-20.353,6.875,1.029,2.744
64.17,-21.808,8.793,0.287,-20.353,6.875,1.029,2.744
64.19,-21.815,8.797,0.288,-20.409,6.852,1.036,2.741
64.21,-21.815,8.797,0.288,-20.409,6.852,1.036,2.741
64.23,-21.827,8.839,0.289,-20.470,6.825,1.042,2.769
64.25,-21.827,8.839,0.289,-20.470,6.825,1.042,2.769
64.27,-21.826,8.884,0.290,-20.534,6.797,1.047,2.794
64.29,-21.826,8.884,0.290,-20.534,6.797,1.047,2.794
64.32,-21.829,8.922,0.290,-20.590,6.773,1.050,2.820
64.34,-21.829,8.922,0.290,-20.590,6.773,1.050,2.820
64.36,-21.811,8.979,0.290,-20.645,6.749,1.053,2.852
64.38,-21.811,8.979,0.290,-20.645,6.749,1.053,2.852
64.40,-21.779,9.018,0.291,-20.702,6.724,1.055,2.869
64.42,-21.779,9.018,0.291,-20.702,6.724,1.055,2.869
64.45,-21.725,9.059,0.291,-20.761,6.699,1.056,2.883
64.47,-21.725,9.059,0.291,-20.761,6.699,1.056,2.883
64.49,-21.654,9.093,0.292,-20.823,6.672,1.056,2.893
64.51,-21.654,9.093,0.292,-20.823,6.672,1.056,2.893
64.53,-21.605,9.097,0.292,-20.878,6.649,1.056,2.887
64.55,-21.605,9.097,0.292,-20.878,6.649,1.056,2.887
64.57,-21.558,9.094,0.293,-20.931,6.628,1.054,2.879
64.59,-21.558,9.094,0.293,-20.931,6.628,1.054,2.879
64.62,-21.520,9.094,0.293,-21.011,6.595,1.052,2.883
64.64,-21.520,9.094,0.293,-21.011,6.595,1.052,2.883
64.66,-21.520,9.094,0.293,-21.011,6.595,1.052,2.883
64.68,-21.462,9.098,0.293,-21.067,6.574,1.049,2.887
64.70,-21.462,9.098,0.293,-21.067,6.574,1.049,2.887
64.72,-21.413,9.097,0.293,-21.126,6.551,1.046,2.891
64.74,-21.413,9.097,0.293,-21.126,6.551,1.046,2.891
64.76,-21.389,9.097,0.294,-21.176,6.533,1.043,2.900
64.78,-21.389,9.097,0.294,-21.176,6.533,1.043,2.900
64.80,-21.388,9.104,0.295,-21.225,6.515,1.039,2.917
64.83,-21.388,9.104,0.295,-21.225,6.515,1.039,2.917
64.85,-21.397,9.108,0.295,-21.277,6.496,1.035,2.933
64.87,-21.397,9.108,0.295,-21.277,6.496,1.035,2.933
64.89,-21.413,9.118,0.295,-21.329,6.477,1.030,2.956
64.91,-21.413,9.118,0.295,-21.329,6.477,1.030,2.956
64.93,-21.429,9.139,0.295,-21.371,6.462,1.026,2.985
64.95,-21.429,9.139,0.295,-21.371,6.462,1.026,2.985
64.97,-21.452,9.180,0.294,-21.409,6.447,1.022,3.034
64.99,-21.452,9.180,0.294,-21.409,6.447,1.022,3.034
65.02,-21.472,9.245,0.294,-21.446,6.432,1.017,3.104
65.04,-21.472,9.245,0.294,-21.446,6.432,1.017,3.104
65.06,-21.489,9.338,0.293,-21.479,6.417,1.012,3.199
65.08,-21.489,9.338,0.293,-21.479,6.417,1.012,3.199
65.10,-21.511,9.461,0.293,-21.510,6.398,1.005,3.326
65.12,-21.511,9.461,0.293,-21.510,6.398,1.005,3.326
65.14,-21.511,9.461,0.293,-21.510,6.398,1.005,3.326
65.16,-21.548,9.575,0.292,-21.523,6.386,1.001,3.441
65.19,-21.548,9.575,0.292,-21.523,6.386,1.001,3.441
65.21,-21.580,9.623,0.291,-21.527,6.374,0.995,3.495
65.23,-21.580,9.623,0.291,-21.527,6.374,0.995,3.495
65.25,-21.607,9.650,0.291,-21.521,6.364,0.991,3.528
65.27,-21.607,9.650,0.291,-21.521,6.364,0.991,3.528
65.29,-21.630,9.665,0.290,-21.507,6.355,0.986,3.550
65.32,-21.630,9.665,0.290,-21.507,6.355,0.986,3.550
65.34,-21.649,9.693,0.289,-21.482,6.347,0.982,3.583
65.36,-21.649,9.693,0.289,-21.482,6.347,0.982,3.583
65.38,-21.666,9.736,0.288,-21.446,6.338,0.977,3.632
65.40,-21.666,9.736,0.288,-21.446,6.338,0.977,3.632
65.43,-21.687,9.786,0.287,-21.396,6.330,0.973,3.690
65.45,-21.687,9.786,0.287,-21.396,6.330,0.973,3.690
65.47,-21.708,9.851,0.287,-21.342,6.324,0.969,3.762
65.49,-21.708,9.851,0.287,-21.342,6.324,0.969,3.762
65.51,-21.713,9.899,0.286,-21.282,6.318,0.965,3.818
65.53,-21.713,9.899,0.286,-21.282,6.318,0.965,3.818
65.55,-21.723,9.948,0.286,-21.207,6.312,0.961,3.878
65.57,-21.723,9.948,0.286,-21.207,6.312,0.961,3.878
65.59,-21.756,9.990,0.286,-21.151,6.308,0.957,3.933
65.61,-21.756,9.990,0.286,-21.151,6.308,0.957,3.933
65.64,-21.780,10.025,0.285,-21.072,6.304,0.954,3.985
65.66,-21.780,10.025,0.285,-21.072,6.304,0.954,3.985
65.68,-21.780,10.025,0.285,-21.072,6.304,0.954,3.985
65.70,-21.815,10.066,0.285,-20.993,6.301,0.951,4.047
65.72,-21.815,10.066,0.285,-20.993,6.301,0.951,4.047
65.74,-21.830,10.089,0.285,-20.900,6.298,0.948,4.093
65.76,-21.830,10.089,0.285,-20.900,6.298,0.948,4.093
65.78,-21.842,10.107,0.285,-20.814,6.295,0.945,4.135
65.81,-21.842,10.107,0.285,-20.814,6.295,0.945,4.135
65.83,-21.858,10.137,0.285,-20.729,6.292,0.943,4.191
65.85,-21.858,10.137,0.285,-20.729,6.292,0.943,4.191
65.87,-21.875,10.166,0.286,-20.708,6.290,0.942,4.229
65.89,-21.875,10.166,0.286,-20.708,6.290,0.942,4.229
65.91,-21.876,10.180,0.286,-20.611,6.285,0.939,4.274
65.93,-21.876,10.180,0.286,-20.611,6.285,0.939,4.274
65.95,-21.868,10.197,0.286,-20.525,6.279,0.937,4.318
65.98,-21.868,10.197,0.286,-20.525,6.279,0.937,4.318
66.00,-21.876,10.216,0.286,-20.436,6.272,0.935,4.372
66.02,-21.876,10.216,0.286,-20.436,6.272,0.935,4.372
66.04,-21.881,10.247,0.286,-20.341,6.264,0.932,4.440
66.06,-21.881,10.247,0.286,-20.341,6.264,0.932,4.440
66.08,-21.869,10.297,0.287,-20.259,6.257,0.928,4.515
66.10,-21.869,10.297,0.287,-20.259,6.257,0.928,4.515
66.12,-21.857,10.322,0.287,-20.195,6.251,0.924,4.560
66.14,-21.857,10.322,0.287,-20.195,6.251,0.924,4.560
66.17,-21.857,10.322,0.287,-20.195,6.251,0.924,4.560
66.19,-21.825,10.378,0.287,-20.162,6.248,0.922,4.614
66.21,-21.825,10.378,0.287,-20.162,6.248,0.922,4.614
66.23,-21.816,10.417,0.287,-20.122,6.244,0.921,4.662
66.25,-21.816,10.417,0.287,-20.122,6.244,0.921,4.662
66.27,-21.817,10.463,0.287,-20.046,6.236,0.914,4.737
66.29,-21.817,10.463,0.287,-20.046,6.236,0.914,4.737
66.31,-21.824,10.488,0.288,-19.969,6.228,0.907,4.797
66.34,-21.824,10.488,0.288,-19.969,6.228,0.907,4.797
66.36,-21.840,10.520,0.289,-19.889,6.220,0.900,4.869
66.38,-21.840,10.520,0.289,-19.889,6.220,0.900,4.869
66.40,-21.854,10.546,0.289,-19.806,6.211,0.892,4.938
66.42,-21.854,10.546,0.289,-19.806,6.211,0.892,4.938
66.44,-21.868,10.588,0.290,-19.734,6.204,0.886,5.016
66.46,-21.868,10.588,0.290,-19.734,6.204,0.886,5.016
66.48,-21.864,10.616,0.291,-19.665,6.197,0.880,5.073
66.51,-21.864,10.616,0.291,-19.665,6.197,0.880,5.073
66.53,-21.845,10.636,0.291,-19.591,6.190,0.875,5.120
66.55,-21.845,10.636,0.291,-19.591,6.190,0.875,5.120
66.57,-21.813,10.647,0.292,-19.525,6.184,0.871,5.148
66.59,-21.813,10.647,0.292,-19.525,6.184,0.871,5.148
66.61,-21.810,10.654,0.293,-19.421,6.176,0.867,5.206
66.63,-21.810,10.654,0.293,-19.421,6.176,0.867,5.206
66.65,-21.809,10.662,0.293,-19.360,6.171,0.866,5.245
66.68,-21.809,10.662,0.293,-19.360,6.171,0.866,5.245
66.70,-21.809,10.662,0.293,-19.360,6.171,0.866,5.245
66.72,-21.825,10.678,0.295,-19.296,6.167,0.866,5.300
66.74,-21.825,10.678,0.295,-19.296,6.167,0.866,5.300
66.76,-21.841,10.681,0.296,-19.231,6.164,0.868,5.345
66.78,-21.841,10.681,0.296,-19.231,6.164,0.868,5.345
66.80,-21.860,10.687,0.297,-19.177,6.161,0.870,5.390
66.82,-21.860,10.687,0.297,-19.177,6.161,0.870,5.390
66.84,-21.871,10.686,0.298,-19.119,6.159,0.874,5.426
66.87,-21.871,10.686,0.298,-19.119,6.159,0.874,5.426
66.89,-21.879,10.695,0.299,-19.069,6.158,0.880,5.465
66.91,-21.879,10.695,0.299,-19.069,6.158,0.880,5.465
66.93,-21.899,10.713,0.300,-19.013,6.157,0.887,5.522
66.95,-21.899,10.713,0.300,-19.013,6.157,0.887,5.522
66.97,-21.923,10.727,0.300,-18.966,6.157,0.895,5.573
66.99,-21.923,10.727,0.300,-18.966,6.157,0.895,5.573
67.02,-21.940,10.743,0.301,-18.921,6.157,0.904,5.622
67.04,-21.940,10.743,0.301,-18.921,6.157,0.904,5.622
67.06,-21.939,10.751,0.302,-18.872,6.158,0.915,5.655
67.08,-21.939,10.751,0.302,-18.872,6.158,0.915,5.655
67.10,-21.924,10.757,0.302,-18.823,6.159,0.927,5.680
67.12,-21.924,10.757,0.302,-18.823,6.159,0.927,5.680
67.15,-21.874,10.756,0.303,-18.761,6.162,0.946,5.688
67.17,-21.874,10.756,0.303,-18.761,6.162,0.946,5.688
67.19,-21.874,10.756,0.303,-18.761,6.162,0.946,5.688
67.21,-21.789,10.765,0.304,-18.719,6.165,0.960,5.674
67.23,-21.789,10.765,0.304,-18.719,6.165,0.960,5.674
67.25,-21.719,10.781,0.304,-18.655,6.170,0.985,5.684
67.27,-21.719,10.781,0.304,-18.655,6.170,0.985,5.684
67.29,-21.673,10.806,0.305,-18.590,6.180,1.011,5.713
67.31,-21.673,10.806,0.305,-18.590,6.180,1.011,5.713
67.33,-21.655,10.830,0.305,-18.551,6.184,1.026,5.743
67.36,-21.655,10.830,0.305,-18.551,6.184,1.026,5.743
67.38,-21.641,10.854,0.305,-18.511,6.188,1.043,5.777
67.40,-21.641,10.854,0.305,-18.511,6.188,1.043,5.777
67.42,-21.641,10.882,0.305,-18.467,6.194,1.061,5.824
67.44,-21.641,10.882,0.305,-18.467,6.194,1.061,5.824
67.46,-21.687,10.926,0.305,-18.421,6.201,1.081,5.909
67.48,-21.687,10.926,0.305,-18.421,6.201,1.081,5.909
67.50,-21.751,10.959,0.305,-18.380,6.208,1.097,5.991
67.52,-21.751,10.959,0.305,-18.380,6.208,1.097,5.991
67.55,-21.819,10.975,0.305,-18.334,6.218,1.114,6.066
67.57,-21.819,10.975,0.305,-18.334,6.218,1.114,6.066
67.59,-21.959,10.968,0.305,-18.285,6.229,1.131,6.166
67.61,-21.959,10.968,0.305,-18.285,6.229,1.131,6.166
67.63,-22.048,10.942,0.304,-18.219,6.245,1.151,6.232
67.65,-22.048,10.942,0.304,-18.219,6.245,1.151,6.232
67.67,-22.048,10.942,0.304,-18.219,6.245,1.151,6.232
67.69,-22.171,10.874,0.304,-18.172,6.256,1.165,6.282
67.72,-22.171,10.874,0.304,-18.172,6.256,1.165,6.282
67.74,-22.222,10.847,0.304,-18.122,6.269,1.179,6.323
67.76,-22.222,10.847,0.304,-18.122,6.269,1.179,6.323
67.78,-22.290,10.816,0.305,-18.065,6.282,1.193,6.376
67.80,-22.290,10.816,0.305,-18.065,6.282,1.193,6.376
67.82,-22.328,10.785,0.305,-18.015,6.294,1.206,6.408
67.84,-22.328,10.785,0.305,-18.015,6.294,1.206,6.408
67.86,-22.378,10.723,0.305,-17.963,6.305,1.218,6.429
67.88,-22.378,10.723,0.305,-17.963,6.305,1.218,6.429
67.91,-22.401,10.691,0.306,-17.904,6.316,1.232,6.460
67.93,-22.401,10.691,0.306,-17.904,6.316,1.232,6.460
67.95,-22.417,10.649,0.306,-17.848,6.325,1.245,6.479
67.97,-22.417,10.649,0.306,-17.848,6.325,1.245,6.479
67.99,-22.411,10.622,0.306,-17.782,6.334,1.260,6.501
68.01,-22.411,10.622,0.306,-17.782,6.334,1.260,6.501
68.03,-22.388,10.604,0.306,-17.723,6.341,1.273,6.514
68.05,-22.388,10.604,0.306,-17.723,6.341,1.273,6.514
68.07,-22.354,10.590,0.306,-17.656,6.346,1.288,6.529
68.10,-22.354,10.590,0.306,-17.656,6.346,1.288,6.529
68.12,-22.313,10.587,0.306,-17.553,6.351,1.311,6.574
68.14,-22.313,10.587,0.306,-17.553,6.351,1.311,6.574
68.16,-22.274,10.593,0.305,-17.488,6.352,1.326,6.599
68.18,-22.274,10.593,0.305,-17.488,6.352,1.326,6.599
68.20,-22.274,10.593,0.305,-17.488,6.352,1.326,6.599
68.22,-22.245,10.610,0.304,-17.422,6.351,1.341,6.641
68.24,-22.245,10.610,0.304,-17.422,6.351,1.341,6.641
68.26,-22.239,10.633,0.304,-17.354,6.348,1.357,6.707
68.28,-22.239,10.633,0.304,-17.354,6.348,1.357,6.707
68.31,-22.233,10.642,0.303,-17.280,6.343,1.374,6.769
68.33,-22.233,10.642,0.303,-17.280,6.343,1.374,6.769
68.35,-22.223,10.648,0.302,-17.246,6.341,1.382,6.794
68.37,-22.223,10.648,0.302,-17.246,6.341,1.382,6.794
68.39,-22.226,10.669,0.302,-17.176,6.334,1.398,6.869
68.41,-22.226,10.669,0.302,-17.176,6.334,1.398,6.869
68.43,-22.226,10.678,0.301,-17.104,6.325,1.415,6.937
68.45,-22.226,10.678,0.301,-17.104,6.325,1.415,6.937
68.47,-22.231,10.679,0.300,-17.025,6.315,1.434,7.011
68.50,-22.231,10.679,0.300,-17.025,6.315,1.434,7.011
68.52,-22.247,10.695,0.300,-16.988,6.310,1.443,7.065
68.54,-22.247,10.695,0.300,-16.988,6.310,1.443,7.065
68.56,-22.269,10.732,0.299,-16.916,6.299,1.460,7.169
68.58,-22.269,10.732,0.299,-16.916,6.299,1.460,7.169
68.60,-22.302,10.767,0.298,-16.844,6.287,1.477,7.280
68.62,-22.302,10.767,0.298,-16.844,6.287,1.477,7.280
68.64,-22.332,10.810,0.298,-16.775,6.275,1.493,7.393
68.67,-22.332,10.810,0.298,-16.775,6.275,1.493,7.393
68.69,-22.332,10.810,0.298,-16.775,6.275,1.493,7.393
68.71,-22.366,10.896,0.297,-16.705,6.262,1.509,7.536
68.73,-22.366,10.896,0.297,-16.705,6.262,1.509,7.536
68.75,-22.405,10.947,0.297,-16.625,6.247,1.527,7.671
68.77,-22.405,10.947,0.297,-16.625,6.247,1.527,7.671
68.79,-22.452,10.979,0.297,-16.556,6.234,1.543,7.788
68.81,-22.452,10.979,0.297,-16.556,6.234,1.543,7.788
68.83,-22.501,11.000,0.296,-16.487,6.220,1.558,7.902
68.86,-22.501,11.000,0.296,-16.487,6.220,1.558,7.902
68.88,-22.558,11.014,0.295,-16.443,6.212,1.568,7.996
68.90,-22.558,11.014,0.295,-16.443,6.212,1.568,7.996
68.92,-22.606,11.010,0.295,-16.368,6.199,1.583,8.099
68.94,-22.606,11.010,0.295,-16.368,6.199,1.583,8.099
68.96,-22.662,10.992,0.294,-16.304,6.187,1.596,8.190
68.98,-22.662,10.992,0.294,-16.304,6.187,1.596,8.190
69.00,-22.720,10.985,0.294,-16.236,6.175,1.609,8.295
69.02,-22.720,10.985,0.294,-16.236,6.175,1.609,8.295
69.05,-22.776,10.987,0.294,-16.174,6.164,1.621,8.397
69.07,-22.776,10.987,0.294,-16.174,6.164,1.621,8.397
69.09,-22.825,10.991,0.294,-16.105,6.152,1.633,8.503
69.11,-22.825,10.991,0.294,-16.105,6.152,1.633,8.503
69.13,-22.886,11.007,0.294,-16.016,6.136,1.648,8.642
69.15,-22.886,11.007,0.294,-16.016,6.136,1.648,8.642
69.17,-22.925,11.035,0.294,-15.956,6.126,1.657,8.745
69.19,-22.925,11.035,0.294,-15.956,6.126,1.657,8.745
69.21,-22.925,11.035,0.294,-15.956,6.126,1.657,8.745
69.23,-22.955,11.069,0.294,-15.896,6.115,1.666,8.844
69.25,-22.955,11.069,0.294,-15.896,6.115,1.666,8.844
69.28,-22.973,11.076,0.295,-15.832,6.103,1.674,8.922
69.30,-22.973,11.076,0.295,-15.832,6.103,1.674,8.922
69.32,-22.999,11.082,0.295,-15.777,6.093,1.681,8.997
69.34,-22.999,11.082,0.295,-15.777,6.093,1.681,8.997
69.36,-23.026,11.071,0.295,-15.723,6.084,1.686,9.063
69.38,-23.026,11.071,0.295,-15.723,6.084,1.686,9.063
69.40,-23.070,11.037,0.295,-15.665,6.074,1.692,9.133
69.42,-23.070,11.037,0.295,-15.665,6.074,1.692,9.133
69.44,-23.120,11.008,0.296,-15.610,6.064,1.696,9.210
69.46,-23.120,11.008,0.296,-15.610,6.064,1.696,9.210
69.49,-23.170,10.989,0.296,-15.550,6.055,1.699,9.294
69.51,-23.170,10.989,0.296,-15.550,6.055,1.699,9.294
69.53,-23.258,10.986,0.295,-15.500,6.048,1.702,9.411
69.55,-23.258,10.986,0.295,-15.500,6.048,1.702,9.411
69.57,-23.318,10.994,0.295,-15.449,6.042,1.703,9.509
69.59,-23.318,10.994,0.295,-15.449,6.042,1.703,9.509
69.61,-23.380,10.997,0.295,-15.396,6.038,1.704,9.609
69.63,-23.380,10.997,0.295,-15.396,6.038,1.704,9.609
69.65,-23.448,10.984,0.295,-15.316,6.036,1.703,9.727
69.68,-23.448,10.984,0.295,-15.316,6.036,1.703,9.727
69.70,-23.448,10.984,0.295,-15.316,6.036,1.703,9.727
69.72,-23.535,10.954,0.294,-15.268,6.037,1.702,9.823
69.74,-23.535,10.954,0.294,-15.268,6.037,1.702,9.823
69.76,-23.602,10.923,0.294,-15.221,6.041,1.699,9.902
69.78,-23.602,10.923,0.294,-15.221,6.041,1.699,9.902
69.80,-23.682,10.905,0.294,-15.173,6.047,1.697,9.999
69.82,-23.682,10.905,0.294,-15.173,6.047,1.697,9.999
69.84,-23.744,10.899,0.293,-15.123,6.056,1.693,10.086
69.87,-23.744,10.899,0.293,-15.123,6.056,1.693,10.086
69.89,-23.810,10.894,0.293,-15.070,6.069,1.689,10.179
69.91,-23.810,10.894,0.293,-15.070,6.069,1.689,10.179
69.93,-23.899,10.886,0.293,-15.024,6.082,1.684,10.283
69.95,-23.899,10.886,0.293,-15.024,6.082,1.684,10.283
69.97,-23.952,10.889,0.292,-14.978,6.097,1.679,10.362
69.99,-23.952,10.889,0.292,-14.978,6.097,1.679,10.362
70.01,-23.979,10.901,0.292,-14.928,6.117,1.674,10.425
70.04,-23.979,10.901,0.292,-14.928,6.117,1.674,10.425
70.06,-23.984,10.917,0.291,-14.882,6.136,1.668,10.466
70.08,-23.984,10.917,0.291,-14.882,6.136,1.668,10.466
70.10,-23.968,10.953,0.291,-14.829,6.161,1.661,10.501
70.12,-23.968,10.953,0.291,-14.829,6.161,1.661,10.501
70.14,-23.927,10.999,0.290,-14.760,6.197,1.652,10.529
70.16,-23.927,10.999,0.290,-14.760,6.197,1.652,10.529
70.19,-23.927,10.999,0.290,-14.760,6.197,1.652,10.529
70.21,-23.869,11.054,0.289,-14.713,6.223,1.646,10.531
70.23,-23.869,11.054,0.289,-14.713,6.223,1.646,10.531
70.25,-23.835,11.115,0.288,-14.663,6.252,1.639,10.559
70.27,-23.835,11.115,0.288,-14.663,6.252,1.639,10.559
70.29,-23.807,11.162,0.288,-14.608,6.285,1.631,10.588
70.31,-23.807,11.162,0.288,-14.608,6.285,1.631,10.588
70.33,-23.785,11.183,0.287,-14.562,6.313,1.625,10.604
70.35,-23.785,11.183,0.287,-14.562,6.313,1.625,10.604
70.38,-23.752,11.202,0.287,-14.513,6.342,1.618,10.612
70.40,-23.752,11.202,0.287,-14.513,6.342,1.618,10.612
70.42,-23.722,11.218,0.286,-14.462,6.374,1.611,10.621
70.44,-23.722,11.218,0.286,-14.462,6.374,1.611,10.621
70.46,-23.684,11.243,0.286,-14.415,6.402,1.605,10.627
70.48,-23.684,11.243,0.286,-14.415,6.402,1.605,10.627
70.50,-23.645,11.267,0.286,-14.366,6.431,1.599,10.632
70.52,-23.645,11.267,0.286,-14.366,6.431,1.599,10.632
70.54,-23.591,11.316,0.286,-14.315,6.462,1.593,10.636
70.57,-23.591,11.316,0.286,-14.315,6.462,1.593,10.636
70.59,-23.553,11.360,0.287,-14.262,6.494,1.586,10.654
70.61,-23.553,11.360,0.287,-14.262,6.494,1.586,10.654
70.63,-23.469,11.433,0.287,-14.178,6.542,1.575,10.663
70.65,-23.469,11.433,0.287,-14.178,6.542,1.575,10.663
70.67,-23.406,11.505,0.288,-14.127,6.571,1.567,10.672
70.69,-23.406,11.505,0.288,-14.127,6.571,1.567,10.672
70.71,-23.406,11.505,0.288,-14.127,6.571,1.567,10.672
70.73,-23.318,11.641,0.288,-14.071,6.602,1.559,10.692
70.76,-23.318,11.641,0.288,-14.071,6.602,1.559,10.692
70.78,-23.270,11.729,0.289,-14.019,6.631,1.551,10.722
70.80,-23.270,11.729,0.289,-14.019,6.631,1.551,10.722
70.82,-23.238,11.786,0.289,-13.959,6.663,1.540,10.757
70.84,-23.238,11.786,0.289,-13.959,6.663,1.540,10.757
70.86,-23.196,11.850,0.289,-13.906,6.690,1.531,10.781
70.88,-23.196,11.850,0.289,-13.906,6.690,1.531,10.781
70.90,-23.170,11.878,0.289,-13.848,6.720,1.521,10.807
70.92,-23.170,11.878,0.289,-13.848,6.720,1.521,10.807
70.95,-23.136,11.903,0.290,-13.795,6.747,1.510,10.821
70.97,-23.136,11.903,0.290,-13.795,6.747,1.510,10.821
70.99,-23.103,11.940,0.290,-13.733,6.777,1.498,10.847
71.01,-23.103,11.940,0.290,-13.733,6.777,1.498,10.847
71.03,-23.078,11.983,0.290,-13.679,6.803,1.488,10.878
71.05,-23.078,11.983,0.290,-13.679,6.803,1.488,10.878
71.08,-23.044,12.024,0.290,-13.625,6.829,1.477,10.900
71.10,-23.044,12.024,0.290,-13.625,6.829,1.477,10.900
71.12,-22.998,12.065,0.290,-13.570,6.855,1.465,10.914
71.14,-22.998,12.065,0.290,-13.570,6.855,1.465,10.914
71.16,-22.941,12.114,0.290,-13.485,6.895,1.448,10.940
71.18,-22.941,12.114,0.290,-13.485,6.895,1.448,10.940
71.20,-22.941,12.114,0.290,-13.485,6.895,1.448,10.940
71.22,-22.871,12.205,0.290,-13.423,6.924,1.436,10.960
71.24,-22.871,12.205,0.290,-13.423,6.924,1.436,10.960
71.26,-22.822,12.300,0.291,-13.370,6.949,1.425,10.997
71.29,-22.822,12.300,0.291,-13.370,6.949,1.425,10.997
71.31,-22.777,12.385,0.291,-13.311,6.977,1.414,11.034
71.33,-22.777,12.385,0.291,-13.311,6.977,1.414,11.034
71.35,-22.718,12.486,0.291,-13.251,7.005,1.403,11.070
71.37,-22.718,12.486,0.291,-13.251,7.005,1.403,11.070
71.39,-22.671,12.583,0.292,-13.198,7.031,1.394,11.109
71.41,-22.671,12.583,0.292,-13.198,7.031,1.394,11.109
71.43,-22.639,12.675,0.292,-13.147,7.056,1.386,11.157
71.45,-22.639,12.675,0.292,-13.147,7.056,1.386,11.157
71.48,-22.616,12.754,0.291,-13.099,7.079,1.379,11.206
71.50,-22.616,12.754,0.291,-13.099,7.079,1.379,11.206
71.52,-22.610,12.825,0.291,-13.041,7.109,1.372,11.269
71.54,-22.610,12.825,0.291,-13.041,7.109,1.372,11.269
71.56,-22.604,12.910,0.290,-12.992,7.136,1.366,11.335
71.58,-22.604,12.910,0.290,-12.992,7.136,1.366,11.335
71.60,-22.602,12.962,0.290,-12.943,7.164,1.361,11.385
71.63,-22.602,12.962,0.290,-12.943,7.164,1.361,11.385
71.65,-22.589,13.022,0.289,-12.868,7.211,1.354,11.444
71.67,-22.589,13.022,0.289,-12.868,7.211,1.354,11.444
71.69,-22.589,13.079,0.288,-12.816,7.248,1.349,11.497
71.71,-22.589,13.079,0.288,-12.816,7.248,1.349,11.497
71.73,-22.589,13.079,0.288,-12.816,7.248,1.349,11.497
71.75,-22.609,13.201,0.286,-12.772,7.282,1.345,11.595
71.77,-22.609,13.201,0.286,-12.772,7.282,1.345,11.595
71.80,-22.613,13.266,0.285,-12.730,7.319,1.341,11.649
71.82,-22.613,13.266,0.285,-12.730,7.319,1.341,11.649
71.84,-22.612,13.338,0.285,-12.685,7.361,1.336,11.701
71.86,-22.612,13.338,0.285,-12.685,7.361,1.336,11.701
71.88,-22.591,13.403,0.284,-12.639,7.409,1.330,11.730
71.90,-22.591,13.403,0.284,-12.639,7.409,1.330,11.730
71.92,-22.551,13.464,0.282,-12.601,7.451,1.325,11.736
71.94,-22.551,13.464,0.282,-12.601,7.451,1.325,11.736
71.96,-22.508,13.522,0.282,-12.564,7.496,1.319,11.736
71.99,-22.508,13.522,0.282,-12.564,7.496,1.319,11.736
72.01,-22.459,13.563,0.281,-12.525,7.547,1.312,11.722
72.03,-22.459,13.563,0.281,-12.525,7.547,1.312,11.722
72.05,-22.387,13.581,0.279,-12.486,7.602,1.304,11.674
72.07,-22.387,13.581,0.279,-12.486,7.602,1.304,11.674
72.09,-22.327,13.584,0.278,-12.454,7.651,1.296,11.626
72.11,-22.327,13.584,0.278,-12.454,7.651,1.296,11.626
72.13,-22.270,13.583,0.277,-12.422,7.701,1.287,11.577
72.15,-22.270,13.583,0.277,-12.422,7.701,1.287,11.577
72.18,-22.197,13.572,0.276,-12.374,7.781,1.272,11.508
72.20,-22.197,13.572,0.276,-12.374,7.781,1.272,11.508
72.22,-22.197,13.572,0.276,-12.374,7.781,1.272,11.508
72.24,-22.146,13.560,0.274,-12.341,7.839,1.259,11.455
72.26,-22.146,13.560,0.274,-12.341,7.839,1.259,11.455
72.28,-22.135,13.545,0.273,-12.313,7.889,1.246,11.436
72.30,-22.135,13.545,0.273,-12.313,7.889,1.246,11.436
72.32,-22.126,13.536,0.272,-12.285,7.937,1.233,11.422
72.34,-22.126,13.536,0.272,-12.285,7.937,1.233,11.422
72.37,-22.134,13.513,0.272,-12.256,7.990,1.217,11.415
72.39,-22.134,13.513,0.272,-12.256,7.990,1.217,11.415
72.41,-22.170,13.491,0.270,-12.226,8.042,1.200,11.433
72.43,-22.170,13.491,0.270,-12.226,8.042,1.200,11.433
72.45,-22.228,13.470,0.269,-12.201,8.086,1.183,11.474
72.47,-22.228,13.470,0.269,-12.201,8.086,1.183,11.474
72.49,-22.287,13.445,0.268,-12.166,8.136,1.155,11.518
72.52,-22.287,13.445,0.268,-12.166,8.136,1.155,11.518
72.54,-22.335,13.426,0.268,-12.113,8.178,1.135,11.576
72.56,-22.335,13.426,0.268,-12.113,8.178,1.135,11.576
72.58,-22.402,13.402,0.267,-12.050,8.217,1.122,11.661
72.60,-22.402,13.402,0.267,-12.050,8.217,1.122,11.661
72.62,-22.508,13.389,0.266,-11.987,8.235,1.121,11.798
72.64,-22.508,13.389,0.266,-11.987,8.235,1.121,11.798
72.66,-22.597,13.371,0.265,-11.947,8.278,1.097,11.884
72.68,-22.597,13.371,0.265,-11.947,8.278,1.097,11.884
72.70,-22.597,13.371,0.265,-11.947,8.278,1.097,11.884
72.73,-22.706,13.333,0.264,-11.919,8.303,1.082,11.978
72.75,-22.706,13.333,0.264,-11.919,8.303,1.082,11.978
72.77,-22.792,13.295,0.263,-11.890,8.325,1.068,12.055
72.79,-22.792,13.295,0.263,-11.890,8.325,1.068,12.055
72.81,-22.846,13.279,0.263,-11.865,8.341,1.059,12.112
72.83,-22.846,13.279,0.263,-11.865,8.341,1.059,12.112
72.85,-22.894,13.267,0.262,-11.841,8.352,1.052,12.168
72.87,-22.894,13.267,0.262,-11.841,8.352,1.052,12.168
72.90,-22.959,13.263,0.262,-11.817,8.359,1.047,12.244
72.92,-22.959,13.263,0.262,-11.817,8.359,1.047,12.244
72.94,-23.035,13.257,0.261,-11.793,8.362,1.047,12.331
72.96,-23.035,13.257,0.261,-11.793,8.362,1.047,12.331
72.98,-23.108,13.244,0.260,-11.769,8.359,1.050,12.415
73.00,-23.108,13.244,0.260,-11.769,8.359,1.050,12.415
73.02,-23.163,13.233,0.259,-11.749,8.353,1.056,12.483
73.04,-23.163,13.233,0.259,-11.749,8.353,1.056,12.483
73.06,-23.222,13.215,0.258,-11.727,8.342,1.067,12.555
73.09,-23.222,13.215,0.258,-11.727,8.342,1.067,12.555
73.11,-23.272,13.195,0.258,-11.707,8.329,1.079,12.618
73.13,-23.272,13.195,0.258,-11.707,8.329,1.079,12.618
73.15,-23.351,13.171,0.257,-11.674,8.301,1.104,12.724
73.17,-23.351,13.171,0.257,-11.674,8.301,1.104,12.724
73.19,-23.404,13.146,0.256,-11.653,8.281,1.122,12.792
73.21,-23.404,13.146,0.256,-11.653,8.281,1.122,12.792
73.23,-23.404,13.146,0.256,-11.653,8.281,1.122,12.792
73.26,-23.471,13.136,0.254,-11.631,8.258,1.143,12.882
73.28,-23.471,13.136,0.254,-11.631,8.258,1.143,12.882
73.30,-23.503,13.152,0.253,-11.607,8.233,1.167,12.951
73.32,-23.503,13.152,0.253,-11.607,8.233,1.167,12.951
73.34,-23.536,13.204,0.252,-11.579,8.204,1.194,13.041
73.36,-23.536,13.204,0.252,-11.579,8.204,1.194,13.041
73.38,-23.580,13.297,0.251,-11.554,8.177,1.218,13.153
73.40,-23.580,13.297,0.251,-11.554,8.177,1.218,13.153
73.42,-23.633,13.391,0.250,-11.526,8.148,1.244,13.277
73.45,-23.633,13.391,0.250,-11.526,8.148,1.244,13.277
73.47,-23.689,13.470,0.249,-11.495,8.117,1.271,13.403
73.49,-23.689,13.470,0.249,-11.495,8.117,1.271,13.403
73.51,-23.783,13.608,0.248,-11.460,8.084,1.300,13.593
73.53,-23.783,13.608,0.248,-11.460,8.084,1.300,13.593
73.55,-23.840,13.693,0.247,-11.427,8.054,1.326,13.724
73.57,-23.840,13.693,0.247,-11.427,8.054,1.326,13.724
73.59,-23.902,13.774,0.247,-11.393,8.024,1.350,13.860
73.61,-23.902,13.774,0.247,-11.393,8.024,1.350,13.860
73.63,-23.974,13.847,0.246,-11.357,7.995,1.372,14.003
73.66,-23.974,13.847,0.246,-11.357,7.995,1.372,14.003
73.68,-24.042,13.915,0.246,-11.292,7.944,1.409,14.176
73.70,-24.042,13.915,0.246,-11.292,7.944,1.409,14.176
73.72,-24.042,13.915,0.246,-11.292,7.944,1.409,14.176
73.74,-24.157,14.033,0.246,-11.250,7.913,1.431,14.382
73.76,-24.157,14.033,0.246,-11.250,7.913,1.431,14.382
73.78,-24.221,14.106,0.246,-11.205,7.881,1.452,14.527
73.80,-24.221,14.106,0.246,-11.205,7.881,1.452,14.527
73.83,-24.287,14.168,0.245,-11.156,7.846,1.474,14.675
73.85,-24.287,14.168,0.245,-11.156,7.846,1.474,14.675
73.87,-24.355,14.202,0.244,-11.100,7.807,1.496,14.820
73.89,-24.355,14.202,0.244,-11.100,7.807,1.496,14.820
73.91,-24.409,14.217,0.243,-11.049,7.773,1.515,14.937
73.93,-24.409,14.217,0.243,-11.049,7.773,1.515,14.937
73.95,-24.464,14.212,0.242,-10.995,7.738,1.533,15.049
73.97,-24.464,14.212,0.242,-10.995,7.738,1.533,15.049
73.99,-24.536,14.191,0.241,-10.934,7.698,1.552,15.178
74.02,-24.536,14.191,0.241,-10.934,7.698,1.552,15.178
74.04,-24.618,14.160,0.239,-10.876,7.661,1.569,15.309
74.06,-24.618,14.160,0.239,-10.876,7.661,1.569,15.309
74.08,-24.712,14.114,0.238,-10.806,7.617,1.587,15.456
74.10,-24.712,14.114,0.238,-10.806,7.617,1.587,15.456
74.12,-24.841,14.043,0.237,-10.744,7.579,1.602,15.617
74.14,-24.841,14.043,0.237,-10.744,7.579,1.602,15.617
74.16,-24.953,13.966,0.236,-10.644,7.520,1.624,15.804
74.19,-24.953,13.966,0.236,-10.644,7.520,1.624,15.804
74.21,-25.065,13.876,0.235,-10.572,7.478,1.639,15.953
74.23,-25.065,13.876,0.235,-10.572,7.478,1.639,15.953
74.25,-25.065,13.876,0.235,-10.572,7.478,1.639,15.953
74.27,-25.258,13.701,0.235,-10.492,7.433,1.654,16.153
74.29,-25.258,13.701,0.235,-10.492,7.433,1.654,16.153
74.31,-25.342,13.617,0.234,-10.421,7.395,1.666,16.278
74.33,-25.342,13.617,0.234,-10.421,7.395,1.666,16.278
74.36,-25.406,13.558,0.234,-10.346,7.356,1.677,16.399
74.38,-25.406,13.558,0.234,-10.346,7.356,1.677,16.399
74.40,-25.460,13.501,0.234,-10.266,7.316,1.689,16.516
74.42,-25.460,13.501,0.234,-10.266,7.316,1.689,16.516
74.44,-25.501,13.438,0.234,-10.181,7.274,1.700,16.626
74.46,-25.501,13.438,0.234,-10.181,7.274,1.700,16.626
74.48,-25.528,13.349,0.233,-10.105,7.239,1.709,16.702
74.50,-25.528,13.349,0.233,-10.105,7.239,1.709,16.702
74.52,-25.532,13.261,0.233,-10.028,7.205,1.718,16.758
74.54,-25.532,13.261,0.233,-10.028,7.205,1.718,16.758
74.57,-25.531,13.170,0.233,-9.944,7.170,1.726,16.817
74.59,-25.531,13.170,0.233,-9.944,7.170,1.726,16.817
74.61,-25.516,13.096,0.232,-9.855,7.135,1.735,16.873
74.63,-25.516,13.096,0.232,-9.855,7.135,1.735,16.873
74.65,-25.489,13.008,0.231,-9.778,7.106,1.742,16.898
74.67,-25.489,13.008,0.231,-9.778,7.106,1.742,16.898
74.69,-25.481,12.941,0.231,-9.748,7.090,1.747,16.902
74.71,-25.481,12.941,0.231,-9.748,7.090,1.747,16.902
74.74,-25.481,12.941,0.231,-9.748,7.090,1.747,16.902
74.76,-25.474,12.838,0.231,-9.672,7.064,1.753,16.940
74.78,-25.474,12.838,0.231,-9.672,7.064,1.753,16.940
74.80,-25.472,12.775,0.230,-9.586,7.035,1.761,17.008
74.82,-25.472,12.775,0.230,-9.586,7.035,1.761,17.008
74.84,-25.459,12.696,0.230,-9.512,7.010,1.767,17.048
74.86,-25.459,12.696,0.230,-9.512,7.010,1.767,17.048
74.88,-25.453,12.621,0.231,-9.486,6.999,1.769,17.045
74.91,-25.453,12.621,0.231,-9.486,6.999,1.769,17.045
74.93,-25.456,12.521,0.231,-9.468,6.993,1.770,17.035
74.95,-25.456,12.521,0.231,-9.468,6.993,1.770,17.035
74.97,-25.444,12.464,0.231,-9.468,6.993,1.770,17.005
74.99,-25.444,12.464,0.231,-9.468,6.993,1.770,17.005
75.01,-25.445,12.423,0.231,-9.468,6.993,1.770,16.993
75.03,-25.445,12.423,0.231,-9.468,6.993,1.770,16.993
75.05,-25.471,12.367,0.232,-9.468,6.993,1.770,16.999
75.08,-25.471,12.367,0.232,-9.468,6.993,1.770,16.999
75.10,-25.506,12.315,0.232,-9.468,6.993,1.770,17.016
75.12,-25.506,12.315,0.232,-9.468,6.993,1.770,17.016
75.14,-25.545,12.273,0.232,-9.467,6.993,1.770,17.041
75.16,-25.545,12.273,0.232,-9.467,6.993,1.770,17.041
75.18,-25.618,12.218,0.233,-9.462,6.989,1.767,17.099
75.20,-25.618,12.218,0.233,-9.462,6.989,1.767,17.099
75.22,-25.618,12.218,0.233,-9.462,6.989,1.767,17.099
75.25,-25.715,12.169,0.234,-9.450,6.982,1.760,17.188
75.27,-25.715,12.169,0.234,-9.450,6.982,1.760,17.188
75.29,-25.759,12.165,0.235,-9.426,6.967,1.747,17.254
75.31,-25.759,12.165,0.235,-9.426,6.967,1.747,17.254
75.33,-25.811,12.169,0.236,-9.388,6.942,1.731,17.347
75.35,-25.811,12.169,0.236,-9.388,6.942,1.731,17.347
75.37,-25.846,12.192,0.237,-9.345,6.912,1.719,17.436
75.39,-25.846,12.192,0.237,-9.345,6.912,1.719,17.436
75.41,-25.859,12.224,0.237,-9.295,6.874,1.711,17.516
75.44,-25.859,12.224,0.237,-9.295,6.874,1.711,17.516
75.46,-25.856,12.262,0.237,-9.238,6.831,1.708,17.591
75.48,-25.856,12.262,0.237,-9.238,6.831,1.708,17.591
75.50,-25.842,12.324,0.238,-9.202,6.857,1.719,17.624
75.52,-25.842,12.324,0.238,-9.202,6.857,1.719,17.624
75.54,-25.844,12.412,0.238,-9.169,6.817,1.722,17.697
75.56,-25.844,12.412,0.238,-9.169,6.817,1.722,17.697
75.58,-25.871,12.503,0.238,-9.116,6.780,1.732,17.815
75.60,-25.871,12.503,0.238,-9.116,6.780,1.732,17.815
75.63,-25.918,12.575,0.239,-9.060,6.743,1.746,17.948
75.65,-25.918,12.575,0.239,-9.060,6.743,1.746,17.948
75.67,-25.963,12.651,0.239,-8.979,6.698,1.771,18.109
75.69,-25.963,12.651,0.239,-8.979,6.698,1.771,18.109
75.71,-25.998,12.736,0.239,-8.933,6.678,1.786,18.222
75.73,-25.998,12.736,0.239,-8.933,6.678,1.786,18.222
75.75,-25.998,12.736,0.239,-8.933,6.678,1.786,18.222
75.77,-26.022,12.829,0.240,-8.874,6.704,1.788,18.322
75.79,-26.022,12.829,0.240,-8.874,6.704,1.788,18.322
75.81,-26.059,12.923,0.240,-8.828,6.699,1.801,18.434
75.83,-26.059,12.923,0.240,-8.828,6.699,1.801,18.434
75.86,-26.102,13.009,0.241,-8.768,6.727,1.806,18.551
75.88,-26.102,13.009,0.241,-8.768,6.727,1.806,18.551
75.90,-26.126,13.080,0.241,-8.728,6.735,1.815,18.632
75.92,-26.126,13.080,0.241,-8.728,6.735,1.815,18.632
75.94,-26.145,13.177,0.241,-8.683,6.776,1.821,18.713
75.96,-26.145,13.177,0.241,-8.683,6.776,1.821,18.713
75.98,-26.166,13.314,0.242,-8.643,6.798,1.827,18.809
76.00,-26.166,13.314,0.242,-8.643,6.798,1.827,18.809
76.02,-26.166,13.412,0.242,-8.610,6.823,1.831,18.866
76.05,-26.166,13.412,0.242,-8.610,6.823,1.831,18.866
76.07,-26.173,13.530,0.243,-8.575,6.858,1.833,18.935
76.09,-26.173,13.530,0.243,-8.575,6.858,1.833,18.935
76.11,-26.169,13.626,0.243,-8.552,6.907,1.834,18.969
76.13,-26.169,13.626,0.243,-8.552,6.907,1.834,18.969
76.15,-26.161,13.723,0.243,-8.528,6.944,1.835,19.005
76.17,-26.161,13.723,0.243,-8.528,6.944,1.835,19.005
76.19,-26.165,13.816,0.244,-8.496,7.021,1.834,19.044
76.22,-26.165,13.816,0.244,-8.496,7.021,1.834,19.044
76.24,-26.165,13.816,0.244,-8.496,7.021,1.834,19.044
76.26,-26.165,13.977,0.244,-8.477,7.074,1.832,19.100
76.28,-26.165,13.977,0.244,-8.477,7.074,1.832,19.100
76.30,-26.167,14.042,0.244,-8.464,7.122,1.831,19.120
76.32,-26.167,14.042,0.244,-8.464,7.122,1.831,19.120
76.34,-26.179,14.114,0.243,-8.453,7.172,1.828,19.149
76.36,-26.179,14.114,0.243,-8.453,7.172,1.828,19.149
76.38,-26.205,14.168,0.243,-8.445,7.225,1.826,19.181
76.40,-26.205,14.168,0.243,-8.445,7.225,1.826,19.181
76.43,-26.237,14.185,0.241,-8.440,7.279,1.823,19.201
76.45,-26.237,14.185,0.241,-8.440,7.279,1.823,19.201
76.47,-26.274,14.181,0.240,-8.438,7.336,1.820,19.215
76.49,-26.274,14.181,0.240,-8.438,7.336,1.820,19.215
76.51,-26.300,14.175,0.239,-8.439,7.390,1.816,19.217
76.53,-26.300,14.175,0.239,-8.439,7.390,1.816,19.217
76.55,-26.324,14.166,0.238,-8.442,7.446,1.813,19.213
76.57,-26.324,14.166,0.238,-8.442,7.446,1.813,19.213
76.59,-26.333,14.146,0.237,-8.447,7.505,1.810,19.189
76.61,-26.333,14.146,0.237,-8.447,7.505,1.810,19.189
76.64,-26.320,14.116,0.236,-8.456,7.570,1.806,19.136
76.66,-26.320,14.116,0.236,-8.456,7.570,1.806,19.136
76.68,-26.297,14.083,0.236,-8.471,7.655,1.802,19.060
76.70,-26.297,14.083,0.236,-8.471,7.655,1.802,19.060
76.72,-26.266,14.045,0.235,-8.483,7.714,1.799,18.986
76.74,-26.266,14.045,0.235,-8.483,7.714,1.799,18.986
76.76,-26.266,14.045,0.235,-8.483,7.714,1.799,18.986
76.78,-26.220,13.972,0.234,-8.498,7.776,1.796,18.884
76.80,-26.220,13.972,0.234,-8.498,7.776,1.796,18.884
76.82,-26.187,13.908,0.234,-8.515,7.843,1.794,18.793
76.85,-26.187,13.908,0.234,-8.515,7.843,1.794,18.793
76.87,-26.159,13.836,0.234,-8.532,7.901,1.792,18.710
76.89,-26.159,13.836,0.234,-8.532,7.901,1.792,18.710
76.91,-26.112,13.723,0.233,-8.550,7.960,1.790,18.594
76.93,-26.112,13.723,0.233,-8.550,7.960,1.790,18.594
76.95,-26.086,13.644,0.233,-8.569,8.020,1.789,18.509
76.97,-26.086,13.644,0.233,-8.569,8.020,1.789,18.509
76.99,-26.064,13.570,0.234,-8.590,8.084,1.787,18.426
77.02,-26.064,13.570,0.234,-8.590,8.084,1.787,18.426
77.04,-26.036,13.512,0.234,-8.613,8.152,1.786,18.341
77.06,-26.036,13.512,0.234,-8.613,8.152,1.786,18.341
77.08,-26.008,13.464,0.234,-8.634,8.210,1.786,18.264
77.10,-26.008,13.464,0.234,-8.634,8.210,1.786,18.264
77.12,-25.975,13.403,0.235,-8.655,8.269,1.785,18.178
77.14,-25.975,13.403,0.235,-8.655,8.269,1.785,18.178
77.16,-25.952,13.347,0.235,-8.676,8.329,1.785,18.103
77.19,-25.952,13.347,0.235,-8.676,8.329,1.785,18.103
77.21,-25.926,13.289,0.236,-8.710,8.419,1.785,18.005
77.23,-25.926,13.289,0.236,-8.710,8.419,1.785,18.005
77.25,-25.926,13.289,0.236,-8.710,8.419,1.785,18.005
77.27,-25.887,13.192,0.237,-8.734,8.485,1.786,17.902
77.29,-25.887,13.192,0.237,-8.734,8.485,1.786,17.902
77.31,-25.871,13.135,0.237,-8.754,8.541,1.786,17.838
77.33,-25.871,13.135,0.237,-8.754,8.541,1.786,17.838
77.35,-25.855,13.077,0.238,-8.774,8.596,1.787,17.774
77.38,-25.855,13.077,0.238,-8.774,8.596,1.787,17.774
77.40,-25.848,13.030,0.238,-8.794,8.651,1.787,17.723
77.42,-25.848,13.030,0.238,-8.794,8.651,1.787,17.723
77.44,-25.850,12.993,0.238,-8.813,8.708,1.788,17.684
77.46,-25.850,12.993,0.238,-8.813,8.708,1.788,17.684
77.48,-25.875,12.955,0.238,-8.836,8.773,1.789,17.662
77.50,-25.875,12.955,0.238,-8.836,8.773,1.789,17.662
77.52,-25.905,12.947,0.238,-8.853,8.823,1.790,17.660
77.54,-25.905,12.947,0.238,-8.853,8.823,1.790,17.660
77.57,-25.946,12.940,0.237,-8.869,8.878,1.791,17.670
77.59,-25.946,12.940,0.237,-8.869,8.878,1.791,17.670
77.61,-25.985,12.942,0.237,-8.885,8.934,1.791,17.681
77.63,-25.985,12.942,0.237,-8.885,8.934,1.791,17.681
77.65,-26.007,12.964,0.237,-8.896,8.981,1.792,17.685
77.67,-26.007,12.964,0.237,-8.896,8.981,1.792,17.685
77.69,-26.011,12.973,0.236,-8.911,9.055,1.794,17.660
77.71,-26.011,12.973,0.236,-8.911,9.055,1.794,17.660
77.73,-26.007,12.991,0.236,-8.918,9.099,1.794,17.643
77.75,-26.007,12.991,0.236,-8.918,9.099,1.794,17.643
77.78,-26.007,12.991,0.236,-8.918,9.099,1.794,17.643
77.80,-25.978,13.010,0.235,-8.924,9.150,1.796,17.603
77.82,-25.978,13.010,0.235,-8.924,9.150,1.796,17.603
77.84,-25.932,13.018,0.235,-8.926,9.194,1.796,17.548
77.86,-25.932,13.018,0.235,-8.926,9.194,1.796,17.548
77.88,-25.846,13.035,0.235,-8.926,9.236,1.797,17.460
77.90,-25.846,13.035,0.235,-8.926,9.236,1.797,17.460
77.92,-25.754,13.051,0.234,-8.923,9.282,1.799,17.368
77.95,-25.754,13.051,0.234,-8.923,9.282,1.799,17.368
77.97,-25.648,13.063,0.234,-8.917,9.328,1.800,17.263
77.99,-25.648,13.063,0.234,-8.917,9.328,1.800,17.263
78.01,-25.488,13.090,0.234,-8.909,9.368,1.801,17.113
78.03,-25.488,13.090,0.234,-8.909,9.368,1.801,17.113
78.05,-25.390,13.113,0.234,-8.898,9.408,1.802,17.025
78.07,-25.390,13.113,0.234,-8.898,9.408,1.802,17.025
78.09,-25.249,13.146,0.235,-8.884,9.447,1.804,16.902
78.11,-25.249,13.146,0.235,-8.884,9.447,1.804,16.902
78.14,-25.152,13.177,0.235,-8.866,9.488,1.805,16.823
78.16,-25.152,13.177,0.235,-8.866,9.488,1.805,16.823
78.18,-25.031,13.221,0.235,-8.843,9.530,1.807,16.728
78.20,-25.031,13.221,0.235,-8.843,9.530,1.807,16.728
78.22,-24.855,13.294,0.236,-8.809,9.585,1.809,16.595
78.24,-24.855,13.294,0.236,-8.809,9.585,1.809,16.595
78.26,-24.855,13.294,0.236,-8.809,9.585,1.809,16.595
78.29,-24.654,13.373,0.237,-8.782,9.620,1.810,16.437
78.31,-24.654,13.373,0.237,-8.782,9.620,1.810,16.437
78.33,-24.497,13.423,0.238,-8.750,9.658,1.812,16.320
78.35,-24.497,13.423,0.238,-8.750,9.658,1.812,16.320
78.37,-24.267,13.463,0.239,-8.713,9.697,1.814,16.135
78.39,-24.267,13.463,0.239,-8.713,9.697,1.814,16.135
78.41,-24.115,13.464,0.241,-8.678,9.730,1.815,16.015
78.43,-24.115,13.464,0.241,-8.678,9.730,1.815,16.015
78.45,-23.973,13.453,0.242,-8.641,9.763,1.816,15.903
78.47,-23.973,13.453,0.242,-8.641,9.763,1.816,15.903
78.50,-23.878,13.435,0.242,-8.602,9.795,1.818,15.839
78.52,-23.878,13.435,0.242,-8.602,9.795,1.818,15.839
78.54,-23.769,13.395,0.244,-8.551,9.832,1.819,15.765
78.56,-23.769,13.395,0.244,-8.551,9.832,1.819,15.765
78.58,-23.676,13.371,0.244,-8.507,9.862,1.820,15.705
78.60,-23.676,13.371,0.244,-8.507,9.862,1.820,15.705
78.62,-23.564,13.332,0.245,-8.462,9.892,1.821,15.626
78.65,-23.564,13.332,0.245,-8.462,9.892,1.821,15.626
78.67,-23.488,13.293,0.246,-8.409,9.923,1.822,15.589
78.69,-23.488,13.293,0.246,-8.409,9.923,1.822,15.589
78.71,-23.403,13.257,0.246,-8.328,9.969,1.823,15.568
78.73,-23.403,13.257,0.246,-8.328,9.969,1.823,15.568
78.75,-23.403,13.257,0.246,-8.328,9.969,1.823,15.568
78.77,-23.313,13.190,0.246,-8.277,9.996,1.823,15.510
78.79,-23.313,13.190,0.246,-8.277,9.996,1.823,15.510
78.81,-23.261,13.160,0.246,-8.225,10.022,1.823,15.499
78.83,-23.261,13.160,0.246,-8.225,10.022,1.823,15.499
78.85,-23.208,13.128,0.246,-8.166,10.049,1.822,15.492
78.88,-23.208,13.128,0.246,-8.166,10.049,1.822,15.492
78.90,-23.154,13.086,0.247,-8.104,10.077,1.821,15.486
78.92,-23.154,13.086,0.247,-8.104,10.077,1.821,15.486
78.94,-23.093,13.029,0.247,-8.050,10.100,1.820,15.464
78.96,-23.093,13.029,0.247,-8.050,10.100,1.820,15.464
78.98,-23.033,12.982,0.247,-7.995,10.122,1.818,15.446
79.00,-23.033,12.982,0.247,-7.995,10.122,1.818,15.446
79.02,-22.966,12.935,0.247,-7.935,10.145,1.816,15.426
79.05,-22.966,12.935,0.247,-7.935,10.145,1.816,15.426
79.07,-22.933,12.897,0.248,-7.872,10.169,1.813,15.444
79.09,-22.933,12.897,0.248,-7.872,10.169,1.813,15.444
79.11,-22.871,12.809,0.248,-7.817,10.189,1.810,15.418
79.13,-22.871,12.809,0.248,-7.817,10.189,1.810,15.418
79.15,-22.812,12.726,0.249,-7.763,10.208,1.806,15.397
79.17,-22.812,12.726,0.249,-7.763,10.208,1.806,15.397
79.19,-22.752,12.643,0.249,-7.676,10.236,1.800,15.403
79.21,-22.752,12.643,0.249,-7.676,10.236,1.800,15.403
79.23,-22.689,12.563,0.250,-7.623,10.253,1.795,15.379
79.26,-22.689,12.563,0.250,-7.623,10.253,1.795,15.379
79.28,-22.689,12.563,0.250,-7.623,10.253,1.795,15.379
79.30,-22.597,12.462,0.250,-7.561,10.272,1.789,15.330
79.32,-22.597,12.462,0.250,-7.561,10.272,1.789,15.330
79.34,-22.546,12.409,0.251,-7.509,10.288,1.784,15.321
79.36,-22.546,12.409,0.251,-7.509,10.288,1.784,15.321
79.38,-22.527,12.388,0.251,-7.457,10.302,1.777,15.349
79.40,-22.527,12.388,0.251,-7.457,10.302,1.777,15.349
79.42,-22.526,12.393,0.250,-7.401,10.318,1.770,15.400
79.45,-22.526,12.393,0.250,-7.401,10.318,1.770,15.400
79.47,-22.537,12.431,0.250,-7.350,10.331,1.763,15.463
79.49,-22.537,12.431,0.250,-7.350,10.331,1.763,15.463
79.51,-22.561,12.497,0.248,-7.292,10.346,1.754,15.549
79.53,-22.561,12.497,0.248,-7.292,10.346,1.754,15.549
79.55,-22.580,12.562,0.248,-7.238,10.359,1.745,15.627
79.57,-22.580,12.562,0.248,-7.238,10.359,1.745,15.627
79.59,-22.596,12.628,0.247,-7.184,10.372,1.735,15.702
79.61,-22.596,12.628,0.247,-7.184,10.372,1.735,15.702
79.64,-22.610,12.685,0.247,-7.135,10.383,1.726,15.769
79.66,-22.610,12.685,0.247,-7.135,10.383,1.726,15.769
79.68,-22.629,12.748,0.247,-7.080,10.395,1.715,15.848
79.70,-22.629,12.748,0.247,-7.080,10.395,1.715,15.848
79.72,-22.656,12.798,0.247,-7.008,10.410,1.700,15.949
79.74,-22.656,12.798,0.247,-7.008,10.410,1.700,15.949
79.76,-22.656,12.798,0.247,-7.008,10.410,1.700,15.949
79.78,-22.750,12.900,0.248,-6.959,10.419,1.689,16.101
79.80,-22.750,12.900,0.248,-6.959,10.419,1.689,16.101
79.82,-22.811,12.958,0.248,-6.908,10.428,1.677,16.217
79.85,-22.811,12.958,0.248,-6.908,10.428,1.677,16.217
79.87,-22.848,13.006,0.248,-6.854,10.438,1.664,16.311
79.89,-22.848,13.006,0.248,-6.854,10.438,1.664,16.311
79.91,-22.889,13.109,0.249,-6.807,10.446,1.653,16.412
79.93,-22.889,13.109,0.249,-6.807,10.446,1.653,16.412
79.95,-22.911,13.189,0.250,-6.759,10.454,1.641,16.491
79.97,-22.911,13.189,0.250,-6.759,10.454,1.641,16.491
79.99,-22.930,13.275,0.251,-6.708,10.462,1.627,16.572
80.02,-22.930,13.275,0.251,-6.708,10.462,1.627,16.572
80.04,-22.949,13.370,0.252,-6.653,10.469,1.612,16.657
80.06,-22.949,13.370,0.252,-6.653,10.469,1.612,16.657
80.08,-22.980,13.459,0.253,-6.605,10.476,1.599,16.747
80.10,-22.980,13.459,0.253,-6.605,10.476,1.599,16.747
80.12,-23.048,13.569,0.254,-6.557,10.482,1.586,16.878
80.14,-23.048,13.569,0.254,-6.557,10.482,1.586,16.878
80.16,-23.126,13.671,0.255,-6.508,10.488,1.572,17.019
80.18,-23.126,13.671,0.255,-6.508,10.488,1.572,17.019
80.21,-23.225,13.785,0.256,-6.431,10.496,1.550,17.208
80.23,-23.225,13.785,0.256,-6.431,10.496,1.550,17.208
80.25,-23.335,13.902,0.257,-6.375,10.502,1.534,17.390
80.27,-23.335,13.902,0.257,-6.375,10.502,1.534,17.390
80.29,-23.335,13.902,0.257,-6.375,10.502,1.534,17.390
80.31,-23.520,14.113,0.259,-6.325,10.507,1.520,17.659
80.33,-23.520,14.113,0.259,-6.325,10.507,1.520,17.659
80.35,-23.629,14.231,0.260,-6.275,10.511,1.505,17.836
80.37,-23.629,14.231,0.260,-6.275,10.511,1.505,17.836
80.40,-23.734,14.339,0.261,-6.219,10.515,1.489,18.013
80.42,-23.734,14.339,0.261,-6.219,10.515,1.489,18.013
80.44,-23.831,14.432,0.262,-6.160,10.519,1.473,18.182
80.46,-23.831,14.432,0.262,-6.160,10.519,1.473,18.182
80.48,-23.930,14.520,0.263,-6.108,10.521,1.458,18.346
80.50,-23.930,14.520,0.263,-6.108,10.521,1.458,18.346
80.52,-24.053,14.629,0.264,-6.055,10.524,1.444,18.539
80.54,-24.053,14.629,0.264,-6.055,10.524,1.444,18.539
80.56,-24.144,14.729,0.265,-6.003,10.525,1.430,18.699
80.58,-24.144,14.729,0.265,-6.003,10.525,1.430,18.699
80.61,-24.228,14.828,0.265,-5.949,10.527,1.416,18.853
80.63,-24.228,14.828,0.265,-5.949,10.527,1.416,18.853
80.65,-24.300,14.922,0.265,-5.887,10.527,1.400,19.004
80.67,-24.300,14.922,0.265,-5.887,10.527,1.400,19.004
80.69,-24.417,15.046,0.266,-5.832,10.527,1.387,19.197
80.71,-24.417,15.046,0.266,-5.832,10.527,1.387,19.197
80.73,-24.515,15.137,0.266,-5.749,10.525,1.367,19.393
80.75,-24.515,15.137,0.266,-5.749,10.525,1.367,19.393
80.77,-24.515,15.137,0.266,-5.749,10.525,1.367,19.393
80.80,-24.636,15.279,0.266,-5.689,10.523,1.353,19.601
80.82,-24.636,15.279,0.266,-5.689,10.523,1.353,19.601
80.84,-24.715,15.391,0.266,-5.626,10.519,1.339,19.766
80.86,-24.715,15.391,0.266,-5.626,10.519,1.339,19.766
80.88,-24.787,15.503,0.267,-5.571,10.515,1.328,19.917
80.90,-24.787,15.503,0.267,-5.571,10.515,1.328,19.917
80.92,-24.863,15.623,0.267,-5.515,10.510,1.317,20.075
80.94,-24.863,15.623,0.267,-5.515,10.510,1.317,20.075
80.96,-24.925,15.725,0.267,-5.458,10.504,1.306,20.217
80.99,-24.925,15.725,0.267,-5.458,10.504,1.306,20.217
81.01,-24.993,15.820,0.268,-5.391,10.495,1.294,20.372
81.03,-24.993,15.820,0.268,-5.391,10.495,1.294,20.372
81.05,-25.090,15.923,0.268,-5.337,10.487,1.285,20.546
81.07,-25.090,15.923,0.268,-5.337,10.487,1.285,20.546
81.09,-25.138,15.964,0.268,-5.282,10.477,1.276,20.658
81.11,-25.138,15.964,0.268,-5.282,10.477,1.276,20.658
81.13,-25.202,16.010,0.268,-5.227,10.467,1.268,20.786
81.15,-25.202,16.010,0.268,-5.227,10.467,1.268,20.786
81.17,-25.275,16.057,0.267,-5.170,10.454,1.259,20.927
81.20,-25.275,16.057,0.267,-5.170,10.454,1.259,20.927
81.22,-25.322,16.088,0.267,-5.083,10.433,1.248,21.069
81.24,-25.322,16.088,0.267,-5.083,10.433,1.248,21.069
81.26,-25.396,16.138,0.267,-5.031,10.419,1.242,21.207
81.28,-25.396,16.138,0.267,-5.031,10.419,1.242,21.207
81.30,-25.396,16.138,0.267,-5.031,10.419,1.242,21.207
81.32,-25.453,16.223,0.266,-4.974,10.402,1.236,21.343
81.34,-25.453,16.223,0.266,-4.974,10.402,1.236,21.343
81.37,-25.456,16.286,0.266,-4.924,10.385,1.232,21.415
81.39,-25.456,16.286,0.266,-4.924,10.385,1.232,21.415
81.41,-25.427,16.362,0.266,-4.867,10.365,1.227,21.469
81.43,-25.427,16.362,0.266,-4.867,10.365,1.227,21.469
81.45,-25.393,16.398,0.265,-4.818,10.347,1.223,21.499
81.47,-25.393,16.398,0.265,-4.818,10.347,1.223,21.499
81.49,-25.368,16.413,0.265,-4.770,10.327,1.220,21.530
81.51,-25.368,16.413,0.265,-4.770,10.327,1.220,21.530
81.54,-25.343,16.425,0.265,-4.718,10.305,1.217,21.565
81.56,-25.343,16.425,0.265,-4.718,10.305,1.217,21.565
81.58,-25.330,16.429,0.265,-4.666,10.279,1.215,21.611
81.60,-25.330,16.429,0.265,-4.666,10.279,1.215,21.611
81.62,-25.306,16.430,0.265,-4.614,10.254,1.213,21.645
81.64,-25.306,16.430,0.265,-4.614,10.254,1.213,21.645
81.66,-25.282,16.437,0.266,-4.570,10.230,1.212,21.673
81.68,-25.282,16.437,0.266,-4.570,10.230,1.212,21.673
81.70,-25.247,16.453,0.267,-4.527,10.205,1.211,21.691
81.73,-25.247,16.453,0.267,-4.527,10.205,1.211,21.691
81.75,-25.200,16.465,0.267,-4.461,10.163,1.210,21.725
81.77,-25.200,16.465,0.267,-4.461,10.163,1.210,21.725
81.79,-25.200,16.465,0.267,-4.461,10.163,1.210,21.725
81.81,-25.148,16.440,0.268,-4.416,10.131,1.210,21.722
81.83,-25.148,16.440,0.268,-4.416,10.131,1.210,21.722
81.85,-25.139,16.424,0.269,-4.378,10.101,1.210,21.753
81.87,-25.139,16.424,0.269,-4.378,10.101,1.210,21.753
81.89,-25.133,16.403,0.269,-4.341,10.069,1.211,21.786
81.92,-25.133,16.403,0.269,-4.341,10.069,1.211,21.786
81.94,-25.139,16.379,0.270,-4.303,10.034,1.212,21.830
81.96,-25.139,16.379,0.270,-4.303,10.034,1.212,21.830
81.98,-25.165,16.356,0.270,-4.265,9.995,1.213,21.897
82.00,-25.165,16.356,0.270,-4.265,9.995,1.213,21.897
82.02,-25.216,16.331,0.270,-4.233,9.959,1.215,21.979
82.04,-25.216,16.331,0.270,-4.233,9.959,1.215,21.979
82.06,-25.255,16.305,0.271,-4.200,9.918,1.216,22.052
82.09,-25.255,16.305,0.271,-4.200,9.918,1.216,22.052
82.11,-25.295,16.279,0.271,-4.172,9.880,1.218,22.121
82.13,-25.295,16.279,0.271,-4.172,9.880,1.218,22.121
82.15,-25.325,16.256,0.272,-4.141,9.834,1.220,22.186
82.17,-25.325,16.256,0.272,-4.141,9.834,1.220,22.186
82.19,-25.345,16.228,0.273,-4.116,9.793,1.222,22.232
82.21,-25.345,16.228,0.273,-4.116,9.793,1.222,22.232
82.24,-25.380,16.186,0.274,-4.082,9.729,1.225,22.305
82.26,-25.380,16.186,0.274,-4.082,9.729,1.225,22.305
82.28,-25.380,16.186,0.274,-4.082,9.729,1.225,22.305
82.30,-25.464,16.099,0.275,-4.059,9.681,1.227,22.397
82.32,-25.464,16.099,0.275,-4.059,9.681,1.227,22.397
82.34,-25.515,16.042,0.276,-4.037,9.629,1.230,22.465
82.36,-25.515,16.042,0.276,-4.037,9.629,1.230,22.465
82.38,-25.567,15.992,0.276,-4.020,9.583,1.232,22.531
82.40,-25.567,15.992,0.276,-4.020,9.583,1.232,22.531
82.43,-25.600,15.978,0.277,-4.004,9.535,1.234,22.587
82.45,-25.600,15.978,0.277,-4.004,9.535,1.234,22.587
82.47,-25.650,15.986,0.277,-3.988,9.483,1.237,22.668
82.49,-25.650,15.986,0.277,-3.988,9.483,1.237,22.668
82.51,-25.714,16.003,0.277,-3.974,9.426,1.239,22.763
82.53,-25.714,16.003,0.277,-3.974,9.426,1.239,22.763
82.55,-25.781,16.011,0.277,-3.964,9.376,1.241,22.855
82.58,-25.781,16.011,0.277,-3.964,9.376,1.241,22.855
82.60,-25.836,16.012,0.277,-3.955,9.323,1.243,22.932
82.62,-25.836,16.012,0.277,-3.955,9.323,1.243,22.932
82.64,-25.880,16.001,0.277,-3.945,9.259,1.245,22.997
82.66,-25.880,16.001,0.277,-3.945,9.259,1.245,22.997
82.68,-25.930,15.986,0.277,-3.939,9.207,1.247,23.062
82.70,-25.930,15.986,0.277,-3.939,9.207,1.247,23.062
82.72,-25.960,15.962,0.277,-3.933,9.126,1.249,23.115
82.74,-25.960,15.962,0.277,-3.933,9.126,1.249,23.115
82.77,-25.991,15.936,0.277,-3.929,9.066,1.251,23.156
82.79,-25.991,15.936,0.277,-3.929,9.066,1.251,23.156
82.81,-25.991,15.936,0.277,-3.929,9.066,1.251,23.156
82.83,-26.055,15.903,0.277,-3.928,9.011,1.252,23.226
82.85,-26.055,15.903,0.277,-3.928,9.011,1.252,23.226
82.87,-26.083,15.894,0.276,-3.927,8.947,1.253,23.269
82.89,-26.083,15.894,0.276,-3.927,8.947,1.253,23.269
82.91,-26.109,15.905,0.276,-3.928,8.891,1.254,23.313
82.93,-26.109,15.905,0.276,-3.928,8.891,1.254,23.313
82.95,-26.138,15.945,0.275,-3.930,8.829,1.255,23.371
82.98,-26.138,15.945,0.275,-3.930,8.829,1.255,23.371
83.00,-26.179,16.014,0.274,-3.933,8.764,1.256,23.447
83.02,-26.179,16.014,0.274,-3.933,8.764,1.256,23.447
83.04,-26.227,16.106,0.273,-3.936,8.707,1.256,23.536
83.06,-26.227,16.106,0.273,-3.936,8.707,1.256,23.536
83.08,-26.285,16.239,0.271,-3.940,8.650,1.256,23.648
83.10,-26.285,16.239,0.271,-3.940,8.650,1.256,23.648
83.12,-26.341,16.366,0.270,-3.945,8.587,1.256,23.758
83.15,-26.341,16.366,0.270,-3.945,8.587,1.256,23.758
83.17,-26.402,16.506,0.269,-3.950,8.521,1.256,23.879
83.19,-26.402,16.506,0.269,-3.950,8.521,1.256,23.879
83.21,-26.482,16.700,0.267,-3.955,8.463,1.256,24.035
83.23,-26.482,16.700,0.267,-3.955,8.463,1.256,24.035
83.25,-26.515,16.792,0.266,-3.961,8.378,1.255,24.120
83.27,-26.515,16.792,0.266,-3.961,8.378,1.255,24.120
83.29,-26.515,16.792,0.266,-3.961,8.378,1.255,24.120
83.32,-26.559,16.944,0.264,-3.966,8.319,1.254,24.231
83.34,-26.559,16.944,0.264,-3.966,8.319,1.254,24.231
83.36,-26.557,17.018,0.263,-3.970,8.258,1.253,24.274
83.38,-26.557,17.018,0.263,-3.970,8.258,1.253,24.274
83.40,-26.555,17.083,0.262,-3.974,8.194,1.251,24.315
83.42,-26.555,17.083,0.262,-3.974,8.194,1.251,24.315
83.44,-26.541,17.132,0.261,-3.977,8.138,1.250,24.338
83.46,-26.541,17.132,0.261,-3.977,8.138,1.250,24.338
83.48,-26.506,17.172,0.261,-3.979,8.081,1.248,24.339
83.50,-26.506,17.172,0.261,-3.979,8.081,1.248,24.339
83.53,-26.468,17.210,0.260,-3.981,8.022,1.246,24.338
83.55,-26.468,17.210,0.260,-3.981,8.022,1.246,24.338
83.57,-26.441,17.250,0.260,-3.982,7.959,1.244,24.351
83.59,-26.441,17.250,0.260,-3.982,7.959,1.244,24.351
83.61,-26.427,17.294,0.260,-3.981,7.905,1.241,24.377
83.63,-26.427,17.294,0.260,-3.981,7.905,1.241,24.377
83.65,-26.416,17.346,0.260,-3.980,7.851,1.239,24.408
83.67,-26.416,17.346,0.260,-3.980,7.851,1.239,24.408
83.70,-26.421,17.391,0.259,-3.977,7.793,1.236,24.456
83.72,-26.421,17.391,0.259,-3.977,7.793,1.236,24.456
83.74,-26.447,17.430,0.260,-3.970,7.706,1.231,24.535
83.76,-26.447,17.430,0.260,-3.970,7.706,1.231,24.535
83.78,-26.469,17.451,0.260,-3.963,7.654,1.227,24.591
83.80,-26.469,17.451,0.260,-3.963,7.654,1.227,24.591
83.82,-26.469,17.451,0.260,-3.963,7.654,1.227,24.591
83.84,-26.510,17.454,0.260,-3.955,7.603,1.224,24.657
83.86,-26.510,17.454,0.260,-3.955,7.603,1.224,24.657
83.89,-26.509,17.441,0.260,-3.944,7.548,1.219,24.683
83.91,-26.509,17.441,0.260,-3.944,7.548,1.219,24.683
83.93,-26.480,17.418,0.260,-3.932,7.497,1.215,24.678
83.95,-26.480,17.418,0.260,-3.932,7.497,1.215,24.678
83.97,-26.391,17.388,0.260,-3.915,7.441,1.210,24.623
83.99,-26.391,17.388,0.260,-3.915,7.441,1.210,24.623
84.01,-26.338,17.373,0.260,-3.899,7.392,1.205,24.602
84.03,-26.338,17.373,0.260,-3.899,7.392,1.205,24.602
84.05,-26.271,17.370,0.260,-3.879,7.340,1.200,24.580
84.08,-26.271,17.370,0.260,-3.879,7.340,1.200,24.580
84.10,-26.217,17.371,0.260,-3.858,7.293,1.195,24.568
84.12,-26.217,17.371,0.260,-3.858,7.293,1.195,24.568
84.14,-26.173,17.371,0.260,-3.832,7.240,1.189,24.573
84.16,-26.173,17.371,0.260,-3.832,7.240,1.189,24.573
84.18,-26.126,17.374,0.261,-3.808,7.195,1.183,24.572
84.20,-26.126,17.374,0.261,-3.808,7.195,1.183,24.572
84.22,-26.119,17.366,0.261,-3.780,7.150,1.178,24.606
84.24,-26.119,17.366,0.261,-3.780,7.150,1.178,24.606
84.27,-26.135,17.351,0.262,-3.736,7.084,1.169,24.681
84.29,-26.135,17.351,0.262,-3.736,7.084,1.169,24.681
84.31,-26.135,17.351,0.262,-3.736,7.084,1.169,24.681
84.33,-26.204,17.286,0.263,-3.700,7.039,1.162,24.768
84.35,-26.204,17.286,0.263,-3.700,7.039,1.162,24.768
84.37,-26.273,17.248,0.264,-3.667,7.000,1.156,24.860
84.39,-26.273,17.248,0.264,-3.667,7.000,1.156,24.860
84.41,-26.316,17.221,0.265,-3.632,6.963,1.150,24.936
84.43,-26.316,17.221,0.265,-3.632,6.963,1.150,24.936
84.46,-26.374,17.179,0.266,-3.594,6.925,1.144,25.021
84.48,-26.374,17.179,0.266,-3.594,6.925,1.144,25.021
84.50,-26.412,17.156,0.267,-3.551,6.887,1.137,25.101
84.52,-26.412,17.156,0.267,-3.551,6.887,1.137,25.101
84.54,-26.452,17.159,0.268,-3.512,6.857,1.131,25.186
84.56,-26.452,17.159,0.268,-3.512,6.857,1.131,25.186
84.58,-26.504,17.189,0.268,-3.472,6.828,1.125,25.294
84.60,-26.504,17.189,0.268,-3.472,6.828,1.125,25.294
84.63,-26.579,17.249,0.269,-3.417,6.799,1.118,25.449
84.65,-26.579,17.249,0.269,-3.417,6.799,1.118,25.449
84.67,-26.659,17.308,0.270,-3.374,6.774,1.112,25.594
84.69,-26.659,17.308,0.270,-3.374,6.774,1.112,25.594
84.71,-26.773,17.388,0.270,-3.323,6.749,1.106,25.787
84.73,-26.773,17.388,0.270,-3.323,6.749,1.106,25.787
84.75,-26.873,17.448,0.271,-3.255,6.721,1.098,25.976
84.77,-26.873,17.448,0.271,-3.255,6.721,1.098,25.976
84.79,-26.984,17.510,0.272,-3.204,6.704,1.092,26.156
84.81,-26.984,17.510,0.272,-3.204,6.704,1.092,26.156
84.84,-26.984,17.510,0.272,-3.204,6.704,1.092,26.156
84.86,-27.125,17.622,0.272,-3.156,6.691,1.087,26.379
84.88,-27.125,17.622,0.272,-3.156,6.691,1.087,26.379
84.90,-27.206,17.717,0.273,-3.100,6.679,1.082,26.547
84.92,-27.206,17.717,0.273,-3.100,6.679,1.082,26.547
84.94,-27.279,17.870,0.273,-3.051,6.671,1.077,26.725
84.96,-27.279,17.870,0.273,-3.051,6.671,1.077,26.725
84.98,-27.294,18.004,0.274,-3.000,6.666,1.072,26.844
85.00,-27.294,18.004,0.274,-3.000,6.666,1.072,26.844
85.02,-27.292,18.122,0.274,-2.945,6.663,1.068,26.942
85.04,-27.292,18.122,0.274,-2.945,6.663,1.068,26.942
85.07,-27.279,18.299,0.274,-2.886,6.662,1.063,27.060
85.09,-27.279,18.299,0.274,-2.886,6.662,1.063,27.060
85.11,-27.271,18.454,0.274,-2.834,6.664,1.060,27.165
85.13,-27.271,18.454,0.274,-2.834,6.664,1.060,27.165
85.15,-27.263,18.577,0.273,-2.782,6.668,1.056,27.256
85.17,-27.263,18.577,0.273,-2.782,6.668,1.056,27.256
85.19,-27.238,18.698,0.273,-2.724,6.674,1.053,27.336
85.21,-27.238,18.698,0.273,-2.724,6.674,1.053,27.336
85.24,-27.208,18.805,0.272,-2.671,6.682,1.050,27.401
85.26,-27.208,18.805,0.272,-2.671,6.682,1.050,27.401
85.28,-27.173,18.887,0.272,-2.582,6.699,1.045,27.477
85.30,-27.173,18.887,0.272,-2.582,6.699,1.045,27.477
85.32,-27.173,18.887,0.272,-2.582,6.699,1.045,27.477
85.34,-27.154,19.006,0.271,-2.528,6.710,1.042,27.556
85.36,-27.154,19.006,0.271,-2.528,6.710,1.042,27.556
85.38,-27.146,19.071,0.270,-2.468,6.725,1.040,27.625
85.40,-27.146,19.071,0.270,-2.468,6.725,1.040,27.625
85.43,-27.124,19.126,0.269,-2.414,6.740,1.038,27.671
85.45,-27.124,19.126,0.269,-2.414,6.740,1.038,27.671
85.47,-27.098,19.167,0.268,-2.351,6.758,1.035,27.714
85.49,-27.098,19.167,0.268,-2.351,6.758,1.035,27.714
85.51,-27.077,19.187,0.268,-2.297,6.774,1.034,27.746
85.53,-27.077,19.187,0.268,-2.297,6.774,1.034,27.746
85.55,-27.069,19.187,0.267,-2.243,6.791,1.032,27.780
85.57,-27.069,19.187,0.267,-2.243,6.791,1.032,27.780
85.60,-27.060,19.172,0.266,-2.183,6.810,1.030,27.810
85.62,-27.060,19.172,0.266,-2.183,6.810,1.030,27.810
85.64,-27.051,19.150,0.266,-2.128,6.827,1.029,27.833
85.66,-27.051,19.150,0.266,-2.128,6.827,1.029,27.833
85.68,-27.042,19.119,0.265,-2.074,6.845,1.028,27.852
85.70,-27.042,19.119,0.265,-2.074,6.845,1.028,27.852
85.72,-27.025,19.086,0.264,-2.020,6.862,1.027,27.863
85.74,-27.025,19.086,0.264,-2.020,6.862,1.027,27.863
85.76,-27.002,19.081,0.264,-1.934,6.890,1.025,27.905
85.78,-27.002,19.081,0.264,-1.934,6.890,1.025,27.905
85.81,-26.972,19.075,0.263,-1.872,6.909,1.025,27.923
85.83,-26.972,19.075,0.263,-1.872,6.909,1.025,27.923
85.85,-26.972,19.075,0.263,-1.872,6.909,1.025,27.923
85.87,-26.869,19.081,0.263,-1.818,6.925,1.024,27.874
85.89,-26.869,19.081,0.263,-1.818,6.925,1.024,27.874
85.91,-26.809,19.073,0.263,-1.763,6.940,1.023,27.859
85.93,-26.809,19.073,0.263,-1.763,6.940,1.023,27.859
85.95,-26.757,19.054,0.263,-1.706,6.955,1.023,27.849
85.97,-26.757,19.054,0.263,-1.706,6.955,1.023,27.849
86.00,-26.694,19.025,0.263,-1.645,6.970,1.022,27.828
86.02,-26.694,19.025,0.263,-1.645,6.970,1.022,27.828
86.04,-26.626,18.993,0.263,-1.592,6.982,1.022,27.796
86.06,-26.626,18.993,0.263,-1.592,6.982,1.022,27.796
86.08,-26.530,18.963,0.264,-1.539,6.992,1.022,27.740
86.10,-26.530,18.963,0.264,-1.539,6.992,1.022,27.740
86.12,-26.433,18.957,0.264,-1.485,7.001,1.021,27.695
86.14,-26.433,18.957,0.264,-1.485,7.001,1.021,27.695
86.17,-26.340,18.963,0.264,-1.429,7.009,1.021,27.660
86.19,-26.340,18.963,0.264,-1.429,7.009,1.021,27.660
86.21,-26.245,18.982,0.264,-1.369,7.016,1.021,27.635
86.23,-26.245,18.982,0.264,-1.369,7.016,1.021,27.635
86.25,-26.126,19.017,0.265,-1.317,7.021,1.020,27.587
86.27,-26.126,19.017,0.265,-1.317,7.021,1.020,27.587
86.29,-26.060,19.023,0.265,-1.239,7.024,1.020,27.599
86.31,-26.060,19.023,0.265,-1.239,7.024,1.020,27.599
86.33,-26.060,19.023,0.265,-1.239,7.024,1.020,27.599
86.36,-25.962,19.026,0.265,-1.183,7.025,1.020,27.563
86.38,-25.962,19.026,0.265,-1.183,7.025,1.020,27.563
86.40,-25.887,19.023,0.265,-1.130,7.023,1.020,27.542
86.42,-25.887,19.023,0.265,-1.130,7.023,1.020,27.542
86.44,-25.801,19.007,0.265,-1.072,7.020,1.020,27.510
86.46,-25.801,19.007,0.265,-1.072,7.020,1.020,27.510
86.48,-25.737,18.998,0.264,-1.021,7.016,1.019,27.497
86.51,-25.737,18.998,0.264,-1.021,7.016,1.019,27.497
86.53,-25.673,18.983,0.264,-0.966,7.009,1.019,27.486
86.55,-25.673,18.983,0.264,-0.966,7.009,1.019,27.486
86.57,-25.567,18.966,0.264,-0.915,7.001,1.019,27.432
86.59,-25.567,18.966,0.264,-0.915,7.001,1.019,27.432
86.61,-25.495,18.959,0.263,-0.857,6.990,1.019,27.422
86.63,-25.495,18.959,0.263,-0.857,6.990,1.019,27.422
86.65,-25.395,18.954,0.262,-0.804,6.978,1.018,27.382
86.67,-25.395,18.954,0.262,-0.804,6.978,1.018,27.382
86.69,-25.304,18.945,0.262,-0.749,6.964,1.018,27.352
86.72,-25.304,18.945,0.262,-0.749,6.964,1.018,27.352
86.74,-25.214,18.935,0.261,-0.698,6.951,1.018,27.318
86.76,-25.214,18.935,0.261,-0.698,6.951,1.018,27.318
86.78,-25.141,18.926,0.261,-0.616,6.925,1.018,27.334
86.80,-25.141,18.926,0.261,-0.616,6.925,1.018,27.334
86.82,-25.141,18.926,0.261,-0.616,6.925,1.018,27.334
86.84,-25.015,18.911,0.260,-0.565,6.908,1.017,27.267
86.86,-25.015,18.911,0.260,-0.565,6.908,1.017,27.267
86.88,-24.952,18.911,0.260,-0.510,6.888,1.017,27.269
86.91,-24.952,18.911,0.260,-0.510,6.888,1.017,27.269
86.93,-24.895,18.923,0.259,-0.461,6.869,1.017,27.275
86.95,-24.895,18.923,0.259,-0.461,6.869,1.017,27.275
86.97,-24.831,18.924,0.258,-0.404,6.845,1.017,27.281
86.99,-24.831,18.924,0.258,-0.404,6.845,1.017,27.281
87.01,-24.779,18.933,0.256,-0.354,6.823,1.016,27.292
87.03,-24.779,18.933,0.256,-0.354,6.823,1.016,27.292
87.05,-24.747,18.934,0.255,-0.303,6.800,1.016,27.320
87.08,-24.747,18.934,0.255,-0.303,6.800,1.016,27.320
87.10,-24.735,18.936,0.253,-0.249,6.775,1.016,27.369
87.12,-24.735,18.936,0.253,-0.249,6.775,1.016,27.369
87.14,-24.728,18.917,0.252,-0.192,6.746,1.015,27.418
87.16,-24.728,18.917,0.252,-0.192,6.746,1.015,27.418
87.18,-24.734,18.875,0.251,-0.142,6.721,1.015,27.460
87.20,-24.734,18.875,0.251,-0.142,6.721,1.015,27.460
87.23,-24.755,18.806,0.249,-0.093,6.695,1.015,27.504
87.25,-24.755,18.806,0.249,-0.093,6.695,1.015,27.504
87.27,-24.783,18.744,0.249,-0.014,6.653,1.015,27.592
87.29,-24.783,18.744,0.249,-0.014,6.653,1.015,27.592
87.31,-24.850,18.632,0.247,0.043,6.622,1.014,27.668
87.33,-24.850,18.632,0.247,0.043,6.622,1.014,27.668
87.35,-24.850,18.632,0.247,0.043,6.622,1.014,27.668
87.37,-24.923,18.501,0.246,0.093,6.594,1.014,27.734
87.39,-24.923,18.501,0.246,0.093,6.594,1.014,27.734
87.42,-24.962,18.414,0.245,0.144,6.566,1.014,27.790
87.44,-24.962,18.414,0.245,0.144,6.566,1.014,27.790
87.46,-25.005,18.328,0.245,0.197,6.537,1.014,27.852
87.48,-25.005,18.328,0.245,0.197,6.537,1.014,27.852
87.50,-25.034,18.252,0.245,0.254,6.505,1.013,27.912
87.52,-25.034,18.252,0.245,0.254,6.505,1.013,27.912
87.54,-25.055,18.162,0.245,0.304,6.478,1.013,27.949
87.56,-25.055,18.162,0.245,0.304,6.478,1.013,27.949
87.58,-25.054,18.093,0.245,0.354,6.451,1.013,27.977
87.60,-25.054,18.093,0.245,0.354,6.451,1.013,27.977
87.62,-25.041,18.050,0.245,0.408,6.423,1.013,28.007
87.65,-25.041,18.050,0.245,0.408,6.423,1.013,28.007
87.67,-25.005,17.999,0.245,0.461,6.395,1.012,28.013
87.69,-25.005,17.999,0.245,0.461,6.395,1.012,28.013
87.71,-24.969,17.972,0.244,0.510,6.371,1.012,28.024
87.73,-24.969,17.972,0.244,0.510,6.371,1.012,28.024
87.75,-24.935,17.975,0.244,0.565,6.345,1.012,28.056
87.77,-24.935,17.975,0.244,0.565,6.345,1.012,28.056
87.79,-24.896,17.971,0.244,0.648,6.308,1.012,28.108
87.82,-24.896,17.971,0.244,0.648,6.308,1.012,28.108
87.84,-24.896,17.971,0.244,0.648,6.308,1.012,28.108
87.86,-24.869,17.970,0.244,0.698,6.288,1.012,28.137
87.88,-24.869,17.970,0.244,0.698,6.288,1.012,28.137
87.90,-24.843,17.961,0.244,0.747,6.269,1.011,28.163
87.92,-24.843,17.961,0.244,0.747,6.269,1.011,28.163
87.94,-24.820,17.948,0.243,0.797,6.252,1.011,28.189
87.96,-24.820,17.948,0.243,0.797,6.252,1.011,28.189
87.99,-24.792,17.944,0.243,0.852,6.234,1.011,28.219
88.01,-24.792,17.944,0.243,0.852,6.234,1.011,28.219
88.03,-24.748,17.942,0.243,0.901,6.221,1.011,28.228
88.05,-24.748,17.942,0.243,0.901,6.221,1.011,28.228
88.07,-24.716,17.947,0.243,0.958,6.207,1.011,28.259
88.09,-24.716,17.947,0.243,0.958,6.207,1.011,28.259
88.11,-24.703,17.946,0.243,1.007,6.198,1.011,28.295
88.13,-24.703,17.946,0.243,1.007,6.198,1.011,28.295
88.15,-24.689,17.951,0.243,1.057,6.190,1.011,28.332
88.18,-24.689,17.951,0.243,1.057,6.190,1.011,28.332
88.20,-24.681,17.962,0.243,1.110,6.184,1.010,28.381
88.22,-24.681,17.962,0.243,1.110,6.184,1.010,28.381
88.24,-24.686,17.980,0.243,1.165,6.181,1.010,28.445
88.26,-24.686,17.980,0.243,1.165,6.181,1.010,28.445
88.28,-24.700,18.006,0.243,1.237,6.181,1.010,28.533
88.30,-24.700,18.006,0.243,1.237,6.181,1.010,28.533
88.32,-24.722,18.019,0.243,1.289,6.184,1.010,28.605
88.35,-24.722,18.019,0.243,1.289,6.184,1.010,28.605
88.37,-24.722,18.019,0.243,1.289,6.184,1.010,28.605
88.39,-24.738,18.037,0.243,1.336,6.190,1.010,28.667
88.41,-24.738,18.037,0.243,1.336,6.190,1.010,28.667
88.43,-24.753,18.064,0.243,1.389,6.199,1.010,28.736
88.45,-24.753,18.064,0.243,1.389,6.199,1.010,28.736
88.47,-24.772,18.085,0.243,1.436,6.209,1.010,28.800
88.49,-24.772,18.085,0.243,1.436,6.209,1.010,28.800
88.51,-24.803,18.094,0.243,1.483,6.222,1.010,28.869
88.53,-24.803,18.094,0.243,1.483,6.222,1.010,28.869
88.56,-24.849,18.095,0.243,1.532,6.238,1.010,28.949
88.58,-24.849,18.095,0.243,1.532,6.238,1.010,28.949
88.60,-24.896,18.082,0.243,1.584,6.259,1.009,29.026
88.62,-24.896,18.082,0.243,1.584,6.259,1.009,29.026
88.64,-24.926,18.062,0.243,1.629,6.279,1.009,29.079
88.66,-24.926,18.062,0.243,1.629,6.279,1.009,29.079
88.68,-24.967,18.025,0.242,1.674,6.301,1.009,29.133
88.70,-24.967,18.025,0.242,1.674,6.301,1.009,29.133
88.72,-25.007,17.994,0.242,1.720,6.326,1.009,29.189
88.74,-25.007,17.994,0.242,1.720,6.326,1.009,29.189
88.77,-25.049,17.975,0.242,1.773,6.356,1.009,29.258
88.79,-25.049,17.975,0.242,1.773,6.356,1.009,29.258
88.81,-25.091,17.979,0.242,1.847,6.402,1.008,29.348
88.83,-25.091,17.979,0.242,1.847,6.402,1.008,29.348
88.85,-25.091,17.979,0.242,1.847,6.402,1.008,29.348
88.87,-25.185,18.024,0.243,1.902,6.437,1.006,29.488
88.89,-25.185,18.024,0.243,1.902,6.437,1.006,29.488
88.91,-25.259,18.049,0.243,1.969,6.480,1.002,29.610
88.93,-25.259,18.049,0.243,1.969,6.480,1.002,29.610
88.96,-25.342,18.071,0.243,2.047,6.531,0.996,29.746
88.98,-25.342,18.071,0.243,2.047,6.531,0.996,29.746
89.00,-25.420,18.098,0.243,2.120,6.579,0.989,29.878
89.02,-25.420,18.098,0.243,2.120,6.579,0.989,29.878
89.04,-25.476,18.117,0.243,2.198,6.630,0.980,29.988
89.06,-25.476,18.117,0.243,2.198,6.630,0.980,29.988
89.08,-25.526,18.131,0.243,2.279,6.684,0.967,30.093
89.10,-25.526,18.131,0.243,2.279,6.684,0.967,30.093
89.13,-25.554,18.125,0.243,2.364,6.741,0.950,30.174
89.15,-25.554,18.125,0.243,2.364,6.741,0.950,30.174
89.17,-25.567,18.099,0.242,2.455,6.802,0.927,30.236
89.19,-25.567,18.099,0.242,2.455,6.802,0.927,30.236
89.21,-25.573,18.043,0.242,2.531,6.853,0.904,30.271
89.23,-25.573,18.043,0.242,2.531,6.853,0.904,30.271
89.25,-25.578,17.971,0.241,2.604,6.899,0.879,30.299
89.27,-25.578,17.971,0.241,2.604,6.899,0.879,30.299
89.29,-25.579,17.923,0.241,2.710,6.961,0.835,30.358
89.32,-25.579,17.923,0.241,2.710,6.961,0.835,30.358
89.34,-25.579,17.923,0.241,2.710,6.961,0.835,30.358
89.36,-25.591,17.821,0.240,2.769,6.989,0.806,30.377
89.38,-25.591,17.821,0.240,2.769,6.989,0.806,30.377
89.40,-25.598,17.765,0.239,2.831,7.012,0.772,30.412
89.42,-25.598,17.765,0.239,2.831,7.012,0.772,30.412
89.44,-25.614,17.712,0.239,2.878,7.023,0.742,30.447
89.46,-25.614,17.712,0.239,2.878,7.023,0.742,30.447
89.48,-25.636,17.675,0.239,2.926,7.026,0.710,30.497
89.51,-25.636,17.675,0.239,2.926,7.026,0.710,30.497
89.53,-25.663,17.657,0.238,2.965,7.020,0.681,30.554
89.55,-25.663,17.657,0.238,2.965,7.020,0.681,30.554
89.57,-25.686,17.664,0.238,3.008,7.004,0.650,30.623
89.59,-25.686,17.664,0.238,3.008,7.004,0.650,30.623
89.61,-25.708,17.694,0.237,3.041,6.987,0.626,30.690
89.63,-25.708,17.694,0.237,3.041,6.987,0.626,30.690
89.66,-25.716,17.745,0.237,3.079,6.967,0.601,30.757
89.68,-25.716,17.745,0.237,3.079,6.967,0.601,30.757
89.70,-25.731,17.801,0.237,3.112,6.952,0.581,30.827
89.72,-25.731,17.801,0.237,3.112,6.952,0.581,30.827
89.74,-25.751,17.894,0.237,3.171,6.964,0.560,30.929
89.76,-25.751,17.894,0.237,3.171,6.964,0.560,30.929
89.78,-25.765,17.951,0.237,3.247,6.966,0.540,31.032
89.80,-25.765,17.951,0.237,3.247,6.966,0.540,31.032
89.82,-25.772,18.011,0.237,3.298,6.973,0.529,31.104
89.85,-25.772,18.011,0.237,3.298,6.973,0.529,31.104
89.87,-25.772,18.011,0.237,3.298,6.973,0.529,31.104
89.89,-25.788,18.104,0.237,3.348,6.985,0.521,31.194
89.91,-25.788,18.104,0.237,3.348,6.985,0.521,31.194
89.93,-25.801,18.155,0.238,3.398,7.001,0.513,31.266
89.95,-25.801,18.155,0.238,3.398,7.001,0.513,31.266
89.97,-25.819,18.189,0.238,3.445,7.019,0.508,31.332
89.99,-25.819,18.189,0.238,3.445,7.019,0.508,31.332
90.01,-25.851,18.214,0.238,3.482,7.033,0.504,31.401
90.04,-25.851,18.214,0.238,3.482,7.033,0.504,31.401
90.06,-25.885,18.238,0.238,3.535,7.058,0.501,31.482
90.08,-25.885,18.238,0.238,3.535,7.058,0.501,31.482
90.10,-25.930,18.261,0.238,3.584,7.083,0.501,31.569
90.12,-25.930,18.261,0.238,3.584,7.083,0.501,31.569
90.14,-25.968,18.268,0.238,3.630,7.106,0.502,31.642
90.16,-25.968,18.268,0.238,3.630,7.106,0.502,31.642
90.18,-25.996,18.260,0.238,3.678,7.132,0.506,31.701
90.20,-25.996,18.260,0.238,3.678,7.132,0.506,31.701
90.23,-26.027,18.232,0.238,3.729,7.158,0.513,31.759
90.25,-26.027,18.232,0.238,3.729,7.158,0.513,31.759
90.27,-26.067,18.165,0.238,3.769,7.122,0.558,31.824
90.29,-26.067,18.165,0.238,3.769,7.122,0.558,31.824
90.31,-26.085,18.094,0.238,3.821,7.134,0.585,31.862
90.33,-26.085,18.094,0.238,3.821,7.134,0.585,31.862
90.35,-26.085,18.094,0.238,3.821,7.134,0.585,31.862
90.37,-26.092,18.007,0.238,3.853,7.133,0.610,31.869
90.40,-26.092,18.007,0.238,3.853,7.133,0.610,31.869
90.42,-26.094,17.976,0.237,3.877,7.127,0.635,31.887
90.44,-26.094,17.976,0.237,3.877,7.127,0.635,31.887
90.46,-26.098,17.967,0.237,3.901,7.112,0.667,31.915
90.48,-26.098,17.967,0.237,3.901,7.112,0.667,31.915
90.50,-26.090,17.977,0.237,3.918,7.094,0.697,31.934
90.52,-26.090,17.977,0.237,3.918,7.094,0.697,31.934
90.54,-26.070,17.998,0.237,3.934,7.052,0.730,31.953
90.57,-26.070,17.998,0.237,3.934,7.052,0.730,31.953
90.59,-26.044,18.009,0.237,3.947,7.021,0.763,31.956
90.61,-26.044,18.009,0.237,3.947,7.021,0.763,31.956
90.63,-25.985,18.008,0.237,3.957,6.982,0.798,31.924
90.65,-25.985,18.008,0.237,3.957,6.982,0.798,31.924
90.67,-25.943,17.992,0.237,3.965,6.945,0.827,31.901
90.69,-25.943,17.992,0.237,3.965,6.945,0.827,31.901
90.72,-25.916,17.957,0.237,3.971,6.905,0.856,31.884
90.74,-25.916,17.957,0.237,3.971,6.905,0.856,31.884
90.76,-25.898,17.912,0.237,3.978,6.857,0.885,31.876
90.78,-25.898,17.912,0.237,3.978,6.857,0.885,31.876
90.80,-25.883,17.860,0.237,3.988,6.780,0.926,31.881
90.82,-25.883,17.860,0.237,3.988,6.780,0.926,31.881
90.84,-25.860,17.816,0.237,3.994,6.731,0.948,31.868
90.86,-25.860,17.816,0.237,3.994,6.731,0.948,31.868
90.88,-25.860,17.816,0.237,3.994,6.731,0.948,31.868
90.91,-25.807,17.743,0.239,4.002,6.680,0.967,31.818
90.93,-25.807,17.743,0.239,4.002,6.680,0.967,31.818
90.95,-25.750,17.679,0.239,4.011,6.623,0.986,31.772
90.97,-25.750,17.679,0.239,4.011,6.623,0.986,31.772
90.99,-25.710,17.626,0.240,4.022,6.563,1.003,31.748
91.01,-25.710,17.626,0.240,4.022,6.563,1.003,31.748
91.03,-25.668,17.574,0.241,4.033,6.509,1.015,31.720
91.05,-25.668,17.574,0.241,4.033,6.509,1.015,31.720
91.07,-25.627,17.512,0.242,4.046,6.456,1.025,31.691
91.09,-25.627,17.512,0.242,4.046,6.456,1.025,31.691
91.12,-25.585,17.440,0.243,4.062,6.397,1.033,31.663
91.14,-25.585,17.440,0.243,4.062,6.397,1.033,31.663
91.16,-25.549,17.379,0.244,4.081,6.336,1.039,31.648
91.18,-25.549,17.379,0.244,4.081,6.336,1.039,31.648
91.20,-25.518,17.293,0.245,4.100,6.283,1.041,31.624
91.22,-25.518,17.293,0.245,4.100,6.283,1.041,31.624
91.24,-25.495,17.226,0.245,4.120,6.231,1.042,31.617
91.26,-25.495,17.226,0.245,4.120,6.231,1.042,31.617
91.28,-25.483,17.163,0.246,4.145,6.175,1.040,31.627
91.30,-25.483,17.163,0.246,4.145,6.175,1.040,31.627
91.33,-25.479,17.095,0.247,4.187,6.094,1.034,31.666
91.35,-25.479,17.095,0.247,4.187,6.094,1.034,31.666
91.37,-25.479,17.095,0.247,4.187,6.094,1.034,31.666
91.39,-25.512,16.973,0.248,4.215,6.047,1.029,31.697
91.41,-25.512,16.973,0.248,4.215,6.047,1.029,31.697
91.43,-25.538,16.923,0.248,4.246,6.000,1.021,31.749
91.45,-25.538,16.923,0.248,4.246,6.000,1.021,31.749
91.47,-25.559,16.899,0.249,4.281,5.954,1.013,31.809
91.49,-25.559,16.899,0.249,4.281,5.954,1.013,31.809
91.51,-25.567,16.893,0.249,4.320,5.907,1.003,31.868
91.54,-25.567,16.893,0.249,4.320,5.907,1.003,31.868
91.56,-25.581,16.894,0.250,4.357,5.868,0.993,31.927
91.58,-25.581,16.894,0.250,4.357,5.868,0.993,31.927
91.60,-25.585,16.911,0.250,4.395,5.831,0.982,31.985
91.62,-25.585,16.911,0.250,4.395,5.831,0.982,31.985
91.64,-25.581,16.945,0.250,4.436,5.795,0.971,32.043
91.66,-25.581,16.945,0.250,4.436,5.795,0.971,32.043
91.68,-25.558,16.993,0.251,4.480,5.761,0.959,32.092
91.70,-25.558,16.993,0.251,4.480,5.761,0.959,32.092
91.72,-25.541,17.035,0.251,4.523,5.731,0.947,32.142
91.74,-25.541,17.035,0.251,4.523,5.731,0.947,32.142
91.77,-25.511,17.066,0.252,4.575,5.700,0.934,32.183
91.79,-25.511,17.066,0.252,4.575,5.700,0.934,32.183
91.81,-25.475,17.111,0.252,4.644,5.664,0.918,32.242
91.83,-25.475,17.111,0.252,4.644,5.664,0.918,32.242
91.85,-25.442,17.178,0.253,4.697,5.641,0.906,32.292
91.87,-25.442,17.178,0.253,4.697,5.641,0.906,32.292
91.89,-25.442,17.178,0.253,4.697,5.641,0.906,32.292
91.91,-25.408,17.248,0.255,4.747,5.623,0.896,32.338
91.93,-25.408,17.248,0.255,4.747,5.623,0.896,32.338
91.96,-25.380,17.271,0.255,4.804,5.606,0.884,32.380
91.98,-25.380,17.271,0.255,4.804,5.606,0.884,32.380
92.00,-25.347,17.281,0.256,4.855,5.593,0.875,32.405
92.02,-25.347,17.281,0.256,4.855,5.593,0.875,32.405
92.04,-25.307,17.303,0.257,4.907,5.583,0.867,32.427
92.06,-25.307,17.303,0.257,4.907,5.583,0.867,32.427
92.08,-25.234,17.332,0.258,4.960,5.574,0.859,32.421
92.10,-25.234,17.332,0.258,4.960,5.574,0.859,32.421
92.12,-25.155,17.362,0.259,5.015,5.568,0.852,32.413
92.14,-25.155,17.362,0.259,5.015,5.568,0.852,32.413
92.17,-25.078,17.400,0.260,5.075,5.564,0.845,32.412
92.19,-25.078,17.400,0.260,5.075,5.564,0.845,32.412
92.21,-24.982,17.459,0.261,5.127,5.563,0.840,32.392
92.23,-24.982,17.459,0.261,5.127,5.563,0.840,32.392
92.25,-24.925,17.483,0.261,5.178,5.564,0.836,32.395
92.27,-24.925,17.483,0.261,5.178,5.564,0.836,32.395
92.29,-24.851,17.510,0.261,5.230,5.566,0.832,32.384
92.31,-24.851,17.510,0.261,5.230,5.566,0.832,32.384
92.34,-24.761,17.531,0.262,5.311,5.574,0.828,32.380
92.36,-24.761,17.531,0.262,5.311,5.574,0.828,32.380
92.38,-24.761,17.531,0.262,5.311,5.574,0.828,32.380
92.40,-24.603,17.554,0.262,5.369,5.582,0.827,32.293
92.42,-24.603,17.554,0.262,5.369,5.582,0.827,32.293
92.44,-24.498,17.529,0.262,5.419,5.590,0.827,32.229
92.46,-24.498,17.529,0.262,5.419,5.590,0.827,32.229
92.49,-24.436,17.501,0.262,5.469,5.600,0.827,32.205
92.51,-24.436,17.501,0.262,5.469,5.600,0.827,32.205
92.53,-24.402,17.464,0.261,5.524,5.612,0.828,32.206
92.55,-24.402,17.464,0.261,5.524,5.612,0.828,32.206
92.57,-24.377,17.397,0.260,5.577,5.626,0.831,32.203
92.59,-24.377,17.397,0.260,5.577,5.626,0.831,32.203
92.61,-24.352,17.305,0.259,5.634,5.641,0.834,32.193
92.63,-24.352,17.305,0.259,5.634,5.641,0.834,32.193
92.65,-24.330,17.211,0.259,5.683,5.656,0.837,32.179
92.67,-24.330,17.211,0.259,5.683,5.656,0.837,32.179
92.70,-24.302,17.136,0.258,5.737,5.672,0.841,32.171
92.72,-24.302,17.136,0.258,5.737,5.672,0.841,32.171
92.74,-24.245,17.011,0.258,5.787,5.688,0.845,32.115
92.76,-24.245,17.011,0.258,5.787,5.688,0.845,32.115
92.78,-24.180,16.899,0.257,5.838,5.706,0.850,32.056
92.80,-24.180,16.899,0.257,5.838,5.706,0.850,32.056
92.82,-24.094,16.791,0.257,5.917,5.733,0.858,32.002
92.85,-24.094,16.791,0.257,5.917,5.733,0.858,32.002
92.87,-24.094,16.791,0.257,5.917,5.733,0.858,32.002
92.89,-23.919,16.663,0.257,5.971,5.752,0.864,31.839
92.91,-23.919,16.663,0.257,5.971,5.752,0.864,31.839
92.93,-23.783,16.617,0.257,6.027,5.773,0.870,31.741
92.95,-23.783,16.617,0.257,6.027,5.773,0.870,31.741
92.97,-23.654,16.615,0.257,6.076,5.790,0.876,31.660
92.99,-23.654,16.615,0.257,6.076,5.790,0.876,31.660
93.01,-23.581,16.620,0.257,6.128,5.809,0.882,31.635
93.04,-23.581,16.620,0.257,6.128,5.809,0.882,31.635
93.06,-23.507,16.623,0.256,6.180,5.828,0.888,31.609
93.08,-23.507,16.623,0.256,6.180,5.828,0.888,31.609
93.10,-23.424,16.623,0.256,6.237,5.849,0.895,31.578
93.12,-23.424,16.623,0.256,6.237,5.849,0.895,31.578
93.14,-23.346,16.611,0.256,6.286,5.867,0.901,31.541
93.16,-23.346,16.611,0.256,6.286,5.867,0.901,31.541
93.18,-23.272,16.599,0.255,6.337,5.885,0.907,31.509
93.21,-23.272,16.599,0.255,6.337,5.885,0.907,31.509
93.23,-23.191,16.580,0.255,6.392,5.905,0.914,31.472
93.25,-23.191,16.580,0.255,6.392,5.905,0.914,31.472
93.27,-23.094,16.544,0.255,6.451,5.926,0.920,31.417
93.29,-23.094,16.544,0.255,6.451,5.926,0.920,31.417
93.31,-23.011,16.508,0.254,6.528,5.952,0.929,31.390
93.33,-23.011,16.508,0.254,6.528,5.952,0.929,31.390
93.35,-22.940,16.480,0.254,6.579,5.970,0.935,31.357
93.37,-22.940,16.480,0.254,6.579,5.970,0.935,31.357
93.40,-22.940,16.480,0.254,6.579,5.970,0.935,31.357
93.42,-22.844,16.425,0.253,6.637,5.989,0.941,31.296
93.44,-22.844,16.425,0.253,6.637,5.989,0.941,31.296
93.46,-22.784,16.403,0.253,6.698,6.008,0.947,31.284
93.48,-22.784,16.403,0.253,6.698,6.008,0.947,31.284
93.50,-22.733,16.380,0.252,6.751,6.025,0.952,31.272
93.52,-22.733,16.380,0.252,6.751,6.025,0.952,31.272
93.54,-22.677,16.375,0.251,6.804,6.041,0.957,31.263
93.56,-22.677,16.375,0.251,6.804,6.041,0.957,31.263
93.59,-22.642,16.381,0.251,6.797,6.039,0.957,31.226
93.61,-22.642,16.381,0.251,6.797,6.039,0.957,31.226
93.63,-22.581,16.392,0.250,6.850,6.055,0.961,31.217
93.65,-22.581,16.392,0.250,6.850,6.055,0.961,31.217
93.67,-22.528,16.408,0.249,6.911,6.072,0.966,31.224
93.69,-22.528,16.408,0.249,6.911,6.072,0.966,31.224
93.71,-22.479,16.442,0.248,6.962,6.086,0.970,31.233
93.73,-22.479,16.442,0.248,6.962,6.086,0.970,31.233
93.76,-22.432,16.491,0.248,7.017,6.102,0.974,31.252
93.78,-22.432,16.491,0.248,7.017,6.102,0.974,31.252
93.80,-22.376,16.549,0.247,7.065,6.115,0.977,31.260
93.82,-22.376,16.549,0.247,7.065,6.115,0.977,31.260
93.84,-22.314,16.598,0.247,7.138,6.136,0.983,31.279
93.86,-22.314,16.598,0.247,7.138,6.136,0.983,31.279
93.88,-22.314,16.598,0.247,7.138,6.136,0.983,31.279
93.90,-22.196,16.654,0.246,7.178,6.148,0.985,31.220
93.92,-22.196,16.654,0.246,7.178,6.148,0.985,31.220
93.94,-22.140,16.669,0.246,7.216,6.160,0.988,31.205
93.96,-22.140,16.669,0.246,7.216,6.160,0.988,31.205
93.99,-22.052,16.681,0.245,7.251,6.173,0.991,31.154
94.01,-22.052,16.681,0.245,7.251,6.173,0.991,31.154
94.03,-21.947,16.694,0.245,7.275,6.183,0.994,31.079
94.05,-21.947,16.694,0.245,7.275,6.183,0.994,31.079
94.07,-21.865,16.729,0.245,7.292,6.193,0.996,31.026
94.09,-21.865,16.729,0.245,7.292,6.193,0.996,31.026
94.12,-21.793,16.779,0.244,7.301,6.202,0.998,30.982
94.14,-21.793,16.779,0.244,7.301,6.202,0.998,30.982
94.16,-21.737,16.843,0.244,7.301,6.211,0.999,30.948
94.18,-21.737,16.843,0.244,7.301,6.211,0.999,30.948
94.20,-21.686,16.924,0.244,7.290,6.220,1.001,30.914
94.22,-21.686,16.924,0.244,7.290,6.220,1.001,30.914
94.24,-21.609,17.032,0.244,7.270,6.228,1.003,30.859
94.26,-21.609,17.032,0.244,7.270,6.228,1.003,30.859
94.29,-21.554,17.131,0.244,7.240,6.235,1.004,30.812
94.31,-21.554,17.131,0.244,7.240,6.235,1.004,30.812
94.33,-21.500,17.274,0.243,7.175,6.245,1.006,30.748
94.35,-21.500,17.274,0.243,7.175,6.245,1.006,30.748
94.37,-21.481,17.377,0.243,7.115,6.251,1.007,30.710
94.39,-21.481,17.377,0.243,7.115,6.251,1.007,30.710
94.42,-21.481,17.377,0.243,7.115,6.251,1.007,30.710
94.44,-21.485,17.522,0.244,7.055,6.256,1.007,30.708
94.46,-21.485,17.522,0.244,7.055,6.256,1.007,30.708
94.48,-21.509,17.611,0.243,6.988,6.261,1.008,30.700
94.50,-21.509,17.611,0.243,6.988,6.261,1.008,30.700
94.52,-21.550,17.737,0.244,6.919,6.265,1.009,30.720
94.54,-21.550,17.737,0.244,6.919,6.265,1.009,30.720
94.56,-21.581,17.837,0.243,6.834,6.269,1.010,30.706
94.58,-21.581,17.837,0.243,6.834,6.269,1.010,30.706
94.61,-21.607,17.919,0.243,6.756,6.271,1.012,30.687
94.63,-21.607,17.919,0.243,6.756,6.271,1.012,30.687
94.65,-21.637,18.037,0.243,6.673,6.271,1.017,30.683
94.67,-21.637,18.037,0.243,6.673,6.271,1.017,30.683
94.69,-21.645,18.099,0.243,6.582,6.267,1.028,30.633
94.71,-21.645,18.099,0.243,6.582,6.267,1.028,30.633
94.73,-21.653,18.147,0.243,6.505,6.257,1.042,30.592
94.75,-21.653,18.147,0.243,6.505,6.257,1.042,30.592
94.78,-21.668,18.179,0.243,6.431,6.240,1.063,30.558
94.80,-21.668,18.179,0.243,6.431,6.240,1.063,30.558
94.82,-21.688,18.210,0.243,6.348,6.208,1.098,30.526
94.84,-21.688,18.210,0.243,6.348,6.208,1.098,30.526
94.86,-21.680,18.252,0.242,6.378,6.222,1.083,30.557
94.88,-21.680,18.252,0.242,6.378,6.222,1.083,30.557
94.90,-21.680,18.252,0.242,6.378,6.222,1.083,30.557
94.92,-21.671,18.295,0.242,6.378,6.222,1.083,30.566
94.95,-21.671,18.295,0.242,6.378,6.222,1.083,30.566
94.97,-21.676,18.315,0.242,6.378,6.221,1.083,30.579
94.99,-21.676,18.315,0.242,6.378,6.221,1.083,30.579
95.01,-21.692,18.321,0.242,6.377,6.217,1.078,30.596
95.03,-21.692,18.321,0.242,6.377,6.217,1.078,30.596
95.05,-21.756,18.324,0.242,6.373,6.206,1.068,30.656
95.07,-21.756,18.324,0.242,6.373,6.206,1.068,30.656
95.09,-21.805,18.332,0.242,6.365,6.186,1.048,30.704
95.11,-21.805,18.332,0.242,6.365,6.186,1.048,30.704
95.13,-21.844,18.340,0.242,6.351,6.154,1.018,30.742
95.15,-21.844,18.340,0.242,6.351,6.154,1.018,30.742
95.18,-21.894,18.340,0.242,6.327,6.107,0.977,30.782
95.20,-21.894,18.340,0.242,6.327,6.107,0.977,30.782
95.22,-21.918,18.346,0.242,6.297,6.056,0.936,30.798
95.24,-21.918,18.346,0.242,6.297,6.056,0.936,30.798
95.26,-21.939,18.349,0.242,6.257,5.997,0.893,30.804
95.28,-21.939,18.349,0.242,6.257,5.997,0.893,30.804
95.30,-21.938,18.354,0.242,6.202,5.923,0.846,30.783
95.32,-21.938,18.354,0.242,6.202,5.923,0.846,30.783
95.34,-21.943,18.352,0.242,6.111,5.814,0.789,30.746
95.37,-21.943,18.352,0.242,6.111,5.814,0.789,30.746
95.39,-21.943,18.352,0.242,6.111,5.814,0.789,30.746
95.41,-21.954,18.372,0.242,6.030,5.728,0.756,30.724
95.43,-21.954,18.372,0.242,6.030,5.728,0.756,30.724
95.45,-21.966,18.404,0.243,5.956,5.656,0.736,30.710
95.47,-21.966,18.404,0.243,5.956,5.656,0.736,30.710
95.49,-21.980,18.451,0.244,5.876,5.589,0.724,30.697
95.51,-21.980,18.451,0.244,5.876,5.589,0.724,30.697
95.53,-21.982,18.477,0.244,5.791,5.528,0.721,30.659
95.55,-21.982,18.477,0.244,5.791,5.528,0.721,30.659
95.57,-21.964,18.509,0.245,5.710,5.478,0.727,30.604
95.60,-21.964,18.509,0.245,5.710,5.478,0.727,30.604
95.62,-21.934,18.552,0.246,5.619,5.435,0.740,30.532
95.64,-21.934,18.552,0.246,5.619,5.435,0.740,30.532
95.66,-21.901,18.577,0.246,5.539,5.406,0.756,30.453
95.68,-21.901,18.577,0.246,5.539,5.406,0.756,30.453
95.70,-21.845,18.610,0.247,5.451,5.387,0.777,30.347
95.72,-21.845,18.610,0.247,5.451,5.387,0.777,30.347
95.74,-21.803,18.631,0.247,5.371,5.379,0.796,30.251
95.76,-21.803,18.631,0.247,5.371,5.379,0.796,30.251
95.79,-21.720,18.653,0.248,5.278,5.381,0.817,30.103
95.81,-21.720,18.653,0.248,5.278,5.381,0.817,30.103
95.83,-21.615,18.665,0.248,5.158,5.404,0.839,29.897
95.85,-21.615,18.665,0.248,5.158,5.404,0.839,29.897
95.87,-21.521,18.662,0.248,5.078,5.432,0.848,29.727
95.89,-21.521,18.662,0.248,5.078,5.432,0.848,29.727
95.91,-21.521,18.662,0.248,5.078,5.432,0.848,29.727
95.93,-21.382,18.632,0.248,4.989,5.473,0.853,29.493
95.95,-21.382,18.632,0.248,4.989,5.473,0.853,29.493
95.97,-21.263,18.588,0.249,4.993,5.450,0.857,29.380
96.00,-21.263,18.588,0.249,4.993,5.450,0.857,29.380
96.02,-21.155,18.546,0.249,4.902,5.514,0.852,29.155
96.04,-21.155,18.546,0.249,4.902,5.514,0.852,29.155
96.06,-21.039,18.507,0.249,4.823,5.576,0.843,28.936
96.08,-21.039,18.507,0.249,4.823,5.576,0.843,28.936
96.10,-20.883,18.471,0.250,4.744,5.643,0.832,28.679
96.12,-20.883,18.471,0.250,4.744,5.643,0.832,28.679
96.14,-20.740,18.457,0.250,4.737,5.637,0.836,28.541
96.17,-20.740,18.457,0.250,4.737,5.637,0.836,28.541
96.19,-20.599,18.461,0.251,4.664,5.705,0.821,28.321
96.21,-20.599,18.461,0.251,4.664,5.705,0.821,28.321
96.23,-20.461,18.464,0.252,4.583,5.783,0.803,28.091
96.25,-20.461,18.464,0.252,4.583,5.783,0.803,28.091
96.27,-20.364,18.474,0.252,4.514,5.849,0.786,27.917
96.29,-20.364,18.474,0.252,4.514,5.849,0.786,27.917
96.31,-20.279,18.490,0.253,4.445,5.915,0.769,27.757
96.34,-20.279,18.490,0.253,4.445,5.915,0.769,27.757
96.36,-20.203,18.487,0.254,4.342,6.007,0.743,27.554
96.38,-20.203,18.487,0.254,4.342,6.007,0.743,27.554
96.40,-20.203,18.487,0.254,4.342,6.007,0.743,27.554
96.42,-20.110,18.477,0.256,4.269,6.067,0.726,27.373
96.44,-20.110,18.477,0.256,4.269,6.067,0.726,27.373
96.46,-20.076,18.484,0.256,4.207,6.112,0.713,27.270
96.49,-20.076,18.484,0.256,4.207,6.112,0.713,27.270
96.51,-20.038,18.481,0.257,4.146,6.151,0.701,27.162
96.53,-20.038,18.481,0.257,4.146,6.151,0.701,27.162
96.55,-19.997,18.473,0.258,4.084,6.187,0.690,27.052
96.57,-19.997,18.473,0.258,4.084,6.187,0.690,27.052
96.59,-19.956,18.458,0.259,4.023,6.216,0.680,26.940
96.61,-19.956,18.458,0.259,4.023,6.216,0.680,26.940
96.63,-19.913,18.440,0.260,3.959,6.241,0.671,26.825
96.66,-19.913,18.440,0.260,3.959,6.241,0.671,26.825
96.68,-19.867,18.429,0.261,3.903,6.257,0.665,26.721
96.70,-19.867,18.429,0.261,3.903,6.257,0.665,26.721
96.72,-19.817,18.429,0.262,3.846,6.269,0.660,26.620
96.74,-19.817,18.429,0.262,3.846,6.269,0.660,26.620
96.76,-19.734,18.434,0.264,3.786,6.275,0.656,26.493
96.78,-19.734,18.434,0.264,3.786,6.275,0.656,26.493
96.80,-19.678,18.448,0.265,3.735,6.276,0.654,26.404
96.82,-19.678,18.448,0.265,3.735,6.276,0.654,26.404
96.84,-19.632,18.464,0.266,3.660,6.271,0.653,26.307
96.86,-19.632,18.464,0.266,3.660,6.271,0.653,26.307
96.89,-19.592,18.476,0.267,3.601,6.261,0.654,26.229
96.91,-19.592,18.476,0.267,3.601,6.261,0.654,26.229
96.93,-19.592,18.476,0.267,3.601,6.261,0.654,26.229
96.95,-19.546,18.481,0.268,3.555,6.250,0.655,26.156
96.97,-19.546,18.481,0.268,3.555,6.250,0.655,26.156
96.99,-19.531,18.468,0.269,3.510,6.237,0.657,26.103
97.01,-19.531,18.468,0.269,3.510,6.237,0.657,26.103
97.03,-19.506,18.455,0.270,3.461,6.220,0.659,26.040
97.05,-19.506,18.455,0.270,3.461,6.220,0.659,26.040
97.08,-19.476,18.439,0.270,3.411,6.201,0.662,25.970
97.10,-19.476,18.439,0.270,3.411,6.201,0.662,25.970
97.12,-19.450,18.409,0.271,3.369,6.183,0.664,25.905
97.14,-19.450,18.409,0.271,3.369,6.183,0.664,25.905
97.16,-19.428,18.376,0.271,3.311,6.159,0.666,25.830
97.18,-19.428,18.376,0.271,3.311,6.159,0.666,25.830
97.20,-19.422,18.321,0.271,3.269,6.139,0.668,25.771
97.22,-19.422,18.321,0.271,3.269,6.139,0.668,25.771
97.24,-19.428,18.259,0.271,3.225,6.118,0.671,25.718
97.26,-19.428,18.259,0.271,3.225,6.118,0.671,25.718
97.29,-19.450,18.179,0.271,3.183,6.098,0.673,25.673
97.31,-19.450,18.179,0.271,3.183,6.098,0.673,25.673
97.33,-19.496,18.083,0.271,3.139,6.076,0.675,25.639
97.35,-19.496,18.083,0.271,3.139,6.076,0.675,25.639
97.37,-19.534,17.995,0.271,3.079,6.048,0.677,25.593
97.39,-19.534,17.995,0.271,3.079,6.048,0.677,25.593
97.41,-19.534,17.995,0.271,3.079,6.048,0.677,25.593
97.43,-19.600,17.874,0.272,3.035,6.027,0.678,25.565
97.45,-19.600,17.874,0.272,3.035,6.027,0.678,25.565
97.47,-19.657,17.824,0.272,2.995,6.009,0.679,25.566
97.50,-19.657,17.824,0.272,2.995,6.009,0.679,25.566
97.52,-19.730,17.780,0.272,2.950,5.990,0.679,25.579
97.54,-19.730,17.780,0.272,2.950,5.990,0.679,25.579
97.56,-19.809,17.735,0.272,2.909,5.974,0.678,25.600
97.58,-19.809,17.735,0.272,2.909,5.974,0.678,25.600
97.60,-19.904,17.685,0.272,2.867,5.958,0.677,25.631
97.62,-19.904,17.685,0.272,2.867,5.958,0.677,25.631
97.64,-19.990,17.652,0.272,2.824,5.943,0.676,25.661
97.66,-19.990,17.652,0.272,2.824,5.943,0.676,25.661
97.68,-20.071,17.610,0.272,2.776,5.928,0.674,25.678
97.71,-20.071,17.610,0.272,2.776,5.928,0.674,25.678
97.73,-20.150,17.546,0.272,2.733,5.916,0.672,25.686
97.75,-20.150,17.546,0.272,2.733,5.916,0.672,25.686
97.77,-20.252,17.443,0.272,2.690,5.905,0.669,25.698
97.79,-20.252,17.443,0.272,2.690,5.905,0.669,25.698
97.81,-20.314,17.369,0.272,2.642,5.894,0.666,25.682
97.83,-20.314,17.369,0.272,2.642,5.894,0.666,25.682
97.85,-20.365,17.306,0.272,2.574,5.881,0.662,25.643
97.87,-20.365,17.306,0.272,2.574,5.881,0.662,25.643
97.90,-20.396,17.261,0.272,2.520,5.873,0.658,25.606
97.92,-20.396,17.261,0.272,2.520,5.873,0.658,25.606
97.94,-20.396,17.261,0.272,2.520,5.873,0.658,25.606
97.96,-20.441,17.182,0.272,2.472,5.867,0.654,25.572
97.98,-20.441,17.182,0.272,2.472,5.867,0.654,25.572
98.00,-20.458,17.117,0.271,2.424,5.862,0.651,25.516
98.02,-20.458,17.117,0.271,2.424,5.862,0.651,25.516
98.04,-20.476,17.048,0.271,2.369,5.858,0.647,25.454
98.06,-20.476,17.048,0.271,2.369,5.858,0.647,25.454
98.09,-20.494,16.969,0.271,2.318,5.856,0.644,25.392
98.11,-20.494,16.969,0.271,2.318,5.856,0.644,25.392
98.13,-20.542,16.839,0.270,2.257,5.854,0.640,25.324
98.15,-20.542,16.839,0.270,2.257,5.854,0.640,25.324
98.17,-20.571,16.772,0.270,2.209,5.855,0.638,25.277
98.20,-20.571,16.772,0.270,2.209,5.855,0.638,25.277
98.22,-20.600,16.688,0.269,2.163,5.855,0.636,25.225
98.24,-20.600,16.688,0.269,2.163,5.855,0.636,25.225
98.26,-20.627,16.610,0.269,2.102,5.858,0.634,25.161
98.28,-20.627,16.610,0.269,2.102,5.858,0.634,25.161
98.30,-20.650,16.543,0.268,2.046,5.861,0.632,25.100
98.32,-20.650,16.543,0.268,2.046,5.861,0.632,25.100
98.34,-20.681,16.468,0.267,1.981,5.866,0.631,25.035
98.37,-20.681,16.468,0.267,1.981,5.866,0.631,25.035
98.39,-20.718,16.405,0.267,1.894,5.874,0.630,24.960
98.41,-20.718,16.405,0.267,1.894,5.874,0.630,24.960
98.43,-20.718,16.405,0.267,1.894,5.874,0.630,24.960
98.45,-20.745,16.333,0.265,1.831,5.882,0.631,24.894
98.47,-20.745,16.333,0.265,1.831,5.882,0.631,24.894
98.49,-20.754,16.280,0.265,1.772,5.890,0.632,24.823
98.51,-20.754,16.280,0.265,1.772,5.890,0.632,24.823
98.54,-20.768,16.230,0.264,1.705,5.901,0.634,24.749
98.56,-20.768,16.230,0.264,1.705,5.901,0.634,24.749
98.58,-20.766,16.175,0.263,1.646,5.911,0.636,24.667
98.60,-20.766,16.175,0.263,1.646,5.911,0.636,24.667
98.62,-20.765,16.141,0.262,1.581,5.924,0.640,24.588
98.64,-20.765,16.141,0.262,1.581,5.924,0.640,24.588
98.66,-20.782,16.119,0.260,1.514,5.938,0.645,24.527
98.68,-20.782,16.119,0.260,1.514,5.938,0.645,24.527
98.71,-20.816,16.115,0.259,1.455,5.952,0.650,24.497
98.73,-20.816,16.115,0.259,1.455,5.952,0.650,24.497
98.75,-20.862,16.114,0.259,1.390,5.968,0.657,24.473
98.77,-20.862,16.114,0.259,1.390,5.968,0.657,24.473
98.79,-20.956,16.110,0.258,1.322,5.986,0.664,24.488
98.81,-20.956,16.110,0.258,1.322,5.986,0.664,24.488
98.83,-21.032,16.101,0.257,1.264,6.003,0.672,24.494
98.85,-21.032,16.101,0.257,1.264,6.003,0.672,24.494
98.87,-21.118,16.099,0.257,1.170,6.032,0.686,24.475
98.89,-21.118,16.099,0.257,1.170,6.032,0.686,24.475
98.92,-21.118,16.099,0.257,1.170,6.032,0.686,24.475
98.94,-21.250,16.114,0.257,1.112,6.052,0.695,24.539
98.96,-21.250,16.114,0.257,1.112,6.052,0.695,24.539
98.98,-21.367,16.138,0.256,1.045,6.076,0.707,24.586
99.00,-21.367,16.138,0.256,1.045,6.076,0.707,24.586
99.02,-21.450,16.152,0.256,0.987,6.098,0.719,24.607
99.04,-21.450,16.152,0.256,0.987,6.098,0.719,24.607
99.06,-21.564,16.172,0.256,0.924,6.123,0.732,24.652
99.09,-21.564,16.172,0.256,0.924,6.123,0.732,24.652
99.11,-21.672,16.187,0.256,0.867,6.146,0.744,24.695
99.13,-21.672,16.187,0.256,0.867,6.146,0.744,24.695
99.15,-21.824,16.200,0.256,0.802,6.175,0.759,24.768
99.17,-21.824,16.200,0.256,0.802,6.175,0.759,24.768
99.19,-21.937,16.205,0.256,0.746,6.201,0.773,24.813
99.21,-21.937,16.205,0.256,0.746,6.201,0.773,24.813
99.23,-22.044,16.194,0.256,0.708,6.219,0.783,24.865
99.26,-22.044,16.194,0.256,0.708,6.219,0.783,24.865
99.28,-22.151,16.170,0.256,0.649,6.248,0.799,24.888
99.30,-22.151,16.170,0.256,0.649,6.248,0.799,24.888
99.32,-22.243,16.149,0.257,0.595,6.277,0.814,24.903
99.34,-22.243,16.149,0.257,0.595,6.277,0.814,24.903
99.36,-22.338,16.108,0.256,0.507,6.324,0.841,24.876
99.38,-22.338,16.108,0.256,0.507,6.324,0.841,24.876
99.40,-22.410,16.060,0.256,0.454,6.354,0.857,24.865
99.42,-22.410,16.060,0.256,0.454,6.354,0.857,24.865
99.44,-22.410,16.060,0.256,0.454,6.354,0.857,24.865
99.47,-22.502,15.995,0.256,0.398,6.386,0.876,24.859
99.49,-22.502,15.995,0.256,0.398,6.386,0.876,24.859
99.51,-22.533,15.963,0.255,0.339,6.421,0.895,24.809
99.53,-22.533,15.963,0.255,0.339,6.421,0.895,24.809
99.55,-22.575,15.900,0.255,0.289,6.450,0.912,24.767
99.57,-22.575,15.900,0.255,0.289,6.450,0.912,24.767
99.59,-22.586,15.842,0.255,0.240,6.480,0.930,24.699
99.61,-22.586,15.842,0.255,0.240,6.480,0.930,24.699
99.63,-22.589,15.795,0.254,0.190,6.510,0.947,24.628
99.66,-22.589,15.795,0.254,0.190,6.510,0.947,24.628
99.68,-22.593,15.731,0.253,0.139,6.542,0.966,24.549
99.70,-22.593,15.731,0.253,0.139,6.542,0.966,24.549
99.72,-22.598,15.686,0.252,0.085,6.575,0.985,24.476
99.74,-22.598,15.686,0.252,0.085,6.575,0.985,24.476
99.76,-22.595,15.613,0.252,0.039,6.603,1.002,24.393
99.78,-22.595,15.613,0.252,0.039,6.603,1.002,24.393
99.81,-22.591,15.553,0.251,-0.011,6.633,1.021,24.311
99.83,-22.591,15.553,0.251,-0.011,6.633,1.021,24.311
99.85,-22.568,15.499,0.251,-0.056,6.660,1.037,24.220
99.87,-22.568,15.499,0.251,-0.056,6.660,1.037,24.220
99.89,-22.507,15.439,0.251,-0.128,6.703,1.064,24.060
99.91,-22.507,15.439,0.251,-0.128,6.703,1.064,24.060
99.93,-22.507,15.439,0.251,-0.128,6.703,1.064,24.060
99.95,-22.383,15.383,0.251,-0.171,6.728,1.079,23.876
99.97,-22.383,15.383,0.251,-0.171,6.728,1.079,23.876
100.00,-22.297,15.363,0.251,-0.213,6.752,1.095,23.741