t,px,py,pz,ex,ey,ez,err
0.00,-0.063,-0.002,-0.044,6.949,-0.024,0.882,7.062
0.02,-0.063,-0.002,-0.044,6.951,-0.024,0.882,7.064
0.04,-0.063,-0.002,-0.044,6.951,-0.024,0.882,7.064
0.06,-0.063,-0.002,-0.044,6.985,-0.024,0.886,7.098
0.08,-0.063,-0.002,-0.044,6.985,-0.024,0.886,7.098
0.10,-0.063,-0.002,-0.044,7.024,-0.024,0.891,7.138
0.13,-0.063,-0.002,-0.044,7.024,-0.024,0.891,7.138
0.15,-0.064,-0.002,-0.044,7.068,-0.023,0.896,7.182
0.17,-0.064,-0.002,-0.044,7.068,-0.023,0.896,7.182
0.19,-0.064,-0.002,-0.044,7.109,-0.023,0.900,7.224
0.21,-0.064,-0.002,-0.044,7.109,-0.023,0.900,7.224
0.23,-0.064,-0.002,-0.043,7.149,-0.023,0.905,7.265
0.25,-0.064,-0.002,-0.043,7.149,-0.023,0.905,7.265
0.27,-0.064,-0.002,-0.043,7.190,-0.023,0.910,7.306
0.29,-0.064,-0.002,-0.043,7.190,-0.023,0.910,7.306
0.31,-0.064,-0.002,-0.043,7.233,-0.023,0.915,7.349
0.33,-0.064,-0.002,-0.043,7.233,-0.023,0.915,7.349
0.36,-0.064,-0.001,-0.043,7.272,-0.022,0.919,7.389
0.38,-0.064,-0.001,-0.043,7.272,-0.022,0.919,7.389
0.40,-0.064,-0.001,-0.042,7.316,-0.022,0.924,7.432
0.42,-0.064,-0.001,-0.042,7.316,-0.022,0.924,7.432
0.44,-0.064,-0.001,-0.042,7.357,-0.022,0.929,7.474
0.46,-0.064,-0.001,-0.042,7.357,-0.022,0.929,7.474
0.48,-0.063,-0.000,-0.042,7.398,-0.022,0.934,7.514
0.50,-0.063,-0.000,-0.042,7.398,-0.022,0.934,7.514
0.52,-0.063,0.000,-0.042,7.438,-0.022,0.938,7.554
0.54,-0.063,0.000,-0.042,7.438,-0.022,0.938,7.554
0.56,-0.063,0.000,-0.042,7.438,-0.022,0.938,7.554
0.58,-0.061,0.001,-0.041,7.500,-0.021,0.946,7.615
0.60,-0.061,0.001,-0.041,7.500,-0.021,0.946,7.615
0.63,-0.061,0.001,-0.041,7.539,-0.021,0.950,7.654
0.65,-0.061,0.001,-0.041,7.539,-0.021,0.950,7.654
0.67,-0.060,0.002,-0.041,7.582,-0.021,0.955,7.697
0.69,-0.060,0.002,-0.041,7.582,-0.021,0.955,7.697
0.71,-0.060,0.002,-0.042,7.623,-0.021,0.960,7.738
0.73,-0.060,0.002,-0.042,7.623,-0.021,0.960,7.738
0.75,-0.059,0.002,-0.042,7.663,-0.021,0.965,7.777
0.77,-0.059,0.002,-0.042,7.663,-0.021,0.965,7.777
0.79,-0.059,0.002,-0.042,7.703,-0.020,0.970,7.817
0.81,-0.059,0.002,-0.042,7.703,-0.020,0.970,7.817
0.83,-0.058,0.002,-0.043,7.744,-0.020,0.975,7.858
0.85,-0.058,0.002,-0.043,7.744,-0.020,0.975,7.858
0.87,-0.058,0.002,-0.043,7.785,-0.020,0.980,7.899
0.90,-0.058,0.002,-0.043,7.785,-0.020,0.980,7.899
0.92,-0.058,0.002,-0.044,7.828,-0.020,0.985,7.942
0.94,-0.058,0.002,-0.044,7.828,-0.020,0.985,7.942
0.96,-0.057,0.002,-0.044,7.869,-0.020,0.990,7.983
0.98,-0.057,0.002,-0.044,7.869,-0.020,0.990,7.983
1.00,-0.057,0.003,-0.045,7.909,-0.019,0.995,8.023
1.02,-0.057,0.003,-0.045,7.909,-0.019,0.995,8.023
1.04,-0.057,0.003,-0.045,7.950,-0.019,1.000,8.063
1.06,-0.057,0.003,-0.045,7.950,-0.019,1.000,8.063
1.08,-0.057,0.003,-0.045,7.950,-0.019,1.000,8.063
1.10,-0.056,0.003,-0.046,8.012,-0.019,1.008,8.126
1.12,-0.056,0.003,-0.046,8.012,-0.019,1.008,8.126
1.15,-0.056,0.003,-0.046,8.052,-0.019,1.013,8.165
1.17,-0.056,0.003,-0.046,8.052,-0.019,1.013,8.165
1.19,-0.055,0.003,-0.047,8.095,-0.019,1.018,8.208
1.21,-0.055,0.003,-0.047,8.095,-0.019,1.018,8.208
1.23,-0.055,0.004,-0.047,8.136,-0.018,1.023,8.249
1.25,-0.055,0.004,-0.047,8.136,-0.018,1.023,8.249
1.27,-0.054,0.004,-0.047,8.178,-0.018,1.028,8.291
1.29,-0.054,0.004,-0.047,8.178,-0.018,1.028,8.291
1.31,-0.054,0.004,-0.047,8.218,-0.018,1.033,8.330
1.33,-0.054,0.004,-0.047,8.218,-0.018,1.033,8.330
1.35,-0.053,0.004,-0.048,8.261,-0.018,1.039,8.373
1.37,-0.053,0.004,-0.048,8.261,-0.018,1.039,8.373
1.40,-0.053,0.004,-0.048,8.301,-0.018,1.044,8.414
1.42,-0.053,0.004,-0.048,8.301,-0.018,1.044,8.414
1.44,-0.053,0.005,-0.048,8.346,-0.017,1.049,8.458
1.46,-0.053,0.005,-0.048,8.346,-0.017,1.049,8.458
1.48,-0.053,0.006,-0.048,8.388,-0.017,1.055,8.501
1.50,-0.053,0.006,-0.048,8.388,-0.017,1.055,8.501
1.52,-0.053,0.006,-0.049,8.429,-0.017,1.060,8.542
1.54,-0.053,0.006,-0.049,8.429,-0.017,1.060,8.542
1.56,-0.053,0.006,-0.049,8.429,-0.017,1.060,8.542
1.58,-0.053,0.007,-0.049,8.493,-0.017,1.068,8.607
1.60,-0.053,0.007,-0.049,8.493,-0.017,1.068,8.607
1.63,-0.053,0.008,-0.050,8.534,-0.017,1.073,8.648
1.65,-0.053,0.008,-0.050,8.534,-0.017,1.073,8.648
1.67,-0.053,0.008,-0.050,8.579,-0.016,1.079,8.692
1.69,-0.053,0.008,-0.050,8.579,-0.016,1.079,8.692
1.71,-0.053,0.009,-0.050,8.621,-0.016,1.084,8.735
1.73,-0.053,0.009,-0.050,8.621,-0.016,1.084,8.735
1.75,-0.053,0.009,-0.050,8.663,-0.016,1.090,8.778
1.77,-0.053,0.009,-0.050,8.663,-0.016,1.090,8.778
1.79,-0.054,0.009,-0.051,8.704,-0.016,1.095,8.819
1.81,-0.054,0.009,-0.051,8.704,-0.016,1.095,8.819
1.83,-0.054,0.010,-0.051,8.745,-0.016,1.100,8.862
1.85,-0.054,0.010,-0.051,8.745,-0.016,1.100,8.862
1.88,-0.054,0.010,-0.051,8.788,-0.016,1.105,8.905
1.90,-0.054,0.010,-0.051,8.788,-0.016,1.105,8.905
1.92,-0.054,0.011,-0.052,8.832,-0.015,1.111,8.949
1.94,-0.054,0.011,-0.052,8.832,-0.015,1.111,8.949
1.96,-0.054,0.011,-0.052,8.874,-0.015,1.116,8.992
1.98,-0.054,0.011,-0.052,8.874,-0.015,1.116,8.992
2.00,-0.055,0.012,-0.052,8.916,-0.015,1.121,9.034
2.02,-0.055,0.012,-0.052,8.916,-0.015,1.121,9.034
2.04,-0.055,0.012,-0.052,8.956,-0.015,1.126,9.075
2.06,-0.055,0.012,-0.052,8.956,-0.015,1.126,9.075
2.08,-0.055,0.012,-0.052,8.956,-0.015,1.126,9.075
2.10,-0.056,0.013,-0.052,9.019,-0.014,1.134,9.139
2.13,-0.056,0.013,-0.052,9.019,-0.014,1.134,9.139
2.15,-0.056,0.013,-0.052,9.059,-0.014,1.139,9.179
2.17,-0.056,0.013,-0.052,9.059,-0.014,1.139,9.179
2.19,-0.057,0.013,-0.052,9.105,-0.014,1.145,9.226
2.21,-0.057,0.013,-0.052,9.105,-0.014,1.145,9.226
2.23,-0.057,0.013,-0.052,9.144,-0.014,1.150,9.266
2.25,-0.057,0.013,-0.052,9.144,-0.014,1.150,9.266
2.27,-0.057,0.013,-0.052,9.184,-0.014,1.155,9.308
2.29,-0.057,0.013,-0.052,9.184,-0.014,1.155,9.308
2.31,-0.058,0.014,-0.051,9.224,-0.014,1.160,9.348
2.33,-0.058,0.014,-0.051,9.224,-0.014,1.160,9.348
2.35,-0.059,0.014,-0.051,9.265,-0.013,1.165,9.390
2.37,-0.059,0.014,-0.051,9.265,-0.013,1.165,9.390
2.40,-0.059,0.014,-0.051,9.304,-0.013,1.169,9.430
2.42,-0.059,0.014,-0.051,9.304,-0.013,1.169,9.430
2.44,-0.060,0.014,-0.051,9.346,-0.013,1.175,9.473
2.46,-0.060,0.014,-0.051,9.346,-0.013,1.175,9.473
2.48,-0.061,0.015,-0.050,9.386,-0.013,1.179,9.514
2.50,-0.061,0.015,-0.050,9.386,-0.013,1.179,9.514
2.52,-0.061,0.015,-0.049,9.425,-0.013,1.184,9.554
2.54,-0.061,0.015,-0.049,9.425,-0.013,1.184,9.554
2.56,-0.061,0.015,-0.049,9.425,-0.013,1.184,9.554
2.58,-0.062,0.015,-0.049,9.483,-0.012,1.191,9.614
2.60,-0.062,0.015,-0.049,9.483,-0.012,1.191,9.614
2.62,-0.063,0.015,-0.048,9.522,-0.012,1.196,9.654
2.64,-0.063,0.015,-0.048,9.522,-0.012,1.196,9.654
2.67,-0.064,0.015,-0.047,9.560,-0.012,1.200,9.692
2.69,-0.064,0.015,-0.047,9.560,-0.012,1.200,9.692
2.71,-0.064,0.015,-0.046,9.600,-0.012,1.205,9.734
2.73,-0.064,0.015,-0.046,9.600,-0.012,1.205,9.734
2.75,-0.065,0.015,-0.046,9.639,-0.012,1.210,9.774
2.77,-0.065,0.015,-0.046,9.639,-0.012,1.210,9.774
2.79,-0.065,0.015,-0.045,9.678,-0.012,1.215,9.813
2.81,-0.065,0.015,-0.045,9.678,-0.012,1.215,9.813
2.83,-0.066,0.014,-0.044,9.715,-0.011,1.219,9.851
2.85,-0.066,0.014,-0.044,9.715,-0.011,1.219,9.851
2.87,-0.067,0.014,-0.044,9.755,-0.011,1.224,9.893
2.89,-0.067,0.014,-0.044,9.755,-0.011,1.224,9.893
2.91,-0.068,0.014,-0.044,9.793,-0.011,1.229,9.932
2.94,-0.068,0.014,-0.044,9.793,-0.011,1.229,9.932
2.96,-0.069,0.015,-0.044,9.834,-0.011,1.233,9.974
2.98,-0.069,0.015,-0.044,9.834,-0.011,1.233,9.974
3.00,-0.069,0.017,-0.045,9.875,-0.011,1.238,10.016
3.02,-0.069,0.017,-0.045,9.875,-0.011,1.238,10.016
3.04,-0.069,0.018,-0.046,9.914,-0.011,1.243,10.055
3.06,-0.069,0.018,-0.046,9.914,-0.011,1.243,10.055
3.08,-0.069,0.018,-0.046,9.914,-0.011,1.243,10.055
3.10,-0.067,0.023,-0.051,9.974,-0.010,1.250,10.112
3.12,-0.067,0.023,-0.051,9.974,-0.010,1.250,10.112
3.14,-0.063,0.026,-0.055,10.017,-0.010,1.256,10.152
3.16,-0.063,0.026,-0.055,10.017,-0.010,1.256,10.152
3.18,-0.059,0.030,-0.059,10.058,-0.010,1.261,10.188
3.21,-0.059,0.030,-0.059,10.058,-0.010,1.261,10.188
3.23,-0.052,0.034,-0.065,10.057,-0.010,1.261,10.179
3.25,-0.052,0.034,-0.065,10.057,-0.010,1.261,10.179
3.27,-0.042,0.039,-0.072,10.101,-0.010,1.266,10.213
3.29,-0.042,0.039,-0.072,10.101,-0.010,1.266,10.213
3.31,-0.029,0.045,-0.079,10.142,-0.010,1.271,10.241
3.33,-0.029,0.045,-0.079,10.142,-0.010,1.271,10.241
3.35,-0.013,0.050,-0.086,10.184,-0.009,1.276,10.267
3.37,-0.013,0.050,-0.086,10.184,-0.009,1.276,10.267
3.39,0.012,0.058,-0.093,10.227,-0.009,1.281,10.283
3.41,0.012,0.058,-0.093,10.227,-0.009,1.281,10.283
3.43,0.040,0.064,-0.097,10.270,-0.009,1.287,10.299
3.45,0.040,0.064,-0.097,10.270,-0.009,1.287,10.299
3.47,0.074,0.070,-0.099,10.311,-0.009,1.292,10.307
3.50,0.074,0.070,-0.099,10.311,-0.009,1.292,10.307
3.52,0.114,0.076,-0.100,10.356,-0.008,1.297,10.311
3.54,0.114,0.076,-0.100,10.356,-0.008,1.297,10.311
3.56,0.162,0.080,-0.101,10.398,-0.008,1.302,10.307
3.58,0.162,0.080,-0.101,10.398,-0.008,1.302,10.307
3.60,0.162,0.080,-0.101,10.398,-0.008,1.302,10.307
3.62,0.266,0.083,-0.100,10.459,-0.008,1.310,10.265
3.64,0.266,0.083,-0.100,10.459,-0.008,1.310,10.265
3.66,0.334,0.082,-0.099,10.499,-0.008,1.315,10.238
3.68,0.334,0.082,-0.099,10.499,-0.008,1.315,10.238
3.70,0.409,0.077,-0.098,10.539,-0.008,1.320,10.204
3.73,0.409,0.077,-0.098,10.539,-0.008,1.320,10.204
3.75,0.489,0.070,-0.097,10.580,-0.007,1.325,10.165
3.77,0.489,0.070,-0.097,10.580,-0.007,1.325,10.165
3.79,0.575,0.059,-0.094,10.619,-0.007,1.330,10.120
3.81,0.575,0.059,-0.094,10.619,-0.007,1.330,10.120
3.83,0.665,0.044,-0.091,10.655,-0.007,1.334,10.067
3.85,0.665,0.044,-0.091,10.655,-0.007,1.334,10.067
3.87,0.759,0.027,-0.087,10.691,-0.007,1.339,10.011
3.89,0.759,0.027,-0.087,10.691,-0.007,1.339,10.011
3.91,0.873,0.003,-0.083,10.726,-0.007,1.343,9.933
3.93,0.873,0.003,-0.083,10.726,-0.007,1.343,9.933
3.95,0.971,-0.017,-0.078,10.761,-0.006,1.347,9.872
3.97,0.971,-0.017,-0.078,10.761,-0.006,1.347,9.872
4.00,1.072,-0.036,-0.070,10.794,-0.006,1.351,9.806
4.02,1.072,-0.036,-0.070,10.794,-0.006,1.351,9.806
4.04,1.173,-0.054,-0.055,10.828,-0.006,1.355,9.742
4.06,1.173,-0.054,-0.055,10.828,-0.006,1.355,9.742
4.08,1.173,-0.054,-0.055,10.828,-0.006,1.355,9.742
4.10,1.254,-0.117,-0.122,10.874,-0.006,1.361,9.700
4.12,1.254,-0.117,-0.122,10.874,-0.006,1.361,9.700
4.14,1.325,-0.196,-0.197,10.903,-0.006,1.365,9.651
4.16,1.325,-0.196,-0.197,10.903,-0.006,1.365,9.651
4.18,1.366,-0.255,-0.248,10.931,-0.006,1.368,9.633
4.20,1.366,-0.255,-0.248,10.931,-0.006,1.368,9.633
4.22,1.405,-0.308,-0.290,10.924,-0.006,1.368,9.585
4.25,1.405,-0.308,-0.290,10.924,-0.006,1.368,9.585
4.27,1.446,-0.351,-0.317,10.949,-0.006,1.371,9.568
4.29,1.446,-0.351,-0.317,10.949,-0.006,1.371,9.568
4.31,1.491,-0.380,-0.331,10.977,-0.005,1.374,9.550
4.33,1.491,-0.380,-0.331,10.977,-0.005,1.374,9.550
4.35,1.544,-0.395,-0.334,11.000,-0.005,1.377,9.521
4.37,1.544,-0.395,-0.334,11.000,-0.005,1.377,9.521
4.39,1.605,-0.394,-0.328,11.021,-0.005,1.379,9.482
4.41,1.605,-0.394,-0.328,11.021,-0.005,1.379,9.482
4.43,1.689,-0.375,-0.315,11.042,-0.005,1.382,9.421
4.45,1.689,-0.375,-0.315,11.042,-0.005,1.382,9.421
4.47,1.764,-0.347,-0.301,11.061,-0.005,1.385,9.366
4.49,1.764,-0.347,-0.301,11.061,-0.005,1.385,9.366
4.52,1.841,-0.311,-0.285,11.075,-0.005,1.387,9.304
4.54,1.841,-0.311,-0.285,11.075,-0.005,1.387,9.304
4.56,1.918,-0.270,-0.268,11.084,-0.005,1.389,9.238
4.58,1.918,-0.270,-0.268,11.084,-0.005,1.389,9.238
4.60,1.918,-0.270,-0.268,11.084,-0.005,1.389,9.238
4.62,2.021,-0.207,-0.243,11.085,-0.005,1.392,9.139
4.64,2.021,-0.207,-0.243,11.085,-0.005,1.392,9.139
4.66,2.116,-0.141,-0.217,11.076,-0.005,1.394,9.039
4.68,2.116,-0.141,-0.217,11.076,-0.005,1.394,9.039
4.70,2.179,-0.096,-0.196,11.061,-0.004,1.396,8.963
4.72,2.179,-0.096,-0.196,11.061,-0.004,1.396,8.963
4.74,2.238,-0.053,-0.175,11.038,-0.004,1.398,8.885
4.76,2.238,-0.053,-0.175,11.038,-0.004,1.398,8.885
4.79,2.294,-0.015,-0.155,11.010,-0.004,1.399,8.804
4.81,2.294,-0.015,-0.155,11.010,-0.004,1.399,8.804
4.83,2.351,0.018,-0.135,10.971,-0.004,1.401,8.713
4.85,2.351,0.018,-0.135,10.971,-0.004,1.401,8.713
4.87,2.409,0.044,-0.116,10.929,-0.004,1.402,8.617
4.89,2.409,0.044,-0.116,10.929,-0.004,1.402,8.617
4.91,2.470,0.063,-0.097,10.881,-0.004,1.404,8.512
4.93,2.470,0.063,-0.097,10.881,-0.004,1.404,8.512
4.95,2.547,0.079,-0.084,10.830,-0.004,1.405,8.388
4.97,2.547,0.079,-0.084,10.830,-0.004,1.405,8.388
4.99,2.613,0.088,-0.080,10.771,-0.004,1.406,8.265
5.01,2.613,0.088,-0.080,10.771,-0.004,1.406,8.265
5.04,2.687,0.092,-0.074,10.712,-0.004,1.407,8.136
5.06,2.687,0.092,-0.074,10.712,-0.004,1.407,8.136
5.08,2.769,0.091,-0.069,10.647,-0.004,1.408,7.991
5.10,2.769,0.091,-0.069,10.647,-0.004,1.408,7.991
5.12,2.769,0.091,-0.069,10.647,-0.004,1.408,7.991
5.14,2.898,0.079,-0.068,10.553,-0.004,1.409,7.773
5.16,2.898,0.079,-0.068,10.553,-0.004,1.409,7.773
5.18,3.043,0.059,-0.080,10.491,-0.004,1.409,7.566
5.20,3.043,0.059,-0.080,10.491,-0.004,1.409,7.566
5.22,3.155,0.043,-0.095,10.428,-0.004,1.410,7.391
5.24,3.155,0.043,-0.095,10.428,-0.004,1.410,7.391
5.26,3.272,0.026,-0.115,10.365,-0.004,1.410,7.210
5.28,3.272,0.026,-0.115,10.365,-0.004,1.410,7.210
5.31,3.393,0.011,-0.139,10.304,-0.004,1.410,7.027
5.33,3.393,0.011,-0.139,10.304,-0.004,1.410,7.027
5.35,3.516,-0.002,-0.166,10.238,-0.004,1.411,6.836
5.37,3.516,-0.002,-0.166,10.238,-0.004,1.411,6.836
5.39,3.641,-0.013,-0.197,10.174,-0.004,1.411,6.644
5.41,3.641,-0.013,-0.197,10.174,-0.004,1.411,6.644
5.43,3.768,-0.020,-0.231,10.113,-0.004,1.411,6.454
5.45,3.768,-0.020,-0.231,10.113,-0.004,1.411,6.454
5.47,3.921,-0.026,-0.275,10.051,-0.004,1.411,6.234
5.49,3.921,-0.026,-0.275,10.051,-0.004,1.411,6.234
5.51,4.048,-0.028,-0.314,9.987,-0.004,1.411,6.040
5.54,4.048,-0.028,-0.314,9.987,-0.004,1.411,6.040
5.56,4.173,-0.028,-0.354,9.927,-0.004,1.411,5.850
5.58,4.173,-0.028,-0.354,9.927,-0.004,1.411,5.850
5.60,4.173,-0.028,-0.354,9.927,-0.004,1.411,5.850
5.62,4.346,-0.025,-0.410,9.829,-0.004,1.410,5.573
5.64,4.346,-0.025,-0.410,9.829,-0.004,1.410,5.573
5.66,4.514,-0.019,-0.465,9.769,-0.004,1.410,5.339
5.68,4.514,-0.019,-0.465,9.769,-0.004,1.410,5.339
5.70,4.631,-0.014,-0.503,9.709,-0.004,1.410,5.158
5.72,4.631,-0.014,-0.503,9.709,-0.004,1.410,5.158
5.74,4.744,-0.008,-0.540,9.646,-0.004,1.409,4.978
5.76,4.744,-0.008,-0.540,9.646,-0.004,1.409,4.978
5.79,4.854,-0.000,-0.575,9.587,-0.004,1.409,4.806
5.81,4.854,-0.000,-0.575,9.587,-0.004,1.409,4.806
5.83,4.959,0.008,-0.609,9.524,-0.004,1.408,4.634
5.85,4.959,0.008,-0.609,9.524,-0.004,1.408,4.634
5.87,5.061,0.017,-0.643,9.463,-0.004,1.407,4.468
5.89,5.061,0.017,-0.643,9.463,-0.004,1.407,4.468
5.91,5.158,0.026,-0.675,9.405,-0.004,1.407,4.310
5.93,5.158,0.026,-0.675,9.405,-0.004,1.407,4.310
5.95,5.250,0.036,-0.706,9.346,-0.004,1.406,4.155
5.97,5.250,0.036,-0.706,9.346,-0.004,1.406,4.155
5.99,5.354,0.048,-0.742,9.286,-0.004,1.405,3.988
6.01,5.354,0.048,-0.742,9.286,-0.004,1.405,3.988
6.03,5.435,0.058,-0.772,9.225,-0.004,1.404,3.843
6.06,5.435,0.058,-0.772,9.225,-0.004,1.404,3.843
6.08,5.512,0.067,-0.801,9.162,-0.004,1.403,3.700
6.10,5.512,0.067,-0.801,9.162,-0.004,1.403,3.700
6.12,5.512,0.067,-0.801,9.162,-0.004,1.403,3.700
6.14,5.610,0.079,-0.839,9.071,-0.004,1.402,3.507
6.16,5.610,0.079,-0.839,9.071,-0.004,1.402,3.507
6.18,5.700,0.091,-0.874,9.011,-0.004,1.400,3.354
6.20,5.700,0.091,-0.874,9.011,-0.004,1.400,3.354
6.22,5.758,0.098,-0.898,8.950,-0.004,1.399,3.232
6.24,5.758,0.098,-0.898,8.950,-0.004,1.399,3.232
6.26,5.812,0.103,-0.920,8.888,-0.004,1.398,3.114
6.28,5.812,0.103,-0.920,8.888,-0.004,1.398,3.114
6.31,5.862,0.108,-0.940,8.828,-0.004,1.397,3.003
6.33,5.862,0.108,-0.940,8.828,-0.004,1.397,3.003
6.35,5.907,0.111,-0.960,8.763,-0.004,1.396,2.891
6.37,5.907,0.111,-0.960,8.763,-0.004,1.396,2.891
6.39,5.948,0.113,-0.978,8.700,-0.004,1.394,2.785
6.41,5.948,0.113,-0.978,8.700,-0.004,1.394,2.785
6.43,5.985,0.114,-0.995,8.642,-0.004,1.393,2.688
6.45,5.985,0.114,-0.995,8.642,-0.004,1.393,2.688
6.47,6.025,0.114,-1.013,8.579,-0.004,1.392,2.585
6.49,6.025,0.114,-1.013,8.579,-0.004,1.392,2.585
6.51,6.053,0.113,-1.027,8.516,-0.004,1.390,2.493
6.53,6.053,0.113,-1.027,8.516,-0.004,1.390,2.493
6.56,6.077,0.111,-1.038,8.455,-0.004,1.389,2.407
6.58,6.077,0.111,-1.038,8.455,-0.004,1.389,2.407
6.60,6.077,0.111,-1.038,8.455,-0.004,1.389,2.407
6.62,6.103,0.108,-1.051,8.356,-0.004,1.387,2.280
6.64,6.103,0.108,-1.051,8.356,-0.004,1.387,2.280
6.66,6.118,0.105,-1.058,8.295,-0.004,1.385,2.204
6.68,6.118,0.105,-1.058,8.295,-0.004,1.385,2.204
6.70,6.132,0.101,-1.066,8.233,-0.004,1.384,2.128
6.72,6.132,0.101,-1.066,8.233,-0.004,1.384,2.128
6.74,6.137,0.098,-1.070,8.170,-0.005,1.382,2.060
6.76,6.137,0.098,-1.070,8.170,-0.005,1.382,2.060
6.78,6.138,0.096,-1.073,8.107,-0.005,1.381,1.996
6.80,6.138,0.096,-1.073,8.107,-0.005,1.381,1.996
6.83,6.135,0.094,-1.075,8.046,-0.005,1.379,1.937
6.85,6.135,0.094,-1.075,8.046,-0.005,1.379,1.937
6.87,6.129,0.093,-1.076,7.977,-0.005,1.377,1.875
6.89,6.129,0.093,-1.076,7.977,-0.005,1.377,1.875
6.91,6.119,0.092,-1.077,7.915,-0.005,1.376,1.824
6.93,6.119,0.092,-1.077,7.915,-0.005,1.376,1.824
6.95,6.105,0.092,-1.077,7.853,-0.005,1.374,1.776
6.97,6.105,0.092,-1.077,7.853,-0.005,1.374,1.776
6.99,6.085,0.093,-1.077,7.791,-0.005,1.373,1.734
7.01,6.085,0.093,-1.077,7.791,-0.005,1.373,1.734
7.03,6.064,0.095,-1.077,7.727,-0.005,1.371,1.691
7.06,6.064,0.095,-1.077,7.727,-0.005,1.371,1.691
7.08,6.041,0.097,-1.076,7.661,-0.005,1.369,1.649
7.10,6.041,0.097,-1.076,7.661,-0.005,1.369,1.649
7.12,6.041,0.097,-1.076,7.661,-0.005,1.369,1.649
7.14,6.003,0.102,-1.076,7.567,-0.005,1.366,1.594
7.16,6.003,0.102,-1.076,7.567,-0.005,1.366,1.594
7.18,5.960,0.109,-1.075,7.504,-0.005,1.365,1.575
7.20,5.960,0.109,-1.075,7.504,-0.005,1.365,1.575
7.22,5.926,0.114,-1.074,7.443,-0.005,1.363,1.549
7.24,5.926,0.114,-1.074,7.443,-0.005,1.363,1.549
7.26,5.891,0.120,-1.074,7.378,-0.005,1.361,1.520
7.28,5.891,0.120,-1.074,7.378,-0.005,1.361,1.520
7.31,5.853,0.127,-1.073,7.317,-0.005,1.360,1.498
7.33,5.853,0.127,-1.073,7.317,-0.005,1.360,1.498
7.35,5.813,0.135,-1.073,7.248,-0.005,1.358,1.469
7.37,5.813,0.135,-1.073,7.248,-0.005,1.358,1.469
7.39,5.772,0.143,-1.073,7.187,-0.005,1.356,1.451
7.41,5.772,0.143,-1.073,7.187,-0.005,1.356,1.451
7.43,5.729,0.151,-1.073,7.127,-0.005,1.354,1.434
7.45,5.729,0.151,-1.073,7.127,-0.005,1.354,1.434
7.47,5.675,0.161,-1.074,7.064,-0.006,1.352,1.426
7.49,5.675,0.161,-1.074,7.064,-0.006,1.352,1.426
7.51,5.630,0.170,-1.074,7.001,-0.006,1.351,1.410
7.53,5.630,0.170,-1.074,7.001,-0.006,1.351,1.410
7.56,5.583,0.180,-1.074,6.940,-0.006,1.349,1.397
7.58,5.583,0.180,-1.074,6.940,-0.006,1.349,1.397
7.60,5.535,0.189,-1.075,6.871,-0.006,1.347,1.377
7.62,5.535,0.189,-1.075,6.871,-0.006,1.347,1.377
7.64,5.535,0.189,-1.075,6.871,-0.006,1.347,1.377
7.66,5.446,0.205,-1.077,6.780,-0.006,1.344,1.376
7.68,5.446,0.205,-1.077,6.780,-0.006,1.344,1.376
7.70,5.396,0.213,-1.078,6.718,-0.006,1.342,1.366
7.72,5.396,0.213,-1.078,6.718,-0.006,1.342,1.366
7.74,5.346,0.221,-1.079,6.656,-0.006,1.341,1.355
7.76,5.346,0.221,-1.079,6.656,-0.006,1.341,1.355
7.78,5.295,0.228,-1.080,6.593,-0.006,1.339,1.344
7.80,5.295,0.228,-1.080,6.593,-0.006,1.339,1.344
7.83,5.243,0.235,-1.082,6.533,-0.006,1.337,1.337
7.85,5.243,0.235,-1.082,6.533,-0.006,1.337,1.337
7.87,5.191,0.241,-1.083,6.467,-0.006,1.335,1.324
7.89,5.191,0.241,-1.083,6.467,-0.006,1.335,1.324
7.91,5.139,0.247,-1.085,6.405,-0.006,1.333,1.314
7.93,5.139,0.247,-1.085,6.405,-0.006,1.333,1.314
7.95,5.086,0.251,-1.086,6.343,-0.006,1.332,1.306
7.97,5.086,0.251,-1.086,6.343,-0.006,1.332,1.306
7.99,5.022,0.256,-1.088,6.283,-0.006,1.330,1.311
8.01,5.022,0.256,-1.088,6.283,-0.006,1.330,1.311
8.03,4.968,0.259,-1.090,6.218,-0.006,1.328,1.300
8.05,4.968,0.259,-1.090,6.218,-0.006,1.328,1.300
8.07,4.914,0.262,-1.092,6.158,-0.006,1.326,1.294
8.10,4.914,0.262,-1.092,6.158,-0.006,1.326,1.294
8.12,4.914,0.262,-1.092,6.158,-0.006,1.326,1.294
8.14,4.837,0.264,-1.094,6.062,-0.007,1.324,1.275
8.16,4.837,0.264,-1.094,6.062,-0.007,1.324,1.275
8.18,4.782,0.265,-1.096,5.999,-0.007,1.322,1.267
8.20,4.782,0.265,-1.096,5.999,-0.007,1.322,1.267
8.22,4.706,0.265,-1.098,5.937,-0.007,1.320,1.281
8.24,4.706,0.265,-1.098,5.937,-0.007,1.320,1.281
8.26,4.651,0.265,-1.100,5.875,-0.007,1.319,1.273
8.28,4.651,0.265,-1.100,5.875,-0.007,1.319,1.273
8.30,4.595,0.264,-1.102,5.812,-0.007,1.317,1.265
8.32,4.595,0.264,-1.102,5.812,-0.007,1.317,1.265
8.35,4.540,0.262,-1.104,5.751,-0.007,1.315,1.258
8.37,4.540,0.262,-1.104,5.751,-0.007,1.315,1.258
8.39,4.485,0.260,-1.106,5.685,-0.007,1.313,1.247
8.41,4.485,0.260,-1.106,5.685,-0.007,1.313,1.247
8.43,4.430,0.257,-1.108,5.622,-0.007,1.312,1.238
8.45,4.430,0.257,-1.108,5.622,-0.007,1.312,1.238
8.47,4.375,0.253,-1.110,5.561,-0.007,1.310,1.231
8.49,4.375,0.253,-1.110,5.561,-0.007,1.310,1.231
8.51,4.320,0.249,-1.111,5.501,-0.007,1.309,1.225
8.53,4.320,0.249,-1.111,5.501,-0.007,1.309,1.225
8.55,4.254,0.244,-1.113,5.436,-0.007,1.307,1.224
8.57,4.254,0.244,-1.113,5.436,-0.007,1.307,1.224
8.60,4.198,0.239,-1.115,5.376,-0.007,1.305,1.218
8.62,4.198,0.239,-1.115,5.376,-0.007,1.305,1.218
8.64,4.198,0.239,-1.115,5.376,-0.007,1.305,1.218
8.66,4.121,0.230,-1.117,5.280,-0.007,1.303,1.198
8.68,4.121,0.230,-1.117,5.280,-0.007,1.303,1.198
8.70,4.065,0.224,-1.118,5.218,-0.007,1.302,1.190
8.72,4.065,0.224,-1.118,5.218,-0.007,1.302,1.190
8.74,3.988,0.215,-1.120,5.157,-0.007,1.300,1.204
8.76,3.988,0.215,-1.120,5.157,-0.007,1.300,1.204
8.78,3.932,0.208,-1.122,5.096,-0.007,1.299,1.197
8.80,3.932,0.208,-1.122,5.096,-0.007,1.299,1.197
8.82,3.877,0.201,-1.123,5.035,-0.008,1.297,1.189
8.84,3.877,0.201,-1.123,5.035,-0.008,1.297,1.189
8.87,3.822,0.193,-1.125,4.977,-0.008,1.296,1.184
8.89,3.822,0.193,-1.125,4.977,-0.008,1.296,1.184
8.91,3.767,0.185,-1.127,4.911,-0.008,1.294,1.172
8.93,3.767,0.185,-1.127,4.911,-0.008,1.294,1.172
8.95,3.712,0.177,-1.128,4.853,-0.008,1.293,1.167
8.97,3.712,0.177,-1.128,4.853,-0.008,1.293,1.167
8.99,3.658,0.169,-1.130,4.793,-0.008,1.291,1.161
9.01,3.658,0.169,-1.130,4.793,-0.008,1.291,1.161
9.03,3.592,0.159,-1.131,4.736,-0.008,1.290,1.166
9.05,3.592,0.159,-1.131,4.736,-0.008,1.290,1.166
9.07,3.538,0.150,-1.133,4.674,-0.008,1.289,1.157
9.09,3.538,0.150,-1.133,4.674,-0.008,1.289,1.157
9.11,3.538,0.150,-1.133,4.674,-0.008,1.289,1.157
9.14,3.463,0.138,-1.135,4.588,-0.008,1.287,1.144
9.16,3.463,0.138,-1.135,4.588,-0.008,1.287,1.144
9.18,3.410,0.129,-1.136,4.523,-0.008,1.285,1.131
9.20,3.410,0.129,-1.136,4.523,-0.008,1.285,1.131
9.22,3.357,0.120,-1.137,4.465,-0.008,1.284,1.125
9.24,3.357,0.120,-1.137,4.465,-0.008,1.284,1.125
9.26,3.283,0.107,-1.138,4.406,-0.008,1.283,1.138
9.28,3.283,0.107,-1.138,4.406,-0.008,1.283,1.138
9.30,3.230,0.098,-1.139,4.347,-0.008,1.282,1.131
9.32,3.230,0.098,-1.139,4.347,-0.008,1.282,1.131
9.34,3.178,0.089,-1.140,4.285,-0.008,1.281,1.120
9.36,3.178,0.089,-1.140,4.285,-0.008,1.281,1.120
9.39,3.126,0.080,-1.141,4.226,-0.008,1.279,1.113
9.41,3.126,0.080,-1.141,4.226,-0.008,1.279,1.113
9.43,3.074,0.070,-1.141,4.162,-0.008,1.278,1.100
9.45,3.074,0.070,-1.141,4.162,-0.008,1.278,1.100
9.47,3.022,0.061,-1.142,4.156,-0.008,1.278,1.144
9.49,3.022,0.061,-1.142,4.156,-0.008,1.278,1.144
9.51,2.971,0.052,-1.143,4.097,-0.008,1.277,1.136
9.53,2.971,0.052,-1.143,4.097,-0.008,1.277,1.136
9.55,2.920,0.043,-1.143,4.037,-0.008,1.276,1.127
9.57,2.920,0.043,-1.143,4.037,-0.008,1.276,1.127
9.59,2.858,0.032,-1.144,3.974,-0.008,1.275,1.124
9.61,2.858,0.032,-1.144,3.974,-0.008,1.275,1.124
9.63,2.858,0.032,-1.144,3.974,-0.008,1.275,1.124
9.66,2.787,0.020,-1.145,3.887,-0.008,1.274,1.108
9.68,2.787,0.020,-1.145,3.887,-0.008,1.274,1.108
9.70,2.736,0.011,-1.146,3.824,-0.008,1.273,1.095
9.72,2.736,0.011,-1.146,3.824,-0.008,1.273,1.095
9.74,2.686,0.003,-1.147,3.765,-0.008,1.272,1.086
9.76,2.686,0.003,-1.147,3.765,-0.008,1.272,1.086
9.78,2.614,-0.009,-1.149,3.707,-0.008,1.271,1.099
9.80,2.614,-0.009,-1.149,3.707,-0.008,1.271,1.099
9.82,2.564,-0.017,-1.150,3.649,-0.009,1.270,1.093
9.84,2.564,-0.017,-1.150,3.649,-0.009,1.270,1.093
9.86,2.513,-0.025,-1.151,3.593,-0.009,1.269,1.087
9.88,2.513,-0.025,-1.151,3.593,-0.009,1.269,1.087
9.90,2.462,-0.033,-1.152,3.539,-0.009,1.269,1.084
9.93,2.462,-0.033,-1.152,3.539,-0.009,1.269,1.084
9.95,2.411,-0.041,-1.153,3.482,-0.009,1.268,1.078
9.97,2.411,-0.041,-1.153,3.482,-0.009,1.268,1.078
9.99,2.360,-0.049,-1.154,3.429,-0.009,1.267,1.076
10.01,2.360,-0.049,-1.154,3.429,-0.009,1.267,1.076
10.03,2.310,-0.056,-1.155,3.379,-0.009,1.267,1.076
10.05,2.310,-0.056,-1.155,3.379,-0.009,1.267,1.076
10.07,2.260,-0.063,-1.156,3.330,-0.009,1.266,1.077
10.09,2.260,-0.063,-1.156,3.330,-0.009,1.266,1.077
10.11,2.200,-0.071,-1.158,3.279,-0.009,1.265,1.085
10.13,2.200,-0.071,-1.158,3.279,-0.009,1.265,1.085
10.15,2.200,-0.071,-1.158,3.279,-0.009,1.265,1.085
10.18,2.132,-0.081,-1.159,3.210,-0.009,1.264,1.085
10.20,2.132,-0.081,-1.159,3.210,-0.009,1.264,1.085
10.22,2.084,-0.087,-1.161,3.161,-0.009,1.264,1.085
10.24,2.084,-0.087,-1.161,3.161,-0.009,1.264,1.085
10.26,2.036,-0.094,-1.162,3.116,-0.009,1.263,1.088
10.28,2.036,-0.094,-1.162,3.116,-0.009,1.263,1.088
10.30,1.989,-0.101,-1.163,3.073,-0.009,1.263,1.093
10.32,1.989,-0.101,-1.163,3.073,-0.009,1.263,1.093
10.34,1.925,-0.110,-1.165,3.032,-0.009,1.263,1.116
10.36,1.925,-0.110,-1.165,3.032,-0.009,1.263,1.116
10.38,1.880,-0.116,-1.166,2.991,-0.009,1.262,1.120
10.40,1.880,-0.116,-1.166,2.991,-0.009,1.262,1.120
10.42,1.836,-0.122,-1.168,2.950,-0.009,1.262,1.124
10.44,1.836,-0.122,-1.168,2.950,-0.009,1.262,1.124
10.47,1.794,-0.128,-1.170,2.912,-0.009,1.261,1.129
10.49,1.794,-0.128,-1.170,2.912,-0.009,1.261,1.129
10.51,1.752,-0.135,-1.171,2.857,-0.009,1.261,1.115
10.53,1.752,-0.135,-1.171,2.857,-0.009,1.261,1.115
10.55,1.712,-0.141,-1.173,2.819,-0.009,1.261,1.118
10.57,1.712,-0.141,-1.173,2.819,-0.009,1.261,1.118
10.59,1.674,-0.146,-1.174,2.782,-0.009,1.260,1.121
10.61,1.674,-0.146,-1.174,2.782,-0.009,1.260,1.121
10.63,1.674,-0.146,-1.174,2.782,-0.009,1.260,1.121
10.65,1.614,-0.155,-1.177,2.729,-0.009,1.260,1.127
10.67,1.614,-0.155,-1.177,2.729,-0.009,1.260,1.127
10.70,1.579,-0.161,-1.178,2.693,-0.009,1.260,1.127
10.72,1.579,-0.161,-1.178,2.693,-0.009,1.260,1.127
10.74,1.545,-0.166,-1.179,2.656,-0.009,1.260,1.124
10.76,1.545,-0.166,-1.179,2.656,-0.009,1.260,1.124
10.78,1.513,-0.171,-1.181,2.620,-0.009,1.259,1.121
10.80,1.513,-0.171,-1.181,2.620,-0.009,1.259,1.121
10.82,1.469,-0.178,-1.182,2.585,-0.009,1.259,1.131
10.84,1.469,-0.178,-1.182,2.585,-0.009,1.259,1.131
10.86,1.440,-0.183,-1.184,2.549,-0.009,1.259,1.125
10.88,1.440,-0.183,-1.184,2.549,-0.009,1.259,1.125
10.90,1.412,-0.187,-1.185,2.513,-0.009,1.259,1.118
10.92,1.412,-0.187,-1.185,2.513,-0.009,1.259,1.118
10.95,1.385,-0.191,-1.186,2.478,-0.009,1.259,1.110
10.97,1.385,-0.191,-1.186,2.478,-0.009,1.259,1.110
10.99,1.359,-0.194,-1.187,2.438,-0.009,1.259,1.097
11.01,1.359,-0.194,-1.187,2.438,-0.009,1.259,1.097
11.03,1.334,-0.197,-1.188,2.401,-0.009,1.259,1.086
11.05,1.334,-0.197,-1.188,2.401,-0.009,1.259,1.086
11.07,1.309,-0.200,-1.189,2.364,-0.009,1.259,1.074
11.09,1.309,-0.200,-1.189,2.364,-0.009,1.259,1.074
11.11,1.281,-0.203,-1.190,2.326,-0.009,1.258,1.066
11.13,1.281,-0.203,-1.190,2.326,-0.009,1.258,1.066
11.15,1.281,-0.203,-1.190,2.326,-0.009,1.258,1.066
11.18,1.248,-0.206,-1.191,2.269,-0.009,1.258,1.041
11.20,1.248,-0.206,-1.191,2.269,-0.009,1.258,1.041
11.22,1.226,-0.208,-1.192,2.227,-0.009,1.258,1.023
11.24,1.226,-0.208,-1.192,2.227,-0.009,1.258,1.023
11.26,1.204,-0.210,-1.193,2.187,-0.009,1.258,1.006
11.28,1.204,-0.210,-1.193,2.187,-0.009,1.258,1.006
11.30,1.173,-0.213,-1.194,2.147,-0.009,1.258,0.997
11.32,1.173,-0.213,-1.194,2.147,-0.009,1.258,0.997
11.34,1.151,-0.214,-1.195,2.107,-0.009,1.258,0.981
11.36,1.151,-0.214,-1.195,2.107,-0.009,1.258,0.981
11.38,1.128,-0.216,-1.196,2.064,-0.009,1.258,0.960
11.40,1.128,-0.216,-1.196,2.064,-0.009,1.258,0.960
11.43,1.106,-0.217,-1.197,2.024,-0.009,1.258,0.943
11.45,1.106,-0.217,-1.197,2.024,-0.009,1.258,0.943
11.47,1.084,-0.218,-1.198,1.979,-0.009,1.258,0.921
11.49,1.084,-0.218,-1.198,1.979,-0.009,1.258,0.921
11.51,1.061,-0.219,-1.198,1.943,-0.009,1.258,0.908
11.53,1.061,-0.219,-1.198,1.943,-0.009,1.258,0.908
11.55,1.038,-0.220,-1.199,1.901,-0.009,1.258,0.890
11.57,1.038,-0.220,-1.199,1.901,-0.009,1.258,0.890
11.59,1.015,-0.221,-1.200,1.858,-0.009,1.259,0.871
11.61,1.015,-0.221,-1.200,1.858,-0.009,1.259,0.871
11.63,0.986,-0.222,-1.200,1.814,-0.009,1.259,0.857
11.65,0.986,-0.222,-1.200,1.814,-0.009,1.259,0.857
11.67,0.986,-0.222,-1.200,1.814,-0.009,1.259,0.857
11.69,0.952,-0.223,-1.201,1.749,-0.009,1.259,0.827
11.72,0.952,-0.223,-1.201,1.749,-0.009,1.259,0.827
11.74,0.927,-0.223,-1.201,1.702,-0.009,1.259,0.806
11.76,0.927,-0.223,-1.201,1.702,-0.009,1.259,0.806
11.78,0.902,-0.223,-1.201,1.658,-0.009,1.259,0.788
11.80,0.902,-0.223,-1.201,1.658,-0.009,1.259,0.788
11.82,0.865,-0.223,-1.202,1.615,-0.009,1.259,0.782
11.84,0.865,-0.223,-1.202,1.615,-0.009,1.259,0.782
11.86,0.838,-0.222,-1.202,1.572,-0.009,1.259,0.766
11.88,0.838,-0.222,-1.202,1.572,-0.009,1.259,0.766
11.90,0.810,-0.222,-1.202,1.528,-0.009,1.259,0.751
11.92,0.810,-0.222,-1.202,1.528,-0.009,1.259,0.751
11.94,0.783,-0.221,-1.202,1.484,-0.009,1.259,0.735
11.96,0.783,-0.221,-1.202,1.484,-0.009,1.259,0.735
11.99,0.754,-0.220,-1.203,1.442,-0.009,1.260,0.722
12.01,0.754,-0.220,-1.203,1.442,-0.009,1.260,0.722
12.03,0.725,-0.219,-1.203,1.397,-0.009,1.260,0.706
12.05,0.725,-0.219,-1.203,1.397,-0.009,1.260,0.706
12.07,0.696,-0.218,-1.204,1.352,-0.009,1.260,0.691
12.09,0.696,-0.218,-1.204,1.352,-0.009,1.260,0.691
12.11,0.660,-0.216,-1.205,1.311,-0.009,1.260,0.686
12.13,0.660,-0.216,-1.205,1.311,-0.009,1.260,0.686
12.15,0.660,-0.216,-1.205,1.311,-0.009,1.260,0.686
12.17,0.617,-0.215,-1.206,1.247,-0.009,1.260,0.665
12.19,0.617,-0.215,-1.206,1.247,-0.009,1.260,0.665
12.22,0.586,-0.214,-1.207,1.206,-0.009,1.261,0.655
12.24,0.586,-0.214,-1.207,1.206,-0.009,1.261,0.655
12.26,0.554,-0.213,-1.208,1.162,-0.009,1.261,0.643
12.28,0.554,-0.213,-1.208,1.162,-0.009,1.261,0.643
12.30,0.522,-0.212,-1.208,1.120,-0.009,1.261,0.634
12.32,0.522,-0.212,-1.208,1.120,-0.009,1.261,0.634
12.34,0.477,-0.210,-1.210,1.079,-0.009,1.261,0.637
12.36,0.477,-0.210,-1.210,1.079,-0.009,1.261,0.637
12.38,0.444,-0.208,-1.211,1.039,-0.009,1.262,0.629
12.40,0.444,-0.208,-1.211,1.039,-0.009,1.262,0.629
12.42,0.411,-0.207,-1.212,0.998,-0.009,1.262,0.621
12.44,0.411,-0.207,-1.212,0.998,-0.009,1.262,0.621
12.47,0.378,-0.205,-1.213,0.959,-0.009,1.262,0.615
12.49,0.378,-0.205,-1.213,0.959,-0.009,1.262,0.615
12.51,0.344,-0.203,-1.214,0.912,-0.009,1.262,0.602
12.53,0.344,-0.203,-1.214,0.912,-0.009,1.262,0.602
12.55,0.311,-0.201,-1.216,0.871,-0.009,1.263,0.594
12.57,0.311,-0.201,-1.216,0.871,-0.009,1.263,0.594
12.59,0.277,-0.198,-1.217,0.831,-0.009,1.263,0.588
12.61,0.277,-0.198,-1.217,0.831,-0.009,1.263,0.588
12.63,0.243,-0.196,-1.218,0.793,-0.009,1.263,0.583
12.65,0.243,-0.196,-1.218,0.793,-0.009,1.263,0.583
12.67,0.243,-0.196,-1.218,0.793,-0.009,1.263,0.583
12.69,0.188,-0.192,-1.221,0.732,-0.009,1.264,0.575
12.71,0.188,-0.192,-1.221,0.732,-0.009,1.264,0.575
12.74,0.155,-0.189,-1.222,0.694,-0.009,1.264,0.570
12.76,0.155,-0.189,-1.222,0.694,-0.009,1.264,0.570
12.78,0.121,-0.186,-1.223,0.650,-0.009,1.264,0.560
12.80,0.121,-0.186,-1.223,0.650,-0.009,1.264,0.560
12.82,0.087,-0.184,-1.225,0.611,-0.009,1.265,0.555
12.84,0.087,-0.184,-1.225,0.611,-0.009,1.265,0.555
12.86,0.039,-0.180,-1.227,0.572,-0.009,1.265,0.561
12.88,0.039,-0.180,-1.227,0.572,-0.009,1.265,0.561
12.90,0.005,-0.177,-1.228,0.532,-0.009,1.266,0.554
12.92,0.005,-0.177,-1.228,0.532,-0.009,1.266,0.554
12.94,-0.028,-0.174,-1.230,0.492,-0.009,1.266,0.547
12.97,-0.028,-0.174,-1.230,0.492,-0.009,1.266,0.547
12.99,-0.062,-0.171,-1.231,0.453,-0.009,1.266,0.540
13.01,-0.062,-0.171,-1.231,0.453,-0.009,1.266,0.540
13.03,-0.095,-0.168,-1.233,0.408,-0.009,1.267,0.529
13.05,-0.095,-0.168,-1.233,0.408,-0.009,1.267,0.529
13.07,-0.128,-0.165,-1.235,0.368,-0.009,1.267,0.522
13.09,-0.128,-0.165,-1.235,0.368,-0.009,1.267,0.522
13.11,-0.161,-0.162,-1.236,0.328,-0.009,1.268,0.514
13.13,-0.161,-0.162,-1.236,0.328,-0.009,1.268,0.514
13.15,-0.161,-0.162,-1.236,0.328,-0.009,1.268,0.514
13.17,-0.214,-0.157,-1.239,0.268,-0.009,1.269,0.505
13.19,-0.214,-0.157,-1.239,0.268,-0.009,1.269,0.505
13.21,-0.247,-0.154,-1.241,0.226,-0.009,1.269,0.496
13.24,-0.247,-0.154,-1.241,0.226,-0.009,1.269,0.496
13.26,-0.280,-0.151,-1.242,0.182,-0.009,1.270,0.485
13.28,-0.280,-0.151,-1.242,0.182,-0.009,1.270,0.485
13.30,-0.313,-0.148,-1.244,0.141,-0.008,1.270,0.475
13.32,-0.313,-0.148,-1.244,0.141,-0.008,1.270,0.475
13.34,-0.359,-0.143,-1.247,0.100,-0.008,1.271,0.479
13.36,-0.359,-0.143,-1.247,0.100,-0.008,1.271,0.479
13.38,-0.392,-0.139,-1.249,0.058,-0.008,1.271,0.469
13.40,-0.392,-0.139,-1.249,0.058,-0.008,1.271,0.469
13.42,-0.425,-0.136,-1.250,0.015,-0.008,1.272,0.459
13.44,-0.425,-0.136,-1.250,0.015,-0.008,1.272,0.459
13.46,-0.459,-0.131,-1.252,-0.025,-0.008,1.273,0.451
13.49,-0.459,-0.131,-1.252,-0.025,-0.008,1.273,0.451
13.51,-0.493,-0.127,-1.254,-0.070,-0.008,1.273,0.440
13.53,-0.493,-0.127,-1.254,-0.070,-0.008,1.273,0.440
13.55,-0.527,-0.122,-1.255,-0.110,-0.008,1.274,0.433
13.57,-0.527,-0.122,-1.255,-0.110,-0.008,1.274,0.433
13.59,-0.561,-0.117,-1.257,-0.151,-0.008,1.274,0.425
13.61,-0.561,-0.117,-1.257,-0.151,-0.008,1.274,0.425
13.63,-0.596,-0.112,-1.258,-0.192,-0.008,1.275,0.417
13.65,-0.596,-0.112,-1.258,-0.192,-0.008,1.275,0.417
13.67,-0.596,-0.112,-1.258,-0.192,-0.008,1.275,0.417
13.69,-0.652,-0.104,-1.261,-0.257,-0.008,1.276,0.407
13.71,-0.652,-0.104,-1.261,-0.257,-0.008,1.276,0.407
13.73,-0.687,-0.099,-1.262,-0.298,-0.008,1.277,0.400
13.76,-0.687,-0.099,-1.262,-0.298,-0.008,1.277,0.400
13.78,-0.723,-0.093,-1.263,-0.343,-0.008,1.278,0.390
13.80,-0.723,-0.093,-1.263,-0.343,-0.008,1.278,0.390
13.82,-0.766,-0.086,-1.265,-0.385,-0.008,1.278,0.389
13.84,-0.766,-0.086,-1.265,-0.385,-0.008,1.278,0.389
13.86,-0.809,-0.080,-1.266,-0.427,-0.008,1.279,0.389
13.88,-0.809,-0.080,-1.266,-0.427,-0.008,1.279,0.389
13.90,-0.845,-0.074,-1.267,-0.468,-0.008,1.280,0.383
13.92,-0.845,-0.074,-1.267,-0.468,-0.008,1.280,0.383
13.94,-0.882,-0.069,-1.268,-0.510,-0.008,1.280,0.376
13.96,-0.882,-0.069,-1.268,-0.510,-0.008,1.280,0.376
13.98,-0.918,-0.064,-1.270,-0.553,-0.008,1.281,0.370
14.01,-0.918,-0.064,-1.270,-0.553,-0.008,1.281,0.370
14.03,-0.954,-0.059,-1.271,-0.593,-0.008,1.282,0.365
14.05,-0.954,-0.059,-1.271,-0.593,-0.008,1.282,0.365
14.07,-0.991,-0.054,-1.272,-0.639,-0.008,1.283,0.355
14.09,-0.991,-0.054,-1.272,-0.639,-0.008,1.283,0.355
14.11,-1.028,-0.049,-1.274,-0.680,-0.008,1.283,0.350
14.13,-1.028,-0.049,-1.274,-0.680,-0.008,1.283,0.350
14.15,-1.065,-0.044,-1.275,-0.721,-0.008,1.284,0.345
14.17,-1.065,-0.044,-1.275,-0.721,-0.008,1.284,0.345
14.19,-1.065,-0.044,-1.275,-0.721,-0.008,1.284,0.345
14.21,-1.124,-0.037,-1.277,-0.783,-0.008,1.285,0.342
14.23,-1.124,-0.037,-1.277,-0.783,-0.008,1.285,0.342
14.25,-1.161,-0.033,-1.278,-0.825,-0.008,1.286,0.336
14.27,-1.161,-0.033,-1.278,-0.825,-0.008,1.286,0.336
14.30,-1.198,-0.030,-1.279,-0.865,-0.008,1.287,0.333
14.32,-1.198,-0.030,-1.279,-0.865,-0.008,1.287,0.333
14.34,-1.235,-0.026,-1.280,-0.911,-0.008,1.288,0.325
14.36,-1.235,-0.026,-1.280,-0.911,-0.008,1.288,0.325
14.38,-1.273,-0.023,-1.281,-0.951,-0.008,1.289,0.322
14.40,-1.273,-0.023,-1.281,-0.951,-0.008,1.289,0.322
14.42,-1.325,-0.019,-1.283,-0.991,-0.008,1.289,0.334
14.44,-1.325,-0.019,-1.283,-0.991,-0.008,1.289,0.334
14.46,-1.363,-0.016,-1.284,-1.034,-0.008,1.290,0.329
14.48,-1.363,-0.016,-1.284,-1.034,-0.008,1.290,0.329
14.50,-1.401,-0.014,-1.285,-1.074,-0.008,1.291,0.328
14.53,-1.401,-0.014,-1.285,-1.074,-0.008,1.291,0.328
14.55,-1.439,-0.012,-1.286,-1.119,-0.008,1.292,0.320
14.57,-1.439,-0.012,-1.286,-1.119,-0.008,1.292,0.320
14.59,-1.477,-0.010,-1.287,-1.160,-0.008,1.293,0.317
14.61,-1.477,-0.010,-1.287,-1.160,-0.008,1.293,0.317
14.63,-1.515,-0.009,-1.288,-1.200,-0.008,1.294,0.315
14.65,-1.515,-0.009,-1.288,-1.200,-0.008,1.294,0.315
14.67,-1.515,-0.009,-1.288,-1.200,-0.008,1.294,0.315
14.69,-1.576,-0.007,-1.289,-1.261,-0.008,1.295,0.315
14.71,-1.576,-0.007,-1.289,-1.261,-0.008,1.295,0.315
14.73,-1.614,-0.007,-1.289,-1.302,-0.008,1.296,0.312
14.75,-1.614,-0.007,-1.289,-1.302,-0.008,1.296,0.312
14.78,-1.652,-0.007,-1.290,-1.342,-0.008,1.297,0.310
14.80,-1.652,-0.007,-1.290,-1.342,-0.008,1.297,0.310
14.82,-1.690,-0.007,-1.290,-1.387,-0.007,1.298,0.303
14.84,-1.690,-0.007,-1.290,-1.387,-0.007,1.298,0.303
14.86,-1.728,-0.008,-1.290,-1.426,-0.007,1.299,0.302
14.88,-1.728,-0.008,-1.290,-1.426,-0.007,1.299,0.302
14.90,-1.781,-0.009,-1.291,-1.467,-0.007,1.300,0.314
14.92,-1.781,-0.009,-1.291,-1.467,-0.007,1.300,0.314
14.94,-1.819,-0.009,-1.291,-1.508,-0.007,1.301,0.311
14.96,-1.819,-0.009,-1.291,-1.508,-0.007,1.301,0.311
14.98,-1.857,-0.010,-1.291,-1.550,-0.007,1.302,0.307
15.01,-1.857,-0.010,-1.291,-1.550,-0.007,1.302,0.307
15.03,-1.894,-0.011,-1.292,-1.592,-0.007,1.303,0.302
15.05,-1.894,-0.011,-1.292,-1.592,-0.007,1.303,0.302
15.07,-1.932,-0.012,-1.292,-1.634,-0.007,1.304,0.299
15.09,-1.932,-0.012,-1.292,-1.634,-0.007,1.304,0.299
15.11,-1.970,-0.012,-1.293,-1.675,-0.007,1.304,0.295
15.13,-1.970,-0.012,-1.293,-1.675,-0.007,1.304,0.295
15.15,-2.008,-0.013,-1.293,-1.715,-0.007,1.305,0.293
15.17,-2.008,-0.013,-1.293,-1.715,-0.007,1.305,0.293
15.19,-2.008,-0.013,-1.293,-1.715,-0.007,1.305,0.293
15.21,-2.068,-0.015,-1.295,-1.777,-0.007,1.307,0.291
15.23,-2.068,-0.015,-1.295,-1.777,-0.007,1.307,0.291
15.26,-2.105,-0.016,-1.296,-1.817,-0.007,1.308,0.288
15.28,-2.105,-0.016,-1.296,-1.817,-0.007,1.308,0.288
15.30,-2.143,-0.017,-1.298,-1.861,-0.007,1.309,0.282
15.32,-2.143,-0.017,-1.298,-1.861,-0.007,1.309,0.282
15.34,-2.180,-0.018,-1.299,-1.903,-0.007,1.310,0.277
15.36,-2.180,-0.018,-1.299,-1.903,-0.007,1.310,0.277
15.38,-2.231,-0.019,-1.301,-1.943,-0.007,1.311,0.288
15.40,-2.231,-0.019,-1.301,-1.943,-0.007,1.311,0.288
15.42,-2.268,-0.020,-1.303,-1.985,-0.007,1.312,0.284
15.44,-2.268,-0.020,-1.303,-1.985,-0.007,1.312,0.284
15.46,-2.305,-0.022,-1.304,-2.028,-0.007,1.313,0.277
15.48,-2.305,-0.022,-1.304,-2.028,-0.007,1.313,0.277
15.51,-2.341,-0.023,-1.306,-2.068,-0.007,1.314,0.273
15.53,-2.341,-0.023,-1.306,-2.068,-0.007,1.314,0.273
15.55,-2.377,-0.024,-1.308,-2.111,-0.007,1.315,0.266
15.57,-2.377,-0.024,-1.308,-2.111,-0.007,1.315,0.266
15.59,-2.412,-0.026,-1.309,-2.153,-0.007,1.316,0.260
15.61,-2.412,-0.026,-1.309,-2.153,-0.007,1.316,0.260
15.63,-2.448,-0.027,-1.311,-2.195,-0.007,1.317,0.254
15.65,-2.448,-0.027,-1.311,-2.195,-0.007,1.317,0.254
15.67,-2.448,-0.027,-1.311,-2.195,-0.007,1.317,0.254
15.69,-2.504,-0.029,-1.314,-2.256,-0.007,1.319,0.249
15.71,-2.504,-0.029,-1.314,-2.256,-0.007,1.319,0.249
15.73,-2.539,-0.031,-1.315,-2.298,-0.007,1.320,0.242
15.76,-2.539,-0.031,-1.315,-2.298,-0.007,1.320,0.242
15.78,-2.574,-0.032,-1.316,-2.342,-0.007,1.321,0.234
15.80,-2.574,-0.032,-1.316,-2.342,-0.007,1.321,0.234
15.82,-2.610,-0.033,-1.318,-2.385,-0.007,1.322,0.226
15.84,-2.610,-0.033,-1.318,-2.385,-0.007,1.322,0.226
15.86,-2.645,-0.034,-1.319,-2.425,-0.007,1.323,0.221
15.88,-2.645,-0.034,-1.319,-2.425,-0.007,1.323,0.221
15.90,-2.695,-0.035,-1.320,-2.466,-0.007,1.324,0.230
15.92,-2.695,-0.035,-1.320,-2.466,-0.007,1.324,0.230
15.94,-2.730,-0.036,-1.321,-2.508,-0.006,1.325,0.224
15.96,-2.730,-0.036,-1.321,-2.508,-0.006,1.325,0.224
15.98,-2.765,-0.037,-1.322,-2.550,-0.006,1.327,0.217
16.01,-2.765,-0.037,-1.322,-2.550,-0.006,1.327,0.217
16.03,-2.801,-0.038,-1.323,-2.594,-0.006,1.328,0.209
16.05,-2.801,-0.038,-1.323,-2.594,-0.006,1.328,0.209
16.07,-2.837,-0.039,-1.324,-2.636,-0.006,1.329,0.203
16.09,-2.837,-0.039,-1.324,-2.636,-0.006,1.329,0.203
16.11,-2.872,-0.039,-1.325,-2.678,-0.006,1.330,0.197
16.13,-2.872,-0.039,-1.325,-2.678,-0.006,1.330,0.197
16.15,-2.914,-0.039,-1.326,-2.718,-0.006,1.331,0.199
16.17,-2.914,-0.039,-1.326,-2.718,-0.006,1.331,0.199
16.19,-2.914,-0.039,-1.326,-2.718,-0.006,1.331,0.199
16.21,-2.964,-0.039,-1.327,-2.781,-0.006,1.333,0.186
16.23,-2.964,-0.039,-1.327,-2.781,-0.006,1.333,0.186
16.25,-2.999,-0.039,-1.328,-2.821,-0.006,1.334,0.181
16.28,-2.999,-0.039,-1.328,-2.821,-0.006,1.334,0.181
16.30,-3.034,-0.039,-1.328,-2.865,-0.006,1.335,0.172
16.32,-3.034,-0.039,-1.328,-2.865,-0.006,1.335,0.172
16.34,-3.069,-0.039,-1.329,-2.907,-0.006,1.336,0.166
16.36,-3.069,-0.039,-1.329,-2.907,-0.006,1.336,0.166
16.38,-3.105,-0.038,-1.330,-2.947,-0.006,1.337,0.161
16.40,-3.105,-0.038,-1.330,-2.947,-0.006,1.337,0.161
16.42,-3.154,-0.037,-1.331,-2.988,-0.006,1.339,0.170
16.44,-3.154,-0.037,-1.331,-2.988,-0.006,1.339,0.170
16.46,-3.190,-0.037,-1.332,-3.029,-0.006,1.340,0.164
16.48,-3.190,-0.037,-1.332,-3.029,-0.006,1.340,0.164
16.50,-3.225,-0.036,-1.332,-3.071,-0.006,1.341,0.158
16.52,-3.225,-0.036,-1.332,-3.071,-0.006,1.341,0.158
16.55,-3.261,-0.035,-1.333,-3.111,-0.006,1.342,0.153
16.57,-3.261,-0.035,-1.333,-3.111,-0.006,1.342,0.153
16.59,-3.297,-0.033,-1.334,-3.155,-0.006,1.343,0.145
16.61,-3.297,-0.033,-1.334,-3.155,-0.006,1.343,0.145
16.63,-3.333,-0.032,-1.335,-3.196,-0.006,1.344,0.139
16.65,-3.333,-0.032,-1.335,-3.196,-0.006,1.344,0.139
16.67,-3.369,-0.030,-1.336,-3.237,-0.006,1.346,0.134
16.69,-3.369,-0.030,-1.336,-3.237,-0.006,1.346,0.134
16.71,-3.369,-0.030,-1.336,-3.237,-0.006,1.346,0.134
16.73,-3.427,-0.027,-1.337,-3.298,-0.006,1.347,0.131
16.75,-3.427,-0.027,-1.337,-3.298,-0.006,1.347,0.131
16.77,-3.463,-0.025,-1.338,-3.340,-0.006,1.349,0.125
16.80,-3.463,-0.025,-1.338,-3.340,-0.006,1.349,0.125
16.82,-3.500,-0.023,-1.338,-3.380,-0.006,1.350,0.122
16.84,-3.500,-0.023,-1.338,-3.380,-0.006,1.350,0.122
16.86,-3.536,-0.021,-1.339,-3.425,-0.006,1.351,0.113
16.88,-3.536,-0.021,-1.339,-3.425,-0.006,1.351,0.113
16.90,-3.573,-0.019,-1.340,-3.465,-0.005,1.352,0.110
16.92,-3.573,-0.019,-1.340,-3.465,-0.005,1.352,0.110
16.94,-3.625,-0.016,-1.342,-3.506,-0.005,1.353,0.120
16.96,-3.625,-0.016,-1.342,-3.506,-0.005,1.353,0.120
16.98,-3.662,-0.013,-1.343,-3.547,-0.005,1.355,0.116
17.00,-3.662,-0.013,-1.343,-3.547,-0.005,1.355,0.116
17.02,-3.699,-0.011,-1.344,-3.589,-0.005,1.356,0.112
17.04,-3.699,-0.011,-1.344,-3.589,-0.005,1.356,0.112
17.07,-3.737,-0.008,-1.345,-3.628,-0.005,1.357,0.109
17.09,-3.737,-0.008,-1.345,-3.628,-0.005,1.357,0.109
17.11,-3.774,-0.006,-1.347,-3.672,-0.005,1.358,0.103
17.13,-3.774,-0.006,-1.347,-3.672,-0.005,1.358,0.103
17.15,-3.811,-0.004,-1.348,-3.714,-0.005,1.359,0.098
17.17,-3.811,-0.004,-1.348,-3.714,-0.005,1.359,0.098
17.19,-3.811,-0.004,-1.348,-3.714,-0.005,1.359,0.098
17.21,-3.864,-0.001,-1.350,-3.775,-0.005,1.361,0.090
17.23,-3.864,-0.001,-1.350,-3.775,-0.005,1.361,0.090
17.25,-3.910,0.001,-1.352,-3.815,-0.005,1.362,0.095
17.27,-3.910,0.001,-1.352,-3.815,-0.005,1.362,0.095
17.29,-3.948,0.003,-1.353,-3.858,-0.005,1.364,0.091
17.31,-3.948,0.003,-1.353,-3.858,-0.005,1.364,0.091
17.33,-3.986,0.005,-1.355,-3.898,-0.005,1.365,0.089
17.36,-3.986,0.005,-1.355,-3.898,-0.005,1.365,0.089
17.38,-4.024,0.007,-1.357,-3.942,-0.005,1.366,0.084
17.40,-4.024,0.007,-1.357,-3.942,-0.005,1.366,0.084
17.42,-4.062,0.008,-1.359,-3.984,-0.005,1.367,0.080
17.44,-4.062,0.008,-1.359,-3.984,-0.005,1.367,0.080
17.46,-4.116,0.011,-1.361,-4.024,-0.005,1.368,0.094
17.48,-4.116,0.011,-1.361,-4.024,-0.005,1.368,0.094
17.50,-4.155,0.012,-1.362,-4.065,-0.005,1.370,0.092
17.52,-4.155,0.012,-1.362,-4.065,-0.005,1.370,0.092
17.54,-4.193,0.013,-1.364,-4.106,-0.005,1.371,0.089
17.56,-4.193,0.013,-1.364,-4.106,-0.005,1.371,0.089
17.58,-4.232,0.014,-1.366,-4.148,-0.005,1.372,0.087
17.61,-4.232,0.014,-1.366,-4.148,-0.005,1.372,0.087
17.63,-4.271,0.015,-1.368,-4.192,-0.005,1.373,0.082
17.65,-4.271,0.015,-1.368,-4.192,-0.005,1.373,0.082
17.67,-4.310,0.015,-1.370,-4.234,-0.005,1.375,0.079
17.69,-4.310,0.015,-1.370,-4.234,-0.005,1.375,0.079
17.71,-4.310,0.015,-1.370,-4.234,-0.005,1.375,0.079
17.73,-4.365,0.015,-1.372,-4.295,-0.005,1.376,0.073
17.75,-4.365,0.015,-1.372,-4.295,-0.005,1.376,0.073
17.77,-4.412,0.015,-1.375,-4.336,-0.005,1.378,0.078
17.79,-4.412,0.015,-1.375,-4.336,-0.005,1.378,0.078
17.81,-4.450,0.015,-1.377,-4.378,-0.004,1.379,0.075
17.83,-4.450,0.015,-1.377,-4.378,-0.004,1.379,0.075
17.86,-4.489,0.014,-1.379,-4.418,-0.004,1.380,0.073
17.88,-4.489,0.014,-1.379,-4.418,-0.004,1.380,0.073
17.90,-4.528,0.013,-1.381,-4.462,-0.004,1.381,0.068
17.92,-4.528,0.013,-1.381,-4.462,-0.004,1.381,0.068
17.94,-4.566,0.013,-1.384,-4.504,-0.004,1.382,0.065
17.96,-4.566,0.013,-1.384,-4.504,-0.004,1.382,0.065
17.98,-4.620,0.012,-1.387,-4.545,-0.004,1.384,0.076
18.00,-4.620,0.012,-1.387,-4.545,-0.004,1.384,0.076
18.02,-4.658,0.011,-1.389,-4.586,-0.004,1.385,0.074
18.04,-4.658,0.011,-1.389,-4.586,-0.004,1.385,0.074
18.06,-4.696,0.010,-1.391,-4.629,-0.004,1.386,0.069
18.08,-4.696,0.010,-1.391,-4.629,-0.004,1.386,0.069
18.11,-4.734,0.009,-1.393,-4.669,-0.004,1.387,0.067
18.13,-4.734,0.009,-1.393,-4.669,-0.004,1.387,0.067
18.15,-4.772,0.008,-1.395,-4.713,-0.004,1.388,0.061
18.17,-4.772,0.008,-1.395,-4.713,-0.004,1.388,0.061
18.19,-4.772,0.008,-1.395,-4.713,-0.004,1.388,0.061
18.21,-4.825,0.007,-1.397,-4.775,-0.004,1.390,0.052
18.23,-4.825,0.007,-1.397,-4.775,-0.004,1.390,0.052
18.25,-4.863,0.005,-1.398,-4.816,-0.004,1.391,0.048
18.27,-4.863,0.005,-1.398,-4.816,-0.004,1.391,0.048
18.29,-4.908,0.004,-1.399,-4.857,-0.004,1.392,0.051
18.31,-4.908,0.004,-1.399,-4.857,-0.004,1.392,0.051
18.34,-4.945,0.003,-1.400,-4.899,-0.004,1.394,0.047
18.36,-4.945,0.003,-1.400,-4.899,-0.004,1.394,0.047
18.38,-4.982,0.002,-1.401,-4.943,-0.004,1.395,0.040
18.40,-4.982,0.002,-1.401,-4.943,-0.004,1.395,0.040
18.42,-5.019,0.001,-1.402,-4.985,-0.004,1.396,0.036
18.44,-5.019,0.001,-1.402,-4.985,-0.004,1.396,0.036
18.46,-5.071,-0.001,-1.403,-5.026,-0.004,1.397,0.046
18.48,-5.071,-0.001,-1.403,-5.026,-0.004,1.397,0.046
18.50,-5.108,-0.002,-1.404,-5.066,-0.004,1.398,0.043
18.52,-5.108,-0.002,-1.404,-5.066,-0.004,1.398,0.043
18.54,-5.146,-0.002,-1.405,-5.109,-0.004,1.400,0.037
18.56,-5.146,-0.002,-1.405,-5.109,-0.004,1.400,0.037
18.58,-5.183,-0.003,-1.406,-5.149,-0.004,1.401,0.034
18.61,-5.183,-0.003,-1.406,-5.149,-0.004,1.401,0.034
18.63,-5.220,-0.004,-1.407,-5.189,-0.004,1.402,0.032
18.65,-5.220,-0.004,-1.407,-5.189,-0.004,1.402,0.032
18.67,-5.257,-0.004,-1.408,-5.232,-0.004,1.403,0.026
18.69,-5.257,-0.004,-1.408,-5.232,-0.004,1.403,0.026
18.71,-5.257,-0.004,-1.408,-5.232,-0.004,1.403,0.026
18.73,-5.310,-0.005,-1.410,-5.294,-0.004,1.405,0.016
18.75,-5.310,-0.005,-1.410,-5.294,-0.004,1.405,0.016
18.77,-5.354,-0.006,-1.411,-5.335,-0.003,1.406,0.020
18.79,-5.354,-0.006,-1.411,-5.335,-0.003,1.406,0.020
18.81,-5.392,-0.006,-1.412,-5.378,-0.003,1.407,0.015
18.83,-5.392,-0.006,-1.412,-5.378,-0.003,1.407,0.015
18.86,-5.429,-0.006,-1.413,-5.418,-0.003,1.408,0.013
18.88,-5.429,-0.006,-1.413,-5.418,-0.003,1.408,0.013
18.90,-5.467,-0.007,-1.414,-5.462,-0.003,1.409,0.008
18.92,-5.467,-0.007,-1.414,-5.462,-0.003,1.409,0.008
18.94,-5.505,-0.007,-1.415,-5.504,-0.003,1.411,0.006
18.96,-5.505,-0.007,-1.415,-5.504,-0.003,1.411,0.006
18.98,-5.557,-0.007,-1.417,-5.545,-0.003,1.412,0.014
19.00,-5.557,-0.007,-1.417,-5.545,-0.003,1.412,0.014
19.02,-5.595,-0.007,-1.418,-5.585,-0.003,1.413,0.012
19.04,-5.595,-0.007,-1.418,-5.585,-0.003,1.413,0.012
19.06,-5.633,-0.007,-1.419,-5.628,-0.003,1.414,0.008
19.08,-5.633,-0.007,-1.419,-5.628,-0.003,1.414,0.008
19.10,-5.671,-0.007,-1.420,-5.668,-0.003,1.415,0.007
19.13,-5.671,-0.007,-1.420,-5.668,-0.003,1.415,0.007
19.15,-5.709,-0.007,-1.422,-5.711,-0.003,1.416,0.007
19.17,-5.709,-0.007,-1.422,-5.711,-0.003,1.416,0.007
19.19,-5.747,-0.007,-1.423,-5.753,-0.003,1.417,0.009
19.21,-5.747,-0.007,-1.423,-5.753,-0.003,1.417,0.009
19.23,-5.747,-0.007,-1.423,-5.753,-0.003,1.417,0.009
19.25,-5.801,-0.006,-1.424,-5.814,-0.003,1.419,0.015
19.27,-5.801,-0.006,-1.424,-5.814,-0.003,1.419,0.015
19.29,-5.846,-0.006,-1.425,-5.856,-0.003,1.420,0.011
19.31,-5.846,-0.006,-1.425,-5.856,-0.003,1.420,0.011
19.33,-5.885,-0.005,-1.426,-5.898,-0.003,1.421,0.014
19.35,-5.885,-0.005,-1.426,-5.898,-0.003,1.421,0.014
19.38,-5.923,-0.004,-1.426,-5.938,-0.003,1.422,0.016
19.40,-5.923,-0.004,-1.426,-5.938,-0.003,1.422,0.016
19.42,-5.961,-0.004,-1.426,-5.981,-0.003,1.423,0.021
19.44,-5.961,-0.004,-1.426,-5.981,-0.003,1.423,0.021
19.46,-5.999,-0.003,-1.427,-6.024,-0.003,1.424,0.025
19.48,-5.999,-0.003,-1.427,-6.024,-0.003,1.424,0.025
19.50,-6.052,-0.002,-1.428,-6.064,-0.003,1.425,0.013
19.52,-6.052,-0.002,-1.428,-6.064,-0.003,1.425,0.013
19.54,-6.090,-0.001,-1.428,-6.106,-0.003,1.426,0.016
19.56,-6.090,-0.001,-1.428,-6.106,-0.003,1.426,0.016
19.58,-6.128,-0.000,-1.429,-6.148,-0.003,1.428,0.020
19.60,-6.128,-0.000,-1.429,-6.148,-0.003,1.428,0.020
19.63,-6.166,0.001,-1.429,-6.188,-0.003,1.429,0.021
19.65,-6.166,0.001,-1.429,-6.188,-0.003,1.429,0.021
19.67,-6.205,0.002,-1.430,-6.233,-0.003,1.430,0.029
19.69,-6.205,0.002,-1.430,-6.233,-0.003,1.430,0.029
19.71,-6.205,0.002,-1.430,-6.233,-0.003,1.430,0.029
19.73,-6.258,0.003,-1.431,-6.293,-0.003,1.431,0.035
19.75,-6.258,0.003,-1.431,-6.293,-0.003,1.431,0.035
19.77,-6.297,0.004,-1.431,-6.335,-0.003,1.432,0.038
19.79,-6.297,0.004,-1.431,-6.335,-0.003,1.432,0.038
19.81,-6.343,0.006,-1.432,-6.376,-0.002,1.433,0.034
19.83,-6.343,0.006,-1.432,-6.376,-0.002,1.433,0.034
19.85,-6.381,0.007,-1.433,-6.418,-0.002,1.434,0.038
19.87,-6.381,0.007,-1.433,-6.418,-0.002,1.434,0.038
19.90,-6.420,0.009,-1.434,-6.458,-0.002,1.435,0.039
19.92,-6.420,0.009,-1.434,-6.458,-0.002,1.435,0.039
19.94,-6.458,0.010,-1.435,-6.503,-0.002,1.436,0.047
19.96,-6.458,0.010,-1.435,-6.503,-0.002,1.436,0.047
19.98,-6.497,0.012,-1.437,-6.543,-0.002,1.437,0.049
20.00,-6.497,0.012,-1.437,-6.543,-0.002,1.437,0.049
20.02,-6.551,0.014,-1.438,-6.584,-0.002,1.438,0.037
20.04,-6.551,0.014,-1.438,-6.584,-0.002,1.438,0.037
20.06,-6.590,0.015,-1.439,-6.626,-0.002,1.439,0.039
20.08,-6.590,0.015,-1.439,-6.626,-0.002,1.439,0.039
20.10,-6.629,0.016,-1.441,-6.667,-0.002,1.440,0.042
20.13,-6.629,0.016,-1.441,-6.667,-0.002,1.440,0.042
20.15,-6.669,0.018,-1.442,-6.707,-0.002,1.441,0.043
20.17,-6.669,0.018,-1.442,-6.707,-0.002,1.441,0.043
20.19,-6.708,0.019,-1.443,-6.753,-0.002,1.442,0.049
20.21,-6.708,0.019,-1.443,-6.753,-0.002,1.442,0.049
20.23,-6.708,0.019,-1.443,-6.753,-0.002,1.442,0.049
20.25,-6.764,0.020,-1.445,-6.814,-0.002,1.444,0.055
20.27,-6.764,0.020,-1.445,-6.814,-0.002,1.444,0.055
20.29,-6.811,0.020,-1.446,-6.854,-0.002,1.445,0.048
20.31,-6.811,0.020,-1.446,-6.854,-0.002,1.445,0.048
20.33,-6.851,0.021,-1.447,-6.897,-0.002,1.446,0.051
20.35,-6.851,0.021,-1.447,-6.897,-0.002,1.446,0.051
20.38,-6.891,0.021,-1.448,-6.937,-0.002,1.447,0.051
20.40,-6.891,0.021,-1.448,-6.937,-0.002,1.447,0.051
20.42,-6.932,0.022,-1.449,-6.981,-0.002,1.448,0.055
20.44,-6.932,0.022,-1.449,-6.981,-0.002,1.448,0.055
20.46,-6.972,0.022,-1.450,-7.023,-0.002,1.448,0.056
20.48,-6.972,0.022,-1.450,-7.023,-0.002,1.448,0.056
20.50,-7.011,0.022,-1.450,-7.063,-0.002,1.449,0.057
20.52,-7.011,0.022,-1.450,-7.063,-0.002,1.449,0.057
20.54,-7.067,0.022,-1.451,-7.104,-0.002,1.450,0.044
20.56,-7.067,0.022,-1.451,-7.104,-0.002,1.450,0.044
20.58,-7.107,0.022,-1.452,-7.145,-0.002,1.451,0.045
20.60,-7.107,0.022,-1.452,-7.145,-0.002,1.451,0.045
20.62,-7.147,0.022,-1.452,-7.187,-0.002,1.452,0.046
20.65,-7.147,0.022,-1.452,-7.187,-0.002,1.452,0.046
20.67,-7.187,0.021,-1.453,-7.228,-0.002,1.453,0.047
20.69,-7.187,0.021,-1.453,-7.228,-0.002,1.453,0.047
20.71,-7.187,0.021,-1.453,-7.228,-0.002,1.453,0.047
20.73,-7.242,0.021,-1.454,-7.293,-0.002,1.454,0.056
20.75,-7.242,0.021,-1.454,-7.293,-0.002,1.454,0.056
20.77,-7.281,0.020,-1.455,-7.333,-0.002,1.455,0.056
20.79,-7.281,0.020,-1.455,-7.333,-0.002,1.455,0.056
20.81,-7.320,0.020,-1.455,-7.374,-0.002,1.456,0.058
20.83,-7.320,0.020,-1.455,-7.374,-0.002,1.456,0.058
20.85,-7.366,0.019,-1.456,-7.415,-0.002,1.457,0.053
20.87,-7.366,0.019,-1.456,-7.415,-0.002,1.457,0.053
20.89,-7.405,0.018,-1.457,-7.457,-0.002,1.458,0.056
20.91,-7.405,0.018,-1.457,-7.457,-0.002,1.458,0.056
20.94,-7.444,0.018,-1.458,-7.497,-0.002,1.458,0.057
20.96,-7.444,0.018,-1.458,-7.497,-0.002,1.458,0.057
20.98,-7.482,0.017,-1.459,-7.542,-0.002,1.459,0.063
21.00,-7.482,0.017,-1.459,-7.542,-0.002,1.459,0.063
21.02,-7.521,0.016,-1.460,-7.582,-0.001,1.460,0.064
21.04,-7.521,0.016,-1.460,-7.582,-0.001,1.460,0.064
21.06,-7.575,0.015,-1.461,-7.623,-0.001,1.461,0.052
21.08,-7.575,0.015,-1.461,-7.623,-0.001,1.461,0.052
21.10,-7.613,0.015,-1.462,-7.665,-0.001,1.462,0.054
21.12,-7.613,0.015,-1.462,-7.665,-0.001,1.462,0.054
21.14,-7.652,0.014,-1.463,-7.706,-0.001,1.463,0.057
21.17,-7.652,0.014,-1.463,-7.706,-0.001,1.463,0.057
21.19,-7.690,0.013,-1.464,-7.746,-0.001,1.463,0.058
21.21,-7.690,0.013,-1.464,-7.746,-0.001,1.463,0.058
21.23,-7.690,0.013,-1.464,-7.746,-0.001,1.463,0.058
21.25,-7.744,0.013,-1.465,-7.811,-0.001,1.465,0.068
21.27,-7.744,0.013,-1.465,-7.811,-0.001,1.465,0.068
21.29,-7.783,0.013,-1.466,-7.851,-0.001,1.465,0.070
21.31,-7.783,0.013,-1.466,-7.851,-0.001,1.465,0.070
21.33,-7.830,0.013,-1.467,-7.892,-0.001,1.466,0.064
21.35,-7.830,0.013,-1.467,-7.892,-0.001,1.466,0.064
21.37,-7.869,0.013,-1.468,-7.935,-0.001,1.467,0.067
21.39,-7.869,0.013,-1.468,-7.935,-0.001,1.467,0.067
21.42,-7.909,0.013,-1.469,-7.975,-0.001,1.468,0.068
21.44,-7.909,0.013,-1.469,-7.975,-0.001,1.468,0.068
21.46,-7.948,0.014,-1.470,-8.020,-0.001,1.468,0.073
21.48,-7.948,0.014,-1.470,-8.020,-0.001,1.468,0.073
21.50,-7.988,0.014,-1.471,-8.060,-0.001,1.469,0.074
21.52,-7.988,0.014,-1.471,-8.060,-0.001,1.469,0.074
21.54,-8.044,0.014,-1.473,-8.101,-0.001,1.470,0.059
21.56,-8.044,0.014,-1.473,-8.101,-0.001,1.470,0.059
21.58,-8.085,0.014,-1.474,-8.142,-0.001,1.470,0.060
21.60,-8.085,0.014,-1.474,-8.142,-0.001,1.470,0.060
21.62,-8.125,0.014,-1.474,-8.183,-0.001,1.471,0.060
21.64,-8.125,0.014,-1.474,-8.183,-0.001,1.471,0.060
21.67,-8.166,0.014,-1.475,-8.224,-0.001,1.472,0.060
21.69,-8.166,0.014,-1.475,-8.224,-0.001,1.472,0.060
21.71,-8.207,0.014,-1.476,-8.268,-0.001,1.473,0.063
21.73,-8.207,0.014,-1.476,-8.268,-0.001,1.473,0.063
21.75,-8.207,0.014,-1.476,-8.268,-0.001,1.473,0.063
21.77,-8.264,0.014,-1.477,-8.331,-0.001,1.474,0.069
21.79,-8.264,0.014,-1.477,-8.331,-0.001,1.474,0.069
21.81,-8.304,0.015,-1.478,-8.370,-0.001,1.474,0.068
21.83,-8.304,0.015,-1.478,-8.370,-0.001,1.474,0.068
21.85,-8.353,0.015,-1.478,-8.413,-0.001,1.475,0.062
21.87,-8.353,0.015,-1.478,-8.413,-0.001,1.475,0.062
21.89,-8.394,0.015,-1.479,-8.453,-0.001,1.476,0.061
21.92,-8.394,0.015,-1.479,-8.453,-0.001,1.476,0.061
21.94,-8.435,0.015,-1.479,-8.496,-0.001,1.476,0.064
21.96,-8.435,0.015,-1.479,-8.496,-0.001,1.476,0.064
21.98,-8.475,0.015,-1.480,-8.537,-0.001,1.477,0.064
22.00,-8.475,0.015,-1.480,-8.537,-0.001,1.477,0.064
22.02,-8.516,0.015,-1.480,-8.576,-0.001,1.477,0.063
22.04,-8.516,0.015,-1.480,-8.576,-0.001,1.477,0.063
22.06,-8.573,0.015,-1.481,-8.616,-0.001,1.478,0.046
22.08,-8.573,0.015,-1.481,-8.616,-0.001,1.478,0.046
22.10,-8.613,0.015,-1.481,-8.656,-0.001,1.479,0.045
22.12,-8.613,0.015,-1.481,-8.656,-0.001,1.479,0.045
22.14,-8.654,0.015,-1.481,-8.695,-0.001,1.479,0.045
22.16,-8.654,0.015,-1.481,-8.695,-0.001,1.479,0.045
22.19,-8.694,0.015,-1.482,-8.733,-0.001,1.480,0.042
22.21,-8.694,0.015,-1.482,-8.733,-0.001,1.480,0.042
22.23,-8.694,0.015,-1.482,-8.733,-0.001,1.480,0.042
22.25,-8.751,0.015,-1.482,-8.795,-0.001,1.481,0.047
22.27,-8.751,0.015,-1.482,-8.795,-0.001,1.481,0.047
22.29,-8.791,0.016,-1.483,-8.833,-0.001,1.481,0.045
22.31,-8.791,0.016,-1.483,-8.833,-0.001,1.481,0.045
22.33,-8.831,0.016,-1.483,-8.871,-0.001,1.482,0.044
22.35,-8.831,0.016,-1.483,-8.871,-0.001,1.482,0.044
22.37,-8.879,0.017,-1.483,-8.912,-0.001,1.482,0.037
22.39,-8.879,0.017,-1.483,-8.912,-0.001,1.482,0.037
22.41,-8.918,0.018,-1.484,-8.949,-0.001,1.483,0.036
22.43,-8.918,0.018,-1.484,-8.949,-0.001,1.483,0.036
22.46,-8.957,0.019,-1.484,-8.987,-0.001,1.483,0.035
22.48,-8.957,0.019,-1.484,-8.987,-0.001,1.483,0.035
22.50,-8.996,0.019,-1.484,-9.029,-0.001,1.484,0.039
22.52,-8.996,0.019,-1.484,-9.029,-0.001,1.484,0.039
22.54,-9.035,0.020,-1.484,-9.067,-0.001,1.484,0.038
22.56,-9.035,0.020,-1.484,-9.067,-0.001,1.484,0.038
22.58,-9.088,0.020,-1.485,-9.106,-0.001,1.485,0.027
22.60,-9.088,0.020,-1.485,-9.106,-0.001,1.485,0.027
22.62,-9.126,0.020,-1.485,-9.145,-0.001,1.485,0.028
22.64,-9.126,0.020,-1.485,-9.145,-0.001,1.485,0.028
22.66,-9.163,0.021,-1.485,-9.189,-0.001,1.486,0.033
22.69,-9.163,0.021,-1.485,-9.189,-0.001,1.486,0.033
22.71,-9.201,0.021,-1.486,-9.231,-0.001,1.486,0.037
22.73,-9.201,0.021,-1.486,-9.231,-0.001,1.486,0.037
22.75,-9.201,0.021,-1.486,-9.231,-0.001,1.486,0.037
22.77,-9.253,0.022,-1.486,-9.290,-0.000,1.487,0.043
22.79,-9.253,0.022,-1.486,-9.290,-0.000,1.487,0.043
22.81,-9.290,0.022,-1.486,-9.329,-0.000,1.488,0.045
22.83,-9.290,0.022,-1.486,-9.329,-0.000,1.488,0.045
22.85,-9.326,0.022,-1.486,-9.369,-0.000,1.488,0.048
22.87,-9.326,0.022,-1.486,-9.369,-0.000,1.488,0.048
22.89,-9.370,0.022,-1.486,-9.409,-0.000,1.488,0.045
22.91,-9.370,0.022,-1.486,-9.409,-0.000,1.488,0.045
22.93,-9.406,0.023,-1.486,-9.451,-0.000,1.489,0.050
22.95,-9.406,0.023,-1.486,-9.451,-0.000,1.489,0.050
22.98,-9.442,0.023,-1.486,-9.489,-0.000,1.489,0.052
23.00,-9.442,0.023,-1.486,-9.489,-0.000,1.489,0.052
23.02,-9.478,0.023,-1.486,-9.532,-0.000,1.490,0.058
23.04,-9.478,0.023,-1.486,-9.532,-0.000,1.490,0.058
23.06,-9.514,0.023,-1.486,-9.573,-0.000,1.490,0.063
23.08,-9.514,0.023,-1.486,-9.573,-0.000,1.490,0.063
23.10,-9.565,0.022,-1.486,-9.613,-0.000,1.490,0.054
23.12,-9.565,0.022,-1.486,-9.613,-0.000,1.490,0.054
23.14,-9.601,0.022,-1.485,-9.653,-0.000,1.491,0.057
23.16,-9.601,0.022,-1.485,-9.653,-0.000,1.491,0.057
23.18,-9.637,0.021,-1.485,-9.695,-0.000,1.491,0.062
23.20,-9.637,0.021,-1.485,-9.695,-0.000,1.491,0.062
23.23,-9.673,0.021,-1.485,-9.735,-0.000,1.491,0.065
23.25,-9.673,0.021,-1.485,-9.735,-0.000,1.491,0.065
23.27,-9.673,0.021,-1.485,-9.735,-0.000,1.491,0.065
23.29,-9.724,0.020,-1.485,-9.799,-0.000,1.492,0.078
23.31,-9.724,0.020,-1.485,-9.799,-0.000,1.492,0.078
23.33,-9.761,0.020,-1.485,-9.839,-0.000,1.492,0.081
23.35,-9.761,0.020,-1.485,-9.839,-0.000,1.492,0.081
23.37,-9.805,0.019,-1.484,-9.880,-0.000,1.492,0.078
23.39,-9.805,0.019,-1.484,-9.880,-0.000,1.492,0.078
23.41,-9.842,0.018,-1.484,-9.922,-0.000,1.493,0.083
23.43,-9.842,0.018,-1.484,-9.922,-0.000,1.493,0.083
23.46,-9.879,0.018,-1.484,-9.962,-0.000,1.493,0.086
23.48,-9.879,0.018,-1.484,-9.962,-0.000,1.493,0.086
23.50,-9.916,0.017,-1.484,-10.006,-0.000,1.493,0.092
23.52,-9.916,0.017,-1.484,-10.006,-0.000,1.493,0.092
23.54,-9.953,0.017,-1.484,-10.047,-0.000,1.494,0.096
23.56,-9.953,0.017,-1.484,-10.047,-0.000,1.494,0.096
23.58,-9.991,0.017,-1.484,-10.088,-0.000,1.494,0.099
23.60,-9.991,0.017,-1.484,-10.088,-0.000,1.494,0.099
23.62,-10.043,0.017,-1.484,-10.128,-0.000,1.494,0.087
23.64,-10.043,0.017,-1.484,-10.128,-0.000,1.494,0.087
23.66,-10.081,0.017,-1.484,-10.131,-0.000,1.494,0.054
23.68,-10.081,0.017,-1.484,-10.131,-0.000,1.494,0.054
23.70,-10.119,0.018,-1.484,-10.172,-0.000,1.494,0.057
23.73,-10.119,0.018,-1.484,-10.172,-0.000,1.494,0.057
23.75,-10.119,0.018,-1.484,-10.172,-0.000,1.494,0.057
23.77,-10.173,0.019,-1.485,-10.236,-0.000,1.495,0.066
23.79,-10.173,0.019,-1.485,-10.236,-0.000,1.495,0.066
23.81,-10.211,0.019,-1.485,-10.277,-0.000,1.495,0.069
23.83,-10.211,0.019,-1.485,-10.277,-0.000,1.495,0.069
23.85,-10.250,0.020,-1.485,-10.317,-0.000,1.495,0.070
23.87,-10.250,0.020,-1.485,-10.317,-0.000,1.495,0.070
23.89,-10.289,0.020,-1.485,-10.357,-0.000,1.495,0.071
23.91,-10.289,0.020,-1.485,-10.357,-0.000,1.495,0.071
23.93,-10.336,0.021,-1.485,-10.397,-0.000,1.495,0.065
23.95,-10.336,0.021,-1.485,-10.397,-0.000,1.495,0.065
23.97,-10.376,0.021,-1.486,-10.437,-0.000,1.495,0.066
24.00,-10.376,0.021,-1.486,-10.437,-0.000,1.495,0.066
24.02,-10.415,0.021,-1.486,-10.478,-0.000,1.496,0.067
24.04,-10.415,0.021,-1.486,-10.478,-0.000,1.496,0.067
24.06,-10.454,0.022,-1.486,-10.518,-0.000,1.496,0.068
24.08,-10.454,0.022,-1.486,-10.518,-0.000,1.496,0.068
24.10,-10.509,0.022,-1.486,-10.555,-0.000,1.496,0.052
24.12,-10.509,0.022,-1.486,-10.555,-0.000,1.496,0.052
24.14,-10.548,0.022,-1.487,-10.592,-0.000,1.496,0.050
24.16,-10.548,0.022,-1.487,-10.592,-0.000,1.496,0.050
24.18,-10.587,0.022,-1.487,-10.629,-0.000,1.496,0.048
24.20,-10.587,0.022,-1.487,-10.629,-0.000,1.496,0.048
24.22,-10.626,0.022,-1.487,-10.666,-0.000,1.496,0.046
24.24,-10.626,0.022,-1.487,-10.666,-0.000,1.496,0.046
24.27,-10.626,0.022,-1.487,-10.666,-0.000,1.496,0.046
24.29,-10.680,0.023,-1.488,-10.720,-0.000,1.497,0.046
24.31,-10.680,0.023,-1.488,-10.720,-0.000,1.497,0.046
24.33,-10.719,0.022,-1.488,-10.755,-0.000,1.497,0.044
24.35,-10.719,0.022,-1.488,-10.755,-0.000,1.497,0.044
24.37,-10.757,0.022,-1.488,-10.788,-0.000,1.497,0.040
24.39,-10.757,0.022,-1.488,-10.788,-0.000,1.497,0.040
24.41,-10.794,0.022,-1.488,-10.821,-0.000,1.497,0.036
24.43,-10.794,0.022,-1.488,-10.821,-0.000,1.497,0.036
24.45,-10.839,0.022,-1.487,-10.854,-0.000,1.497,0.028
24.47,-10.839,0.022,-1.487,-10.854,-0.000,1.497,0.028
24.49,-10.876,0.021,-1.487,-10.886,-0.000,1.497,0.026
24.51,-10.876,0.021,-1.487,-10.886,-0.000,1.497,0.026
24.54,-10.913,0.021,-1.487,-10.916,-0.000,1.497,0.024
24.56,-10.913,0.021,-1.487,-10.916,-0.000,1.497,0.024
24.58,-10.949,0.022,-1.486,-10.947,-0.000,1.497,0.024
24.60,-10.949,0.022,-1.486,-10.947,-0.000,1.497,0.024
24.62,-10.985,0.022,-1.486,-10.977,-0.000,1.497,0.026
24.64,-10.985,0.022,-1.486,-10.977,-0.000,1.497,0.026
24.66,-11.034,0.022,-1.486,-10.966,-0.000,1.497,0.072
24.68,-11.034,0.022,-1.486,-10.966,-0.000,1.497,0.072
24.70,-11.069,0.022,-1.485,-10.994,-0.000,1.497,0.079
24.72,-11.069,0.022,-1.485,-10.994,-0.000,1.497,0.079
24.74,-11.069,0.022,-1.485,-10.994,-0.000,1.497,0.079
24.76,-11.116,0.022,-1.485,-11.034,-0.000,1.498,0.086
24.78,-11.116,0.022,-1.485,-11.034,-0.000,1.498,0.086
24.81,-11.150,0.022,-1.485,-11.059,-0.000,1.498,0.094
24.83,-11.150,0.022,-1.485,-11.059,-0.000,1.498,0.094
24.85,-11.183,0.021,-1.485,-11.085,-0.000,1.498,0.101
24.87,-11.183,0.021,-1.485,-11.085,-0.000,1.498,0.101
24.89,-11.215,0.021,-1.485,-11.109,-0.000,1.498,0.108
24.91,-11.215,0.021,-1.485,-11.109,-0.000,1.498,0.108
24.93,-11.246,0.021,-1.485,-11.132,-0.000,1.498,0.117
24.95,-11.246,0.021,-1.485,-11.132,-0.000,1.498,0.117
24.97,-11.277,0.021,-1.485,-11.155,-0.000,1.498,0.125
24.99,-11.277,0.021,-1.485,-11.155,-0.000,1.498,0.125
25.01,-11.313,0.020,-1.485,-11.177,-0.000,1.498,0.138
25.03,-11.313,0.020,-1.485,-11.177,-0.000,1.498,0.138
25.05,-11.342,0.020,-1.486,-11.198,-0.000,1.498,0.146
25.08,-11.342,0.020,-1.486,-11.198,-0.000,1.498,0.146
25.10,-11.370,0.020,-1.486,-11.218,-0.000,1.498,0.154
25.12,-11.370,0.020,-1.486,-11.218,-0.000,1.498,0.154
25.14,-11.397,0.019,-1.486,-11.239,-0.000,1.498,0.159
25.16,-11.397,0.019,-1.486,-11.239,-0.000,1.498,0.159
25.18,-11.433,0.018,-1.486,-11.258,-0.000,1.498,0.177
25.20,-11.433,0.018,-1.486,-11.258,-0.000,1.498,0.177
25.22,-11.458,0.017,-1.487,-11.276,-0.000,1.498,0.184
25.24,-11.458,0.017,-1.487,-11.276,-0.000,1.498,0.184
25.26,-11.458,0.017,-1.487,-11.276,-0.000,1.498,0.184
25.28,-11.491,0.016,-1.488,-11.302,-0.000,1.498,0.190
25.30,-11.491,0.016,-1.488,-11.302,-0.000,1.498,0.190
25.32,-11.514,0.015,-1.489,-11.318,-0.000,1.498,0.196
25.34,-11.514,0.015,-1.489,-11.318,-0.000,1.498,0.196
25.37,-11.535,0.014,-1.489,-11.333,-0.000,1.498,0.202
25.39,-11.535,0.014,-1.489,-11.333,-0.000,1.498,0.202
25.41,-11.555,0.013,-1.490,-11.350,-0.000,1.498,0.206
25.43,-11.555,0.013,-1.490,-11.350,-0.000,1.498,0.206
25.45,-11.574,0.012,-1.491,-11.364,-0.000,1.498,0.210
25.47,-11.574,0.012,-1.491,-11.364,-0.000,1.498,0.210
25.49,-11.592,0.011,-1.491,-11.378,-0.000,1.499,0.215
25.51,-11.592,0.011,-1.491,-11.378,-0.000,1.499,0.215
25.53,-11.612,0.010,-1.492,-11.391,-0.000,1.499,0.222
25.55,-11.612,0.010,-1.492,-11.391,-0.000,1.499,0.222
25.57,-11.628,0.009,-1.492,-11.404,-0.000,1.499,0.225
25.60,-11.628,0.009,-1.492,-11.404,-0.000,1.499,0.225
25.62,-11.643,0.007,-1.492,-11.416,-0.000,1.499,0.228
25.64,-11.643,0.007,-1.492,-11.416,-0.000,1.499,0.228
25.66,-11.658,0.006,-1.492,-11.429,-0.000,1.499,0.229
25.68,-11.658,0.006,-1.492,-11.429,-0.000,1.499,0.229
25.70,-11.676,0.004,-1.492,-11.440,-0.000,1.499,0.236
25.72,-11.676,0.004,-1.492,-11.440,-0.000,1.499,0.236
25.74,-11.689,0.002,-1.492,-11.451,-0.000,1.499,0.238
25.76,-11.689,0.002,-1.492,-11.451,-0.000,1.499,0.238
25.78,-11.689,0.002,-1.492,-11.451,-0.000,1.499,0.238
25.80,-11.705,-0.000,-1.492,-11.467,-0.000,1.499,0.238
25.82,-11.705,-0.000,-1.492,-11.467,-0.000,1.499,0.238
25.85,-11.715,-0.002,-1.491,-11.477,-0.000,1.499,0.238
25.87,-11.715,-0.002,-1.491,-11.477,-0.000,1.499,0.238
25.89,-11.725,-0.003,-1.491,-11.487,-0.000,1.499,0.238
25.91,-11.725,-0.003,-1.491,-11.487,-0.000,1.499,0.238
25.93,-11.734,-0.004,-1.491,-11.497,-0.000,1.499,0.237
25.95,-11.734,-0.004,-1.491,-11.497,-0.000,1.499,0.237
25.97,-11.742,-0.006,-1.491,-11.506,-0.000,1.499,0.236
25.99,-11.742,-0.006,-1.491,-11.506,-0.000,1.499,0.236
26.01,-11.750,-0.007,-1.491,-11.515,-0.000,1.499,0.235
26.03,-11.750,-0.007,-1.491,-11.515,-0.000,1.499,0.235
26.05,-11.759,-0.008,-1.491,-11.525,-0.000,1.499,0.234
26.08,-11.759,-0.008,-1.491,-11.525,-0.000,1.499,0.234
26.10,-11.765,-0.010,-1.491,-11.534,-0.000,1.499,0.231
26.12,-11.765,-0.010,-1.491,-11.534,-0.000,1.499,0.231
26.14,-11.771,-0.011,-1.491,-11.543,-0.000,1.499,0.228
26.16,-11.771,-0.011,-1.491,-11.543,-0.000,1.499,0.228
26.18,-11.779,-0.013,-1.492,-11.552,-0.000,1.499,0.227
26.20,-11.779,-0.013,-1.492,-11.552,-0.000,1.499,0.227
26.22,-11.783,-0.015,-1.492,-11.560,-0.000,1.499,0.224
26.24,-11.783,-0.015,-1.492,-11.560,-0.000,1.499,0.224
26.26,-11.783,-0.015,-1.492,-11.560,-0.000,1.499,0.224
26.28,-11.789,-0.018,-1.493,-11.573,-0.000,1.499,0.217
26.30,-11.789,-0.018,-1.493,-11.573,-0.000,1.499,0.217
26.33,-11.793,-0.020,-1.493,-11.582,-0.000,1.499,0.213
26.35,-11.793,-0.020,-1.493,-11.582,-0.000,1.499,0.213
26.37,-11.797,-0.022,-1.493,-11.591,-0.000,1.499,0.208
26.39,-11.797,-0.022,-1.493,-11.591,-0.000,1.499,0.208
26.41,-11.800,-0.023,-1.494,-11.599,-0.000,1.499,0.203
26.43,-11.800,-0.023,-1.494,-11.599,-0.000,1.499,0.203
26.45,-11.804,-0.025,-1.494,-11.608,-0.000,1.499,0.197
26.47,-11.804,-0.025,-1.494,-11.608,-0.000,1.499,0.197
26.49,-11.806,-0.027,-1.494,-11.616,-0.000,1.499,0.192
26.51,-11.806,-0.027,-1.494,-11.616,-0.000,1.499,0.192
26.53,-11.809,-0.030,-1.495,-11.625,-0.000,1.499,0.187
26.55,-11.809,-0.030,-1.495,-11.625,-0.000,1.499,0.187
26.57,-11.811,-0.032,-1.495,-11.634,-0.000,1.499,0.180
26.59,-11.811,-0.032,-1.495,-11.634,-0.000,1.499,0.180
26.62,-11.813,-0.033,-1.495,-11.643,-0.000,1.499,0.174
26.64,-11.813,-0.033,-1.495,-11.643,-0.000,1.499,0.174
26.66,-11.815,-0.035,-1.496,-11.653,-0.000,1.499,0.166
26.68,-11.815,-0.035,-1.496,-11.653,-0.000,1.499,0.166
26.70,-11.816,-0.037,-1.496,-11.662,-0.000,1.499,0.158
26.72,-11.816,-0.037,-1.496,-11.662,-0.000,1.499,0.158
26.74,-11.819,-0.039,-1.496,-11.672,-0.000,1.499,0.152
26.76,-11.819,-0.039,-1.496,-11.672,-0.000,1.499,0.152
26.78,-11.819,-0.039,-1.496,-11.672,-0.000,1.499,0.152
26.80,-11.821,-0.040,-1.497,-11.687,-0.000,1.499,0.139
26.82,-11.821,-0.040,-1.497,-11.687,-0.000,1.499,0.139
26.85,-11.822,-0.041,-1.497,-11.697,-0.000,1.499,0.132
26.87,-11.822,-0.041,-1.497,-11.697,-0.000,1.499,0.132
26.89,-11.824,-0.042,-1.497,-11.708,-0.000,1.499,0.122
26.91,-11.824,-0.042,-1.497,-11.708,-0.000,1.499,0.122
26.93,-11.825,-0.042,-1.498,-11.719,-0.000,1.499,0.114
26.95,-11.825,-0.042,-1.498,-11.719,-0.000,1.499,0.114
26.97,-11.827,-0.042,-1.498,-11.730,-0.000,1.499,0.106
26.99,-11.827,-0.042,-1.498,-11.730,-0.000,1.499,0.106
27.01,-11.829,-0.042,-1.499,-11.741,-0.000,1.499,0.098
27.03,-11.829,-0.042,-1.499,-11.741,-0.000,1.499,0.098
27.05,-11.831,-0.042,-1.499,-11.753,-0.000,1.499,0.089
27.07,-11.831,-0.042,-1.499,-11.753,-0.000,1.499,0.089
27.09,-11.833,-0.042,-1.499,-11.765,-0.000,1.499,0.081
27.12,-11.833,-0.042,-1.499,-11.765,-0.000,1.499,0.081
27.14,-11.836,-0.042,-1.500,-11.778,-0.000,1.499,0.072
27.16,-11.836,-0.042,-1.500,-11.778,-0.000,1.499,0.072
27.18,-11.838,-0.042,-1.500,-11.791,-0.000,1.500,0.063
27.20,-11.838,-0.042,-1.500,-11.791,-0.000,1.500,0.063
27.22,-11.841,-0.041,-1.500,-11.803,-0.000,1.500,0.056
27.24,-11.841,-0.041,-1.500,-11.803,-0.000,1.500,0.056
27.26,-11.841,-0.041,-1.500,-11.803,-0.000,1.500,0.056
27.28,-11.847,-0.040,-1.501,-11.823,-0.000,1.500,0.046
27.30,-11.847,-0.040,-1.501,-11.823,-0.000,1.500,0.046
27.32,-11.850,-0.039,-1.501,-11.838,-0.000,1.500,0.041
27.34,-11.850,-0.039,-1.501,-11.838,-0.000,1.500,0.041
27.37,-11.855,-0.038,-1.500,-11.852,-0.000,1.500,0.038
27.39,-11.855,-0.038,-1.500,-11.852,-0.000,1.500,0.038
27.41,-11.859,-0.038,-1.500,-11.868,-0.000,1.500,0.039
27.43,-11.859,-0.038,-1.500,-11.868,-0.000,1.500,0.039
27.45,-11.864,-0.037,-1.500,-11.883,-0.000,1.500,0.042
27.47,-11.864,-0.037,-1.500,-11.883,-0.000,1.500,0.042
27.49,-11.870,-0.037,-1.499,-11.883,-0.000,1.500,0.039
27.51,-11.870,-0.037,-1.499,-11.883,-0.000,1.500,0.039
27.53,-11.877,-0.036,-1.498,-11.883,-0.000,1.500,0.037
27.55,-11.877,-0.036,-1.498,-11.883,-0.000,1.500,0.037
27.57,-11.884,-0.036,-1.497,-11.883,-0.000,1.500,0.036
27.59,-11.884,-0.036,-1.497,-11.883,-0.000,1.500,0.036
27.61,-11.891,-0.035,-1.497,-11.883,-0.000,1.500,0.036
27.64,-11.891,-0.035,-1.497,-11.883,-0.000,1.500,0.036
27.66,-11.899,-0.035,-1.496,-11.883,-0.000,1.500,0.038
27.68,-11.899,-0.035,-1.496,-11.883,-0.000,1.500,0.038
27.70,-11.907,-0.034,-1.496,-11.883,-0.000,1.500,0.042
27.72,-11.907,-0.034,-1.496,-11.883,-0.000,1.500,0.042
27.74,-11.915,-0.034,-1.495,-11.883,-0.000,1.500,0.047
27.76,-11.915,-0.034,-1.495,-11.883,-0.000,1.500,0.047
27.78,-11.915,-0.034,-1.495,-11.883,-0.000,1.500,0.047
27.80,-11.929,-0.033,-1.495,-11.883,-0.000,1.500,0.057
27.82,-11.929,-0.033,-1.495,-11.883,-0.000,1.500,0.057
27.84,-11.937,-0.033,-1.495,-11.883,-0.000,1.500,0.063
27.86,-11.937,-0.033,-1.495,-11.883,-0.000,1.500,0.063
27.88,-11.943,-0.032,-1.495,-11.883,-0.000,1.500,0.068
27.90,-11.943,-0.032,-1.495,-11.883,-0.000,1.500,0.068
27.93,-11.949,-0.031,-1.495,-11.883,-0.000,1.500,0.073
27.95,-11.949,-0.031,-1.495,-11.883,-0.000,1.500,0.073
27.97,-11.954,-0.031,-1.495,-11.883,-0.000,1.500,0.077
27.99,-11.954,-0.031,-1.495,-11.883,-0.000,1.500,0.077
28.01,-11.958,-0.030,-1.494,-11.883,-0.000,1.500,0.081
28.03,-11.958,-0.030,-1.494,-11.883,-0.000,1.500,0.081
28.05,-11.962,-0.029,-1.494,-11.883,-0.000,1.500,0.084
28.07,-11.962,-0.029,-1.494,-11.883,-0.000,1.500,0.084
28.09,-11.965,-0.028,-1.493,-11.883,-0.000,1.500,0.087
28.11,-11.965,-0.028,-1.493,-11.883,-0.000,1.500,0.087
28.13,-11.967,-0.028,-1.493,-11.883,-0.000,1.500,0.088
28.16,-11.967,-0.028,-1.493,-11.883,-0.000,1.500,0.088
28.18,-11.968,-0.027,-1.493,-11.883,-0.000,1.500,0.089
28.20,-11.968,-0.027,-1.493,-11.883,-0.000,1.500,0.089
28.22,-11.969,-0.026,-1.492,-11.883,-0.000,1.500,0.090
28.24,-11.969,-0.026,-1.492,-11.883,-0.000,1.500,0.090
28.26,-11.969,-0.025,-1.492,-11.883,-0.000,1.500,0.090
28.28,-11.969,-0.025,-1.492,-11.883,-0.000,1.500,0.090
28.30,-11.969,-0.025,-1.492,-11.883,-0.000,1.500,0.090
28.32,-11.968,-0.025,-1.493,-11.883,-0.000,1.500,0.089
28.34,-11.968,-0.025,-1.493,-11.883,-0.000,1.500,0.089
28.36,-11.967,-0.024,-1.493,-11.883,-0.000,1.500,0.087
28.39,-11.967,-0.024,-1.493,-11.883,-0.000,1.500,0.087
28.41,-11.965,-0.023,-1.493,-11.883,-0.000,1.500,0.085
28.43,-11.965,-0.023,-1.493,-11.883,-0.000,1.500,0.085
28.45,-11.963,-0.023,-1.493,-11.883,-0.000,1.500,0.083
28.47,-11.963,-0.023,-1.493,-11.883,-0.000,1.500,0.083
28.49,-11.961,-0.022,-1.494,-11.883,-0.000,1.500,0.081
28.51,-11.961,-0.022,-1.494,-11.883,-0.000,1.500,0.081
28.53,-11.958,-0.020,-1.494,-11.883,-0.000,1.500,0.078
28.55,-11.958,-0.020,-1.494,-11.883,-0.000,1.500,0.078
28.57,-11.955,-0.019,-1.495,-11.883,-0.000,1.500,0.075
28.59,-11.955,-0.019,-1.495,-11.883,-0.000,1.500,0.075
28.62,-11.953,-0.018,-1.495,-11.883,-0.000,1.500,0.072
28.64,-11.953,-0.018,-1.495,-11.883,-0.000,1.500,0.072
28.66,-11.950,-0.016,-1.496,-11.883,-0.000,1.500,0.069
28.68,-11.950,-0.016,-1.496,-11.883,-0.000,1.500,0.069
28.70,-11.946,-0.014,-1.496,-11.883,-0.000,1.500,0.065
28.72,-11.946,-0.014,-1.496,-11.883,-0.000,1.500,0.065
28.74,-11.943,-0.013,-1.496,-11.883,-0.000,1.500,0.061
28.76,-11.943,-0.013,-1.496,-11.883,-0.000,1.500,0.061
28.78,-11.943,-0.013,-1.496,-11.883,-0.000,1.500,0.061
28.80,-11.939,-0.011,-1.496,-11.883,-0.000,1.500,0.057
28.82,-11.939,-0.011,-1.496,-11.883,-0.000,1.500,0.057
28.85,-11.936,-0.009,-1.496,-11.883,-0.000,1.500,0.054
28.87,-11.936,-0.009,-1.496,-11.883,-0.000,1.500,0.054
28.89,-11.933,-0.008,-1.496,-11.883,-0.000,1.500,0.051
28.91,-11.933,-0.008,-1.496,-11.883,-0.000,1.500,0.051
28.93,-11.930,-0.006,-1.495,-11.883,-0.000,1.500,0.048
28.95,-11.930,-0.006,-1.495,-11.883,-0.000,1.500,0.048
28.97,-11.928,-0.005,-1.495,-11.883,-0.000,1.500,0.045
28.99,-11.928,-0.005,-1.495,-11.883,-0.000,1.500,0.045
29.01,-11.924,-0.003,-1.494,-11.883,-0.000,1.500,0.042
29.03,-11.924,-0.003,-1.494,-11.883,-0.000,1.500,0.042
29.05,-11.922,-0.001,-1.493,-11.883,-0.000,1.500,0.039
29.07,-11.922,-0.001,-1.493,-11.883,-0.000,1.500,0.039
29.10,-11.919,0.000,-1.492,-11.883,-0.000,1.500,0.037
29.12,-11.919,0.000,-1.492,-11.883,-0.000,1.500,0.037
29.14,-11.916,0.001,-1.492,-11.883,-0.000,1.500,0.034
29.16,-11.916,0.001,-1.492,-11.883,-0.000,1.500,0.034
29.18,-11.914,0.003,-1.491,-11.883,-0.000,1.500,0.032
29.20,-11.914,0.003,-1.491,-11.883,-0.000,1.500,0.032
29.22,-11.911,0.005,-1.490,-11.883,-0.000,1.500,0.030
29.24,-11.911,0.005,-1.490,-11.883,-0.000,1.500,0.030
29.26,-11.909,0.006,-1.490,-11.883,-0.000,1.500,0.028
29.28,-11.909,0.006,-1.490,-11.883,-0.000,1.500,0.028
29.30,-11.909,0.006,-1.490,-11.883,-0.000,1.500,0.028
29.32,-11.907,0.008,-1.489,-11.883,-0.000,1.500,0.027
29.34,-11.907,0.008,-1.489,-11.883,-0.000,1.500,0.027
29.37,-11.905,0.009,-1.489,-11.883,-0.000,1.500,0.026
29.39,-11.905,0.009,-1.489,-11.883,-0.000,1.500,0.026
29.41,-11.903,0.010,-1.489,-11.883,-0.000,1.500,0.025
29.43,-11.903,0.010,-1.489,-11.883,-0.000,1.500,0.025
29.45,-11.902,0.011,-1.489,-11.883,-0.000,1.500,0.024
29.47,-11.902,0.011,-1.489,-11.883,-0.000,1.500,0.024
29.49,-11.901,0.011,-1.489,-11.883,-0.000,1.500,0.023
29.51,-11.901,0.011,-1.489,-11.883,-0.000,1.500,0.023
29.53,-11.899,0.012,-1.489,-11.883,-0.000,1.500,0.023
29.55,-11.899,0.012,-1.489,-11.883,-0.000,1.500,0.023
29.57,-11.898,0.013,-1.490,-11.883,-0.000,1.500,0.022
29.59,-11.898,0.013,-1.490,-11.883,-0.000,1.500,0.022
29.62,-11.897,0.014,-1.490,-11.883,-0.000,1.500,0.022
29.64,-11.897,0.014,-1.490,-11.883,-0.000,1.500,0.022
29.66,-11.896,0.014,-1.490,-11.883,-0.000,1.500,0.021
29.68,-11.896,0.014,-1.490,-11.883,-0.000,1.500,0.021
29.70,-11.895,0.015,-1.490,-11.883,-0.000,1.500,0.021
29.72,-11.895,0.015,-1.490,-11.883,-0.000,1.500,0.021
29.74,-11.893,0.015,-1.490,-11.883,-0.000,1.500,0.021
29.76,-11.893,0.015,-1.490,-11.883,-0.000,1.500,0.021
29.78,-11.893,0.015,-1.490,-11.883,-0.000,1.500,0.021
29.80,-11.892,0.015,-1.489,-11.883,-0.000,1.500,0.021
29.82,-11.892,0.015,-1.489,-11.883,-0.000,1.500,0.021
29.84,-11.891,0.016,-1.489,-11.883,-0.000,1.500,0.021
29.87,-11.891,0.016,-1.489,-11.883,-0.000,1.500,0.021
29.89,-11.890,0.016,-1.488,-11.883,-0.000,1.500,0.021
29.91,-11.890,0.016,-1.488,-11.883,-0.000,1.500,0.021
29.93,-11.890,0.016,-1.488,-11.883,-0.000,1.500,0.020
29.95,-11.890,0.016,-1.488,-11.883,-0.000,1.500,0.020
29.97,-11.889,0.015,-1.488,-11.883,-0.000,1.500,0.020
29.99,-11.889,0.015,-1.488,-11.883,-0.000,1.500,0.020
30.01,-11.888,0.015,-1.487,-11.883,-0.000,1.500,0.020
30.03,-11.888,0.015,-1.487,-11.883,-0.000,1.500,0.020
30.05,-11.888,0.015,-1.487,-11.883,-0.000,1.500,0.020
30.07,-11.888,0.015,-1.487,-11.883,-0.000,1.500,0.020
30.10,-11.888,0.014,-1.487,-11.883,-0.000,1.500,0.020
30.12,-11.888,0.014,-1.487,-11.883,-0.000,1.500,0.020
30.14,-11.888,0.014,-1.487,-11.883,-0.000,1.500,0.019
30.16,-11.888,0.014,-1.487,-11.883,-0.000,1.500,0.019
30.18,-11.888,0.013,-1.487,-11.883,-0.000,1.500,0.019
30.20,-11.888,0.013,-1.487,-11.883,-0.000,1.500,0.019
30.22,-11.888,0.012,-1.487,-11.883,-0.000,1.500,0.018
30.24,-11.888,0.012,-1.487,-11.883,-0.000,1.500,0.018
30.26,-11.888,0.011,-1.487,-11.883,-0.000,1.500,0.018
30.28,-11.888,0.011,-1.487,-11.883,-0.000,1.500,0.018
30.30,-11.888,0.011,-1.487,-11.883,-0.000,1.500,0.018
30.32,-11.887,0.010,-1.487,-11.883,-0.000,1.500,0.017
30.34,-11.887,0.010,-1.487,-11.883,-0.000,1.500,0.017
30.37,-11.887,0.010,-1.487,-11.883,-0.000,1.500,0.017
30.39,-11.887,0.010,-1.487,-11.883,-0.000,1.500,0.017
30.41,-11.887,0.009,-1.487,-11.883,-0.000,1.500,0.017
30.43,-11.887,0.009,-1.487,-11.883,-0.000,1.500,0.017
30.45,-11.887,0.009,-1.487,-11.883,-0.000,1.500,0.016
30.47,-11.887,0.009,-1.487,-11.883,-0.000,1.500,0.016
30.49,-11.887,0.008,-1.486,-11.883,-0.000,1.500,0.016
30.51,-11.887,0.008,-1.486,-11.883,-0.000,1.500,0.016
30.53,-11.887,0.008,-1.486,-11.883,-0.000,1.500,0.016
30.55,-11.887,0.008,-1.486,-11.883,-0.000,1.500,0.016
30.57,-11.887,0.007,-1.487,-11.883,-0.000,1.500,0.016
30.59,-11.887,0.007,-1.487,-11.883,-0.000,1.500,0.016
30.62,-11.887,0.007,-1.487,-11.883,-0.000,1.500,0.015
30.64,-11.887,0.007,-1.487,-11.883,-0.000,1.500,0.015
30.66,-11.887,0.006,-1.487,-11.883,-0.000,1.500,0.015
30.68,-11.887,0.006,-1.487,-11.883,-0.000,1.500,0.015
30.70,-11.887,0.006,-1.487,-11.883,-0.000,1.500,0.014
30.72,-11.887,0.006,-1.487,-11.883,-0.000,1.500,0.014
30.74,-11.886,0.006,-1.488,-11.883,-0.000,1.500,0.014
30.76,-11.886,0.006,-1.488,-11.883,-0.000,1.500,0.014
30.78,-11.886,0.006,-1.488,-11.883,-0.000,1.500,0.014
30.80,-11.886,0.006,-1.488,-11.883,-0.000,1.500,0.014
30.82,-11.886,0.006,-1.488,-11.883,-0.000,1.500,0.014
30.84,-11.886,0.006,-1.488,-11.883,-0.000,1.500,0.013
30.86,-11.886,0.006,-1.488,-11.883,-0.000,1.500,0.013
30.89,-11.885,0.006,-1.488,-11.883,-0.000,1.500,0.013
30.91,-11.885,0.006,-1.488,-11.883,-0.000,1.500,0.013
30.93,-11.885,0.006,-1.488,-11.883,-0.000,1.500,0.013
30.95,-11.885,0.006,-1.488,-11.883,-0.000,1.500,0.013
30.97,-11.884,0.006,-1.489,-11.883,-0.000,1.500,0.013
30.99,-11.884,0.006,-1.489,-11.883,-0.000,1.500,0.013
31.01,-11.884,0.007,-1.489,-11.883,-0.000,1.500,0.013
31.03,-11.884,0.007,-1.489,-11.883,-0.000,1.500,0.013
31.05,-11.884,0.007,-1.490,-11.883,-0.000,1.500,0.012
31.07,-11.884,0.007,-1.490,-11.883,-0.000,1.500,0.012
31.09,-11.883,0.007,-1.490,-11.883,-0.000,1.500,0.012
31.11,-11.883,0.007,-1.490,-11.883,-0.000,1.500,0.012
31.14,-11.883,0.008,-1.491,-11.883,-0.000,1.500,0.012
31.16,-11.883,0.008,-1.491,-11.883,-0.000,1.500,0.012
31.18,-11.882,0.008,-1.492,-11.883,-0.000,1.500,0.011
31.20,-11.882,0.008,-1.492,-11.883,-0.000,1.500,0.011
31.22,-11.882,0.009,-1.493,-11.883,-0.000,1.500,0.011
31.24,-11.882,0.009,-1.493,-11.883,-0.000,1.500,0.011
31.26,-11.881,0.009,-1.494,-11.883,-0.000,1.500,0.011
31.28,-11.881,0.009,-1.494,-11.883,-0.000,1.500,0.011
31.30,-11.881,0.009,-1.494,-11.883,-0.000,1.500,0.011
31.32,-11.880,0.010,-1.495,-11.883,-0.000,1.500,0.011
31.34,-11.880,0.010,-1.495,-11.883,-0.000,1.500,0.011
31.36,-11.880,0.010,-1.495,-11.883,-0.000,1.500,0.012
31.38,-11.880,0.010,-1.495,-11.883,-0.000,1.500,0.012
31.41,-11.879,0.010,-1.496,-11.883,-0.000,1.500,0.012
31.43,-11.879,0.010,-1.496,-11.883,-0.000,1.500,0.012
31.45,-11.878,0.011,-1.497,-11.883,-0.000,1.500,0.012
31.47,-11.878,0.011,-1.497,-11.883,-0.000,1.500,0.012
31.49,-11.877,0.011,-1.498,-11.883,-0.000,1.500,0.013
31.51,-11.877,0.011,-1.498,-11.883,-0.000,1.500,0.013
31.53,-11.876,0.011,-1.499,-11.883,-0.000,1.500,0.013
31.55,-11.876,0.011,-1.499,-11.883,-0.000,1.500,0.013
31.57,-11.875,0.011,-1.500,-11.883,-0.000,1.500,0.014
31.59,-11.875,0.011,-1.500,-11.883,-0.000,1.500,0.014
31.61,-11.874,0.011,-1.501,-11.883,-0.000,1.500,0.015
31.64,-11.874,0.011,-1.501,-11.883,-0.000,1.500,0.015
31.66,-11.873,0.012,-1.502,-11.883,-0.000,1.500,0.015
31.68,-11.873,0.012,-1.502,-11.883,-0.000,1.500,0.015
31.70,-11.873,0.012,-1.503,-11.883,-0.000,1.500,0.016
31.72,-11.873,0.012,-1.503,-11.883,-0.000,1.500,0.016
31.74,-11.872,0.012,-1.503,-11.883,-0.000,1.500,0.016
31.76,-11.872,0.012,-1.503,-11.883,-0.000,1.500,0.016
31.78,-11.872,0.012,-1.504,-11.883,-0.000,1.500,0.017
31.80,-11.872,0.012,-1.504,-11.883,-0.000,1.500,0.017
31.82,-11.872,0.012,-1.504,-11.883,-0.000,1.500,0.017
31.84,-11.872,0.012,-1.504,-11.883,-0.000,1.500,0.017
31.86,-11.872,0.012,-1.504,-11.883,-0.000,1.500,0.017
31.88,-11.872,0.012,-1.505,-11.883,-0.000,1.500,0.017
31.91,-11.872,0.012,-1.505,-11.883,-0.000,1.500,0.017
31.93,-11.873,0.011,-1.504,-11.883,-0.000,1.500,0.016
31.95,-11.873,0.011,-1.504,-11.883,-0.000,1.500,0.016
31.97,-11.873,0.011,-1.504,-11.883,-0.000,1.500,0.016
31.99,-11.873,0.011,-1.504,-11.883,-0.000,1.500,0.016
32.01,-11.874,0.011,-1.504,-11.883,-0.000,1.500,0.015
32.03,-11.874,0.011,-1.504,-11.883,-0.000,1.500,0.015
32.05,-11.874,0.011,-1.504,-11.883,-0.000,1.500,0.014
32.07,-11.874,0.011,-1.504,-11.883,-0.000,1.500,0.014
32.09,-11.875,0.011,-1.503,-11.883,-0.000,1.500,0.014
32.11,-11.875,0.011,-1.503,-11.883,-0.000,1.500,0.014
32.14,-11.876,0.010,-1.503,-11.883,-0.000,1.500,0.013
32.16,-11.876,0.010,-1.503,-11.883,-0.000,1.500,0.013
32.18,-11.877,0.010,-1.503,-11.883,-0.000,1.500,0.012
32.20,-11.877,0.010,-1.503,-11.883,-0.000,1.500,0.012
32.22,-11.878,0.009,-1.503,-11.883,-0.000,1.500,0.011
32.24,-11.878,0.009,-1.503,-11.883,-0.000,1.500,0.011
32.26,-11.878,0.009,-1.502,-11.883,-0.000,1.500,0.010
32.28,-11.878,0.009,-1.502,-11.883,-0.000,1.500,0.010
32.30,-11.878,0.009,-1.502,-11.883,-0.000,1.500,0.010
32.32,-11.879,0.008,-1.503,-11.883,-0.000,1.500,0.009
32.34,-11.879,0.008,-1.503,-11.883,-0.000,1.500,0.009
32.36,-11.880,0.007,-1.503,-11.883,-0.000,1.500,0.008
32.39,-11.880,0.007,-1.503,-11.883,-0.000,1.500,0.008
32.41,-11.881,0.006,-1.503,-11.883,-0.000,1.500,0.008
32.43,-11.881,0.006,-1.503,-11.883,-0.000,1.500,0.008
32.45,-11.881,0.006,-1.504,-11.883,-0.000,1.500,0.007
32.47,-11.881,0.006,-1.504,-11.883,-0.000,1.500,0.007
32.49,-11.882,0.005,-1.504,-11.883,-0.000,1.500,0.006
32.51,-11.882,0.005,-1.504,-11.883,-0.000,1.500,0.006
32.53,-11.882,0.003,-1.504,-11.883,-0.000,1.500,0.006
32.55,-11.882,0.003,-1.504,-11.883,-0.000,1.500,0.006
32.57,-11.882,0.002,-1.504,-11.883,-0.000,1.500,0.005
32.59,-11.882,0.002,-1.504,-11.883,-0.000,1.500,0.005
32.61,-11.883,0.001,-1.504,-11.883,-0.000,1.500,0.005
32.64,-11.883,0.001,-1.504,-11.883,-0.000,1.500,0.005
32.66,-11.883,-0.000,-1.505,-11.883,-0.000,1.500,0.005
32.68,-11.883,-0.000,-1.505,-11.883,-0.000,1.500,0.005
32.70,-11.884,-0.002,-1.505,-11.883,-0.000,1.500,0.006
32.72,-11.884,-0.002,-1.505,-11.883,-0.000,1.500,0.006
32.74,-11.884,-0.003,-1.506,-11.883,-0.000,1.500,0.007
32.76,-11.884,-0.003,-1.506,-11.883,-0.000,1.500,0.007
32.78,-11.885,-0.006,-1.506,-11.883,-0.000,1.500,0.009
32.80,-11.885,-0.006,-1.506,-11.883,-0.000,1.500,0.009
32.82,-11.885,-0.006,-1.506,-11.883,-0.000,1.500,0.009
32.84,-11.885,-0.009,-1.507,-11.883,-0.000,1.500,0.011
32.86,-11.885,-0.009,-1.507,-11.883,-0.000,1.500,0.011
32.89,-11.885,-0.011,-1.507,-11.883,-0.000,1.500,0.013
32.91,-11.885,-0.011,-1.507,-11.883,-0.000,1.500,0.013
32.93,-11.886,-0.013,-1.508,-11.883,-0.000,1.500,0.015
32.95,-11.886,-0.013,-1.508,-11.883,-0.000,1.500,0.015
32.97,-11.886,-0.015,-1.508,-11.883,-0.000,1.500,0.017
32.99,-11.886,-0.015,-1.508,-11.883,-0.000,1.500,0.017
33.01,-11.885,-0.017,-1.508,-11.883,-0.000,1.500,0.019
33.03,-11.885,-0.017,-1.508,-11.883,-0.000,1.500,0.019
33.05,-11.885,-0.019,-1.508,-11.883,-0.000,1.500,0.021
33.07,-11.885,-0.019,-1.508,-11.883,-0.000,1.500,0.021
33.09,-11.885,-0.020,-1.508,-11.883,-0.000,1.500,0.022
33.11,-11.885,-0.020,-1.508,-11.883,-0.000,1.500,0.022
33.13,-11.884,-0.022,-1.508,-11.883,-0.000,1.500,0.023
33.16,-11.884,-0.022,-1.508,-11.883,-0.000,1.500,0.023
33.18,-11.883,-0.023,-1.508,-11.883,-0.000,1.500,0.024
33.20,-11.883,-0.023,-1.508,-11.883,-0.000,1.500,0.024
33.22,-11.882,-0.024,-1.508,-11.883,-0.000,1.500,0.025
33.24,-11.882,-0.024,-1.508,-11.883,-0.000,1.500,0.025
33.26,-11.880,-0.025,-1.508,-11.883,-0.000,1.500,0.026
33.28,-11.880,-0.025,-1.508,-11.883,-0.000,1.500,0.026
33.30,-11.878,-0.025,-1.508,-11.883,-0.000,1.500,0.027
33.32,-11.878,-0.025,-1.508,-11.883,-0.000,1.500,0.027
33.34,-11.878,-0.025,-1.508,-11.883,-0.000,1.500,0.027
33.36,-11.876,-0.025,-1.508,-11.883,-0.000,1.500,0.028
33.38,-11.876,-0.025,-1.508,-11.883,-0.000,1.500,0.028
33.40,-11.873,-0.026,-1.508,-11.883,-0.000,1.500,0.029
33.43,-11.873,-0.026,-1.508,-11.883,-0.000,1.500,0.029
33.45,-11.871,-0.026,-1.508,-11.883,-0.000,1.500,0.030
33.47,-11.871,-0.026,-1.508,-11.883,-0.000,1.500,0.030
33.49,-11.869,-0.026,-1.507,-11.883,-0.000,1.500,0.031
33.51,-11.869,-0.026,-1.507,-11.883,-0.000,1.500,0.031
33.53,-11.866,-0.026,-1.507,-11.883,-0.000,1.500,0.032
33.55,-11.866,-0.026,-1.507,-11.883,-0.000,1.500,0.032
33.57,-11.864,-0.026,-1.507,-11.883,-0.000,1.500,0.033
33.59,-11.864,-0.026,-1.507,-11.883,-0.000,1.500,0.033
33.61,-11.861,-0.026,-1.506,-11.883,-0.000,1.500,0.035
33.63,-11.861,-0.026,-1.506,-11.883,-0.000,1.500,0.035
33.65,-11.859,-0.026,-1.506,-11.883,-0.000,1.500,0.037
33.68,-11.859,-0.026,-1.506,-11.883,-0.000,1.500,0.037
33.70,-11.856,-0.026,-1.506,-11.883,-0.000,1.500,0.038
33.72,-11.856,-0.026,-1.506,-11.883,-0.000,1.500,0.038
33.74,-11.854,-0.026,-1.506,-11.883,-0.000,1.500,0.040
33.76,-11.854,-0.026,-1.506,-11.883,-0.000,1.500,0.040
33.78,-11.851,-0.027,-1.506,-11.883,-0.000,1.500,0.043
33.80,-11.851,-0.027,-1.506,-11.883,-0.000,1.500,0.043
33.82,-11.851,-0.027,-1.506,-11.883,-0.000,1.500,0.043
33.84,-11.848,-0.027,-1.507,-11.883,-0.000,1.500,0.045
33.86,-11.848,-0.027,-1.507,-11.883,-0.000,1.500,0.045
33.89,-11.846,-0.027,-1.507,-11.883,-0.000,1.500,0.047
33.91,-11.846,-0.027,-1.507,-11.883,-0.000,1.500,0.047
33.93,-11.844,-0.028,-1.507,-11.883,-0.000,1.500,0.049
33.95,-11.844,-0.028,-1.507,-11.883,-0.000,1.500,0.049
33.97,-11.842,-0.028,-1.508,-11.883,-0.000,1.500,0.050
33.99,-11.842,-0.028,-1.508,-11.883,-0.000,1.500,0.050
34.01,-11.841,-0.029,-1.508,-11.883,-0.000,1.500,0.052
34.03,-11.841,-0.029,-1.508,-11.883,-0.000,1.500,0.052
34.05,-11.840,-0.030,-1.509,-11.883,-0.000,1.500,0.054
34.07,-11.840,-0.030,-1.509,-11.883,-0.000,1.500,0.054
34.09,-11.839,-0.031,-1.509,-11.883,-0.000,1.500,0.055
34.11,-11.839,-0.031,-1.509,-11.883,-0.000,1.500,0.055
34.13,-11.838,-0.032,-1.510,-11.883,-0.000,1.500,0.056
34.16,-11.838,-0.032,-1.510,-11.883,-0.000,1.500,0.056
34.18,-11.838,-0.033,-1.510,-11.883,-0.000,1.500,0.057
34.20,-11.838,-0.033,-1.510,-11.883,-0.000,1.500,0.057
34.22,-11.837,-0.033,-1.510,-11.883,-0.000,1.500,0.058
34.24,-11.837,-0.033,-1.510,-11.883,-0.000,1.500,0.058
34.26,-11.837,-0.034,-1.511,-11.883,-0.000,1.500,0.058
34.28,-11.837,-0.034,-1.511,-11.883,-0.000,1.500,0.058
34.30,-11.837,-0.034,-1.511,-11.883,-0.000,1.500,0.058
34.32,-11.837,-0.034,-1.511,-11.883,-0.000,1.500,0.058
34.34,-11.837,-0.034,-1.511,-11.883,-0.000,1.500,0.058
34.36,-11.838,-0.034,-1.512,-11.883,-0.000,1.500,0.058
34.38,-11.838,-0.034,-1.512,-11.883,-0.000,1.500,0.058
34.40,-11.838,-0.034,-1.512,-11.883,-0.000,1.500,0.058
34.43,-11.838,-0.034,-1.512,-11.883,-0.000,1.500,0.058
34.45,-11.839,-0.034,-1.512,-11.883,-0.000,1.500,0.057
34.47,-11.839,-0.034,-1.512,-11.883,-0.000,1.500,0.057
34.49,-11.840,-0.035,-1.512,-11.883,-0.000,1.500,0.057
34.51,-11.840,-0.035,-1.512,-11.883,-0.000,1.500,0.057
34.53,-11.841,-0.035,-1.512,-11.883,-0.000,1.500,0.056
34.55,-11.841,-0.035,-1.512,-11.883,-0.000,1.500,0.056
34.57,-11.842,-0.034,-1.512,-11.883,-0.000,1.500,0.055
34.59,-11.842,-0.034,-1.512,-11.883,-0.000,1.500,0.055
34.61,-11.844,-0.034,-1.512,-11.883,-0.000,1.500,0.053
34.63,-11.844,-0.034,-1.512,-11.883,-0.000,1.500,0.053
34.65,-11.845,-0.034,-1.511,-11.883,-0.000,1.500,0.052
34.67,-11.845,-0.034,-1.511,-11.883,-0.000,1.500,0.052
34.70,-11.846,-0.033,-1.511,-11.883,-0.000,1.500,0.051
34.72,-11.846,-0.033,-1.511,-11.883,-0.000,1.500,0.051
34.74,-11.847,-0.032,-1.510,-11.883,-0.000,1.500,0.050
34.76,-11.847,-0.032,-1.510,-11.883,-0.000,1.500,0.050
34.78,-11.848,-0.031,-1.510,-11.883,-0.000,1.500,0.048
34.80,-11.848,-0.031,-1.510,-11.883,-0.000,1.500,0.048
34.82,-11.848,-0.031,-1.510,-11.883,-0.000,1.500,0.048
34.84,-11.849,-0.030,-1.509,-11.883,-0.000,1.500,0.046
34.86,-11.849,-0.030,-1.509,-11.883,-0.000,1.500,0.046
34.88,-11.850,-0.029,-1.508,-11.883,-0.000,1.500,0.045
34.90,-11.850,-0.029,-1.508,-11.883,-0.000,1.500,0.045
34.93,-11.850,-0.028,-1.507,-11.883,-0.000,1.500,0.044
34.95,-11.850,-0.028,-1.507,-11.883,-0.000,1.500,0.044
34.97,-11.851,-0.026,-1.507,-11.883,-0.000,1.500,0.042
34.99,-11.851,-0.026,-1.507,-11.883,-0.000,1.500,0.042
35.01,-11.851,-0.025,-1.506,-11.883,-0.000,1.500,0.041
35.03,-11.851,-0.025,-1.506,-11.883,-0.000,1.500,0.041
35.05,-11.851,-0.024,-1.505,-11.883,-0.000,1.500,0.040
35.07,-11.851,-0.024,-1.505,-11.883,-0.000,1.500,0.040
35.09,-11.851,-0.022,-1.504,-11.883,-0.000,1.500,0.039
35.11,-11.851,-0.022,-1.504,-11.883,-0.000,1.500,0.039
35.13,-11.852,-0.021,-1.503,-11.883,-0.000,1.500,0.038
35.15,-11.852,-0.021,-1.503,-11.883,-0.000,1.500,0.038
35.17,-11.852,-0.019,-1.502,-11.883,-0.000,1.500,0.037
35.20,-11.852,-0.019,-1.502,-11.883,-0.000,1.500,0.037
35.22,-11.852,-0.018,-1.501,-11.883,-0.000,1.500,0.036
35.24,-11.852,-0.018,-1.501,-11.883,-0.000,1.500,0.036
35.26,-11.852,-0.017,-1.500,-11.883,-0.000,1.500,0.035
35.28,-11.852,-0.017,-1.500,-11.883,-0.000,1.500,0.035
35.30,-11.853,-0.016,-1.500,-11.883,-0.000,1.500,0.034
35.32,-11.853,-0.016,-1.500,-11.883,-0.000,1.500,0.034
35.34,-11.853,-0.016,-1.500,-11.883,-0.000,1.500,0.034
35.36,-11.854,-0.015,-1.499,-11.883,-0.000,1.500,0.033
35.38,-11.854,-0.015,-1.499,-11.883,-0.000,1.500,0.033
35.40,-11.854,-0.014,-1.499,-11.883,-0.000,1.500,0.032
35.42,-11.854,-0.014,-1.499,-11.883,-0.000,1.500,0.032
35.45,-11.855,-0.013,-1.499,-11.883,-0.000,1.500,0.032
35.47,-11.855,-0.013,-1.499,-11.883,-0.000,1.500,0.032
35.49,-11.855,-0.013,-1.499,-11.883,-0.000,1.500,0.031
35.51,-11.855,-0.013,-1.499,-11.883,-0.000,1.500,0.031
35.53,-11.856,-0.012,-1.499,-11.883,-0.000,1.500,0.030
35.55,-11.856,-0.012,-1.499,-11.883,-0.000,1.500,0.030
35.57,-11.856,-0.012,-1.499,-11.883,-0.000,1.500,0.029
35.59,-11.856,-0.012,-1.499,-11.883,-0.000,1.500,0.029
35.61,-11.857,-0.011,-1.499,-11.883,-0.000,1.500,0.028
35.63,-11.857,-0.011,-1.499,-11.883,-0.000,1.500,0.028
35.65,-11.857,-0.011,-1.499,-11.883,-0.000,1.500,0.028
35.67,-11.857,-0.011,-1.499,-11.883,-0.000,1.500,0.028
35.69,-11.858,-0.010,-1.499,-11.883,-0.000,1.500,0.027
35.72,-11.858,-0.010,-1.499,-11.883,-0.000,1.500,0.027
35.74,-11.858,-0.010,-1.500,-11.883,-0.000,1.500,0.027
35.76,-11.858,-0.010,-1.500,-11.883,-0.000,1.500,0.027
35.78,-11.859,-0.009,-1.500,-11.883,-0.000,1.500,0.026
35.80,-11.859,-0.009,-1.500,-11.883,-0.000,1.500,0.026
35.82,-11.860,-0.009,-1.500,-11.883,-0.000,1.500,0.025
35.84,-11.860,-0.009,-1.500,-11.883,-0.000,1.500,0.025
35.86,-11.860,-0.009,-1.500,-11.883,-0.000,1.500,0.025
35.88,-11.861,-0.008,-1.500,-11.883,-0.000,1.500,0.024
35.90,-11.861,-0.008,-1.500,-11.883,-0.000,1.500,0.024
35.92,-11.861,-0.008,-1.499,-11.883,-0.000,1.500,0.023
35.94,-11.861,-0.008,-1.499,-11.883,-0.000,1.500,0.023
35.97,-11.862,-0.008,-1.499,-11.883,-0.000,1.500,0.022
35.99,-11.862,-0.008,-1.499,-11.883,-0.000,1.500,0.022
36.01,-11.863,-0.008,-1.499,-11.883,-0.000,1.500,0.021
36.03,-11.863,-0.008,-1.499,-11.883,-0.000,1.500,0.021
36.05,-11.864,-0.008,-1.499,-11.883,-0.000,1.500,0.020
36.07,-11.864,-0.008,-1.499,-11.883,-0.000,1.500,0.020
36.09,-11.865,-0.008,-1.499,-11.883,-0.000,1.500,0.020
36.11,-11.865,-0.008,-1.499,-11.883,-0.000,1.500,0.020
36.13,-11.866,-0.008,-1.498,-11.883,-0.000,1.500,0.019
36.15,-11.866,-0.008,-1.498,-11.883,-0.000,1.500,0.019
36.17,-11.867,-0.008,-1.498,-11.883,-0.000,1.500,0.018
36.19,-11.867,-0.008,-1.498,-11.883,-0.000,1.500,0.018
36.22,-11.869,-0.009,-1.498,-11.883,-0.000,1.500,0.017
36.24,-11.869,-0.009,-1.498,-11.883,-0.000,1.500,0.017
36.26,-11.870,-0.009,-1.498,-11.883,-0.000,1.500,0.016
36.28,-11.870,-0.009,-1.498,-11.883,-0.000,1.500,0.016
36.30,-11.871,-0.009,-1.498,-11.883,-0.000,1.500,0.015
36.32,-11.871,-0.009,-1.498,-11.883,-0.000,1.500,0.015
36.34,-11.871,-0.009,-1.498,-11.883,-0.000,1.500,0.015
36.36,-11.873,-0.010,-1.498,-11.883,-0.000,1.500,0.014
36.38,-11.873,-0.010,-1.498,-11.883,-0.000,1.500,0.014
36.40,-11.875,-0.010,-1.498,-11.883,-0.000,1.500,0.013
36.42,-11.875,-0.010,-1.498,-11.883,-0.000,1.500,0.013
36.44,-11.876,-0.010,-1.498,-11.883,-0.000,1.500,0.013
36.47,-11.876,-0.010,-1.498,-11.883,-0.000,1.500,0.013
36.49,-11.877,-0.011,-1.497,-11.883,-0.000,1.500,0.012
36.51,-11.877,-0.011,-1.497,-11.883,-0.000,1.500,0.012
36.53,-11.878,-0.011,-1.497,-11.883,-0.000,1.500,0.012
36.55,-11.878,-0.011,-1.497,-11.883,-0.000,1.500,0.012
36.57,-11.880,-0.011,-1.497,-11.883,-0.000,1.500,0.012
36.59,-11.880,-0.011,-1.497,-11.883,-0.000,1.500,0.012
36.61,-11.881,-0.011,-1.497,-11.883,-0.000,1.500,0.011
36.63,-11.881,-0.011,-1.497,-11.883,-0.000,1.500,0.011
36.65,-11.882,-0.010,-1.497,-11.883,-0.000,1.500,0.011
36.67,-11.882,-0.010,-1.497,-11.883,-0.000,1.500,0.011
36.69,-11.883,-0.010,-1.498,-11.883,-0.000,1.500,0.011
36.71,-11.883,-0.010,-1.498,-11.883,-0.000,1.500,0.011
36.74,-11.884,-0.010,-1.498,-11.883,-0.000,1.500,0.010
36.76,-11.884,-0.010,-1.498,-11.883,-0.000,1.500,0.010
36.78,-11.885,-0.010,-1.498,-11.883,-0.000,1.500,0.010
36.80,-11.885,-0.010,-1.498,-11.883,-0.000,1.500,0.010
36.82,-11.886,-0.010,-1.499,-11.883,-0.000,1.500,0.010
36.84,-11.886,-0.010,-1.499,-11.883,-0.000,1.500,0.010
36.86,-11.886,-0.010,-1.499,-11.883,-0.000,1.500,0.010
36.88,-11.887,-0.009,-1.500,-11.883,-0.000,1.500,0.010
36.90,-11.887,-0.009,-1.500,-11.883,-0.000,1.500,0.010
36.92,-11.887,-0.009,-1.501,-11.883,-0.000,1.500,0.010
36.94,-11.887,-0.009,-1.501,-11.883,-0.000,1.500,0.010
36.96,-11.888,-0.008,-1.502,-11.883,-0.000,1.500,0.010
36.99,-11.888,-0.008,-1.502,-11.883,-0.000,1.500,0.010
37.01,-11.888,-0.008,-1.503,-11.883,-0.000,1.500,0.010
37.03,-11.888,-0.008,-1.503,-11.883,-0.000,1.500,0.010
37.05,-11.888,-0.007,-1.503,-11.883,-0.000,1.500,0.010
37.07,-11.888,-0.007,-1.503,-11.883,-0.000,1.500,0.010
37.09,-11.889,-0.007,-1.504,-11.883,-0.000,1.500,0.010
37.11,-11.889,-0.007,-1.504,-11.883,-0.000,1.500,0.010
37.13,-11.889,-0.006,-1.504,-11.883,-0.000,1.500,0.009
37.15,-11.889,-0.006,-1.504,-11.883,-0.000,1.500,0.009
37.17,-11.889,-0.005,-1.505,-11.883,-0.000,1.500,0.009
37.19,-11.889,-0.005,-1.505,-11.883,-0.000,1.500,0.009
37.21,-11.890,-0.003,-1.505,-11.883,-0.000,1.500,0.009
37.23,-11.890,-0.003,-1.505,-11.883,-0.000,1.500,0.009
37.26,-11.890,-0.002,-1.505,-11.883,-0.000,1.500,0.009
37.28,-11.890,-0.002,-1.505,-11.883,-0.000,1.500,0.009
37.30,-11.890,-0.001,-1.506,-11.883,-0.000,1.500,0.009
37.32,-11.890,-0.001,-1.506,-11.883,-0.000,1.500,0.009
37.34,-11.890,-0.001,-1.506,-11.883,-0.000,1.500,0.009
37.36,-11.889,0.001,-1.506,-11.883,-0.000,1.500,0.009
37.38,-11.889,0.001,-1.506,-11.883,-0.000,1.500,0.009
37.40,-11.889,0.003,-1.506,-11.883,-0.000,1.500,0.009
37.42,-11.889,0.003,-1.506,-11.883,-0.000,1.500,0.009
37.44,-11.888,0.004,-1.506,-11.883,-0.000,1.500,0.009
37.46,-11.888,0.004,-1.506,-11.883,-0.000,1.500,0.009
37.48,-11.888,0.005,-1.506,-11.883,-0.000,1.500,0.010
37.51,-11.888,0.005,-1.506,-11.883,-0.000,1.500,0.010
37.53,-11.887,0.007,-1.507,-11.883,-0.000,1.500,0.010
37.55,-11.887,0.007,-1.507,-11.883,-0.000,1.500,0.010
37.57,-11.886,0.008,-1.507,-11.883,-0.000,1.500,0.011
37.59,-11.886,0.008,-1.507,-11.883,-0.000,1.500,0.011
37.61,-11.885,0.010,-1.507,-11.883,-0.000,1.500,0.012
37.63,-11.885,0.010,-1.507,-11.883,-0.000,1.500,0.012
37.65,-11.885,0.011,-1.507,-11.883,-0.000,1.500,0.013
37.67,-11.885,0.011,-1.507,-11.883,-0.000,1.500,0.013
37.69,-11.884,0.013,-1.507,-11.883,-0.000,1.500,0.015
37.71,-11.884,0.013,-1.507,-11.883,-0.000,1.500,0.015
37.73,-11.883,0.014,-1.507,-11.883,-0.000,1.500,0.016
37.75,-11.883,0.014,-1.507,-11.883,-0.000,1.500,0.016
37.78,-11.882,0.015,-1.507,-11.883,-0.000,1.500,0.017
37.80,-11.882,0.015,-1.507,-11.883,-0.000,1.500,0.017
37.82,-11.882,0.017,-1.506,-11.883,-0.000,1.500,0.018
37.84,-11.882,0.017,-1.506,-11.883,-0.000,1.500,0.018
37.86,-11.882,0.017,-1.506,-11.883,-0.000,1.500,0.018
37.88,-11.880,0.019,-1.506,-11.883,-0.000,1.500,0.020
37.90,-11.880,0.019,-1.506,-11.883,-0.000,1.500,0.020
37.92,-11.879,0.020,-1.505,-11.883,-0.000,1.500,0.021
37.94,-11.879,0.020,-1.505,-11.883,-0.000,1.500,0.021
37.96,-11.878,0.021,-1.504,-11.883,-0.000,1.500,0.022
37.98,-11.878,0.021,-1.504,-11.883,-0.000,1.500,0.022
38.00,-11.877,0.022,-1.504,-11.883,-0.000,1.500,0.023
38.02,-11.877,0.022,-1.504,-11.883,-0.000,1.500,0.023
38.05,-11.876,0.023,-1.503,-11.883,-0.000,1.500,0.024
38.07,-11.876,0.023,-1.503,-11.883,-0.000,1.500,0.024
38.09,-11.876,0.023,-1.502,-11.883,-0.000,1.500,0.024
38.11,-11.876,0.023,-1.502,-11.883,-0.000,1.500,0.024
38.13,-11.875,0.024,-1.502,-11.883,-0.000,1.500,0.025
38.15,-11.875,0.024,-1.502,-11.883,-0.000,1.500,0.025
38.17,-11.874,0.024,-1.501,-11.883,-0.000,1.500,0.026
38.19,-11.874,0.024,-1.501,-11.883,-0.000,1.500,0.026
38.21,-11.873,0.025,-1.501,-11.883,-0.000,1.500,0.027
38.23,-11.873,0.025,-1.501,-11.883,-0.000,1.500,0.027
38.25,-11.872,0.025,-1.501,-11.883,-0.000,1.500,0.027
38.27,-11.872,0.025,-1.501,-11.883,-0.000,1.500,0.027
38.30,-11.872,0.026,-1.500,-11.883,-0.000,1.500,0.028
38.32,-11.872,0.026,-1.500,-11.883,-0.000,1.500,0.028
38.34,-11.871,0.026,-1.500,-11.883,-0.000,1.500,0.029
38.36,-11.871,0.026,-1.500,-11.883,-0.000,1.500,0.029
38.38,-11.871,0.026,-1.500,-11.883,-0.000,1.500,0.029
38.40,-11.870,0.026,-1.500,-11.883,-0.000,1.500,0.029
38.42,-11.870,0.026,-1.500,-11.883,-0.000,1.500,0.029
38.44,-11.870,0.026,-1.500,-11.883,-0.000,1.500,0.029
38.46,-11.870,0.026,-1.500,-11.883,-0.000,1.500,0.029
38.48,-11.869,0.025,-1.500,-11.883,-0.000,1.500,0.029
38.50,-11.869,0.025,-1.500,-11.883,-0.000,1.500,0.029
38.52,-11.869,0.025,-1.500,-11.883,-0.000,1.500,0.029
38.54,-11.869,0.025,-1.500,-11.883,-0.000,1.500,0.029
38.57,-11.869,0.025,-1.500,-11.883,-0.000,1.500,0.029
38.59,-11.869,0.025,-1.500,-11.883,-0.000,1.500,0.029
38.61,-11.869,0.024,-1.500,-11.883,-0.000,1.500,0.028
38.63,-11.869,0.024,-1.500,-11.883,-0.000,1.500,0.028
38.65,-11.868,0.024,-1.500,-11.883,-0.000,1.500,0.028
38.67,-11.868,0.024,-1.500,-11.883,-0.000,1.500,0.028
38.69,-11.868,0.023,-1.500,-11.883,-0.000,1.500,0.027
38.71,-11.868,0.023,-1.500,-11.883,-0.000,1.500,0.027
38.73,-11.868,0.022,-1.500,-11.883,-0.000,1.500,0.027
38.75,-11.868,0.022,-1.500,-11.883,-0.000,1.500,0.027
38.77,-11.868,0.021,-1.500,-11.883,-0.000,1.500,0.026
38.79,-11.868,0.021,-1.500,-11.883,-0.000,1.500,0.026
38.81,-11.869,0.020,-1.500,-11.883,-0.000,1.500,0.025
38.84,-11.869,0.020,-1.500,-11.883,-0.000,1.500,0.025
38.86,-11.869,0.020,-1.500,-11.883,-0.000,1.500,0.025
38.88,-11.869,0.019,-1.499,-11.883,-0.000,1.500,0.024
38.90,-11.869,0.019,-1.499,-11.883,-0.000,1.500,0.024
38.92,-11.869,0.018,-1.498,-11.883,-0.000,1.500,0.023
38.94,-11.869,0.018,-1.498,-11.883,-0.000,1.500,0.023
38.96,-11.870,0.017,-1.498,-11.883,-0.000,1.500,0.022
38.98,-11.870,0.017,-1.498,-11.883,-0.000,1.500,0.022
39.00,-11.871,0.017,-1.497,-11.883,-0.000,1.500,0.021
39.02,-11.871,0.017,-1.497,-11.883,-0.000,1.500,0.021
39.04,-11.871,0.017,-1.497,-11.883,-0.000,1.500,0.021
39.06,-11.871,0.017,-1.497,-11.883,-0.000,1.500,0.021
39.09,-11.872,0.016,-1.496,-11.883,-0.000,1.500,0.020
39.11,-11.872,0.016,-1.496,-11.883,-0.000,1.500,0.020
39.13,-11.873,0.016,-1.496,-11.883,-0.000,1.500,0.020
39.15,-11.873,0.016,-1.496,-11.883,-0.000,1.500,0.020
39.17,-11.873,0.016,-1.495,-11.883,-0.000,1.500,0.019
39.19,-11.873,0.016,-1.495,-11.883,-0.000,1.500,0.019
39.21,-11.874,0.016,-1.495,-11.883,-0.000,1.500,0.019
39.23,-11.874,0.016,-1.495,-11.883,-0.000,1.500,0.019
39.25,-11.875,0.015,-1.495,-11.883,-0.000,1.500,0.018
39.27,-11.875,0.015,-1.495,-11.883,-0.000,1.500,0.018
39.29,-11.875,0.015,-1.495,-11.883,-0.000,1.500,0.018
39.32,-11.875,0.015,-1.495,-11.883,-0.000,1.500,0.018
39.34,-11.876,0.015,-1.495,-11.883,-0.000,1.500,0.017
39.36,-11.876,0.015,-1.495,-11.883,-0.000,1.500,0.017
39.38,-11.876,0.015,-1.495,-11.883,-0.000,1.500,0.017
39.40,-11.877,0.015,-1.495,-11.883,-0.000,1.500,0.017
39.42,-11.877,0.015,-1.495,-11.883,-0.000,1.500,0.017
39.44,-11.878,0.015,-1.496,-11.883,-0.000,1.500,0.016
39.46,-11.878,0.015,-1.496,-11.883,-0.000,1.500,0.016
39.48,-11.879,0.015,-1.496,-11.883,-0.000,1.500,0.015
39.50,-11.879,0.015,-1.496,-11.883,-0.000,1.500,0.015
39.52,-11.880,0.015,-1.497,-11.883,-0.000,1.500,0.015
39.54,-11.880,0.015,-1.497,-11.883,-0.000,1.500,0.015
39.56,-11.882,0.015,-1.497,-11.883,-0.000,1.500,0.015
39.58,-11.882,0.015,-1.497,-11.883,-0.000,1.500,0.015
39.61,-11.883,0.015,-1.498,-11.883,-0.000,1.500,0.015
39.63,-11.883,0.015,-1.498,-11.883,-0.000,1.500,0.015
39.65,-11.884,0.015,-1.498,-11.883,-0.000,1.500,0.015
39.67,-11.884,0.015,-1.498,-11.883,-0.000,1.500,0.015
39.69,-11.885,0.015,-1.499,-11.883,-0.000,1.500,0.015
39.71,-11.885,0.015,-1.499,-11.883,-0.000,1.500,0.015
39.73,-11.887,0.015,-1.499,-11.883,-0.000,1.500,0.015
39.75,-11.887,0.015,-1.499,-11.883,-0.000,1.500,0.015
39.77,-11.888,0.015,-1.499,-11.883,-0.000,1.500,0.015
39.79,-11.888,0.015,-1.499,-11.883,-0.000,1.500,0.015
39.81,-11.889,0.014,-1.499,-11.883,-0.000,1.500,0.015
39.83,-11.889,0.014,-1.499,-11.883,-0.000,1.500,0.015
39.86,-11.890,0.013,-1.499,-11.883,-0.000,1.500,0.015
39.88,-11.890,0.013,-1.499,-11.883,-0.000,1.500,0.015
39.90,-11.890,0.013,-1.499,-11.883,-0.000,1.500,0.015
39.92,-11.891,0.012,-1.499,-11.883,-0.000,1.500,0.014
39.94,-11.891,0.012,-1.499,-11.883,-0.000,1.500,0.014
39.96,-11.891,0.011,-1.499,-11.883,-0.000,1.500,0.014
39.98,-11.891,0.011,-1.499,-11.883,-0.000,1.500,0.014
40.00,-11.892,0.010,-1.499,-11.883,-0.000,1.500,0.013
40.02,-11.892,0.010,-1.499,-11.883,-0.000,1.500,0.013
40.04,-11.893,0.008,-1.499,-11.883,-0.000,1.500,0.013
40.06,-11.893,0.008,-1.499,-11.883,-0.000,1.500,0.013
40.08,-11.893,0.007,-1.499,-11.883,-0.000,1.500,0.012
40.11,-11.893,0.007,-1.499,-11.883,-0.000,1.500,0.012
40.13,-11.894,0.006,-1.499,-11.883,-0.000,1.500,0.012
40.15,-11.894,0.006,-1.499,-11.883,-0.000,1.500,0.012
40.17,-11.894,0.005,-1.498,-11.883,-0.000,1.500,0.012
40.19,-11.894,0.005,-1.498,-11.883,-0.000,1.500,0.012
40.21,-11.894,0.004,-1.498,-11.883,-0.000,1.500,0.012
40.23,-11.894,0.004,-1.498,-11.883,-0.000,1.500,0.012
40.25,-11.895,0.003,-1.498,-11.883,-0.000,1.500,0.012
40.27,-11.895,0.003,-1.498,-11.883,-0.000,1.500,0.012
40.29,-11.894,0.003,-1.497,-11.883,-0.000,1.500,0.012
40.31,-11.894,0.003,-1.497,-11.883,-0.000,1.500,0.012
40.33,-11.894,0.002,-1.497,-11.883,-0.000,1.500,0.012
40.35,-11.894,0.002,-1.497,-11.883,-0.000,1.500,0.012
40.38,-11.894,0.002,-1.497,-11.883,-0.000,1.500,0.012
40.40,-11.894,0.001,-1.496,-11.883,-0.000,1.500,0.011
40.42,-11.894,0.001,-1.496,-11.883,-0.000,1.500,0.011
40.44,-11.893,0.000,-1.496,-11.883,-0.000,1.500,0.011
40.46,-11.893,0.000,-1.496,-11.883,-0.000,1.500,0.011
40.48,-11.892,-0.000,-1.496,-11.883,-0.000,1.500,0.010
40.50,-11.892,-0.000,-1.496,-11.883,-0.000,1.500,0.010
40.52,-11.891,-0.001,-1.496,-11.883,-0.000,1.500,0.009
40.54,-11.891,-0.001,-1.496,-11.883,-0.000,1.500,0.009
40.56,-11.891,-0.002,-1.495,-11.883,-0.000,1.500,0.009
40.58,-11.891,-0.002,-1.495,-11.883,-0.000,1.500,0.009
40.61,-11.890,-0.002,-1.495,-11.883,-0.000,1.500,0.008
40.63,-11.890,-0.002,-1.495,-11.883,-0.000,1.500,0.008
40.65,-11.889,-0.003,-1.495,-11.883,-0.000,1.500,0.008
40.67,-11.889,-0.003,-1.495,-11.883,-0.000,1.500,0.008
40.69,-11.888,-0.004,-1.495,-11.883,-0.000,1.500,0.007
40.71,-11.888,-0.004,-1.495,-11.883,-0.000,1.500,0.007
40.73,-11.886,-0.004,-1.495,-11.883,-0.000,1.500,0.007
40.75,-11.886,-0.004,-1.495,-11.883,-0.000,1.500,0.007
40.77,-11.885,-0.005,-1.495,-11.883,-0.000,1.500,0.007
40.79,-11.885,-0.005,-1.495,-11.883,-0.000,1.500,0.007
40.81,-11.884,-0.005,-1.495,-11.883,-0.000,1.500,0.007
40.83,-11.884,-0.005,-1.495,-11.883,-0.000,1.500,0.007
40.85,-11.883,-0.006,-1.495,-11.883,-0.000,1.500,0.007
40.88,-11.883,-0.006,-1.495,-11.883,-0.000,1.500,0.007
40.90,-11.883,-0.006,-1.495,-11.883,-0.000,1.500,0.007
40.92,-11.881,-0.006,-1.496,-11.883,-0.000,1.500,0.007
40.94,-11.881,-0.006,-1.496,-11.883,-0.000,1.500,0.007
40.96,-11.880,-0.006,-1.496,-11.883,-0.000,1.500,0.007
40.98,-11.880,-0.006,-1.496,-11.883,-0.000,1.500,0.007
41.00,-11.879,-0.005,-1.497,-11.883,-0.000,1.500,0.007
41.02,-11.879,-0.005,-1.497,-11.883,-0.000,1.500,0.007
41.04,-11.878,-0.005,-1.497,-11.883,-0.000,1.500,0.007
41.06,-11.878,-0.005,-1.497,-11.883,-0.000,1.500,0.007
41.08,-11.877,-0.004,-1.497,-11.883,-0.000,1.500,0.007
41.10,-11.877,-0.004,-1.497,-11.883,-0.000,1.500,0.007
41.12,-11.877,-0.003,-1.498,-11.883,-0.000,1.500,0.007
41.15,-11.877,-0.003,-1.498,-11.883,-0.000,1.500,0.007
41.17,-11.877,-0.002,-1.498,-11.883,-0.000,1.500,0.007
41.19,-11.877,-0.002,-1.498,-11.883,-0.000,1.500,0.007
41.21,-11.877,-0.001,-1.499,-11.883,-0.000,1.500,0.007
41.23,-11.877,-0.001,-1.499,-11.883,-0.000,1.500,0.007
41.25,-11.877,-0.001,-1.500,-11.883,-0.000,1.500,0.007
41.27,-11.877,-0.001,-1.500,-11.883,-0.000,1.500,0.007
41.29,-11.877,0.000,-1.500,-11.883,-0.000,1.500,0.006
41.31,-11.877,0.000,-1.500,-11.883,-0.000,1.500,0.006
41.33,-11.877,0.001,-1.501,-11.883,-0.000,1.500,0.006
41.35,-11.877,0.001,-1.501,-11.883,-0.000,1.500,0.006
41.37,-11.877,0.001,-1.501,-11.883,-0.000,1.500,0.006
41.39,-11.878,0.002,-1.501,-11.883,-0.000,1.500,0.006
41.42,-11.878,0.002,-1.501,-11.883,-0.000,1.500,0.006
41.44,-11.879,0.003,-1.502,-11.883,-0.000,1.500,0.005
41.46,-11.879,0.003,-1.502,-11.883,-0.000,1.500,0.005
41.48,-11.880,0.003,-1.502,-11.883,-0.000,1.500,0.005
41.50,-11.880,0.003,-1.502,-11.883,-0.000,1.500,0.005
41.52,-11.881,0.004,-1.502,-11.883,-0.000,1.500,0.005
41.54,-11.881,0.004,-1.502,-11.883,-0.000,1.500,0.005
41.56,-11.882,0.004,-1.502,-11.883,-0.000,1.500,0.005
41.58,-11.882,0.004,-1.502,-11.883,-0.000,1.500,0.005
41.60,-11.883,0.005,-1.503,-11.883,-0.000,1.500,0.006
41.62,-11.883,0.005,-1.503,-11.883,-0.000,1.500,0.006
41.64,-11.884,0.005,-1.503,-11.883,-0.000,1.500,0.006
41.67,-11.884,0.005,-1.503,-11.883,-0.000,1.500,0.006
41.69,-11.885,0.005,-1.503,-11.883,-0.000,1.500,0.007
41.71,-11.885,0.005,-1.503,-11.883,-0.000,1.500,0.007
41.73,-11.886,0.006,-1.503,-11.883,-0.000,1.500,0.007
41.75,-11.886,0.006,-1.503,-11.883,-0.000,1.500,0.007
41.77,-11.887,0.006,-1.503,-11.883,-0.000,1.500,0.008
41.79,-11.887,0.006,-1.503,-11.883,-0.000,1.500,0.008
41.81,-11.888,0.006,-1.504,-11.883,-0.000,1.500,0.009
41.83,-11.888,0.006,-1.504,-11.883,-0.000,1.500,0.009
41.85,-11.889,0.006,-1.504,-11.883,-0.000,1.500,0.009
41.87,-11.889,0.006,-1.504,-11.883,-0.000,1.500,0.009
41.89,-11.889,0.006,-1.504,-11.883,-0.000,1.500,0.009
41.92,-11.889,0.006,-1.505,-11.883,-0.000,1.500,0.010
41.94,-11.889,0.006,-1.505,-11.883,-0.000,1.500,0.010
41.96,-11.890,0.006,-1.505,-11.883,-0.000,1.500,0.010
41.98,-11.890,0.006,-1.505,-11.883,-0.000,1.500,0.010
42.00,-11.890,0.006,-1.506,-11.883,-0.000,1.500,0.011
42.02,-11.890,0.006,-1.506,-11.883,-0.000,1.500,0.011
42.04,-11.890,0.006,-1.506,-11.883,-0.000,1.500,0.011
42.06,-11.890,0.006,-1.506,-11.883,-0.000,1.500,0.011
42.08,-11.889,0.006,-1.507,-11.883,-0.000,1.500,0.011
42.10,-11.889,0.006,-1.507,-11.883,-0.000,1.500,0.011
42.12,-11.889,0.005,-1.507,-11.883,-0.000,1.500,0.011
42.14,-11.889,0.005,-1.507,-11.883,-0.000,1.500,0.011
42.16,-11.889,0.005,-1.508,-11.883,-0.000,1.500,0.011
42.19,-11.889,0.005,-1.508,-11.883,-0.000,1.500,0.011
42.21,-11.889,0.004,-1.508,-11.883,-0.000,1.500,0.011
42.23,-11.889,0.004,-1.508,-11.883,-0.000,1.500,0.011
42.25,-11.888,0.004,-1.508,-11.883,-0.000,1.500,0.011
42.27,-11.888,0.004,-1.508,-11.883,-0.000,1.500,0.011
42.29,-11.888,0.003,-1.508,-11.883,-0.000,1.500,0.010
42.31,-11.888,0.003,-1.508,-11.883,-0.000,1.500,0.010
42.33,-11.888,0.002,-1.509,-11.883,-0.000,1.500,0.010
42.35,-11.888,0.002,-1.509,-11.883,-0.000,1.500,0.010
42.37,-11.888,0.001,-1.509,-11.883,-0.000,1.500,0.011
42.39,-11.888,0.001,-1.509,-11.883,-0.000,1.500,0.011
42.41,-11.888,0.001,-1.509,-11.883,-0.000,1.500,0.011
42.43,-11.887,0.000,-1.510,-11.883,-0.000,1.500,0.011
42.46,-11.887,0.000,-1.510,-11.883,-0.000,1.500,0.011
42.48,-11.887,-0.001,-1.510,-11.883,-0.000,1.500,0.011
42.50,-11.887,-0.001,-1.510,-11.883,-0.000,1.500,0.011
42.52,-11.888,-0.001,-1.510,-11.883,-0.000,1.500,0.012
42.54,-11.888,-0.001,-1.510,-11.883,-0.000,1.500,0.012
42.56,-11.888,-0.002,-1.511,-11.883,-0.000,1.500,0.012
42.58,-11.888,-0.002,-1.511,-11.883,-0.000,1.500,0.012
42.60,-11.888,-0.002,-1.511,-11.883,-0.000,1.500,0.013
42.62,-11.888,-0.002,-1.511,-11.883,-0.000,1.500,0.013
42.64,-11.889,-0.003,-1.511,-11.883,-0.000,1.500,0.013
42.66,-11.889,-0.003,-1.511,-11.883,-0.000,1.500,0.013
42.68,-11.889,-0.003,-1.511,-11.883,-0.000,1.500,0.013
42.71,-11.889,-0.003,-1.511,-11.883,-0.000,1.500,0.013
42.73,-11.890,-0.003,-1.511,-11.883,-0.000,1.500,0.014
42.75,-11.890,-0.003,-1.511,-11.883,-0.000,1.500,0.014
42.77,-11.891,-0.003,-1.511,-11.883,-0.000,1.500,0.014
42.79,-11.891,-0.003,-1.511,-11.883,-0.000,1.500,0.014
42.81,-11.892,-0.003,-1.511,-11.883,-0.000,1.500,0.015
42.83,-11.892,-0.003,-1.511,-11.883,-0.000,1.500,0.015
42.85,-11.892,-0.002,-1.511,-11.883,-0.000,1.500,0.015
42.87,-11.892,-0.002,-1.511,-11.883,-0.000,1.500,0.015
42.89,-11.892,-0.002,-1.511,-11.883,-0.000,1.500,0.015
42.91,-11.894,-0.002,-1.511,-11.883,-0.000,1.500,0.016
42.93,-11.894,-0.002,-1.511,-11.883,-0.000,1.500,0.016
42.95,-11.894,-0.002,-1.511,-11.883,-0.000,1.500,0.016
42.98,-11.894,-0.002,-1.511,-11.883,-0.000,1.500,0.016
43.00,-11.895,-0.002,-1.511,-11.883,-0.000,1.500,0.016
43.02,-11.895,-0.002,-1.511,-11.883,-0.000,1.500,0.016
43.04,-11.895,-0.002,-1.511,-11.883,-0.000,1.500,0.017
43.06,-11.895,-0.002,-1.511,-11.883,-0.000,1.500,0.017
43.08,-11.896,-0.002,-1.511,-11.883,-0.000,1.500,0.017
43.10,-11.896,-0.002,-1.511,-11.883,-0.000,1.500,0.017
43.12,-11.896,-0.003,-1.511,-11.883,-0.000,1.500,0.017
43.14,-11.896,-0.003,-1.511,-11.883,-0.000,1.500,0.017
43.16,-11.896,-0.003,-1.510,-11.883,-0.000,1.500,0.017
43.18,-11.896,-0.003,-1.510,-11.883,-0.000,1.500,0.017
43.20,-11.896,-0.003,-1.510,-11.883,-0.000,1.500,0.017
43.23,-11.896,-0.003,-1.510,-11.883,-0.000,1.500,0.017
43.25,-11.896,-0.002,-1.510,-11.883,-0.000,1.500,0.017
43.27,-11.896,-0.002,-1.510,-11.883,-0.000,1.500,0.017
43.29,-11.896,-0.002,-1.510,-11.883,-0.000,1.500,0.017
43.31,-11.896,-0.002,-1.510,-11.883,-0.000,1.500,0.017
43.33,-11.896,-0.002,-1.510,-11.883,-0.000,1.500,0.017
43.35,-11.896,-0.002,-1.510,-11.883,-0.000,1.500,0.017
43.37,-11.896,-0.002,-1.510,-11.883,-0.000,1.500,0.017
43.39,-11.896,-0.002,-1.510,-11.883,-0.000,1.500,0.017
43.41,-11.896,-0.002,-1.510,-11.883,-0.000,1.500,0.017
43.43,-11.896,-0.001,-1.510,-11.883,-0.000,1.500,0.017
43.45,-11.896,-0.001,-1.510,-11.883,-0.000,1.500,0.017
43.48,-11.896,-0.001,-1.511,-11.883,-0.000,1.500,0.017
43.50,-11.896,-0.001,-1.511,-11.883,-0.000,1.500,0.017
43.52,-11.897,-0.001,-1.511,-11.883,-0.000,1.500,0.018
43.54,-11.897,-0.001,-1.511,-11.883,-0.000,1.500,0.018
43.56,-11.897,-0.000,-1.512,-11.883,-0.000,1.500,0.018
43.58,-11.897,-0.000,-1.512,-11.883,-0.000,1.500,0.018
43.60,-11.897,0.000,-1.513,-11.883,-0.000,1.500,0.019
43.62,-11.897,0.000,-1.513,-11.883,-0.000,1.500,0.019
43.64,-11.898,0.001,-1.513,-11.883,-0.000,1.500,0.020
43.66,-11.898,0.001,-1.513,-11.883,-0.000,1.500,0.020
43.68,-11.898,0.001,-1.514,-11.883,-0.000,1.500,0.021
43.70,-11.898,0.001,-1.514,-11.883,-0.000,1.500,0.021
43.73,-11.898,0.001,-1.515,-11.883,-0.000,1.500,0.021
43.75,-11.898,0.001,-1.515,-11.883,-0.000,1.500,0.021
43.77,-11.899,0.002,-1.515,-11.883,-0.000,1.500,0.022
43.79,-11.899,0.002,-1.515,-11.883,-0.000,1.500,0.022
43.81,-11.899,0.002,-1.516,-11.883,-0.000,1.500,0.023
43.83,-11.899,0.002,-1.516,-11.883,-0.000,1.500,0.023
43.85,-11.899,0.002,-1.517,-11.883,-0.000,1.500,0.023
43.87,-11.899,0.002,-1.517,-11.883,-0.000,1.500,0.023
43.89,-11.899,0.002,-1.517,-11.883,-0.000,1.500,0.023
43.91,-11.898,0.003,-1.518,-11.883,-0.000,1.500,0.024
43.93,-11.898,0.003,-1.518,-11.883,-0.000,1.500,0.024
43.95,-11.898,0.003,-1.518,-11.883,-0.000,1.500,0.024
43.97,-11.898,0.003,-1.518,-11.883,-0.000,1.500,0.024
44.00,-11.897,0.003,-1.519,-11.883,-0.000,1.500,0.024
44.02,-11.897,0.003,-1.519,-11.883,-0.000,1.500,0.024
44.04,-11.897,0.003,-1.519,-11.883,-0.000,1.500,0.024
44.06,-11.897,0.003,-1.519,-11.883,-0.000,1.500,0.024
44.08,-11.896,0.003,-1.519,-11.883,-0.000,1.500,0.023
44.10,-11.896,0.003,-1.519,-11.883,-0.000,1.500,0.023
44.12,-11.895,0.002,-1.519,-11.883,-0.000,1.500,0.023
44.14,-11.895,0.002,-1.519,-11.883,-0.000,1.500,0.023
44.16,-11.894,0.002,-1.519,-11.883,-0.000,1.500,0.022
44.18,-11.894,0.002,-1.519,-11.883,-0.000,1.500,0.022
44.20,-11.893,0.002,-1.518,-11.883,-0.000,1.500,0.021
44.22,-11.893,0.002,-1.518,-11.883,-0.000,1.500,0.021
44.25,-11.891,0.002,-1.518,-11.883,-0.000,1.500,0.020
44.27,-11.891,0.002,-1.518,-11.883,-0.000,1.500,0.020
44.29,-11.890,0.002,-1.517,-11.883,-0.000,1.500,0.019
44.31,-11.890,0.002,-1.517,-11.883,-0.000,1.500,0.019
44.33,-11.889,0.003,-1.517,-11.883,-0.000,1.500,0.018
44.35,-11.889,0.003,-1.517,-11.883,-0.000,1.500,0.018
44.37,-11.888,0.003,-1.516,-11.883,-0.000,1.500,0.017
44.39,-11.888,0.003,-1.516,-11.883,-0.000,1.500,0.017
44.41,-11.888,0.003,-1.516,-11.883,-0.000,1.500,0.017
44.43,-11.886,0.004,-1.515,-11.883,-0.000,1.500,0.016
44.45,-11.886,0.004,-1.515,-11.883,-0.000,1.500,0.016
44.47,-11.885,0.004,-1.514,-11.883,-0.000,1.500,0.015
44.49,-11.885,0.004,-1.514,-11.883,-0.000,1.500,0.015
44.52,-11.884,0.005,-1.513,-11.883,-0.000,1.500,0.014
44.54,-11.884,0.005,-1.513,-11.883,-0.000,1.500,0.014
44.56,-11.883,0.006,-1.512,-11.883,-0.000,1.500,0.014
44.58,-11.883,0.006,-1.512,-11.883,-0.000,1.500,0.014
44.60,-11.882,0.007,-1.511,-11.883,-0.000,1.500,0.014
44.62,-11.882,0.007,-1.511,-11.883,-0.000,1.500,0.014
44.64,-11.881,0.008,-1.510,-11.883,-0.000,1.500,0.014
44.66,-11.881,0.008,-1.510,-11.883,-0.000,1.500,0.014
44.68,-11.881,0.009,-1.510,-11.883,-0.000,1.500,0.014
44.70,-11.881,0.009,-1.510,-11.883,-0.000,1.500,0.014
44.72,-11.880,0.010,-1.509,-11.883,-0.000,1.500,0.014
44.74,-11.880,0.010,-1.509,-11.883,-0.000,1.500,0.014
44.76,-11.880,0.011,-1.508,-11.883,-0.000,1.500,0.015
44.79,-11.880,0.011,-1.508,-11.883,-0.000,1.500,0.015
44.81,-11.880,0.012,-1.508,-11.883,-0.000,1.500,0.015
44.83,-11.880,0.012,-1.508,-11.883,-0.000,1.500,0.015
44.85,-11.880,0.013,-1.507,-11.883,-0.000,1.500,0.016
44.87,-11.880,0.013,-1.507,-11.883,-0.000,1.500,0.016
44.89,-11.880,0.014,-1.507,-11.883,-0.000,1.500,0.016
44.91,-11.880,0.014,-1.507,-11.883,-0.000,1.500,0.016
44.93,-11.880,0.014,-1.507,-11.883,-0.000,1.500,0.016
44.95,-11.880,0.016,-1.506,-11.883,-0.000,1.500,0.017
44.97,-11.880,0.016,-1.506,-11.883,-0.000,1.500,0.017
44.99,-11.879,0.017,-1.505,-11.883,-0.000,1.500,0.018
45.01,-11.879,0.017,-1.505,-11.883,-0.000,1.500,0.018
45.03,-11.879,0.017,-1.504,-11.883,-0.000,1.500,0.018
45.06,-11.879,0.017,-1.504,-11.883,-0.000,1.500,0.018
45.08,-11.879,0.017,-1.504,-11.883,-0.000,1.500,0.018
45.10,-11.879,0.017,-1.504,-11.883,-0.000,1.500,0.018
45.12,-11.878,0.018,-1.503,-11.883,-0.000,1.500,0.019
45.14,-11.878,0.018,-1.503,-11.883,-0.000,1.500,0.019
45.16,-11.878,0.018,-1.503,-11.883,-0.000,1.500,0.019
45.18,-11.878,0.018,-1.503,-11.883,-0.000,1.500,0.019
45.20,-11.877,0.017,-1.502,-11.883,-0.000,1.500,0.019
45.22,-11.877,0.017,-1.502,-11.883,-0.000,1.500,0.019
45.24,-11.877,0.017,-1.502,-11.883,-0.000,1.500,0.018
45.26,-11.877,0.017,-1.502,-11.883,-0.000,1.500,0.018
45.29,-11.876,0.016,-1.502,-11.883,-0.000,1.500,0.018
45.31,-11.876,0.016,-1.502,-11.883,-0.000,1.500,0.018
45.33,-11.875,0.016,-1.501,-11.883,-0.000,1.500,0.018
45.35,-11.875,0.016,-1.501,-11.883,-0.000,1.500,0.018
45.37,-11.875,0.015,-1.501,-11.883,-0.000,1.500,0.017
45.39,-11.875,0.015,-1.501,-11.883,-0.000,1.500,0.017
45.41,-11.875,0.015,-1.501,-11.883,-0.000,1.500,0.017
45.43,-11.873,0.014,-1.501,-11.883,-0.000,1.500,0.017
45.45,-11.873,0.014,-1.501,-11.883,-0.000,1.500,0.017
45.47,-11.872,0.013,-1.500,-11.883,-0.000,1.500,0.017
45.49,-11.872,0.013,-1.500,-11.883,-0.000,1.500,0.017
45.51,-11.871,0.012,-1.500,-11.883,-0.000,1.500,0.017
45.54,-11.871,0.012,-1.500,-11.883,-0.000,1.500,0.017
45.56,-11.870,0.012,-1.499,-11.883,-0.000,1.500,0.018
45.58,-11.870,0.012,-1.499,-11.883,-0.000,1.500,0.018
45.60,-11.869,0.011,-1.499,-11.883,-0.000,1.500,0.018
45.62,-11.869,0.011,-1.499,-11.883,-0.000,1.500,0.018
45.64,-11.867,0.010,-1.499,-11.883,-0.000,1.500,0.019
45.66,-11.867,0.010,-1.499,-11.883,-0.000,1.500,0.019
45.68,-11.866,0.010,-1.499,-11.883,-0.000,1.500,0.020
45.70,-11.866,0.010,-1.499,-11.883,-0.000,1.500,0.020
45.72,-11.865,0.009,-1.499,-11.883,-0.000,1.500,0.020
45.74,-11.865,0.009,-1.499,-11.883,-0.000,1.500,0.020
45.76,-11.864,0.009,-1.499,-11.883,-0.000,1.500,0.022
45.78,-11.864,0.009,-1.499,-11.883,-0.000,1.500,0.022
45.81,-11.862,0.009,-1.499,-11.883,-0.000,1.500,0.023
45.83,-11.862,0.009,-1.499,-11.883,-0.000,1.500,0.023
45.85,-11.861,0.009,-1.499,-11.883,-0.000,1.500,0.024
45.87,-11.861,0.009,-1.499,-11.883,-0.000,1.500,0.024
45.89,-11.860,0.010,-1.499,-11.883,-0.000,1.500,0.025
45.91,-11.860,0.010,-1.499,-11.883,-0.000,1.500,0.025
45.93,-11.860,0.010,-1.499,-11.883,-0.000,1.500,0.025
45.95,-11.858,0.011,-1.499,-11.883,-0.000,1.500,0.027
45.97,-11.858,0.011,-1.499,-11.883,-0.000,1.500,0.027
45.99,-11.857,0.012,-1.499,-11.883,-0.000,1.500,0.029
46.01,-11.857,0.012,-1.499,-11.883,-0.000,1.500,0.029
46.03,-11.856,0.012,-1.499,-11.883,-0.000,1.500,0.030
46.06,-11.856,0.012,-1.499,-11.883,-0.000,1.500,0.030
46.08,-11.855,0.013,-1.499,-11.883,-0.000,1.500,0.031
46.10,-11.855,0.013,-1.499,-11.883,-0.000,1.500,0.031
46.12,-11.854,0.014,-1.500,-11.883,-0.000,1.500,0.032
46.14,-11.854,0.014,-1.500,-11.883,-0.000,1.500,0.032
46.16,-11.853,0.014,-1.500,-11.883,-0.000,1.500,0.033
46.18,-11.853,0.014,-1.500,-11.883,-0.000,1.500,0.033
46.20,-11.852,0.015,-1.500,-11.883,-0.000,1.500,0.034
46.22,-11.852,0.015,-1.500,-11.883,-0.000,1.500,0.034
46.24,-11.852,0.016,-1.501,-11.883,-0.000,1.500,0.035
46.26,-11.852,0.016,-1.501,-11.883,-0.000,1.500,0.035
46.28,-11.851,0.016,-1.501,-11.883,-0.000,1.500,0.036
46.30,-11.851,0.016,-1.501,-11.883,-0.000,1.500,0.036
46.33,-11.850,0.017,-1.501,-11.883,-0.000,1.500,0.037
46.35,-11.850,0.017,-1.501,-11.883,-0.000,1.500,0.037
46.37,-11.850,0.017,-1.501,-11.883,-0.000,1.500,0.037
46.39,-11.850,0.017,-1.501,-11.883,-0.000,1.500,0.037
46.41,-11.850,0.018,-1.501,-11.883,-0.000,1.500,0.038
46.43,-11.850,0.018,-1.501,-11.883,-0.000,1.500,0.038
46.45,-11.850,0.018,-1.501,-11.883,-0.000,1.500,0.038
46.47,-11.851,0.018,-1.501,-11.883,-0.000,1.500,0.037
46.49,-11.851,0.018,-1.501,-11.883,-0.000,1.500,0.037
46.51,-11.852,0.019,-1.501,-11.883,-0.000,1.500,0.037
46.53,-11.852,0.019,-1.501,-11.883,-0.000,1.500,0.037
46.55,-11.853,0.019,-1.501,-11.883,-0.000,1.500,0.036
46.58,-11.853,0.019,-1.501,-11.883,-0.000,1.500,0.036
46.60,-11.854,0.019,-1.501,-11.883,-0.000,1.500,0.035
46.62,-11.854,0.019,-1.501,-11.883,-0.000,1.500,0.035
46.64,-11.855,0.019,-1.501,-11.883,-0.000,1.500,0.034
46.66,-11.855,0.019,-1.501,-11.883,-0.000,1.500,0.034
46.68,-11.857,0.019,-1.501,-11.883,-0.000,1.500,0.032
46.70,-11.857,0.019,-1.501,-11.883,-0.000,1.500,0.032
46.72,-11.860,0.019,-1.500,-11.883,-0.000,1.500,0.030
46.74,-11.860,0.019,-1.500,-11.883,-0.000,1.500,0.030
46.76,-11.862,0.019,-1.500,-11.883,-0.000,1.500,0.028
46.78,-11.862,0.019,-1.500,-11.883,-0.000,1.500,0.028
46.80,-11.864,0.019,-1.500,-11.883,-0.000,1.500,0.027
46.82,-11.864,0.019,-1.500,-11.883,-0.000,1.500,0.027
46.85,-11.867,0.019,-1.500,-11.883,-0.000,1.500,0.025
46.87,-11.867,0.019,-1.500,-11.883,-0.000,1.500,0.025
46.89,-11.870,0.019,-1.500,-11.883,-0.000,1.500,0.023
46.91,-11.870,0.019,-1.500,-11.883,-0.000,1.500,0.023
46.93,-11.870,0.019,-1.500,-11.883,-0.000,1.500,0.023
46.95,-11.874,0.019,-1.500,-11.883,-0.000,1.500,0.021
46.97,-11.874,0.019,-1.500,-11.883,-0.000,1.500,0.021
46.99,-11.876,0.019,-1.500,-11.883,-0.000,1.500,0.020
47.01,-11.876,0.019,-1.500,-11.883,-0.000,1.500,0.020
47.03,-11.878,0.019,-1.500,-11.883,-0.000,1.500,0.019
47.05,-11.878,0.019,-1.500,-11.883,-0.000,1.500,0.019
47.07,-11.880,0.019,-1.500,-11.883,-0.000,1.500,0.019
47.09,-11.880,0.019,-1.500,-11.883,-0.000,1.500,0.019
47.12,-11.881,0.018,-1.499,-11.883,-0.000,1.500,0.018
47.14,-11.881,0.018,-1.499,-11.883,-0.000,1.500,0.018
47.16,-11.882,0.018,-1.499,-11.883,-0.000,1.500,0.018
47.18,-11.882,0.018,-1.499,-11.883,-0.000,1.500,0.018
47.20,-11.882,0.017,-1.498,-11.883,-0.000,1.500,0.017
47.22,-11.882,0.017,-1.498,-11.883,-0.000,1.500,0.017
47.24,-11.882,0.017,-1.498,-11.883,-0.000,1.500,0.017
47.26,-11.882,0.017,-1.498,-11.883,-0.000,1.500,0.017
47.28,-11.882,0.017,-1.497,-11.883,-0.000,1.500,0.017
47.30,-11.882,0.017,-1.497,-11.883,-0.000,1.500,0.017
47.32,-11.881,0.016,-1.496,-11.883,-0.000,1.500,0.017
47.34,-11.881,0.016,-1.496,-11.883,-0.000,1.500,0.017
47.36,-11.880,0.016,-1.496,-11.883,-0.000,1.500,0.017
47.39,-11.880,0.016,-1.496,-11.883,-0.000,1.500,0.017
47.41,-11.878,0.016,-1.495,-11.883,-0.000,1.500,0.018
47.43,-11.878,0.016,-1.495,-11.883,-0.000,1.500,0.018
47.45,-11.878,0.016,-1.495,-11.883,-0.000,1.500,0.018
47.47,-11.875,0.016,-1.494,-11.883,-0.000,1.500,0.019
47.49,-11.875,0.016,-1.494,-11.883,-0.000,1.500,0.019
47.51,-11.873,0.016,-1.493,-11.883,-0.000,1.500,0.020
47.53,-11.873,0.016,-1.493,-11.883,-0.000,1.500,0.020
47.55,-11.872,0.017,-1.493,-11.883,-0.000,1.500,0.021
47.57,-11.872,0.017,-1.493,-11.883,-0.000,1.500,0.021
47.59,-11.869,0.017,-1.493,-11.883,-0.000,1.500,0.023
47.61,-11.869,0.017,-1.493,-11.883,-0.000,1.500,0.023
47.64,-11.867,0.017,-1.493,-11.883,-0.000,1.500,0.024
47.66,-11.867,0.017,-1.493,-11.883,-0.000,1.500,0.024
47.68,-11.865,0.017,-1.492,-11.883,-0.000,1.500,0.026
47.70,-11.865,0.017,-1.492,-11.883,-0.000,1.500,0.026
47.72,-11.864,0.017,-1.492,-11.883,-0.000,1.500,0.027
47.74,-11.864,0.017,-1.492,-11.883,-0.000,1.500,0.027
47.76,-11.862,0.017,-1.492,-11.883,-0.000,1.500,0.028
47.78,-11.862,0.017,-1.492,-11.883,-0.000,1.500,0.028
47.80,-11.860,0.017,-1.492,-11.883,-0.000,1.500,0.029
47.82,-11.860,0.017,-1.492,-11.883,-0.000,1.500,0.029
47.84,-11.859,0.016,-1.492,-11.883,-0.000,1.500,0.030
47.86,-11.859,0.016,-1.492,-11.883,-0.000,1.500,0.030
47.88,-11.858,0.016,-1.492,-11.883,-0.000,1.500,0.031
47.91,-11.858,0.016,-1.492,-11.883,-0.000,1.500,0.031
47.93,-11.858,0.016,-1.492,-11.883,-0.000,1.500,0.031
47.95,-11.856,0.016,-1.493,-11.883,-0.000,1.500,0.032
47.97,-11.856,0.016,-1.493,-11.883,-0.000,1.500,0.032
47.99,-11.855,0.015,-1.493,-11.883,-0.000,1.500,0.033
48.01,-11.855,0.015,-1.493,-11.883,-0.000,1.500,0.033
48.03,-11.854,0.015,-1.494,-11.883,-0.000,1.500,0.033
48.05,-11.854,0.015,-1.494,-11.883,-0.000,1.500,0.033
48.07,-11.854,0.014,-1.494,-11.883,-0.000,1.500,0.033
48.09,-11.854,0.014,-1.494,-11.883,-0.000,1.500,0.033
48.11,-11.853,0.013,-1.494,-11.883,-0.000,1.500,0.033
48.14,-11.853,0.013,-1.494,-11.883,-0.000,1.500,0.033
48.16,-11.853,0.012,-1.495,-11.883,-0.000,1.500,0.033
48.18,-11.853,0.012,-1.495,-11.883,-0.000,1.500,0.033
48.20,-11.853,0.012,-1.495,-11.883,-0.000,1.500,0.033
48.22,-11.853,0.012,-1.495,-11.883,-0.000,1.500,0.033
48.24,-11.853,0.011,-1.495,-11.883,-0.000,1.500,0.032
48.26,-11.853,0.011,-1.495,-11.883,-0.000,1.500,0.032
48.28,-11.854,0.010,-1.495,-11.883,-0.000,1.500,0.031
48.30,-11.854,0.010,-1.495,-11.883,-0.000,1.500,0.031
48.32,-11.854,0.009,-1.495,-11.883,-0.000,1.500,0.030
48.34,-11.854,0.009,-1.495,-11.883,-0.000,1.500,0.030
48.36,-11.855,0.008,-1.495,-11.883,-0.000,1.500,0.030
48.39,-11.855,0.008,-1.495,-11.883,-0.000,1.500,0.030
48.41,-11.856,0.007,-1.495,-11.883,-0.000,1.500,0.029
48.43,-11.856,0.007,-1.495,-11.883,-0.000,1.500,0.029
48.45,-11.856,0.007,-1.495,-11.883,-0.000,1.500,0.029
48.47,-11.857,0.006,-1.496,-11.883,-0.000,1.500,0.027
48.49,-11.857,0.006,-1.496,-11.883,-0.000,1.500,0.027
48.51,-11.858,0.006,-1.496,-11.883,-0.000,1.500,0.026
48.53,-11.858,0.006,-1.496,-11.883,-0.000,1.500,0.026
48.55,-11.859,0.006,-1.496,-11.883,-0.000,1.500,0.025
48.57,-11.859,0.006,-1.496,-11.883,-0.000,1.500,0.025
48.59,-11.860,0.005,-1.496,-11.883,-0.000,1.500,0.024
48.61,-11.860,0.005,-1.496,-11.883,-0.000,1.500,0.024
48.64,-11.861,0.005,-1.497,-11.883,-0.000,1.500,0.023
48.66,-11.861,0.005,-1.497,-11.883,-0.000,1.500,0.023
48.68,-11.862,0.005,-1.497,-11.883,-0.000,1.500,0.022
48.70,-11.862,0.005,-1.497,-11.883,-0.000,1.500,0.022
48.72,-11.863,0.005,-1.497,-11.883,-0.000,1.500,0.021
48.74,-11.863,0.005,-1.497,-11.883,-0.000,1.500,0.021
48.76,-11.864,0.005,-1.498,-11.883,-0.000,1.500,0.020
48.78,-11.864,0.005,-1.498,-11.883,-0.000,1.500,0.020
48.80,-11.865,0.004,-1.498,-11.883,-0.000,1.500,0.019
48.82,-11.865,0.004,-1.498,-11.883,-0.000,1.500,0.019
48.84,-11.866,0.004,-1.498,-11.883,-0.000,1.500,0.017
48.86,-11.866,0.004,-1.498,-11.883,-0.000,1.500,0.017
48.89,-11.868,0.004,-1.498,-11.883,-0.000,1.500,0.016
48.91,-11.868,0.004,-1.498,-11.883,-0.000,1.500,0.016
48.93,-11.869,0.004,-1.499,-11.883,-0.000,1.500,0.015
48.95,-11.869,0.004,-1.499,-11.883,-0.000,1.500,0.015
48.97,-11.869,0.004,-1.499,-11.883,-0.000,1.500,0.015
48.99,-11.871,0.004,-1.499,-11.883,-0.000,1.500,0.013
49.01,-11.871,0.004,-1.499,-11.883,-0.000,1.500,0.013
49.03,-11.872,0.004,-1.499,-11.883,-0.000,1.500,0.012
49.05,-11.872,0.004,-1.499,-11.883,-0.000,1.500,0.012
49.07,-11.874,0.004,-1.499,-11.883,-0.000,1.500,0.010
49.09,-11.874,0.004,-1.499,-11.883,-0.000,1.500,0.010
49.11,-11.876,0.004,-1.499,-11.883,-0.000,1.500,0.009
49.13,-11.876,0.004,-1.499,-11.883,-0.000,1.500,0.009
49.15,-11.877,0.004,-1.500,-11.883,-0.000,1.500,0.007
49.18,-11.877,0.004,-1.500,-11.883,-0.000,1.500,0.007
49.20,-11.879,0.004,-1.500,-11.883,-0.000,1.500,0.005
49.22,-11.879,0.004,-1.500,-11.883,-0.000,1.500,0.005
49.24,-11.881,0.003,-1.500,-11.883,-0.000,1.500,0.004
49.26,-11.881,0.003,-1.500,-11.883,-0.000,1.500,0.004
49.28,-11.883,0.002,-1.501,-11.883,-0.000,1.500,0.002
49.30,-11.883,0.002,-1.501,-11.883,-0.000,1.500,0.002
49.32,-11.885,0.001,-1.501,-11.883,-0.000,1.500,0.002
49.34,-11.885,0.001,-1.501,-11.883,-0.000,1.500,0.002
49.36,-11.886,0.001,-1.501,-11.883,-0.000,1.500,0.004
49.38,-11.886,0.001,-1.501,-11.883,-0.000,1.500,0.004
49.41,-11.888,-0.000,-1.501,-11.883,-0.000,1.500,0.005
49.43,-11.888,-0.000,-1.501,-11.883,-0.000,1.500,0.005
49.45,-11.888,-0.000,-1.501,-11.883,-0.000,1.500,0.005
49.47,-11.891,-0.001,-1.502,-11.883,-0.000,1.500,0.008
49.49,-11.891,-0.001,-1.502,-11.883,-0.000,1.500,0.008
49.51,-11.893,-0.002,-1.502,-11.883,-0.000,1.500,0.010
49.53,-11.893,-0.002,-1.502,-11.883,-0.000,1.500,0.010
49.55,-11.894,-0.002,-1.502,-11.883,-0.000,1.500,0.012
49.57,-11.894,-0.002,-1.502,-11.883,-0.000,1.500,0.012
49.59,-11.896,-0.003,-1.502,-11.883,-0.000,1.500,0.014
49.61,-11.896,-0.003,-1.502,-11.883,-0.000,1.500,0.014
49.63,-11.898,-0.003,-1.502,-11.883,-0.000,1.500,0.015
49.65,-11.898,-0.003,-1.502,-11.883,-0.000,1.500,0.015
49.68,-11.900,-0.004,-1.503,-11.883,-0.000,1.500,0.017
49.70,-11.900,-0.004,-1.503,-11.883,-0.000,1.500,0.017
49.72,-11.901,-0.004,-1.503,-11.883,-0.000,1.500,0.019
49.74,-11.901,-0.004,-1.503,-11.883,-0.000,1.500,0.019
49.76,-11.903,-0.004,-1.503,-11.883,-0.000,1.500,0.020
49.78,-11.903,-0.004,-1.503,-11.883,-0.000,1.500,0.020
49.80,-11.904,-0.005,-1.503,-11.883,-0.000,1.500,0.022
49.82,-11.904,-0.005,-1.503,-11.883,-0.000,1.500,0.022
49.84,-11.906,-0.005,-1.503,-11.883,-0.000,1.500,0.023
49.86,-11.906,-0.005,-1.503,-11.883,-0.000,1.500,0.023
49.88,-11.907,-0.005,-1.502,-11.883,-0.000,1.500,0.024
49.90,-11.907,-0.005,-1.502,-11.883,-0.000,1.500,0.024
49.92,-11.908,-0.005,-1.502,-11.883,-0.000,1.500,0.026
49.95,-11.908,-0.005,-1.502,-11.883,-0.000,1.500,0.026
49.97,-11.908,-0.005,-1.502,-11.883,-0.000,1.500,0.026
49.99,-11.910,-0.005,-1.502,-11.883,-0.000,1.500,0.028
50.01,-11.910,-0.005,-1.502,-11.883,-0.000,1.500,0.028
50.03,-11.912,-0.005,-1.502,-11.883,-0.000,1.500,0.029
50.05,-11.912,-0.005,-1.502,-11.883,-0.000,1.500,0.029
50.07,-11.913,-0.005,-1.502,-11.883,-0.000,1.500,0.030
50.09,-11.913,-0.005,-1.502,-11.883,-0.000,1.500,0.030
50.11,-11.915,-0.005,-1.502,-11.883,-0.000,1.500,0.032
50.13,-11.915,-0.005,-1.502,-11.883,-0.000,1.500,0.032
50.15,-11.916,-0.005,-1.502,-11.883,-0.000,1.500,0.033
50.17,-11.916,-0.005,-1.502,-11.883,-0.000,1.500,0.033
50.20,-11.917,-0.005,-1.501,-11.883,-0.000,1.500,0.034
50.22,-11.917,-0.005,-1.501,-11.883,-0.000,1.500,0.034
50.24,-11.918,-0.004,-1.501,-11.883,-0.000,1.500,0.035
50.26,-11.918,-0.004,-1.501,-11.883,-0.000,1.500,0.035
50.28,-11.919,-0.004,-1.501,-11.883,-0.000,1.500,0.036
50.30,-11.919,-0.004,-1.501,-11.883,-0.000,1.500,0.036
50.32,-11.919,-0.004,-1.500,-11.883,-0.000,1.500,0.036
50.34,-11.919,-0.004,-1.500,-11.883,-0.000,1.500,0.036
50.36,-11.919,-0.004,-1.500,-11.883,-0.000,1.500,0.036
50.38,-11.919,-0.004,-1.500,-11.883,-0.000,1.500,0.036
50.40,-11.919,-0.004,-1.500,-11.883,-0.000,1.500,0.037
50.42,-11.919,-0.004,-1.500,-11.883,-0.000,1.500,0.037
50.44,-11.919,-0.004,-1.500,-11.883,-0.000,1.500,0.037
50.47,-11.919,-0.004,-1.499,-11.883,-0.000,1.500,0.036
50.49,-11.919,-0.004,-1.499,-11.883,-0.000,1.500,0.036
50.51,-11.919,-0.003,-1.499,-11.883,-0.000,1.500,0.036
50.53,-11.919,-0.003,-1.499,-11.883,-0.000,1.500,0.036
50.55,-11.918,-0.003,-1.499,-11.883,-0.000,1.500,0.035
50.57,-11.918,-0.003,-1.499,-11.883,-0.000,1.500,0.035
50.59,-11.917,-0.002,-1.498,-11.883,-0.000,1.500,0.034
50.61,-11.917,-0.002,-1.498,-11.883,-0.000,1.500,0.034
50.63,-11.916,-0.002,-1.498,-11.883,-0.000,1.500,0.033
50.65,-11.916,-0.002,-1.498,-11.883,-0.000,1.500,0.033
50.67,-11.914,-0.001,-1.498,-11.883,-0.000,1.500,0.031
50.69,-11.914,-0.001,-1.498,-11.883,-0.000,1.500,0.031
50.71,-11.913,-0.001,-1.498,-11.883,-0.000,1.500,0.030
50.74,-11.913,-0.001,-1.498,-11.883,-0.000,1.500,0.030
50.76,-11.912,-0.000,-1.497,-11.883,-0.000,1.500,0.029
50.78,-11.912,-0.000,-1.497,-11.883,-0.000,1.500,0.029
50.80,-11.911,0.001,-1.497,-11.883,-0.000,1.500,0.028
50.82,-11.911,0.001,-1.497,-11.883,-0.000,1.500,0.028
50.84,-11.909,0.001,-1.498,-11.883,-0.000,1.500,0.026
50.86,-11.909,0.001,-1.498,-11.883,-0.000,1.500,0.026
50.88,-11.907,0.002,-1.498,-11.883,-0.000,1.500,0.024
50.90,-11.907,0.002,-1.498,-11.883,-0.000,1.500,0.024
50.92,-11.906,0.002,-1.498,-11.883,-0.000,1.500,0.023
50.94,-11.906,0.002,-1.498,-11.883,-0.000,1.500,0.023
50.96,-11.906,0.002,-1.498,-11.883,-0.000,1.500,0.023
50.99,-11.903,0.003,-1.499,-11.883,-0.000,1.500,0.020
51.01,-11.903,0.003,-1.499,-11.883,-0.000,1.500,0.020
51.03,-11.901,0.004,-1.499,-11.883,-0.000,1.500,0.018
51.05,-11.901,0.004,-1.499,-11.883,-0.000,1.500,0.018
51.07,-11.899,0.004,-1.500,-11.883,-0.000,1.500,0.016
51.09,-11.899,0.004,-1.500,-11.883,-0.000,1.500,0.016
51.11,-11.897,0.005,-1.501,-11.883,-0.000,1.500,0.015
51.13,-11.897,0.005,-1.501,-11.883,-0.000,1.500,0.015
51.15,-11.895,0.005,-1.502,-11.883,-0.000,1.500,0.013
51.17,-11.895,0.005,-1.502,-11.883,-0.000,1.500,0.013
51.19,-11.893,0.005,-1.503,-11.883,-0.000,1.500,0.011
51.21,-11.893,0.005,-1.503,-11.883,-0.000,1.500,0.011
51.24,-11.891,0.005,-1.503,-11.883,-0.000,1.500,0.010
51.26,-11.891,0.005,-1.503,-11.883,-0.000,1.500,0.010
51.28,-11.890,0.005,-1.504,-11.883,-0.000,1.500,0.009
51.30,-11.890,0.005,-1.504,-11.883,-0.000,1.500,0.009
51.32,-11.888,0.005,-1.505,-11.883,-0.000,1.500,0.008
51.34,-11.888,0.005,-1.505,-11.883,-0.000,1.500,0.008
51.36,-11.886,0.004,-1.505,-11.883,-0.000,1.500,0.007
51.38,-11.886,0.004,-1.505,-11.883,-0.000,1.500,0.007
51.40,-11.884,0.004,-1.506,-11.883,-0.000,1.500,0.007
51.42,-11.884,0.004,-1.506,-11.883,-0.000,1.500,0.007
51.44,-11.882,0.003,-1.506,-11.883,-0.000,1.500,0.007
51.46,-11.882,0.003,-1.506,-11.883,-0.000,1.500,0.007
51.49,-11.882,0.003,-1.506,-11.883,-0.000,1.500,0.007
51.51,-11.879,0.003,-1.506,-11.883,-0.000,1.500,0.008
51.53,-11.879,0.003,-1.506,-11.883,-0.000,1.500,0.008
51.55,-11.877,0.002,-1.506,-11.883,-0.000,1.500,0.009
51.57,-11.877,0.002,-1.506,-11.883,-0.000,1.500,0.009
51.59,-11.876,0.002,-1.506,-11.883,-0.000,1.500,0.010
51.61,-11.876,0.002,-1.506,-11.883,-0.000,1.500,0.010
51.63,-11.874,0.001,-1.506,-11.883,-0.000,1.500,0.012
51.65,-11.874,0.001,-1.506,-11.883,-0.000,1.500,0.012
51.67,-11.871,0.000,-1.506,-11.883,-0.000,1.500,0.014
51.69,-11.871,0.000,-1.506,-11.883,-0.000,1.500,0.014
51.71,-11.869,-0.001,-1.507,-11.883,-0.000,1.500,0.015
51.74,-11.869,-0.001,-1.507,-11.883,-0.000,1.500,0.015
51.76,-11.868,-0.001,-1.507,-11.883,-0.000,1.500,0.017
51.78,-11.868,-0.001,-1.507,-11.883,-0.000,1.500,0.017
51.80,-11.866,-0.002,-1.507,-11.883,-0.000,1.500,0.019
51.82,-11.866,-0.002,-1.507,-11.883,-0.000,1.500,0.019
51.84,-11.864,-0.003,-1.508,-11.883,-0.000,1.500,0.021
51.86,-11.864,-0.003,-1.508,-11.883,-0.000,1.500,0.021
51.88,-11.862,-0.004,-1.508,-11.883,-0.000,1.500,0.023
51.90,-11.862,-0.004,-1.508,-11.883,-0.000,1.500,0.023
51.92,-11.860,-0.005,-1.509,-11.883,-0.000,1.500,0.025
51.94,-11.860,-0.005,-1.509,-11.883,-0.000,1.500,0.025
51.96,-11.860,-0.005,-1.509,-11.883,-0.000,1.500,0.025
51.99,-11.858,-0.006,-1.510,-11.883,-0.000,1.500,0.028
52.01,-11.858,-0.006,-1.510,-11.883,-0.000,1.500,0.028
52.03,-11.857,-0.007,-1.510,-11.883,-0.000,1.500,0.029
52.05,-11.857,-0.007,-1.510,-11.883,-0.000,1.500,0.029
52.07,-11.855,-0.008,-1.511,-11.883,-0.000,1.500,0.031
52.09,-11.855,-0.008,-1.511,-11.883,-0.000,1.500,0.031
52.11,-11.854,-0.009,-1.512,-11.883,-0.000,1.500,0.033
52.13,-11.854,-0.009,-1.512,-11.883,-0.000,1.500,0.033
52.15,-11.853,-0.009,-1.512,-11.883,-0.000,1.500,0.034
52.17,-11.853,-0.009,-1.512,-11.883,-0.000,1.500,0.034
52.19,-11.851,-0.010,-1.513,-11.883,-0.000,1.500,0.036
52.21,-11.851,-0.010,-1.513,-11.883,-0.000,1.500,0.036
52.24,-11.850,-0.011,-1.514,-11.883,-0.000,1.500,0.038
52.26,-11.850,-0.011,-1.514,-11.883,-0.000,1.500,0.038
52.28,-11.849,-0.012,-1.515,-11.883,-0.000,1.500,0.039
52.30,-11.849,-0.012,-1.515,-11.883,-0.000,1.500,0.039
52.32,-11.848,-0.012,-1.515,-11.883,-0.000,1.500,0.040
52.34,-11.848,-0.012,-1.515,-11.883,-0.000,1.500,0.040
52.36,-11.848,-0.013,-1.516,-11.883,-0.000,1.500,0.041
52.38,-11.848,-0.013,-1.516,-11.883,-0.000,1.500,0.041
52.40,-11.847,-0.013,-1.516,-11.883,-0.000,1.500,0.042
52.42,-11.847,-0.013,-1.516,-11.883,-0.000,1.500,0.042
52.44,-11.847,-0.013,-1.516,-11.883,-0.000,1.500,0.042
52.47,-11.847,-0.013,-1.516,-11.883,-0.000,1.500,0.042
52.49,-11.847,-0.013,-1.516,-11.883,-0.000,1.500,0.042
52.51,-11.846,-0.013,-1.516,-11.883,-0.000,1.500,0.042
52.53,-11.846,-0.013,-1.516,-11.883,-0.000,1.500,0.042
52.55,-11.847,-0.013,-1.516,-11.883,-0.000,1.500,0.042
52.57,-11.847,-0.013,-1.516,-11.883,-0.000,1.500,0.042
52.59,-11.847,-0.013,-1.516,-11.883,-0.000,1.500,0.042
52.61,-11.847,-0.013,-1.516,-11.883,-0.000,1.500,0.042
52.63,-11.847,-0.013,-1.515,-11.883,-0.000,1.500,0.041
52.65,-11.847,-0.013,-1.515,-11.883,-0.000,1.500,0.041
52.67,-11.848,-0.012,-1.515,-11.883,-0.000,1.500,0.040
52.69,-11.848,-0.012,-1.515,-11.883,-0.000,1.500,0.040
52.71,-11.849,-0.012,-1.515,-11.883,-0.000,1.500,0.039
52.74,-11.849,-0.012,-1.515,-11.883,-0.000,1.500,0.039
52.76,-11.850,-0.011,-1.515,-11.883,-0.000,1.500,0.038
52.78,-11.850,-0.011,-1.515,-11.883,-0.000,1.500,0.038
52.80,-11.851,-0.010,-1.514,-11.883,-0.000,1.500,0.037
52.82,-11.851,-0.010,-1.514,-11.883,-0.000,1.500,0.037
52.84,-11.852,-0.009,-1.513,-11.883,-0.000,1.500,0.036
52.86,-11.852,-0.009,-1.513,-11.883,-0.000,1.500,0.036
52.88,-11.853,-0.009,-1.513,-11.883,-0.000,1.500,0.034
52.90,-11.853,-0.009,-1.513,-11.883,-0.000,1.500,0.034
52.92,-11.854,-0.008,-1.512,-11.883,-0.000,1.500,0.032
52.94,-11.854,-0.008,-1.512,-11.883,-0.000,1.500,0.032
52.96,-11.854,-0.008,-1.512,-11.883,-0.000,1.500,0.032
52.99,-11.857,-0.007,-1.511,-11.883,-0.000,1.500,0.030
53.01,-11.857,-0.007,-1.511,-11.883,-0.000,1.500,0.030
53.03,-11.858,-0.007,-1.510,-11.883,-0.000,1.500,0.028
53.05,-11.858,-0.007,-1.510,-11.883,-0.000,1.500,0.028
53.07,-11.860,-0.007,-1.509,-11.883,-0.000,1.500,0.026
53.09,-11.860,-0.007,-1.509,-11.883,-0.000,1.500,0.026
53.11,-11.861,-0.007,-1.508,-11.883,-0.000,1.500,0.025
53.13,-11.861,-0.007,-1.508,-11.883,-0.000,1.500,0.025
53.15,-11.863,-0.007,-1.507,-11.883,-0.000,1.500,0.023
53.17,-11.863,-0.007,-1.507,-11.883,-0.000,1.500,0.023
53.19,-11.865,-0.007,-1.507,-11.883,-0.000,1.500,0.021
53.21,-11.865,-0.007,-1.507,-11.883,-0.000,1.500,0.021
53.24,-11.866,-0.008,-1.506,-11.883,-0.000,1.500,0.020
53.26,-11.866,-0.008,-1.506,-11.883,-0.000,1.500,0.020
53.28,-11.868,-0.008,-1.505,-11.883,-0.000,1.500,0.018
53.30,-11.868,-0.008,-1.505,-11.883,-0.000,1.500,0.018
53.32,-11.869,-0.008,-1.504,-11.883,-0.000,1.500,0.017
53.34,-11.869,-0.008,-1.504,-11.883,-0.000,1.500,0.017
53.36,-11.871,-0.009,-1.503,-11.883,-0.000,1.500,0.015
53.38,-11.871,-0.009,-1.503,-11.883,-0.000,1.500,0.015
53.40,-11.872,-0.009,-1.502,-11.883,-0.000,1.500,0.014
53.42,-11.872,-0.009,-1.502,-11.883,-0.000,1.500,0.014
53.44,-11.874,-0.009,-1.501,-11.883,-0.000,1.500,0.013
53.46,-11.874,-0.009,-1.501,-11.883,-0.000,1.500,0.013
53.48,-11.874,-0.009,-1.501,-11.883,-0.000,1.500,0.013
53.51,-11.876,-0.009,-1.500,-11.883,-0.000,1.500,0.012
53.53,-11.876,-0.009,-1.500,-11.883,-0.000,1.500,0.012
53.55,-11.877,-0.010,-1.499,-11.883,-0.000,1.500,0.011
53.57,-11.877,-0.010,-1.499,-11.883,-0.000,1.500,0.011
53.59,-11.879,-0.010,-1.498,-11.883,-0.000,1.500,0.011
53.61,-11.879,-0.010,-1.498,-11.883,-0.000,1.500,0.011
53.63,-11.880,-0.010,-1.497,-11.883,-0.000,1.500,0.011
53.65,-11.880,-0.010,-1.497,-11.883,-0.000,1.500,0.011
53.67,-11.881,-0.010,-1.497,-11.883,-0.000,1.500,0.010
53.69,-11.881,-0.010,-1.497,-11.883,-0.000,1.500,0.010
53.71,-11.882,-0.010,-1.496,-11.883,-0.000,1.500,0.010
53.73,-11.882,-0.010,-1.496,-11.883,-0.000,1.500,0.010
53.76,-11.883,-0.010,-1.496,-11.883,-0.000,1.500,0.010
53.78,-11.883,-0.010,-1.496,-11.883,-0.000,1.500,0.010
53.80,-11.884,-0.009,-1.495,-11.883,-0.000,1.500,0.010
53.82,-11.884,-0.009,-1.495,-11.883,-0.000,1.500,0.010
53.84,-11.884,-0.009,-1.495,-11.883,-0.000,1.500,0.010
53.86,-11.884,-0.009,-1.495,-11.883,-0.000,1.500,0.010
53.88,-11.885,-0.009,-1.495,-11.883,-0.000,1.500,0.010
53.90,-11.885,-0.009,-1.495,-11.883,-0.000,1.500,0.010
53.92,-11.886,-0.009,-1.495,-11.883,-0.000,1.500,0.010
53.94,-11.886,-0.009,-1.495,-11.883,-0.000,1.500,0.010
53.96,-11.886,-0.008,-1.495,-11.883,-0.000,1.500,0.010
53.98,-11.886,-0.008,-1.495,-11.883,-0.000,1.500,0.010
54.00,-11.886,-0.008,-1.495,-11.883,-0.000,1.500,0.010
54.02,-11.888,-0.008,-1.495,-11.883,-0.000,1.500,0.010
54.05,-11.888,-0.008,-1.495,-11.883,-0.000,1.500,0.010
54.07,-11.888,-0.008,-1.496,-11.883,-0.000,1.500,0.010
54.09,-11.888,-0.008,-1.496,-11.883,-0.000,1.500,0.010
54.11,-11.889,-0.008,-1.496,-11.883,-0.000,1.500,0.010
54.13,-11.889,-0.008,-1.496,-11.883,-0.000,1.500,0.010
54.15,-11.890,-0.008,-1.496,-11.883,-0.000,1.500,0.011
54.17,-11.890,-0.008,-1.496,-11.883,-0.000,1.500,0.011
54.19,-11.891,-0.007,-1.497,-11.883,-0.000,1.500,0.011
54.21,-11.891,-0.007,-1.497,-11.883,-0.000,1.500,0.011
54.23,-11.892,-0.007,-1.497,-11.883,-0.000,1.500,0.012
54.25,-11.892,-0.007,-1.497,-11.883,-0.000,1.500,0.012
54.28,-11.893,-0.007,-1.497,-11.883,-0.000,1.500,0.012
54.30,-11.893,-0.007,-1.497,-11.883,-0.000,1.500,0.012
54.32,-11.894,-0.007,-1.498,-11.883,-0.000,1.500,0.013
54.34,-11.894,-0.007,-1.498,-11.883,-0.000,1.500,0.013
54.36,-11.895,-0.006,-1.498,-11.883,-0.000,1.500,0.014
54.38,-11.895,-0.006,-1.498,-11.883,-0.000,1.500,0.014
54.40,-11.896,-0.006,-1.498,-11.883,-0.000,1.500,0.015
54.42,-11.896,-0.006,-1.498,-11.883,-0.000,1.500,0.015
54.44,-11.897,-0.006,-1.498,-11.883,-0.000,1.500,0.016
54.46,-11.897,-0.006,-1.498,-11.883,-0.000,1.500,0.016
54.48,-11.897,-0.006,-1.498,-11.883,-0.000,1.500,0.016
54.50,-11.899,-0.006,-1.498,-11.883,-0.000,1.500,0.017
54.52,-11.899,-0.006,-1.498,-11.883,-0.000,1.500,0.017
54.55,-11.899,-0.006,-1.498,-11.883,-0.000,1.500,0.018
54.57,-11.899,-0.006,-1.498,-11.883,-0.000,1.500,0.018
54.59,-11.900,-0.007,-1.498,-11.883,-0.000,1.500,0.018
54.61,-11.900,-0.007,-1.498,-11.883,-0.000,1.500,0.018
54.63,-11.901,-0.007,-1.498,-11.883,-0.000,1.500,0.019
54.65,-11.901,-0.007,-1.498,-11.883,-0.000,1.500,0.019
54.67,-11.901,-0.007,-1.498,-11.883,-0.000,1.500,0.019
54.69,-11.901,-0.007,-1.498,-11.883,-0.000,1.500,0.019
54.71,-11.901,-0.008,-1.498,-11.883,-0.000,1.500,0.020
54.73,-11.901,-0.008,-1.498,-11.883,-0.000,1.500,0.020
54.75,-11.901,-0.009,-1.498,-11.883,-0.000,1.500,0.020
54.78,-11.901,-0.009,-1.498,-11.883,-0.000,1.500,0.020
54.80,-11.901,-0.009,-1.498,-11.883,-0.000,1.500,0.020
54.82,-11.901,-0.009,-1.498,-11.883,-0.000,1.500,0.020
54.84,-11.901,-0.010,-1.498,-11.883,-0.000,1.500,0.020
54.86,-11.901,-0.010,-1.498,-11.883,-0.000,1.500,0.020
54.88,-11.901,-0.011,-1.498,-11.883,-0.000,1.500,0.020
54.90,-11.901,-0.011,-1.498,-11.883,-0.000,1.500,0.020
54.92,-11.900,-0.011,-1.498,-11.883,-0.000,1.500,0.020
54.94,-11.900,-0.011,-1.498,-11.883,-0.000,1.500,0.020
54.96,-11.899,-0.012,-1.497,-11.883,-0.000,1.500,0.020
54.98,-11.899,-0.012,-1.497,-11.883,-0.000,1.500,0.020
55.00,-11.899,-0.012,-1.497,-11.883,-0.000,1.500,0.020
55.02,-11.899,-0.012,-1.497,-11.883,-0.000,1.500,0.020
55.04,-11.899,-0.012,-1.497,-11.883,-0.000,1.500,0.020
55.07,-11.899,-0.013,-1.497,-11.883,-0.000,1.500,0.020
55.09,-11.899,-0.013,-1.497,-11.883,-0.000,1.500,0.020
55.11,-11.898,-0.013,-1.497,-11.883,-0.000,1.500,0.020
55.13,-11.898,-0.013,-1.497,-11.883,-0.000,1.500,0.020
55.15,-11.898,-0.013,-1.497,-11.883,-0.000,1.500,0.020
55.17,-11.898,-0.013,-1.497,-11.883,-0.000,1.500,0.020
55.19,-11.898,-0.013,-1.496,-11.883,-0.000,1.500,0.020
55.21,-11.898,-0.013,-1.496,-11.883,-0.000,1.500,0.020
55.23,-11.897,-0.013,-1.496,-11.883,-0.000,1.500,0.020
55.25,-11.897,-0.013,-1.496,-11.883,-0.000,1.500,0.020
55.27,-11.897,-0.013,-1.496,-11.883,-0.000,1.500,0.019
55.29,-11.897,-0.013,-1.496,-11.883,-0.000,1.500,0.019
55.32,-11.896,-0.013,-1.496,-11.883,-0.000,1.500,0.019
55.34,-11.896,-0.013,-1.496,-11.883,-0.000,1.500,0.019
55.36,-11.896,-0.013,-1.496,-11.883,-0.000,1.500,0.019
55.38,-11.896,-0.013,-1.496,-11.883,-0.000,1.500,0.019
55.40,-11.895,-0.013,-1.496,-11.883,-0.000,1.500,0.018
55.42,-11.895,-0.013,-1.496,-11.883,-0.000,1.500,0.018
55.44,-11.895,-0.013,-1.496,-11.883,-0.000,1.500,0.018
55.46,-11.895,-0.013,-1.496,-11.883,-0.000,1.500,0.018
55.48,-11.895,-0.013,-1.496,-11.883,-0.000,1.500,0.018
55.50,-11.894,-0.013,-1.496,-11.883,-0.000,1.500,0.017
55.52,-11.894,-0.013,-1.496,-11.883,-0.000,1.500,0.017
55.54,-11.894,-0.013,-1.496,-11.883,-0.000,1.500,0.017
55.56,-11.894,-0.013,-1.496,-11.883,-0.000,1.500,0.017
55.59,-11.893,-0.012,-1.496,-11.883,-0.000,1.500,0.016
55.61,-11.893,-0.012,-1.496,-11.883,-0.000,1.500,0.016
55.63,-11.892,-0.012,-1.496,-11.883,-0.000,1.500,0.016
55.65,-11.892,-0.012,-1.496,-11.883,-0.000,1.500,0.016
55.67,-11.892,-0.012,-1.496,-11.883,-0.000,1.500,0.015
55.69,-11.892,-0.012,-1.496,-11.883,-0.000,1.500,0.015
55.71,-11.891,-0.011,-1.496,-11.883,-0.000,1.500,0.014
55.73,-11.891,-0.011,-1.496,-11.883,-0.000,1.500,0.014
55.75,-11.890,-0.011,-1.497,-11.883,-0.000,1.500,0.013
55.77,-11.890,-0.011,-1.497,-11.883,-0.000,1.500,0.013
55.79,-11.889,-0.011,-1.497,-11.883,-0.000,1.500,0.012
55.81,-11.889,-0.011,-1.497,-11.883,-0.000,1.500,0.012
55.83,-11.887,-0.010,-1.497,-11.883,-0.000,1.500,0.011
55.86,-11.887,-0.010,-1.497,-11.883,-0.000,1.500,0.011
55.88,-11.886,-0.010,-1.498,-11.883,-0.000,1.500,0.010
55.90,-11.886,-0.010,-1.498,-11.883,-0.000,1.500,0.010
55.92,-11.884,-0.009,-1.498,-11.883,-0.000,1.500,0.009
55.94,-11.884,-0.009,-1.498,-11.883,-0.000,1.500,0.009
55.96,-11.882,-0.008,-1.498,-11.883,-0.000,1.500,0.008
55.98,-11.882,-0.008,-1.498,-11.883,-0.000,1.500,0.008
56.00,-11.882,-0.008,-1.498,-11.883,-0.000,1.500,0.008
56.02,-11.879,-0.007,-1.498,-11.883,-0.000,1.500,0.009
56.04,-11.879,-0.007,-1.498,-11.883,-0.000,1.500,0.009
56.06,-11.877,-0.007,-1.498,-11.883,-0.000,1.500,0.009
56.09,-11.877,-0.007,-1.498,-11.883,-0.000,1.500,0.009
56.11,-11.875,-0.006,-1.498,-11.883,-0.000,1.500,0.010
56.13,-11.875,-0.006,-1.498,-11.883,-0.000,1.500,0.010
56.15,-11.873,-0.005,-1.498,-11.883,-0.000,1.500,0.011
56.17,-11.873,-0.005,-1.498,-11.883,-0.000,1.500,0.011
56.19,-11.872,-0.004,-1.498,-11.883,-0.000,1.500,0.012
56.21,-11.872,-0.004,-1.498,-11.883,-0.000,1.500,0.012
56.23,-11.870,-0.004,-1.498,-11.883,-0.000,1.500,0.014
56.25,-11.870,-0.004,-1.498,-11.883,-0.000,1.500,0.014
56.27,-11.868,-0.003,-1.498,-11.883,-0.000,1.500,0.015
56.29,-11.868,-0.003,-1.498,-11.883,-0.000,1.500,0.015
56.32,-11.867,-0.002,-1.498,-11.883,-0.000,1.500,0.016
56.34,-11.867,-0.002,-1.498,-11.883,-0.000,1.500,0.016
56.36,-11.866,-0.001,-1.499,-11.883,-0.000,1.500,0.018
56.38,-11.866,-0.001,-1.499,-11.883,-0.000,1.500,0.018
56.40,-11.864,-0.001,-1.499,-11.883,-0.000,1.500,0.019
56.42,-11.864,-0.001,-1.499,-11.883,-0.000,1.500,0.019
56.44,-11.863,-0.000,-1.499,-11.883,-0.000,1.500,0.020
56.46,-11.863,-0.000,-1.499,-11.883,-0.000,1.500,0.020
56.48,-11.862,0.000,-1.499,-11.883,-0.000,1.500,0.021
56.50,-11.862,0.000,-1.499,-11.883,-0.000,1.500,0.021
56.52,-11.862,0.000,-1.499,-11.883,-0.000,1.500,0.021
56.54,-11.861,0.001,-1.500,-11.883,-0.000,1.500,0.022
56.56,-11.861,0.001,-1.500,-11.883,-0.000,1.500,0.022
56.59,-11.861,0.001,-1.500,-11.883,-0.000,1.500,0.022
56.61,-11.861,0.001,-1.500,-11.883,-0.000,1.500,0.022
56.63,-11.861,0.002,-1.500,-11.883,-0.000,1.500,0.022
56.65,-11.861,0.002,-1.500,-11.883,-0.000,1.500,0.022
56.67,-11.861,0.002,-1.500,-11.883,-0.000,1.500,0.022
56.69,-11.861,0.002,-1.500,-11.883,-0.000,1.500,0.022
56.71,-11.862,0.003,-1.500,-11.883,-0.000,1.500,0.021
56.73,-11.862,0.003,-1.500,-11.883,-0.000,1.500,0.021
56.75,-11.863,0.003,-1.500,-11.883,-0.000,1.500,0.020
56.77,-11.863,0.003,-1.500,-11.883,-0.000,1.500,0.020
56.79,-11.864,0.003,-1.501,-11.883,-0.000,1.500,0.019
56.81,-11.864,0.003,-1.501,-11.883,-0.000,1.500,0.019
56.83,-11.865,0.003,-1.501,-11.883,-0.000,1.500,0.018
56.85,-11.865,0.003,-1.501,-11.883,-0.000,1.500,0.018
56.88,-11.866,0.003,-1.501,-11.883,-0.000,1.500,0.017
56.90,-11.866,0.003,-1.501,-11.883,-0.000,1.500,0.017
56.92,-11.868,0.002,-1.502,-11.883,-0.000,1.500,0.016
56.94,-11.868,0.002,-1.502,-11.883,-0.000,1.500,0.016
56.96,-11.870,0.002,-1.503,-11.883,-0.000,1.500,0.014
56.98,-11.870,0.002,-1.503,-11.883,-0.000,1.500,0.014
57.00,-11.870,0.002,-1.503,-11.883,-0.000,1.500,0.014
57.02,-11.873,0.001,-1.504,-11.883,-0.000,1.500,0.012
57.04,-11.873,0.001,-1.504,-11.883,-0.000,1.500,0.012
57.06,-11.874,0.001,-1.505,-11.883,-0.000,1.500,0.010
57.08,-11.874,0.001,-1.505,-11.883,-0.000,1.500,0.010
57.11,-11.876,0.000,-1.506,-11.883,-0.000,1.500,0.010
57.13,-11.876,0.000,-1.506,-11.883,-0.000,1.500,0.010
57.15,-11.877,-0.001,-1.507,-11.883,-0.000,1.500,0.009
57.17,-11.877,-0.001,-1.507,-11.883,-0.000,1.500,0.009
57.19,-11.879,-0.002,-1.507,-11.883,-0.000,1.500,0.009
57.21,-11.879,-0.002,-1.507,-11.883,-0.000,1.500,0.009
57.23,-11.880,-0.002,-1.508,-11.883,-0.000,1.500,0.009
57.25,-11.880,-0.002,-1.508,-11.883,-0.000,1.500,0.009
57.27,-11.882,-0.003,-1.508,-11.883,-0.000,1.500,0.009
57.29,-11.882,-0.003,-1.508,-11.883,-0.000,1.500,0.009
57.31,-11.883,-0.004,-1.509,-11.883,-0.000,1.500,0.010
57.33,-11.883,-0.004,-1.509,-11.883,-0.000,1.500,0.010
57.35,-11.885,-0.005,-1.509,-11.883,-0.000,1.500,0.011
57.38,-11.885,-0.005,-1.509,-11.883,-0.000,1.500,0.011
57.40,-11.886,-0.006,-1.510,-11.883,-0.000,1.500,0.012
57.42,-11.886,-0.006,-1.510,-11.883,-0.000,1.500,0.012
57.44,-11.887,-0.006,-1.510,-11.883,-0.000,1.500,0.013
57.46,-11.887,-0.006,-1.510,-11.883,-0.000,1.500,0.013
57.48,-11.888,-0.007,-1.511,-11.883,-0.000,1.500,0.014
57.50,-11.888,-0.007,-1.511,-11.883,-0.000,1.500,0.014
57.52,-11.888,-0.007,-1.511,-11.883,-0.000,1.500,0.014
57.54,-11.890,-0.007,-1.511,-11.883,-0.000,1.500,0.015
57.56,-11.890,-0.007,-1.511,-11.883,-0.000,1.500,0.015
57.58,-11.891,-0.007,-1.511,-11.883,-0.000,1.500,0.016
57.60,-11.891,-0.007,-1.511,-11.883,-0.000,1.500,0.016
57.63,-11.892,-0.008,-1.511,-11.883,-0.000,1.500,0.016
57.65,-11.892,-0.008,-1.511,-11.883,-0.000,1.500,0.016
57.67,-11.893,-0.008,-1.511,-11.883,-0.000,1.500,0.017
57.69,-11.893,-0.008,-1.511,-11.883,-0.000,1.500,0.017
57.71,-11.894,-0.008,-1.511,-11.883,-0.000,1.500,0.018
57.73,-11.894,-0.008,-1.511,-11.883,-0.000,1.500,0.018
57.75,-11.895,-0.008,-1.511,-11.883,-0.000,1.500,0.018
57.77,-11.895,-0.008,-1.511,-11.883,-0.000,1.500,0.018
57.79,-11.895,-0.008,-1.511,-11.883,-0.000,1.500,0.018
57.81,-11.895,-0.008,-1.511,-11.883,-0.000,1.500,0.018
57.83,-11.895,-0.008,-1.511,-11.883,-0.000,1.500,0.019
57.85,-11.895,-0.008,-1.511,-11.883,-0.000,1.500,0.019
57.87,-11.895,-0.009,-1.511,-11.883,-0.000,1.500,0.019
57.89,-11.895,-0.009,-1.511,-11.883,-0.000,1.500,0.019
57.92,-11.895,-0.009,-1.510,-11.883,-0.000,1.500,0.018
57.94,-11.895,-0.009,-1.510,-11.883,-0.000,1.500,0.018
57.96,-11.895,-0.009,-1.510,-11.883,-0.000,1.500,0.018
57.98,-11.895,-0.009,-1.510,-11.883,-0.000,1.500,0.018
58.00,-11.894,-0.009,-1.510,-11.883,-0.000,1.500,0.017
58.02,-11.894,-0.009,-1.510,-11.883,-0.000,1.500,0.017
58.04,-11.894,-0.009,-1.510,-11.883,-0.000,1.500,0.017
58.06,-11.893,-0.009,-1.509,-11.883,-0.000,1.500,0.016
58.08,-11.893,-0.009,-1.509,-11.883,-0.000,1.500,0.016
58.10,-11.892,-0.009,-1.508,-11.883,-0.000,1.500,0.015
58.12,-11.892,-0.009,-1.508,-11.883,-0.000,1.500,0.015
58.14,-11.891,-0.009,-1.508,-11.883,-0.000,1.500,0.014
58.16,-11.891,-0.009,-1.508,-11.883,-0.000,1.500,0.014
58.18,-11.891,-0.008,-1.507,-11.883,-0.000,1.500,0.013
58.20,-11.891,-0.008,-1.507,-11.883,-0.000,1.500,0.013
58.23,-11.890,-0.008,-1.507,-11.883,-0.000,1.500,0.013
58.25,-11.890,-0.008,-1.507,-11.883,-0.000,1.500,0.013
58.27,-11.889,-0.008,-1.506,-11.883,-0.000,1.500,0.012
58.29,-11.889,-0.008,-1.506,-11.883,-0.000,1.500,0.012
58.31,-11.889,-0.008,-1.506,-11.883,-0.000,1.500,0.011
58.33,-11.889,-0.008,-1.506,-11.883,-0.000,1.500,0.011
58.35,-11.888,-0.008,-1.505,-11.883,-0.000,1.500,0.011
58.37,-11.888,-0.008,-1.505,-11.883,-0.000,1.500,0.011
58.39,-11.887,-0.008,-1.504,-11.883,-0.000,1.500,0.010
58.41,-11.887,-0.008,-1.504,-11.883,-0.000,1.500,0.010
58.43,-11.886,-0.008,-1.503,-11.883,-0.000,1.500,0.009
58.46,-11.886,-0.008,-1.503,-11.883,-0.000,1.500,0.009
58.48,-11.886,-0.007,-1.503,-11.883,-0.000,1.500,0.008
58.50,-11.886,-0.007,-1.503,-11.883,-0.000,1.500,0.008
58.52,-11.886,-0.007,-1.503,-11.883,-0.000,1.500,0.008
58.54,-11.885,-0.007,-1.502,-11.883,-0.000,1.500,0.007
58.56,-11.885,-0.007,-1.502,-11.883,-0.000,1.500,0.007
58.58,-11.884,-0.006,-1.501,-11.883,-0.000,1.500,0.006
58.60,-11.884,-0.006,-1.501,-11.883,-0.000,1.500,0.006
58.62,-11.883,-0.005,-1.500,-11.883,-0.000,1.500,0.005
58.64,-11.883,-0.005,-1.500,-11.883,-0.000,1.500,0.005
58.66,-11.882,-0.004,-1.500,-11.883,-0.000,1.500,0.004
58.68,-11.882,-0.004,-1.500,-11.883,-0.000,1.500,0.004
58.70,-11.881,-0.003,-1.499,-11.883,-0.000,1.500,0.003
58.73,-11.881,-0.003,-1.499,-11.883,-0.000,1.500,0.003
58.75,-11.881,-0.001,-1.499,-11.883,-0.000,1.500,0.003
58.77,-11.881,-0.001,-1.499,-11.883,-0.000,1.500,0.003
58.79,-11.880,0.000,-1.498,-11.883,-0.000,1.500,0.004
58.81,-11.880,0.000,-1.498,-11.883,-0.000,1.500,0.004
58.83,-11.879,0.002,-1.498,-11.883,-0.000,1.500,0.005
58.85,-11.879,0.002,-1.498,-11.883,-0.000,1.500,0.005
58.87,-11.878,0.004,-1.498,-11.883,-0.000,1.500,0.007
58.89,-11.878,0.004,-1.498,-11.883,-0.000,1.500,0.007
58.91,-11.877,0.007,-1.497,-11.883,-0.000,1.500,0.009
58.93,-11.877,0.007,-1.497,-11.883,-0.000,1.500,0.009
58.95,-11.876,0.009,-1.497,-11.883,-0.000,1.500,0.012
58.97,-11.876,0.009,-1.497,-11.883,-0.000,1.500,0.012
59.00,-11.875,0.011,-1.497,-11.883,-0.000,1.500,0.014
59.02,-11.875,0.011,-1.497,-11.883,-0.000,1.500,0.014
59.04,-11.875,0.011,-1.497,-11.883,-0.000,1.500,0.014
59.06,-11.873,0.014,-1.497,-11.883,-0.000,1.500,0.017
59.08,-11.873,0.014,-1.497,-11.883,-0.000,1.500,0.017
59.10,-11.872,0.017,-1.497,-11.883,-0.000,1.500,0.020
59.12,-11.872,0.017,-1.497,-11.883,-0.000,1.500,0.020
59.14,-11.871,0.018,-1.497,-11.883,-0.000,1.500,0.022
59.16,-11.871,0.018,-1.497,-11.883,-0.000,1.500,0.022
59.18,-11.870,0.020,-1.498,-11.883,-0.000,1.500,0.025
59.20,-11.870,0.020,-1.498,-11.883,-0.000,1.500,0.025
59.22,-11.868,0.022,-1.498,-11.883,-0.000,1.500,0.027
59.25,-11.868,0.022,-1.498,-11.883,-0.000,1.500,0.027
59.27,-11.867,0.024,-1.498,-11.883,-0.000,1.500,0.029
59.29,-11.867,0.024,-1.498,-11.883,-0.000,1.500,0.029
59.31,-11.866,0.026,-1.499,-11.883,-0.000,1.500,0.031
59.33,-11.866,0.026,-1.499,-11.883,-0.000,1.500,0.031
59.35,-11.866,0.028,-1.499,-11.883,-0.000,1.500,0.033
59.37,-11.866,0.028,-1.499,-11.883,-0.000,1.500,0.033
59.39,-11.865,0.029,-1.500,-11.883,-0.000,1.500,0.035
59.41,-11.865,0.029,-1.500,-11.883,-0.000,1.500,0.035
59.43,-11.864,0.031,-1.500,-11.883,-0.000,1.500,0.037
59.45,-11.864,0.031,-1.500,-11.883,-0.000,1.500,0.037
59.47,-11.863,0.033,-1.501,-11.883,-0.000,1.500,0.038
59.49,-11.863,0.033,-1.501,-11.883,-0.000,1.500,0.038
59.52,-11.863,0.033,-1.501,-11.883,-0.000,1.500,0.038
59.54,-11.862,0.034,-1.502,-11.883,-0.000,1.500,0.041
59.56,-11.862,0.034,-1.502,-11.883,-0.000,1.500,0.041
59.58,-11.861,0.035,-1.503,-11.883,-0.000,1.500,0.042
59.60,-11.861,0.035,-1.503,-11.883,-0.000,1.500,0.042
59.62,-11.859,0.036,-1.504,-11.883,-0.000,1.500,0.044
59.64,-11.859,0.036,-1.504,-11.883,-0.000,1.500,0.044
59.66,-11.858,0.037,-1.505,-11.883,-0.000,1.500,0.044
59.68,-11.858,0.037,-1.505,-11.883,-0.000,1.500,0.044
59.70,-11.857,0.036,-1.505,-11.883,-0.000,1.500,0.045
59.72,-11.857,0.036,-1.505,-11.883,-0.000,1.500,0.045
59.75,-11.856,0.036,-1.506,-11.883,-0.000,1.500,0.045
59.77,-11.856,0.036,-1.506,-11.883,-0.000,1.500,0.045
59.79,-11.855,0.035,-1.506,-11.883,-0.000,1.500,0.045
59.81,-11.855,0.035,-1.506,-11.883,-0.000,1.500,0.045
59.83,-11.854,0.034,-1.506,-11.883,-0.000,1.500,0.045
59.85,-11.854,0.034,-1.506,-11.883,-0.000,1.500,0.045
59.87,-11.853,0.034,-1.507,-11.883,-0.000,1.500,0.045
59.89,-11.853,0.034,-1.507,-11.883,-0.000,1.500,0.045
59.91,-11.853,0.033,-1.507,-11.883,-0.000,1.500,0.045
59.93,-11.853,0.033,-1.507,-11.883,-0.000,1.500,0.045
59.95,-11.852,0.031,-1.507,-11.883,-0.000,1.500,0.045
59.97,-11.852,0.031,-1.507,-11.883,-0.000,1.500,0.045
60.00,-11.852,0.030,-1.508,-11.883,-0.000,1.500,0.044
60.02,-11.852,0.030,-1.508,-11.883,-0.000,1.500,0.044
60.04,-11.852,0.030,-1.508,-11.883,-0.000,1.500,0.044
60.06,-11.851,0.028,-1.508,-11.883,-0.000,1.500,0.043
60.08,-11.851,0.028,-1.508,-11.883,-0.000,1.500,0.043
60.10,-11.851,0.027,-1.508,-11.883,-0.000,1.500,0.042
60.12,-11.851,0.027,-1.508,-11.883,-0.000,1.500,0.042
60.14,-11.852,0.024,-1.508,-11.883,-0.000,1.500,0.041
60.16,-11.852,0.024,-1.508,-11.883,-0.000,1.500,0.041
60.18,-11.852,0.022,-1.509,-11.883,-0.000,1.500,0.039
60.20,-11.852,0.022,-1.509,-11.883,-0.000,1.500,0.039
60.22,-11.853,0.021,-1.509,-11.883,-0.000,1.500,0.038
60.24,-11.853,0.021,-1.509,-11.883,-0.000,1.500,0.038
60.26,-11.853,0.019,-1.509,-11.883,-0.000,1.500,0.036
60.29,-11.853,0.019,-1.509,-11.883,-0.000,1.500,0.036
60.31,-11.854,0.017,-1.509,-11.883,-0.000,1.500,0.035
60.33,-11.854,0.017,-1.509,-11.883,-0.000,1.500,0.035
60.35,-11.855,0.015,-1.510,-11.883,-0.000,1.500,0.033
60.37,-11.855,0.015,-1.510,-11.883,-0.000,1.500,0.033
60.39,-11.856,0.013,-1.510,-11.883,-0.000,1.500,0.032
60.41,-11.856,0.013,-1.510,-11.883,-0.000,1.500,0.032
60.43,-11.856,0.011,-1.510,-11.883,-0.000,1.500,0.031
60.45,-11.856,0.011,-1.510,-11.883,-0.000,1.500,0.031
60.47,-11.857,0.009,-1.511,-11.883,-0.000,1.500,0.029
60.49,-11.857,0.009,-1.511,-11.883,-0.000,1.500,0.029
60.51,-11.858,0.007,-1.512,-11.883,-0.000,1.500,0.028
60.53,-11.858,0.007,-1.512,-11.883,-0.000,1.500,0.028
60.56,-11.858,0.007,-1.512,-11.883,-0.000,1.500,0.028
60.58,-11.860,0.004,-1.512,-11.883,-0.000,1.500,0.027
60.60,-11.860,0.004,-1.512,-11.883,-0.000,1.500,0.027
60.62,-11.861,0.003,-1.513,-11.883,-0.000,1.500,0.026
60.64,-11.861,0.003,-1.513,-11.883,-0.000,1.500,0.026
60.66,-11.863,0.001,-1.513,-11.883,-0.000,1.500,0.024
60.68,-11.863,0.001,-1.513,-11.883,-0.000,1.500,0.024
60.70,-11.865,-0.001,-1.513,-11.883,-0.000,1.500,0.023
60.72,-11.865,-0.001,-1.513,-11.883,-0.000,1.500,0.023
60.74,-11.866,-0.002,-1.513,-11.883,-0.000,1.500,0.022
60.76,-11.866,-0.002,-1.513,-11.883,-0.000,1.500,0.022
60.78,-11.868,-0.004,-1.513,-11.883,-0.000,1.500,0.021
60.80,-11.868,-0.004,-1.513,-11.883,-0.000,1.500,0.021
60.83,-11.870,-0.005,-1.513,-11.883,-0.000,1.500,0.020
60.85,-11.870,-0.005,-1.513,-11.883,-0.000,1.500,0.020
60.87,-11.871,-0.006,-1.513,-11.883,-0.000,1.500,0.019
60.89,-11.871,-0.006,-1.513,-11.883,-0.000,1.500,0.019
60.91,-11.872,-0.007,-1.513,-11.883,-0.000,1.500,0.019
60.93,-11.872,-0.007,-1.513,-11.883,-0.000,1.500,0.019
60.95,-11.874,-0.008,-1.513,-11.883,-0.000,1.500,0.018
60.97,-11.874,-0.008,-1.513,-11.883,-0.000,1.500,0.018
60.99,-11.875,-0.009,-1.513,-11.883,-0.000,1.500,0.018
61.01,-11.875,-0.009,-1.513,-11.883,-0.000,1.500,0.018
61.03,-11.875,-0.009,-1.513,-11.883,-0.000,1.500,0.018
61.05,-11.877,-0.010,-1.513,-11.883,-0.000,1.500,0.018
61.07,-11.877,-0.010,-1.513,-11.883,-0.000,1.500,0.018
61.10,-11.878,-0.011,-1.513,-11.883,-0.000,1.500,0.018
61.12,-11.878,-0.011,-1.513,-11.883,-0.000,1.500,0.018
61.14,-11.879,-0.011,-1.513,-11.883,-0.000,1.500,0.018
61.16,-11.879,-0.011,-1.513,-11.883,-0.000,1.500,0.018
61.18,-11.880,-0.011,-1.513,-11.883,-0.000,1.500,0.017
61.20,-11.880,-0.011,-1.513,-11.883,-0.000,1.500,0.017
61.22,-11.881,-0.011,-1.512,-11.883,-0.000,1.500,0.017
61.24,-11.881,-0.011,-1.512,-11.883,-0.000,1.500,0.017
61.26,-11.881,-0.011,-1.512,-11.883,-0.000,1.500,0.017
61.28,-11.881,-0.011,-1.512,-11.883,-0.000,1.500,0.017
61.30,-11.882,-0.011,-1.512,-11.883,-0.000,1.500,0.017
61.32,-11.882,-0.011,-1.512,-11.883,-0.000,1.500,0.017
61.34,-11.882,-0.010,-1.512,-11.883,-0.000,1.500,0.016
61.37,-11.882,-0.010,-1.512,-11.883,-0.000,1.500,0.016
61.39,-11.882,-0.010,-1.512,-11.883,-0.000,1.500,0.016
61.41,-11.882,-0.010,-1.512,-11.883,-0.000,1.500,0.016
61.43,-11.882,-0.009,-1.512,-11.883,-0.000,1.500,0.015
61.45,-11.882,-0.009,-1.512,-11.883,-0.000,1.500,0.015
61.47,-11.882,-0.008,-1.511,-11.883,-0.000,1.500,0.014
61.49,-11.882,-0.008,-1.511,-11.883,-0.000,1.500,0.014
61.51,-11.881,-0.008,-1.511,-11.883,-0.000,1.500,0.014
61.53,-11.881,-0.008,-1.511,-11.883,-0.000,1.500,0.014
61.55,-11.881,-0.008,-1.511,-11.883,-0.000,1.500,0.014
61.57,-11.881,-0.006,-1.510,-11.883,-0.000,1.500,0.012
61.59,-11.881,-0.006,-1.510,-11.883,-0.000,1.500,0.012
61.61,-11.880,-0.005,-1.509,-11.883,-0.000,1.500,0.011
61.64,-11.880,-0.005,-1.509,-11.883,-0.000,1.500,0.011
61.66,-11.880,-0.004,-1.508,-11.883,-0.000,1.500,0.010
61.68,-11.880,-0.004,-1.508,-11.883,-0.000,1.500,0.010
61.70,-11.879,-0.003,-1.508,-11.883,-0.000,1.500,0.009
61.72,-11.879,-0.003,-1.508,-11.883,-0.000,1.500,0.009
61.74,-11.879,-0.001,-1.507,-11.883,-0.000,1.500,0.008
61.76,-11.879,-0.001,-1.507,-11.883,-0.000,1.500,0.008
61.78,-11.878,0.000,-1.505,-11.883,-0.000,1.500,0.008
61.80,-11.878,0.000,-1.505,-11.883,-0.000,1.500,0.008
61.82,-11.878,0.002,-1.504,-11.883,-0.000,1.500,0.007
61.84,-11.878,0.002,-1.504,-11.883,-0.000,1.500,0.007
61.86,-11.877,0.003,-1.504,-11.883,-0.000,1.500,0.008
61.88,-11.877,0.003,-1.504,-11.883,-0.000,1.500,0.008
61.91,-11.877,0.004,-1.503,-11.883,-0.000,1.500,0.008
61.93,-11.877,0.004,-1.503,-11.883,-0.000,1.500,0.008
61.95,-11.877,0.005,-1.502,-11.883,-0.000,1.500,0.009
61.97,-11.877,0.005,-1.502,-11.883,-0.000,1.500,0.009
61.99,-11.877,0.007,-1.502,-11.883,-0.000,1.500,0.010
62.01,-11.877,0.007,-1.502,-11.883,-0.000,1.500,0.010
62.03,-11.877,0.008,-1.501,-11.883,-0.000,1.500,0.010
62.05,-11.877,0.008,-1.501,-11.883,-0.000,1.500,0.010
62.07,-11.877,0.008,-1.501,-11.883,-0.000,1.500,0.010
62.09,-11.877,0.010,-1.501,-11.883,-0.000,1.500,0.012
62.11,-11.877,0.010,-1.501,-11.883,-0.000,1.500,0.012
62.13,-11.877,0.010,-1.500,-11.883,-0.000,1.500,0.012
62.16,-11.877,0.010,-1.500,-11.883,-0.000,1.500,0.012
62.18,-11.877,0.011,-1.500,-11.883,-0.000,1.500,0.013
62.20,-11.877,0.011,-1.500,-11.883,-0.000,1.500,0.013
62.22,-11.878,0.012,-1.499,-11.883,-0.000,1.500,0.013
62.24,-11.878,0.012,-1.499,-11.883,-0.000,1.500,0.013
62.26,-11.879,0.013,-1.499,-11.883,-0.000,1.500,0.013
62.28,-11.879,0.013,-1.499,-11.883,-0.000,1.500,0.013
62.30,-11.880,0.013,-1.498,-11.883,-0.000,1.500,0.013
62.32,-11.880,0.013,-1.498,-11.883,-0.000,1.500,0.013
62.34,-11.881,0.013,-1.498,-11.883,-0.000,1.500,0.013
62.36,-11.881,0.013,-1.498,-11.883,-0.000,1.500,0.013
62.38,-11.882,0.013,-1.498,-11.883,-0.000,1.500,0.013
62.41,-11.882,0.013,-1.498,-11.883,-0.000,1.500,0.013
62.43,-11.884,0.013,-1.497,-11.883,-0.000,1.500,0.013
62.45,-11.884,0.013,-1.497,-11.883,-0.000,1.500,0.013
62.47,-11.885,0.012,-1.497,-11.883,-0.000,1.500,0.013
62.49,-11.885,0.012,-1.497,-11.883,-0.000,1.500,0.013
62.51,-11.886,0.012,-1.497,-11.883,-0.000,1.500,0.013
62.53,-11.886,0.012,-1.497,-11.883,-0.000,1.500,0.013
62.55,-11.886,0.012,-1.497,-11.883,-0.000,1.500,0.013
62.57,-11.889,0.011,-1.497,-11.883,-0.000,1.500,0.013
62.59,-11.889,0.011,-1.497,-11.883,-0.000,1.500,0.013
62.61,-11.890,0.010,-1.498,-11.883,-0.000,1.500,0.013
62.63,-11.890,0.010,-1.498,-11.883,-0.000,1.500,0.013
62.66,-11.891,0.009,-1.498,-11.883,-0.000,1.500,0.013
62.68,-11.891,0.009,-1.498,-11.883,-0.000,1.500,0.013
62.70,-11.893,0.009,-1.499,-11.883,-0.000,1.500,0.013
62.72,-11.893,0.009,-1.499,-11.883,-0.000,1.500,0.013
62.74,-11.894,0.008,-1.499,-11.883,-0.000,1.500,0.013
62.76,-11.894,0.008,-1.499,-11.883,-0.000,1.500,0.013
62.78,-11.895,0.007,-1.500,-11.883,-0.000,1.500,0.014
62.80,-11.895,0.007,-1.500,-11.883,-0.000,1.500,0.014
62.82,-11.896,0.006,-1.500,-11.883,-0.000,1.500,0.014
62.84,-11.896,0.006,-1.500,-11.883,-0.000,1.500,0.014
62.86,-11.897,0.005,-1.501,-11.883,-0.000,1.500,0.015
62.89,-11.897,0.005,-1.501,-11.883,-0.000,1.500,0.015
62.91,-11.898,0.004,-1.501,-11.883,-0.000,1.500,0.015
62.93,-11.898,0.004,-1.501,-11.883,-0.000,1.500,0.015
62.95,-11.898,0.003,-1.502,-11.883,-0.000,1.500,0.015
62.97,-11.898,0.003,-1.502,-11.883,-0.000,1.500,0.015
62.99,-11.899,0.002,-1.502,-11.883,-0.000,1.500,0.016
63.01,-11.899,0.002,-1.502,-11.883,-0.000,1.500,0.016
63.03,-11.899,0.000,-1.502,-11.883,-0.000,1.500,0.016
63.05,-11.899,0.000,-1.502,-11.883,-0.000,1.500,0.016
63.07,-11.899,0.000,-1.502,-11.883,-0.000,1.500,0.016
63.09,-11.900,-0.001,-1.503,-11.883,-0.000,1.500,0.017
63.11,-11.900,-0.001,-1.503,-11.883,-0.000,1.500,0.017
63.13,-11.900,-0.002,-1.504,-11.883,-0.000,1.500,0.018
63.16,-11.900,-0.002,-1.504,-11.883,-0.000,1.500,0.018
63.18,-11.900,-0.003,-1.504,-11.883,-0.000,1.500,0.018
63.20,-11.900,-0.003,-1.504,-11.883,-0.000,1.500,0.018
63.22,-11.900,-0.004,-1.505,-11.883,-0.000,1.500,0.018
63.24,-11.900,-0.004,-1.505,-11.883,-0.000,1.500,0.018
63.26,-11.899,-0.005,-1.505,-11.883,-0.000,1.500,0.018
63.28,-11.899,-0.005,-1.505,-11.883,-0.000,1.500,0.018
63.30,-11.899,-0.006,-1.506,-11.883,-0.000,1.500,0.018
63.32,-11.899,-0.006,-1.506,-11.883,-0.000,1.500,0.018
63.34,-11.898,-0.007,-1.507,-11.883,-0.000,1.500,0.018
63.36,-11.898,-0.007,-1.507,-11.883,-0.000,1.500,0.018
63.38,-11.897,-0.008,-1.507,-11.883,-0.000,1.500,0.017
63.40,-11.897,-0.008,-1.507,-11.883,-0.000,1.500,0.017
63.43,-11.896,-0.008,-1.507,-11.883,-0.000,1.500,0.017
63.45,-11.896,-0.008,-1.507,-11.883,-0.000,1.500,0.017
63.47,-11.895,-0.009,-1.507,-11.883,-0.000,1.500,0.016
63.49,-11.895,-0.009,-1.507,-11.883,-0.000,1.500,0.016
63.51,-11.894,-0.009,-1.507,-11.883,-0.000,1.500,0.016
63.53,-11.894,-0.009,-1.507,-11.883,-0.000,1.500,0.016
63.55,-11.894,-0.009,-1.507,-11.883,-0.000,1.500,0.016
63.57,-11.892,-0.010,-1.507,-11.883,-0.000,1.500,0.015
63.59,-11.892,-0.010,-1.507,-11.883,-0.000,1.500,0.015
63.61,-11.891,-0.010,-1.507,-11.883,-0.000,1.500,0.015
63.63,-11.891,-0.010,-1.507,-11.883,-0.000,1.500,0.015
63.65,-11.891,-0.010,-1.506,-11.883,-0.000,1.500,0.014
63.68,-11.891,-0.010,-1.506,-11.883,-0.000,1.500,0.014
63.70,-11.890,-0.011,-1.505,-11.883,-0.000,1.500,0.014
63.72,-11.890,-0.011,-1.505,-11.883,-0.000,1.500,0.014
63.74,-11.889,-0.011,-1.504,-11.883,-0.000,1.500,0.013
63.76,-11.889,-0.011,-1.504,-11.883,-0.000,1.500,0.013
63.78,-11.889,-0.011,-1.503,-11.883,-0.000,1.500,0.013
63.80,-11.889,-0.011,-1.503,-11.883,-0.000,1.500,0.013
63.82,-11.888,-0.011,-1.501,-11.883,-0.000,1.500,0.012
63.84,-11.888,-0.011,-1.501,-11.883,-0.000,1.500,0.012
63.86,-11.888,-0.011,-1.500,-11.883,-0.000,1.500,0.012
63.88,-11.888,-0.011,-1.500,-11.883,-0.000,1.500,0.012
63.90,-11.887,-0.011,-1.499,-11.883,-0.000,1.500,0.011
63.92,-11.887,-0.011,-1.499,-11.883,-0.000,1.500,0.011
63.95,-11.887,-0.010,-1.497,-11.883,-0.000,1.500,0.011
63.97,-11.887,-0.010,-1.497,-11.883,-0.000,1.500,0.011
63.99,-11.888,-0.010,-1.496,-11.883,-0.000,1.500,0.011
64.01,-11.888,-0.010,-1.496,-11.883,-0.000,1.500,0.011
64.03,-11.888,-0.009,-1.495,-11.883,-0.000,1.500,0.011
64.05,-11.888,-0.009,-1.495,-11.883,-0.000,1.500,0.011
64.07,-11.888,-0.009,-1.495,-11.883,-0.000,1.500,0.011
64.09,-11.889,-0.009,-1.494,-11.883,-0.000,1.500,0.012
64.11,-11.889,-0.009,-1.494,-11.883,-0.000,1.500,0.012
64.13,-11.890,-0.008,-1.494,-11.883,-0.000,1.500,0.012
64.15,-11.890,-0.008,-1.494,-11.883,-0.000,1.500,0.012
64.18,-11.891,-0.007,-1.493,-11.883,-0.000,1.500,0.012
64.20,-11.891,-0.007,-1.493,-11.883,-0.000,1.500,0.012
64.22,-11.891,-0.007,-1.493,-11.883,-0.000,1.500,0.013
64.24,-11.891,-0.007,-1.493,-11.883,-0.000,1.500,0.013
64.26,-11.893,-0.007,-1.493,-11.883,-0.000,1.500,0.013
64.28,-11.893,-0.007,-1.493,-11.883,-0.000,1.500,0.013
64.30,-11.894,-0.006,-1.493,-11.883,-0.000,1.500,0.014
64.32,-11.894,-0.006,-1.493,-11.883,-0.000,1.500,0.014
64.34,-11.895,-0.006,-1.493,-11.883,-0.000,1.500,0.015
64.36,-11.895,-0.006,-1.493,-11.883,-0.000,1.500,0.015
64.38,-11.897,-0.007,-1.493,-11.883,-0.000,1.500,0.017
64.40,-11.897,-0.007,-1.493,-11.883,-0.000,1.500,0.017
64.42,-11.898,-0.007,-1.493,-11.883,-0.000,1.500,0.018
64.45,-11.898,-0.007,-1.493,-11.883,-0.000,1.500,0.018
64.47,-11.899,-0.007,-1.493,-11.883,-0.000,1.500,0.019
64.49,-11.899,-0.007,-1.493,-11.883,-0.000,1.500,0.019
64.51,-11.901,-0.008,-1.493,-11.883,-0.000,1.500,0.020
64.53,-11.901,-0.008,-1.493,-11.883,-0.000,1.500,0.020
64.55,-11.902,-0.009,-1.494,-11.883,-0.000,1.500,0.022
64.57,-11.902,-0.009,-1.494,-11.883,-0.000,1.500,0.022
64.59,-11.902,-0.009,-1.494,-11.883,-0.000,1.500,0.022
64.61,-11.904,-0.009,-1.494,-11.883,-0.000,1.500,0.024
64.63,-11.904,-0.009,-1.494,-11.883,-0.000,1.500,0.024
64.65,-11.906,-0.010,-1.495,-11.883,-0.000,1.500,0.025
64.67,-11.906,-0.010,-1.495,-11.883,-0.000,1.500,0.025
64.69,-11.907,-0.010,-1.496,-11.883,-0.000,1.500,0.026
64.72,-11.907,-0.010,-1.496,-11.883,-0.000,1.500,0.026
64.74,-11.908,-0.010,-1.496,-11.883,-0.000,1.500,0.027
64.76,-11.908,-0.010,-1.496,-11.883,-0.000,1.500,0.027
64.78,-11.909,-0.010,-1.497,-11.883,-0.000,1.500,0.028
64.80,-11.909,-0.010,-1.497,-11.883,-0.000,1.500,0.028
64.82,-11.910,-0.010,-1.498,-11.883,-0.000,1.500,0.029
64.84,-11.910,-0.010,-1.498,-11.883,-0.000,1.500,0.029
64.86,-11.911,-0.009,-1.498,-11.883,-0.000,1.500,0.029
64.88,-11.911,-0.009,-1.498,-11.883,-0.000,1.500,0.029
64.90,-11.911,-0.009,-1.499,-11.883,-0.000,1.500,0.030
64.92,-11.911,-0.009,-1.499,-11.883,-0.000,1.500,0.030
64.94,-11.912,-0.009,-1.499,-11.883,-0.000,1.500,0.030
64.96,-11.912,-0.009,-1.499,-11.883,-0.000,1.500,0.030
64.99,-11.912,-0.008,-1.500,-11.883,-0.000,1.500,0.030
65.01,-11.912,-0.008,-1.500,-11.883,-0.000,1.500,0.030
65.03,-11.912,-0.007,-1.500,-11.883,-0.000,1.500,0.030
65.05,-11.912,-0.007,-1.500,-11.883,-0.000,1.500,0.030
65.07,-11.912,-0.007,-1.500,-11.883,-0.000,1.500,0.030
65.09,-11.912,-0.006,-1.501,-11.883,-0.000,1.500,0.030
65.11,-11.912,-0.006,-1.501,-11.883,-0.000,1.500,0.030
65.13,-11.912,-0.005,-1.501,-11.883,-0.000,1.500,0.029
65.15,-11.912,-0.005,-1.501,-11.883,-0.000,1.500,0.029
65.17,-11.911,-0.004,-1.502,-11.883,-0.000,1.500,0.029
65.19,-11.911,-0.004,-1.502,-11.883,-0.000,1.500,0.029
65.21,-11.911,-0.003,-1.502,-11.883,-0.000,1.500,0.028
65.24,-11.911,-0.003,-1.502,-11.883,-0.000,1.500,0.028
65.26,-11.910,-0.002,-1.503,-11.883,-0.000,1.500,0.028
65.28,-11.910,-0.002,-1.503,-11.883,-0.000,1.500,0.028
65.30,-11.910,-0.002,-1.503,-11.883,-0.000,1.500,0.027
65.32,-11.910,-0.002,-1.503,-11.883,-0.000,1.500,0.027
65.34,-11.910,-0.001,-1.504,-11.883,-0.000,1.500,0.027
65.36,-11.910,-0.001,-1.504,-11.883,-0.000,1.500,0.027
65.38,-11.909,-0.000,-1.504,-11.883,-0.000,1.500,0.026
65.40,-11.909,-0.000,-1.504,-11.883,-0.000,1.500,0.026
65.42,-11.908,-0.000,-1.505,-11.883,-0.000,1.500,0.026
65.44,-11.908,-0.000,-1.505,-11.883,-0.000,1.500,0.026
65.46,-11.907,0.000,-1.505,-11.883,-0.000,1.500,0.025
65.49,-11.907,0.000,-1.505,-11.883,-0.000,1.500,0.025
65.51,-11.906,0.000,-1.506,-11.883,-0.000,1.500,0.024
65.53,-11.906,0.000,-1.506,-11.883,-0.000,1.500,0.024
65.55,-11.905,0.000,-1.506,-11.883,-0.000,1.500,0.023
65.57,-11.905,0.000,-1.506,-11.883,-0.000,1.500,0.023
65.59,-11.905,0.000,-1.506,-11.883,-0.000,1.500,0.023
65.61,-11.903,-0.000,-1.507,-11.883,-0.000,1.500,0.021
65.63,-11.903,-0.000,-1.507,-11.883,-0.000,1.500,0.021
65.65,-11.901,-0.000,-1.508,-11.883,-0.000,1.500,0.019
65.67,-11.901,-0.000,-1.508,-11.883,-0.000,1.500,0.019
65.69,-11.899,-0.000,-1.508,-11.883,-0.000,1.500,0.018
65.71,-11.899,-0.000,-1.508,-11.883,-0.000,1.500,0.018
65.73,-11.897,-0.000,-1.508,-11.883,-0.000,1.500,0.016
65.76,-11.897,-0.000,-1.508,-11.883,-0.000,1.500,0.016
65.78,-11.895,-0.000,-1.508,-11.883,-0.000,1.500,0.014
65.80,-11.895,-0.000,-1.508,-11.883,-0.000,1.500,0.014
65.82,-11.892,-0.001,-1.509,-11.883,-0.000,1.500,0.013
65.84,-11.892,-0.001,-1.509,-11.883,-0.000,1.500,0.013
65.86,-11.890,-0.001,-1.509,-11.883,-0.000,1.500,0.011
65.88,-11.890,-0.001,-1.509,-11.883,-0.000,1.500,0.011
65.90,-11.886,-0.002,-1.509,-11.883,-0.000,1.500,0.010
65.92,-11.886,-0.002,-1.509,-11.883,-0.000,1.500,0.010
65.94,-11.884,-0.002,-1.509,-11.883,-0.000,1.500,0.009
65.96,-11.884,-0.002,-1.509,-11.883,-0.000,1.500,0.009
65.98,-11.881,-0.003,-1.508,-11.883,-0.000,1.500,0.009
66.00,-11.881,-0.003,-1.508,-11.883,-0.000,1.500,0.009
66.03,-11.879,-0.004,-1.508,-11.883,-0.000,1.500,0.010
66.05,-11.879,-0.004,-1.508,-11.883,-0.000,1.500,0.010
66.07,-11.879,-0.004,-1.508,-11.883,-0.000,1.500,0.010
66.09,-11.875,-0.005,-1.507,-11.883,-0.000,1.500,0.012
66.11,-11.875,-0.005,-1.507,-11.883,-0.000,1.500,0.012
66.13,-11.872,-0.006,-1.506,-11.883,-0.000,1.500,0.014
66.15,-11.872,-0.006,-1.506,-11.883,-0.000,1.500,0.014
66.17,-11.869,-0.006,-1.505,-11.883,-0.000,1.500,0.016
66.19,-11.869,-0.006,-1.505,-11.883,-0.000,1.500,0.016
66.21,-11.867,-0.007,-1.505,-11.883,-0.000,1.500,0.019
66.23,-11.867,-0.007,-1.505,-11.883,-0.000,1.500,0.019
66.26,-11.864,-0.007,-1.504,-11.883,-0.000,1.500,0.021
66.28,-11.864,-0.007,-1.504,-11.883,-0.000,1.500,0.021
66.30,-11.862,-0.008,-1.503,-11.883,-0.000,1.500,0.023
66.32,-11.862,-0.008,-1.503,-11.883,-0.000,1.500,0.023
66.34,-11.860,-0.008,-1.502,-11.883,-0.000,1.500,0.025
66.36,-11.860,-0.008,-1.502,-11.883,-0.000,1.500,0.025
66.38,-11.857,-0.008,-1.501,-11.883,-0.000,1.500,0.027
66.40,-11.857,-0.008,-1.501,-11.883,-0.000,1.500,0.027
66.42,-11.855,-0.008,-1.501,-11.883,-0.000,1.500,0.029
66.44,-11.855,-0.008,-1.501,-11.883,-0.000,1.500,0.029
66.46,-11.853,-0.008,-1.501,-11.883,-0.000,1.500,0.031
66.48,-11.853,-0.008,-1.501,-11.883,-0.000,1.500,0.031
66.50,-11.852,-0.008,-1.500,-11.883,-0.000,1.500,0.033
66.53,-11.852,-0.008,-1.500,-11.883,-0.000,1.500,0.033
66.55,-11.850,-0.007,-1.500,-11.883,-0.000,1.500,0.034
66.57,-11.850,-0.007,-1.500,-11.883,-0.000,1.500,0.034
66.59,-11.850,-0.007,-1.500,-11.883,-0.000,1.500,0.034
66.61,-11.848,-0.006,-1.499,-11.883,-0.000,1.500,0.036
66.63,-11.848,-0.006,-1.499,-11.883,-0.000,1.500,0.036
66.65,-11.847,-0.006,-1.498,-11.883,-0.000,1.500,0.037
66.67,-11.847,-0.006,-1.498,-11.883,-0.000,1.500,0.037
66.69,-11.846,-0.004,-1.498,-11.883,-0.000,1.500,0.038
66.71,-11.846,-0.004,-1.498,-11.883,-0.000,1.500,0.038
66.73,-11.845,-0.003,-1.497,-11.883,-0.000,1.500,0.039
66.75,-11.845,-0.003,-1.497,-11.883,-0.000,1.500,0.039
66.78,-11.844,-0.002,-1.497,-11.883,-0.000,1.500,0.039
66.80,-11.844,-0.002,-1.497,-11.883,-0.000,1.500,0.039
66.82,-11.844,-0.001,-1.496,-11.883,-0.000,1.500,0.040
66.84,-11.844,-0.001,-1.496,-11.883,-0.000,1.500,0.040
66.86,-11.844,-0.000,-1.496,-11.883,-0.000,1.500,0.040
66.88,-11.844,-0.000,-1.496,-11.883,-0.000,1.500,0.040
66.90,-11.843,0.001,-1.496,-11.883,-0.000,1.500,0.040
66.92,-11.843,0.001,-1.496,-11.883,-0.000,1.500,0.040
66.94,-11.843,0.002,-1.496,-11.883,-0.000,1.500,0.040
66.96,-11.843,0.002,-1.496,-11.883,-0.000,1.500,0.040
66.98,-11.843,0.003,-1.495,-11.883,-0.000,1.500,0.040
67.00,-11.843,0.003,-1.495,-11.883,-0.000,1.500,0.040
67.03,-11.843,0.004,-1.495,-11.883,-0.000,1.500,0.040
67.05,-11.843,0.004,-1.495,-11.883,-0.000,1.500,0.040
67.07,-11.843,0.005,-1.495,-11.883,-0.000,1.500,0.041
67.09,-11.843,0.005,-1.495,-11.883,-0.000,1.500,0.041
67.11,-11.843,0.005,-1.495,-11.883,-0.000,1.500,0.041
67.13,-11.843,0.007,-1.495,-11.883,-0.000,1.500,0.041
67.15,-11.843,0.007,-1.495,-11.883,-0.000,1.500,0.041
67.17,-11.842,0.008,-1.495,-11.883,-0.000,1.500,0.042
67.19,-11.842,0.008,-1.495,-11.883,-0.000,1.500,0.042
67.21,-11.842,0.009,-1.495,-11.883,-0.000,1.500,0.043
67.23,-11.842,0.009,-1.495,-11.883,-0.000,1.500,0.043
67.25,-11.842,0.010,-1.495,-11.883,-0.000,1.500,0.043
67.28,-11.842,0.010,-1.495,-11.883,-0.000,1.500,0.043
67.30,-11.841,0.010,-1.495,-11.883,-0.000,1.500,0.043
67.32,-11.841,0.010,-1.495,-11.883,-0.000,1.500,0.043
67.34,-11.841,0.011,-1.495,-11.883,-0.000,1.500,0.043
67.36,-11.841,0.011,-1.495,-11.883,-0.000,1.500,0.043
67.38,-11.842,0.011,-1.495,-11.883,-0.000,1.500,0.043
67.40,-11.842,0.011,-1.495,-11.883,-0.000,1.500,0.043
67.42,-11.842,0.012,-1.496,-11.883,-0.000,1.500,0.043
67.44,-11.842,0.012,-1.496,-11.883,-0.000,1.500,0.043
67.46,-11.842,0.012,-1.496,-11.883,-0.000,1.500,0.043
67.48,-11.842,0.012,-1.496,-11.883,-0.000,1.500,0.043
67.50,-11.843,0.012,-1.496,-11.883,-0.000,1.500,0.043
67.52,-11.843,0.012,-1.496,-11.883,-0.000,1.500,0.043
67.55,-11.843,0.013,-1.496,-11.883,-0.000,1.500,0.042
67.57,-11.843,0.013,-1.496,-11.883,-0.000,1.500,0.042
67.59,-11.843,0.013,-1.496,-11.883,-0.000,1.500,0.042
67.61,-11.844,0.012,-1.497,-11.883,-0.000,1.500,0.041
67.63,-11.844,0.012,-1.497,-11.883,-0.000,1.500,0.041
67.65,-11.845,0.012,-1.497,-11.883,-0.000,1.500,0.041
67.67,-11.845,0.012,-1.497,-11.883,-0.000,1.500,0.041
67.69,-11.845,0.011,-1.497,-11.883,-0.000,1.500,0.040
67.71,-11.845,0.011,-1.497,-11.883,-0.000,1.500,0.040
67.73,-11.846,0.011,-1.497,-11.883,-0.000,1.500,0.039
67.75,-11.846,0.011,-1.497,-11.883,-0.000,1.500,0.039
67.77,-11.847,0.010,-1.497,-11.883,-0.000,1.500,0.038
67.80,-11.847,0.010,-1.497,-11.883,-0.000,1.500,0.038
67.82,-11.847,0.010,-1.497,-11.883,-0.000,1.500,0.037
67.84,-11.847,0.010,-1.497,-11.883,-0.000,1.500,0.037
67.86,-11.848,0.009,-1.497,-11.883,-0.000,1.500,0.036
67.88,-11.848,0.009,-1.497,-11.883,-0.000,1.500,0.036
67.90,-11.849,0.009,-1.497,-11.883,-0.000,1.500,0.036
67.92,-11.849,0.009,-1.497,-11.883,-0.000,1.500,0.036
67.94,-11.850,0.009,-1.497,-11.883,-0.000,1.500,0.035
67.96,-11.850,0.009,-1.497,-11.883,-0.000,1.500,0.035
67.98,-11.850,0.009,-1.496,-11.883,-0.000,1.500,0.034
68.00,-11.850,0.009,-1.496,-11.883,-0.000,1.500,0.034
68.03,-11.851,0.009,-1.496,-11.883,-0.000,1.500,0.033
68.05,-11.851,0.009,-1.496,-11.883,-0.000,1.500,0.033
68.07,-11.852,0.009,-1.495,-11.883,-0.000,1.500,0.033
68.09,-11.852,0.009,-1.495,-11.883,-0.000,1.500,0.033
68.11,-11.852,0.009,-1.495,-11.883,-0.000,1.500,0.033
68.13,-11.853,0.010,-1.495,-11.883,-0.000,1.500,0.032
68.15,-11.853,0.010,-1.495,-11.883,-0.000,1.500,0.032
68.17,-11.854,0.010,-1.495,-11.883,-0.000,1.500,0.031
68.19,-11.854,0.010,-1.495,-11.883,-0.000,1.500,0.031
68.21,-11.854,0.010,-1.495,-11.883,-0.000,1.500,0.031
68.23,-11.854,0.010,-1.495,-11.883,-0.000,1.500,0.031
68.25,-11.855,0.010,-1.495,-11.883,-0.000,1.500,0.030
68.27,-11.855,0.010,-1.495,-11.883,-0.000,1.500,0.030
68.30,-11.856,0.010,-1.496,-11.883,-0.000,1.500,0.029
68.32,-11.856,0.010,-1.496,-11.883,-0.000,1.500,0.029
68.34,-11.856,0.009,-1.496,-11.883,-0.000,1.500,0.029
68.36,-11.856,0.009,-1.496,-11.883,-0.000,1.500,0.029
68.38,-11.857,0.009,-1.496,-11.883,-0.000,1.500,0.028
68.40,-11.857,0.009,-1.496,-11.883,-0.000,1.500,0.028
68.42,-11.859,0.009,-1.497,-11.883,-0.000,1.500,0.026
68.44,-11.859,0.009,-1.497,-11.883,-0.000,1.500,0.026
68.46,-11.860,0.009,-1.497,-11.883,-0.000,1.500,0.025
68.48,-11.860,0.009,-1.497,-11.883,-0.000,1.500,0.025
68.50,-11.861,0.009,-1.497,-11.883,-0.000,1.500,0.024
68.52,-11.861,0.009,-1.497,-11.883,-0.000,1.500,0.024
68.54,-11.863,0.009,-1.497,-11.883,-0.000,1.500,0.022
68.56,-11.863,0.009,-1.497,-11.883,-0.000,1.500,0.022
68.59,-11.863,0.009,-1.497,-11.883,-0.000,1.500,0.022
68.61,-11.865,0.009,-1.497,-11.883,-0.000,1.500,0.020
68.63,-11.865,0.009,-1.497,-11.883,-0.000,1.500,0.020
68.65,-11.867,0.009,-1.496,-11.883,-0.000,1.500,0.019
68.67,-11.867,0.009,-1.496,-11.883,-0.000,1.500,0.019
68.69,-11.869,0.009,-1.496,-11.883,-0.000,1.500,0.017
68.71,-11.869,0.009,-1.496,-11.883,-0.000,1.500,0.017
68.73,-11.871,0.009,-1.495,-11.883,-0.000,1.500,0.015
68.75,-11.871,0.009,-1.495,-11.883,-0.000,1.500,0.015
68.77,-11.873,0.008,-1.495,-11.883,-0.000,1.500,0.014
68.79,-11.873,0.008,-1.495,-11.883,-0.000,1.500,0.014
68.81,-11.875,0.008,-1.495,-11.883,-0.000,1.500,0.012
68.84,-11.875,0.008,-1.495,-11.883,-0.000,1.500,0.012
68.86,-11.877,0.007,-1.495,-11.883,-0.000,1.500,0.011
68.88,-11.877,0.007,-1.495,-11.883,-0.000,1.500,0.011
68.90,-11.878,0.007,-1.495,-11.883,-0.000,1.500,0.010
68.92,-11.878,0.007,-1.495,-11.883,-0.000,1.500,0.010
68.94,-11.880,0.006,-1.494,-11.883,-0.000,1.500,0.009
68.96,-11.880,0.006,-1.494,-11.883,-0.000,1.500,0.009
68.98,-11.882,0.005,-1.494,-11.883,-0.000,1.500,0.007
69.00,-11.882,0.005,-1.494,-11.883,-0.000,1.500,0.007
69.02,-11.884,0.004,-1.494,-11.883,-0.000,1.500,0.007
69.04,-11.884,0.004,-1.494,-11.883,-0.000,1.500,0.007
69.06,-11.885,0.003,-1.494,-11.883,-0.000,1.500,0.007
69.08,-11.885,0.003,-1.494,-11.883,-0.000,1.500,0.007
69.11,-11.885,0.003,-1.494,-11.883,-0.000,1.500,0.007
69.13,-11.888,0.002,-1.495,-11.883,-0.000,1.500,0.007
69.15,-11.888,0.002,-1.495,-11.883,-0.000,1.500,0.007
69.17,-11.889,0.002,-1.495,-11.883,-0.000,1.500,0.008
69.19,-11.889,0.002,-1.495,-11.883,-0.000,1.500,0.008
69.21,-11.890,0.001,-1.495,-11.883,-0.000,1.500,0.008
69.23,-11.890,0.001,-1.495,-11.883,-0.000,1.500,0.008
69.25,-11.891,0.001,-1.496,-11.883,-0.000,1.500,0.009
69.27,-11.891,0.001,-1.496,-11.883,-0.000,1.500,0.009
69.29,-11.893,0.000,-1.497,-11.883,-0.000,1.500,0.010
69.31,-11.893,0.000,-1.497,-11.883,-0.000,1.500,0.010
69.33,-11.894,-0.000,-1.497,-11.883,-0.000,1.500,0.011
69.36,-11.894,-0.000,-1.497,-11.883,-0.000,1.500,0.011
69.38,-11.894,-0.001,-1.497,-11.883,-0.000,1.500,0.012
69.40,-11.894,-0.001,-1.497,-11.883,-0.000,1.500,0.012
69.42,-11.895,-0.001,-1.498,-11.883,-0.000,1.500,0.012
69.44,-11.895,-0.001,-1.498,-11.883,-0.000,1.500,0.012
69.46,-11.896,-0.001,-1.498,-11.883,-0.000,1.500,0.013
69.48,-11.896,-0.001,-1.498,-11.883,-0.000,1.500,0.013
69.50,-11.897,-0.001,-1.498,-11.883,-0.000,1.500,0.014
69.52,-11.897,-0.001,-1.498,-11.883,-0.000,1.500,0.014
69.54,-11.898,-0.001,-1.498,-11.883,-0.000,1.500,0.015
69.56,-11.898,-0.001,-1.498,-11.883,-0.000,1.500,0.015
69.58,-11.899,-0.001,-1.498,-11.883,-0.000,1.500,0.016
69.60,-11.899,-0.001,-1.498,-11.883,-0.000,1.500,0.016
69.63,-11.899,-0.001,-1.498,-11.883,-0.000,1.500,0.016
69.65,-11.900,-0.001,-1.498,-11.883,-0.000,1.500,0.017
69.67,-11.900,-0.001,-1.498,-11.883,-0.000,1.500,0.017
69.69,-11.901,-0.001,-1.499,-11.883,-0.000,1.500,0.018
69.71,-11.901,-0.001,-1.499,-11.883,-0.000,1.500,0.018
69.73,-11.902,-0.000,-1.499,-11.883,-0.000,1.500,0.019
69.75,-11.902,-0.000,-1.499,-11.883,-0.000,1.500,0.019
69.77,-11.903,-0.000,-1.499,-11.883,-0.000,1.500,0.019
69.79,-11.903,-0.000,-1.499,-11.883,-0.000,1.500,0.019
69.81,-11.903,0.001,-1.500,-11.883,-0.000,1.500,0.020
69.83,-11.903,0.001,-1.500,-11.883,-0.000,1.500,0.020
69.85,-11.904,0.001,-1.500,-11.883,-0.000,1.500,0.021
69.87,-11.904,0.001,-1.500,-11.883,-0.000,1.500,0.021
69.90,-11.905,0.002,-1.501,-11.883,-0.000,1.500,0.022
69.92,-11.905,0.002,-1.501,-11.883,-0.000,1.500,0.022
69.94,-11.906,0.003,-1.501,-11.883,-0.000,1.500,0.023
69.96,-11.906,0.003,-1.501,-11.883,-0.000,1.500,0.023
69.98,-11.907,0.004,-1.502,-11.883,-0.000,1.500,0.024
70.00,-11.907,0.004,-1.502,-11.883,-0.000,1.500,0.024
70.02,-11.908,0.006,-1.504,-11.883,-0.000,1.500,0.026
70.04,-11.908,0.006,-1.504,-11.883,-0.000,1.500,0.026
70.06,-11.908,0.007,-1.505,-11.883,-0.000,1.500,0.027
70.08,-11.908,0.007,-1.505,-11.883,-0.000,1.500,0.027
70.10,-11.908,0.007,-1.505,-11.883,-0.000,1.500,0.027
70.12,-11.909,0.008,-1.506,-11.883,-0.000,1.500,0.028
70.14,-11.909,0.008,-1.506,-11.883,-0.000,1.500,0.028
70.17,-11.910,0.009,-1.507,-11.883,-0.000,1.500,0.029
70.19,-11.910,0.009,-1.507,-11.883,-0.000,1.500,0.029
70.21,-11.910,0.010,-1.508,-11.883,-0.000,1.500,0.030
70.23,-11.910,0.010,-1.508,-11.883,-0.000,1.500,0.030
70.25,-11.910,0.011,-1.508,-11.883,-0.000,1.500,0.030
70.27,-11.910,0.011,-1.508,-11.883,-0.000,1.500,0.030
70.29,-11.910,0.012,-1.509,-11.883,-0.000,1.500,0.031
70.31,-11.910,0.012,-1.509,-11.883,-0.000,1.500,0.031
70.33,-11.910,0.012,-1.509,-11.883,-0.000,1.500,0.031
70.35,-11.910,0.012,-1.509,-11.883,-0.000,1.500,0.031
70.37,-11.910,0.013,-1.509,-11.883,-0.000,1.500,0.032
70.39,-11.910,0.013,-1.509,-11.883,-0.000,1.500,0.032
70.42,-11.910,0.013,-1.509,-11.883,-0.000,1.500,0.032
70.44,-11.910,0.013,-1.509,-11.883,-0.000,1.500,0.032
70.46,-11.910,0.014,-1.509,-11.883,-0.000,1.500,0.032
70.48,-11.910,0.014,-1.509,-11.883,-0.000,1.500,0.032
70.50,-11.911,0.014,-1.508,-11.883,-0.000,1.500,0.032
70.52,-11.911,0.014,-1.508,-11.883,-0.000,1.500,0.032
70.54,-11.911,0.014,-1.507,-11.883,-0.000,1.500,0.032
70.56,-11.911,0.014,-1.507,-11.883,-0.000,1.500,0.032
70.58,-11.911,0.014,-1.506,-11.883,-0.000,1.500,0.032
70.60,-11.911,0.014,-1.506,-11.883,-0.000,1.500,0.032
70.62,-11.911,0.014,-1.506,-11.883,-0.000,1.500,0.032
70.64,-11.912,0.014,-1.505,-11.883,-0.000,1.500,0.032
70.66,-11.912,0.014,-1.505,-11.883,-0.000,1.500,0.032
70.69,-11.912,0.014,-1.504,-11.883,-0.000,1.500,0.032
70.71,-11.912,0.014,-1.504,-11.883,-0.000,1.500,0.032
70.73,-11.912,0.014,-1.503,-11.883,-0.000,1.500,0.032
70.75,-11.912,0.014,-1.503,-11.883,-0.000,1.500,0.032
70.77,-11.912,0.014,-1.502,-11.883,-0.000,1.500,0.032
70.79,-11.912,0.014,-1.502,-11.883,-0.000,1.500,0.032
70.81,-11.912,0.014,-1.502,-11.883,-0.000,1.500,0.032
70.83,-11.912,0.014,-1.502,-11.883,-0.000,1.500,0.032
70.85,-11.912,0.014,-1.501,-11.883,-0.000,1.500,0.032
70.87,-11.912,0.014,-1.501,-11.883,-0.000,1.500,0.032
70.89,-11.912,0.014,-1.500,-11.883,-0.000,1.500,0.032
70.91,-11.912,0.014,-1.500,-11.883,-0.000,1.500,0.032
70.93,-11.912,0.014,-1.500,-11.883,-0.000,1.500,0.032
70.95,-11.912,0.014,-1.500,-11.883,-0.000,1.500,0.032
70.98,-11.912,0.014,-1.500,-11.883,-0.000,1.500,0.032
71.00,-11.912,0.014,-1.500,-11.883,-0.000,1.500,0.032
71.02,-11.912,0.015,-1.499,-11.883,-0.000,1.500,0.033
71.04,-11.912,0.015,-1.499,-11.883,-0.000,1.500,0.033
71.06,-11.913,0.015,-1.499,-11.883,-0.000,1.500,0.033
71.08,-11.913,0.015,-1.499,-11.883,-0.000,1.500,0.033
71.10,-11.913,0.015,-1.499,-11.883,-0.000,1.500,0.033
71.12,-11.913,0.015,-1.499,-11.883,-0.000,1.500,0.033
71.14,-11.913,0.015,-1.499,-11.883,-0.000,1.500,0.033
71.16,-11.913,0.016,-1.499,-11.883,-0.000,1.500,0.034
71.18,-11.913,0.016,-1.499,-11.883,-0.000,1.500,0.034
71.20,-11.913,0.016,-1.499,-11.883,-0.000,1.500,0.034
71.23,-11.913,0.016,-1.499,-11.883,-0.000,1.500,0.034
71.25,-11.913,0.016,-1.499,-11.883,-0.000,1.500,0.034
71.27,-11.913,0.016,-1.499,-11.883,-0.000,1.500,0.034
71.29,-11.913,0.016,-1.498,-11.883,-0.000,1.500,0.034
71.31,-11.913,0.016,-1.498,-11.883,-0.000,1.500,0.034
71.33,-11.913,0.016,-1.498,-11.883,-0.000,1.500,0.034
71.35,-11.913,0.016,-1.498,-11.883,-0.000,1.500,0.034
71.37,-11.913,0.016,-1.498,-11.883,-0.000,1.500,0.034
71.39,-11.913,0.016,-1.498,-11.883,-0.000,1.500,0.034
71.41,-11.912,0.016,-1.498,-11.883,-0.000,1.500,0.033
71.43,-11.912,0.016,-1.498,-11.883,-0.000,1.500,0.033
71.45,-11.912,0.016,-1.498,-11.883,-0.000,1.500,0.033
71.47,-11.912,0.016,-1.498,-11.883,-0.000,1.500,0.033
71.50,-11.911,0.015,-1.498,-11.883,-0.000,1.500,0.032
71.52,-11.911,0.015,-1.498,-11.883,-0.000,1.500,0.032
71.54,-11.910,0.015,-1.498,-11.883,-0.000,1.500,0.031
71.56,-11.910,0.015,-1.498,-11.883,-0.000,1.500,0.031
71.58,-11.910,0.015,-1.498,-11.883,-0.000,1.500,0.030
71.60,-11.910,0.015,-1.498,-11.883,-0.000,1.500,0.030
71.62,-11.910,0.015,-1.498,-11.883,-0.000,1.500,0.030
71.64,-11.908,0.014,-1.498,-11.883,-0.000,1.500,0.029
71.66,-11.908,0.014,-1.498,-11.883,-0.000,1.500,0.029
71.68,-11.907,0.014,-1.498,-11.883,-0.000,1.500,0.028
71.70,-11.907,0.014,-1.498,-11.883,-0.000,1.500,0.028
71.72,-11.906,0.013,-1.498,-11.883,-0.000,1.500,0.026
71.75,-11.906,0.013,-1.498,-11.883,-0.000,1.500,0.026
71.77,-11.904,0.013,-1.499,-11.883,-0.000,1.500,0.025
71.79,-11.904,0.013,-1.499,-11.883,-0.000,1.500,0.025
71.81,-11.903,0.012,-1.499,-11.883,-0.000,1.500,0.024
71.83,-11.903,0.012,-1.499,-11.883,-0.000,1.500,0.024
71.85,-11.902,0.012,-1.499,-11.883,-0.000,1.500,0.022
71.87,-11.902,0.012,-1.499,-11.883,-0.000,1.500,0.022
71.89,-11.901,0.012,-1.499,-11.883,-0.000,1.500,0.021
71.91,-11.901,0.012,-1.499,-11.883,-0.000,1.500,0.021
71.93,-11.899,0.011,-1.499,-11.883,-0.000,1.500,0.020
71.95,-11.899,0.011,-1.499,-11.883,-0.000,1.500,0.020
71.98,-11.898,0.011,-1.499,-11.883,-0.000,1.500,0.018
72.00,-11.898,0.011,-1.499,-11.883,-0.000,1.500,0.018
72.02,-11.897,0.010,-1.499,-11.883,-0.000,1.500,0.017
72.04,-11.897,0.010,-1.499,-11.883,-0.000,1.500,0.017
72.06,-11.895,0.010,-1.500,-11.883,-0.000,1.500,0.016
72.08,-11.895,0.010,-1.500,-11.883,-0.000,1.500,0.016
72.10,-11.893,0.009,-1.500,-11.883,-0.000,1.500,0.013
72.12,-11.893,0.009,-1.500,-11.883,-0.000,1.500,0.013
72.14,-11.893,0.009,-1.500,-11.883,-0.000,1.500,0.013
72.16,-11.891,0.007,-1.501,-11.883,-0.000,1.500,0.011
72.18,-11.891,0.007,-1.501,-11.883,-0.000,1.500,0.011
72.20,-11.890,0.007,-1.501,-11.883,-0.000,1.500,0.009
72.23,-11.890,0.007,-1.501,-11.883,-0.000,1.500,0.009
72.25,-11.888,0.006,-1.501,-11.883,-0.000,1.500,0.008
72.27,-11.888,0.006,-1.501,-11.883,-0.000,1.500,0.008
72.29,-11.886,0.004,-1.502,-11.883,-0.000,1.500,0.006
72.31,-11.886,0.004,-1.502,-11.883,-0.000,1.500,0.006
72.33,-11.885,0.003,-1.502,-11.883,-0.000,1.500,0.004
72.35,-11.885,0.003,-1.502,-11.883,-0.000,1.500,0.004
72.37,-11.883,0.002,-1.503,-11.883,-0.000,1.500,0.004
72.39,-11.883,0.002,-1.503,-11.883,-0.000,1.500,0.004
72.41,-11.881,0.001,-1.503,-11.883,-0.000,1.500,0.004
72.43,-11.881,0.001,-1.503,-11.883,-0.000,1.500,0.004
72.45,-11.879,-0.000,-1.504,-11.883,-0.000,1.500,0.006
72.48,-11.879,-0.000,-1.504,-11.883,-0.000,1.500,0.006
72.50,-11.877,-0.001,-1.504,-11.883,-0.000,1.500,0.007
72.52,-11.877,-0.001,-1.504,-11.883,-0.000,1.500,0.007
72.54,-11.875,-0.002,-1.504,-11.883,-0.000,1.500,0.009
72.56,-11.875,-0.002,-1.504,-11.883,-0.000,1.500,0.009
72.58,-11.874,-0.003,-1.505,-11.883,-0.000,1.500,0.011
72.60,-11.874,-0.003,-1.505,-11.883,-0.000,1.500,0.011
72.62,-11.874,-0.003,-1.505,-11.883,-0.000,1.500,0.011
72.64,-11.870,-0.004,-1.505,-11.883,-0.000,1.500,0.014
72.66,-11.870,-0.004,-1.505,-11.883,-0.000,1.500,0.014
72.68,-11.869,-0.005,-1.505,-11.883,-0.000,1.500,0.016
72.70,-11.869,-0.005,-1.505,-11.883,-0.000,1.500,0.016
72.72,-11.867,-0.005,-1.505,-11.883,-0.000,1.500,0.018
72.74,-11.867,-0.005,-1.505,-11.883,-0.000,1.500,0.018
72.77,-11.865,-0.006,-1.505,-11.883,-0.000,1.500,0.020
72.79,-11.865,-0.006,-1.505,-11.883,-0.000,1.500,0.020
72.81,-11.863,-0.006,-1.505,-11.883,-0.000,1.500,0.022
72.83,-11.863,-0.006,-1.505,-11.883,-0.000,1.500,0.022
72.85,-11.861,-0.006,-1.505,-11.883,-0.000,1.500,0.024
72.87,-11.861,-0.006,-1.505,-11.883,-0.000,1.500,0.024
72.89,-11.858,-0.006,-1.505,-11.883,-0.000,1.500,0.026
72.91,-11.858,-0.006,-1.505,-11.883,-0.000,1.500,0.026
72.93,-11.856,-0.005,-1.505,-11.883,-0.000,1.500,0.028
72.95,-11.856,-0.005,-1.505,-11.883,-0.000,1.500,0.028
72.97,-11.854,-0.005,-1.505,-11.883,-0.000,1.500,0.030
73.00,-11.854,-0.005,-1.505,-11.883,-0.000,1.500,0.030
73.02,-11.852,-0.005,-1.505,-11.883,-0.000,1.500,0.032
73.04,-11.852,-0.005,-1.505,-11.883,-0.000,1.500,0.032
73.06,-11.850,-0.004,-1.505,-11.883,-0.000,1.500,0.034
73.08,-11.850,-0.004,-1.505,-11.883,-0.000,1.500,0.034
73.10,-11.848,-0.004,-1.505,-11.883,-0.000,1.500,0.036
73.12,-11.848,-0.004,-1.505,-11.883,-0.000,1.500,0.036
73.14,-11.848,-0.004,-1.505,-11.883,-0.000,1.500,0.036
73.16,-11.845,-0.003,-1.505,-11.883,-0.000,1.500,0.039
73.18,-11.845,-0.003,-1.505,-11.883,-0.000,1.500,0.039
73.20,-11.843,-0.003,-1.505,-11.883,-0.000,1.500,0.040
73.22,-11.843,-0.003,-1.505,-11.883,-0.000,1.500,0.040
73.24,-11.842,-0.002,-1.505,-11.883,-0.000,1.500,0.042
73.27,-11.842,-0.002,-1.505,-11.883,-0.000,1.500,0.042
73.29,-11.840,-0.002,-1.505,-11.883,-0.000,1.500,0.043
73.31,-11.840,-0.002,-1.505,-11.883,-0.000,1.500,0.043
73.33,-11.839,-0.002,-1.505,-11.883,-0.000,1.500,0.044
73.35,-11.839,-0.002,-1.505,-11.883,-0.000,1.500,0.044
73.37,-11.838,-0.002,-1.504,-11.883,-0.000,1.500,0.045
73.39,-11.838,-0.002,-1.504,-11.883,-0.000,1.500,0.045
73.41,-11.838,-0.002,-1.504,-11.883,-0.000,1.500,0.046
73.43,-11.838,-0.002,-1.504,-11.883,-0.000,1.500,0.046
73.45,-11.837,-0.002,-1.504,-11.883,-0.000,1.500,0.046
73.47,-11.837,-0.002,-1.504,-11.883,-0.000,1.500,0.046
73.49,-11.837,-0.003,-1.504,-11.883,-0.000,1.500,0.047
73.51,-11.837,-0.003,-1.504,-11.883,-0.000,1.500,0.047
73.54,-11.837,-0.003,-1.504,-11.883,-0.000,1.500,0.047
73.56,-11.837,-0.003,-1.504,-11.883,-0.000,1.500,0.047
73.58,-11.837,-0.003,-1.504,-11.883,-0.000,1.500,0.047
73.60,-11.837,-0.003,-1.504,-11.883,-0.000,1.500,0.047
73.62,-11.837,-0.003,-1.504,-11.883,-0.000,1.500,0.046
73.64,-11.837,-0.003,-1.504,-11.883,-0.000,1.500,0.046
73.66,-11.837,-0.003,-1.504,-11.883,-0.000,1.500,0.046
73.68,-11.838,-0.004,-1.504,-11.883,-0.000,1.500,0.046
73.70,-11.838,-0.004,-1.504,-11.883,-0.000,1.500,0.046
73.72,-11.838,-0.004,-1.505,-11.883,-0.000,1.500,0.046
73.74,-11.838,-0.004,-1.505,-11.883,-0.000,1.500,0.046
73.76,-11.838,-0.004,-1.505,-11.883,-0.000,1.500,0.046
73.78,-11.838,-0.004,-1.505,-11.883,-0.000,1.500,0.046
73.80,-11.838,-0.005,-1.505,-11.883,-0.000,1.500,0.045
73.83,-11.838,-0.005,-1.505,-11.883,-0.000,1.500,0.045
73.85,-11.839,-0.005,-1.506,-11.883,-0.000,1.500,0.045
73.87,-11.839,-0.005,-1.506,-11.883,-0.000,1.500,0.045
73.89,-11.840,-0.005,-1.506,-11.883,-0.000,1.500,0.044
73.91,-11.840,-0.005,-1.506,-11.883,-0.000,1.500,0.044
73.93,-11.840,-0.006,-1.506,-11.883,-0.000,1.500,0.044
73.95,-11.840,-0.006,-1.506,-11.883,-0.000,1.500,0.044
73.97,-11.841,-0.006,-1.507,-11.883,-0.000,1.500,0.043
73.99,-11.841,-0.006,-1.507,-11.883,-0.000,1.500,0.043
74.01,-11.843,-0.006,-1.507,-11.883,-0.000,1.500,0.042
74.03,-11.843,-0.006,-1.507,-11.883,-0.000,1.500,0.042
74.05,-11.844,-0.007,-1.507,-11.883,-0.000,1.500,0.040
74.08,-11.844,-0.007,-1.507,-11.883,-0.000,1.500,0.040
74.10,-11.845,-0.007,-1.507,-11.883,-0.000,1.500,0.039
74.12,-11.845,-0.007,-1.507,-11.883,-0.000,1.500,0.039
74.14,-11.845,-0.007,-1.507,-11.883,-0.000,1.500,0.039
74.16,-11.847,-0.007,-1.507,-11.883,-0.000,1.500,0.037
74.18,-11.847,-0.007,-1.507,-11.883,-0.000,1.500,0.037
74.20,-11.849,-0.008,-1.507,-11.883,-0.000,1.500,0.036
74.22,-11.849,-0.008,-1.507,-11.883,-0.000,1.500,0.036
74.24,-11.851,-0.008,-1.506,-11.883,-0.000,1.500,0.034
74.26,-11.851,-0.008,-1.506,-11.883,-0.000,1.500,0.034
74.28,-11.853,-0.008,-1.506,-11.883,-0.000,1.500,0.032
74.30,-11.853,-0.008,-1.506,-11.883,-0.000,1.500,0.032
74.32,-11.854,-0.009,-1.506,-11.883,-0.000,1.500,0.031
74.35,-11.854,-0.009,-1.506,-11.883,-0.000,1.500,0.031
74.37,-11.856,-0.009,-1.506,-11.883,-0.000,1.500,0.030
74.39,-11.856,-0.009,-1.506,-11.883,-0.000,1.500,0.030
74.41,-11.857,-0.009,-1.506,-11.883,-0.000,1.500,0.028
74.43,-11.857,-0.009,-1.506,-11.883,-0.000,1.500,0.028
74.45,-11.859,-0.009,-1.505,-11.883,-0.000,1.500,0.027
74.47,-11.859,-0.009,-1.505,-11.883,-0.000,1.500,0.027
74.49,-11.860,-0.009,-1.505,-11.883,-0.000,1.500,0.026
74.51,-11.860,-0.009,-1.505,-11.883,-0.000,1.500,0.026
74.53,-11.862,-0.009,-1.505,-11.883,-0.000,1.500,0.024
74.55,-11.862,-0.009,-1.505,-11.883,-0.000,1.500,0.024
74.57,-11.863,-0.009,-1.505,-11.883,-0.000,1.500,0.023
74.59,-11.863,-0.009,-1.505,-11.883,-0.000,1.500,0.023
74.62,-11.865,-0.010,-1.504,-11.883,-0.000,1.500,0.021
74.64,-11.865,-0.010,-1.504,-11.883,-0.000,1.500,0.021
74.66,-11.865,-0.010,-1.504,-11.883,-0.000,1.500,0.021
74.68,-11.867,-0.010,-1.504,-11.883,-0.000,1.500,0.019
74.70,-11.867,-0.010,-1.504,-11.883,-0.000,1.500,0.019
74.72,-11.869,-0.010,-1.504,-11.883,-0.000,1.500,0.018
74.74,-11.869,-0.010,-1.504,-11.883,-0.000,1.500,0.018
74.76,-11.870,-0.010,-1.503,-11.883,-0.000,1.500,0.017
74.78,-11.870,-0.010,-1.503,-11.883,-0.000,1.500,0.017
74.80,-11.872,-0.010,-1.503,-11.883,-0.000,1.500,0.016
74.82,-11.872,-0.010,-1.503,-11.883,-0.000,1.500,0.016
74.85,-11.873,-0.010,-1.503,-11.883,-0.000,1.500,0.015
74.87,-11.873,-0.010,-1.503,-11.883,-0.000,1.500,0.015
74.89,-11.874,-0.011,-1.503,-11.883,-0.000,1.500,0.014
74.91,-11.874,-0.011,-1.503,-11.883,-0.000,1.500,0.014
74.93,-11.875,-0.011,-1.503,-11.883,-0.000,1.500,0.014
74.95,-11.875,-0.011,-1.503,-11.883,-0.000,1.500,0.014
74.97,-11.876,-0.011,-1.503,-11.883,-0.000,1.500,0.013
74.99,-11.876,-0.011,-1.503,-11.883,-0.000,1.500,0.013
75.01,-11.877,-0.011,-1.504,-11.883,-0.000,1.500,0.013
75.03,-11.877,-0.011,-1.504,-11.883,-0.000,1.500,0.013
75.05,-11.878,-0.011,-1.504,-11.883,-0.000,1.500,0.012
75.07,-11.878,-0.011,-1.504,-11.883,-0.000,1.500,0.012
75.10,-11.879,-0.010,-1.504,-11.883,-0.000,1.500,0.012
75.12,-11.879,-0.010,-1.504,-11.883,-0.000,1.500,0.012
75.14,-11.880,-0.010,-1.505,-11.883,-0.000,1.500,0.012
75.16,-11.880,-0.010,-1.505,-11.883,-0.000,1.500,0.012
75.18,-11.880,-0.010,-1.505,-11.883,-0.000,1.500,0.012
75.20,-11.881,-0.009,-1.505,-11.883,-0.000,1.500,0.011
75.22,-11.881,-0.009,-1.505,-11.883,-0.000,1.500,0.011
75.24,-11.882,-0.008,-1.505,-11.883,-0.000,1.500,0.010
75.26,-11.882,-0.008,-1.505,-11.883,-0.000,1.500,0.010
75.28,-11.882,-0.008,-1.505,-11.883,-0.000,1.500,0.010
75.30,-11.882,-0.008,-1.505,-11.883,-0.000,1.500,0.010
75.32,-11.882,-0.007,-1.506,-11.883,-0.000,1.500,0.009
75.34,-11.882,-0.007,-1.506,-11.883,-0.000,1.500,0.009
75.37,-11.883,-0.006,-1.506,-11.883,-0.000,1.500,0.009
75.39,-11.883,-0.006,-1.506,-11.883,-0.000,1.500,0.009
75.41,-11.883,-0.005,-1.506,-11.883,-0.000,1.500,0.008
75.43,-11.883,-0.005,-1.506,-11.883,-0.000,1.500,0.008
75.45,-11.883,-0.004,-1.506,-11.883,-0.000,1.500,0.008
75.47,-11.883,-0.004,-1.506,-11.883,-0.000,1.500,0.008
75.49,-11.883,-0.004,-1.506,-11.883,-0.000,1.500,0.008
75.51,-11.883,-0.004,-1.506,-11.883,-0.000,1.500,0.008
75.53,-11.883,-0.003,-1.507,-11.883,-0.000,1.500,0.008
75.55,-11.883,-0.003,-1.507,-11.883,-0.000,1.500,0.008
75.57,-11.883,-0.002,-1.507,-11.883,-0.000,1.500,0.008
75.59,-11.883,-0.002,-1.507,-11.883,-0.000,1.500,0.008
75.62,-11.883,-0.002,-1.508,-11.883,-0.000,1.500,0.008
75.64,-11.883,-0.002,-1.508,-11.883,-0.000,1.500,0.008
75.66,-11.883,-0.002,-1.508,-11.883,-0.000,1.500,0.008
75.68,-11.884,-0.001,-1.509,-11.883,-0.000,1.500,0.009
75.70,-11.884,-0.001,-1.509,-11.883,-0.000,1.500,0.009
75.72,-11.884,-0.000,-1.509,-11.883,-0.000,1.500,0.010
75.74,-11.884,-0.000,-1.509,-11.883,-0.000,1.500,0.010
75.76,-11.885,0.000,-1.510,-11.883,-0.000,1.500,0.010
75.78,-11.885,0.000,-1.510,-11.883,-0.000,1.500,0.010
75.80,-11.885,0.001,-1.511,-11.883,-0.000,1.500,0.012
75.82,-11.885,0.001,-1.511,-11.883,-0.000,1.500,0.012
75.84,-11.886,0.002,-1.512,-11.883,-0.000,1.500,0.013
75.86,-11.886,0.002,-1.512,-11.883,-0.000,1.500,0.013
75.88,-11.886,0.003,-1.513,-11.883,-0.000,1.500,0.014
75.91,-11.886,0.003,-1.513,-11.883,-0.000,1.500,0.014
75.93,-11.887,0.003,-1.514,-11.883,-0.000,1.500,0.015
75.95,-11.887,0.003,-1.514,-11.883,-0.000,1.500,0.015
75.97,-11.887,0.004,-1.514,-11.883,-0.000,1.500,0.016
75.99,-11.887,0.004,-1.514,-11.883,-0.000,1.500,0.016
76.01,-11.888,0.004,-1.515,-11.883,-0.000,1.500,0.017
76.03,-11.888,0.004,-1.515,-11.883,-0.000,1.500,0.017
76.05,-11.888,0.004,-1.516,-11.883,-0.000,1.500,0.018
76.07,-11.888,0.004,-1.516,-11.883,-0.000,1.500,0.018
76.09,-11.889,0.005,-1.517,-11.883,-0.000,1.500,0.018
76.11,-11.889,0.005,-1.517,-11.883,-0.000,1.500,0.018
76.13,-11.890,0.005,-1.517,-11.883,-0.000,1.500,0.019
76.16,-11.890,0.005,-1.517,-11.883,-0.000,1.500,0.019
76.18,-11.890,0.005,-1.517,-11.883,-0.000,1.500,0.019
76.20,-11.891,0.004,-1.517,-11.883,-0.000,1.500,0.020
76.22,-11.891,0.004,-1.517,-11.883,-0.000,1.500,0.020
76.24,-11.891,0.004,-1.518,-11.883,-0.000,1.500,0.020
76.26,-11.891,0.004,-1.518,-11.883,-0.000,1.500,0.020
76.28,-11.892,0.004,-1.517,-11.883,-0.000,1.500,0.020
76.30,-11.892,0.004,-1.517,-11.883,-0.000,1.500,0.020
76.32,-11.892,0.004,-1.517,-11.883,-0.000,1.500,0.020
76.34,-11.892,0.004,-1.517,-11.883,-0.000,1.500,0.020
76.36,-11.892,0.004,-1.517,-11.883,-0.000,1.500,0.020
76.38,-11.892,0.004,-1.517,-11.883,-0.000,1.500,0.020
76.40,-11.893,0.003,-1.517,-11.883,-0.000,1.500,0.020
76.43,-11.893,0.003,-1.517,-11.883,-0.000,1.500,0.020
76.45,-11.893,0.003,-1.517,-11.883,-0.000,1.500,0.020
76.47,-11.893,0.003,-1.517,-11.883,-0.000,1.500,0.020
76.49,-11.894,0.002,-1.517,-11.883,-0.000,1.500,0.020
76.51,-11.894,0.002,-1.517,-11.883,-0.000,1.500,0.020
76.53,-11.894,0.001,-1.516,-11.883,-0.000,1.500,0.020
76.55,-11.894,0.001,-1.516,-11.883,-0.000,1.500,0.020
76.57,-11.895,0.000,-1.516,-11.883,-0.000,1.500,0.020
76.59,-11.895,0.000,-1.516,-11.883,-0.000,1.500,0.020
76.61,-11.895,-0.001,-1.516,-11.883,-0.000,1.500,0.020
76.63,-11.895,-0.001,-1.516,-11.883,-0.000,1.500,0.020
76.66,-11.895,-0.001,-1.516,-11.883,-0.000,1.500,0.020
76.68,-11.895,-0.003,-1.516,-11.883,-0.000,1.500,0.021
76.70,-11.895,-0.003,-1.516,-11.883,-0.000,1.500,0.021
76.72,-11.895,-0.004,-1.516,-11.883,-0.000,1.500,0.021
76.74,-11.895,-0.004,-1.516,-11.883,-0.000,1.500,0.021
76.76,-11.895,-0.005,-1.516,-11.883,-0.000,1.500,0.020
76.78,-11.895,-0.005,-1.516,-11.883,-0.000,1.500,0.020
76.80,-11.894,-0.007,-1.515,-11.883,-0.000,1.500,0.020
76.82,-11.894,-0.007,-1.515,-11.883,-0.000,1.500,0.020
76.84,-11.893,-0.008,-1.515,-11.883,-0.000,1.500,0.020
76.86,-11.893,-0.008,-1.515,-11.883,-0.000,1.500,0.020
76.89,-11.893,-0.008,-1.515,-11.883,-0.000,1.500,0.020
76.91,-11.893,-0.008,-1.515,-11.883,-0.000,1.500,0.020
76.93,-11.892,-0.009,-1.515,-11.883,-0.000,1.500,0.020
76.95,-11.892,-0.009,-1.515,-11.883,-0.000,1.500,0.020
76.97,-11.891,-0.009,-1.515,-11.883,-0.000,1.500,0.019
76.99,-11.891,-0.009,-1.515,-11.883,-0.000,1.500,0.019
77.01,-11.890,-0.010,-1.515,-11.883,-0.000,1.500,0.019
77.03,-11.890,-0.010,-1.515,-11.883,-0.000,1.500,0.019
77.05,-11.888,-0.010,-1.515,-11.883,-0.000,1.500,0.019
77.07,-11.888,-0.010,-1.515,-11.883,-0.000,1.500,0.019
77.09,-11.887,-0.010,-1.514,-11.883,-0.000,1.500,0.018
77.11,-11.887,-0.010,-1.514,-11.883,-0.000,1.500,0.018
77.13,-11.886,-0.010,-1.514,-11.883,-0.000,1.500,0.018
77.16,-11.886,-0.010,-1.514,-11.883,-0.000,1.500,0.018
77.18,-11.886,-0.010,-1.514,-11.883,-0.000,1.500,0.018
77.20,-11.884,-0.010,-1.514,-11.883,-0.000,1.500,0.017
77.22,-11.884,-0.010,-1.514,-11.883,-0.000,1.500,0.017
77.24,-11.882,-0.010,-1.513,-11.883,-0.000,1.500,0.017
77.26,-11.882,-0.010,-1.513,-11.883,-0.000,1.500,0.017
77.28,-11.881,-0.009,-1.513,-11.883,-0.000,1.500,0.016
77.30,-11.881,-0.009,-1.513,-11.883,-0.000,1.500,0.016
77.32,-11.880,-0.009,-1.512,-11.883,-0.000,1.500,0.016
77.34,-11.880,-0.009,-1.512,-11.883,-0.000,1.500,0.016
77.36,-11.878,-0.009,-1.511,-11.883,-0.000,1.500,0.015
77.38,-11.878,-0.009,-1.511,-11.883,-0.000,1.500,0.015
77.40,-11.877,-0.008,-1.510,-11.883,-0.000,1.500,0.015
77.43,-11.877,-0.008,-1.510,-11.883,-0.000,1.500,0.015
77.45,-11.876,-0.008,-1.510,-11.883,-0.000,1.500,0.015
77.47,-11.876,-0.008,-1.510,-11.883,-0.000,1.500,0.015
77.49,-11.875,-0.007,-1.509,-11.883,-0.000,1.500,0.015
77.51,-11.875,-0.007,-1.509,-11.883,-0.000,1.500,0.015
77.53,-11.874,-0.007,-1.509,-11.883,-0.000,1.500,0.015
77.55,-11.874,-0.007,-1.509,-11.883,-0.000,1.500,0.015
77.57,-11.873,-0.006,-1.509,-11.883,-0.000,1.500,0.015
77.59,-11.873,-0.006,-1.509,-11.883,-0.000,1.500,0.015
77.61,-11.873,-0.006,-1.508,-11.883,-0.000,1.500,0.015
77.63,-11.873,-0.006,-1.508,-11.883,-0.000,1.500,0.015
77.65,-11.872,-0.005,-1.508,-11.883,-0.000,1.500,0.015
77.67,-11.872,-0.005,-1.508,-11.883,-0.000,1.500,0.015
77.70,-11.872,-0.005,-1.508,-11.883,-0.000,1.500,0.015
77.72,-11.872,-0.004,-1.508,-11.883,-0.000,1.500,0.014
77.74,-11.872,-0.004,-1.508,-11.883,-0.000,1.500,0.014
77.76,-11.872,-0.004,-1.508,-11.883,-0.000,1.500,0.014
77.78,-11.872,-0.004,-1.508,-11.883,-0.000,1.500,0.014
77.80,-11.872,-0.003,-1.508,-11.883,-0.000,1.500,0.014
77.82,-11.872,-0.003,-1.508,-11.883,-0.000,1.500,0.014
77.84,-11.873,-0.003,-1.507,-11.883,-0.000,1.500,0.013
77.86,-11.873,-0.003,-1.507,-11.883,-0.000,1.500,0.013
77.88,-11.873,-0.002,-1.507,-11.883,-0.000,1.500,0.013
77.90,-11.873,-0.002,-1.507,-11.883,-0.000,1.500,0.013
77.92,-11.873,-0.001,-1.507,-11.883,-0.000,1.500,0.012
77.95,-11.873,-0.001,-1.507,-11.883,-0.000,1.500,0.012
77.97,-11.873,-0.001,-1.507,-11.883,-0.000,1.500,0.012
77.99,-11.873,-0.001,-1.507,-11.883,-0.000,1.500,0.012
78.01,-11.874,-0.000,-1.506,-11.883,-0.000,1.500,0.012
78.03,-11.874,-0.000,-1.506,-11.883,-0.000,1.500,0.012
78.05,-11.874,0.000,-1.506,-11.883,-0.000,1.500,0.011
78.07,-11.874,0.000,-1.506,-11.883,-0.000,1.500,0.011
78.09,-11.874,0.001,-1.506,-11.883,-0.000,1.500,0.011
78.11,-11.874,0.001,-1.506,-11.883,-0.000,1.500,0.011
78.13,-11.874,0.001,-1.506,-11.883,-0.000,1.500,0.011
78.15,-11.874,0.001,-1.506,-11.883,-0.000,1.500,0.011
78.17,-11.874,0.001,-1.506,-11.883,-0.000,1.500,0.011
78.20,-11.874,0.001,-1.505,-11.883,-0.000,1.500,0.011
78.22,-11.874,0.001,-1.505,-11.883,-0.000,1.500,0.011
78.24,-11.874,0.002,-1.505,-11.883,-0.000,1.500,0.011
78.26,-11.874,0.002,-1.505,-11.883,-0.000,1.500,0.011
78.28,-11.874,0.002,-1.506,-11.883,-0.000,1.500,0.011
78.30,-11.874,0.002,-1.506,-11.883,-0.000,1.500,0.011
78.32,-11.874,0.002,-1.506,-11.883,-0.000,1.500,0.011
78.34,-11.874,0.002,-1.506,-11.883,-0.000,1.500,0.011
78.36,-11.874,0.002,-1.506,-11.883,-0.000,1.500,0.011
78.38,-11.874,0.002,-1.506,-11.883,-0.000,1.500,0.011
78.40,-11.874,0.003,-1.506,-11.883,-0.000,1.500,0.012
78.43,-11.874,0.003,-1.506,-11.883,-0.000,1.500,0.012
78.45,-11.874,0.003,-1.506,-11.883,-0.000,1.500,0.012
78.47,-11.874,0.003,-1.506,-11.883,-0.000,1.500,0.012
78.49,-11.874,0.003,-1.507,-11.883,-0.000,1.500,0.012
78.51,-11.874,0.003,-1.507,-11.883,-0.000,1.500,0.012
78.53,-11.873,0.003,-1.507,-11.883,-0.000,1.500,0.013
78.55,-11.873,0.003,-1.507,-11.883,-0.000,1.500,0.013
78.57,-11.873,0.004,-1.507,-11.883,-0.000,1.500,0.013
78.59,-11.873,0.004,-1.507,-11.883,-0.000,1.500,0.013
78.61,-11.873,0.004,-1.507,-11.883,-0.000,1.500,0.013
78.63,-11.873,0.004,-1.507,-11.883,-0.000,1.500,0.013
78.65,-11.873,0.004,-1.507,-11.883,-0.000,1.500,0.013
78.67,-11.873,0.004,-1.507,-11.883,-0.000,1.500,0.013
78.69,-11.873,0.004,-1.507,-11.883,-0.000,1.500,0.013
78.72,-11.873,0.005,-1.507,-11.883,-0.000,1.500,0.013
78.74,-11.873,0.005,-1.507,-11.883,-0.000,1.500,0.013
78.76,-11.873,0.005,-1.507,-11.883,-0.000,1.500,0.013
78.78,-11.873,0.005,-1.507,-11.883,-0.000,1.500,0.013
78.80,-11.874,0.006,-1.507,-11.883,-0.000,1.500,0.013
78.82,-11.874,0.006,-1.507,-11.883,-0.000,1.500,0.013
78.84,-11.874,0.007,-1.507,-11.883,-0.000,1.500,0.014
78.86,-11.874,0.007,-1.507,-11.883,-0.000,1.500,0.014
78.88,-11.874,0.007,-1.507,-11.883,-0.000,1.500,0.014
78.90,-11.874,0.007,-1.507,-11.883,-0.000,1.500,0.014
78.92,-11.875,0.007,-1.507,-11.883,-0.000,1.500,0.013
78.94,-11.875,0.007,-1.507,-11.883,-0.000,1.500,0.013
78.97,-11.875,0.008,-1.507,-11.883,-0.000,1.500,0.013
78.99,-11.875,0.008,-1.507,-11.883,-0.000,1.500,0.013
79.01,-11.875,0.008,-1.506,-11.883,-0.000,1.500,0.013
79.03,-11.875,0.008,-1.506,-11.883,-0.000,1.500,0.013
79.05,-11.875,0.008,-1.506,-11.883,-0.000,1.500,0.013
79.07,-11.875,0.008,-1.506,-11.883,-0.000,1.500,0.013
79.09,-11.876,0.008,-1.505,-11.883,-0.000,1.500,0.012
79.11,-11.876,0.008,-1.505,-11.883,-0.000,1.500,0.012
79.13,-11.876,0.007,-1.505,-11.883,-0.000,1.500,0.011
79.15,-11.876,0.007,-1.505,-11.883,-0.000,1.500,0.011
79.17,-11.876,0.007,-1.505,-11.883,-0.000,1.500,0.011
79.19,-11.876,0.007,-1.503,-11.883,-0.000,1.500,0.010
79.21,-11.876,0.007,-1.503,-11.883,-0.000,1.500,0.010
79.24,-11.876,0.006,-1.503,-11.883,-0.000,1.500,0.010
79.26,-11.876,0.006,-1.503,-11.883,-0.000,1.500,0.010
79.28,-11.876,0.005,-1.502,-11.883,-0.000,1.500,0.009
79.30,-11.876,0.005,-1.502,-11.883,-0.000,1.500,0.009
79.32,-11.876,0.004,-1.501,-11.883,-0.000,1.500,0.009
79.34,-11.876,0.004,-1.501,-11.883,-0.000,1.500,0.009
79.36,-11.876,0.003,-1.500,-11.883,-0.000,1.500,0.008
79.38,-11.876,0.003,-1.500,-11.883,-0.000,1.500,0.008
79.40,-11.876,0.002,-1.499,-11.883,-0.000,1.500,0.008
79.42,-11.876,0.002,-1.499,-11.883,-0.000,1.500,0.008
79.44,-11.876,0.000,-1.498,-11.883,-0.000,1.500,0.007
79.47,-11.876,0.000,-1.498,-11.883,-0.000,1.500,0.007
79.49,-11.876,-0.001,-1.497,-11.883,-0.000,1.500,0.007
79.51,-11.876,-0.001,-1.497,-11.883,-0.000,1.500,0.007
79.53,-11.877,-0.002,-1.496,-11.883,-0.000,1.500,0.007
79.55,-11.877,-0.002,-1.496,-11.883,-0.000,1.500,0.007
79.57,-11.877,-0.003,-1.496,-11.883,-0.000,1.500,0.008
79.59,-11.877,-0.003,-1.496,-11.883,-0.000,1.500,0.008
79.61,-11.878,-0.005,-1.495,-11.883,-0.000,1.500,0.008
79.63,-11.878,-0.005,-1.495,-11.883,-0.000,1.500,0.008
79.65,-11.878,-0.006,-1.495,-11.883,-0.000,1.500,0.009
79.67,-11.878,-0.006,-1.495,-11.883,-0.000,1.500,0.009
79.69,-11.878,-0.006,-1.495,-11.883,-0.000,1.500,0.009
79.71,-11.880,-0.007,-1.494,-11.883,-0.000,1.500,0.009
79.73,-11.880,-0.007,-1.494,-11.883,-0.000,1.500,0.009
79.76,-11.880,-0.007,-1.494,-11.883,-0.000,1.500,0.010
79.78,-11.880,-0.007,-1.494,-11.883,-0.000,1.500,0.010
79.80,-11.881,-0.008,-1.494,-11.883,-0.000,1.500,0.010
79.82,-11.881,-0.008,-1.494,-11.883,-0.000,1.500,0.010
79.84,-11.882,-0.008,-1.494,-11.883,-0.000,1.500,0.010
79.86,-11.882,-0.008,-1.494,-11.883,-0.000,1.500,0.010
79.88,-11.883,-0.008,-1.493,-11.883,-0.000,1.500,0.011
79.90,-11.883,-0.008,-1.493,-11.883,-0.000,1.500,0.011
79.92,-11.883,-0.009,-1.493,-11.883,-0.000,1.500,0.011
79.94,-11.883,-0.009,-1.493,-11.883,-0.000,1.500,0.011
79.96,-11.884,-0.009,-1.493,-11.883,-0.000,1.500,0.011
79.98,-11.884,-0.009,-1.493,-11.883,-0.000,1.500,0.011
80.01,-11.884,-0.009,-1.494,-11.883,-0.000,1.500,0.011
80.03,-11.884,-0.009,-1.494,-11.883,-0.000,1.500,0.011
80.05,-11.885,-0.009,-1.494,-11.883,-0.000,1.500,0.010
80.07,-11.885,-0.009,-1.494,-11.883,-0.000,1.500,0.010
80.09,-11.886,-0.009,-1.495,-11.883,-0.000,1.500,0.010
80.11,-11.886,-0.009,-1.495,-11.883,-0.000,1.500,0.010
80.13,-11.887,-0.008,-1.495,-11.883,-0.000,1.500,0.010
80.15,-11.887,-0.008,-1.495,-11.883,-0.000,1.500,0.010
80.17,-11.888,-0.008,-1.496,-11.883,-0.000,1.500,0.010
80.19,-11.888,-0.008,-1.496,-11.883,-0.000,1.500,0.010
80.21,-11.888,-0.008,-1.496,-11.883,-0.000,1.500,0.010
80.24,-11.889,-0.008,-1.496,-11.883,-0.000,1.500,0.011
80.26,-11.889,-0.008,-1.496,-11.883,-0.000,1.500,0.011
80.28,-11.890,-0.008,-1.496,-11.883,-0.000,1.500,0.011
80.30,-11.890,-0.008,-1.496,-11.883,-0.000,1.500,0.011
80.32,-11.891,-0.008,-1.497,-11.883,-0.000,1.500,0.012
80.34,-11.891,-0.008,-1.497,-11.883,-0.000,1.500,0.012
80.36,-11.891,-0.008,-1.497,-11.883,-0.000,1.500,0.012
80.38,-11.891,-0.008,-1.497,-11.883,-0.000,1.500,0.012
80.40,-11.892,-0.008,-1.497,-11.883,-0.000,1.500,0.012
80.42,-11.892,-0.008,-1.497,-11.883,-0.000,1.500,0.012
80.44,-11.892,-0.008,-1.497,-11.883,-0.000,1.500,0.012
80.46,-11.892,-0.008,-1.497,-11.883,-0.000,1.500,0.012
80.49,-11.892,-0.008,-1.497,-11.883,-0.000,1.500,0.012
80.51,-11.892,-0.008,-1.497,-11.883,-0.000,1.500,0.012
80.53,-11.892,-0.008,-1.497,-11.883,-0.000,1.500,0.012
80.55,-11.892,-0.008,-1.497,-11.883,-0.000,1.500,0.012
80.57,-11.891,-0.007,-1.497,-11.883,-0.000,1.500,0.011
80.59,-11.891,-0.007,-1.497,-11.883,-0.000,1.500,0.011
80.61,-11.890,-0.007,-1.496,-11.883,-0.000,1.500,0.010
80.63,-11.890,-0.007,-1.496,-11.883,-0.000,1.500,0.010
80.65,-11.890,-0.006,-1.496,-11.883,-0.000,1.500,0.009
80.67,-11.890,-0.006,-1.496,-11.883,-0.000,1.500,0.009
80.69,-11.890,-0.006,-1.496,-11.883,-0.000,1.500,0.009
80.71,-11.888,-0.005,-1.496,-11.883,-0.000,1.500,0.008
80.74,-11.888,-0.005,-1.496,-11.883,-0.000,1.500,0.008
80.76,-11.887,-0.004,-1.496,-11.883,-0.000,1.500,0.007
80.78,-11.887,-0.004,-1.496,-11.883,-0.000,1.500,0.007
80.80,-11.886,-0.004,-1.496,-11.883,-0.000,1.500,0.006
80.82,-11.886,-0.004,-1.496,-11.883,-0.000,1.500,0.006
80.84,-11.885,-0.003,-1.496,-11.883,-0.000,1.500,0.005
80.86,-11.885,-0.003,-1.496,-11.883,-0.000,1.500,0.005
80.88,-11.884,-0.003,-1.496,-11.883,-0.000,1.500,0.005
80.90,-11.884,-0.003,-1.496,-11.883,-0.000,1.500,0.005
80.92,-11.883,-0.002,-1.496,-11.883,-0.000,1.500,0.004
80.94,-11.883,-0.002,-1.496,-11.883,-0.000,1.500,0.004
80.96,-11.882,-0.002,-1.496,-11.883,-0.000,1.500,0.004
80.98,-11.882,-0.002,-1.496,-11.883,-0.000,1.500,0.004
81.01,-11.882,-0.002,-1.496,-11.883,-0.000,1.500,0.004
81.03,-11.882,-0.002,-1.496,-11.883,-0.000,1.500,0.004
81.05,-11.881,-0.001,-1.497,-11.883,-0.000,1.500,0.004
81.07,-11.881,-0.001,-1.497,-11.883,-0.000,1.500,0.004
81.09,-11.880,-0.001,-1.497,-11.883,-0.000,1.500,0.004
81.11,-11.880,-0.001,-1.497,-11.883,-0.000,1.500,0.004
81.13,-11.880,-0.000,-1.497,-11.883,-0.000,1.500,0.004
81.15,-11.880,-0.000,-1.497,-11.883,-0.000,1.500,0.004
81.17,-11.880,0.000,-1.497,-11.883,-0.000,1.500,0.005
81.19,-11.880,0.000,-1.497,-11.883,-0.000,1.500,0.005
81.21,-11.880,0.000,-1.497,-11.883,-0.000,1.500,0.005
81.24,-11.879,0.001,-1.497,-11.883,-0.000,1.500,0.005
81.26,-11.879,0.001,-1.497,-11.883,-0.000,1.500,0.005
81.28,-11.879,0.001,-1.497,-11.883,-0.000,1.500,0.005
81.30,-11.879,0.001,-1.497,-11.883,-0.000,1.500,0.005
81.32,-11.879,0.002,-1.498,-11.883,-0.000,1.500,0.005
81.34,-11.879,0.002,-1.498,-11.883,-0.000,1.500,0.005
81.36,-11.879,0.002,-1.498,-11.883,-0.000,1.500,0.005
81.38,-11.879,0.002,-1.498,-11.883,-0.000,1.500,0.005
81.40,-11.879,0.002,-1.499,-11.883,-0.000,1.500,0.005
81.42,-11.879,0.002,-1.499,-11.883,-0.000,1.500,0.005
81.44,-11.878,0.003,-1.499,-11.883,-0.000,1.500,0.005
81.46,-11.878,0.003,-1.499,-11.883,-0.000,1.500,0.005
81.48,-11.878,0.003,-1.500,-11.883,-0.000,1.500,0.006
81.50,-11.878,0.003,-1.500,-11.883,-0.000,1.500,0.006
81.53,-11.878,0.003,-1.500,-11.883,-0.000,1.500,0.006
81.55,-11.878,0.003,-1.500,-11.883,-0.000,1.500,0.006
81.57,-11.877,0.003,-1.501,-11.883,-0.000,1.500,0.006
81.59,-11.877,0.003,-1.501,-11.883,-0.000,1.500,0.006
81.61,-11.877,0.002,-1.501,-11.883,-0.000,1.500,0.007
81.63,-11.877,0.002,-1.501,-11.883,-0.000,1.500,0.007
81.65,-11.877,0.002,-1.502,-11.883,-0.000,1.500,0.007
81.67,-11.877,0.002,-1.502,-11.883,-0.000,1.500,0.007
81.69,-11.877,0.002,-1.502,-11.883,-0.000,1.500,0.007
81.71,-11.876,0.001,-1.502,-11.883,-0.000,1.500,0.008
81.74,-11.876,0.001,-1.502,-11.883,-0.000,1.500,0.008
81.76,-11.876,0.000,-1.503,-11.883,-0.000,1.500,0.008
81.78,-11.876,0.000,-1.503,-11.883,-0.000,1.500,0.008
81.80,-11.876,-0.001,-1.503,-11.883,-0.000,1.500,0.008
81.82,-11.876,-0.001,-1.503,-11.883,-0.000,1.500,0.008
81.84,-11.876,-0.001,-1.503,-11.883,-0.000,1.500,0.008
81.86,-11.876,-0.001,-1.503,-11.883,-0.000,1.500,0.008
81.88,-11.877,-0.002,-1.503,-11.883,-0.000,1.500,0.008
81.90,-11.877,-0.002,-1.503,-11.883,-0.000,1.500,0.008
81.92,-11.877,-0.003,-1.503,-11.883,-0.000,1.500,0.008
81.94,-11.877,-0.003,-1.503,-11.883,-0.000,1.500,0.008
81.96,-11.877,-0.004,-1.503,-11.883,-0.000,1.500,0.008
81.98,-11.877,-0.004,-1.503,-11.883,-0.000,1.500,0.008
82.01,-11.878,-0.005,-1.503,-11.883,-0.000,1.500,0.008
82.03,-11.878,-0.005,-1.503,-11.883,-0.000,1.500,0.008
82.05,-11.878,-0.006,-1.503,-11.883,-0.000,1.500,0.009
82.07,-11.878,-0.006,-1.503,-11.883,-0.000,1.500,0.009
82.09,-11.879,-0.007,-1.502,-11.883,-0.000,1.500,0.009
82.11,-11.879,-0.007,-1.502,-11.883,-0.000,1.500,0.009
82.13,-11.880,-0.008,-1.502,-11.883,-0.000,1.500,0.009
82.15,-11.880,-0.008,-1.502,-11.883,-0.000,1.500,0.009
82.17,-11.881,-0.009,-1.501,-11.883,-0.000,1.500,0.009
82.19,-11.881,-0.009,-1.501,-11.883,-0.000,1.500,0.009
82.21,-11.881,-0.009,-1.501,-11.883,-0.000,1.500,0.009
82.23,-11.882,-0.009,-1.501,-11.883,-0.000,1.500,0.009
82.25,-11.882,-0.009,-1.501,-11.883,-0.000,1.500,0.009
82.28,-11.883,-0.009,-1.501,-11.883,-0.000,1.500,0.010
82.30,-11.883,-0.009,-1.501,-11.883,-0.000,1.500,0.010
82.32,-11.884,-0.009,-1.500,-11.883,-0.000,1.500,0.010
82.34,-11.884,-0.009,-1.500,-11.883,-0.000,1.500,0.010
82.36,-11.885,-0.009,-1.500,-11.883,-0.000,1.500,0.010
82.38,-11.885,-0.009,-1.500,-11.883,-0.000,1.500,0.010
82.40,-11.886,-0.009,-1.499,-11.883,-0.000,1.500,0.010
82.42,-11.886,-0.009,-1.499,-11.883,-0.000,1.500,0.010
82.44,-11.887,-0.009,-1.498,-11.883,-0.000,1.500,0.010
82.46,-11.887,-0.009,-1.498,-11.883,-0.000,1.500,0.010
82.48,-11.887,-0.009,-1.497,-11.883,-0.000,1.500,0.010
82.50,-11.887,-0.009,-1.497,-11.883,-0.000,1.500,0.010
82.53,-11.888,-0.008,-1.497,-11.883,-0.000,1.500,0.010
82.55,-11.888,-0.008,-1.497,-11.883,-0.000,1.500,0.010
82.57,-11.888,-0.008,-1.496,-11.883,-0.000,1.500,0.010
82.59,-11.888,-0.008,-1.496,-11.883,-0.000,1.500,0.010
82.61,-11.889,-0.007,-1.495,-11.883,-0.000,1.500,0.010
82.63,-11.889,-0.007,-1.495,-11.883,-0.000,1.500,0.010
82.65,-11.890,-0.006,-1.494,-11.883,-0.000,1.500,0.011
82.67,-11.890,-0.006,-1.494,-11.883,-0.000,1.500,0.011
82.69,-11.890,-0.006,-1.493,-11.883,-0.000,1.500,0.011
82.71,-11.890,-0.006,-1.493,-11.883,-0.000,1.500,0.011
82.73,-11.890,-0.006,-1.493,-11.883,-0.000,1.500,0.011
82.76,-11.890,-0.004,-1.492,-11.883,-0.000,1.500,0.011
82.78,-11.890,-0.004,-1.492,-11.883,-0.000,1.500,0.011
82.80,-11.891,-0.004,-1.492,-11.883,-0.000,1.500,0.012
82.82,-11.891,-0.004,-1.492,-11.883,-0.000,1.500,0.012
82.84,-11.891,-0.003,-1.491,-11.883,-0.000,1.500,0.012
82.86,-11.891,-0.003,-1.491,-11.883,-0.000,1.500,0.012
82.88,-11.891,-0.003,-1.491,-11.883,-0.000,1.500,0.012
82.90,-11.891,-0.003,-1.491,-11.883,-0.000,1.500,0.012
82.92,-11.891,-0.003,-1.491,-11.883,-0.000,1.500,0.012
82.94,-11.891,-0.003,-1.491,-11.883,-0.000,1.500,0.012
82.96,-11.890,-0.002,-1.491,-11.883,-0.000,1.500,0.012
82.98,-11.890,-0.002,-1.491,-11.883,-0.000,1.500,0.012
83.01,-11.890,-0.002,-1.491,-11.883,-0.000,1.500,0.011
83.03,-11.890,-0.002,-1.491,-11.883,-0.000,1.500,0.011
83.05,-11.890,-0.002,-1.492,-11.883,-0.000,1.500,0.011
83.07,-11.890,-0.002,-1.492,-11.883,-0.000,1.500,0.011
83.09,-11.889,-0.002,-1.492,-11.883,-0.000,1.500,0.010
83.11,-11.889,-0.002,-1.492,-11.883,-0.000,1.500,0.010
83.13,-11.889,-0.002,-1.492,-11.883,-0.000,1.500,0.009
83.15,-11.889,-0.002,-1.492,-11.883,-0.000,1.500,0.009
83.17,-11.888,-0.001,-1.493,-11.883,-0.000,1.500,0.009
83.19,-11.888,-0.001,-1.493,-11.883,-0.000,1.500,0.009
83.21,-11.888,-0.001,-1.493,-11.883,-0.000,1.500,0.009
83.23,-11.888,-0.001,-1.493,-11.883,-0.000,1.500,0.008
83.25,-11.888,-0.001,-1.493,-11.883,-0.000,1.500,0.008
83.28,-11.887,-0.001,-1.494,-11.883,-0.000,1.500,0.007
83.30,-11.887,-0.001,-1.494,-11.883,-0.000,1.500,0.007
83.32,-11.887,-0.002,-1.495,-11.883,-0.000,1.500,0.007
83.34,-11.887,-0.002,-1.495,-11.883,-0.000,1.500,0.007
83.36,-11.887,-0.002,-1.495,-11.883,-0.000,1.500,0.006
83.38,-11.887,-0.002,-1.495,-11.883,-0.000,1.500,0.006
83.40,-11.887,-0.002,-1.495,-11.883,-0.000,1.500,0.006
83.42,-11.887,-0.002,-1.495,-11.883,-0.000,1.500,0.006
83.44,-11.887,-0.003,-1.496,-11.883,-0.000,1.500,0.006
83.46,-11.887,-0.003,-1.496,-11.883,-0.000,1.500,0.006
83.48,-11.888,-0.004,-1.496,-11.883,-0.000,1.500,0.007
83.50,-11.888,-0.004,-1.496,-11.883,-0.000,1.500,0.007
83.53,-11.888,-0.004,-1.497,-11.883,-0.000,1.500,0.007
83.55,-11.888,-0.004,-1.497,-11.883,-0.000,1.500,0.007
83.57,-11.889,-0.005,-1.497,-11.883,-0.000,1.500,0.008
83.59,-11.889,-0.005,-1.497,-11.883,-0.000,1.500,0.008
83.61,-11.889,-0.006,-1.497,-11.883,-0.000,1.500,0.009
83.63,-11.889,-0.006,-1.497,-11.883,-0.000,1.500,0.009
83.65,-11.890,-0.007,-1.497,-11.883,-0.000,1.500,0.010
83.67,-11.890,-0.007,-1.497,-11.883,-0.000,1.500,0.010
83.69,-11.891,-0.008,-1.498,-11.883,-0.000,1.500,0.011
83.71,-11.891,-0.008,-1.498,-11.883,-0.000,1.500,0.011
83.73,-11.891,-0.008,-1.498,-11.883,-0.000,1.500,0.011
83.75,-11.892,-0.009,-1.498,-11.883,-0.000,1.500,0.013
83.77,-11.892,-0.009,-1.498,-11.883,-0.000,1.500,0.013
83.80,-11.892,-0.010,-1.498,-11.883,-0.000,1.500,0.014
83.82,-11.892,-0.010,-1.498,-11.883,-0.000,1.500,0.014
83.84,-11.893,-0.011,-1.498,-11.883,-0.000,1.500,0.015
83.86,-11.893,-0.011,-1.498,-11.883,-0.000,1.500,0.015
83.88,-11.893,-0.012,-1.498,-11.883,-0.000,1.500,0.016
83.90,-11.893,-0.012,-1.498,-11.883,-0.000,1.500,0.016
83.92,-11.893,-0.013,-1.498,-11.883,-0.000,1.500,0.016
83.94,-11.893,-0.013,-1.498,-11.883,-0.000,1.500,0.016
83.96,-11.893,-0.013,-1.498,-11.883,-0.000,1.500,0.017
83.98,-11.893,-0.013,-1.498,-11.883,-0.000,1.500,0.017
84.00,-11.893,-0.014,-1.498,-11.883,-0.000,1.500,0.017
84.02,-11.893,-0.014,-1.498,-11.883,-0.000,1.500,0.017
84.05,-11.892,-0.014,-1.497,-11.883,-0.000,1.500,0.017
84.07,-11.892,-0.014,-1.497,-11.883,-0.000,1.500,0.017
84.09,-11.892,-0.015,-1.497,-11.883,-0.000,1.500,0.017
84.11,-11.892,-0.015,-1.497,-11.883,-0.000,1.500,0.017
84.13,-11.892,-0.015,-1.497,-11.883,-0.000,1.500,0.018
84.15,-11.892,-0.015,-1.497,-11.883,-0.000,1.500,0.018
84.17,-11.891,-0.015,-1.497,-11.883,-0.000,1.500,0.017
84.19,-11.891,-0.015,-1.497,-11.883,-0.000,1.500,0.017
84.21,-11.891,-0.015,-1.497,-11.883,-0.000,1.500,0.017
84.23,-11.890,-0.015,-1.496,-11.883,-0.000,1.500,0.017
84.25,-11.890,-0.015,-1.496,-11.883,-0.000,1.500,0.017
84.27,-11.889,-0.015,-1.496,-11.883,-0.000,1.500,0.017
84.29,-11.889,-0.015,-1.496,-11.883,-0.000,1.500,0.017
84.31,-11.888,-0.015,-1.496,-11.883,-0.000,1.500,0.016
84.34,-11.888,-0.015,-1.496,-11.883,-0.000,1.500,0.016
84.36,-11.887,-0.015,-1.496,-11.883,-0.000,1.500,0.016
84.38,-11.887,-0.015,-1.496,-11.883,-0.000,1.500,0.016
84.40,-11.886,-0.015,-1.496,-11.883,-0.000,1.500,0.016
84.42,-11.886,-0.015,-1.496,-11.883,-0.000,1.500,0.016
84.44,-11.885,-0.015,-1.496,-11.883,-0.000,1.500,0.016
84.46,-11.885,-0.015,-1.496,-11.883,-0.000,1.500,0.016
84.48,-11.883,-0.016,-1.496,-11.883,-0.000,1.500,0.016
84.50,-11.883,-0.016,-1.496,-11.883,-0.000,1.500,0.016
84.52,-11.882,-0.016,-1.496,-11.883,-0.000,1.500,0.017
84.54,-11.882,-0.016,-1.496,-11.883,-0.000,1.500,0.017
84.56,-11.880,-0.016,-1.496,-11.883,-0.000,1.500,0.017
84.58,-11.880,-0.016,-1.496,-11.883,-0.000,1.500,0.017
84.61,-11.879,-0.017,-1.496,-11.883,-0.000,1.500,0.018
84.63,-11.879,-0.017,-1.496,-11.883,-0.000,1.500,0.018
84.65,-11.877,-0.017,-1.497,-11.883,-0.000,1.500,0.019
84.67,-11.877,-0.017,-1.497,-11.883,-0.000,1.500,0.019
84.69,-11.875,-0.018,-1.497,-11.883,-0.000,1.500,0.020
84.71,-11.875,-0.018,-1.497,-11.883,-0.000,1.500,0.020
84.73,-11.875,-0.018,-1.497,-11.883,-0.000,1.500,0.020
84.75,-11.871,-0.018,-1.497,-11.883,-0.000,1.500,0.022
84.77,-11.871,-0.018,-1.497,-11.883,-0.000,1.500,0.022
84.79,-11.868,-0.018,-1.498,-11.883,-0.000,1.500,0.024
84.81,-11.868,-0.018,-1.498,-11.883,-0.000,1.500,0.024
84.84,-11.866,-0.018,-1.498,-11.883,-0.000,1.500,0.025
84.86,-11.866,-0.018,-1.498,-11.883,-0.000,1.500,0.025
84.88,-11.864,-0.019,-1.499,-11.883,-0.000,1.500,0.027
84.90,-11.864,-0.019,-1.499,-11.883,-0.000,1.500,0.027
84.92,-11.862,-0.019,-1.499,-11.883,-0.000,1.500,0.028
84.94,-11.862,-0.019,-1.499,-11.883,-0.000,1.500,0.028
84.96,-11.859,-0.019,-1.499,-11.883,-0.000,1.500,0.030
84.98,-11.859,-0.019,-1.499,-11.883,-0.000,1.500,0.030
85.00,-11.858,-0.019,-1.499,-11.883,-0.000,1.500,0.032
85.02,-11.858,-0.019,-1.499,-11.883,-0.000,1.500,0.032
85.04,-11.856,-0.019,-1.499,-11.883,-0.000,1.500,0.033
85.06,-11.856,-0.019,-1.499,-11.883,-0.000,1.500,0.033
85.09,-11.855,-0.019,-1.500,-11.883,-0.000,1.500,0.034
85.11,-11.855,-0.019,-1.500,-11.883,-0.000,1.500,0.034
85.13,-11.853,-0.018,-1.499,-11.883,-0.000,1.500,0.035
85.15,-11.853,-0.018,-1.499,-11.883,-0.000,1.500,0.035
85.17,-11.852,-0.018,-1.499,-11.883,-0.000,1.500,0.036
85.19,-11.852,-0.018,-1.499,-11.883,-0.000,1.500,0.036
85.21,-11.851,-0.017,-1.499,-11.883,-0.000,1.500,0.037
85.23,-11.851,-0.017,-1.499,-11.883,-0.000,1.500,0.037
85.25,-11.851,-0.017,-1.499,-11.883,-0.000,1.500,0.037
85.27,-11.849,-0.015,-1.499,-11.883,-0.000,1.500,0.037
85.29,-11.849,-0.015,-1.499,-11.883,-0.000,1.500,0.037
85.31,-11.848,-0.014,-1.499,-11.883,-0.000,1.500,0.037
85.33,-11.848,-0.014,-1.499,-11.883,-0.000,1.500,0.037
85.35,-11.848,-0.013,-1.498,-11.883,-0.000,1.500,0.037
85.38,-11.848,-0.013,-1.498,-11.883,-0.000,1.500,0.037
85.40,-11.848,-0.011,-1.498,-11.883,-0.000,1.500,0.037
85.42,-11.848,-0.011,-1.498,-11.883,-0.000,1.500,0.037
85.44,-11.847,-0.010,-1.498,-11.883,-0.000,1.500,0.037
85.46,-11.847,-0.010,-1.498,-11.883,-0.000,1.500,0.037
85.48,-11.847,-0.008,-1.499,-11.883,-0.000,1.500,0.037
85.50,-11.847,-0.008,-1.499,-11.883,-0.000,1.500,0.037
85.52,-11.848,-0.006,-1.499,-11.883,-0.000,1.500,0.036
85.54,-11.848,-0.006,-1.499,-11.883,-0.000,1.500,0.036
85.56,-11.848,-0.004,-1.499,-11.883,-0.000,1.500,0.035
85.59,-11.848,-0.004,-1.499,-11.883,-0.000,1.500,0.035
85.61,-11.849,-0.003,-1.499,-11.883,-0.000,1.500,0.035
85.63,-11.849,-0.003,-1.499,-11.883,-0.000,1.500,0.035
85.65,-11.849,-0.001,-1.499,-11.883,-0.000,1.500,0.034
85.67,-11.849,-0.001,-1.499,-11.883,-0.000,1.500,0.034
85.69,-11.850,0.000,-1.499,-11.883,-0.000,1.500,0.033
85.71,-11.850,0.000,-1.499,-11.883,-0.000,1.500,0.033
85.73,-11.850,0.000,-1.499,-11.883,-0.000,1.500,0.033
85.75,-11.851,0.003,-1.499,-11.883,-0.000,1.500,0.033
85.77,-11.851,0.003,-1.499,-11.883,-0.000,1.500,0.033
85.79,-11.851,0.004,-1.500,-11.883,-0.000,1.500,0.032
85.81,-11.851,0.004,-1.500,-11.883,-0.000,1.500,0.032
85.84,-11.852,0.005,-1.500,-11.883,-0.000,1.500,0.031
85.86,-11.852,0.005,-1.500,-11.883,-0.000,1.500,0.031
85.88,-11.853,0.006,-1.500,-11.883,-0.000,1.500,0.031
85.90,-11.853,0.006,-1.500,-11.883,-0.000,1.500,0.031
85.92,-11.854,0.007,-1.500,-11.883,-0.000,1.500,0.030
85.94,-11.854,0.007,-1.500,-11.883,-0.000,1.500,0.030
85.96,-11.855,0.008,-1.500,-11.883,-0.000,1.500,0.029
85.98,-11.855,0.008,-1.500,-11.883,-0.000,1.500,0.029
86.00,-11.857,0.008,-1.500,-11.883,-0.000,1.500,0.028
86.02,-11.857,0.008,-1.500,-11.883,-0.000,1.500,0.028
86.04,-11.858,0.009,-1.500,-11.883,-0.000,1.500,0.026
86.06,-11.858,0.009,-1.500,-11.883,-0.000,1.500,0.026
86.09,-11.860,0.009,-1.500,-11.883,-0.000,1.500,0.025
86.11,-11.860,0.009,-1.500,-11.883,-0.000,1.500,0.025
86.13,-11.862,0.010,-1.501,-11.883,-0.000,1.500,0.024
86.15,-11.862,0.010,-1.501,-11.883,-0.000,1.500,0.024
86.17,-11.863,0.010,-1.501,-11.883,-0.000,1.500,0.022
86.19,-11.863,0.010,-1.501,-11.883,-0.000,1.500,0.022
86.21,-11.865,0.011,-1.501,-11.883,-0.000,1.500,0.021
86.23,-11.865,0.011,-1.501,-11.883,-0.000,1.500,0.021
86.25,-11.865,0.011,-1.501,-11.883,-0.000,1.500,0.021
86.27,-11.869,0.011,-1.502,-11.883,-0.000,1.500,0.018
86.29,-11.869,0.011,-1.502,-11.883,-0.000,1.500,0.018
86.31,-11.871,0.011,-1.503,-11.883,-0.000,1.500,0.017
86.33,-11.871,0.011,-1.503,-11.883,-0.000,1.500,0.017
86.36,-11.873,0.011,-1.504,-11.883,-0.000,1.500,0.016
86.38,-11.873,0.011,-1.504,-11.883,-0.000,1.500,0.016
86.40,-11.875,0.011,-1.504,-11.883,-0.000,1.500,0.015
86.42,-11.875,0.011,-1.504,-11.883,-0.000,1.500,0.015
86.44,-11.876,0.011,-1.504,-11.883,-0.000,1.500,0.014
86.46,-11.876,0.011,-1.504,-11.883,-0.000,1.500,0.014
86.48,-11.879,0.011,-1.505,-11.883,-0.000,1.500,0.013
86.50,-11.879,0.011,-1.505,-11.883,-0.000,1.500,0.013
86.52,-11.880,0.011,-1.505,-11.883,-0.000,1.500,0.013
86.54,-11.880,0.011,-1.505,-11.883,-0.000,1.500,0.013
86.56,-11.882,0.011,-1.506,-11.883,-0.000,1.500,0.012
86.58,-11.882,0.011,-1.506,-11.883,-0.000,1.500,0.012
86.61,-11.884,0.011,-1.506,-11.883,-0.000,1.500,0.012
86.63,-11.884,0.011,-1.506,-11.883,-0.000,1.500,0.012
86.65,-11.885,0.010,-1.506,-11.883,-0.000,1.500,0.012
86.67,-11.885,0.010,-1.506,-11.883,-0.000,1.500,0.012
86.69,-11.886,0.010,-1.506,-11.883,-0.000,1.500,0.012
86.71,-11.886,0.010,-1.506,-11.883,-0.000,1.500,0.012
86.73,-11.886,0.010,-1.506,-11.883,-0.000,1.500,0.012
86.75,-11.888,0.010,-1.506,-11.883,-0.000,1.500,0.013
86.77,-11.888,0.010,-1.506,-11.883,-0.000,1.500,0.013
86.79,-11.889,0.010,-1.506,-11.883,-0.000,1.500,0.013
86.81,-11.889,0.010,-1.506,-11.883,-0.000,1.500,0.013
86.84,-11.890,0.010,-1.506,-11.883,-0.000,1.500,0.014
86.86,-11.890,0.010,-1.506,-11.883,-0.000,1.500,0.014
86.88,-11.891,0.009,-1.506,-11.883,-0.000,1.500,0.014
86.90,-11.891,0.009,-1.506,-11.883,-0.000,1.500,0.014
86.92,-11.892,0.009,-1.506,-11.883,-0.000,1.500,0.014
86.94,-11.892,0.009,-1.506,-11.883,-0.000,1.500,0.014
86.96,-11.893,0.009,-1.506,-11.883,-0.000,1.500,0.015
86.98,-11.893,0.009,-1.506,-11.883,-0.000,1.500,0.015
87.00,-11.894,0.009,-1.506,-11.883,-0.000,1.500,0.015
87.02,-11.894,0.009,-1.506,-11.883,-0.000,1.500,0.015
87.04,-11.895,0.009,-1.506,-11.883,-0.000,1.500,0.016
87.06,-11.895,0.009,-1.506,-11.883,-0.000,1.500,0.016
87.09,-11.896,0.008,-1.506,-11.883,-0.000,1.500,0.017
87.11,-11.896,0.008,-1.506,-11.883,-0.000,1.500,0.017
87.13,-11.897,0.008,-1.506,-11.883,-0.000,1.500,0.017
87.15,-11.897,0.008,-1.506,-11.883,-0.000,1.500,0.017
87.17,-11.898,0.008,-1.506,-11.883,-0.000,1.500,0.018
87.19,-11.898,0.008,-1.506,-11.883,-0.000,1.500,0.018
87.21,-11.899,0.007,-1.505,-11.883,-0.000,1.500,0.018
87.23,-11.899,0.007,-1.505,-11.883,-0.000,1.500,0.018
87.25,-11.899,0.007,-1.505,-11.883,-0.000,1.500,0.018
87.27,-11.901,0.006,-1.505,-11.883,-0.000,1.500,0.019
87.29,-11.901,0.006,-1.505,-11.883,-0.000,1.500,0.019
87.31,-11.901,0.006,-1.505,-11.883,-0.000,1.500,0.020
87.33,-11.901,0.006,-1.505,-11.883,-0.000,1.500,0.020
87.36,-11.902,0.005,-1.505,-11.883,-0.000,1.500,0.020
87.38,-11.902,0.005,-1.505,-11.883,-0.000,1.500,0.020
87.40,-11.902,0.005,-1.505,-11.883,-0.000,1.500,0.020
87.42,-11.902,0.005,-1.505,-11.883,-0.000,1.500,0.020
87.44,-11.902,0.005,-1.504,-11.883,-0.000,1.500,0.020
87.46,-11.902,0.005,-1.504,-11.883,-0.000,1.500,0.020
87.48,-11.903,0.005,-1.504,-11.883,-0.000,1.500,0.020
87.50,-11.903,0.005,-1.504,-11.883,-0.000,1.500,0.020
87.52,-11.903,0.005,-1.503,-11.883,-0.000,1.500,0.020
87.54,-11.903,0.005,-1.503,-11.883,-0.000,1.500,0.020
87.56,-11.903,0.005,-1.502,-11.883,-0.000,1.500,0.021
87.58,-11.903,0.005,-1.502,-11.883,-0.000,1.500,0.021
87.61,-11.903,0.005,-1.502,-11.883,-0.000,1.500,0.021
87.63,-11.903,0.005,-1.502,-11.883,-0.000,1.500,0.021
87.65,-11.904,0.006,-1.502,-11.883,-0.000,1.500,0.021
87.67,-11.904,0.006,-1.502,-11.883,-0.000,1.500,0.021
87.69,-11.904,0.006,-1.501,-11.883,-0.000,1.500,0.022
87.71,-11.904,0.006,-1.501,-11.883,-0.000,1.500,0.022
87.73,-11.904,0.007,-1.501,-11.883,-0.000,1.500,0.022
87.75,-11.904,0.007,-1.501,-11.883,-0.000,1.500,0.022
87.77,-11.904,0.007,-1.501,-11.883,-0.000,1.500,0.022
87.79,-11.904,0.007,-1.501,-11.883,-0.000,1.500,0.022
87.81,-11.904,0.007,-1.501,-11.883,-0.000,1.500,0.022
87.83,-11.904,0.008,-1.501,-11.883,-0.000,1.500,0.022
87.85,-11.904,0.008,-1.501,-11.883,-0.000,1.500,0.022
87.88,-11.903,0.008,-1.500,-11.883,-0.000,1.500,0.022
87.90,-11.903,0.008,-1.500,-11.883,-0.000,1.500,0.022
87.92,-11.903,0.008,-1.500,-11.883,-0.000,1.500,0.022
87.94,-11.903,0.008,-1.500,-11.883,-0.000,1.500,0.022
87.96,-11.903,0.009,-1.500,-11.883,-0.000,1.500,0.022
87.98,-11.903,0.009,-1.500,-11.883,-0.000,1.500,0.022
88.00,-11.902,0.009,-1.500,-11.883,-0.000,1.500,0.021
88.02,-11.902,0.009,-1.500,-11.883,-0.000,1.500,0.021
88.04,-11.902,0.010,-1.501,-11.883,-0.000,1.500,0.021
88.06,-11.902,0.010,-1.501,-11.883,-0.000,1.500,0.021
88.08,-11.901,0.010,-1.501,-11.883,-0.000,1.500,0.021
88.10,-11.901,0.010,-1.501,-11.883,-0.000,1.500,0.021
88.13,-11.901,0.010,-1.501,-11.883,-0.000,1.500,0.021
88.15,-11.901,0.010,-1.501,-11.883,-0.000,1.500,0.021
88.17,-11.900,0.011,-1.502,-11.883,-0.000,1.500,0.020
88.19,-11.900,0.011,-1.502,-11.883,-0.000,1.500,0.020
88.21,-11.900,0.011,-1.502,-11.883,-0.000,1.500,0.020
88.23,-11.900,0.011,-1.502,-11.883,-0.000,1.500,0.020
88.25,-11.900,0.011,-1.502,-11.883,-0.000,1.500,0.020
88.27,-11.898,0.012,-1.503,-11.883,-0.000,1.500,0.020
88.29,-11.898,0.012,-1.503,-11.883,-0.000,1.500,0.020
88.31,-11.898,0.012,-1.504,-11.883,-0.000,1.500,0.020
88.34,-11.898,0.012,-1.504,-11.883,-0.000,1.500,0.020
88.36,-11.898,0.013,-1.505,-11.883,-0.000,1.500,0.020
88.38,-11.898,0.013,-1.505,-11.883,-0.000,1.500,0.020
88.40,-11.897,0.013,-1.506,-11.883,-0.000,1.500,0.020
88.42,-11.897,0.013,-1.506,-11.883,-0.000,1.500,0.020
88.44,-11.897,0.013,-1.507,-11.883,-0.000,1.500,0.020
88.46,-11.897,0.013,-1.507,-11.883,-0.000,1.500,0.020
88.48,-11.897,0.013,-1.507,-11.883,-0.000,1.500,0.020
88.50,-11.897,0.013,-1.507,-11.883,-0.000,1.500,0.020
88.52,-11.896,0.013,-1.508,-11.883,-0.000,1.500,0.020
88.54,-11.896,0.013,-1.508,-11.883,-0.000,1.500,0.020
88.56,-11.896,0.012,-1.508,-11.883,-0.000,1.500,0.020
88.59,-11.896,0.012,-1.508,-11.883,-0.000,1.500,0.020
88.61,-11.896,0.012,-1.508,-11.883,-0.000,1.500,0.019
88.63,-11.896,0.012,-1.508,-11.883,-0.000,1.500,0.019
88.65,-11.895,0.011,-1.508,-11.883,-0.000,1.500,0.018
88.67,-11.895,0.011,-1.508,-11.883,-0.000,1.500,0.018
88.69,-11.894,0.010,-1.509,-11.883,-0.000,1.500,0.017
88.71,-11.894,0.010,-1.509,-11.883,-0.000,1.500,0.017
88.73,-11.893,0.010,-1.508,-11.883,-0.000,1.500,0.017
88.75,-11.893,0.010,-1.508,-11.883,-0.000,1.500,0.017
88.77,-11.893,0.010,-1.508,-11.883,-0.000,1.500,0.017
88.79,-11.892,0.008,-1.508,-11.883,-0.000,1.500,0.015
88.81,-11.892,0.008,-1.508,-11.883,-0.000,1.500,0.015
88.83,-11.890,0.008,-1.508,-11.883,-0.000,1.500,0.014
88.86,-11.890,0.008,-1.508,-11.883,-0.000,1.500,0.014
88.88,-11.889,0.007,-1.508,-11.883,-0.000,1.500,0.013
88.90,-11.889,0.007,-1.508,-11.883,-0.000,1.500,0.013
88.92,-11.888,0.006,-1.508,-11.883,-0.000,1.500,0.012
88.94,-11.888,0.006,-1.508,-11.883,-0.000,1.500,0.012
88.96,-11.886,0.006,-1.509,-11.883,-0.000,1.500,0.011
88.98,-11.886,0.006,-1.509,-11.883,-0.000,1.500,0.011
89.00,-11.885,0.005,-1.509,-11.883,-0.000,1.500,0.010
89.02,-11.885,0.005,-1.509,-11.883,-0.000,1.500,0.010
89.04,-11.883,0.004,-1.509,-11.883,-0.000,1.500,0.010
89.06,-11.883,0.004,-1.509,-11.883,-0.000,1.500,0.010
89.08,-11.882,0.004,-1.509,-11.883,-0.000,1.500,0.010
89.10,-11.882,0.004,-1.509,-11.883,-0.000,1.500,0.010
89.13,-11.881,0.003,-1.509,-11.883,-0.000,1.500,0.010
89.15,-11.881,0.003,-1.509,-11.883,-0.000,1.500,0.010
89.17,-11.881,0.002,-1.509,-11.883,-0.000,1.500,0.010
89.19,-11.881,0.002,-1.509,-11.883,-0.000,1.500,0.010
89.21,-11.880,0.001,-1.509,-11.883,-0.000,1.500,0.010
89.23,-11.880,0.001,-1.509,-11.883,-0.000,1.500,0.010
89.25,-11.880,0.001,-1.509,-11.883,-0.000,1.500,0.010
89.27,-11.879,-0.000,-1.509,-11.883,-0.000,1.500,0.010
89.29,-11.879,-0.000,-1.509,-11.883,-0.000,1.500,0.010
89.31,-11.878,-0.001,-1.509,-11.883,-0.000,1.500,0.011
89.33,-11.878,-0.001,-1.509,-11.883,-0.000,1.500,0.011
89.36,-11.878,-0.002,-1.509,-11.883,-0.000,1.500,0.011
89.38,-11.878,-0.002,-1.509,-11.883,-0.000,1.500,0.011
89.40,-11.877,-0.003,-1.509,-11.883,-0.000,1.500,0.011
89.42,-11.877,-0.003,-1.509,-11.883,-0.000,1.500,0.011
89.44,-11.877,-0.003,-1.509,-11.883,-0.000,1.500,0.012
89.46,-11.877,-0.003,-1.509,-11.883,-0.000,1.500,0.012
89.48,-11.876,-0.004,-1.509,-11.883,-0.000,1.500,0.012
89.50,-11.876,-0.004,-1.509,-11.883,-0.000,1.500,0.012
89.52,-11.876,-0.004,-1.509,-11.883,-0.000,1.500,0.012
89.54,-11.876,-0.004,-1.509,-11.883,-0.000,1.500,0.012
89.56,-11.875,-0.004,-1.509,-11.883,-0.000,1.500,0.013
89.58,-11.875,-0.004,-1.509,-11.883,-0.000,1.500,0.013
89.61,-11.875,-0.004,-1.508,-11.883,-0.000,1.500,0.013
89.63,-11.875,-0.004,-1.508,-11.883,-0.000,1.500,0.013
89.65,-11.874,-0.004,-1.508,-11.883,-0.000,1.500,0.013
89.67,-11.874,-0.004,-1.508,-11.883,-0.000,1.500,0.013
89.69,-11.874,-0.003,-1.507,-11.883,-0.000,1.500,0.012
89.71,-11.874,-0.003,-1.507,-11.883,-0.000,1.500,0.012
89.73,-11.874,-0.003,-1.507,-11.883,-0.000,1.500,0.012
89.75,-11.874,-0.003,-1.507,-11.883,-0.000,1.500,0.012
89.77,-11.874,-0.003,-1.507,-11.883,-0.000,1.500,0.012
89.79,-11.873,-0.002,-1.506,-11.883,-0.000,1.500,0.012
89.81,-11.873,-0.002,-1.506,-11.883,-0.000,1.500,0.012
89.83,-11.872,-0.001,-1.506,-11.883,-0.000,1.500,0.012
89.85,-11.872,-0.001,-1.506,-11.883,-0.000,1.500,0.012
89.88,-11.872,0.000,-1.505,-11.883,-0.000,1.500,0.012
89.90,-11.872,0.000,-1.505,-11.883,-0.000,1.500,0.012
89.92,-11.872,0.001,-1.505,-11.883,-0.000,1.500,0.013
89.94,-11.872,0.001,-1.505,-11.883,-0.000,1.500,0.013
89.96,-11.872,0.002,-1.505,-11.883,-0.000,1.500,0.013
89.98,-11.872,0.002,-1.505,-11.883,-0.000,1.500,0.013
90.00,-11.872,0.004,-1.505,-11.883,-0.000,1.500,0.013
90.02,-11.872,0.004,-1.505,-11.883,-0.000,1.500,0.013
90.04,-11.872,0.005,-1.505,-11.883,-0.000,1.500,0.013
90.06,-11.872,0.005,-1.505,-11.883,-0.000,1.500,0.013
90.08,-11.872,0.006,-1.505,-11.883,-0.000,1.500,0.014
90.10,-11.872,0.006,-1.505,-11.883,-0.000,1.500,0.014
90.12,-11.873,0.007,-1.505,-11.883,-0.000,1.500,0.014
90.15,-11.873,0.007,-1.505,-11.883,-0.000,1.500,0.014
90.17,-11.873,0.008,-1.505,-11.883,-0.000,1.500,0.014
90.19,-11.873,0.008,-1.505,-11.883,-0.000,1.500,0.014
90.21,-11.874,0.009,-1.505,-11.883,-0.000,1.500,0.014
90.23,-11.874,0.009,-1.505,-11.883,-0.000,1.500,0.014
90.25,-11.874,0.009,-1.505,-11.883,-0.000,1.500,0.014
90.27,-11.874,0.009,-1.505,-11.883,-0.000,1.500,0.014
90.29,-11.874,0.009,-1.505,-11.883,-0.000,1.500,0.014
90.31,-11.875,0.010,-1.506,-11.883,-0.000,1.500,0.014
90.33,-11.875,0.010,-1.506,-11.883,-0.000,1.500,0.014
90.35,-11.876,0.010,-1.506,-11.883,-0.000,1.500,0.014
90.37,-11.876,0.010,-1.506,-11.883,-0.000,1.500,0.014
90.39,-11.876,0.010,-1.506,-11.883,-0.000,1.500,0.014
90.42,-11.876,0.010,-1.506,-11.883,-0.000,1.500,0.014
90.44,-11.877,0.010,-1.507,-11.883,-0.000,1.500,0.014
90.46,-11.877,0.010,-1.507,-11.883,-0.000,1.500,0.014
90.48,-11.877,0.010,-1.507,-11.883,-0.000,1.500,0.014
90.50,-11.877,0.010,-1.507,-11.883,-0.000,1.500,0.014
90.52,-11.877,0.010,-1.507,-11.883,-0.000,1.500,0.014
90.54,-11.877,0.010,-1.507,-11.883,-0.000,1.500,0.014
90.56,-11.878,0.010,-1.508,-11.883,-0.000,1.500,0.014
90.58,-11.878,0.010,-1.508,-11.883,-0.000,1.500,0.014
90.60,-11.878,0.010,-1.508,-11.883,-0.000,1.500,0.014
90.62,-11.878,0.010,-1.508,-11.883,-0.000,1.500,0.014
90.64,-11.878,0.010,-1.508,-11.883,-0.000,1.500,0.014
90.67,-11.878,0.010,-1.508,-11.883,-0.000,1.500,0.014
90.69,-11.878,0.010,-1.509,-11.883,-0.000,1.500,0.014
90.71,-11.878,0.010,-1.509,-11.883,-0.000,1.500,0.014
90.73,-11.878,0.010,-1.509,-11.883,-0.000,1.500,0.015
90.75,-11.878,0.010,-1.509,-11.883,-0.000,1.500,0.015
90.77,-11.878,0.010,-1.509,-11.883,-0.000,1.500,0.015
90.79,-11.878,0.010,-1.509,-11.883,-0.000,1.500,0.015
90.81,-11.878,0.010,-1.509,-11.883,-0.000,1.500,0.015
90.83,-11.879,0.010,-1.510,-11.883,-0.000,1.500,0.015
90.85,-11.879,0.010,-1.510,-11.883,-0.000,1.500,0.015
90.87,-11.879,0.010,-1.510,-11.883,-0.000,1.500,0.015
90.89,-11.879,0.010,-1.510,-11.883,-0.000,1.500,0.015
90.91,-11.879,0.010,-1.510,-11.883,-0.000,1.500,0.015
90.94,-11.879,0.010,-1.510,-11.883,-0.000,1.500,0.015
90.96,-11.879,0.010,-1.511,-11.883,-0.000,1.500,0.015
90.98,-11.879,0.010,-1.511,-11.883,-0.000,1.500,0.015
91.00,-11.880,0.010,-1.511,-11.883,-0.000,1.500,0.016
91.02,-11.880,0.010,-1.511,-11.883,-0.000,1.500,0.016
91.04,-11.880,0.010,-1.511,-11.883,-0.000,1.500,0.016
91.06,-11.880,0.010,-1.511,-11.883,-0.000,1.500,0.016
91.08,-11.880,0.010,-1.512,-11.883,-0.000,1.500,0.016
91.10,-11.880,0.010,-1.512,-11.883,-0.000,1.500,0.016
91.12,-11.880,0.010,-1.512,-11.883,-0.000,1.500,0.016
91.15,-11.880,0.010,-1.512,-11.883,-0.000,1.500,0.016
91.17,-11.880,0.010,-1.512,-11.883,-0.000,1.500,0.016
91.19,-11.880,0.010,-1.512,-11.883,-0.000,1.500,0.016
91.21,-11.880,0.009,-1.512,-11.883,-0.000,1.500,0.016
91.23,-11.880,0.009,-1.512,-11.883,-0.000,1.500,0.016
91.25,-11.880,0.009,-1.513,-11.883,-0.000,1.500,0.016
91.27,-11.880,0.009,-1.513,-11.883,-0.000,1.500,0.016
91.29,-11.880,0.009,-1.513,-11.883,-0.000,1.500,0.016
91.31,-11.880,0.009,-1.513,-11.883,-0.000,1.500,0.016
91.33,-11.880,0.009,-1.513,-11.883,-0.000,1.500,0.016
91.35,-11.880,0.009,-1.513,-11.883,-0.000,1.500,0.016
91.37,-11.880,0.009,-1.513,-11.883,-0.000,1.500,0.016
91.39,-11.880,0.009,-1.513,-11.883,-0.000,1.500,0.017
91.42,-11.880,0.009,-1.513,-11.883,-0.000,1.500,0.017
91.44,-11.880,0.009,-1.514,-11.883,-0.000,1.500,0.017
91.46,-11.880,0.009,-1.514,-11.883,-0.000,1.500,0.017
91.48,-11.881,0.009,-1.514,-11.883,-0.000,1.500,0.018
91.50,-11.881,0.009,-1.514,-11.883,-0.000,1.500,0.018
91.52,-11.881,0.010,-1.515,-11.883,-0.000,1.500,0.018
91.54,-11.881,0.010,-1.515,-11.883,-0.000,1.500,0.018
91.56,-11.881,0.010,-1.515,-11.883,-0.000,1.500,0.018
91.58,-11.881,0.010,-1.515,-11.883,-0.000,1.500,0.018
91.60,-11.882,0.010,-1.515,-11.883,-0.000,1.500,0.019
91.62,-11.882,0.010,-1.515,-11.883,-0.000,1.500,0.019
91.64,-11.882,0.010,-1.515,-11.883,-0.000,1.500,0.019
91.67,-11.882,0.010,-1.515,-11.883,-0.000,1.500,0.019
91.69,-11.883,0.011,-1.515,-11.883,-0.000,1.500,0.019
91.71,-11.883,0.011,-1.515,-11.883,-0.000,1.500,0.019
91.73,-11.884,0.011,-1.515,-11.883,-0.000,1.500,0.019
91.75,-11.884,0.011,-1.515,-11.883,-0.000,1.500,0.019
91.77,-11.885,0.011,-1.515,-11.883,-0.000,1.500,0.018
91.79,-11.885,0.011,-1.515,-11.883,-0.000,1.500,0.018
91.81,-11.885,0.011,-1.515,-11.883,-0.000,1.500,0.018
91.83,-11.888,0.010,-1.513,-11.883,-0.000,1.500,0.018
91.85,-11.888,0.010,-1.513,-11.883,-0.000,1.500,0.018
91.87,-11.889,0.010,-1.512,-11.883,-0.000,1.500,0.017
91.89,-11.889,0.010,-1.512,-11.883,-0.000,1.500,0.017
91.91,-11.891,0.010,-1.511,-11.883,-0.000,1.500,0.017
91.94,-11.891,0.010,-1.511,-11.883,-0.000,1.500,0.017
91.96,-11.893,0.009,-1.510,-11.883,-0.000,1.500,0.017
91.98,-11.893,0.009,-1.510,-11.883,-0.000,1.500,0.017
92.00,-11.895,0.009,-1.509,-11.883,-0.000,1.500,0.017
92.02,-11.895,0.009,-1.509,-11.883,-0.000,1.500,0.017
92.04,-11.897,0.008,-1.508,-11.883,-0.000,1.500,0.018
92.06,-11.897,0.008,-1.508,-11.883,-0.000,1.500,0.018
92.08,-11.899,0.007,-1.507,-11.883,-0.000,1.500,0.018
92.10,-11.899,0.007,-1.507,-11.883,-0.000,1.500,0.018
92.12,-11.901,0.006,-1.506,-11.883,-0.000,1.500,0.019
92.14,-11.901,0.006,-1.506,-11.883,-0.000,1.500,0.019
92.17,-11.902,0.004,-1.505,-11.883,-0.000,1.500,0.020
92.19,-11.902,0.004,-1.505,-11.883,-0.000,1.500,0.020
92.21,-11.904,0.003,-1.505,-11.883,-0.000,1.500,0.022
92.23,-11.904,0.003,-1.505,-11.883,-0.000,1.500,0.022
92.25,-11.906,0.002,-1.504,-11.883,-0.000,1.500,0.023
92.27,-11.906,0.002,-1.504,-11.883,-0.000,1.500,0.023
92.29,-11.906,0.002,-1.504,-11.883,-0.000,1.500,0.023
92.31,-11.908,0.001,-1.503,-11.883,-0.000,1.500,0.025
92.33,-11.908,0.001,-1.503,-11.883,-0.000,1.500,0.025
92.35,-11.910,-0.000,-1.502,-11.883,-0.000,1.500,0.027
92.37,-11.910,-0.000,-1.502,-11.883,-0.000,1.500,0.027
92.39,-11.912,-0.001,-1.502,-11.883,-0.000,1.500,0.028
92.42,-11.912,-0.001,-1.502,-11.883,-0.000,1.500,0.028
92.44,-11.913,-0.002,-1.502,-11.883,-0.000,1.500,0.030
92.46,-11.913,-0.002,-1.502,-11.883,-0.000,1.500,0.030
92.48,-11.914,-0.002,-1.501,-11.883,-0.000,1.500,0.031
92.50,-11.914,-0.002,-1.501,-11.883,-0.000,1.500,0.031
92.52,-11.915,-0.003,-1.501,-11.883,-0.000,1.500,0.032
92.54,-11.915,-0.003,-1.501,-11.883,-0.000,1.500,0.032
92.56,-11.917,-0.003,-1.501,-11.883,-0.000,1.500,0.034
92.58,-11.917,-0.003,-1.501,-11.883,-0.000,1.500,0.034
92.60,-11.917,-0.003,-1.501,-11.883,-0.000,1.500,0.035
92.62,-11.917,-0.003,-1.501,-11.883,-0.000,1.500,0.035
92.64,-11.918,-0.004,-1.501,-11.883,-0.000,1.500,0.035
92.67,-11.918,-0.004,-1.501,-11.883,-0.000,1.500,0.035
92.69,-11.919,-0.004,-1.501,-11.883,-0.000,1.500,0.036
92.71,-11.919,-0.004,-1.501,-11.883,-0.000,1.500,0.036
92.73,-11.920,-0.003,-1.501,-11.883,-0.000,1.500,0.037
92.75,-11.920,-0.003,-1.501,-11.883,-0.000,1.500,0.037
92.77,-11.920,-0.003,-1.501,-11.883,-0.000,1.500,0.037
92.79,-11.920,-0.003,-1.501,-11.883,-0.000,1.500,0.037
92.81,-11.920,-0.003,-1.501,-11.883,-0.000,1.500,0.037
92.83,-11.921,-0.002,-1.502,-11.883,-0.000,1.500,0.038
92.85,-11.921,-0.002,-1.502,-11.883,-0.000,1.500,0.038
92.87,-11.920,-0.002,-1.502,-11.883,-0.000,1.500,0.037
92.89,-11.920,-0.002,-1.502,-11.883,-0.000,1.500,0.037
92.91,-11.920,-0.001,-1.502,-11.883,-0.000,1.500,0.037
92.94,-11.920,-0.001,-1.502,-11.883,-0.000,1.500,0.037
92.96,-11.920,-0.001,-1.503,-11.883,-0.000,1.500,0.037
92.98,-11.920,-0.001,-1.503,-11.883,-0.000,1.500,0.037
93.00,-11.919,-0.000,-1.503,-11.883,-0.000,1.500,0.036
93.02,-11.919,-0.000,-1.503,-11.883,-0.000,1.500,0.036
93.04,-11.919,0.000,-1.504,-11.883,-0.000,1.500,0.036
93.06,-11.919,0.000,-1.504,-11.883,-0.000,1.500,0.036
93.08,-11.918,0.001,-1.504,-11.883,-0.000,1.500,0.035
93.10,-11.918,0.001,-1.504,-11.883,-0.000,1.500,0.035
93.12,-11.916,0.002,-1.505,-11.883,-0.000,1.500,0.034
93.14,-11.916,0.002,-1.505,-11.883,-0.000,1.500,0.034
93.16,-11.915,0.002,-1.505,-11.883,-0.000,1.500,0.032
93.18,-11.915,0.002,-1.505,-11.883,-0.000,1.500,0.032
93.21,-11.913,0.004,-1.505,-11.883,-0.000,1.500,0.031
93.23,-11.913,0.004,-1.505,-11.883,-0.000,1.500,0.031
93.25,-11.912,0.005,-1.506,-11.883,-0.000,1.500,0.030
93.27,-11.912,0.005,-1.506,-11.883,-0.000,1.500,0.030
93.29,-11.912,0.005,-1.506,-11.883,-0.000,1.500,0.030
93.31,-11.909,0.007,-1.506,-11.883,-0.000,1.500,0.027
93.33,-11.909,0.007,-1.506,-11.883,-0.000,1.500,0.027
93.35,-11.907,0.008,-1.506,-11.883,-0.000,1.500,0.026
93.37,-11.907,0.008,-1.506,-11.883,-0.000,1.500,0.026
93.39,-11.905,0.009,-1.506,-11.883,-0.000,1.500,0.025
93.41,-11.905,0.009,-1.506,-11.883,-0.000,1.500,0.025
93.44,-11.903,0.011,-1.507,-11.883,-0.000,1.500,0.024
93.46,-11.903,0.011,-1.507,-11.883,-0.000,1.500,0.024
93.48,-11.902,0.012,-1.507,-11.883,-0.000,1.500,0.023
93.50,-11.902,0.012,-1.507,-11.883,-0.000,1.500,0.023
93.52,-11.900,0.014,-1.507,-11.883,-0.000,1.500,0.023
93.54,-11.900,0.014,-1.507,-11.883,-0.000,1.500,0.023
93.56,-11.899,0.015,-1.507,-11.883,-0.000,1.500,0.023
93.58,-11.899,0.015,-1.507,-11.883,-0.000,1.500,0.023
93.60,-11.898,0.016,-1.507,-11.883,-0.000,1.500,0.023
93.62,-11.898,0.016,-1.507,-11.883,-0.000,1.500,0.023
93.64,-11.897,0.018,-1.507,-11.883,-0.000,1.500,0.023
93.66,-11.897,0.018,-1.507,-11.883,-0.000,1.500,0.023
93.68,-11.896,0.019,-1.507,-11.883,-0.000,1.500,0.024
93.71,-11.896,0.019,-1.507,-11.883,-0.000,1.500,0.024
93.73,-11.895,0.020,-1.507,-11.883,-0.000,1.500,0.024
93.75,-11.895,0.020,-1.507,-11.883,-0.000,1.500,0.024
93.77,-11.894,0.021,-1.507,-11.883,-0.000,1.500,0.024
93.79,-11.894,0.021,-1.507,-11.883,-0.000,1.500,0.024
93.81,-11.894,0.021,-1.507,-11.883,-0.000,1.500,0.024
93.83,-11.892,0.022,-1.507,-11.883,-0.000,1.500,0.025
93.85,-11.892,0.022,-1.507,-11.883,-0.000,1.500,0.025
93.87,-11.892,0.022,-1.507,-11.883,-0.000,1.500,0.025
93.89,-11.892,0.022,-1.507,-11.883,-0.000,1.500,0.025
93.91,-11.890,0.023,-1.507,-11.883,-0.000,1.500,0.025
93.93,-11.890,0.023,-1.507,-11.883,-0.000,1.500,0.025
93.95,-11.889,0.023,-1.507,-11.883,-0.000,1.500,0.025
93.98,-11.889,0.023,-1.507,-11.883,-0.000,1.500,0.025
94.00,-11.888,0.023,-1.507,-11.883,-0.000,1.500,0.025
94.02,-11.888,0.023,-1.507,-11.883,-0.000,1.500,0.025
94.04,-11.887,0.023,-1.507,-11.883,-0.000,1.500,0.025
94.06,-11.887,0.023,-1.507,-11.883,-0.000,1.500,0.025
94.08,-11.885,0.023,-1.507,-11.883,-0.000,1.500,0.024
94.10,-11.885,0.023,-1.507,-11.883,-0.000,1.500,0.024
94.12,-11.883,0.022,-1.507,-11.883,-0.000,1.500,0.023
94.14,-11.883,0.022,-1.507,-11.883,-0.000,1.500,0.023
94.16,-11.882,0.022,-1.508,-11.883,-0.000,1.500,0.023
94.18,-11.882,0.022,-1.508,-11.883,-0.000,1.500,0.023
94.20,-11.881,0.021,-1.508,-11.883,-0.000,1.500,0.022
94.22,-11.881,0.021,-1.508,-11.883,-0.000,1.500,0.022
94.25,-11.879,0.020,-1.508,-11.883,-0.000,1.500,0.022
94.27,-11.879,0.020,-1.508,-11.883,-0.000,1.500,0.022
94.29,-11.878,0.018,-1.509,-11.883,-0.000,1.500,0.021
94.31,-11.878,0.018,-1.509,-11.883,-0.000,1.500,0.021
94.33,-11.878,0.018,-1.509,-11.883,-0.000,1.500,0.021
94.35,-11.877,0.016,-1.510,-11.883,-0.000,1.500,0.020
94.37,-11.877,0.016,-1.510,-11.883,-0.000,1.500,0.020
94.39,-11.876,0.015,-1.511,-11.883,-0.000,1.500,0.020
94.41,-11.876,0.015,-1.511,-11.883,-0.000,1.500,0.020
94.43,-11.875,0.013,-1.511,-11.883,-0.000,1.500,0.019
94.45,-11.875,0.013,-1.511,-11.883,-0.000,1.500,0.019
94.47,-11.875,0.012,-1.512,-11.883,-0.000,1.500,0.019
94.49,-11.875,0.012,-1.512,-11.883,-0.000,1.500,0.019
94.52,-11.874,0.011,-1.512,-11.883,-0.000,1.500,0.019
94.54,-11.874,0.011,-1.512,-11.883,-0.000,1.500,0.019
94.56,-11.874,0.009,-1.513,-11.883,-0.000,1.500,0.018
94.58,-11.874,0.009,-1.513,-11.883,-0.000,1.500,0.018
94.60,-11.874,0.008,-1.513,-11.883,-0.000,1.500,0.018
94.62,-11.874,0.008,-1.513,-11.883,-0.000,1.500,0.018
94.64,-11.873,0.006,-1.513,-11.883,-0.000,1.500,0.018
94.66,-11.873,0.006,-1.513,-11.883,-0.000,1.500,0.018
94.68,-11.872,0.005,-1.514,-11.883,-0.000,1.500,0.018
94.70,-11.872,0.005,-1.514,-11.883,-0.000,1.500,0.018
94.72,-11.872,0.004,-1.514,-11.883,-0.000,1.500,0.019
94.74,-11.872,0.004,-1.514,-11.883,-0.000,1.500,0.019
94.77,-11.871,0.002,-1.514,-11.883,-0.000,1.500,0.019
94.79,-11.871,0.002,-1.514,-11.883,-0.000,1.500,0.019
94.81,-11.871,0.002,-1.514,-11.883,-0.000,1.500,0.019
94.83,-11.870,0.001,-1.515,-11.883,-0.000,1.500,0.020
94.85,-11.870,0.001,-1.515,-11.883,-0.000,1.500,0.020
94.87,-11.869,0.000,-1.515,-11.883,-0.000,1.500,0.021
94.89,-11.869,0.000,-1.515,-11.883,-0.000,1.500,0.021
94.91,-11.868,-0.000,-1.515,-11.883,-0.000,1.500,0.022
94.93,-11.868,-0.000,-1.515,-11.883,-0.000,1.500,0.022
94.95,-11.867,-0.001,-1.515,-11.883,-0.000,1.500,0.023
94.97,-11.867,-0.001,-1.515,-11.883,-0.000,1.500,0.023
94.99,-11.866,-0.001,-1.515,-11.883,-0.000,1.500,0.023
95.01,-11.866,-0.001,-1.515,-11.883,-0.000,1.500,0.023
95.04,-11.865,-0.001,-1.516,-11.883,-0.000,1.500,0.024
95.06,-11.865,-0.001,-1.516,-11.883,-0.000,1.500,0.024
95.08,-11.864,-0.001,-1.516,-11.883,-0.000,1.500,0.025
95.10,-11.864,-0.001,-1.516,-11.883,-0.000,1.500,0.025
95.12,-11.863,-0.001,-1.516,-11.883,-0.000,1.500,0.026
95.14,-11.863,-0.001,-1.516,-11.883,-0.000,1.500,0.026
95.16,-11.861,-0.001,-1.516,-11.883,-0.000,1.500,0.027
95.18,-11.861,-0.001,-1.516,-11.883,-0.000,1.500,0.027
95.20,-11.861,-0.002,-1.516,-11.883,-0.000,1.500,0.028
95.22,-11.861,-0.002,-1.516,-11.883,-0.000,1.500,0.028
95.24,-11.860,-0.002,-1.516,-11.883,-0.000,1.500,0.028
95.26,-11.860,-0.002,-1.516,-11.883,-0.000,1.500,0.028
95.29,-11.860,-0.003,-1.515,-11.883,-0.000,1.500,0.028
95.31,-11.860,-0.003,-1.515,-11.883,-0.000,1.500,0.028
95.33,-11.860,-0.003,-1.515,-11.883,-0.000,1.500,0.028
95.35,-11.859,-0.004,-1.515,-11.883,-0.000,1.500,0.029
95.37,-11.859,-0.004,-1.515,-11.883,-0.000,1.500,0.029
95.39,-11.859,-0.004,-1.514,-11.883,-0.000,1.500,0.028
95.41,-11.859,-0.004,-1.514,-11.883,-0.000,1.500,0.028
95.43,-11.859,-0.005,-1.514,-11.883,-0.000,1.500,0.028
95.45,-11.859,-0.005,-1.514,-11.883,-0.000,1.500,0.028
95.47,-11.860,-0.006,-1.513,-11.883,-0.000,1.500,0.028
95.49,-11.860,-0.006,-1.513,-11.883,-0.000,1.500,0.028
95.51,-11.860,-0.007,-1.513,-11.883,-0.000,1.500,0.028
95.54,-11.860,-0.007,-1.513,-11.883,-0.000,1.500,0.028
95.56,-11.860,-0.008,-1.512,-11.883,-0.000,1.500,0.027
95.58,-11.860,-0.008,-1.512,-11.883,-0.000,1.500,0.027
95.60,-11.860,-0.009,-1.512,-11.883,-0.000,1.500,0.027
95.62,-11.860,-0.009,-1.512,-11.883,-0.000,1.500,0.027
95.64,-11.861,-0.010,-1.511,-11.883,-0.000,1.500,0.027
95.66,-11.861,-0.010,-1.511,-11.883,-0.000,1.500,0.027
95.68,-11.861,-0.011,-1.510,-11.883,-0.000,1.500,0.027
95.70,-11.861,-0.011,-1.510,-11.883,-0.000,1.500,0.027
95.72,-11.861,-0.013,-1.509,-11.883,-0.000,1.500,0.027
95.74,-11.861,-0.013,-1.509,-11.883,-0.000,1.500,0.027
95.76,-11.861,-0.014,-1.508,-11.883,-0.000,1.500,0.028
95.79,-11.861,-0.014,-1.508,-11.883,-0.000,1.500,0.028
95.81,-11.861,-0.014,-1.508,-11.883,-0.000,1.500,0.028
95.83,-11.861,-0.016,-1.507,-11.883,-0.000,1.500,0.028
95.85,-11.861,-0.016,-1.507,-11.883,-0.000,1.500,0.028
95.87,-11.861,-0.017,-1.506,-11.883,-0.000,1.500,0.029
95.89,-11.861,-0.017,-1.506,-11.883,-0.000,1.500,0.029
95.91,-11.861,-0.019,-1.505,-11.883,-0.000,1.500,0.029
95.93,-11.861,-0.019,-1.505,-11.883,-0.000,1.500,0.029
95.95,-11.862,-0.020,-1.504,-11.883,-0.000,1.500,0.030
95.97,-11.862,-0.020,-1.504,-11.883,-0.000,1.500,0.030
95.99,-11.862,-0.022,-1.503,-11.883,-0.000,1.500,0.030
96.01,-11.862,-0.022,-1.503,-11.883,-0.000,1.500,0.030
96.03,-11.863,-0.023,-1.502,-11.883,-0.000,1.500,0.031
96.06,-11.863,-0.023,-1.502,-11.883,-0.000,1.500,0.031
96.08,-11.863,-0.025,-1.502,-11.883,-0.000,1.500,0.032
96.10,-11.863,-0.025,-1.502,-11.883,-0.000,1.500,0.032
96.12,-11.864,-0.026,-1.501,-11.883,-0.000,1.500,0.032
96.14,-11.864,-0.026,-1.501,-11.883,-0.000,1.500,0.032
96.16,-11.864,-0.027,-1.501,-11.883,-0.000,1.500,0.033
96.18,-11.864,-0.027,-1.501,-11.883,-0.000,1.500,0.033
96.20,-11.865,-0.028,-1.500,-11.883,-0.000,1.500,0.033
96.22,-11.865,-0.028,-1.500,-11.883,-0.000,1.500,0.033
96.24,-11.865,-0.029,-1.500,-11.883,-0.000,1.500,0.034
96.26,-11.865,-0.029,-1.500,-11.883,-0.000,1.500,0.034
96.29,-11.866,-0.030,-1.499,-11.883,-0.000,1.500,0.034
96.31,-11.866,-0.030,-1.499,-11.883,-0.000,1.500,0.034
96.33,-11.866,-0.030,-1.499,-11.883,-0.000,1.500,0.034
96.35,-11.866,-0.031,-1.499,-11.883,-0.000,1.500,0.035
96.37,-11.866,-0.031,-1.499,-11.883,-0.000,1.500,0.035
96.39,-11.866,-0.031,-1.499,-11.883,-0.000,1.500,0.035
96.41,-11.866,-0.031,-1.499,-11.883,-0.000,1.500,0.035
96.43,-11.866,-0.032,-1.499,-11.883,-0.000,1.500,0.036
96.45,-11.866,-0.032,-1.499,-11.883,-0.000,1.500,0.036
96.47,-11.866,-0.033,-1.500,-11.883,-0.000,1.500,0.037
96.49,-11.866,-0.033,-1.500,-11.883,-0.000,1.500,0.037
96.51,-11.866,-0.033,-1.500,-11.883,-0.000,1.500,0.037
96.53,-11.866,-0.033,-1.500,-11.883,-0.000,1.500,0.037
96.56,-11.866,-0.034,-1.501,-11.883,-0.000,1.500,0.038
96.58,-11.866,-0.034,-1.501,-11.883,-0.000,1.500,0.038
96.60,-11.866,-0.034,-1.501,-11.883,-0.000,1.500,0.039
96.62,-11.866,-0.034,-1.501,-11.883,-0.000,1.500,0.039
96.64,-11.865,-0.035,-1.502,-11.883,-0.000,1.500,0.039
96.66,-11.865,-0.035,-1.502,-11.883,-0.000,1.500,0.039
96.68,-11.865,-0.035,-1.503,-11.883,-0.000,1.500,0.040
96.70,-11.865,-0.035,-1.503,-11.883,-0.000,1.500,0.040
96.72,-11.865,-0.035,-1.503,-11.883,-0.000,1.500,0.040
96.74,-11.865,-0.035,-1.503,-11.883,-0.000,1.500,0.040
96.76,-11.865,-0.035,-1.504,-11.883,-0.000,1.500,0.040
96.79,-11.865,-0.035,-1.504,-11.883,-0.000,1.500,0.040
96.81,-11.865,-0.035,-1.505,-11.883,-0.000,1.500,0.040
96.83,-11.865,-0.035,-1.505,-11.883,-0.000,1.500,0.040
96.85,-11.865,-0.035,-1.505,-11.883,-0.000,1.500,0.040
96.87,-11.865,-0.034,-1.506,-11.883,-0.000,1.500,0.040
96.89,-11.865,-0.034,-1.506,-11.883,-0.000,1.500,0.040
96.91,-11.865,-0.034,-1.507,-11.883,-0.000,1.500,0.039
96.93,-11.865,-0.034,-1.507,-11.883,-0.000,1.500,0.039
96.95,-11.866,-0.033,-1.508,-11.883,-0.000,1.500,0.038
96.97,-11.866,-0.033,-1.508,-11.883,-0.000,1.500,0.038
96.99,-11.866,-0.032,-1.508,-11.883,-0.000,1.500,0.038
97.01,-11.866,-0.032,-1.508,-11.883,-0.000,1.500,0.038
97.03,-11.867,-0.031,-1.509,-11.883,-0.000,1.500,0.037
97.06,-11.867,-0.031,-1.509,-11.883,-0.000,1.500,0.037
97.08,-11.867,-0.030,-1.510,-11.883,-0.000,1.500,0.036
97.10,-11.867,-0.030,-1.510,-11.883,-0.000,1.500,0.036
97.12,-11.868,-0.029,-1.510,-11.883,-0.000,1.500,0.034
97.14,-11.868,-0.029,-1.510,-11.883,-0.000,1.500,0.034
97.16,-11.869,-0.028,-1.511,-11.883,-0.000,1.500,0.033
97.18,-11.869,-0.028,-1.511,-11.883,-0.000,1.500,0.033
97.20,-11.870,-0.026,-1.511,-11.883,-0.000,1.500,0.031
97.22,-11.870,-0.026,-1.511,-11.883,-0.000,1.500,0.031
97.24,-11.871,-0.025,-1.511,-11.883,-0.000,1.500,0.030
97.27,-11.871,-0.025,-1.511,-11.883,-0.000,1.500,0.030
97.29,-11.873,-0.024,-1.511,-11.883,-0.000,1.500,0.029
97.31,-11.873,-0.024,-1.511,-11.883,-0.000,1.500,0.029
97.33,-11.873,-0.024,-1.511,-11.883,-0.000,1.500,0.029
97.35,-11.874,-0.022,-1.512,-11.883,-0.000,1.500,0.027
97.37,-11.874,-0.022,-1.512,-11.883,-0.000,1.500,0.027
97.39,-11.875,-0.021,-1.512,-11.883,-0.000,1.500,0.026
97.41,-11.875,-0.021,-1.512,-11.883,-0.000,1.500,0.026
97.43,-11.876,-0.020,-1.512,-11.883,-0.000,1.500,0.024
97.45,-11.876,-0.020,-1.512,-11.883,-0.000,1.500,0.024
97.47,-11.877,-0.019,-1.511,-11.883,-0.000,1.500,0.023
97.49,-11.877,-0.019,-1.511,-11.883,-0.000,1.500,0.023
97.51,-11.878,-0.017,-1.511,-11.883,-0.000,1.500,0.022
97.53,-11.878,-0.017,-1.511,-11.883,-0.000,1.500,0.022
97.56,-11.879,-0.016,-1.511,-11.883,-0.000,1.500,0.021
97.58,-11.879,-0.016,-1.511,-11.883,-0.000,1.500,0.021
97.60,-11.880,-0.015,-1.511,-11.883,-0.000,1.500,0.019
97.62,-11.880,-0.015,-1.511,-11.883,-0.000,1.500,0.019
97.64,-11.880,-0.014,-1.511,-11.883,-0.000,1.500,0.018
97.66,-11.880,-0.014,-1.511,-11.883,-0.000,1.500,0.018
97.68,-11.881,-0.013,-1.511,-11.883,-0.000,1.500,0.017
97.70,-11.881,-0.013,-1.511,-11.883,-0.000,1.500,0.017
97.72,-11.882,-0.011,-1.511,-11.883,-0.000,1.500,0.016
97.74,-11.882,-0.011,-1.511,-11.883,-0.000,1.500,0.016
97.76,-11.883,-0.010,-1.511,-11.883,-0.000,1.500,0.015
97.78,-11.883,-0.010,-1.511,-11.883,-0.000,1.500,0.015
97.81,-11.883,-0.009,-1.510,-11.883,-0.000,1.500,0.014
97.83,-11.883,-0.009,-1.510,-11.883,-0.000,1.500,0.014
97.85,-11.883,-0.009,-1.510,-11.883,-0.000,1.500,0.014
97.87,-11.884,-0.007,-1.509,-11.883,-0.000,1.500,0.012
97.89,-11.884,-0.007,-1.509,-11.883,-0.000,1.500,0.012
97.91,-11.885,-0.006,-1.509,-11.883,-0.000,1.500,0.011
97.93,-11.885,-0.006,-1.509,-11.883,-0.000,1.500,0.011
97.95,-11.886,-0.005,-1.509,-11.883,-0.000,1.500,0.010
97.97,-11.886,-0.005,-1.509,-11.883,-0.000,1.500,0.010
97.99,-11.886,-0.004,-1.508,-11.883,-0.000,1.500,0.010
98.01,-11.886,-0.004,-1.508,-11.883,-0.000,1.500,0.010
98.03,-11.886,-0.003,-1.508,-11.883,-0.000,1.500,0.009
98.05,-11.886,-0.003,-1.508,-11.883,-0.000,1.500,0.009
98.08,-11.887,-0.002,-1.507,-11.883,-0.000,1.500,0.009
98.10,-11.887,-0.002,-1.507,-11.883,-0.000,1.500,0.009
98.12,-11.887,-0.001,-1.507,-11.883,-0.000,1.500,0.008
98.14,-11.887,-0.001,-1.507,-11.883,-0.000,1.500,0.008
98.16,-11.887,0.000,-1.506,-11.883,-0.000,1.500,0.008
98.18,-11.887,0.000,-1.506,-11.883,-0.000,1.500,0.008
98.20,-11.888,0.002,-1.505,-11.883,-0.000,1.500,0.007
98.22,-11.888,0.002,-1.505,-11.883,-0.000,1.500,0.007
98.24,-11.888,0.002,-1.505,-11.883,-0.000,1.500,0.007
98.26,-11.888,0.002,-1.505,-11.883,-0.000,1.500,0.007
98.28,-11.888,0.003,-1.504,-11.883,-0.000,1.500,0.007
98.30,-11.888,0.003,-1.504,-11.883,-0.000,1.500,0.007
98.32,-11.888,0.003,-1.504,-11.883,-0.000,1.500,0.007
98.35,-11.889,0.003,-1.503,-11.883,-0.000,1.500,0.007
98.37,-11.889,0.003,-1.503,-11.883,-0.000,1.500,0.007
98.39,-11.889,0.004,-1.502,-11.883,-0.000,1.500,0.007
98.41,-11.889,0.004,-1.502,-11.883,-0.000,1.500,0.007
98.43,-11.889,0.004,-1.501,-11.883,-0.000,1.500,0.008
98.45,-11.889,0.004,-1.501,-11.883,-0.000,1.500,0.008
98.47,-11.890,0.004,-1.500,-11.883,-0.000,1.500,0.008
98.49,-11.890,0.004,-1.500,-11.883,-0.000,1.500,0.008
98.51,-11.890,0.005,-1.500,-11.883,-0.000,1.500,0.008
98.53,-11.890,0.005,-1.500,-11.883,-0.000,1.500,0.008
98.55,-11.890,0.005,-1.499,-11.883,-0.000,1.500,0.009
98.58,-11.890,0.005,-1.499,-11.883,-0.000,1.500,0.009
98.60,-11.891,0.005,-1.498,-11.883,-0.000,1.500,0.009
98.62,-11.891,0.005,-1.498,-11.883,-0.000,1.500,0.009
98.64,-11.891,0.005,-1.497,-11.883,-0.000,1.500,0.010
98.66,-11.891,0.005,-1.497,-11.883,-0.000,1.500,0.010
98.68,-11.891,0.005,-1.497,-11.883,-0.000,1.500,0.010
98.70,-11.891,0.005,-1.497,-11.883,-0.000,1.500,0.010
98.72,-11.891,0.005,-1.496,-11.883,-0.000,1.500,0.010
98.74,-11.891,0.005,-1.496,-11.883,-0.000,1.500,0.010
98.76,-11.892,0.005,-1.496,-11.883,-0.000,1.500,0.011
98.78,-11.892,0.005,-1.496,-11.883,-0.000,1.500,0.011
98.80,-11.892,0.005,-1.495,-11.883,-0.000,1.500,0.011
98.82,-11.892,0.005,-1.495,-11.883,-0.000,1.500,0.011
98.85,-11.892,0.005,-1.495,-11.883,-0.000,1.500,0.011
98.87,-11.892,0.004,-1.495,-11.883,-0.000,1.500,0.011
98.89,-11.892,0.004,-1.495,-11.883,-0.000,1.500,0.011
98.91,-11.892,0.004,-1.494,-11.883,-0.000,1.500,0.011
98.93,-11.892,0.004,-1.494,-11.883,-0.000,1.500,0.011
98.95,-11.892,0.003,-1.494,-11.883,-0.000,1.500,0.011
98.97,-11.892,0.003,-1.494,-11.883,-0.000,1.500,0.011
98.99,-11.891,0.003,-1.494,-11.883,-0.000,1.500,0.011
99.01,-11.891,0.003,-1.494,-11.883,-0.000,1.500,0.011
99.03,-11.891,0.003,-1.494,-11.883,-0.000,1.500,0.010
99.05,-11.891,0.003,-1.494,-11.883,-0.000,1.500,0.010
99.07,-11.891,0.002,-1.493,-11.883,-0.000,1.500,0.010
99.09,-11.891,0.002,-1.493,-11.883,-0.000,1.500,0.010
99.12,-11.890,0.002,-1.493,-11.883,-0.000,1.500,0.010
99.14,-11.890,0.002,-1.493,-11.883,-0.000,1.500,0.010
99.16,-11.890,0.001,-1.493,-11.883,-0.000,1.500,0.010
99.18,-11.890,0.001,-1.493,-11.883,-0.000,1.500,0.010
99.20,-11.890,0.001,-1.493,-11.883,-0.000,1.500,0.010
99.22,-11.890,0.001,-1.493,-11.883,-0.000,1.500,0.010
99.24,-11.890,0.000,-1.493,-11.883,-0.000,1.500,0.009
99.26,-11.890,0.000,-1.493,-11.883,-0.000,1.500,0.009
99.28,-11.890,-0.000,-1.493,-11.883,-0.000,1.500,0.009
99.30,-11.890,-0.000,-1.493,-11.883,-0.000,1.500,0.009
99.32,-11.889,-0.001,-1.493,-11.883,-0.000,1.500,0.009
99.34,-11.889,-0.001,-1.493,-11.883,-0.000,1.500,0.009
99.37,-11.889,-0.001,-1.493,-11.883,-0.000,1.500,0.009
99.39,-11.889,-0.002,-1.493,-11.883,-0.000,1.500,0.009
99.41,-11.889,-0.002,-1.493,-11.883,-0.000,1.500,0.009
99.43,-11.890,-0.002,-1.493,-11.883,-0.000,1.500,0.009
99.45,-11.890,-0.002,-1.493,-11.883,-0.000,1.500,0.009
99.47,-11.890,-0.002,-1.493,-11.883,-0.000,1.500,0.010
99.49,-11.890,-0.002,-1.493,-11.883,-0.000,1.500,0.010
99.51,-11.891,-0.002,-1.493,-11.883,-0.000,1.500,0.010
99.53,-11.891,-0.002,-1.493,-11.883,-0.000,1.500,0.010
99.55,-11.892,-0.002,-1.493,-11.883,-0.000,1.500,0.011
99.57,-11.892,-0.002,-1.493,-11.883,-0.000,1.500,0.011
99.59,-11.893,-0.002,-1.494,-11.883,-0.000,1.500,0.011
99.61,-11.893,-0.002,-1.494,-11.883,-0.000,1.500,0.011
99.64,-11.893,-0.001,-1.494,-11.883,-0.000,1.500,0.012
99.66,-11.893,-0.001,-1.494,-11.883,-0.000,1.500,0.012
99.68,-11.894,-0.001,-1.494,-11.883,-0.000,1.500,0.013
99.70,-11.894,-0.001,-1.494,-11.883,-0.000,1.500,0.013
99.72,-11.895,0.000,-1.494,-11.883,-0.000,1.500,0.014
99.74,-11.895,0.000,-1.494,-11.883,-0.000,1.500,0.014
99.76,-11.896,0.002,-1.494,-11.883,-0.000,1.500,0.015
99.78,-11.896,0.002,-1.494,-11.883,-0.000,1.500,0.015
99.80,-11.897,0.003,-1.494,-11.883,-0.000,1.500,0.016
99.82,-11.897,0.003,-1.494,-11.883,-0.000,1.500,0.016
99.84,-11.897,0.003,-1.494,-11.883,-0.000,1.500,0.016
99.86,-11.898,0.005,-1.494,-11.883,-0.000,1.500,0.017
99.88,-11.898,0.005,-1.494,-11.883,-0.000,1.500,0.017
99.91,-11.899,0.007,-1.494,-11.883,-0.000,1.500,0.018
99.93,-11.899,0.007,-1.494,-11.883,-0.000,1.500,0.018
99.95,-11.900,0.008,-1.494,-11.883,-0.000,1.500,0.019
99.97,-11.900,0.008,-1.494,-11.883,-0.000,1.500,0.019
99.99,-11.900,0.009,-1.495,-11.883,-0.000,1.500,0.020
100.01,-11.900,0.009,-1.495,-11.883,-0.000,1.500,0.020
100.03,-11.900,0.011,-1.495,-11.883,-0.000,1.500,0.021
100.05,-11.900,0.011,-1.495,-11.883,-0.000,1.500,0.021
100.07,-11.901,0.012,-1.496,-11.883,-0.000,1.500,0.022
100.09,-11.901,0.012,-1.496,-11.883,-0.000,1.500,0.022
100.11,-11.901,0.013,-1.496,-11.883,-0.000,1.500,0.023
100.13,-11.901,0.013,-1.496,-11.883,-0.000,1.500,0.023
100.16,-11.901,0.014,-1.497,-11.883,-0.000,1.500,0.023
100.18,-11.901,0.014,-1.497,-11.883,-0.000,1.500,0.023
100.20,-11.901,0.015,-1.498,-11.883,-0.000,1.500,0.023
100.22,-11.901,0.015,-1.498,-11.883,-0.000,1.500,0.023
100.24,-11.901,0.015,-1.498,-11.883,-0.000,1.500,0.024
100.26,-11.901,0.015,-1.498,-11.883,-0.000,1.500,0.024
100.28,-11.901,0.016,-1.499,-11.883,-0.000,1.500,0.023
100.30,-11.901,0.016,-1.499,-11.883,-0.000,1.500,0.023
100.32,-11.900,0.016,-1.500,-11.883,-0.000,1.500,0.023
100.34,-11.900,0.016,-1.500,-11.883,-0.000,1.500,0.023
100.36,-11.900,0.016,-1.500,-11.883,-0.000,1.500,0.023
100.38,-11.899,0.016,-1.501,-11.883,-0.000,1.500,0.022
100.41,-11.899,0.016,-1.501,-11.883,-0.000,1.500,0.022
100.43,-11.898,0.016,-1.502,-11.883,-0.000,1.500,0.022
100.45,-11.898,0.016,-1.502,-11.883,-0.000,1.500,0.022
100.47,-11.897,0.015,-1.502,-11.883,-0.000,1.500,0.021
100.49,-11.897,0.015,-1.502,-11.883,-0.000,1.500,0.021
100.51,-11.897,0.015,-1.503,-11.883,-0.000,1.500,0.020
100.53,-11.897,0.015,-1.503,-11.883,-0.000,1.500,0.020
100.55,-11.896,0.015,-1.503,-11.883,-0.000,1.500,0.020
100.57,-11.896,0.015,-1.503,-11.883,-0.000,1.500,0.020
100.59,-11.894,0.014,-1.504,-11.883,-0.000,1.500,0.018
100.61,-11.894,0.014,-1.504,-11.883,-0.000,1.500,0.018
100.63,-11.893,0.014,-1.504,-11.883,-0.000,1.500,0.018
100.66,-11.893,0.014,-1.504,-11.883,-0.000,1.500,0.018
100.68,-11.892,0.013,-1.505,-11.883,-0.000,1.500,0.017
100.70,-11.892,0.013,-1.505,-11.883,-0.000,1.500,0.017
100.72,-11.891,0.012,-1.505,-11.883,-0.000,1.500,0.016
100.74,-11.891,0.012,-1.505,-11.883,-0.000,1.500,0.016
100.76,-11.890,0.012,-1.505,-11.883,-0.000,1.500,0.015
100.78,-11.890,0.012,-1.505,-11.883,-0.000,1.500,0.015
100.80,-11.889,0.011,-1.505,-11.883,-0.000,1.500,0.014
100.82,-11.889,0.011,-1.505,-11.883,-0.000,1.500,0.014
100.84,-11.889,0.011,-1.505,-11.883,-0.000,1.500,0.014
100.86,-11.887,0.010,-1.505,-11.883,-0.000,1.500,0.012
100.88,-11.887,0.010,-1.505,-11.883,-0.000,1.500,0.012
100.91,-11.886,0.010,-1.505,-11.883,-0.000,1.500,0.012
100.93,-11.886,0.010,-1.505,-11.883,-0.000,1.500,0.012
100.95,-11.885,0.010,-1.505,-11.883,-0.000,1.500,0.012
100.97,-11.885,0.010,-1.505,-11.883,-0.000,1.500,0.012
100.99,-11.885,0.010,-1.505,-11.883,-0.000,1.500,0.012
101.01,-11.885,0.010,-1.505,-11.883,-0.000,1.500,0.012
101.03,-11.884,0.011,-1.505,-11.883,-0.000,1.500,0.012
101.05,-11.884,0.011,-1.505,-11.883,-0.000,1.500,0.012
101.07,-11.884,0.012,-1.506,-11.883,-0.000,1.500,0.013
101.09,-11.884,0.012,-1.506,-11.883,-0.000,1.500,0.013
101.11,-11.883,0.012,-1.506,-11.883,-0.000,1.500,0.014
101.13,-11.883,0.012,-1.506,-11.883,-0.000,1.500,0.014
101.16,-11.883,0.013,-1.507,-11.883,-0.000,1.500,0.015
101.18,-11.883,0.013,-1.507,-11.883,-0.000,1.500,0.015
101.20,-11.883,0.014,-1.507,-11.883,-0.000,1.500,0.016
101.22,-11.883,0.014,-1.507,-11.883,-0.000,1.500,0.016
101.24,-11.883,0.015,-1.508,-11.883,-0.000,1.500,0.017
101.26,-11.883,0.015,-1.508,-11.883,-0.000,1.500,0.017
101.28,-11.883,0.015,-1.509,-11.883,-0.000,1.500,0.018
101.30,-11.883,0.015,-1.509,-11.883,-0.000,1.500,0.018
101.32,-11.883,0.016,-1.509,-11.883,-0.000,1.500,0.019
101.34,-11.883,0.016,-1.509,-11.883,-0.000,1.500,0.019
101.36,-11.883,0.016,-1.509,-11.883,-0.000,1.500,0.019
101.38,-11.882,0.017,-1.510,-11.883,-0.000,1.500,0.020
101.41,-11.882,0.017,-1.510,-11.883,-0.000,1.500,0.020
101.43,-11.882,0.017,-1.510,-11.883,-0.000,1.500,0.020
101.45,-11.882,0.017,-1.510,-11.883,-0.000,1.500,0.020
101.47,-11.882,0.018,-1.511,-11.883,-0.000,1.500,0.021
101.49,-11.882,0.018,-1.511,-11.883,-0.000,1.500,0.021
101.51,-11.882,0.018,-1.511,-11.883,-0.000,1.500,0.021
101.53,-11.882,0.018,-1.511,-11.883,-0.000,1.500,0.021
101.55,-11.881,0.018,-1.511,-11.883,-0.000,1.500,0.021
101.57,-11.881,0.018,-1.511,-11.883,-0.000,1.500,0.021
101.59,-11.880,0.018,-1.511,-11.883,-0.000,1.500,0.022
101.61,-11.880,0.018,-1.511,-11.883,-0.000,1.500,0.022
101.63,-11.879,0.018,-1.511,-11.883,-0.000,1.500,0.022
101.65,-11.879,0.018,-1.511,-11.883,-0.000,1.500,0.022
101.68,-11.878,0.018,-1.511,-11.883,-0.000,1.500,0.022
101.70,-11.878,0.018,-1.511,-11.883,-0.000,1.500,0.022
101.72,-11.877,0.019,-1.511,-11.883,-0.000,1.500,0.022
101.74,-11.877,0.019,-1.511,-11.883,-0.000,1.500,0.022
101.76,-11.876,0.019,-1.510,-11.883,-0.000,1.500,0.023
101.78,-11.876,0.019,-1.510,-11.883,-0.000,1.500,0.023
101.80,-11.875,0.019,-1.510,-11.883,-0.000,1.500,0.023
101.82,-11.875,0.019,-1.510,-11.883,-0.000,1.500,0.023
101.84,-11.874,0.019,-1.509,-11.883,-0.000,1.500,0.024
101.86,-11.874,0.019,-1.509,-11.883,-0.000,1.500,0.024
101.88,-11.874,0.019,-1.509,-11.883,-0.000,1.500,0.024
101.91,-11.872,0.019,-1.509,-11.883,-0.000,1.500,0.024
101.93,-11.872,0.019,-1.509,-11.883,-0.000,1.500,0.024
101.95,-11.871,0.019,-1.508,-11.883,-0.000,1.500,0.024
101.97,-11.871,0.019,-1.508,-11.883,-0.000,1.500,0.024
101.99,-11.870,0.019,-1.508,-11.883,-0.000,1.500,0.025
102.01,-11.870,0.019,-1.508,-11.883,-0.000,1.500,0.025
102.03,-11.869,0.019,-1.507,-11.883,-0.000,1.500,0.025
102.05,-11.869,0.019,-1.507,-11.883,-0.000,1.500,0.025
102.07,-11.869,0.019,-1.507,-11.883,-0.000,1.500,0.025
102.09,-11.869,0.019,-1.507,-11.883,-0.000,1.500,0.025
102.11,-11.868,0.019,-1.506,-11.883,-0.000,1.500,0.025
102.13,-11.868,0.019,-1.506,-11.883,-0.000,1.500,0.025
102.15,-11.867,0.020,-1.505,-11.883,-0.000,1.500,0.026
102.18,-11.867,0.020,-1.505,-11.883,-0.000,1.500,0.026
102.20,-11.867,0.020,-1.505,-11.883,-0.000,1.500,0.026
102.22,-11.867,0.020,-1.505,-11.883,-0.000,1.500,0.026
102.24,-11.866,0.020,-1.504,-11.883,-0.000,1.500,0.026
102.26,-11.866,0.020,-1.504,-11.883,-0.000,1.500,0.026
102.28,-11.866,0.020,-1.504,-11.883,-0.000,1.500,0.026
102.30,-11.866,0.020,-1.504,-11.883,-0.000,1.500,0.026
102.32,-11.865,0.020,-1.503,-11.883,-0.000,1.500,0.027
102.34,-11.865,0.020,-1.503,-11.883,-0.000,1.500,0.027
102.36,-11.865,0.020,-1.503,-11.883,-0.000,1.500,0.027
102.38,-11.865,0.019,-1.502,-11.883,-0.000,1.500,0.027
102.40,-11.865,0.019,-1.502,-11.883,-0.000,1.500,0.027
102.43,-11.865,0.019,-1.502,-11.883,-0.000,1.500,0.026
102.45,-11.865,0.019,-1.502,-11.883,-0.000,1.500,0.026
102.47,-11.864,0.018,-1.502,-11.883,-0.000,1.500,0.026
102.49,-11.864,0.018,-1.502,-11.883,-0.000,1.500,0.026
102.51,-11.864,0.018,-1.502,-11.883,-0.000,1.500,0.026
102.53,-11.864,0.018,-1.502,-11.883,-0.000,1.500,0.026
102.55,-11.864,0.017,-1.502,-11.883,-0.000,1.500,0.026
102.57,-11.864,0.017,-1.502,-11.883,-0.000,1.500,0.026
102.59,-11.864,0.017,-1.502,-11.883,-0.000,1.500,0.026
102.61,-11.864,0.017,-1.502,-11.883,-0.000,1.500,0.026
102.63,-11.863,0.016,-1.502,-11.883,-0.000,1.500,0.025
102.65,-11.863,0.016,-1.502,-11.883,-0.000,1.500,0.025
102.68,-11.863,0.015,-1.503,-11.883,-0.000,1.500,0.025
102.70,-11.863,0.015,-1.503,-11.883,-0.000,1.500,0.025
102.72,-11.863,0.015,-1.503,-11.883,-0.000,1.500,0.025
102.74,-11.863,0.015,-1.503,-11.883,-0.000,1.500,0.025
102.76,-11.863,0.014,-1.503,-11.883,-0.000,1.500,0.025
102.78,-11.863,0.014,-1.503,-11.883,-0.000,1.500,0.025
102.80,-11.864,0.014,-1.503,-11.883,-0.000,1.500,0.024
102.82,-11.864,0.014,-1.503,-11.883,-0.000,1.500,0.024
102.84,-11.864,0.014,-1.503,-11.883,-0.000,1.500,0.024
102.86,-11.864,0.014,-1.503,-11.883,-0.000,1.500,0.024
102.88,-11.864,0.014,-1.503,-11.883,-0.000,1.500,0.024
102.90,-11.865,0.013,-1.503,-11.883,-0.000,1.500,0.023
102.93,-11.865,0.013,-1.503,-11.883,-0.000,1.500,0.023
102.95,-11.865,0.013,-1.503,-11.883,-0.000,1.500,0.022
102.97,-11.865,0.013,-1.503,-11.883,-0.000,1.500,0.022
102.99,-11.866,0.013,-1.503,-11.883,-0.000,1.500,0.022
103.01,-11.866,0.013,-1.503,-11.883,-0.000,1.500,0.022
103.03,-11.867,0.013,-1.503,-11.883,-0.000,1.500,0.021
103.05,-11.867,0.013,-1.503,-11.883,-0.000,1.500,0.021
103.07,-11.868,0.012,-1.503,-11.883,-0.000,1.500,0.020
103.09,-11.868,0.012,-1.503,-11.883,-0.000,1.500,0.020
103.11,-11.869,0.012,-1.502,-11.883,-0.000,1.500,0.019
103.13,-11.869,0.012,-1.502,-11.883,-0.000,1.500,0.019
103.16,-11.870,0.012,-1.502,-11.883,-0.000,1.500,0.018
103.18,-11.870,0.012,-1.502,-11.883,-0.000,1.500,0.018
103.20,-11.872,0.012,-1.502,-11.883,-0.000,1.500,0.017
103.22,-11.872,0.012,-1.502,-11.883,-0.000,1.500,0.017
103.24,-11.873,0.012,-1.501,-11.883,-0.000,1.500,0.016
103.26,-11.873,0.012,-1.501,-11.883,-0.000,1.500,0.016
103.28,-11.874,0.012,-1.501,-11.883,-0.000,1.500,0.015
103.30,-11.874,0.012,-1.501,-11.883,-0.000,1.500,0.015
103.32,-11.876,0.013,-1.501,-11.883,-0.000,1.500,0.015
103.34,-11.876,0.013,-1.501,-11.883,-0.000,1.500,0.015
103.36,-11.876,0.013,-1.501,-11.883,-0.000,1.500,0.015
103.39,-11.877,0.013,-1.501,-11.883,-0.000,1.500,0.014
103.41,-11.877,0.013,-1.501,-11.883,-0.000,1.500,0.014
103.43,-11.878,0.013,-1.500,-11.883,-0.000,1.500,0.014
103.45,-11.878,0.013,-1.500,-11.883,-0.000,1.500,0.014
103.47,-11.879,0.014,-1.500,-11.883,-0.000,1.500,0.015
103.49,-11.879,0.014,-1.500,-11.883,-0.000,1.500,0.015
103.51,-11.880,0.015,-1.500,-11.883,-0.000,1.500,0.015
103.53,-11.880,0.015,-1.500,-11.883,-0.000,1.500,0.015
103.55,-11.881,0.015,-1.500,-11.883,-0.000,1.500,0.015
103.57,-11.881,0.015,-1.500,-11.883,-0.000,1.500,0.015
103.59,-11.882,0.016,-1.499,-11.883,-0.000,1.500,0.016
103.61,-11.882,0.016,-1.499,-11.883,-0.000,1.500,0.016
103.63,-11.882,0.016,-1.499,-11.883,-0.000,1.500,0.016
103.65,-11.882,0.016,-1.499,-11.883,-0.000,1.500,0.016
103.68,-11.883,0.017,-1.499,-11.883,-0.000,1.500,0.017
103.70,-11.883,0.017,-1.499,-11.883,-0.000,1.500,0.017
103.72,-11.884,0.017,-1.498,-11.883,-0.000,1.500,0.017
103.74,-11.884,0.017,-1.498,-11.883,-0.000,1.500,0.017
103.76,-11.884,0.017,-1.498,-11.883,-0.000,1.500,0.017
103.78,-11.884,0.017,-1.498,-11.883,-0.000,1.500,0.017
103.80,-11.885,0.017,-1.497,-11.883,-0.000,1.500,0.017
103.82,-11.885,0.017,-1.497,-11.883,-0.000,1.500,0.017
103.84,-11.885,0.017,-1.497,-11.883,-0.000,1.500,0.017
103.86,-11.885,0.017,-1.497,-11.883,-0.000,1.500,0.017
103.88,-11.885,0.017,-1.497,-11.883,-0.000,1.500,0.017
103.90,-11.886,0.016,-1.496,-11.883,-0.000,1.500,0.017
103.92,-11.886,0.016,-1.496,-11.883,-0.000,1.500,0.017
103.95,-11.886,0.016,-1.495,-11.883,-0.000,1.500,0.017
103.97,-11.886,0.016,-1.495,-11.883,-0.000,1.500,0.017
103.99,-11.887,0.015,-1.494,-11.883,-0.000,1.500,0.017
104.01,-11.887,0.015,-1.494,-11.883,-0.000,1.500,0.017
104.03,-11.888,0.015,-1.493,-11.883,-0.000,1.500,0.017
104.05,-11.888,0.015,-1.493,-11.883,-0.000,1.500,0.017
104.07,-11.889,0.014,-1.493,-11.883,-0.000,1.500,0.017
104.09,-11.889,0.014,-1.493,-11.883,-0.000,1.500,0.017
104.11,-11.890,0.014,-1.492,-11.883,-0.000,1.500,0.017
104.13,-11.890,0.014,-1.492,-11.883,-0.000,1.500,0.017
104.15,-11.891,0.014,-1.491,-11.883,-0.000,1.500,0.018
104.18,-11.891,0.014,-1.491,-11.883,-0.000,1.500,0.018
104.20,-11.892,0.013,-1.490,-11.883,-0.000,1.500,0.019
104.22,-11.892,0.013,-1.490,-11.883,-0.000,1.500,0.019
104.24,-11.893,0.013,-1.490,-11.883,-0.000,1.500,0.019
104.26,-11.893,0.013,-1.490,-11.883,-0.000,1.500,0.019
104.28,-11.894,0.013,-1.490,-11.883,-0.000,1.500,0.020
104.30,-11.894,0.013,-1.490,-11.883,-0.000,1.500,0.020
104.32,-11.896,0.013,-1.489,-11.883,-0.000,1.500,0.021
104.34,-11.896,0.013,-1.489,-11.883,-0.000,1.500,0.021
104.36,-11.897,0.013,-1.489,-11.883,-0.000,1.500,0.022
104.38,-11.897,0.013,-1.489,-11.883,-0.000,1.500,0.022
104.40,-11.897,0.013,-1.489,-11.883,-0.000,1.500,0.022
104.43,-11.898,0.014,-1.490,-11.883,-0.000,1.500,0.023
104.45,-11.898,0.014,-1.490,-11.883,-0.000,1.500,0.023
104.47,-11.899,0.014,-1.490,-11.883,-0.000,1.500,0.023
104.49,-11.899,0.014,-1.490,-11.883,-0.000,1.500,0.023
104.51,-11.900,0.015,-1.491,-11.883,-0.000,1.500,0.024
104.53,-11.900,0.015,-1.491,-11.883,-0.000,1.500,0.024
104.55,-11.901,0.015,-1.492,-11.883,-0.000,1.500,0.025
104.57,-11.901,0.015,-1.492,-11.883,-0.000,1.500,0.025
104.59,-11.902,0.016,-1.493,-11.883,-0.000,1.500,0.026
104.61,-11.902,0.016,-1.493,-11.883,-0.000,1.500,0.026
104.63,-11.904,0.017,-1.494,-11.883,-0.000,1.500,0.028
104.65,-11.904,0.017,-1.494,-11.883,-0.000,1.500,0.028
104.67,-11.905,0.018,-1.495,-11.883,-0.000,1.500,0.029
104.70,-11.905,0.018,-1.495,-11.883,-0.000,1.500,0.029
104.72,-11.905,0.019,-1.496,-11.883,-0.000,1.500,0.030
104.74,-11.905,0.019,-1.496,-11.883,-0.000,1.500,0.030
104.76,-11.906,0.020,-1.497,-11.883,-0.000,1.500,0.031
104.78,-11.906,0.020,-1.497,-11.883,-0.000,1.500,0.031
104.80,-11.907,0.021,-1.497,-11.883,-0.000,1.500,0.032
104.82,-11.907,0.021,-1.497,-11.883,-0.000,1.500,0.032
104.84,-11.908,0.021,-1.498,-11.883,-0.000,1.500,0.032
104.86,-11.908,0.021,-1.498,-11.883,-0.000,1.500,0.032
104.88,-11.908,0.021,-1.498,-11.883,-0.000,1.500,0.032
104.90,-11.909,0.022,-1.499,-11.883,-0.000,1.500,0.033
104.93,-11.909,0.022,-1.499,-11.883,-0.000,1.500,0.033
104.95,-11.909,0.022,-1.500,-11.883,-0.000,1.500,0.034
104.97,-11.909,0.022,-1.500,-11.883,-0.000,1.500,0.034
104.99,-11.909,0.022,-1.500,-11.883,-0.000,1.500,0.034
105.01,-11.909,0.022,-1.500,-11.883,-0.000,1.500,0.034
105.03,-11.909,0.022,-1.500,-11.883,-0.000,1.500,0.034
105.05,-11.909,0.022,-1.500,-11.883,-0.000,1.500,0.034
105.07,-11.909,0.022,-1.501,-11.883,-0.000,1.500,0.034
105.09,-11.909,0.022,-1.501,-11.883,-0.000,1.500,0.034
105.11,-11.909,0.022,-1.501,-11.883,-0.000,1.500,0.034
105.13,-11.909,0.022,-1.501,-11.883,-0.000,1.500,0.034
105.15,-11.909,0.021,-1.501,-11.883,-0.000,1.500,0.033
105.18,-11.909,0.021,-1.501,-11.883,-0.000,1.500,0.033
105.20,-11.908,0.021,-1.501,-11.883,-0.000,1.500,0.033
105.22,-11.908,0.021,-1.501,-11.883,-0.000,1.500,0.033
105.24,-11.907,0.021,-1.501,-11.883,-0.000,1.500,0.032
105.26,-11.907,0.021,-1.501,-11.883,-0.000,1.500,0.032
105.28,-11.907,0.020,-1.501,-11.883,-0.000,1.500,0.031
105.30,-11.907,0.020,-1.501,-11.883,-0.000,1.500,0.031
105.32,-11.906,0.019,-1.501,-11.883,-0.000,1.500,0.030
105.34,-11.906,0.019,-1.501,-11.883,-0.000,1.500,0.030
105.36,-11.905,0.019,-1.500,-11.883,-0.000,1.500,0.028
105.38,-11.905,0.019,-1.500,-11.883,-0.000,1.500,0.028
105.40,-11.905,0.019,-1.500,-11.883,-0.000,1.500,0.028
105.42,-11.904,0.017,-1.500,-11.883,-0.000,1.500,0.027
105.45,-11.904,0.017,-1.500,-11.883,-0.000,1.500,0.027
105.47,-11.903,0.016,-1.499,-11.883,-0.000,1.500,0.026
105.49,-11.903,0.016,-1.499,-11.883,-0.000,1.500,0.026
105.51,-11.902,0.015,-1.498,-11.883,-0.000,1.500,0.025
105.53,-11.902,0.015,-1.498,-11.883,-0.000,1.500,0.025
105.55,-11.902,0.014,-1.497,-11.883,-0.000,1.500,0.024
105.57,-11.902,0.014,-1.497,-11.883,-0.000,1.500,0.024
105.59,-11.902,0.013,-1.496,-11.883,-0.000,1.500,0.023
105.61,-11.902,0.013,-1.496,-11.883,-0.000,1.500,0.023
105.63,-11.902,0.012,-1.496,-11.883,-0.000,1.500,0.023
105.65,-11.902,0.012,-1.496,-11.883,-0.000,1.500,0.023
105.67,-11.902,0.011,-1.495,-11.883,-0.000,1.500,0.022
105.69,-11.902,0.011,-1.495,-11.883,-0.000,1.500,0.022
105.72,-11.902,0.011,-1.494,-11.883,-0.000,1.500,0.022
105.74,-11.902,0.011,-1.494,-11.883,-0.000,1.500,0.022
105.76,-11.902,0.010,-1.494,-11.883,-0.000,1.500,0.022
105.78,-11.902,0.010,-1.494,-11.883,-0.000,1.500,0.022
105.80,-11.903,0.009,-1.493,-11.883,-0.000,1.500,0.023
105.82,-11.903,0.009,-1.493,-11.883,-0.000,1.500,0.023
105.84,-11.903,0.009,-1.493,-11.883,-0.000,1.500,0.023
105.86,-11.903,0.009,-1.493,-11.883,-0.000,1.500,0.023
105.88,-11.903,0.009,-1.493,-11.883,-0.000,1.500,0.023
105.90,-11.903,0.008,-1.493,-11.883,-0.000,1.500,0.023
105.92,-11.903,0.008,-1.493,-11.883,-0.000,1.500,0.023
105.95,-11.903,0.008,-1.492,-11.883,-0.000,1.500,0.023
105.97,-11.903,0.008,-1.492,-11.883,-0.000,1.500,0.023
105.99,-11.903,0.008,-1.493,-11.883,-0.000,1.500,0.022
106.01,-11.903,0.008,-1.493,-11.883,-0.000,1.500,0.022
106.03,-11.903,0.008,-1.493,-11.883,-0.000,1.500,0.022
106.05,-11.903,0.008,-1.493,-11.883,-0.000,1.500,0.022
106.07,-11.902,0.008,-1.493,-11.883,-0.000,1.500,0.022
106.09,-11.902,0.008,-1.493,-11.883,-0.000,1.500,0.022
106.11,-11.902,0.008,-1.494,-11.883,-0.000,1.500,0.021
106.13,-11.902,0.008,-1.494,-11.883,-0.000,1.500,0.021
106.15,-11.902,0.008,-1.495,-11.883,-0.000,1.500,0.021
106.17,-11.902,0.008,-1.495,-11.883,-0.000,1.500,0.021
106.19,-11.901,0.008,-1.496,-11.883,-0.000,1.500,0.020
106.21,-11.901,0.008,-1.496,-11.883,-0.000,1.500,0.020
106.24,-11.901,0.008,-1.497,-11.883,-0.000,1.500,0.020
106.26,-11.901,0.008,-1.497,-11.883,-0.000,1.500,0.020
106.28,-11.901,0.008,-1.498,-11.883,-0.000,1.500,0.019
106.30,-11.901,0.008,-1.498,-11.883,-0.000,1.500,0.019
106.32,-11.900,0.009,-1.500,-11.883,-0.000,1.500,0.019
106.34,-11.900,0.009,-1.500,-11.883,-0.000,1.500,0.019
106.36,-11.900,0.009,-1.501,-11.883,-0.000,1.500,0.019
106.38,-11.900,0.009,-1.501,-11.883,-0.000,1.500,0.019
106.40,-11.900,0.009,-1.501,-11.883,-0.000,1.500,0.019
106.42,-11.899,0.010,-1.503,-11.883,-0.000,1.500,0.019
106.44,-11.899,0.010,-1.503,-11.883,-0.000,1.500,0.019
106.46,-11.898,0.011,-1.504,-11.883,-0.000,1.500,0.019
106.49,-11.898,0.011,-1.504,-11.883,-0.000,1.500,0.019
106.51,-11.898,0.011,-1.505,-11.883,-0.000,1.500,0.019
106.53,-11.898,0.011,-1.505,-11.883,-0.000,1.500,0.019
106.55,-11.897,0.012,-1.506,-11.883,-0.000,1.500,0.019
106.57,-11.897,0.012,-1.506,-11.883,-0.000,1.500,0.019
106.59,-11.896,0.012,-1.507,-11.883,-0.000,1.500,0.019
106.61,-11.896,0.012,-1.507,-11.883,-0.000,1.500,0.019
106.63,-11.894,0.013,-1.508,-11.883,-0.000,1.500,0.019
106.65,-11.894,0.013,-1.508,-11.883,-0.000,1.500,0.019
106.67,-11.893,0.014,-1.509,-11.883,-0.000,1.500,0.019
106.69,-11.893,0.014,-1.509,-11.883,-0.000,1.500,0.019
106.71,-11.892,0.015,-1.509,-11.883,-0.000,1.500,0.020
106.74,-11.892,0.015,-1.509,-11.883,-0.000,1.500,0.020
106.76,-11.891,0.015,-1.510,-11.883,-0.000,1.500,0.020
106.78,-11.891,0.015,-1.510,-11.883,-0.000,1.500,0.020
106.80,-11.890,0.016,-1.510,-11.883,-0.000,1.500,0.020
106.82,-11.890,0.016,-1.510,-11.883,-0.000,1.500,0.020
106.84,-11.889,0.017,-1.511,-11.883,-0.000,1.500,0.021
106.86,-11.889,0.017,-1.511,-11.883,-0.000,1.500,0.021
106.88,-11.888,0.017,-1.511,-11.883,-0.000,1.500,0.021
106.90,-11.888,0.017,-1.511,-11.883,-0.000,1.500,0.021
106.92,-11.888,0.017,-1.511,-11.883,-0.000,1.500,0.021
106.94,-11.887,0.018,-1.511,-11.883,-0.000,1.500,0.022
106.96,-11.887,0.018,-1.511,-11.883,-0.000,1.500,0.022
106.98,-11.886,0.019,-1.511,-11.883,-0.000,1.500,0.022
107.00,-11.886,0.019,-1.511,-11.883,-0.000,1.500,0.022
107.03,-11.886,0.019,-1.511,-11.883,-0.000,1.500,0.022
107.05,-11.886,0.019,-1.511,-11.883,-0.000,1.500,0.022
107.07,-11.885,0.020,-1.510,-11.883,-0.000,1.500,0.022
107.09,-11.885,0.020,-1.510,-11.883,-0.000,1.500,0.022
107.11,-11.884,0.020,-1.510,-11.883,-0.000,1.500,0.022
107.13,-11.884,0.020,-1.510,-11.883,-0.000,1.500,0.022
107.15,-11.882,0.020,-1.509,-11.883,-0.000,1.500,0.022
107.17,-11.882,0.020,-1.509,-11.883,-0.000,1.500,0.022
107.19,-11.881,0.020,-1.509,-11.883,-0.000,1.500,0.022
107.21,-11.881,0.020,-1.509,-11.883,-0.000,1.500,0.022
107.23,-11.880,0.020,-1.509,-11.883,-0.000,1.500,0.022
107.26,-11.880,0.020,-1.509,-11.883,-0.000,1.500,0.022
107.28,-11.879,0.020,-1.508,-11.883,-0.000,1.500,0.022
107.30,-11.879,0.020,-1.508,-11.883,-0.000,1.500,0.022
107.32,-11.878,0.020,-1.508,-11.883,-0.000,1.500,0.022
107.34,-11.878,0.020,-1.508,-11.883,-0.000,1.500,0.022
107.36,-11.877,0.020,-1.508,-11.883,-0.000,1.500,0.022
107.38,-11.877,0.020,-1.508,-11.883,-0.000,1.500,0.022
107.40,-11.877,0.020,-1.508,-11.883,-0.000,1.500,0.022
107.42,-11.875,0.019,-1.508,-11.883,-0.000,1.500,0.022
107.44,-11.875,0.019,-1.508,-11.883,-0.000,1.500,0.022
107.46,-11.874,0.019,-1.508,-11.883,-0.000,1.500,0.023
107.48,-11.874,0.019,-1.508,-11.883,-0.000,1.500,0.023
107.51,-11.873,0.019,-1.508,-11.883,-0.000,1.500,0.023
107.53,-11.873,0.019,-1.508,-11.883,-0.000,1.500,0.023
107.55,-11.872,0.018,-1.508,-11.883,-0.000,1.500,0.023
107.57,-11.872,0.018,-1.508,-11.883,-0.000,1.500,0.023
107.59,-11.871,0.018,-1.508,-11.883,-0.000,1.500,0.023
107.61,-11.871,0.018,-1.508,-11.883,-0.000,1.500,0.023
107.63,-11.870,0.017,-1.508,-11.883,-0.000,1.500,0.023
107.65,-11.870,0.017,-1.508,-11.883,-0.000,1.500,0.023
107.67,-11.869,0.016,-1.508,-11.883,-0.000,1.500,0.023
107.69,-11.869,0.016,-1.508,-11.883,-0.000,1.500,0.023
107.71,-11.869,0.016,-1.508,-11.883,-0.000,1.500,0.023
107.73,-11.869,0.016,-1.508,-11.883,-0.000,1.500,0.023
107.76,-11.868,0.015,-1.508,-11.883,-0.000,1.500,0.023
107.78,-11.868,0.015,-1.508,-11.883,-0.000,1.500,0.023
107.80,-11.867,0.014,-1.508,-11.883,-0.000,1.500,0.023
107.82,-11.867,0.014,-1.508,-11.883,-0.000,1.500,0.023
107.84,-11.866,0.014,-1.508,-11.883,-0.000,1.500,0.023
107.86,-11.866,0.014,-1.508,-11.883,-0.000,1.500,0.023
107.88,-11.866,0.012,-1.508,-11.883,-0.000,1.500,0.023
107.90,-11.866,0.012,-1.508,-11.883,-0.000,1.500,0.023
107.92,-11.866,0.012,-1.508,-11.883,-0.000,1.500,0.023
107.94,-11.864,0.011,-1.508,-11.883,-0.000,1.500,0.023
107.96,-11.864,0.011,-1.508,-11.883,-0.000,1.500,0.023
107.98,-11.864,0.010,-1.508,-11.883,-0.000,1.500,0.023
108.01,-11.864,0.010,-1.508,-11.883,-0.000,1.500,0.023
108.03,-11.863,0.008,-1.508,-11.883,-0.000,1.500,0.023
108.05,-11.863,0.008,-1.508,-11.883,-0.000,1.500,0.023
108.07,-11.862,0.007,-1.508,-11.883,-0.000,1.500,0.023
108.09,-11.862,0.007,-1.508,-11.883,-0.000,1.500,0.023
108.11,-11.862,0.006,-1.508,-11.883,-0.000,1.500,0.024
108.13,-11.862,0.006,-1.508,-11.883,-0.000,1.500,0.024
108.15,-11.862,0.005,-1.508,-11.883,-0.000,1.500,0.024
108.17,-11.862,0.005,-1.508,-11.883,-0.000,1.500,0.024
108.19,-11.862,0.003,-1.509,-11.883,-0.000,1.500,0.023
108.21,-11.862,0.003,-1.509,-11.883,-0.000,1.500,0.023
108.23,-11.862,0.001,-1.509,-11.883,-0.000,1.500,0.023
108.26,-11.862,0.001,-1.509,-11.883,-0.000,1.500,0.023
108.28,-11.862,0.000,-1.509,-11.883,-0.000,1.500,0.023
108.30,-11.862,0.000,-1.509,-11.883,-0.000,1.500,0.023
108.32,-11.863,-0.001,-1.509,-11.883,-0.000,1.500,0.022
108.34,-11.863,-0.001,-1.509,-11.883,-0.000,1.500,0.022
108.36,-11.863,-0.002,-1.509,-11.883,-0.000,1.500,0.022
108.38,-11.863,-0.002,-1.509,-11.883,-0.000,1.500,0.022
108.40,-11.863,-0.002,-1.509,-11.883,-0.000,1.500,0.022
108.42,-11.863,-0.003,-1.509,-11.883,-0.000,1.500,0.022
108.44,-11.863,-0.003,-1.509,-11.883,-0.000,1.500,0.022
108.46,-11.864,-0.003,-1.509,-11.883,-0.000,1.500,0.022
108.48,-11.864,-0.003,-1.509,-11.883,-0.000,1.500,0.022
108.51,-11.864,-0.003,-1.509,-11.883,-0.000,1.500,0.022
108.53,-11.864,-0.003,-1.509,-11.883,-0.000,1.500,0.022
108.55,-11.864,-0.003,-1.509,-11.883,-0.000,1.500,0.021
108.57,-11.864,-0.003,-1.509,-11.883,-0.000,1.500,0.021
108.59,-11.864,-0.002,-1.509,-11.883,-0.000,1.500,0.021
108.61,-11.864,-0.002,-1.509,-11.883,-0.000,1.500,0.021
108.63,-11.865,-0.002,-1.508,-11.883,-0.000,1.500,0.020
108.65,-11.865,-0.002,-1.508,-11.883,-0.000,1.500,0.020
108.67,-11.866,-0.002,-1.508,-11.883,-0.000,1.500,0.019
108.69,-11.866,-0.002,-1.508,-11.883,-0.000,1.500,0.019
108.71,-11.867,-0.002,-1.508,-11.883,-0.000,1.500,0.018
108.73,-11.867,-0.002,-1.508,-11.883,-0.000,1.500,0.018
108.76,-11.868,-0.001,-1.507,-11.883,-0.000,1.500,0.017
108.78,-11.868,-0.001,-1.507,-11.883,-0.000,1.500,0.017
108.80,-11.869,-0.001,-1.507,-11.883,-0.000,1.500,0.016
108.82,-11.869,-0.001,-1.507,-11.883,-0.000,1.500,0.016
108.84,-11.870,-0.001,-1.506,-11.883,-0.000,1.500,0.014
108.86,-11.870,-0.001,-1.506,-11.883,-0.000,1.500,0.014
108.88,-11.872,-0.001,-1.506,-11.883,-0.000,1.500,0.013
108.90,-11.872,-0.001,-1.506,-11.883,-0.000,1.500,0.013
108.92,-11.872,-0.001,-1.506,-11.883,-0.000,1.500,0.013
108.94,-11.874,-0.000,-1.505,-11.883,-0.000,1.500,0.010
108.96,-11.874,-0.000,-1.505,-11.883,-0.000,1.500,0.010
108.98,-11.876,-0.000,-1.505,-11.883,-0.000,1.500,0.009
109.00,-11.876,-0.000,-1.505,-11.883,-0.000,1.500,0.009
109.03,-11.877,0.000,-1.504,-11.883,-0.000,1.500,0.007
109.05,-11.877,0.000,-1.504,-11.883,-0.000,1.500,0.007
109.07,-11.879,0.000,-1.503,-11.883,-0.000,1.500,0.006
109.09,-11.879,0.000,-1.503,-11.883,-0.000,1.500,0.006
109.11,-11.880,0.001,-1.503,-11.883,-0.000,1.500,0.004
109.13,-11.880,0.001,-1.503,-11.883,-0.000,1.500,0.004
109.15,-11.882,0.001,-1.502,-11.883,-0.000,1.500,0.003
109.17,-11.882,0.001,-1.502,-11.883,-0.000,1.500,0.003
109.19,-11.884,0.001,-1.502,-11.883,-0.000,1.500,0.002
109.21,-11.884,0.001,-1.502,-11.883,-0.000,1.500,0.002
109.23,-11.885,0.001,-1.501,-11.883,-0.000,1.500,0.003
109.26,-11.885,0.001,-1.501,-11.883,-0.000,1.500,0.003
109.28,-11.887,0.001,-1.501,-11.883,-0.000,1.500,0.004
109.30,-11.887,0.001,-1.501,-11.883,-0.000,1.500,0.004
109.32,-11.888,0.001,-1.501,-11.883,-0.000,1.500,0.006
109.34,-11.888,0.001,-1.501,-11.883,-0.000,1.500,0.006
109.36,-11.890,0.001,-1.500,-11.883,-0.000,1.500,0.007
109.38,-11.890,0.001,-1.500,-11.883,-0.000,1.500,0.007
109.40,-11.891,0.001,-1.500,-11.883,-0.000,1.500,0.008
109.42,-11.891,0.001,-1.500,-11.883,-0.000,1.500,0.008
109.44,-11.891,0.001,-1.500,-11.883,-0.000,1.500,0.008
109.46,-11.892,0.000,-1.499,-11.883,-0.000,1.500,0.009
109.48,-11.892,0.000,-1.499,-11.883,-0.000,1.500,0.009
109.51,-11.893,-0.000,-1.499,-11.883,-0.000,1.500,0.010
109.53,-11.893,-0.000,-1.499,-11.883,-0.000,1.500,0.010
109.55,-11.893,-0.001,-1.499,-11.883,-0.000,1.500,0.010
109.57,-11.893,-0.001,-1.499,-11.883,-0.000,1.500,0.010
109.59,-11.894,-0.002,-1.498,-11.883,-0.000,1.500,0.011
109.61,-11.894,-0.002,-1.498,-11.883,-0.000,1.500,0.011
109.63,-11.894,-0.003,-1.498,-11.883,-0.000,1.500,0.011
109.65,-11.894,-0.003,-1.498,-11.883,-0.000,1.500,0.011
109.67,-11.893,-0.004,-1.498,-11.883,-0.000,1.500,0.011
109.69,-11.893,-0.004,-1.498,-11.883,-0.000,1.500,0.011
109.71,-11.892,-0.005,-1.497,-11.883,-0.000,1.500,0.011
109.73,-11.892,-0.005,-1.497,-11.883,-0.000,1.500,0.011
109.76,-11.891,-0.005,-1.497,-11.883,-0.000,1.500,0.010
109.78,-11.891,-0.005,-1.497,-11.883,-0.000,1.500,0.010
109.80,-11.890,-0.006,-1.496,-11.883,-0.000,1.500,0.009
109.82,-11.890,-0.006,-1.496,-11.883,-0.000,1.500,0.009
109.84,-11.888,-0.006,-1.496,-11.883,-0.000,1.500,0.009
109.86,-11.888,-0.006,-1.496,-11.883,-0.000,1.500,0.009
109.88,-11.886,-0.007,-1.496,-11.883,-0.000,1.500,0.008
109.90,-11.886,-0.007,-1.496,-11.883,-0.000,1.500,0.008
109.92,-11.886,-0.007,-1.496,-11.883,-0.000,1.500,0.008
109.94,-11.883,-0.007,-1.496,-11.883,-0.000,1.500,0.008
109.96,-11.883,-0.007,-1.496,-11.883,-0.000,1.500,0.008
109.98,-11.881,-0.008,-1.496,-11.883,-0.000,1.500,0.009
110.00,-11.881,-0.008,-1.496,-11.883,-0.000,1.500,0.009
110.03,-11.878,-0.008,-1.496,-11.883,-0.000,1.500,0.010
110.05,-11.878,-0.008,-1.496,-11.883,-0.000,1.500,0.010
110.07,-11.876,-0.008,-1.496,-11.883,-0.000,1.500,0.011
110.09,-11.876,-0.008,-1.496,-11.883,-0.000,1.500,0.011
110.11,-11.874,-0.008,-1.496,-11.883,-0.000,1.500,0.012
110.13,-11.874,-0.008,-1.496,-11.883,-0.000,1.500,0.012
110.15,-11.872,-0.007,-1.497,-11.883,-0.000,1.500,0.014
110.17,-11.872,-0.007,-1.497,-11.883,-0.000,1.500,0.014
110.19,-11.869,-0.007,-1.497,-11.883,-0.000,1.500,0.016
110.21,-11.869,-0.007,-1.497,-11.883,-0.000,1.500,0.016
110.23,-11.867,-0.007,-1.497,-11.883,-0.000,1.500,0.018
110.26,-11.867,-0.007,-1.497,-11.883,-0.000,1.500,0.018
110.28,-11.865,-0.006,-1.498,-11.883,-0.000,1.500,0.019
110.30,-11.865,-0.006,-1.498,-11.883,-0.000,1.500,0.019
110.32,-11.863,-0.006,-1.498,-11.883,-0.000,1.500,0.021
110.34,-11.863,-0.006,-1.498,-11.883,-0.000,1.500,0.021
110.36,-11.861,-0.005,-1.498,-11.883,-0.000,1.500,0.022
110.38,-11.861,-0.005,-1.498,-11.883,-0.000,1.500,0.022
110.40,-11.859,-0.004,-1.498,-11.883,-0.000,1.500,0.024
110.42,-11.859,-0.004,-1.498,-11.883,-0.000,1.500,0.024
110.44,-11.859,-0.004,-1.498,-11.883,-0.000,1.500,0.024
110.46,-11.857,-0.003,-1.499,-11.883,-0.000,1.500,0.026
110.48,-11.857,-0.003,-1.499,-11.883,-0.000,1.500,0.026
110.50,-11.856,-0.002,-1.499,-11.883,-0.000,1.500,0.028
110.53,-11.856,-0.002,-1.499,-11.883,-0.000,1.500,0.028
110.55,-11.855,-0.002,-1.499,-11.883,-0.000,1.500,0.028
110.57,-11.855,-0.002,-1.499,-11.883,-0.000,1.500,0.028
110.59,-11.854,-0.002,-1.499,-11.883,-0.000,1.500,0.029
110.61,-11.854,-0.002,-1.499,-11.883,-0.000,1.500,0.029
110.63,-11.854,-0.002,-1.499,-11.883,-0.000,1.500,0.030
110.65,-11.854,-0.002,-1.499,-11.883,-0.000,1.500,0.030
110.67,-11.853,-0.002,-1.499,-11.883,-0.000,1.500,0.030
110.69,-11.853,-0.002,-1.499,-11.883,-0.000,1.500,0.030
110.71,-11.853,-0.002,-1.499,-11.883,-0.000,1.500,0.030
110.73,-11.853,-0.002,-1.499,-11.883,-0.000,1.500,0.030
110.75,-11.853,-0.003,-1.499,-11.883,-0.000,1.500,0.030
110.77,-11.853,-0.003,-1.499,-11.883,-0.000,1.500,0.030
110.80,-11.853,-0.004,-1.499,-11.883,-0.000,1.500,0.030
110.82,-11.853,-0.004,-1.499,-11.883,-0.000,1.500,0.030
110.84,-11.854,-0.005,-1.498,-11.883,-0.000,1.500,0.030
110.86,-11.854,-0.005,-1.498,-11.883,-0.000,1.500,0.030
110.88,-11.854,-0.005,-1.498,-11.883,-0.000,1.500,0.030
110.90,-11.854,-0.005,-1.498,-11.883,-0.000,1.500,0.030
110.92,-11.855,-0.007,-1.498,-11.883,-0.000,1.500,0.029
110.94,-11.855,-0.007,-1.498,-11.883,-0.000,1.500,0.029
110.96,-11.855,-0.007,-1.498,-11.883,-0.000,1.500,0.029
110.98,-11.856,-0.008,-1.497,-11.883,-0.000,1.500,0.028
111.00,-11.856,-0.008,-1.497,-11.883,-0.000,1.500,0.028
111.02,-11.857,-0.009,-1.497,-11.883,-0.000,1.500,0.028
111.04,-11.857,-0.009,-1.497,-11.883,-0.000,1.500,0.028
111.07,-11.858,-0.011,-1.497,-11.883,-0.000,1.500,0.027
111.09,-11.858,-0.011,-1.497,-11.883,-0.000,1.500,0.027
111.11,-11.859,-0.012,-1.496,-11.883,-0.000,1.500,0.027
111.13,-11.859,-0.012,-1.496,-11.883,-0.000,1.500,0.027
111.15,-11.860,-0.013,-1.496,-11.883,-0.000,1.500,0.027
111.17,-11.860,-0.013,-1.496,-11.883,-0.000,1.500,0.027
111.19,-11.861,-0.014,-1.495,-11.883,-0.000,1.500,0.027
111.21,-11.861,-0.014,-1.495,-11.883,-0.000,1.500,0.027
111.23,-11.862,-0.016,-1.495,-11.883,-0.000,1.500,0.027
111.25,-11.862,-0.016,-1.495,-11.883,-0.000,1.500,0.027
111.27,-11.863,-0.017,-1.495,-11.883,-0.000,1.500,0.026
111.29,-11.863,-0.017,-1.495,-11.883,-0.000,1.500,0.026
111.32,-11.864,-0.017,-1.494,-11.883,-0.000,1.500,0.026
111.34,-11.864,-0.017,-1.494,-11.883,-0.000,1.500,0.026
111.36,-11.865,-0.018,-1.494,-11.883,-0.000,1.500,0.026
111.38,-11.865,-0.018,-1.494,-11.883,-0.000,1.500,0.026
111.40,-11.866,-0.019,-1.494,-11.883,-0.000,1.500,0.026
111.42,-11.866,-0.019,-1.494,-11.883,-0.000,1.500,0.026
111.44,-11.866,-0.019,-1.494,-11.883,-0.000,1.500,0.026
111.46,-11.867,-0.020,-1.495,-11.883,-0.000,1.500,0.026
111.48,-11.867,-0.020,-1.495,-11.883,-0.000,1.500,0.026
111.50,-11.868,-0.020,-1.495,-11.883,-0.000,1.500,0.026
111.52,-11.868,-0.020,-1.495,-11.883,-0.000,1.500,0.026
111.55,-11.868,-0.020,-1.495,-11.883,-0.000,1.500,0.026
111.57,-11.868,-0.020,-1.495,-11.883,-0.000,1.500,0.026
111.59,-11.869,-0.020,-1.495,-11.883,-0.000,1.500,0.025
111.61,-11.869,-0.020,-1.495,-11.883,-0.000,1.500,0.025
111.63,-11.869,-0.021,-1.496,-11.883,-0.000,1.500,0.025
111.65,-11.869,-0.021,-1.496,-11.883,-0.000,1.500,0.025
111.67,-11.870,-0.021,-1.496,-11.883,-0.000,1.500,0.025
111.69,-11.870,-0.021,-1.496,-11.883,-0.000,1.500,0.025
111.71,-11.871,-0.021,-1.496,-11.883,-0.000,1.500,0.025
111.73,-11.871,-0.021,-1.496,-11.883,-0.000,1.500,0.025
111.75,-11.872,-0.022,-1.496,-11.883,-0.000,1.500,0.025
111.77,-11.872,-0.022,-1.496,-11.883,-0.000,1.500,0.025
111.79,-11.873,-0.022,-1.496,-11.883,-0.000,1.500,0.025
111.82,-11.873,-0.022,-1.496,-11.883,-0.000,1.500,0.025
111.84,-11.874,-0.022,-1.496,-11.883,-0.000,1.500,0.024
111.86,-11.874,-0.022,-1.496,-11.883,-0.000,1.500,0.024
111.88,-11.875,-0.022,-1.496,-11.883,-0.000,1.500,0.024
111.90,-11.875,-0.022,-1.496,-11.883,-0.000,1.500,0.024
111.92,-11.876,-0.022,-1.495,-11.883,-0.000,1.500,0.023
111.94,-11.876,-0.022,-1.495,-11.883,-0.000,1.500,0.023
111.96,-11.876,-0.022,-1.495,-11.883,-0.000,1.500,0.023
111.98,-11.878,-0.021,-1.495,-11.883,-0.000,1.500,0.022
112.00,-11.878,-0.021,-1.495,-11.883,-0.000,1.500,0.022
112.02,-11.878,-0.021,-1.495,-11.883,-0.000,1.500,0.022
112.04,-11.878,-0.021,-1.495,-11.883,-0.000,1.500,0.022
112.07,-11.879,-0.020,-1.495,-11.883,-0.000,1.500,0.021
112.09,-11.879,-0.020,-1.495,-11.883,-0.000,1.500,0.021
112.11,-11.879,-0.020,-1.495,-11.883,-0.000,1.500,0.021
112.13,-11.879,-0.020,-1.495,-11.883,-0.000,1.500,0.021
112.15,-11.880,-0.019,-1.496,-11.883,-0.000,1.500,0.020
112.17,-11.880,-0.019,-1.496,-11.883,-0.000,1.500,0.020
112.19,-11.880,-0.018,-1.496,-11.883,-0.000,1.500,0.019
112.21,-11.880,-0.018,-1.496,-11.883,-0.000,1.500,0.019
112.23,-11.880,-0.017,-1.496,-11.883,-0.000,1.500,0.018
112.25,-11.880,-0.017,-1.496,-11.883,-0.000,1.500,0.018
112.27,-11.880,-0.016,-1.496,-11.883,-0.000,1.500,0.017
112.29,-11.880,-0.016,-1.496,-11.883,-0.000,1.500,0.017
112.32,-11.880,-0.015,-1.496,-11.883,-0.000,1.500,0.016
112.34,-11.880,-0.015,-1.496,-11.883,-0.000,1.500,0.016
112.36,-11.880,-0.014,-1.495,-11.883,-0.000,1.500,0.015
112.38,-11.880,-0.014,-1.495,-11.883,-0.000,1.500,0.015
112.40,-11.879,-0.013,-1.495,-11.883,-0.000,1.500,0.015
112.42,-11.879,-0.013,-1.495,-11.883,-0.000,1.500,0.015
112.44,-11.879,-0.013,-1.495,-11.883,-0.000,1.500,0.015
112.46,-11.877,-0.012,-1.495,-11.883,-0.000,1.500,0.014
112.48,-11.877,-0.012,-1.495,-11.883,-0.000,1.500,0.014
112.50,-11.876,-0.012,-1.494,-11.883,-0.000,1.500,0.014
112.52,-11.876,-0.012,-1.494,-11.883,-0.000,1.500,0.014
112.54,-11.875,-0.011,-1.494,-11.883,-0.000,1.500,0.014
112.56,-11.875,-0.011,-1.494,-11.883,-0.000,1.500,0.014
112.58,-11.875,-0.010,-1.494,-11.883,-0.000,1.500,0.014
112.61,-11.875,-0.010,-1.494,-11.883,-0.000,1.500,0.014
112.63,-11.874,-0.010,-1.494,-11.883,-0.000,1.500,0.014
112.65,-11.874,-0.010,-1.494,-11.883,-0.000,1.500,0.014
112.67,-11.873,-0.009,-1.494,-11.883,-0.000,1.500,0.015
112.69,-11.873,-0.009,-1.494,-11.883,-0.000,1.500,0.015
112.71,-11.873,-0.009,-1.494,-11.883,-0.000,1.500,0.015
112.73,-11.873,-0.009,-1.494,-11.883,-0.000,1.500,0.015
112.75,-11.872,-0.008,-1.494,-11.883,-0.000,1.500,0.015
112.77,-11.872,-0.008,-1.494,-11.883,-0.000,1.500,0.015
112.79,-11.872,-0.007,-1.494,-11.883,-0.000,1.500,0.014
112.81,-11.872,-0.007,-1.494,-11.883,-0.000,1.500,0.014
112.83,-11.872,-0.006,-1.494,-11.883,-0.000,1.500,0.014
112.85,-11.872,-0.006,-1.494,-11.883,-0.000,1.500,0.014
112.88,-11.872,-0.005,-1.494,-11.883,-0.000,1.500,0.014
112.90,-11.872,-0.005,-1.494,-11.883,-0.000,1.500,0.014
112.92,-11.872,-0.005,-1.494,-11.883,-0.000,1.500,0.013
112.94,-11.872,-0.005,-1.494,-11.883,-0.000,1.500,0.013
112.96,-11.872,-0.005,-1.494,-11.883,-0.000,1.500,0.013
112.98,-11.873,-0.003,-1.493,-11.883,-0.000,1.500,0.012
113.00,-11.873,-0.003,-1.493,-11.883,-0.000,1.500,0.012
113.02,-11.874,-0.003,-1.493,-11.883,-0.000,1.500,0.011
113.04,-11.874,-0.003,-1.493,-11.883,-0.000,1.500,0.011
113.06,-11.875,-0.003,-1.493,-11.883,-0.000,1.500,0.011
113.08,-11.875,-0.003,-1.493,-11.883,-0.000,1.500,0.011
113.11,-11.876,-0.002,-1.494,-11.883,-0.000,1.500,0.010
113.13,-11.876,-0.002,-1.494,-11.883,-0.000,1.500,0.010
113.15,-11.877,-0.002,-1.494,-11.883,-0.000,1.500,0.009
113.17,-11.877,-0.002,-1.494,-11.883,-0.000,1.500,0.009
113.19,-11.878,-0.002,-1.494,-11.883,-0.000,1.500,0.008
113.21,-11.878,-0.002,-1.494,-11.883,-0.000,1.500,0.008
113.23,-11.879,-0.002,-1.494,-11.883,-0.000,1.500,0.007
113.25,-11.879,-0.002,-1.494,-11.883,-0.000,1.500,0.007
113.27,-11.879,-0.001,-1.495,-11.883,-0.000,1.500,0.006
113.29,-11.879,-0.001,-1.495,-11.883,-0.000,1.500,0.006
113.31,-11.880,-0.001,-1.495,-11.883,-0.000,1.500,0.005
113.33,-11.880,-0.001,-1.495,-11.883,-0.000,1.500,0.005
113.35,-11.881,-0.001,-1.496,-11.883,-0.000,1.500,0.004
113.38,-11.881,-0.001,-1.496,-11.883,-0.000,1.500,0.004
113.40,-11.882,0.000,-1.496,-11.883,-0.000,1.500,0.004
113.42,-11.882,0.000,-1.496,-11.883,-0.000,1.500,0.004
113.44,-11.883,0.001,-1.497,-11.883,-0.000,1.500,0.003
113.46,-11.883,0.001,-1.497,-11.883,-0.000,1.500,0.003
113.48,-11.883,0.001,-1.497,-11.883,-0.000,1.500,0.003
113.50,-11.885,0.002,-1.497,-11.883,-0.000,1.500,0.004
113.52,-11.885,0.002,-1.497,-11.883,-0.000,1.500,0.004
113.54,-11.885,0.003,-1.498,-11.883,-0.000,1.500,0.005
113.56,-11.885,0.003,-1.498,-11.883,-0.000,1.500,0.005
113.58,-11.886,0.004,-1.498,-11.883,-0.000,1.500,0.006
113.60,-11.886,0.004,-1.498,-11.883,-0.000,1.500,0.006
113.62,-11.887,0.005,-1.498,-11.883,-0.000,1.500,0.006
113.65,-11.887,0.005,-1.498,-11.883,-0.000,1.500,0.006
113.67,-11.887,0.006,-1.498,-11.883,-0.000,1.500,0.007
113.69,-11.887,0.006,-1.498,-11.883,-0.000,1.500,0.007
113.71,-11.887,0.007,-1.498,-11.883,-0.000,1.500,0.008
113.73,-11.887,0.007,-1.498,-11.883,-0.000,1.500,0.008
113.75,-11.887,0.007,-1.498,-11.883,-0.000,1.500,0.008
113.77,-11.887,0.007,-1.498,-11.883,-0.000,1.500,0.008
113.79,-11.887,0.007,-1.498,-11.883,-0.000,1.500,0.008
113.81,-11.887,0.007,-1.498,-11.883,-0.000,1.500,0.008
113.83,-11.887,0.007,-1.498,-11.883,-0.000,1.500,0.008
113.85,-11.887,0.007,-1.498,-11.883,-0.000,1.500,0.008
113.88,-11.887,0.007,-1.498,-11.883,-0.000,1.500,0.008
113.90,-11.887,0.007,-1.498,-11.883,-0.000,1.500,0.008
113.92,-11.887,0.007,-1.498,-11.883,-0.000,1.500,0.008
113.94,-11.887,0.007,-1.498,-11.883,-0.000,1.500,0.008
113.96,-11.887,0.007,-1.498,-11.883,-0.000,1.500,0.008
113.98,-11.886,0.007,-1.498,-11.883,-0.000,1.500,0.008
114.00,-11.886,0.007,-1.498,-11.883,-0.000,1.500,0.008
114.02,-11.886,0.006,-1.498,-11.883,-0.000,1.500,0.007
114.04,-11.886,0.006,-1.498,-11.883,-0.000,1.500,0.007
114.06,-11.886,0.006,-1.498,-11.883,-0.000,1.500,0.007
114.08,-11.886,0.006,-1.498,-11.883,-0.000,1.500,0.007
114.11,-11.886,0.006,-1.499,-11.883,-0.000,1.500,0.007
114.13,-11.886,0.006,-1.499,-11.883,-0.000,1.500,0.007
114.15,-11.885,0.006,-1.499,-11.883,-0.000,1.500,0.006
114.17,-11.885,0.006,-1.499,-11.883,-0.000,1.500,0.006
114.19,-11.885,0.006,-1.499,-11.883,-0.000,1.500,0.006
114.21,-11.885,0.006,-1.499,-11.883,-0.000,1.500,0.006
114.23,-11.886,0.006,-1.500,-11.883,-0.000,1.500,0.007
114.25,-11.886,0.006,-1.500,-11.883,-0.000,1.500,0.007
114.27,-11.886,0.007,-1.500,-11.883,-0.000,1.500,0.007
114.29,-11.886,0.007,-1.500,-11.883,-0.000,1.500,0.007
114.31,-11.886,0.007,-1.500,-11.883,-0.000,1.500,0.008
114.33,-11.886,0.007,-1.500,-11.883,-0.000,1.500,0.008
114.36,-11.887,0.008,-1.501,-11.883,-0.000,1.500,0.009
114.38,-11.887,0.008,-1.501,-11.883,-0.000,1.500,0.009
114.40,-11.888,0.008,-1.501,-11.883,-0.000,1.500,0.010
114.42,-11.888,0.008,-1.501,-11.883,-0.000,1.500,0.010
114.44,-11.888,0.009,-1.502,-11.883,-0.000,1.500,0.011
114.46,-11.888,0.009,-1.502,-11.883,-0.000,1.500,0.011
114.48,-11.888,0.009,-1.502,-11.883,-0.000,1.500,0.011
114.50,-11.889,0.010,-1.502,-11.883,-0.000,1.500,0.012
114.52,-11.889,0.010,-1.502,-11.883,-0.000,1.500,0.012
114.54,-11.890,0.011,-1.503,-11.883,-0.000,1.500,0.013
114.56,-11.890,0.011,-1.503,-11.883,-0.000,1.500,0.013
114.58,-11.890,0.012,-1.503,-11.883,-0.000,1.500,0.014
114.60,-11.890,0.012,-1.503,-11.883,-0.000,1.500,0.014
114.63,-11.891,0.012,-1.503,-11.883,-0.000,1.500,0.015
114.65,-11.891,0.012,-1.503,-11.883,-0.000,1.500,0.015
114.67,-11.891,0.013,-1.503,-11.883,-0.000,1.500,0.015
114.69,-11.891,0.013,-1.503,-11.883,-0.000,1.500,0.015
114.71,-11.892,0.013,-1.504,-11.883,-0.000,1.500,0.016
114.73,-11.892,0.013,-1.504,-11.883,-0.000,1.500,0.016
114.75,-11.892,0.013,-1.504,-11.883,-0.000,1.500,0.016
114.77,-11.892,0.013,-1.504,-11.883,-0.000,1.500,0.016
114.79,-11.892,0.013,-1.504,-11.883,-0.000,1.500,0.017
114.81,-11.892,0.013,-1.504,-11.883,-0.000,1.500,0.017
114.83,-11.893,0.013,-1.504,-11.883,-0.000,1.500,0.017
114.85,-11.893,0.013,-1.504,-11.883,-0.000,1.500,0.017
114.87,-11.893,0.013,-1.503,-11.883,-0.000,1.500,0.017
114.89,-11.893,0.013,-1.503,-11.883,-0.000,1.500,0.017
114.92,-11.893,0.014,-1.503,-11.883,-0.000,1.500,0.017
114.94,-11.893,0.014,-1.503,-11.883,-0.000,1.500,0.017
114.96,-11.893,0.014,-1.503,-11.883,-0.000,1.500,0.017
114.98,-11.893,0.014,-1.503,-11.883,-0.000,1.500,0.017
115.00,-11.893,0.014,-1.503,-11.883,-0.000,1.500,0.017
115.02,-11.893,0.014,-1.503,-11.883,-0.000,1.500,0.017
115.04,-11.893,0.014,-1.503,-11.883,-0.000,1.500,0.017
115.06,-11.892,0.014,-1.502,-11.883,-0.000,1.500,0.017
115.08,-11.892,0.014,-1.502,-11.883,-0.000,1.500,0.017
115.10,-11.892,0.014,-1.502,-11.883,-0.000,1.500,0.017
115.12,-11.892,0.014,-1.502,-11.883,-0.000,1.500,0.017
115.14,-11.891,0.014,-1.501,-11.883,-0.000,1.500,0.016
115.16,-11.891,0.014,-1.501,-11.883,-0.000,1.500,0.016
115.19,-11.891,0.014,-1.501,-11.883,-0.000,1.500,0.016
115.21,-11.891,0.014,-1.501,-11.883,-0.000,1.500,0.016
115.23,-11.890,0.013,-1.501,-11.883,-0.000,1.500,0.015
115.25,-11.890,0.013,-1.501,-11.883,-0.000,1.500,0.015
115.27,-11.889,0.013,-1.501,-11.883,-0.000,1.500,0.014
115.29,-11.889,0.013,-1.501,-11.883,-0.000,1.500,0.014
115.31,-11.887,0.013,-1.501,-11.883,-0.000,1.500,0.014
115.33,-11.887,0.013,-1.501,-11.883,-0.000,1.500,0.014
115.35,-11.886,0.013,-1.501,-11.883,-0.000,1.500,0.013
115.37,-11.886,0.013,-1.501,-11.883,-0.000,1.500,0.013
115.39,-11.884,0.013,-1.501,-11.883,-0.000,1.500,0.013
115.41,-11.884,0.013,-1.501,-11.883,-0.000,1.500,0.013
115.43,-11.882,0.013,-1.501,-11.883,-0.000,1.500,0.014
115.46,-11.882,0.013,-1.501,-11.883,-0.000,1.500,0.014
115.48,-11.882,0.013,-1.501,-11.883,-0.000,1.500,0.014
115.50,-11.880,0.014,-1.501,-11.883,-0.000,1.500,0.015
115.52,-11.880,0.014,-1.501,-11.883,-0.000,1.500,0.015
115.54,-11.878,0.015,-1.501,-11.883,-0.000,1.500,0.016
115.56,-11.878,0.015,-1.501,-11.883,-0.000,1.500,0.016
115.58,-11.875,0.015,-1.502,-11.883,-0.000,1.500,0.018
115.60,-11.875,0.015,-1.502,-11.883,-0.000,1.500,0.018
115.62,-11.872,0.016,-1.502,-11.883,-0.000,1.500,0.019
115.64,-11.872,0.016,-1.502,-11.883,-0.000,1.500,0.019
115.66,-11.870,0.017,-1.502,-11.883,-0.000,1.500,0.021
115.68,-11.870,0.017,-1.502,-11.883,-0.000,1.500,0.021
115.71,-11.868,0.017,-1.502,-11.883,-0.000,1.500,0.023
115.73,-11.868,0.017,-1.502,-11.883,-0.000,1.500,0.023
115.75,-11.867,0.018,-1.502,-11.883,-0.000,1.500,0.024
115.77,-11.867,0.018,-1.502,-11.883,-0.000,1.500,0.024
115.79,-11.865,0.018,-1.502,-11.883,-0.000,1.500,0.026
115.81,-11.865,0.018,-1.502,-11.883,-0.000,1.500,0.026
115.83,-11.864,0.019,-1.501,-11.883,-0.000,1.500,0.027
115.85,-11.864,0.019,-1.501,-11.883,-0.000,1.500,0.027
115.87,-11.863,0.020,-1.501,-11.883,-0.000,1.500,0.028
115.89,-11.863,0.020,-1.501,-11.883,-0.000,1.500,0.028
115.91,-11.862,0.020,-1.501,-11.883,-0.000,1.500,0.029
115.93,-11.862,0.020,-1.501,-11.883,-0.000,1.500,0.029
115.96,-11.861,0.021,-1.501,-11.883,-0.000,1.500,0.030
115.98,-11.861,0.021,-1.501,-11.883,-0.000,1.500,0.030
116.00,-11.861,0.021,-1.501,-11.883,-0.000,1.500,0.030
116.02,-11.861,0.021,-1.501,-11.883,-0.000,1.500,0.031
116.04,-11.861,0.021,-1.501,-11.883,-0.000,1.500,0.031
116.06,-11.861,0.021,-1.500,-11.883,-0.000,1.500,0.031
116.08,-11.861,0.021,-1.500,-11.883,-0.000,1.500,0.031
116.10,-11.861,0.021,-1.500,-11.883,-0.000,1.500,0.031
116.12,-11.861,0.021,-1.500,-11.883,-0.000,1.500,0.031
116.14,-11.861,0.021,-1.500,-11.883,-0.000,1.500,0.030
116.16,-11.861,0.021,-1.500,-11.883,-0.000,1.500,0.030
116.18,-11.862,0.020,-1.500,-11.883,-0.000,1.500,0.029
116.20,-11.862,0.020,-1.500,-11.883,-0.000,1.500,0.029
116.23,-11.863,0.020,-1.500,-11.883,-0.000,1.500,0.028
116.25,-11.863,0.020,-1.500,-11.883,-0.000,1.500,0.028
116.27,-11.865,0.019,-1.499,-11.883,-0.000,1.500,0.027
116.29,-11.865,0.019,-1.499,-11.883,-0.000,1.500,0.027
116.31,-11.866,0.019,-1.499,-11.883,-0.000,1.500,0.025
116.33,-11.866,0.019,-1.499,-11.883,-0.000,1.500,0.025
116.35,-11.867,0.018,-1.499,-11.883,-0.000,1.500,0.024
116.37,-11.867,0.018,-1.499,-11.883,-0.000,1.500,0.024
116.39,-11.869,0.017,-1.498,-11.883,-0.000,1.500,0.022
116.41,-11.869,0.017,-1.498,-11.883,-0.000,1.500,0.022
116.43,-11.870,0.016,-1.498,-11.883,-0.000,1.500,0.021
116.45,-11.870,0.016,-1.498,-11.883,-0.000,1.500,0.021
116.48,-11.870,0.016,-1.498,-11.883,-0.000,1.500,0.021
116.50,-11.872,0.015,-1.497,-11.883,-0.000,1.500,0.019
116.52,-11.872,0.015,-1.497,-11.883,-0.000,1.500,0.019
116.54,-11.873,0.014,-1.497,-11.883,-0.000,1.500,0.017
116.56,-11.873,0.014,-1.497,-11.883,-0.000,1.500,0.017
116.58,-11.875,0.012,-1.496,-11.883,-0.000,1.500,0.015
116.60,-11.875,0.012,-1.496,-11.883,-0.000,1.500,0.015
116.62,-11.876,0.011,-1.496,-11.883,-0.000,1.500,0.014
116.64,-11.876,0.011,-1.496,-11.883,-0.000,1.500,0.014
116.66,-11.878,0.010,-1.496,-11.883,-0.000,1.500,0.012
116.68,-11.878,0.010,-1.496,-11.883,-0.000,1.500,0.012
116.70,-11.880,0.009,-1.495,-11.883,-0.000,1.500,0.011
116.73,-11.880,0.009,-1.495,-11.883,-0.000,1.500,0.011
116.75,-11.881,0.008,-1.495,-11.883,-0.000,1.500,0.010
116.77,-11.881,0.008,-1.495,-11.883,-0.000,1.500,0.010
116.79,-11.883,0.007,-1.495,-11.883,-0.000,1.500,0.009
116.81,-11.883,0.007,-1.495,-11.883,-0.000,1.500,0.009
116.83,-11.884,0.007,-1.495,-11.883,-0.000,1.500,0.008
116.85,-11.884,0.007,-1.495,-11.883,-0.000,1.500,0.008
116.87,-11.886,0.006,-1.495,-11.883,-0.000,1.500,0.008
116.89,-11.886,0.006,-1.495,-11.883,-0.000,1.500,0.008
116.91,-11.888,0.005,-1.495,-11.883,-0.000,1.500,0.008
116.93,-11.888,0.005,-1.495,-11.883,-0.000,1.500,0.008
116.95,-11.889,0.004,-1.494,-11.883,-0.000,1.500,0.009
116.98,-11.889,0.004,-1.494,-11.883,-0.000,1.500,0.009
117.00,-11.889,0.004,-1.494,-11.883,-0.000,1.500,0.009
117.02,-11.892,0.004,-1.494,-11.883,-0.000,1.500,0.011
117.04,-11.892,0.004,-1.494,-11.883,-0.000,1.500,0.011
117.06,-11.894,0.003,-1.494,-11.883,-0.000,1.500,0.013
117.08,-11.894,0.003,-1.494,-11.883,-0.000,1.500,0.013
117.10,-11.897,0.003,-1.494,-11.883,-0.000,1.500,0.015
117.12,-11.897,0.003,-1.494,-11.883,-0.000,1.500,0.015
117.14,-11.899,0.003,-1.494,-11.883,-0.000,1.500,0.017
117.16,-11.899,0.003,-1.494,-11.883,-0.000,1.500,0.017
117.18,-11.901,0.003,-1.494,-11.883,-0.000,1.500,0.019
117.20,-11.901,0.003,-1.494,-11.883,-0.000,1.500,0.019
117.22,-11.903,0.003,-1.494,-11.883,-0.000,1.500,0.021
117.25,-11.903,0.003,-1.494,-11.883,-0.000,1.500,0.021
117.27,-11.905,0.003,-1.494,-11.883,-0.000,1.500,0.023
117.29,-11.905,0.003,-1.494,-11.883,-0.000,1.500,0.023
117.31,-11.907,0.004,-1.494,-11.883,-0.000,1.500,0.025
117.33,-11.907,0.004,-1.494,-11.883,-0.000,1.500,0.025
117.35,-11.909,0.004,-1.494,-11.883,-0.000,1.500,0.027
117.37,-11.909,0.004,-1.494,-11.883,-0.000,1.500,0.027
117.39,-11.910,0.005,-1.494,-11.883,-0.000,1.500,0.028
117.41,-11.910,0.005,-1.494,-11.883,-0.000,1.500,0.028
117.43,-11.911,0.006,-1.494,-11.883,-0.000,1.500,0.029
117.45,-11.911,0.006,-1.494,-11.883,-0.000,1.500,0.029
117.47,-11.911,0.006,-1.494,-11.883,-0.000,1.500,0.029
117.50,-11.913,0.007,-1.494,-11.883,-0.000,1.500,0.031
117.52,-11.913,0.007,-1.494,-11.883,-0.000,1.500,0.031
117.54,-11.913,0.008,-1.495,-11.883,-0.000,1.500,0.032
117.56,-11.913,0.008,-1.495,-11.883,-0.000,1.500,0.032
117.58,-11.914,0.009,-1.495,-11.883,-0.000,1.500,0.033
117.60,-11.914,0.009,-1.495,-11.883,-0.000,1.500,0.033
117.62,-11.914,0.010,-1.495,-11.883,-0.000,1.500,0.033
117.64,-11.914,0.010,-1.495,-11.883,-0.000,1.500,0.033
117.66,-11.914,0.010,-1.496,-11.883,-0.000,1.500,0.033
117.68,-11.914,0.010,-1.496,-11.883,-0.000,1.500,0.033
117.70,-11.914,0.011,-1.496,-11.883,-0.000,1.500,0.033
117.73,-11.914,0.011,-1.496,-11.883,-0.000,1.500,0.033
117.75,-11.914,0.011,-1.497,-11.883,-0.000,1.500,0.033
117.77,-11.914,0.011,-1.497,-11.883,-0.000,1.500,0.033
117.79,-11.913,0.012,-1.497,-11.883,-0.000,1.500,0.033
117.81,-11.913,0.012,-1.497,-11.883,-0.000,1.500,0.033
117.83,-11.913,0.012,-1.498,-11.883,-0.000,1.500,0.032
117.85,-11.913,0.012,-1.498,-11.883,-0.000,1.500,0.032
117.87,-11.911,0.013,-1.499,-11.883,-0.000,1.500,0.031
117.89,-11.911,0.013,-1.499,-11.883,-0.000,1.500,0.031
117.91,-11.910,0.014,-1.500,-11.883,-0.000,1.500,0.030
117.93,-11.910,0.014,-1.500,-11.883,-0.000,1.500,0.030
117.96,-11.909,0.014,-1.500,-11.883,-0.000,1.500,0.029
117.98,-11.909,0.014,-1.500,-11.883,-0.000,1.500,0.029
118.00,-11.909,0.014,-1.500,-11.883,-0.000,1.500,0.029
118.02,-11.907,0.016,-1.501,-11.883,-0.000,1.500,0.028
118.04,-11.907,0.016,-1.501,-11.883,-0.000,1.500,0.028
118.06,-11.905,0.017,-1.502,-11.883,-0.000,1.500,0.027
118.08,-11.905,0.017,-1.502,-11.883,-0.000,1.500,0.027
118.10,-11.903,0.017,-1.503,-11.883,-0.000,1.500,0.027
118.12,-11.903,0.017,-1.503,-11.883,-0.000,1.500,0.027
118.14,-11.901,0.018,-1.503,-11.883,-0.000,1.500,0.026
118.16,-11.901,0.018,-1.503,-11.883,-0.000,1.500,0.026
118.18,-11.900,0.019,-1.503,-11.883,-0.000,1.500,0.025
118.20,-11.900,0.019,-1.503,-11.883,-0.000,1.500,0.025
118.23,-11.898,0.019,-1.504,-11.883,-0.000,1.500,0.025
118.25,-11.898,0.019,-1.504,-11.883,-0.000,1.500,0.025
118.27,-11.897,0.019,-1.504,-11.883,-0.000,1.500,0.024
118.29,-11.897,0.019,-1.504,-11.883,-0.000,1.500,0.024
118.31,-11.895,0.020,-1.504,-11.883,-0.000,1.500,0.024
118.33,-11.895,0.020,-1.504,-11.883,-0.000,1.500,0.024
118.35,-11.893,0.020,-1.504,-11.883,-0.000,1.500,0.023
118.37,-11.893,0.020,-1.504,-11.883,-0.000,1.500,0.023
118.39,-11.891,0.021,-1.505,-11.883,-0.000,1.500,0.023
118.41,-11.891,0.021,-1.505,-11.883,-0.000,1.500,0.023
118.43,-11.889,0.021,-1.505,-11.883,-0.000,1.500,0.023
118.46,-11.889,0.021,-1.505,-11.883,-0.000,1.500,0.023
118.48,-11.888,0.022,-1.505,-11.883,-0.000,1.500,0.023
118.50,-11.888,0.022,-1.505,-11.883,-0.000,1.500,0.023
118.52,-11.888,0.022,-1.505,-11.883,-0.000,1.500,0.023
118.54,-11.885,0.023,-1.505,-11.883,-0.000,1.500,0.023
118.56,-11.885,0.023,-1.505,-11.883,-0.000,1.500,0.023
118.58,-11.883,0.024,-1.504,-11.883,-0.000,1.500,0.024
118.60,-11.883,0.024,-1.504,-11.883,-0.000,1.500,0.024
118.62,-11.881,0.024,-1.504,-11.883,-0.000,1.500,0.025
118.64,-11.881,0.024,-1.504,-11.883,-0.000,1.500,0.025
118.66,-11.880,0.025,-1.504,-11.883,-0.000,1.500,0.025
118.69,-11.880,0.025,-1.504,-11.883,-0.000,1.500,0.025
118.71,-11.879,0.025,-1.504,-11.883,-0.000,1.500,0.026
118.73,-11.879,0.025,-1.504,-11.883,-0.000,1.500,0.026
118.75,-11.877,0.026,-1.503,-11.883,-0.000,1.500,0.027
118.77,-11.877,0.026,-1.503,-11.883,-0.000,1.500,0.027
118.79,-11.876,0.026,-1.503,-11.883,-0.000,1.500,0.027
118.81,-11.876,0.026,-1.503,-11.883,-0.000,1.500,0.027
118.83,-11.875,0.026,-1.502,-11.883,-0.000,1.500,0.027
118.85,-11.875,0.026,-1.502,-11.883,-0.000,1.500,0.027
118.87,-11.874,0.026,-1.502,-11.883,-0.000,1.500,0.027
118.89,-11.874,0.026,-1.502,-11.883,-0.000,1.500,0.027
118.92,-11.874,0.026,-1.501,-11.883,-0.000,1.500,0.028
118.94,-11.874,0.026,-1.501,-11.883,-0.000,1.500,0.028
118.96,-11.873,0.025,-1.501,-11.883,-0.000,1.500,0.027
118.98,-11.873,0.025,-1.501,-11.883,-0.000,1.500,0.027
119.00,-11.873,0.025,-1.501,-11.883,-0.000,1.500,0.027
119.02,-11.872,0.025,-1.501,-11.883,-0.000,1.500,0.027
119.04,-11.872,0.025,-1.501,-11.883,-0.000,1.500,0.027
119.06,-11.872,0.024,-1.501,-11.883,-0.000,1.500,0.027
119.08,-11.872,0.024,-1.501,-11.883,-0.000,1.500,0.027
119.10,-11.871,0.023,-1.501,-11.883,-0.000,1.500,0.026
119.12,-11.871,0.023,-1.501,-11.883,-0.000,1.500,0.026
119.14,-11.871,0.023,-1.502,-11.883,-0.000,1.500,0.026
119.16,-11.871,0.023,-1.502,-11.883,-0.000,1.500,0.026
119.19,-11.870,0.022,-1.502,-11.883,-0.000,1.500,0.026
119.21,-11.870,0.022,-1.502,-11.883,-0.000,1.500,0.026
119.23,-11.870,0.021,-1.503,-11.883,-0.000,1.500,0.025
119.25,-11.870,0.021,-1.503,-11.883,-0.000,1.500,0.025
119.27,-11.870,0.021,-1.503,-11.883,-0.000,1.500,0.025
119.29,-11.870,0.021,-1.503,-11.883,-0.000,1.500,0.025
119.31,-11.869,0.020,-1.504,-11.883,-0.000,1.500,0.025
119.33,-11.869,0.020,-1.504,-11.883,-0.000,1.500,0.025
119.35,-11.869,0.019,-1.504,-11.883,-0.000,1.500,0.024
119.37,-11.869,0.019,-1.504,-11.883,-0.000,1.500,0.024
119.39,-11.869,0.018,-1.504,-11.883,-0.000,1.500,0.024
119.41,-11.869,0.018,-1.504,-11.883,-0.000,1.500,0.024
119.43,-11.868,0.017,-1.505,-11.883,-0.000,1.500,0.023
119.46,-11.868,0.017,-1.505,-11.883,-0.000,1.500,0.023
119.48,-11.868,0.017,-1.505,-11.883,-0.000,1.500,0.023
119.50,-11.868,0.017,-1.505,-11.883,-0.000,1.500,0.023
119.52,-11.868,0.017,-1.505,-11.883,-0.000,1.500,0.023
119.54,-11.868,0.015,-1.505,-11.883,-0.000,1.500,0.022
119.56,-11.868,0.015,-1.505,-11.883,-0.000,1.500,0.022
119.58,-11.867,0.014,-1.505,-11.883,-0.000,1.500,0.022
119.60,-11.867,0.014,-1.505,-11.883,-0.000,1.500,0.022
119.62,-11.867,0.013,-1.505,-11.883,-0.000,1.500,0.021
119.64,-11.867,0.013,-1.505,-11.883,-0.000,1.500,0.021
119.66,-11.867,0.011,-1.505,-11.883,-0.000,1.500,0.020
119.68,-11.867,0.011,-1.505,-11.883,-0.000,1.500,0.020
119.71,-11.867,0.010,-1.505,-11.883,-0.000,1.500,0.019
119.73,-11.867,0.010,-1.505,-11.883,-0.000,1.500,0.019
119.75,-11.867,0.008,-1.505,-11.883,-0.000,1.500,0.019
119.77,-11.867,0.008,-1.505,-11.883,-0.000,1.500,0.019
119.79,-11.867,0.006,-1.505,-11.883,-0.000,1.500,0.018
119.81,-11.867,0.006,-1.505,-11.883,-0.000,1.500,0.018
119.83,-11.867,0.005,-1.505,-11.883,-0.000,1.500,0.017
119.85,-11.867,0.005,-1.505,-11.883,-0.000,1.500,0.017
119.87,-11.868,0.002,-1.505,-11.883,-0.000,1.500,0.017
119.89,-11.868,0.002,-1.505,-11.883,-0.000,1.500,0.017
119.91,-11.868,0.001,-1.505,-11.883,-0.000,1.500,0.016
119.93,-11.868,0.001,-1.505,-11.883,-0.000,1.500,0.016
119.96,-11.868,-0.001,-1.505,-11.883,-0.000,1.500,0.016
119.98,-11.868,-0.001,-1.505,-11.883,-0.000,1.500,0.016
120.00,-11.868,-0.001,-1.505,-11.883,-0.000,1.500,0.016
120.02,-11.869,-0.004,-1.505,-11.883,-0.000,1.500,0.015
120.04,-11.869,-0.004,-1.505,-11.883,-0.000,1.500,0.015
120.06,-11.869,-0.005,-1.505,-11.883,-0.000,1.500,0.015
120.08,-11.869,-0.005,-1.505,-11.883,-0.000,1.500,0.015
120.10,-11.870,-0.007,-1.504,-11.883,-0.000,1.500,0.016
120.12,-11.870,-0.007,-1.504,-11.883,-0.000,1.500,0.016
120.14,-11.871,-0.008,-1.504,-11.883,-0.000,1.500,0.016
120.16,-11.871,-0.008,-1.504,-11.883,-0.000,1.500,0.016
120.18,-11.871,-0.010,-1.504,-11.883,-0.000,1.500,0.016
120.20,-11.871,-0.010,-1.504,-11.883,-0.000,1.500,0.016
120.23,-11.872,-0.011,-1.504,-11.883,-0.000,1.500,0.016
120.25,-11.872,-0.011,-1.504,-11.883,-0.000,1.500,0.016
120.27,-11.873,-0.012,-1.503,-11.883,-0.000,1.500,0.016
120.29,-11.873,-0.012,-1.503,-11.883,-0.000,1.500,0.016
120.31,-11.874,-0.013,-1.503,-11.883,-0.000,1.500,0.016
120.33,-11.874,-0.013,-1.503,-11.883,-0.000,1.500,0.016
120.35,-11.875,-0.014,-1.502,-11.883,-0.000,1.500,0.017
120.37,-11.875,-0.014,-1.502,-11.883,-0.000,1.500,0.017
120.39,-11.876,-0.015,-1.501,-11.883,-0.000,1.500,0.017
120.41,-11.876,-0.015,-1.501,-11.883,-0.000,1.500,0.017
120.43,-11.877,-0.016,-1.500,-11.883,-0.000,1.500,0.018
120.45,-11.877,-0.016,-1.500,-11.883,-0.000,1.500,0.018
120.47,-11.877,-0.017,-1.499,-11.883,-0.000,1.500,0.018
120.50,-11.877,-0.017,-1.499,-11.883,-0.000,1.500,0.018
120.52,-11.877,-0.017,-1.499,-11.883,-0.000,1.500,0.018
120.54,-11.879,-0.018,-1.498,-11.883,-0.000,1.500,0.019
120.56,-11.879,-0.018,-1.498,-11.883,-0.000,1.500,0.019
120.58,-11.880,-0.019,-1.497,-11.883,-0.000,1.500,0.019
120.60,-11.880,-0.019,-1.497,-11.883,-0.000,1.500,0.019
120.62,-11.881,-0.020,-1.496,-11.883,-0.000,1.500,0.020
120.64,-11.881,-0.020,-1.496,-11.883,-0.000,1.500,0.020
120.66,-11.882,-0.020,-1.494,-11.883,-0.000,1.500,0.021
120.68,-11.882,-0.020,-1.494,-11.883,-0.000,1.500,0.021
120.70,-11.883,-0.020,-1.493,-11.883,-0.000,1.500,0.021
120.72,-11.883,-0.020,-1.493,-11.883,-0.000,1.500,0.021
120.74,-11.883,-0.020,-1.492,-11.883,-0.000,1.500,0.021
120.77,-11.883,-0.020,-1.492,-11.883,-0.000,1.500,0.021
120.79,-11.884,-0.020,-1.491,-11.883,-0.000,1.500,0.022
120.81,-11.884,-0.020,-1.491,-11.883,-0.000,1.500,0.022
120.83,-11.885,-0.019,-1.490,-11.883,-0.000,1.500,0.022
120.85,-11.885,-0.019,-1.490,-11.883,-0.000,1.500,0.022
120.87,-11.886,-0.019,-1.489,-11.883,-0.000,1.500,0.022
120.89,-11.886,-0.019,-1.489,-11.883,-0.000,1.500,0.022
120.91,-11.887,-0.018,-1.488,-11.883,-0.000,1.500,0.022
120.93,-11.887,-0.018,-1.488,-11.883,-0.000,1.500,0.022
120.95,-11.888,-0.018,-1.486,-11.883,-0.000,1.500,0.023
120.97,-11.888,-0.018,-1.486,-11.883,-0.000,1.500,0.023
120.99,-11.889,-0.017,-1.485,-11.883,-0.000,1.500,0.023
121.01,-11.889,-0.017,-1.485,-11.883,-0.000,1.500,0.023
121.04,-11.889,-0.017,-1.485,-11.883,-0.000,1.500,0.023
121.06,-11.890,-0.015,-1.483,-11.883,-0.000,1.500,0.024
121.08,-11.890,-0.015,-1.483,-11.883,-0.000,1.500,0.024
121.10,-11.891,-0.015,-1.482,-11.883,-0.000,1.500,0.024
121.12,-11.891,-0.015,-1.482,-11.883,-0.000,1.500,0.024
121.14,-11.892,-0.013,-1.481,-11.883,-0.000,1.500,0.025
121.16,-11.892,-0.013,-1.481,-11.883,-0.000,1.500,0.025
121.18,-11.893,-0.012,-1.480,-11.883,-0.000,1.500,0.025
121.20,-11.893,-0.012,-1.480,-11.883,-0.000,1.500,0.025
121.22,-11.894,-0.011,-1.479,-11.883,-0.000,1.500,0.025
121.24,-11.894,-0.011,-1.479,-11.883,-0.000,1.500,0.025
121.27,-11.894,-0.009,-1.478,-11.883,-0.000,1.500,0.026
121.29,-11.894,-0.009,-1.478,-11.883,-0.000,1.500,0.026
121.31,-11.894,-0.008,-1.478,-11.883,-0.000,1.500,0.026
121.33,-11.894,-0.008,-1.478,-11.883,-0.000,1.500,0.026
121.35,-11.894,-0.007,-1.477,-11.883,-0.000,1.500,0.026
121.37,-11.894,-0.007,-1.477,-11.883,-0.000,1.500,0.026
121.39,-11.894,-0.005,-1.477,-11.883,-0.000,1.500,0.026
121.41,-11.894,-0.005,-1.477,-11.883,-0.000,1.500,0.026
121.43,-11.893,-0.004,-1.476,-11.883,-0.000,1.500,0.026
121.45,-11.893,-0.004,-1.476,-11.883,-0.000,1.500,0.026
121.47,-11.893,-0.003,-1.476,-11.883,-0.000,1.500,0.026
121.49,-11.893,-0.003,-1.476,-11.883,-0.000,1.500,0.026
121.51,-11.893,-0.003,-1.476,-11.883,-0.000,1.500,0.026
121.54,-11.892,-0.001,-1.475,-11.883,-0.000,1.500,0.026
121.56,-11.892,-0.001,-1.475,-11.883,-0.000,1.500,0.026
121.58,-11.891,-0.000,-1.475,-11.883,-0.000,1.500,0.026
121.60,-11.891,-0.000,-1.475,-11.883,-0.000,1.500,0.026
121.62,-11.891,0.001,-1.475,-11.883,-0.000,1.500,0.026
121.64,-11.891,0.001,-1.475,-11.883,-0.000,1.500,0.026
121.66,-11.890,0.002,-1.475,-11.883,-0.000,1.500,0.025
121.68,-11.890,0.002,-1.475,-11.883,-0.000,1.500,0.025
121.70,-11.889,0.002,-1.475,-11.883,-0.000,1.500,0.025
121.72,-11.889,0.002,-1.475,-11.883,-0.000,1.500,0.025
121.74,-11.888,0.003,-1.476,-11.883,-0.000,1.500,0.025
121.76,-11.888,0.003,-1.476,-11.883,-0.000,1.500,0.025
121.79,-11.888,0.004,-1.476,-11.883,-0.000,1.500,0.025
121.81,-11.888,0.004,-1.476,-11.883,-0.000,1.500,0.025
121.83,-11.888,0.004,-1.476,-11.883,-0.000,1.500,0.024
121.85,-11.888,0.004,-1.476,-11.883,-0.000,1.500,0.024
121.87,-11.887,0.004,-1.476,-11.883,-0.000,1.500,0.024
121.89,-11.887,0.004,-1.476,-11.883,-0.000,1.500,0.024
121.91,-11.887,0.004,-1.477,-11.883,-0.000,1.500,0.024
121.93,-11.887,0.004,-1.477,-11.883,-0.000,1.500,0.024
121.95,-11.887,0.004,-1.477,-11.883,-0.000,1.500,0.023
121.97,-11.887,0.004,-1.477,-11.883,-0.000,1.500,0.023
121.99,-11.887,0.004,-1.478,-11.883,-0.000,1.500,0.022
122.01,-11.887,0.004,-1.478,-11.883,-0.000,1.500,0.022
122.03,-11.887,0.004,-1.478,-11.883,-0.000,1.500,0.022
122.06,-11.886,0.003,-1.479,-11.883,-0.000,1.500,0.021
122.08,-11.886,0.003,-1.479,-11.883,-0.000,1.500,0.021
122.10,-11.886,0.003,-1.479,-11.883,-0.000,1.500,0.021
122.12,-11.886,0.003,-1.479,-11.883,-0.000,1.500,0.021
122.14,-11.886,0.002,-1.480,-11.883,-0.000,1.500,0.020
122.16,-11.886,0.002,-1.480,-11.883,-0.000,1.500,0.020
122.18,-11.886,0.002,-1.480,-11.883,-0.000,1.500,0.020
122.20,-11.886,0.002,-1.480,-11.883,-0.000,1.500,0.020
122.22,-11.886,0.001,-1.481,-11.883,-0.000,1.500,0.019
122.24,-11.886,0.001,-1.481,-11.883,-0.000,1.500,0.019
122.26,-11.887,0.000,-1.482,-11.883,-0.000,1.500,0.019
122.28,-11.887,0.000,-1.482,-11.883,-0.000,1.500,0.019
122.30,-11.887,-0.000,-1.482,-11.883,-0.000,1.500,0.018
122.33,-11.887,-0.000,-1.482,-11.883,-0.000,1.500,0.018
122.35,-11.887,-0.001,-1.483,-11.883,-0.000,1.500,0.017
122.37,-11.887,-0.001,-1.483,-11.883,-0.000,1.500,0.017
122.39,-11.888,-0.002,-1.484,-11.883,-0.000,1.500,0.017
122.41,-11.888,-0.002,-1.484,-11.883,-0.000,1.500,0.017
122.43,-11.888,-0.002,-1.485,-11.883,-0.000,1.500,0.016
122.45,-11.888,-0.002,-1.485,-11.883,-0.000,1.500,0.016
122.47,-11.889,-0.003,-1.486,-11.883,-0.000,1.500,0.015
122.49,-11.889,-0.003,-1.486,-11.883,-0.000,1.500,0.015
122.51,-11.890,-0.005,-1.487,-11.883,-0.000,1.500,0.015
122.53,-11.890,-0.005,-1.487,-11.883,-0.000,1.500,0.015
122.55,-11.890,-0.005,-1.487,-11.883,-0.000,1.500,0.015
122.57,-11.890,-0.006,-1.488,-11.883,-0.000,1.500,0.015
122.60,-11.890,-0.006,-1.488,-11.883,-0.000,1.500,0.015
122.62,-11.891,-0.007,-1.489,-11.883,-0.000,1.500,0.015
122.64,-11.891,-0.007,-1.489,-11.883,-0.000,1.500,0.015
122.66,-11.891,-0.008,-1.490,-11.883,-0.000,1.500,0.015
122.68,-11.891,-0.008,-1.490,-11.883,-0.000,1.500,0.015
122.70,-11.891,-0.008,-1.491,-11.883,-0.000,1.500,0.015
122.72,-11.891,-0.008,-1.491,-11.883,-0.000,1.500,0.015
122.74,-11.892,-0.009,-1.492,-11.883,-0.000,1.500,0.015
122.76,-11.892,-0.009,-1.492,-11.883,-0.000,1.500,0.015
122.78,-11.892,-0.010,-1.493,-11.883,-0.000,1.500,0.015
122.80,-11.892,-0.010,-1.493,-11.883,-0.000,1.500,0.015
122.82,-11.892,-0.010,-1.494,-11.883,-0.000,1.500,0.015
122.84,-11.892,-0.010,-1.494,-11.883,-0.000,1.500,0.015
122.87,-11.892,-0.011,-1.495,-11.883,-0.000,1.500,0.015
122.89,-11.892,-0.011,-1.495,-11.883,-0.000,1.500,0.015
122.91,-11.893,-0.011,-1.495,-11.883,-0.000,1.500,0.015
122.93,-11.893,-0.011,-1.495,-11.883,-0.000,1.500,0.015
122.95,-11.893,-0.011,-1.496,-11.883,-0.000,1.500,0.015
122.97,-11.893,-0.011,-1.496,-11.883,-0.000,1.500,0.015
122.99,-11.893,-0.011,-1.497,-11.883,-0.000,1.500,0.015
123.01,-11.893,-0.011,-1.497,-11.883,-0.000,1.500,0.015
123.03,-11.893,-0.011,-1.497,-11.883,-0.000,1.500,0.015
123.05,-11.894,-0.011,-1.498,-11.883,-0.000,1.500,0.015
123.08,-11.894,-0.011,-1.498,-11.883,-0.000,1.500,0.015
123.10,-11.894,-0.011,-1.498,-11.883,-0.000,1.500,0.016
123.12,-11.894,-0.011,-1.498,-11.883,-0.000,1.500,0.016
123.14,-11.894,-0.011,-1.499,-11.883,-0.000,1.500,0.016
123.16,-11.894,-0.011,-1.499,-11.883,-0.000,1.500,0.016
123.18,-11.895,-0.011,-1.499,-11.883,-0.000,1.500,0.016
123.20,-11.895,-0.011,-1.499,-11.883,-0.000,1.500,0.016
123.22,-11.895,-0.011,-1.500,-11.883,-0.000,1.500,0.016
123.24,-11.895,-0.011,-1.500,-11.883,-0.000,1.500,0.016
123.26,-11.895,-0.011,-1.500,-11.883,-0.000,1.500,0.016
123.28,-11.895,-0.011,-1.500,-11.883,-0.000,1.500,0.016
123.30,-11.895,-0.010,-1.500,-11.883,-0.000,1.500,0.016
123.32,-11.895,-0.010,-1.500,-11.883,-0.000,1.500,0.016
123.35,-11.895,-0.010,-1.501,-11.883,-0.000,1.500,0.016
123.37,-11.895,-0.010,-1.501,-11.883,-0.000,1.500,0.016
123.39,-11.895,-0.010,-1.501,-11.883,-0.000,1.500,0.015
123.41,-11.895,-0.010,-1.501,-11.883,-0.000,1.500,0.015
123.43,-11.895,-0.009,-1.501,-11.883,-0.000,1.500,0.015
123.45,-11.895,-0.009,-1.501,-11.883,-0.000,1.500,0.015
123.47,-11.895,-0.009,-1.501,-11.883,-0.000,1.500,0.015
123.49,-11.895,-0.009,-1.501,-11.883,-0.000,1.500,0.015
123.51,-11.894,-0.008,-1.502,-11.883,-0.000,1.500,0.014
123.53,-11.894,-0.008,-1.502,-11.883,-0.000,1.500,0.014
123.55,-11.894,-0.008,-1.502,-11.883,-0.000,1.500,0.014
123.57,-11.894,-0.007,-1.503,-11.883,-0.000,1.500,0.013
123.59,-11.894,-0.007,-1.503,-11.883,-0.000,1.500,0.013
123.62,-11.893,-0.006,-1.503,-11.883,-0.000,1.500,0.012
123.64,-11.893,-0.006,-1.503,-11.883,-0.000,1.500,0.012
123.66,-11.892,-0.005,-1.504,-11.883,-0.000,1.500,0.011
123.68,-11.892,-0.005,-1.504,-11.883,-0.000,1.500,0.011
123.70,-11.892,-0.004,-1.505,-11.883,-0.000,1.500,0.011
123.72,-11.892,-0.004,-1.505,-11.883,-0.000,1.500,0.011
123.74,-11.891,-0.003,-1.506,-11.883,-0.000,1.500,0.010
123.76,-11.891,-0.003,-1.506,-11.883,-0.000,1.500,0.010
123.78,-11.891,-0.002,-1.507,-11.883,-0.000,1.500,0.010
123.80,-11.891,-0.002,-1.507,-11.883,-0.000,1.500,0.010
123.82,-11.890,-0.001,-1.508,-11.883,-0.000,1.500,0.011
123.84,-11.890,-0.001,-1.508,-11.883,-0.000,1.500,0.011
123.87,-11.890,0.000,-1.508,-11.883,-0.000,1.500,0.011
123.89,-11.890,0.000,-1.508,-11.883,-0.000,1.500,0.011
123.91,-11.890,0.001,-1.509,-11.883,-0.000,1.500,0.012
123.93,-11.890,0.001,-1.509,-11.883,-0.000,1.500,0.012
123.95,-11.890,0.003,-1.510,-11.883,-0.000,1.500,0.013
123.97,-11.890,0.003,-1.510,-11.883,-0.000,1.500,0.013
123.99,-11.890,0.004,-1.510,-11.883,-0.000,1.500,0.013
124.01,-11.890,0.004,-1.510,-11.883,-0.000,1.500,0.013
124.03,-11.890,0.004,-1.510,-11.883,-0.000,1.500,0.013
124.05,-11.891,0.006,-1.511,-11.883,-0.000,1.500,0.015
124.07,-11.891,0.006,-1.511,-11.883,-0.000,1.500,0.015
124.09,-11.891,0.007,-1.512,-11.883,-0.000,1.500,0.016
124.12,-11.891,0.007,-1.512,-11.883,-0.000,1.500,0.016
124.14,-11.891,0.008,-1.512,-11.883,-0.000,1.500,0.017
124.16,-11.891,0.008,-1.512,-11.883,-0.000,1.500,0.017
124.18,-11.892,0.009,-1.513,-11.883,-0.000,1.500,0.018
124.20,-11.892,0.009,-1.513,-11.883,-0.000,1.500,0.018
124.22,-11.892,0.010,-1.513,-11.883,-0.000,1.500,0.019
124.24,-11.892,0.010,-1.513,-11.883,-0.000,1.500,0.019
124.26,-11.892,0.011,-1.513,-11.883,-0.000,1.500,0.019
124.28,-11.892,0.011,-1.513,-11.883,-0.000,1.500,0.019
124.30,-11.892,0.012,-1.513,-11.883,-0.000,1.500,0.020
124.32,-11.892,0.012,-1.513,-11.883,-0.000,1.500,0.020
124.35,-11.892,0.013,-1.513,-11.883,-0.000,1.500,0.020
124.37,-11.892,0.013,-1.513,-11.883,-0.000,1.500,0.020
124.39,-11.891,0.013,-1.513,-11.883,-0.000,1.500,0.020
124.41,-11.891,0.013,-1.513,-11.883,-0.000,1.500,0.020
124.43,-11.891,0.014,-1.513,-11.883,-0.000,1.500,0.020
124.45,-11.891,0.014,-1.513,-11.883,-0.000,1.500,0.020
124.47,-11.891,0.014,-1.512,-11.883,-0.000,1.500,0.020
124.49,-11.891,0.014,-1.512,-11.883,-0.000,1.500,0.020
124.51,-11.891,0.014,-1.512,-11.883,-0.000,1.500,0.020
124.53,-11.891,0.014,-1.512,-11.883,-0.000,1.500,0.020
124.55,-11.891,0.014,-1.512,-11.883,-0.000,1.500,0.020
124.57,-11.891,0.014,-1.512,-11.883,-0.000,1.500,0.020
124.59,-11.891,0.014,-1.512,-11.883,-0.000,1.500,0.020
124.61,-11.891,0.014,-1.512,-11.883,-0.000,1.500,0.020
124.64,-11.891,0.014,-1.512,-11.883,-0.000,1.500,0.020
124.66,-11.891,0.014,-1.512,-11.883,-0.000,1.500,0.020
124.68,-11.891,0.014,-1.512,-11.883,-0.000,1.500,0.020
124.70,-11.891,0.014,-1.512,-11.883,-0.000,1.500,0.020
124.72,-11.891,0.014,-1.512,-11.883,-0.000,1.500,0.020
124.74,-11.891,0.013,-1.512,-11.883,-0.000,1.500,0.019
124.76,-11.891,0.013,-1.512,-11.883,-0.000,1.500,0.019
124.78,-11.891,0.012,-1.511,-11.883,-0.000,1.500,0.019
124.80,-11.891,0.012,-1.511,-11.883,-0.000,1.500,0.019
124.82,-11.891,0.012,-1.511,-11.883,-0.000,1.500,0.018
124.84,-11.891,0.012,-1.511,-11.883,-0.000,1.500,0.018
124.86,-11.891,0.011,-1.511,-11.883,-0.000,1.500,0.018
124.88,-11.891,0.011,-1.511,-11.883,-0.000,1.500,0.018
124.91,-11.891,0.011,-1.510,-11.883,-0.000,1.500,0.017
124.93,-11.891,0.011,-1.510,-11.883,-0.000,1.500,0.017
124.95,-11.892,0.010,-1.510,-11.883,-0.000,1.500,0.017
124.97,-11.892,0.010,-1.510,-11.883,-0.000,1.500,0.017
124.99,-11.892,0.010,-1.509,-11.883,-0.000,1.500,0.016
125.01,-11.892,0.010,-1.509,-11.883,-0.000,1.500,0.016
125.03,-11.893,0.009,-1.509,-11.883,-0.000,1.500,0.016
125.05,-11.893,0.009,-1.509,-11.883,-0.000,1.500,0.016
125.07,-11.893,0.009,-1.509,-11.883,-0.000,1.500,0.016
125.09,-11.893,0.008,-1.508,-11.883,-0.000,1.500,0.015
125.11,-11.893,0.008,-1.508,-11.883,-0.000,1.500,0.015
125.13,-11.894,0.008,-1.507,-11.883,-0.000,1.500,0.015
125.16,-11.894,0.008,-1.507,-11.883,-0.000,1.500,0.015
125.18,-11.895,0.007,-1.507,-11.883,-0.000,1.500,0.015
125.20,-11.895,0.007,-1.507,-11.883,-0.000,1.500,0.015
125.22,-11.895,0.007,-1.507,-11.883,-0.000,1.500,0.015
125.24,-11.895,0.007,-1.507,-11.883,-0.000,1.500,0.015
125.26,-11.896,0.006,-1.507,-11.883,-0.000,1.500,0.016
125.28,-11.896,0.006,-1.507,-11.883,-0.000,1.500,0.016
125.30,-11.896,0.006,-1.507,-11.883,-0.000,1.500,0.016
125.32,-11.896,0.006,-1.507,-11.883,-0.000,1.500,0.016
125.34,-11.896,0.005,-1.507,-11.883,-0.000,1.500,0.016
125.36,-11.896,0.005,-1.507,-11.883,-0.000,1.500,0.016
125.38,-11.895,0.005,-1.508,-11.883,-0.000,1.500,0.016
125.40,-11.895,0.005,-1.508,-11.883,-0.000,1.500,0.016
125.43,-11.895,0.005,-1.508,-11.883,-0.000,1.500,0.015
125.45,-11.895,0.005,-1.508,-11.883,-0.000,1.500,0.015
125.47,-11.894,0.005,-1.509,-11.883,-0.000,1.500,0.015
125.49,-11.894,0.005,-1.509,-11.883,-0.000,1.500,0.015
125.51,-11.894,0.005,-1.509,-11.883,-0.000,1.500,0.015
125.53,-11.894,0.005,-1.509,-11.883,-0.000,1.500,0.015
125.55,-11.894,0.005,-1.509,-11.883,-0.000,1.500,0.015
125.57,-11.893,0.006,-1.511,-11.883,-0.000,1.500,0.015
125.59,-11.893,0.006,-1.511,-11.883,-0.000,1.500,0.015
125.61,-11.891,0.006,-1.512,-11.883,-0.000,1.500,0.016
125.63,-11.891,0.006,-1.512,-11.883,-0.000,1.500,0.016
125.65,-11.890,0.007,-1.513,-11.883,-0.000,1.500,0.016
125.67,-11.890,0.007,-1.513,-11.883,-0.000,1.500,0.016
125.70,-11.889,0.007,-1.514,-11.883,-0.000,1.500,0.017
125.72,-11.889,0.007,-1.514,-11.883,-0.000,1.500,0.017
125.74,-11.888,0.007,-1.515,-11.883,-0.000,1.500,0.018
125.76,-11.888,0.007,-1.515,-11.883,-0.000,1.500,0.018
125.78,-11.886,0.008,-1.516,-11.883,-0.000,1.500,0.019
125.80,-11.886,0.008,-1.516,-11.883,-0.000,1.500,0.019
125.82,-11.885,0.008,-1.517,-11.883,-0.000,1.500,0.019
125.84,-11.885,0.008,-1.517,-11.883,-0.000,1.500,0.019
125.86,-11.883,0.009,-1.518,-11.883,-0.000,1.500,0.020
125.88,-11.883,0.009,-1.518,-11.883,-0.000,1.500,0.020
125.91,-11.882,0.009,-1.519,-11.883,-0.000,1.500,0.021
125.93,-11.882,0.009,-1.519,-11.883,-0.000,1.500,0.021
125.95,-11.881,0.009,-1.519,-11.883,-0.000,1.500,0.022
125.97,-11.881,0.009,-1.519,-11.883,-0.000,1.500,0.022
125.99,-11.880,0.009,-1.520,-11.883,-0.000,1.500,0.023
126.01,-11.880,0.009,-1.520,-11.883,-0.000,1.500,0.023
126.03,-11.879,0.010,-1.520,-11.883,-0.000,1.500,0.023
126.05,-11.879,0.010,-1.520,-11.883,-0.000,1.500,0.023
126.07,-11.879,0.010,-1.520,-11.883,-0.000,1.500,0.023
126.09,-11.878,0.010,-1.521,-11.883,-0.000,1.500,0.024
126.11,-11.878,0.010,-1.521,-11.883,-0.000,1.500,0.024
126.13,-11.878,0.010,-1.521,-11.883,-0.000,1.500,0.024
126.15,-11.878,0.010,-1.521,-11.883,-0.000,1.500,0.024
126.18,-11.877,0.011,-1.521,-11.883,-0.000,1.500,0.025
126.20,-11.877,0.011,-1.521,-11.883,-0.000,1.500,0.025
126.22,-11.877,0.011,-1.521,-11.883,-0.000,1.500,0.025
126.24,-11.877,0.011,-1.521,-11.883,-0.000,1.500,0.025
126.26,-11.877,0.012,-1.521,-11.883,-0.000,1.500,0.025
126.28,-11.877,0.012,-1.521,-11.883,-0.000,1.500,0.025
126.30,-11.877,0.013,-1.521,-11.883,-0.000,1.500,0.026
126.32,-11.877,0.013,-1.521,-11.883,-0.000,1.500,0.026
126.34,-11.877,0.014,-1.521,-11.883,-0.000,1.500,0.026
126.36,-11.877,0.014,-1.521,-11.883,-0.000,1.500,0.026
126.39,-11.877,0.015,-1.521,-11.883,-0.000,1.500,0.026
126.41,-11.877,0.015,-1.521,-11.883,-0.000,1.500,0.026
126.43,-11.878,0.016,-1.521,-11.883,-0.000,1.500,0.027
126.45,-11.878,0.016,-1.521,-11.883,-0.000,1.500,0.027
126.47,-11.878,0.017,-1.520,-11.883,-0.000,1.500,0.027
126.49,-11.878,0.017,-1.520,-11.883,-0.000,1.500,0.027
126.51,-11.879,0.018,-1.520,-11.883,-0.000,1.500,0.027
126.53,-11.879,0.018,-1.520,-11.883,-0.000,1.500,0.027
126.55,-11.879,0.018,-1.520,-11.883,-0.000,1.500,0.027
126.57,-11.879,0.019,-1.519,-11.883,-0.000,1.500,0.028
126.59,-11.879,0.019,-1.519,-11.883,-0.000,1.500,0.028
126.61,-11.879,0.020,-1.519,-11.883,-0.000,1.500,0.028
126.63,-11.879,0.020,-1.519,-11.883,-0.000,1.500,0.028
126.66,-11.879,0.020,-1.519,-11.883,-0.000,1.500,0.028
126.68,-11.879,0.020,-1.519,-11.883,-0.000,1.500,0.028
126.70,-11.879,0.020,-1.519,-11.883,-0.000,1.500,0.028
126.72,-11.879,0.020,-1.519,-11.883,-0.000,1.500,0.028
126.74,-11.879,0.020,-1.519,-11.883,-0.000,1.500,0.028
126.76,-11.879,0.020,-1.519,-11.883,-0.000,1.500,0.028
126.78,-11.878,0.020,-1.519,-11.883,-0.000,1.500,0.028
126.80,-11.878,0.020,-1.519,-11.883,-0.000,1.500,0.028
126.82,-11.878,0.020,-1.519,-11.883,-0.000,1.500,0.028
126.84,-11.878,0.020,-1.519,-11.883,-0.000,1.500,0.028
126.86,-11.877,0.020,-1.519,-11.883,-0.000,1.500,0.028
126.88,-11.877,0.020,-1.519,-11.883,-0.000,1.500,0.028
126.90,-11.876,0.019,-1.519,-11.883,-0.000,1.500,0.028
126.92,-11.876,0.019,-1.519,-11.883,-0.000,1.500,0.028
126.95,-11.875,0.019,-1.519,-11.883,-0.000,1.500,0.028
126.97,-11.875,0.019,-1.519,-11.883,-0.000,1.500,0.028
126.99,-11.874,0.018,-1.518,-11.883,-0.000,1.500,0.028
127.01,-11.874,0.018,-1.518,-11.883,-0.000,1.500,0.028
127.03,-11.873,0.018,-1.518,-11.883,-0.000,1.500,0.027
127.05,-11.873,0.018,-1.518,-11.883,-0.000,1.500,0.027
127.07,-11.873,0.018,-1.518,-11.883,-0.000,1.500,0.027
127.09,-11.872,0.017,-1.517,-11.883,-0.000,1.500,0.027
127.11,-11.872,0.017,-1.517,-11.883,-0.000,1.500,0.027
127.13,-11.872,0.016,-1.517,-11.883,-0.000,1.500,0.026
127.15,-11.872,0.016,-1.517,-11.883,-0.000,1.500,0.026
127.17,-11.871,0.015,-1.516,-11.883,-0.000,1.500,0.026
127.20,-11.871,0.015,-1.516,-11.883,-0.000,1.500,0.026
127.22,-11.871,0.015,-1.516,-11.883,-0.000,1.500,0.025
127.24,-11.871,0.015,-1.516,-11.883,-0.000,1.500,0.025
127.26,-11.870,0.014,-1.515,-11.883,-0.000,1.500,0.025
127.28,-11.870,0.014,-1.515,-11.883,-0.000,1.500,0.025
127.30,-11.869,0.013,-1.515,-11.883,-0.000,1.500,0.024
127.32,-11.869,0.013,-1.515,-11.883,-0.000,1.500,0.024
127.34,-11.869,0.011,-1.515,-11.883,-0.000,1.500,0.024
127.36,-11.869,0.011,-1.515,-11.883,-0.000,1.500,0.024
127.38,-11.868,0.010,-1.514,-11.883,-0.000,1.500,0.023
127.40,-11.868,0.010,-1.514,-11.883,-0.000,1.500,0.023
127.42,-11.868,0.009,-1.514,-11.883,-0.000,1.500,0.023
127.45,-11.868,0.009,-1.514,-11.883,-0.000,1.500,0.023
127.47,-11.867,0.008,-1.513,-11.883,-0.000,1.500,0.023
127.49,-11.867,0.008,-1.513,-11.883,-0.000,1.500,0.023
127.51,-11.867,0.007,-1.513,-11.883,-0.000,1.500,0.022
127.53,-11.867,0.007,-1.513,-11.883,-0.000,1.500,0.022
127.55,-11.867,0.006,-1.512,-11.883,-0.000,1.500,0.021
127.57,-11.867,0.006,-1.512,-11.883,-0.000,1.500,0.021
127.59,-11.867,0.006,-1.512,-11.883,-0.000,1.500,0.021
127.61,-11.867,0.005,-1.511,-11.883,-0.000,1.500,0.020
127.63,-11.867,0.005,-1.511,-11.883,-0.000,1.500,0.020
127.65,-11.867,0.004,-1.510,-11.883,-0.000,1.500,0.019
127.67,-11.867,0.004,-1.510,-11.883,-0.000,1.500,0.019
127.70,-11.867,0.003,-1.509,-11.883,-0.000,1.500,0.019
127.72,-11.867,0.003,-1.509,-11.883,-0.000,1.500,0.019
127.74,-11.868,0.002,-1.508,-11.883,-0.000,1.500,0.018
127.76,-11.868,0.002,-1.508,-11.883,-0.000,1.500,0.018
127.78,-11.868,0.001,-1.508,-11.883,-0.000,1.500,0.017
127.80,-11.868,0.001,-1.508,-11.883,-0.000,1.500,0.017
127.82,-11.869,-0.000,-1.506,-11.883,-0.000,1.500,0.015
127.84,-11.869,-0.000,-1.506,-11.883,-0.000,1.500,0.015
127.86,-11.870,-0.001,-1.506,-11.883,-0.000,1.500,0.014
127.88,-11.870,-0.001,-1.506,-11.883,-0.000,1.500,0.014
127.90,-11.871,-0.001,-1.505,-11.883,-0.000,1.500,0.013
127.92,-11.871,-0.001,-1.505,-11.883,-0.000,1.500,0.013
127.94,-11.872,-0.002,-1.504,-11.883,-0.000,1.500,0.012
127.97,-11.872,-0.002,-1.504,-11.883,-0.000,1.500,0.012
127.99,-11.873,-0.002,-1.503,-11.883,-0.000,1.500,0.011
128.01,-11.873,-0.002,-1.503,-11.883,-0.000,1.500,0.011
128.03,-11.874,-0.003,-1.503,-11.883,-0.000,1.500,0.010
128.05,-11.874,-0.003,-1.503,-11.883,-0.000,1.500,0.010
128.07,-11.874,-0.003,-1.503,-11.883,-0.000,1.500,0.010
128.09,-11.875,-0.003,-1.502,-11.883,-0.000,1.500,0.009
128.11,-11.875,-0.003,-1.502,-11.883,-0.000,1.500,0.009
128.13,-11.877,-0.003,-1.501,-11.883,-0.000,1.500,0.007
128.15,-11.877,-0.003,-1.501,-11.883,-0.000,1.500,0.007
128.17,-11.878,-0.004,-1.501,-11.883,-0.000,1.500,0.006
128.20,-11.878,-0.004,-1.501,-11.883,-0.000,1.500,0.006
128.22,-11.879,-0.004,-1.501,-11.883,-0.000,1.500,0.006
128.24,-11.879,-0.004,-1.501,-11.883,-0.000,1.500,0.006
128.26,-11.880,-0.004,-1.500,-11.883,-0.000,1.500,0.005
128.28,-11.880,-0.004,-1.500,-11.883,-0.000,1.500,0.005
128.30,-11.882,-0.004,-1.500,-11.883,-0.000,1.500,0.004
128.32,-11.882,-0.004,-1.500,-11.883,-0.000,1.500,0.004
128.34,-11.883,-0.004,-1.500,-11.883,-0.000,1.500,0.004
128.36,-11.883,-0.004,-1.500,-11.883,-0.000,1.500,0.004
128.38,-11.884,-0.004,-1.499,-11.883,-0.000,1.500,0.004
128.40,-11.884,-0.004,-1.499,-11.883,-0.000,1.500,0.004
128.43,-11.885,-0.003,-1.499,-11.883,-0.000,1.500,0.004
128.45,-11.885,-0.003,-1.499,-11.883,-0.000,1.500,0.004
128.47,-11.886,-0.003,-1.499,-11.883,-0.000,1.500,0.004
128.49,-11.886,-0.003,-1.499,-11.883,-0.000,1.500,0.004
128.51,-11.887,-0.003,-1.498,-11.883,-0.000,1.500,0.005
128.53,-11.887,-0.003,-1.498,-11.883,-0.000,1.500,0.005
128.55,-11.887,-0.003,-1.498,-11.883,-0.000,1.500,0.005
128.57,-11.887,-0.003,-1.498,-11.883,-0.000,1.500,0.005
128.59,-11.887,-0.003,-1.498,-11.883,-0.000,1.500,0.005
128.61,-11.888,-0.002,-1.497,-11.883,-0.000,1.500,0.006
128.63,-11.888,-0.002,-1.497,-11.883,-0.000,1.500,0.006
128.65,-11.888,-0.002,-1.497,-11.883,-0.000,1.500,0.006
128.67,-11.888,-0.002,-1.497,-11.883,-0.000,1.500,0.006
128.70,-11.888,-0.002,-1.497,-11.883,-0.000,1.500,0.006
128.72,-11.888,-0.002,-1.497,-11.883,-0.000,1.500,0.006
128.74,-11.888,-0.001,-1.497,-11.883,-0.000,1.500,0.006
128.76,-11.888,-0.001,-1.497,-11.883,-0.000,1.500,0.006
128.78,-11.888,-0.001,-1.497,-11.883,-0.000,1.500,0.006
128.80,-11.888,-0.001,-1.497,-11.883,-0.000,1.500,0.006
128.82,-11.888,0.000,-1.497,-11.883,-0.000,1.500,0.006
128.84,-11.888,0.000,-1.497,-11.883,-0.000,1.500,0.006
128.86,-11.888,0.001,-1.497,-11.883,-0.000,1.500,0.006
128.88,-11.888,0.001,-1.497,-11.883,-0.000,1.500,0.006
128.90,-11.888,0.002,-1.497,-11.883,-0.000,1.500,0.006
128.92,-11.888,0.002,-1.497,-11.883,-0.000,1.500,0.006
128.94,-11.888,0.003,-1.497,-11.883,-0.000,1.500,0.006
128.97,-11.888,0.003,-1.497,-11.883,-0.000,1.500,0.006
128.99,-11.888,0.004,-1.497,-11.883,-0.000,1.500,0.006
129.01,-11.888,0.004,-1.497,-11.883,-0.000,1.500,0.006
129.03,-11.887,0.004,-1.497,-11.883,-0.000,1.500,0.006
129.05,-11.887,0.004,-1.497,-11.883,-0.000,1.500,0.006
129.07,-11.887,0.004,-1.497,-11.883,-0.000,1.500,0.006
129.09,-11.886,0.004,-1.498,-11.883,-0.000,1.500,0.006
129.11,-11.886,0.004,-1.498,-11.883,-0.000,1.500,0.006
129.13,-11.886,0.004,-1.498,-11.883,-0.000,1.500,0.005
129.15,-11.886,0.004,-1.498,-11.883,-0.000,1.500,0.005
129.17,-11.885,0.004,-1.499,-11.883,-0.000,1.500,0.005
129.19,-11.885,0.004,-1.499,-11.883,-0.000,1.500,0.005
129.22,-11.884,0.004,-1.499,-11.883,-0.000,1.500,0.004
129.24,-11.884,0.004,-1.499,-11.883,-0.000,1.500,0.004
129.26,-11.883,0.004,-1.499,-11.883,-0.000,1.500,0.004
129.28,-11.883,0.004,-1.499,-11.883,-0.000,1.500,0.004
129.30,-11.882,0.004,-1.500,-11.883,-0.000,1.500,0.004
129.32,-11.882,0.004,-1.500,-11.883,-0.000,1.500,0.004
129.34,-11.881,0.003,-1.500,-11.883,-0.000,1.500,0.004
129.36,-11.881,0.003,-1.500,-11.883,-0.000,1.500,0.004
129.38,-11.879,0.002,-1.500,-11.883,-0.000,1.500,0.004
129.40,-11.879,0.002,-1.500,-11.883,-0.000,1.500,0.004
129.42,-11.878,0.001,-1.500,-11.883,-0.000,1.500,0.005
129.44,-11.878,0.001,-1.500,-11.883,-0.000,1.500,0.005
129.46,-11.878,0.000,-1.501,-11.883,-0.000,1.500,0.006
129.48,-11.878,0.000,-1.501,-11.883,-0.000,1.500,0.006
129.51,-11.877,-0.001,-1.501,-11.883,-0.000,1.500,0.007
129.53,-11.877,-0.001,-1.501,-11.883,-0.000,1.500,0.007
129.55,-11.876,-0.001,-1.502,-11.883,-0.000,1.500,0.008
129.57,-11.876,-0.001,-1.502,-11.883,-0.000,1.500,0.008
129.59,-11.876,-0.001,-1.502,-11.883,-0.000,1.500,0.008
129.61,-11.875,-0.002,-1.502,-11.883,-0.000,1.500,0.009
129.63,-11.875,-0.002,-1.502,-11.883,-0.000,1.500,0.009
129.65,-11.874,-0.003,-1.503,-11.883,-0.000,1.500,0.010
129.67,-11.874,-0.003,-1.503,-11.883,-0.000,1.500,0.010
129.69,-11.873,-0.003,-1.503,-11.883,-0.000,1.500,0.011
129.71,-11.873,-0.003,-1.503,-11.883,-0.000,1.500,0.011
129.73,-11.872,-0.004,-1.503,-11.883,-0.000,1.500,0.013
129.76,-11.872,-0.004,-1.503,-11.883,-0.000,1.500,0.013
129.78,-11.871,-0.004,-1.503,-11.883,-0.000,1.500,0.014
129.80,-11.871,-0.004,-1.503,-11.883,-0.000,1.500,0.014
129.82,-11.870,-0.005,-1.503,-11.883,-0.000,1.500,0.015
129.84,-11.870,-0.005,-1.503,-11.883,-0.000,1.500,0.015
129.86,-11.869,-0.005,-1.503,-11.883,-0.000,1.500,0.016
129.88,-11.869,-0.005,-1.503,-11.883,-0.000,1.500,0.016
129.90,-11.867,-0.006,-1.503,-11.883,-0.000,1.500,0.017
129.92,-11.867,-0.006,-1.503,-11.883,-0.000,1.500,0.017
129.94,-11.867,-0.006,-1.503,-11.883,-0.000,1.500,0.018
129.96,-11.867,-0.006,-1.503,-11.883,-0.000,1.500,0.018
129.98,-11.866,-0.007,-1.503,-11.883,-0.000,1.500,0.019
130.00,-11.866,-0.007,-1.503,-11.883,-0.000,1.500,0.019
130.03,-11.865,-0.008,-1.503,-11.883,-0.000,1.500,0.020
130.05,-11.865,-0.008,-1.503,-11.883,-0.000,1.500,0.020
130.07,-11.865,-0.008,-1.503,-11.883,-0.000,1.500,0.021
130.09,-11.865,-0.008,-1.503,-11.883,-0.000,1.500,0.021
130.11,-11.865,-0.008,-1.503,-11.883,-0.000,1.500,0.021
130.13,-11.864,-0.010,-1.503,-11.883,-0.000,1.500,0.022
130.15,-11.864,-0.010,-1.503,-11.883,-0.000,1.500,0.022
130.17,-11.863,-0.011,-1.503,-11.883,-0.000,1.500,0.023
130.19,-11.863,-0.011,-1.503,-11.883,-0.000,1.500,0.023
130.21,-11.863,-0.012,-1.503,-11.883,-0.000,1.500,0.024
130.23,-11.863,-0.012,-1.503,-11.883,-0.000,1.500,0.024
130.25,-11.862,-0.012,-1.503,-11.883,-0.000,1.500,0.024
130.27,-11.862,-0.012,-1.503,-11.883,-0.000,1.500,0.024
130.30,-11.862,-0.013,-1.503,-11.883,-0.000,1.500,0.025
130.32,-11.862,-0.013,-1.503,-11.883,-0.000,1.500,0.025
130.34,-11.862,-0.013,-1.503,-11.883,-0.000,1.500,0.025
130.36,-11.862,-0.013,-1.503,-11.883,-0.000,1.500,0.025
130.38,-11.862,-0.014,-1.503,-11.883,-0.000,1.500,0.025
130.40,-11.862,-0.014,-1.503,-11.883,-0.000,1.500,0.025
130.42,-11.863,-0.014,-1.502,-11.883,-0.000,1.500,0.025
130.44,-11.863,-0.014,-1.502,-11.883,-0.000,1.500,0.025
130.46,-11.863,-0.014,-1.502,-11.883,-0.000,1.500,0.025
130.48,-11.863,-0.014,-1.502,-11.883,-0.000,1.500,0.025
130.50,-11.863,-0.014,-1.502,-11.883,-0.000,1.500,0.025
130.52,-11.863,-0.014,-1.502,-11.883,-0.000,1.500,0.025
130.55,-11.863,-0.014,-1.502,-11.883,-0.000,1.500,0.024
130.57,-11.863,-0.014,-1.502,-11.883,-0.000,1.500,0.024
130.59,-11.863,-0.014,-1.502,-11.883,-0.000,1.500,0.024
130.61,-11.864,-0.013,-1.503,-11.883,-0.000,1.500,0.023
130.63,-11.864,-0.013,-1.503,-11.883,-0.000,1.500,0.023
130.65,-11.865,-0.013,-1.503,-11.883,-0.000,1.500,0.022
130.67,-11.865,-0.013,-1.503,-11.883,-0.000,1.500,0.022
130.69,-11.866,-0.012,-1.504,-11.883,-0.000,1.500,0.021
130.71,-11.866,-0.012,-1.504,-11.883,-0.000,1.500,0.021
130.73,-11.867,-0.011,-1.504,-11.883,-0.000,1.500,0.020
130.75,-11.867,-0.011,-1.504,-11.883,-0.000,1.500,0.020
130.77,-11.868,-0.011,-1.505,-11.883,-0.000,1.500,0.019
130.79,-11.868,-0.011,-1.505,-11.883,-0.000,1.500,0.019
130.82,-11.870,-0.010,-1.505,-11.883,-0.000,1.500,0.018
130.84,-11.870,-0.010,-1.505,-11.883,-0.000,1.500,0.018
130.86,-11.871,-0.009,-1.505,-11.883,-0.000,1.500,0.016
130.88,-11.871,-0.009,-1.505,-11.883,-0.000,1.500,0.016
130.90,-11.872,-0.008,-1.506,-11.883,-0.000,1.500,0.015
130.92,-11.872,-0.008,-1.506,-11.883,-0.000,1.500,0.015
130.94,-11.874,-0.007,-1.506,-11.883,-0.000,1.500,0.013
130.96,-11.874,-0.007,-1.506,-11.883,-0.000,1.500,0.013
130.98,-11.875,-0.005,-1.506,-11.883,-0.000,1.500,0.012
131.00,-11.875,-0.005,-1.506,-11.883,-0.000,1.500,0.012
131.02,-11.876,-0.004,-1.506,-11.883,-0.000,1.500,0.011
131.04,-11.876,-0.004,-1.506,-11.883,-0.000,1.500,0.011
131.07,-11.877,-0.003,-1.506,-11.883,-0.000,1.500,0.010
131.09,-11.877,-0.003,-1.506,-11.883,-0.000,1.500,0.010
131.11,-11.877,-0.003,-1.506,-11.883,-0.000,1.500,0.010
131.13,-11.878,-0.001,-1.507,-11.883,-0.000,1.500,0.009
131.15,-11.878,-0.001,-1.507,-11.883,-0.000,1.500,0.009
131.17,-11.879,0.000,-1.507,-11.883,-0.000,1.500,0.008
131.19,-11.879,0.000,-1.507,-11.883,-0.000,1.500,0.008
131.21,-11.880,0.002,-1.507,-11.883,-0.000,1.500,0.008
131.23,-11.880,0.002,-1.507,-11.883,-0.000,1.500,0.008
131.25,-11.881,0.003,-1.507,-11.883,-0.000,1.500,0.008
131.27,-11.881,0.003,-1.507,-11.883,-0.000,1.500,0.008
131.29,-11.881,0.004,-1.507,-11.883,-0.000,1.500,0.008
131.31,-11.881,0.004,-1.507,-11.883,-0.000,1.500,0.008
131.34,-11.882,0.004,-1.507,-11.883,-0.000,1.500,0.009
131.36,-11.882,0.004,-1.507,-11.883,-0.000,1.500,0.009
131.38,-11.882,0.005,-1.507,-11.883,-0.000,1.500,0.009
131.40,-11.882,0.005,-1.507,-11.883,-0.000,1.500,0.009
131.42,-11.883,0.005,-1.507,-11.883,-0.000,1.500,0.009
131.44,-11.883,0.005,-1.507,-11.883,-0.000,1.500,0.009
131.46,-11.883,0.005,-1.507,-11.883,-0.000,1.500,0.009
131.48,-11.883,0.005,-1.507,-11.883,-0.000,1.500,0.009
131.50,-11.883,0.005,-1.506,-11.883,-0.000,1.500,0.008
131.52,-11.883,0.005,-1.506,-11.883,-0.000,1.500,0.008
131.55,-11.884,0.004,-1.506,-11.883,-0.000,1.500,0.008
131.57,-11.884,0.004,-1.506,-11.883,-0.000,1.500,0.008
131.59,-11.884,0.004,-1.506,-11.883,-0.000,1.500,0.008
131.61,-11.885,0.004,-1.505,-11.883,-0.000,1.500,0.007
131.63,-11.885,0.004,-1.505,-11.883,-0.000,1.500,0.007
131.65,-11.885,0.003,-1.505,-11.883,-0.000,1.500,0.006
131.67,-11.885,0.003,-1.505,-11.883,-0.000,1.500,0.006
131.69,-11.886,0.003,-1.504,-11.883,-0.000,1.500,0.006
131.71,-11.886,0.003,-1.504,-11.883,-0.000,1.500,0.006
131.73,-11.887,0.002,-1.504,-11.883,-0.000,1.500,0.006
131.75,-11.887,0.002,-1.504,-11.883,-0.000,1.500,0.006
131.77,-11.887,0.001,-1.504,-11.883,-0.000,1.500,0.006
131.79,-11.887,0.001,-1.504,-11.883,-0.000,1.500,0.006
131.81,-11.888,0.001,-1.503,-11.883,-0.000,1.500,0.006
131.84,-11.888,0.001,-1.503,-11.883,-0.000,1.500,0.006
131.86,-11.889,-0.000,-1.503,-11.883,-0.000,1.500,0.007
131.88,-11.889,-0.000,-1.503,-11.883,-0.000,1.500,0.007
131.90,-11.890,-0.001,-1.502,-11.883,-0.000,1.500,0.007
131.92,-11.890,-0.001,-1.502,-11.883,-0.000,1.500,0.007
131.94,-11.891,-0.002,-1.502,-11.883,-0.000,1.500,0.008
131.96,-11.891,-0.002,-1.502,-11.883,-0.000,1.500,0.008
131.98,-11.892,-0.003,-1.502,-11.883,-0.000,1.500,0.010
132.00,-11.892,-0.003,-1.502,-11.883,-0.000,1.500,0.010
132.02,-11.893,-0.003,-1.502,-11.883,-0.000,1.500,0.011
132.04,-11.893,-0.003,-1.502,-11.883,-0.000,1.500,0.011
132.07,-11.894,-0.004,-1.501,-11.883,-0.000,1.500,0.012
132.09,-11.894,-0.004,-1.501,-11.883,-0.000,1.500,0.012
132.11,-11.894,-0.004,-1.501,-11.883,-0.000,1.500,0.012
132.13,-11.896,-0.005,-1.501,-11.883,-0.000,1.500,0.014
132.15,-11.896,-0.005,-1.501,-11.883,-0.000,1.500,0.014
132.17,-11.897,-0.006,-1.501,-11.883,-0.000,1.500,0.015
132.19,-11.897,-0.006,-1.501,-11.883,-0.000,1.500,0.015
132.21,-11.898,-0.006,-1.500,-11.883,-0.000,1.500,0.016
132.23,-11.898,-0.006,-1.500,-11.883,-0.000,1.500,0.016
132.25,-11.900,-0.007,-1.500,-11.883,-0.000,1.500,0.018
132.27,-11.900,-0.007,-1.500,-11.883,-0.000,1.500,0.018
132.29,-11.901,-0.008,-1.499,-11.883,-0.000,1.500,0.019
132.32,-11.901,-0.008,-1.499,-11.883,-0.000,1.500,0.019
132.34,-11.902,-0.008,-1.498,-11.883,-0.000,1.500,0.021
132.36,-11.902,-0.008,-1.498,-11.883,-0.000,1.500,0.021
132.38,-11.903,-0.009,-1.498,-11.883,-0.000,1.500,0.022
132.40,-11.903,-0.009,-1.498,-11.883,-0.000,1.500,0.022
132.42,-11.905,-0.010,-1.496,-11.883,-0.000,1.500,0.024
132.44,-11.905,-0.010,-1.496,-11.883,-0.000,1.500,0.024
132.46,-11.906,-0.011,-1.496,-11.883,-0.000,1.500,0.026
132.48,-11.906,-0.011,-1.496,-11.883,-0.000,1.500,0.026
132.50,-11.907,-0.011,-1.495,-11.883,-0.000,1.500,0.027
132.52,-11.907,-0.011,-1.495,-11.883,-0.000,1.500,0.027
132.54,-11.908,-0.012,-1.494,-11.883,-0.000,1.500,0.028
132.57,-11.908,-0.012,-1.494,-11.883,-0.000,1.500,0.028
132.59,-11.909,-0.012,-1.493,-11.883,-0.000,1.500,0.030
132.61,-11.909,-0.012,-1.493,-11.883,-0.000,1.500,0.030
132.63,-11.909,-0.012,-1.493,-11.883,-0.000,1.500,0.030
132.65,-11.910,-0.013,-1.492,-11.883,-0.000,1.500,0.031
132.67,-11.910,-0.013,-1.492,-11.883,-0.000,1.500,0.031
132.69,-11.911,-0.013,-1.491,-11.883,-0.000,1.500,0.032
132.71,-11.911,-0.013,-1.491,-11.883,-0.000,1.500,0.032
132.73,-11.912,-0.013,-1.490,-11.883,-0.000,1.500,0.033
132.75,-11.912,-0.013,-1.490,-11.883,-0.000,1.500,0.033
132.77,-11.912,-0.013,-1.489,-11.883,-0.000,1.500,0.033
132.79,-11.912,-0.013,-1.489,-11.883,-0.000,1.500,0.033
132.82,-11.913,-0.012,-1.488,-11.883,-0.000,1.500,0.034
132.84,-11.913,-0.012,-1.488,-11.883,-0.000,1.500,0.034
132.86,-11.913,-0.012,-1.488,-11.883,-0.000,1.500,0.034
132.88,-11.913,-0.012,-1.488,-11.883,-0.000,1.500,0.034
132.90,-11.913,-0.012,-1.487,-11.883,-0.000,1.500,0.035
132.92,-11.913,-0.012,-1.487,-11.883,-0.000,1.500,0.035
132.94,-11.913,-0.011,-1.486,-11.883,-0.000,1.500,0.035
132.96,-11.913,-0.011,-1.486,-11.883,-0.000,1.500,0.035
132.98,-11.913,-0.010,-1.485,-11.883,-0.000,1.500,0.035
133.00,-11.913,-0.010,-1.485,-11.883,-0.000,1.500,0.035
133.02,-11.914,-0.009,-1.484,-11.883,-0.000,1.500,0.035
133.04,-11.914,-0.009,-1.484,-11.883,-0.000,1.500,0.035
133.06,-11.914,-0.009,-1.483,-11.883,-0.000,1.500,0.036
133.09,-11.914,-0.009,-1.483,-11.883,-0.000,1.500,0.036
133.11,-11.914,-0.009,-1.483,-11.883,-0.000,1.500,0.036
133.13,-11.914,-0.008,-1.482,-11.883,-0.000,1.500,0.036
133.15,-11.914,-0.008,-1.482,-11.883,-0.000,1.500,0.036
133.17,-11.914,-0.007,-1.482,-11.883,-0.000,1.500,0.036
133.19,-11.914,-0.007,-1.482,-11.883,-0.000,1.500,0.036
133.21,-11.914,-0.006,-1.481,-11.883,-0.000,1.500,0.036
133.23,-11.914,-0.006,-1.481,-11.883,-0.000,1.500,0.036
133.25,-11.914,-0.006,-1.481,-11.883,-0.000,1.500,0.036
133.27,-11.914,-0.006,-1.481,-11.883,-0.000,1.500,0.036
133.29,-11.913,-0.005,-1.481,-11.883,-0.000,1.500,0.036
133.31,-11.913,-0.005,-1.481,-11.883,-0.000,1.500,0.036
133.33,-11.913,-0.004,-1.481,-11.883,-0.000,1.500,0.036
133.36,-11.913,-0.004,-1.481,-11.883,-0.000,1.500,0.036
133.38,-11.912,-0.003,-1.480,-11.883,-0.000,1.500,0.035
133.40,-11.912,-0.003,-1.480,-11.883,-0.000,1.500,0.035
133.42,-11.911,-0.002,-1.480,-11.883,-0.000,1.500,0.034
133.44,-11.911,-0.002,-1.480,-11.883,-0.000,1.500,0.034
133.46,-11.910,-0.001,-1.480,-11.883,-0.000,1.500,0.033
133.48,-11.910,-0.001,-1.480,-11.883,-0.000,1.500,0.033
133.50,-11.909,0.001,-1.481,-11.883,-0.000,1.500,0.032
133.52,-11.909,0.001,-1.481,-11.883,-0.000,1.500,0.032
133.54,-11.907,0.002,-1.481,-11.883,-0.000,1.500,0.031
133.57,-11.907,0.002,-1.481,-11.883,-0.000,1.500,0.031
133.59,-11.906,0.003,-1.481,-11.883,-0.000,1.500,0.030
133.61,-11.906,0.003,-1.481,-11.883,-0.000,1.500,0.030
133.63,-11.906,0.003,-1.481,-11.883,-0.000,1.500,0.030
133.65,-11.904,0.006,-1.482,-11.883,-0.000,1.500,0.028
133.67,-11.904,0.006,-1.482,-11.883,-0.000,1.500,0.028
133.69,-11.902,0.007,-1.482,-11.883,-0.000,1.500,0.027
133.71,-11.902,0.007,-1.482,-11.883,-0.000,1.500,0.027
133.73,-11.900,0.009,-1.483,-11.883,-0.000,1.500,0.026
133.75,-11.900,0.009,-1.483,-11.883,-0.000,1.500,0.026
133.77,-11.898,0.011,-1.483,-11.883,-0.000,1.500,0.025
133.79,-11.898,0.011,-1.483,-11.883,-0.000,1.500,0.025
133.82,-11.896,0.012,-1.483,-11.883,-0.000,1.500,0.024
133.84,-11.896,0.012,-1.483,-11.883,-0.000,1.500,0.024
133.86,-11.893,0.014,-1.483,-11.883,-0.000,1.500,0.024
133.88,-11.893,0.014,-1.483,-11.883,-0.000,1.500,0.024
133.90,-11.891,0.015,-1.483,-11.883,-0.000,1.500,0.024
133.92,-11.891,0.015,-1.483,-11.883,-0.000,1.500,0.024
133.94,-11.888,0.016,-1.483,-11.883,-0.000,1.500,0.023
133.96,-11.888,0.016,-1.483,-11.883,-0.000,1.500,0.023
133.98,-11.886,0.016,-1.483,-11.883,-0.000,1.500,0.023
134.00,-11.886,0.016,-1.483,-11.883,-0.000,1.500,0.023
134.02,-11.884,0.017,-1.483,-11.883,-0.000,1.500,0.023
134.04,-11.884,0.017,-1.483,-11.883,-0.000,1.500,0.023
134.07,-11.882,0.017,-1.484,-11.883,-0.000,1.500,0.023
134.09,-11.882,0.017,-1.484,-11.883,-0.000,1.500,0.023
134.11,-11.882,0.017,-1.484,-11.883,-0.000,1.500,0.023
134.13,-11.880,0.017,-1.484,-11.883,-0.000,1.500,0.023
134.15,-11.880,0.017,-1.484,-11.883,-0.000,1.500,0.023
134.17,-11.878,0.017,-1.485,-11.883,-0.000,1.500,0.023
134.19,-11.878,0.017,-1.485,-11.883,-0.000,1.500,0.023
134.21,-11.877,0.016,-1.485,-11.883,-0.000,1.500,0.023
134.23,-11.877,0.016,-1.485,-11.883,-0.000,1.500,0.023
134.25,-11.875,0.016,-1.486,-11.883,-0.000,1.500,0.023
134.27,-11.875,0.016,-1.486,-11.883,-0.000,1.500,0.023
134.29,-11.874,0.016,-1.486,-11.883,-0.000,1.500,0.023
134.31,-11.874,0.016,-1.486,-11.883,-0.000,1.500,0.023
134.34,-11.873,0.015,-1.487,-11.883,-0.000,1.500,0.023
134.36,-11.873,0.015,-1.487,-11.883,-0.000,1.500,0.023
134.38,-11.871,0.015,-1.488,-11.883,-0.000,1.500,0.022
134.40,-11.871,0.015,-1.488,-11.883,-0.000,1.500,0.022
134.42,-11.870,0.014,-1.489,-11.883,-0.000,1.500,0.022
134.44,-11.870,0.014,-1.489,-11.883,-0.000,1.500,0.022
134.46,-11.869,0.013,-1.490,-11.883,-0.000,1.500,0.022
134.48,-11.869,0.013,-1.490,-11.883,-0.000,1.500,0.022
134.50,-11.868,0.013,-1.491,-11.883,-0.000,1.500,0.022
134.52,-11.868,0.013,-1.491,-11.883,-0.000,1.500,0.022
134.54,-11.867,0.012,-1.492,-11.883,-0.000,1.500,0.021
134.56,-11.867,0.012,-1.492,-11.883,-0.000,1.500,0.021
134.59,-11.866,0.011,-1.493,-11.883,-0.000,1.500,0.021
134.61,-11.866,0.011,-1.493,-11.883,-0.000,1.500,0.021
134.63,-11.866,0.011,-1.493,-11.883,-0.000,1.500,0.021
134.65,-11.866,0.010,-1.495,-11.883,-0.000,1.500,0.021
134.67,-11.866,0.010,-1.495,-11.883,-0.000,1.500,0.021
134.69,-11.865,0.009,-1.496,-11.883,-0.000,1.500,0.020
134.71,-11.865,0.009,-1.496,-11.883,-0.000,1.500,0.020
134.73,-11.865,0.008,-1.497,-11.883,-0.000,1.500,0.020
134.75,-11.865,0.008,-1.497,-11.883,-0.000,1.500,0.020
134.77,-11.865,0.007,-1.499,-11.883,-0.000,1.500,0.020
134.79,-11.865,0.007,-1.499,-11.883,-0.000,1.500,0.020
134.81,-11.865,0.007,-1.500,-11.883,-0.000,1.500,0.019
134.83,-11.865,0.007,-1.500,-11.883,-0.000,1.500,0.019
134.85,-11.865,0.006,-1.501,-11.883,-0.000,1.500,0.019
134.88,-11.865,0.006,-1.501,-11.883,-0.000,1.500,0.019
134.90,-11.865,0.006,-1.503,-11.883,-0.000,1.500,0.019
134.92,-11.865,0.006,-1.503,-11.883,-0.000,1.500,0.019
134.94,-11.865,0.006,-1.504,-11.883,-0.000,1.500,0.019
134.96,-11.865,0.006,-1.504,-11.883,-0.000,1.500,0.019
134.98,-11.865,0.006,-1.505,-11.883,-0.000,1.500,0.019
135.00,-11.865,0.006,-1.505,-11.883,-0.000,1.500,0.019
135.02,-11.865,0.006,-1.506,-11.883,-0.000,1.500,0.020
135.04,-11.865,0.006,-1.506,-11.883,-0.000,1.500,0.020
135.06,-11.865,0.006,-1.507,-11.883,-0.000,1.500,0.020
135.08,-11.865,0.006,-1.507,-11.883,-0.000,1.500,0.020
135.10,-11.865,0.006,-1.507,-11.883,-0.000,1.500,0.020
135.13,-11.865,0.006,-1.507,-11.883,-0.000,1.500,0.020
135.15,-11.865,0.006,-1.507,-11.883,-0.000,1.500,0.020
135.17,-11.866,0.006,-1.508,-11.883,-0.000,1.500,0.020
135.19,-11.866,0.006,-1.508,-11.883,-0.000,1.500,0.020
135.21,-11.866,0.006,-1.508,-11.883,-0.000,1.500,0.020
135.23,-11.866,0.006,-1.508,-11.883,-0.000,1.500,0.020
135.25,-11.866,0.006,-1.509,-11.883,-0.000,1.500,0.020
135.27,-11.866,0.006,-1.509,-11.883,-0.000,1.500,0.020
135.29,-11.867,0.006,-1.509,-11.883,-0.000,1.500,0.019
135.31,-11.867,0.006,-1.509,-11.883,-0.000,1.500,0.019
135.33,-11.868,0.005,-1.510,-11.883,-0.000,1.500,0.019
135.35,-11.868,0.005,-1.510,-11.883,-0.000,1.500,0.019
135.38,-11.868,0.005,-1.510,-11.883,-0.000,1.500,0.019
135.40,-11.868,0.005,-1.510,-11.883,-0.000,1.500,0.019
135.42,-11.869,0.004,-1.511,-11.883,-0.000,1.500,0.018
135.44,-11.869,0.004,-1.511,-11.883,-0.000,1.500,0.018
135.46,-11.870,0.003,-1.511,-11.883,-0.000,1.500,0.018
135.48,-11.870,0.003,-1.511,-11.883,-0.000,1.500,0.018
135.50,-11.871,0.002,-1.512,-11.883,-0.000,1.500,0.018
135.52,-11.871,0.002,-1.512,-11.883,-0.000,1.500,0.018
135.54,-11.871,0.002,-1.512,-11.883,-0.000,1.500,0.017
135.56,-11.871,0.002,-1.512,-11.883,-0.000,1.500,0.017
135.58,-11.872,0.001,-1.513,-11.883,-0.000,1.500,0.017
135.60,-11.872,0.001,-1.513,-11.883,-0.000,1.500,0.017
135.62,-11.872,0.001,-1.513,-11.883,-0.000,1.500,0.017
135.65,-11.873,-0.000,-1.513,-11.883,-0.000,1.500,0.017
135.67,-11.873,-0.000,-1.513,-11.883,-0.000,1.500,0.017
135.69,-11.874,-0.001,-1.513,-11.883,-0.000,1.500,0.017
135.71,-11.874,-0.001,-1.513,-11.883,-0.000,1.500,0.017
135.73,-11.875,-0.002,-1.514,-11.883,-0.000,1.500,0.017
135.75,-11.875,-0.002,-1.514,-11.883,-0.000,1.500,0.017
135.77,-11.875,-0.004,-1.514,-11.883,-0.000,1.500,0.017
135.79,-11.875,-0.004,-1.514,-11.883,-0.000,1.500,0.017
135.81,-11.876,-0.005,-1.515,-11.883,-0.000,1.500,0.017
135.83,-11.876,-0.005,-1.515,-11.883,-0.000,1.500,0.017
135.85,-11.877,-0.007,-1.515,-11.883,-0.000,1.500,0.018
135.87,-11.877,-0.007,-1.515,-11.883,-0.000,1.500,0.018
135.90,-11.878,-0.008,-1.516,-11.883,-0.000,1.500,0.019
135.92,-11.878,-0.008,-1.516,-11.883,-0.000,1.500,0.019
135.94,-11.879,-0.010,-1.516,-11.883,-0.000,1.500,0.019
135.96,-11.879,-0.010,-1.516,-11.883,-0.000,1.500,0.019
135.98,-11.880,-0.011,-1.516,-11.883,-0.000,1.500,0.020
136.00,-11.880,-0.011,-1.516,-11.883,-0.000,1.500,0.020
136.02,-11.881,-0.013,-1.516,-11.883,-0.000,1.500,0.021
136.04,-11.881,-0.013,-1.516,-11.883,-0.000,1.500,0.021
136.06,-11.883,-0.015,-1.517,-11.883,-0.000,1.500,0.023
136.08,-11.883,-0.015,-1.517,-11.883,-0.000,1.500,0.023
136.10,-11.884,-0.016,-1.517,-11.883,-0.000,1.500,0.024
136.12,-11.884,-0.016,-1.517,-11.883,-0.000,1.500,0.024
136.14,-11.884,-0.016,-1.517,-11.883,-0.000,1.500,0.024
136.17,-11.885,-0.018,-1.517,-11.883,-0.000,1.500,0.025
136.19,-11.885,-0.018,-1.517,-11.883,-0.000,1.500,0.025
136.21,-11.886,-0.019,-1.516,-11.883,-0.000,1.500,0.025
136.23,-11.886,-0.019,-1.516,-11.883,-0.000,1.500,0.025
136.25,-11.887,-0.020,-1.516,-11.883,-0.000,1.500,0.026
136.27,-11.887,-0.020,-1.516,-11.883,-0.000,1.500,0.026
136.29,-11.887,-0.021,-1.515,-11.883,-0.000,1.500,0.027
136.31,-11.887,-0.021,-1.515,-11.883,-0.000,1.500,0.027
136.33,-11.888,-0.022,-1.515,-11.883,-0.000,1.500,0.027
136.35,-11.888,-0.022,-1.515,-11.883,-0.000,1.500,0.027
136.37,-11.888,-0.023,-1.514,-11.883,-0.000,1.500,0.028
136.39,-11.888,-0.023,-1.514,-11.883,-0.000,1.500,0.028
136.42,-11.888,-0.024,-1.513,-11.883,-0.000,1.500,0.028
136.44,-11.888,-0.024,-1.513,-11.883,-0.000,1.500,0.028
136.46,-11.888,-0.025,-1.513,-11.883,-0.000,1.500,0.029
136.48,-11.888,-0.025,-1.513,-11.883,-0.000,1.500,0.029
136.50,-11.888,-0.026,-1.512,-11.883,-0.000,1.500,0.029
136.52,-11.888,-0.026,-1.512,-11.883,-0.000,1.500,0.029
136.54,-11.888,-0.027,-1.512,-11.883,-0.000,1.500,0.030
136.56,-11.888,-0.027,-1.512,-11.883,-0.000,1.500,0.030
136.58,-11.888,-0.027,-1.511,-11.883,-0.000,1.500,0.030
136.60,-11.888,-0.027,-1.511,-11.883,-0.000,1.500,0.030
136.62,-11.888,-0.027,-1.511,-11.883,-0.000,1.500,0.030
136.64,-11.888,-0.027,-1.511,-11.883,-0.000,1.500,0.030
136.66,-11.888,-0.027,-1.511,-11.883,-0.000,1.500,0.030
136.68,-11.888,-0.027,-1.511,-11.883,-0.000,1.500,0.030
136.71,-11.888,-0.027,-1.511,-11.883,-0.000,1.500,0.030
136.73,-11.888,-0.027,-1.510,-11.883,-0.000,1.500,0.030
136.75,-11.888,-0.027,-1.510,-11.883,-0.000,1.500,0.030
136.77,-11.888,-0.027,-1.510,-11.883,-0.000,1.500,0.029
136.79,-11.888,-0.027,-1.510,-11.883,-0.000,1.500,0.029
136.81,-11.888,-0.027,-1.509,-11.883,-0.000,1.500,0.029
136.83,-11.888,-0.027,-1.509,-11.883,-0.000,1.500,0.029
136.85,-11.888,-0.027,-1.509,-11.883,-0.000,1.500,0.029
136.87,-11.888,-0.027,-1.509,-11.883,-0.000,1.500,0.029
136.89,-11.888,-0.027,-1.508,-11.883,-0.000,1.500,0.028
136.91,-11.888,-0.027,-1.508,-11.883,-0.000,1.500,0.028
136.93,-11.888,-0.027,-1.508,-11.883,-0.000,1.500,0.028
136.96,-11.888,-0.027,-1.508,-11.883,-0.000,1.500,0.028
136.98,-11.888,-0.027,-1.507,-11.883,-0.000,1.500,0.029
137.00,-11.888,-0.027,-1.507,-11.883,-0.000,1.500,0.029
137.02,-11.888,-0.028,-1.506,-11.883,-0.000,1.500,0.029
137.04,-11.888,-0.028,-1.506,-11.883,-0.000,1.500,0.029
137.06,-11.888,-0.028,-1.506,-11.883,-0.000,1.500,0.029
137.08,-11.888,-0.028,-1.506,-11.883,-0.000,1.500,0.029
137.10,-11.888,-0.029,-1.505,-11.883,-0.000,1.500,0.029
137.12,-11.888,-0.029,-1.505,-11.883,-0.000,1.500,0.029
137.14,-11.888,-0.029,-1.505,-11.883,-0.000,1.500,0.029
137.16,-11.888,-0.029,-1.504,-11.883,-0.000,1.500,0.030
137.18,-11.888,-0.029,-1.504,-11.883,-0.000,1.500,0.030
137.20,-11.888,-0.030,-1.503,-11.883,-0.000,1.500,0.030
137.22,-11.888,-0.030,-1.503,-11.883,-0.000,1.500,0.030
137.25,-11.888,-0.030,-1.502,-11.883,-0.000,1.500,0.030
137.27,-11.888,-0.030,-1.502,-11.883,-0.000,1.500,0.030
137.29,-11.888,-0.030,-1.501,-11.883,-0.000,1.500,0.031
137.31,-11.888,-0.030,-1.501,-11.883,-0.000,1.500,0.031
137.33,-11.888,-0.030,-1.500,-11.883,-0.000,1.500,0.031
137.35,-11.888,-0.030,-1.500,-11.883,-0.000,1.500,0.031
137.37,-11.888,-0.030,-1.498,-11.883,-0.000,1.500,0.031
137.39,-11.888,-0.030,-1.498,-11.883,-0.000,1.500,0.031
137.41,-11.887,-0.030,-1.497,-11.883,-0.000,1.500,0.031
137.43,-11.887,-0.030,-1.497,-11.883,-0.000,1.500,0.031
137.46,-11.887,-0.030,-1.496,-11.883,-0.000,1.500,0.030
137.48,-11.887,-0.030,-1.496,-11.883,-0.000,1.500,0.030
137.50,-11.886,-0.030,-1.495,-11.883,-0.000,1.500,0.030
137.52,-11.886,-0.030,-1.495,-11.883,-0.000,1.500,0.030
137.54,-11.886,-0.029,-1.494,-11.883,-0.000,1.500,0.030
137.56,-11.886,-0.029,-1.494,-11.883,-0.000,1.500,0.030
137.58,-11.885,-0.028,-1.494,-11.883,-0.000,1.500,0.029
137.60,-11.885,-0.028,-1.494,-11.883,-0.000,1.500,0.029
137.62,-11.885,-0.028,-1.494,-11.883,-0.000,1.500,0.028
137.64,-11.885,-0.028,-1.494,-11.883,-0.000,1.500,0.028
137.66,-11.885,-0.028,-1.494,-11.883,-0.000,1.500,0.028
137.68,-11.884,-0.026,-1.493,-11.883,-0.000,1.500,0.027
137.70,-11.884,-0.026,-1.493,-11.883,-0.000,1.500,0.027
137.73,-11.883,-0.025,-1.493,-11.883,-0.000,1.500,0.026
137.75,-11.883,-0.025,-1.493,-11.883,-0.000,1.500,0.026
137.77,-11.882,-0.024,-1.493,-11.883,-0.000,1.500,0.025
137.79,-11.882,-0.024,-1.493,-11.883,-0.000,1.500,0.025
137.81,-11.882,-0.023,-1.493,-11.883,-0.000,1.500,0.024
137.83,-11.882,-0.023,-1.493,-11.883,-0.000,1.500,0.024
137.85,-11.881,-0.021,-1.493,-11.883,-0.000,1.500,0.022
137.87,-11.881,-0.021,-1.493,-11.883,-0.000,1.500,0.022
137.89,-11.881,-0.020,-1.494,-11.883,-0.000,1.500,0.021
137.91,-11.881,-0.020,-1.494,-11.883,-0.000,1.500,0.021
137.93,-11.881,-0.018,-1.494,-11.883,-0.000,1.500,0.019
137.95,-11.881,-0.018,-1.494,-11.883,-0.000,1.500,0.019
137.98,-11.881,-0.016,-1.494,-11.883,-0.000,1.500,0.017
138.00,-11.881,-0.016,-1.494,-11.883,-0.000,1.500,0.017
138.02,-11.881,-0.014,-1.495,-11.883,-0.000,1.500,0.016
138.04,-11.881,-0.014,-1.495,-11.883,-0.000,1.500,0.016
138.06,-11.881,-0.013,-1.495,-11.883,-0.000,1.500,0.014
138.08,-11.881,-0.013,-1.495,-11.883,-0.000,1.500,0.014
138.10,-11.881,-0.011,-1.496,-11.883,-0.000,1.500,0.012
138.12,-11.881,-0.011,-1.496,-11.883,-0.000,1.500,0.012
138.14,-11.881,-0.011,-1.496,-11.883,-0.000,1.500,0.012
138.16,-11.881,-0.009,-1.497,-11.883,-0.000,1.500,0.009
138.18,-11.881,-0.009,-1.497,-11.883,-0.000,1.500,0.009
138.20,-11.882,-0.007,-1.498,-11.883,-0.000,1.500,0.008
138.22,-11.882,-0.007,-1.498,-11.883,-0.000,1.500,0.008
138.25,-11.882,-0.006,-1.499,-11.883,-0.000,1.500,0.007
138.27,-11.882,-0.006,-1.499,-11.883,-0.000,1.500,0.007
138.29,-11.883,-0.006,-1.499,-11.883,-0.000,1.500,0.006
138.31,-11.883,-0.006,-1.499,-11.883,-0.000,1.500,0.006
138.33,-11.883,-0.005,-1.500,-11.883,-0.000,1.500,0.005
138.35,-11.883,-0.005,-1.500,-11.883,-0.000,1.500,0.005
138.37,-11.883,-0.005,-1.501,-11.883,-0.000,1.500,0.005
138.39,-11.883,-0.005,-1.501,-11.883,-0.000,1.500,0.005
138.41,-11.883,-0.004,-1.501,-11.883,-0.000,1.500,0.004
138.43,-11.883,-0.004,-1.501,-11.883,-0.000,1.500,0.004
138.45,-11.884,-0.004,-1.501,-11.883,-0.000,1.500,0.004
138.47,-11.884,-0.004,-1.501,-11.883,-0.000,1.500,0.004
138.49,-11.884,-0.004,-1.501,-11.883,-0.000,1.500,0.004
138.52,-11.884,-0.004,-1.501,-11.883,-0.000,1.500,0.004
138.54,-11.884,-0.004,-1.502,-11.883,-0.000,1.500,0.004
138.56,-11.884,-0.004,-1.502,-11.883,-0.000,1.500,0.004
138.58,-11.884,-0.004,-1.502,-11.883,-0.000,1.500,0.004
138.60,-11.884,-0.004,-1.502,-11.883,-0.000,1.500,0.004
138.62,-11.884,-0.004,-1.502,-11.883,-0.000,1.500,0.004
138.64,-11.884,-0.004,-1.502,-11.883,-0.000,1.500,0.004
138.66,-11.884,-0.004,-1.502,-11.883,-0.000,1.500,0.004
138.68,-11.884,-0.004,-1.502,-11.883,-0.000,1.500,0.005
138.70,-11.884,-0.004,-1.502,-11.883,-0.000,1.500,0.005
138.72,-11.884,-0.004,-1.502,-11.883,-0.000,1.500,0.005
138.74,-11.884,-0.004,-1.502,-11.883,-0.000,1.500,0.005
138.77,-11.884,-0.004,-1.502,-11.883,-0.000,1.500,0.005
138.79,-11.884,-0.004,-1.502,-11.883,-0.000,1.500,0.005
138.81,-11.884,-0.004,-1.503,-11.883,-0.000,1.500,0.005
138.83,-11.884,-0.004,-1.503,-11.883,-0.000,1.500,0.005
138.85,-11.884,-0.004,-1.503,-11.883,-0.000,1.500,0.005
138.87,-11.884,-0.004,-1.503,-11.883,-0.000,1.500,0.005
138.89,-11.884,-0.004,-1.503,-11.883,-0.000,1.500,0.005
138.91,-11.884,-0.004,-1.503,-11.883,-0.000,1.500,0.005
138.93,-11.884,-0.003,-1.503,-11.883,-0.000,1.500,0.005
138.95,-11.884,-0.003,-1.503,-11.883,-0.000,1.500,0.005
138.97,-11.883,-0.003,-1.503,-11.883,-0.000,1.500,0.005
138.99,-11.883,-0.003,-1.503,-11.883,-0.000,1.500,0.005
139.02,-11.882,-0.003,-1.503,-11.883,-0.000,1.500,0.005
139.04,-11.882,-0.003,-1.503,-11.883,-0.000,1.500,0.005
139.06,-11.882,-0.003,-1.503,-11.883,-0.000,1.500,0.005
139.08,-11.882,-0.003,-1.503,-11.883,-0.000,1.500,0.005
139.10,-11.881,-0.002,-1.503,-11.883,-0.000,1.500,0.005
139.12,-11.881,-0.002,-1.503,-11.883,-0.000,1.500,0.005
139.14,-11.881,-0.002,-1.503,-11.883,-0.000,1.500,0.004
139.16,-11.881,-0.002,-1.503,-11.883,-0.000,1.500,0.004
139.18,-11.881,-0.002,-1.503,-11.883,-0.000,1.500,0.004
139.20,-11.881,-0.001,-1.503,-11.883,-0.000,1.500,0.004
139.22,-11.881,-0.001,-1.503,-11.883,-0.000,1.500,0.004
139.24,-11.881,-0.000,-1.503,-11.883,-0.000,1.500,0.004
139.26,-11.881,-0.000,-1.503,-11.883,-0.000,1.500,0.004
139.28,-11.881,0.000,-1.503,-11.883,-0.000,1.500,0.004
139.31,-11.881,0.000,-1.503,-11.883,-0.000,1.500,0.004
139.33,-11.881,0.002,-1.503,-11.883,-0.000,1.500,0.004
139.35,-11.881,0.002,-1.503,-11.883,-0.000,1.500,0.004
139.37,-11.881,0.003,-1.503,-11.883,-0.000,1.500,0.005
139.39,-11.881,0.003,-1.503,-11.883,-0.000,1.500,0.005
139.41,-11.881,0.004,-1.502,-11.883,-0.000,1.500,0.006
139.43,-11.881,0.004,-1.502,-11.883,-0.000,1.500,0.006
139.45,-11.881,0.006,-1.502,-11.883,-0.000,1.500,0.007
139.47,-11.881,0.006,-1.502,-11.883,-0.000,1.500,0.007
139.49,-11.880,0.007,-1.503,-11.883,-0.000,1.500,0.008
139.51,-11.880,0.007,-1.503,-11.883,-0.000,1.500,0.008
139.53,-11.880,0.008,-1.503,-11.883,-0.000,1.500,0.010
139.55,-11.880,0.008,-1.503,-11.883,-0.000,1.500,0.010
139.58,-11.879,0.010,-1.504,-11.883,-0.000,1.500,0.011
139.60,-11.879,0.010,-1.504,-11.883,-0.000,1.500,0.011
139.62,-11.879,0.011,-1.504,-11.883,-0.000,1.500,0.013
139.64,-11.879,0.011,-1.504,-11.883,-0.000,1.500,0.013
139.66,-11.879,0.011,-1.504,-11.883,-0.000,1.500,0.013
139.68,-11.877,0.013,-1.505,-11.883,-0.000,1.500,0.015
139.70,-11.877,0.013,-1.505,-11.883,-0.000,1.500,0.015
139.72,-11.876,0.015,-1.505,-11.883,-0.000,1.500,0.017
139.74,-11.876,0.015,-1.505,-11.883,-0.000,1.500,0.017
139.76,-11.876,0.016,-1.505,-11.883,-0.000,1.500,0.019
139.78,-11.876,0.016,-1.505,-11.883,-0.000,1.500,0.019
139.80,-11.875,0.018,-1.506,-11.883,-0.000,1.500,0.020
139.83,-11.875,0.018,-1.506,-11.883,-0.000,1.500,0.020
139.85,-11.875,0.019,-1.506,-11.883,-0.000,1.500,0.022
139.87,-11.875,0.019,-1.506,-11.883,-0.000,1.500,0.022
139.89,-11.874,0.020,-1.506,-11.883,-0.000,1.500,0.023
139.91,-11.874,0.020,-1.506,-11.883,-0.000,1.500,0.023
139.93,-11.874,0.021,-1.506,-11.883,-0.000,1.500,0.024
139.95,-11.874,0.021,-1.506,-11.883,-0.000,1.500,0.024
139.97,-11.874,0.021,-1.506,-11.883,-0.000,1.500,0.024
139.99,-11.874,0.021,-1.506,-11.883,-0.000,1.500,0.024
140.01,-11.874,0.022,-1.506,-11.883,-0.000,1.500,0.025
140.03,-11.874,0.022,-1.506,-11.883,-0.000,1.500,0.025
140.05,-11.874,0.022,-1.506,-11.883,-0.000,1.500,0.025
140.07,-11.874,0.022,-1.506,-11.883,-0.000,1.500,0.025
140.10,-11.875,0.022,-1.507,-11.883,-0.000,1.500,0.024
140.12,-11.875,0.022,-1.507,-11.883,-0.000,1.500,0.024
140.14,-11.875,0.022,-1.507,-11.883,-0.000,1.500,0.024
140.16,-11.875,0.022,-1.507,-11.883,-0.000,1.500,0.024
140.18,-11.875,0.022,-1.507,-11.883,-0.000,1.500,0.024
140.20,-11.876,0.021,-1.507,-11.883,-0.000,1.500,0.023
140.22,-11.876,0.021,-1.507,-11.883,-0.000,1.500,0.023
140.24,-11.876,0.020,-1.507,-11.883,-0.000,1.500,0.023
140.26,-11.876,0.020,-1.507,-11.883,-0.000,1.500,0.023
140.28,-11.877,0.020,-1.508,-11.883,-0.000,1.500,0.022
140.30,-11.877,0.020,-1.508,-11.883,-0.000,1.500,0.022
140.32,-11.878,0.019,-1.508,-11.883,-0.000,1.500,0.021
140.35,-11.878,0.019,-1.508,-11.883,-0.000,1.500,0.021
140.37,-11.879,0.019,-1.507,-11.883,-0.000,1.500,0.021
140.39,-11.879,0.019,-1.507,-11.883,-0.000,1.500,0.021
140.41,-11.879,0.018,-1.507,-11.883,-0.000,1.500,0.020
140.43,-11.879,0.018,-1.507,-11.883,-0.000,1.500,0.020
140.45,-11.880,0.018,-1.507,-11.883,-0.000,1.500,0.020
140.47,-11.880,0.018,-1.507,-11.883,-0.000,1.500,0.020
140.49,-11.881,0.017,-1.507,-11.883,-0.000,1.500,0.019
140.51,-11.881,0.017,-1.507,-11.883,-0.000,1.500,0.019
140.53,-11.882,0.017,-1.507,-11.883,-0.000,1.500,0.018
140.55,-11.882,0.017,-1.507,-11.883,-0.000,1.500,0.018
140.57,-11.882,0.016,-1.506,-11.883,-0.000,1.500,0.018
140.59,-11.882,0.016,-1.506,-11.883,-0.000,1.500,0.018
140.62,-11.883,0.016,-1.506,-11.883,-0.000,1.500,0.017
140.64,-11.883,0.016,-1.506,-11.883,-0.000,1.500,0.017
140.66,-11.884,0.015,-1.506,-11.883,-0.000,1.500,0.016
140.68,-11.884,0.015,-1.506,-11.883,-0.000,1.500,0.016
140.70,-11.884,0.015,-1.506,-11.883,-0.000,1.500,0.016
140.72,-11.885,0.014,-1.506,-11.883,-0.000,1.500,0.015
140.74,-11.885,0.014,-1.506,-11.883,-0.000,1.500,0.015
140.76,-11.886,0.013,-1.506,-11.883,-0.000,1.500,0.014
140.78,-11.886,0.013,-1.506,-11.883,-0.000,1.500,0.014
140.80,-11.887,0.012,-1.505,-11.883,-0.000,1.500,0.014
140.82,-11.887,0.012,-1.505,-11.883,-0.000,1.500,0.014
140.84,-11.888,0.011,-1.505,-11.883,-0.000,1.500,0.013
140.87,-11.888,0.011,-1.505,-11.883,-0.000,1.500,0.013
140.89,-11.889,0.011,-1.505,-11.883,-0.000,1.500,0.013
140.91,-11.889,0.011,-1.505,-11.883,-0.000,1.500,0.013
140.93,-11.890,0.010,-1.505,-11.883,-0.000,1.500,0.013
140.95,-11.890,0.010,-1.505,-11.883,-0.000,1.500,0.013
140.97,-11.891,0.010,-1.505,-11.883,-0.000,1.500,0.014
140.99,-11.891,0.010,-1.505,-11.883,-0.000,1.500,0.014
141.01,-11.891,0.011,-1.505,-11.883,-0.000,1.500,0.014
141.03,-11.891,0.011,-1.505,-11.883,-0.000,1.500,0.014
141.05,-11.892,0.011,-1.505,-11.883,-0.000,1.500,0.015
141.07,-11.892,0.011,-1.505,-11.883,-0.000,1.500,0.015
141.09,-11.893,0.012,-1.505,-11.883,-0.000,1.500,0.016
141.12,-11.893,0.012,-1.505,-11.883,-0.000,1.500,0.016
141.14,-11.893,0.012,-1.505,-11.883,-0.000,1.500,0.017
141.16,-11.893,0.012,-1.505,-11.883,-0.000,1.500,0.017
141.18,-11.893,0.012,-1.505,-11.883,-0.000,1.500,0.017
141.20,-11.894,0.013,-1.505,-11.883,-0.000,1.500,0.018
141.22,-11.894,0.013,-1.505,-11.883,-0.000,1.500,0.018
141.24,-11.894,0.014,-1.505,-11.883,-0.000,1.500,0.019
141.26,-11.894,0.014,-1.505,-11.883,-0.000,1.500,0.019
141.28,-11.894,0.015,-1.505,-11.883,-0.000,1.500,0.019
141.30,-11.894,0.015,-1.505,-11.883,-0.000,1.500,0.019
141.32,-11.894,0.016,-1.505,-11.883,-0.000,1.500,0.020
141.35,-11.894,0.016,-1.505,-11.883,-0.000,1.500,0.020
141.37,-11.894,0.017,-1.505,-11.883,-0.000,1.500,0.021
141.39,-11.894,0.017,-1.505,-11.883,-0.000,1.500,0.021
141.41,-11.894,0.017,-1.505,-11.883,-0.000,1.500,0.021
141.43,-11.894,0.017,-1.505,-11.883,-0.000,1.500,0.021
141.45,-11.894,0.018,-1.504,-11.883,-0.000,1.500,0.022
141.47,-11.894,0.018,-1.504,-11.883,-0.000,1.500,0.022
141.49,-11.894,0.019,-1.504,-11.883,-0.000,1.500,0.022
141.51,-11.894,0.019,-1.504,-11.883,-0.000,1.500,0.022
141.53,-11.894,0.019,-1.504,-11.883,-0.000,1.500,0.023
141.55,-11.894,0.019,-1.504,-11.883,-0.000,1.500,0.023
141.57,-11.894,0.019,-1.504,-11.883,-0.000,1.500,0.023
141.59,-11.894,0.019,-1.504,-11.883,-0.000,1.500,0.023
141.62,-11.894,0.020,-1.504,-11.883,-0.000,1.500,0.023
141.64,-11.894,0.020,-1.504,-11.883,-0.000,1.500,0.023
141.66,-11.894,0.020,-1.504,-11.883,-0.000,1.500,0.023
141.68,-11.894,0.020,-1.504,-11.883,-0.000,1.500,0.023
141.70,-11.894,0.020,-1.504,-11.883,-0.000,1.500,0.023
141.72,-11.894,0.020,-1.504,-11.883,-0.000,1.500,0.023
141.74,-11.894,0.020,-1.504,-11.883,-0.000,1.500,0.023
141.76,-11.894,0.020,-1.504,-11.883,-0.000,1.500,0.023
141.78,-11.894,0.020,-1.504,-11.883,-0.000,1.500,0.023
141.80,-11.893,0.020,-1.504,-11.883,-0.000,1.500,0.022
141.82,-11.893,0.020,-1.504,-11.883,-0.000,1.500,0.022
141.84,-11.893,0.019,-1.504,-11.883,-0.000,1.500,0.022
141.87,-11.893,0.019,-1.504,-11.883,-0.000,1.500,0.022
141.89,-11.893,0.019,-1.504,-11.883,-0.000,1.500,0.021
141.91,-11.893,0.019,-1.504,-11.883,-0.000,1.500,0.021
141.93,-11.893,0.018,-1.504,-11.883,-0.000,1.500,0.021
141.95,-11.893,0.018,-1.504,-11.883,-0.000,1.500,0.021
141.97,-11.892,0.018,-1.504,-11.883,-0.000,1.500,0.020
141.99,-11.892,0.018,-1.504,-11.883,-0.000,1.500,0.020
142.01,-11.892,0.017,-1.504,-11.883,-0.000,1.500,0.020
142.03,-11.892,0.017,-1.504,-11.883,-0.000,1.500,0.020
142.05,-11.891,0.016,-1.504,-11.883,-0.000,1.500,0.019
142.07,-11.891,0.016,-1.504,-11.883,-0.000,1.500,0.019
142.09,-11.890,0.015,-1.504,-11.883,-0.000,1.500,0.018
142.12,-11.890,0.015,-1.504,-11.883,-0.000,1.500,0.018
142.14,-11.890,0.015,-1.504,-11.883,-0.000,1.500,0.017
142.16,-11.890,0.015,-1.504,-11.883,-0.000,1.500,0.017
142.18,-11.890,0.015,-1.504,-11.883,-0.000,1.500,0.017
142.20,-11.888,0.013,-1.504,-11.883,-0.000,1.500,0.015
142.22,-11.888,0.013,-1.504,-11.883,-0.000,1.500,0.015
142.24,-11.887,0.012,-1.504,-11.883,-0.000,1.500,0.013
142.26,-11.887,0.012,-1.504,-11.883,-0.000,1.500,0.013
142.28,-11.886,0.011,-1.504,-11.883,-0.000,1.500,0.012
142.30,-11.886,0.011,-1.504,-11.883,-0.000,1.500,0.012
142.32,-11.884,0.010,-1.504,-11.883,-0.000,1.500,0.011
142.34,-11.884,0.010,-1.504,-11.883,-0.000,1.500,0.011
142.37,-11.883,0.009,-1.504,-11.883,-0.000,1.500,0.010
142.39,-11.883,0.009,-1.504,-11.883,-0.000,1.500,0.010
142.41,-11.882,0.008,-1.504,-11.883,-0.000,1.500,0.010
142.43,-11.882,0.008,-1.504,-11.883,-0.000,1.500,0.010
142.45,-11.881,0.007,-1.504,-11.883,-0.000,1.500,0.009
142.47,-11.881,0.007,-1.504,-11.883,-0.000,1.500,0.009
142.49,-11.879,0.007,-1.504,-11.883,-0.000,1.500,0.009
142.51,-11.879,0.007,-1.504,-11.883,-0.000,1.500,0.009
142.53,-11.878,0.006,-1.504,-11.883,-0.000,1.500,0.009
142.55,-11.878,0.006,-1.504,-11.883,-0.000,1.500,0.009
142.57,-11.877,0.005,-1.504,-11.883,-0.000,1.500,0.009
142.59,-11.877,0.005,-1.504,-11.883,-0.000,1.500,0.009
142.62,-11.875,0.004,-1.504,-11.883,-0.000,1.500,0.010
142.64,-11.875,0.004,-1.504,-11.883,-0.000,1.500,0.010
142.66,-11.874,0.003,-1.504,-11.883,-0.000,1.500,0.011
142.68,-11.874,0.003,-1.504,-11.883,-0.000,1.500,0.011
142.70,-11.874,0.003,-1.504,-11.883,-0.000,1.500,0.011
142.72,-11.872,0.002,-1.504,-11.883,-0.000,1.500,0.012
142.74,-11.872,0.002,-1.504,-11.883,-0.000,1.500,0.012
142.76,-11.871,0.001,-1.504,-11.883,-0.000,1.500,0.013
142.78,-11.871,0.001,-1.504,-11.883,-0.000,1.500,0.013
142.80,-11.870,0.001,-1.504,-11.883,-0.000,1.500,0.014
142.82,-11.870,0.001,-1.504,-11.883,-0.000,1.500,0.014
142.85,-11.870,0.000,-1.504,-11.883,-0.000,1.500,0.014
142.87,-11.870,0.000,-1.504,-11.883,-0.000,1.500,0.014
142.89,-11.869,-0.000,-1.503,-11.883,-0.000,1.500,0.014
142.91,-11.869,-0.000,-1.503,-11.883,-0.000,1.500,0.014
142.93,-11.869,-0.000,-1.503,-11.883,-0.000,1.500,0.014
142.95,-11.869,-0.000,-1.503,-11.883,-0.000,1.500,0.014
142.97,-11.869,-0.001,-1.503,-11.883,-0.000,1.500,0.014
142.99,-11.869,-0.001,-1.503,-11.883,-0.000,1.500,0.014
143.01,-11.869,-0.001,-1.503,-11.883,-0.000,1.500,0.014
143.03,-11.869,-0.001,-1.503,-11.883,-0.000,1.500,0.014
143.05,-11.870,-0.001,-1.503,-11.883,-0.000,1.500,0.014
143.08,-11.870,-0.001,-1.503,-11.883,-0.000,1.500,0.014
143.10,-11.870,-0.002,-1.504,-11.883,-0.000,1.500,0.014
143.12,-11.870,-0.002,-1.504,-11.883,-0.000,1.500,0.014
143.14,-11.871,-0.002,-1.504,-11.883,-0.000,1.500,0.013
143.16,-11.871,-0.002,-1.504,-11.883,-0.000,1.500,0.013
143.18,-11.871,-0.002,-1.504,-11.883,-0.000,1.500,0.013
143.20,-11.873,-0.003,-1.505,-11.883,-0.000,1.500,0.012
143.22,-11.873,-0.003,-1.505,-11.883,-0.000,1.500,0.012
143.24,-11.874,-0.004,-1.505,-11.883,-0.000,1.500,0.011
143.26,-11.874,-0.004,-1.505,-11.883,-0.000,1.500,0.011
143.28,-11.875,-0.004,-1.505,-11.883,-0.000,1.500,0.011
143.30,-11.875,-0.004,-1.505,-11.883,-0.000,1.500,0.011
143.33,-11.876,-0.005,-1.505,-11.883,-0.000,1.500,0.010
143.35,-11.876,-0.005,-1.505,-11.883,-0.000,1.500,0.010
143.37,-11.878,-0.006,-1.505,-11.883,-0.000,1.500,0.009
143.39,-11.878,-0.006,-1.505,-11.883,-0.000,1.500,0.009
143.41,-11.879,-0.007,-1.505,-11.883,-0.000,1.500,0.009
143.43,-11.879,-0.007,-1.505,-11.883,-0.000,1.500,0.009
143.45,-11.881,-0.007,-1.505,-11.883,-0.000,1.500,0.009
143.47,-11.881,-0.007,-1.505,-11.883,-0.000,1.500,0.009
143.49,-11.883,-0.008,-1.504,-11.883,-0.000,1.500,0.010
143.51,-11.883,-0.008,-1.504,-11.883,-0.000,1.500,0.010
143.53,-11.884,-0.009,-1.504,-11.883,-0.000,1.500,0.010
143.55,-11.884,-0.009,-1.504,-11.883,-0.000,1.500,0.010
143.58,-11.886,-0.010,-1.504,-11.883,-0.000,1.500,0.011
143.60,-11.886,-0.010,-1.504,-11.883,-0.000,1.500,0.011
143.62,-11.887,-0.010,-1.504,-11.883,-0.000,1.500,0.012
143.64,-11.887,-0.010,-1.504,-11.883,-0.000,1.500,0.012
143.66,-11.888,-0.011,-1.504,-11.883,-0.000,1.500,0.013
143.68,-11.888,-0.011,-1.504,-11.883,-0.000,1.500,0.013
143.70,-11.888,-0.011,-1.504,-11.883,-0.000,1.500,0.013
143.72,-11.889,-0.012,-1.504,-11.883,-0.000,1.500,0.014
143.74,-11.889,-0.012,-1.504,-11.883,-0.000,1.500,0.014
143.76,-11.889,-0.012,-1.504,-11.883,-0.000,1.500,0.014
143.78,-11.889,-0.012,-1.504,-11.883,-0.000,1.500,0.014
143.80,-11.889,-0.013,-1.504,-11.883,-0.000,1.500,0.015
143.83,-11.889,-0.013,-1.504,-11.883,-0.000,1.500,0.015
143.85,-11.889,-0.013,-1.504,-11.883,-0.000,1.500,0.015
143.87,-11.889,-0.013,-1.504,-11.883,-0.000,1.500,0.015
143.89,-11.888,-0.014,-1.504,-11.883,-0.000,1.500,0.015
143.91,-11.888,-0.014,-1.504,-11.883,-0.000,1.500,0.015
143.93,-11.887,-0.014,-1.503,-11.883,-0.000,1.500,0.015
143.95,-11.887,-0.014,-1.503,-11.883,-0.000,1.500,0.015
143.97,-11.887,-0.014,-1.503,-11.883,-0.000,1.500,0.015
143.99,-11.887,-0.014,-1.503,-11.883,-0.000,1.500,0.015
144.01,-11.885,-0.014,-1.503,-11.883,-0.000,1.500,0.014
144.03,-11.885,-0.014,-1.503,-11.883,-0.000,1.500,0.014
144.05,-11.884,-0.013,-1.503,-11.883,-0.000,1.500,0.013
144.07,-11.884,-0.013,-1.503,-11.883,-0.000,1.500,0.013
144.10,-11.883,-0.013,-1.502,-11.883,-0.000,1.500,0.013
144.12,-11.883,-0.013,-1.502,-11.883,-0.000,1.500,0.013
144.14,-11.882,-0.012,-1.502,-11.883,-0.000,1.500,0.012
144.16,-11.882,-0.012,-1.502,-11.883,-0.000,1.500,0.012
144.18,-11.881,-0.011,-1.502,-11.883,-0.000,1.500,0.012
144.20,-11.881,-0.011,-1.502,-11.883,-0.000,1.500,0.012
144.22,-11.881,-0.011,-1.502,-11.883,-0.000,1.500,0.012
144.24,-11.880,-0.010,-1.502,-11.883,-0.000,1.500,0.011
144.26,-11.880,-0.010,-1.502,-11.883,-0.000,1.500,0.011
144.28,-11.879,-0.010,-1.501,-11.883,-0.000,1.500,0.011
144.30,-11.879,-0.010,-1.501,-11.883,-0.000,1.500,0.011
144.32,-11.879,-0.009,-1.501,-11.883,-0.000,1.500,0.010
144.34,-11.879,-0.009,-1.501,-11.883,-0.000,1.500,0.010
144.37,-11.879,-0.008,-1.501,-11.883,-0.000,1.500,0.009
144.39,-11.879,-0.008,-1.501,-11.883,-0.000,1.500,0.009
144.41,-11.879,-0.008,-1.501,-11.883,-0.000,1.500,0.009
144.43,-11.879,-0.008,-1.501,-11.883,-0.000,1.500,0.009
144.45,-11.880,-0.007,-1.501,-11.883,-0.000,1.500,0.008
144.47,-11.880,-0.007,-1.501,-11.883,-0.000,1.500,0.008
144.49,-11.880,-0.006,-1.501,-11.883,-0.000,1.500,0.007
144.51,-11.880,-0.006,-1.501,-11.883,-0.000,1.500,0.007
144.53,-11.881,-0.006,-1.501,-11.883,-0.000,1.500,0.006
144.55,-11.881,-0.006,-1.501,-11.883,-0.000,1.500,0.006
144.57,-11.882,-0.005,-1.500,-11.883,-0.000,1.500,0.005
144.60,-11.882,-0.005,-1.500,-11.883,-0.000,1.500,0.005
144.62,-11.882,-0.004,-1.500,-11.883,-0.000,1.500,0.004
144.64,-11.882,-0.004,-1.500,-11.883,-0.000,1.500,0.004
144.66,-11.883,-0.003,-1.500,-11.883,-0.000,1.500,0.003
144.68,-11.883,-0.003,-1.500,-11.883,-0.000,1.500,0.003
144.70,-11.883,-0.003,-1.500,-11.883,-0.000,1.500,0.003
144.72,-11.885,-0.002,-1.500,-11.883,-0.000,1.500,0.002
144.74,-11.885,-0.002,-1.500,-11.883,-0.000,1.500,0.002
144.76,-11.885,-0.001,-1.499,-11.883,-0.000,1.500,0.002
144.78,-11.885,-0.001,-1.499,-11.883,-0.000,1.500,0.002
144.80,-11.886,0.001,-1.499,-11.883,-0.000,1.500,0.003
144.82,-11.886,0.001,-1.499,-11.883,-0.000,1.500,0.003
144.85,-11.887,0.002,-1.499,-11.883,-0.000,1.500,0.004
144.87,-11.887,0.002,-1.499,-11.883,-0.000,1.500,0.004
144.89,-11.888,0.003,-1.499,-11.883,-0.000,1.500,0.006
144.91,-11.888,0.003,-1.499,-11.883,-0.000,1.500,0.006
144.93,-11.889,0.004,-1.499,-11.883,-0.000,1.500,0.007
144.95,-11.889,0.004,-1.499,-11.883,-0.000,1.500,0.007
144.97,-11.889,0.005,-1.498,-11.883,-0.000,1.500,0.008
144.99,-11.889,0.005,-1.498,-11.883,-0.000,1.500,0.008
145.01,-11.890,0.006,-1.498,-11.883,-0.000,1.500,0.010
145.03,-11.890,0.006,-1.498,-11.883,-0.000,1.500,0.010
145.06,-11.891,0.007,-1.497,-11.883,-0.000,1.500,0.011
145.08,-11.891,0.007,-1.497,-11.883,-0.000,1.500,0.011
145.10,-11.892,0.009,-1.497,-11.883,-0.000,1.500,0.013
145.12,-11.892,0.009,-1.497,-11.883,-0.000,1.500,0.013
145.14,-11.893,0.010,-1.496,-11.883,-0.000,1.500,0.014
145.16,-11.893,0.010,-1.496,-11.883,-0.000,1.500,0.014
145.18,-11.893,0.011,-1.496,-11.883,-0.000,1.500,0.016
145.20,-11.893,0.011,-1.496,-11.883,-0.000,1.500,0.016
145.22,-11.893,0.011,-1.496,-11.883,-0.000,1.500,0.016
145.24,-11.894,0.012,-1.496,-11.883,-0.000,1.500,0.017
145.26,-11.894,0.012,-1.496,-11.883,-0.000,1.500,0.017
145.28,-11.895,0.013,-1.496,-11.883,-0.000,1.500,0.018
145.30,-11.895,0.013,-1.496,-11.883,-0.000,1.500,0.018
145.33,-11.895,0.014,-1.495,-11.883,-0.000,1.500,0.019
145.35,-11.895,0.014,-1.495,-11.883,-0.000,1.500,0.019
145.37,-11.896,0.015,-1.495,-11.883,-0.000,1.500,0.020
145.39,-11.896,0.015,-1.495,-11.883,-0.000,1.500,0.020
145.41,-11.896,0.016,-1.495,-11.883,-0.000,1.500,0.021
145.43,-11.896,0.016,-1.495,-11.883,-0.000,1.500,0.021
145.45,-11.897,0.016,-1.495,-11.883,-0.000,1.500,0.022
145.47,-11.897,0.016,-1.495,-11.883,-0.000,1.500,0.022
145.49,-11.897,0.017,-1.494,-11.883,-0.000,1.500,0.023
145.51,-11.897,0.017,-1.494,-11.883,-0.000,1.500,0.023
145.53,-11.898,0.018,-1.494,-11.883,-0.000,1.500,0.024
145.56,-11.898,0.018,-1.494,-11.883,-0.000,1.500,0.024
145.58,-11.899,0.018,-1.493,-11.883,-0.000,1.500,0.025
145.60,-11.899,0.018,-1.493,-11.883,-0.000,1.500,0.025
145.62,-11.899,0.018,-1.493,-11.883,-0.000,1.500,0.026
145.64,-11.899,0.018,-1.493,-11.883,-0.000,1.500,0.026
145.66,-11.900,0.019,-1.492,-11.883,-0.000,1.500,0.027
145.68,-11.900,0.019,-1.492,-11.883,-0.000,1.500,0.027
145.70,-11.900,0.019,-1.492,-11.883,-0.000,1.500,0.027
145.72,-11.901,0.019,-1.491,-11.883,-0.000,1.500,0.028
145.74,-11.901,0.019,-1.491,-11.883,-0.000,1.500,0.028
145.76,-11.902,0.020,-1.490,-11.883,-0.000,1.500,0.029
145.78,-11.902,0.020,-1.490,-11.883,-0.000,1.500,0.029
145.80,-11.902,0.020,-1.490,-11.883,-0.000,1.500,0.029
145.83,-11.902,0.020,-1.490,-11.883,-0.000,1.500,0.029
145.85,-11.903,0.020,-1.489,-11.883,-0.000,1.500,0.030
145.87,-11.903,0.020,-1.489,-11.883,-0.000,1.500,0.030
145.89,-11.903,0.020,-1.488,-11.883,-0.000,1.500,0.030
145.91,-11.903,0.020,-1.488,-11.883,-0.000,1.500,0.030
145.93,-11.903,0.020,-1.488,-11.883,-0.000,1.500,0.031
145.95,-11.903,0.020,-1.488,-11.883,-0.000,1.500,0.031
145.97,-11.904,0.019,-1.488,-11.883,-0.000,1.500,0.031
145.99,-11.904,0.019,-1.488,-11.883,-0.000,1.500,0.031
146.01,-11.904,0.019,-1.487,-11.883,-0.000,1.500,0.031
146.03,-11.904,0.019,-1.487,-11.883,-0.000,1.500,0.031
146.05,-11.904,0.019,-1.487,-11.883,-0.000,1.500,0.031
146.08,-11.904,0.019,-1.487,-11.883,-0.000,1.500,0.031
146.10,-11.904,0.019,-1.487,-11.883,-0.000,1.500,0.031
146.12,-11.904,0.019,-1.487,-11.883,-0.000,1.500,0.031
146.14,-11.903,0.019,-1.487,-11.883,-0.000,1.500,0.030
146.16,-11.903,0.019,-1.487,-11.883,-0.000,1.500,0.030
146.18,-11.903,0.019,-1.487,-11.883,-0.000,1.500,0.030
146.20,-11.903,0.019,-1.487,-11.883,-0.000,1.500,0.030
146.22,-11.903,0.019,-1.487,-11.883,-0.000,1.500,0.030
146.24,-11.902,0.019,-1.487,-11.883,-0.000,1.500,0.030
146.26,-11.902,0.019,-1.487,-11.883,-0.000,1.500,0.030
146.28,-11.902,0.018,-1.487,-11.883,-0.000,1.500,0.029
146.30,-11.902,0.018,-1.487,-11.883,-0.000,1.500,0.029
146.32,-11.901,0.018,-1.486,-11.883,-0.000,1.500,0.029
146.34,-11.901,0.018,-1.486,-11.883,-0.000,1.500,0.029
146.37,-11.900,0.018,-1.486,-11.883,-0.000,1.500,0.028
146.39,-11.900,0.018,-1.486,-11.883,-0.000,1.500,0.028
146.41,-11.899,0.018,-1.485,-11.883,-0.000,1.500,0.028
146.43,-11.899,0.018,-1.485,-11.883,-0.000,1.500,0.028
146.45,-11.898,0.018,-1.485,-11.883,-0.000,1.500,0.027
146.47,-11.898,0.018,-1.485,-11.883,-0.000,1.500,0.027
146.49,-11.896,0.017,-1.484,-11.883,-0.000,1.500,0.027
146.51,-11.896,0.017,-1.484,-11.883,-0.000,1.500,0.027
146.53,-11.894,0.017,-1.484,-11.883,-0.000,1.500,0.026
146.55,-11.894,0.017,-1.484,-11.883,-0.000,1.500,0.026
146.57,-11.893,0.017,-1.483,-11.883,-0.000,1.500,0.025
146.59,-11.893,0.017,-1.483,-11.883,-0.000,1.500,0.025
146.62,-11.891,0.017,-1.483,-11.883,-0.000,1.500,0.025
146.64,-11.891,0.017,-1.483,-11.883,-0.000,1.500,0.025
146.66,-11.889,0.017,-1.483,-11.883,-0.000,1.500,0.024
146.68,-11.889,0.017,-1.483,-11.883,-0.000,1.500,0.024
146.70,-11.887,0.016,-1.483,-11.883,-0.000,1.500,0.024
146.72,-11.887,0.016,-1.483,-11.883,-0.000,1.500,0.024
146.74,-11.887,0.016,-1.483,-11.883,-0.000,1.500,0.024
146.76,-11.884,0.016,-1.482,-11.883,-0.000,1.500,0.024
146.78,-11.884,0.016,-1.482,-11.883,-0.000,1.500,0.024
146.80,-11.882,0.015,-1.482,-11.883,-0.000,1.500,0.023
146.82,-11.882,0.015,-1.482,-11.883,-0.000,1.500,0.023
146.84,-11.880,0.015,-1.482,-11.883,-0.000,1.500,0.023
146.86,-11.880,0.015,-1.482,-11.883,-0.000,1.500,0.023
146.89,-11.879,0.014,-1.483,-11.883,-0.000,1.500,0.023
146.91,-11.879,0.014,-1.483,-11.883,-0.000,1.500,0.023
146.93,-11.878,0.014,-1.483,-11.883,-0.000,1.500,0.022
146.95,-11.878,0.014,-1.483,-11.883,-0.000,1.500,0.022
146.97,-11.877,0.013,-1.483,-11.883,-0.000,1.500,0.022
146.99,-11.877,0.013,-1.483,-11.883,-0.000,1.500,0.022
147.01,-11.876,0.012,-1.484,-11.883,-0.000,1.500,0.021
147.03,-11.876,0.012,-1.484,-11.883,-0.000,1.500,0.021
147.05,-11.876,0.011,-1.484,-11.883,-0.000,1.500,0.021
147.07,-11.876,0.011,-1.484,-11.883,-0.000,1.500,0.021
147.09,-11.875,0.010,-1.485,-11.883,-0.000,1.500,0.020
147.11,-11.875,0.010,-1.485,-11.883,-0.000,1.500,0.020
147.14,-11.875,0.009,-1.485,-11.883,-0.000,1.500,0.019
147.16,-11.875,0.009,-1.485,-11.883,-0.000,1.500,0.019
147.18,-11.875,0.009,-1.485,-11.883,-0.000,1.500,0.018
147.20,-11.875,0.009,-1.485,-11.883,-0.000,1.500,0.018
147.22,-11.875,0.009,-1.485,-11.883,-0.000,1.500,0.018
147.24,-11.876,0.007,-1.486,-11.883,-0.000,1.500,0.017
147.26,-11.876,0.007,-1.486,-11.883,-0.000,1.500,0.017
147.28,-11.877,0.006,-1.487,-11.883,-0.000,1.500,0.015
147.30,-11.877,0.006,-1.487,-11.883,-0.000,1.500,0.015
147.32,-11.878,0.005,-1.488,-11.883,-0.000,1.500,0.014
147.34,-11.878,0.005,-1.488,-11.883,-0.000,1.500,0.014
147.36,-11.878,0.004,-1.489,-11.883,-0.000,1.500,0.013
147.38,-11.878,0.004,-1.489,-11.883,-0.000,1.500,0.013
147.41,-11.879,0.003,-1.489,-11.883,-0.000,1.500,0.012
147.43,-11.879,0.003,-1.489,-11.883,-0.000,1.500,0.012
147.45,-11.879,0.002,-1.490,-11.883,-0.000,1.500,0.011
147.47,-11.879,0.002,-1.490,-11.883,-0.000,1.500,0.011
147.49,-11.880,0.001,-1.491,-11.883,-0.000,1.500,0.010
147.51,-11.880,0.001,-1.491,-11.883,-0.000,1.500,0.010
147.53,-11.880,0.001,-1.491,-11.883,-0.000,1.500,0.009
147.55,-11.880,0.001,-1.491,-11.883,-0.000,1.500,0.009
147.57,-11.880,-0.000,-1.492,-11.883,-0.000,1.500,0.008
147.59,-11.880,-0.000,-1.492,-11.883,-0.000,1.500,0.008
147.61,-11.880,-0.001,-1.493,-11.883,-0.000,1.500,0.008
147.63,-11.880,-0.001,-1.493,-11.883,-0.000,1.500,0.008
147.66,-11.881,-0.001,-1.493,-11.883,-0.000,1.500,0.007
147.68,-11.881,-0.001,-1.493,-11.883,-0.000,1.500,0.007
147.70,-11.881,-0.001,-1.494,-11.883,-0.000,1.500,0.006
147.72,-11.881,-0.001,-1.494,-11.883,-0.000,1.500,0.006
147.74,-11.881,-0.001,-1.494,-11.883,-0.000,1.500,0.006
147.76,-11.882,-0.002,-1.496,-11.883,-0.000,1.500,0.005
147.78,-11.882,-0.002,-1.496,-11.883,-0.000,1.500,0.005
147.80,-11.883,-0.002,-1.496,-11.883,-0.000,1.500,0.004
147.82,-11.883,-0.002,-1.496,-11.883,-0.000,1.500,0.004
147.84,-11.884,-0.002,-1.497,-11.883,-0.000,1.500,0.004
147.86,-11.884,-0.002,-1.497,-11.883,-0.000,1.500,0.004
147.88,-11.885,-0.002,-1.497,-11.883,-0.000,1.500,0.004
147.90,-11.885,-0.002,-1.497,-11.883,-0.000,1.500,0.004
147.93,-11.886,-0.002,-1.497,-11.883,-0.000,1.500,0.004
147.95,-11.886,-0.002,-1.497,-11.883,-0.000,1.500,0.004
147.97,-11.886,-0.002,-1.498,-11.883,-0.000,1.500,0.004
147.99,-11.886,-0.002,-1.498,-11.883,-0.000,1.500,0.004
148.01,-11.887,-0.002,-1.498,-11.883,-0.000,1.500,0.005
148.03,-11.887,-0.002,-1.498,-11.883,-0.000,1.500,0.005
148.05,-11.888,-0.002,-1.498,-11.883,-0.000,1.500,0.005
148.07,-11.888,-0.002,-1.498,-11.883,-0.000,1.500,0.005
148.09,-11.889,-0.002,-1.498,-11.883,-0.000,1.500,0.006
148.11,-11.889,-0.002,-1.498,-11.883,-0.000,1.500,0.006
148.13,-11.889,-0.002,-1.498,-11.883,-0.000,1.500,0.006
148.15,-11.889,-0.002,-1.498,-11.883,-0.000,1.500,0.006
148.18,-11.890,-0.002,-1.498,-11.883,-0.000,1.500,0.007
148.20,-11.890,-0.002,-1.498,-11.883,-0.000,1.500,0.007
148.22,-11.890,-0.001,-1.499,-11.883,-0.000,1.500,0.007
148.24,-11.890,-0.001,-1.499,-11.883,-0.000,1.500,0.007
148.26,-11.890,-0.001,-1.499,-11.883,-0.000,1.500,0.007
148.28,-11.891,-0.000,-1.499,-11.883,-0.000,1.500,0.007
148.30,-11.891,-0.000,-1.499,-11.883,-0.000,1.500,0.007
148.32,-11.891,0.000,-1.500,-11.883,-0.000,1.500,0.008
148.34,-11.891,0.000,-1.500,-11.883,-0.000,1.500,0.008
148.36,-11.891,0.001,-1.501,-11.883,-0.000,1.500,0.008
148.38,-11.891,0.001,-1.501,-11.883,-0.000,1.500,0.008
148.40,-11.891,0.002,-1.501,-11.883,-0.000,1.500,0.008
148.42,-11.891,0.002,-1.501,-11.883,-0.000,1.500,0.008
148.45,-11.891,0.003,-1.502,-11.883,-0.000,1.500,0.009
148.47,-11.891,0.003,-1.502,-11.883,-0.000,1.500,0.009
148.49,-11.891,0.004,-1.502,-11.883,-0.000,1.500,0.009
148.51,-11.891,0.004,-1.502,-11.883,-0.000,1.500,0.009
148.53,-11.891,0.006,-1.503,-11.883,-0.000,1.500,0.010
148.55,-11.891,0.006,-1.503,-11.883,-0.000,1.500,0.010
148.57,-11.891,0.007,-1.503,-11.883,-0.000,1.500,0.011
148.59,-11.891,0.007,-1.503,-11.883,-0.000,1.500,0.011
148.61,-11.891,0.009,-1.504,-11.883,-0.000,1.500,0.012
148.63,-11.891,0.009,-1.504,-11.883,-0.000,1.500,0.012
148.65,-11.891,0.010,-1.504,-11.883,-0.000,1.500,0.013
148.67,-11.891,0.010,-1.504,-11.883,-0.000,1.500,0.013
148.69,-11.891,0.012,-1.504,-11.883,-0.000,1.500,0.014
148.72,-11.891,0.012,-1.504,-11.883,-0.000,1.500,0.014
148.74,-11.891,0.012,-1.504,-11.883,-0.000,1.500,0.014
148.76,-11.890,0.014,-1.504,-11.883,-0.000,1.500,0.016
148.78,-11.890,0.014,-1.504,-11.883,-0.000,1.500,0.016
148.80,-11.890,0.016,-1.503,-11.883,-0.000,1.500,0.018
148.82,-11.890,0.016,-1.503,-11.883,-0.000,1.500,0.018
148.84,-11.889,0.018,-1.503,-11.883,-0.000,1.500,0.019
148.86,-11.889,0.018,-1.503,-11.883,-0.000,1.500,0.019
148.88,-11.888,0.020,-1.503,-11.883,-0.000,1.500,0.021
148.90,-11.888,0.020,-1.503,-11.883,-0.000,1.500,0.021
148.92,-11.888,0.022,-1.502,-11.883,-0.000,1.500,0.022
148.95,-11.888,0.022,-1.502,-11.883,-0.000,1.500,0.022
148.97,-11.887,0.023,-1.502,-11.883,-0.000,1.500,0.024
148.99,-11.887,0.023,-1.502,-11.883,-0.000,1.500,0.024
149.01,-11.886,0.025,-1.502,-11.883,-0.000,1.500,0.025
149.03,-11.886,0.025,-1.502,-11.883,-0.000,1.500,0.025
149.05,-11.885,0.027,-1.502,-11.883,-0.000,1.500,0.027
149.07,-11.885,0.027,-1.502,-11.883,-0.000,1.500,0.027
149.09,-11.884,0.028,-1.502,-11.883,-0.000,1.500,0.028
149.11,-11.884,0.028,-1.502,-11.883,-0.000,1.500,0.028
149.13,-11.883,0.030,-1.502,-11.883,-0.000,1.500,0.030
149.15,-11.883,0.030,-1.502,-11.883,-0.000,1.500,0.030
149.17,-11.882,0.031,-1.502,-11.883,-0.000,1.500,0.032
149.20,-11.882,0.031,-1.502,-11.883,-0.000,1.500,0.032
149.22,-11.881,0.033,-1.502,-11.883,-0.000,1.500,0.033
149.24,-11.881,0.033,-1.502,-11.883,-0.000,1.500,0.033
149.26,-11.881,0.033,-1.502,-11.883,-0.000,1.500,0.033
149.28,-11.879,0.035,-1.502,-11.883,-0.000,1.500,0.035
149.30,-11.879,0.035,-1.502,-11.883,-0.000,1.500,0.035
149.32,-11.878,0.036,-1.503,-11.883,-0.000,1.500,0.036
149.34,-11.878,0.036,-1.503,-11.883,-0.000,1.500,0.036
149.36,-11.878,0.037,-1.503,-11.883,-0.000,1.500,0.037
149.38,-11.878,0.037,-1.503,-11.883,-0.000,1.500,0.037
149.40,-11.877,0.038,-1.503,-11.883,-0.000,1.500,0.038
149.42,-11.877,0.038,-1.503,-11.883,-0.000,1.500,0.038
149.44,-11.876,0.038,-1.503,-11.883,-0.000,1.500,0.039
149.47,-11.876,0.038,-1.503,-11.883,-0.000,1.500,0.039
149.49,-11.876,0.039,-1.503,-11.883,-0.000,1.500,0.039
149.51,-11.876,0.039,-1.503,-11.883,-0.000,1.500,0.039
149.53,-11.876,0.039,-1.502,-11.883,-0.000,1.500,0.040
149.55,-11.876,0.039,-1.502,-11.883,-0.000,1.500,0.040
149.57,-11.875,0.039,-1.502,-11.883,-0.000,1.500,0.040
149.59,-11.875,0.039,-1.502,-11.883,-0.000,1.500,0.040
149.61,-11.875,0.039,-1.501,-11.883,-0.000,1.500,0.040
149.63,-11.875,0.039,-1.501,-11.883,-0.000,1.500,0.040
149.65,-11.875,0.039,-1.501,-11.883,-0.000,1.500,0.040
149.67,-11.875,0.039,-1.501,-11.883,-0.000,1.500,0.040
149.69,-11.874,0.039,-1.501,-11.883,-0.000,1.500,0.040
149.71,-11.874,0.039,-1.501,-11.883,-0.000,1.500,0.040
149.74,-11.874,0.039,-1.501,-11.883,-0.000,1.500,0.040
149.76,-11.874,0.038,-1.501,-11.883,-0.000,1.500,0.039
149.78,-11.874,0.038,-1.501,-11.883,-0.000,1.500,0.039
149.80,-11.874,0.037,-1.501,-11.883,-0.000,1.500,0.038
149.82,-11.874,0.037,-1.501,-11.883,-0.000,1.500,0.038
149.84,-11.875,0.036,-1.501,-11.883,-0.000,1.500,0.037
149.86,-11.875,0.036,-1.501,-11.883,-0.000,1.500,0.037
149.88,-11.875,0.035,-1.501,-11.883,-0.000,1.500,0.036
149.90,-11.875,0.035,-1.501,-11.883,-0.000,1.500,0.036
149.92,-11.875,0.034,-1.501,-11.883,-0.000,1.500,0.035
149.94,-11.875,0.034,-1.501,-11.883,-0.000,1.500,0.035
149.96,-11.875,0.033,-1.502,-11.883,-0.000,1.500,0.034
149.98,-11.875,0.033,-1.502,-11.883,-0.000,1.500,0.034