t,px,py,pz,ex,ey,ez,err
0.00,0.046,0.021,0.005,-1.839,-0.119,0.827,2.066
0.02,0.046,0.021,0.005,-1.839,-0.119,0.827,2.066
0.04,0.046,0.020,0.005,-1.856,-0.111,0.824,2.079
0.06,0.046,0.020,0.005,-1.856,-0.111,0.824,2.079
0.08,0.046,0.020,0.005,-1.901,-0.088,0.813,2.114
0.10,0.046,0.020,0.005,-1.901,-0.088,0.813,2.114
0.12,0.046,0.020,0.005,-1.945,-0.065,0.802,2.150
0.15,0.046,0.020,0.005,-1.945,-0.065,0.802,2.150
0.17,0.047,0.019,0.004,-1.985,-0.044,0.791,2.183
0.19,0.047,0.019,0.004,-1.985,-0.044,0.791,2.183
0.21,0.047,0.018,0.004,-2.023,-0.024,0.781,2.214
0.23,0.047,0.018,0.004,-2.023,-0.024,0.781,2.214
0.25,0.047,0.016,0.004,-2.061,-0.004,0.769,2.246
0.27,0.047,0.016,0.004,-2.061,-0.004,0.769,2.246
0.29,0.047,0.015,0.004,-2.097,0.015,0.758,2.276
0.31,0.047,0.015,0.004,-2.097,0.015,0.758,2.276
0.33,0.047,0.014,0.003,-2.140,0.038,0.744,2.312
0.35,0.047,0.014,0.003,-2.140,0.038,0.744,2.312
0.37,0.047,0.013,0.003,-2.176,0.056,0.732,2.342
0.40,0.047,0.013,0.003,-2.176,0.056,0.732,2.342
0.42,0.047,0.012,0.002,-2.212,0.073,0.720,2.372
0.44,0.047,0.012,0.002,-2.212,0.073,0.720,2.372
0.46,0.047,0.011,0.002,-2.244,0.089,0.709,2.400
0.48,0.047,0.011,0.002,-2.244,0.089,0.709,2.400
0.50,0.046,0.011,0.001,-2.278,0.104,0.698,2.429
0.52,0.046,0.011,0.001,-2.278,0.104,0.698,2.429
0.54,0.046,0.010,0.001,-2.309,0.117,0.687,2.456
0.56,0.046,0.010,0.001,-2.309,0.117,0.687,2.456
0.58,0.046,0.010,0.001,-2.309,0.117,0.687,2.456
0.60,0.045,0.009,0.000,-2.359,0.137,0.669,2.499
0.62,0.045,0.009,0.000,-2.359,0.137,0.669,2.499
0.64,0.045,0.008,0.000,-2.392,0.148,0.657,2.528
0.67,0.045,0.008,0.000,-2.392,0.148,0.657,2.528
0.69,0.045,0.008,-0.000,-2.425,0.158,0.646,2.557
0.71,0.045,0.008,-0.000,-2.425,0.158,0.646,2.557
0.73,0.044,0.007,-0.000,-2.457,0.167,0.635,2.585
0.75,0.044,0.007,-0.000,-2.457,0.167,0.635,2.585
0.77,0.044,0.007,-0.001,-2.490,0.174,0.624,2.615
0.79,0.044,0.007,-0.001,-2.490,0.174,0.624,2.615
0.81,0.044,0.007,-0.001,-2.523,0.180,0.613,2.644
0.83,0.044,0.007,-0.001,-2.523,0.180,0.613,2.644
0.85,0.043,0.007,-0.001,-2.558,0.186,0.602,2.675
0.87,0.043,0.007,-0.001,-2.558,0.186,0.602,2.675
0.89,0.043,0.007,-0.001,-2.593,0.190,0.591,2.707
0.91,0.043,0.007,-0.001,-2.593,0.190,0.591,2.707
0.94,0.043,0.007,-0.001,-2.628,0.192,0.580,2.739
0.96,0.043,0.007,-0.001,-2.628,0.192,0.580,2.739
0.98,0.042,0.007,-0.001,-2.663,0.194,0.570,2.770
1.00,0.042,0.007,-0.001,-2.663,0.194,0.570,2.770
1.02,0.042,0.007,-0.001,-2.698,0.195,0.560,2.803
1.04,0.042,0.007,-0.001,-2.698,0.195,0.560,2.803
1.06,0.042,0.007,-0.001,-2.698,0.195,0.560,2.803
1.08,0.040,0.007,-0.001,-2.752,0.194,0.545,2.851
1.10,0.040,0.007,-0.001,-2.752,0.194,0.545,2.851
1.12,0.040,0.007,-0.001,-2.790,0.192,0.535,2.886
1.14,0.040,0.007,-0.001,-2.790,0.192,0.535,2.886
1.16,0.039,0.007,-0.001,-2.829,0.189,0.526,2.921
1.18,0.039,0.007,-0.001,-2.829,0.189,0.526,2.921
1.21,0.037,0.006,-0.001,-2.869,0.184,0.516,2.956
1.23,0.037,0.006,-0.001,-2.869,0.184,0.516,2.956
1.25,0.036,0.006,-0.001,-2.907,0.180,0.507,2.991
1.27,0.036,0.006,-0.001,-2.907,0.180,0.507,2.991
1.29,0.035,0.006,-0.000,-2.947,0.174,0.498,3.028
1.31,0.035,0.006,-0.000,-2.947,0.174,0.498,3.028
1.33,0.034,0.005,-0.000,-2.981,0.169,0.491,3.060
1.35,0.034,0.005,-0.000,-2.981,0.169,0.491,3.060
1.37,0.033,0.004,0.000,-3.021,0.162,0.483,3.096
1.39,0.033,0.004,0.000,-3.021,0.162,0.483,3.096
1.41,0.032,0.004,0.001,-3.063,0.154,0.475,3.135
1.43,0.032,0.004,0.001,-3.063,0.154,0.475,3.135
1.46,0.031,0.003,0.001,-3.107,0.145,0.467,3.177
1.48,0.031,0.003,0.001,-3.107,0.145,0.467,3.177
1.50,0.031,0.002,0.002,-3.149,0.136,0.460,3.216
1.52,0.031,0.002,0.002,-3.149,0.136,0.460,3.216
1.54,0.030,0.002,0.002,-3.190,0.127,0.453,3.255
1.56,0.030,0.002,0.002,-3.190,0.127,0.453,3.255
1.58,0.030,0.002,0.002,-3.190,0.127,0.453,3.255
1.60,0.029,0.000,0.002,-3.252,0.113,0.443,3.314
1.62,0.029,0.000,0.002,-3.252,0.113,0.443,3.314
1.64,0.029,-0.001,0.002,-3.295,0.103,0.436,3.354
1.66,0.029,-0.001,0.002,-3.295,0.103,0.436,3.354
1.68,0.028,-0.001,0.002,-3.339,0.092,0.430,3.396
1.70,0.028,-0.001,0.002,-3.339,0.092,0.430,3.396
1.72,0.027,-0.002,0.002,-3.382,0.081,0.424,3.437
1.75,0.027,-0.002,0.002,-3.382,0.081,0.424,3.437
1.77,0.026,-0.003,0.002,-3.424,0.071,0.418,3.476
1.79,0.026,-0.003,0.002,-3.424,0.071,0.418,3.476
1.81,0.026,-0.003,0.002,-3.465,0.061,0.413,3.516
1.83,0.026,-0.003,0.002,-3.465,0.061,0.413,3.516
1.85,0.025,-0.004,0.002,-3.506,0.050,0.408,3.555
1.87,0.025,-0.004,0.002,-3.506,0.050,0.408,3.555
1.89,0.024,-0.004,0.002,-3.546,0.040,0.404,3.593
1.91,0.024,-0.004,0.002,-3.546,0.040,0.404,3.593
1.93,0.023,-0.005,0.002,-3.589,0.030,0.399,3.634
1.95,0.023,-0.005,0.002,-3.589,0.030,0.399,3.634
1.97,0.022,-0.005,0.002,-3.631,0.019,0.395,3.675
1.99,0.022,-0.005,0.002,-3.631,0.019,0.395,3.675
2.02,0.021,-0.006,0.002,-3.672,0.009,0.392,3.715
2.04,0.021,-0.006,0.002,-3.672,0.009,0.392,3.715
2.06,0.020,-0.006,0.002,-3.713,-0.001,0.389,3.754
2.08,0.020,-0.006,0.002,-3.713,-0.001,0.389,3.754
2.10,0.020,-0.006,0.002,-3.713,-0.001,0.389,3.754
2.12,0.019,-0.006,0.002,-3.773,-0.015,0.385,3.812
2.14,0.019,-0.006,0.002,-3.773,-0.015,0.385,3.812
2.16,0.018,-0.006,0.003,-3.812,-0.024,0.382,3.850
2.18,0.018,-0.006,0.003,-3.812,-0.024,0.382,3.850
2.20,0.018,-0.006,0.003,-3.854,-0.033,0.380,3.890
2.22,0.018,-0.006,0.003,-3.854,-0.033,0.380,3.890
2.24,0.017,-0.006,0.004,-3.894,-0.042,0.379,3.930
2.27,0.017,-0.006,0.004,-3.894,-0.042,0.379,3.930
2.29,0.017,-0.006,0.005,-3.935,-0.050,0.378,3.970
2.31,0.017,-0.006,0.005,-3.935,-0.050,0.378,3.970
2.33,0.016,-0.006,0.005,-3.979,-0.058,0.377,4.014
2.35,0.016,-0.006,0.005,-3.979,-0.058,0.377,4.014
2.37,0.015,-0.006,0.006,-4.018,-0.065,0.377,4.051
2.39,0.015,-0.006,0.006,-4.018,-0.065,0.377,4.051
2.41,0.014,-0.006,0.007,-4.056,-0.072,0.377,4.089
2.43,0.014,-0.006,0.007,-4.056,-0.072,0.377,4.089
2.45,0.013,-0.006,0.008,-4.098,-0.079,0.377,4.130
2.47,0.013,-0.006,0.008,-4.098,-0.079,0.377,4.130
2.49,0.012,-0.006,0.009,-4.138,-0.086,0.378,4.168
2.52,0.012,-0.006,0.009,-4.138,-0.086,0.378,4.168
2.54,0.011,-0.006,0.010,-4.178,-0.092,0.379,4.208
2.56,0.011,-0.006,0.010,-4.178,-0.092,0.379,4.208
2.58,0.011,-0.006,0.010,-4.178,-0.092,0.379,4.208
2.60,0.010,-0.006,0.012,-4.237,-0.100,0.382,4.266
2.62,0.010,-0.006,0.012,-4.237,-0.100,0.382,4.266
2.64,0.009,-0.007,0.013,-4.275,-0.105,0.384,4.303
2.66,0.009,-0.007,0.013,-4.275,-0.105,0.384,4.303
2.68,0.008,-0.007,0.014,-4.315,-0.109,0.386,4.342
2.70,0.008,-0.007,0.014,-4.315,-0.109,0.386,4.342
2.72,0.007,-0.008,0.015,-4.356,-0.114,0.389,4.382
2.74,0.007,-0.008,0.015,-4.356,-0.114,0.389,4.382
2.77,0.006,-0.008,0.016,-4.396,-0.117,0.392,4.422
2.79,0.006,-0.008,0.016,-4.396,-0.117,0.392,4.422
2.81,0.005,-0.009,0.017,-4.437,-0.121,0.396,4.463
2.83,0.005,-0.009,0.017,-4.437,-0.121,0.396,4.463
2.85,0.004,-0.009,0.018,-4.478,-0.123,0.400,4.503
2.87,0.004,-0.009,0.018,-4.478,-0.123,0.400,4.503
2.89,0.004,-0.010,0.018,-4.517,-0.126,0.404,4.542
2.91,0.004,-0.010,0.018,-4.517,-0.126,0.404,4.542
2.93,0.003,-0.011,0.019,-4.556,-0.128,0.408,4.581
2.95,0.003,-0.011,0.019,-4.556,-0.128,0.408,4.581
2.97,0.003,-0.011,0.020,-4.598,-0.129,0.413,4.623
2.99,0.003,-0.011,0.020,-4.598,-0.129,0.413,4.623
3.01,0.002,-0.012,0.021,-4.640,-0.131,0.419,4.665
3.03,0.002,-0.012,0.021,-4.640,-0.131,0.419,4.665
3.06,0.002,-0.013,0.022,-4.682,-0.132,0.424,4.706
3.08,0.002,-0.013,0.022,-4.682,-0.132,0.424,4.706
3.10,0.002,-0.013,0.022,-4.682,-0.132,0.424,4.706
3.12,0.001,-0.014,0.023,-4.742,-0.132,0.433,4.767
3.14,0.001,-0.014,0.023,-4.742,-0.132,0.433,4.767
3.16,0.001,-0.015,0.024,-4.784,-0.132,0.439,4.808
3.18,0.001,-0.015,0.024,-4.784,-0.132,0.439,4.808
3.20,0.000,-0.016,0.025,-4.824,-0.131,0.446,4.848
3.22,0.000,-0.016,0.025,-4.824,-0.131,0.446,4.848
3.24,0.000,-0.016,0.026,-4.866,-0.131,0.453,4.891
3.26,0.000,-0.016,0.026,-4.866,-0.131,0.453,4.891
3.28,-0.000,-0.016,0.027,-4.909,-0.129,0.460,4.934
3.30,-0.000,-0.016,0.027,-4.909,-0.129,0.460,4.934
3.33,-0.000,-0.017,0.028,-4.951,-0.128,0.468,4.977
3.35,-0.000,-0.017,0.028,-4.951,-0.128,0.468,4.977
3.37,-0.001,-0.017,0.029,-4.989,-0.126,0.475,5.015
3.39,-0.001,-0.017,0.029,-4.989,-0.126,0.475,5.015
3.41,-0.002,-0.017,0.029,-5.031,-0.124,0.482,5.056
3.43,-0.002,-0.017,0.029,-5.031,-0.124,0.482,5.056
3.45,-0.003,-0.017,0.029,-5.071,-0.122,0.490,5.096
3.47,-0.003,-0.017,0.029,-5.071,-0.122,0.490,5.096
3.49,-0.004,-0.018,0.029,-5.114,-0.119,0.499,5.138
3.51,-0.004,-0.018,0.029,-5.114,-0.119,0.499,5.138
3.53,-0.006,-0.018,0.028,-5.156,-0.116,0.507,5.179
3.56,-0.006,-0.018,0.028,-5.156,-0.116,0.507,5.179
3.58,-0.006,-0.018,0.028,-5.156,-0.116,0.507,5.179
3.60,-0.010,-0.019,0.027,-5.219,-0.112,0.520,5.238
3.62,-0.010,-0.019,0.027,-5.219,-0.112,0.520,5.238
3.64,-0.014,-0.019,0.026,-5.260,-0.108,0.529,5.277
3.66,-0.014,-0.019,0.026,-5.260,-0.108,0.529,5.277
3.68,-0.021,-0.020,0.023,-5.300,-0.105,0.537,5.309
3.70,-0.021,-0.020,0.023,-5.300,-0.105,0.537,5.309
3.72,-0.027,-0.020,0.020,-5.342,-0.101,0.547,5.346
3.74,-0.027,-0.020,0.020,-5.342,-0.101,0.547,5.346
3.76,-0.035,-0.021,0.017,-5.384,-0.097,0.556,5.379
3.78,-0.035,-0.021,0.017,-5.384,-0.097,0.556,5.379
3.81,-0.043,-0.021,0.015,-5.425,-0.093,0.565,5.413
3.83,-0.043,-0.021,0.015,-5.425,-0.093,0.565,5.413
3.85,-0.057,-0.022,0.010,-5.464,-0.089,0.574,5.439
3.87,-0.057,-0.022,0.010,-5.464,-0.089,0.574,5.439
3.89,-0.071,-0.023,0.007,-5.504,-0.085,0.583,5.465
3.91,-0.071,-0.023,0.007,-5.504,-0.085,0.583,5.465
3.93,-0.088,-0.025,0.003,-5.543,-0.081,0.592,5.488
3.95,-0.088,-0.025,0.003,-5.543,-0.081,0.592,5.488
3.97,-0.109,-0.026,-0.000,-5.582,-0.076,0.601,5.507
3.99,-0.109,-0.026,-0.000,-5.582,-0.076,0.601,5.507
4.01,-0.139,-0.029,-0.002,-5.625,-0.072,0.610,5.520
4.03,-0.139,-0.029,-0.002,-5.625,-0.072,0.610,5.520
4.06,-0.168,-0.031,-0.003,-5.666,-0.067,0.620,5.532
4.08,-0.168,-0.031,-0.003,-5.666,-0.067,0.620,5.532
4.10,-0.168,-0.031,-0.003,-5.666,-0.067,0.620,5.532
4.12,-0.218,-0.030,-0.000,-5.724,-0.061,0.633,5.543
4.14,-0.218,-0.030,-0.000,-5.724,-0.061,0.633,5.543
4.16,-0.258,-0.027,0.005,-5.764,-0.056,0.642,5.543
4.18,-0.258,-0.027,0.005,-5.764,-0.056,0.642,5.543
4.20,-0.313,-0.020,0.015,-5.803,-0.052,0.651,5.530
4.22,-0.313,-0.020,0.015,-5.803,-0.052,0.651,5.530
4.24,-0.371,-0.007,0.033,-5.844,-0.047,0.660,5.517
4.26,-0.371,-0.007,0.033,-5.844,-0.047,0.660,5.517
4.28,-0.410,0.015,0.028,-5.884,-0.043,0.670,5.518
4.30,-0.410,0.015,0.028,-5.884,-0.043,0.670,5.518
4.33,-0.455,0.036,0.027,-5.925,-0.038,0.679,5.515
4.35,-0.455,0.036,0.027,-5.925,-0.038,0.679,5.515
4.37,-0.503,0.060,0.032,-5.965,-0.034,0.687,5.510
4.39,-0.503,0.060,0.032,-5.965,-0.034,0.687,5.510
4.41,-0.558,0.058,-0.001,-6.005,-0.030,0.696,5.492
4.43,-0.558,0.058,-0.001,-6.005,-0.030,0.696,5.492
4.45,-0.608,0.054,-0.028,-6.044,-0.025,0.705,5.479
4.47,-0.608,0.054,-0.028,-6.044,-0.025,0.705,5.479
4.49,-0.688,0.043,-0.066,-6.083,-0.021,0.713,5.434
4.51,-0.688,0.043,-0.066,-6.083,-0.021,0.713,5.434
4.53,-0.756,0.029,-0.096,-6.126,-0.017,0.722,5.407
4.55,-0.756,0.029,-0.096,-6.126,-0.017,0.722,5.407
4.58,-0.835,0.011,-0.125,-6.167,-0.013,0.731,5.367
4.60,-0.835,0.011,-0.125,-6.167,-0.013,0.731,5.367
4.62,-0.835,0.011,-0.125,-6.167,-0.013,0.731,5.367
4.64,-0.919,-0.013,-0.152,-6.226,-0.007,0.743,5.340
4.66,-0.919,-0.013,-0.152,-6.226,-0.007,0.743,5.340
4.68,-0.975,-0.034,-0.168,-6.267,-0.004,0.751,5.324
4.70,-0.975,-0.034,-0.168,-6.267,-0.004,0.751,5.324
4.72,-1.049,-0.068,-0.186,-6.306,-0.000,0.759,5.289
4.74,-1.049,-0.068,-0.186,-6.306,-0.000,0.759,5.289
4.76,-1.091,-0.090,-0.194,-6.348,0.003,0.767,5.289
4.78,-1.091,-0.090,-0.194,-6.348,0.003,0.767,5.289
4.80,-1.156,-0.126,-0.202,-6.389,0.006,0.774,5.266
4.83,-1.156,-0.126,-0.202,-6.389,0.006,0.774,5.266
4.85,-1.214,-0.158,-0.205,-6.431,0.009,0.782,5.252
4.87,-1.214,-0.158,-0.205,-6.431,0.009,0.782,5.252
4.89,-1.263,-0.184,-0.206,-6.471,0.012,0.789,5.244
4.91,-1.263,-0.184,-0.206,-6.471,0.012,0.789,5.244
4.93,-1.331,-0.217,-0.205,-6.512,0.015,0.796,5.219
4.95,-1.331,-0.217,-0.205,-6.512,0.015,0.796,5.219
4.97,-1.423,-0.255,-0.200,-6.551,0.017,0.803,5.171
4.99,-1.423,-0.255,-0.200,-6.551,0.017,0.803,5.171
5.01,-1.526,-0.291,-0.192,-6.595,0.020,0.810,5.115
5.03,-1.526,-0.291,-0.192,-6.595,0.020,0.810,5.115
5.05,-1.622,-0.317,-0.184,-6.636,0.022,0.817,5.065
5.08,-1.622,-0.317,-0.184,-6.636,0.022,0.817,5.065
5.10,-1.622,-0.317,-0.184,-6.636,0.022,0.817,5.065
5.12,-1.773,-0.347,-0.170,-6.698,0.025,0.827,4.982
5.14,-1.773,-0.347,-0.170,-6.698,0.025,0.827,4.982
5.16,-1.891,-0.363,-0.159,-6.739,0.027,0.833,4.910
5.18,-1.891,-0.363,-0.159,-6.739,0.027,0.833,4.910
5.20,-2.017,-0.373,-0.148,-6.779,0.029,0.839,4.828
5.22,-2.017,-0.373,-0.148,-6.779,0.029,0.839,4.828
5.24,-2.207,-0.379,-0.131,-6.818,0.030,0.845,4.685
5.26,-2.207,-0.379,-0.131,-6.818,0.030,0.845,4.685
5.28,-2.349,-0.377,-0.120,-6.861,0.031,0.851,4.589
5.30,-2.349,-0.377,-0.120,-6.861,0.031,0.851,4.589
5.32,-2.497,-0.370,-0.109,-6.903,0.032,0.857,4.487
5.34,-2.497,-0.370,-0.109,-6.903,0.032,0.857,4.487
5.37,-2.648,-0.358,-0.099,-6.944,0.033,0.863,4.381
5.39,-2.648,-0.358,-0.099,-6.944,0.033,0.863,4.381
5.41,-2.802,-0.343,-0.090,-6.985,0.034,0.868,4.271
5.43,-2.802,-0.343,-0.090,-6.985,0.034,0.868,4.271
5.45,-2.958,-0.324,-0.082,-7.026,0.035,0.873,4.160
5.47,-2.958,-0.324,-0.082,-7.026,0.035,0.873,4.160
5.49,-3.084,-0.307,-0.077,-7.066,0.036,0.879,4.076
5.51,-3.084,-0.307,-0.077,-7.066,0.036,0.879,4.076
5.53,-3.305,-0.275,-0.072,-7.108,0.036,0.884,3.901
5.55,-3.305,-0.275,-0.072,-7.108,0.036,0.884,3.901
5.57,-3.462,-0.251,-0.072,-7.151,0.036,0.889,3.789
5.59,-3.462,-0.251,-0.072,-7.151,0.036,0.889,3.789
5.61,-3.462,-0.251,-0.072,-7.151,0.036,0.889,3.789
5.64,-3.682,-0.217,-0.080,-7.213,0.037,0.897,3.633
5.66,-3.682,-0.217,-0.080,-7.213,0.037,0.897,3.633
5.68,-3.838,-0.194,-0.093,-7.254,0.037,0.901,3.518
5.70,-3.838,-0.194,-0.093,-7.254,0.037,0.901,3.518
5.72,-3.993,-0.171,-0.111,-7.295,0.037,0.906,3.403
5.74,-3.993,-0.171,-0.111,-7.295,0.037,0.906,3.403
5.76,-4.207,-0.141,-0.141,-7.335,0.036,0.911,3.226
5.78,-4.207,-0.141,-0.141,-7.335,0.036,0.911,3.226
5.80,-4.358,-0.121,-0.165,-7.377,0.036,0.916,3.114
5.82,-4.358,-0.121,-0.165,-7.377,0.036,0.916,3.114
5.84,-4.478,-0.105,-0.186,-7.420,0.036,0.921,3.036
5.86,-4.478,-0.105,-0.186,-7.420,0.036,0.921,3.036
5.89,-4.625,-0.087,-0.214,-7.462,0.035,0.925,2.928
5.91,-4.625,-0.087,-0.214,-7.462,0.035,0.925,2.928
5.93,-4.797,-0.067,-0.248,-7.503,0.035,0.930,2.792
5.95,-4.797,-0.067,-0.248,-7.503,0.035,0.930,2.792
5.97,-4.938,-0.051,-0.278,-7.545,0.035,0.935,2.689
5.99,-4.938,-0.051,-0.278,-7.545,0.035,0.935,2.689
6.01,-5.076,-0.035,-0.308,-7.585,0.034,0.939,2.588
6.03,-5.076,-0.035,-0.308,-7.585,0.034,0.939,2.588
6.05,-5.237,-0.018,-0.344,-7.627,0.033,0.944,2.465
6.07,-5.237,-0.018,-0.344,-7.627,0.033,0.944,2.465
6.09,-5.237,-0.018,-0.344,-7.627,0.033,0.944,2.465
6.12,-5.419,0.001,-0.386,-7.691,0.032,0.951,2.342
6.14,-5.419,0.001,-0.386,-7.691,0.032,0.951,2.342
6.16,-5.545,0.014,-0.414,-7.732,0.032,0.956,2.253
6.18,-5.545,0.014,-0.414,-7.732,0.032,0.956,2.253
6.20,-5.667,0.027,-0.442,-7.773,0.031,0.960,2.169
6.22,-5.667,0.027,-0.442,-7.773,0.031,0.960,2.169
6.24,-5.809,0.042,-0.474,-7.813,0.030,0.965,2.064
6.26,-5.809,0.042,-0.474,-7.813,0.030,0.965,2.064
6.28,-5.946,0.056,-0.504,-7.855,0.029,0.969,1.966
6.30,-5.946,0.056,-0.504,-7.855,0.029,0.969,1.966
6.32,-6.056,0.068,-0.527,-7.898,0.028,0.974,1.895
6.35,-6.056,0.068,-0.527,-7.898,0.028,0.974,1.895
6.37,-6.163,0.079,-0.549,-7.940,0.028,0.979,1.828
6.39,-6.163,0.079,-0.549,-7.940,0.028,0.979,1.828
6.41,-6.247,0.088,-0.565,-7.980,0.027,0.983,1.784
6.43,-6.247,0.088,-0.565,-7.980,0.027,0.983,1.784
6.45,-6.368,0.100,-0.587,-8.021,0.026,0.988,1.703
6.47,-6.368,0.100,-0.587,-8.021,0.026,0.988,1.703
6.49,-6.465,0.110,-0.604,-8.061,0.025,0.993,1.644
6.51,-6.465,0.110,-0.604,-8.061,0.025,0.993,1.644
6.53,-6.579,0.121,-0.622,-8.103,0.024,0.998,1.573
6.55,-6.579,0.121,-0.622,-8.103,0.024,0.998,1.573
6.57,-6.670,0.129,-0.635,-8.145,0.024,1.002,1.523
6.59,-6.670,0.129,-0.635,-8.145,0.024,1.002,1.523
6.62,-6.670,0.129,-0.635,-8.145,0.024,1.002,1.523
6.64,-6.793,0.140,-0.653,-8.207,0.022,1.010,1.463
6.66,-6.793,0.140,-0.653,-8.207,0.022,1.010,1.463
6.68,-6.878,0.147,-0.664,-8.248,0.022,1.015,1.420
6.70,-6.878,0.147,-0.664,-8.248,0.022,1.015,1.420
6.72,-6.992,0.155,-0.678,-8.288,0.021,1.019,1.346
6.74,-6.992,0.155,-0.678,-8.288,0.021,1.019,1.346
6.76,-7.071,0.160,-0.687,-8.329,0.020,1.024,1.309
6.78,-7.071,0.160,-0.687,-8.329,0.020,1.024,1.309
6.80,-7.148,0.165,-0.696,-8.371,0.019,1.029,1.276
6.82,-7.148,0.165,-0.696,-8.371,0.019,1.029,1.276
6.84,-7.223,0.169,-0.705,-8.413,0.019,1.035,1.244
6.87,-7.223,0.169,-0.705,-8.413,0.019,1.035,1.244
6.89,-7.296,0.172,-0.713,-8.455,0.018,1.040,1.215
6.91,-7.296,0.172,-0.713,-8.455,0.018,1.040,1.215
6.93,-7.367,0.175,-0.721,-8.495,0.017,1.045,1.185
6.95,-7.367,0.175,-0.721,-8.495,0.017,1.045,1.185
6.97,-7.436,0.178,-0.730,-8.537,0.017,1.050,1.158
6.99,-7.436,0.178,-0.730,-8.537,0.017,1.050,1.158
7.01,-7.503,0.180,-0.738,-8.578,0.016,1.055,1.132
7.03,-7.503,0.180,-0.738,-8.578,0.016,1.055,1.132
7.05,-7.583,0.182,-0.748,-8.622,0.016,1.061,1.098
7.07,-7.583,0.182,-0.748,-8.622,0.016,1.061,1.098
7.09,-7.647,0.184,-0.756,-8.664,0.015,1.066,1.076
7.12,-7.647,0.184,-0.756,-8.664,0.015,1.066,1.076
7.14,-7.647,0.184,-0.756,-8.664,0.015,1.066,1.076
7.16,-7.736,0.185,-0.768,-8.726,0.014,1.074,1.051
7.18,-7.736,0.185,-0.768,-8.726,0.014,1.074,1.051
7.20,-7.798,0.187,-0.777,-8.768,0.014,1.080,1.031
7.22,-7.798,0.187,-0.777,-8.768,0.014,1.080,1.031
7.24,-7.883,0.188,-0.790,-8.809,0.014,1.085,0.987
7.26,-7.883,0.188,-0.790,-8.809,0.014,1.085,0.987
7.28,-7.943,0.190,-0.798,-8.852,0.013,1.090,0.971
7.30,-7.943,0.190,-0.798,-8.852,0.013,1.090,0.971
7.32,-8.002,0.191,-0.807,-8.895,0.013,1.096,0.954
7.34,-8.002,0.191,-0.807,-8.895,0.013,1.096,0.954
7.37,-8.061,0.192,-0.817,-8.937,0.013,1.102,0.939
7.39,-8.061,0.192,-0.817,-8.937,0.013,1.102,0.939
7.41,-8.118,0.194,-0.826,-8.977,0.012,1.107,0.922
7.43,-8.118,0.194,-0.826,-8.977,0.012,1.107,0.922
7.45,-8.179,0.144,-0.825,-9.019,0.012,1.112,0.897
7.47,-8.179,0.144,-0.825,-9.019,0.012,1.112,0.897
7.49,-8.278,0.045,-0.818,-9.059,0.012,1.118,0.837
7.51,-8.278,0.045,-0.818,-9.059,0.012,1.118,0.837
7.53,-8.374,-0.057,-0.816,-9.100,0.011,1.123,0.791
7.55,-8.374,-0.057,-0.816,-9.100,0.011,1.123,0.791
7.57,-8.454,-0.150,-0.820,-9.143,0.011,1.129,0.772
7.60,-8.454,-0.150,-0.820,-9.143,0.011,1.129,0.772
7.62,-8.454,-0.150,-0.820,-9.143,0.011,1.129,0.772
7.64,-8.561,-0.274,-0.831,-9.206,0.011,1.137,0.768
7.66,-8.561,-0.274,-0.831,-9.206,0.011,1.137,0.768
7.68,-8.632,-0.352,-0.843,-9.246,0.011,1.143,0.774
7.70,-8.632,-0.352,-0.843,-9.246,0.011,1.143,0.774
7.72,-8.712,-0.434,-0.859,-9.286,0.011,1.148,0.782
7.74,-8.712,-0.434,-0.859,-9.286,0.011,1.148,0.782
7.76,-8.775,-0.492,-0.873,-9.326,0.010,1.153,0.797
7.78,-8.775,-0.492,-0.873,-9.326,0.010,1.153,0.797
7.80,-8.845,-0.548,-0.890,-9.367,0.010,1.159,0.810
7.82,-8.845,-0.548,-0.890,-9.367,0.010,1.159,0.810
7.85,-8.901,-0.584,-0.904,-9.410,0.010,1.165,0.825
7.87,-8.901,-0.584,-0.904,-9.410,0.010,1.165,0.825
7.89,-8.955,-0.613,-0.917,-9.450,0.010,1.170,0.836
7.91,-8.955,-0.613,-0.917,-9.450,0.010,1.170,0.836
7.93,-8.996,-0.631,-0.927,-9.490,0.010,1.175,0.846
7.95,-8.996,-0.631,-0.927,-9.490,0.010,1.175,0.846
7.97,-9.055,-0.648,-0.942,-9.529,0.010,1.180,0.845
7.99,-9.055,-0.648,-0.942,-9.529,0.010,1.180,0.845
8.01,-9.111,-0.657,-0.957,-9.569,0.010,1.186,0.840
8.03,-9.111,-0.657,-0.957,-9.569,0.010,1.186,0.840
8.05,-9.157,-0.658,-0.969,-9.611,0.009,1.191,0.838
8.07,-9.157,-0.658,-0.969,-9.611,0.009,1.191,0.838
8.10,-9.201,-0.654,-0.980,-9.652,0.009,1.197,0.831
8.12,-9.201,-0.654,-0.980,-9.652,0.009,1.197,0.831
8.14,-9.201,-0.654,-0.980,-9.652,0.009,1.197,0.831
8.16,-9.261,-0.642,-0.996,-9.711,0.009,1.204,0.818
8.18,-9.261,-0.642,-0.996,-9.711,0.009,1.204,0.818
8.20,-9.303,-0.629,-1.006,-9.750,0.009,1.210,0.805
8.22,-9.303,-0.629,-1.006,-9.750,0.009,1.210,0.805
8.24,-9.361,-0.605,-1.020,-9.788,0.009,1.215,0.773
8.26,-9.361,-0.605,-1.020,-9.788,0.009,1.215,0.773
8.28,-9.393,-0.589,-1.028,-9.829,0.009,1.220,0.765
8.30,-9.393,-0.589,-1.028,-9.829,0.009,1.220,0.765
8.32,-9.433,-0.567,-1.037,-9.870,0.009,1.225,0.747
8.35,-9.433,-0.567,-1.037,-9.870,0.009,1.225,0.747
8.37,-9.480,-0.539,-1.048,-9.910,0.009,1.230,0.719
8.39,-9.480,-0.539,-1.048,-9.910,0.009,1.230,0.719
8.41,-9.519,-0.513,-1.057,-9.915,0.009,1.231,0.677
8.43,-9.519,-0.513,-1.057,-9.915,0.009,1.231,0.677
8.45,-9.558,-0.487,-1.066,-9.954,0.009,1.236,0.657
8.47,-9.558,-0.487,-1.066,-9.954,0.009,1.236,0.657
8.49,-9.597,-0.460,-1.075,-9.992,0.008,1.241,0.635
8.51,-9.597,-0.460,-1.075,-9.992,0.008,1.241,0.635
8.53,-9.643,-0.427,-1.086,-10.033,0.008,1.246,0.606
8.55,-9.643,-0.427,-1.086,-10.033,0.008,1.246,0.606
8.57,-9.681,-0.400,-1.095,-10.072,0.008,1.251,0.586
8.59,-9.681,-0.400,-1.095,-10.072,0.008,1.251,0.586
8.62,-9.681,-0.400,-1.095,-10.072,0.008,1.251,0.586
8.64,-9.735,-0.361,-1.107,-10.130,0.008,1.259,0.562
8.66,-9.735,-0.361,-1.107,-10.130,0.008,1.259,0.562
8.68,-9.773,-0.334,-1.116,-10.168,0.008,1.264,0.542
8.70,-9.773,-0.334,-1.116,-10.168,0.008,1.264,0.542
8.72,-9.827,-0.296,-1.128,-10.204,0.008,1.268,0.504
8.74,-9.827,-0.296,-1.128,-10.204,0.008,1.268,0.504
8.76,-9.865,-0.270,-1.136,-10.238,0.008,1.273,0.485
8.78,-9.865,-0.270,-1.136,-10.238,0.008,1.273,0.485
8.80,-9.903,-0.245,-1.144,-10.274,0.008,1.277,0.468
8.82,-9.903,-0.245,-1.144,-10.274,0.008,1.277,0.468
8.84,-9.940,-0.220,-1.152,-10.308,0.007,1.282,0.451
8.86,-9.940,-0.220,-1.152,-10.308,0.007,1.282,0.451
8.89,-9.970,-0.201,-1.159,-10.341,0.007,1.286,0.444
8.91,-9.970,-0.201,-1.159,-10.341,0.007,1.286,0.444
8.93,-10.015,-0.173,-1.168,-10.372,0.007,1.290,0.418
8.95,-10.015,-0.173,-1.168,-10.372,0.007,1.290,0.418
8.97,-10.052,-0.151,-1.176,-10.402,0.007,1.294,0.402
8.99,-10.052,-0.151,-1.176,-10.402,0.007,1.294,0.402
9.01,-10.089,-0.130,-1.183,-10.430,0.007,1.298,0.385
9.03,-10.089,-0.130,-1.183,-10.430,0.007,1.298,0.385
9.05,-10.132,-0.106,-1.192,-10.458,0.007,1.301,0.362
9.07,-10.132,-0.106,-1.192,-10.458,0.007,1.301,0.362
9.09,-10.168,-0.088,-1.199,-10.487,0.007,1.305,0.348
9.11,-10.168,-0.088,-1.199,-10.487,0.007,1.305,0.348
9.14,-10.168,-0.088,-1.199,-10.487,0.007,1.305,0.348
9.16,-10.218,-0.063,-1.208,-10.525,0.007,1.310,0.332
9.18,-10.218,-0.063,-1.208,-10.525,0.007,1.310,0.332
9.20,-10.252,-0.047,-1.215,-10.550,0.007,1.313,0.318
9.22,-10.252,-0.047,-1.215,-10.550,0.007,1.313,0.318
9.24,-10.286,-0.031,-1.221,-10.574,0.006,1.316,0.306
9.26,-10.286,-0.031,-1.221,-10.574,0.006,1.316,0.306
9.28,-10.331,-0.011,-1.229,-10.596,0.006,1.319,0.281
9.30,-10.331,-0.011,-1.229,-10.596,0.006,1.319,0.281
9.32,-10.363,0.003,-1.235,-10.619,0.006,1.322,0.271
9.34,-10.363,0.003,-1.235,-10.619,0.006,1.322,0.271
9.36,-10.393,0.016,-1.241,-10.642,0.006,1.325,0.263
9.38,-10.393,0.016,-1.241,-10.642,0.006,1.325,0.263
9.41,-10.417,0.025,-1.245,-10.665,0.006,1.328,0.262
9.43,-10.417,0.025,-1.245,-10.665,0.006,1.328,0.262
9.45,-10.446,0.037,-1.250,-10.679,0.006,1.330,0.248
9.47,-10.446,0.037,-1.250,-10.679,0.006,1.330,0.248
9.49,-10.479,0.050,-1.256,-10.700,0.006,1.332,0.238
9.51,-10.479,0.050,-1.256,-10.700,0.006,1.332,0.238
9.53,-10.505,0.060,-1.260,-10.720,0.006,1.335,0.233
9.55,-10.505,0.060,-1.260,-10.720,0.006,1.335,0.233
9.57,-10.536,0.072,-1.266,-10.740,0.006,1.338,0.226
9.59,-10.536,0.072,-1.266,-10.740,0.006,1.338,0.226
9.61,-10.560,0.081,-1.271,-10.761,0.006,1.340,0.226
9.64,-10.560,0.081,-1.271,-10.761,0.006,1.340,0.226
9.66,-10.560,0.081,-1.271,-10.761,0.006,1.340,0.226
9.68,-10.593,0.092,-1.277,-10.791,0.005,1.344,0.226
9.70,-10.593,0.092,-1.277,-10.791,0.005,1.344,0.226
9.72,-10.615,0.100,-1.282,-10.810,0.005,1.347,0.226
9.74,-10.615,0.100,-1.282,-10.810,0.005,1.347,0.226
9.76,-10.645,0.110,-1.288,-10.828,0.005,1.349,0.219
9.78,-10.645,0.110,-1.288,-10.828,0.005,1.349,0.219
9.80,-10.662,0.115,-1.291,-10.846,0.005,1.351,0.223
9.82,-10.662,0.115,-1.291,-10.846,0.005,1.351,0.223
9.84,-10.682,0.121,-1.295,-10.866,0.005,1.354,0.225
9.86,-10.682,0.121,-1.295,-10.866,0.005,1.354,0.225
9.88,-10.705,0.127,-1.300,-10.884,0.005,1.356,0.224
9.91,-10.705,0.127,-1.300,-10.884,0.005,1.356,0.224
9.93,-10.720,0.131,-1.303,-10.901,0.005,1.359,0.228
9.95,-10.720,0.131,-1.303,-10.901,0.005,1.359,0.228
9.97,-10.742,0.137,-1.307,-10.918,0.005,1.361,0.227
9.99,-10.742,0.137,-1.307,-10.918,0.005,1.361,0.227
10.01,-10.759,0.141,-1.310,-10.935,0.005,1.363,0.229
10.03,-10.759,0.141,-1.310,-10.935,0.005,1.363,0.229
10.05,-10.779,0.146,-1.314,-10.952,0.005,1.365,0.228
10.07,-10.779,0.146,-1.314,-10.952,0.005,1.365,0.228
10.09,-10.795,0.149,-1.317,-10.969,0.005,1.367,0.231
10.11,-10.795,0.149,-1.317,-10.969,0.005,1.367,0.231
10.13,-10.795,0.149,-1.317,-10.969,0.005,1.367,0.231
10.16,-10.817,0.154,-1.321,-10.995,0.004,1.371,0.237
10.18,-10.817,0.154,-1.321,-10.995,0.004,1.371,0.237
10.20,-10.832,0.157,-1.324,-11.011,0.004,1.373,0.240
10.22,-10.832,0.157,-1.324,-11.011,0.004,1.373,0.240
10.24,-10.847,0.159,-1.327,-11.028,0.004,1.375,0.243
10.26,-10.847,0.159,-1.327,-11.028,0.004,1.375,0.243
10.28,-10.867,0.162,-1.331,-11.044,0.004,1.377,0.242
10.30,-10.867,0.162,-1.331,-11.044,0.004,1.377,0.242
10.32,-10.880,0.164,-1.333,-11.061,0.004,1.379,0.246
10.34,-10.880,0.164,-1.333,-11.061,0.004,1.379,0.246
10.36,-10.893,0.166,-1.336,-11.079,0.004,1.381,0.250
10.38,-10.893,0.166,-1.336,-11.079,0.004,1.381,0.250
10.41,-10.906,0.167,-1.338,-11.096,0.004,1.384,0.254
10.43,-10.906,0.167,-1.338,-11.096,0.004,1.384,0.254
10.45,-10.919,0.168,-1.340,-11.113,0.004,1.386,0.259
10.47,-10.919,0.168,-1.340,-11.113,0.004,1.386,0.259
10.49,-10.931,0.168,-1.342,-11.131,0.004,1.388,0.263
10.51,-10.931,0.168,-1.342,-11.131,0.004,1.388,0.263
10.53,-10.940,0.169,-1.344,-11.149,0.004,1.390,0.270
10.55,-10.940,0.169,-1.344,-11.149,0.004,1.390,0.270
10.57,-10.956,0.169,-1.348,-11.168,0.004,1.393,0.272
10.59,-10.956,0.169,-1.348,-11.168,0.004,1.393,0.272
10.61,-10.967,0.169,-1.350,-11.187,0.004,1.395,0.279
10.63,-10.967,0.169,-1.350,-11.187,0.004,1.395,0.279
10.66,-10.967,0.169,-1.350,-11.187,0.004,1.395,0.279
10.68,-10.982,0.168,-1.354,-11.216,0.003,1.399,0.289
10.70,-10.982,0.168,-1.354,-11.216,0.003,1.399,0.289
10.72,-10.993,0.167,-1.356,-11.235,0.003,1.402,0.296
10.74,-10.993,0.167,-1.356,-11.235,0.003,1.402,0.296
10.76,-11.004,0.167,-1.359,-11.255,0.003,1.404,0.303
10.78,-11.004,0.167,-1.359,-11.255,0.003,1.404,0.303
10.80,-11.017,0.166,-1.362,-11.275,0.003,1.407,0.308
10.82,-11.017,0.166,-1.362,-11.275,0.003,1.407,0.308
10.84,-11.030,0.165,-1.365,-11.294,0.003,1.409,0.313
10.86,-11.030,0.165,-1.365,-11.294,0.003,1.409,0.313
10.88,-11.041,0.164,-1.368,-11.316,0.003,1.412,0.322
10.90,-11.041,0.164,-1.368,-11.316,0.003,1.412,0.322
10.92,-11.053,0.163,-1.371,-11.338,0.003,1.415,0.329
10.95,-11.053,0.163,-1.371,-11.338,0.003,1.415,0.329
10.97,-11.065,0.162,-1.374,-11.359,0.003,1.418,0.337
10.99,-11.065,0.162,-1.374,-11.359,0.003,1.418,0.337
11.01,-11.078,0.161,-1.376,-11.381,0.003,1.420,0.344
11.03,-11.078,0.161,-1.376,-11.381,0.003,1.420,0.344
11.05,-11.091,0.160,-1.379,-11.402,0.003,1.423,0.352
11.07,-11.091,0.160,-1.379,-11.402,0.003,1.423,0.352
11.09,-11.104,0.159,-1.382,-11.424,0.002,1.426,0.359
11.11,-11.104,0.159,-1.382,-11.424,0.002,1.426,0.359
11.13,-11.104,0.159,-1.382,-11.424,0.002,1.426,0.359
11.15,-11.125,0.156,-1.386,-11.457,0.002,1.430,0.368
11.17,-11.125,0.156,-1.386,-11.457,0.002,1.430,0.368
11.19,-11.139,0.155,-1.389,-11.479,0.002,1.433,0.375
11.21,-11.139,0.155,-1.389,-11.479,0.002,1.433,0.375
11.24,-11.154,0.154,-1.392,-11.502,0.002,1.436,0.382
11.26,-11.154,0.154,-1.392,-11.502,0.002,1.436,0.382
11.28,-11.169,0.153,-1.395,-11.523,0.002,1.439,0.388
11.30,-11.169,0.153,-1.395,-11.523,0.002,1.439,0.388
11.32,-11.184,0.152,-1.398,-11.545,0.002,1.441,0.393
11.34,-11.184,0.152,-1.398,-11.545,0.002,1.441,0.393
11.36,-11.203,0.150,-1.402,-11.566,0.002,1.444,0.394
11.38,-11.203,0.150,-1.402,-11.566,0.002,1.444,0.394
11.40,-11.220,0.149,-1.405,-11.587,0.002,1.447,0.398
11.42,-11.220,0.149,-1.405,-11.587,0.002,1.447,0.398
11.44,-11.240,0.148,-1.409,-11.610,0.002,1.450,0.399
11.46,-11.240,0.148,-1.409,-11.610,0.002,1.450,0.399
11.48,-11.254,0.147,-1.412,-11.631,0.002,1.453,0.406
11.51,-11.254,0.147,-1.412,-11.631,0.002,1.453,0.406
11.53,-11.271,0.146,-1.415,-11.652,0.001,1.455,0.409
11.55,-11.271,0.146,-1.415,-11.652,0.001,1.455,0.409
11.57,-11.290,0.145,-1.418,-11.671,0.001,1.458,0.410
11.59,-11.290,0.145,-1.418,-11.671,0.001,1.458,0.410
11.61,-11.312,0.144,-1.422,-11.691,0.001,1.460,0.407
11.63,-11.312,0.144,-1.422,-11.691,0.001,1.460,0.407
11.65,-11.312,0.144,-1.422,-11.691,0.001,1.460,0.407
11.67,-11.342,0.142,-1.427,-11.720,0.001,1.464,0.405
11.69,-11.342,0.142,-1.427,-11.720,0.001,1.464,0.405
11.71,-11.361,0.142,-1.430,-11.739,0.001,1.466,0.405
11.73,-11.361,0.142,-1.430,-11.739,0.001,1.466,0.405
11.76,-11.380,0.141,-1.433,-11.758,0.001,1.469,0.405
11.78,-11.380,0.141,-1.433,-11.758,0.001,1.469,0.405
11.80,-11.399,0.140,-1.436,-11.775,0.001,1.471,0.403
11.82,-11.399,0.140,-1.436,-11.775,0.001,1.471,0.403
11.84,-11.417,0.139,-1.439,-11.791,0.001,1.473,0.400
11.86,-11.417,0.139,-1.439,-11.791,0.001,1.473,0.400
11.88,-11.436,0.139,-1.441,-11.807,0.001,1.475,0.397
11.90,-11.436,0.139,-1.441,-11.807,0.001,1.475,0.397
11.92,-11.462,0.138,-1.445,-11.822,0.001,1.477,0.386
11.94,-11.462,0.138,-1.445,-11.822,0.001,1.477,0.386
11.96,-11.481,0.138,-1.447,-11.837,0.001,1.479,0.382
11.98,-11.481,0.138,-1.447,-11.837,0.001,1.479,0.382
12.00,-11.500,0.137,-1.450,-11.851,0.001,1.481,0.378
12.03,-11.500,0.137,-1.450,-11.851,0.001,1.481,0.378
12.05,-11.519,0.137,-1.452,-11.864,0.001,1.482,0.372
12.07,-11.519,0.137,-1.452,-11.864,0.001,1.482,0.372
12.09,-11.537,0.136,-1.454,-11.876,0.000,1.484,0.366
12.11,-11.537,0.136,-1.454,-11.876,0.000,1.484,0.366
12.13,-11.556,0.136,-1.456,-11.886,0.000,1.485,0.358
12.15,-11.556,0.136,-1.456,-11.886,0.000,1.485,0.358
12.17,-11.556,0.136,-1.456,-11.886,0.000,1.485,0.358
12.19,-11.585,0.136,-1.459,-11.901,0.000,1.487,0.345
12.21,-11.585,0.136,-1.459,-11.901,0.000,1.487,0.345
12.23,-11.603,0.135,-1.461,-11.905,0.000,1.488,0.332
12.25,-11.603,0.135,-1.461,-11.905,0.000,1.488,0.332
12.28,-11.620,0.135,-1.463,-11.905,0.000,1.488,0.316
12.30,-11.620,0.135,-1.463,-11.905,0.000,1.488,0.316
12.32,-11.637,0.135,-1.465,-11.905,0.000,1.488,0.300
12.34,-11.637,0.135,-1.465,-11.905,0.000,1.488,0.300
12.36,-11.654,0.135,-1.467,-11.905,0.000,1.488,0.285
12.38,-11.654,0.135,-1.467,-11.905,0.000,1.488,0.285
12.40,-11.677,0.134,-1.469,-11.905,0.000,1.488,0.266
12.42,-11.677,0.134,-1.469,-11.905,0.000,1.488,0.266
12.44,-11.689,0.134,-1.469,-11.905,0.000,1.488,0.255
12.46,-11.689,0.134,-1.469,-11.905,0.000,1.488,0.255
12.48,-11.703,0.134,-1.470,-11.905,0.000,1.488,0.243
12.50,-11.703,0.134,-1.470,-11.905,0.000,1.488,0.243
12.52,-11.720,0.134,-1.470,-11.905,0.000,1.488,0.229
12.55,-11.720,0.134,-1.470,-11.905,0.000,1.488,0.229
12.57,-11.732,0.134,-1.470,-11.905,0.000,1.488,0.219
12.59,-11.732,0.134,-1.470,-11.905,0.000,1.488,0.219
12.61,-11.743,0.134,-1.470,-11.905,0.000,1.488,0.211
12.63,-11.743,0.134,-1.470,-11.905,0.000,1.488,0.211
12.65,-11.743,0.134,-1.470,-11.905,0.000,1.488,0.211
12.67,-11.756,0.133,-1.469,-11.905,0.000,1.488,0.200
12.69,-11.756,0.133,-1.469,-11.905,0.000,1.488,0.200
12.71,-11.765,0.133,-1.468,-11.905,0.000,1.488,0.194
12.73,-11.765,0.133,-1.468,-11.905,0.000,1.488,0.194
12.75,-11.773,0.133,-1.466,-11.905,0.000,1.488,0.188
12.77,-11.773,0.133,-1.466,-11.905,0.000,1.488,0.188
12.79,-11.778,0.132,-1.465,-11.905,0.000,1.488,0.185
12.81,-11.778,0.132,-1.465,-11.905,0.000,1.488,0.185
12.84,-11.782,0.132,-1.463,-11.905,0.000,1.488,0.182
12.86,-11.782,0.132,-1.463,-11.905,0.000,1.488,0.182
12.88,-11.785,0.132,-1.462,-11.905,0.000,1.488,0.180
12.90,-11.785,0.132,-1.462,-11.905,0.000,1.488,0.180
12.92,-11.787,0.131,-1.460,-11.905,0.000,1.488,0.178
12.94,-11.787,0.131,-1.460,-11.905,0.000,1.488,0.178
12.96,-11.788,0.131,-1.459,-11.905,0.000,1.488,0.178
12.98,-11.788,0.131,-1.459,-11.905,0.000,1.488,0.178
13.00,-11.789,0.131,-1.458,-11.905,0.000,1.488,0.178
13.02,-11.789,0.131,-1.458,-11.905,0.000,1.488,0.178
13.04,-11.788,0.131,-1.456,-11.905,0.000,1.488,0.178
13.07,-11.788,0.131,-1.456,-11.905,0.000,1.488,0.178
13.09,-11.787,0.130,-1.455,-11.905,0.000,1.488,0.179
13.11,-11.787,0.130,-1.455,-11.905,0.000,1.488,0.179
13.13,-11.785,0.130,-1.454,-11.905,0.000,1.488,0.180
13.15,-11.785,0.130,-1.454,-11.905,0.000,1.488,0.180
13.17,-11.785,0.130,-1.454,-11.905,0.000,1.488,0.180
13.19,-11.781,0.129,-1.453,-11.905,0.000,1.488,0.182
13.21,-11.781,0.129,-1.453,-11.905,0.000,1.488,0.182
13.23,-11.777,0.128,-1.452,-11.905,0.000,1.488,0.184
13.25,-11.777,0.128,-1.452,-11.905,0.000,1.488,0.184
13.27,-11.772,0.127,-1.451,-11.905,0.000,1.488,0.187
13.29,-11.772,0.127,-1.451,-11.905,0.000,1.488,0.187
13.32,-11.768,0.126,-1.450,-11.905,0.000,1.488,0.190
13.34,-11.768,0.126,-1.450,-11.905,0.000,1.488,0.190
13.36,-11.763,0.125,-1.450,-11.905,0.000,1.488,0.193
13.38,-11.763,0.125,-1.450,-11.905,0.000,1.488,0.193
13.40,-11.758,0.124,-1.449,-11.905,0.000,1.488,0.196
13.42,-11.758,0.124,-1.449,-11.905,0.000,1.488,0.196
13.44,-11.751,0.122,-1.448,-11.905,0.000,1.488,0.201
13.46,-11.751,0.122,-1.448,-11.905,0.000,1.488,0.201
13.48,-11.746,0.121,-1.448,-11.905,0.000,1.488,0.204
13.50,-11.746,0.121,-1.448,-11.905,0.000,1.488,0.204
13.52,-11.740,0.119,-1.448,-11.905,0.000,1.488,0.207
13.55,-11.740,0.119,-1.448,-11.905,0.000,1.488,0.207
13.57,-11.735,0.117,-1.449,-11.905,0.000,1.488,0.210
13.59,-11.735,0.117,-1.449,-11.905,0.000,1.488,0.210
13.61,-11.731,0.115,-1.449,-11.905,0.000,1.488,0.212
13.63,-11.731,0.115,-1.449,-11.905,0.000,1.488,0.212
13.65,-11.731,0.115,-1.449,-11.905,0.000,1.488,0.212
13.67,-11.723,0.112,-1.450,-11.905,0.000,1.488,0.217
13.69,-11.723,0.112,-1.450,-11.905,0.000,1.488,0.217
13.71,-11.717,0.110,-1.451,-11.905,0.000,1.488,0.220
13.73,-11.717,0.110,-1.451,-11.905,0.000,1.488,0.220
13.75,-11.711,0.108,-1.452,-11.905,0.000,1.488,0.225
13.78,-11.711,0.108,-1.452,-11.905,0.000,1.488,0.225
13.80,-11.706,0.106,-1.453,-11.905,0.000,1.488,0.228
13.82,-11.706,0.106,-1.453,-11.905,0.000,1.488,0.228
13.84,-11.701,0.105,-1.454,-11.905,0.000,1.488,0.231
13.86,-11.701,0.105,-1.454,-11.905,0.000,1.488,0.231
13.88,-11.697,0.103,-1.455,-11.905,0.000,1.488,0.235
13.90,-11.697,0.103,-1.455,-11.905,0.000,1.488,0.235
13.92,-11.692,0.102,-1.455,-11.905,0.000,1.488,0.239
13.94,-11.692,0.102,-1.455,-11.905,0.000,1.488,0.239
13.96,-11.687,0.101,-1.456,-11.905,0.000,1.488,0.242
13.98,-11.687,0.101,-1.456,-11.905,0.000,1.488,0.242
14.01,-11.683,0.100,-1.456,-11.905,0.000,1.488,0.246
14.03,-11.683,0.100,-1.456,-11.905,0.000,1.488,0.246
14.05,-11.679,0.099,-1.456,-11.905,0.000,1.488,0.249
14.07,-11.679,0.099,-1.456,-11.905,0.000,1.488,0.249
14.09,-11.676,0.098,-1.456,-11.905,0.000,1.488,0.251
14.11,-11.676,0.098,-1.456,-11.905,0.000,1.488,0.251
14.13,-11.672,0.097,-1.456,-11.905,0.000,1.488,0.254
14.15,-11.672,0.097,-1.456,-11.905,0.000,1.488,0.254
14.17,-11.672,0.097,-1.456,-11.905,0.000,1.488,0.254
14.19,-11.668,0.096,-1.457,-11.905,0.000,1.488,0.257
14.21,-11.668,0.096,-1.457,-11.905,0.000,1.488,0.257
14.23,-11.665,0.095,-1.457,-11.905,0.000,1.488,0.260
14.25,-11.665,0.095,-1.457,-11.905,0.000,1.488,0.260
14.28,-11.663,0.094,-1.457,-11.905,0.000,1.488,0.262
14.30,-11.663,0.094,-1.457,-11.905,0.000,1.488,0.262
14.32,-11.661,0.093,-1.458,-11.905,0.000,1.488,0.263
14.34,-11.661,0.093,-1.458,-11.905,0.000,1.488,0.263
14.36,-11.659,0.092,-1.459,-11.905,0.000,1.488,0.264
14.38,-11.659,0.092,-1.459,-11.905,0.000,1.488,0.264
14.40,-11.657,0.090,-1.459,-11.905,0.000,1.488,0.266
14.42,-11.657,0.090,-1.459,-11.905,0.000,1.488,0.266
14.44,-11.655,0.089,-1.460,-11.905,0.000,1.488,0.266
14.46,-11.655,0.089,-1.460,-11.905,0.000,1.488,0.266
14.48,-11.654,0.088,-1.460,-11.905,0.000,1.488,0.267
14.51,-11.654,0.088,-1.460,-11.905,0.000,1.488,0.267
14.53,-11.653,0.086,-1.461,-11.905,0.000,1.488,0.268
14.55,-11.653,0.086,-1.461,-11.905,0.000,1.488,0.268
14.57,-11.652,0.085,-1.461,-11.905,0.000,1.488,0.269
14.59,-11.652,0.085,-1.461,-11.905,0.000,1.488,0.269
14.61,-11.651,0.084,-1.461,-11.905,0.000,1.488,0.269
14.63,-11.651,0.084,-1.461,-11.905,0.000,1.488,0.269
14.65,-11.650,0.083,-1.461,-11.905,0.000,1.488,0.270
14.67,-11.650,0.083,-1.461,-11.905,0.000,1.488,0.270
14.69,-11.650,0.083,-1.461,-11.905,0.000,1.488,0.270
14.71,-11.648,0.080,-1.461,-11.905,0.000,1.488,0.270
14.73,-11.648,0.080,-1.461,-11.905,0.000,1.488,0.270
14.75,-11.648,0.079,-1.460,-11.905,0.000,1.488,0.270
14.78,-11.648,0.079,-1.460,-11.905,0.000,1.488,0.270
14.80,-11.648,0.078,-1.460,-11.905,0.000,1.488,0.270
14.82,-11.648,0.078,-1.460,-11.905,0.000,1.488,0.270
14.84,-11.648,0.077,-1.460,-11.905,0.000,1.488,0.270
14.86,-11.648,0.077,-1.460,-11.905,0.000,1.488,0.270
14.88,-11.648,0.076,-1.460,-11.905,0.000,1.488,0.269
14.90,-11.648,0.076,-1.460,-11.905,0.000,1.488,0.269
14.92,-11.649,0.074,-1.460,-11.905,0.000,1.488,0.268
14.94,-11.649,0.074,-1.460,-11.905,0.000,1.488,0.268
14.96,-11.650,0.073,-1.459,-11.905,0.000,1.488,0.267
14.98,-11.650,0.073,-1.459,-11.905,0.000,1.488,0.267
15.00,-11.651,0.072,-1.459,-11.905,0.000,1.488,0.266
15.02,-11.651,0.072,-1.459,-11.905,0.000,1.488,0.266
15.05,-11.652,0.071,-1.459,-11.905,0.000,1.488,0.264
15.07,-11.652,0.071,-1.459,-11.905,0.000,1.488,0.264
15.09,-11.654,0.070,-1.459,-11.905,0.000,1.488,0.263
15.11,-11.654,0.070,-1.459,-11.905,0.000,1.488,0.263
15.13,-11.656,0.069,-1.459,-11.905,0.000,1.488,0.260
15.15,-11.656,0.069,-1.459,-11.905,0.000,1.488,0.260
15.17,-11.656,0.069,-1.459,-11.905,0.000,1.488,0.260
15.19,-11.658,0.068,-1.460,-11.905,0.000,1.488,0.258
15.21,-11.658,0.068,-1.460,-11.905,0.000,1.488,0.258
15.23,-11.660,0.068,-1.460,-11.905,0.000,1.488,0.255
15.25,-11.660,0.068,-1.460,-11.905,0.000,1.488,0.255
15.27,-11.662,0.068,-1.460,-11.905,0.000,1.488,0.253
15.29,-11.662,0.068,-1.460,-11.905,0.000,1.488,0.253
15.32,-11.664,0.067,-1.461,-11.905,0.000,1.488,0.251
15.34,-11.664,0.067,-1.461,-11.905,0.000,1.488,0.251
15.36,-11.666,0.067,-1.461,-11.905,0.000,1.488,0.249
15.38,-11.666,0.067,-1.461,-11.905,0.000,1.488,0.249
15.40,-11.669,0.067,-1.462,-11.905,0.000,1.488,0.247
15.42,-11.669,0.067,-1.462,-11.905,0.000,1.488,0.247
15.44,-11.671,0.066,-1.462,-11.905,0.000,1.488,0.245
15.46,-11.671,0.066,-1.462,-11.905,0.000,1.488,0.245
15.48,-11.673,0.066,-1.463,-11.905,0.000,1.488,0.242
15.50,-11.673,0.066,-1.463,-11.905,0.000,1.488,0.242
15.52,-11.675,0.066,-1.463,-11.905,0.000,1.488,0.240
15.54,-11.675,0.066,-1.463,-11.905,0.000,1.488,0.240
15.56,-11.678,0.065,-1.464,-11.905,0.000,1.488,0.238
15.58,-11.678,0.065,-1.464,-11.905,0.000,1.488,0.238
15.61,-11.679,0.065,-1.465,-11.905,0.000,1.488,0.236
15.63,-11.679,0.065,-1.465,-11.905,0.000,1.488,0.236
15.65,-11.681,0.065,-1.465,-11.905,0.000,1.488,0.234
15.67,-11.681,0.065,-1.465,-11.905,0.000,1.488,0.234
15.69,-11.681,0.065,-1.465,-11.905,0.000,1.488,0.234
15.71,-11.683,0.065,-1.466,-11.905,0.000,1.488,0.232
15.73,-11.683,0.065,-1.466,-11.905,0.000,1.488,0.232
15.75,-11.684,0.065,-1.467,-11.905,0.000,1.488,0.231
15.77,-11.684,0.065,-1.467,-11.905,0.000,1.488,0.231
15.79,-11.686,0.064,-1.468,-11.905,0.000,1.488,0.229
15.81,-11.686,0.064,-1.468,-11.905,0.000,1.488,0.229
15.83,-11.687,0.064,-1.468,-11.905,0.000,1.488,0.228
15.86,-11.687,0.064,-1.468,-11.905,0.000,1.488,0.228
15.88,-11.688,0.063,-1.469,-11.905,0.000,1.488,0.226
15.90,-11.688,0.063,-1.469,-11.905,0.000,1.488,0.226
15.92,-11.690,0.063,-1.470,-11.905,0.000,1.488,0.225
15.94,-11.690,0.063,-1.470,-11.905,0.000,1.488,0.225
15.96,-11.691,0.063,-1.470,-11.905,0.000,1.488,0.224
15.98,-11.691,0.063,-1.470,-11.905,0.000,1.488,0.224
16.00,-11.693,0.062,-1.471,-11.905,0.000,1.488,0.222
16.02,-11.693,0.062,-1.471,-11.905,0.000,1.488,0.222
16.04,-11.694,0.061,-1.472,-11.905,0.000,1.488,0.220
16.06,-11.694,0.061,-1.472,-11.905,0.000,1.488,0.220
16.08,-11.695,0.061,-1.472,-11.905,0.000,1.488,0.219
16.11,-11.695,0.061,-1.472,-11.905,0.000,1.488,0.219
16.13,-11.697,0.060,-1.473,-11.905,0.000,1.488,0.217
16.15,-11.697,0.060,-1.473,-11.905,0.000,1.488,0.217
16.17,-11.699,0.059,-1.474,-11.905,0.000,1.488,0.215
16.19,-11.699,0.059,-1.474,-11.905,0.000,1.488,0.215
16.21,-11.699,0.059,-1.474,-11.905,0.000,1.488,0.215
16.23,-11.701,0.057,-1.474,-11.905,0.000,1.488,0.212
16.25,-11.701,0.057,-1.474,-11.905,0.000,1.488,0.212
16.27,-11.703,0.056,-1.475,-11.905,0.000,1.488,0.210
16.29,-11.703,0.056,-1.475,-11.905,0.000,1.488,0.210
16.31,-11.704,0.055,-1.476,-11.905,0.000,1.488,0.209
16.33,-11.704,0.055,-1.476,-11.905,0.000,1.488,0.209
16.35,-11.705,0.053,-1.477,-11.905,0.000,1.488,0.207
16.38,-11.705,0.053,-1.477,-11.905,0.000,1.488,0.207
16.40,-11.707,0.052,-1.478,-11.905,0.000,1.488,0.205
16.42,-11.707,0.052,-1.478,-11.905,0.000,1.488,0.205
16.44,-11.708,0.050,-1.479,-11.905,0.000,1.488,0.204
16.46,-11.708,0.050,-1.479,-11.905,0.000,1.488,0.204
16.48,-11.710,0.048,-1.480,-11.905,0.000,1.488,0.201
16.50,-11.710,0.048,-1.480,-11.905,0.000,1.488,0.201
16.52,-11.711,0.047,-1.481,-11.905,0.000,1.488,0.199
16.54,-11.711,0.047,-1.481,-11.905,0.000,1.488,0.199
16.56,-11.713,0.045,-1.481,-11.905,0.000,1.488,0.198
16.58,-11.713,0.045,-1.481,-11.905,0.000,1.488,0.198
16.61,-11.715,0.044,-1.482,-11.905,0.000,1.488,0.196
16.63,-11.715,0.044,-1.482,-11.905,0.000,1.488,0.196
16.65,-11.716,0.043,-1.482,-11.905,0.000,1.488,0.194
16.67,-11.716,0.043,-1.482,-11.905,0.000,1.488,0.194
16.69,-11.716,0.043,-1.482,-11.905,0.000,1.488,0.194
16.71,-11.719,0.042,-1.483,-11.905,0.000,1.488,0.191
16.73,-11.719,0.042,-1.483,-11.905,0.000,1.488,0.191
16.75,-11.721,0.041,-1.483,-11.905,0.000,1.488,0.189
16.77,-11.721,0.041,-1.483,-11.905,0.000,1.488,0.189
16.79,-11.724,0.040,-1.483,-11.905,0.000,1.488,0.186
16.81,-11.724,0.040,-1.483,-11.905,0.000,1.488,0.186
16.83,-11.726,0.039,-1.483,-11.905,0.000,1.488,0.184
16.85,-11.726,0.039,-1.483,-11.905,0.000,1.488,0.184
16.88,-11.728,0.039,-1.483,-11.905,0.000,1.488,0.181
16.90,-11.728,0.039,-1.483,-11.905,0.000,1.488,0.181
16.92,-11.730,0.038,-1.483,-11.905,0.000,1.488,0.179
16.94,-11.730,0.038,-1.483,-11.905,0.000,1.488,0.179
16.96,-11.732,0.038,-1.483,-11.905,0.000,1.488,0.177
16.98,-11.732,0.038,-1.483,-11.905,0.000,1.488,0.177
17.00,-11.734,0.038,-1.483,-11.905,0.000,1.488,0.175
17.02,-11.734,0.038,-1.483,-11.905,0.000,1.488,0.175
17.04,-11.737,0.038,-1.484,-11.905,0.000,1.488,0.172
17.06,-11.737,0.038,-1.484,-11.905,0.000,1.488,0.172
17.08,-11.739,0.038,-1.484,-11.905,0.000,1.488,0.170
17.10,-11.739,0.038,-1.484,-11.905,0.000,1.488,0.170
17.12,-11.741,0.039,-1.484,-11.905,0.000,1.488,0.169
17.15,-11.741,0.039,-1.484,-11.905,0.000,1.488,0.169
17.17,-11.743,0.039,-1.484,-11.905,0.000,1.488,0.167
17.19,-11.743,0.039,-1.484,-11.905,0.000,1.488,0.167
17.21,-11.743,0.039,-1.484,-11.905,0.000,1.488,0.167
17.23,-11.746,0.040,-1.484,-11.905,0.000,1.488,0.164
17.25,-11.746,0.040,-1.484,-11.905,0.000,1.488,0.164
17.27,-11.748,0.040,-1.485,-11.905,0.000,1.488,0.162
17.29,-11.748,0.040,-1.485,-11.905,0.000,1.488,0.162
17.31,-11.750,0.041,-1.484,-11.905,0.000,1.488,0.160
17.33,-11.750,0.041,-1.484,-11.905,0.000,1.488,0.160
17.35,-11.752,0.042,-1.484,-11.905,0.000,1.488,0.159
17.38,-11.752,0.042,-1.484,-11.905,0.000,1.488,0.159
17.40,-11.754,0.042,-1.483,-11.905,0.000,1.488,0.157
17.42,-11.754,0.042,-1.483,-11.905,0.000,1.488,0.157
17.44,-11.756,0.042,-1.483,-11.905,0.000,1.488,0.155
17.46,-11.756,0.042,-1.483,-11.905,0.000,1.488,0.155
17.48,-11.758,0.042,-1.482,-11.905,0.000,1.488,0.153
17.50,-11.758,0.042,-1.482,-11.905,0.000,1.488,0.153
17.52,-11.760,0.042,-1.481,-11.905,0.000,1.488,0.151
17.54,-11.760,0.042,-1.481,-11.905,0.000,1.488,0.151
17.56,-11.762,0.042,-1.480,-11.905,0.000,1.488,0.150
17.58,-11.762,0.042,-1.480,-11.905,0.000,1.488,0.150
17.60,-11.763,0.042,-1.479,-11.905,0.000,1.488,0.148
17.63,-11.763,0.042,-1.479,-11.905,0.000,1.488,0.148
17.65,-11.765,0.041,-1.478,-11.905,0.000,1.488,0.147
17.67,-11.765,0.041,-1.478,-11.905,0.000,1.488,0.147
17.69,-11.765,0.041,-1.478,-11.905,0.000,1.488,0.147
17.71,-11.766,0.041,-1.477,-11.905,0.000,1.488,0.145
17.73,-11.766,0.041,-1.477,-11.905,0.000,1.488,0.145
17.75,-11.767,0.040,-1.477,-11.905,0.000,1.488,0.144
17.77,-11.767,0.040,-1.477,-11.905,0.000,1.488,0.144
17.79,-11.768,0.039,-1.476,-11.905,0.000,1.488,0.143
17.81,-11.768,0.039,-1.476,-11.905,0.000,1.488,0.143
17.83,-11.769,0.038,-1.475,-11.905,0.000,1.488,0.142
17.85,-11.769,0.038,-1.475,-11.905,0.000,1.488,0.142
17.88,-11.769,0.037,-1.475,-11.905,0.000,1.488,0.142
17.90,-11.769,0.037,-1.475,-11.905,0.000,1.488,0.142
17.92,-11.769,0.037,-1.475,-11.905,0.000,1.488,0.142
17.94,-11.769,0.037,-1.475,-11.905,0.000,1.488,0.142
17.96,-11.769,0.036,-1.475,-11.905,0.000,1.488,0.142
17.98,-11.769,0.036,-1.475,-11.905,0.000,1.488,0.142
18.00,-11.768,0.036,-1.475,-11.905,0.000,1.488,0.142
18.02,-11.768,0.036,-1.475,-11.905,0.000,1.488,0.142
18.04,-11.768,0.035,-1.475,-11.905,0.000,1.488,0.142
18.06,-11.768,0.035,-1.475,-11.905,0.000,1.488,0.142
18.08,-11.768,0.035,-1.476,-11.905,0.000,1.488,0.142
18.10,-11.768,0.035,-1.476,-11.905,0.000,1.488,0.142
18.13,-11.767,0.035,-1.476,-11.905,0.000,1.488,0.143
18.15,-11.767,0.035,-1.476,-11.905,0.000,1.488,0.143
18.17,-11.767,0.035,-1.477,-11.905,0.000,1.488,0.143
18.19,-11.767,0.035,-1.477,-11.905,0.000,1.488,0.143
18.21,-11.767,0.035,-1.477,-11.905,0.000,1.488,0.143
18.23,-11.767,0.035,-1.478,-11.905,0.000,1.488,0.143
18.25,-11.767,0.035,-1.478,-11.905,0.000,1.488,0.143
18.27,-11.766,0.034,-1.479,-11.905,0.000,1.488,0.143
18.29,-11.766,0.034,-1.479,-11.905,0.000,1.488,0.143
18.31,-11.766,0.034,-1.480,-11.905,0.000,1.488,0.143
18.33,-11.766,0.034,-1.480,-11.905,0.000,1.488,0.143
18.35,-11.765,0.033,-1.480,-11.905,0.000,1.488,0.144
18.37,-11.765,0.033,-1.480,-11.905,0.000,1.488,0.144
18.40,-11.765,0.032,-1.481,-11.905,0.000,1.488,0.144
18.42,-11.765,0.032,-1.481,-11.905,0.000,1.488,0.144
18.44,-11.764,0.031,-1.482,-11.905,0.000,1.488,0.145
18.46,-11.764,0.031,-1.482,-11.905,0.000,1.488,0.145
18.48,-11.763,0.030,-1.482,-11.905,0.000,1.488,0.145
18.50,-11.763,0.030,-1.482,-11.905,0.000,1.488,0.145
18.52,-11.762,0.029,-1.483,-11.905,0.000,1.488,0.146
18.54,-11.762,0.029,-1.483,-11.905,0.000,1.488,0.146
18.56,-11.761,0.028,-1.483,-11.905,0.000,1.488,0.146
18.58,-11.761,0.028,-1.483,-11.905,0.000,1.488,0.146
18.61,-11.760,0.026,-1.484,-11.905,0.000,1.488,0.147
18.63,-11.760,0.026,-1.484,-11.905,0.000,1.488,0.147
18.65,-11.760,0.025,-1.484,-11.905,0.000,1.488,0.148
18.67,-11.760,0.025,-1.484,-11.905,0.000,1.488,0.148
18.69,-11.759,0.024,-1.485,-11.905,0.000,1.488,0.148
18.71,-11.759,0.024,-1.485,-11.905,0.000,1.488,0.148
18.73,-11.759,0.024,-1.485,-11.905,0.000,1.488,0.148
18.75,-11.758,0.023,-1.485,-11.905,0.000,1.488,0.149
18.77,-11.758,0.023,-1.485,-11.905,0.000,1.488,0.149
18.79,-11.757,0.022,-1.486,-11.905,0.000,1.488,0.150
18.81,-11.757,0.022,-1.486,-11.905,0.000,1.488,0.150
18.83,-11.757,0.022,-1.486,-11.905,0.000,1.488,0.150
18.85,-11.757,0.022,-1.486,-11.905,0.000,1.488,0.150
18.88,-11.757,0.022,-1.487,-11.905,0.000,1.488,0.150
18.90,-11.757,0.022,-1.487,-11.905,0.000,1.488,0.150
18.92,-11.757,0.021,-1.487,-11.905,0.000,1.488,0.150
18.94,-11.757,0.021,-1.487,-11.905,0.000,1.488,0.150
18.96,-11.757,0.021,-1.487,-11.905,0.000,1.488,0.149
18.98,-11.757,0.021,-1.487,-11.905,0.000,1.488,0.149
19.00,-11.758,0.021,-1.487,-11.905,0.000,1.488,0.149
19.02,-11.758,0.021,-1.487,-11.905,0.000,1.488,0.149
19.04,-11.759,0.021,-1.487,-11.905,0.000,1.488,0.148
19.06,-11.759,0.021,-1.487,-11.905,0.000,1.488,0.148
19.08,-11.759,0.021,-1.487,-11.905,0.000,1.488,0.147
19.10,-11.759,0.021,-1.487,-11.905,0.000,1.488,0.147
19.12,-11.760,0.021,-1.487,-11.905,0.000,1.488,0.147
19.15,-11.760,0.021,-1.487,-11.905,0.000,1.488,0.147
19.17,-11.761,0.022,-1.486,-11.905,0.000,1.488,0.146
19.19,-11.761,0.022,-1.486,-11.905,0.000,1.488,0.146
19.21,-11.761,0.022,-1.486,-11.905,0.000,1.488,0.146
19.23,-11.762,0.022,-1.486,-11.905,0.000,1.488,0.145
19.25,-11.762,0.022,-1.486,-11.905,0.000,1.488,0.145
19.27,-11.763,0.023,-1.486,-11.905,0.000,1.488,0.144
19.29,-11.763,0.023,-1.486,-11.905,0.000,1.488,0.144
19.31,-11.765,0.023,-1.485,-11.905,0.000,1.488,0.142
19.33,-11.765,0.023,-1.485,-11.905,0.000,1.488,0.142
19.35,-11.766,0.024,-1.485,-11.905,0.000,1.488,0.141
19.37,-11.766,0.024,-1.485,-11.905,0.000,1.488,0.141
19.39,-11.767,0.024,-1.485,-11.905,0.000,1.488,0.140
19.42,-11.767,0.024,-1.485,-11.905,0.000,1.488,0.140
19.44,-11.769,0.025,-1.485,-11.905,0.000,1.488,0.139
19.46,-11.769,0.025,-1.485,-11.905,0.000,1.488,0.139
19.48,-11.770,0.026,-1.485,-11.905,0.000,1.488,0.137
19.50,-11.770,0.026,-1.485,-11.905,0.000,1.488,0.137
19.52,-11.772,0.027,-1.485,-11.905,0.000,1.488,0.136
19.54,-11.772,0.027,-1.485,-11.905,0.000,1.488,0.136
19.56,-11.775,0.028,-1.485,-11.905,0.000,1.488,0.133
19.58,-11.775,0.028,-1.485,-11.905,0.000,1.488,0.133
19.60,-11.777,0.028,-1.485,-11.905,0.000,1.488,0.131
19.62,-11.777,0.028,-1.485,-11.905,0.000,1.488,0.131
19.65,-11.779,0.029,-1.485,-11.905,0.000,1.488,0.130
19.67,-11.779,0.029,-1.485,-11.905,0.000,1.488,0.130
19.69,-11.782,0.030,-1.485,-11.905,0.000,1.488,0.127
19.71,-11.782,0.030,-1.485,-11.905,0.000,1.488,0.127
19.73,-11.782,0.030,-1.485,-11.905,0.000,1.488,0.127
19.75,-11.785,0.031,-1.485,-11.905,0.000,1.488,0.124
19.77,-11.785,0.031,-1.485,-11.905,0.000,1.488,0.124
19.79,-11.788,0.031,-1.485,-11.905,0.000,1.488,0.121
19.81,-11.788,0.031,-1.485,-11.905,0.000,1.488,0.121
19.83,-11.791,0.032,-1.485,-11.905,0.000,1.488,0.119
19.85,-11.791,0.032,-1.485,-11.905,0.000,1.488,0.119
19.87,-11.793,0.032,-1.485,-11.905,0.000,1.488,0.116
19.90,-11.793,0.032,-1.485,-11.905,0.000,1.488,0.116
19.92,-11.796,0.032,-1.485,-11.905,0.000,1.488,0.114
19.94,-11.796,0.032,-1.485,-11.905,0.000,1.488,0.114
19.96,-11.798,0.032,-1.485,-11.905,0.000,1.488,0.111
19.98,-11.798,0.032,-1.485,-11.905,0.000,1.488,0.111
20.00,-11.801,0.031,-1.485,-11.905,0.000,1.488,0.109
20.02,-11.801,0.031,-1.485,-11.905,0.000,1.488,0.109
20.04,-11.804,0.030,-1.486,-11.905,0.000,1.488,0.106
20.06,-11.804,0.030,-1.486,-11.905,0.000,1.488,0.106
20.08,-11.806,0.029,-1.486,-11.905,0.000,1.488,0.103
20.10,-11.806,0.029,-1.486,-11.905,0.000,1.488,0.103
20.12,-11.808,0.028,-1.486,-11.905,0.000,1.488,0.101
20.15,-11.808,0.028,-1.486,-11.905,0.000,1.488,0.101
20.17,-11.810,0.027,-1.486,-11.905,0.000,1.488,0.099
20.19,-11.810,0.027,-1.486,-11.905,0.000,1.488,0.099
20.21,-11.810,0.027,-1.486,-11.905,0.000,1.488,0.099
20.23,-11.812,0.025,-1.487,-11.905,0.000,1.488,0.096
20.25,-11.812,0.025,-1.487,-11.905,0.000,1.488,0.096
20.27,-11.813,0.023,-1.487,-11.905,0.000,1.488,0.095
20.29,-11.813,0.023,-1.487,-11.905,0.000,1.488,0.095
20.31,-11.815,0.021,-1.487,-11.905,0.000,1.488,0.093
20.33,-11.815,0.021,-1.487,-11.905,0.000,1.488,0.093
20.35,-11.816,0.019,-1.487,-11.905,0.000,1.488,0.091
20.37,-11.816,0.019,-1.487,-11.905,0.000,1.488,0.091
20.39,-11.817,0.017,-1.487,-11.905,0.000,1.488,0.090
20.42,-11.817,0.017,-1.487,-11.905,0.000,1.488,0.090
20.44,-11.818,0.016,-1.487,-11.905,0.000,1.488,0.089
20.46,-11.818,0.016,-1.487,-11.905,0.000,1.488,0.089
20.48,-11.818,0.014,-1.487,-11.905,0.000,1.488,0.088
20.50,-11.818,0.014,-1.487,-11.905,0.000,1.488,0.088
20.52,-11.819,0.012,-1.487,-11.905,0.000,1.488,0.087
20.54,-11.819,0.012,-1.487,-11.905,0.000,1.488,0.087
20.56,-11.819,0.011,-1.487,-11.905,0.000,1.488,0.087
20.58,-11.819,0.011,-1.487,-11.905,0.000,1.488,0.087
20.60,-11.819,0.010,-1.487,-11.905,0.000,1.488,0.086
20.62,-11.819,0.010,-1.487,-11.905,0.000,1.488,0.086
20.64,-11.819,0.008,-1.486,-11.905,0.000,1.488,0.086
20.66,-11.819,0.008,-1.486,-11.905,0.000,1.488,0.086
20.69,-11.819,0.008,-1.486,-11.905,0.000,1.488,0.086
20.71,-11.819,0.008,-1.486,-11.905,0.000,1.488,0.086
20.73,-11.819,0.008,-1.486,-11.905,0.000,1.488,0.086
20.75,-11.819,0.007,-1.485,-11.905,0.000,1.488,0.086
20.77,-11.819,0.007,-1.485,-11.905,0.000,1.488,0.086
20.79,-11.819,0.007,-1.485,-11.905,0.000,1.488,0.086
20.81,-11.819,0.007,-1.485,-11.905,0.000,1.488,0.086
20.83,-11.819,0.006,-1.484,-11.905,0.000,1.488,0.087
20.85,-11.819,0.006,-1.484,-11.905,0.000,1.488,0.087
20.87,-11.819,0.006,-1.484,-11.905,0.000,1.488,0.087
20.89,-11.819,0.006,-1.484,-11.905,0.000,1.488,0.087
20.91,-11.818,0.007,-1.484,-11.905,0.000,1.488,0.087
20.94,-11.818,0.007,-1.484,-11.905,0.000,1.488,0.087
20.96,-11.818,0.007,-1.484,-11.905,0.000,1.488,0.088
20.98,-11.818,0.007,-1.484,-11.905,0.000,1.488,0.088
21.00,-11.817,0.007,-1.483,-11.905,0.000,1.488,0.088
21.02,-11.817,0.007,-1.483,-11.905,0.000,1.488,0.088
21.04,-11.817,0.008,-1.483,-11.905,0.000,1.488,0.089
21.06,-11.817,0.008,-1.483,-11.905,0.000,1.488,0.089
21.08,-11.816,0.008,-1.482,-11.905,0.000,1.488,0.090
21.10,-11.816,0.008,-1.482,-11.905,0.000,1.488,0.090
21.12,-11.815,0.009,-1.482,-11.905,0.000,1.488,0.090
21.14,-11.815,0.009,-1.482,-11.905,0.000,1.488,0.090
21.17,-11.815,0.009,-1.482,-11.905,0.000,1.488,0.091
21.19,-11.815,0.009,-1.482,-11.905,0.000,1.488,0.091
21.21,-11.815,0.009,-1.482,-11.905,0.000,1.488,0.091
21.23,-11.815,0.009,-1.482,-11.905,0.000,1.488,0.091
21.25,-11.815,0.009,-1.482,-11.905,0.000,1.488,0.091
21.27,-11.814,0.009,-1.482,-11.905,0.000,1.488,0.091
21.29,-11.814,0.009,-1.482,-11.905,0.000,1.488,0.091
21.31,-11.814,0.010,-1.482,-11.905,0.000,1.488,0.092
21.33,-11.814,0.010,-1.482,-11.905,0.000,1.488,0.092
21.35,-11.814,0.010,-1.483,-11.905,0.000,1.488,0.092
21.37,-11.814,0.010,-1.483,-11.905,0.000,1.488,0.092
21.39,-11.814,0.010,-1.483,-11.905,0.000,1.488,0.092
21.41,-11.814,0.010,-1.483,-11.905,0.000,1.488,0.092
21.44,-11.814,0.010,-1.483,-11.905,0.000,1.488,0.091
21.46,-11.814,0.010,-1.483,-11.905,0.000,1.488,0.091
21.48,-11.815,0.010,-1.484,-11.905,0.000,1.488,0.091
21.50,-11.815,0.010,-1.484,-11.905,0.000,1.488,0.091
21.52,-11.815,0.010,-1.484,-11.905,0.000,1.488,0.091
21.54,-11.815,0.010,-1.484,-11.905,0.000,1.488,0.091
21.56,-11.815,0.010,-1.484,-11.905,0.000,1.488,0.091
21.58,-11.815,0.010,-1.484,-11.905,0.000,1.488,0.091
21.60,-11.815,0.009,-1.484,-11.905,0.000,1.488,0.090
21.62,-11.815,0.009,-1.484,-11.905,0.000,1.488,0.090
21.64,-11.815,0.009,-1.484,-11.905,0.000,1.488,0.090
21.66,-11.815,0.009,-1.484,-11.905,0.000,1.488,0.090
21.69,-11.816,0.009,-1.484,-11.905,0.000,1.488,0.090
21.71,-11.816,0.009,-1.484,-11.905,0.000,1.488,0.090
21.73,-11.816,0.009,-1.484,-11.905,0.000,1.488,0.090
21.75,-11.816,0.008,-1.485,-11.905,0.000,1.488,0.089
21.77,-11.816,0.008,-1.485,-11.905,0.000,1.488,0.089
21.79,-11.816,0.007,-1.485,-11.905,0.000,1.488,0.089
21.81,-11.816,0.007,-1.485,-11.905,0.000,1.488,0.089
21.83,-11.817,0.007,-1.485,-11.905,0.000,1.488,0.089
21.85,-11.817,0.007,-1.485,-11.905,0.000,1.488,0.089
21.87,-11.817,0.007,-1.486,-11.905,0.000,1.488,0.088
21.89,-11.817,0.007,-1.486,-11.905,0.000,1.488,0.088
21.91,-11.818,0.007,-1.486,-11.905,0.000,1.488,0.087
21.94,-11.818,0.007,-1.486,-11.905,0.000,1.488,0.087
21.96,-11.819,0.007,-1.486,-11.905,0.000,1.488,0.087
21.98,-11.819,0.007,-1.486,-11.905,0.000,1.488,0.087
22.00,-11.819,0.007,-1.487,-11.905,0.000,1.488,0.086
22.02,-11.819,0.007,-1.487,-11.905,0.000,1.488,0.086
22.04,-11.819,0.007,-1.487,-11.905,0.000,1.488,0.086
22.06,-11.819,0.007,-1.487,-11.905,0.000,1.488,0.086
22.08,-11.820,0.007,-1.488,-11.905,0.000,1.488,0.086
22.10,-11.820,0.007,-1.488,-11.905,0.000,1.488,0.086
22.12,-11.820,0.007,-1.489,-11.905,0.000,1.488,0.085
22.14,-11.820,0.007,-1.489,-11.905,0.000,1.488,0.085
22.16,-11.820,0.008,-1.489,-11.905,0.000,1.488,0.086
22.19,-11.820,0.008,-1.489,-11.905,0.000,1.488,0.086
22.21,-11.820,0.008,-1.490,-11.905,0.000,1.488,0.086
22.23,-11.820,0.008,-1.490,-11.905,0.000,1.488,0.086
22.25,-11.820,0.008,-1.490,-11.905,0.000,1.488,0.086
22.27,-11.820,0.009,-1.491,-11.905,0.000,1.488,0.086
22.29,-11.820,0.009,-1.491,-11.905,0.000,1.488,0.086
22.31,-11.820,0.009,-1.492,-11.905,0.000,1.488,0.086
22.33,-11.820,0.009,-1.492,-11.905,0.000,1.488,0.086
22.35,-11.820,0.010,-1.492,-11.905,0.000,1.488,0.086
22.37,-11.820,0.010,-1.492,-11.905,0.000,1.488,0.086
22.39,-11.820,0.010,-1.493,-11.905,0.000,1.488,0.086
22.41,-11.820,0.010,-1.493,-11.905,0.000,1.488,0.086
22.44,-11.820,0.011,-1.493,-11.905,0.000,1.488,0.086
22.46,-11.820,0.011,-1.493,-11.905,0.000,1.488,0.086
22.48,-11.820,0.011,-1.494,-11.905,0.000,1.488,0.086
22.50,-11.820,0.011,-1.494,-11.905,0.000,1.488,0.086
22.52,-11.820,0.011,-1.495,-11.905,0.000,1.488,0.086
22.54,-11.820,0.011,-1.495,-11.905,0.000,1.488,0.086
22.56,-11.821,0.012,-1.496,-11.905,0.000,1.488,0.086
22.58,-11.821,0.012,-1.496,-11.905,0.000,1.488,0.086
22.60,-11.821,0.012,-1.496,-11.905,0.000,1.488,0.085
22.62,-11.821,0.012,-1.496,-11.905,0.000,1.488,0.085
22.64,-11.821,0.012,-1.497,-11.905,0.000,1.488,0.085
22.66,-11.821,0.012,-1.497,-11.905,0.000,1.488,0.085
22.68,-11.822,0.012,-1.498,-11.905,0.000,1.488,0.085
22.71,-11.822,0.012,-1.498,-11.905,0.000,1.488,0.085
22.73,-11.822,0.012,-1.498,-11.905,0.000,1.488,0.085
22.75,-11.823,0.012,-1.499,-11.905,0.000,1.488,0.084
22.77,-11.823,0.012,-1.499,-11.905,0.000,1.488,0.084
22.79,-11.823,0.012,-1.500,-11.905,0.000,1.488,0.084
22.81,-11.823,0.012,-1.500,-11.905,0.000,1.488,0.084
22.83,-11.824,0.012,-1.501,-11.905,0.000,1.488,0.083
22.85,-11.824,0.012,-1.501,-11.905,0.000,1.488,0.083
22.87,-11.825,0.011,-1.502,-11.905,0.000,1.488,0.082
22.89,-11.825,0.011,-1.502,-11.905,0.000,1.488,0.082
22.91,-11.826,0.010,-1.503,-11.905,0.000,1.488,0.081
22.93,-11.826,0.010,-1.503,-11.905,0.000,1.488,0.081
22.96,-11.827,0.008,-1.503,-11.905,0.000,1.488,0.080
22.98,-11.827,0.008,-1.503,-11.905,0.000,1.488,0.080
23.00,-11.828,0.007,-1.504,-11.905,0.000,1.488,0.079
23.02,-11.828,0.007,-1.504,-11.905,0.000,1.488,0.079
23.04,-11.830,0.005,-1.504,-11.905,0.000,1.488,0.077
23.06,-11.830,0.005,-1.504,-11.905,0.000,1.488,0.077
23.08,-11.832,0.003,-1.504,-11.905,0.000,1.488,0.075
23.10,-11.832,0.003,-1.504,-11.905,0.000,1.488,0.075
23.12,-11.833,0.002,-1.504,-11.905,0.000,1.488,0.074
23.14,-11.833,0.002,-1.504,-11.905,0.000,1.488,0.074
23.16,-11.835,0.000,-1.504,-11.905,0.000,1.488,0.072
23.18,-11.835,0.000,-1.504,-11.905,0.000,1.488,0.072
23.21,-11.837,-0.001,-1.504,-11.905,0.000,1.488,0.070
23.23,-11.837,-0.001,-1.504,-11.905,0.000,1.488,0.070
23.25,-11.837,-0.001,-1.504,-11.905,0.000,1.488,0.070
23.27,-11.839,-0.002,-1.504,-11.905,0.000,1.488,0.068
23.29,-11.839,-0.002,-1.504,-11.905,0.000,1.488,0.068
23.31,-11.841,-0.003,-1.503,-11.905,0.000,1.488,0.066
23.33,-11.841,-0.003,-1.503,-11.905,0.000,1.488,0.066
23.35,-11.842,-0.004,-1.503,-11.905,0.000,1.488,0.065
23.37,-11.842,-0.004,-1.503,-11.905,0.000,1.488,0.065
23.39,-11.844,-0.004,-1.502,-11.905,0.000,1.488,0.063
23.41,-11.844,-0.004,-1.502,-11.905,0.000,1.488,0.063
23.43,-11.846,-0.005,-1.501,-11.905,0.000,1.488,0.061
23.46,-11.846,-0.005,-1.501,-11.905,0.000,1.488,0.061
23.48,-11.847,-0.005,-1.500,-11.905,0.000,1.488,0.059
23.50,-11.847,-0.005,-1.500,-11.905,0.000,1.488,0.059
23.52,-11.849,-0.005,-1.499,-11.905,0.000,1.488,0.058
23.54,-11.849,-0.005,-1.499,-11.905,0.000,1.488,0.058
23.56,-11.850,-0.004,-1.498,-11.905,0.000,1.488,0.056
23.58,-11.850,-0.004,-1.498,-11.905,0.000,1.488,0.056
23.60,-11.852,-0.003,-1.497,-11.905,0.000,1.488,0.054
23.62,-11.852,-0.003,-1.497,-11.905,0.000,1.488,0.054
23.64,-11.853,-0.003,-1.496,-11.905,0.000,1.488,0.053
23.66,-11.853,-0.003,-1.496,-11.905,0.000,1.488,0.053
23.68,-11.854,-0.002,-1.495,-11.905,0.000,1.488,0.052
23.70,-11.854,-0.002,-1.495,-11.905,0.000,1.488,0.052
23.73,-11.855,-0.001,-1.494,-11.905,0.000,1.488,0.051
23.75,-11.855,-0.001,-1.494,-11.905,0.000,1.488,0.051
23.77,-11.855,-0.001,-1.494,-11.905,0.000,1.488,0.051
23.79,-11.856,0.000,-1.493,-11.905,0.000,1.488,0.049
23.81,-11.856,0.000,-1.493,-11.905,0.000,1.488,0.049
23.83,-11.856,0.001,-1.492,-11.905,0.000,1.488,0.049
23.85,-11.856,0.001,-1.492,-11.905,0.000,1.488,0.049
23.87,-11.857,0.002,-1.491,-11.905,0.000,1.488,0.048
23.89,-11.857,0.002,-1.491,-11.905,0.000,1.488,0.048
23.91,-11.857,0.003,-1.491,-11.905,0.000,1.488,0.048
23.93,-11.857,0.003,-1.491,-11.905,0.000,1.488,0.048
23.96,-11.857,0.004,-1.490,-11.905,0.000,1.488,0.048
23.98,-11.857,0.004,-1.490,-11.905,0.000,1.488,0.048
24.00,-11.858,0.004,-1.490,-11.905,0.000,1.488,0.048
24.02,-11.858,0.004,-1.490,-11.905,0.000,1.488,0.048
24.04,-11.858,0.005,-1.490,-11.905,0.000,1.488,0.047
24.06,-11.858,0.005,-1.490,-11.905,0.000,1.488,0.047
24.08,-11.859,0.005,-1.489,-11.905,0.000,1.488,0.047
24.10,-11.859,0.005,-1.489,-11.905,0.000,1.488,0.047
24.12,-11.859,0.005,-1.489,-11.905,0.000,1.488,0.046
24.14,-11.859,0.005,-1.489,-11.905,0.000,1.488,0.046
24.16,-11.859,0.005,-1.489,-11.905,0.000,1.488,0.046
24.18,-11.859,0.005,-1.489,-11.905,0.000,1.488,0.046
24.20,-11.860,0.006,-1.489,-11.905,0.000,1.488,0.046
24.23,-11.860,0.006,-1.489,-11.905,0.000,1.488,0.046
24.25,-11.860,0.006,-1.489,-11.905,0.000,1.488,0.046
24.27,-11.861,0.006,-1.489,-11.905,0.000,1.488,0.045
24.29,-11.861,0.006,-1.489,-11.905,0.000,1.488,0.045
24.31,-11.861,0.006,-1.490,-11.905,0.000,1.488,0.045
24.33,-11.861,0.006,-1.490,-11.905,0.000,1.488,0.045
24.35,-11.861,0.006,-1.490,-11.905,0.000,1.488,0.044
24.37,-11.861,0.006,-1.490,-11.905,0.000,1.488,0.044
24.39,-11.862,0.006,-1.490,-11.905,0.000,1.488,0.044
24.41,-11.862,0.006,-1.490,-11.905,0.000,1.488,0.044
24.43,-11.862,0.007,-1.490,-11.905,0.000,1.488,0.043
24.45,-11.862,0.007,-1.490,-11.905,0.000,1.488,0.043
24.48,-11.863,0.007,-1.490,-11.905,0.000,1.488,0.043
24.50,-11.863,0.007,-1.490,-11.905,0.000,1.488,0.043
24.52,-11.863,0.007,-1.490,-11.905,0.000,1.488,0.043
24.54,-11.863,0.007,-1.490,-11.905,0.000,1.488,0.043
24.56,-11.863,0.007,-1.490,-11.905,0.000,1.488,0.042
24.58,-11.863,0.007,-1.490,-11.905,0.000,1.488,0.042
24.60,-11.864,0.008,-1.490,-11.905,0.000,1.488,0.042
24.62,-11.864,0.008,-1.490,-11.905,0.000,1.488,0.042
24.64,-11.864,0.008,-1.490,-11.905,0.000,1.488,0.042
24.66,-11.864,0.008,-1.490,-11.905,0.000,1.488,0.042
24.68,-11.864,0.008,-1.490,-11.905,0.000,1.488,0.042
24.70,-11.864,0.008,-1.490,-11.905,0.000,1.488,0.042
24.73,-11.864,0.008,-1.490,-11.905,0.000,1.488,0.042
24.75,-11.864,0.008,-1.490,-11.905,0.000,1.488,0.042
24.77,-11.864,0.008,-1.490,-11.905,0.000,1.488,0.042
24.79,-11.864,0.009,-1.491,-11.905,0.000,1.488,0.042
24.81,-11.864,0.009,-1.491,-11.905,0.000,1.488,0.042
24.83,-11.864,0.009,-1.491,-11.905,0.000,1.488,0.042
24.85,-11.864,0.009,-1.491,-11.905,0.000,1.488,0.042
24.87,-11.864,0.009,-1.491,-11.905,0.000,1.488,0.042
24.89,-11.864,0.009,-1.491,-11.905,0.000,1.488,0.042
24.91,-11.864,0.009,-1.491,-11.905,0.000,1.488,0.042
24.93,-11.864,0.009,-1.491,-11.905,0.000,1.488,0.042
24.95,-11.865,0.010,-1.491,-11.905,0.000,1.488,0.042
24.97,-11.865,0.010,-1.491,-11.905,0.000,1.488,0.042
25.00,-11.865,0.010,-1.491,-11.905,0.000,1.488,0.042
25.02,-11.865,0.010,-1.491,-11.905,0.000,1.488,0.042
25.04,-11.865,0.010,-1.491,-11.905,0.000,1.488,0.041
25.06,-11.865,0.010,-1.491,-11.905,0.000,1.488,0.041
25.08,-11.866,0.010,-1.492,-11.905,0.000,1.488,0.041
25.10,-11.866,0.010,-1.492,-11.905,0.000,1.488,0.041
25.12,-11.866,0.010,-1.492,-11.905,0.000,1.488,0.040
25.14,-11.866,0.010,-1.492,-11.905,0.000,1.488,0.040
25.16,-11.867,0.010,-1.493,-11.905,0.000,1.488,0.039
25.18,-11.867,0.010,-1.493,-11.905,0.000,1.488,0.039
25.20,-11.868,0.010,-1.493,-11.905,0.000,1.488,0.038
25.23,-11.868,0.010,-1.493,-11.905,0.000,1.488,0.038
25.25,-11.868,0.010,-1.493,-11.905,0.000,1.488,0.038
25.27,-11.870,0.010,-1.495,-11.905,0.000,1.488,0.037
25.29,-11.870,0.010,-1.495,-11.905,0.000,1.488,0.037
25.31,-11.872,0.010,-1.496,-11.905,0.000,1.488,0.035
25.33,-11.872,0.010,-1.496,-11.905,0.000,1.488,0.035
25.35,-11.873,0.010,-1.496,-11.905,0.000,1.488,0.034
25.37,-11.873,0.010,-1.496,-11.905,0.000,1.488,0.034
25.39,-11.875,0.011,-1.497,-11.905,0.000,1.488,0.033
25.41,-11.875,0.011,-1.497,-11.905,0.000,1.488,0.033
25.43,-11.877,0.011,-1.499,-11.905,0.000,1.488,0.032
25.45,-11.877,0.011,-1.499,-11.905,0.000,1.488,0.032
25.48,-11.879,0.011,-1.500,-11.905,0.000,1.488,0.030
25.50,-11.879,0.011,-1.500,-11.905,0.000,1.488,0.030
25.52,-11.882,0.012,-1.501,-11.905,0.000,1.488,0.029
25.54,-11.882,0.012,-1.501,-11.905,0.000,1.488,0.029
25.56,-11.884,0.012,-1.501,-11.905,0.000,1.488,0.028
25.58,-11.884,0.012,-1.501,-11.905,0.000,1.488,0.028
25.60,-11.887,0.013,-1.502,-11.905,0.000,1.488,0.026
25.62,-11.887,0.013,-1.502,-11.905,0.000,1.488,0.026
25.64,-11.888,0.013,-1.503,-11.905,0.000,1.488,0.025
25.66,-11.888,0.013,-1.503,-11.905,0.000,1.488,0.025
25.68,-11.890,0.013,-1.503,-11.905,0.000,1.488,0.024
25.70,-11.890,0.013,-1.503,-11.905,0.000,1.488,0.024
25.73,-11.892,0.013,-1.503,-11.905,0.000,1.488,0.023
25.75,-11.892,0.013,-1.503,-11.905,0.000,1.488,0.023
25.77,-11.892,0.013,-1.503,-11.905,0.000,1.488,0.023
25.79,-11.895,0.012,-1.504,-11.905,0.000,1.488,0.022
25.81,-11.895,0.012,-1.504,-11.905,0.000,1.488,0.022
25.83,-11.897,0.012,-1.504,-11.905,0.000,1.488,0.021
25.85,-11.897,0.012,-1.504,-11.905,0.000,1.488,0.021
25.87,-11.898,0.012,-1.503,-11.905,0.000,1.488,0.021
25.89,-11.898,0.012,-1.503,-11.905,0.000,1.488,0.021
25.91,-11.900,0.012,-1.503,-11.905,0.000,1.488,0.020
25.93,-11.900,0.012,-1.503,-11.905,0.000,1.488,0.020
25.96,-11.901,0.012,-1.503,-11.905,0.000,1.488,0.019
25.98,-11.901,0.012,-1.503,-11.905,0.000,1.488,0.019
26.00,-11.902,0.012,-1.502,-11.905,0.000,1.488,0.018
26.02,-11.902,0.012,-1.502,-11.905,0.000,1.488,0.018
26.04,-11.903,0.012,-1.501,-11.905,0.000,1.488,0.018
26.06,-11.903,0.012,-1.501,-11.905,0.000,1.488,0.018
26.08,-11.903,0.012,-1.500,-11.905,0.000,1.488,0.017
26.10,-11.903,0.012,-1.500,-11.905,0.000,1.488,0.017
26.12,-11.904,0.012,-1.499,-11.905,0.000,1.488,0.016
26.14,-11.904,0.012,-1.499,-11.905,0.000,1.488,0.016
26.16,-11.904,0.012,-1.498,-11.905,0.000,1.488,0.015
26.18,-11.904,0.012,-1.498,-11.905,0.000,1.488,0.015
26.21,-11.904,0.012,-1.497,-11.905,0.000,1.488,0.015
26.23,-11.904,0.012,-1.497,-11.905,0.000,1.488,0.015
26.25,-11.904,0.011,-1.496,-11.905,0.000,1.488,0.014
26.27,-11.904,0.011,-1.496,-11.905,0.000,1.488,0.014
26.29,-11.904,0.011,-1.496,-11.905,0.000,1.488,0.014
26.31,-11.904,0.011,-1.495,-11.905,0.000,1.488,0.013
26.33,-11.904,0.011,-1.495,-11.905,0.000,1.488,0.013
26.35,-11.904,0.010,-1.494,-11.905,0.000,1.488,0.012
26.37,-11.904,0.010,-1.494,-11.905,0.000,1.488,0.012
26.39,-11.904,0.010,-1.494,-11.905,0.000,1.488,0.011
26.41,-11.904,0.010,-1.494,-11.905,0.000,1.488,0.011
26.43,-11.904,0.009,-1.493,-11.905,0.000,1.488,0.010
26.46,-11.904,0.009,-1.493,-11.905,0.000,1.488,0.010
26.48,-11.904,0.008,-1.492,-11.905,0.000,1.488,0.009
26.50,-11.904,0.008,-1.492,-11.905,0.000,1.488,0.009
26.52,-11.904,0.007,-1.492,-11.905,0.000,1.488,0.008
26.54,-11.904,0.007,-1.492,-11.905,0.000,1.488,0.008
26.56,-11.904,0.006,-1.491,-11.905,0.000,1.488,0.006
26.58,-11.904,0.006,-1.491,-11.905,0.000,1.488,0.006
26.60,-11.904,0.004,-1.491,-11.905,0.000,1.488,0.005
26.62,-11.904,0.004,-1.491,-11.905,0.000,1.488,0.005
26.64,-11.905,0.003,-1.490,-11.905,0.000,1.488,0.003
26.66,-11.905,0.003,-1.490,-11.905,0.000,1.488,0.003
26.68,-11.905,0.001,-1.490,-11.905,0.000,1.488,0.002
26.70,-11.905,0.001,-1.490,-11.905,0.000,1.488,0.002
26.73,-11.905,-0.000,-1.490,-11.905,0.000,1.488,0.002
26.75,-11.905,-0.000,-1.490,-11.905,0.000,1.488,0.002
26.77,-11.905,-0.000,-1.490,-11.905,0.000,1.488,0.002
26.79,-11.905,-0.002,-1.489,-11.905,0.000,1.488,0.003
26.81,-11.905,-0.002,-1.489,-11.905,0.000,1.488,0.003
26.83,-11.906,-0.003,-1.489,-11.905,0.000,1.488,0.004
26.85,-11.906,-0.003,-1.489,-11.905,0.000,1.488,0.004
26.87,-11.906,-0.005,-1.489,-11.905,0.000,1.488,0.005
26.89,-11.906,-0.005,-1.489,-11.905,0.000,1.488,0.005
26.92,-11.906,-0.006,-1.489,-11.905,0.000,1.488,0.006
26.94,-11.906,-0.006,-1.489,-11.905,0.000,1.488,0.006
26.96,-11.906,-0.007,-1.489,-11.905,0.000,1.488,0.007
26.98,-11.906,-0.007,-1.489,-11.905,0.000,1.488,0.007
27.00,-11.906,-0.007,-1.489,-11.905,0.000,1.488,0.008
27.02,-11.906,-0.007,-1.489,-11.905,0.000,1.488,0.008
27.04,-11.907,-0.007,-1.489,-11.905,0.000,1.488,0.008
27.06,-11.907,-0.007,-1.489,-11.905,0.000,1.488,0.008
27.08,-11.907,-0.007,-1.489,-11.905,0.000,1.488,0.008
27.10,-11.907,-0.007,-1.489,-11.905,0.000,1.488,0.008
27.12,-11.908,-0.007,-1.489,-11.905,0.000,1.488,0.008
27.14,-11.908,-0.007,-1.489,-11.905,0.000,1.488,0.008
27.17,-11.908,-0.006,-1.489,-11.905,0.000,1.488,0.007
27.19,-11.908,-0.006,-1.489,-11.905,0.000,1.488,0.007
27.21,-11.908,-0.006,-1.489,-11.905,0.000,1.488,0.007
27.23,-11.908,-0.006,-1.489,-11.905,0.000,1.488,0.007
27.25,-11.909,-0.005,-1.489,-11.905,0.000,1.488,0.007
27.27,-11.909,-0.005,-1.489,-11.905,0.000,1.488,0.007
27.29,-11.909,-0.005,-1.489,-11.905,0.000,1.488,0.007
27.31,-11.910,-0.005,-1.488,-11.905,0.000,1.488,0.007
27.33,-11.910,-0.005,-1.488,-11.905,0.000,1.488,0.007
27.35,-11.910,-0.004,-1.488,-11.905,0.000,1.488,0.006
27.37,-11.910,-0.004,-1.488,-11.905,0.000,1.488,0.006
27.39,-11.910,-0.003,-1.487,-11.905,0.000,1.488,0.006
27.42,-11.910,-0.003,-1.487,-11.905,0.000,1.488,0.006
27.44,-11.910,-0.003,-1.487,-11.905,0.000,1.488,0.006
27.46,-11.910,-0.003,-1.487,-11.905,0.000,1.488,0.006
27.48,-11.910,-0.002,-1.486,-11.905,0.000,1.488,0.006
27.50,-11.910,-0.002,-1.486,-11.905,0.000,1.488,0.006
27.52,-11.910,-0.002,-1.486,-11.905,0.000,1.488,0.005
27.54,-11.910,-0.002,-1.486,-11.905,0.000,1.488,0.005
27.56,-11.909,-0.001,-1.485,-11.905,0.000,1.488,0.005
27.58,-11.909,-0.001,-1.485,-11.905,0.000,1.488,0.005
27.60,-11.908,-0.001,-1.484,-11.905,0.000,1.488,0.005
27.62,-11.908,-0.001,-1.484,-11.905,0.000,1.488,0.005
27.64,-11.907,-0.000,-1.483,-11.905,0.000,1.488,0.005
27.66,-11.907,-0.000,-1.483,-11.905,0.000,1.488,0.005
27.68,-11.906,0.000,-1.483,-11.905,0.000,1.488,0.005
27.71,-11.906,0.000,-1.483,-11.905,0.000,1.488,0.005
27.73,-11.905,0.000,-1.482,-11.905,0.000,1.488,0.006
27.75,-11.905,0.000,-1.482,-11.905,0.000,1.488,0.006
27.77,-11.905,0.000,-1.482,-11.905,0.000,1.488,0.006
27.79,-11.904,0.000,-1.481,-11.905,0.000,1.488,0.007
27.81,-11.904,0.000,-1.481,-11.905,0.000,1.488,0.007
27.83,-11.902,0.000,-1.481,-11.905,0.000,1.488,0.007
27.85,-11.902,0.000,-1.481,-11.905,0.000,1.488,0.007
27.87,-11.901,-0.000,-1.481,-11.905,0.000,1.488,0.008
27.89,-11.901,-0.000,-1.481,-11.905,0.000,1.488,0.008
27.91,-11.899,-0.000,-1.480,-11.905,0.000,1.488,0.010
27.93,-11.899,-0.000,-1.480,-11.905,0.000,1.488,0.010
27.96,-11.898,-0.001,-1.480,-11.905,0.000,1.488,0.011
27.98,-11.898,-0.001,-1.480,-11.905,0.000,1.488,0.011
28.00,-11.896,-0.001,-1.480,-11.905,0.000,1.488,0.012
28.02,-11.896,-0.001,-1.480,-11.905,0.000,1.488,0.012
28.04,-11.895,-0.002,-1.480,-11.905,0.000,1.488,0.013
28.06,-11.895,-0.002,-1.480,-11.905,0.000,1.488,0.013
28.08,-11.894,-0.002,-1.479,-11.905,0.000,1.488,0.015
28.10,-11.894,-0.002,-1.479,-11.905,0.000,1.488,0.015
28.12,-11.892,-0.003,-1.479,-11.905,0.000,1.488,0.016
28.14,-11.892,-0.003,-1.479,-11.905,0.000,1.488,0.016
28.16,-11.891,-0.004,-1.479,-11.905,0.000,1.488,0.017
28.18,-11.891,-0.004,-1.479,-11.905,0.000,1.488,0.017
28.21,-11.889,-0.004,-1.479,-11.905,0.000,1.488,0.019
28.23,-11.889,-0.004,-1.479,-11.905,0.000,1.488,0.019
28.25,-11.888,-0.005,-1.479,-11.905,0.000,1.488,0.020
28.27,-11.888,-0.005,-1.479,-11.905,0.000,1.488,0.020
28.29,-11.888,-0.005,-1.479,-11.905,0.000,1.488,0.020
28.31,-11.887,-0.006,-1.479,-11.905,0.000,1.488,0.022
28.33,-11.887,-0.006,-1.479,-11.905,0.000,1.488,0.022
28.35,-11.886,-0.006,-1.478,-11.905,0.000,1.488,0.023
28.37,-11.886,-0.006,-1.478,-11.905,0.000,1.488,0.023
28.39,-11.885,-0.007,-1.478,-11.905,0.000,1.488,0.024
28.41,-11.885,-0.007,-1.478,-11.905,0.000,1.488,0.024
28.43,-11.884,-0.008,-1.479,-11.905,0.000,1.488,0.025
28.46,-11.884,-0.008,-1.479,-11.905,0.000,1.488,0.025
28.48,-11.883,-0.008,-1.479,-11.905,0.000,1.488,0.025
28.50,-11.883,-0.008,-1.479,-11.905,0.000,1.488,0.025
28.52,-11.882,-0.009,-1.479,-11.905,0.000,1.488,0.026
28.54,-11.882,-0.009,-1.479,-11.905,0.000,1.488,0.026
28.56,-11.881,-0.009,-1.479,-11.905,0.000,1.488,0.027
28.58,-11.881,-0.009,-1.479,-11.905,0.000,1.488,0.027
28.60,-11.880,-0.010,-1.479,-11.905,0.000,1.488,0.029
28.62,-11.880,-0.010,-1.479,-11.905,0.000,1.488,0.029
28.64,-11.879,-0.010,-1.479,-11.905,0.000,1.488,0.030
28.66,-11.879,-0.010,-1.479,-11.905,0.000,1.488,0.030
28.68,-11.878,-0.010,-1.479,-11.905,0.000,1.488,0.031
28.70,-11.878,-0.010,-1.479,-11.905,0.000,1.488,0.031
28.73,-11.877,-0.010,-1.479,-11.905,0.000,1.488,0.031
28.75,-11.877,-0.010,-1.479,-11.905,0.000,1.488,0.031
28.77,-11.875,-0.010,-1.479,-11.905,0.000,1.488,0.033
28.79,-11.875,-0.010,-1.479,-11.905,0.000,1.488,0.033
28.81,-11.875,-0.010,-1.479,-11.905,0.000,1.488,0.033
28.83,-11.874,-0.011,-1.479,-11.905,0.000,1.488,0.034
28.85,-11.874,-0.011,-1.479,-11.905,0.000,1.488,0.034
28.87,-11.873,-0.011,-1.479,-11.905,0.000,1.488,0.035
28.89,-11.873,-0.011,-1.479,-11.905,0.000,1.488,0.035
28.91,-11.872,-0.011,-1.479,-11.905,0.000,1.488,0.037
28.93,-11.872,-0.011,-1.479,-11.905,0.000,1.488,0.037
28.95,-11.870,-0.012,-1.480,-11.905,0.000,1.488,0.038
28.97,-11.870,-0.012,-1.480,-11.905,0.000,1.488,0.038
29.00,-11.869,-0.012,-1.480,-11.905,0.000,1.488,0.039
29.02,-11.869,-0.012,-1.480,-11.905,0.000,1.488,0.039
29.04,-11.868,-0.013,-1.480,-11.905,0.000,1.488,0.040
29.06,-11.868,-0.013,-1.480,-11.905,0.000,1.488,0.040
29.08,-11.867,-0.013,-1.481,-11.905,0.000,1.488,0.041
29.10,-11.867,-0.013,-1.481,-11.905,0.000,1.488,0.041
29.12,-11.867,-0.014,-1.481,-11.905,0.000,1.488,0.042
29.14,-11.867,-0.014,-1.481,-11.905,0.000,1.488,0.042
29.16,-11.866,-0.014,-1.482,-11.905,0.000,1.488,0.042
29.18,-11.866,-0.014,-1.482,-11.905,0.000,1.488,0.042
29.20,-11.866,-0.015,-1.483,-11.905,0.000,1.488,0.042
29.22,-11.866,-0.015,-1.483,-11.905,0.000,1.488,0.042
29.25,-11.866,-0.016,-1.483,-11.905,0.000,1.488,0.043
29.27,-11.866,-0.016,-1.483,-11.905,0.000,1.488,0.043
29.29,-11.866,-0.016,-1.483,-11.905,0.000,1.488,0.043
29.31,-11.866,-0.017,-1.484,-11.905,0.000,1.488,0.043
29.33,-11.866,-0.017,-1.484,-11.905,0.000,1.488,0.043
29.35,-11.866,-0.017,-1.485,-11.905,0.000,1.488,0.043
29.37,-11.866,-0.017,-1.485,-11.905,0.000,1.488,0.043
29.39,-11.866,-0.018,-1.485,-11.905,0.000,1.488,0.043
29.41,-11.866,-0.018,-1.485,-11.905,0.000,1.488,0.043
29.43,-11.866,-0.018,-1.486,-11.905,0.000,1.488,0.043
29.45,-11.866,-0.018,-1.486,-11.905,0.000,1.488,0.043
29.47,-11.866,-0.018,-1.487,-11.905,0.000,1.488,0.043
29.49,-11.866,-0.018,-1.487,-11.905,0.000,1.488,0.043
29.52,-11.867,-0.019,-1.488,-11.905,0.000,1.488,0.043
29.54,-11.867,-0.019,-1.488,-11.905,0.000,1.488,0.043
29.56,-11.867,-0.019,-1.489,-11.905,0.000,1.488,0.043
29.58,-11.867,-0.019,-1.489,-11.905,0.000,1.488,0.043
29.60,-11.868,-0.019,-1.489,-11.905,0.000,1.488,0.042
29.62,-11.868,-0.019,-1.489,-11.905,0.000,1.488,0.042
29.64,-11.868,-0.019,-1.490,-11.905,0.000,1.488,0.042
29.66,-11.868,-0.019,-1.490,-11.905,0.000,1.488,0.042
29.68,-11.868,-0.019,-1.491,-11.905,0.000,1.488,0.042
29.70,-11.868,-0.019,-1.491,-11.905,0.000,1.488,0.042
29.72,-11.869,-0.019,-1.492,-11.905,0.000,1.488,0.041
29.75,-11.869,-0.019,-1.492,-11.905,0.000,1.488,0.041
29.77,-11.870,-0.018,-1.493,-11.905,0.000,1.488,0.040
29.79,-11.870,-0.018,-1.493,-11.905,0.000,1.488,0.040
29.81,-11.870,-0.018,-1.493,-11.905,0.000,1.488,0.040
29.83,-11.871,-0.017,-1.493,-11.905,0.000,1.488,0.039
29.85,-11.871,-0.017,-1.493,-11.905,0.000,1.488,0.039
29.87,-11.872,-0.017,-1.494,-11.905,0.000,1.488,0.038
29.89,-11.872,-0.017,-1.494,-11.905,0.000,1.488,0.038
29.91,-11.873,-0.016,-1.494,-11.905,0.000,1.488,0.037
29.93,-11.873,-0.016,-1.494,-11.905,0.000,1.488,0.037
29.95,-11.874,-0.015,-1.494,-11.905,0.000,1.488,0.035
29.97,-11.874,-0.015,-1.494,-11.905,0.000,1.488,0.035
29.99,-11.875,-0.014,-1.495,-11.905,0.000,1.488,0.034
30.02,-11.875,-0.014,-1.495,-11.905,0.000,1.488,0.034
30.04,-11.876,-0.013,-1.495,-11.905,0.000,1.488,0.033
30.06,-11.876,-0.013,-1.495,-11.905,0.000,1.488,0.033
30.08,-11.877,-0.012,-1.495,-11.905,0.000,1.488,0.032
30.10,-11.877,-0.012,-1.495,-11.905,0.000,1.488,0.032
30.12,-11.877,-0.011,-1.495,-11.905,0.000,1.488,0.031
30.14,-11.877,-0.011,-1.495,-11.905,0.000,1.488,0.031
30.16,-11.879,-0.010,-1.495,-11.905,0.000,1.488,0.029
30.18,-11.879,-0.010,-1.495,-11.905,0.000,1.488,0.029
30.20,-11.879,-0.009,-1.495,-11.905,0.000,1.488,0.028
30.22,-11.879,-0.009,-1.495,-11.905,0.000,1.488,0.028
30.24,-11.881,-0.008,-1.494,-11.905,0.000,1.488,0.027
30.27,-11.881,-0.008,-1.494,-11.905,0.000,1.488,0.027
30.29,-11.881,-0.008,-1.494,-11.905,0.000,1.488,0.027
30.31,-11.882,-0.008,-1.494,-11.905,0.000,1.488,0.025
30.33,-11.882,-0.008,-1.494,-11.905,0.000,1.488,0.025
30.35,-11.884,-0.007,-1.494,-11.905,0.000,1.488,0.023
30.37,-11.884,-0.007,-1.494,-11.905,0.000,1.488,0.023
30.39,-11.885,-0.007,-1.493,-11.905,0.000,1.488,0.022
30.41,-11.885,-0.007,-1.493,-11.905,0.000,1.488,0.022
30.43,-11.887,-0.006,-1.493,-11.905,0.000,1.488,0.020
30.45,-11.887,-0.006,-1.493,-11.905,0.000,1.488,0.020
30.47,-11.888,-0.006,-1.493,-11.905,0.000,1.488,0.019
30.49,-11.888,-0.006,-1.493,-11.905,0.000,1.488,0.019
30.52,-11.889,-0.005,-1.493,-11.905,0.000,1.488,0.017
30.54,-11.889,-0.005,-1.493,-11.905,0.000,1.488,0.017
30.56,-11.891,-0.005,-1.493,-11.905,0.000,1.488,0.016
30.58,-11.891,-0.005,-1.493,-11.905,0.000,1.488,0.016
30.60,-11.892,-0.005,-1.493,-11.905,0.000,1.488,0.015
30.62,-11.892,-0.005,-1.493,-11.905,0.000,1.488,0.015
30.64,-11.893,-0.004,-1.493,-11.905,0.000,1.488,0.014
30.66,-11.893,-0.004,-1.493,-11.905,0.000,1.488,0.014
30.68,-11.894,-0.004,-1.493,-11.905,0.000,1.488,0.013
30.70,-11.894,-0.004,-1.493,-11.905,0.000,1.488,0.013
30.72,-11.895,-0.003,-1.493,-11.905,0.000,1.488,0.012
30.74,-11.895,-0.003,-1.493,-11.905,0.000,1.488,0.012
30.77,-11.896,-0.003,-1.494,-11.905,0.000,1.488,0.012
30.79,-11.896,-0.003,-1.494,-11.905,0.000,1.488,0.012
30.81,-11.896,-0.003,-1.494,-11.905,0.000,1.488,0.012
30.83,-11.897,-0.002,-1.494,-11.905,0.000,1.488,0.011
30.85,-11.897,-0.002,-1.494,-11.905,0.000,1.488,0.011
30.87,-11.897,-0.001,-1.494,-11.905,0.000,1.488,0.010
30.89,-11.897,-0.001,-1.494,-11.905,0.000,1.488,0.010
30.91,-11.897,-0.000,-1.493,-11.905,0.000,1.488,0.010
30.93,-11.897,-0.000,-1.493,-11.905,0.000,1.488,0.010
30.95,-11.898,0.000,-1.493,-11.905,0.000,1.488,0.009
30.97,-11.898,0.000,-1.493,-11.905,0.000,1.488,0.009
31.00,-11.898,0.001,-1.493,-11.905,0.000,1.488,0.009
31.02,-11.898,0.001,-1.493,-11.905,0.000,1.488,0.009
31.04,-11.897,0.002,-1.493,-11.905,0.000,1.488,0.010
31.06,-11.897,0.002,-1.493,-11.905,0.000,1.488,0.010
31.08,-11.897,0.004,-1.493,-11.905,0.000,1.488,0.010
31.10,-11.897,0.004,-1.493,-11.905,0.000,1.488,0.010
31.12,-11.897,0.005,-1.493,-11.905,0.000,1.488,0.011
31.14,-11.897,0.005,-1.493,-11.905,0.000,1.488,0.011
31.16,-11.896,0.007,-1.493,-11.905,0.000,1.488,0.012
31.18,-11.896,0.007,-1.493,-11.905,0.000,1.488,0.012
31.20,-11.896,0.009,-1.493,-11.905,0.000,1.488,0.013
31.22,-11.896,0.009,-1.493,-11.905,0.000,1.488,0.013
31.25,-11.895,0.010,-1.493,-11.905,0.000,1.488,0.015
31.27,-11.895,0.010,-1.493,-11.905,0.000,1.488,0.015
31.29,-11.895,0.012,-1.493,-11.905,0.000,1.488,0.016
31.31,-11.895,0.012,-1.493,-11.905,0.000,1.488,0.016
31.33,-11.895,0.012,-1.493,-11.905,0.000,1.488,0.016
31.35,-11.894,0.014,-1.492,-11.905,0.000,1.488,0.018
31.37,-11.894,0.014,-1.492,-11.905,0.000,1.488,0.018
31.39,-11.894,0.016,-1.492,-11.905,0.000,1.488,0.019
31.41,-11.894,0.016,-1.492,-11.905,0.000,1.488,0.019
31.43,-11.894,0.017,-1.492,-11.905,0.000,1.488,0.021
31.45,-11.894,0.017,-1.492,-11.905,0.000,1.488,0.021
31.47,-11.894,0.019,-1.492,-11.905,0.000,1.488,0.022
31.49,-11.894,0.019,-1.492,-11.905,0.000,1.488,0.022
31.52,-11.893,0.020,-1.491,-11.905,0.000,1.488,0.023
31.54,-11.893,0.020,-1.491,-11.905,0.000,1.488,0.023
31.56,-11.893,0.020,-1.491,-11.905,0.000,1.488,0.023
31.58,-11.893,0.020,-1.491,-11.905,0.000,1.488,0.023
31.60,-11.893,0.021,-1.490,-11.905,0.000,1.488,0.024
31.62,-11.893,0.021,-1.490,-11.905,0.000,1.488,0.024
31.64,-11.893,0.021,-1.490,-11.905,0.000,1.488,0.024
31.66,-11.893,0.021,-1.490,-11.905,0.000,1.488,0.024
31.68,-11.893,0.022,-1.489,-11.905,0.000,1.488,0.025
31.70,-11.893,0.022,-1.489,-11.905,0.000,1.488,0.025
31.72,-11.892,0.022,-1.489,-11.905,0.000,1.488,0.025
31.74,-11.892,0.022,-1.489,-11.905,0.000,1.488,0.025
31.77,-11.892,0.022,-1.488,-11.905,0.000,1.488,0.025
31.79,-11.892,0.022,-1.488,-11.905,0.000,1.488,0.025
31.81,-11.892,0.022,-1.488,-11.905,0.000,1.488,0.025
31.83,-11.891,0.022,-1.487,-11.905,0.000,1.488,0.025
31.85,-11.891,0.022,-1.487,-11.905,0.000,1.488,0.025
31.87,-11.890,0.021,-1.487,-11.905,0.000,1.488,0.026
31.89,-11.890,0.021,-1.487,-11.905,0.000,1.488,0.026
31.91,-11.890,0.021,-1.487,-11.905,0.000,1.488,0.026
31.93,-11.890,0.021,-1.487,-11.905,0.000,1.488,0.026
31.95,-11.889,0.021,-1.486,-11.905,0.000,1.488,0.026
31.97,-11.889,0.021,-1.486,-11.905,0.000,1.488,0.026
31.99,-11.888,0.021,-1.486,-11.905,0.000,1.488,0.027
32.02,-11.888,0.021,-1.486,-11.905,0.000,1.488,0.027
32.04,-11.887,0.020,-1.486,-11.905,0.000,1.488,0.027
32.06,-11.887,0.020,-1.486,-11.905,0.000,1.488,0.027
32.08,-11.886,0.020,-1.486,-11.905,0.000,1.488,0.027
32.10,-11.886,0.020,-1.486,-11.905,0.000,1.488,0.027
32.12,-11.885,0.019,-1.485,-11.905,0.000,1.488,0.028
32.14,-11.885,0.019,-1.485,-11.905,0.000,1.488,0.028
32.16,-11.884,0.019,-1.485,-11.905,0.000,1.488,0.028
32.18,-11.884,0.019,-1.485,-11.905,0.000,1.488,0.028
32.20,-11.883,0.018,-1.485,-11.905,0.000,1.488,0.028
32.22,-11.883,0.018,-1.485,-11.905,0.000,1.488,0.028
32.24,-11.883,0.017,-1.485,-11.905,0.000,1.488,0.028
32.26,-11.883,0.017,-1.485,-11.905,0.000,1.488,0.028
32.29,-11.882,0.017,-1.485,-11.905,0.000,1.488,0.028
32.31,-11.882,0.017,-1.485,-11.905,0.000,1.488,0.028
32.33,-11.882,0.017,-1.485,-11.905,0.000,1.488,0.028
32.35,-11.882,0.016,-1.485,-11.905,0.000,1.488,0.028
32.37,-11.882,0.016,-1.485,-11.905,0.000,1.488,0.028
32.39,-11.882,0.016,-1.486,-11.905,0.000,1.488,0.028
32.41,-11.882,0.016,-1.486,-11.905,0.000,1.488,0.028
32.43,-11.882,0.016,-1.486,-11.905,0.000,1.488,0.028
32.45,-11.882,0.016,-1.486,-11.905,0.000,1.488,0.028
32.47,-11.883,0.016,-1.486,-11.905,0.000,1.488,0.027
32.49,-11.883,0.016,-1.486,-11.905,0.000,1.488,0.027
32.52,-11.883,0.016,-1.487,-11.905,0.000,1.488,0.027
32.54,-11.883,0.016,-1.487,-11.905,0.000,1.488,0.027
32.56,-11.884,0.016,-1.487,-11.905,0.000,1.488,0.026
32.58,-11.884,0.016,-1.487,-11.905,0.000,1.488,0.026
32.60,-11.884,0.016,-1.487,-11.905,0.000,1.488,0.026
32.62,-11.884,0.016,-1.487,-11.905,0.000,1.488,0.026
32.64,-11.885,0.016,-1.487,-11.905,0.000,1.488,0.025
32.66,-11.885,0.016,-1.487,-11.905,0.000,1.488,0.025
32.68,-11.886,0.016,-1.488,-11.905,0.000,1.488,0.025
32.70,-11.886,0.016,-1.488,-11.905,0.000,1.488,0.025
32.72,-11.887,0.015,-1.488,-11.905,0.000,1.488,0.024
32.74,-11.887,0.015,-1.488,-11.905,0.000,1.488,0.024
32.76,-11.888,0.015,-1.488,-11.905,0.000,1.488,0.023
32.78,-11.888,0.015,-1.488,-11.905,0.000,1.488,0.023
32.81,-11.888,0.015,-1.488,-11.905,0.000,1.488,0.023
32.83,-11.889,0.014,-1.488,-11.905,0.000,1.488,0.021
32.85,-11.889,0.014,-1.488,-11.905,0.000,1.488,0.021
32.87,-11.890,0.014,-1.489,-11.905,0.000,1.488,0.020
32.89,-11.890,0.014,-1.489,-11.905,0.000,1.488,0.020
32.91,-11.892,0.013,-1.489,-11.905,0.000,1.488,0.019
32.93,-11.892,0.013,-1.489,-11.905,0.000,1.488,0.019
32.95,-11.893,0.013,-1.489,-11.905,0.000,1.488,0.017
32.97,-11.893,0.013,-1.489,-11.905,0.000,1.488,0.017
32.99,-11.895,0.012,-1.490,-11.905,0.000,1.488,0.016
33.01,-11.895,0.012,-1.490,-11.905,0.000,1.488,0.016
33.04,-11.896,0.012,-1.490,-11.905,0.000,1.488,0.015
33.06,-11.896,0.012,-1.490,-11.905,0.000,1.488,0.015
33.08,-11.897,0.012,-1.490,-11.905,0.000,1.488,0.014
33.10,-11.897,0.012,-1.490,-11.905,0.000,1.488,0.014
33.12,-11.898,0.011,-1.490,-11.905,0.000,1.488,0.013
33.14,-11.898,0.011,-1.490,-11.905,0.000,1.488,0.013
33.16,-11.899,0.011,-1.489,-11.905,0.000,1.488,0.013
33.18,-11.899,0.011,-1.489,-11.905,0.000,1.488,0.013
33.20,-11.900,0.011,-1.489,-11.905,0.000,1.488,0.012
33.22,-11.900,0.011,-1.489,-11.905,0.000,1.488,0.012
33.24,-11.900,0.011,-1.489,-11.905,0.000,1.488,0.012
33.26,-11.900,0.011,-1.489,-11.905,0.000,1.488,0.012
33.28,-11.901,0.011,-1.490,-11.905,0.000,1.488,0.011
33.30,-11.901,0.011,-1.490,-11.905,0.000,1.488,0.011
33.33,-11.901,0.011,-1.490,-11.905,0.000,1.488,0.011
33.35,-11.901,0.010,-1.490,-11.905,0.000,1.488,0.011
33.37,-11.901,0.010,-1.490,-11.905,0.000,1.488,0.011
33.39,-11.901,0.010,-1.490,-11.905,0.000,1.488,0.011
33.41,-11.901,0.010,-1.490,-11.905,0.000,1.488,0.011
33.43,-11.902,0.010,-1.490,-11.905,0.000,1.488,0.010
33.45,-11.902,0.010,-1.490,-11.905,0.000,1.488,0.010
33.47,-11.902,0.010,-1.490,-11.905,0.000,1.488,0.010
33.49,-11.902,0.010,-1.490,-11.905,0.000,1.488,0.010
33.51,-11.902,0.009,-1.489,-11.905,0.000,1.488,0.010
33.53,-11.902,0.009,-1.489,-11.905,0.000,1.488,0.010
33.55,-11.903,0.009,-1.489,-11.905,0.000,1.488,0.009
33.57,-11.903,0.009,-1.489,-11.905,0.000,1.488,0.009
33.60,-11.903,0.009,-1.489,-11.905,0.000,1.488,0.009
33.62,-11.903,0.009,-1.489,-11.905,0.000,1.488,0.009
33.64,-11.903,0.008,-1.489,-11.905,0.000,1.488,0.008
33.66,-11.903,0.008,-1.489,-11.905,0.000,1.488,0.008
33.68,-11.903,0.008,-1.489,-11.905,0.000,1.488,0.008
33.70,-11.903,0.008,-1.489,-11.905,0.000,1.488,0.008
33.72,-11.903,0.008,-1.489,-11.905,0.000,1.488,0.008
33.74,-11.903,0.008,-1.489,-11.905,0.000,1.488,0.008
33.76,-11.903,0.007,-1.489,-11.905,0.000,1.488,0.007
33.78,-11.903,0.007,-1.489,-11.905,0.000,1.488,0.007
33.80,-11.903,0.007,-1.489,-11.905,0.000,1.488,0.007
33.82,-11.903,0.007,-1.489,-11.905,0.000,1.488,0.007
33.85,-11.903,0.007,-1.489,-11.905,0.000,1.488,0.007
33.87,-11.903,0.006,-1.489,-11.905,0.000,1.488,0.006
33.89,-11.903,0.006,-1.489,-11.905,0.000,1.488,0.006
33.91,-11.903,0.006,-1.490,-11.905,0.000,1.488,0.006
33.93,-11.903,0.006,-1.490,-11.905,0.000,1.488,0.006
33.95,-11.903,0.005,-1.490,-11.905,0.000,1.488,0.006
33.97,-11.903,0.005,-1.490,-11.905,0.000,1.488,0.006
33.99,-11.903,0.005,-1.490,-11.905,0.000,1.488,0.005
34.01,-11.903,0.005,-1.490,-11.905,0.000,1.488,0.005
34.03,-11.903,0.004,-1.491,-11.905,0.000,1.488,0.005
34.05,-11.903,0.004,-1.491,-11.905,0.000,1.488,0.005
34.07,-11.903,0.003,-1.491,-11.905,0.000,1.488,0.005
34.09,-11.903,0.003,-1.491,-11.905,0.000,1.488,0.005
34.12,-11.903,0.003,-1.491,-11.905,0.000,1.488,0.005
34.14,-11.903,0.003,-1.491,-11.905,0.000,1.488,0.005
34.16,-11.903,0.002,-1.491,-11.905,0.000,1.488,0.004
34.18,-11.903,0.002,-1.491,-11.905,0.000,1.488,0.004
34.20,-11.903,0.001,-1.492,-11.905,0.000,1.488,0.004
34.22,-11.903,0.001,-1.492,-11.905,0.000,1.488,0.004
34.24,-11.903,0.000,-1.492,-11.905,0.000,1.488,0.005
34.26,-11.903,0.000,-1.492,-11.905,0.000,1.488,0.005
34.28,-11.902,-0.001,-1.492,-11.905,0.000,1.488,0.005
34.30,-11.902,-0.001,-1.492,-11.905,0.000,1.488,0.005
34.32,-11.902,-0.001,-1.492,-11.905,0.000,1.488,0.005
34.34,-11.902,-0.002,-1.492,-11.905,0.000,1.488,0.006
34.36,-11.902,-0.002,-1.492,-11.905,0.000,1.488,0.006
34.39,-11.902,-0.002,-1.492,-11.905,0.000,1.488,0.006
34.41,-11.902,-0.002,-1.492,-11.905,0.000,1.488,0.006
34.43,-11.902,-0.003,-1.492,-11.905,0.000,1.488,0.007
34.45,-11.902,-0.003,-1.492,-11.905,0.000,1.488,0.007
34.47,-11.901,-0.004,-1.492,-11.905,0.000,1.488,0.007
34.49,-11.901,-0.004,-1.492,-11.905,0.000,1.488,0.007
34.51,-11.901,-0.004,-1.492,-11.905,0.000,1.488,0.007
34.53,-11.901,-0.004,-1.492,-11.905,0.000,1.488,0.007
34.55,-11.902,-0.005,-1.492,-11.905,0.000,1.488,0.008
34.57,-11.902,-0.005,-1.492,-11.905,0.000,1.488,0.008
34.59,-11.902,-0.006,-1.492,-11.905,0.000,1.488,0.008
34.62,-11.902,-0.006,-1.492,-11.905,0.000,1.488,0.008
34.64,-11.902,-0.006,-1.492,-11.905,0.000,1.488,0.008
34.66,-11.902,-0.006,-1.492,-11.905,0.000,1.488,0.008
34.68,-11.902,-0.007,-1.492,-11.905,0.000,1.488,0.009
34.70,-11.902,-0.007,-1.492,-11.905,0.000,1.488,0.009
34.72,-11.903,-0.007,-1.492,-11.905,0.000,1.488,0.009
34.74,-11.903,-0.007,-1.492,-11.905,0.000,1.488,0.009
34.76,-11.903,-0.008,-1.492,-11.905,0.000,1.488,0.010
34.78,-11.903,-0.008,-1.492,-11.905,0.000,1.488,0.010
34.80,-11.904,-0.009,-1.492,-11.905,0.000,1.488,0.010
34.82,-11.904,-0.009,-1.492,-11.905,0.000,1.488,0.010
34.84,-11.904,-0.009,-1.492,-11.905,0.000,1.488,0.010
34.87,-11.904,-0.010,-1.492,-11.905,0.000,1.488,0.011
34.89,-11.904,-0.010,-1.492,-11.905,0.000,1.488,0.011
34.91,-11.905,-0.010,-1.492,-11.905,0.000,1.488,0.011
34.93,-11.905,-0.010,-1.492,-11.905,0.000,1.488,0.011
34.95,-11.905,-0.011,-1.492,-11.905,0.000,1.488,0.012
34.97,-11.905,-0.011,-1.492,-11.905,0.000,1.488,0.012
34.99,-11.906,-0.012,-1.492,-11.905,0.000,1.488,0.013
35.01,-11.906,-0.012,-1.492,-11.905,0.000,1.488,0.013
35.03,-11.907,-0.013,-1.492,-11.905,0.000,1.488,0.014
35.05,-11.907,-0.013,-1.492,-11.905,0.000,1.488,0.014
35.07,-11.907,-0.014,-1.492,-11.905,0.000,1.488,0.015
35.09,-11.907,-0.014,-1.492,-11.905,0.000,1.488,0.015
35.12,-11.908,-0.015,-1.492,-11.905,0.000,1.488,0.016
35.14,-11.908,-0.015,-1.492,-11.905,0.000,1.488,0.016
35.16,-11.908,-0.016,-1.492,-11.905,0.000,1.488,0.017
35.18,-11.908,-0.016,-1.492,-11.905,0.000,1.488,0.017
35.20,-11.908,-0.017,-1.493,-11.905,0.000,1.488,0.018
35.22,-11.908,-0.017,-1.493,-11.905,0.000,1.488,0.018
35.24,-11.908,-0.018,-1.493,-11.905,0.000,1.488,0.019
35.26,-11.908,-0.018,-1.493,-11.905,0.000,1.488,0.019
35.28,-11.908,-0.019,-1.493,-11.905,0.000,1.488,0.020
35.30,-11.908,-0.019,-1.493,-11.905,0.000,1.488,0.020
35.32,-11.908,-0.019,-1.493,-11.905,0.000,1.488,0.020
35.35,-11.907,-0.020,-1.493,-11.905,0.000,1.488,0.021
35.37,-11.907,-0.020,-1.493,-11.905,0.000,1.488,0.021
35.39,-11.907,-0.021,-1.494,-11.905,0.000,1.488,0.022
35.41,-11.907,-0.021,-1.494,-11.905,0.000,1.488,0.022
35.43,-11.907,-0.022,-1.494,-11.905,0.000,1.488,0.024
35.45,-11.907,-0.022,-1.494,-11.905,0.000,1.488,0.024
35.47,-11.907,-0.024,-1.495,-11.905,0.000,1.488,0.025
35.49,-11.907,-0.024,-1.495,-11.905,0.000,1.488,0.025
35.51,-11.907,-0.025,-1.495,-11.905,0.000,1.488,0.027
35.53,-11.907,-0.025,-1.495,-11.905,0.000,1.488,0.027
35.55,-11.907,-0.027,-1.495,-11.905,0.000,1.488,0.029
35.57,-11.907,-0.027,-1.495,-11.905,0.000,1.488,0.029
35.59,-11.907,-0.029,-1.496,-11.905,0.000,1.488,0.030
35.62,-11.907,-0.029,-1.496,-11.905,0.000,1.488,0.030
35.64,-11.907,-0.031,-1.496,-11.905,0.000,1.488,0.032
35.66,-11.907,-0.031,-1.496,-11.905,0.000,1.488,0.032
35.68,-11.907,-0.032,-1.496,-11.905,0.000,1.488,0.034
35.70,-11.907,-0.032,-1.496,-11.905,0.000,1.488,0.034
35.72,-11.908,-0.034,-1.496,-11.905,0.000,1.488,0.035
35.74,-11.908,-0.034,-1.496,-11.905,0.000,1.488,0.035
35.76,-11.908,-0.036,-1.496,-11.905,0.000,1.488,0.038
35.78,-11.908,-0.036,-1.496,-11.905,0.000,1.488,0.038
35.80,-11.908,-0.038,-1.496,-11.905,0.000,1.488,0.039
35.82,-11.908,-0.038,-1.496,-11.905,0.000,1.488,0.039
35.84,-11.908,-0.038,-1.496,-11.905,0.000,1.488,0.039
35.86,-11.908,-0.039,-1.496,-11.905,0.000,1.488,0.041
35.89,-11.908,-0.039,-1.496,-11.905,0.000,1.488,0.041
35.91,-11.908,-0.040,-1.496,-11.905,0.000,1.488,0.041
35.93,-11.908,-0.040,-1.496,-11.905,0.000,1.488,0.041
35.95,-11.908,-0.041,-1.495,-11.905,0.000,1.488,0.042
35.97,-11.908,-0.041,-1.495,-11.905,0.000,1.488,0.042
35.99,-11.908,-0.041,-1.495,-11.905,0.000,1.488,0.042
36.01,-11.908,-0.041,-1.495,-11.905,0.000,1.488,0.042
36.03,-11.908,-0.042,-1.494,-11.905,0.000,1.488,0.042
36.05,-11.908,-0.042,-1.494,-11.905,0.000,1.488,0.042
36.07,-11.909,-0.041,-1.493,-11.905,0.000,1.488,0.042
36.09,-11.909,-0.041,-1.493,-11.905,0.000,1.488,0.042
36.11,-11.909,-0.041,-1.492,-11.905,0.000,1.488,0.042
36.14,-11.909,-0.041,-1.492,-11.905,0.000,1.488,0.042
36.16,-11.910,-0.040,-1.492,-11.905,0.000,1.488,0.041
36.18,-11.910,-0.040,-1.492,-11.905,0.000,1.488,0.041
36.20,-11.910,-0.040,-1.491,-11.905,0.000,1.488,0.040
36.22,-11.910,-0.040,-1.491,-11.905,0.000,1.488,0.040
36.24,-11.910,-0.039,-1.490,-11.905,0.000,1.488,0.039
36.26,-11.910,-0.039,-1.490,-11.905,0.000,1.488,0.039
36.28,-11.910,-0.037,-1.489,-11.905,0.000,1.488,0.037
36.30,-11.910,-0.037,-1.489,-11.905,0.000,1.488,0.037
36.32,-11.910,-0.035,-1.489,-11.905,0.000,1.488,0.036
36.34,-11.910,-0.035,-1.489,-11.905,0.000,1.488,0.036
36.36,-11.910,-0.035,-1.489,-11.905,0.000,1.488,0.036
36.39,-11.910,-0.033,-1.488,-11.905,0.000,1.488,0.033
36.41,-11.910,-0.033,-1.488,-11.905,0.000,1.488,0.033
36.43,-11.910,-0.031,-1.488,-11.905,0.000,1.488,0.032
36.45,-11.910,-0.031,-1.488,-11.905,0.000,1.488,0.032
36.47,-11.910,-0.029,-1.488,-11.905,0.000,1.488,0.030
36.49,-11.910,-0.029,-1.488,-11.905,0.000,1.488,0.030
36.51,-11.909,-0.027,-1.488,-11.905,0.000,1.488,0.028
36.53,-11.909,-0.027,-1.488,-11.905,0.000,1.488,0.028
36.55,-11.909,-0.025,-1.489,-11.905,0.000,1.488,0.025
36.57,-11.909,-0.025,-1.489,-11.905,0.000,1.488,0.025
36.59,-11.908,-0.023,-1.489,-11.905,0.000,1.488,0.023
36.62,-11.908,-0.023,-1.489,-11.905,0.000,1.488,0.023
36.64,-11.908,-0.021,-1.489,-11.905,0.000,1.488,0.021
36.66,-11.908,-0.021,-1.489,-11.905,0.000,1.488,0.021
36.68,-11.907,-0.019,-1.490,-11.905,0.000,1.488,0.019
36.70,-11.907,-0.019,-1.490,-11.905,0.000,1.488,0.019
36.72,-11.906,-0.016,-1.490,-11.905,0.000,1.488,0.017
36.74,-11.906,-0.016,-1.490,-11.905,0.000,1.488,0.017
36.76,-11.905,-0.014,-1.490,-11.905,0.000,1.488,0.014
36.78,-11.905,-0.014,-1.490,-11.905,0.000,1.488,0.014
36.80,-11.905,-0.012,-1.490,-11.905,0.000,1.488,0.012
36.82,-11.905,-0.012,-1.490,-11.905,0.000,1.488,0.012
36.84,-11.905,-0.012,-1.490,-11.905,0.000,1.488,0.012
36.86,-11.904,-0.009,-1.489,-11.905,0.000,1.488,0.009
36.89,-11.904,-0.009,-1.489,-11.905,0.000,1.488,0.009
36.91,-11.903,-0.007,-1.489,-11.905,0.000,1.488,0.007
36.93,-11.903,-0.007,-1.489,-11.905,0.000,1.488,0.007
36.95,-11.902,-0.005,-1.489,-11.905,0.000,1.488,0.006
36.97,-11.902,-0.005,-1.489,-11.905,0.000,1.488,0.006
36.99,-11.902,-0.003,-1.489,-11.905,0.000,1.488,0.005
37.01,-11.902,-0.003,-1.489,-11.905,0.000,1.488,0.005
37.03,-11.901,-0.001,-1.488,-11.905,0.000,1.488,0.004
37.05,-11.901,-0.001,-1.488,-11.905,0.000,1.488,0.004
37.07,-11.901,0.000,-1.488,-11.905,0.000,1.488,0.004
37.09,-11.901,0.000,-1.488,-11.905,0.000,1.488,0.004
37.12,-11.901,0.002,-1.487,-11.905,0.000,1.488,0.005
37.14,-11.901,0.002,-1.487,-11.905,0.000,1.488,0.005
37.16,-11.900,0.003,-1.487,-11.905,0.000,1.488,0.006
37.18,-11.900,0.003,-1.487,-11.905,0.000,1.488,0.006
37.20,-11.900,0.003,-1.486,-11.905,0.000,1.488,0.006
37.22,-11.900,0.003,-1.486,-11.905,0.000,1.488,0.006
37.24,-11.900,0.004,-1.485,-11.905,0.000,1.488,0.007
37.26,-11.900,0.004,-1.485,-11.905,0.000,1.488,0.007
37.28,-11.900,0.005,-1.485,-11.905,0.000,1.488,0.008
37.30,-11.900,0.005,-1.485,-11.905,0.000,1.488,0.008
37.32,-11.900,0.005,-1.484,-11.905,0.000,1.488,0.008
37.34,-11.900,0.005,-1.484,-11.905,0.000,1.488,0.008
37.36,-11.900,0.005,-1.484,-11.905,0.000,1.488,0.008
37.39,-11.900,0.006,-1.483,-11.905,0.000,1.488,0.009
37.41,-11.900,0.006,-1.483,-11.905,0.000,1.488,0.009
37.43,-11.900,0.006,-1.483,-11.905,0.000,1.488,0.009
37.45,-11.900,0.006,-1.483,-11.905,0.000,1.488,0.009
37.47,-11.901,0.006,-1.482,-11.905,0.000,1.488,0.009
37.49,-11.901,0.006,-1.482,-11.905,0.000,1.488,0.009
37.51,-11.901,0.006,-1.481,-11.905,0.000,1.488,0.009
37.53,-11.901,0.006,-1.481,-11.905,0.000,1.488,0.009
37.55,-11.902,0.006,-1.481,-11.905,0.000,1.488,0.010
37.57,-11.902,0.006,-1.481,-11.905,0.000,1.488,0.010
37.60,-11.903,0.006,-1.481,-11.905,0.000,1.488,0.010
37.62,-11.903,0.006,-1.481,-11.905,0.000,1.488,0.010
37.64,-11.903,0.006,-1.481,-11.905,0.000,1.488,0.010
37.66,-11.903,0.006,-1.481,-11.905,0.000,1.488,0.010
37.68,-11.904,0.006,-1.480,-11.905,0.000,1.488,0.009
37.70,-11.904,0.006,-1.480,-11.905,0.000,1.488,0.009
37.72,-11.905,0.006,-1.480,-11.905,0.000,1.488,0.009
37.74,-11.905,0.006,-1.480,-11.905,0.000,1.488,0.009
37.76,-11.906,0.005,-1.480,-11.905,0.000,1.488,0.009
37.78,-11.906,0.005,-1.480,-11.905,0.000,1.488,0.009
37.80,-11.906,0.005,-1.480,-11.905,0.000,1.488,0.009
37.82,-11.906,0.005,-1.480,-11.905,0.000,1.488,0.009
37.84,-11.906,0.005,-1.480,-11.905,0.000,1.488,0.009
37.87,-11.907,0.003,-1.479,-11.905,0.000,1.488,0.009
37.89,-11.907,0.003,-1.479,-11.905,0.000,1.488,0.009
37.91,-11.907,0.002,-1.479,-11.905,0.000,1.488,0.009
37.93,-11.907,0.002,-1.479,-11.905,0.000,1.488,0.009
37.95,-11.907,0.001,-1.479,-11.905,0.000,1.488,0.009
37.97,-11.907,0.001,-1.479,-11.905,0.000,1.488,0.009
37.99,-11.908,0.000,-1.479,-11.905,0.000,1.488,0.009
38.01,-11.908,0.000,-1.479,-11.905,0.000,1.488,0.009
38.03,-11.908,-0.001,-1.479,-11.905,0.000,1.488,0.009
38.05,-11.908,-0.001,-1.479,-11.905,0.000,1.488,0.009
38.07,-11.908,-0.002,-1.479,-11.905,0.000,1.488,0.009
38.09,-11.908,-0.002,-1.479,-11.905,0.000,1.488,0.009
38.12,-11.907,-0.003,-1.479,-11.905,0.000,1.488,0.010
38.14,-11.907,-0.003,-1.479,-11.905,0.000,1.488,0.010
38.16,-11.907,-0.004,-1.479,-11.905,0.000,1.488,0.010
38.18,-11.907,-0.004,-1.479,-11.905,0.000,1.488,0.010
38.20,-11.907,-0.004,-1.480,-11.905,0.000,1.488,0.010
38.22,-11.907,-0.004,-1.480,-11.905,0.000,1.488,0.010
38.24,-11.907,-0.005,-1.480,-11.905,0.000,1.488,0.010
38.26,-11.907,-0.005,-1.480,-11.905,0.000,1.488,0.010
38.28,-11.907,-0.006,-1.481,-11.905,0.000,1.488,0.010
38.30,-11.907,-0.006,-1.481,-11.905,0.000,1.488,0.010
38.32,-11.906,-0.007,-1.481,-11.905,0.000,1.488,0.010
38.34,-11.906,-0.007,-1.481,-11.905,0.000,1.488,0.010
38.37,-11.906,-0.007,-1.481,-11.905,0.000,1.488,0.010
38.39,-11.906,-0.008,-1.482,-11.905,0.000,1.488,0.010
38.41,-11.906,-0.008,-1.482,-11.905,0.000,1.488,0.010
38.43,-11.905,-0.008,-1.483,-11.905,0.000,1.488,0.010
38.45,-11.905,-0.008,-1.483,-11.905,0.000,1.488,0.010
38.47,-11.904,-0.008,-1.484,-11.905,0.000,1.488,0.010
38.49,-11.904,-0.008,-1.484,-11.905,0.000,1.488,0.010
38.51,-11.904,-0.008,-1.484,-11.905,0.000,1.488,0.010
38.53,-11.904,-0.008,-1.484,-11.905,0.000,1.488,0.010
38.55,-11.902,-0.009,-1.485,-11.905,0.000,1.488,0.010
38.57,-11.902,-0.009,-1.485,-11.905,0.000,1.488,0.010
38.59,-11.901,-0.009,-1.485,-11.905,0.000,1.488,0.010
38.62,-11.901,-0.009,-1.485,-11.905,0.000,1.488,0.010
38.64,-11.901,-0.009,-1.486,-11.905,0.000,1.488,0.010
38.66,-11.901,-0.009,-1.486,-11.905,0.000,1.488,0.010
38.68,-11.900,-0.009,-1.486,-11.905,0.000,1.488,0.011
38.70,-11.900,-0.009,-1.486,-11.905,0.000,1.488,0.011
38.72,-11.899,-0.008,-1.487,-11.905,0.000,1.488,0.011
38.74,-11.899,-0.008,-1.487,-11.905,0.000,1.488,0.011
38.76,-11.898,-0.008,-1.487,-11.905,0.000,1.488,0.011
38.78,-11.898,-0.008,-1.487,-11.905,0.000,1.488,0.011
38.80,-11.898,-0.008,-1.487,-11.905,0.000,1.488,0.011
38.82,-11.898,-0.008,-1.487,-11.905,0.000,1.488,0.011
38.84,-11.897,-0.008,-1.487,-11.905,0.000,1.488,0.011
38.86,-11.897,-0.008,-1.487,-11.905,0.000,1.488,0.011
38.89,-11.897,-0.008,-1.487,-11.905,0.000,1.488,0.011
38.91,-11.897,-0.007,-1.487,-11.905,0.000,1.488,0.011
38.93,-11.897,-0.007,-1.487,-11.905,0.000,1.488,0.011
38.95,-11.896,-0.007,-1.486,-11.905,0.000,1.488,0.011
38.97,-11.896,-0.007,-1.486,-11.905,0.000,1.488,0.011
38.99,-11.896,-0.006,-1.486,-11.905,0.000,1.488,0.012
39.01,-11.896,-0.006,-1.486,-11.905,0.000,1.488,0.012
39.03,-11.896,-0.006,-1.486,-11.905,0.000,1.488,0.012
39.05,-11.896,-0.006,-1.486,-11.905,0.000,1.488,0.012
39.07,-11.895,-0.006,-1.485,-11.905,0.000,1.488,0.012
39.09,-11.895,-0.006,-1.485,-11.905,0.000,1.488,0.012
39.12,-11.894,-0.006,-1.485,-11.905,0.000,1.488,0.013
39.14,-11.894,-0.006,-1.485,-11.905,0.000,1.488,0.013
39.16,-11.894,-0.005,-1.485,-11.905,0.000,1.488,0.013
39.18,-11.894,-0.005,-1.485,-11.905,0.000,1.488,0.013
39.20,-11.893,-0.005,-1.484,-11.905,0.000,1.488,0.014
39.22,-11.893,-0.005,-1.484,-11.905,0.000,1.488,0.014
39.24,-11.892,-0.005,-1.484,-11.905,0.000,1.488,0.014
39.26,-11.892,-0.005,-1.484,-11.905,0.000,1.488,0.014
39.28,-11.892,-0.005,-1.484,-11.905,0.000,1.488,0.015
39.31,-11.892,-0.005,-1.484,-11.905,0.000,1.488,0.015
39.33,-11.891,-0.004,-1.484,-11.905,0.000,1.488,0.015
39.35,-11.891,-0.004,-1.484,-11.905,0.000,1.488,0.015
39.37,-11.891,-0.004,-1.484,-11.905,0.000,1.488,0.015
39.39,-11.891,-0.004,-1.484,-11.905,0.000,1.488,0.016
39.41,-11.891,-0.004,-1.484,-11.905,0.000,1.488,0.016
39.43,-11.891,-0.004,-1.484,-11.905,0.000,1.488,0.016
39.45,-11.891,-0.004,-1.484,-11.905,0.000,1.488,0.016
39.47,-11.890,-0.004,-1.484,-11.905,0.000,1.488,0.016
39.49,-11.890,-0.004,-1.484,-11.905,0.000,1.488,0.016
39.51,-11.890,-0.004,-1.485,-11.905,0.000,1.488,0.015
39.53,-11.890,-0.004,-1.485,-11.905,0.000,1.488,0.015
39.56,-11.890,-0.003,-1.485,-11.905,0.000,1.488,0.015
39.58,-11.890,-0.003,-1.485,-11.905,0.000,1.488,0.015
39.60,-11.891,-0.003,-1.486,-11.905,0.000,1.488,0.015
39.62,-11.891,-0.003,-1.486,-11.905,0.000,1.488,0.015
39.64,-11.891,-0.002,-1.487,-11.905,0.000,1.488,0.015
39.66,-11.891,-0.002,-1.487,-11.905,0.000,1.488,0.015
39.68,-11.891,-0.001,-1.488,-11.905,0.000,1.488,0.014
39.70,-11.891,-0.001,-1.488,-11.905,0.000,1.488,0.014
39.72,-11.891,-0.000,-1.489,-11.905,0.000,1.488,0.014
39.74,-11.891,-0.000,-1.489,-11.905,0.000,1.488,0.014
39.76,-11.892,0.001,-1.489,-11.905,0.000,1.488,0.014
39.79,-11.892,0.001,-1.489,-11.905,0.000,1.488,0.014
39.81,-11.892,0.002,-1.490,-11.905,0.000,1.488,0.013
39.83,-11.892,0.002,-1.490,-11.905,0.000,1.488,0.013
39.85,-11.892,0.003,-1.490,-11.905,0.000,1.488,0.013
39.87,-11.892,0.003,-1.490,-11.905,0.000,1.488,0.013
39.89,-11.892,0.003,-1.490,-11.905,0.000,1.488,0.013
39.91,-11.893,0.004,-1.491,-11.905,0.000,1.488,0.013
39.93,-11.893,0.004,-1.491,-11.905,0.000,1.488,0.013
39.95,-11.893,0.004,-1.491,-11.905,0.000,1.488,0.013
39.97,-11.893,0.004,-1.491,-11.905,0.000,1.488,0.013
39.99,-11.894,0.005,-1.491,-11.905,0.000,1.488,0.012
40.01,-11.894,0.005,-1.491,-11.905,0.000,1.488,0.012
40.04,-11.894,0.005,-1.491,-11.905,0.000,1.488,0.012
40.06,-11.894,0.005,-1.491,-11.905,0.000,1.488,0.012
40.08,-11.895,0.005,-1.491,-11.905,0.000,1.488,0.012
40.10,-11.895,0.005,-1.491,-11.905,0.000,1.488,0.012
40.12,-11.895,0.005,-1.491,-11.905,0.000,1.488,0.011
40.14,-11.895,0.005,-1.491,-11.905,0.000,1.488,0.011
40.16,-11.896,0.005,-1.491,-11.905,0.000,1.488,0.010
40.18,-11.896,0.005,-1.491,-11.905,0.000,1.488,0.010
40.20,-11.897,0.005,-1.491,-11.905,0.000,1.488,0.010
40.22,-11.897,0.005,-1.491,-11.905,0.000,1.488,0.010
40.24,-11.898,0.005,-1.491,-11.905,0.000,1.488,0.009
40.26,-11.898,0.005,-1.491,-11.905,0.000,1.488,0.009
40.28,-11.898,0.005,-1.491,-11.905,0.000,1.488,0.009
40.31,-11.898,0.005,-1.491,-11.905,0.000,1.488,0.009
40.33,-11.899,0.005,-1.491,-11.905,0.000,1.488,0.008
40.35,-11.899,0.005,-1.491,-11.905,0.000,1.488,0.008
40.37,-11.899,0.005,-1.491,-11.905,0.000,1.488,0.008
40.39,-11.899,0.005,-1.491,-11.905,0.000,1.488,0.008
40.41,-11.899,0.005,-1.491,-11.905,0.000,1.488,0.008
40.43,-11.900,0.006,-1.491,-11.905,0.000,1.488,0.008
40.45,-11.900,0.006,-1.491,-11.905,0.000,1.488,0.008
40.47,-11.900,0.006,-1.491,-11.905,0.000,1.488,0.008
40.49,-11.900,0.006,-1.491,-11.905,0.000,1.488,0.008
40.51,-11.901,0.007,-1.490,-11.905,0.000,1.488,0.008
40.54,-11.901,0.007,-1.490,-11.905,0.000,1.488,0.008
40.56,-11.901,0.007,-1.490,-11.905,0.000,1.488,0.008
40.58,-11.901,0.007,-1.490,-11.905,0.000,1.488,0.008
40.60,-11.901,0.007,-1.490,-11.905,0.000,1.488,0.008
40.62,-11.901,0.007,-1.490,-11.905,0.000,1.488,0.008
40.64,-11.902,0.008,-1.490,-11.905,0.000,1.488,0.008
40.66,-11.902,0.008,-1.490,-11.905,0.000,1.488,0.008
40.68,-11.902,0.008,-1.489,-11.905,0.000,1.488,0.008
40.70,-11.902,0.008,-1.489,-11.905,0.000,1.488,0.008
40.72,-11.902,0.008,-1.489,-11.905,0.000,1.488,0.008
40.74,-11.902,0.008,-1.489,-11.905,0.000,1.488,0.008
40.76,-11.902,0.008,-1.489,-11.905,0.000,1.488,0.008
40.78,-11.902,0.008,-1.489,-11.905,0.000,1.488,0.008
40.81,-11.903,0.008,-1.489,-11.905,0.000,1.488,0.008
40.83,-11.903,0.008,-1.489,-11.905,0.000,1.488,0.008
40.85,-11.903,0.008,-1.490,-11.905,0.000,1.488,0.008
40.87,-11.903,0.008,-1.490,-11.905,0.000,1.488,0.008
40.89,-11.903,0.008,-1.490,-11.905,0.000,1.488,0.008
40.91,-11.903,0.008,-1.490,-11.905,0.000,1.488,0.008
40.93,-11.903,0.008,-1.490,-11.905,0.000,1.488,0.008
40.95,-11.903,0.008,-1.490,-11.905,0.000,1.488,0.008
40.97,-11.903,0.008,-1.490,-11.905,0.000,1.488,0.008
40.99,-11.903,0.008,-1.490,-11.905,0.000,1.488,0.008
41.01,-11.903,0.008,-1.490,-11.905,0.000,1.488,0.008
41.03,-11.903,0.008,-1.490,-11.905,0.000,1.488,0.008
41.06,-11.903,0.008,-1.490,-11.905,0.000,1.488,0.008
41.08,-11.903,0.008,-1.490,-11.905,0.000,1.488,0.008
41.10,-11.903,0.008,-1.490,-11.905,0.000,1.488,0.008
41.12,-11.903,0.007,-1.491,-11.905,0.000,1.488,0.008
41.14,-11.903,0.007,-1.491,-11.905,0.000,1.488,0.008
41.16,-11.903,0.007,-1.491,-11.905,0.000,1.488,0.008
41.18,-11.903,0.007,-1.491,-11.905,0.000,1.488,0.008
41.20,-11.903,0.007,-1.491,-11.905,0.000,1.488,0.008
41.22,-11.903,0.007,-1.491,-11.905,0.000,1.488,0.008
41.24,-11.903,0.006,-1.492,-11.905,0.000,1.488,0.007
41.26,-11.903,0.006,-1.492,-11.905,0.000,1.488,0.007
41.28,-11.904,0.006,-1.492,-11.905,0.000,1.488,0.007
41.30,-11.904,0.006,-1.492,-11.905,0.000,1.488,0.007
41.33,-11.905,0.006,-1.492,-11.905,0.000,1.488,0.007
41.35,-11.905,0.006,-1.492,-11.905,0.000,1.488,0.007
41.37,-11.905,0.006,-1.492,-11.905,0.000,1.488,0.007
41.39,-11.905,0.006,-1.492,-11.905,0.000,1.488,0.007
41.41,-11.905,0.006,-1.492,-11.905,0.000,1.488,0.007
41.43,-11.906,0.006,-1.493,-11.905,0.000,1.488,0.008
41.45,-11.906,0.006,-1.493,-11.905,0.000,1.488,0.008
41.47,-11.907,0.006,-1.493,-11.905,0.000,1.488,0.008
41.49,-11.907,0.006,-1.493,-11.905,0.000,1.488,0.008
41.51,-11.908,0.006,-1.493,-11.905,0.000,1.488,0.008
41.53,-11.908,0.006,-1.493,-11.905,0.000,1.488,0.008
41.55,-11.909,0.006,-1.494,-11.905,0.000,1.488,0.009
41.57,-11.909,0.006,-1.494,-11.905,0.000,1.488,0.009
41.60,-11.909,0.007,-1.494,-11.905,0.000,1.488,0.010
41.62,-11.909,0.007,-1.494,-11.905,0.000,1.488,0.010
41.64,-11.910,0.007,-1.494,-11.905,0.000,1.488,0.010
41.66,-11.910,0.007,-1.494,-11.905,0.000,1.488,0.010
41.68,-11.910,0.007,-1.495,-11.905,0.000,1.488,0.011
41.70,-11.910,0.007,-1.495,-11.905,0.000,1.488,0.011
41.72,-11.910,0.007,-1.495,-11.905,0.000,1.488,0.011
41.74,-11.910,0.007,-1.495,-11.905,0.000,1.488,0.011
41.76,-11.910,0.007,-1.496,-11.905,0.000,1.488,0.012
41.78,-11.910,0.007,-1.496,-11.905,0.000,1.488,0.012
41.80,-11.910,0.007,-1.496,-11.905,0.000,1.488,0.012
41.83,-11.910,0.007,-1.496,-11.905,0.000,1.488,0.012
41.85,-11.909,0.007,-1.497,-11.905,0.000,1.488,0.012
41.87,-11.909,0.007,-1.497,-11.905,0.000,1.488,0.012
41.89,-11.909,0.007,-1.497,-11.905,0.000,1.488,0.012
41.91,-11.908,0.007,-1.498,-11.905,0.000,1.488,0.013
41.93,-11.908,0.007,-1.498,-11.905,0.000,1.488,0.013
41.95,-11.908,0.007,-1.499,-11.905,0.000,1.488,0.013
41.97,-11.908,0.007,-1.499,-11.905,0.000,1.488,0.013
41.99,-11.907,0.007,-1.500,-11.905,0.000,1.488,0.014
42.01,-11.907,0.007,-1.500,-11.905,0.000,1.488,0.014
42.03,-11.906,0.006,-1.501,-11.905,0.000,1.488,0.014
42.05,-11.906,0.006,-1.501,-11.905,0.000,1.488,0.014
42.07,-11.905,0.006,-1.501,-11.905,0.000,1.488,0.014
42.09,-11.905,0.006,-1.501,-11.905,0.000,1.488,0.014
42.12,-11.905,0.006,-1.502,-11.905,0.000,1.488,0.015
42.14,-11.905,0.006,-1.502,-11.905,0.000,1.488,0.015
42.16,-11.904,0.005,-1.502,-11.905,0.000,1.488,0.015
42.18,-11.904,0.005,-1.502,-11.905,0.000,1.488,0.015
42.20,-11.904,0.005,-1.503,-11.905,0.000,1.488,0.016
42.22,-11.904,0.005,-1.503,-11.905,0.000,1.488,0.016
42.24,-11.904,0.004,-1.503,-11.905,0.000,1.488,0.016
42.26,-11.904,0.004,-1.503,-11.905,0.000,1.488,0.016
42.28,-11.904,0.003,-1.504,-11.905,0.000,1.488,0.016
42.30,-11.904,0.003,-1.504,-11.905,0.000,1.488,0.016
42.33,-11.903,0.003,-1.504,-11.905,0.000,1.488,0.016
42.35,-11.903,0.003,-1.504,-11.905,0.000,1.488,0.016
42.37,-11.903,0.003,-1.504,-11.905,0.000,1.488,0.016
42.39,-11.903,0.003,-1.504,-11.905,0.000,1.488,0.016
42.41,-11.903,0.003,-1.504,-11.905,0.000,1.488,0.016
42.43,-11.903,0.002,-1.504,-11.905,0.000,1.488,0.016
42.45,-11.903,0.002,-1.504,-11.905,0.000,1.488,0.016
42.47,-11.904,0.002,-1.504,-11.905,0.000,1.488,0.016
42.49,-11.904,0.002,-1.504,-11.905,0.000,1.488,0.016
42.51,-11.904,0.001,-1.504,-11.905,0.000,1.488,0.016
42.53,-11.904,0.001,-1.504,-11.905,0.000,1.488,0.016
42.55,-11.904,0.001,-1.504,-11.905,0.000,1.488,0.016
42.57,-11.904,0.001,-1.504,-11.905,0.000,1.488,0.016
42.59,-11.904,0.000,-1.504,-11.905,0.000,1.488,0.016
42.62,-11.904,0.000,-1.504,-11.905,0.000,1.488,0.016
42.64,-11.904,0.000,-1.503,-11.905,0.000,1.488,0.016
42.66,-11.904,0.000,-1.503,-11.905,0.000,1.488,0.016
42.68,-11.905,-0.000,-1.503,-11.905,0.000,1.488,0.015
42.70,-11.905,-0.000,-1.503,-11.905,0.000,1.488,0.015
42.72,-11.905,-0.000,-1.502,-11.905,0.000,1.488,0.015
42.74,-11.905,-0.000,-1.502,-11.905,0.000,1.488,0.015
42.76,-11.906,-0.001,-1.502,-11.905,0.000,1.488,0.014
42.78,-11.906,-0.001,-1.502,-11.905,0.000,1.488,0.014
42.80,-11.906,-0.001,-1.501,-11.905,0.000,1.488,0.014
42.82,-11.906,-0.001,-1.501,-11.905,0.000,1.488,0.014
42.84,-11.907,-0.001,-1.501,-11.905,0.000,1.488,0.014
42.87,-11.907,-0.001,-1.501,-11.905,0.000,1.488,0.014
42.89,-11.907,-0.001,-1.501,-11.905,0.000,1.488,0.014
42.91,-11.908,-0.001,-1.501,-11.905,0.000,1.488,0.013
42.93,-11.908,-0.001,-1.501,-11.905,0.000,1.488,0.013
42.95,-11.908,-0.001,-1.501,-11.905,0.000,1.488,0.013
42.97,-11.908,-0.001,-1.501,-11.905,0.000,1.488,0.013
42.99,-11.908,-0.000,-1.500,-11.905,0.000,1.488,0.013
43.01,-11.908,-0.000,-1.500,-11.905,0.000,1.488,0.013
43.03,-11.909,-0.000,-1.500,-11.905,0.000,1.488,0.013
43.05,-11.909,-0.000,-1.500,-11.905,0.000,1.488,0.013
43.07,-11.909,-0.000,-1.499,-11.905,0.000,1.488,0.012
43.10,-11.909,-0.000,-1.499,-11.905,0.000,1.488,0.012
43.12,-11.909,-0.000,-1.499,-11.905,0.000,1.488,0.012
43.14,-11.909,-0.000,-1.499,-11.905,0.000,1.488,0.012
43.16,-11.910,-0.001,-1.498,-11.905,0.000,1.488,0.011
43.18,-11.910,-0.001,-1.498,-11.905,0.000,1.488,0.011
43.20,-11.910,-0.001,-1.498,-11.905,0.000,1.488,0.011
43.22,-11.910,-0.001,-1.498,-11.905,0.000,1.488,0.011
43.24,-11.910,-0.002,-1.497,-11.905,0.000,1.488,0.010
43.26,-11.910,-0.002,-1.497,-11.905,0.000,1.488,0.010
43.28,-11.910,-0.003,-1.496,-11.905,0.000,1.488,0.010
43.30,-11.910,-0.003,-1.496,-11.905,0.000,1.488,0.010
43.32,-11.911,-0.003,-1.496,-11.905,0.000,1.488,0.010
43.34,-11.911,-0.003,-1.496,-11.905,0.000,1.488,0.010
43.36,-11.911,-0.005,-1.495,-11.905,0.000,1.488,0.010
43.39,-11.911,-0.005,-1.495,-11.905,0.000,1.488,0.010
43.41,-11.911,-0.005,-1.495,-11.905,0.000,1.488,0.010
43.43,-11.911,-0.006,-1.494,-11.905,0.000,1.488,0.010
43.45,-11.911,-0.006,-1.494,-11.905,0.000,1.488,0.010
43.47,-11.911,-0.007,-1.493,-11.905,0.000,1.488,0.011
43.49,-11.911,-0.007,-1.493,-11.905,0.000,1.488,0.011
43.51,-11.912,-0.008,-1.492,-11.905,0.000,1.488,0.011
43.53,-11.912,-0.008,-1.492,-11.905,0.000,1.488,0.011
43.55,-11.912,-0.009,-1.491,-11.905,0.000,1.488,0.012
43.57,-11.912,-0.009,-1.491,-11.905,0.000,1.488,0.012
43.59,-11.912,-0.010,-1.491,-11.905,0.000,1.488,0.012
43.61,-11.912,-0.010,-1.491,-11.905,0.000,1.488,0.012
43.63,-11.912,-0.010,-1.490,-11.905,0.000,1.488,0.013
43.66,-11.912,-0.010,-1.490,-11.905,0.000,1.488,0.013
43.68,-11.913,-0.011,-1.489,-11.905,0.000,1.488,0.014
43.70,-11.913,-0.011,-1.489,-11.905,0.000,1.488,0.014
43.72,-11.913,-0.012,-1.489,-11.905,0.000,1.488,0.015
43.74,-11.913,-0.012,-1.489,-11.905,0.000,1.488,0.015
43.76,-11.914,-0.012,-1.488,-11.905,0.000,1.488,0.015
43.78,-11.914,-0.012,-1.488,-11.905,0.000,1.488,0.015
43.80,-11.914,-0.012,-1.487,-11.905,0.000,1.488,0.016
43.82,-11.914,-0.012,-1.487,-11.905,0.000,1.488,0.016
43.84,-11.914,-0.012,-1.487,-11.905,0.000,1.488,0.016
43.86,-11.914,-0.012,-1.487,-11.905,0.000,1.488,0.016
43.88,-11.915,-0.012,-1.487,-11.905,0.000,1.488,0.016
43.91,-11.915,-0.012,-1.487,-11.905,0.000,1.488,0.016
43.93,-11.915,-0.012,-1.487,-11.905,0.000,1.488,0.016
43.95,-11.916,-0.012,-1.487,-11.905,0.000,1.488,0.016
43.97,-11.916,-0.012,-1.487,-11.905,0.000,1.488,0.016
43.99,-11.916,-0.011,-1.487,-11.905,0.000,1.488,0.016
44.01,-11.916,-0.011,-1.487,-11.905,0.000,1.488,0.016
44.03,-11.916,-0.010,-1.487,-11.905,0.000,1.488,0.015
44.05,-11.916,-0.010,-1.487,-11.905,0.000,1.488,0.015
44.07,-11.916,-0.009,-1.487,-11.905,0.000,1.488,0.015
44.09,-11.916,-0.009,-1.487,-11.905,0.000,1.488,0.015
44.11,-11.917,-0.008,-1.487,-11.905,0.000,1.488,0.014
44.13,-11.917,-0.008,-1.487,-11.905,0.000,1.488,0.014
44.15,-11.917,-0.007,-1.487,-11.905,0.000,1.488,0.014
44.18,-11.917,-0.007,-1.487,-11.905,0.000,1.488,0.014
44.20,-11.917,-0.006,-1.487,-11.905,0.000,1.488,0.013
44.22,-11.917,-0.006,-1.487,-11.905,0.000,1.488,0.013
44.24,-11.917,-0.005,-1.487,-11.905,0.000,1.488,0.013
44.26,-11.917,-0.005,-1.487,-11.905,0.000,1.488,0.013
44.28,-11.916,-0.004,-1.488,-11.905,0.000,1.488,0.012
44.30,-11.916,-0.004,-1.488,-11.905,0.000,1.488,0.012
44.32,-11.916,-0.003,-1.488,-11.905,0.000,1.488,0.012
44.34,-11.916,-0.003,-1.488,-11.905,0.000,1.488,0.012
44.36,-11.916,-0.002,-1.489,-11.905,0.000,1.488,0.011
44.38,-11.916,-0.002,-1.489,-11.905,0.000,1.488,0.011
44.40,-11.916,-0.002,-1.489,-11.905,0.000,1.488,0.011
44.43,-11.915,-0.001,-1.489,-11.905,0.000,1.488,0.011
44.45,-11.915,-0.001,-1.489,-11.905,0.000,1.488,0.011
44.47,-11.915,-0.001,-1.490,-11.905,0.000,1.488,0.010
44.49,-11.915,-0.001,-1.490,-11.905,0.000,1.488,0.010
44.51,-11.915,-0.000,-1.490,-11.905,0.000,1.488,0.010
44.53,-11.915,-0.000,-1.490,-11.905,0.000,1.488,0.010
44.55,-11.914,0.001,-1.491,-11.905,0.000,1.488,0.010
44.57,-11.914,0.001,-1.491,-11.905,0.000,1.488,0.010
44.59,-11.914,0.001,-1.491,-11.905,0.000,1.488,0.009
44.61,-11.914,0.001,-1.491,-11.905,0.000,1.488,0.009
44.63,-11.913,0.002,-1.492,-11.905,0.000,1.488,0.009
44.65,-11.913,0.002,-1.492,-11.905,0.000,1.488,0.009
44.68,-11.912,0.003,-1.492,-11.905,0.000,1.488,0.008
44.70,-11.912,0.003,-1.492,-11.905,0.000,1.488,0.008
44.72,-11.911,0.003,-1.492,-11.905,0.000,1.488,0.008
44.74,-11.911,0.003,-1.492,-11.905,0.000,1.488,0.008
44.76,-11.910,0.004,-1.492,-11.905,0.000,1.488,0.007
44.78,-11.910,0.004,-1.492,-11.905,0.000,1.488,0.007
44.80,-11.908,0.005,-1.492,-11.905,0.000,1.488,0.007
44.82,-11.908,0.005,-1.492,-11.905,0.000,1.488,0.007
44.84,-11.907,0.005,-1.492,-11.905,0.000,1.488,0.007
44.86,-11.907,0.005,-1.492,-11.905,0.000,1.488,0.007
44.88,-11.906,0.006,-1.492,-11.905,0.000,1.488,0.007
44.90,-11.906,0.006,-1.492,-11.905,0.000,1.488,0.007
44.93,-11.906,0.006,-1.492,-11.905,0.000,1.488,0.007
44.95,-11.905,0.006,-1.492,-11.905,0.000,1.488,0.007
44.97,-11.905,0.006,-1.492,-11.905,0.000,1.488,0.007
44.99,-11.905,0.006,-1.492,-11.905,0.000,1.488,0.007
45.01,-11.905,0.006,-1.492,-11.905,0.000,1.488,0.007
45.03,-11.904,0.006,-1.492,-11.905,0.000,1.488,0.007
45.05,-11.904,0.006,-1.492,-11.905,0.000,1.488,0.007
45.07,-11.904,0.006,-1.492,-11.905,0.000,1.488,0.007
45.09,-11.904,0.006,-1.492,-11.905,0.000,1.488,0.007
45.11,-11.904,0.006,-1.491,-11.905,0.000,1.488,0.007
45.13,-11.904,0.006,-1.491,-11.905,0.000,1.488,0.007
45.16,-11.903,0.006,-1.491,-11.905,0.000,1.488,0.007
45.18,-11.903,0.006,-1.491,-11.905,0.000,1.488,0.007
45.20,-11.903,0.006,-1.491,-11.905,0.000,1.488,0.006
45.22,-11.903,0.006,-1.491,-11.905,0.000,1.488,0.006
45.24,-11.903,0.005,-1.490,-11.905,0.000,1.488,0.006
45.26,-11.903,0.005,-1.490,-11.905,0.000,1.488,0.006
45.28,-11.903,0.005,-1.490,-11.905,0.000,1.488,0.005
45.30,-11.903,0.005,-1.490,-11.905,0.000,1.488,0.005
45.32,-11.903,0.004,-1.489,-11.905,0.000,1.488,0.005
45.34,-11.903,0.004,-1.489,-11.905,0.000,1.488,0.005
45.36,-11.902,0.004,-1.489,-11.905,0.000,1.488,0.004
45.38,-11.902,0.004,-1.489,-11.905,0.000,1.488,0.004
45.40,-11.902,0.004,-1.489,-11.905,0.000,1.488,0.004
45.43,-11.902,0.003,-1.488,-11.905,0.000,1.488,0.004
45.45,-11.902,0.003,-1.488,-11.905,0.000,1.488,0.004
45.47,-11.902,0.002,-1.488,-11.905,0.000,1.488,0.004
45.49,-11.902,0.002,-1.488,-11.905,0.000,1.488,0.004
45.51,-11.901,0.001,-1.487,-11.905,0.000,1.488,0.004
45.53,-11.901,0.001,-1.487,-11.905,0.000,1.488,0.004
45.55,-11.901,0.000,-1.487,-11.905,0.000,1.488,0.005
45.57,-11.901,0.000,-1.487,-11.905,0.000,1.488,0.005
45.59,-11.900,-0.000,-1.487,-11.905,0.000,1.488,0.005
45.61,-11.900,-0.000,-1.487,-11.905,0.000,1.488,0.005
45.63,-11.899,-0.002,-1.486,-11.905,0.000,1.488,0.006
45.65,-11.899,-0.002,-1.486,-11.905,0.000,1.488,0.006
45.68,-11.899,-0.002,-1.486,-11.905,0.000,1.488,0.007
45.70,-11.899,-0.002,-1.486,-11.905,0.000,1.488,0.007
45.72,-11.898,-0.003,-1.485,-11.905,0.000,1.488,0.008
45.74,-11.898,-0.003,-1.485,-11.905,0.000,1.488,0.008
45.76,-11.898,-0.004,-1.485,-11.905,0.000,1.488,0.009
45.78,-11.898,-0.004,-1.485,-11.905,0.000,1.488,0.009
45.80,-11.897,-0.004,-1.484,-11.905,0.000,1.488,0.010
45.82,-11.897,-0.004,-1.484,-11.905,0.000,1.488,0.010
45.84,-11.897,-0.004,-1.484,-11.905,0.000,1.488,0.010
45.86,-11.897,-0.004,-1.484,-11.905,0.000,1.488,0.010
45.88,-11.896,-0.004,-1.483,-11.905,0.000,1.488,0.011
45.90,-11.896,-0.004,-1.483,-11.905,0.000,1.488,0.011
45.93,-11.896,-0.004,-1.483,-11.905,0.000,1.488,0.011
45.95,-11.895,-0.004,-1.483,-11.905,0.000,1.488,0.012
45.97,-11.895,-0.004,-1.483,-11.905,0.000,1.488,0.012
45.99,-11.894,-0.003,-1.483,-11.905,0.000,1.488,0.012
46.01,-11.894,-0.003,-1.483,-11.905,0.000,1.488,0.012
46.03,-11.893,-0.002,-1.483,-11.905,0.000,1.488,0.013
46.05,-11.893,-0.002,-1.483,-11.905,0.000,1.488,0.013
46.07,-11.892,-0.002,-1.483,-11.905,0.000,1.488,0.014
46.09,-11.892,-0.002,-1.483,-11.905,0.000,1.488,0.014
46.11,-11.891,-0.001,-1.482,-11.905,0.000,1.488,0.015
46.13,-11.891,-0.001,-1.482,-11.905,0.000,1.488,0.015
46.15,-11.890,0.000,-1.482,-11.905,0.000,1.488,0.016
46.17,-11.890,0.000,-1.482,-11.905,0.000,1.488,0.016
46.20,-11.889,0.001,-1.482,-11.905,0.000,1.488,0.017
46.22,-11.889,0.001,-1.482,-11.905,0.000,1.488,0.017
46.24,-11.889,0.002,-1.482,-11.905,0.000,1.488,0.018
46.26,-11.889,0.002,-1.482,-11.905,0.000,1.488,0.018
46.28,-11.888,0.003,-1.482,-11.905,0.000,1.488,0.019
46.30,-11.888,0.003,-1.482,-11.905,0.000,1.488,0.019
46.32,-11.887,0.003,-1.482,-11.905,0.000,1.488,0.019
46.34,-11.887,0.003,-1.482,-11.905,0.000,1.488,0.019
46.36,-11.887,0.003,-1.482,-11.905,0.000,1.488,0.020
46.38,-11.887,0.003,-1.482,-11.905,0.000,1.488,0.020
46.40,-11.886,0.003,-1.481,-11.905,0.000,1.488,0.020
46.42,-11.886,0.003,-1.481,-11.905,0.000,1.488,0.020
46.44,-11.886,0.003,-1.481,-11.905,0.000,1.488,0.020
46.46,-11.885,0.003,-1.481,-11.905,0.000,1.488,0.021
46.49,-11.885,0.003,-1.481,-11.905,0.000,1.488,0.021
46.51,-11.885,0.002,-1.481,-11.905,0.000,1.488,0.021
46.53,-11.885,0.002,-1.481,-11.905,0.000,1.488,0.021
46.55,-11.884,0.002,-1.481,-11.905,0.000,1.488,0.022
46.57,-11.884,0.002,-1.481,-11.905,0.000,1.488,0.022
46.59,-11.884,0.001,-1.481,-11.905,0.000,1.488,0.022
46.61,-11.884,0.001,-1.481,-11.905,0.000,1.488,0.022
46.63,-11.884,0.001,-1.480,-11.905,0.000,1.488,0.023
46.65,-11.884,0.001,-1.480,-11.905,0.000,1.488,0.023
46.67,-11.883,0.000,-1.480,-11.905,0.000,1.488,0.023
46.69,-11.883,0.000,-1.480,-11.905,0.000,1.488,0.023
46.72,-11.883,-0.000,-1.480,-11.905,0.000,1.488,0.024
46.74,-11.883,-0.000,-1.480,-11.905,0.000,1.488,0.024
46.76,-11.883,-0.001,-1.480,-11.905,0.000,1.488,0.024
46.78,-11.883,-0.001,-1.480,-11.905,0.000,1.488,0.024
46.80,-11.882,-0.001,-1.480,-11.905,0.000,1.488,0.024
46.82,-11.882,-0.001,-1.480,-11.905,0.000,1.488,0.024
46.84,-11.883,-0.002,-1.480,-11.905,0.000,1.488,0.024
46.86,-11.883,-0.002,-1.480,-11.905,0.000,1.488,0.024
46.88,-11.883,-0.002,-1.480,-11.905,0.000,1.488,0.024
46.90,-11.883,-0.002,-1.480,-11.905,0.000,1.488,0.024
46.92,-11.883,-0.002,-1.480,-11.905,0.000,1.488,0.024
46.94,-11.884,-0.002,-1.480,-11.905,0.000,1.488,0.023
46.96,-11.884,-0.002,-1.480,-11.905,0.000,1.488,0.023
46.98,-11.885,-0.002,-1.480,-11.905,0.000,1.488,0.022
47.01,-11.885,-0.002,-1.480,-11.905,0.000,1.488,0.022
47.03,-11.885,-0.002,-1.481,-11.905,0.000,1.488,0.021
47.05,-11.885,-0.002,-1.481,-11.905,0.000,1.488,0.021
47.07,-11.887,-0.002,-1.481,-11.905,0.000,1.488,0.020
47.09,-11.887,-0.002,-1.481,-11.905,0.000,1.488,0.020
47.11,-11.888,-0.002,-1.482,-11.905,0.000,1.488,0.018
47.13,-11.888,-0.002,-1.482,-11.905,0.000,1.488,0.018
47.15,-11.889,-0.003,-1.482,-11.905,0.000,1.488,0.017
47.17,-11.889,-0.003,-1.482,-11.905,0.000,1.488,0.017
47.19,-11.891,-0.003,-1.483,-11.905,0.000,1.488,0.015
47.21,-11.891,-0.003,-1.483,-11.905,0.000,1.488,0.015
47.23,-11.893,-0.004,-1.484,-11.905,0.000,1.488,0.013
47.26,-11.893,-0.004,-1.484,-11.905,0.000,1.488,0.013
47.28,-11.895,-0.004,-1.485,-11.905,0.000,1.488,0.012
47.30,-11.895,-0.004,-1.485,-11.905,0.000,1.488,0.012
47.32,-11.897,-0.005,-1.486,-11.905,0.000,1.488,0.010
47.34,-11.897,-0.005,-1.486,-11.905,0.000,1.488,0.010
47.36,-11.898,-0.006,-1.487,-11.905,0.000,1.488,0.009
47.38,-11.898,-0.006,-1.487,-11.905,0.000,1.488,0.009
47.40,-11.900,-0.006,-1.488,-11.905,0.000,1.488,0.008
47.42,-11.900,-0.006,-1.488,-11.905,0.000,1.488,0.008
47.44,-11.900,-0.006,-1.488,-11.905,0.000,1.488,0.008
47.47,-11.902,-0.007,-1.490,-11.905,0.000,1.488,0.008
47.49,-11.902,-0.007,-1.490,-11.905,0.000,1.488,0.008
47.51,-11.903,-0.007,-1.491,-11.905,0.000,1.488,0.009
47.53,-11.903,-0.007,-1.491,-11.905,0.000,1.488,0.009
47.55,-11.904,-0.008,-1.492,-11.905,0.000,1.488,0.009
47.57,-11.904,-0.008,-1.492,-11.905,0.000,1.488,0.009
47.59,-11.906,-0.009,-1.492,-11.905,0.000,1.488,0.010
47.61,-11.906,-0.009,-1.492,-11.905,0.000,1.488,0.010
47.63,-11.907,-0.009,-1.494,-11.905,0.000,1.488,0.011
47.65,-11.907,-0.009,-1.494,-11.905,0.000,1.488,0.011
47.67,-11.907,-0.010,-1.494,-11.905,0.000,1.488,0.012
47.69,-11.907,-0.010,-1.494,-11.905,0.000,1.488,0.012
47.72,-11.908,-0.010,-1.495,-11.905,0.000,1.488,0.013
47.74,-11.908,-0.010,-1.495,-11.905,0.000,1.488,0.013
47.76,-11.909,-0.010,-1.496,-11.905,0.000,1.488,0.014
47.78,-11.909,-0.010,-1.496,-11.905,0.000,1.488,0.014
47.80,-11.910,-0.011,-1.497,-11.905,0.000,1.488,0.015
47.82,-11.910,-0.011,-1.497,-11.905,0.000,1.488,0.015
47.84,-11.910,-0.011,-1.497,-11.905,0.000,1.488,0.015
47.86,-11.910,-0.011,-1.497,-11.905,0.000,1.488,0.015
47.88,-11.911,-0.011,-1.497,-11.905,0.000,1.488,0.016
47.90,-11.911,-0.011,-1.497,-11.905,0.000,1.488,0.016
47.92,-11.911,-0.011,-1.497,-11.905,0.000,1.488,0.016
47.94,-11.911,-0.011,-1.497,-11.905,0.000,1.488,0.016
47.97,-11.911,-0.011,-1.497,-11.905,0.000,1.488,0.016
47.99,-11.911,-0.011,-1.497,-11.905,0.000,1.488,0.016
48.01,-11.911,-0.011,-1.497,-11.905,0.000,1.488,0.016
48.03,-11.912,-0.011,-1.497,-11.905,0.000,1.488,0.016
48.05,-11.912,-0.011,-1.497,-11.905,0.000,1.488,0.016
48.07,-11.912,-0.011,-1.497,-11.905,0.000,1.488,0.016
48.09,-11.912,-0.011,-1.497,-11.905,0.000,1.488,0.016
48.11,-11.912,-0.011,-1.496,-11.905,0.000,1.488,0.016
48.13,-11.912,-0.011,-1.496,-11.905,0.000,1.488,0.016
48.15,-11.912,-0.012,-1.496,-11.905,0.000,1.488,0.016
48.17,-11.912,-0.012,-1.496,-11.905,0.000,1.488,0.016
48.19,-11.912,-0.012,-1.495,-11.905,0.000,1.488,0.016
48.22,-11.912,-0.012,-1.495,-11.905,0.000,1.488,0.016
48.24,-11.912,-0.013,-1.494,-11.905,0.000,1.488,0.016
48.26,-11.912,-0.013,-1.494,-11.905,0.000,1.488,0.016
48.28,-11.911,-0.013,-1.494,-11.905,0.000,1.488,0.016
48.30,-11.911,-0.013,-1.494,-11.905,0.000,1.488,0.016
48.32,-11.911,-0.014,-1.493,-11.905,0.000,1.488,0.017
48.34,-11.911,-0.014,-1.493,-11.905,0.000,1.488,0.017
48.36,-11.911,-0.015,-1.492,-11.905,0.000,1.488,0.017
48.38,-11.911,-0.015,-1.492,-11.905,0.000,1.488,0.017
48.40,-11.911,-0.016,-1.492,-11.905,0.000,1.488,0.017
48.42,-11.911,-0.016,-1.492,-11.905,0.000,1.488,0.017
48.44,-11.911,-0.016,-1.492,-11.905,0.000,1.488,0.017
48.46,-11.911,-0.016,-1.491,-11.905,0.000,1.488,0.018
48.49,-11.911,-0.016,-1.491,-11.905,0.000,1.488,0.018
48.51,-11.911,-0.016,-1.490,-11.905,0.000,1.488,0.018
48.53,-11.911,-0.016,-1.490,-11.905,0.000,1.488,0.018
48.55,-11.912,-0.016,-1.490,-11.905,0.000,1.488,0.018
48.57,-11.912,-0.016,-1.490,-11.905,0.000,1.488,0.018
48.59,-11.912,-0.016,-1.489,-11.905,0.000,1.488,0.018
48.61,-11.912,-0.016,-1.489,-11.905,0.000,1.488,0.018
48.63,-11.912,-0.015,-1.489,-11.905,0.000,1.488,0.017
48.65,-11.912,-0.015,-1.489,-11.905,0.000,1.488,0.017
48.67,-11.913,-0.015,-1.489,-11.905,0.000,1.488,0.017
48.69,-11.913,-0.015,-1.489,-11.905,0.000,1.488,0.017
48.71,-11.914,-0.014,-1.488,-11.905,0.000,1.488,0.017
48.73,-11.914,-0.014,-1.488,-11.905,0.000,1.488,0.017
48.75,-11.915,-0.014,-1.488,-11.905,0.000,1.488,0.017
48.78,-11.915,-0.014,-1.488,-11.905,0.000,1.488,0.017
48.80,-11.917,-0.013,-1.488,-11.905,0.000,1.488,0.017
48.82,-11.917,-0.013,-1.488,-11.905,0.000,1.488,0.017
48.84,-11.918,-0.012,-1.488,-11.905,0.000,1.488,0.018
48.86,-11.918,-0.012,-1.488,-11.905,0.000,1.488,0.018
48.88,-11.919,-0.011,-1.488,-11.905,0.000,1.488,0.018
48.90,-11.919,-0.011,-1.488,-11.905,0.000,1.488,0.018
48.92,-11.920,-0.010,-1.488,-11.905,0.000,1.488,0.018
48.94,-11.920,-0.010,-1.488,-11.905,0.000,1.488,0.018
48.96,-11.920,-0.010,-1.488,-11.905,0.000,1.488,0.018
48.98,-11.921,-0.009,-1.488,-11.905,0.000,1.488,0.019
49.00,-11.921,-0.009,-1.488,-11.905,0.000,1.488,0.019
49.02,-11.922,-0.008,-1.487,-11.905,0.000,1.488,0.019
49.05,-11.922,-0.008,-1.487,-11.905,0.000,1.488,0.019
49.07,-11.923,-0.008,-1.487,-11.905,0.000,1.488,0.020
49.09,-11.923,-0.008,-1.487,-11.905,0.000,1.488,0.020
49.11,-11.925,-0.007,-1.487,-11.905,0.000,1.488,0.021
49.13,-11.925,-0.007,-1.487,-11.905,0.000,1.488,0.021
49.15,-11.926,-0.006,-1.487,-11.905,0.000,1.488,0.022
49.17,-11.926,-0.006,-1.487,-11.905,0.000,1.488,0.022
49.19,-11.927,-0.005,-1.486,-11.905,0.000,1.488,0.023
49.21,-11.927,-0.005,-1.486,-11.905,0.000,1.488,0.023
49.23,-11.929,-0.004,-1.486,-11.905,0.000,1.488,0.024
49.25,-11.929,-0.004,-1.486,-11.905,0.000,1.488,0.024
49.27,-11.930,-0.004,-1.486,-11.905,0.000,1.488,0.025
49.29,-11.930,-0.004,-1.486,-11.905,0.000,1.488,0.025
49.32,-11.931,-0.004,-1.486,-11.905,0.000,1.488,0.026
49.34,-11.931,-0.004,-1.486,-11.905,0.000,1.488,0.026
49.36,-11.931,-0.003,-1.485,-11.905,0.000,1.488,0.026
49.38,-11.931,-0.003,-1.485,-11.905,0.000,1.488,0.026
49.40,-11.932,-0.003,-1.485,-11.905,0.000,1.488,0.027
49.42,-11.932,-0.003,-1.485,-11.905,0.000,1.488,0.027
49.44,-11.932,-0.003,-1.485,-11.905,0.000,1.488,0.027
49.46,-11.932,-0.002,-1.485,-11.905,0.000,1.488,0.027
49.48,-11.932,-0.002,-1.485,-11.905,0.000,1.488,0.027
49.50,-11.932,-0.002,-1.485,-11.905,0.000,1.488,0.027
49.52,-11.932,-0.002,-1.485,-11.905,0.000,1.488,0.027
49.55,-11.931,-0.002,-1.485,-11.905,0.000,1.488,0.026
49.57,-11.931,-0.002,-1.485,-11.905,0.000,1.488,0.026
49.59,-11.930,-0.002,-1.485,-11.905,0.000,1.488,0.025
49.61,-11.930,-0.002,-1.485,-11.905,0.000,1.488,0.025
49.63,-11.929,-0.001,-1.485,-11.905,0.000,1.488,0.024
49.65,-11.929,-0.001,-1.485,-11.905,0.000,1.488,0.024
49.67,-11.928,-0.001,-1.485,-11.905,0.000,1.488,0.023
49.69,-11.928,-0.001,-1.485,-11.905,0.000,1.488,0.023
49.71,-11.926,-0.001,-1.485,-11.905,0.000,1.488,0.021
49.73,-11.926,-0.001,-1.485,-11.905,0.000,1.488,0.021
49.75,-11.925,-0.001,-1.485,-11.905,0.000,1.488,0.020
49.77,-11.925,-0.001,-1.485,-11.905,0.000,1.488,0.020
49.79,-11.923,-0.001,-1.485,-11.905,0.000,1.488,0.018
49.82,-11.923,-0.001,-1.485,-11.905,0.000,1.488,0.018
49.84,-11.921,-0.001,-1.486,-11.905,0.000,1.488,0.016
49.86,-11.921,-0.001,-1.486,-11.905,0.000,1.488,0.016
49.88,-11.919,-0.002,-1.486,-11.905,0.000,1.488,0.015
49.90,-11.919,-0.002,-1.486,-11.905,0.000,1.488,0.015
49.92,-11.917,-0.002,-1.487,-11.905,0.000,1.488,0.012
49.94,-11.917,-0.002,-1.487,-11.905,0.000,1.488,0.012
49.96,-11.917,-0.002,-1.487,-11.905,0.000,1.488,0.012
49.98,-11.915,-0.002,-1.488,-11.905,0.000,1.488,0.010
50.00,-11.915,-0.002,-1.488,-11.905,0.000,1.488,0.010
50.02,-11.913,-0.002,-1.489,-11.905,0.000,1.488,0.008
50.05,-11.913,-0.002,-1.489,-11.905,0.000,1.488,0.008
50.07,-11.911,-0.002,-1.490,-11.905,0.000,1.488,0.007
50.09,-11.911,-0.002,-1.490,-11.905,0.000,1.488,0.007
50.11,-11.910,-0.002,-1.490,-11.905,0.000,1.488,0.006
50.13,-11.910,-0.002,-1.490,-11.905,0.000,1.488,0.006
50.15,-11.908,-0.003,-1.491,-11.905,0.000,1.488,0.005
50.17,-11.908,-0.003,-1.491,-11.905,0.000,1.488,0.005
50.19,-11.906,-0.003,-1.492,-11.905,0.000,1.488,0.005
50.21,-11.906,-0.003,-1.492,-11.905,0.000,1.488,0.005
50.23,-11.904,-0.003,-1.492,-11.905,0.000,1.488,0.006
50.25,-11.904,-0.003,-1.492,-11.905,0.000,1.488,0.006
50.27,-11.902,-0.003,-1.493,-11.905,0.000,1.488,0.007
50.30,-11.902,-0.003,-1.493,-11.905,0.000,1.488,0.007
50.32,-11.901,-0.003,-1.494,-11.905,0.000,1.488,0.008
50.34,-11.901,-0.003,-1.494,-11.905,0.000,1.488,0.008
50.36,-11.899,-0.003,-1.494,-11.905,0.000,1.488,0.009
50.38,-11.899,-0.003,-1.494,-11.905,0.000,1.488,0.009
50.40,-11.898,-0.003,-1.494,-11.905,0.000,1.488,0.010
50.42,-11.898,-0.003,-1.494,-11.905,0.000,1.488,0.010
50.44,-11.896,-0.002,-1.495,-11.905,0.000,1.488,0.012
50.46,-11.896,-0.002,-1.495,-11.905,0.000,1.488,0.012
50.48,-11.896,-0.002,-1.495,-11.905,0.000,1.488,0.012
50.50,-11.894,-0.002,-1.496,-11.905,0.000,1.488,0.014
50.52,-11.894,-0.002,-1.496,-11.905,0.000,1.488,0.014
50.54,-11.892,-0.002,-1.497,-11.905,0.000,1.488,0.016
50.56,-11.892,-0.002,-1.497,-11.905,0.000,1.488,0.016
50.59,-11.890,-0.002,-1.497,-11.905,0.000,1.488,0.018
50.61,-11.890,-0.002,-1.497,-11.905,0.000,1.488,0.018
50.63,-11.889,-0.002,-1.498,-11.905,0.000,1.488,0.019
50.65,-11.889,-0.002,-1.498,-11.905,0.000,1.488,0.019
50.67,-11.888,-0.002,-1.499,-11.905,0.000,1.488,0.021
50.69,-11.888,-0.002,-1.499,-11.905,0.000,1.488,0.021
50.71,-11.887,-0.002,-1.499,-11.905,0.000,1.488,0.022
50.73,-11.887,-0.002,-1.499,-11.905,0.000,1.488,0.022
50.75,-11.885,-0.001,-1.500,-11.905,0.000,1.488,0.023
50.77,-11.885,-0.001,-1.500,-11.905,0.000,1.488,0.023
50.80,-11.885,-0.001,-1.501,-11.905,0.000,1.488,0.024
50.82,-11.885,-0.001,-1.501,-11.905,0.000,1.488,0.024
50.84,-11.884,-0.001,-1.502,-11.905,0.000,1.488,0.025
50.86,-11.884,-0.001,-1.502,-11.905,0.000,1.488,0.025
50.88,-11.884,-0.001,-1.503,-11.905,0.000,1.488,0.026
50.90,-11.884,-0.001,-1.503,-11.905,0.000,1.488,0.026
50.92,-11.884,-0.001,-1.503,-11.905,0.000,1.488,0.026
50.94,-11.884,-0.001,-1.503,-11.905,0.000,1.488,0.026
50.96,-11.884,-0.001,-1.503,-11.905,0.000,1.488,0.026
50.98,-11.884,-0.001,-1.504,-11.905,0.000,1.488,0.026
51.00,-11.884,-0.001,-1.504,-11.905,0.000,1.488,0.026
51.02,-11.885,-0.001,-1.505,-11.905,0.000,1.488,0.027
51.04,-11.885,-0.001,-1.505,-11.905,0.000,1.488,0.027
51.07,-11.885,-0.001,-1.505,-11.905,0.000,1.488,0.027
51.09,-11.885,-0.001,-1.505,-11.905,0.000,1.488,0.027
51.11,-11.885,-0.000,-1.505,-11.905,0.000,1.488,0.027
51.13,-11.885,-0.000,-1.505,-11.905,0.000,1.488,0.027
51.15,-11.885,-0.000,-1.505,-11.905,0.000,1.488,0.027
51.17,-11.885,-0.000,-1.505,-11.905,0.000,1.488,0.027
51.19,-11.884,0.000,-1.505,-11.905,0.000,1.488,0.027
51.21,-11.884,0.000,-1.505,-11.905,0.000,1.488,0.027
51.23,-11.884,0.000,-1.505,-11.905,0.000,1.488,0.027
51.25,-11.884,0.000,-1.505,-11.905,0.000,1.488,0.027
51.27,-11.884,0.001,-1.505,-11.905,0.000,1.488,0.028
51.29,-11.884,0.001,-1.505,-11.905,0.000,1.488,0.028
51.32,-11.883,0.001,-1.505,-11.905,0.000,1.488,0.028
51.34,-11.883,0.001,-1.505,-11.905,0.000,1.488,0.028
51.36,-11.883,0.002,-1.505,-11.905,0.000,1.488,0.028
51.38,-11.883,0.002,-1.505,-11.905,0.000,1.488,0.028
51.40,-11.883,0.002,-1.504,-11.905,0.000,1.488,0.027
51.42,-11.883,0.002,-1.504,-11.905,0.000,1.488,0.027
51.44,-11.883,0.002,-1.504,-11.905,0.000,1.488,0.027
51.46,-11.883,0.002,-1.504,-11.905,0.000,1.488,0.027
51.48,-11.883,0.002,-1.504,-11.905,0.000,1.488,0.027
51.50,-11.883,0.003,-1.502,-11.905,0.000,1.488,0.027
51.52,-11.883,0.003,-1.502,-11.905,0.000,1.488,0.027
51.54,-11.883,0.003,-1.502,-11.905,0.000,1.488,0.027
51.57,-11.883,0.003,-1.502,-11.905,0.000,1.488,0.027
51.59,-11.882,0.004,-1.501,-11.905,0.000,1.488,0.027
51.61,-11.882,0.004,-1.501,-11.905,0.000,1.488,0.027
51.63,-11.882,0.004,-1.501,-11.905,0.000,1.488,0.027
51.65,-11.882,0.004,-1.501,-11.905,0.000,1.488,0.027
51.67,-11.881,0.004,-1.500,-11.905,0.000,1.488,0.027
51.69,-11.881,0.004,-1.500,-11.905,0.000,1.488,0.027
51.71,-11.880,0.004,-1.499,-11.905,0.000,1.488,0.028
51.73,-11.880,0.004,-1.499,-11.905,0.000,1.488,0.028
51.75,-11.879,0.004,-1.499,-11.905,0.000,1.488,0.029
51.77,-11.879,0.004,-1.499,-11.905,0.000,1.488,0.029
51.79,-11.878,0.005,-1.498,-11.905,0.000,1.488,0.029
51.82,-11.878,0.005,-1.498,-11.905,0.000,1.488,0.029
51.84,-11.877,0.005,-1.497,-11.905,0.000,1.488,0.030
51.86,-11.877,0.005,-1.497,-11.905,0.000,1.488,0.030
51.88,-11.877,0.005,-1.497,-11.905,0.000,1.488,0.030
51.90,-11.877,0.005,-1.497,-11.905,0.000,1.488,0.030
51.92,-11.876,0.005,-1.496,-11.905,0.000,1.488,0.031
51.94,-11.876,0.005,-1.496,-11.905,0.000,1.488,0.031
51.96,-11.876,0.005,-1.496,-11.905,0.000,1.488,0.031
51.98,-11.876,0.005,-1.496,-11.905,0.000,1.488,0.031
52.00,-11.876,0.005,-1.496,-11.905,0.000,1.488,0.031
52.02,-11.876,0.005,-1.495,-11.905,0.000,1.488,0.031
52.04,-11.876,0.005,-1.495,-11.905,0.000,1.488,0.031
52.06,-11.876,0.005,-1.495,-11.905,0.000,1.488,0.030
52.09,-11.876,0.005,-1.495,-11.905,0.000,1.488,0.030
52.11,-11.876,0.005,-1.494,-11.905,0.000,1.488,0.030
52.13,-11.876,0.005,-1.494,-11.905,0.000,1.488,0.030
52.15,-11.877,0.005,-1.494,-11.905,0.000,1.488,0.029
52.17,-11.877,0.005,-1.494,-11.905,0.000,1.488,0.029
52.19,-11.878,0.005,-1.494,-11.905,0.000,1.488,0.029
52.21,-11.878,0.005,-1.494,-11.905,0.000,1.488,0.029
52.23,-11.878,0.005,-1.494,-11.905,0.000,1.488,0.028
52.25,-11.878,0.005,-1.494,-11.905,0.000,1.488,0.028
52.27,-11.879,0.006,-1.493,-11.905,0.000,1.488,0.027
52.29,-11.879,0.006,-1.493,-11.905,0.000,1.488,0.027
52.31,-11.880,0.006,-1.493,-11.905,0.000,1.488,0.026
52.34,-11.880,0.006,-1.493,-11.905,0.000,1.488,0.026
52.36,-11.881,0.007,-1.493,-11.905,0.000,1.488,0.026
52.38,-11.881,0.007,-1.493,-11.905,0.000,1.488,0.026
52.40,-11.882,0.008,-1.493,-11.905,0.000,1.488,0.025
52.42,-11.882,0.008,-1.493,-11.905,0.000,1.488,0.025
52.44,-11.883,0.009,-1.493,-11.905,0.000,1.488,0.024
52.46,-11.883,0.009,-1.493,-11.905,0.000,1.488,0.024
52.48,-11.883,0.009,-1.493,-11.905,0.000,1.488,0.024
52.50,-11.885,0.011,-1.492,-11.905,0.000,1.488,0.023
52.52,-11.885,0.011,-1.492,-11.905,0.000,1.488,0.023
52.54,-11.887,0.012,-1.492,-11.905,0.000,1.488,0.022
52.56,-11.887,0.012,-1.492,-11.905,0.000,1.488,0.022
52.59,-11.888,0.013,-1.492,-11.905,0.000,1.488,0.022
52.61,-11.888,0.013,-1.492,-11.905,0.000,1.488,0.022
52.63,-11.890,0.014,-1.492,-11.905,0.000,1.488,0.021
52.65,-11.890,0.014,-1.492,-11.905,0.000,1.488,0.021
52.67,-11.891,0.016,-1.491,-11.905,0.000,1.488,0.021
52.69,-11.891,0.016,-1.491,-11.905,0.000,1.488,0.021
52.71,-11.893,0.017,-1.491,-11.905,0.000,1.488,0.021
52.73,-11.893,0.017,-1.491,-11.905,0.000,1.488,0.021
52.75,-11.895,0.018,-1.490,-11.905,0.000,1.488,0.021
52.77,-11.895,0.018,-1.490,-11.905,0.000,1.488,0.021
52.79,-11.897,0.020,-1.490,-11.905,0.000,1.488,0.021
52.81,-11.897,0.020,-1.490,-11.905,0.000,1.488,0.021
52.83,-11.899,0.021,-1.489,-11.905,0.000,1.488,0.022
52.86,-11.899,0.021,-1.489,-11.905,0.000,1.488,0.022
52.88,-11.901,0.022,-1.489,-11.905,0.000,1.488,0.022
52.90,-11.901,0.022,-1.489,-11.905,0.000,1.488,0.022
52.92,-11.903,0.023,-1.488,-11.905,0.000,1.488,0.023
52.94,-11.903,0.023,-1.488,-11.905,0.000,1.488,0.023
52.96,-11.905,0.025,-1.488,-11.905,0.000,1.488,0.024
52.98,-11.905,0.025,-1.488,-11.905,0.000,1.488,0.024
53.00,-11.905,0.025,-1.488,-11.905,0.000,1.488,0.024
53.02,-11.908,0.026,-1.487,-11.905,0.000,1.488,0.026
53.04,-11.908,0.026,-1.487,-11.905,0.000,1.488,0.026
53.06,-11.910,0.027,-1.487,-11.905,0.000,1.488,0.027
53.08,-11.910,0.027,-1.487,-11.905,0.000,1.488,0.027
53.11,-11.912,0.027,-1.486,-11.905,0.000,1.488,0.028
53.13,-11.912,0.027,-1.486,-11.905,0.000,1.488,0.028
53.15,-11.914,0.028,-1.486,-11.905,0.000,1.488,0.029
53.17,-11.914,0.028,-1.486,-11.905,0.000,1.488,0.029
53.19,-11.915,0.028,-1.486,-11.905,0.000,1.488,0.030
53.21,-11.915,0.028,-1.486,-11.905,0.000,1.488,0.030
53.23,-11.917,0.028,-1.486,-11.905,0.000,1.488,0.031
53.25,-11.917,0.028,-1.486,-11.905,0.000,1.488,0.031
53.27,-11.920,0.029,-1.486,-11.905,0.000,1.488,0.032
53.29,-11.920,0.029,-1.486,-11.905,0.000,1.488,0.032
53.31,-11.922,0.029,-1.485,-11.905,0.000,1.488,0.033
53.33,-11.922,0.029,-1.485,-11.905,0.000,1.488,0.033
53.36,-11.923,0.029,-1.485,-11.905,0.000,1.488,0.034
53.38,-11.923,0.029,-1.485,-11.905,0.000,1.488,0.034
53.40,-11.925,0.028,-1.485,-11.905,0.000,1.488,0.034
53.42,-11.925,0.028,-1.485,-11.905,0.000,1.488,0.034
53.44,-11.926,0.028,-1.485,-11.905,0.000,1.488,0.035
53.46,-11.926,0.028,-1.485,-11.905,0.000,1.488,0.035
53.48,-11.926,0.028,-1.485,-11.905,0.000,1.488,0.035
53.50,-11.929,0.027,-1.484,-11.905,0.000,1.488,0.036
53.52,-11.929,0.027,-1.484,-11.905,0.000,1.488,0.036
53.54,-11.929,0.027,-1.484,-11.905,0.000,1.488,0.036
53.56,-11.929,0.027,-1.484,-11.905,0.000,1.488,0.036
53.58,-11.930,0.026,-1.484,-11.905,0.000,1.488,0.036
53.61,-11.930,0.026,-1.484,-11.905,0.000,1.488,0.036
53.63,-11.931,0.025,-1.483,-11.905,0.000,1.488,0.036
53.65,-11.931,0.025,-1.483,-11.905,0.000,1.488,0.036
53.67,-11.931,0.023,-1.482,-11.905,0.000,1.488,0.035
53.69,-11.931,0.023,-1.482,-11.905,0.000,1.488,0.035
53.71,-11.931,0.022,-1.482,-11.905,0.000,1.488,0.034
53.73,-11.931,0.022,-1.482,-11.905,0.000,1.488,0.034
53.75,-11.931,0.019,-1.481,-11.905,0.000,1.488,0.033
53.77,-11.931,0.019,-1.481,-11.905,0.000,1.488,0.033
53.79,-11.931,0.017,-1.481,-11.905,0.000,1.488,0.032
53.82,-11.931,0.017,-1.481,-11.905,0.000,1.488,0.032
53.84,-11.931,0.015,-1.480,-11.905,0.000,1.488,0.030
53.86,-11.931,0.015,-1.480,-11.905,0.000,1.488,0.030
53.88,-11.931,0.012,-1.480,-11.905,0.000,1.488,0.029
53.90,-11.931,0.012,-1.480,-11.905,0.000,1.488,0.029
53.92,-11.931,0.009,-1.480,-11.905,0.000,1.488,0.028
53.94,-11.931,0.009,-1.480,-11.905,0.000,1.488,0.028
53.96,-11.931,0.006,-1.480,-11.905,0.000,1.488,0.027
53.98,-11.931,0.006,-1.480,-11.905,0.000,1.488,0.027
54.00,-11.931,0.006,-1.480,-11.905,0.000,1.488,0.027
54.02,-11.930,0.002,-1.480,-11.905,0.000,1.488,0.027
54.04,-11.930,0.002,-1.480,-11.905,0.000,1.488,0.027
54.06,-11.930,-0.001,-1.480,-11.905,0.000,1.488,0.027
54.09,-11.930,-0.001,-1.480,-11.905,0.000,1.488,0.027
54.11,-11.930,-0.003,-1.480,-11.905,0.000,1.488,0.027
54.13,-11.930,-0.003,-1.480,-11.905,0.000,1.488,0.027
54.15,-11.930,-0.006,-1.479,-11.905,0.000,1.488,0.027
54.17,-11.930,-0.006,-1.479,-11.905,0.000,1.488,0.027
54.19,-11.930,-0.008,-1.479,-11.905,0.000,1.488,0.027
54.21,-11.930,-0.008,-1.479,-11.905,0.000,1.488,0.027
54.23,-11.929,-0.010,-1.479,-11.905,0.000,1.488,0.028
54.25,-11.929,-0.010,-1.479,-11.905,0.000,1.488,0.028
54.27,-11.929,-0.012,-1.479,-11.905,0.000,1.488,0.028
54.29,-11.929,-0.012,-1.479,-11.905,0.000,1.488,0.028
54.31,-11.928,-0.014,-1.479,-11.905,0.000,1.488,0.029
54.33,-11.928,-0.014,-1.479,-11.905,0.000,1.488,0.029
54.36,-11.927,-0.016,-1.479,-11.905,0.000,1.488,0.029
54.38,-11.927,-0.016,-1.479,-11.905,0.000,1.488,0.029
54.40,-11.927,-0.017,-1.479,-11.905,0.000,1.488,0.029
54.42,-11.927,-0.017,-1.479,-11.905,0.000,1.488,0.029
54.44,-11.926,-0.018,-1.479,-11.905,0.000,1.488,0.029
54.46,-11.926,-0.018,-1.479,-11.905,0.000,1.488,0.029
54.48,-11.926,-0.018,-1.479,-11.905,0.000,1.488,0.029
54.50,-11.925,-0.020,-1.479,-11.905,0.000,1.488,0.029
54.52,-11.925,-0.020,-1.479,-11.905,0.000,1.488,0.029
54.54,-11.924,-0.021,-1.479,-11.905,0.000,1.488,0.029
54.56,-11.924,-0.021,-1.479,-11.905,0.000,1.488,0.029
54.58,-11.923,-0.021,-1.479,-11.905,0.000,1.488,0.029
54.60,-11.923,-0.021,-1.479,-11.905,0.000,1.488,0.029
54.63,-11.921,-0.022,-1.479,-11.905,0.000,1.488,0.029
54.65,-11.921,-0.022,-1.479,-11.905,0.000,1.488,0.029
54.67,-11.920,-0.023,-1.480,-11.905,0.000,1.488,0.029
54.69,-11.920,-0.023,-1.480,-11.905,0.000,1.488,0.029
54.71,-11.919,-0.023,-1.480,-11.905,0.000,1.488,0.028
54.73,-11.919,-0.023,-1.480,-11.905,0.000,1.488,0.028
54.75,-11.918,-0.024,-1.481,-11.905,0.000,1.488,0.028
54.77,-11.918,-0.024,-1.481,-11.905,0.000,1.488,0.028
54.79,-11.916,-0.024,-1.482,-11.905,0.000,1.488,0.028
54.81,-11.916,-0.024,-1.482,-11.905,0.000,1.488,0.028
54.83,-11.915,-0.025,-1.483,-11.905,0.000,1.488,0.028
54.86,-11.915,-0.025,-1.483,-11.905,0.000,1.488,0.028
54.88,-11.914,-0.025,-1.484,-11.905,0.000,1.488,0.027
54.90,-11.914,-0.025,-1.484,-11.905,0.000,1.488,0.027
54.92,-11.913,-0.025,-1.485,-11.905,0.000,1.488,0.027
54.94,-11.913,-0.025,-1.485,-11.905,0.000,1.488,0.027
54.96,-11.912,-0.025,-1.486,-11.905,0.000,1.488,0.027
54.98,-11.912,-0.025,-1.486,-11.905,0.000,1.488,0.027
55.00,-11.912,-0.025,-1.486,-11.905,0.000,1.488,0.027
55.02,-11.910,-0.025,-1.487,-11.905,0.000,1.488,0.026
55.04,-11.910,-0.025,-1.487,-11.905,0.000,1.488,0.026
55.06,-11.909,-0.025,-1.487,-11.905,0.000,1.488,0.025
55.08,-11.909,-0.025,-1.487,-11.905,0.000,1.488,0.025
55.11,-11.908,-0.024,-1.488,-11.905,0.000,1.488,0.025
55.13,-11.908,-0.024,-1.488,-11.905,0.000,1.488,0.025
55.15,-11.908,-0.024,-1.488,-11.905,0.000,1.488,0.024
55.17,-11.908,-0.024,-1.488,-11.905,0.000,1.488,0.024
55.19,-11.907,-0.023,-1.489,-11.905,0.000,1.488,0.024
55.21,-11.907,-0.023,-1.489,-11.905,0.000,1.488,0.024
55.23,-11.907,-0.023,-1.490,-11.905,0.000,1.488,0.023
55.25,-11.907,-0.023,-1.490,-11.905,0.000,1.488,0.023
55.27,-11.907,-0.022,-1.490,-11.905,0.000,1.488,0.022
55.29,-11.907,-0.022,-1.490,-11.905,0.000,1.488,0.022
55.31,-11.907,-0.021,-1.491,-11.905,0.000,1.488,0.021
55.33,-11.907,-0.021,-1.491,-11.905,0.000,1.488,0.021
55.35,-11.907,-0.020,-1.492,-11.905,0.000,1.488,0.020
55.38,-11.907,-0.020,-1.492,-11.905,0.000,1.488,0.020
55.40,-11.907,-0.019,-1.492,-11.905,0.000,1.488,0.019
55.42,-11.907,-0.019,-1.492,-11.905,0.000,1.488,0.019
55.44,-11.907,-0.017,-1.493,-11.905,0.000,1.488,0.019
55.46,-11.907,-0.017,-1.493,-11.905,0.000,1.488,0.019
55.48,-11.907,-0.016,-1.493,-11.905,0.000,1.488,0.017
55.50,-11.907,-0.016,-1.493,-11.905,0.000,1.488,0.017
55.52,-11.907,-0.016,-1.493,-11.905,0.000,1.488,0.017
55.54,-11.907,-0.013,-1.494,-11.905,0.000,1.488,0.015
55.56,-11.907,-0.013,-1.494,-11.905,0.000,1.488,0.015
55.58,-11.908,-0.012,-1.495,-11.905,0.000,1.488,0.014
55.60,-11.908,-0.012,-1.495,-11.905,0.000,1.488,0.014
55.62,-11.908,-0.010,-1.496,-11.905,0.000,1.488,0.013
55.65,-11.908,-0.010,-1.496,-11.905,0.000,1.488,0.013
55.67,-11.908,-0.009,-1.496,-11.905,0.000,1.488,0.013
55.69,-11.908,-0.009,-1.496,-11.905,0.000,1.488,0.013
55.71,-11.909,-0.007,-1.496,-11.905,0.000,1.488,0.012
55.73,-11.909,-0.007,-1.496,-11.905,0.000,1.488,0.012
55.75,-11.909,-0.006,-1.496,-11.905,0.000,1.488,0.011
55.77,-11.909,-0.006,-1.496,-11.905,0.000,1.488,0.011
55.79,-11.910,-0.004,-1.497,-11.905,0.000,1.488,0.011
55.81,-11.910,-0.004,-1.497,-11.905,0.000,1.488,0.011
55.83,-11.910,-0.003,-1.497,-11.905,0.000,1.488,0.011
55.85,-11.910,-0.003,-1.497,-11.905,0.000,1.488,0.011
55.87,-11.910,-0.002,-1.496,-11.905,0.000,1.488,0.010
55.90,-11.910,-0.002,-1.496,-11.905,0.000,1.488,0.010
55.92,-11.910,-0.002,-1.496,-11.905,0.000,1.488,0.010
55.94,-11.910,-0.002,-1.496,-11.905,0.000,1.488,0.010
55.96,-11.911,-0.002,-1.496,-11.905,0.000,1.488,0.010
55.98,-11.911,-0.002,-1.496,-11.905,0.000,1.488,0.010
56.00,-11.911,-0.002,-1.496,-11.905,0.000,1.488,0.010
56.02,-11.911,-0.002,-1.495,-11.905,0.000,1.488,0.010
56.04,-11.911,-0.002,-1.495,-11.905,0.000,1.488,0.010
56.06,-11.911,-0.002,-1.494,-11.905,0.000,1.488,0.009
56.08,-11.911,-0.002,-1.494,-11.905,0.000,1.488,0.009
56.10,-11.912,-0.003,-1.494,-11.905,0.000,1.488,0.009
56.12,-11.912,-0.003,-1.494,-11.905,0.000,1.488,0.009
56.15,-11.912,-0.003,-1.493,-11.905,0.000,1.488,0.010
56.17,-11.912,-0.003,-1.493,-11.905,0.000,1.488,0.010
56.19,-11.912,-0.004,-1.493,-11.905,0.000,1.488,0.010
56.21,-11.912,-0.004,-1.493,-11.905,0.000,1.488,0.010
56.23,-11.913,-0.004,-1.492,-11.905,0.000,1.488,0.010
56.25,-11.913,-0.004,-1.492,-11.905,0.000,1.488,0.010
56.27,-11.913,-0.005,-1.491,-11.905,0.000,1.488,0.010
56.29,-11.913,-0.005,-1.491,-11.905,0.000,1.488,0.010
56.31,-11.913,-0.006,-1.490,-11.905,0.000,1.488,0.010
56.33,-11.913,-0.006,-1.490,-11.905,0.000,1.488,0.010
56.35,-11.913,-0.007,-1.489,-11.905,0.000,1.488,0.011
56.37,-11.913,-0.007,-1.489,-11.905,0.000,1.488,0.011
56.39,-11.913,-0.008,-1.489,-11.905,0.000,1.488,0.011
56.41,-11.913,-0.008,-1.489,-11.905,0.000,1.488,0.011
56.44,-11.913,-0.009,-1.488,-11.905,0.000,1.488,0.012
56.46,-11.913,-0.009,-1.488,-11.905,0.000,1.488,0.012
56.48,-11.913,-0.009,-1.487,-11.905,0.000,1.488,0.012
56.50,-11.913,-0.009,-1.487,-11.905,0.000,1.488,0.012
56.52,-11.913,-0.009,-1.487,-11.905,0.000,1.488,0.012
56.54,-11.912,-0.010,-1.485,-11.905,0.000,1.488,0.013
56.56,-11.912,-0.010,-1.485,-11.905,0.000,1.488,0.013
56.58,-11.912,-0.011,-1.484,-11.905,0.000,1.488,0.014
56.60,-11.912,-0.011,-1.484,-11.905,0.000,1.488,0.014
56.62,-11.911,-0.011,-1.483,-11.905,0.000,1.488,0.014
56.64,-11.911,-0.011,-1.483,-11.905,0.000,1.488,0.014
56.66,-11.911,-0.012,-1.483,-11.905,0.000,1.488,0.014
56.69,-11.911,-0.012,-1.483,-11.905,0.000,1.488,0.014
56.71,-11.910,-0.012,-1.482,-11.905,0.000,1.488,0.014
56.73,-11.910,-0.012,-1.482,-11.905,0.000,1.488,0.014
56.75,-11.909,-0.012,-1.482,-11.905,0.000,1.488,0.014
56.77,-11.909,-0.012,-1.482,-11.905,0.000,1.488,0.014
56.79,-11.909,-0.012,-1.481,-11.905,0.000,1.488,0.014
56.81,-11.909,-0.012,-1.481,-11.905,0.000,1.488,0.014
56.83,-11.908,-0.011,-1.481,-11.905,0.000,1.488,0.014
56.85,-11.908,-0.011,-1.481,-11.905,0.000,1.488,0.014
56.87,-11.908,-0.011,-1.481,-11.905,0.000,1.488,0.014
56.89,-11.908,-0.011,-1.481,-11.905,0.000,1.488,0.014
56.91,-11.908,-0.011,-1.481,-11.905,0.000,1.488,0.014
56.93,-11.908,-0.011,-1.481,-11.905,0.000,1.488,0.014
56.96,-11.908,-0.011,-1.481,-11.905,0.000,1.488,0.014
56.98,-11.908,-0.011,-1.481,-11.905,0.000,1.488,0.014
57.00,-11.908,-0.011,-1.481,-11.905,0.000,1.488,0.014
57.02,-11.908,-0.011,-1.481,-11.905,0.000,1.488,0.013
57.04,-11.908,-0.011,-1.481,-11.905,0.000,1.488,0.013
57.06,-11.908,-0.011,-1.482,-11.905,0.000,1.488,0.013
57.08,-11.908,-0.011,-1.482,-11.905,0.000,1.488,0.013
57.10,-11.908,-0.011,-1.482,-11.905,0.000,1.488,0.013
57.12,-11.908,-0.011,-1.482,-11.905,0.000,1.488,0.013
57.14,-11.909,-0.010,-1.483,-11.905,0.000,1.488,0.013
57.16,-11.909,-0.010,-1.483,-11.905,0.000,1.488,0.013
57.18,-11.909,-0.010,-1.483,-11.905,0.000,1.488,0.012
57.21,-11.909,-0.010,-1.483,-11.905,0.000,1.488,0.012
57.23,-11.910,-0.010,-1.484,-11.905,0.000,1.488,0.012
57.25,-11.910,-0.010,-1.484,-11.905,0.000,1.488,0.012
57.27,-11.910,-0.009,-1.484,-11.905,0.000,1.488,0.012
57.29,-11.910,-0.009,-1.484,-11.905,0.000,1.488,0.012
57.31,-11.910,-0.009,-1.485,-11.905,0.000,1.488,0.011
57.33,-11.910,-0.009,-1.485,-11.905,0.000,1.488,0.011
57.35,-11.911,-0.008,-1.485,-11.905,0.000,1.488,0.011
57.37,-11.911,-0.008,-1.485,-11.905,0.000,1.488,0.011
57.39,-11.911,-0.007,-1.486,-11.905,0.000,1.488,0.010
57.41,-11.911,-0.007,-1.486,-11.905,0.000,1.488,0.010
57.43,-11.912,-0.007,-1.486,-11.905,0.000,1.488,0.010
57.45,-11.912,-0.007,-1.486,-11.905,0.000,1.488,0.010
57.48,-11.912,-0.006,-1.487,-11.905,0.000,1.488,0.009
57.50,-11.912,-0.006,-1.487,-11.905,0.000,1.488,0.009
57.52,-11.912,-0.006,-1.487,-11.905,0.000,1.488,0.009
57.54,-11.913,-0.005,-1.487,-11.905,0.000,1.488,0.009
57.56,-11.913,-0.005,-1.487,-11.905,0.000,1.488,0.009
57.58,-11.913,-0.004,-1.487,-11.905,0.000,1.488,0.009
57.60,-11.913,-0.004,-1.487,-11.905,0.000,1.488,0.009
57.62,-11.914,-0.003,-1.487,-11.905,0.000,1.488,0.010
57.64,-11.914,-0.003,-1.487,-11.905,0.000,1.488,0.010
57.66,-11.914,-0.003,-1.488,-11.905,0.000,1.488,0.010
57.68,-11.914,-0.003,-1.488,-11.905,0.000,1.488,0.010
57.70,-11.915,-0.003,-1.488,-11.905,0.000,1.488,0.010
57.72,-11.915,-0.003,-1.488,-11.905,0.000,1.488,0.010
57.75,-11.915,-0.002,-1.488,-11.905,0.000,1.488,0.010
57.77,-11.915,-0.002,-1.488,-11.905,0.000,1.488,0.010
57.79,-11.915,-0.002,-1.488,-11.905,0.000,1.488,0.010
57.81,-11.915,-0.002,-1.488,-11.905,0.000,1.488,0.010
57.83,-11.915,-0.002,-1.488,-11.905,0.000,1.488,0.010
57.85,-11.915,-0.002,-1.488,-11.905,0.000,1.488,0.010
57.87,-11.914,-0.002,-1.488,-11.905,0.000,1.488,0.010
57.89,-11.914,-0.002,-1.488,-11.905,0.000,1.488,0.010
57.91,-11.914,-0.001,-1.488,-11.905,0.000,1.488,0.009
57.93,-11.914,-0.001,-1.488,-11.905,0.000,1.488,0.009
57.95,-11.913,-0.001,-1.488,-11.905,0.000,1.488,0.008
57.97,-11.913,-0.001,-1.488,-11.905,0.000,1.488,0.008
58.00,-11.912,-0.001,-1.488,-11.905,0.000,1.488,0.007
58.02,-11.912,-0.001,-1.488,-11.905,0.000,1.488,0.007
58.04,-11.912,-0.001,-1.488,-11.905,0.000,1.488,0.007
58.06,-11.911,-0.000,-1.487,-11.905,0.000,1.488,0.006
58.08,-11.911,-0.000,-1.487,-11.905,0.000,1.488,0.006
58.10,-11.910,-0.000,-1.487,-11.905,0.000,1.488,0.005
58.12,-11.910,-0.000,-1.487,-11.905,0.000,1.488,0.005
58.14,-11.908,0.000,-1.487,-11.905,0.000,1.488,0.004
58.16,-11.908,0.000,-1.487,-11.905,0.000,1.488,0.004
58.18,-11.908,0.000,-1.486,-11.905,0.000,1.488,0.003
58.20,-11.908,0.000,-1.486,-11.905,0.000,1.488,0.003
58.22,-11.907,0.000,-1.486,-11.905,0.000,1.488,0.002
58.25,-11.907,0.000,-1.486,-11.905,0.000,1.488,0.002
58.27,-11.906,0.001,-1.486,-11.905,0.000,1.488,0.002
58.29,-11.906,0.001,-1.486,-11.905,0.000,1.488,0.002
58.31,-11.905,0.001,-1.486,-11.905,0.000,1.488,0.002
58.33,-11.905,0.001,-1.486,-11.905,0.000,1.488,0.002
58.35,-11.904,0.001,-1.485,-11.905,0.000,1.488,0.003
58.37,-11.904,0.001,-1.485,-11.905,0.000,1.488,0.003
58.39,-11.903,0.001,-1.485,-11.905,0.000,1.488,0.003
58.41,-11.903,0.001,-1.485,-11.905,0.000,1.488,0.003
58.43,-11.902,0.001,-1.485,-11.905,0.000,1.488,0.004
58.45,-11.902,0.001,-1.485,-11.905,0.000,1.488,0.004
58.47,-11.902,0.001,-1.484,-11.905,0.000,1.488,0.005
58.50,-11.902,0.001,-1.484,-11.905,0.000,1.488,0.005
58.52,-11.902,0.001,-1.484,-11.905,0.000,1.488,0.005
58.54,-11.901,0.002,-1.484,-11.905,0.000,1.488,0.006
58.56,-11.901,0.002,-1.484,-11.905,0.000,1.488,0.006
58.58,-11.900,0.002,-1.484,-11.905,0.000,1.488,0.006
58.60,-11.900,0.002,-1.484,-11.905,0.000,1.488,0.006
58.62,-11.900,0.002,-1.484,-11.905,0.000,1.488,0.007
58.64,-11.900,0.002,-1.484,-11.905,0.000,1.488,0.007
58.66,-11.900,0.003,-1.484,-11.905,0.000,1.488,0.007
58.68,-11.900,0.003,-1.484,-11.905,0.000,1.488,0.007
58.70,-11.899,0.003,-1.484,-11.905,0.000,1.488,0.007
58.72,-11.899,0.003,-1.484,-11.905,0.000,1.488,0.007
58.74,-11.899,0.003,-1.484,-11.905,0.000,1.488,0.008
58.76,-11.899,0.003,-1.484,-11.905,0.000,1.488,0.008
58.79,-11.899,0.004,-1.483,-11.905,0.000,1.488,0.008
58.81,-11.899,0.004,-1.483,-11.905,0.000,1.488,0.008
58.83,-11.899,0.005,-1.483,-11.905,0.000,1.488,0.009
58.85,-11.899,0.005,-1.483,-11.905,0.000,1.488,0.009
58.87,-11.899,0.005,-1.483,-11.905,0.000,1.488,0.009
58.89,-11.899,0.005,-1.483,-11.905,0.000,1.488,0.009
58.91,-11.899,0.006,-1.482,-11.905,0.000,1.488,0.010
58.93,-11.899,0.006,-1.482,-11.905,0.000,1.488,0.010
58.95,-11.899,0.007,-1.482,-11.905,0.000,1.488,0.011
58.97,-11.899,0.007,-1.482,-11.905,0.000,1.488,0.011
58.99,-11.899,0.008,-1.481,-11.905,0.000,1.488,0.011
59.01,-11.899,0.008,-1.481,-11.905,0.000,1.488,0.011
59.03,-11.899,0.008,-1.481,-11.905,0.000,1.488,0.011
59.06,-11.900,0.009,-1.480,-11.905,0.000,1.488,0.013
59.08,-11.900,0.009,-1.480,-11.905,0.000,1.488,0.013
59.10,-11.900,0.010,-1.480,-11.905,0.000,1.488,0.013
59.12,-11.900,0.010,-1.480,-11.905,0.000,1.488,0.013
59.14,-11.900,0.010,-1.479,-11.905,0.000,1.488,0.014
59.16,-11.900,0.010,-1.479,-11.905,0.000,1.488,0.014
59.18,-11.900,0.010,-1.478,-11.905,0.000,1.488,0.014
59.20,-11.900,0.010,-1.478,-11.905,0.000,1.488,0.014
59.22,-11.901,0.010,-1.478,-11.905,0.000,1.488,0.015
59.24,-11.901,0.010,-1.478,-11.905,0.000,1.488,0.015
59.26,-11.901,0.009,-1.477,-11.905,0.000,1.488,0.015
59.28,-11.901,0.009,-1.477,-11.905,0.000,1.488,0.015
59.30,-11.901,0.009,-1.476,-11.905,0.000,1.488,0.015
59.33,-11.901,0.009,-1.476,-11.905,0.000,1.488,0.015
59.35,-11.901,0.008,-1.475,-11.905,0.000,1.488,0.015
59.37,-11.901,0.008,-1.475,-11.905,0.000,1.488,0.015
59.39,-11.901,0.007,-1.475,-11.905,0.000,1.488,0.015
59.41,-11.901,0.007,-1.475,-11.905,0.000,1.488,0.015
59.43,-11.902,0.006,-1.474,-11.905,0.000,1.488,0.015
59.45,-11.902,0.006,-1.474,-11.905,0.000,1.488,0.015
59.47,-11.902,0.005,-1.474,-11.905,0.000,1.488,0.015
59.49,-11.902,0.005,-1.474,-11.905,0.000,1.488,0.015
59.51,-11.902,0.004,-1.474,-11.905,0.000,1.488,0.015
59.53,-11.902,0.004,-1.474,-11.905,0.000,1.488,0.015
59.55,-11.902,0.004,-1.474,-11.905,0.000,1.488,0.015
59.58,-11.904,0.001,-1.474,-11.905,0.000,1.488,0.014
59.60,-11.904,0.001,-1.474,-11.905,0.000,1.488,0.014
59.62,-11.904,0.000,-1.474,-11.905,0.000,1.488,0.014
59.64,-11.904,0.000,-1.474,-11.905,0.000,1.488,0.014
59.66,-11.905,-0.002,-1.474,-11.905,0.000,1.488,0.014
59.68,-11.905,-0.002,-1.474,-11.905,0.000,1.488,0.014
59.70,-11.907,-0.003,-1.474,-11.905,0.000,1.488,0.015
59.72,-11.907,-0.003,-1.474,-11.905,0.000,1.488,0.015
59.74,-11.908,-0.005,-1.474,-11.905,0.000,1.488,0.015
59.76,-11.908,-0.005,-1.474,-11.905,0.000,1.488,0.015
59.78,-11.909,-0.006,-1.474,-11.905,0.000,1.488,0.015
59.80,-11.909,-0.006,-1.474,-11.905,0.000,1.488,0.015
59.82,-11.910,-0.007,-1.474,-11.905,0.000,1.488,0.016
59.85,-11.910,-0.007,-1.474,-11.905,0.000,1.488,0.016
59.87,-11.911,-0.008,-1.475,-11.905,0.000,1.488,0.017
59.89,-11.911,-0.008,-1.475,-11.905,0.000,1.488,0.017
59.91,-11.912,-0.008,-1.475,-11.905,0.000,1.488,0.017
59.93,-11.912,-0.008,-1.475,-11.905,0.000,1.488,0.017
59.95,-11.914,-0.009,-1.475,-11.905,0.000,1.488,0.018
59.97,-11.914,-0.009,-1.475,-11.905,0.000,1.488,0.018
59.99,-11.915,-0.010,-1.475,-11.905,0.000,1.488,0.019
60.01,-11.915,-0.010,-1.475,-11.905,0.000,1.488,0.019
60.03,-11.915,-0.010,-1.475,-11.905,0.000,1.488,0.019
60.05,-11.917,-0.010,-1.476,-11.905,0.000,1.488,0.020
60.07,-11.917,-0.010,-1.476,-11.905,0.000,1.488,0.020
60.10,-11.917,-0.011,-1.476,-11.905,0.000,1.488,0.020
60.12,-11.917,-0.011,-1.476,-11.905,0.000,1.488,0.020
60.14,-11.918,-0.010,-1.477,-11.905,0.000,1.488,0.020
60.16,-11.918,-0.010,-1.477,-11.905,0.000,1.488,0.020
60.18,-11.919,-0.010,-1.477,-11.905,0.000,1.488,0.021
60.20,-11.919,-0.010,-1.477,-11.905,0.000,1.488,0.021
60.22,-11.920,-0.010,-1.477,-11.905,0.000,1.488,0.021
60.24,-11.920,-0.010,-1.477,-11.905,0.000,1.488,0.021
60.26,-11.921,-0.009,-1.478,-11.905,0.000,1.488,0.021
60.28,-11.921,-0.009,-1.478,-11.905,0.000,1.488,0.021
60.30,-11.921,-0.009,-1.478,-11.905,0.000,1.488,0.021
60.32,-11.921,-0.009,-1.478,-11.905,0.000,1.488,0.021
60.34,-11.922,-0.008,-1.479,-11.905,0.000,1.488,0.021
60.37,-11.922,-0.008,-1.479,-11.905,0.000,1.488,0.021
60.39,-11.923,-0.008,-1.479,-11.905,0.000,1.488,0.022
60.41,-11.923,-0.008,-1.479,-11.905,0.000,1.488,0.022
60.43,-11.924,-0.007,-1.479,-11.905,0.000,1.488,0.022
60.45,-11.924,-0.007,-1.479,-11.905,0.000,1.488,0.022
60.47,-11.925,-0.007,-1.480,-11.905,0.000,1.488,0.023
60.49,-11.925,-0.007,-1.480,-11.905,0.000,1.488,0.023
60.51,-11.926,-0.007,-1.480,-11.905,0.000,1.488,0.024
60.53,-11.926,-0.007,-1.480,-11.905,0.000,1.488,0.024
60.55,-11.926,-0.007,-1.480,-11.905,0.000,1.488,0.024
60.57,-11.928,-0.007,-1.480,-11.905,0.000,1.488,0.025
60.59,-11.928,-0.007,-1.480,-11.905,0.000,1.488,0.025
60.62,-11.928,-0.007,-1.480,-11.905,0.000,1.488,0.026
60.64,-11.928,-0.007,-1.480,-11.905,0.000,1.488,0.026
60.66,-11.929,-0.007,-1.480,-11.905,0.000,1.488,0.026
60.68,-11.929,-0.007,-1.480,-11.905,0.000,1.488,0.026
60.70,-11.930,-0.007,-1.480,-11.905,0.000,1.488,0.027
60.72,-11.930,-0.007,-1.480,-11.905,0.000,1.488,0.027
60.74,-11.930,-0.008,-1.480,-11.905,0.000,1.488,0.027
60.76,-11.930,-0.008,-1.480,-11.905,0.000,1.488,0.027
60.78,-11.930,-0.009,-1.481,-11.905,0.000,1.488,0.027
60.80,-11.930,-0.009,-1.481,-11.905,0.000,1.488,0.027
60.82,-11.930,-0.009,-1.481,-11.905,0.000,1.488,0.027
60.84,-11.930,-0.009,-1.481,-11.905,0.000,1.488,0.027
60.86,-11.929,-0.010,-1.481,-11.905,0.000,1.488,0.027
60.88,-11.929,-0.010,-1.481,-11.905,0.000,1.488,0.027
60.91,-11.929,-0.011,-1.481,-11.905,0.000,1.488,0.027
60.93,-11.929,-0.011,-1.481,-11.905,0.000,1.488,0.027
60.95,-11.928,-0.011,-1.482,-11.905,0.000,1.488,0.027
60.97,-11.928,-0.011,-1.482,-11.905,0.000,1.488,0.027
60.99,-11.928,-0.012,-1.482,-11.905,0.000,1.488,0.027
61.01,-11.928,-0.012,-1.482,-11.905,0.000,1.488,0.027
61.03,-11.928,-0.012,-1.482,-11.905,0.000,1.488,0.027
61.05,-11.927,-0.013,-1.483,-11.905,0.000,1.488,0.026
61.07,-11.927,-0.013,-1.483,-11.905,0.000,1.488,0.026
61.09,-11.926,-0.015,-1.483,-11.905,0.000,1.488,0.026
61.11,-11.926,-0.015,-1.483,-11.905,0.000,1.488,0.026
61.13,-11.926,-0.016,-1.484,-11.905,0.000,1.488,0.026
61.15,-11.926,-0.016,-1.484,-11.905,0.000,1.488,0.026
61.18,-11.925,-0.017,-1.484,-11.905,0.000,1.488,0.026
61.20,-11.925,-0.017,-1.484,-11.905,0.000,1.488,0.026
61.22,-11.924,-0.018,-1.485,-11.905,0.000,1.488,0.026
61.24,-11.924,-0.018,-1.485,-11.905,0.000,1.488,0.026
61.26,-11.923,-0.019,-1.485,-11.905,0.000,1.488,0.026
61.28,-11.923,-0.019,-1.485,-11.905,0.000,1.488,0.026
61.30,-11.921,-0.020,-1.486,-11.905,0.000,1.488,0.026
61.32,-11.921,-0.020,-1.486,-11.905,0.000,1.488,0.026
61.34,-11.920,-0.020,-1.487,-11.905,0.000,1.488,0.026
61.36,-11.920,-0.020,-1.487,-11.905,0.000,1.488,0.026
61.38,-11.919,-0.021,-1.487,-11.905,0.000,1.488,0.025
61.40,-11.919,-0.021,-1.487,-11.905,0.000,1.488,0.025
61.43,-11.917,-0.022,-1.488,-11.905,0.000,1.488,0.025
61.45,-11.917,-0.022,-1.488,-11.905,0.000,1.488,0.025
61.47,-11.916,-0.022,-1.489,-11.905,0.000,1.488,0.025
61.49,-11.916,-0.022,-1.489,-11.905,0.000,1.488,0.025
61.51,-11.915,-0.022,-1.489,-11.905,0.000,1.488,0.024
61.53,-11.915,-0.022,-1.489,-11.905,0.000,1.488,0.024
61.55,-11.915,-0.022,-1.489,-11.905,0.000,1.488,0.024
61.57,-11.912,-0.022,-1.490,-11.905,0.000,1.488,0.024
61.59,-11.912,-0.022,-1.490,-11.905,0.000,1.488,0.024
61.61,-11.911,-0.022,-1.491,-11.905,0.000,1.488,0.023
61.63,-11.911,-0.022,-1.491,-11.905,0.000,1.488,0.023
61.65,-11.910,-0.022,-1.491,-11.905,0.000,1.488,0.023
61.67,-11.910,-0.022,-1.491,-11.905,0.000,1.488,0.023
61.70,-11.908,-0.022,-1.492,-11.905,0.000,1.488,0.023
61.72,-11.908,-0.022,-1.492,-11.905,0.000,1.488,0.023
61.74,-11.906,-0.022,-1.492,-11.905,0.000,1.488,0.023
61.76,-11.906,-0.022,-1.492,-11.905,0.000,1.488,0.023
61.78,-11.905,-0.022,-1.492,-11.905,0.000,1.488,0.022
61.80,-11.905,-0.022,-1.492,-11.905,0.000,1.488,0.022
61.82,-11.903,-0.021,-1.493,-11.905,0.000,1.488,0.022
61.84,-11.903,-0.021,-1.493,-11.905,0.000,1.488,0.022
61.86,-11.901,-0.021,-1.493,-11.905,0.000,1.488,0.022
61.88,-11.901,-0.021,-1.493,-11.905,0.000,1.488,0.022
61.90,-11.900,-0.020,-1.493,-11.905,0.000,1.488,0.022
61.92,-11.900,-0.020,-1.493,-11.905,0.000,1.488,0.022
61.95,-11.898,-0.020,-1.493,-11.905,0.000,1.488,0.022
61.97,-11.898,-0.020,-1.493,-11.905,0.000,1.488,0.022
61.99,-11.896,-0.019,-1.494,-11.905,0.000,1.488,0.022
62.01,-11.896,-0.019,-1.494,-11.905,0.000,1.488,0.022
62.03,-11.895,-0.018,-1.494,-11.905,0.000,1.488,0.022
62.05,-11.895,-0.018,-1.494,-11.905,0.000,1.488,0.022
62.07,-11.895,-0.018,-1.494,-11.905,0.000,1.488,0.022
62.09,-11.892,-0.017,-1.495,-11.905,0.000,1.488,0.023
62.11,-11.892,-0.017,-1.495,-11.905,0.000,1.488,0.023
62.13,-11.891,-0.016,-1.496,-11.905,0.000,1.488,0.023
62.15,-11.891,-0.016,-1.496,-11.905,0.000,1.488,0.023
62.17,-11.890,-0.015,-1.496,-11.905,0.000,1.488,0.023
62.19,-11.890,-0.015,-1.496,-11.905,0.000,1.488,0.023
62.21,-11.889,-0.014,-1.497,-11.905,0.000,1.488,0.023
62.24,-11.889,-0.014,-1.497,-11.905,0.000,1.488,0.023
62.26,-11.889,-0.013,-1.498,-11.905,0.000,1.488,0.023
62.28,-11.889,-0.013,-1.498,-11.905,0.000,1.488,0.023
62.30,-11.889,-0.012,-1.498,-11.905,0.000,1.488,0.023
62.32,-11.889,-0.012,-1.498,-11.905,0.000,1.488,0.023
62.34,-11.889,-0.011,-1.499,-11.905,0.000,1.488,0.023
62.36,-11.889,-0.011,-1.499,-11.905,0.000,1.488,0.023
62.38,-11.889,-0.010,-1.499,-11.905,0.000,1.488,0.022
62.40,-11.889,-0.010,-1.499,-11.905,0.000,1.488,0.022
62.42,-11.889,-0.009,-1.500,-11.905,0.000,1.488,0.022
62.44,-11.889,-0.009,-1.500,-11.905,0.000,1.488,0.022
62.46,-11.890,-0.008,-1.500,-11.905,0.000,1.488,0.022
62.48,-11.890,-0.008,-1.500,-11.905,0.000,1.488,0.022
62.51,-11.890,-0.007,-1.501,-11.905,0.000,1.488,0.021
62.53,-11.890,-0.007,-1.501,-11.905,0.000,1.488,0.021
62.55,-11.890,-0.007,-1.501,-11.905,0.000,1.488,0.021
62.57,-11.892,-0.007,-1.501,-11.905,0.000,1.488,0.020
62.59,-11.892,-0.007,-1.501,-11.905,0.000,1.488,0.020
62.61,-11.892,-0.006,-1.501,-11.905,0.000,1.488,0.019
62.63,-11.892,-0.006,-1.501,-11.905,0.000,1.488,0.019
62.65,-11.893,-0.006,-1.501,-11.905,0.000,1.488,0.019
62.67,-11.893,-0.006,-1.501,-11.905,0.000,1.488,0.019
62.69,-11.894,-0.006,-1.501,-11.905,0.000,1.488,0.018
62.71,-11.894,-0.006,-1.501,-11.905,0.000,1.488,0.018
62.74,-11.895,-0.006,-1.501,-11.905,0.000,1.488,0.018
62.76,-11.895,-0.006,-1.501,-11.905,0.000,1.488,0.018
62.78,-11.896,-0.006,-1.501,-11.905,0.000,1.488,0.017
62.80,-11.896,-0.006,-1.501,-11.905,0.000,1.488,0.017
62.82,-11.897,-0.007,-1.500,-11.905,0.000,1.488,0.017
62.84,-11.897,-0.007,-1.500,-11.905,0.000,1.488,0.017
62.86,-11.899,-0.007,-1.500,-11.905,0.000,1.488,0.016
62.88,-11.899,-0.007,-1.500,-11.905,0.000,1.488,0.016
62.90,-11.900,-0.008,-1.500,-11.905,0.000,1.488,0.016
62.92,-11.900,-0.008,-1.500,-11.905,0.000,1.488,0.016
62.94,-11.901,-0.008,-1.500,-11.905,0.000,1.488,0.015
62.96,-11.901,-0.008,-1.500,-11.905,0.000,1.488,0.015
62.98,-11.903,-0.009,-1.500,-11.905,0.000,1.488,0.015
63.00,-11.903,-0.009,-1.500,-11.905,0.000,1.488,0.015
63.03,-11.904,-0.009,-1.499,-11.905,0.000,1.488,0.015
63.05,-11.904,-0.009,-1.499,-11.905,0.000,1.488,0.015
63.07,-11.904,-0.009,-1.499,-11.905,0.000,1.488,0.015
63.09,-11.907,-0.009,-1.499,-11.905,0.000,1.488,0.015
63.11,-11.907,-0.009,-1.499,-11.905,0.000,1.488,0.015
63.13,-11.908,-0.010,-1.499,-11.905,0.000,1.488,0.015
63.15,-11.908,-0.010,-1.499,-11.905,0.000,1.488,0.015
63.17,-11.910,-0.010,-1.499,-11.905,0.000,1.488,0.016
63.19,-11.910,-0.010,-1.499,-11.905,0.000,1.488,0.016
63.21,-11.912,-0.010,-1.499,-11.905,0.000,1.488,0.016
63.23,-11.912,-0.010,-1.499,-11.905,0.000,1.488,0.016
63.26,-11.913,-0.010,-1.498,-11.905,0.000,1.488,0.017
63.28,-11.913,-0.010,-1.498,-11.905,0.000,1.488,0.017
63.30,-11.915,-0.009,-1.498,-11.905,0.000,1.488,0.017
63.32,-11.915,-0.009,-1.498,-11.905,0.000,1.488,0.017
63.34,-11.916,-0.009,-1.498,-11.905,0.000,1.488,0.018
63.36,-11.916,-0.009,-1.498,-11.905,0.000,1.488,0.018
63.38,-11.917,-0.008,-1.498,-11.905,0.000,1.488,0.018
63.40,-11.917,-0.008,-1.498,-11.905,0.000,1.488,0.018
63.42,-11.917,-0.007,-1.498,-11.905,0.000,1.488,0.018
63.44,-11.917,-0.007,-1.498,-11.905,0.000,1.488,0.018
63.46,-11.917,-0.006,-1.498,-11.905,0.000,1.488,0.018
63.48,-11.917,-0.006,-1.498,-11.905,0.000,1.488,0.018
63.51,-11.918,-0.005,-1.498,-11.905,0.000,1.488,0.017
63.53,-11.918,-0.005,-1.498,-11.905,0.000,1.488,0.017
63.55,-11.918,-0.005,-1.498,-11.905,0.000,1.488,0.017
63.57,-11.917,-0.004,-1.498,-11.905,0.000,1.488,0.016
63.59,-11.917,-0.004,-1.498,-11.905,0.000,1.488,0.016
63.61,-11.916,-0.003,-1.498,-11.905,0.000,1.488,0.016
63.63,-11.916,-0.003,-1.498,-11.905,0.000,1.488,0.016
63.65,-11.915,-0.002,-1.499,-11.905,0.000,1.488,0.015
63.67,-11.915,-0.002,-1.499,-11.905,0.000,1.488,0.015
63.69,-11.914,-0.001,-1.499,-11.905,0.000,1.488,0.014
63.71,-11.914,-0.001,-1.499,-11.905,0.000,1.488,0.014
63.73,-11.913,-0.000,-1.499,-11.905,0.000,1.488,0.014
63.76,-11.913,-0.000,-1.499,-11.905,0.000,1.488,0.014
63.78,-11.911,0.000,-1.500,-11.905,0.000,1.488,0.013
63.80,-11.911,0.000,-1.500,-11.905,0.000,1.488,0.013
63.82,-11.909,0.001,-1.500,-11.905,0.000,1.488,0.013
63.84,-11.909,0.001,-1.500,-11.905,0.000,1.488,0.013
63.86,-11.908,0.001,-1.501,-11.905,0.000,1.488,0.013
63.88,-11.908,0.001,-1.501,-11.905,0.000,1.488,0.013
63.90,-11.906,0.002,-1.502,-11.905,0.000,1.488,0.014
63.92,-11.906,0.002,-1.502,-11.905,0.000,1.488,0.014
63.94,-11.904,0.002,-1.502,-11.905,0.000,1.488,0.014
63.96,-11.904,0.002,-1.502,-11.905,0.000,1.488,0.014
63.98,-11.902,0.002,-1.503,-11.905,0.000,1.488,0.015
64.00,-11.902,0.002,-1.503,-11.905,0.000,1.488,0.015
64.03,-11.900,0.002,-1.503,-11.905,0.000,1.488,0.016
64.05,-11.900,0.002,-1.503,-11.905,0.000,1.488,0.016
64.07,-11.900,0.002,-1.503,-11.905,0.000,1.488,0.016
64.09,-11.896,0.002,-1.503,-11.905,0.000,1.488,0.018
64.11,-11.896,0.002,-1.503,-11.905,0.000,1.488,0.018
64.13,-11.894,0.002,-1.503,-11.905,0.000,1.488,0.019
64.15,-11.894,0.002,-1.503,-11.905,0.000,1.488,0.019
64.17,-11.892,0.002,-1.503,-11.905,0.000,1.488,0.020
64.19,-11.892,0.002,-1.503,-11.905,0.000,1.488,0.020
64.21,-11.889,0.002,-1.502,-11.905,0.000,1.488,0.022
64.23,-11.889,0.002,-1.502,-11.905,0.000,1.488,0.022
64.25,-11.887,0.002,-1.502,-11.905,0.000,1.488,0.023
64.28,-11.887,0.002,-1.502,-11.905,0.000,1.488,0.023
64.30,-11.885,0.001,-1.502,-11.905,0.000,1.488,0.024
64.32,-11.885,0.001,-1.502,-11.905,0.000,1.488,0.024
64.34,-11.883,0.001,-1.501,-11.905,0.000,1.488,0.026
64.36,-11.883,0.001,-1.501,-11.905,0.000,1.488,0.026
64.38,-11.881,0.000,-1.501,-11.905,0.000,1.488,0.027
64.40,-11.881,0.000,-1.501,-11.905,0.000,1.488,0.027
64.42,-11.880,-0.000,-1.500,-11.905,0.000,1.488,0.028
64.44,-11.880,-0.000,-1.500,-11.905,0.000,1.488,0.028
64.46,-11.878,-0.001,-1.499,-11.905,0.000,1.488,0.029
64.48,-11.878,-0.001,-1.499,-11.905,0.000,1.488,0.029
64.50,-11.877,-0.001,-1.499,-11.905,0.000,1.488,0.030
64.53,-11.877,-0.001,-1.499,-11.905,0.000,1.488,0.030
64.55,-11.876,-0.001,-1.498,-11.905,0.000,1.488,0.031
64.57,-11.876,-0.001,-1.498,-11.905,0.000,1.488,0.031
64.59,-11.876,-0.001,-1.498,-11.905,0.000,1.488,0.031
64.61,-11.875,-0.001,-1.497,-11.905,0.000,1.488,0.032
64.63,-11.875,-0.001,-1.497,-11.905,0.000,1.488,0.032
64.65,-11.874,-0.002,-1.497,-11.905,0.000,1.488,0.033
64.67,-11.874,-0.002,-1.497,-11.905,0.000,1.488,0.033
64.69,-11.873,-0.002,-1.497,-11.905,0.000,1.488,0.033
64.71,-11.873,-0.002,-1.497,-11.905,0.000,1.488,0.033
64.73,-11.873,-0.002,-1.496,-11.905,0.000,1.488,0.033
64.75,-11.873,-0.002,-1.496,-11.905,0.000,1.488,0.033
64.78,-11.873,-0.002,-1.496,-11.905,0.000,1.488,0.033
64.80,-11.873,-0.002,-1.496,-11.905,0.000,1.488,0.033
64.82,-11.873,-0.002,-1.495,-11.905,0.000,1.488,0.033
64.84,-11.873,-0.002,-1.495,-11.905,0.000,1.488,0.033
64.86,-11.874,-0.002,-1.495,-11.905,0.000,1.488,0.032
64.88,-11.874,-0.002,-1.495,-11.905,0.000,1.488,0.032
64.90,-11.874,-0.002,-1.495,-11.905,0.000,1.488,0.032
64.92,-11.874,-0.002,-1.495,-11.905,0.000,1.488,0.032
64.94,-11.875,-0.002,-1.495,-11.905,0.000,1.488,0.031
64.96,-11.875,-0.002,-1.495,-11.905,0.000,1.488,0.031
64.98,-11.876,-0.002,-1.494,-11.905,0.000,1.488,0.030
65.00,-11.876,-0.002,-1.494,-11.905,0.000,1.488,0.030
65.02,-11.877,-0.002,-1.494,-11.905,0.000,1.488,0.029
65.05,-11.877,-0.002,-1.494,-11.905,0.000,1.488,0.029
65.07,-11.877,-0.002,-1.494,-11.905,0.000,1.488,0.029
65.09,-11.878,-0.002,-1.494,-11.905,0.000,1.488,0.028
65.11,-11.878,-0.002,-1.494,-11.905,0.000,1.488,0.028
65.13,-11.879,-0.001,-1.494,-11.905,0.000,1.488,0.027
65.15,-11.879,-0.001,-1.494,-11.905,0.000,1.488,0.027
65.17,-11.880,-0.001,-1.494,-11.905,0.000,1.488,0.026
65.19,-11.880,-0.001,-1.494,-11.905,0.000,1.488,0.026
65.21,-11.881,-0.001,-1.494,-11.905,0.000,1.488,0.025
65.23,-11.881,-0.001,-1.494,-11.905,0.000,1.488,0.025
65.25,-11.882,0.000,-1.494,-11.905,0.000,1.488,0.024
65.27,-11.882,0.000,-1.494,-11.905,0.000,1.488,0.024
65.29,-11.884,0.001,-1.494,-11.905,0.000,1.488,0.022
65.32,-11.884,0.001,-1.494,-11.905,0.000,1.488,0.022
65.34,-11.885,0.001,-1.494,-11.905,0.000,1.488,0.021
65.36,-11.885,0.001,-1.494,-11.905,0.000,1.488,0.021
65.38,-11.887,0.002,-1.494,-11.905,0.000,1.488,0.019
65.40,-11.887,0.002,-1.494,-11.905,0.000,1.488,0.019
65.42,-11.889,0.003,-1.494,-11.905,0.000,1.488,0.018
65.44,-11.889,0.003,-1.494,-11.905,0.000,1.488,0.018
65.46,-11.891,0.005,-1.494,-11.905,0.000,1.488,0.016
65.48,-11.891,0.005,-1.494,-11.905,0.000,1.488,0.016
65.50,-11.893,0.006,-1.494,-11.905,0.000,1.488,0.014
65.52,-11.893,0.006,-1.494,-11.905,0.000,1.488,0.014
65.54,-11.896,0.007,-1.495,-11.905,0.000,1.488,0.013
65.57,-11.896,0.007,-1.495,-11.905,0.000,1.488,0.013
65.59,-11.896,0.007,-1.495,-11.905,0.000,1.488,0.013
65.61,-11.898,0.009,-1.495,-11.905,0.000,1.488,0.013
65.63,-11.898,0.009,-1.495,-11.905,0.000,1.488,0.013
65.65,-11.901,0.011,-1.495,-11.905,0.000,1.488,0.013
65.67,-11.901,0.011,-1.495,-11.905,0.000,1.488,0.013
65.69,-11.902,0.012,-1.495,-11.905,0.000,1.488,0.014
65.71,-11.902,0.012,-1.495,-11.905,0.000,1.488,0.014
65.73,-11.903,0.013,-1.495,-11.905,0.000,1.488,0.015
65.75,-11.903,0.013,-1.495,-11.905,0.000,1.488,0.015
65.77,-11.905,0.015,-1.495,-11.905,0.000,1.488,0.016
65.79,-11.905,0.015,-1.495,-11.905,0.000,1.488,0.016
65.81,-11.906,0.016,-1.495,-11.905,0.000,1.488,0.017
65.83,-11.906,0.016,-1.495,-11.905,0.000,1.488,0.017
65.86,-11.908,0.017,-1.495,-11.905,0.000,1.488,0.018
65.88,-11.908,0.017,-1.495,-11.905,0.000,1.488,0.018
65.90,-11.909,0.018,-1.494,-11.905,0.000,1.488,0.019
65.92,-11.909,0.018,-1.494,-11.905,0.000,1.488,0.019
65.94,-11.910,0.019,-1.493,-11.905,0.000,1.488,0.020
65.96,-11.910,0.019,-1.493,-11.905,0.000,1.488,0.020
65.98,-11.912,0.020,-1.492,-11.905,0.000,1.488,0.021
66.00,-11.912,0.020,-1.492,-11.905,0.000,1.488,0.021
66.02,-11.913,0.021,-1.491,-11.905,0.000,1.488,0.022
66.04,-11.913,0.021,-1.491,-11.905,0.000,1.488,0.022
66.06,-11.914,0.021,-1.491,-11.905,0.000,1.488,0.023
66.08,-11.914,0.021,-1.491,-11.905,0.000,1.488,0.023
66.11,-11.914,0.021,-1.491,-11.905,0.000,1.488,0.023
66.13,-11.915,0.022,-1.490,-11.905,0.000,1.488,0.024
66.15,-11.915,0.022,-1.490,-11.905,0.000,1.488,0.024
66.17,-11.916,0.023,-1.489,-11.905,0.000,1.488,0.025
66.19,-11.916,0.023,-1.489,-11.905,0.000,1.488,0.025
66.21,-11.917,0.024,-1.488,-11.905,0.000,1.488,0.026
66.23,-11.917,0.024,-1.488,-11.905,0.000,1.488,0.026
66.25,-11.918,0.025,-1.487,-11.905,0.000,1.488,0.027
66.27,-11.918,0.025,-1.487,-11.905,0.000,1.488,0.027
66.29,-11.919,0.026,-1.486,-11.905,0.000,1.488,0.029
66.31,-11.919,0.026,-1.486,-11.905,0.000,1.488,0.029
66.34,-11.920,0.027,-1.486,-11.905,0.000,1.488,0.030
66.36,-11.920,0.027,-1.486,-11.905,0.000,1.488,0.030
66.38,-11.920,0.027,-1.485,-11.905,0.000,1.488,0.031
66.40,-11.920,0.027,-1.485,-11.905,0.000,1.488,0.031
66.42,-11.921,0.028,-1.485,-11.905,0.000,1.488,0.032
66.44,-11.921,0.028,-1.485,-11.905,0.000,1.488,0.032
66.46,-11.921,0.029,-1.484,-11.905,0.000,1.488,0.033
66.48,-11.921,0.029,-1.484,-11.905,0.000,1.488,0.033
66.50,-11.922,0.030,-1.484,-11.905,0.000,1.488,0.034
66.52,-11.922,0.030,-1.484,-11.905,0.000,1.488,0.034
66.54,-11.923,0.030,-1.483,-11.905,0.000,1.488,0.035
66.56,-11.923,0.030,-1.483,-11.905,0.000,1.488,0.035
66.58,-11.923,0.030,-1.483,-11.905,0.000,1.488,0.035
66.61,-11.923,0.030,-1.483,-11.905,0.000,1.488,0.035
66.63,-11.923,0.030,-1.483,-11.905,0.000,1.488,0.035
66.65,-11.924,0.031,-1.483,-11.905,0.000,1.488,0.036
66.67,-11.924,0.031,-1.483,-11.905,0.000,1.488,0.036
66.69,-11.924,0.030,-1.482,-11.905,0.000,1.488,0.036
66.71,-11.924,0.030,-1.482,-11.905,0.000,1.488,0.036
66.73,-11.924,0.030,-1.483,-11.905,0.000,1.488,0.036
66.75,-11.924,0.030,-1.483,-11.905,0.000,1.488,0.036
66.77,-11.924,0.030,-1.483,-11.905,0.000,1.488,0.036
66.79,-11.924,0.030,-1.483,-11.905,0.000,1.488,0.036
66.81,-11.924,0.030,-1.483,-11.905,0.000,1.488,0.035
66.83,-11.924,0.030,-1.483,-11.905,0.000,1.488,0.035
66.86,-11.924,0.029,-1.484,-11.905,0.000,1.488,0.035
66.88,-11.924,0.029,-1.484,-11.905,0.000,1.488,0.035
66.90,-11.924,0.029,-1.484,-11.905,0.000,1.488,0.034
66.92,-11.924,0.029,-1.484,-11.905,0.000,1.488,0.034
66.94,-11.923,0.028,-1.485,-11.905,0.000,1.488,0.033
66.96,-11.923,0.028,-1.485,-11.905,0.000,1.488,0.033
66.98,-11.923,0.027,-1.485,-11.905,0.000,1.488,0.032
67.00,-11.923,0.027,-1.485,-11.905,0.000,1.488,0.032
67.02,-11.923,0.026,-1.486,-11.905,0.000,1.488,0.031
67.04,-11.923,0.026,-1.486,-11.905,0.000,1.488,0.031
67.06,-11.922,0.025,-1.487,-11.905,0.000,1.488,0.030
67.08,-11.922,0.025,-1.487,-11.905,0.000,1.488,0.030
67.11,-11.922,0.025,-1.487,-11.905,0.000,1.488,0.030
67.13,-11.922,0.024,-1.487,-11.905,0.000,1.488,0.029
67.15,-11.922,0.024,-1.487,-11.905,0.000,1.488,0.029
67.17,-11.922,0.023,-1.488,-11.905,0.000,1.488,0.028
67.19,-11.922,0.023,-1.488,-11.905,0.000,1.488,0.028
67.21,-11.921,0.022,-1.488,-11.905,0.000,1.488,0.027
67.23,-11.921,0.022,-1.488,-11.905,0.000,1.488,0.027
67.25,-11.920,0.022,-1.488,-11.905,0.000,1.488,0.026
67.27,-11.920,0.022,-1.488,-11.905,0.000,1.488,0.026
67.29,-11.920,0.021,-1.489,-11.905,0.000,1.488,0.025
67.31,-11.920,0.021,-1.489,-11.905,0.000,1.488,0.025
67.33,-11.919,0.021,-1.489,-11.905,0.000,1.488,0.025
67.35,-11.919,0.021,-1.489,-11.905,0.000,1.488,0.025
67.38,-11.919,0.020,-1.489,-11.905,0.000,1.488,0.024
67.40,-11.919,0.020,-1.489,-11.905,0.000,1.488,0.024
67.42,-11.918,0.020,-1.489,-11.905,0.000,1.488,0.023
67.44,-11.918,0.020,-1.489,-11.905,0.000,1.488,0.023
67.46,-11.918,0.019,-1.489,-11.905,0.000,1.488,0.023
67.48,-11.918,0.019,-1.489,-11.905,0.000,1.488,0.023
67.50,-11.917,0.019,-1.489,-11.905,0.000,1.488,0.022
67.52,-11.917,0.019,-1.489,-11.905,0.000,1.488,0.022
67.54,-11.916,0.019,-1.489,-11.905,0.000,1.488,0.022
67.56,-11.916,0.019,-1.489,-11.905,0.000,1.488,0.022
67.58,-11.916,0.019,-1.489,-11.905,0.000,1.488,0.022
67.60,-11.916,0.020,-1.489,-11.905,0.000,1.488,0.022
67.63,-11.916,0.020,-1.489,-11.905,0.000,1.488,0.022
67.65,-11.915,0.020,-1.489,-11.905,0.000,1.488,0.022
67.67,-11.915,0.020,-1.489,-11.905,0.000,1.488,0.022
67.69,-11.915,0.020,-1.489,-11.905,0.000,1.488,0.022
67.71,-11.915,0.020,-1.489,-11.905,0.000,1.488,0.022
67.73,-11.914,0.021,-1.488,-11.905,0.000,1.488,0.022
67.75,-11.914,0.021,-1.488,-11.905,0.000,1.488,0.022
67.77,-11.914,0.021,-1.488,-11.905,0.000,1.488,0.023
67.79,-11.914,0.021,-1.488,-11.905,0.000,1.488,0.023
67.81,-11.913,0.022,-1.488,-11.905,0.000,1.488,0.023
67.83,-11.913,0.022,-1.488,-11.905,0.000,1.488,0.023
67.85,-11.912,0.022,-1.487,-11.905,0.000,1.488,0.023
67.87,-11.912,0.022,-1.487,-11.905,0.000,1.488,0.023
67.90,-11.911,0.022,-1.487,-11.905,0.000,1.488,0.023
67.92,-11.911,0.022,-1.487,-11.905,0.000,1.488,0.023
67.94,-11.910,0.023,-1.486,-11.905,0.000,1.488,0.023
67.96,-11.910,0.023,-1.486,-11.905,0.000,1.488,0.023
67.98,-11.909,0.023,-1.486,-11.905,0.000,1.488,0.023
68.00,-11.909,0.023,-1.486,-11.905,0.000,1.488,0.023
68.02,-11.908,0.023,-1.485,-11.905,0.000,1.488,0.023
68.04,-11.908,0.023,-1.485,-11.905,0.000,1.488,0.023
68.06,-11.907,0.023,-1.485,-11.905,0.000,1.488,0.022
68.08,-11.907,0.023,-1.485,-11.905,0.000,1.488,0.022
68.10,-11.907,0.023,-1.485,-11.905,0.000,1.488,0.022
68.12,-11.905,0.022,-1.484,-11.905,0.000,1.488,0.022
68.14,-11.905,0.022,-1.484,-11.905,0.000,1.488,0.022
68.17,-11.904,0.022,-1.483,-11.905,0.000,1.488,0.022
68.19,-11.904,0.022,-1.483,-11.905,0.000,1.488,0.022
68.21,-11.903,0.021,-1.483,-11.905,0.000,1.488,0.022
68.23,-11.903,0.021,-1.483,-11.905,0.000,1.488,0.022
68.25,-11.902,0.020,-1.482,-11.905,0.000,1.488,0.021
68.27,-11.902,0.020,-1.482,-11.905,0.000,1.488,0.021
68.29,-11.901,0.020,-1.482,-11.905,0.000,1.488,0.021
68.31,-11.901,0.020,-1.482,-11.905,0.000,1.488,0.021
68.33,-11.900,0.018,-1.481,-11.905,0.000,1.488,0.020
68.35,-11.900,0.018,-1.481,-11.905,0.000,1.488,0.020
68.37,-11.899,0.017,-1.481,-11.905,0.000,1.488,0.019
68.39,-11.899,0.017,-1.481,-11.905,0.000,1.488,0.019
68.42,-11.898,0.016,-1.481,-11.905,0.000,1.488,0.018
68.44,-11.898,0.016,-1.481,-11.905,0.000,1.488,0.018
68.46,-11.897,0.015,-1.480,-11.905,0.000,1.488,0.018
68.48,-11.897,0.015,-1.480,-11.905,0.000,1.488,0.018
68.50,-11.897,0.014,-1.480,-11.905,0.000,1.488,0.017
68.52,-11.897,0.014,-1.480,-11.905,0.000,1.488,0.017
68.54,-11.896,0.012,-1.480,-11.905,0.000,1.488,0.017
68.56,-11.896,0.012,-1.480,-11.905,0.000,1.488,0.017
68.58,-11.896,0.011,-1.480,-11.905,0.000,1.488,0.016
68.60,-11.896,0.011,-1.480,-11.905,0.000,1.488,0.016
68.62,-11.896,0.011,-1.480,-11.905,0.000,1.488,0.016
68.64,-11.896,0.009,-1.479,-11.905,0.000,1.488,0.015
68.67,-11.896,0.009,-1.479,-11.905,0.000,1.488,0.015
68.69,-11.896,0.008,-1.479,-11.905,0.000,1.488,0.015
68.71,-11.896,0.008,-1.479,-11.905,0.000,1.488,0.015
68.73,-11.895,0.007,-1.479,-11.905,0.000,1.488,0.015
68.75,-11.895,0.007,-1.479,-11.905,0.000,1.488,0.015
68.77,-11.895,0.007,-1.479,-11.905,0.000,1.488,0.014
68.79,-11.895,0.007,-1.479,-11.905,0.000,1.488,0.014
68.81,-11.895,0.006,-1.479,-11.905,0.000,1.488,0.014
68.83,-11.895,0.006,-1.479,-11.905,0.000,1.488,0.014
68.85,-11.895,0.005,-1.480,-11.905,0.000,1.488,0.014
68.87,-11.895,0.005,-1.480,-11.905,0.000,1.488,0.014
68.89,-11.894,0.005,-1.480,-11.905,0.000,1.488,0.014
68.92,-11.894,0.005,-1.480,-11.905,0.000,1.488,0.014
68.94,-11.894,0.004,-1.480,-11.905,0.000,1.488,0.015
68.96,-11.894,0.004,-1.480,-11.905,0.000,1.488,0.015
68.98,-11.893,0.004,-1.480,-11.905,0.000,1.488,0.015
69.00,-11.893,0.004,-1.480,-11.905,0.000,1.488,0.015
69.02,-11.893,0.004,-1.480,-11.905,0.000,1.488,0.015
69.04,-11.893,0.004,-1.480,-11.905,0.000,1.488,0.015
69.06,-11.892,0.004,-1.480,-11.905,0.000,1.488,0.015
69.08,-11.892,0.004,-1.480,-11.905,0.000,1.488,0.015
69.10,-11.892,0.004,-1.480,-11.905,0.000,1.488,0.015
69.12,-11.892,0.003,-1.480,-11.905,0.000,1.488,0.016
69.14,-11.892,0.003,-1.480,-11.905,0.000,1.488,0.016
69.17,-11.891,0.003,-1.480,-11.905,0.000,1.488,0.016
69.19,-11.891,0.003,-1.480,-11.905,0.000,1.488,0.016
69.21,-11.891,0.003,-1.480,-11.905,0.000,1.488,0.016
69.23,-11.891,0.003,-1.480,-11.905,0.000,1.488,0.016
69.25,-11.890,0.003,-1.480,-11.905,0.000,1.488,0.017
69.27,-11.890,0.003,-1.480,-11.905,0.000,1.488,0.017
69.29,-11.890,0.002,-1.480,-11.905,0.000,1.488,0.017
69.31,-11.890,0.002,-1.480,-11.905,0.000,1.488,0.017
69.33,-11.890,0.001,-1.480,-11.905,0.000,1.488,0.017
69.35,-11.890,0.001,-1.480,-11.905,0.000,1.488,0.017
69.37,-11.890,0.001,-1.480,-11.905,0.000,1.488,0.017
69.40,-11.890,0.001,-1.480,-11.905,0.000,1.488,0.017
69.42,-11.890,-0.000,-1.480,-11.905,0.000,1.488,0.017
69.44,-11.890,-0.000,-1.480,-11.905,0.000,1.488,0.017
69.46,-11.890,-0.001,-1.480,-11.905,0.000,1.488,0.017
69.48,-11.890,-0.001,-1.480,-11.905,0.000,1.488,0.017
69.50,-11.890,-0.001,-1.480,-11.905,0.000,1.488,0.017
69.52,-11.890,-0.001,-1.480,-11.905,0.000,1.488,0.017
69.54,-11.891,-0.001,-1.480,-11.905,0.000,1.488,0.017
69.56,-11.891,-0.001,-1.480,-11.905,0.000,1.488,0.017
69.58,-11.891,-0.002,-1.480,-11.905,0.000,1.488,0.016
69.60,-11.891,-0.002,-1.480,-11.905,0.000,1.488,0.016
69.62,-11.891,-0.002,-1.480,-11.905,0.000,1.488,0.016
69.64,-11.892,-0.002,-1.481,-11.905,0.000,1.488,0.015
69.67,-11.892,-0.002,-1.481,-11.905,0.000,1.488,0.015
69.69,-11.893,-0.002,-1.481,-11.905,0.000,1.488,0.014
69.71,-11.893,-0.002,-1.481,-11.905,0.000,1.488,0.014
69.73,-11.895,-0.001,-1.481,-11.905,0.000,1.488,0.012
69.75,-11.895,-0.001,-1.481,-11.905,0.000,1.488,0.012
69.77,-11.896,-0.001,-1.482,-11.905,0.000,1.488,0.011
69.79,-11.896,-0.001,-1.482,-11.905,0.000,1.488,0.011
69.81,-11.898,-0.000,-1.482,-11.905,0.000,1.488,0.009
69.83,-11.898,-0.000,-1.482,-11.905,0.000,1.488,0.009
69.85,-11.900,0.001,-1.483,-11.905,0.000,1.488,0.007
69.87,-11.900,0.001,-1.483,-11.905,0.000,1.488,0.007
69.89,-11.902,0.002,-1.483,-11.905,0.000,1.488,0.006
69.91,-11.902,0.002,-1.483,-11.905,0.000,1.488,0.006
69.94,-11.903,0.002,-1.484,-11.905,0.000,1.488,0.005
69.96,-11.903,0.002,-1.484,-11.905,0.000,1.488,0.005
69.98,-11.905,0.003,-1.484,-11.905,0.000,1.488,0.005
70.00,-11.905,0.003,-1.484,-11.905,0.000,1.488,0.005
70.02,-11.907,0.004,-1.484,-11.905,0.000,1.488,0.005
70.04,-11.907,0.004,-1.484,-11.905,0.000,1.488,0.005
70.06,-11.908,0.005,-1.485,-11.905,0.000,1.488,0.006
70.08,-11.908,0.005,-1.485,-11.905,0.000,1.488,0.006
70.10,-11.908,0.005,-1.485,-11.905,0.000,1.488,0.006
70.12,-11.911,0.006,-1.485,-11.905,0.000,1.488,0.008
70.14,-11.911,0.006,-1.485,-11.905,0.000,1.488,0.008
70.16,-11.911,0.007,-1.485,-11.905,0.000,1.488,0.009
70.19,-11.911,0.007,-1.485,-11.905,0.000,1.488,0.009
70.21,-11.913,0.007,-1.486,-11.905,0.000,1.488,0.010
70.23,-11.913,0.007,-1.486,-11.905,0.000,1.488,0.010
70.25,-11.914,0.008,-1.486,-11.905,0.000,1.488,0.012
70.27,-11.914,0.008,-1.486,-11.905,0.000,1.488,0.012
70.29,-11.914,0.009,-1.486,-11.905,0.000,1.488,0.013
70.31,-11.914,0.009,-1.486,-11.905,0.000,1.488,0.013
70.33,-11.915,0.010,-1.486,-11.905,0.000,1.488,0.014
70.35,-11.915,0.010,-1.486,-11.905,0.000,1.488,0.014
70.37,-11.915,0.011,-1.486,-11.905,0.000,1.488,0.015
70.39,-11.915,0.011,-1.486,-11.905,0.000,1.488,0.015
70.41,-11.916,0.012,-1.486,-11.905,0.000,1.488,0.016
70.44,-11.916,0.012,-1.486,-11.905,0.000,1.488,0.016
70.46,-11.916,0.012,-1.486,-11.905,0.000,1.488,0.016
70.48,-11.916,0.012,-1.486,-11.905,0.000,1.488,0.016
70.50,-11.916,0.013,-1.486,-11.905,0.000,1.488,0.016
70.52,-11.916,0.013,-1.486,-11.905,0.000,1.488,0.016
70.54,-11.916,0.013,-1.486,-11.905,0.000,1.488,0.017
70.56,-11.916,0.013,-1.486,-11.905,0.000,1.488,0.017
70.58,-11.916,0.013,-1.486,-11.905,0.000,1.488,0.017
70.60,-11.916,0.013,-1.486,-11.905,0.000,1.488,0.017
70.62,-11.916,0.013,-1.486,-11.905,0.000,1.488,0.017
70.64,-11.916,0.013,-1.486,-11.905,0.000,1.488,0.017
70.66,-11.916,0.013,-1.486,-11.905,0.000,1.488,0.017
70.68,-11.917,0.012,-1.486,-11.905,0.000,1.488,0.017
70.71,-11.917,0.012,-1.486,-11.905,0.000,1.488,0.017
70.73,-11.917,0.012,-1.486,-11.905,0.000,1.488,0.017
70.75,-11.917,0.012,-1.486,-11.905,0.000,1.488,0.017
70.77,-11.918,0.012,-1.485,-11.905,0.000,1.488,0.017
70.79,-11.918,0.012,-1.485,-11.905,0.000,1.488,0.017
70.81,-11.918,0.011,-1.485,-11.905,0.000,1.488,0.018
70.83,-11.918,0.011,-1.485,-11.905,0.000,1.488,0.018
70.85,-11.919,0.011,-1.485,-11.905,0.000,1.488,0.018
70.87,-11.919,0.011,-1.485,-11.905,0.000,1.488,0.018
70.89,-11.920,0.011,-1.485,-11.905,0.000,1.488,0.018
70.91,-11.920,0.011,-1.485,-11.905,0.000,1.488,0.018
70.94,-11.921,0.010,-1.485,-11.905,0.000,1.488,0.019
70.96,-11.921,0.010,-1.485,-11.905,0.000,1.488,0.019
70.98,-11.922,0.009,-1.485,-11.905,0.000,1.488,0.019
71.00,-11.922,0.009,-1.485,-11.905,0.000,1.488,0.019
71.02,-11.922,0.009,-1.485,-11.905,0.000,1.488,0.019
71.04,-11.922,0.009,-1.485,-11.905,0.000,1.488,0.019
71.06,-11.923,0.008,-1.485,-11.905,0.000,1.488,0.020
71.08,-11.923,0.008,-1.485,-11.905,0.000,1.488,0.020
71.10,-11.924,0.007,-1.485,-11.905,0.000,1.488,0.020
71.12,-11.924,0.007,-1.485,-11.905,0.000,1.488,0.020
71.14,-11.924,0.007,-1.485,-11.905,0.000,1.488,0.020
71.16,-11.925,0.006,-1.485,-11.905,0.000,1.488,0.021
71.18,-11.925,0.006,-1.485,-11.905,0.000,1.488,0.021
71.20,-11.925,0.005,-1.486,-11.905,0.000,1.488,0.021
71.23,-11.925,0.005,-1.486,-11.905,0.000,1.488,0.021
71.25,-11.926,0.004,-1.486,-11.905,0.000,1.488,0.021
71.27,-11.926,0.004,-1.486,-11.905,0.000,1.488,0.021
71.29,-11.926,0.003,-1.486,-11.905,0.000,1.488,0.021
71.31,-11.926,0.003,-1.486,-11.905,0.000,1.488,0.021
71.33,-11.927,0.002,-1.487,-11.905,0.000,1.488,0.022
71.35,-11.927,0.002,-1.487,-11.905,0.000,1.488,0.022
71.37,-11.927,0.001,-1.487,-11.905,0.000,1.488,0.022
71.39,-11.927,0.001,-1.487,-11.905,0.000,1.488,0.022
71.41,-11.928,0.000,-1.487,-11.905,0.000,1.488,0.023
71.43,-11.928,0.000,-1.487,-11.905,0.000,1.488,0.023
71.46,-11.928,-0.000,-1.487,-11.905,0.000,1.488,0.023
71.48,-11.928,-0.000,-1.487,-11.905,0.000,1.488,0.023
71.50,-11.929,-0.001,-1.487,-11.905,0.000,1.488,0.024
71.52,-11.929,-0.001,-1.487,-11.905,0.000,1.488,0.024
71.54,-11.930,-0.001,-1.487,-11.905,0.000,1.488,0.025
71.56,-11.930,-0.001,-1.487,-11.905,0.000,1.488,0.025
71.58,-11.930,-0.001,-1.487,-11.905,0.000,1.488,0.025
71.60,-11.930,-0.001,-1.487,-11.905,0.000,1.488,0.025
71.62,-11.930,-0.001,-1.487,-11.905,0.000,1.488,0.025
71.64,-11.931,-0.001,-1.486,-11.905,0.000,1.488,0.026
71.66,-11.931,-0.001,-1.486,-11.905,0.000,1.488,0.026
71.68,-11.931,-0.001,-1.486,-11.905,0.000,1.488,0.026
71.70,-11.931,-0.001,-1.486,-11.905,0.000,1.488,0.026
71.73,-11.931,-0.001,-1.485,-11.905,0.000,1.488,0.026
71.75,-11.931,-0.001,-1.485,-11.905,0.000,1.488,0.026
71.77,-11.931,-0.001,-1.484,-11.905,0.000,1.488,0.026
71.79,-11.931,-0.001,-1.484,-11.905,0.000,1.488,0.026
71.81,-11.930,-0.000,-1.484,-11.905,0.000,1.488,0.025
71.83,-11.930,-0.000,-1.484,-11.905,0.000,1.488,0.025
71.85,-11.930,-0.000,-1.483,-11.905,0.000,1.488,0.025
71.87,-11.930,-0.000,-1.483,-11.905,0.000,1.488,0.025
71.89,-11.929,-0.000,-1.483,-11.905,0.000,1.488,0.025
71.91,-11.929,-0.000,-1.483,-11.905,0.000,1.488,0.025
71.93,-11.929,0.000,-1.482,-11.905,0.000,1.488,0.024
71.95,-11.929,0.000,-1.482,-11.905,0.000,1.488,0.024
71.98,-11.928,0.000,-1.482,-11.905,0.000,1.488,0.024
72.00,-11.928,0.000,-1.482,-11.905,0.000,1.488,0.024
72.02,-11.927,0.000,-1.482,-11.905,0.000,1.488,0.023
72.04,-11.927,0.000,-1.482,-11.905,0.000,1.488,0.023
72.06,-11.926,-0.000,-1.482,-11.905,0.000,1.488,0.022
72.08,-11.926,-0.000,-1.482,-11.905,0.000,1.488,0.022
72.10,-11.925,-0.000,-1.481,-11.905,0.000,1.488,0.021
72.12,-11.925,-0.000,-1.481,-11.905,0.000,1.488,0.021
72.14,-11.925,-0.000,-1.481,-11.905,0.000,1.488,0.021
72.16,-11.924,-0.001,-1.481,-11.905,0.000,1.488,0.020
72.18,-11.924,-0.001,-1.481,-11.905,0.000,1.488,0.020
72.20,-11.923,-0.001,-1.481,-11.905,0.000,1.488,0.019
72.22,-11.923,-0.001,-1.481,-11.905,0.000,1.488,0.019
72.25,-11.922,-0.001,-1.482,-11.905,0.000,1.488,0.018
72.27,-11.922,-0.001,-1.482,-11.905,0.000,1.488,0.018
72.29,-11.920,-0.001,-1.482,-11.905,0.000,1.488,0.017
72.31,-11.920,-0.001,-1.482,-11.905,0.000,1.488,0.017
72.33,-11.919,-0.001,-1.482,-11.905,0.000,1.488,0.016
72.35,-11.919,-0.001,-1.482,-11.905,0.000,1.488,0.016
72.37,-11.918,-0.002,-1.482,-11.905,0.000,1.488,0.015
72.39,-11.918,-0.002,-1.482,-11.905,0.000,1.488,0.015
72.41,-11.918,-0.002,-1.482,-11.905,0.000,1.488,0.014
72.43,-11.918,-0.002,-1.482,-11.905,0.000,1.488,0.014
72.45,-11.917,-0.003,-1.482,-11.905,0.000,1.488,0.013
72.47,-11.917,-0.003,-1.482,-11.905,0.000,1.488,0.013
72.50,-11.916,-0.003,-1.482,-11.905,0.000,1.488,0.013
72.52,-11.916,-0.003,-1.482,-11.905,0.000,1.488,0.013
72.54,-11.915,-0.003,-1.482,-11.905,0.000,1.488,0.012
72.56,-11.915,-0.003,-1.482,-11.905,0.000,1.488,0.012
72.58,-11.914,-0.003,-1.481,-11.905,0.000,1.488,0.012
72.60,-11.914,-0.003,-1.481,-11.905,0.000,1.488,0.012
72.62,-11.914,-0.003,-1.481,-11.905,0.000,1.488,0.012
72.64,-11.912,-0.004,-1.481,-11.905,0.000,1.488,0.011
72.66,-11.912,-0.004,-1.481,-11.905,0.000,1.488,0.011
72.68,-11.911,-0.004,-1.481,-11.905,0.000,1.488,0.010
72.70,-11.911,-0.004,-1.481,-11.905,0.000,1.488,0.010
72.72,-11.910,-0.004,-1.480,-11.905,0.000,1.488,0.010
72.74,-11.910,-0.004,-1.480,-11.905,0.000,1.488,0.010
72.77,-11.909,-0.004,-1.480,-11.905,0.000,1.488,0.009
72.79,-11.909,-0.004,-1.480,-11.905,0.000,1.488,0.009
72.81,-11.907,-0.005,-1.480,-11.905,0.000,1.488,0.009
72.83,-11.907,-0.005,-1.480,-11.905,0.000,1.488,0.009
72.85,-11.906,-0.005,-1.481,-11.905,0.000,1.488,0.009
72.87,-11.906,-0.005,-1.481,-11.905,0.000,1.488,0.009
72.89,-11.905,-0.005,-1.481,-11.905,0.000,1.488,0.009
72.91,-11.905,-0.005,-1.481,-11.905,0.000,1.488,0.009
72.93,-11.903,-0.005,-1.481,-11.905,0.000,1.488,0.009
72.95,-11.903,-0.005,-1.481,-11.905,0.000,1.488,0.009
72.97,-11.902,-0.006,-1.482,-11.905,0.000,1.488,0.009
72.99,-11.902,-0.006,-1.482,-11.905,0.000,1.488,0.009
73.02,-11.902,-0.006,-1.482,-11.905,0.000,1.488,0.009
73.04,-11.902,-0.006,-1.482,-11.905,0.000,1.488,0.009
73.06,-11.901,-0.006,-1.482,-11.905,0.000,1.488,0.010
73.08,-11.901,-0.006,-1.482,-11.905,0.000,1.488,0.010
73.10,-11.901,-0.007,-1.483,-11.905,0.000,1.488,0.010
73.12,-11.901,-0.007,-1.483,-11.905,0.000,1.488,0.010
73.14,-11.901,-0.007,-1.483,-11.905,0.000,1.488,0.010
73.16,-11.900,-0.008,-1.484,-11.905,0.000,1.488,0.010
73.18,-11.900,-0.008,-1.484,-11.905,0.000,1.488,0.010
73.20,-11.900,-0.008,-1.484,-11.905,0.000,1.488,0.011
73.22,-11.900,-0.008,-1.484,-11.905,0.000,1.488,0.011
73.24,-11.900,-0.009,-1.485,-11.905,0.000,1.488,0.011
73.27,-11.900,-0.009,-1.485,-11.905,0.000,1.488,0.011
73.29,-11.900,-0.009,-1.485,-11.905,0.000,1.488,0.011
73.31,-11.900,-0.009,-1.485,-11.905,0.000,1.488,0.011
73.33,-11.900,-0.010,-1.486,-11.905,0.000,1.488,0.012
73.35,-11.900,-0.010,-1.486,-11.905,0.000,1.488,0.012
73.37,-11.900,-0.011,-1.487,-11.905,0.000,1.488,0.012
73.39,-11.900,-0.011,-1.487,-11.905,0.000,1.488,0.012
73.41,-11.901,-0.011,-1.487,-11.905,0.000,1.488,0.012
73.43,-11.901,-0.011,-1.487,-11.905,0.000,1.488,0.012
73.45,-11.901,-0.012,-1.488,-11.905,0.000,1.488,0.013
73.47,-11.901,-0.012,-1.488,-11.905,0.000,1.488,0.013
73.49,-11.902,-0.012,-1.489,-11.905,0.000,1.488,0.013
73.52,-11.902,-0.012,-1.489,-11.905,0.000,1.488,0.013
73.54,-11.902,-0.013,-1.490,-11.905,0.000,1.488,0.014
73.56,-11.902,-0.013,-1.490,-11.905,0.000,1.488,0.014
73.58,-11.902,-0.014,-1.491,-11.905,0.000,1.488,0.015
73.60,-11.902,-0.014,-1.491,-11.905,0.000,1.488,0.015
73.62,-11.902,-0.014,-1.491,-11.905,0.000,1.488,0.015
73.64,-11.902,-0.014,-1.491,-11.905,0.000,1.488,0.015
73.66,-11.902,-0.014,-1.491,-11.905,0.000,1.488,0.015
73.68,-11.902,-0.015,-1.493,-11.905,0.000,1.488,0.017
73.70,-11.902,-0.015,-1.493,-11.905,0.000,1.488,0.017
73.72,-11.902,-0.016,-1.493,-11.905,0.000,1.488,0.017
73.74,-11.902,-0.016,-1.493,-11.905,0.000,1.488,0.017
73.76,-11.902,-0.016,-1.494,-11.905,0.000,1.488,0.018
73.79,-11.902,-0.016,-1.494,-11.905,0.000,1.488,0.018
73.81,-11.901,-0.016,-1.494,-11.905,0.000,1.488,0.018
73.83,-11.901,-0.016,-1.494,-11.905,0.000,1.488,0.018
73.85,-11.901,-0.017,-1.495,-11.905,0.000,1.488,0.019
73.87,-11.901,-0.017,-1.495,-11.905,0.000,1.488,0.019
73.89,-11.900,-0.017,-1.496,-11.905,0.000,1.488,0.020
73.91,-11.900,-0.017,-1.496,-11.905,0.000,1.488,0.020
73.93,-11.899,-0.017,-1.496,-11.905,0.000,1.488,0.020
73.95,-11.899,-0.017,-1.496,-11.905,0.000,1.488,0.020
73.97,-11.898,-0.017,-1.496,-11.905,0.000,1.488,0.021
73.99,-11.898,-0.017,-1.496,-11.905,0.000,1.488,0.021
74.01,-11.898,-0.017,-1.497,-11.905,0.000,1.488,0.021
74.03,-11.898,-0.017,-1.497,-11.905,0.000,1.488,0.021
74.06,-11.897,-0.017,-1.497,-11.905,0.000,1.488,0.021
74.08,-11.897,-0.017,-1.497,-11.905,0.000,1.488,0.021
74.10,-11.896,-0.016,-1.497,-11.905,0.000,1.488,0.021
74.12,-11.896,-0.016,-1.497,-11.905,0.000,1.488,0.021
74.14,-11.896,-0.016,-1.497,-11.905,0.000,1.488,0.021
74.16,-11.895,-0.016,-1.497,-11.905,0.000,1.488,0.021
74.18,-11.895,-0.016,-1.497,-11.905,0.000,1.488,0.021
74.20,-11.895,-0.015,-1.497,-11.905,0.000,1.488,0.020
74.22,-11.895,-0.015,-1.497,-11.905,0.000,1.488,0.020
74.24,-11.894,-0.014,-1.496,-11.905,0.000,1.488,0.020
74.26,-11.894,-0.014,-1.496,-11.905,0.000,1.488,0.020
74.29,-11.894,-0.013,-1.496,-11.905,0.000,1.488,0.019
74.31,-11.894,-0.013,-1.496,-11.905,0.000,1.488,0.019
74.33,-11.894,-0.012,-1.496,-11.905,0.000,1.488,0.018
74.35,-11.894,-0.012,-1.496,-11.905,0.000,1.488,0.018
74.37,-11.894,-0.011,-1.496,-11.905,0.000,1.488,0.018
74.39,-11.894,-0.011,-1.496,-11.905,0.000,1.488,0.018
74.41,-11.894,-0.009,-1.495,-11.905,0.000,1.488,0.017
74.43,-11.894,-0.009,-1.495,-11.905,0.000,1.488,0.017
74.45,-11.894,-0.008,-1.495,-11.905,0.000,1.488,0.015
74.47,-11.894,-0.008,-1.495,-11.905,0.000,1.488,0.015
74.49,-11.894,-0.006,-1.495,-11.905,0.000,1.488,0.015
74.51,-11.894,-0.006,-1.495,-11.905,0.000,1.488,0.015
74.54,-11.894,-0.004,-1.495,-11.905,0.000,1.488,0.014
74.56,-11.894,-0.004,-1.495,-11.905,0.000,1.488,0.014
74.58,-11.894,-0.003,-1.495,-11.905,0.000,1.488,0.013
74.60,-11.894,-0.003,-1.495,-11.905,0.000,1.488,0.013
74.62,-11.894,-0.001,-1.496,-11.905,0.000,1.488,0.013
74.64,-11.894,-0.001,-1.496,-11.905,0.000,1.488,0.013
74.66,-11.894,-0.001,-1.496,-11.905,0.000,1.488,0.013
74.68,-11.894,0.001,-1.496,-11.905,0.000,1.488,0.014
74.70,-11.894,0.001,-1.496,-11.905,0.000,1.488,0.014
74.72,-11.893,0.003,-1.496,-11.905,0.000,1.488,0.014
74.74,-11.893,0.003,-1.496,-11.905,0.000,1.488,0.014
74.76,-11.893,0.004,-1.496,-11.905,0.000,1.488,0.015
74.79,-11.893,0.004,-1.496,-11.905,0.000,1.488,0.015
74.81,-11.892,0.004,-1.496,-11.905,0.000,1.488,0.016
74.83,-11.892,0.004,-1.496,-11.905,0.000,1.488,0.016
74.85,-11.892,0.005,-1.496,-11.905,0.000,1.488,0.016
74.87,-11.892,0.005,-1.496,-11.905,0.000,1.488,0.016
74.89,-11.891,0.005,-1.496,-11.905,0.000,1.488,0.017
74.91,-11.891,0.005,-1.496,-11.905,0.000,1.488,0.017
74.93,-11.890,0.006,-1.496,-11.905,0.000,1.488,0.018
74.95,-11.890,0.006,-1.496,-11.905,0.000,1.488,0.018
74.97,-11.888,0.006,-1.496,-11.905,0.000,1.488,0.019
74.99,-11.888,0.006,-1.496,-11.905,0.000,1.488,0.019
75.02,-11.887,0.006,-1.495,-11.905,0.000,1.488,0.020
75.04,-11.887,0.006,-1.495,-11.905,0.000,1.488,0.020
75.06,-11.886,0.006,-1.495,-11.905,0.000,1.488,0.021
75.08,-11.886,0.006,-1.495,-11.905,0.000,1.488,0.021
75.10,-11.884,0.006,-1.495,-11.905,0.000,1.488,0.022
75.12,-11.884,0.006,-1.495,-11.905,0.000,1.488,0.022
75.14,-11.884,0.006,-1.495,-11.905,0.000,1.488,0.022
75.16,-11.882,0.006,-1.494,-11.905,0.000,1.488,0.025
75.18,-11.882,0.006,-1.494,-11.905,0.000,1.488,0.025
75.20,-11.881,0.005,-1.494,-11.905,0.000,1.488,0.026
75.22,-11.881,0.005,-1.494,-11.905,0.000,1.488,0.026
75.25,-11.879,0.005,-1.493,-11.905,0.000,1.488,0.027
75.27,-11.879,0.005,-1.493,-11.905,0.000,1.488,0.027
75.29,-11.878,0.005,-1.493,-11.905,0.000,1.488,0.028
75.31,-11.878,0.005,-1.493,-11.905,0.000,1.488,0.028
75.33,-11.877,0.005,-1.493,-11.905,0.000,1.488,0.029
75.35,-11.877,0.005,-1.493,-11.905,0.000,1.488,0.029
75.37,-11.876,0.004,-1.493,-11.905,0.000,1.488,0.029
75.39,-11.876,0.004,-1.493,-11.905,0.000,1.488,0.029
75.41,-11.876,0.003,-1.492,-11.905,0.000,1.488,0.030
75.43,-11.876,0.003,-1.492,-11.905,0.000,1.488,0.030
75.45,-11.875,0.003,-1.492,-11.905,0.000,1.488,0.031
75.47,-11.875,0.003,-1.492,-11.905,0.000,1.488,0.031
75.50,-11.874,0.002,-1.492,-11.905,0.000,1.488,0.031
75.52,-11.874,0.002,-1.492,-11.905,0.000,1.488,0.031
75.54,-11.873,0.001,-1.492,-11.905,0.000,1.488,0.032
75.56,-11.873,0.001,-1.492,-11.905,0.000,1.488,0.032
75.58,-11.873,0.000,-1.491,-11.905,0.000,1.488,0.033
75.60,-11.873,0.000,-1.491,-11.905,0.000,1.488,0.033
75.62,-11.871,-0.001,-1.491,-11.905,0.000,1.488,0.034
75.64,-11.871,-0.001,-1.491,-11.905,0.000,1.488,0.034
75.66,-11.871,-0.001,-1.491,-11.905,0.000,1.488,0.034
75.68,-11.870,-0.001,-1.490,-11.905,0.000,1.488,0.035
75.70,-11.870,-0.001,-1.490,-11.905,0.000,1.488,0.035
75.72,-11.869,-0.002,-1.490,-11.905,0.000,1.488,0.036
75.74,-11.869,-0.002,-1.490,-11.905,0.000,1.488,0.036
75.77,-11.868,-0.002,-1.489,-11.905,0.000,1.488,0.037
75.79,-11.868,-0.002,-1.489,-11.905,0.000,1.488,0.037
75.81,-11.867,-0.003,-1.489,-11.905,0.000,1.488,0.038
75.83,-11.867,-0.003,-1.489,-11.905,0.000,1.488,0.038
75.85,-11.865,-0.003,-1.489,-11.905,0.000,1.488,0.040
75.87,-11.865,-0.003,-1.489,-11.905,0.000,1.488,0.040
75.89,-11.864,-0.004,-1.488,-11.905,0.000,1.488,0.041
75.91,-11.864,-0.004,-1.488,-11.905,0.000,1.488,0.041
75.93,-11.863,-0.004,-1.488,-11.905,0.000,1.488,0.043
75.95,-11.863,-0.004,-1.488,-11.905,0.000,1.488,0.043
75.97,-11.862,-0.005,-1.488,-11.905,0.000,1.488,0.044
76.00,-11.862,-0.005,-1.488,-11.905,0.000,1.488,0.044
76.02,-11.861,-0.005,-1.489,-11.905,0.000,1.488,0.045
76.04,-11.861,-0.005,-1.489,-11.905,0.000,1.488,0.045
76.06,-11.860,-0.004,-1.489,-11.905,0.000,1.488,0.045
76.08,-11.860,-0.004,-1.489,-11.905,0.000,1.488,0.045
76.10,-11.860,-0.004,-1.489,-11.905,0.000,1.488,0.046
76.12,-11.860,-0.004,-1.489,-11.905,0.000,1.488,0.046
76.14,-11.859,-0.004,-1.490,-11.905,0.000,1.488,0.046
76.16,-11.859,-0.004,-1.490,-11.905,0.000,1.488,0.046
76.18,-11.859,-0.004,-1.490,-11.905,0.000,1.488,0.046
76.20,-11.859,-0.003,-1.491,-11.905,0.000,1.488,0.046
76.23,-11.859,-0.003,-1.491,-11.905,0.000,1.488,0.046
76.25,-11.859,-0.002,-1.491,-11.905,0.000,1.488,0.046
76.27,-11.859,-0.002,-1.491,-11.905,0.000,1.488,0.046
76.29,-11.859,-0.001,-1.492,-11.905,0.000,1.488,0.046
76.31,-11.859,-0.001,-1.492,-11.905,0.000,1.488,0.046
76.33,-11.860,0.000,-1.492,-11.905,0.000,1.488,0.046
76.35,-11.860,0.000,-1.492,-11.905,0.000,1.488,0.046
76.37,-11.860,0.001,-1.493,-11.905,0.000,1.488,0.045
76.39,-11.860,0.001,-1.493,-11.905,0.000,1.488,0.045
76.41,-11.861,0.002,-1.493,-11.905,0.000,1.488,0.044
76.43,-11.861,0.002,-1.493,-11.905,0.000,1.488,0.044
76.45,-11.862,0.003,-1.493,-11.905,0.000,1.488,0.043
76.48,-11.862,0.003,-1.493,-11.905,0.000,1.488,0.043
76.50,-11.863,0.004,-1.493,-11.905,0.000,1.488,0.042
76.52,-11.863,0.004,-1.493,-11.905,0.000,1.488,0.042
76.54,-11.864,0.005,-1.494,-11.905,0.000,1.488,0.041
76.56,-11.864,0.005,-1.494,-11.905,0.000,1.488,0.041
76.58,-11.866,0.006,-1.494,-11.905,0.000,1.488,0.040
76.60,-11.866,0.006,-1.494,-11.905,0.000,1.488,0.040
76.62,-11.867,0.007,-1.494,-11.905,0.000,1.488,0.039
76.64,-11.867,0.007,-1.494,-11.905,0.000,1.488,0.039
76.66,-11.867,0.007,-1.494,-11.905,0.000,1.488,0.039
76.68,-11.869,0.009,-1.495,-11.905,0.000,1.488,0.038
76.70,-11.869,0.009,-1.495,-11.905,0.000,1.488,0.038
76.72,-11.871,0.010,-1.495,-11.905,0.000,1.488,0.036
76.75,-11.871,0.010,-1.495,-11.905,0.000,1.488,0.036
76.77,-11.872,0.011,-1.495,-11.905,0.000,1.488,0.035
76.79,-11.872,0.011,-1.495,-11.905,0.000,1.488,0.035
76.81,-11.873,0.011,-1.495,-11.905,0.000,1.488,0.035
76.83,-11.873,0.011,-1.495,-11.905,0.000,1.488,0.035
76.85,-11.875,0.012,-1.496,-11.905,0.000,1.488,0.034
76.87,-11.875,0.012,-1.496,-11.905,0.000,1.488,0.034
76.89,-11.876,0.013,-1.496,-11.905,0.000,1.488,0.033
76.91,-11.876,0.013,-1.496,-11.905,0.000,1.488,0.033
76.93,-11.877,0.014,-1.496,-11.905,0.000,1.488,0.032
76.95,-11.877,0.014,-1.496,-11.905,0.000,1.488,0.032
76.97,-11.878,0.015,-1.496,-11.905,0.000,1.488,0.032
76.99,-11.878,0.015,-1.496,-11.905,0.000,1.488,0.032
77.02,-11.879,0.016,-1.496,-11.905,0.000,1.488,0.032
77.04,-11.879,0.016,-1.496,-11.905,0.000,1.488,0.032
77.06,-11.879,0.016,-1.497,-11.905,0.000,1.488,0.031
77.08,-11.879,0.016,-1.497,-11.905,0.000,1.488,0.031
77.10,-11.880,0.018,-1.497,-11.905,0.000,1.488,0.031
77.12,-11.880,0.018,-1.497,-11.905,0.000,1.488,0.031
77.14,-11.881,0.019,-1.497,-11.905,0.000,1.488,0.032
77.16,-11.881,0.019,-1.497,-11.905,0.000,1.488,0.032
77.18,-11.881,0.019,-1.497,-11.905,0.000,1.488,0.032
77.20,-11.882,0.020,-1.497,-11.905,0.000,1.488,0.032
77.22,-11.882,0.020,-1.497,-11.905,0.000,1.488,0.032
77.25,-11.884,0.022,-1.497,-11.905,0.000,1.488,0.032
77.27,-11.884,0.022,-1.497,-11.905,0.000,1.488,0.032
77.29,-11.885,0.023,-1.498,-11.905,0.000,1.488,0.032
77.31,-11.885,0.023,-1.498,-11.905,0.000,1.488,0.032
77.33,-11.886,0.024,-1.498,-11.905,0.000,1.488,0.032
77.35,-11.886,0.024,-1.498,-11.905,0.000,1.488,0.032
77.37,-11.887,0.026,-1.498,-11.905,0.000,1.488,0.033
77.39,-11.887,0.026,-1.498,-11.905,0.000,1.488,0.033
77.41,-11.888,0.027,-1.498,-11.905,0.000,1.488,0.033
77.43,-11.888,0.027,-1.498,-11.905,0.000,1.488,0.033
77.45,-11.890,0.028,-1.499,-11.905,0.000,1.488,0.033
77.47,-11.890,0.028,-1.499,-11.905,0.000,1.488,0.033
77.50,-11.891,0.029,-1.499,-11.905,0.000,1.488,0.034
77.52,-11.891,0.029,-1.499,-11.905,0.000,1.488,0.034
77.54,-11.892,0.029,-1.499,-11.905,0.000,1.488,0.034
77.56,-11.892,0.029,-1.499,-11.905,0.000,1.488,0.034
77.58,-11.894,0.030,-1.499,-11.905,0.000,1.488,0.034
77.60,-11.894,0.030,-1.499,-11.905,0.000,1.488,0.034
77.62,-11.895,0.031,-1.500,-11.905,0.000,1.488,0.034
77.64,-11.895,0.031,-1.500,-11.905,0.000,1.488,0.034
77.66,-11.895,0.031,-1.500,-11.905,0.000,1.488,0.034
77.68,-11.897,0.031,-1.500,-11.905,0.000,1.488,0.034
77.70,-11.897,0.031,-1.500,-11.905,0.000,1.488,0.034
77.72,-11.898,0.031,-1.500,-11.905,0.000,1.488,0.034
77.74,-11.898,0.031,-1.500,-11.905,0.000,1.488,0.034
77.77,-11.900,0.031,-1.500,-11.905,0.000,1.488,0.034
77.79,-11.900,0.031,-1.500,-11.905,0.000,1.488,0.034
77.81,-11.902,0.031,-1.500,-11.905,0.000,1.488,0.033
77.83,-11.902,0.031,-1.500,-11.905,0.000,1.488,0.033
77.85,-11.903,0.030,-1.500,-11.905,0.000,1.488,0.032
77.87,-11.903,0.030,-1.500,-11.905,0.000,1.488,0.032
77.89,-11.904,0.030,-1.499,-11.905,0.000,1.488,0.031
77.91,-11.904,0.030,-1.499,-11.905,0.000,1.488,0.031
77.93,-11.906,0.029,-1.499,-11.905,0.000,1.488,0.030
77.95,-11.906,0.029,-1.499,-11.905,0.000,1.488,0.030
77.97,-11.907,0.027,-1.499,-11.905,0.000,1.488,0.029
77.99,-11.907,0.027,-1.499,-11.905,0.000,1.488,0.029
78.01,-11.909,0.026,-1.498,-11.905,0.000,1.488,0.028
78.04,-11.909,0.026,-1.498,-11.905,0.000,1.488,0.028
78.06,-11.910,0.025,-1.498,-11.905,0.000,1.488,0.027
78.08,-11.910,0.025,-1.498,-11.905,0.000,1.488,0.027
78.10,-11.911,0.024,-1.498,-11.905,0.000,1.488,0.026
78.12,-11.911,0.024,-1.498,-11.905,0.000,1.488,0.026
78.14,-11.912,0.023,-1.497,-11.905,0.000,1.488,0.026
78.16,-11.912,0.023,-1.497,-11.905,0.000,1.488,0.026
78.18,-11.912,0.023,-1.497,-11.905,0.000,1.488,0.026
78.20,-11.913,0.022,-1.497,-11.905,0.000,1.488,0.025
78.22,-11.913,0.022,-1.497,-11.905,0.000,1.488,0.025
78.24,-11.914,0.021,-1.497,-11.905,0.000,1.488,0.024
78.26,-11.914,0.021,-1.497,-11.905,0.000,1.488,0.024
78.29,-11.914,0.021,-1.496,-11.905,0.000,1.488,0.024
78.31,-11.914,0.021,-1.496,-11.905,0.000,1.488,0.024
78.33,-11.915,0.020,-1.496,-11.905,0.000,1.488,0.023
78.35,-11.915,0.020,-1.496,-11.905,0.000,1.488,0.023
78.37,-11.916,0.019,-1.496,-11.905,0.000,1.488,0.023
78.39,-11.916,0.019,-1.496,-11.905,0.000,1.488,0.023
78.41,-11.916,0.019,-1.496,-11.905,0.000,1.488,0.023
78.43,-11.916,0.019,-1.496,-11.905,0.000,1.488,0.023
78.45,-11.916,0.018,-1.496,-11.905,0.000,1.488,0.022
78.47,-11.916,0.018,-1.496,-11.905,0.000,1.488,0.022
78.49,-11.917,0.018,-1.496,-11.905,0.000,1.488,0.022
78.51,-11.917,0.018,-1.496,-11.905,0.000,1.488,0.022
78.54,-11.917,0.017,-1.496,-11.905,0.000,1.488,0.022
78.56,-11.917,0.017,-1.496,-11.905,0.000,1.488,0.022
78.58,-11.918,0.017,-1.495,-11.905,0.000,1.488,0.022
78.60,-11.918,0.017,-1.495,-11.905,0.000,1.488,0.022
78.62,-11.918,0.016,-1.495,-11.905,0.000,1.488,0.022
78.64,-11.918,0.016,-1.495,-11.905,0.000,1.488,0.022
78.66,-11.919,0.016,-1.494,-11.905,0.000,1.488,0.022
78.68,-11.919,0.016,-1.494,-11.905,0.000,1.488,0.022
78.70,-11.919,0.016,-1.494,-11.905,0.000,1.488,0.022
78.72,-11.920,0.016,-1.494,-11.905,0.000,1.488,0.022
78.74,-11.920,0.016,-1.494,-11.905,0.000,1.488,0.022
78.76,-11.920,0.015,-1.493,-11.905,0.000,1.488,0.022
78.78,-11.920,0.015,-1.493,-11.905,0.000,1.488,0.022
78.81,-11.920,0.015,-1.493,-11.905,0.000,1.488,0.022
78.83,-11.920,0.015,-1.493,-11.905,0.000,1.488,0.022
78.85,-11.921,0.015,-1.492,-11.905,0.000,1.488,0.022
78.87,-11.921,0.015,-1.492,-11.905,0.000,1.488,0.022
78.89,-11.921,0.015,-1.492,-11.905,0.000,1.488,0.022
78.91,-11.921,0.015,-1.492,-11.905,0.000,1.488,0.022
78.93,-11.922,0.015,-1.491,-11.905,0.000,1.488,0.023
78.95,-11.922,0.015,-1.491,-11.905,0.000,1.488,0.023
78.97,-11.923,0.015,-1.491,-11.905,0.000,1.488,0.023
78.99,-11.923,0.015,-1.491,-11.905,0.000,1.488,0.023
79.01,-11.923,0.014,-1.490,-11.905,0.000,1.488,0.023
79.03,-11.923,0.014,-1.490,-11.905,0.000,1.488,0.023
79.06,-11.924,0.014,-1.490,-11.905,0.000,1.488,0.023
79.08,-11.924,0.014,-1.490,-11.905,0.000,1.488,0.023
79.10,-11.925,0.013,-1.490,-11.905,0.000,1.488,0.024
79.12,-11.925,0.013,-1.490,-11.905,0.000,1.488,0.024
79.14,-11.926,0.013,-1.489,-11.905,0.000,1.488,0.024
79.16,-11.926,0.013,-1.489,-11.905,0.000,1.488,0.024
79.18,-11.926,0.013,-1.489,-11.905,0.000,1.488,0.024
79.20,-11.927,0.012,-1.489,-11.905,0.000,1.488,0.025
79.22,-11.927,0.012,-1.489,-11.905,0.000,1.488,0.025
79.24,-11.928,0.012,-1.489,-11.905,0.000,1.488,0.026
79.26,-11.928,0.012,-1.489,-11.905,0.000,1.488,0.026
79.28,-11.929,0.011,-1.488,-11.905,0.000,1.488,0.026
79.31,-11.929,0.011,-1.488,-11.905,0.000,1.488,0.026
79.33,-11.930,0.010,-1.488,-11.905,0.000,1.488,0.027
79.35,-11.930,0.010,-1.488,-11.905,0.000,1.488,0.027
79.37,-11.931,0.010,-1.487,-11.905,0.000,1.488,0.027
79.39,-11.931,0.010,-1.487,-11.905,0.000,1.488,0.027
79.41,-11.932,0.009,-1.487,-11.905,0.000,1.488,0.028
79.43,-11.932,0.009,-1.487,-11.905,0.000,1.488,0.028
79.45,-11.933,0.008,-1.487,-11.905,0.000,1.488,0.029
79.47,-11.933,0.008,-1.487,-11.905,0.000,1.488,0.029
79.49,-11.933,0.007,-1.486,-11.905,0.000,1.488,0.029
79.51,-11.933,0.007,-1.486,-11.905,0.000,1.488,0.029
79.53,-11.934,0.007,-1.486,-11.905,0.000,1.488,0.030
79.56,-11.934,0.007,-1.486,-11.905,0.000,1.488,0.030
79.58,-11.934,0.006,-1.486,-11.905,0.000,1.488,0.030
79.60,-11.934,0.006,-1.486,-11.905,0.000,1.488,0.030
79.62,-11.935,0.005,-1.487,-11.905,0.000,1.488,0.030
79.64,-11.935,0.005,-1.487,-11.905,0.000,1.488,0.030
79.66,-11.935,0.005,-1.487,-11.905,0.000,1.488,0.030
79.68,-11.935,0.005,-1.487,-11.905,0.000,1.488,0.030
79.70,-11.935,0.005,-1.487,-11.905,0.000,1.488,0.030
79.72,-11.935,0.004,-1.488,-11.905,0.000,1.488,0.030
79.74,-11.935,0.004,-1.488,-11.905,0.000,1.488,0.030
79.76,-11.935,0.004,-1.488,-11.905,0.000,1.488,0.030
79.78,-11.935,0.004,-1.488,-11.905,0.000,1.488,0.030
79.80,-11.934,0.003,-1.488,-11.905,0.000,1.488,0.029
79.83,-11.934,0.003,-1.488,-11.905,0.000,1.488,0.029
79.85,-11.934,0.003,-1.488,-11.905,0.000,1.488,0.029
79.87,-11.934,0.003,-1.488,-11.905,0.000,1.488,0.029
79.89,-11.934,0.002,-1.488,-11.905,0.000,1.488,0.029
79.91,-11.934,0.002,-1.488,-11.905,0.000,1.488,0.029
79.93,-11.934,0.002,-1.488,-11.905,0.000,1.488,0.029
79.95,-11.934,0.002,-1.488,-11.905,0.000,1.488,0.029
79.97,-11.934,0.001,-1.488,-11.905,0.000,1.488,0.029
79.99,-11.934,0.001,-1.488,-11.905,0.000,1.488,0.029
80.01,-11.934,0.000,-1.487,-11.905,0.000,1.488,0.028
80.03,-11.934,0.000,-1.487,-11.905,0.000,1.488,0.028
80.05,-11.933,-0.000,-1.487,-11.905,0.000,1.488,0.028
80.08,-11.933,-0.000,-1.487,-11.905,0.000,1.488,0.028
80.10,-11.933,-0.001,-1.487,-11.905,0.000,1.488,0.028
80.12,-11.933,-0.001,-1.487,-11.905,0.000,1.488,0.028
80.14,-11.933,-0.002,-1.486,-11.905,0.000,1.488,0.028
80.16,-11.933,-0.002,-1.486,-11.905,0.000,1.488,0.028
80.18,-11.933,-0.002,-1.486,-11.905,0.000,1.488,0.028
80.20,-11.932,-0.003,-1.486,-11.905,0.000,1.488,0.027
80.22,-11.932,-0.003,-1.486,-11.905,0.000,1.488,0.027
80.24,-11.932,-0.004,-1.485,-11.905,0.000,1.488,0.027
80.26,-11.932,-0.004,-1.485,-11.905,0.000,1.488,0.027
80.28,-11.931,-0.005,-1.485,-11.905,0.000,1.488,0.027
80.30,-11.931,-0.005,-1.485,-11.905,0.000,1.488,0.027
80.33,-11.931,-0.005,-1.484,-11.905,0.000,1.488,0.026
80.35,-11.931,-0.005,-1.484,-11.905,0.000,1.488,0.026
80.37,-11.930,-0.006,-1.484,-11.905,0.000,1.488,0.026
80.39,-11.930,-0.006,-1.484,-11.905,0.000,1.488,0.026
80.41,-11.929,-0.007,-1.484,-11.905,0.000,1.488,0.026
80.43,-11.929,-0.007,-1.484,-11.905,0.000,1.488,0.026
80.45,-11.929,-0.008,-1.483,-11.905,0.000,1.488,0.025
80.47,-11.929,-0.008,-1.483,-11.905,0.000,1.488,0.025
80.49,-11.928,-0.008,-1.483,-11.905,0.000,1.488,0.025
80.51,-11.928,-0.008,-1.483,-11.905,0.000,1.488,0.025
80.53,-11.927,-0.009,-1.483,-11.905,0.000,1.488,0.024
80.56,-11.927,-0.009,-1.483,-11.905,0.000,1.488,0.024
80.58,-11.926,-0.009,-1.482,-11.905,0.000,1.488,0.023
80.60,-11.926,-0.009,-1.482,-11.905,0.000,1.488,0.023
80.62,-11.925,-0.010,-1.482,-11.905,0.000,1.488,0.023
80.64,-11.925,-0.010,-1.482,-11.905,0.000,1.488,0.023
80.66,-11.924,-0.010,-1.482,-11.905,0.000,1.488,0.022
80.68,-11.924,-0.010,-1.482,-11.905,0.000,1.488,0.022
80.70,-11.924,-0.010,-1.482,-11.905,0.000,1.488,0.022
80.72,-11.923,-0.011,-1.483,-11.905,0.000,1.488,0.021
80.74,-11.923,-0.011,-1.483,-11.905,0.000,1.488,0.021
80.76,-11.922,-0.011,-1.483,-11.905,0.000,1.488,0.021
80.78,-11.922,-0.011,-1.483,-11.905,0.000,1.488,0.021
80.80,-11.922,-0.011,-1.483,-11.905,0.000,1.488,0.020
80.82,-11.922,-0.011,-1.483,-11.905,0.000,1.488,0.020
80.85,-11.921,-0.010,-1.484,-11.905,0.000,1.488,0.019
80.87,-11.921,-0.010,-1.484,-11.905,0.000,1.488,0.019
80.89,-11.920,-0.010,-1.485,-11.905,0.000,1.488,0.018
80.91,-11.920,-0.010,-1.485,-11.905,0.000,1.488,0.018
80.93,-11.919,-0.010,-1.485,-11.905,0.000,1.488,0.017
80.95,-11.919,-0.010,-1.485,-11.905,0.000,1.488,0.017
80.97,-11.917,-0.009,-1.486,-11.905,0.000,1.488,0.016
80.99,-11.917,-0.009,-1.486,-11.905,0.000,1.488,0.016
81.01,-11.916,-0.009,-1.486,-11.905,0.000,1.488,0.015
81.03,-11.916,-0.009,-1.486,-11.905,0.000,1.488,0.015
81.05,-11.915,-0.009,-1.487,-11.905,0.000,1.488,0.014
81.08,-11.915,-0.009,-1.487,-11.905,0.000,1.488,0.014
81.10,-11.914,-0.008,-1.487,-11.905,0.000,1.488,0.013
81.12,-11.914,-0.008,-1.487,-11.905,0.000,1.488,0.013
81.14,-11.914,-0.008,-1.487,-11.905,0.000,1.488,0.012
81.16,-11.914,-0.008,-1.487,-11.905,0.000,1.488,0.012
81.18,-11.913,-0.007,-1.487,-11.905,0.000,1.488,0.011
81.20,-11.913,-0.007,-1.487,-11.905,0.000,1.488,0.011
81.22,-11.913,-0.007,-1.487,-11.905,0.000,1.488,0.011
81.24,-11.912,-0.006,-1.487,-11.905,0.000,1.488,0.010
81.26,-11.912,-0.006,-1.487,-11.905,0.000,1.488,0.010
81.28,-11.912,-0.005,-1.487,-11.905,0.000,1.488,0.009
81.30,-11.912,-0.005,-1.487,-11.905,0.000,1.488,0.009
81.33,-11.911,-0.005,-1.486,-11.905,0.000,1.488,0.008
81.35,-11.911,-0.005,-1.486,-11.905,0.000,1.488,0.008
81.37,-11.911,-0.004,-1.486,-11.905,0.000,1.488,0.008
81.39,-11.911,-0.004,-1.486,-11.905,0.000,1.488,0.008
81.41,-11.911,-0.004,-1.485,-11.905,0.000,1.488,0.007
81.43,-11.911,-0.004,-1.485,-11.905,0.000,1.488,0.007
81.45,-11.911,-0.003,-1.484,-11.905,0.000,1.488,0.007
81.47,-11.911,-0.003,-1.484,-11.905,0.000,1.488,0.007
81.49,-11.911,-0.002,-1.484,-11.905,0.000,1.488,0.008
81.51,-11.911,-0.002,-1.484,-11.905,0.000,1.488,0.008
81.54,-11.911,-0.002,-1.483,-11.905,0.000,1.488,0.008
81.56,-11.911,-0.002,-1.483,-11.905,0.000,1.488,0.008
81.58,-11.912,-0.001,-1.482,-11.905,0.000,1.488,0.009
81.60,-11.912,-0.001,-1.482,-11.905,0.000,1.488,0.009
81.62,-11.912,-0.001,-1.481,-11.905,0.000,1.488,0.010
81.64,-11.912,-0.001,-1.481,-11.905,0.000,1.488,0.010
81.66,-11.913,-0.000,-1.480,-11.905,0.000,1.488,0.011
81.68,-11.913,-0.000,-1.480,-11.905,0.000,1.488,0.011
81.70,-11.913,-0.000,-1.480,-11.905,0.000,1.488,0.011
81.72,-11.914,0.000,-1.479,-11.905,0.000,1.488,0.013
81.74,-11.914,0.000,-1.479,-11.905,0.000,1.488,0.013
81.76,-11.915,0.001,-1.478,-11.905,0.000,1.488,0.013
81.78,-11.915,0.001,-1.478,-11.905,0.000,1.488,0.013
81.81,-11.915,0.001,-1.478,-11.905,0.000,1.488,0.014
81.83,-11.915,0.001,-1.478,-11.905,0.000,1.488,0.014
81.85,-11.916,0.001,-1.478,-11.905,0.000,1.488,0.015
81.87,-11.916,0.001,-1.478,-11.905,0.000,1.488,0.015
81.89,-11.916,0.001,-1.478,-11.905,0.000,1.488,0.015
81.91,-11.916,0.001,-1.478,-11.905,0.000,1.488,0.015
81.93,-11.916,0.001,-1.478,-11.905,0.000,1.488,0.015
81.95,-11.916,0.001,-1.478,-11.905,0.000,1.488,0.015
81.97,-11.915,0.001,-1.478,-11.905,0.000,1.488,0.014
81.99,-11.915,0.001,-1.478,-11.905,0.000,1.488,0.014
82.01,-11.914,0.001,-1.478,-11.905,0.000,1.488,0.014
82.03,-11.914,0.001,-1.478,-11.905,0.000,1.488,0.014
82.06,-11.914,0.001,-1.478,-11.905,0.000,1.488,0.013
82.08,-11.914,0.001,-1.478,-11.905,0.000,1.488,0.013
82.10,-11.913,0.001,-1.479,-11.905,0.000,1.488,0.012
82.12,-11.913,0.001,-1.479,-11.905,0.000,1.488,0.012
82.14,-11.912,0.001,-1.479,-11.905,0.000,1.488,0.011
82.16,-11.912,0.001,-1.479,-11.905,0.000,1.488,0.011
82.18,-11.911,0.000,-1.480,-11.905,0.000,1.488,0.010
82.20,-11.911,0.000,-1.480,-11.905,0.000,1.488,0.010
82.22,-11.911,0.000,-1.480,-11.905,0.000,1.488,0.010
82.24,-11.911,-0.001,-1.481,-11.905,0.000,1.488,0.009
82.26,-11.911,-0.001,-1.481,-11.905,0.000,1.488,0.009
82.28,-11.910,-0.001,-1.482,-11.905,0.000,1.488,0.008
82.31,-11.910,-0.001,-1.482,-11.905,0.000,1.488,0.008
82.33,-11.910,-0.002,-1.482,-11.905,0.000,1.488,0.008
82.35,-11.910,-0.002,-1.482,-11.905,0.000,1.488,0.008
82.37,-11.910,-0.002,-1.483,-11.905,0.000,1.488,0.007
82.39,-11.910,-0.002,-1.483,-11.905,0.000,1.488,0.007
82.41,-11.910,-0.003,-1.484,-11.905,0.000,1.488,0.007
82.43,-11.910,-0.003,-1.484,-11.905,0.000,1.488,0.007
82.45,-11.910,-0.003,-1.484,-11.905,0.000,1.488,0.007
82.47,-11.910,-0.003,-1.484,-11.905,0.000,1.488,0.007
82.49,-11.910,-0.004,-1.485,-11.905,0.000,1.488,0.007
82.51,-11.910,-0.004,-1.485,-11.905,0.000,1.488,0.007
82.53,-11.910,-0.004,-1.485,-11.905,0.000,1.488,0.007
82.55,-11.910,-0.004,-1.485,-11.905,0.000,1.488,0.007
82.58,-11.910,-0.005,-1.485,-11.905,0.000,1.488,0.008
82.60,-11.910,-0.005,-1.485,-11.905,0.000,1.488,0.008
82.62,-11.910,-0.005,-1.485,-11.905,0.000,1.488,0.008
82.64,-11.910,-0.005,-1.485,-11.905,0.000,1.488,0.008
82.66,-11.910,-0.006,-1.485,-11.905,0.000,1.488,0.008
82.68,-11.910,-0.006,-1.485,-11.905,0.000,1.488,0.008
82.70,-11.910,-0.006,-1.485,-11.905,0.000,1.488,0.008
82.72,-11.909,-0.007,-1.485,-11.905,0.000,1.488,0.009
82.74,-11.909,-0.007,-1.485,-11.905,0.000,1.488,0.009
82.76,-11.909,-0.007,-1.485,-11.905,0.000,1.488,0.009
82.78,-11.909,-0.007,-1.485,-11.905,0.000,1.488,0.009
82.80,-11.908,-0.008,-1.484,-11.905,0.000,1.488,0.009
82.83,-11.908,-0.008,-1.484,-11.905,0.000,1.488,0.009
82.85,-11.908,-0.008,-1.484,-11.905,0.000,1.488,0.009
82.87,-11.908,-0.008,-1.484,-11.905,0.000,1.488,0.009
82.89,-11.907,-0.008,-1.484,-11.905,0.000,1.488,0.009
82.91,-11.907,-0.008,-1.484,-11.905,0.000,1.488,0.009
82.93,-11.907,-0.008,-1.484,-11.905,0.000,1.488,0.009
82.95,-11.907,-0.008,-1.484,-11.905,0.000,1.488,0.009
82.97,-11.906,-0.008,-1.484,-11.905,0.000,1.488,0.009
82.99,-11.906,-0.008,-1.484,-11.905,0.000,1.488,0.009
83.01,-11.905,-0.008,-1.484,-11.905,0.000,1.488,0.010
83.03,-11.905,-0.008,-1.484,-11.905,0.000,1.488,0.010
83.05,-11.905,-0.008,-1.484,-11.905,0.000,1.488,0.010
83.07,-11.905,-0.008,-1.484,-11.905,0.000,1.488,0.010
83.10,-11.904,-0.008,-1.483,-11.905,0.000,1.488,0.010
83.12,-11.904,-0.008,-1.483,-11.905,0.000,1.488,0.010
83.14,-11.903,-0.008,-1.483,-11.905,0.000,1.488,0.010
83.16,-11.903,-0.008,-1.483,-11.905,0.000,1.488,0.010
83.18,-11.902,-0.008,-1.483,-11.905,0.000,1.488,0.010
83.20,-11.902,-0.008,-1.483,-11.905,0.000,1.488,0.010
83.22,-11.902,-0.008,-1.483,-11.905,0.000,1.488,0.010
83.24,-11.901,-0.009,-1.483,-11.905,0.000,1.488,0.012
83.26,-11.901,-0.009,-1.483,-11.905,0.000,1.488,0.012
83.28,-11.900,-0.009,-1.482,-11.905,0.000,1.488,0.012
83.30,-11.900,-0.009,-1.482,-11.905,0.000,1.488,0.012
83.32,-11.899,-0.010,-1.482,-11.905,0.000,1.488,0.013
83.34,-11.899,-0.010,-1.482,-11.905,0.000,1.488,0.013
83.37,-11.898,-0.010,-1.481,-11.905,0.000,1.488,0.014
83.39,-11.898,-0.010,-1.481,-11.905,0.000,1.488,0.014
83.41,-11.898,-0.011,-1.481,-11.905,0.000,1.488,0.015
83.43,-11.898,-0.011,-1.481,-11.905,0.000,1.488,0.015
83.45,-11.897,-0.012,-1.481,-11.905,0.000,1.488,0.016
83.47,-11.897,-0.012,-1.481,-11.905,0.000,1.488,0.016
83.49,-11.896,-0.012,-1.480,-11.905,0.000,1.488,0.017
83.51,-11.896,-0.012,-1.480,-11.905,0.000,1.488,0.017
83.53,-11.896,-0.014,-1.480,-11.905,0.000,1.488,0.018
83.55,-11.896,-0.014,-1.480,-11.905,0.000,1.488,0.018
83.58,-11.896,-0.014,-1.480,-11.905,0.000,1.488,0.019
83.60,-11.896,-0.014,-1.480,-11.905,0.000,1.488,0.019
83.62,-11.895,-0.015,-1.480,-11.905,0.000,1.488,0.020
83.64,-11.895,-0.015,-1.480,-11.905,0.000,1.488,0.020
83.66,-11.895,-0.016,-1.479,-11.905,0.000,1.488,0.021
83.68,-11.895,-0.016,-1.479,-11.905,0.000,1.488,0.021
83.70,-11.895,-0.016,-1.479,-11.905,0.000,1.488,0.021
83.72,-11.895,-0.016,-1.479,-11.905,0.000,1.488,0.021
83.74,-11.895,-0.016,-1.479,-11.905,0.000,1.488,0.021
83.76,-11.894,-0.017,-1.479,-11.905,0.000,1.488,0.022
83.78,-11.894,-0.017,-1.479,-11.905,0.000,1.488,0.022
83.80,-11.894,-0.017,-1.479,-11.905,0.000,1.488,0.022
83.83,-11.894,-0.017,-1.479,-11.905,0.000,1.488,0.022
83.85,-11.894,-0.017,-1.479,-11.905,0.000,1.488,0.022
83.87,-11.894,-0.017,-1.479,-11.905,0.000,1.488,0.022
83.89,-11.894,-0.017,-1.479,-11.905,0.000,1.488,0.022
83.91,-11.894,-0.017,-1.479,-11.905,0.000,1.488,0.022
83.93,-11.894,-0.017,-1.479,-11.905,0.000,1.488,0.022
83.95,-11.894,-0.017,-1.479,-11.905,0.000,1.488,0.022
83.97,-11.894,-0.017,-1.479,-11.905,0.000,1.488,0.022
83.99,-11.894,-0.017,-1.479,-11.905,0.000,1.488,0.022
84.01,-11.894,-0.017,-1.479,-11.905,0.000,1.488,0.022
84.03,-11.894,-0.017,-1.479,-11.905,0.000,1.488,0.022
84.05,-11.895,-0.017,-1.479,-11.905,0.000,1.488,0.022
84.08,-11.895,-0.017,-1.479,-11.905,0.000,1.488,0.022
84.10,-11.895,-0.016,-1.479,-11.905,0.000,1.488,0.022
84.12,-11.895,-0.016,-1.479,-11.905,0.000,1.488,0.022
84.14,-11.894,-0.016,-1.479,-11.905,0.000,1.488,0.022
84.16,-11.894,-0.016,-1.479,-11.905,0.000,1.488,0.022
84.18,-11.894,-0.016,-1.479,-11.905,0.000,1.488,0.022
84.20,-11.894,-0.016,-1.479,-11.905,0.000,1.488,0.022
84.22,-11.894,-0.016,-1.479,-11.905,0.000,1.488,0.022
84.24,-11.893,-0.016,-1.479,-11.905,0.000,1.488,0.022
84.26,-11.893,-0.016,-1.479,-11.905,0.000,1.488,0.022
84.28,-11.893,-0.016,-1.480,-11.905,0.000,1.488,0.022
84.30,-11.893,-0.016,-1.480,-11.905,0.000,1.488,0.022
84.33,-11.892,-0.015,-1.480,-11.905,0.000,1.488,0.022
84.35,-11.892,-0.015,-1.480,-11.905,0.000,1.488,0.022
84.37,-11.892,-0.015,-1.480,-11.905,0.000,1.488,0.022
84.39,-11.892,-0.015,-1.480,-11.905,0.000,1.488,0.022
84.41,-11.891,-0.015,-1.481,-11.905,0.000,1.488,0.022
84.43,-11.891,-0.015,-1.481,-11.905,0.000,1.488,0.022
84.45,-11.890,-0.014,-1.481,-11.905,0.000,1.488,0.022
84.47,-11.890,-0.014,-1.481,-11.905,0.000,1.488,0.022
84.49,-11.889,-0.014,-1.481,-11.905,0.000,1.488,0.023
84.51,-11.889,-0.014,-1.481,-11.905,0.000,1.488,0.023
84.53,-11.888,-0.013,-1.482,-11.905,0.000,1.488,0.023
84.55,-11.888,-0.013,-1.482,-11.905,0.000,1.488,0.023
84.58,-11.887,-0.013,-1.482,-11.905,0.000,1.488,0.024
84.60,-11.887,-0.013,-1.482,-11.905,0.000,1.488,0.024
84.62,-11.886,-0.013,-1.482,-11.905,0.000,1.488,0.024
84.64,-11.886,-0.013,-1.482,-11.905,0.000,1.488,0.024
84.66,-11.885,-0.012,-1.483,-11.905,0.000,1.488,0.024
84.68,-11.885,-0.012,-1.483,-11.905,0.000,1.488,0.024
84.70,-11.885,-0.012,-1.483,-11.905,0.000,1.488,0.024
84.72,-11.885,-0.012,-1.483,-11.905,0.000,1.488,0.024
84.74,-11.885,-0.012,-1.483,-11.905,0.000,1.488,0.024
84.76,-11.884,-0.012,-1.484,-11.905,0.000,1.488,0.024
84.78,-11.884,-0.012,-1.484,-11.905,0.000,1.488,0.024
84.80,-11.884,-0.011,-1.485,-11.905,0.000,1.488,0.024
84.83,-11.884,-0.011,-1.485,-11.905,0.000,1.488,0.024
84.85,-11.885,-0.011,-1.485,-11.905,0.000,1.488,0.024
84.87,-11.885,-0.011,-1.485,-11.905,0.000,1.488,0.024
84.89,-11.885,-0.011,-1.486,-11.905,0.000,1.488,0.023
84.91,-11.885,-0.011,-1.486,-11.905,0.000,1.488,0.023
84.93,-11.886,-0.011,-1.487,-11.905,0.000,1.488,0.022
84.95,-11.886,-0.011,-1.487,-11.905,0.000,1.488,0.022
84.97,-11.886,-0.011,-1.488,-11.905,0.000,1.488,0.022
84.99,-11.886,-0.011,-1.488,-11.905,0.000,1.488,0.022
85.01,-11.887,-0.011,-1.489,-11.905,0.000,1.488,0.021
85.03,-11.887,-0.011,-1.489,-11.905,0.000,1.488,0.021
85.05,-11.888,-0.011,-1.490,-11.905,0.000,1.488,0.021
85.08,-11.888,-0.011,-1.490,-11.905,0.000,1.488,0.021
85.10,-11.888,-0.011,-1.491,-11.905,0.000,1.488,0.020
85.12,-11.888,-0.011,-1.491,-11.905,0.000,1.488,0.020
85.14,-11.889,-0.011,-1.491,-11.905,0.000,1.488,0.020
85.16,-11.889,-0.011,-1.491,-11.905,0.000,1.488,0.020
85.18,-11.890,-0.011,-1.492,-11.905,0.000,1.488,0.019
85.20,-11.890,-0.011,-1.492,-11.905,0.000,1.488,0.019
85.22,-11.890,-0.011,-1.492,-11.905,0.000,1.488,0.019
85.24,-11.892,-0.010,-1.493,-11.905,0.000,1.488,0.018
85.26,-11.892,-0.010,-1.493,-11.905,0.000,1.488,0.018
85.28,-11.892,-0.010,-1.494,-11.905,0.000,1.488,0.018
85.30,-11.892,-0.010,-1.494,-11.905,0.000,1.488,0.018
85.33,-11.894,-0.010,-1.495,-11.905,0.000,1.488,0.017
85.35,-11.894,-0.010,-1.495,-11.905,0.000,1.488,0.017
85.37,-11.895,-0.010,-1.495,-11.905,0.000,1.488,0.016
85.39,-11.895,-0.010,-1.495,-11.905,0.000,1.488,0.016
85.41,-11.896,-0.010,-1.496,-11.905,0.000,1.488,0.016
85.43,-11.896,-0.010,-1.496,-11.905,0.000,1.488,0.016
85.45,-11.897,-0.009,-1.496,-11.905,0.000,1.488,0.015
85.47,-11.897,-0.009,-1.496,-11.905,0.000,1.488,0.015
85.49,-11.899,-0.009,-1.497,-11.905,0.000,1.488,0.014
85.51,-11.899,-0.009,-1.497,-11.905,0.000,1.488,0.014
85.53,-11.900,-0.008,-1.497,-11.905,0.000,1.488,0.014
85.55,-11.900,-0.008,-1.497,-11.905,0.000,1.488,0.014
85.58,-11.901,-0.008,-1.498,-11.905,0.000,1.488,0.013
85.60,-11.901,-0.008,-1.498,-11.905,0.000,1.488,0.013
85.62,-11.902,-0.007,-1.498,-11.905,0.000,1.488,0.013
85.64,-11.902,-0.007,-1.498,-11.905,0.000,1.488,0.013
85.66,-11.903,-0.006,-1.498,-11.905,0.000,1.488,0.013
85.68,-11.903,-0.006,-1.498,-11.905,0.000,1.488,0.013
85.70,-11.904,-0.005,-1.499,-11.905,0.000,1.488,0.012
85.72,-11.904,-0.005,-1.499,-11.905,0.000,1.488,0.012
85.74,-11.904,-0.005,-1.499,-11.905,0.000,1.488,0.012
85.76,-11.906,-0.005,-1.499,-11.905,0.000,1.488,0.013
85.78,-11.906,-0.005,-1.499,-11.905,0.000,1.488,0.013
85.81,-11.908,-0.004,-1.500,-11.905,0.000,1.488,0.013
85.83,-11.908,-0.004,-1.500,-11.905,0.000,1.488,0.013
85.85,-11.909,-0.004,-1.500,-11.905,0.000,1.488,0.013
85.87,-11.909,-0.004,-1.500,-11.905,0.000,1.488,0.013
85.89,-11.910,-0.004,-1.500,-11.905,0.000,1.488,0.013
85.91,-11.910,-0.004,-1.500,-11.905,0.000,1.488,0.013
85.93,-11.911,-0.004,-1.500,-11.905,0.000,1.488,0.014
85.95,-11.911,-0.004,-1.500,-11.905,0.000,1.488,0.014
85.97,-11.913,-0.004,-1.499,-11.905,0.000,1.488,0.015
85.99,-11.913,-0.004,-1.499,-11.905,0.000,1.488,0.015
86.01,-11.914,-0.004,-1.499,-11.905,0.000,1.488,0.015
86.04,-11.914,-0.004,-1.499,-11.905,0.000,1.488,0.015
86.06,-11.915,-0.004,-1.499,-11.905,0.000,1.488,0.016
86.08,-11.915,-0.004,-1.499,-11.905,0.000,1.488,0.016
86.10,-11.916,-0.005,-1.499,-11.905,0.000,1.488,0.017
86.12,-11.916,-0.005,-1.499,-11.905,0.000,1.488,0.017
86.14,-11.917,-0.005,-1.499,-11.905,0.000,1.488,0.017
86.16,-11.917,-0.005,-1.499,-11.905,0.000,1.488,0.017
86.18,-11.918,-0.005,-1.499,-11.905,0.000,1.488,0.018
86.20,-11.918,-0.005,-1.499,-11.905,0.000,1.488,0.018
86.22,-11.919,-0.006,-1.498,-11.905,0.000,1.488,0.019
86.24,-11.919,-0.006,-1.498,-11.905,0.000,1.488,0.019
86.26,-11.919,-0.006,-1.498,-11.905,0.000,1.488,0.019
86.28,-11.920,-0.006,-1.498,-11.905,0.000,1.488,0.019
86.31,-11.920,-0.006,-1.498,-11.905,0.000,1.488,0.019
86.33,-11.921,-0.007,-1.498,-11.905,0.000,1.488,0.020
86.35,-11.921,-0.007,-1.498,-11.905,0.000,1.488,0.020
86.37,-11.921,-0.007,-1.497,-11.905,0.000,1.488,0.020
86.39,-11.921,-0.007,-1.497,-11.905,0.000,1.488,0.020
86.41,-11.921,-0.007,-1.497,-11.905,0.000,1.488,0.020
86.43,-11.921,-0.007,-1.497,-11.905,0.000,1.488,0.020
86.45,-11.921,-0.007,-1.496,-11.905,0.000,1.488,0.020
86.47,-11.921,-0.007,-1.496,-11.905,0.000,1.488,0.020
86.49,-11.922,-0.007,-1.496,-11.905,0.000,1.488,0.020
86.51,-11.922,-0.007,-1.496,-11.905,0.000,1.488,0.020
86.53,-11.922,-0.007,-1.495,-11.905,0.000,1.488,0.020
86.56,-11.922,-0.007,-1.495,-11.905,0.000,1.488,0.020
86.58,-11.922,-0.007,-1.495,-11.905,0.000,1.488,0.020
86.60,-11.922,-0.007,-1.495,-11.905,0.000,1.488,0.020
86.62,-11.923,-0.007,-1.495,-11.905,0.000,1.488,0.020
86.64,-11.923,-0.007,-1.495,-11.905,0.000,1.488,0.020
86.66,-11.923,-0.007,-1.494,-11.905,0.000,1.488,0.020
86.68,-11.923,-0.007,-1.494,-11.905,0.000,1.488,0.020
86.70,-11.923,-0.007,-1.494,-11.905,0.000,1.488,0.020
86.72,-11.923,-0.007,-1.494,-11.905,0.000,1.488,0.020
86.74,-11.923,-0.007,-1.494,-11.905,0.000,1.488,0.020
86.76,-11.923,-0.007,-1.493,-11.905,0.000,1.488,0.020
86.78,-11.923,-0.007,-1.493,-11.905,0.000,1.488,0.020
86.81,-11.923,-0.007,-1.493,-11.905,0.000,1.488,0.020
86.83,-11.923,-0.007,-1.493,-11.905,0.000,1.488,0.020
86.85,-11.923,-0.007,-1.493,-11.905,0.000,1.488,0.020
86.87,-11.923,-0.007,-1.493,-11.905,0.000,1.488,0.020
86.89,-11.923,-0.007,-1.492,-11.905,0.000,1.488,0.020
86.91,-11.923,-0.007,-1.492,-11.905,0.000,1.488,0.020
86.93,-11.924,-0.007,-1.492,-11.905,0.000,1.488,0.020
86.95,-11.924,-0.007,-1.492,-11.905,0.000,1.488,0.020
86.97,-11.924,-0.007,-1.492,-11.905,0.000,1.488,0.021
86.99,-11.924,-0.007,-1.492,-11.905,0.000,1.488,0.021
87.01,-11.924,-0.007,-1.492,-11.905,0.000,1.488,0.021
87.03,-11.924,-0.007,-1.492,-11.905,0.000,1.488,0.021
87.06,-11.924,-0.008,-1.492,-11.905,0.000,1.488,0.021
87.08,-11.924,-0.008,-1.492,-11.905,0.000,1.488,0.021
87.10,-11.923,-0.008,-1.492,-11.905,0.000,1.488,0.021
87.12,-11.923,-0.008,-1.492,-11.905,0.000,1.488,0.021
87.14,-11.923,-0.009,-1.492,-11.905,0.000,1.488,0.020
87.16,-11.923,-0.009,-1.492,-11.905,0.000,1.488,0.020
87.18,-11.922,-0.010,-1.492,-11.905,0.000,1.488,0.020
87.20,-11.922,-0.010,-1.492,-11.905,0.000,1.488,0.020
87.22,-11.921,-0.011,-1.492,-11.905,0.000,1.488,0.020
87.24,-11.921,-0.011,-1.492,-11.905,0.000,1.488,0.020
87.26,-11.921,-0.011,-1.492,-11.905,0.000,1.488,0.020
87.28,-11.920,-0.013,-1.492,-11.905,0.000,1.488,0.021
87.31,-11.920,-0.013,-1.492,-11.905,0.000,1.488,0.021
87.33,-11.920,-0.015,-1.492,-11.905,0.000,1.488,0.021
87.35,-11.920,-0.015,-1.492,-11.905,0.000,1.488,0.021
87.37,-11.919,-0.016,-1.492,-11.905,0.000,1.488,0.022
87.39,-11.919,-0.016,-1.492,-11.905,0.000,1.488,0.022
87.41,-11.918,-0.018,-1.492,-11.905,0.000,1.488,0.023
87.43,-11.918,-0.018,-1.492,-11.905,0.000,1.488,0.023
87.45,-11.918,-0.019,-1.492,-11.905,0.000,1.488,0.024
87.47,-11.918,-0.019,-1.492,-11.905,0.000,1.488,0.024
87.49,-11.917,-0.021,-1.492,-11.905,0.000,1.488,0.025
87.51,-11.917,-0.021,-1.492,-11.905,0.000,1.488,0.025
87.53,-11.917,-0.023,-1.492,-11.905,0.000,1.488,0.026
87.55,-11.917,-0.023,-1.492,-11.905,0.000,1.488,0.026
87.58,-11.916,-0.024,-1.492,-11.905,0.000,1.488,0.027
87.60,-11.916,-0.024,-1.492,-11.905,0.000,1.488,0.027
87.62,-11.916,-0.025,-1.492,-11.905,0.000,1.488,0.028
87.64,-11.916,-0.025,-1.492,-11.905,0.000,1.488,0.028
87.66,-11.916,-0.026,-1.492,-11.905,0.000,1.488,0.029
87.68,-11.916,-0.026,-1.492,-11.905,0.000,1.488,0.029
87.70,-11.915,-0.026,-1.493,-11.905,0.000,1.488,0.029
87.72,-11.915,-0.026,-1.493,-11.905,0.000,1.488,0.029
87.74,-11.915,-0.026,-1.493,-11.905,0.000,1.488,0.029
87.76,-11.915,-0.027,-1.493,-11.905,0.000,1.488,0.030
87.78,-11.915,-0.027,-1.493,-11.905,0.000,1.488,0.030
87.80,-11.916,-0.027,-1.493,-11.905,0.000,1.488,0.030
87.82,-11.916,-0.027,-1.493,-11.905,0.000,1.488,0.030
87.84,-11.916,-0.027,-1.493,-11.905,0.000,1.488,0.030
87.87,-11.916,-0.027,-1.493,-11.905,0.000,1.488,0.030
87.89,-11.916,-0.027,-1.493,-11.905,0.000,1.488,0.030
87.91,-11.916,-0.027,-1.493,-11.905,0.000,1.488,0.030
87.93,-11.916,-0.027,-1.494,-11.905,0.000,1.488,0.030
87.95,-11.916,-0.027,-1.494,-11.905,0.000,1.488,0.030
87.97,-11.916,-0.026,-1.494,-11.905,0.000,1.488,0.030
87.99,-11.916,-0.026,-1.494,-11.905,0.000,1.488,0.030
88.01,-11.917,-0.026,-1.494,-11.905,0.000,1.488,0.030
88.03,-11.917,-0.026,-1.494,-11.905,0.000,1.488,0.030
88.05,-11.917,-0.026,-1.494,-11.905,0.000,1.488,0.029
88.07,-11.917,-0.026,-1.494,-11.905,0.000,1.488,0.029
88.10,-11.917,-0.025,-1.494,-11.905,0.000,1.488,0.029
88.12,-11.917,-0.025,-1.494,-11.905,0.000,1.488,0.029
88.14,-11.917,-0.024,-1.494,-11.905,0.000,1.488,0.028
88.16,-11.917,-0.024,-1.494,-11.905,0.000,1.488,0.028
88.18,-11.917,-0.024,-1.494,-11.905,0.000,1.488,0.028
88.20,-11.917,-0.024,-1.494,-11.905,0.000,1.488,0.028
88.22,-11.917,-0.023,-1.494,-11.905,0.000,1.488,0.027
88.24,-11.917,-0.023,-1.494,-11.905,0.000,1.488,0.027
88.26,-11.917,-0.023,-1.494,-11.905,0.000,1.488,0.027
88.28,-11.916,-0.022,-1.494,-11.905,0.000,1.488,0.025
88.30,-11.916,-0.022,-1.494,-11.905,0.000,1.488,0.025
88.32,-11.915,-0.021,-1.493,-11.905,0.000,1.488,0.024
88.34,-11.915,-0.021,-1.493,-11.905,0.000,1.488,0.024
88.37,-11.915,-0.020,-1.493,-11.905,0.000,1.488,0.023
88.39,-11.915,-0.020,-1.493,-11.905,0.000,1.488,0.023
88.41,-11.914,-0.020,-1.493,-11.905,0.000,1.488,0.022
88.43,-11.914,-0.020,-1.493,-11.905,0.000,1.488,0.022
88.45,-11.913,-0.019,-1.493,-11.905,0.000,1.488,0.021
88.47,-11.913,-0.019,-1.493,-11.905,0.000,1.488,0.021
88.49,-11.912,-0.018,-1.492,-11.905,0.000,1.488,0.020
88.51,-11.912,-0.018,-1.492,-11.905,0.000,1.488,0.020
88.53,-11.911,-0.017,-1.492,-11.905,0.000,1.488,0.018
88.55,-11.911,-0.017,-1.492,-11.905,0.000,1.488,0.018
88.57,-11.909,-0.016,-1.491,-11.905,0.000,1.488,0.017
88.59,-11.909,-0.016,-1.491,-11.905,0.000,1.488,0.017
88.62,-11.908,-0.015,-1.491,-11.905,0.000,1.488,0.016
88.64,-11.908,-0.015,-1.491,-11.905,0.000,1.488,0.016
88.66,-11.907,-0.014,-1.491,-11.905,0.000,1.488,0.015
88.68,-11.907,-0.014,-1.491,-11.905,0.000,1.488,0.015
88.70,-11.906,-0.012,-1.491,-11.905,0.000,1.488,0.013
88.72,-11.906,-0.012,-1.491,-11.905,0.000,1.488,0.013
88.74,-11.904,-0.011,-1.490,-11.905,0.000,1.488,0.011
88.76,-11.904,-0.011,-1.490,-11.905,0.000,1.488,0.011
88.78,-11.904,-0.011,-1.490,-11.905,0.000,1.488,0.011
88.80,-11.903,-0.009,-1.490,-11.905,0.000,1.488,0.010
88.82,-11.903,-0.009,-1.490,-11.905,0.000,1.488,0.010
88.84,-11.901,-0.007,-1.490,-11.905,0.000,1.488,0.009
88.86,-11.901,-0.007,-1.490,-11.905,0.000,1.488,0.009
88.89,-11.900,-0.005,-1.490,-11.905,0.000,1.488,0.008
88.91,-11.900,-0.005,-1.490,-11.905,0.000,1.488,0.008
88.93,-11.899,-0.004,-1.490,-11.905,0.000,1.488,0.008
88.95,-11.899,-0.004,-1.490,-11.905,0.000,1.488,0.008
88.97,-11.898,-0.002,-1.490,-11.905,0.000,1.488,0.008
88.99,-11.898,-0.002,-1.490,-11.905,0.000,1.488,0.008
89.01,-11.897,-0.001,-1.490,-11.905,0.000,1.488,0.008
89.03,-11.897,-0.001,-1.490,-11.905,0.000,1.488,0.008
89.05,-11.896,0.002,-1.489,-11.905,0.000,1.488,0.009
89.07,-11.896,0.002,-1.489,-11.905,0.000,1.488,0.009
89.09,-11.895,0.003,-1.489,-11.905,0.000,1.488,0.011
89.11,-11.895,0.003,-1.489,-11.905,0.000,1.488,0.011
89.14,-11.894,0.005,-1.489,-11.905,0.000,1.488,0.012
89.16,-11.894,0.005,-1.489,-11.905,0.000,1.488,0.012
89.18,-11.894,0.006,-1.488,-11.905,0.000,1.488,0.013
89.20,-11.894,0.006,-1.488,-11.905,0.000,1.488,0.013
89.22,-11.894,0.007,-1.488,-11.905,0.000,1.488,0.013
89.24,-11.894,0.007,-1.488,-11.905,0.000,1.488,0.013
89.26,-11.894,0.007,-1.488,-11.905,0.000,1.488,0.013
89.28,-11.893,0.009,-1.487,-11.905,0.000,1.488,0.015
89.30,-11.893,0.009,-1.487,-11.905,0.000,1.488,0.015
89.32,-11.893,0.009,-1.486,-11.905,0.000,1.488,0.015
89.34,-11.893,0.009,-1.486,-11.905,0.000,1.488,0.015
89.36,-11.893,0.010,-1.486,-11.905,0.000,1.488,0.015
89.39,-11.893,0.010,-1.486,-11.905,0.000,1.488,0.015
89.41,-11.893,0.010,-1.485,-11.905,0.000,1.488,0.016
89.43,-11.893,0.010,-1.485,-11.905,0.000,1.488,0.016
89.45,-11.893,0.009,-1.485,-11.905,0.000,1.488,0.016
89.47,-11.893,0.009,-1.485,-11.905,0.000,1.488,0.016
89.49,-11.892,0.009,-1.484,-11.905,0.000,1.488,0.016
89.51,-11.892,0.009,-1.484,-11.905,0.000,1.488,0.016
89.53,-11.892,0.009,-1.484,-11.905,0.000,1.488,0.016
89.55,-11.892,0.009,-1.484,-11.905,0.000,1.488,0.016
89.57,-11.891,0.008,-1.483,-11.905,0.000,1.488,0.017
89.59,-11.891,0.008,-1.483,-11.905,0.000,1.488,0.017
89.61,-11.891,0.008,-1.483,-11.905,0.000,1.488,0.017
89.64,-11.891,0.008,-1.483,-11.905,0.000,1.488,0.017
89.66,-11.890,0.007,-1.482,-11.905,0.000,1.488,0.018
89.68,-11.890,0.007,-1.482,-11.905,0.000,1.488,0.018
89.70,-11.889,0.007,-1.481,-11.905,0.000,1.488,0.018
89.72,-11.889,0.007,-1.481,-11.905,0.000,1.488,0.018
89.74,-11.888,0.007,-1.481,-11.905,0.000,1.488,0.019
89.76,-11.888,0.007,-1.481,-11.905,0.000,1.488,0.019
89.78,-11.888,0.007,-1.481,-11.905,0.000,1.488,0.019
89.80,-11.887,0.006,-1.479,-11.905,0.000,1.488,0.021
89.82,-11.887,0.006,-1.479,-11.905,0.000,1.488,0.021
89.84,-11.886,0.006,-1.479,-11.905,0.000,1.488,0.022
89.86,-11.886,0.006,-1.479,-11.905,0.000,1.488,0.022
89.88,-11.885,0.006,-1.478,-11.905,0.000,1.488,0.023
89.91,-11.885,0.006,-1.478,-11.905,0.000,1.488,0.023
89.93,-11.884,0.006,-1.477,-11.905,0.000,1.488,0.024
89.95,-11.884,0.006,-1.477,-11.905,0.000,1.488,0.024
89.97,-11.884,0.006,-1.476,-11.905,0.000,1.488,0.025
89.99,-11.884,0.006,-1.476,-11.905,0.000,1.488,0.025
90.01,-11.883,0.006,-1.476,-11.905,0.000,1.488,0.026
90.03,-11.883,0.006,-1.476,-11.905,0.000,1.488,0.026
90.05,-11.882,0.006,-1.475,-11.905,0.000,1.488,0.027
90.07,-11.882,0.006,-1.475,-11.905,0.000,1.488,0.027
90.09,-11.881,0.006,-1.475,-11.905,0.000,1.488,0.028
90.11,-11.881,0.006,-1.475,-11.905,0.000,1.488,0.028
90.14,-11.881,0.006,-1.475,-11.905,0.000,1.488,0.028
90.16,-11.881,0.006,-1.475,-11.905,0.000,1.488,0.028
90.18,-11.881,0.006,-1.475,-11.905,0.000,1.488,0.028
90.20,-11.881,0.006,-1.475,-11.905,0.000,1.488,0.028
90.22,-11.881,0.006,-1.475,-11.905,0.000,1.488,0.028
90.24,-11.881,0.006,-1.475,-11.905,0.000,1.488,0.028
90.26,-11.881,0.006,-1.475,-11.905,0.000,1.488,0.028
90.28,-11.882,0.006,-1.475,-11.905,0.000,1.488,0.027
90.30,-11.882,0.006,-1.475,-11.905,0.000,1.488,0.027
90.32,-11.883,0.007,-1.475,-11.905,0.000,1.488,0.026
90.34,-11.883,0.007,-1.475,-11.905,0.000,1.488,0.026
90.36,-11.884,0.007,-1.475,-11.905,0.000,1.488,0.025
90.38,-11.884,0.007,-1.475,-11.905,0.000,1.488,0.025
90.41,-11.886,0.007,-1.475,-11.905,0.000,1.488,0.024
90.43,-11.886,0.007,-1.475,-11.905,0.000,1.488,0.024
90.45,-11.887,0.008,-1.475,-11.905,0.000,1.488,0.023
90.47,-11.887,0.008,-1.475,-11.905,0.000,1.488,0.023
90.49,-11.889,0.008,-1.476,-11.905,0.000,1.488,0.021
90.51,-11.889,0.008,-1.476,-11.905,0.000,1.488,0.021
90.53,-11.891,0.008,-1.476,-11.905,0.000,1.488,0.020
90.55,-11.891,0.008,-1.476,-11.905,0.000,1.488,0.020
90.57,-11.893,0.009,-1.476,-11.905,0.000,1.488,0.019
90.59,-11.893,0.009,-1.476,-11.905,0.000,1.488,0.019
90.61,-11.894,0.009,-1.477,-11.905,0.000,1.488,0.018
90.63,-11.894,0.009,-1.477,-11.905,0.000,1.488,0.018
90.66,-11.897,0.010,-1.477,-11.905,0.000,1.488,0.017
90.68,-11.897,0.010,-1.477,-11.905,0.000,1.488,0.017
90.70,-11.899,0.010,-1.477,-11.905,0.000,1.488,0.016
90.72,-11.899,0.010,-1.477,-11.905,0.000,1.488,0.016
90.74,-11.901,0.011,-1.477,-11.905,0.000,1.488,0.015
90.76,-11.901,0.011,-1.477,-11.905,0.000,1.488,0.015
90.78,-11.901,0.011,-1.477,-11.905,0.000,1.488,0.015
90.80,-11.904,0.012,-1.478,-11.905,0.000,1.488,0.015
90.82,-11.904,0.012,-1.478,-11.905,0.000,1.488,0.015
90.84,-11.906,0.012,-1.479,-11.905,0.000,1.488,0.015
90.86,-11.906,0.012,-1.479,-11.905,0.000,1.488,0.015
90.88,-11.908,0.012,-1.479,-11.905,0.000,1.488,0.015
90.91,-11.908,0.012,-1.479,-11.905,0.000,1.488,0.015
90.93,-11.910,0.013,-1.480,-11.905,0.000,1.488,0.015
90.95,-11.910,0.013,-1.480,-11.905,0.000,1.488,0.015
90.97,-11.911,0.013,-1.480,-11.905,0.000,1.488,0.016
90.99,-11.911,0.013,-1.480,-11.905,0.000,1.488,0.016
91.01,-11.913,0.014,-1.481,-11.905,0.000,1.488,0.017
91.03,-11.913,0.014,-1.481,-11.905,0.000,1.488,0.017
91.05,-11.914,0.014,-1.481,-11.905,0.000,1.488,0.018
91.07,-11.914,0.014,-1.481,-11.905,0.000,1.488,0.018
91.09,-11.916,0.015,-1.482,-11.905,0.000,1.488,0.019
91.11,-11.916,0.015,-1.482,-11.905,0.000,1.488,0.019
91.14,-11.917,0.015,-1.482,-11.905,0.000,1.488,0.020
91.16,-11.917,0.015,-1.482,-11.905,0.000,1.488,0.020
91.18,-11.918,0.016,-1.483,-11.905,0.000,1.488,0.021
91.20,-11.918,0.016,-1.483,-11.905,0.000,1.488,0.021
91.22,-11.919,0.017,-1.483,-11.905,0.000,1.488,0.022
91.24,-11.919,0.017,-1.483,-11.905,0.000,1.488,0.022
91.26,-11.921,0.017,-1.484,-11.905,0.000,1.488,0.023
91.28,-11.921,0.017,-1.484,-11.905,0.000,1.488,0.023
91.30,-11.921,0.017,-1.484,-11.905,0.000,1.488,0.023
91.32,-11.922,0.018,-1.485,-11.905,0.000,1.488,0.024
91.34,-11.922,0.018,-1.485,-11.905,0.000,1.488,0.024
91.36,-11.923,0.018,-1.486,-11.905,0.000,1.488,0.025
91.38,-11.923,0.018,-1.486,-11.905,0.000,1.488,0.025
91.41,-11.924,0.018,-1.486,-11.905,0.000,1.488,0.026
91.43,-11.924,0.018,-1.486,-11.905,0.000,1.488,0.026
91.45,-11.925,0.018,-1.487,-11.905,0.000,1.488,0.026
91.47,-11.925,0.018,-1.487,-11.905,0.000,1.488,0.026
91.49,-11.925,0.017,-1.488,-11.905,0.000,1.488,0.026
91.51,-11.925,0.017,-1.488,-11.905,0.000,1.488,0.026
91.53,-11.926,0.016,-1.489,-11.905,0.000,1.488,0.026
91.55,-11.926,0.016,-1.489,-11.905,0.000,1.488,0.026
91.57,-11.927,0.015,-1.490,-11.905,0.000,1.488,0.026
91.59,-11.927,0.015,-1.490,-11.905,0.000,1.488,0.026
91.61,-11.927,0.014,-1.491,-11.905,0.000,1.488,0.026
91.63,-11.927,0.014,-1.491,-11.905,0.000,1.488,0.026
91.66,-11.928,0.012,-1.492,-11.905,0.000,1.488,0.026
91.68,-11.928,0.012,-1.492,-11.905,0.000,1.488,0.026
91.70,-11.929,0.010,-1.492,-11.905,0.000,1.488,0.026
91.72,-11.929,0.010,-1.492,-11.905,0.000,1.488,0.026
91.74,-11.929,0.008,-1.493,-11.905,0.000,1.488,0.026
91.76,-11.929,0.008,-1.493,-11.905,0.000,1.488,0.026
91.78,-11.929,0.008,-1.493,-11.905,0.000,1.488,0.026
91.80,-11.930,0.004,-1.495,-11.905,0.000,1.488,0.026
91.82,-11.930,0.004,-1.495,-11.905,0.000,1.488,0.026
91.84,-11.931,0.002,-1.496,-11.905,0.000,1.488,0.027
91.86,-11.931,0.002,-1.496,-11.905,0.000,1.488,0.027
91.88,-11.931,0.001,-1.496,-11.905,0.000,1.488,0.027
91.90,-11.931,0.001,-1.496,-11.905,0.000,1.488,0.027
91.93,-11.931,-0.001,-1.497,-11.905,0.000,1.488,0.028
91.95,-11.931,-0.001,-1.497,-11.905,0.000,1.488,0.028
91.97,-11.932,-0.003,-1.498,-11.905,0.000,1.488,0.029
91.99,-11.932,-0.003,-1.498,-11.905,0.000,1.488,0.029
92.01,-11.932,-0.005,-1.499,-11.905,0.000,1.488,0.030
92.03,-11.932,-0.005,-1.499,-11.905,0.000,1.488,0.030
92.05,-11.932,-0.007,-1.499,-11.905,0.000,1.488,0.030
92.07,-11.932,-0.007,-1.499,-11.905,0.000,1.488,0.030
92.09,-11.932,-0.009,-1.500,-11.905,0.000,1.488,0.031
92.11,-11.932,-0.009,-1.500,-11.905,0.000,1.488,0.031
92.13,-11.932,-0.011,-1.501,-11.905,0.000,1.488,0.032
92.15,-11.932,-0.011,-1.501,-11.905,0.000,1.488,0.032
92.18,-11.932,-0.012,-1.502,-11.905,0.000,1.488,0.033
92.20,-11.932,-0.012,-1.502,-11.905,0.000,1.488,0.033
92.22,-11.932,-0.013,-1.503,-11.905,0.000,1.488,0.034
92.24,-11.932,-0.013,-1.503,-11.905,0.000,1.488,0.034
92.26,-11.932,-0.014,-1.503,-11.905,0.000,1.488,0.034
92.28,-11.932,-0.014,-1.503,-11.905,0.000,1.488,0.034
92.30,-11.932,-0.014,-1.503,-11.905,0.000,1.488,0.034
92.32,-11.931,-0.015,-1.505,-11.905,0.000,1.488,0.035
92.34,-11.931,-0.015,-1.505,-11.905,0.000,1.488,0.035
92.36,-11.931,-0.016,-1.505,-11.905,0.000,1.488,0.035
92.38,-11.931,-0.016,-1.505,-11.905,0.000,1.488,0.035
92.40,-11.930,-0.017,-1.506,-11.905,0.000,1.488,0.035
92.42,-11.930,-0.017,-1.506,-11.905,0.000,1.488,0.035
92.45,-11.929,-0.017,-1.506,-11.905,0.000,1.488,0.035
92.47,-11.929,-0.017,-1.506,-11.905,0.000,1.488,0.035
92.49,-11.928,-0.018,-1.506,-11.905,0.000,1.488,0.035
92.51,-11.928,-0.018,-1.506,-11.905,0.000,1.488,0.035
92.53,-11.927,-0.019,-1.506,-11.905,0.000,1.488,0.034
92.55,-11.927,-0.019,-1.506,-11.905,0.000,1.488,0.034
92.57,-11.926,-0.019,-1.506,-11.905,0.000,1.488,0.034
92.59,-11.926,-0.019,-1.506,-11.905,0.000,1.488,0.034
92.61,-11.924,-0.020,-1.505,-11.905,0.000,1.488,0.033
92.63,-11.924,-0.020,-1.505,-11.905,0.000,1.488,0.033
92.66,-11.923,-0.021,-1.504,-11.905,0.000,1.488,0.032
92.68,-11.923,-0.021,-1.504,-11.905,0.000,1.488,0.032
92.70,-11.921,-0.022,-1.504,-11.905,0.000,1.488,0.032
92.72,-11.921,-0.022,-1.504,-11.905,0.000,1.488,0.032
92.74,-11.919,-0.023,-1.503,-11.905,0.000,1.488,0.031
92.76,-11.919,-0.023,-1.503,-11.905,0.000,1.488,0.031
92.78,-11.919,-0.023,-1.503,-11.905,0.000,1.488,0.031
92.80,-11.915,-0.024,-1.502,-11.905,0.000,1.488,0.030
92.82,-11.915,-0.024,-1.502,-11.905,0.000,1.488,0.030
92.84,-11.914,-0.024,-1.502,-11.905,0.000,1.488,0.030
92.86,-11.914,-0.024,-1.502,-11.905,0.000,1.488,0.030
92.88,-11.911,-0.025,-1.501,-11.905,0.000,1.488,0.029
92.90,-11.911,-0.025,-1.501,-11.905,0.000,1.488,0.029
92.92,-11.909,-0.025,-1.501,-11.905,0.000,1.488,0.029
92.95,-11.909,-0.025,-1.501,-11.905,0.000,1.488,0.029
92.97,-11.907,-0.025,-1.500,-11.905,0.000,1.488,0.028
92.99,-11.907,-0.025,-1.500,-11.905,0.000,1.488,0.028
93.01,-11.905,-0.025,-1.500,-11.905,0.000,1.488,0.028
93.03,-11.905,-0.025,-1.500,-11.905,0.000,1.488,0.028
93.05,-11.902,-0.025,-1.499,-11.905,0.000,1.488,0.028
93.07,-11.902,-0.025,-1.499,-11.905,0.000,1.488,0.028
93.09,-11.900,-0.024,-1.498,-11.905,0.000,1.488,0.027
93.11,-11.900,-0.024,-1.498,-11.905,0.000,1.488,0.027
93.13,-11.897,-0.024,-1.497,-11.905,0.000,1.488,0.027
93.15,-11.897,-0.024,-1.497,-11.905,0.000,1.488,0.027
93.18,-11.895,-0.023,-1.497,-11.905,0.000,1.488,0.027
93.20,-11.895,-0.023,-1.497,-11.905,0.000,1.488,0.027
93.22,-11.893,-0.023,-1.496,-11.905,0.000,1.488,0.027
93.24,-11.893,-0.023,-1.496,-11.905,0.000,1.488,0.027
93.26,-11.891,-0.023,-1.495,-11.905,0.000,1.488,0.028
93.28,-11.891,-0.023,-1.495,-11.905,0.000,1.488,0.028
93.30,-11.891,-0.023,-1.495,-11.905,0.000,1.488,0.028
93.32,-11.888,-0.022,-1.494,-11.905,0.000,1.488,0.029
93.34,-11.888,-0.022,-1.494,-11.905,0.000,1.488,0.029
93.36,-11.886,-0.021,-1.493,-11.905,0.000,1.488,0.029
93.38,-11.886,-0.021,-1.493,-11.905,0.000,1.488,0.029
93.40,-11.885,-0.021,-1.492,-11.905,0.000,1.488,0.030
93.42,-11.885,-0.021,-1.492,-11.905,0.000,1.488,0.030
93.44,-11.883,-0.020,-1.492,-11.905,0.000,1.488,0.030
93.47,-11.883,-0.020,-1.492,-11.905,0.000,1.488,0.030
93.49,-11.882,-0.020,-1.491,-11.905,0.000,1.488,0.031
93.51,-11.882,-0.020,-1.491,-11.905,0.000,1.488,0.031
93.53,-11.880,-0.019,-1.490,-11.905,0.000,1.488,0.032
93.55,-11.880,-0.019,-1.490,-11.905,0.000,1.488,0.032
93.57,-11.879,-0.018,-1.489,-11.905,0.000,1.488,0.032
93.59,-11.879,-0.018,-1.489,-11.905,0.000,1.488,0.032
93.61,-11.877,-0.017,-1.489,-11.905,0.000,1.488,0.033
93.63,-11.877,-0.017,-1.489,-11.905,0.000,1.488,0.033
93.65,-11.876,-0.017,-1.488,-11.905,0.000,1.488,0.034
93.67,-11.876,-0.017,-1.488,-11.905,0.000,1.488,0.034
93.70,-11.875,-0.016,-1.488,-11.905,0.000,1.488,0.034
93.72,-11.875,-0.016,-1.488,-11.905,0.000,1.488,0.034
93.74,-11.874,-0.016,-1.487,-11.905,0.000,1.488,0.035
93.76,-11.874,-0.016,-1.487,-11.905,0.000,1.488,0.035
93.78,-11.874,-0.015,-1.487,-11.905,0.000,1.488,0.035
93.80,-11.874,-0.015,-1.487,-11.905,0.000,1.488,0.035
93.82,-11.874,-0.015,-1.487,-11.905,0.000,1.488,0.035
93.84,-11.873,-0.014,-1.486,-11.905,0.000,1.488,0.035
93.86,-11.873,-0.014,-1.486,-11.905,0.000,1.488,0.035
93.88,-11.873,-0.013,-1.485,-11.905,0.000,1.488,0.035
93.90,-11.873,-0.013,-1.485,-11.905,0.000,1.488,0.035
93.92,-11.872,-0.012,-1.485,-11.905,0.000,1.488,0.035
93.94,-11.872,-0.012,-1.485,-11.905,0.000,1.488,0.035
93.97,-11.872,-0.011,-1.485,-11.905,0.000,1.488,0.035
93.99,-11.872,-0.011,-1.485,-11.905,0.000,1.488,0.035
94.01,-11.871,-0.010,-1.484,-11.905,0.000,1.488,0.035
94.03,-11.871,-0.010,-1.484,-11.905,0.000,1.488,0.035
94.05,-11.871,-0.009,-1.484,-11.905,0.000,1.488,0.035
94.07,-11.871,-0.009,-1.484,-11.905,0.000,1.488,0.035
94.09,-11.871,-0.008,-1.484,-11.905,0.000,1.488,0.035
94.11,-11.871,-0.008,-1.484,-11.905,0.000,1.488,0.035
94.13,-11.872,-0.006,-1.484,-11.905,0.000,1.488,0.034
94.15,-11.872,-0.006,-1.484,-11.905,0.000,1.488,0.034
94.18,-11.872,-0.005,-1.485,-11.905,0.000,1.488,0.034
94.20,-11.872,-0.005,-1.485,-11.905,0.000,1.488,0.034
94.22,-11.873,-0.003,-1.485,-11.905,0.000,1.488,0.033
94.24,-11.873,-0.003,-1.485,-11.905,0.000,1.488,0.033
94.26,-11.873,-0.002,-1.485,-11.905,0.000,1.488,0.032
94.28,-11.873,-0.002,-1.485,-11.905,0.000,1.488,0.032
94.30,-11.873,-0.002,-1.485,-11.905,0.000,1.488,0.032
94.32,-11.875,0.001,-1.486,-11.905,0.000,1.488,0.031
94.34,-11.875,0.001,-1.486,-11.905,0.000,1.488,0.031
94.36,-11.876,0.003,-1.487,-11.905,0.000,1.488,0.030
94.38,-11.876,0.003,-1.487,-11.905,0.000,1.488,0.030
94.40,-11.876,0.005,-1.488,-11.905,0.000,1.488,0.029
94.42,-11.876,0.005,-1.488,-11.905,0.000,1.488,0.029
94.45,-11.878,0.007,-1.489,-11.905,0.000,1.488,0.028
94.47,-11.878,0.007,-1.489,-11.905,0.000,1.488,0.028
94.49,-11.879,0.009,-1.490,-11.905,0.000,1.488,0.027
94.51,-11.879,0.009,-1.490,-11.905,0.000,1.488,0.027
94.53,-11.881,0.011,-1.490,-11.905,0.000,1.488,0.027
94.55,-11.881,0.011,-1.490,-11.905,0.000,1.488,0.027
94.57,-11.882,0.013,-1.491,-11.905,0.000,1.488,0.026
94.59,-11.882,0.013,-1.491,-11.905,0.000,1.488,0.026
94.61,-11.884,0.016,-1.492,-11.905,0.000,1.488,0.026
94.63,-11.884,0.016,-1.492,-11.905,0.000,1.488,0.026
94.65,-11.886,0.018,-1.493,-11.905,0.000,1.488,0.026
94.67,-11.886,0.018,-1.493,-11.905,0.000,1.488,0.026
94.70,-11.887,0.020,-1.493,-11.905,0.000,1.488,0.027
94.72,-11.887,0.020,-1.493,-11.905,0.000,1.488,0.027
94.74,-11.889,0.021,-1.494,-11.905,0.000,1.488,0.027
94.76,-11.889,0.021,-1.494,-11.905,0.000,1.488,0.027
94.78,-11.890,0.023,-1.494,-11.905,0.000,1.488,0.028
94.80,-11.890,0.023,-1.494,-11.905,0.000,1.488,0.028
94.82,-11.890,0.023,-1.494,-11.905,0.000,1.488,0.028
94.84,-11.892,0.025,-1.495,-11.905,0.000,1.488,0.029
94.86,-11.892,0.025,-1.495,-11.905,0.000,1.488,0.029
94.88,-11.893,0.026,-1.495,-11.905,0.000,1.488,0.029
94.90,-11.893,0.026,-1.495,-11.905,0.000,1.488,0.029
94.92,-11.894,0.027,-1.495,-11.905,0.000,1.488,0.030
94.94,-11.894,0.027,-1.495,-11.905,0.000,1.488,0.030
94.97,-11.895,0.028,-1.495,-11.905,0.000,1.488,0.030
94.99,-11.895,0.028,-1.495,-11.905,0.000,1.488,0.030
95.01,-11.896,0.029,-1.495,-11.905,0.000,1.488,0.031
95.03,-11.896,0.029,-1.495,-11.905,0.000,1.488,0.031
95.05,-11.897,0.029,-1.496,-11.905,0.000,1.488,0.031
95.07,-11.897,0.029,-1.496,-11.905,0.000,1.488,0.031
95.09,-11.898,0.030,-1.496,-11.905,0.000,1.488,0.031
95.11,-11.898,0.030,-1.496,-11.905,0.000,1.488,0.031
95.13,-11.899,0.030,-1.496,-11.905,0.000,1.488,0.031
95.15,-11.899,0.030,-1.496,-11.905,0.000,1.488,0.031
95.18,-11.900,0.030,-1.496,-11.905,0.000,1.488,0.032
95.20,-11.900,0.030,-1.496,-11.905,0.000,1.488,0.032
95.22,-11.901,0.031,-1.495,-11.905,0.000,1.488,0.032
95.24,-11.901,0.031,-1.495,-11.905,0.000,1.488,0.032
95.26,-11.902,0.031,-1.495,-11.905,0.000,1.488,0.032
95.28,-11.902,0.031,-1.495,-11.905,0.000,1.488,0.032
95.30,-11.902,0.031,-1.495,-11.905,0.000,1.488,0.032
95.32,-11.904,0.032,-1.494,-11.905,0.000,1.488,0.032
95.34,-11.904,0.032,-1.494,-11.905,0.000,1.488,0.032
95.36,-11.905,0.032,-1.494,-11.905,0.000,1.488,0.032
95.38,-11.905,0.032,-1.494,-11.905,0.000,1.488,0.032
95.40,-11.906,0.032,-1.494,-11.905,0.000,1.488,0.032
95.43,-11.906,0.032,-1.494,-11.905,0.000,1.488,0.032
95.45,-11.908,0.032,-1.493,-11.905,0.000,1.488,0.032
95.47,-11.908,0.032,-1.493,-11.905,0.000,1.488,0.032
95.49,-11.910,0.032,-1.492,-11.905,0.000,1.488,0.032
95.51,-11.910,0.032,-1.492,-11.905,0.000,1.488,0.032
95.53,-11.912,0.031,-1.492,-11.905,0.000,1.488,0.032
95.55,-11.912,0.031,-1.492,-11.905,0.000,1.488,0.032
95.57,-11.914,0.031,-1.491,-11.905,0.000,1.488,0.032
95.59,-11.914,0.031,-1.491,-11.905,0.000,1.488,0.032
95.61,-11.916,0.030,-1.491,-11.905,0.000,1.488,0.032
95.63,-11.916,0.030,-1.491,-11.905,0.000,1.488,0.032
95.65,-11.918,0.030,-1.490,-11.905,0.000,1.488,0.032
95.68,-11.918,0.030,-1.490,-11.905,0.000,1.488,0.032
95.70,-11.920,0.029,-1.489,-11.905,0.000,1.488,0.032
95.72,-11.920,0.029,-1.489,-11.905,0.000,1.488,0.032
95.74,-11.922,0.028,-1.489,-11.905,0.000,1.488,0.032
95.76,-11.922,0.028,-1.489,-11.905,0.000,1.488,0.032
95.78,-11.924,0.027,-1.489,-11.905,0.000,1.488,0.032
95.80,-11.924,0.027,-1.489,-11.905,0.000,1.488,0.032
95.82,-11.924,0.027,-1.489,-11.905,0.000,1.488,0.032
95.84,-11.927,0.025,-1.489,-11.905,0.000,1.488,0.033
95.86,-11.927,0.025,-1.489,-11.905,0.000,1.488,0.033
95.88,-11.930,0.023,-1.488,-11.905,0.000,1.488,0.033
95.90,-11.930,0.023,-1.488,-11.905,0.000,1.488,0.033
95.93,-11.931,0.022,-1.488,-11.905,0.000,1.488,0.034
95.95,-11.931,0.022,-1.488,-11.905,0.000,1.488,0.034
95.97,-11.933,0.021,-1.488,-11.905,0.000,1.488,0.034
95.99,-11.933,0.021,-1.488,-11.905,0.000,1.488,0.034
96.01,-11.934,0.020,-1.488,-11.905,0.000,1.488,0.035
96.03,-11.934,0.020,-1.488,-11.905,0.000,1.488,0.035
96.05,-11.936,0.018,-1.487,-11.905,0.000,1.488,0.036
96.07,-11.936,0.018,-1.487,-11.905,0.000,1.488,0.036
96.09,-11.938,0.016,-1.487,-11.905,0.000,1.488,0.036
96.11,-11.938,0.016,-1.487,-11.905,0.000,1.488,0.036
96.13,-11.939,0.014,-1.486,-11.905,0.000,1.488,0.037
96.15,-11.939,0.014,-1.486,-11.905,0.000,1.488,0.037
96.18,-11.941,0.013,-1.486,-11.905,0.000,1.488,0.038
96.20,-11.941,0.013,-1.486,-11.905,0.000,1.488,0.038
96.22,-11.942,0.011,-1.485,-11.905,0.000,1.488,0.038
96.24,-11.942,0.011,-1.485,-11.905,0.000,1.488,0.038
96.26,-11.943,0.009,-1.485,-11.905,0.000,1.488,0.039
96.28,-11.943,0.009,-1.485,-11.905,0.000,1.488,0.039
96.30,-11.945,0.007,-1.485,-11.905,0.000,1.488,0.040
96.32,-11.945,0.007,-1.485,-11.905,0.000,1.488,0.040
96.34,-11.945,0.007,-1.485,-11.905,0.000,1.488,0.040
96.36,-11.947,0.005,-1.484,-11.905,0.000,1.488,0.042
96.38,-11.947,0.005,-1.484,-11.905,0.000,1.488,0.042
96.40,-11.947,0.004,-1.484,-11.905,0.000,1.488,0.043
96.43,-11.947,0.004,-1.484,-11.905,0.000,1.488,0.043
96.45,-11.948,0.002,-1.483,-11.905,0.000,1.488,0.044
96.47,-11.948,0.002,-1.483,-11.905,0.000,1.488,0.044
96.49,-11.949,0.001,-1.483,-11.905,0.000,1.488,0.044
96.51,-11.949,0.001,-1.483,-11.905,0.000,1.488,0.044
96.53,-11.949,0.000,-1.483,-11.905,0.000,1.488,0.045
96.55,-11.949,0.000,-1.483,-11.905,0.000,1.488,0.045
96.57,-11.950,-0.001,-1.482,-11.905,0.000,1.488,0.045
96.59,-11.950,-0.001,-1.482,-11.905,0.000,1.488,0.045
96.61,-11.950,-0.001,-1.482,-11.905,0.000,1.488,0.045
96.63,-11.950,-0.001,-1.482,-11.905,0.000,1.488,0.045
96.65,-11.949,-0.002,-1.482,-11.905,0.000,1.488,0.045
96.67,-11.949,-0.002,-1.482,-11.905,0.000,1.488,0.045
96.70,-11.949,-0.002,-1.482,-11.905,0.000,1.488,0.045
96.72,-11.949,-0.002,-1.482,-11.905,0.000,1.488,0.045
96.74,-11.949,-0.002,-1.483,-11.905,0.000,1.488,0.044
96.76,-11.949,-0.002,-1.483,-11.905,0.000,1.488,0.044
96.78,-11.949,-0.002,-1.483,-11.905,0.000,1.488,0.044
96.80,-11.949,-0.002,-1.483,-11.905,0.000,1.488,0.044
96.82,-11.949,-0.002,-1.483,-11.905,0.000,1.488,0.044
96.84,-11.949,-0.001,-1.483,-11.905,0.000,1.488,0.044
96.86,-11.949,-0.001,-1.483,-11.905,0.000,1.488,0.044
96.88,-11.948,0.000,-1.483,-11.905,0.000,1.488,0.044
96.90,-11.948,0.000,-1.483,-11.905,0.000,1.488,0.044
96.92,-11.948,0.001,-1.483,-11.905,0.000,1.488,0.044
96.95,-11.948,0.001,-1.483,-11.905,0.000,1.488,0.044
96.97,-11.948,0.001,-1.483,-11.905,0.000,1.488,0.043
96.99,-11.948,0.001,-1.483,-11.905,0.000,1.488,0.043
97.01,-11.948,0.002,-1.483,-11.905,0.000,1.488,0.043
97.03,-11.948,0.002,-1.483,-11.905,0.000,1.488,0.043
97.05,-11.948,0.003,-1.483,-11.905,0.000,1.488,0.043
97.07,-11.948,0.003,-1.483,-11.905,0.000,1.488,0.043
97.09,-11.948,0.004,-1.482,-11.905,0.000,1.488,0.043
97.11,-11.948,0.004,-1.482,-11.905,0.000,1.488,0.043
97.13,-11.948,0.004,-1.482,-11.905,0.000,1.488,0.043
97.15,-11.948,0.004,-1.482,-11.905,0.000,1.488,0.043
97.18,-11.948,0.005,-1.482,-11.905,0.000,1.488,0.043
97.20,-11.948,0.005,-1.482,-11.905,0.000,1.488,0.043
97.22,-11.948,0.005,-1.482,-11.905,0.000,1.488,0.044
97.24,-11.948,0.005,-1.482,-11.905,0.000,1.488,0.044
97.26,-11.948,0.004,-1.481,-11.905,0.000,1.488,0.044
97.28,-11.948,0.004,-1.481,-11.905,0.000,1.488,0.044
97.30,-11.949,0.004,-1.481,-11.905,0.000,1.488,0.044
97.32,-11.949,0.004,-1.481,-11.905,0.000,1.488,0.044
97.34,-11.949,0.004,-1.481,-11.905,0.000,1.488,0.044
97.36,-11.949,0.002,-1.481,-11.905,0.000,1.488,0.044
97.38,-11.949,0.002,-1.481,-11.905,0.000,1.488,0.044
97.40,-11.949,0.001,-1.480,-11.905,0.000,1.488,0.044
97.42,-11.949,0.001,-1.480,-11.905,0.000,1.488,0.044
97.45,-11.949,-0.000,-1.480,-11.905,0.000,1.488,0.044
97.47,-11.949,-0.000,-1.480,-11.905,0.000,1.488,0.044
97.49,-11.949,-0.002,-1.480,-11.905,0.000,1.488,0.044
97.51,-11.949,-0.002,-1.480,-11.905,0.000,1.488,0.044
97.53,-11.948,-0.003,-1.480,-11.905,0.000,1.488,0.044
97.55,-11.948,-0.003,-1.480,-11.905,0.000,1.488,0.044
97.57,-11.948,-0.005,-1.480,-11.905,0.000,1.488,0.044
97.59,-11.948,-0.005,-1.480,-11.905,0.000,1.488,0.044
97.61,-11.947,-0.007,-1.480,-11.905,0.000,1.488,0.043
97.63,-11.947,-0.007,-1.480,-11.905,0.000,1.488,0.043
97.65,-11.946,-0.009,-1.481,-11.905,0.000,1.488,0.042
97.68,-11.946,-0.009,-1.481,-11.905,0.000,1.488,0.042
97.70,-11.945,-0.011,-1.481,-11.905,0.000,1.488,0.042
97.72,-11.945,-0.011,-1.481,-11.905,0.000,1.488,0.042
97.74,-11.944,-0.012,-1.481,-11.905,0.000,1.488,0.041
97.76,-11.944,-0.012,-1.481,-11.905,0.000,1.488,0.041
97.78,-11.942,-0.014,-1.482,-11.905,0.000,1.488,0.040
97.80,-11.942,-0.014,-1.482,-11.905,0.000,1.488,0.040
97.82,-11.942,-0.014,-1.482,-11.905,0.000,1.488,0.040
97.84,-11.940,-0.016,-1.482,-11.905,0.000,1.488,0.039
97.86,-11.940,-0.016,-1.482,-11.905,0.000,1.488,0.039
97.88,-11.939,-0.017,-1.483,-11.905,0.000,1.488,0.038
97.90,-11.939,-0.017,-1.483,-11.905,0.000,1.488,0.038
97.93,-11.937,-0.018,-1.483,-11.905,0.000,1.488,0.037
97.95,-11.937,-0.018,-1.483,-11.905,0.000,1.488,0.037
97.97,-11.935,-0.018,-1.483,-11.905,0.000,1.488,0.036
97.99,-11.935,-0.018,-1.483,-11.905,0.000,1.488,0.036
98.01,-11.934,-0.019,-1.484,-11.905,0.000,1.488,0.035
98.03,-11.934,-0.019,-1.484,-11.905,0.000,1.488,0.035
98.05,-11.933,-0.019,-1.484,-11.905,0.000,1.488,0.034
98.07,-11.933,-0.019,-1.484,-11.905,0.000,1.488,0.034
98.09,-11.931,-0.019,-1.484,-11.905,0.000,1.488,0.032
98.11,-11.931,-0.019,-1.484,-11.905,0.000,1.488,0.032
98.13,-11.929,-0.019,-1.484,-11.905,0.000,1.488,0.031
98.15,-11.929,-0.019,-1.484,-11.905,0.000,1.488,0.031
98.17,-11.927,-0.019,-1.485,-11.905,0.000,1.488,0.029
98.20,-11.927,-0.019,-1.485,-11.905,0.000,1.488,0.029
98.22,-11.925,-0.019,-1.485,-11.905,0.000,1.488,0.028
98.24,-11.925,-0.019,-1.485,-11.905,0.000,1.488,0.028
98.26,-11.923,-0.019,-1.485,-11.905,0.000,1.488,0.026
98.28,-11.923,-0.019,-1.485,-11.905,0.000,1.488,0.026
98.30,-11.921,-0.018,-1.486,-11.905,0.000,1.488,0.025
98.32,-11.921,-0.018,-1.486,-11.905,0.000,1.488,0.025
98.34,-11.921,-0.018,-1.486,-11.905,0.000,1.488,0.025
98.36,-11.918,-0.017,-1.486,-11.905,0.000,1.488,0.022
98.38,-11.918,-0.017,-1.486,-11.905,0.000,1.488,0.022
98.40,-11.917,-0.016,-1.487,-11.905,0.000,1.488,0.020
98.42,-11.917,-0.016,-1.487,-11.905,0.000,1.488,0.020
98.45,-11.915,-0.016,-1.487,-11.905,0.000,1.488,0.019
98.47,-11.915,-0.016,-1.487,-11.905,0.000,1.488,0.019
98.49,-11.913,-0.016,-1.487,-11.905,0.000,1.488,0.018
98.51,-11.913,-0.016,-1.487,-11.905,0.000,1.488,0.018
98.53,-11.912,-0.016,-1.487,-11.905,0.000,1.488,0.018
98.55,-11.912,-0.016,-1.487,-11.905,0.000,1.488,0.018
98.57,-11.911,-0.016,-1.487,-11.905,0.000,1.488,0.017
98.59,-11.911,-0.016,-1.487,-11.905,0.000,1.488,0.017
98.61,-11.909,-0.016,-1.487,-11.905,0.000,1.488,0.017
98.63,-11.909,-0.016,-1.487,-11.905,0.000,1.488,0.017
98.65,-11.907,-0.016,-1.487,-11.905,0.000,1.488,0.017
98.68,-11.907,-0.016,-1.487,-11.905,0.000,1.488,0.017
98.70,-11.906,-0.017,-1.487,-11.905,0.000,1.488,0.017
98.72,-11.906,-0.017,-1.487,-11.905,0.000,1.488,0.017
98.74,-11.905,-0.017,-1.487,-11.905,0.000,1.488,0.018
98.76,-11.905,-0.017,-1.487,-11.905,0.000,1.488,0.018
98.78,-11.903,-0.018,-1.487,-11.905,0.000,1.488,0.018
98.80,-11.903,-0.018,-1.487,-11.905,0.000,1.488,0.018
98.82,-11.902,-0.019,-1.487,-11.905,0.000,1.488,0.019
98.84,-11.902,-0.019,-1.487,-11.905,0.000,1.488,0.019
98.86,-11.902,-0.019,-1.487,-11.905,0.000,1.488,0.019
98.88,-11.900,-0.020,-1.488,-11.905,0.000,1.488,0.021
98.90,-11.900,-0.020,-1.488,-11.905,0.000,1.488,0.021
98.93,-11.899,-0.021,-1.488,-11.905,0.000,1.488,0.022
98.95,-11.899,-0.021,-1.488,-11.905,0.000,1.488,0.022
98.97,-11.898,-0.022,-1.489,-11.905,0.000,1.488,0.023
98.99,-11.898,-0.022,-1.489,-11.905,0.000,1.488,0.023
99.01,-11.897,-0.022,-1.489,-11.905,0.000,1.488,0.024
99.03,-11.897,-0.022,-1.489,-11.905,0.000,1.488,0.024
99.05,-11.897,-0.023,-1.490,-11.905,0.000,1.488,0.025
99.07,-11.897,-0.023,-1.490,-11.905,0.000,1.488,0.025
99.09,-11.897,-0.023,-1.490,-11.905,0.000,1.488,0.025
99.11,-11.897,-0.023,-1.490,-11.905,0.000,1.488,0.025
99.13,-11.896,-0.024,-1.491,-11.905,0.000,1.488,0.026
99.15,-11.896,-0.024,-1.491,-11.905,0.000,1.488,0.026
99.17,-11.896,-0.024,-1.491,-11.905,0.000,1.488,0.026
99.20,-11.896,-0.024,-1.491,-11.905,0.000,1.488,0.026
99.22,-11.896,-0.024,-1.492,-11.905,0.000,1.488,0.026
99.24,-11.896,-0.024,-1.492,-11.905,0.000,1.488,0.026
99.26,-11.896,-0.024,-1.492,-11.905,0.000,1.488,0.026
99.28,-11.896,-0.024,-1.492,-11.905,0.000,1.488,0.026
99.30,-11.896,-0.024,-1.493,-11.905,0.000,1.488,0.026
99.32,-11.896,-0.024,-1.493,-11.905,0.000,1.488,0.026
99.34,-11.896,-0.024,-1.493,-11.905,0.000,1.488,0.026
99.36,-11.897,-0.023,-1.494,-11.905,0.000,1.488,0.026
99.38,-11.897,-0.023,-1.494,-11.905,0.000,1.488,0.026
99.40,-11.897,-0.023,-1.494,-11.905,0.000,1.488,0.026
99.42,-11.897,-0.023,-1.494,-11.905,0.000,1.488,0.026
99.44,-11.897,-0.023,-1.495,-11.905,0.000,1.488,0.025
99.46,-11.897,-0.023,-1.495,-11.905,0.000,1.488,0.025
99.49,-11.897,-0.022,-1.495,-11.905,0.000,1.488,0.025
99.51,-11.897,-0.022,-1.495,-11.905,0.000,1.488,0.025
99.53,-11.898,-0.021,-1.496,-11.905,0.000,1.488,0.024
99.55,-11.898,-0.021,-1.496,-11.905,0.000,1.488,0.024
99.57,-11.898,-0.021,-1.496,-11.905,0.000,1.488,0.024
99.59,-11.898,-0.021,-1.496,-11.905,0.000,1.488,0.024
99.61,-11.899,-0.020,-1.497,-11.905,0.000,1.488,0.023
99.63,-11.899,-0.020,-1.497,-11.905,0.000,1.488,0.023
99.65,-11.899,-0.019,-1.497,-11.905,0.000,1.488,0.022
99.67,-11.899,-0.019,-1.497,-11.905,0.000,1.488,0.022
99.69,-11.899,-0.018,-1.497,-11.905,0.000,1.488,0.021
99.71,-11.899,-0.018,-1.497,-11.905,0.000,1.488,0.021
99.74,-11.900,-0.017,-1.498,-11.905,0.000,1.488,0.020
99.76,-11.900,-0.017,-1.498,-11.905,0.000,1.488,0.020
99.78,-11.900,-0.016,-1.498,-11.905,0.000,1.488,0.020
99.80,-11.900,-0.016,-1.498,-11.905,0.000,1.488,0.020
99.82,-11.900,-0.014,-1.498,-11.905,0.000,1.488,0.019
99.84,-11.900,-0.014,-1.498,-11.905,0.000,1.488,0.019
99.86,-11.900,-0.014,-1.498,-11.905,0.000,1.488,0.019
99.88,-11.901,-0.012,-1.498,-11.905,0.000,1.488,0.017
99.90,-11.901,-0.012,-1.498,-11.905,0.000,1.488,0.017
99.92,-11.901,-0.011,-1.498,-11.905,0.000,1.488,0.016
99.94,-11.901,-0.011,-1.498,-11.905,0.000,1.488,0.016
99.96,-11.901,-0.010,-1.498,-11.905,0.000,1.488,0.015
99.98,-11.901,-0.010,-1.498,-11.905,0.000,1.488,0.015
100.01,-11.902,-0.008,-1.497,-11.905,0.000,1.488,0.013
100.03,-11.902,-0.008,-1.497,-11.905,0.000,1.488,0.013
100.05,-11.902,-0.007,-1.496,-11.905,0.000,1.488,0.011
100.07,-11.902,-0.007,-1.496,-11.905,0.000,1.488,0.011
100.09,-11.903,-0.005,-1.496,-11.905,0.000,1.488,0.010
100.11,-11.903,-0.005,-1.496,-11.905,0.000,1.488,0.010
100.13,-11.903,-0.004,-1.495,-11.905,0.000,1.488,0.008
100.15,-11.903,-0.004,-1.495,-11.905,0.000,1.488,0.008
100.17,-11.904,-0.003,-1.494,-11.905,0.000,1.488,0.007
100.19,-11.904,-0.003,-1.494,-11.905,0.000,1.488,0.007
100.21,-11.905,-0.001,-1.493,-11.905,0.000,1.488,0.005
100.23,-11.905,-0.001,-1.493,-11.905,0.000,1.488,0.005
100.26,-11.905,-0.000,-1.492,-11.905,0.000,1.488,0.004
100.28,-11.905,-0.000,-1.492,-11.905,0.000,1.488,0.004
100.30,-11.906,0.001,-1.491,-11.905,0.000,1.488,0.004
100.32,-11.906,0.001,-1.491,-11.905,0.000,1.488,0.004
100.34,-11.906,0.001,-1.491,-11.905,0.000,1.488,0.004
100.36,-11.907,0.003,-1.490,-11.905,0.000,1.488,0.004
100.38,-11.907,0.003,-1.490,-11.905,0.000,1.488,0.004
100.40,-11.908,0.004,-1.489,-11.905,0.000,1.488,0.005
100.42,-11.908,0.004,-1.489,-11.905,0.000,1.488,0.005
100.44,-11.909,0.005,-1.489,-11.905,0.000,1.488,0.006
100.46,-11.909,0.005,-1.489,-11.905,0.000,1.488,0.006
100.48,-11.910,0.006,-1.489,-11.905,0.000,1.488,0.007
100.50,-11.910,0.006,-1.489,-11.905,0.000,1.488,0.007
100.53,-11.910,0.007,-1.488,-11.905,0.000,1.488,0.008
100.55,-11.910,0.007,-1.488,-11.905,0.000,1.488,0.008
100.57,-11.911,0.008,-1.488,-11.905,0.000,1.488,0.009
100.59,-11.911,0.008,-1.488,-11.905,0.000,1.488,0.009
100.61,-11.911,0.008,-1.488,-11.905,0.000,1.488,0.010
100.63,-11.911,0.008,-1.488,-11.905,0.000,1.488,0.010
100.65,-11.911,0.009,-1.488,-11.905,0.000,1.488,0.011
100.67,-11.911,0.009,-1.488,-11.905,0.000,1.488,0.011
100.69,-11.911,0.010,-1.487,-11.905,0.000,1.488,0.012
100.71,-11.911,0.010,-1.487,-11.905,0.000,1.488,0.012
100.74,-11.911,0.011,-1.487,-11.905,0.000,1.488,0.012
100.76,-11.911,0.011,-1.487,-11.905,0.000,1.488,0.012
100.78,-11.911,0.012,-1.486,-11.905,0.000,1.488,0.013
100.80,-11.911,0.012,-1.486,-11.905,0.000,1.488,0.013
100.82,-11.911,0.012,-1.486,-11.905,0.000,1.488,0.013
100.84,-11.911,0.012,-1.486,-11.905,0.000,1.488,0.013
100.86,-11.911,0.012,-1.486,-11.905,0.000,1.488,0.013
100.88,-11.911,0.013,-1.486,-11.905,0.000,1.488,0.014
100.90,-11.911,0.013,-1.486,-11.905,0.000,1.488,0.014
100.92,-11.911,0.013,-1.486,-11.905,0.000,1.488,0.014
100.94,-11.911,0.013,-1.486,-11.905,0.000,1.488,0.014
100.96,-11.911,0.014,-1.486,-11.905,0.000,1.488,0.014
100.98,-11.911,0.014,-1.486,-11.905,0.000,1.488,0.014
101.01,-11.910,0.014,-1.485,-11.905,0.000,1.488,0.015
101.03,-11.910,0.014,-1.485,-11.905,0.000,1.488,0.015
101.05,-11.910,0.014,-1.485,-11.905,0.000,1.488,0.015
101.07,-11.910,0.014,-1.485,-11.905,0.000,1.488,0.015
101.09,-11.910,0.014,-1.485,-11.905,0.000,1.488,0.015
101.11,-11.910,0.014,-1.485,-11.905,0.000,1.488,0.015
101.13,-11.910,0.014,-1.485,-11.905,0.000,1.488,0.015
101.15,-11.910,0.014,-1.485,-11.905,0.000,1.488,0.015
101.17,-11.909,0.014,-1.485,-11.905,0.000,1.488,0.015
101.19,-11.909,0.014,-1.485,-11.905,0.000,1.488,0.015
101.21,-11.909,0.014,-1.485,-11.905,0.000,1.488,0.015
101.23,-11.909,0.014,-1.485,-11.905,0.000,1.488,0.015
101.26,-11.908,0.014,-1.485,-11.905,0.000,1.488,0.014
101.28,-11.908,0.014,-1.485,-11.905,0.000,1.488,0.014
101.30,-11.908,0.014,-1.485,-11.905,0.000,1.488,0.014
101.32,-11.908,0.014,-1.485,-11.905,0.000,1.488,0.014
101.34,-11.907,0.014,-1.485,-11.905,0.000,1.488,0.014
101.36,-11.907,0.014,-1.485,-11.905,0.000,1.488,0.014
101.38,-11.907,0.014,-1.485,-11.905,0.000,1.488,0.014
101.40,-11.907,0.013,-1.484,-11.905,0.000,1.488,0.013
101.42,-11.907,0.013,-1.484,-11.905,0.000,1.488,0.013
101.44,-11.906,0.012,-1.484,-11.905,0.000,1.488,0.013
101.46,-11.906,0.012,-1.484,-11.905,0.000,1.488,0.013
101.48,-11.906,0.011,-1.484,-11.905,0.000,1.488,0.012
101.50,-11.906,0.011,-1.484,-11.905,0.000,1.488,0.012
101.53,-11.905,0.011,-1.484,-11.905,0.000,1.488,0.011
101.55,-11.905,0.011,-1.484,-11.905,0.000,1.488,0.011
101.57,-11.905,0.010,-1.484,-11.905,0.000,1.488,0.010
101.59,-11.905,0.010,-1.484,-11.905,0.000,1.488,0.010
101.61,-11.905,0.009,-1.484,-11.905,0.000,1.488,0.009
101.63,-11.905,0.009,-1.484,-11.905,0.000,1.488,0.009
101.65,-11.905,0.008,-1.484,-11.905,0.000,1.488,0.009
101.67,-11.905,0.008,-1.484,-11.905,0.000,1.488,0.009
101.69,-11.904,0.007,-1.484,-11.905,0.000,1.488,0.008
101.71,-11.904,0.007,-1.484,-11.905,0.000,1.488,0.008
101.73,-11.904,0.007,-1.485,-11.905,0.000,1.488,0.007
101.75,-11.904,0.007,-1.485,-11.905,0.000,1.488,0.007
101.78,-11.904,0.006,-1.485,-11.905,0.000,1.488,0.007
101.80,-11.904,0.006,-1.485,-11.905,0.000,1.488,0.007
101.82,-11.903,0.006,-1.485,-11.905,0.000,1.488,0.006
101.84,-11.903,0.006,-1.485,-11.905,0.000,1.488,0.006
101.86,-11.903,0.006,-1.485,-11.905,0.000,1.488,0.006
101.88,-11.902,0.005,-1.486,-11.905,0.000,1.488,0.006
101.90,-11.902,0.005,-1.486,-11.905,0.000,1.488,0.006
101.92,-11.901,0.005,-1.487,-11.905,0.000,1.488,0.007
101.94,-11.901,0.005,-1.487,-11.905,0.000,1.488,0.007
101.96,-11.900,0.005,-1.487,-11.905,0.000,1.488,0.007
101.98,-11.900,0.005,-1.487,-11.905,0.000,1.488,0.007
102.00,-11.899,0.005,-1.488,-11.905,0.000,1.488,0.008
102.02,-11.899,0.005,-1.488,-11.905,0.000,1.488,0.008
102.05,-11.898,0.005,-1.488,-11.905,0.000,1.488,0.009
102.07,-11.898,0.005,-1.488,-11.905,0.000,1.488,0.009
102.09,-11.897,0.005,-1.488,-11.905,0.000,1.488,0.009
102.11,-11.897,0.005,-1.488,-11.905,0.000,1.488,0.009
102.13,-11.896,0.005,-1.489,-11.905,0.000,1.488,0.010
102.15,-11.896,0.005,-1.489,-11.905,0.000,1.488,0.010
102.17,-11.895,0.005,-1.489,-11.905,0.000,1.488,0.011
102.19,-11.895,0.005,-1.489,-11.905,0.000,1.488,0.011
102.21,-11.895,0.006,-1.489,-11.905,0.000,1.488,0.012
102.23,-11.895,0.006,-1.489,-11.905,0.000,1.488,0.012
102.25,-11.895,0.006,-1.490,-11.905,0.000,1.488,0.012
102.27,-11.895,0.006,-1.490,-11.905,0.000,1.488,0.012
102.30,-11.894,0.006,-1.490,-11.905,0.000,1.488,0.012
102.32,-11.894,0.006,-1.490,-11.905,0.000,1.488,0.012
102.34,-11.894,0.006,-1.490,-11.905,0.000,1.488,0.013
102.36,-11.894,0.006,-1.490,-11.905,0.000,1.488,0.013
102.38,-11.894,0.006,-1.490,-11.905,0.000,1.488,0.013
102.40,-11.894,0.006,-1.490,-11.905,0.000,1.488,0.013
102.42,-11.894,0.006,-1.490,-11.905,0.000,1.488,0.013
102.44,-11.894,0.006,-1.490,-11.905,0.000,1.488,0.013
102.46,-11.894,0.006,-1.490,-11.905,0.000,1.488,0.013
102.48,-11.894,0.006,-1.490,-11.905,0.000,1.488,0.013
102.50,-11.894,0.006,-1.490,-11.905,0.000,1.488,0.013
102.53,-11.894,0.006,-1.490,-11.905,0.000,1.488,0.013
102.55,-11.894,0.006,-1.490,-11.905,0.000,1.488,0.013
102.57,-11.894,0.006,-1.490,-11.905,0.000,1.488,0.012
102.59,-11.894,0.006,-1.490,-11.905,0.000,1.488,0.012
102.61,-11.895,0.006,-1.490,-11.905,0.000,1.488,0.012
102.63,-11.895,0.006,-1.490,-11.905,0.000,1.488,0.012
102.65,-11.895,0.006,-1.490,-11.905,0.000,1.488,0.012
102.67,-11.895,0.006,-1.490,-11.905,0.000,1.488,0.012
102.69,-11.896,0.006,-1.490,-11.905,0.000,1.488,0.011
102.71,-11.896,0.006,-1.490,-11.905,0.000,1.488,0.011
102.73,-11.896,0.005,-1.490,-11.905,0.000,1.488,0.011
102.75,-11.896,0.005,-1.490,-11.905,0.000,1.488,0.011
102.78,-11.897,0.005,-1.491,-11.905,0.000,1.488,0.010
102.80,-11.897,0.005,-1.491,-11.905,0.000,1.488,0.010
102.82,-11.898,0.005,-1.491,-11.905,0.000,1.488,0.009
102.84,-11.898,0.005,-1.491,-11.905,0.000,1.488,0.009
102.86,-11.898,0.005,-1.491,-11.905,0.000,1.488,0.009
102.88,-11.899,0.005,-1.492,-11.905,0.000,1.488,0.009
102.90,-11.899,0.005,-1.492,-11.905,0.000,1.488,0.009
102.92,-11.900,0.005,-1.493,-11.905,0.000,1.488,0.008
102.94,-11.900,0.005,-1.493,-11.905,0.000,1.488,0.008
102.96,-11.901,0.005,-1.493,-11.905,0.000,1.488,0.008
102.98,-11.901,0.005,-1.493,-11.905,0.000,1.488,0.008
103.00,-11.902,0.004,-1.494,-11.905,0.000,1.488,0.008
103.03,-11.902,0.004,-1.494,-11.905,0.000,1.488,0.008
103.05,-11.903,0.004,-1.494,-11.905,0.000,1.488,0.008
103.07,-11.903,0.004,-1.494,-11.905,0.000,1.488,0.008
103.09,-11.904,0.004,-1.495,-11.905,0.000,1.488,0.008
103.11,-11.904,0.004,-1.495,-11.905,0.000,1.488,0.008
103.13,-11.904,0.004,-1.495,-11.905,0.000,1.488,0.008
103.15,-11.904,0.004,-1.495,-11.905,0.000,1.488,0.008
103.17,-11.905,0.004,-1.495,-11.905,0.000,1.488,0.008
103.19,-11.905,0.004,-1.495,-11.905,0.000,1.488,0.008
103.21,-11.905,0.004,-1.495,-11.905,0.000,1.488,0.008
103.23,-11.905,0.004,-1.495,-11.905,0.000,1.488,0.008
103.25,-11.905,0.004,-1.495,-11.905,0.000,1.488,0.008
103.28,-11.905,0.004,-1.495,-11.905,0.000,1.488,0.008
103.30,-11.905,0.004,-1.495,-11.905,0.000,1.488,0.008
103.32,-11.905,0.004,-1.495,-11.905,0.000,1.488,0.008
103.34,-11.905,0.005,-1.495,-11.905,0.000,1.488,0.008
103.36,-11.905,0.005,-1.495,-11.905,0.000,1.488,0.008
103.38,-11.905,0.005,-1.495,-11.905,0.000,1.488,0.008
103.40,-11.905,0.005,-1.494,-11.905,0.000,1.488,0.008
103.42,-11.905,0.005,-1.494,-11.905,0.000,1.488,0.008
103.44,-11.905,0.005,-1.493,-11.905,0.000,1.488,0.007
103.46,-11.905,0.005,-1.493,-11.905,0.000,1.488,0.007
103.48,-11.904,0.006,-1.493,-11.905,0.000,1.488,0.007
103.50,-11.904,0.006,-1.493,-11.905,0.000,1.488,0.007
103.52,-11.904,0.006,-1.492,-11.905,0.000,1.488,0.007
103.55,-11.904,0.006,-1.492,-11.905,0.000,1.488,0.007
103.57,-11.904,0.006,-1.491,-11.905,0.000,1.488,0.007
103.59,-11.904,0.006,-1.491,-11.905,0.000,1.488,0.007
103.61,-11.904,0.006,-1.490,-11.905,0.000,1.488,0.007
103.63,-11.904,0.006,-1.490,-11.905,0.000,1.488,0.007
103.65,-11.903,0.006,-1.490,-11.905,0.000,1.488,0.007
103.67,-11.903,0.006,-1.490,-11.905,0.000,1.488,0.007
103.69,-11.903,0.007,-1.489,-11.905,0.000,1.488,0.007
103.71,-11.903,0.007,-1.489,-11.905,0.000,1.488,0.007
103.73,-11.903,0.007,-1.488,-11.905,0.000,1.488,0.007
103.75,-11.903,0.007,-1.488,-11.905,0.000,1.488,0.007
103.78,-11.903,0.006,-1.488,-11.905,0.000,1.488,0.006
103.80,-11.903,0.006,-1.488,-11.905,0.000,1.488,0.006
103.82,-11.903,0.006,-1.487,-11.905,0.000,1.488,0.006
103.84,-11.903,0.006,-1.487,-11.905,0.000,1.488,0.006
103.86,-11.903,0.006,-1.487,-11.905,0.000,1.488,0.006
103.88,-11.903,0.006,-1.487,-11.905,0.000,1.488,0.006
103.90,-11.903,0.006,-1.487,-11.905,0.000,1.488,0.006
103.92,-11.902,0.005,-1.486,-11.905,0.000,1.488,0.006
103.94,-11.902,0.005,-1.486,-11.905,0.000,1.488,0.006
103.96,-11.902,0.005,-1.486,-11.905,0.000,1.488,0.006
103.98,-11.902,0.005,-1.486,-11.905,0.000,1.488,0.006
104.00,-11.902,0.004,-1.485,-11.905,0.000,1.488,0.005
104.02,-11.902,0.004,-1.485,-11.905,0.000,1.488,0.005
104.05,-11.902,0.003,-1.485,-11.905,0.000,1.488,0.005
104.07,-11.902,0.003,-1.485,-11.905,0.000,1.488,0.005
104.09,-11.902,0.003,-1.485,-11.905,0.000,1.488,0.005
104.11,-11.902,0.003,-1.485,-11.905,0.000,1.488,0.005
104.13,-11.901,0.002,-1.485,-11.905,0.000,1.488,0.005
104.15,-11.901,0.002,-1.485,-11.905,0.000,1.488,0.005
104.17,-11.902,0.002,-1.485,-11.905,0.000,1.488,0.005
104.19,-11.902,0.002,-1.485,-11.905,0.000,1.488,0.005
104.21,-11.902,0.001,-1.484,-11.905,0.000,1.488,0.005
104.23,-11.902,0.001,-1.484,-11.905,0.000,1.488,0.005
104.25,-11.902,0.001,-1.484,-11.905,0.000,1.488,0.005
104.28,-11.902,0.001,-1.484,-11.905,0.000,1.488,0.005
104.30,-11.903,0.000,-1.484,-11.905,0.000,1.488,0.005
104.32,-11.903,0.000,-1.484,-11.905,0.000,1.488,0.005
104.34,-11.903,-0.000,-1.483,-11.905,0.000,1.488,0.005
104.36,-11.903,-0.000,-1.483,-11.905,0.000,1.488,0.005
104.38,-11.903,-0.000,-1.483,-11.905,0.000,1.488,0.005
104.40,-11.905,-0.001,-1.483,-11.905,0.000,1.488,0.005
104.42,-11.905,-0.001,-1.483,-11.905,0.000,1.488,0.005
104.44,-11.905,-0.001,-1.482,-11.905,0.000,1.488,0.006
104.46,-11.905,-0.001,-1.482,-11.905,0.000,1.488,0.006
104.48,-11.906,-0.002,-1.482,-11.905,0.000,1.488,0.006
104.50,-11.906,-0.002,-1.482,-11.905,0.000,1.488,0.006
104.52,-11.906,-0.002,-1.481,-11.905,0.000,1.488,0.007
104.55,-11.906,-0.002,-1.481,-11.905,0.000,1.488,0.007
104.57,-11.907,-0.002,-1.481,-11.905,0.000,1.488,0.007
104.59,-11.907,-0.002,-1.481,-11.905,0.000,1.488,0.007
104.61,-11.907,-0.002,-1.481,-11.905,0.000,1.488,0.008
104.63,-11.907,-0.002,-1.481,-11.905,0.000,1.488,0.008
104.65,-11.907,-0.002,-1.480,-11.905,0.000,1.488,0.008
104.67,-11.907,-0.002,-1.480,-11.905,0.000,1.488,0.008
104.69,-11.908,-0.003,-1.480,-11.905,0.000,1.488,0.009
104.71,-11.908,-0.003,-1.480,-11.905,0.000,1.488,0.009
104.73,-11.908,-0.003,-1.480,-11.905,0.000,1.488,0.009
104.75,-11.908,-0.003,-1.480,-11.905,0.000,1.488,0.009
104.77,-11.908,-0.003,-1.479,-11.905,0.000,1.488,0.010
104.79,-11.908,-0.003,-1.479,-11.905,0.000,1.488,0.010
104.82,-11.908,-0.004,-1.479,-11.905,0.000,1.488,0.010
104.84,-11.908,-0.004,-1.479,-11.905,0.000,1.488,0.010
104.86,-11.908,-0.004,-1.479,-11.905,0.000,1.488,0.010
104.88,-11.908,-0.004,-1.479,-11.905,0.000,1.488,0.010
104.90,-11.908,-0.004,-1.479,-11.905,0.000,1.488,0.010
104.92,-11.908,-0.004,-1.479,-11.905,0.000,1.488,0.010
104.94,-11.908,-0.004,-1.479,-11.905,0.000,1.488,0.010
104.96,-11.908,-0.004,-1.479,-11.905,0.000,1.488,0.010
104.98,-11.908,-0.004,-1.479,-11.905,0.000,1.488,0.010
105.00,-11.908,-0.004,-1.479,-11.905,0.000,1.488,0.010
105.02,-11.908,-0.004,-1.479,-11.905,0.000,1.488,0.010
105.04,-11.907,-0.004,-1.479,-11.905,0.000,1.488,0.011
105.07,-11.907,-0.004,-1.479,-11.905,0.000,1.488,0.011
105.09,-11.907,-0.004,-1.479,-11.905,0.000,1.488,0.010
105.11,-11.907,-0.004,-1.479,-11.905,0.000,1.488,0.010
105.13,-11.907,-0.004,-1.478,-11.905,0.000,1.488,0.011
105.15,-11.907,-0.004,-1.478,-11.905,0.000,1.488,0.011
105.17,-11.906,-0.004,-1.478,-11.905,0.000,1.488,0.010
105.19,-11.906,-0.004,-1.478,-11.905,0.000,1.488,0.010
105.21,-11.906,-0.004,-1.478,-11.905,0.000,1.488,0.010
105.23,-11.906,-0.004,-1.478,-11.905,0.000,1.488,0.010
105.25,-11.905,-0.003,-1.478,-11.905,0.000,1.488,0.010
105.27,-11.905,-0.003,-1.478,-11.905,0.000,1.488,0.010
105.29,-11.904,-0.003,-1.479,-11.905,0.000,1.488,0.010
105.31,-11.904,-0.003,-1.479,-11.905,0.000,1.488,0.010
105.34,-11.904,-0.003,-1.479,-11.905,0.000,1.488,0.010
105.36,-11.904,-0.003,-1.479,-11.905,0.000,1.488,0.010
105.38,-11.904,-0.003,-1.479,-11.905,0.000,1.488,0.010
105.40,-11.902,-0.002,-1.479,-11.905,0.000,1.488,0.009
105.42,-11.902,-0.002,-1.479,-11.905,0.000,1.488,0.009
105.44,-11.902,-0.002,-1.480,-11.905,0.000,1.488,0.009
105.46,-11.902,-0.002,-1.480,-11.905,0.000,1.488,0.009
105.48,-11.900,-0.002,-1.480,-11.905,0.000,1.488,0.009
105.50,-11.900,-0.002,-1.480,-11.905,0.000,1.488,0.009
105.52,-11.900,-0.002,-1.481,-11.905,0.000,1.488,0.009
105.54,-11.900,-0.002,-1.481,-11.905,0.000,1.488,0.009
105.56,-11.899,-0.002,-1.481,-11.905,0.000,1.488,0.010
105.58,-11.899,-0.002,-1.481,-11.905,0.000,1.488,0.010
105.61,-11.898,-0.002,-1.482,-11.905,0.000,1.488,0.010
105.63,-11.898,-0.002,-1.482,-11.905,0.000,1.488,0.010
105.65,-11.897,-0.003,-1.482,-11.905,0.000,1.488,0.010
105.67,-11.897,-0.003,-1.482,-11.905,0.000,1.488,0.010
105.69,-11.896,-0.003,-1.483,-11.905,0.000,1.488,0.011
105.71,-11.896,-0.003,-1.483,-11.905,0.000,1.488,0.011
105.73,-11.895,-0.004,-1.483,-11.905,0.000,1.488,0.012
105.75,-11.895,-0.004,-1.483,-11.905,0.000,1.488,0.012
105.77,-11.894,-0.004,-1.483,-11.905,0.000,1.488,0.013
105.79,-11.894,-0.004,-1.483,-11.905,0.000,1.488,0.013
105.81,-11.893,-0.005,-1.484,-11.905,0.000,1.488,0.014
105.83,-11.893,-0.005,-1.484,-11.905,0.000,1.488,0.014
105.86,-11.892,-0.005,-1.484,-11.905,0.000,1.488,0.015
105.88,-11.892,-0.005,-1.484,-11.905,0.000,1.488,0.015
105.90,-11.892,-0.005,-1.484,-11.905,0.000,1.488,0.015
105.92,-11.890,-0.006,-1.484,-11.905,0.000,1.488,0.017
105.94,-11.890,-0.006,-1.484,-11.905,0.000,1.488,0.017
105.96,-11.889,-0.006,-1.484,-11.905,0.000,1.488,0.018
105.98,-11.889,-0.006,-1.484,-11.905,0.000,1.488,0.018
106.00,-11.887,-0.007,-1.484,-11.905,0.000,1.488,0.019
106.02,-11.887,-0.007,-1.484,-11.905,0.000,1.488,0.019
106.04,-11.886,-0.007,-1.485,-11.905,0.000,1.488,0.021
106.06,-11.886,-0.007,-1.485,-11.905,0.000,1.488,0.021
106.08,-11.885,-0.008,-1.485,-11.905,0.000,1.488,0.022
106.10,-11.885,-0.008,-1.485,-11.905,0.000,1.488,0.022
106.13,-11.884,-0.008,-1.485,-11.905,0.000,1.488,0.023
106.15,-11.884,-0.008,-1.485,-11.905,0.000,1.488,0.023
106.17,-11.883,-0.008,-1.485,-11.905,0.000,1.488,0.024
106.19,-11.883,-0.008,-1.485,-11.905,0.000,1.488,0.024
106.21,-11.883,-0.009,-1.485,-11.905,0.000,1.488,0.024
106.23,-11.883,-0.009,-1.485,-11.905,0.000,1.488,0.024
106.25,-11.882,-0.009,-1.486,-11.905,0.000,1.488,0.025
106.27,-11.882,-0.009,-1.486,-11.905,0.000,1.488,0.025
106.29,-11.882,-0.009,-1.486,-11.905,0.000,1.488,0.025
106.31,-11.882,-0.009,-1.486,-11.905,0.000,1.488,0.025
106.34,-11.882,-0.009,-1.486,-11.905,0.000,1.488,0.025
106.36,-11.882,-0.009,-1.486,-11.905,0.000,1.488,0.025
106.38,-11.883,-0.010,-1.486,-11.905,0.000,1.488,0.025
106.40,-11.883,-0.010,-1.486,-11.905,0.000,1.488,0.025
106.42,-11.883,-0.010,-1.486,-11.905,0.000,1.488,0.025
106.44,-11.884,-0.010,-1.486,-11.905,0.000,1.488,0.024
106.46,-11.884,-0.010,-1.486,-11.905,0.000,1.488,0.024
106.48,-11.885,-0.010,-1.486,-11.905,0.000,1.488,0.022
106.50,-11.885,-0.010,-1.486,-11.905,0.000,1.488,0.022
106.52,-11.886,-0.009,-1.486,-11.905,0.000,1.488,0.021
106.54,-11.886,-0.009,-1.486,-11.905,0.000,1.488,0.021
106.56,-11.887,-0.009,-1.486,-11.905,0.000,1.488,0.020
106.58,-11.887,-0.009,-1.486,-11.905,0.000,1.488,0.020
106.61,-11.888,-0.009,-1.487,-11.905,0.000,1.488,0.019
106.63,-11.888,-0.009,-1.487,-11.905,0.000,1.488,0.019
106.65,-11.890,-0.009,-1.487,-11.905,0.000,1.488,0.018
106.67,-11.890,-0.009,-1.487,-11.905,0.000,1.488,0.018
106.69,-11.891,-0.009,-1.487,-11.905,0.000,1.488,0.017
106.71,-11.891,-0.009,-1.487,-11.905,0.000,1.488,0.017
106.73,-11.893,-0.008,-1.488,-11.905,0.000,1.488,0.015
106.75,-11.893,-0.008,-1.488,-11.905,0.000,1.488,0.015
106.77,-11.894,-0.008,-1.488,-11.905,0.000,1.488,0.014
106.79,-11.894,-0.008,-1.488,-11.905,0.000,1.488,0.014
106.81,-11.895,-0.007,-1.488,-11.905,0.000,1.488,0.012
106.84,-11.895,-0.007,-1.488,-11.905,0.000,1.488,0.012
106.86,-11.896,-0.006,-1.489,-11.905,0.000,1.488,0.011
106.88,-11.896,-0.006,-1.489,-11.905,0.000,1.488,0.011
106.90,-11.896,-0.006,-1.489,-11.905,0.000,1.488,0.011
106.92,-11.898,-0.004,-1.489,-11.905,0.000,1.488,0.009
106.94,-11.898,-0.004,-1.489,-11.905,0.000,1.488,0.009
106.96,-11.899,-0.003,-1.490,-11.905,0.000,1.488,0.007
106.98,-11.899,-0.003,-1.490,-11.905,0.000,1.488,0.007
107.00,-11.900,-0.001,-1.490,-11.905,0.000,1.488,0.005
107.02,-11.900,-0.001,-1.490,-11.905,0.000,1.488,0.005
107.04,-11.901,-0.000,-1.490,-11.905,0.000,1.488,0.004
107.06,-11.901,-0.000,-1.490,-11.905,0.000,1.488,0.004
107.08,-11.902,0.001,-1.490,-11.905,0.000,1.488,0.004
107.10,-11.902,0.001,-1.490,-11.905,0.000,1.488,0.004
107.13,-11.903,0.002,-1.490,-11.905,0.000,1.488,0.004
107.15,-11.903,0.002,-1.490,-11.905,0.000,1.488,0.004
107.17,-11.903,0.004,-1.490,-11.905,0.000,1.488,0.005
107.19,-11.903,0.004,-1.490,-11.905,0.000,1.488,0.005
107.21,-11.904,0.005,-1.491,-11.905,0.000,1.488,0.005
107.23,-11.904,0.005,-1.491,-11.905,0.000,1.488,0.005
107.25,-11.904,0.006,-1.491,-11.905,0.000,1.488,0.006
107.27,-11.904,0.006,-1.491,-11.905,0.000,1.488,0.006
107.29,-11.904,0.007,-1.491,-11.905,0.000,1.488,0.007
107.31,-11.904,0.007,-1.491,-11.905,0.000,1.488,0.007
107.33,-11.904,0.008,-1.491,-11.905,0.000,1.488,0.008
107.35,-11.904,0.008,-1.491,-11.905,0.000,1.488,0.008
107.38,-11.903,0.009,-1.491,-11.905,0.000,1.488,0.009
107.40,-11.903,0.009,-1.491,-11.905,0.000,1.488,0.009
107.42,-11.903,0.009,-1.491,-11.905,0.000,1.488,0.009
107.44,-11.903,0.010,-1.491,-11.905,0.000,1.488,0.010
107.46,-11.903,0.010,-1.491,-11.905,0.000,1.488,0.010
107.48,-11.902,0.011,-1.492,-11.905,0.000,1.488,0.011
107.50,-11.902,0.011,-1.492,-11.905,0.000,1.488,0.011
107.52,-11.901,0.011,-1.492,-11.905,0.000,1.488,0.012
107.54,-11.901,0.011,-1.492,-11.905,0.000,1.488,0.012
107.56,-11.900,0.012,-1.493,-11.905,0.000,1.488,0.013
107.58,-11.900,0.012,-1.493,-11.905,0.000,1.488,0.013
107.61,-11.899,0.012,-1.493,-11.905,0.000,1.488,0.014
107.63,-11.899,0.012,-1.493,-11.905,0.000,1.488,0.014
107.65,-11.899,0.013,-1.494,-11.905,0.000,1.488,0.015
107.67,-11.899,0.013,-1.494,-11.905,0.000,1.488,0.015
107.69,-11.898,0.013,-1.495,-11.905,0.000,1.488,0.016
107.71,-11.898,0.013,-1.495,-11.905,0.000,1.488,0.016
107.73,-11.897,0.013,-1.496,-11.905,0.000,1.488,0.017
107.75,-11.897,0.013,-1.496,-11.905,0.000,1.488,0.017
107.77,-11.896,0.014,-1.497,-11.905,0.000,1.488,0.019
107.79,-11.896,0.014,-1.497,-11.905,0.000,1.488,0.019
107.81,-11.895,0.014,-1.497,-11.905,0.000,1.488,0.020
107.84,-11.895,0.014,-1.497,-11.905,0.000,1.488,0.020
107.86,-11.894,0.015,-1.497,-11.905,0.000,1.488,0.020
107.88,-11.894,0.015,-1.497,-11.905,0.000,1.488,0.020
107.90,-11.894,0.015,-1.497,-11.905,0.000,1.488,0.020
107.92,-11.893,0.015,-1.497,-11.905,0.000,1.488,0.022
107.94,-11.893,0.015,-1.497,-11.905,0.000,1.488,0.022
107.96,-11.892,0.016,-1.497,-11.905,0.000,1.488,0.022
107.98,-11.892,0.016,-1.497,-11.905,0.000,1.488,0.022
108.00,-11.890,0.016,-1.497,-11.905,0.000,1.488,0.023
108.02,-11.890,0.016,-1.497,-11.905,0.000,1.488,0.023
108.04,-11.890,0.016,-1.496,-11.905,0.000,1.488,0.024
108.06,-11.890,0.016,-1.496,-11.905,0.000,1.488,0.024
108.08,-11.889,0.016,-1.496,-11.905,0.000,1.488,0.024
108.11,-11.889,0.016,-1.496,-11.905,0.000,1.488,0.024
108.13,-11.888,0.016,-1.496,-11.905,0.000,1.488,0.025
108.15,-11.888,0.016,-1.496,-11.905,0.000,1.488,0.025
108.17,-11.887,0.016,-1.496,-11.905,0.000,1.488,0.025
108.19,-11.887,0.016,-1.496,-11.905,0.000,1.488,0.025
108.21,-11.886,0.016,-1.495,-11.905,0.000,1.488,0.026
108.23,-11.886,0.016,-1.495,-11.905,0.000,1.488,0.026
108.25,-11.885,0.016,-1.495,-11.905,0.000,1.488,0.026
108.27,-11.885,0.016,-1.495,-11.905,0.000,1.488,0.026
108.29,-11.884,0.015,-1.495,-11.905,0.000,1.488,0.026
108.31,-11.884,0.015,-1.495,-11.905,0.000,1.488,0.026
108.33,-11.883,0.015,-1.495,-11.905,0.000,1.488,0.027
108.35,-11.883,0.015,-1.495,-11.905,0.000,1.488,0.027
108.38,-11.883,0.015,-1.495,-11.905,0.000,1.488,0.028
108.40,-11.883,0.015,-1.495,-11.905,0.000,1.488,0.028
108.42,-11.883,0.015,-1.495,-11.905,0.000,1.488,0.028
108.44,-11.882,0.014,-1.495,-11.905,0.000,1.488,0.028
108.46,-11.882,0.014,-1.495,-11.905,0.000,1.488,0.028
108.48,-11.881,0.014,-1.495,-11.905,0.000,1.488,0.029
108.50,-11.881,0.014,-1.495,-11.905,0.000,1.488,0.029
108.52,-11.880,0.014,-1.495,-11.905,0.000,1.488,0.029
108.54,-11.880,0.014,-1.495,-11.905,0.000,1.488,0.029
108.56,-11.880,0.013,-1.495,-11.905,0.000,1.488,0.029
108.58,-11.880,0.013,-1.495,-11.905,0.000,1.488,0.029
108.60,-11.879,0.013,-1.495,-11.905,0.000,1.488,0.029
108.62,-11.879,0.013,-1.495,-11.905,0.000,1.488,0.029
108.65,-11.879,0.012,-1.495,-11.905,0.000,1.488,0.029
108.67,-11.879,0.012,-1.495,-11.905,0.000,1.488,0.029
108.69,-11.879,0.011,-1.496,-11.905,0.000,1.488,0.029
108.71,-11.879,0.011,-1.496,-11.905,0.000,1.488,0.029
108.73,-11.879,0.010,-1.496,-11.905,0.000,1.488,0.029
108.75,-11.879,0.010,-1.496,-11.905,0.000,1.488,0.029
108.77,-11.879,0.009,-1.496,-11.905,0.000,1.488,0.029
108.79,-11.879,0.009,-1.496,-11.905,0.000,1.488,0.029
108.81,-11.879,0.008,-1.496,-11.905,0.000,1.488,0.029
108.83,-11.879,0.008,-1.496,-11.905,0.000,1.488,0.029
108.85,-11.879,0.007,-1.497,-11.905,0.000,1.488,0.028
108.88,-11.879,0.007,-1.497,-11.905,0.000,1.488,0.028
108.90,-11.879,0.006,-1.497,-11.905,0.000,1.488,0.028
108.92,-11.879,0.006,-1.497,-11.905,0.000,1.488,0.028
108.94,-11.879,0.006,-1.497,-11.905,0.000,1.488,0.028
108.96,-11.880,0.005,-1.498,-11.905,0.000,1.488,0.027
108.98,-11.880,0.005,-1.498,-11.905,0.000,1.488,0.027
109.00,-11.881,0.003,-1.499,-11.905,0.000,1.488,0.027
109.02,-11.881,0.003,-1.499,-11.905,0.000,1.488,0.027
109.04,-11.882,0.002,-1.500,-11.905,0.000,1.488,0.026
109.06,-11.882,0.002,-1.500,-11.905,0.000,1.488,0.026
109.08,-11.883,0.002,-1.500,-11.905,0.000,1.488,0.026
109.10,-11.883,0.002,-1.500,-11.905,0.000,1.488,0.026
109.13,-11.884,0.001,-1.501,-11.905,0.000,1.488,0.025
109.15,-11.884,0.001,-1.501,-11.905,0.000,1.488,0.025
109.17,-11.885,0.000,-1.502,-11.905,0.000,1.488,0.025
109.19,-11.885,0.000,-1.502,-11.905,0.000,1.488,0.025
109.21,-11.886,-0.000,-1.502,-11.905,0.000,1.488,0.024
109.23,-11.886,-0.000,-1.502,-11.905,0.000,1.488,0.024
109.25,-11.887,-0.001,-1.503,-11.905,0.000,1.488,0.024
109.27,-11.887,-0.001,-1.503,-11.905,0.000,1.488,0.024
109.29,-11.889,-0.002,-1.504,-11.905,0.000,1.488,0.023
109.31,-11.889,-0.002,-1.504,-11.905,0.000,1.488,0.023
109.33,-11.890,-0.003,-1.505,-11.905,0.000,1.488,0.023
109.36,-11.890,-0.003,-1.505,-11.905,0.000,1.488,0.023
109.38,-11.891,-0.003,-1.505,-11.905,0.000,1.488,0.023
109.40,-11.891,-0.003,-1.505,-11.905,0.000,1.488,0.023
109.42,-11.891,-0.003,-1.505,-11.905,0.000,1.488,0.023
109.44,-11.892,-0.005,-1.506,-11.905,0.000,1.488,0.023
109.46,-11.892,-0.005,-1.506,-11.905,0.000,1.488,0.023
109.48,-11.893,-0.005,-1.506,-11.905,0.000,1.488,0.023
109.50,-11.893,-0.005,-1.506,-11.905,0.000,1.488,0.023
109.52,-11.893,-0.007,-1.506,-11.905,0.000,1.488,0.023
109.54,-11.893,-0.007,-1.506,-11.905,0.000,1.488,0.023
109.56,-11.894,-0.007,-1.506,-11.905,0.000,1.488,0.023
109.59,-11.894,-0.007,-1.506,-11.905,0.000,1.488,0.023
109.61,-11.894,-0.008,-1.506,-11.905,0.000,1.488,0.023
109.63,-11.894,-0.008,-1.506,-11.905,0.000,1.488,0.023
109.65,-11.894,-0.009,-1.505,-11.905,0.000,1.488,0.023
109.67,-11.894,-0.009,-1.505,-11.905,0.000,1.488,0.023
109.69,-11.895,-0.010,-1.505,-11.905,0.000,1.488,0.022
109.71,-11.895,-0.010,-1.505,-11.905,0.000,1.488,0.022
109.73,-11.895,-0.010,-1.505,-11.905,0.000,1.488,0.022
109.75,-11.895,-0.010,-1.505,-11.905,0.000,1.488,0.022
109.77,-11.895,-0.011,-1.504,-11.905,0.000,1.488,0.022
109.79,-11.895,-0.011,-1.504,-11.905,0.000,1.488,0.022
109.81,-11.896,-0.012,-1.504,-11.905,0.000,1.488,0.022
109.84,-11.896,-0.012,-1.504,-11.905,0.000,1.488,0.022
109.86,-11.896,-0.012,-1.503,-11.905,0.000,1.488,0.021
109.88,-11.896,-0.012,-1.503,-11.905,0.000,1.488,0.021
109.90,-11.897,-0.013,-1.502,-11.905,0.000,1.488,0.021
109.92,-11.897,-0.013,-1.502,-11.905,0.000,1.488,0.021
109.94,-11.897,-0.013,-1.502,-11.905,0.000,1.488,0.021
109.96,-11.898,-0.013,-1.501,-11.905,0.000,1.488,0.020
109.98,-11.898,-0.013,-1.501,-11.905,0.000,1.488,0.020
110.00,-11.899,-0.013,-1.500,-11.905,0.000,1.488,0.019
110.02,-11.899,-0.013,-1.500,-11.905,0.000,1.488,0.019
110.04,-11.899,-0.014,-1.499,-11.905,0.000,1.488,0.019
110.06,-11.899,-0.014,-1.499,-11.905,0.000,1.488,0.019
110.08,-11.900,-0.014,-1.498,-11.905,0.000,1.488,0.018
110.11,-11.900,-0.014,-1.498,-11.905,0.000,1.488,0.018
110.13,-11.900,-0.014,-1.497,-11.905,0.000,1.488,0.018
110.15,-11.900,-0.014,-1.497,-11.905,0.000,1.488,0.018
110.17,-11.900,-0.015,-1.497,-11.905,0.000,1.488,0.018
110.19,-11.900,-0.015,-1.497,-11.905,0.000,1.488,0.018
110.21,-11.901,-0.015,-1.496,-11.905,0.000,1.488,0.018
110.23,-11.901,-0.015,-1.496,-11.905,0.000,1.488,0.018
110.25,-11.901,-0.015,-1.495,-11.905,0.000,1.488,0.018
110.27,-11.901,-0.015,-1.495,-11.905,0.000,1.488,0.018
110.29,-11.901,-0.015,-1.495,-11.905,0.000,1.488,0.017
110.31,-11.901,-0.015,-1.495,-11.905,0.000,1.488,0.017
110.33,-11.901,-0.015,-1.494,-11.905,0.000,1.488,0.017
110.35,-11.901,-0.015,-1.494,-11.905,0.000,1.488,0.017
110.38,-11.901,-0.015,-1.494,-11.905,0.000,1.488,0.017
110.40,-11.901,-0.015,-1.494,-11.905,0.000,1.488,0.017
110.42,-11.901,-0.015,-1.494,-11.905,0.000,1.488,0.017
110.44,-11.901,-0.014,-1.493,-11.905,0.000,1.488,0.016
110.46,-11.901,-0.014,-1.493,-11.905,0.000,1.488,0.016
110.48,-11.901,-0.014,-1.492,-11.905,0.000,1.488,0.016
110.50,-11.901,-0.014,-1.492,-11.905,0.000,1.488,0.016
110.52,-11.901,-0.014,-1.492,-11.905,0.000,1.488,0.015
110.54,-11.901,-0.014,-1.492,-11.905,0.000,1.488,0.015
110.56,-11.901,-0.013,-1.491,-11.905,0.000,1.488,0.015
110.58,-11.901,-0.013,-1.491,-11.905,0.000,1.488,0.015
110.60,-11.901,-0.013,-1.491,-11.905,0.000,1.488,0.014
110.62,-11.901,-0.013,-1.491,-11.905,0.000,1.488,0.014
110.65,-11.901,-0.012,-1.491,-11.905,0.000,1.488,0.014
110.67,-11.901,-0.012,-1.491,-11.905,0.000,1.488,0.014
110.69,-11.901,-0.012,-1.491,-11.905,0.000,1.488,0.013
110.71,-11.901,-0.012,-1.491,-11.905,0.000,1.488,0.013
110.73,-11.901,-0.012,-1.491,-11.905,0.000,1.488,0.013
110.75,-11.901,-0.012,-1.491,-11.905,0.000,1.488,0.013
110.77,-11.901,-0.011,-1.491,-11.905,0.000,1.488,0.013
110.79,-11.901,-0.011,-1.491,-11.905,0.000,1.488,0.013
110.81,-11.901,-0.011,-1.491,-11.905,0.000,1.488,0.013
110.83,-11.901,-0.011,-1.491,-11.905,0.000,1.488,0.013
110.85,-11.900,-0.011,-1.491,-11.905,0.000,1.488,0.012
110.87,-11.900,-0.011,-1.491,-11.905,0.000,1.488,0.012
110.90,-11.900,-0.011,-1.491,-11.905,0.000,1.488,0.013
110.92,-11.900,-0.011,-1.491,-11.905,0.000,1.488,0.013
110.94,-11.900,-0.011,-1.491,-11.905,0.000,1.488,0.013
110.96,-11.899,-0.011,-1.491,-11.905,0.000,1.488,0.013
110.98,-11.899,-0.011,-1.491,-11.905,0.000,1.488,0.013
111.00,-11.899,-0.011,-1.491,-11.905,0.000,1.488,0.013
111.02,-11.899,-0.011,-1.491,-11.905,0.000,1.488,0.013
111.04,-11.899,-0.011,-1.491,-11.905,0.000,1.488,0.013
111.06,-11.899,-0.011,-1.491,-11.905,0.000,1.488,0.013
111.08,-11.898,-0.011,-1.491,-11.905,0.000,1.488,0.013
111.10,-11.898,-0.011,-1.491,-11.905,0.000,1.488,0.013
111.12,-11.898,-0.011,-1.490,-11.905,0.000,1.488,0.013
111.14,-11.898,-0.011,-1.490,-11.905,0.000,1.488,0.013
111.17,-11.898,-0.011,-1.490,-11.905,0.000,1.488,0.013
111.19,-11.898,-0.011,-1.490,-11.905,0.000,1.488,0.013
111.21,-11.897,-0.010,-1.489,-11.905,0.000,1.488,0.013
111.23,-11.897,-0.010,-1.489,-11.905,0.000,1.488,0.013
111.25,-11.897,-0.010,-1.489,-11.905,0.000,1.488,0.013
111.27,-11.897,-0.010,-1.489,-11.905,0.000,1.488,0.013
111.29,-11.896,-0.010,-1.489,-11.905,0.000,1.488,0.014
111.31,-11.896,-0.010,-1.489,-11.905,0.000,1.488,0.014
111.33,-11.895,-0.010,-1.489,-11.905,0.000,1.488,0.014
111.35,-11.895,-0.010,-1.489,-11.905,0.000,1.488,0.014
111.37,-11.894,-0.009,-1.488,-11.905,0.000,1.488,0.015
111.39,-11.894,-0.009,-1.488,-11.905,0.000,1.488,0.015
111.42,-11.893,-0.009,-1.488,-11.905,0.000,1.488,0.016
111.44,-11.893,-0.009,-1.488,-11.905,0.000,1.488,0.016
111.46,-11.893,-0.009,-1.488,-11.905,0.000,1.488,0.016
111.48,-11.891,-0.009,-1.488,-11.905,0.000,1.488,0.017
111.50,-11.891,-0.009,-1.488,-11.905,0.000,1.488,0.017
111.52,-11.890,-0.009,-1.488,-11.905,0.000,1.488,0.017
111.54,-11.890,-0.009,-1.488,-11.905,0.000,1.488,0.017
111.56,-11.889,-0.008,-1.488,-11.905,0.000,1.488,0.018
111.58,-11.889,-0.008,-1.488,-11.905,0.000,1.488,0.018
111.60,-11.889,-0.008,-1.488,-11.905,0.000,1.488,0.019
111.62,-11.889,-0.008,-1.488,-11.905,0.000,1.488,0.019
111.64,-11.888,-0.008,-1.488,-11.905,0.000,1.488,0.019
111.66,-11.888,-0.008,-1.488,-11.905,0.000,1.488,0.019
111.69,-11.888,-0.007,-1.488,-11.905,0.000,1.488,0.019
111.71,-11.888,-0.007,-1.488,-11.905,0.000,1.488,0.019
111.73,-11.887,-0.007,-1.489,-11.905,0.000,1.488,0.019
111.75,-11.887,-0.007,-1.489,-11.905,0.000,1.488,0.019
111.77,-11.887,-0.007,-1.489,-11.905,0.000,1.488,0.020
111.79,-11.887,-0.007,-1.489,-11.905,0.000,1.488,0.020
111.81,-11.887,-0.007,-1.489,-11.905,0.000,1.488,0.020
111.83,-11.887,-0.007,-1.489,-11.905,0.000,1.488,0.020
111.85,-11.886,-0.007,-1.490,-11.905,0.000,1.488,0.020
111.87,-11.886,-0.007,-1.490,-11.905,0.000,1.488,0.020
111.89,-11.886,-0.007,-1.490,-11.905,0.000,1.488,0.021
111.91,-11.886,-0.007,-1.490,-11.905,0.000,1.488,0.021
111.93,-11.886,-0.007,-1.490,-11.905,0.000,1.488,0.021
111.96,-11.885,-0.007,-1.491,-11.905,0.000,1.488,0.022
111.98,-11.885,-0.007,-1.491,-11.905,0.000,1.488,0.022
112.00,-11.884,-0.007,-1.492,-11.905,0.000,1.488,0.022
112.02,-11.884,-0.007,-1.492,-11.905,0.000,1.488,0.022
112.04,-11.884,-0.007,-1.492,-11.905,0.000,1.488,0.023
112.06,-11.884,-0.007,-1.492,-11.905,0.000,1.488,0.023
112.08,-11.883,-0.007,-1.493,-11.905,0.000,1.488,0.024
112.10,-11.883,-0.007,-1.493,-11.905,0.000,1.488,0.024
112.12,-11.883,-0.007,-1.494,-11.905,0.000,1.488,0.024
112.14,-11.883,-0.007,-1.494,-11.905,0.000,1.488,0.024
112.16,-11.883,-0.007,-1.494,-11.905,0.000,1.488,0.024
112.19,-11.883,-0.007,-1.494,-11.905,0.000,1.488,0.024
112.21,-11.883,-0.007,-1.495,-11.905,0.000,1.488,0.024
112.23,-11.883,-0.007,-1.495,-11.905,0.000,1.488,0.024
112.25,-11.883,-0.006,-1.495,-11.905,0.000,1.488,0.024
112.27,-11.883,-0.006,-1.495,-11.905,0.000,1.488,0.024
112.29,-11.883,-0.006,-1.495,-11.905,0.000,1.488,0.024
112.31,-11.883,-0.006,-1.495,-11.905,0.000,1.488,0.024
112.33,-11.884,-0.006,-1.495,-11.905,0.000,1.488,0.024
112.35,-11.884,-0.006,-1.495,-11.905,0.000,1.488,0.024
112.37,-11.885,-0.005,-1.495,-11.905,0.000,1.488,0.023
112.39,-11.885,-0.005,-1.495,-11.905,0.000,1.488,0.023
112.41,-11.885,-0.005,-1.495,-11.905,0.000,1.488,0.022
112.43,-11.885,-0.005,-1.495,-11.905,0.000,1.488,0.022
112.46,-11.885,-0.005,-1.495,-11.905,0.000,1.488,0.022
112.48,-11.887,-0.004,-1.495,-11.905,0.000,1.488,0.020
112.50,-11.887,-0.004,-1.495,-11.905,0.000,1.488,0.020
112.52,-11.888,-0.003,-1.494,-11.905,0.000,1.488,0.019
112.54,-11.888,-0.003,-1.494,-11.905,0.000,1.488,0.019
112.56,-11.888,-0.002,-1.494,-11.905,0.000,1.488,0.018
112.58,-11.888,-0.002,-1.494,-11.905,0.000,1.488,0.018
112.60,-11.890,-0.001,-1.493,-11.905,0.000,1.488,0.016
112.62,-11.890,-0.001,-1.493,-11.905,0.000,1.488,0.016
112.64,-11.891,-0.000,-1.493,-11.905,0.000,1.488,0.015
112.67,-11.891,-0.000,-1.493,-11.905,0.000,1.488,0.015
112.69,-11.892,0.001,-1.492,-11.905,0.000,1.488,0.014
112.71,-11.892,0.001,-1.492,-11.905,0.000,1.488,0.014
112.73,-11.892,0.002,-1.492,-11.905,0.000,1.488,0.013
112.75,-11.892,0.002,-1.492,-11.905,0.000,1.488,0.013
112.77,-11.893,0.003,-1.491,-11.905,0.000,1.488,0.013
112.79,-11.893,0.003,-1.491,-11.905,0.000,1.488,0.013
112.81,-11.894,0.004,-1.491,-11.905,0.000,1.488,0.012
112.83,-11.894,0.004,-1.491,-11.905,0.000,1.488,0.012
112.85,-11.896,0.005,-1.490,-11.905,0.000,1.488,0.011
112.87,-11.896,0.005,-1.490,-11.905,0.000,1.488,0.011
112.89,-11.897,0.005,-1.490,-11.905,0.000,1.488,0.010
112.91,-11.897,0.005,-1.490,-11.905,0.000,1.488,0.010
112.94,-11.898,0.006,-1.490,-11.905,0.000,1.488,0.009
112.96,-11.898,0.006,-1.490,-11.905,0.000,1.488,0.009
112.98,-11.898,0.006,-1.490,-11.905,0.000,1.488,0.009
113.00,-11.899,0.007,-1.490,-11.905,0.000,1.488,0.009
113.02,-11.899,0.007,-1.490,-11.905,0.000,1.488,0.009
113.04,-11.900,0.008,-1.489,-11.905,0.000,1.488,0.009
113.06,-11.900,0.008,-1.489,-11.905,0.000,1.488,0.009
113.08,-11.901,0.009,-1.489,-11.905,0.000,1.488,0.009
113.10,-11.901,0.009,-1.489,-11.905,0.000,1.488,0.009
113.12,-11.902,0.009,-1.489,-11.905,0.000,1.488,0.010
113.14,-11.902,0.009,-1.489,-11.905,0.000,1.488,0.010
113.16,-11.902,0.010,-1.489,-11.905,0.000,1.488,0.010
113.19,-11.902,0.010,-1.489,-11.905,0.000,1.488,0.010
113.21,-11.902,0.010,-1.489,-11.905,0.000,1.488,0.010
113.23,-11.902,0.010,-1.489,-11.905,0.000,1.488,0.010
113.25,-11.902,0.011,-1.489,-11.905,0.000,1.488,0.011
113.27,-11.902,0.011,-1.489,-11.905,0.000,1.488,0.011
113.29,-11.902,0.011,-1.489,-11.905,0.000,1.488,0.011
113.31,-11.902,0.011,-1.489,-11.905,0.000,1.488,0.011
113.33,-11.902,0.012,-1.488,-11.905,0.000,1.488,0.012
113.35,-11.902,0.012,-1.488,-11.905,0.000,1.488,0.012
113.37,-11.902,0.012,-1.488,-11.905,0.000,1.488,0.012
113.40,-11.902,0.012,-1.488,-11.905,0.000,1.488,0.012
113.42,-11.902,0.012,-1.488,-11.905,0.000,1.488,0.012
113.44,-11.902,0.012,-1.488,-11.905,0.000,1.488,0.012
113.46,-11.902,0.012,-1.488,-11.905,0.000,1.488,0.012
113.48,-11.903,0.012,-1.488,-11.905,0.000,1.488,0.012
113.50,-11.903,0.012,-1.488,-11.905,0.000,1.488,0.012
113.52,-11.903,0.012,-1.488,-11.905,0.000,1.488,0.012
113.54,-11.903,0.012,-1.488,-11.905,0.000,1.488,0.012
113.56,-11.903,0.012,-1.488,-11.905,0.000,1.488,0.012
113.58,-11.903,0.012,-1.488,-11.905,0.000,1.488,0.012
113.61,-11.904,0.013,-1.488,-11.905,0.000,1.488,0.012
113.63,-11.904,0.013,-1.488,-11.905,0.000,1.488,0.012
113.65,-11.904,0.013,-1.488,-11.905,0.000,1.488,0.013
113.67,-11.904,0.013,-1.488,-11.905,0.000,1.488,0.013
113.69,-11.904,0.014,-1.489,-11.905,0.000,1.488,0.013
113.71,-11.904,0.014,-1.489,-11.905,0.000,1.488,0.013
113.73,-11.905,0.014,-1.489,-11.905,0.000,1.488,0.014
113.75,-11.905,0.014,-1.489,-11.905,0.000,1.488,0.014
113.77,-11.905,0.015,-1.489,-11.905,0.000,1.488,0.015
113.79,-11.905,0.015,-1.489,-11.905,0.000,1.488,0.015
113.81,-11.905,0.016,-1.489,-11.905,0.000,1.488,0.015
113.84,-11.905,0.016,-1.489,-11.905,0.000,1.488,0.015
113.86,-11.904,0.016,-1.489,-11.905,0.000,1.488,0.016
113.88,-11.904,0.016,-1.489,-11.905,0.000,1.488,0.016
113.90,-11.904,0.016,-1.489,-11.905,0.000,1.488,0.016
113.92,-11.904,0.016,-1.489,-11.905,0.000,1.488,0.016
113.94,-11.904,0.017,-1.489,-11.905,0.000,1.488,0.017
113.96,-11.904,0.017,-1.489,-11.905,0.000,1.488,0.017
113.98,-11.904,0.017,-1.489,-11.905,0.000,1.488,0.017
114.00,-11.903,0.017,-1.489,-11.905,0.000,1.488,0.017
114.02,-11.903,0.017,-1.489,-11.905,0.000,1.488,0.017
114.04,-11.902,0.017,-1.489,-11.905,0.000,1.488,0.017
114.07,-11.902,0.017,-1.489,-11.905,0.000,1.488,0.017
114.09,-11.901,0.017,-1.489,-11.905,0.000,1.488,0.018
114.11,-11.901,0.017,-1.489,-11.905,0.000,1.488,0.018
114.13,-11.900,0.017,-1.488,-11.905,0.000,1.488,0.018
114.15,-11.900,0.017,-1.488,-11.905,0.000,1.488,0.018
114.17,-11.899,0.017,-1.488,-11.905,0.000,1.488,0.018
114.19,-11.899,0.017,-1.488,-11.905,0.000,1.488,0.018
114.21,-11.897,0.017,-1.487,-11.905,0.000,1.488,0.019
114.23,-11.897,0.017,-1.487,-11.905,0.000,1.488,0.019
114.25,-11.896,0.017,-1.487,-11.905,0.000,1.488,0.019
114.27,-11.896,0.017,-1.487,-11.905,0.000,1.488,0.019
114.30,-11.895,0.017,-1.486,-11.905,0.000,1.488,0.020
114.32,-11.895,0.017,-1.486,-11.905,0.000,1.488,0.020
114.34,-11.893,0.017,-1.486,-11.905,0.000,1.488,0.020
114.36,-11.893,0.017,-1.486,-11.905,0.000,1.488,0.020
114.38,-11.892,0.016,-1.486,-11.905,0.000,1.488,0.020
114.40,-11.892,0.016,-1.486,-11.905,0.000,1.488,0.020
114.42,-11.892,0.016,-1.486,-11.905,0.000,1.488,0.021
114.44,-11.892,0.016,-1.486,-11.905,0.000,1.488,0.021
114.46,-11.892,0.016,-1.486,-11.905,0.000,1.488,0.021
114.48,-11.890,0.015,-1.487,-11.905,0.000,1.488,0.021
114.50,-11.890,0.015,-1.487,-11.905,0.000,1.488,0.021
114.52,-11.890,0.015,-1.487,-11.905,0.000,1.488,0.021
114.54,-11.890,0.015,-1.487,-11.905,0.000,1.488,0.021
114.56,-11.890,0.014,-1.488,-11.905,0.000,1.488,0.020
114.59,-11.890,0.014,-1.488,-11.905,0.000,1.488,0.020
114.61,-11.890,0.014,-1.488,-11.905,0.000,1.488,0.020
114.63,-11.890,0.014,-1.488,-11.905,0.000,1.488,0.020
114.65,-11.891,0.013,-1.489,-11.905,0.000,1.488,0.019
114.67,-11.891,0.013,-1.489,-11.905,0.000,1.488,0.019
114.69,-11.892,0.013,-1.489,-11.905,0.000,1.488,0.019
114.71,-11.892,0.013,-1.489,-11.905,0.000,1.488,0.019
114.73,-11.893,0.012,-1.490,-11.905,0.000,1.488,0.017
114.75,-11.893,0.012,-1.490,-11.905,0.000,1.488,0.017
114.77,-11.894,0.011,-1.491,-11.905,0.000,1.488,0.016
114.79,-11.894,0.011,-1.491,-11.905,0.000,1.488,0.016
114.81,-11.896,0.011,-1.492,-11.905,0.000,1.488,0.015
114.84,-11.896,0.011,-1.492,-11.905,0.000,1.488,0.015
114.86,-11.897,0.010,-1.493,-11.905,0.000,1.488,0.014
114.88,-11.897,0.010,-1.493,-11.905,0.000,1.488,0.014
114.90,-11.898,0.009,-1.493,-11.905,0.000,1.488,0.012
114.92,-11.898,0.009,-1.493,-11.905,0.000,1.488,0.012
114.94,-11.900,0.008,-1.493,-11.905,0.000,1.488,0.011
114.96,-11.900,0.008,-1.493,-11.905,0.000,1.488,0.011
114.98,-11.900,0.008,-1.493,-11.905,0.000,1.488,0.011
115.00,-11.902,0.007,-1.493,-11.905,0.000,1.488,0.009
115.02,-11.902,0.007,-1.493,-11.905,0.000,1.488,0.009
115.04,-11.904,0.006,-1.493,-11.905,0.000,1.488,0.008
115.06,-11.904,0.006,-1.493,-11.905,0.000,1.488,0.008
115.08,-11.905,0.006,-1.493,-11.905,0.000,1.488,0.008
115.11,-11.905,0.006,-1.493,-11.905,0.000,1.488,0.008
115.13,-11.907,0.005,-1.493,-11.905,0.000,1.488,0.007
115.15,-11.907,0.005,-1.493,-11.905,0.000,1.488,0.007
115.17,-11.908,0.005,-1.493,-11.905,0.000,1.488,0.007
115.19,-11.908,0.005,-1.493,-11.905,0.000,1.488,0.007
115.21,-11.909,0.004,-1.492,-11.905,0.000,1.488,0.007
115.23,-11.909,0.004,-1.492,-11.905,0.000,1.488,0.007
115.25,-11.910,0.003,-1.492,-11.905,0.000,1.488,0.007
115.27,-11.910,0.003,-1.492,-11.905,0.000,1.488,0.007
115.29,-11.911,0.002,-1.491,-11.905,0.000,1.488,0.007
115.31,-11.911,0.002,-1.491,-11.905,0.000,1.488,0.007
115.33,-11.912,0.001,-1.490,-11.905,0.000,1.488,0.007
115.36,-11.912,0.001,-1.490,-11.905,0.000,1.488,0.007
115.38,-11.913,-0.000,-1.489,-11.905,0.000,1.488,0.008
115.40,-11.913,-0.000,-1.489,-11.905,0.000,1.488,0.008
115.42,-11.913,-0.001,-1.488,-11.905,0.000,1.488,0.008
115.44,-11.913,-0.001,-1.488,-11.905,0.000,1.488,0.008
115.46,-11.913,-0.001,-1.488,-11.905,0.000,1.488,0.008
115.48,-11.914,-0.003,-1.486,-11.905,0.000,1.488,0.010
115.50,-11.914,-0.003,-1.486,-11.905,0.000,1.488,0.010
115.52,-11.915,-0.003,-1.485,-11.905,0.000,1.488,0.011
115.54,-11.915,-0.003,-1.485,-11.905,0.000,1.488,0.011
115.56,-11.915,-0.004,-1.484,-11.905,0.000,1.488,0.011
115.58,-11.915,-0.004,-1.484,-11.905,0.000,1.488,0.011
115.60,-11.914,-0.004,-1.483,-11.905,0.000,1.488,0.011
115.62,-11.914,-0.004,-1.483,-11.905,0.000,1.488,0.011
115.65,-11.914,-0.005,-1.483,-11.905,0.000,1.488,0.012
115.67,-11.914,-0.005,-1.483,-11.905,0.000,1.488,0.012
115.69,-11.914,-0.005,-1.482,-11.905,0.000,1.488,0.012
115.71,-11.914,-0.005,-1.482,-11.905,0.000,1.488,0.012
115.73,-11.913,-0.005,-1.481,-11.905,0.000,1.488,0.012
115.75,-11.913,-0.005,-1.481,-11.905,0.000,1.488,0.012
115.77,-11.913,-0.006,-1.481,-11.905,0.000,1.488,0.012
115.79,-11.913,-0.006,-1.481,-11.905,0.000,1.488,0.012
115.81,-11.912,-0.006,-1.480,-11.905,0.000,1.488,0.012
115.83,-11.912,-0.006,-1.480,-11.905,0.000,1.488,0.012
115.85,-11.912,-0.006,-1.480,-11.905,0.000,1.488,0.012
115.87,-11.912,-0.006,-1.480,-11.905,0.000,1.488,0.012
115.90,-11.912,-0.006,-1.479,-11.905,0.000,1.488,0.012
115.92,-11.912,-0.006,-1.479,-11.905,0.000,1.488,0.012
115.94,-11.912,-0.006,-1.479,-11.905,0.000,1.488,0.012
115.96,-11.912,-0.006,-1.479,-11.905,0.000,1.488,0.012
115.98,-11.912,-0.006,-1.479,-11.905,0.000,1.488,0.012
116.00,-11.911,-0.006,-1.479,-11.905,0.000,1.488,0.012
116.02,-11.911,-0.006,-1.479,-11.905,0.000,1.488,0.012
116.04,-11.911,-0.006,-1.480,-11.905,0.000,1.488,0.012
116.06,-11.911,-0.006,-1.480,-11.905,0.000,1.488,0.012
116.08,-11.911,-0.006,-1.480,-11.905,0.000,1.488,0.012
116.10,-11.911,-0.006,-1.480,-11.905,0.000,1.488,0.012
116.13,-11.911,-0.006,-1.480,-11.905,0.000,1.488,0.012
116.15,-11.911,-0.006,-1.480,-11.905,0.000,1.488,0.012
116.17,-11.911,-0.006,-1.481,-11.905,0.000,1.488,0.011
116.19,-11.911,-0.006,-1.481,-11.905,0.000,1.488,0.011
116.21,-11.911,-0.006,-1.481,-11.905,0.000,1.488,0.011
116.23,-11.911,-0.006,-1.481,-11.905,0.000,1.488,0.011
116.25,-11.910,-0.007,-1.482,-11.905,0.000,1.488,0.011
116.27,-11.910,-0.007,-1.482,-11.905,0.000,1.488,0.011
116.29,-11.910,-0.007,-1.483,-11.905,0.000,1.488,0.010
116.31,-11.910,-0.007,-1.483,-11.905,0.000,1.488,0.010
116.33,-11.910,-0.008,-1.483,-11.905,0.000,1.488,0.010
116.36,-11.910,-0.008,-1.483,-11.905,0.000,1.488,0.010
116.38,-11.910,-0.009,-1.484,-11.905,0.000,1.488,0.011
116.40,-11.910,-0.009,-1.484,-11.905,0.000,1.488,0.011
116.42,-11.909,-0.009,-1.484,-11.905,0.000,1.488,0.011
116.44,-11.909,-0.009,-1.484,-11.905,0.000,1.488,0.011
116.46,-11.909,-0.011,-1.484,-11.905,0.000,1.488,0.012
116.48,-11.909,-0.011,-1.484,-11.905,0.000,1.488,0.012
116.50,-11.909,-0.011,-1.484,-11.905,0.000,1.488,0.012
116.52,-11.908,-0.013,-1.485,-11.905,0.000,1.488,0.013
116.54,-11.908,-0.013,-1.485,-11.905,0.000,1.488,0.013
116.56,-11.907,-0.014,-1.485,-11.905,0.000,1.488,0.015
116.59,-11.907,-0.014,-1.485,-11.905,0.000,1.488,0.015
116.61,-11.906,-0.015,-1.485,-11.905,0.000,1.488,0.016
116.63,-11.906,-0.015,-1.485,-11.905,0.000,1.488,0.016
116.65,-11.905,-0.016,-1.486,-11.905,0.000,1.488,0.017
116.67,-11.905,-0.016,-1.486,-11.905,0.000,1.488,0.017
116.69,-11.905,-0.018,-1.486,-11.905,0.000,1.488,0.018
116.71,-11.905,-0.018,-1.486,-11.905,0.000,1.488,0.018
116.73,-11.904,-0.019,-1.486,-11.905,0.000,1.488,0.019
116.75,-11.904,-0.019,-1.486,-11.905,0.000,1.488,0.019
116.77,-11.903,-0.020,-1.487,-11.905,0.000,1.488,0.021
116.79,-11.903,-0.020,-1.487,-11.905,0.000,1.488,0.021
116.81,-11.902,-0.021,-1.487,-11.905,0.000,1.488,0.022
116.83,-11.902,-0.021,-1.487,-11.905,0.000,1.488,0.022
116.85,-11.901,-0.022,-1.487,-11.905,0.000,1.488,0.023
116.88,-11.901,-0.022,-1.487,-11.905,0.000,1.488,0.023
116.90,-11.901,-0.023,-1.487,-11.905,0.000,1.488,0.024
116.92,-11.901,-0.023,-1.487,-11.905,0.000,1.488,0.024
116.94,-11.900,-0.023,-1.488,-11.905,0.000,1.488,0.024
116.96,-11.900,-0.023,-1.488,-11.905,0.000,1.488,0.024
116.98,-11.900,-0.023,-1.488,-11.905,0.000,1.488,0.024
117.00,-11.899,-0.024,-1.488,-11.905,0.000,1.488,0.025
117.02,-11.899,-0.024,-1.488,-11.905,0.000,1.488,0.025
117.04,-11.899,-0.025,-1.488,-11.905,0.000,1.488,0.026
117.06,-11.899,-0.025,-1.488,-11.905,0.000,1.488,0.026
117.08,-11.898,-0.025,-1.488,-11.905,0.000,1.488,0.027
117.10,-11.898,-0.025,-1.488,-11.905,0.000,1.488,0.027
117.13,-11.898,-0.026,-1.488,-11.905,0.000,1.488,0.027
117.15,-11.898,-0.026,-1.488,-11.905,0.000,1.488,0.027
117.17,-11.898,-0.026,-1.488,-11.905,0.000,1.488,0.028
117.19,-11.898,-0.026,-1.488,-11.905,0.000,1.488,0.028
117.21,-11.898,-0.027,-1.488,-11.905,0.000,1.488,0.028
117.23,-11.898,-0.027,-1.488,-11.905,0.000,1.488,0.028
117.25,-11.898,-0.027,-1.488,-11.905,0.000,1.488,0.028
117.27,-11.898,-0.027,-1.488,-11.905,0.000,1.488,0.028
117.29,-11.898,-0.027,-1.488,-11.905,0.000,1.488,0.028
117.31,-11.898,-0.027,-1.488,-11.905,0.000,1.488,0.028
117.33,-11.899,-0.027,-1.489,-11.905,0.000,1.488,0.028
117.36,-11.899,-0.027,-1.489,-11.905,0.000,1.488,0.028
117.38,-11.900,-0.027,-1.489,-11.905,0.000,1.488,0.028
117.40,-11.900,-0.027,-1.489,-11.905,0.000,1.488,0.028
117.42,-11.900,-0.027,-1.489,-11.905,0.000,1.488,0.028
117.44,-11.900,-0.027,-1.489,-11.905,0.000,1.488,0.028
117.46,-11.901,-0.027,-1.489,-11.905,0.000,1.488,0.028
117.48,-11.901,-0.027,-1.489,-11.905,0.000,1.488,0.028
117.50,-11.901,-0.027,-1.489,-11.905,0.000,1.488,0.028
117.52,-11.903,-0.027,-1.489,-11.905,0.000,1.488,0.028
117.54,-11.903,-0.027,-1.489,-11.905,0.000,1.488,0.028
117.56,-11.905,-0.027,-1.489,-11.905,0.000,1.488,0.028
117.58,-11.905,-0.027,-1.489,-11.905,0.000,1.488,0.028
117.60,-11.906,-0.027,-1.489,-11.905,0.000,1.488,0.027
117.63,-11.906,-0.027,-1.489,-11.905,0.000,1.488,0.027
117.65,-11.908,-0.027,-1.489,-11.905,0.000,1.488,0.027
117.67,-11.908,-0.027,-1.489,-11.905,0.000,1.488,0.027
117.69,-11.909,-0.026,-1.489,-11.905,0.000,1.488,0.027
117.71,-11.909,-0.026,-1.489,-11.905,0.000,1.488,0.027
117.73,-11.909,-0.026,-1.489,-11.905,0.000,1.488,0.026
117.75,-11.909,-0.026,-1.489,-11.905,0.000,1.488,0.026
117.77,-11.910,-0.025,-1.489,-11.905,0.000,1.488,0.026
117.79,-11.910,-0.025,-1.489,-11.905,0.000,1.488,0.026
117.81,-11.911,-0.024,-1.489,-11.905,0.000,1.488,0.025
117.83,-11.911,-0.024,-1.489,-11.905,0.000,1.488,0.025
117.86,-11.911,-0.024,-1.489,-11.905,0.000,1.488,0.025
117.88,-11.911,-0.024,-1.489,-11.905,0.000,1.488,0.025
117.90,-11.911,-0.023,-1.489,-11.905,0.000,1.488,0.024
117.92,-11.911,-0.023,-1.489,-11.905,0.000,1.488,0.024
117.94,-11.911,-0.022,-1.489,-11.905,0.000,1.488,0.023
117.96,-11.911,-0.022,-1.489,-11.905,0.000,1.488,0.023
117.98,-11.911,-0.022,-1.489,-11.905,0.000,1.488,0.023
118.00,-11.911,-0.020,-1.489,-11.905,0.000,1.488,0.021
118.02,-11.911,-0.020,-1.489,-11.905,0.000,1.488,0.021
118.04,-11.911,-0.018,-1.489,-11.905,0.000,1.488,0.020
118.06,-11.911,-0.018,-1.489,-11.905,0.000,1.488,0.020
118.08,-11.911,-0.017,-1.489,-11.905,0.000,1.488,0.018
118.11,-11.911,-0.017,-1.489,-11.905,0.000,1.488,0.018
118.13,-11.911,-0.016,-1.489,-11.905,0.000,1.488,0.017
118.15,-11.911,-0.016,-1.489,-11.905,0.000,1.488,0.017
118.17,-11.910,-0.014,-1.489,-11.905,0.000,1.488,0.016
118.19,-11.910,-0.014,-1.489,-11.905,0.000,1.488,0.016
118.21,-11.910,-0.013,-1.489,-11.905,0.000,1.488,0.014
118.23,-11.910,-0.013,-1.489,-11.905,0.000,1.488,0.014
118.25,-11.910,-0.012,-1.489,-11.905,0.000,1.488,0.013
118.27,-11.910,-0.012,-1.489,-11.905,0.000,1.488,0.013
118.29,-11.910,-0.010,-1.489,-11.905,0.000,1.488,0.011
118.31,-11.910,-0.010,-1.489,-11.905,0.000,1.488,0.011
118.33,-11.909,-0.008,-1.489,-11.905,0.000,1.488,0.010
118.35,-11.909,-0.008,-1.489,-11.905,0.000,1.488,0.010
118.38,-11.909,-0.007,-1.488,-11.905,0.000,1.488,0.008
118.40,-11.909,-0.007,-1.488,-11.905,0.000,1.488,0.008
118.42,-11.908,-0.005,-1.488,-11.905,0.000,1.488,0.007
118.44,-11.908,-0.005,-1.488,-11.905,0.000,1.488,0.007
118.46,-11.908,-0.004,-1.488,-11.905,0.000,1.488,0.005
118.48,-11.908,-0.004,-1.488,-11.905,0.000,1.488,0.005
118.50,-11.908,-0.004,-1.488,-11.905,0.000,1.488,0.005
118.52,-11.908,-0.000,-1.487,-11.905,0.000,1.488,0.003
118.54,-11.908,-0.000,-1.487,-11.905,0.000,1.488,0.003
118.56,-11.908,0.001,-1.487,-11.905,0.000,1.488,0.003
118.58,-11.908,0.001,-1.487,-11.905,0.000,1.488,0.003
118.60,-11.908,0.002,-1.486,-11.905,0.000,1.488,0.004
118.63,-11.908,0.002,-1.486,-11.905,0.000,1.488,0.004
118.65,-11.908,0.004,-1.486,-11.905,0.000,1.488,0.005
118.67,-11.908,0.004,-1.486,-11.905,0.000,1.488,0.005
118.69,-11.909,0.005,-1.485,-11.905,0.000,1.488,0.006
118.71,-11.909,0.005,-1.485,-11.905,0.000,1.488,0.006
118.73,-11.909,0.006,-1.484,-11.905,0.000,1.488,0.008
118.75,-11.909,0.006,-1.484,-11.905,0.000,1.488,0.008
118.77,-11.910,0.007,-1.484,-11.905,0.000,1.488,0.009
118.79,-11.910,0.007,-1.484,-11.905,0.000,1.488,0.009
118.81,-11.911,0.008,-1.483,-11.905,0.000,1.488,0.010
118.83,-11.911,0.008,-1.483,-11.905,0.000,1.488,0.010
118.85,-11.912,0.008,-1.483,-11.905,0.000,1.488,0.011
118.88,-11.912,0.008,-1.483,-11.905,0.000,1.488,0.011
118.90,-11.913,0.008,-1.482,-11.905,0.000,1.488,0.013
118.92,-11.913,0.008,-1.482,-11.905,0.000,1.488,0.013
118.94,-11.914,0.009,-1.482,-11.905,0.000,1.488,0.014
118.96,-11.914,0.009,-1.482,-11.905,0.000,1.488,0.014
118.98,-11.916,0.009,-1.481,-11.905,0.000,1.488,0.015
119.00,-11.916,0.009,-1.481,-11.905,0.000,1.488,0.015
119.02,-11.916,0.009,-1.481,-11.905,0.000,1.488,0.015
119.04,-11.918,0.009,-1.480,-11.905,0.000,1.488,0.017
119.06,-11.918,0.009,-1.480,-11.905,0.000,1.488,0.017
119.08,-11.919,0.009,-1.480,-11.905,0.000,1.488,0.018
119.10,-11.919,0.009,-1.480,-11.905,0.000,1.488,0.018
119.12,-11.921,0.009,-1.479,-11.905,0.000,1.488,0.019
119.15,-11.921,0.009,-1.479,-11.905,0.000,1.488,0.019
119.17,-11.922,0.008,-1.479,-11.905,0.000,1.488,0.020
119.19,-11.922,0.008,-1.479,-11.905,0.000,1.488,0.020
119.21,-11.923,0.008,-1.479,-11.905,0.000,1.488,0.021
119.23,-11.923,0.008,-1.479,-11.905,0.000,1.488,0.021
119.25,-11.924,0.008,-1.478,-11.905,0.000,1.488,0.022
119.27,-11.924,0.008,-1.478,-11.905,0.000,1.488,0.022
119.29,-11.925,0.007,-1.478,-11.905,0.000,1.488,0.023
119.31,-11.925,0.007,-1.478,-11.905,0.000,1.488,0.023
119.33,-11.926,0.007,-1.478,-11.905,0.000,1.488,0.024
119.35,-11.926,0.007,-1.478,-11.905,0.000,1.488,0.024
119.37,-11.926,0.006,-1.478,-11.905,0.000,1.488,0.024
119.39,-11.926,0.006,-1.478,-11.905,0.000,1.488,0.024
119.42,-11.927,0.005,-1.478,-11.905,0.000,1.488,0.025
119.44,-11.927,0.005,-1.478,-11.905,0.000,1.488,0.025
119.46,-11.928,0.005,-1.478,-11.905,0.000,1.488,0.025
119.48,-11.928,0.005,-1.478,-11.905,0.000,1.488,0.025
119.50,-11.928,0.005,-1.478,-11.905,0.000,1.488,0.025
119.52,-11.928,0.004,-1.479,-11.905,0.000,1.488,0.025
119.54,-11.928,0.004,-1.479,-11.905,0.000,1.488,0.025
119.56,-11.929,0.003,-1.479,-11.905,0.000,1.488,0.026
119.58,-11.929,0.003,-1.479,-11.905,0.000,1.488,0.026
119.60,-11.930,0.003,-1.479,-11.905,0.000,1.488,0.026
119.62,-11.930,0.003,-1.479,-11.905,0.000,1.488,0.026
119.64,-11.930,0.003,-1.480,-11.905,0.000,1.488,0.027
119.66,-11.930,0.003,-1.480,-11.905,0.000,1.488,0.027
119.69,-11.931,0.003,-1.481,-11.905,0.000,1.488,0.027
119.71,-11.931,0.003,-1.481,-11.905,0.000,1.488,0.027
119.73,-11.932,0.003,-1.481,-11.905,0.000,1.488,0.028
119.75,-11.932,0.003,-1.481,-11.905,0.000,1.488,0.028
119.77,-11.933,0.003,-1.482,-11.905,0.000,1.488,0.029
119.79,-11.933,0.003,-1.482,-11.905,0.000,1.488,0.029
119.81,-11.934,0.003,-1.482,-11.905,0.000,1.488,0.030
119.83,-11.934,0.003,-1.482,-11.905,0.000,1.488,0.030
119.85,-11.935,0.003,-1.482,-11.905,0.000,1.488,0.030
119.87,-11.935,0.003,-1.482,-11.905,0.000,1.488,0.030
119.89,-11.936,0.004,-1.483,-11.905,0.000,1.488,0.031
119.91,-11.936,0.004,-1.483,-11.905,0.000,1.488,0.031
119.93,-11.936,0.004,-1.483,-11.905,0.000,1.488,0.032
119.96,-11.936,0.004,-1.483,-11.905,0.000,1.488,0.032
119.98,-11.937,0.005,-1.483,-11.905,0.000,1.488,0.033
120.00,-11.937,0.005,-1.483,-11.905,0.000,1.488,0.033
120.02,-11.937,0.005,-1.483,-11.905,0.000,1.488,0.033
120.04,-11.938,0.005,-1.483,-11.905,0.000,1.488,0.034
120.06,-11.938,0.005,-1.483,-11.905,0.000,1.488,0.034
120.08,-11.939,0.005,-1.483,-11.905,0.000,1.488,0.034
120.10,-11.939,0.005,-1.483,-11.905,0.000,1.488,0.034
120.12,-11.939,0.006,-1.483,-11.905,0.000,1.488,0.035
120.14,-11.939,0.006,-1.483,-11.905,0.000,1.488,0.035
120.16,-11.940,0.006,-1.483,-11.905,0.000,1.488,0.035
120.18,-11.940,0.006,-1.483,-11.905,0.000,1.488,0.035
120.20,-11.940,0.006,-1.482,-11.905,0.000,1.488,0.035
120.23,-11.940,0.006,-1.482,-11.905,0.000,1.488,0.035
120.25,-11.940,0.006,-1.482,-11.905,0.000,1.488,0.035
120.27,-11.940,0.006,-1.482,-11.905,0.000,1.488,0.035
120.29,-11.940,0.006,-1.482,-11.905,0.000,1.488,0.035
120.31,-11.940,0.006,-1.482,-11.905,0.000,1.488,0.035
120.33,-11.939,0.007,-1.482,-11.905,0.000,1.488,0.035
120.35,-11.939,0.007,-1.482,-11.905,0.000,1.488,0.035
120.37,-11.939,0.007,-1.481,-11.905,0.000,1.488,0.035
120.39,-11.939,0.007,-1.481,-11.905,0.000,1.488,0.035
120.41,-11.939,0.008,-1.481,-11.905,0.000,1.488,0.035
120.43,-11.939,0.008,-1.481,-11.905,0.000,1.488,0.035
120.45,-11.938,0.009,-1.481,-11.905,0.000,1.488,0.034
120.47,-11.938,0.009,-1.481,-11.905,0.000,1.488,0.034
120.50,-11.937,0.009,-1.481,-11.905,0.000,1.488,0.034
120.52,-11.937,0.009,-1.481,-11.905,0.000,1.488,0.034
120.54,-11.937,0.009,-1.481,-11.905,0.000,1.488,0.034
120.56,-11.936,0.010,-1.482,-11.905,0.000,1.488,0.033
120.58,-11.936,0.010,-1.482,-11.905,0.000,1.488,0.033
120.60,-11.934,0.011,-1.482,-11.905,0.000,1.488,0.032
120.62,-11.934,0.011,-1.482,-11.905,0.000,1.488,0.032
120.64,-11.933,0.012,-1.482,-11.905,0.000,1.488,0.030
120.66,-11.933,0.012,-1.482,-11.905,0.000,1.488,0.030
120.68,-11.931,0.013,-1.482,-11.905,0.000,1.488,0.030
120.70,-11.931,0.013,-1.482,-11.905,0.000,1.488,0.030
120.72,-11.930,0.014,-1.482,-11.905,0.000,1.488,0.029
120.74,-11.930,0.014,-1.482,-11.905,0.000,1.488,0.029
120.76,-11.928,0.014,-1.482,-11.905,0.000,1.488,0.027
120.79,-11.928,0.014,-1.482,-11.905,0.000,1.488,0.027
120.81,-11.926,0.015,-1.482,-11.905,0.000,1.488,0.026
120.83,-11.926,0.015,-1.482,-11.905,0.000,1.488,0.026
120.85,-11.925,0.015,-1.481,-11.905,0.000,1.488,0.025
120.87,-11.925,0.015,-1.481,-11.905,0.000,1.488,0.025
120.89,-11.923,0.015,-1.481,-11.905,0.000,1.488,0.024
120.91,-11.923,0.015,-1.481,-11.905,0.000,1.488,0.024
120.93,-11.921,0.015,-1.481,-11.905,0.000,1.488,0.023
120.95,-11.921,0.015,-1.481,-11.905,0.000,1.488,0.023
120.97,-11.919,0.015,-1.481,-11.905,0.000,1.488,0.022
120.99,-11.919,0.015,-1.481,-11.905,0.000,1.488,0.022
121.01,-11.919,0.015,-1.481,-11.905,0.000,1.488,0.022
121.04,-11.917,0.015,-1.481,-11.905,0.000,1.488,0.020
121.06,-11.917,0.015,-1.481,-11.905,0.000,1.488,0.020
121.08,-11.916,0.015,-1.482,-11.905,0.000,1.488,0.020
121.10,-11.916,0.015,-1.482,-11.905,0.000,1.488,0.020
121.12,-11.915,0.015,-1.482,-11.905,0.000,1.488,0.019
121.14,-11.915,0.015,-1.482,-11.905,0.000,1.488,0.019
121.16,-11.914,0.015,-1.483,-11.905,0.000,1.488,0.018
121.18,-11.914,0.015,-1.483,-11.905,0.000,1.488,0.018
121.20,-11.913,0.014,-1.483,-11.905,0.000,1.488,0.017
121.22,-11.913,0.014,-1.483,-11.905,0.000,1.488,0.017
121.24,-11.912,0.014,-1.483,-11.905,0.000,1.488,0.016
121.26,-11.912,0.014,-1.483,-11.905,0.000,1.488,0.016
121.28,-11.912,0.013,-1.483,-11.905,0.000,1.488,0.015
121.31,-11.912,0.013,-1.483,-11.905,0.000,1.488,0.015
121.33,-11.912,0.013,-1.484,-11.905,0.000,1.488,0.015
121.35,-11.912,0.013,-1.484,-11.905,0.000,1.488,0.015
121.37,-11.911,0.012,-1.484,-11.905,0.000,1.488,0.014
121.39,-11.911,0.012,-1.484,-11.905,0.000,1.488,0.014
121.41,-11.911,0.012,-1.484,-11.905,0.000,1.488,0.014
121.43,-11.911,0.012,-1.484,-11.905,0.000,1.488,0.014
121.45,-11.910,0.011,-1.484,-11.905,0.000,1.488,0.013
121.47,-11.910,0.011,-1.484,-11.905,0.000,1.488,0.013
121.49,-11.910,0.011,-1.484,-11.905,0.000,1.488,0.012
121.52,-11.910,0.011,-1.484,-11.905,0.000,1.488,0.012
121.54,-11.910,0.011,-1.484,-11.905,0.000,1.488,0.012
121.56,-11.909,0.010,-1.484,-11.905,0.000,1.488,0.011
121.58,-11.909,0.010,-1.484,-11.905,0.000,1.488,0.011
121.60,-11.909,0.009,-1.484,-11.905,0.000,1.488,0.010
121.62,-11.909,0.009,-1.484,-11.905,0.000,1.488,0.010
121.64,-11.908,0.008,-1.484,-11.905,0.000,1.488,0.009
121.66,-11.908,0.008,-1.484,-11.905,0.000,1.488,0.009
121.68,-11.908,0.008,-1.484,-11.905,0.000,1.488,0.008
121.70,-11.908,0.008,-1.484,-11.905,0.000,1.488,0.008
121.72,-11.907,0.007,-1.485,-11.905,0.000,1.488,0.008
121.74,-11.907,0.007,-1.485,-11.905,0.000,1.488,0.008
121.76,-11.907,0.007,-1.485,-11.905,0.000,1.488,0.007
121.79,-11.907,0.007,-1.485,-11.905,0.000,1.488,0.007
121.81,-11.906,0.007,-1.485,-11.905,0.000,1.488,0.007
121.83,-11.906,0.007,-1.485,-11.905,0.000,1.488,0.007
121.85,-11.905,0.006,-1.486,-11.905,0.000,1.488,0.006
121.87,-11.905,0.006,-1.486,-11.905,0.000,1.488,0.006
121.89,-11.904,0.006,-1.486,-11.905,0.000,1.488,0.006
121.91,-11.904,0.006,-1.486,-11.905,0.000,1.488,0.006
121.93,-11.904,0.005,-1.487,-11.905,0.000,1.488,0.005
121.95,-11.904,0.005,-1.487,-11.905,0.000,1.488,0.005
121.97,-11.903,0.005,-1.487,-11.905,0.000,1.488,0.005
121.99,-11.903,0.005,-1.487,-11.905,0.000,1.488,0.005
122.01,-11.903,0.005,-1.487,-11.905,0.000,1.488,0.005
122.03,-11.903,0.004,-1.487,-11.905,0.000,1.488,0.005
122.06,-11.903,0.004,-1.487,-11.905,0.000,1.488,0.005
122.08,-11.902,0.004,-1.487,-11.905,0.000,1.488,0.005
122.10,-11.902,0.004,-1.487,-11.905,0.000,1.488,0.005
122.12,-11.902,0.003,-1.487,-11.905,0.000,1.488,0.005
122.14,-11.902,0.003,-1.487,-11.905,0.000,1.488,0.005
122.16,-11.901,0.003,-1.487,-11.905,0.000,1.488,0.005
122.18,-11.901,0.003,-1.487,-11.905,0.000,1.488,0.005
122.20,-11.901,0.003,-1.488,-11.905,0.000,1.488,0.005
122.22,-11.901,0.003,-1.488,-11.905,0.000,1.488,0.005
122.24,-11.901,0.003,-1.488,-11.905,0.000,1.488,0.005
122.26,-11.901,0.003,-1.488,-11.905,0.000,1.488,0.005
122.28,-11.900,0.003,-1.489,-11.905,0.000,1.488,0.006
122.30,-11.900,0.003,-1.489,-11.905,0.000,1.488,0.006
122.33,-11.900,0.003,-1.489,-11.905,0.000,1.488,0.006
122.35,-11.900,0.003,-1.489,-11.905,0.000,1.488,0.006
122.37,-11.900,0.003,-1.490,-11.905,0.000,1.488,0.006
122.39,-11.900,0.003,-1.490,-11.905,0.000,1.488,0.006
122.41,-11.900,0.003,-1.490,-11.905,0.000,1.488,0.006
122.43,-11.900,0.003,-1.490,-11.905,0.000,1.488,0.006
122.45,-11.900,0.002,-1.491,-11.905,0.000,1.488,0.006
122.47,-11.900,0.002,-1.491,-11.905,0.000,1.488,0.006
122.49,-11.899,0.002,-1.491,-11.905,0.000,1.488,0.007
122.51,-11.899,0.002,-1.491,-11.905,0.000,1.488,0.007
122.53,-11.899,0.002,-1.491,-11.905,0.000,1.488,0.007
122.55,-11.899,0.001,-1.491,-11.905,0.000,1.488,0.007
122.58,-11.899,0.001,-1.491,-11.905,0.000,1.488,0.007
122.60,-11.899,-0.000,-1.491,-11.905,0.000,1.488,0.007
122.62,-11.899,-0.000,-1.491,-11.905,0.000,1.488,0.007
122.64,-11.898,-0.001,-1.491,-11.905,0.000,1.488,0.008
122.66,-11.898,-0.001,-1.491,-11.905,0.000,1.488,0.008
122.68,-11.898,-0.002,-1.491,-11.905,0.000,1.488,0.008
122.70,-11.898,-0.002,-1.491,-11.905,0.000,1.488,0.008
122.72,-11.898,-0.004,-1.490,-11.905,0.000,1.488,0.009
122.74,-11.898,-0.004,-1.490,-11.905,0.000,1.488,0.009
122.76,-11.897,-0.005,-1.490,-11.905,0.000,1.488,0.010
122.78,-11.897,-0.005,-1.490,-11.905,0.000,1.488,0.010
122.81,-11.897,-0.007,-1.490,-11.905,0.000,1.488,0.011
122.83,-11.897,-0.007,-1.490,-11.905,0.000,1.488,0.011
122.85,-11.897,-0.007,-1.489,-11.905,0.000,1.488,0.012
122.87,-11.897,-0.007,-1.489,-11.905,0.000,1.488,0.012
122.89,-11.897,-0.009,-1.489,-11.905,0.000,1.488,0.013
122.91,-11.897,-0.009,-1.489,-11.905,0.000,1.488,0.013
122.93,-11.896,-0.010,-1.488,-11.905,0.000,1.488,0.013
122.95,-11.896,-0.010,-1.488,-11.905,0.000,1.488,0.013
122.97,-11.896,-0.011,-1.488,-11.905,0.000,1.488,0.014
122.99,-11.896,-0.011,-1.488,-11.905,0.000,1.488,0.014
123.01,-11.896,-0.012,-1.488,-11.905,0.000,1.488,0.015
123.03,-11.896,-0.012,-1.488,-11.905,0.000,1.488,0.015
123.06,-11.896,-0.012,-1.488,-11.905,0.000,1.488,0.015
123.08,-11.896,-0.013,-1.487,-11.905,0.000,1.488,0.016
123.10,-11.896,-0.013,-1.487,-11.905,0.000,1.488,0.016
123.12,-11.896,-0.014,-1.487,-11.905,0.000,1.488,0.017
123.14,-11.896,-0.014,-1.487,-11.905,0.000,1.488,0.017
123.16,-11.895,-0.015,-1.487,-11.905,0.000,1.488,0.018
123.18,-11.895,-0.015,-1.487,-11.905,0.000,1.488,0.018
123.20,-11.895,-0.016,-1.486,-11.905,0.000,1.488,0.020
123.22,-11.895,-0.016,-1.486,-11.905,0.000,1.488,0.020
123.24,-11.894,-0.017,-1.486,-11.905,0.000,1.488,0.020
123.26,-11.894,-0.017,-1.486,-11.905,0.000,1.488,0.020
123.28,-11.894,-0.017,-1.486,-11.905,0.000,1.488,0.021
123.30,-11.894,-0.017,-1.486,-11.905,0.000,1.488,0.021
123.33,-11.894,-0.018,-1.486,-11.905,0.000,1.488,0.022
123.35,-11.894,-0.018,-1.486,-11.905,0.000,1.488,0.022
123.37,-11.893,-0.018,-1.486,-11.905,0.000,1.488,0.022
123.39,-11.893,-0.018,-1.486,-11.905,0.000,1.488,0.022
123.41,-11.893,-0.019,-1.486,-11.905,0.000,1.488,0.022
123.43,-11.893,-0.019,-1.486,-11.905,0.000,1.488,0.022
123.45,-11.894,-0.019,-1.486,-11.905,0.000,1.488,0.022
123.47,-11.894,-0.019,-1.486,-11.905,0.000,1.488,0.022
123.49,-11.894,-0.019,-1.486,-11.905,0.000,1.488,0.023
123.51,-11.894,-0.019,-1.486,-11.905,0.000,1.488,0.023
123.53,-11.894,-0.019,-1.486,-11.905,0.000,1.488,0.023
123.55,-11.895,-0.019,-1.486,-11.905,0.000,1.488,0.023
123.58,-11.895,-0.019,-1.486,-11.905,0.000,1.488,0.023
123.60,-11.895,-0.020,-1.486,-11.905,0.000,1.488,0.022
123.62,-11.895,-0.020,-1.486,-11.905,0.000,1.488,0.022
123.64,-11.895,-0.020,-1.486,-11.905,0.000,1.488,0.022
123.66,-11.895,-0.020,-1.486,-11.905,0.000,1.488,0.022
123.68,-11.895,-0.020,-1.486,-11.905,0.000,1.488,0.022
123.70,-11.895,-0.020,-1.486,-11.905,0.000,1.488,0.022
123.72,-11.896,-0.019,-1.486,-11.905,0.000,1.488,0.022
123.74,-11.896,-0.019,-1.486,-11.905,0.000,1.488,0.022
123.76,-11.896,-0.019,-1.486,-11.905,0.000,1.488,0.022
123.78,-11.896,-0.019,-1.486,-11.905,0.000,1.488,0.022
123.80,-11.896,-0.019,-1.486,-11.905,0.000,1.488,0.022
123.82,-11.896,-0.019,-1.486,-11.905,0.000,1.488,0.022
123.85,-11.896,-0.019,-1.486,-11.905,0.000,1.488,0.021
123.87,-11.896,-0.019,-1.486,-11.905,0.000,1.488,0.021
123.89,-11.896,-0.018,-1.486,-11.905,0.000,1.488,0.021
123.91,-11.896,-0.018,-1.486,-11.905,0.000,1.488,0.021
123.93,-11.896,-0.018,-1.486,-11.905,0.000,1.488,0.021
123.95,-11.896,-0.018,-1.486,-11.905,0.000,1.488,0.021
123.97,-11.896,-0.017,-1.485,-11.905,0.000,1.488,0.020
123.99,-11.896,-0.017,-1.485,-11.905,0.000,1.488,0.020
124.01,-11.896,-0.016,-1.485,-11.905,0.000,1.488,0.019
124.03,-11.896,-0.016,-1.485,-11.905,0.000,1.488,0.019
124.05,-11.896,-0.016,-1.485,-11.905,0.000,1.488,0.019
124.07,-11.896,-0.015,-1.485,-11.905,0.000,1.488,0.018
124.10,-11.896,-0.015,-1.485,-11.905,0.000,1.488,0.018
124.12,-11.896,-0.014,-1.485,-11.905,0.000,1.488,0.017
124.14,-11.896,-0.014,-1.485,-11.905,0.000,1.488,0.017
124.16,-11.896,-0.013,-1.485,-11.905,0.000,1.488,0.016
124.18,-11.896,-0.013,-1.485,-11.905,0.000,1.488,0.016
124.20,-11.896,-0.012,-1.486,-11.905,0.000,1.488,0.015
124.22,-11.896,-0.012,-1.486,-11.905,0.000,1.488,0.015
124.24,-11.895,-0.010,-1.486,-11.905,0.000,1.488,0.015
124.26,-11.895,-0.010,-1.486,-11.905,0.000,1.488,0.015
124.28,-11.895,-0.009,-1.486,-11.905,0.000,1.488,0.014
124.30,-11.895,-0.009,-1.486,-11.905,0.000,1.488,0.014
124.32,-11.895,-0.009,-1.486,-11.905,0.000,1.488,0.014
124.35,-11.895,-0.009,-1.486,-11.905,0.000,1.488,0.014
124.37,-11.895,-0.008,-1.486,-11.905,0.000,1.488,0.013
124.39,-11.895,-0.008,-1.486,-11.905,0.000,1.488,0.013
124.41,-11.894,-0.007,-1.486,-11.905,0.000,1.488,0.013
124.43,-11.894,-0.007,-1.486,-11.905,0.000,1.488,0.013
124.45,-11.894,-0.006,-1.486,-11.905,0.000,1.488,0.013
124.47,-11.894,-0.006,-1.486,-11.905,0.000,1.488,0.013
124.49,-11.893,-0.005,-1.486,-11.905,0.000,1.488,0.013
124.51,-11.893,-0.005,-1.486,-11.905,0.000,1.488,0.013
124.53,-11.893,-0.005,-1.486,-11.905,0.000,1.488,0.013
124.55,-11.892,-0.003,-1.486,-11.905,0.000,1.488,0.013
124.58,-11.892,-0.003,-1.486,-11.905,0.000,1.488,0.013
124.60,-11.892,-0.002,-1.486,-11.905,0.000,1.488,0.014
124.62,-11.892,-0.002,-1.486,-11.905,0.000,1.488,0.014
124.64,-11.891,-0.001,-1.486,-11.905,0.000,1.488,0.015
124.66,-11.891,-0.001,-1.486,-11.905,0.000,1.488,0.015
124.68,-11.890,-0.000,-1.486,-11.905,0.000,1.488,0.015
124.70,-11.890,-0.000,-1.486,-11.905,0.000,1.488,0.015
124.72,-11.889,0.001,-1.486,-11.905,0.000,1.488,0.016
124.74,-11.889,0.001,-1.486,-11.905,0.000,1.488,0.016
124.76,-11.889,0.001,-1.486,-11.905,0.000,1.488,0.017
124.78,-11.889,0.001,-1.486,-11.905,0.000,1.488,0.017
124.80,-11.888,0.002,-1.486,-11.905,0.000,1.488,0.018
124.82,-11.888,0.002,-1.486,-11.905,0.000,1.488,0.018
124.85,-11.887,0.003,-1.486,-11.905,0.000,1.488,0.018
124.87,-11.887,0.003,-1.486,-11.905,0.000,1.488,0.018
124.89,-11.887,0.003,-1.486,-11.905,0.000,1.488,0.019
124.91,-11.887,0.003,-1.486,-11.905,0.000,1.488,0.019
124.93,-11.886,0.003,-1.486,-11.905,0.000,1.488,0.019
124.95,-11.886,0.003,-1.486,-11.905,0.000,1.488,0.019
124.97,-11.886,0.003,-1.486,-11.905,0.000,1.488,0.020
124.99,-11.886,0.003,-1.486,-11.905,0.000,1.488,0.020
125.01,-11.885,0.004,-1.486,-11.905,0.000,1.488,0.020
125.03,-11.885,0.004,-1.486,-11.905,0.000,1.488,0.020
125.05,-11.885,0.004,-1.486,-11.905,0.000,1.488,0.020
125.08,-11.884,0.004,-1.486,-11.905,0.000,1.488,0.021
125.10,-11.884,0.004,-1.486,-11.905,0.000,1.488,0.021
125.12,-11.884,0.004,-1.487,-11.905,0.000,1.488,0.022
125.14,-11.884,0.004,-1.487,-11.905,0.000,1.488,0.022
125.16,-11.884,0.005,-1.487,-11.905,0.000,1.488,0.022
125.18,-11.884,0.005,-1.487,-11.905,0.000,1.488,0.022
125.20,-11.883,0.005,-1.487,-11.905,0.000,1.488,0.023
125.22,-11.883,0.005,-1.487,-11.905,0.000,1.488,0.023
125.24,-11.883,0.006,-1.487,-11.905,0.000,1.488,0.023
125.26,-11.883,0.006,-1.487,-11.905,0.000,1.488,0.023
125.28,-11.882,0.006,-1.487,-11.905,0.000,1.488,0.024
125.30,-11.882,0.006,-1.487,-11.905,0.000,1.488,0.024
125.32,-11.882,0.006,-1.487,-11.905,0.000,1.488,0.024
125.34,-11.882,0.006,-1.487,-11.905,0.000,1.488,0.024
125.37,-11.882,0.007,-1.487,-11.905,0.000,1.488,0.024
125.39,-11.882,0.007,-1.487,-11.905,0.000,1.488,0.024
125.41,-11.881,0.007,-1.487,-11.905,0.000,1.488,0.025
125.43,-11.881,0.007,-1.487,-11.905,0.000,1.488,0.025
125.45,-11.881,0.007,-1.487,-11.905,0.000,1.488,0.025
125.47,-11.881,0.007,-1.487,-11.905,0.000,1.488,0.025
125.49,-11.881,0.007,-1.487,-11.905,0.000,1.488,0.025
125.51,-11.881,0.007,-1.487,-11.905,0.000,1.488,0.025
125.53,-11.882,0.008,-1.487,-11.905,0.000,1.488,0.025
125.55,-11.882,0.008,-1.487,-11.905,0.000,1.488,0.025
125.57,-11.882,0.008,-1.487,-11.905,0.000,1.488,0.025
125.59,-11.882,0.008,-1.487,-11.905,0.000,1.488,0.024
125.61,-11.882,0.008,-1.487,-11.905,0.000,1.488,0.024
125.64,-11.883,0.008,-1.488,-11.905,0.000,1.488,0.024
125.66,-11.883,0.008,-1.488,-11.905,0.000,1.488,0.024
125.68,-11.883,0.008,-1.488,-11.905,0.000,1.488,0.023
125.70,-11.883,0.008,-1.488,-11.905,0.000,1.488,0.023
125.72,-11.884,0.008,-1.488,-11.905,0.000,1.488,0.022
125.74,-11.884,0.008,-1.488,-11.905,0.000,1.488,0.022
125.76,-11.885,0.008,-1.488,-11.905,0.000,1.488,0.022
125.78,-11.885,0.008,-1.488,-11.905,0.000,1.488,0.022
125.80,-11.886,0.007,-1.488,-11.905,0.000,1.488,0.020
125.82,-11.886,0.007,-1.488,-11.905,0.000,1.488,0.020
125.84,-11.887,0.007,-1.488,-11.905,0.000,1.488,0.019
125.86,-11.887,0.007,-1.488,-11.905,0.000,1.488,0.019
125.88,-11.888,0.006,-1.488,-11.905,0.000,1.488,0.018
125.91,-11.888,0.006,-1.488,-11.905,0.000,1.488,0.018
125.93,-11.889,0.005,-1.488,-11.905,0.000,1.488,0.017
125.95,-11.889,0.005,-1.488,-11.905,0.000,1.488,0.017
125.97,-11.890,0.004,-1.488,-11.905,0.000,1.488,0.016
125.99,-11.890,0.004,-1.488,-11.905,0.000,1.488,0.016
126.01,-11.891,0.004,-1.488,-11.905,0.000,1.488,0.015
126.03,-11.891,0.004,-1.488,-11.905,0.000,1.488,0.015
126.05,-11.891,0.004,-1.488,-11.905,0.000,1.488,0.015
126.07,-11.892,0.003,-1.488,-11.905,0.000,1.488,0.013
126.09,-11.892,0.003,-1.488,-11.905,0.000,1.488,0.013
126.11,-11.893,0.002,-1.487,-11.905,0.000,1.488,0.012
126.13,-11.893,0.002,-1.487,-11.905,0.000,1.488,0.012
126.15,-11.894,0.001,-1.487,-11.905,0.000,1.488,0.011
126.18,-11.894,0.001,-1.487,-11.905,0.000,1.488,0.011
126.20,-11.895,0.000,-1.487,-11.905,0.000,1.488,0.010
126.22,-11.895,0.000,-1.487,-11.905,0.000,1.488,0.010
126.24,-11.896,-0.000,-1.487,-11.905,0.000,1.488,0.009
126.26,-11.896,-0.000,-1.487,-11.905,0.000,1.488,0.009
126.28,-11.897,-0.001,-1.487,-11.905,0.000,1.488,0.008
126.30,-11.897,-0.001,-1.487,-11.905,0.000,1.488,0.008
126.32,-11.898,-0.001,-1.487,-11.905,0.000,1.488,0.007
126.34,-11.898,-0.001,-1.487,-11.905,0.000,1.488,0.007
126.36,-11.899,-0.001,-1.487,-11.905,0.000,1.488,0.007
126.38,-11.899,-0.001,-1.487,-11.905,0.000,1.488,0.007
126.40,-11.900,-0.001,-1.488,-11.905,0.000,1.488,0.005
126.42,-11.900,-0.001,-1.488,-11.905,0.000,1.488,0.005
126.45,-11.901,-0.000,-1.488,-11.905,0.000,1.488,0.005
126.47,-11.901,-0.000,-1.488,-11.905,0.000,1.488,0.005
126.49,-11.902,0.000,-1.488,-11.905,0.000,1.488,0.004
126.51,-11.902,0.000,-1.488,-11.905,0.000,1.488,0.004
126.53,-11.902,0.001,-1.488,-11.905,0.000,1.488,0.003
126.55,-11.902,0.001,-1.488,-11.905,0.000,1.488,0.003
126.57,-11.902,0.001,-1.488,-11.905,0.000,1.488,0.003
126.59,-11.903,0.003,-1.489,-11.905,0.000,1.488,0.003
126.61,-11.903,0.003,-1.489,-11.905,0.000,1.488,0.003
126.63,-11.904,0.004,-1.489,-11.905,0.000,1.488,0.004
126.65,-11.904,0.004,-1.489,-11.905,0.000,1.488,0.004
126.67,-11.905,0.005,-1.489,-11.905,0.000,1.488,0.005
126.69,-11.905,0.005,-1.489,-11.905,0.000,1.488,0.005
126.72,-11.906,0.007,-1.489,-11.905,0.000,1.488,0.007
126.74,-11.906,0.007,-1.489,-11.905,0.000,1.488,0.007
126.76,-11.908,0.008,-1.490,-11.905,0.000,1.488,0.008
126.78,-11.908,0.008,-1.490,-11.905,0.000,1.488,0.008
126.80,-11.909,0.010,-1.490,-11.905,0.000,1.488,0.010
126.82,-11.909,0.010,-1.490,-11.905,0.000,1.488,0.010
126.84,-11.911,0.012,-1.490,-11.905,0.000,1.488,0.013
126.86,-11.911,0.012,-1.490,-11.905,0.000,1.488,0.013
126.88,-11.913,0.013,-1.491,-11.905,0.000,1.488,0.015
126.90,-11.913,0.013,-1.491,-11.905,0.000,1.488,0.015
126.92,-11.915,0.014,-1.491,-11.905,0.000,1.488,0.017
126.94,-11.915,0.014,-1.491,-11.905,0.000,1.488,0.017
126.97,-11.917,0.015,-1.491,-11.905,0.000,1.488,0.019
126.99,-11.917,0.015,-1.491,-11.905,0.000,1.488,0.019
127.01,-11.919,0.016,-1.492,-11.905,0.000,1.488,0.022
127.03,-11.919,0.016,-1.492,-11.905,0.000,1.488,0.022
127.05,-11.922,0.016,-1.492,-11.905,0.000,1.488,0.024
127.07,-11.922,0.016,-1.492,-11.905,0.000,1.488,0.024
127.09,-11.922,0.016,-1.492,-11.905,0.000,1.488,0.024
127.11,-11.925,0.017,-1.492,-11.905,0.000,1.488,0.026
127.13,-11.925,0.017,-1.492,-11.905,0.000,1.488,0.026
127.15,-11.928,0.017,-1.492,-11.905,0.000,1.488,0.029
127.17,-11.928,0.017,-1.492,-11.905,0.000,1.488,0.029
127.19,-11.930,0.017,-1.492,-11.905,0.000,1.488,0.030
127.21,-11.930,0.017,-1.492,-11.905,0.000,1.488,0.030
127.24,-11.932,0.017,-1.493,-11.905,0.000,1.488,0.032
127.26,-11.932,0.017,-1.493,-11.905,0.000,1.488,0.032
127.28,-11.934,0.017,-1.493,-11.905,0.000,1.488,0.033
127.30,-11.934,0.017,-1.493,-11.905,0.000,1.488,0.033
127.32,-11.935,0.016,-1.493,-11.905,0.000,1.488,0.034
127.34,-11.935,0.016,-1.493,-11.905,0.000,1.488,0.034
127.36,-11.937,0.016,-1.493,-11.905,0.000,1.488,0.036
127.38,-11.937,0.016,-1.493,-11.905,0.000,1.488,0.036
127.40,-11.938,0.016,-1.493,-11.905,0.000,1.488,0.036
127.42,-11.938,0.016,-1.493,-11.905,0.000,1.488,0.036
127.44,-11.938,0.015,-1.493,-11.905,0.000,1.488,0.037
127.46,-11.938,0.015,-1.493,-11.905,0.000,1.488,0.037
127.48,-11.939,0.015,-1.493,-11.905,0.000,1.488,0.037
127.51,-11.939,0.015,-1.493,-11.905,0.000,1.488,0.037
127.53,-11.939,0.015,-1.493,-11.905,0.000,1.488,0.037
127.55,-11.939,0.015,-1.493,-11.905,0.000,1.488,0.037
127.57,-11.939,0.015,-1.493,-11.905,0.000,1.488,0.037
127.59,-11.939,0.014,-1.492,-11.905,0.000,1.488,0.037
127.61,-11.939,0.014,-1.492,-11.905,0.000,1.488,0.037
127.63,-11.939,0.013,-1.492,-11.905,0.000,1.488,0.037
127.65,-11.939,0.013,-1.492,-11.905,0.000,1.488,0.037
127.67,-11.939,0.013,-1.491,-11.905,0.000,1.488,0.037
127.69,-11.939,0.013,-1.491,-11.905,0.000,1.488,0.037
127.71,-11.939,0.012,-1.491,-11.905,0.000,1.488,0.036
127.73,-11.939,0.012,-1.491,-11.905,0.000,1.488,0.036
127.76,-11.939,0.012,-1.490,-11.905,0.000,1.488,0.036
127.78,-11.939,0.012,-1.490,-11.905,0.000,1.488,0.036
127.80,-11.939,0.012,-1.490,-11.905,0.000,1.488,0.036
127.82,-11.939,0.012,-1.490,-11.905,0.000,1.488,0.036
127.84,-11.939,0.011,-1.489,-11.905,0.000,1.488,0.036
127.86,-11.939,0.011,-1.489,-11.905,0.000,1.488,0.036
127.88,-11.939,0.011,-1.489,-11.905,0.000,1.488,0.035
127.90,-11.939,0.011,-1.489,-11.905,0.000,1.488,0.035
127.92,-11.939,0.010,-1.488,-11.905,0.000,1.488,0.035
127.94,-11.939,0.010,-1.488,-11.905,0.000,1.488,0.035
127.96,-11.938,0.010,-1.487,-11.905,0.000,1.488,0.034
127.98,-11.938,0.010,-1.487,-11.905,0.000,1.488,0.034
128.01,-11.938,0.009,-1.487,-11.905,0.000,1.488,0.034
128.03,-11.938,0.009,-1.487,-11.905,0.000,1.488,0.034
128.05,-11.937,0.008,-1.487,-11.905,0.000,1.488,0.033
128.07,-11.937,0.008,-1.487,-11.905,0.000,1.488,0.033
128.09,-11.937,0.008,-1.487,-11.905,0.000,1.488,0.033
128.11,-11.936,0.007,-1.486,-11.905,0.000,1.488,0.032
128.13,-11.936,0.007,-1.486,-11.905,0.000,1.488,0.032
128.15,-11.936,0.007,-1.486,-11.905,0.000,1.488,0.031
128.17,-11.936,0.007,-1.486,-11.905,0.000,1.488,0.031
128.19,-11.934,0.006,-1.486,-11.905,0.000,1.488,0.030
128.21,-11.934,0.006,-1.486,-11.905,0.000,1.488,0.030
128.23,-11.934,0.005,-1.486,-11.905,0.000,1.488,0.029
128.25,-11.934,0.005,-1.486,-11.905,0.000,1.488,0.029
128.28,-11.932,0.004,-1.485,-11.905,0.000,1.488,0.028
128.30,-11.932,0.004,-1.485,-11.905,0.000,1.488,0.028
128.32,-11.931,0.003,-1.485,-11.905,0.000,1.488,0.027
128.34,-11.931,0.003,-1.485,-11.905,0.000,1.488,0.027
128.36,-11.930,0.002,-1.485,-11.905,0.000,1.488,0.025
128.38,-11.930,0.002,-1.485,-11.905,0.000,1.488,0.025
128.40,-11.929,-0.000,-1.485,-11.905,0.000,1.488,0.024
128.42,-11.929,-0.000,-1.485,-11.905,0.000,1.488,0.024
128.44,-11.928,-0.002,-1.485,-11.905,0.000,1.488,0.023
128.46,-11.928,-0.002,-1.485,-11.905,0.000,1.488,0.023
128.48,-11.926,-0.004,-1.485,-11.905,0.000,1.488,0.022
128.50,-11.926,-0.004,-1.485,-11.905,0.000,1.488,0.022
128.53,-11.925,-0.006,-1.485,-11.905,0.000,1.488,0.021
128.55,-11.925,-0.006,-1.485,-11.905,0.000,1.488,0.021
128.57,-11.925,-0.006,-1.485,-11.905,0.000,1.488,0.021
128.59,-11.924,-0.008,-1.485,-11.905,0.000,1.488,0.021
128.61,-11.924,-0.008,-1.485,-11.905,0.000,1.488,0.021
128.63,-11.923,-0.010,-1.485,-11.905,0.000,1.488,0.021
128.65,-11.923,-0.010,-1.485,-11.905,0.000,1.488,0.021
128.67,-11.922,-0.012,-1.485,-11.905,0.000,1.488,0.021
128.69,-11.922,-0.012,-1.485,-11.905,0.000,1.488,0.021
128.71,-11.921,-0.014,-1.485,-11.905,0.000,1.488,0.021
128.73,-11.921,-0.014,-1.485,-11.905,0.000,1.488,0.021
128.75,-11.920,-0.015,-1.485,-11.905,0.000,1.488,0.022
128.78,-11.920,-0.015,-1.485,-11.905,0.000,1.488,0.022
128.80,-11.919,-0.017,-1.486,-11.905,0.000,1.488,0.022
128.82,-11.919,-0.017,-1.486,-11.905,0.000,1.488,0.022
128.84,-11.918,-0.018,-1.486,-11.905,0.000,1.488,0.023
128.86,-11.918,-0.018,-1.486,-11.905,0.000,1.488,0.023
128.88,-11.917,-0.019,-1.486,-11.905,0.000,1.488,0.023
128.90,-11.917,-0.019,-1.486,-11.905,0.000,1.488,0.023
128.92,-11.916,-0.021,-1.487,-11.905,0.000,1.488,0.024
128.94,-11.916,-0.021,-1.487,-11.905,0.000,1.488,0.024
128.96,-11.916,-0.022,-1.487,-11.905,0.000,1.488,0.024
128.98,-11.916,-0.022,-1.487,-11.905,0.000,1.488,0.024
129.00,-11.915,-0.022,-1.488,-11.905,0.000,1.488,0.025
129.02,-11.915,-0.022,-1.488,-11.905,0.000,1.488,0.025
129.05,-11.914,-0.023,-1.488,-11.905,0.000,1.488,0.025
129.07,-11.914,-0.023,-1.488,-11.905,0.000,1.488,0.025
129.09,-11.914,-0.023,-1.488,-11.905,0.000,1.488,0.025
129.11,-11.913,-0.023,-1.489,-11.905,0.000,1.488,0.025
129.13,-11.913,-0.023,-1.489,-11.905,0.000,1.488,0.025
129.15,-11.912,-0.024,-1.490,-11.905,0.000,1.488,0.025
129.17,-11.912,-0.024,-1.490,-11.905,0.000,1.488,0.025
129.19,-11.911,-0.024,-1.490,-11.905,0.000,1.488,0.025
129.21,-11.911,-0.024,-1.490,-11.905,0.000,1.488,0.025
129.23,-11.910,-0.024,-1.491,-11.905,0.000,1.488,0.025
129.25,-11.910,-0.024,-1.491,-11.905,0.000,1.488,0.025
129.27,-11.909,-0.024,-1.491,-11.905,0.000,1.488,0.025
129.29,-11.909,-0.024,-1.491,-11.905,0.000,1.488,0.025
129.31,-11.908,-0.024,-1.491,-11.905,0.000,1.488,0.025
129.34,-11.908,-0.024,-1.491,-11.905,0.000,1.488,0.025
129.36,-11.907,-0.024,-1.492,-11.905,0.000,1.488,0.025
129.38,-11.907,-0.024,-1.492,-11.905,0.000,1.488,0.025
129.40,-11.907,-0.024,-1.492,-11.905,0.000,1.488,0.025
129.42,-11.907,-0.024,-1.492,-11.905,0.000,1.488,0.025
129.44,-11.905,-0.024,-1.492,-11.905,0.000,1.488,0.025
129.46,-11.905,-0.024,-1.492,-11.905,0.000,1.488,0.025
129.48,-11.905,-0.024,-1.492,-11.905,0.000,1.488,0.024
129.50,-11.905,-0.024,-1.492,-11.905,0.000,1.488,0.024
129.52,-11.904,-0.024,-1.493,-11.905,0.000,1.488,0.024
129.54,-11.904,-0.024,-1.493,-11.905,0.000,1.488,0.024
129.56,-11.903,-0.024,-1.493,-11.905,0.000,1.488,0.025
129.59,-11.903,-0.024,-1.493,-11.905,0.000,1.488,0.025
129.61,-11.903,-0.024,-1.493,-11.905,0.000,1.488,0.025
129.63,-11.902,-0.024,-1.493,-11.905,0.000,1.488,0.025
129.65,-11.902,-0.024,-1.493,-11.905,0.000,1.488,0.025
129.67,-11.901,-0.024,-1.494,-11.905,0.000,1.488,0.025
129.69,-11.901,-0.024,-1.494,-11.905,0.000,1.488,0.025
129.71,-11.900,-0.024,-1.494,-11.905,0.000,1.488,0.026
129.73,-11.900,-0.024,-1.494,-11.905,0.000,1.488,0.026
129.75,-11.899,-0.024,-1.495,-11.905,0.000,1.488,0.026
129.77,-11.899,-0.024,-1.495,-11.905,0.000,1.488,0.026
129.79,-11.899,-0.024,-1.495,-11.905,0.000,1.488,0.027
129.81,-11.899,-0.024,-1.495,-11.905,0.000,1.488,0.027
129.84,-11.898,-0.025,-1.496,-11.905,0.000,1.488,0.027
129.86,-11.898,-0.025,-1.496,-11.905,0.000,1.488,0.027
129.88,-11.898,-0.025,-1.496,-11.905,0.000,1.488,0.027
129.90,-11.898,-0.025,-1.496,-11.905,0.000,1.488,0.027
129.92,-11.897,-0.024,-1.496,-11.905,0.000,1.488,0.027
129.94,-11.897,-0.024,-1.496,-11.905,0.000,1.488,0.027
129.96,-11.897,-0.024,-1.496,-11.905,0.000,1.488,0.027
129.98,-11.897,-0.024,-1.496,-11.905,0.000,1.488,0.027
130.00,-11.896,-0.024,-1.496,-11.905,0.000,1.488,0.027
130.02,-11.896,-0.024,-1.496,-11.905,0.000,1.488,0.027
130.05,-11.895,-0.024,-1.496,-11.905,0.000,1.488,0.027
130.07,-11.895,-0.024,-1.496,-11.905,0.000,1.488,0.027
130.09,-11.895,-0.024,-1.496,-11.905,0.000,1.488,0.027
130.11,-11.894,-0.023,-1.496,-11.905,0.000,1.488,0.027
130.13,-11.894,-0.023,-1.496,-11.905,0.000,1.488,0.027
130.15,-11.894,-0.023,-1.497,-11.905,0.000,1.488,0.027
130.17,-11.894,-0.023,-1.497,-11.905,0.000,1.488,0.027
130.19,-11.893,-0.023,-1.497,-11.905,0.000,1.488,0.028
130.21,-11.893,-0.023,-1.497,-11.905,0.000,1.488,0.028
130.23,-11.892,-0.022,-1.497,-11.905,0.000,1.488,0.028
130.25,-11.892,-0.022,-1.497,-11.905,0.000,1.488,0.028
130.27,-11.891,-0.021,-1.497,-11.905,0.000,1.488,0.028
130.29,-11.891,-0.021,-1.497,-11.905,0.000,1.488,0.028
130.32,-11.890,-0.021,-1.498,-11.905,0.000,1.488,0.028
130.34,-11.890,-0.021,-1.498,-11.905,0.000,1.488,0.028
130.36,-11.889,-0.020,-1.498,-11.905,0.000,1.488,0.027
130.38,-11.889,-0.020,-1.498,-11.905,0.000,1.488,0.027
130.40,-11.889,-0.019,-1.498,-11.905,0.000,1.488,0.027
130.42,-11.889,-0.019,-1.498,-11.905,0.000,1.488,0.027
130.44,-11.889,-0.017,-1.499,-11.905,0.000,1.488,0.027
130.46,-11.889,-0.017,-1.499,-11.905,0.000,1.488,0.027
130.48,-11.888,-0.016,-1.499,-11.905,0.000,1.488,0.026
130.50,-11.888,-0.016,-1.499,-11.905,0.000,1.488,0.026
130.52,-11.888,-0.014,-1.499,-11.905,0.000,1.488,0.025
130.54,-11.888,-0.014,-1.499,-11.905,0.000,1.488,0.025
130.56,-11.888,-0.012,-1.499,-11.905,0.000,1.488,0.024
130.59,-11.888,-0.012,-1.499,-11.905,0.000,1.488,0.024
130.61,-11.888,-0.012,-1.499,-11.905,0.000,1.488,0.024
130.63,-11.888,-0.010,-1.498,-11.905,0.000,1.488,0.023
130.65,-11.888,-0.010,-1.498,-11.905,0.000,1.488,0.023
130.67,-11.888,-0.008,-1.498,-11.905,0.000,1.488,0.022
130.69,-11.888,-0.008,-1.498,-11.905,0.000,1.488,0.022
130.71,-11.888,-0.007,-1.497,-11.905,0.000,1.488,0.021
130.73,-11.888,-0.007,-1.497,-11.905,0.000,1.488,0.021
130.75,-11.887,-0.005,-1.497,-11.905,0.000,1.488,0.021
130.77,-11.887,-0.005,-1.497,-11.905,0.000,1.488,0.021
130.79,-11.887,-0.003,-1.496,-11.905,0.000,1.488,0.020
130.81,-11.887,-0.003,-1.496,-11.905,0.000,1.488,0.020
130.83,-11.887,-0.001,-1.496,-11.905,0.000,1.488,0.020
130.86,-11.887,-0.001,-1.496,-11.905,0.000,1.488,0.020
130.88,-11.887,0.001,-1.495,-11.905,0.000,1.488,0.020
130.90,-11.887,0.001,-1.495,-11.905,0.000,1.488,0.020
130.92,-11.886,0.003,-1.495,-11.905,0.000,1.488,0.020
130.94,-11.886,0.003,-1.495,-11.905,0.000,1.488,0.020
130.96,-11.886,0.005,-1.495,-11.905,0.000,1.488,0.021
130.98,-11.886,0.005,-1.495,-11.905,0.000,1.488,0.021
131.00,-11.886,0.007,-1.494,-11.905,0.000,1.488,0.021
131.02,-11.886,0.007,-1.494,-11.905,0.000,1.488,0.021
131.04,-11.886,0.009,-1.494,-11.905,0.000,1.488,0.022
131.06,-11.886,0.009,-1.494,-11.905,0.000,1.488,0.022
131.08,-11.886,0.009,-1.494,-11.905,0.000,1.488,0.022
131.10,-11.885,0.011,-1.493,-11.905,0.000,1.488,0.023
131.13,-11.885,0.011,-1.493,-11.905,0.000,1.488,0.023
131.15,-11.885,0.013,-1.493,-11.905,0.000,1.488,0.024
131.17,-11.885,0.013,-1.493,-11.905,0.000,1.488,0.024
131.19,-11.885,0.014,-1.493,-11.905,0.000,1.488,0.025
131.21,-11.885,0.014,-1.493,-11.905,0.000,1.488,0.025
131.23,-11.885,0.016,-1.492,-11.905,0.000,1.488,0.026
131.25,-11.885,0.016,-1.492,-11.905,0.000,1.488,0.026
131.27,-11.885,0.017,-1.492,-11.905,0.000,1.488,0.027
131.29,-11.885,0.017,-1.492,-11.905,0.000,1.488,0.027
131.31,-11.885,0.019,-1.492,-11.905,0.000,1.488,0.028
131.33,-11.885,0.019,-1.492,-11.905,0.000,1.488,0.028
131.36,-11.885,0.020,-1.491,-11.905,0.000,1.488,0.028
131.38,-11.885,0.020,-1.491,-11.905,0.000,1.488,0.028
131.40,-11.885,0.021,-1.491,-11.905,0.000,1.488,0.029
131.42,-11.885,0.021,-1.491,-11.905,0.000,1.488,0.029
131.44,-11.886,0.021,-1.490,-11.905,0.000,1.488,0.029
131.46,-11.886,0.021,-1.490,-11.905,0.000,1.488,0.029
131.48,-11.886,0.022,-1.490,-11.905,0.000,1.488,0.029
131.50,-11.886,0.022,-1.490,-11.905,0.000,1.488,0.029
131.52,-11.887,0.023,-1.489,-11.905,0.000,1.488,0.029
131.54,-11.887,0.023,-1.489,-11.905,0.000,1.488,0.029
131.56,-11.888,0.023,-1.489,-11.905,0.000,1.488,0.028
131.58,-11.888,0.023,-1.489,-11.905,0.000,1.488,0.028
131.60,-11.888,0.023,-1.489,-11.905,0.000,1.488,0.028
131.63,-11.889,0.023,-1.488,-11.905,0.000,1.488,0.028
131.65,-11.889,0.023,-1.488,-11.905,0.000,1.488,0.028
131.67,-11.891,0.023,-1.488,-11.905,0.000,1.488,0.027
131.69,-11.891,0.023,-1.488,-11.905,0.000,1.488,0.027
131.71,-11.892,0.023,-1.487,-11.905,0.000,1.488,0.026
131.73,-11.892,0.023,-1.487,-11.905,0.000,1.488,0.026
131.75,-11.894,0.023,-1.486,-11.905,0.000,1.488,0.025
131.77,-11.894,0.023,-1.486,-11.905,0.000,1.488,0.025
131.79,-11.895,0.022,-1.486,-11.905,0.000,1.488,0.024
131.81,-11.895,0.022,-1.486,-11.905,0.000,1.488,0.024
131.83,-11.897,0.021,-1.486,-11.905,0.000,1.488,0.022
131.85,-11.897,0.021,-1.486,-11.905,0.000,1.488,0.022
131.87,-11.899,0.020,-1.485,-11.905,0.000,1.488,0.021
131.90,-11.899,0.020,-1.485,-11.905,0.000,1.488,0.021
131.92,-11.900,0.020,-1.485,-11.905,0.000,1.488,0.020
131.94,-11.900,0.020,-1.485,-11.905,0.000,1.488,0.020
131.96,-11.901,0.019,-1.484,-11.905,0.000,1.488,0.019
131.98,-11.901,0.019,-1.484,-11.905,0.000,1.488,0.019
132.00,-11.903,0.018,-1.484,-11.905,0.000,1.488,0.018
132.02,-11.903,0.018,-1.484,-11.905,0.000,1.488,0.018
132.04,-11.905,0.016,-1.484,-11.905,0.000,1.488,0.016
132.06,-11.905,0.016,-1.484,-11.905,0.000,1.488,0.016
132.08,-11.907,0.015,-1.483,-11.905,0.000,1.488,0.015
132.10,-11.907,0.015,-1.483,-11.905,0.000,1.488,0.015
132.12,-11.907,0.015,-1.483,-11.905,0.000,1.488,0.015
132.15,-11.909,0.014,-1.483,-11.905,0.000,1.488,0.015
132.17,-11.909,0.014,-1.483,-11.905,0.000,1.488,0.015
132.19,-11.911,0.013,-1.483,-11.905,0.000,1.488,0.014
132.21,-11.911,0.013,-1.483,-11.905,0.000,1.488,0.014
132.23,-11.912,0.012,-1.483,-11.905,0.000,1.488,0.014
132.25,-11.912,0.012,-1.483,-11.905,0.000,1.488,0.014
132.27,-11.914,0.011,-1.483,-11.905,0.000,1.488,0.014
132.29,-11.914,0.011,-1.483,-11.905,0.000,1.488,0.014
132.31,-11.915,0.010,-1.483,-11.905,0.000,1.488,0.015
132.33,-11.915,0.010,-1.483,-11.905,0.000,1.488,0.015
132.35,-11.917,0.010,-1.483,-11.905,0.000,1.488,0.016
132.37,-11.917,0.010,-1.483,-11.905,0.000,1.488,0.016
132.39,-11.918,0.009,-1.483,-11.905,0.000,1.488,0.016
132.41,-11.918,0.009,-1.483,-11.905,0.000,1.488,0.016
132.44,-11.919,0.009,-1.483,-11.905,0.000,1.488,0.017
132.46,-11.919,0.009,-1.483,-11.905,0.000,1.488,0.017
132.48,-11.920,0.009,-1.483,-11.905,0.000,1.488,0.018
132.50,-11.920,0.009,-1.483,-11.905,0.000,1.488,0.018
132.52,-11.921,0.009,-1.483,-11.905,0.000,1.488,0.018
132.54,-11.921,0.009,-1.483,-11.905,0.000,1.488,0.018
132.56,-11.922,0.009,-1.483,-11.905,0.000,1.488,0.019
132.58,-11.922,0.009,-1.483,-11.905,0.000,1.488,0.019
132.60,-11.922,0.009,-1.483,-11.905,0.000,1.488,0.019
132.62,-11.924,0.009,-1.483,-11.905,0.000,1.488,0.021
132.64,-11.924,0.009,-1.483,-11.905,0.000,1.488,0.021
132.66,-11.925,0.009,-1.483,-11.905,0.000,1.488,0.022
132.68,-11.925,0.009,-1.483,-11.905,0.000,1.488,0.022
132.71,-11.926,0.009,-1.483,-11.905,0.000,1.488,0.023
132.73,-11.926,0.009,-1.483,-11.905,0.000,1.488,0.023
132.75,-11.927,0.009,-1.483,-11.905,0.000,1.488,0.024
132.77,-11.927,0.009,-1.483,-11.905,0.000,1.488,0.024
132.79,-11.928,0.009,-1.483,-11.905,0.000,1.488,0.025
132.81,-11.928,0.009,-1.483,-11.905,0.000,1.488,0.025
132.83,-11.929,0.009,-1.483,-11.905,0.000,1.488,0.026
132.85,-11.929,0.009,-1.483,-11.905,0.000,1.488,0.026
132.87,-11.930,0.008,-1.483,-11.905,0.000,1.488,0.027
132.89,-11.930,0.008,-1.483,-11.905,0.000,1.488,0.027
132.91,-11.931,0.008,-1.483,-11.905,0.000,1.488,0.028
132.93,-11.931,0.008,-1.483,-11.905,0.000,1.488,0.028
132.95,-11.933,0.009,-1.483,-11.905,0.000,1.488,0.029
132.98,-11.933,0.009,-1.483,-11.905,0.000,1.488,0.029
133.00,-11.934,0.009,-1.483,-11.905,0.000,1.488,0.030
133.02,-11.934,0.009,-1.483,-11.905,0.000,1.488,0.030
133.04,-11.935,0.009,-1.483,-11.905,0.000,1.488,0.031
133.06,-11.935,0.009,-1.483,-11.905,0.000,1.488,0.031
133.08,-11.936,0.009,-1.483,-11.905,0.000,1.488,0.032
133.10,-11.936,0.009,-1.483,-11.905,0.000,1.488,0.032
133.12,-11.936,0.009,-1.483,-11.905,0.000,1.488,0.032
133.14,-11.937,0.010,-1.482,-11.905,0.000,1.488,0.034
133.16,-11.937,0.010,-1.482,-11.905,0.000,1.488,0.034
133.18,-11.938,0.010,-1.482,-11.905,0.000,1.488,0.035
133.21,-11.938,0.010,-1.482,-11.905,0.000,1.488,0.035
133.23,-11.939,0.011,-1.482,-11.905,0.000,1.488,0.036
133.25,-11.939,0.011,-1.482,-11.905,0.000,1.488,0.036
133.27,-11.939,0.012,-1.482,-11.905,0.000,1.488,0.036
133.29,-11.939,0.012,-1.482,-11.905,0.000,1.488,0.036
133.31,-11.939,0.012,-1.482,-11.905,0.000,1.488,0.037
133.33,-11.939,0.012,-1.482,-11.905,0.000,1.488,0.037
133.35,-11.940,0.013,-1.482,-11.905,0.000,1.488,0.037
133.37,-11.940,0.013,-1.482,-11.905,0.000,1.488,0.037
133.39,-11.940,0.013,-1.482,-11.905,0.000,1.488,0.037
133.41,-11.940,0.013,-1.482,-11.905,0.000,1.488,0.037
133.44,-11.940,0.013,-1.482,-11.905,0.000,1.488,0.037
133.46,-11.940,0.013,-1.482,-11.905,0.000,1.488,0.037
133.48,-11.940,0.013,-1.482,-11.905,0.000,1.488,0.037
133.50,-11.940,0.013,-1.482,-11.905,0.000,1.488,0.037
133.52,-11.940,0.013,-1.482,-11.905,0.000,1.488,0.037
133.54,-11.940,0.013,-1.482,-11.905,0.000,1.488,0.037
133.56,-11.939,0.013,-1.482,-11.905,0.000,1.488,0.037
133.58,-11.939,0.013,-1.482,-11.905,0.000,1.488,0.037
133.60,-11.939,0.013,-1.482,-11.905,0.000,1.488,0.037
133.62,-11.939,0.012,-1.482,-11.905,0.000,1.488,0.036
133.64,-11.939,0.012,-1.482,-11.905,0.000,1.488,0.036
133.66,-11.938,0.012,-1.482,-11.905,0.000,1.488,0.035
133.69,-11.938,0.012,-1.482,-11.905,0.000,1.488,0.035
133.71,-11.937,0.011,-1.482,-11.905,0.000,1.488,0.035
133.73,-11.937,0.011,-1.482,-11.905,0.000,1.488,0.035
133.75,-11.937,0.011,-1.482,-11.905,0.000,1.488,0.034
133.77,-11.937,0.011,-1.482,-11.905,0.000,1.488,0.034
133.79,-11.936,0.010,-1.482,-11.905,0.000,1.488,0.033
133.81,-11.936,0.010,-1.482,-11.905,0.000,1.488,0.033
133.83,-11.935,0.010,-1.482,-11.905,0.000,1.488,0.032
133.85,-11.935,0.010,-1.482,-11.905,0.000,1.488,0.032
133.87,-11.934,0.010,-1.482,-11.905,0.000,1.488,0.030
133.89,-11.934,0.010,-1.482,-11.905,0.000,1.488,0.030
133.91,-11.933,0.010,-1.483,-11.905,0.000,1.488,0.029
133.93,-11.933,0.010,-1.483,-11.905,0.000,1.488,0.029
133.96,-11.932,0.010,-1.483,-11.905,0.000,1.488,0.029
133.98,-11.932,0.010,-1.483,-11.905,0.000,1.488,0.029
134.00,-11.931,0.010,-1.484,-11.905,0.000,1.488,0.028
134.02,-11.931,0.010,-1.484,-11.905,0.000,1.488,0.028
134.04,-11.929,0.011,-1.485,-11.905,0.000,1.488,0.026
134.06,-11.929,0.011,-1.485,-11.905,0.000,1.488,0.026
134.08,-11.928,0.011,-1.485,-11.905,0.000,1.488,0.026
134.10,-11.928,0.011,-1.485,-11.905,0.000,1.488,0.026
134.12,-11.928,0.011,-1.485,-11.905,0.000,1.488,0.026
134.15,-11.926,0.013,-1.486,-11.905,0.000,1.488,0.024
134.17,-11.926,0.013,-1.486,-11.905,0.000,1.488,0.024
134.19,-11.925,0.013,-1.487,-11.905,0.000,1.488,0.024
134.21,-11.925,0.013,-1.487,-11.905,0.000,1.488,0.024
134.23,-11.923,0.014,-1.488,-11.905,0.000,1.488,0.023
134.25,-11.923,0.014,-1.488,-11.905,0.000,1.488,0.023
134.27,-11.922,0.015,-1.489,-11.905,0.000,1.488,0.022
134.29,-11.922,0.015,-1.489,-11.905,0.000,1.488,0.022
134.31,-11.920,0.016,-1.489,-11.905,0.000,1.488,0.022
134.33,-11.920,0.016,-1.489,-11.905,0.000,1.488,0.022
134.35,-11.919,0.017,-1.490,-11.905,0.000,1.488,0.022
134.37,-11.919,0.017,-1.490,-11.905,0.000,1.488,0.022
134.39,-11.917,0.018,-1.491,-11.905,0.000,1.488,0.022
134.42,-11.917,0.018,-1.491,-11.905,0.000,1.488,0.022
134.44,-11.916,0.019,-1.491,-11.905,0.000,1.488,0.022
134.46,-11.916,0.019,-1.491,-11.905,0.000,1.488,0.022
134.48,-11.914,0.020,-1.491,-11.905,0.000,1.488,0.022
134.50,-11.914,0.020,-1.491,-11.905,0.000,1.488,0.022
134.52,-11.913,0.021,-1.492,-11.905,0.000,1.488,0.022
134.54,-11.913,0.021,-1.492,-11.905,0.000,1.488,0.022
134.56,-11.911,0.021,-1.492,-11.905,0.000,1.488,0.022
134.58,-11.911,0.021,-1.492,-11.905,0.000,1.488,0.022
134.60,-11.909,0.021,-1.492,-11.905,0.000,1.488,0.022
134.62,-11.909,0.021,-1.492,-11.905,0.000,1.488,0.022
134.64,-11.909,0.021,-1.492,-11.905,0.000,1.488,0.022
134.66,-11.907,0.021,-1.492,-11.905,0.000,1.488,0.022
134.68,-11.907,0.021,-1.492,-11.905,0.000,1.488,0.022
134.71,-11.906,0.021,-1.492,-11.905,0.000,1.488,0.021
134.73,-11.906,0.021,-1.492,-11.905,0.000,1.488,0.021
134.75,-11.905,0.021,-1.492,-11.905,0.000,1.488,0.021
134.77,-11.905,0.021,-1.492,-11.905,0.000,1.488,0.021
134.79,-11.904,0.020,-1.492,-11.905,0.000,1.488,0.020
134.81,-11.904,0.020,-1.492,-11.905,0.000,1.488,0.020
134.83,-11.903,0.020,-1.492,-11.905,0.000,1.488,0.020
134.85,-11.903,0.020,-1.492,-11.905,0.000,1.488,0.020
134.87,-11.902,0.019,-1.492,-11.905,0.000,1.488,0.019
134.89,-11.902,0.019,-1.492,-11.905,0.000,1.488,0.019
134.91,-11.901,0.018,-1.492,-11.905,0.000,1.488,0.018
134.93,-11.901,0.018,-1.492,-11.905,0.000,1.488,0.018
134.96,-11.901,0.017,-1.492,-11.905,0.000,1.488,0.017
134.98,-11.901,0.017,-1.492,-11.905,0.000,1.488,0.017
135.00,-11.900,0.016,-1.492,-11.905,0.000,1.488,0.017
135.02,-11.900,0.016,-1.492,-11.905,0.000,1.488,0.017
135.04,-11.899,0.014,-1.492,-11.905,0.000,1.488,0.016
135.06,-11.899,0.014,-1.492,-11.905,0.000,1.488,0.016
135.08,-11.899,0.013,-1.492,-11.905,0.000,1.488,0.014
135.10,-11.899,0.013,-1.492,-11.905,0.000,1.488,0.014
135.12,-11.899,0.013,-1.492,-11.905,0.000,1.488,0.014
135.14,-11.899,0.011,-1.492,-11.905,0.000,1.488,0.013
135.16,-11.899,0.011,-1.492,-11.905,0.000,1.488,0.013
135.18,-11.900,0.010,-1.492,-11.905,0.000,1.488,0.012
135.20,-11.900,0.010,-1.492,-11.905,0.000,1.488,0.012
135.22,-11.900,0.008,-1.492,-11.905,0.000,1.488,0.010
135.25,-11.900,0.008,-1.492,-11.905,0.000,1.488,0.010
135.27,-11.901,0.007,-1.492,-11.905,0.000,1.488,0.009
135.29,-11.901,0.007,-1.492,-11.905,0.000,1.488,0.009
135.31,-11.902,0.006,-1.493,-11.905,0.000,1.488,0.008
135.33,-11.902,0.006,-1.493,-11.905,0.000,1.488,0.008
135.35,-11.902,0.005,-1.493,-11.905,0.000,1.488,0.007
135.37,-11.902,0.005,-1.493,-11.905,0.000,1.488,0.007
135.39,-11.903,0.003,-1.493,-11.905,0.000,1.488,0.006
135.41,-11.903,0.003,-1.493,-11.905,0.000,1.488,0.006
135.43,-11.904,0.002,-1.493,-11.905,0.000,1.488,0.005
135.45,-11.904,0.002,-1.493,-11.905,0.000,1.488,0.005
135.48,-11.905,0.000,-1.493,-11.905,0.000,1.488,0.005
135.50,-11.905,0.000,-1.493,-11.905,0.000,1.488,0.005
135.52,-11.905,-0.001,-1.493,-11.905,0.000,1.488,0.006
135.54,-11.905,-0.001,-1.493,-11.905,0.000,1.488,0.006
135.56,-11.906,-0.003,-1.493,-11.905,0.000,1.488,0.006
135.58,-11.906,-0.003,-1.493,-11.905,0.000,1.488,0.006
135.60,-11.907,-0.005,-1.493,-11.905,0.000,1.488,0.008
135.62,-11.907,-0.005,-1.493,-11.905,0.000,1.488,0.008
135.64,-11.907,-0.005,-1.493,-11.905,0.000,1.488,0.008
135.66,-11.908,-0.007,-1.493,-11.905,0.000,1.488,0.010
135.68,-11.908,-0.007,-1.493,-11.905,0.000,1.488,0.010
135.70,-11.908,-0.009,-1.493,-11.905,0.000,1.488,0.011
135.72,-11.908,-0.009,-1.493,-11.905,0.000,1.488,0.011
135.75,-11.909,-0.010,-1.493,-11.905,0.000,1.488,0.012
135.77,-11.909,-0.010,-1.493,-11.905,0.000,1.488,0.012
135.79,-11.909,-0.011,-1.493,-11.905,0.000,1.488,0.013
135.81,-11.909,-0.011,-1.493,-11.905,0.000,1.488,0.013
135.83,-11.910,-0.012,-1.493,-11.905,0.000,1.488,0.014
135.85,-11.910,-0.012,-1.493,-11.905,0.000,1.488,0.014
135.87,-11.910,-0.013,-1.493,-11.905,0.000,1.488,0.015
135.89,-11.910,-0.013,-1.493,-11.905,0.000,1.488,0.015
135.91,-11.911,-0.014,-1.493,-11.905,0.000,1.488,0.016
135.93,-11.911,-0.014,-1.493,-11.905,0.000,1.488,0.016
135.96,-11.911,-0.014,-1.493,-11.905,0.000,1.488,0.017
135.98,-11.911,-0.014,-1.493,-11.905,0.000,1.488,0.017
136.00,-11.912,-0.015,-1.493,-11.905,0.000,1.488,0.017
136.02,-11.912,-0.015,-1.493,-11.905,0.000,1.488,0.017
136.04,-11.912,-0.015,-1.493,-11.905,0.000,1.488,0.018
136.06,-11.912,-0.015,-1.493,-11.905,0.000,1.488,0.018
136.08,-11.912,-0.015,-1.494,-11.905,0.000,1.488,0.018
136.10,-11.912,-0.015,-1.494,-11.905,0.000,1.488,0.018
136.12,-11.912,-0.015,-1.494,-11.905,0.000,1.488,0.018
136.14,-11.912,-0.015,-1.494,-11.905,0.000,1.488,0.018
136.16,-11.912,-0.015,-1.494,-11.905,0.000,1.488,0.018
136.18,-11.912,-0.014,-1.494,-11.905,0.000,1.488,0.017
136.20,-11.912,-0.014,-1.494,-11.905,0.000,1.488,0.017
136.23,-11.911,-0.014,-1.494,-11.905,0.000,1.488,0.016
136.25,-11.911,-0.014,-1.494,-11.905,0.000,1.488,0.016
136.27,-11.911,-0.013,-1.493,-11.905,0.000,1.488,0.016
136.29,-11.911,-0.013,-1.493,-11.905,0.000,1.488,0.016
136.31,-11.911,-0.012,-1.493,-11.905,0.000,1.488,0.014
136.33,-11.911,-0.012,-1.493,-11.905,0.000,1.488,0.014
136.35,-11.910,-0.011,-1.493,-11.905,0.000,1.488,0.013
136.37,-11.910,-0.011,-1.493,-11.905,0.000,1.488,0.013
136.39,-11.909,-0.009,-1.493,-11.905,0.000,1.488,0.012
136.41,-11.909,-0.009,-1.493,-11.905,0.000,1.488,0.012
136.43,-11.909,-0.008,-1.492,-11.905,0.000,1.488,0.010
136.45,-11.909,-0.008,-1.492,-11.905,0.000,1.488,0.010
136.48,-11.908,-0.006,-1.492,-11.905,0.000,1.488,0.009
136.50,-11.908,-0.006,-1.492,-11.905,0.000,1.488,0.009
136.52,-11.908,-0.005,-1.492,-11.905,0.000,1.488,0.008
136.54,-11.908,-0.005,-1.492,-11.905,0.000,1.488,0.008
136.56,-11.907,-0.004,-1.492,-11.905,0.000,1.488,0.007
136.58,-11.907,-0.004,-1.492,-11.905,0.000,1.488,0.007
136.60,-11.907,-0.002,-1.492,-11.905,0.000,1.488,0.006
136.62,-11.907,-0.002,-1.492,-11.905,0.000,1.488,0.006
136.64,-11.907,-0.002,-1.492,-11.905,0.000,1.488,0.006
136.66,-11.906,-0.000,-1.493,-11.905,0.000,1.488,0.005
136.68,-11.906,-0.000,-1.493,-11.905,0.000,1.488,0.005
136.70,-11.906,0.001,-1.493,-11.905,0.000,1.488,0.005
136.73,-11.906,0.001,-1.493,-11.905,0.000,1.488,0.005
136.75,-11.905,0.002,-1.493,-11.905,0.000,1.488,0.005
136.77,-11.905,0.002,-1.493,-11.905,0.000,1.488,0.005
136.79,-11.904,0.003,-1.493,-11.905,0.000,1.488,0.006
136.81,-11.904,0.003,-1.493,-11.905,0.000,1.488,0.006
136.83,-11.904,0.004,-1.493,-11.905,0.000,1.488,0.007
136.85,-11.904,0.004,-1.493,-11.905,0.000,1.488,0.007
136.87,-11.902,0.005,-1.494,-11.905,0.000,1.488,0.008
136.89,-11.902,0.005,-1.494,-11.905,0.000,1.488,0.008
136.91,-11.902,0.006,-1.494,-11.905,0.000,1.488,0.009
136.93,-11.902,0.006,-1.494,-11.905,0.000,1.488,0.009
136.96,-11.901,0.006,-1.494,-11.905,0.000,1.488,0.010
136.98,-11.901,0.006,-1.494,-11.905,0.000,1.488,0.010
137.00,-11.900,0.007,-1.494,-11.905,0.000,1.488,0.010
137.02,-11.900,0.007,-1.494,-11.905,0.000,1.488,0.010
137.04,-11.899,0.007,-1.494,-11.905,0.000,1.488,0.011
137.06,-11.899,0.007,-1.494,-11.905,0.000,1.488,0.011
137.08,-11.898,0.007,-1.494,-11.905,0.000,1.488,0.012
137.10,-11.898,0.007,-1.494,-11.905,0.000,1.488,0.012
137.12,-11.896,0.007,-1.494,-11.905,0.000,1.488,0.013
137.14,-11.896,0.007,-1.494,-11.905,0.000,1.488,0.013
137.16,-11.896,0.007,-1.494,-11.905,0.000,1.488,0.013
137.18,-11.895,0.006,-1.494,-11.905,0.000,1.488,0.014
137.21,-11.895,0.006,-1.494,-11.905,0.000,1.488,0.014
137.23,-11.893,0.006,-1.494,-11.905,0.000,1.488,0.014
137.25,-11.893,0.006,-1.494,-11.905,0.000,1.488,0.014
137.27,-11.892,0.005,-1.494,-11.905,0.000,1.488,0.015
137.29,-11.892,0.005,-1.494,-11.905,0.000,1.488,0.015
137.31,-11.892,0.005,-1.494,-11.905,0.000,1.488,0.016
137.33,-11.892,0.005,-1.494,-11.905,0.000,1.488,0.016
137.35,-11.891,0.004,-1.494,-11.905,0.000,1.488,0.016
137.37,-11.891,0.004,-1.494,-11.905,0.000,1.488,0.016
137.39,-11.890,0.003,-1.495,-11.905,0.000,1.488,0.017
137.41,-11.890,0.003,-1.495,-11.905,0.000,1.488,0.017
137.43,-11.890,0.003,-1.495,-11.905,0.000,1.488,0.017
137.45,-11.890,0.003,-1.495,-11.905,0.000,1.488,0.017
137.48,-11.890,0.002,-1.495,-11.905,0.000,1.488,0.017
137.50,-11.890,0.002,-1.495,-11.905,0.000,1.488,0.017
137.52,-11.890,0.001,-1.495,-11.905,0.000,1.488,0.017
137.54,-11.890,0.001,-1.495,-11.905,0.000,1.488,0.017
137.56,-11.890,0.001,-1.495,-11.905,0.000,1.488,0.017
137.58,-11.890,0.001,-1.495,-11.905,0.000,1.488,0.017
137.60,-11.889,0.000,-1.495,-11.905,0.000,1.488,0.017
137.62,-11.889,0.000,-1.495,-11.905,0.000,1.488,0.017
137.64,-11.889,0.000,-1.495,-11.905,0.000,1.488,0.017
137.66,-11.889,0.000,-1.495,-11.905,0.000,1.488,0.017
137.68,-11.889,0.000,-1.495,-11.905,0.000,1.488,0.017
137.70,-11.889,-0.000,-1.495,-11.905,0.000,1.488,0.017
137.73,-11.889,-0.000,-1.495,-11.905,0.000,1.488,0.017
137.75,-11.890,-0.000,-1.495,-11.905,0.000,1.488,0.017
137.77,-11.890,-0.000,-1.495,-11.905,0.000,1.488,0.017
137.79,-11.890,-0.000,-1.494,-11.905,0.000,1.488,0.017
137.81,-11.890,-0.000,-1.494,-11.905,0.000,1.488,0.017
137.83,-11.890,-0.000,-1.494,-11.905,0.000,1.488,0.016
137.85,-11.890,-0.000,-1.494,-11.905,0.000,1.488,0.016
137.87,-11.890,0.000,-1.494,-11.905,0.000,1.488,0.016
137.89,-11.890,0.000,-1.494,-11.905,0.000,1.488,0.016
137.91,-11.891,0.000,-1.494,-11.905,0.000,1.488,0.015
137.93,-11.891,0.000,-1.494,-11.905,0.000,1.488,0.015
137.95,-11.892,0.001,-1.494,-11.905,0.000,1.488,0.015
137.98,-11.892,0.001,-1.494,-11.905,0.000,1.488,0.015
138.00,-11.892,0.001,-1.494,-11.905,0.000,1.488,0.014
138.02,-11.892,0.001,-1.494,-11.905,0.000,1.488,0.014
138.04,-11.893,0.001,-1.494,-11.905,0.000,1.488,0.013
138.06,-11.893,0.001,-1.494,-11.905,0.000,1.488,0.013
138.08,-11.894,0.002,-1.494,-11.905,0.000,1.488,0.013
138.10,-11.894,0.002,-1.494,-11.905,0.000,1.488,0.013
138.12,-11.895,0.002,-1.495,-11.905,0.000,1.488,0.012
138.14,-11.895,0.002,-1.495,-11.905,0.000,1.488,0.012
138.16,-11.895,0.002,-1.495,-11.905,0.000,1.488,0.012
138.18,-11.896,0.003,-1.495,-11.905,0.000,1.488,0.012
138.20,-11.896,0.003,-1.495,-11.905,0.000,1.488,0.012
138.23,-11.897,0.004,-1.496,-11.905,0.000,1.488,0.012
138.25,-11.897,0.004,-1.496,-11.905,0.000,1.488,0.012
138.27,-11.898,0.004,-1.496,-11.905,0.000,1.488,0.011
138.29,-11.898,0.004,-1.496,-11.905,0.000,1.488,0.011
138.31,-11.899,0.005,-1.497,-11.905,0.000,1.488,0.011
138.33,-11.899,0.005,-1.497,-11.905,0.000,1.488,0.011
138.35,-11.900,0.005,-1.497,-11.905,0.000,1.488,0.011
138.37,-11.900,0.005,-1.497,-11.905,0.000,1.488,0.011
138.39,-11.901,0.006,-1.497,-11.905,0.000,1.488,0.011
138.41,-11.901,0.006,-1.497,-11.905,0.000,1.488,0.011
138.43,-11.903,0.006,-1.497,-11.905,0.000,1.488,0.011
138.45,-11.903,0.006,-1.497,-11.905,0.000,1.488,0.011
138.48,-11.904,0.006,-1.497,-11.905,0.000,1.488,0.011
138.50,-11.904,0.006,-1.497,-11.905,0.000,1.488,0.011
138.52,-11.905,0.006,-1.497,-11.905,0.000,1.488,0.011
138.54,-11.905,0.006,-1.497,-11.905,0.000,1.488,0.011
138.56,-11.906,0.006,-1.497,-11.905,0.000,1.488,0.011
138.58,-11.906,0.006,-1.497,-11.905,0.000,1.488,0.011
138.60,-11.908,0.005,-1.496,-11.905,0.000,1.488,0.010
138.62,-11.908,0.005,-1.496,-11.905,0.000,1.488,0.010
138.64,-11.908,0.005,-1.496,-11.905,0.000,1.488,0.010
138.66,-11.909,0.004,-1.496,-11.905,0.000,1.488,0.010
138.68,-11.909,0.004,-1.496,-11.905,0.000,1.488,0.010
138.70,-11.910,0.004,-1.496,-11.905,0.000,1.488,0.010
138.73,-11.910,0.004,-1.496,-11.905,0.000,1.488,0.010
138.75,-11.911,0.003,-1.496,-11.905,0.000,1.488,0.010
138.77,-11.911,0.003,-1.496,-11.905,0.000,1.488,0.010
138.79,-11.912,0.002,-1.496,-11.905,0.000,1.488,0.011
138.81,-11.912,0.002,-1.496,-11.905,0.000,1.488,0.011
138.83,-11.913,0.000,-1.496,-11.905,0.000,1.488,0.011
138.85,-11.913,0.000,-1.496,-11.905,0.000,1.488,0.011
138.87,-11.914,-0.001,-1.496,-11.905,0.000,1.488,0.012
138.89,-11.914,-0.001,-1.496,-11.905,0.000,1.488,0.012
138.91,-11.915,-0.002,-1.496,-11.905,0.000,1.488,0.013
138.93,-11.915,-0.002,-1.496,-11.905,0.000,1.488,0.013
138.95,-11.916,-0.003,-1.496,-11.905,0.000,1.488,0.014
138.98,-11.916,-0.003,-1.496,-11.905,0.000,1.488,0.014
139.00,-11.916,-0.004,-1.496,-11.905,0.000,1.488,0.015
139.02,-11.916,-0.004,-1.496,-11.905,0.000,1.488,0.015
139.04,-11.916,-0.005,-1.496,-11.905,0.000,1.488,0.015
139.06,-11.916,-0.005,-1.496,-11.905,0.000,1.488,0.015
139.08,-11.917,-0.006,-1.496,-11.905,0.000,1.488,0.015
139.10,-11.917,-0.006,-1.496,-11.905,0.000,1.488,0.015
139.12,-11.917,-0.007,-1.495,-11.905,0.000,1.488,0.015
139.14,-11.917,-0.007,-1.495,-11.905,0.000,1.488,0.015
139.16,-11.917,-0.007,-1.495,-11.905,0.000,1.488,0.015
139.18,-11.917,-0.008,-1.494,-11.905,0.000,1.488,0.016
139.20,-11.917,-0.008,-1.494,-11.905,0.000,1.488,0.016
139.22,-11.917,-0.009,-1.494,-11.905,0.000,1.488,0.016
139.25,-11.917,-0.009,-1.494,-11.905,0.000,1.488,0.016
139.27,-11.917,-0.009,-1.493,-11.905,0.000,1.488,0.016
139.29,-11.917,-0.009,-1.493,-11.905,0.000,1.488,0.016
139.31,-11.917,-0.009,-1.492,-11.905,0.000,1.488,0.016
139.33,-11.917,-0.009,-1.492,-11.905,0.000,1.488,0.016
139.35,-11.917,-0.010,-1.491,-11.905,0.000,1.488,0.016
139.37,-11.917,-0.010,-1.491,-11.905,0.000,1.488,0.016
139.39,-11.916,-0.010,-1.490,-11.905,0.000,1.488,0.016
139.41,-11.916,-0.010,-1.490,-11.905,0.000,1.488,0.016
139.43,-11.916,-0.011,-1.489,-11.905,0.000,1.488,0.016
139.45,-11.916,-0.011,-1.489,-11.905,0.000,1.488,0.016
139.47,-11.916,-0.011,-1.489,-11.905,0.000,1.488,0.016
139.49,-11.916,-0.011,-1.489,-11.905,0.000,1.488,0.016
139.52,-11.916,-0.012,-1.488,-11.905,0.000,1.488,0.016
139.54,-11.916,-0.012,-1.488,-11.905,0.000,1.488,0.016
139.56,-11.915,-0.012,-1.487,-11.905,0.000,1.488,0.016
139.58,-11.915,-0.012,-1.487,-11.905,0.000,1.488,0.016
139.60,-11.915,-0.012,-1.486,-11.905,0.000,1.488,0.016
139.62,-11.915,-0.012,-1.486,-11.905,0.000,1.488,0.016
139.64,-11.914,-0.013,-1.485,-11.905,0.000,1.488,0.016
139.66,-11.914,-0.013,-1.485,-11.905,0.000,1.488,0.016
139.68,-11.914,-0.013,-1.485,-11.905,0.000,1.488,0.016
139.70,-11.913,-0.014,-1.484,-11.905,0.000,1.488,0.017
139.72,-11.913,-0.014,-1.484,-11.905,0.000,1.488,0.017
139.74,-11.913,-0.014,-1.483,-11.905,0.000,1.488,0.017
139.76,-11.913,-0.014,-1.483,-11.905,0.000,1.488,0.017
139.79,-11.913,-0.015,-1.483,-11.905,0.000,1.488,0.018
139.81,-11.913,-0.015,-1.483,-11.905,0.000,1.488,0.018
139.83,-11.913,-0.015,-1.482,-11.905,0.000,1.488,0.018
139.85,-11.913,-0.015,-1.482,-11.905,0.000,1.488,0.018
139.87,-11.912,-0.016,-1.482,-11.905,0.000,1.488,0.019
139.89,-11.912,-0.016,-1.482,-11.905,0.000,1.488,0.019
139.91,-11.912,-0.017,-1.482,-11.905,0.000,1.488,0.020
139.93,-11.912,-0.017,-1.482,-11.905,0.000,1.488,0.020
139.95,-11.912,-0.018,-1.481,-11.905,0.000,1.488,0.020
139.97,-11.912,-0.018,-1.481,-11.905,0.000,1.488,0.020
139.99,-11.911,-0.019,-1.481,-11.905,0.000,1.488,0.021
140.02,-11.911,-0.019,-1.481,-11.905,0.000,1.488,0.021
140.04,-11.911,-0.020,-1.481,-11.905,0.000,1.488,0.022
140.06,-11.911,-0.020,-1.481,-11.905,0.000,1.488,0.022
140.08,-11.910,-0.020,-1.481,-11.905,0.000,1.488,0.022
140.10,-11.910,-0.020,-1.481,-11.905,0.000,1.488,0.022
140.12,-11.910,-0.021,-1.481,-11.905,0.000,1.488,0.023
140.14,-11.910,-0.021,-1.481,-11.905,0.000,1.488,0.023
140.16,-11.910,-0.021,-1.481,-11.905,0.000,1.488,0.023
140.18,-11.909,-0.021,-1.481,-11.905,0.000,1.488,0.023
140.20,-11.909,-0.021,-1.481,-11.905,0.000,1.488,0.023
140.22,-11.909,-0.021,-1.481,-11.905,0.000,1.488,0.023
140.25,-11.909,-0.021,-1.481,-11.905,0.000,1.488,0.023
140.27,-11.908,-0.021,-1.481,-11.905,0.000,1.488,0.022
140.29,-11.908,-0.021,-1.481,-11.905,0.000,1.488,0.022
140.31,-11.908,-0.020,-1.481,-11.905,0.000,1.488,0.022
140.33,-11.908,-0.020,-1.481,-11.905,0.000,1.488,0.022
140.35,-11.907,-0.020,-1.481,-11.905,0.000,1.488,0.021
140.37,-11.907,-0.020,-1.481,-11.905,0.000,1.488,0.021
140.39,-11.907,-0.019,-1.481,-11.905,0.000,1.488,0.021
140.41,-11.907,-0.019,-1.481,-11.905,0.000,1.488,0.021
140.43,-11.907,-0.019,-1.481,-11.905,0.000,1.488,0.020
140.45,-11.907,-0.019,-1.481,-11.905,0.000,1.488,0.020
140.48,-11.906,-0.018,-1.481,-11.905,0.000,1.488,0.019
140.50,-11.906,-0.018,-1.481,-11.905,0.000,1.488,0.019
140.52,-11.906,-0.017,-1.481,-11.905,0.000,1.488,0.019
140.54,-11.906,-0.017,-1.481,-11.905,0.000,1.488,0.019
140.56,-11.905,-0.016,-1.481,-11.905,0.000,1.488,0.018
140.58,-11.905,-0.016,-1.481,-11.905,0.000,1.488,0.018
140.60,-11.905,-0.015,-1.481,-11.905,0.000,1.488,0.017
140.62,-11.905,-0.015,-1.481,-11.905,0.000,1.488,0.017
140.64,-11.904,-0.014,-1.481,-11.905,0.000,1.488,0.016
140.66,-11.904,-0.014,-1.481,-11.905,0.000,1.488,0.016
140.68,-11.904,-0.014,-1.481,-11.905,0.000,1.488,0.016
140.70,-11.904,-0.012,-1.481,-11.905,0.000,1.488,0.014
140.73,-11.904,-0.012,-1.481,-11.905,0.000,1.488,0.014
140.75,-11.903,-0.010,-1.481,-11.905,0.000,1.488,0.013
140.77,-11.903,-0.010,-1.481,-11.905,0.000,1.488,0.013
140.79,-11.903,-0.009,-1.481,-11.905,0.000,1.488,0.012
140.81,-11.903,-0.009,-1.481,-11.905,0.000,1.488,0.012
140.83,-11.903,-0.008,-1.481,-11.905,0.000,1.488,0.011
140.85,-11.903,-0.008,-1.481,-11.905,0.000,1.488,0.011
140.87,-11.903,-0.006,-1.481,-11.905,0.000,1.488,0.009
140.89,-11.903,-0.006,-1.481,-11.905,0.000,1.488,0.009
140.91,-11.904,-0.005,-1.481,-11.905,0.000,1.488,0.008
140.93,-11.904,-0.005,-1.481,-11.905,0.000,1.488,0.008
140.96,-11.904,-0.003,-1.481,-11.905,0.000,1.488,0.007
140.98,-11.904,-0.003,-1.481,-11.905,0.000,1.488,0.007
141.00,-11.904,-0.002,-1.481,-11.905,0.000,1.488,0.007
141.02,-11.904,-0.002,-1.481,-11.905,0.000,1.488,0.007
141.04,-11.905,-0.001,-1.482,-11.905,0.000,1.488,0.006
141.06,-11.905,-0.001,-1.482,-11.905,0.000,1.488,0.006
141.08,-11.905,0.001,-1.482,-11.905,0.000,1.488,0.006
141.10,-11.905,0.001,-1.482,-11.905,0.000,1.488,0.006
141.12,-11.906,0.001,-1.482,-11.905,0.000,1.488,0.006
141.14,-11.906,0.001,-1.482,-11.905,0.000,1.488,0.006
141.16,-11.906,0.001,-1.482,-11.905,0.000,1.488,0.006
141.19,-11.907,0.002,-1.482,-11.905,0.000,1.488,0.006
141.21,-11.907,0.002,-1.482,-11.905,0.000,1.488,0.006
141.23,-11.908,0.002,-1.482,-11.905,0.000,1.488,0.006
141.25,-11.908,0.002,-1.482,-11.905,0.000,1.488,0.006
141.27,-11.908,0.003,-1.482,-11.905,0.000,1.488,0.007
141.29,-11.908,0.003,-1.482,-11.905,0.000,1.488,0.007
141.31,-11.909,0.003,-1.483,-11.905,0.000,1.488,0.007
141.33,-11.909,0.003,-1.483,-11.905,0.000,1.488,0.007
141.35,-11.909,0.003,-1.483,-11.905,0.000,1.488,0.007
141.37,-11.909,0.003,-1.483,-11.905,0.000,1.488,0.007
141.40,-11.910,0.003,-1.483,-11.905,0.000,1.488,0.007
141.42,-11.910,0.003,-1.483,-11.905,0.000,1.488,0.007
141.44,-11.911,0.003,-1.483,-11.905,0.000,1.488,0.008
141.46,-11.911,0.003,-1.483,-11.905,0.000,1.488,0.008
141.48,-11.911,0.003,-1.484,-11.905,0.000,1.488,0.008
141.50,-11.911,0.003,-1.484,-11.905,0.000,1.488,0.008
141.52,-11.911,0.004,-1.484,-11.905,0.000,1.488,0.008
141.54,-11.911,0.004,-1.484,-11.905,0.000,1.488,0.008
141.56,-11.911,0.004,-1.484,-11.905,0.000,1.488,0.008
141.58,-11.911,0.004,-1.484,-11.905,0.000,1.488,0.008
141.61,-11.911,0.005,-1.485,-11.905,0.000,1.488,0.008
141.63,-11.911,0.005,-1.485,-11.905,0.000,1.488,0.008
141.65,-11.911,0.005,-1.485,-11.905,0.000,1.488,0.008
141.67,-11.911,0.005,-1.485,-11.905,0.000,1.488,0.008
141.69,-11.911,0.005,-1.485,-11.905,0.000,1.488,0.008
141.71,-11.911,0.006,-1.486,-11.905,0.000,1.488,0.008
141.73,-11.911,0.006,-1.486,-11.905,0.000,1.488,0.008
141.75,-11.911,0.006,-1.486,-11.905,0.000,1.488,0.008
141.77,-11.911,0.006,-1.486,-11.905,0.000,1.488,0.008
141.79,-11.910,0.007,-1.487,-11.905,0.000,1.488,0.009
141.81,-11.910,0.007,-1.487,-11.905,0.000,1.488,0.009
141.83,-11.910,0.008,-1.487,-11.905,0.000,1.488,0.009
141.86,-11.910,0.008,-1.487,-11.905,0.000,1.488,0.009
141.88,-11.909,0.008,-1.488,-11.905,0.000,1.488,0.009
141.90,-11.909,0.008,-1.488,-11.905,0.000,1.488,0.009
141.92,-11.909,0.009,-1.488,-11.905,0.000,1.488,0.009
141.94,-11.909,0.009,-1.488,-11.905,0.000,1.488,0.009
141.96,-11.908,0.009,-1.488,-11.905,0.000,1.488,0.009
141.98,-11.908,0.009,-1.488,-11.905,0.000,1.488,0.009
142.00,-11.907,0.009,-1.488,-11.905,0.000,1.488,0.009
142.02,-11.907,0.009,-1.488,-11.905,0.000,1.488,0.009
142.04,-11.906,0.009,-1.488,-11.905,0.000,1.488,0.009
142.06,-11.906,0.009,-1.488,-11.905,0.000,1.488,0.009
142.08,-11.906,0.009,-1.488,-11.905,0.000,1.488,0.009
142.10,-11.906,0.009,-1.488,-11.905,0.000,1.488,0.009
142.13,-11.905,0.010,-1.488,-11.905,0.000,1.488,0.009
142.15,-11.905,0.010,-1.488,-11.905,0.000,1.488,0.009
142.17,-11.905,0.010,-1.487,-11.905,0.000,1.488,0.010
142.19,-11.905,0.010,-1.487,-11.905,0.000,1.488,0.010
142.21,-11.905,0.010,-1.487,-11.905,0.000,1.488,0.010
142.23,-11.904,0.011,-1.487,-11.905,0.000,1.488,0.011
142.25,-11.904,0.011,-1.487,-11.905,0.000,1.488,0.011
142.27,-11.904,0.012,-1.486,-11.905,0.000,1.488,0.012
142.29,-11.904,0.012,-1.486,-11.905,0.000,1.488,0.012
142.31,-11.905,0.013,-1.486,-11.905,0.000,1.488,0.012
142.33,-11.905,0.013,-1.486,-11.905,0.000,1.488,0.012
142.35,-11.905,0.014,-1.485,-11.905,0.000,1.488,0.013
142.38,-11.905,0.014,-1.485,-11.905,0.000,1.488,0.013
142.40,-11.905,0.014,-1.485,-11.905,0.000,1.488,0.014
142.42,-11.905,0.014,-1.485,-11.905,0.000,1.488,0.014
142.44,-11.906,0.015,-1.485,-11.905,0.000,1.488,0.015
142.46,-11.906,0.015,-1.485,-11.905,0.000,1.488,0.015
142.48,-11.907,0.016,-1.485,-11.905,0.000,1.488,0.016
142.50,-11.907,0.016,-1.485,-11.905,0.000,1.488,0.016
142.52,-11.908,0.017,-1.485,-11.905,0.000,1.488,0.017
142.54,-11.908,0.017,-1.485,-11.905,0.000,1.488,0.017
142.56,-11.909,0.018,-1.485,-11.905,0.000,1.488,0.018
142.58,-11.909,0.018,-1.485,-11.905,0.000,1.488,0.018
142.60,-11.910,0.019,-1.485,-11.905,0.000,1.488,0.019
142.63,-11.910,0.019,-1.485,-11.905,0.000,1.488,0.019
142.65,-11.911,0.020,-1.485,-11.905,0.000,1.488,0.020
142.67,-11.911,0.020,-1.485,-11.905,0.000,1.488,0.020
142.69,-11.911,0.020,-1.485,-11.905,0.000,1.488,0.020
142.71,-11.912,0.020,-1.486,-11.905,0.000,1.488,0.021
142.73,-11.912,0.020,-1.486,-11.905,0.000,1.488,0.021
142.75,-11.914,0.021,-1.486,-11.905,0.000,1.488,0.022
142.77,-11.914,0.021,-1.486,-11.905,0.000,1.488,0.022
142.79,-11.915,0.021,-1.486,-11.905,0.000,1.488,0.023
142.81,-11.915,0.021,-1.486,-11.905,0.000,1.488,0.023
142.83,-11.916,0.022,-1.486,-11.905,0.000,1.488,0.024
142.85,-11.916,0.022,-1.486,-11.905,0.000,1.488,0.024
142.88,-11.917,0.022,-1.486,-11.905,0.000,1.488,0.025
142.90,-11.917,0.022,-1.486,-11.905,0.000,1.488,0.025
142.92,-11.918,0.022,-1.486,-11.905,0.000,1.488,0.025
142.94,-11.918,0.022,-1.486,-11.905,0.000,1.488,0.025
142.96,-11.919,0.022,-1.486,-11.905,0.000,1.488,0.026
142.98,-11.919,0.022,-1.486,-11.905,0.000,1.488,0.026
143.00,-11.921,0.022,-1.487,-11.905,0.000,1.488,0.027
143.02,-11.921,0.022,-1.487,-11.905,0.000,1.488,0.027
143.04,-11.921,0.022,-1.487,-11.905,0.000,1.488,0.027
143.06,-11.921,0.022,-1.487,-11.905,0.000,1.488,0.027
143.08,-11.922,0.022,-1.487,-11.905,0.000,1.488,0.028
143.11,-11.922,0.022,-1.487,-11.905,0.000,1.488,0.028
143.13,-11.923,0.022,-1.487,-11.905,0.000,1.488,0.028
143.15,-11.923,0.022,-1.487,-11.905,0.000,1.488,0.028
143.17,-11.923,0.022,-1.487,-11.905,0.000,1.488,0.028
143.19,-11.923,0.022,-1.487,-11.905,0.000,1.488,0.028
143.21,-11.923,0.022,-1.487,-11.905,0.000,1.488,0.028
143.23,-11.924,0.022,-1.488,-11.905,0.000,1.488,0.028
143.25,-11.924,0.022,-1.488,-11.905,0.000,1.488,0.028
143.27,-11.924,0.021,-1.488,-11.905,0.000,1.488,0.028
143.29,-11.924,0.021,-1.488,-11.905,0.000,1.488,0.028
143.31,-11.924,0.020,-1.488,-11.905,0.000,1.488,0.027
143.33,-11.924,0.020,-1.488,-11.905,0.000,1.488,0.027
143.36,-11.924,0.019,-1.489,-11.905,0.000,1.488,0.026
143.38,-11.924,0.019,-1.489,-11.905,0.000,1.488,0.026
143.40,-11.924,0.018,-1.489,-11.905,0.000,1.488,0.026
143.42,-11.924,0.018,-1.489,-11.905,0.000,1.488,0.026
143.44,-11.924,0.016,-1.489,-11.905,0.000,1.488,0.024
143.46,-11.924,0.016,-1.489,-11.905,0.000,1.488,0.024
143.48,-11.923,0.015,-1.489,-11.905,0.000,1.488,0.023
143.50,-11.923,0.015,-1.489,-11.905,0.000,1.488,0.023
143.52,-11.923,0.012,-1.489,-11.905,0.000,1.488,0.021
143.54,-11.923,0.012,-1.489,-11.905,0.000,1.488,0.021
143.56,-11.922,0.010,-1.490,-11.905,0.000,1.488,0.019
143.58,-11.922,0.010,-1.490,-11.905,0.000,1.488,0.019
143.60,-11.921,0.008,-1.490,-11.905,0.000,1.488,0.018
143.63,-11.921,0.008,-1.490,-11.905,0.000,1.488,0.018
143.65,-11.921,0.006,-1.490,-11.905,0.000,1.488,0.017
143.67,-11.921,0.006,-1.490,-11.905,0.000,1.488,0.017
143.69,-11.921,0.006,-1.490,-11.905,0.000,1.488,0.017
143.71,-11.920,0.004,-1.490,-11.905,0.000,1.488,0.016
143.73,-11.920,0.004,-1.490,-11.905,0.000,1.488,0.016
143.75,-11.920,0.002,-1.490,-11.905,0.000,1.488,0.015
143.77,-11.920,0.002,-1.490,-11.905,0.000,1.488,0.015
143.79,-11.919,-0.000,-1.490,-11.905,0.000,1.488,0.014
143.81,-11.919,-0.000,-1.490,-11.905,0.000,1.488,0.014
143.83,-11.918,-0.002,-1.490,-11.905,0.000,1.488,0.013
143.85,-11.918,-0.002,-1.490,-11.905,0.000,1.488,0.013
143.88,-11.917,-0.004,-1.490,-11.905,0.000,1.488,0.013
143.90,-11.917,-0.004,-1.490,-11.905,0.000,1.488,0.013
143.92,-11.917,-0.005,-1.490,-11.905,0.000,1.488,0.013
143.94,-11.917,-0.005,-1.490,-11.905,0.000,1.488,0.013
143.96,-11.916,-0.007,-1.490,-11.905,0.000,1.488,0.013
143.98,-11.916,-0.007,-1.490,-11.905,0.000,1.488,0.013
144.00,-11.915,-0.008,-1.490,-11.905,0.000,1.488,0.013
144.02,-11.915,-0.008,-1.490,-11.905,0.000,1.488,0.013
144.04,-11.913,-0.010,-1.490,-11.905,0.000,1.488,0.013
144.06,-11.913,-0.010,-1.490,-11.905,0.000,1.488,0.013
144.08,-11.912,-0.011,-1.490,-11.905,0.000,1.488,0.013
144.10,-11.912,-0.011,-1.490,-11.905,0.000,1.488,0.013
144.13,-11.911,-0.012,-1.489,-11.905,0.000,1.488,0.014
144.15,-11.911,-0.012,-1.489,-11.905,0.000,1.488,0.014
144.17,-11.909,-0.013,-1.489,-11.905,0.000,1.488,0.014
144.19,-11.909,-0.013,-1.489,-11.905,0.000,1.488,0.014
144.21,-11.909,-0.013,-1.489,-11.905,0.000,1.488,0.014
144.23,-11.907,-0.015,-1.489,-11.905,0.000,1.488,0.015
144.25,-11.907,-0.015,-1.489,-11.905,0.000,1.488,0.015
144.27,-11.906,-0.016,-1.488,-11.905,0.000,1.488,0.016
144.29,-11.906,-0.016,-1.488,-11.905,0.000,1.488,0.016
144.31,-11.904,-0.017,-1.488,-11.905,0.000,1.488,0.017
144.33,-11.904,-0.017,-1.488,-11.905,0.000,1.488,0.017
144.36,-11.903,-0.017,-1.488,-11.905,0.000,1.488,0.018
144.38,-11.903,-0.017,-1.488,-11.905,0.000,1.488,0.018
144.40,-11.901,-0.018,-1.488,-11.905,0.000,1.488,0.019
144.42,-11.901,-0.018,-1.488,-11.905,0.000,1.488,0.019
144.44,-11.900,-0.019,-1.488,-11.905,0.000,1.488,0.020
144.46,-11.900,-0.019,-1.488,-11.905,0.000,1.488,0.020
144.48,-11.898,-0.019,-1.488,-11.905,0.000,1.488,0.021
144.50,-11.898,-0.019,-1.488,-11.905,0.000,1.488,0.021
144.52,-11.896,-0.020,-1.488,-11.905,0.000,1.488,0.022
144.54,-11.896,-0.020,-1.488,-11.905,0.000,1.488,0.022
144.56,-11.895,-0.021,-1.488,-11.905,0.000,1.488,0.023
144.58,-11.895,-0.021,-1.488,-11.905,0.000,1.488,0.023
144.60,-11.894,-0.021,-1.488,-11.905,0.000,1.488,0.025
144.63,-11.894,-0.021,-1.488,-11.905,0.000,1.488,0.025
144.65,-11.893,-0.022,-1.488,-11.905,0.000,1.488,0.026
144.67,-11.893,-0.022,-1.488,-11.905,0.000,1.488,0.026
144.69,-11.892,-0.023,-1.488,-11.905,0.000,1.488,0.027
144.71,-11.892,-0.023,-1.488,-11.905,0.000,1.488,0.027
144.73,-11.892,-0.023,-1.488,-11.905,0.000,1.488,0.027
144.75,-11.891,-0.023,-1.488,-11.905,0.000,1.488,0.028
144.77,-11.891,-0.023,-1.488,-11.905,0.000,1.488,0.028
144.79,-11.890,-0.023,-1.487,-11.905,0.000,1.488,0.028
144.81,-11.890,-0.023,-1.487,-11.905,0.000,1.488,0.028
144.83,-11.890,-0.023,-1.487,-11.905,0.000,1.488,0.028
144.85,-11.890,-0.023,-1.487,-11.905,0.000,1.488,0.028
144.88,-11.890,-0.022,-1.487,-11.905,0.000,1.488,0.027
144.90,-11.890,-0.022,-1.487,-11.905,0.000,1.488,0.027
144.92,-11.890,-0.022,-1.487,-11.905,0.000,1.488,0.027
144.94,-11.890,-0.022,-1.487,-11.905,0.000,1.488,0.027
144.96,-11.890,-0.021,-1.488,-11.905,0.000,1.488,0.026
144.98,-11.890,-0.021,-1.488,-11.905,0.000,1.488,0.026
145.00,-11.891,-0.020,-1.488,-11.905,0.000,1.488,0.025
145.02,-11.891,-0.020,-1.488,-11.905,0.000,1.488,0.025
145.04,-11.891,-0.019,-1.489,-11.905,0.000,1.488,0.024
145.06,-11.891,-0.019,-1.489,-11.905,0.000,1.488,0.024
145.08,-11.892,-0.018,-1.489,-11.905,0.000,1.488,0.022
145.10,-11.892,-0.018,-1.489,-11.905,0.000,1.488,0.022
145.13,-11.893,-0.017,-1.490,-11.905,0.000,1.488,0.021
145.15,-11.893,-0.017,-1.490,-11.905,0.000,1.488,0.021
145.17,-11.893,-0.016,-1.490,-11.905,0.000,1.488,0.020
145.19,-11.893,-0.016,-1.490,-11.905,0.000,1.488,0.020
145.21,-11.893,-0.016,-1.490,-11.905,0.000,1.488,0.020
145.23,-11.895,-0.014,-1.491,-11.905,0.000,1.488,0.018
145.25,-11.895,-0.014,-1.491,-11.905,0.000,1.488,0.018
145.27,-11.896,-0.013,-1.491,-11.905,0.000,1.488,0.017
145.29,-11.896,-0.013,-1.491,-11.905,0.000,1.488,0.017
145.31,-11.897,-0.012,-1.492,-11.905,0.000,1.488,0.015
145.34,-11.897,-0.012,-1.492,-11.905,0.000,1.488,0.015
145.36,-11.899,-0.011,-1.492,-11.905,0.000,1.488,0.014
145.38,-11.899,-0.011,-1.492,-11.905,0.000,1.488,0.014
145.40,-11.900,-0.011,-1.492,-11.905,0.000,1.488,0.013
145.42,-11.900,-0.011,-1.492,-11.905,0.000,1.488,0.013
145.44,-11.902,-0.010,-1.492,-11.905,0.000,1.488,0.012
145.46,-11.902,-0.010,-1.492,-11.905,0.000,1.488,0.012
145.48,-11.904,-0.009,-1.493,-11.905,0.000,1.488,0.011
145.50,-11.904,-0.009,-1.493,-11.905,0.000,1.488,0.011
145.52,-11.906,-0.008,-1.493,-11.905,0.000,1.488,0.010
145.54,-11.906,-0.008,-1.493,-11.905,0.000,1.488,0.010
145.56,-11.908,-0.007,-1.493,-11.905,0.000,1.488,0.009
145.58,-11.908,-0.007,-1.493,-11.905,0.000,1.488,0.009
145.61,-11.909,-0.006,-1.494,-11.905,0.000,1.488,0.009
145.63,-11.909,-0.006,-1.494,-11.905,0.000,1.488,0.009
145.65,-11.911,-0.005,-1.494,-11.905,0.000,1.488,0.010
145.67,-11.911,-0.005,-1.494,-11.905,0.000,1.488,0.010
145.69,-11.912,-0.004,-1.494,-11.905,0.000,1.488,0.011
145.71,-11.912,-0.004,-1.494,-11.905,0.000,1.488,0.011
145.73,-11.912,-0.004,-1.494,-11.905,0.000,1.488,0.011
145.75,-11.914,-0.003,-1.495,-11.905,0.000,1.488,0.012
145.77,-11.914,-0.003,-1.495,-11.905,0.000,1.488,0.012
145.79,-11.916,-0.002,-1.495,-11.905,0.000,1.488,0.013
145.81,-11.916,-0.002,-1.495,-11.905,0.000,1.488,0.013
145.84,-11.917,-0.001,-1.496,-11.905,0.000,1.488,0.014
145.86,-11.917,-0.001,-1.496,-11.905,0.000,1.488,0.014
145.88,-11.917,-0.001,-1.496,-11.905,0.000,1.488,0.015
145.90,-11.917,-0.001,-1.496,-11.905,0.000,1.488,0.015
145.92,-11.918,-0.000,-1.497,-11.905,0.000,1.488,0.016
145.94,-11.918,-0.000,-1.497,-11.905,0.000,1.488,0.016
145.96,-11.918,0.000,-1.497,-11.905,0.000,1.488,0.016
145.98,-11.918,0.000,-1.497,-11.905,0.000,1.488,0.016
146.00,-11.919,0.000,-1.498,-11.905,0.000,1.488,0.017
146.02,-11.919,0.000,-1.498,-11.905,0.000,1.488,0.017
146.04,-11.919,0.001,-1.498,-11.905,0.000,1.488,0.017
146.06,-11.919,0.001,-1.498,-11.905,0.000,1.488,0.017
146.08,-11.920,0.001,-1.498,-11.905,0.000,1.488,0.018
146.11,-11.920,0.001,-1.498,-11.905,0.000,1.488,0.018
146.13,-11.920,0.001,-1.498,-11.905,0.000,1.488,0.018
146.15,-11.920,0.001,-1.498,-11.905,0.000,1.488,0.018
146.17,-11.920,0.001,-1.498,-11.905,0.000,1.488,0.018
146.19,-11.920,0.001,-1.498,-11.905,0.000,1.488,0.018
146.21,-11.920,0.001,-1.498,-11.905,0.000,1.488,0.018
146.23,-11.921,0.001,-1.499,-11.905,0.000,1.488,0.019
146.25,-11.921,0.001,-1.499,-11.905,0.000,1.488,0.019
146.27,-11.921,0.001,-1.499,-11.905,0.000,1.488,0.019
146.29,-11.921,0.001,-1.499,-11.905,0.000,1.488,0.019
146.31,-11.921,0.001,-1.499,-11.905,0.000,1.488,0.019
146.33,-11.921,0.001,-1.499,-11.905,0.000,1.488,0.019
146.36,-11.921,0.001,-1.499,-11.905,0.000,1.488,0.019
146.38,-11.921,0.001,-1.499,-11.905,0.000,1.488,0.019
146.40,-11.921,0.001,-1.499,-11.905,0.000,1.488,0.019
146.42,-11.921,0.001,-1.499,-11.905,0.000,1.488,0.019
146.44,-11.921,0.001,-1.500,-11.905,0.000,1.488,0.019
146.46,-11.921,0.001,-1.500,-11.905,0.000,1.488,0.019
146.48,-11.920,0.002,-1.500,-11.905,0.000,1.488,0.020
146.50,-11.920,0.002,-1.500,-11.905,0.000,1.488,0.020
146.52,-11.920,0.003,-1.500,-11.905,0.000,1.488,0.020
146.54,-11.920,0.003,-1.500,-11.905,0.000,1.488,0.020
146.56,-11.920,0.004,-1.501,-11.905,0.000,1.488,0.020
146.58,-11.920,0.004,-1.501,-11.905,0.000,1.488,0.020
146.61,-11.919,0.005,-1.501,-11.905,0.000,1.488,0.020
146.63,-11.919,0.005,-1.501,-11.905,0.000,1.488,0.020
146.65,-11.919,0.006,-1.501,-11.905,0.000,1.488,0.020
146.67,-11.919,0.006,-1.501,-11.905,0.000,1.488,0.020
146.69,-11.919,0.007,-1.502,-11.905,0.000,1.488,0.020
146.71,-11.919,0.007,-1.502,-11.905,0.000,1.488,0.020
146.73,-11.919,0.007,-1.502,-11.905,0.000,1.488,0.020
146.75,-11.918,0.009,-1.502,-11.905,0.000,1.488,0.021
146.77,-11.918,0.009,-1.502,-11.905,0.000,1.488,0.021
146.79,-11.918,0.010,-1.502,-11.905,0.000,1.488,0.022
146.81,-11.918,0.010,-1.502,-11.905,0.000,1.488,0.022
146.83,-11.918,0.011,-1.502,-11.905,0.000,1.488,0.022
146.85,-11.918,0.011,-1.502,-11.905,0.000,1.488,0.022
146.88,-11.918,0.012,-1.502,-11.905,0.000,1.488,0.023
146.90,-11.918,0.012,-1.502,-11.905,0.000,1.488,0.023
146.92,-11.918,0.013,-1.502,-11.905,0.000,1.488,0.023
146.94,-11.918,0.013,-1.502,-11.905,0.000,1.488,0.023
146.96,-11.918,0.014,-1.502,-11.905,0.000,1.488,0.024
146.98,-11.918,0.014,-1.502,-11.905,0.000,1.488,0.024
147.00,-11.917,0.016,-1.502,-11.905,0.000,1.488,0.024
147.02,-11.917,0.016,-1.502,-11.905,0.000,1.488,0.024
147.04,-11.917,0.016,-1.502,-11.905,0.000,1.488,0.025
147.06,-11.917,0.016,-1.502,-11.905,0.000,1.488,0.025
147.08,-11.917,0.017,-1.502,-11.905,0.000,1.488,0.025
147.10,-11.917,0.017,-1.502,-11.905,0.000,1.488,0.025
147.13,-11.917,0.018,-1.502,-11.905,0.000,1.488,0.025
147.15,-11.917,0.018,-1.502,-11.905,0.000,1.488,0.025
147.17,-11.917,0.018,-1.501,-11.905,0.000,1.488,0.025
147.19,-11.917,0.018,-1.501,-11.905,0.000,1.488,0.025
147.21,-11.917,0.018,-1.501,-11.905,0.000,1.488,0.025
147.23,-11.917,0.019,-1.501,-11.905,0.000,1.488,0.026
147.25,-11.917,0.019,-1.501,-11.905,0.000,1.488,0.026
147.27,-11.917,0.019,-1.501,-11.905,0.000,1.488,0.026
147.29,-11.917,0.019,-1.501,-11.905,0.000,1.488,0.026
147.31,-11.917,0.020,-1.501,-11.905,0.000,1.488,0.026
147.33,-11.917,0.020,-1.501,-11.905,0.000,1.488,0.026
147.35,-11.917,0.020,-1.500,-11.905,0.000,1.488,0.026
147.38,-11.917,0.020,-1.500,-11.905,0.000,1.488,0.026
147.40,-11.917,0.020,-1.500,-11.905,0.000,1.488,0.026
147.42,-11.917,0.020,-1.500,-11.905,0.000,1.488,0.026
147.44,-11.917,0.020,-1.500,-11.905,0.000,1.488,0.026
147.46,-11.917,0.020,-1.500,-11.905,0.000,1.488,0.026
147.48,-11.918,0.020,-1.499,-11.905,0.000,1.488,0.026
147.50,-11.918,0.020,-1.499,-11.905,0.000,1.488,0.026
147.52,-11.918,0.020,-1.499,-11.905,0.000,1.488,0.026
147.54,-11.918,0.020,-1.499,-11.905,0.000,1.488,0.026
147.56,-11.918,0.020,-1.499,-11.905,0.000,1.488,0.026
147.58,-11.918,0.020,-1.499,-11.905,0.000,1.488,0.026
147.60,-11.918,0.019,-1.499,-11.905,0.000,1.488,0.025
147.63,-11.918,0.019,-1.499,-11.905,0.000,1.488,0.025
147.65,-11.918,0.019,-1.498,-11.905,0.000,1.488,0.025
147.67,-11.918,0.019,-1.498,-11.905,0.000,1.488,0.025
147.69,-11.919,0.018,-1.498,-11.905,0.000,1.488,0.025
147.71,-11.919,0.018,-1.498,-11.905,0.000,1.488,0.025
147.73,-11.919,0.018,-1.498,-11.905,0.000,1.488,0.025
147.75,-11.919,0.017,-1.498,-11.905,0.000,1.488,0.024
147.77,-11.919,0.017,-1.498,-11.905,0.000,1.488,0.024
147.79,-11.919,0.016,-1.498,-11.905,0.000,1.488,0.024
147.81,-11.919,0.016,-1.498,-11.905,0.000,1.488,0.024
147.83,-11.920,0.015,-1.498,-11.905,0.000,1.488,0.023
147.85,-11.920,0.015,-1.498,-11.905,0.000,1.488,0.023
147.88,-11.921,0.014,-1.498,-11.905,0.000,1.488,0.023
147.90,-11.921,0.014,-1.498,-11.905,0.000,1.488,0.023
147.92,-11.921,0.012,-1.497,-11.905,0.000,1.488,0.022
147.94,-11.921,0.012,-1.497,-11.905,0.000,1.488,0.022
147.96,-11.922,0.011,-1.497,-11.905,0.000,1.488,0.022
147.98,-11.922,0.011,-1.497,-11.905,0.000,1.488,0.022
148.00,-11.923,0.009,-1.497,-11.905,0.000,1.488,0.022
148.02,-11.923,0.009,-1.497,-11.905,0.000,1.488,0.022
148.04,-11.924,0.007,-1.496,-11.905,0.000,1.488,0.022
148.06,-11.924,0.007,-1.496,-11.905,0.000,1.488,0.022
148.08,-11.924,0.006,-1.496,-11.905,0.000,1.488,0.022
148.10,-11.924,0.006,-1.496,-11.905,0.000,1.488,0.022
148.13,-11.925,0.005,-1.495,-11.905,0.000,1.488,0.022
148.15,-11.925,0.005,-1.495,-11.905,0.000,1.488,0.022
148.17,-11.926,0.003,-1.495,-11.905,0.000,1.488,0.022
148.19,-11.926,0.003,-1.495,-11.905,0.000,1.488,0.022
148.21,-11.927,0.002,-1.494,-11.905,0.000,1.488,0.023
148.23,-11.927,0.002,-1.494,-11.905,0.000,1.488,0.023
148.25,-11.927,0.002,-1.494,-11.905,0.000,1.488,0.023
148.27,-11.928,0.001,-1.494,-11.905,0.000,1.488,0.024
148.29,-11.928,0.001,-1.494,-11.905,0.000,1.488,0.024
148.31,-11.928,0.000,-1.494,-11.905,0.000,1.488,0.024
148.33,-11.928,0.000,-1.494,-11.905,0.000,1.488,0.024
148.35,-11.929,-0.000,-1.493,-11.905,0.000,1.488,0.024
148.38,-11.929,-0.000,-1.493,-11.905,0.000,1.488,0.024
148.40,-11.929,-0.001,-1.493,-11.905,0.000,1.488,0.024
148.42,-11.929,-0.001,-1.493,-11.905,0.000,1.488,0.024
148.44,-11.929,-0.002,-1.493,-11.905,0.000,1.488,0.024
148.46,-11.929,-0.002,-1.493,-11.905,0.000,1.488,0.024
148.48,-11.929,-0.002,-1.492,-11.905,0.000,1.488,0.024
148.50,-11.929,-0.002,-1.492,-11.905,0.000,1.488,0.024
148.52,-11.928,-0.003,-1.492,-11.905,0.000,1.488,0.024
148.54,-11.928,-0.003,-1.492,-11.905,0.000,1.488,0.024
148.56,-11.928,-0.003,-1.492,-11.905,0.000,1.488,0.024
148.58,-11.928,-0.003,-1.492,-11.905,0.000,1.488,0.024
148.60,-11.927,-0.004,-1.493,-11.905,0.000,1.488,0.023
148.62,-11.927,-0.004,-1.493,-11.905,0.000,1.488,0.023
148.65,-11.927,-0.004,-1.493,-11.905,0.000,1.488,0.023
148.67,-11.927,-0.004,-1.493,-11.905,0.000,1.488,0.023
148.69,-11.926,-0.005,-1.493,-11.905,0.000,1.488,0.022
148.71,-11.926,-0.005,-1.493,-11.905,0.000,1.488,0.022
148.73,-11.926,-0.005,-1.493,-11.905,0.000,1.488,0.022
148.75,-11.925,-0.007,-1.493,-11.905,0.000,1.488,0.021
148.77,-11.925,-0.007,-1.493,-11.905,0.000,1.488,0.021
148.79,-11.924,-0.008,-1.493,-11.905,0.000,1.488,0.021
148.81,-11.924,-0.008,-1.493,-11.905,0.000,1.488,0.021
148.83,-11.922,-0.009,-1.493,-11.905,0.000,1.488,0.020
148.85,-11.922,-0.009,-1.493,-11.905,0.000,1.488,0.020
148.88,-11.921,-0.010,-1.493,-11.905,0.000,1.488,0.020
148.90,-11.921,-0.010,-1.493,-11.905,0.000,1.488,0.020
148.92,-11.920,-0.012,-1.493,-11.905,0.000,1.488,0.020
148.94,-11.920,-0.012,-1.493,-11.905,0.000,1.488,0.020
148.96,-11.918,-0.013,-1.493,-11.905,0.000,1.488,0.020
148.98,-11.918,-0.013,-1.493,-11.905,0.000,1.488,0.020
149.00,-11.917,-0.014,-1.493,-11.905,0.000,1.488,0.020
149.02,-11.917,-0.014,-1.493,-11.905,0.000,1.488,0.020
149.04,-11.915,-0.016,-1.493,-11.905,0.000,1.488,0.020
149.06,-11.915,-0.016,-1.493,-11.905,0.000,1.488,0.020
149.08,-11.913,-0.017,-1.493,-11.905,0.000,1.488,0.020
149.10,-11.913,-0.017,-1.493,-11.905,0.000,1.488,0.020
149.13,-11.912,-0.018,-1.492,-11.905,0.000,1.488,0.020
149.15,-11.912,-0.018,-1.492,-11.905,0.000,1.488,0.020
149.17,-11.910,-0.020,-1.492,-11.905,0.000,1.488,0.021
149.19,-11.910,-0.020,-1.492,-11.905,0.000,1.488,0.021
149.21,-11.908,-0.021,-1.492,-11.905,0.000,1.488,0.022
149.23,-11.908,-0.021,-1.492,-11.905,0.000,1.488,0.022
149.25,-11.908,-0.021,-1.492,-11.905,0.000,1.488,0.022
149.27,-11.906,-0.022,-1.493,-11.905,0.000,1.488,0.023
149.29,-11.906,-0.022,-1.493,-11.905,0.000,1.488,0.023
149.31,-11.904,-0.024,-1.493,-11.905,0.000,1.488,0.025
149.33,-11.904,-0.024,-1.493,-11.905,0.000,1.488,0.025
149.36,-11.902,-0.024,-1.493,-11.905,0.000,1.488,0.026
149.38,-11.902,-0.024,-1.493,-11.905,0.000,1.488,0.026
149.40,-11.901,-0.025,-1.494,-11.905,0.000,1.488,0.027
149.42,-11.901,-0.025,-1.494,-11.905,0.000,1.488,0.027
149.44,-11.899,-0.026,-1.494,-11.905,0.000,1.488,0.028
149.46,-11.899,-0.026,-1.494,-11.905,0.000,1.488,0.028
149.48,-11.897,-0.027,-1.495,-11.905,0.000,1.488,0.029
149.50,-11.897,-0.027,-1.495,-11.905,0.000,1.488,0.029
149.52,-11.896,-0.027,-1.495,-11.905,0.000,1.488,0.030
149.54,-11.896,-0.027,-1.495,-11.905,0.000,1.488,0.030
149.56,-11.895,-0.028,-1.496,-11.905,0.000,1.488,0.031
149.58,-11.895,-0.028,-1.496,-11.905,0.000,1.488,0.031
149.61,-11.893,-0.028,-1.496,-11.905,0.000,1.488,0.032
149.63,-11.893,-0.028,-1.496,-11.905,0.000,1.488,0.032
149.65,-11.892,-0.029,-1.496,-11.905,0.000,1.488,0.033
149.67,-11.892,-0.029,-1.496,-11.905,0.000,1.488,0.033
149.69,-11.891,-0.029,-1.496,-11.905,0.000,1.488,0.034
149.71,-11.891,-0.029,-1.496,-11.905,0.000,1.488,0.034
149.73,-11.891,-0.029,-1.496,-11.905,0.000,1.488,0.034
149.75,-11.889,-0.029,-1.496,-11.905,0.000,1.488,0.034
149.77,-11.889,-0.029,-1.496,-11.905,0.000,1.488,0.034
149.79,-11.888,-0.029,-1.496,-11.905,0.000,1.488,0.035
149.81,-11.888,-0.029,-1.496,-11.905,0.000,1.488,0.035
149.83,-11.887,-0.029,-1.496,-11.905,0.000,1.488,0.036
149.86,-11.887,-0.029,-1.496,-11.905,0.000,1.488,0.036
149.88,-11.885,-0.029,-1.495,-11.905,0.000,1.488,0.036
149.90,-11.885,-0.029,-1.495,-11.905,0.000,1.488,0.036
149.92,-11.884,-0.029,-1.495,-11.905,0.000,1.488,0.036
149.94,-11.884,-0.029,-1.495,-11.905,0.000,1.488,0.036
149.96,-11.883,-0.028,-1.495,-11.905,0.000,1.488,0.037
149.98,-11.883,-0.028,-1.495,-11.905,0.000,1.488,0.037