t,px,py,pz,ex,ey,ez,err
0.00,-0.006,0.015,0.012,-7.267,-0.003,0.910,7.319
0.02,-0.006,0.015,0.012,-7.268,-0.003,0.910,7.321
0.04,-0.006,0.015,0.012,-7.268,-0.003,0.910,7.321
0.06,-0.006,0.014,0.012,-7.268,-0.003,0.910,7.321
0.08,-0.006,0.014,0.012,-7.268,-0.003,0.910,7.321
0.10,-0.006,0.014,0.012,-7.269,-0.003,0.910,7.322
0.13,-0.006,0.014,0.012,-7.269,-0.003,0.910,7.322
0.15,-0.006,0.014,0.013,-7.270,-0.003,0.910,7.323
0.17,-0.006,0.014,0.013,-7.270,-0.003,0.910,7.323
0.19,-0.005,0.013,0.013,-7.271,-0.003,0.910,7.324
0.21,-0.005,0.013,0.013,-7.271,-0.003,0.910,7.324
0.23,-0.005,0.013,0.013,-7.271,-0.003,0.910,7.325
0.25,-0.005,0.013,0.013,-7.271,-0.003,0.910,7.325
0.27,-0.004,0.012,0.013,-7.272,-0.003,0.911,7.327
0.29,-0.004,0.012,0.013,-7.272,-0.003,0.911,7.327
0.31,-0.003,0.012,0.013,-7.272,-0.003,0.911,7.328
0.33,-0.003,0.012,0.013,-7.272,-0.003,0.911,7.328
0.35,-0.002,0.011,0.013,-7.273,-0.003,0.911,7.329
0.38,-0.002,0.011,0.013,-7.273,-0.003,0.911,7.329
0.40,-0.001,0.011,0.014,-7.273,-0.003,0.911,7.331
0.42,-0.001,0.011,0.014,-7.273,-0.003,0.911,7.331
0.44,0.001,0.011,0.014,-7.273,-0.003,0.911,7.333
0.46,0.001,0.011,0.014,-7.273,-0.003,0.911,7.333
0.48,0.002,0.010,0.014,-7.312,-0.003,0.915,7.373
0.50,0.002,0.010,0.014,-7.312,-0.003,0.915,7.373
0.52,0.003,0.010,0.015,-7.353,-0.003,0.920,7.415
0.54,0.003,0.010,0.015,-7.353,-0.003,0.920,7.415
0.56,0.003,0.010,0.015,-7.353,-0.003,0.920,7.415
0.58,0.006,0.010,0.015,-7.394,-0.003,0.925,7.460
0.61,0.006,0.010,0.015,-7.394,-0.003,0.925,7.460
0.63,0.007,0.010,0.015,-7.435,-0.003,0.930,7.502
0.65,0.007,0.010,0.015,-7.435,-0.003,0.930,7.502
0.67,0.008,0.010,0.015,-7.476,-0.003,0.935,7.545
0.69,0.008,0.010,0.015,-7.476,-0.003,0.935,7.545
0.71,0.010,0.010,0.015,-7.518,-0.003,0.939,7.588
0.73,0.010,0.010,0.015,-7.518,-0.003,0.939,7.588
0.75,0.011,0.010,0.015,-7.559,-0.003,0.944,7.630
0.77,0.011,0.010,0.015,-7.559,-0.003,0.944,7.630
0.79,0.012,0.011,0.015,-7.601,-0.003,0.949,7.674
0.81,0.012,0.011,0.015,-7.601,-0.003,0.949,7.674
0.83,0.013,0.011,0.015,-7.641,-0.003,0.954,7.715
0.85,0.013,0.011,0.015,-7.641,-0.003,0.954,7.715
0.88,0.013,0.011,0.015,-7.683,-0.003,0.959,7.758
0.90,0.013,0.011,0.015,-7.683,-0.003,0.959,7.758
0.92,0.014,0.011,0.014,-7.723,-0.003,0.964,7.799
0.94,0.014,0.011,0.014,-7.723,-0.003,0.964,7.799
0.96,0.015,0.012,0.014,-7.764,-0.003,0.969,7.841
0.98,0.015,0.012,0.014,-7.764,-0.003,0.969,7.841
1.00,0.015,0.012,0.013,-7.826,-0.003,0.977,7.904
1.02,0.015,0.012,0.013,-7.826,-0.003,0.977,7.904
1.04,0.016,0.012,0.013,-7.867,-0.003,0.982,7.946
1.06,0.016,0.012,0.013,-7.867,-0.003,0.982,7.946
1.08,0.016,0.012,0.013,-7.867,-0.003,0.982,7.946
1.10,0.018,0.012,0.012,-7.908,-0.003,0.987,7.988
1.12,0.018,0.012,0.012,-7.908,-0.003,0.987,7.988
1.15,0.018,0.012,0.011,-7.950,-0.003,0.992,8.031
1.17,0.018,0.012,0.011,-7.950,-0.003,0.992,8.031
1.19,0.019,0.012,0.011,-7.991,-0.003,0.997,8.073
1.21,0.019,0.012,0.011,-7.991,-0.003,0.997,8.073
1.23,0.020,0.012,0.011,-8.032,-0.003,1.002,8.116
1.25,0.020,0.012,0.011,-8.032,-0.003,1.002,8.116
1.27,0.021,0.012,0.010,-8.073,-0.003,1.008,8.158
1.29,0.021,0.012,0.010,-8.073,-0.003,1.008,8.158
1.31,0.021,0.012,0.010,-8.113,-0.003,1.013,8.199
1.33,0.021,0.012,0.010,-8.113,-0.003,1.013,8.199
1.35,0.022,0.012,0.010,-8.155,-0.003,1.018,8.241
1.37,0.022,0.012,0.010,-8.155,-0.003,1.018,8.241
1.40,0.022,0.012,0.010,-8.196,-0.003,1.023,8.283
1.42,0.022,0.012,0.010,-8.196,-0.003,1.023,8.283
1.44,0.022,0.012,0.010,-8.239,-0.003,1.029,8.326
1.46,0.022,0.012,0.010,-8.239,-0.003,1.029,8.326
1.48,0.022,0.012,0.010,-8.280,-0.003,1.034,8.367
1.50,0.022,0.012,0.010,-8.280,-0.003,1.034,8.367
1.52,0.022,0.012,0.010,-8.342,-0.003,1.042,8.430
1.54,0.022,0.012,0.010,-8.342,-0.003,1.042,8.430
1.56,0.022,0.012,0.010,-8.342,-0.003,1.042,8.430
1.58,0.022,0.012,0.010,-8.384,-0.003,1.047,8.472
1.60,0.022,0.012,0.010,-8.384,-0.003,1.047,8.472
1.62,0.022,0.011,0.010,-8.426,-0.003,1.053,8.514
1.65,0.022,0.011,0.010,-8.426,-0.003,1.053,8.514
1.67,0.021,0.011,0.010,-8.468,-0.003,1.058,8.556
1.69,0.021,0.011,0.010,-8.468,-0.003,1.058,8.556
1.71,0.021,0.011,0.010,-8.511,-0.002,1.064,8.599
1.73,0.021,0.011,0.010,-8.511,-0.002,1.064,8.599
1.75,0.021,0.010,0.010,-8.552,-0.002,1.069,8.640
1.77,0.021,0.010,0.010,-8.552,-0.002,1.069,8.640
1.79,0.020,0.010,0.010,-8.594,-0.002,1.075,8.682
1.81,0.020,0.010,0.010,-8.594,-0.002,1.075,8.682
1.83,0.020,0.009,0.010,-8.637,-0.002,1.080,8.725
1.85,0.020,0.009,0.010,-8.637,-0.002,1.080,8.725
1.87,0.019,0.009,0.010,-8.679,-0.002,1.086,8.767
1.89,0.019,0.009,0.010,-8.679,-0.002,1.086,8.767
1.92,0.019,0.008,0.010,-8.721,-0.002,1.091,8.809
1.94,0.019,0.008,0.010,-8.721,-0.002,1.091,8.809
1.96,0.018,0.007,0.011,-8.763,-0.002,1.096,8.851
1.98,0.018,0.007,0.011,-8.763,-0.002,1.096,8.851
2.00,0.018,0.007,0.011,-8.826,-0.002,1.104,8.914
2.02,0.018,0.007,0.011,-8.826,-0.002,1.104,8.914
2.04,0.017,0.006,0.011,-8.868,-0.002,1.110,8.956
2.06,0.017,0.006,0.011,-8.868,-0.002,1.110,8.956
2.08,0.017,0.006,0.011,-8.868,-0.002,1.110,8.956
2.10,0.017,0.005,0.011,-8.910,-0.002,1.115,8.997
2.12,0.017,0.005,0.011,-8.910,-0.002,1.115,8.997
2.14,0.016,0.004,0.011,-8.951,-0.002,1.120,9.038
2.17,0.016,0.004,0.011,-8.951,-0.002,1.120,9.038
2.19,0.015,0.003,0.010,-8.993,-0.002,1.126,9.079
2.21,0.015,0.003,0.010,-8.993,-0.002,1.126,9.079
2.23,0.015,0.003,0.010,-9.035,-0.002,1.131,9.121
2.25,0.015,0.003,0.010,-9.035,-0.002,1.131,9.121
2.27,0.014,0.002,0.010,-9.076,-0.002,1.136,9.162
2.29,0.014,0.002,0.010,-9.076,-0.002,1.136,9.162
2.31,0.013,0.001,0.010,-9.117,-0.002,1.141,9.202
2.33,0.013,0.001,0.010,-9.117,-0.002,1.141,9.202
2.35,0.012,0.000,0.009,-9.159,-0.002,1.146,9.244
2.37,0.012,0.000,0.009,-9.159,-0.002,1.146,9.244
2.39,0.012,-0.000,0.009,-9.200,-0.002,1.151,9.284
2.41,0.012,-0.000,0.009,-9.200,-0.002,1.151,9.284
2.44,0.011,-0.001,0.009,-9.241,-0.002,1.157,9.324
2.46,0.011,-0.001,0.009,-9.241,-0.002,1.157,9.324
2.48,0.009,-0.001,0.008,-9.282,-0.002,1.162,9.365
2.50,0.009,-0.001,0.008,-9.282,-0.002,1.162,9.365
2.52,0.008,-0.002,0.008,-9.342,-0.002,1.169,9.424
2.54,0.008,-0.002,0.008,-9.342,-0.002,1.169,9.424
2.56,0.007,-0.002,0.007,-9.383,-0.002,1.174,9.465
2.58,0.007,-0.002,0.007,-9.383,-0.002,1.174,9.465
2.60,0.007,-0.002,0.007,-9.383,-0.002,1.174,9.465
2.62,0.006,-0.002,0.007,-9.422,-0.002,1.179,9.502
2.64,0.006,-0.002,0.007,-9.422,-0.002,1.179,9.502
2.66,0.004,-0.002,0.007,-9.461,-0.002,1.184,9.540
2.68,0.004,-0.002,0.007,-9.461,-0.002,1.184,9.540
2.71,0.003,-0.002,0.007,-9.501,-0.002,1.189,9.579
2.73,0.003,-0.002,0.007,-9.501,-0.002,1.189,9.579
2.75,0.002,-0.002,0.007,-9.539,-0.002,1.194,9.617
2.77,0.002,-0.002,0.007,-9.539,-0.002,1.194,9.617
2.79,0.001,-0.002,0.008,-9.579,-0.002,1.198,9.656
2.81,0.001,-0.002,0.008,-9.579,-0.002,1.198,9.656
2.83,0.000,-0.002,0.008,-9.618,-0.002,1.203,9.694
2.85,0.000,-0.002,0.008,-9.618,-0.002,1.203,9.694
2.87,-0.000,-0.002,0.009,-9.657,-0.002,1.208,9.733
2.89,-0.000,-0.002,0.009,-9.657,-0.002,1.208,9.733
2.91,-0.001,-0.001,0.009,-9.696,-0.002,1.213,9.772
2.93,-0.001,-0.001,0.009,-9.696,-0.002,1.213,9.772
2.96,-0.002,-0.001,0.010,-9.735,-0.002,1.218,9.810
2.98,-0.002,-0.001,0.010,-9.735,-0.002,1.218,9.810
3.00,-0.003,-0.000,0.010,-9.774,-0.001,1.223,9.848
3.02,-0.003,-0.000,0.010,-9.774,-0.001,1.223,9.848
3.04,-0.005,-0.000,0.010,-9.832,-0.001,1.230,9.906
3.06,-0.005,-0.000,0.010,-9.832,-0.001,1.230,9.906
3.08,-0.005,-0.000,0.010,-9.832,-0.001,1.230,9.906
3.10,-0.008,-0.000,0.009,-9.873,-0.001,1.235,9.943
3.12,-0.008,-0.000,0.009,-9.873,-0.001,1.235,9.943
3.14,-0.012,-0.001,0.008,-9.913,-0.001,1.240,9.979
3.16,-0.012,-0.001,0.008,-9.913,-0.001,1.240,9.979
3.18,-0.017,-0.001,0.005,-9.953,-0.001,1.245,10.015
3.20,-0.017,-0.001,0.005,-9.953,-0.001,1.245,10.015
3.22,-0.026,-0.003,0.001,-9.994,-0.001,1.250,10.046
3.25,-0.026,-0.003,0.001,-9.994,-0.001,1.250,10.046
3.27,-0.034,-0.004,-0.003,-10.036,-0.001,1.255,10.080
3.29,-0.034,-0.004,-0.003,-10.036,-0.001,1.255,10.080
3.31,-0.047,-0.006,-0.009,-10.076,-0.001,1.260,10.107
3.33,-0.047,-0.006,-0.009,-10.076,-0.001,1.260,10.107
3.35,-0.062,-0.009,-0.015,-10.076,-0.001,1.260,10.091
3.37,-0.062,-0.009,-0.015,-10.076,-0.001,1.260,10.091
3.39,-0.079,-0.011,-0.020,-10.118,-0.001,1.265,10.116
3.41,-0.079,-0.011,-0.020,-10.118,-0.001,1.265,10.116
3.43,-0.102,-0.014,-0.024,-10.160,-0.001,1.270,10.135
3.45,-0.102,-0.014,-0.024,-10.160,-0.001,1.270,10.135
3.47,-0.124,-0.017,-0.026,-10.202,-0.001,1.275,10.155
3.50,-0.124,-0.017,-0.026,-10.202,-0.001,1.275,10.155
3.52,-0.165,-0.021,-0.028,-10.266,-0.001,1.283,10.178
3.54,-0.165,-0.021,-0.028,-10.266,-0.001,1.283,10.178
3.56,-0.216,-0.025,-0.028,-10.308,-0.001,1.288,10.171
3.58,-0.216,-0.025,-0.028,-10.308,-0.001,1.288,10.171
3.60,-0.216,-0.025,-0.028,-10.308,-0.001,1.288,10.171
3.62,-0.289,-0.030,-0.027,-10.351,-0.001,1.293,10.142
3.64,-0.289,-0.030,-0.027,-10.351,-0.001,1.293,10.142
3.66,-0.349,-0.032,-0.027,-10.394,-0.001,1.299,10.126
3.68,-0.349,-0.032,-0.027,-10.394,-0.001,1.299,10.126
3.70,-0.432,-0.032,-0.027,-10.435,-0.001,1.304,10.084
3.72,-0.432,-0.032,-0.027,-10.435,-0.001,1.304,10.084
3.75,-0.509,-0.030,-0.027,-10.476,-0.001,1.309,10.049
3.77,-0.509,-0.030,-0.027,-10.476,-0.001,1.309,10.049
3.79,-0.612,-0.023,-0.027,-10.517,-0.001,1.314,9.989
3.81,-0.612,-0.023,-0.027,-10.517,-0.001,1.314,9.989
3.83,-0.707,-0.014,-0.028,-10.557,-0.001,1.319,9.935
3.85,-0.707,-0.014,-0.028,-10.557,-0.001,1.319,9.935
3.87,-0.809,-0.001,-0.029,-10.596,-0.001,1.324,9.873
3.89,-0.809,-0.001,-0.029,-10.596,-0.001,1.324,9.873
3.91,-0.917,0.015,-0.031,-10.635,-0.001,1.329,9.804
3.93,-0.917,0.015,-0.031,-10.635,-0.001,1.329,9.804
3.95,-1.030,0.034,-0.034,-10.673,-0.001,1.333,9.730
3.97,-1.030,0.034,-0.034,-10.673,-0.001,1.333,9.730
4.00,-1.125,0.052,-0.038,-10.710,-0.001,1.338,9.673
4.02,-1.125,0.052,-0.038,-10.710,-0.001,1.338,9.673
4.04,-1.297,0.085,-0.047,-10.765,-0.001,1.345,9.557
4.06,-1.297,0.085,-0.047,-10.765,-0.001,1.345,9.557
4.08,-1.297,0.085,-0.047,-10.765,-0.001,1.345,9.557
4.10,-1.477,0.120,-0.059,-10.800,-0.001,1.349,9.412
4.12,-1.477,0.120,-0.059,-10.800,-0.001,1.349,9.412
4.14,-1.610,0.146,-0.069,-10.833,-0.001,1.353,9.313
4.16,-1.610,0.146,-0.069,-10.833,-0.001,1.353,9.313
4.18,-1.748,0.172,-0.081,-10.867,-0.001,1.357,9.210
4.20,-1.748,0.172,-0.081,-10.867,-0.001,1.357,9.210
4.22,-1.889,0.198,-0.096,-10.898,-0.001,1.361,9.100
4.24,-1.889,0.198,-0.096,-10.898,-0.001,1.361,9.100
4.27,-2.094,0.232,-0.126,-10.929,-0.001,1.365,8.924
4.29,-2.094,0.232,-0.126,-10.929,-0.001,1.365,8.924
4.31,-2.216,0.251,-0.147,-10.959,-0.001,1.369,8.832
4.33,-2.216,0.251,-0.147,-10.959,-0.001,1.369,8.832
4.35,-2.405,0.277,-0.183,-10.988,-0.001,1.373,8.670
4.37,-2.405,0.277,-0.183,-10.988,-0.001,1.373,8.670
4.39,-2.567,0.299,-0.216,-10.978,-0.001,1.371,8.496
4.41,-2.567,0.299,-0.216,-10.978,-0.001,1.371,8.496
4.43,-2.733,0.319,-0.252,-11.006,-0.001,1.375,8.355
4.45,-2.733,0.319,-0.252,-11.006,-0.001,1.375,8.355
4.47,-2.869,0.334,-0.281,-11.031,-0.001,1.378,8.243
4.49,-2.869,0.334,-0.281,-11.031,-0.001,1.378,8.243
4.52,-3.042,0.352,-0.319,-11.068,-0.001,1.383,8.104
4.54,-3.042,0.352,-0.319,-11.068,-0.001,1.383,8.104
4.56,-3.291,0.375,-0.372,-11.091,-0.001,1.386,7.874
4.58,-3.291,0.375,-0.372,-11.091,-0.001,1.386,7.874
4.60,-3.291,0.375,-0.372,-11.091,-0.001,1.386,7.874
4.62,-3.548,0.395,-0.426,-11.113,-0.001,1.389,7.636
4.64,-3.548,0.395,-0.426,-11.113,-0.001,1.389,7.636
4.66,-3.735,0.407,-0.464,-11.134,-0.001,1.391,7.468
4.68,-3.735,0.407,-0.464,-11.134,-0.001,1.391,7.468
4.70,-3.926,0.418,-0.500,-11.154,-0.001,1.394,7.295
4.72,-3.926,0.418,-0.500,-11.154,-0.001,1.394,7.295
4.74,-4.196,0.431,-0.549,-11.172,-0.001,1.396,7.040
4.77,-4.196,0.431,-0.549,-11.172,-0.001,1.396,7.040
4.79,-4.391,0.438,-0.582,-11.188,-0.001,1.398,6.860
4.81,-4.391,0.438,-0.582,-11.188,-0.001,1.398,6.860
4.83,-4.587,0.444,-0.614,-11.203,-0.001,1.400,6.678
4.85,-4.587,0.444,-0.614,-11.203,-0.001,1.400,6.678
4.87,-4.743,0.447,-0.638,-11.217,-0.000,1.402,6.534
4.89,-4.743,0.447,-0.638,-11.217,-0.000,1.402,6.534
4.91,-4.977,0.450,-0.672,-11.230,-0.000,1.403,6.312
4.93,-4.977,0.450,-0.672,-11.230,-0.000,1.403,6.312
4.95,-5.132,0.451,-0.693,-11.242,-0.000,1.405,6.168
4.97,-5.132,0.451,-0.693,-11.242,-0.000,1.405,6.168
4.99,-5.362,0.450,-0.722,-11.253,-0.000,1.406,5.947
5.01,-5.362,0.450,-0.722,-11.253,-0.000,1.406,5.947
5.04,-5.551,0.447,-0.745,-11.267,-0.000,1.408,5.771
5.06,-5.551,0.447,-0.745,-11.267,-0.000,1.408,5.771
5.08,-5.737,0.444,-0.766,-11.275,-0.000,1.409,5.593
5.10,-5.737,0.444,-0.766,-11.275,-0.000,1.409,5.593
5.12,-5.737,0.444,-0.766,-11.275,-0.000,1.409,5.593
5.14,-6.027,0.436,-0.797,-11.283,-0.000,1.410,5.309
5.16,-6.027,0.436,-0.797,-11.283,-0.000,1.410,5.309
5.18,-6.203,0.430,-0.815,-11.290,-0.000,1.411,5.140
5.20,-6.203,0.430,-0.815,-11.290,-0.000,1.411,5.140
5.22,-6.375,0.424,-0.831,-11.297,-0.000,1.412,4.974
5.24,-6.375,0.424,-0.831,-11.297,-0.000,1.412,4.974
5.26,-6.542,0.417,-0.847,-11.303,-0.000,1.413,4.813
5.28,-6.542,0.417,-0.847,-11.303,-0.000,1.413,4.813
5.31,-6.736,0.408,-0.864,-11.309,-0.000,1.414,4.624
5.33,-6.736,0.408,-0.864,-11.309,-0.000,1.414,4.624
5.35,-6.922,0.399,-0.880,-11.315,-0.000,1.414,4.443
5.37,-6.922,0.399,-0.880,-11.315,-0.000,1.414,4.443
5.39,-7.071,0.391,-0.893,-11.320,-0.000,1.415,4.299
5.41,-7.071,0.391,-0.893,-11.320,-0.000,1.415,4.299
5.43,-7.186,0.384,-0.902,-11.326,-0.000,1.416,4.189
5.45,-7.186,0.384,-0.902,-11.326,-0.000,1.416,4.189
5.47,-7.353,0.374,-0.916,-11.332,-0.000,1.417,4.028
5.49,-7.353,0.374,-0.916,-11.332,-0.000,1.417,4.028
5.51,-7.486,0.365,-0.926,-11.338,-0.000,1.417,3.900
5.53,-7.486,0.365,-0.926,-11.338,-0.000,1.417,3.900
5.56,-7.614,0.355,-0.936,-11.349,-0.000,1.419,3.783
5.58,-7.614,0.355,-0.936,-11.349,-0.000,1.419,3.783
5.60,-7.614,0.355,-0.936,-11.349,-0.000,1.419,3.783
5.62,-7.806,0.339,-0.951,-11.356,-0.000,1.420,3.597
5.64,-7.806,0.339,-0.951,-11.356,-0.000,1.420,3.597
5.66,-7.919,0.328,-0.960,-11.364,-0.000,1.421,3.491
5.68,-7.919,0.328,-0.960,-11.364,-0.000,1.421,3.491
5.70,-8.027,0.317,-0.969,-11.373,-0.000,1.422,3.391
5.72,-8.027,0.317,-0.969,-11.373,-0.000,1.422,3.391
5.74,-8.052,0.231,-0.941,-11.383,-0.000,1.423,3.373
5.76,-8.052,0.231,-0.941,-11.383,-0.000,1.423,3.373
5.78,-7.952,0.029,-0.855,-11.393,-0.000,1.424,3.487
5.80,-7.952,0.029,-0.855,-11.393,-0.000,1.424,3.487
5.83,-7.829,-0.221,-0.745,-11.404,-0.000,1.426,3.646
5.85,-7.829,-0.221,-0.745,-11.404,-0.000,1.426,3.646
5.87,-7.706,-0.477,-0.629,-11.416,-0.000,1.427,3.825
5.89,-7.706,-0.477,-0.629,-11.416,-0.000,1.427,3.825
5.91,-7.600,-0.688,-0.530,-11.428,-0.000,1.429,3.992
5.93,-7.600,-0.688,-0.530,-11.428,-0.000,1.429,3.992
5.95,-7.488,-0.897,-0.427,-11.442,-0.000,1.430,4.176
5.97,-7.488,-0.897,-0.427,-11.442,-0.000,1.430,4.176
5.99,-7.369,-1.102,-0.318,-11.456,-0.000,1.432,4.377
6.01,-7.369,-1.102,-0.318,-11.456,-0.000,1.432,4.377
6.03,-7.242,-1.307,-0.203,-11.479,-0.000,1.435,4.602
6.05,-7.242,-1.307,-0.203,-11.479,-0.000,1.435,4.602
6.07,-7.135,-1.469,-0.107,-11.495,-0.000,1.437,4.789
6.09,-7.135,-1.469,-0.107,-11.495,-0.000,1.437,4.789
6.12,-7.135,-1.469,-0.107,-11.495,-0.000,1.437,4.789
6.14,-6.921,-1.710,-0.097,-11.512,-0.000,1.439,5.080
6.16,-6.921,-1.710,-0.097,-11.512,-0.000,1.439,5.080
6.18,-6.806,-1.821,-0.142,-11.529,-0.000,1.441,5.226
6.20,-6.806,-1.821,-0.142,-11.529,-0.000,1.441,5.226
6.22,-6.696,-1.940,-0.178,-11.547,-0.000,1.444,5.376
6.24,-6.696,-1.940,-0.178,-11.547,-0.000,1.444,5.376
6.26,-6.595,-2.062,-0.202,-11.566,-0.000,1.446,5.524
6.28,-6.595,-2.062,-0.202,-11.566,-0.000,1.446,5.524
6.30,-6.505,-2.188,-0.211,-11.584,-0.000,1.448,5.666
6.32,-6.505,-2.188,-0.211,-11.584,-0.000,1.448,5.666
6.34,-6.406,-2.365,-0.199,-11.603,-0.000,1.451,5.845
6.36,-6.406,-2.365,-0.199,-11.603,-0.000,1.451,5.845
6.39,-6.358,-2.487,-0.179,-11.622,-0.000,1.453,5.960
6.41,-6.358,-2.487,-0.179,-11.622,-0.000,1.453,5.960
6.43,-6.328,-2.606,-0.152,-11.641,-0.000,1.456,6.060
6.45,-6.328,-2.606,-0.152,-11.641,-0.000,1.456,6.060
6.47,-6.315,-2.722,-0.120,-11.660,-0.000,1.458,6.145
6.49,-6.315,-2.722,-0.120,-11.660,-0.000,1.458,6.145
6.51,-6.317,-2.836,-0.085,-11.680,-0.000,1.460,6.221
6.53,-6.317,-2.836,-0.085,-11.680,-0.000,1.460,6.221
6.55,-6.330,-2.951,-0.049,-11.708,-0.000,1.464,6.295
6.57,-6.330,-2.951,-0.049,-11.708,-0.000,1.464,6.295
6.59,-6.348,-3.044,-0.018,-11.726,-0.000,1.466,6.347
6.61,-6.348,-3.044,-0.018,-11.726,-0.000,1.466,6.347
6.63,-6.348,-3.044,-0.018,-11.726,-0.000,1.466,6.347
6.66,-6.399,-3.234,0.047,-11.745,-0.000,1.468,6.429
6.68,-6.399,-3.234,0.047,-11.745,-0.000,1.468,6.429
6.70,-6.446,-3.379,0.097,-11.762,-0.000,1.471,6.491
6.72,-6.446,-3.379,0.097,-11.762,-0.000,1.471,6.491
6.74,-6.489,-3.501,0.137,-11.779,-0.000,1.473,6.545
6.76,-6.489,-3.501,0.137,-11.779,-0.000,1.473,6.545
6.78,-6.524,-3.607,0.156,-11.795,-0.000,1.475,6.592
6.80,-6.524,-3.607,0.156,-11.795,-0.000,1.475,6.592
6.82,-6.549,-3.696,0.150,-11.810,-0.000,1.477,6.633
6.84,-6.549,-3.696,0.150,-11.810,-0.000,1.477,6.633
6.86,-6.572,-3.782,0.141,-11.824,-0.000,1.478,6.672
6.88,-6.572,-3.782,0.141,-11.824,-0.000,1.478,6.672
6.90,-6.595,-3.876,0.120,-11.838,-0.000,1.480,6.713
6.93,-6.595,-3.876,0.120,-11.838,-0.000,1.480,6.713
6.95,-6.613,-3.950,0.098,-11.850,-0.000,1.482,6.748
6.97,-6.613,-3.950,0.098,-11.850,-0.000,1.482,6.748
6.99,-6.629,-4.022,0.074,-11.862,-0.000,1.483,6.781
7.01,-6.629,-4.022,0.074,-11.862,-0.000,1.483,6.781
7.03,-6.643,-4.089,0.046,-11.873,-0.000,1.484,6.813
7.05,-6.643,-4.089,0.046,-11.873,-0.000,1.484,6.813
7.07,-6.659,-4.163,0.009,-11.887,-0.000,1.486,6.848
7.09,-6.659,-4.163,0.009,-11.887,-0.000,1.486,6.848
7.11,-6.659,-4.163,0.009,-11.887,-0.000,1.486,6.848
7.13,-6.674,-4.236,-0.038,-11.895,-0.000,1.487,6.877
7.15,-6.674,-4.236,-0.038,-11.895,-0.000,1.487,6.877
7.18,-6.684,-4.279,-0.073,-11.897,-0.000,1.487,6.891
7.20,-6.684,-4.279,-0.073,-11.897,-0.000,1.487,6.891
7.22,-6.697,-4.321,-0.120,-11.897,-0.000,1.487,6.898
7.24,-6.697,-4.321,-0.120,-11.897,-0.000,1.487,6.898
7.26,-6.710,-4.347,-0.165,-11.897,-0.000,1.487,6.896
7.28,-6.710,-4.347,-0.165,-11.897,-0.000,1.487,6.896
7.30,-6.727,-4.365,-0.215,-11.897,-0.000,1.487,6.885
7.32,-6.727,-4.365,-0.215,-11.897,-0.000,1.487,6.885
7.34,-6.749,-4.376,-0.268,-11.897,-0.000,1.487,6.866
7.36,-6.749,-4.376,-0.268,-11.897,-0.000,1.487,6.866
7.39,-6.790,-4.378,-0.346,-11.897,-0.000,1.487,6.823
7.41,-6.790,-4.378,-0.346,-11.897,-0.000,1.487,6.823
7.43,-6.828,-4.371,-0.402,-11.897,-0.000,1.487,6.781
7.45,-6.828,-4.371,-0.402,-11.897,-0.000,1.487,6.781
7.47,-6.874,-4.355,-0.457,-11.897,-0.000,1.487,6.727
7.49,-6.874,-4.355,-0.457,-11.897,-0.000,1.487,6.727
7.51,-6.917,-4.336,-0.499,-11.897,-0.000,1.487,6.677
7.53,-6.917,-4.336,-0.499,-11.897,-0.000,1.487,6.677
7.55,-6.977,-4.306,-0.548,-11.897,-0.000,1.487,6.605
7.57,-6.977,-4.306,-0.548,-11.897,-0.000,1.487,6.605
7.59,-7.044,-4.266,-0.593,-11.897,-0.000,1.487,6.524
7.61,-7.044,-4.266,-0.593,-11.897,-0.000,1.487,6.524
7.63,-7.044,-4.266,-0.593,-11.897,-0.000,1.487,6.524
7.66,-7.163,-4.184,-0.659,-11.897,-0.000,1.487,6.372
7.68,-7.163,-4.184,-0.659,-11.897,-0.000,1.487,6.372
7.70,-7.262,-4.107,-0.706,-11.897,-0.000,1.487,6.242
7.72,-7.262,-4.107,-0.706,-11.897,-0.000,1.487,6.242
7.74,-7.350,-4.033,-0.743,-11.897,-0.000,1.487,6.124
7.76,-7.350,-4.033,-0.743,-11.897,-0.000,1.487,6.124
7.78,-7.441,-3.951,-0.779,-11.897,-0.000,1.487,5.997
7.80,-7.441,-3.951,-0.779,-11.897,-0.000,1.487,5.997
7.82,-7.536,-3.862,-0.815,-11.897,-0.000,1.487,5.864
7.84,-7.536,-3.862,-0.815,-11.897,-0.000,1.487,5.864
7.86,-7.611,-3.778,-0.855,-11.897,-0.000,1.487,5.748
7.88,-7.611,-3.778,-0.855,-11.897,-0.000,1.487,5.748
7.91,-7.440,-3.717,-0.880,-11.897,-0.000,1.487,5.835
7.93,-7.440,-3.717,-0.880,-11.897,-0.000,1.487,5.835
7.95,-7.201,-3.690,-0.873,-11.897,-0.000,1.487,6.004
7.97,-7.201,-3.690,-0.873,-11.897,-0.000,1.487,6.004
7.99,-6.964,-3.661,-0.868,-11.897,-0.000,1.487,6.174
8.01,-6.964,-3.661,-0.868,-11.897,-0.000,1.487,6.174
8.03,-6.776,-3.636,-0.863,-11.897,-0.000,1.487,6.312
8.05,-6.776,-3.636,-0.863,-11.897,-0.000,1.487,6.312
8.07,-6.498,-3.597,-0.858,-11.897,-0.000,1.487,6.518
8.09,-6.498,-3.597,-0.858,-11.897,-0.000,1.487,6.518
8.11,-6.498,-3.597,-0.858,-11.897,-0.000,1.487,6.518
8.14,-6.182,-3.545,-0.852,-11.897,-0.000,1.487,6.756
8.16,-6.182,-3.545,-0.852,-11.897,-0.000,1.487,6.756
8.18,-5.921,-3.497,-0.847,-11.897,-0.000,1.487,6.953
8.20,-5.921,-3.497,-0.847,-11.897,-0.000,1.487,6.953
8.22,-5.712,-3.453,-0.844,-11.897,-0.000,1.487,7.113
8.24,-5.712,-3.453,-0.844,-11.897,-0.000,1.487,7.113
8.26,-5.546,-3.426,-0.827,-11.897,-0.000,1.487,7.246
8.28,-5.546,-3.426,-0.827,-11.897,-0.000,1.487,7.246
8.30,-5.707,-3.563,-0.648,-11.897,-0.000,1.487,7.192
8.32,-5.707,-3.563,-0.648,-11.897,-0.000,1.487,7.192
8.34,-5.877,-3.700,-0.462,-11.897,-0.000,1.487,7.140
8.36,-5.877,-3.700,-0.462,-11.897,-0.000,1.487,7.140
8.39,-6.129,-3.884,-0.178,-11.897,-0.000,1.487,7.077
8.41,-6.129,-3.884,-0.178,-11.897,-0.000,1.487,7.077
8.43,-6.312,-3.999,0.014,-11.897,-0.000,1.487,7.031
8.45,-6.312,-3.999,0.014,-11.897,-0.000,1.487,7.031
8.47,-6.430,-4.029,-0.012,-11.897,-0.000,1.487,6.950
8.49,-6.430,-4.029,-0.012,-11.897,-0.000,1.487,6.950
8.51,-6.619,-4.070,-0.045,-11.897,-0.000,1.487,6.820
8.53,-6.619,-4.070,-0.045,-11.897,-0.000,1.487,6.820
8.55,-6.786,-4.097,-0.063,-11.897,-0.000,1.487,6.704
8.57,-6.786,-4.097,-0.063,-11.897,-0.000,1.487,6.704
8.59,-6.961,-4.115,-0.073,-11.897,-0.000,1.487,6.580
8.61,-6.961,-4.115,-0.073,-11.897,-0.000,1.487,6.580
8.63,-6.961,-4.115,-0.073,-11.897,-0.000,1.487,6.580
8.65,-7.223,-4.119,-0.071,-11.897,-0.000,1.487,6.390
8.68,-7.223,-4.119,-0.071,-11.897,-0.000,1.487,6.390
8.70,-7.460,-4.105,-0.056,-11.897,-0.000,1.487,6.212
8.72,-7.460,-4.105,-0.056,-11.897,-0.000,1.487,6.212
8.74,-7.667,-4.086,-0.036,-11.897,-0.000,1.487,6.058
8.76,-7.667,-4.086,-0.036,-11.897,-0.000,1.487,6.058
8.78,-7.883,-4.063,-0.009,-11.897,-0.000,1.487,5.899
8.80,-7.883,-4.063,-0.009,-11.897,-0.000,1.487,5.899
8.82,-8.038,-4.203,-0.009,-11.897,-0.000,1.487,5.895
8.84,-8.038,-4.203,-0.009,-11.897,-0.000,1.487,5.895
8.86,-8.193,-4.362,-0.004,-11.897,-0.000,1.487,5.912
8.88,-8.193,-4.362,-0.004,-11.897,-0.000,1.487,5.912
8.90,-8.308,-4.526,-0.066,-11.897,-0.000,1.487,5.948
8.92,-8.308,-4.526,-0.066,-11.897,-0.000,1.487,5.948
8.95,-8.459,-4.763,-0.175,-11.897,-0.000,1.487,6.019
8.97,-8.459,-4.763,-0.175,-11.897,-0.000,1.487,6.019
8.99,-8.563,-4.927,-0.253,-11.897,-0.000,1.487,6.076
9.01,-8.563,-4.927,-0.253,-11.897,-0.000,1.487,6.076
9.03,-8.669,-5.083,-0.324,-11.897,-0.000,1.487,6.132
9.05,-8.669,-5.083,-0.324,-11.897,-0.000,1.487,6.132
9.07,-8.790,-5.233,-0.378,-11.897,-0.000,1.487,6.186
9.09,-8.790,-5.233,-0.378,-11.897,-0.000,1.487,6.186
9.11,-8.926,-5.382,-0.412,-11.897,-0.000,1.487,6.241
9.13,-8.926,-5.382,-0.412,-11.897,-0.000,1.487,6.241
9.15,-8.926,-5.382,-0.412,-11.897,-0.000,1.487,6.241
9.17,-9.142,-5.595,-0.433,-11.897,-0.000,1.487,6.325
9.20,-9.142,-5.595,-0.433,-11.897,-0.000,1.487,6.325
9.22,-9.351,-5.783,-0.431,-11.897,-0.000,1.487,6.407
9.24,-9.351,-5.783,-0.431,-11.897,-0.000,1.487,6.407
9.26,-9.539,-5.940,-0.416,-11.897,-0.000,1.487,6.480
9.28,-9.539,-5.940,-0.416,-11.897,-0.000,1.487,6.480
9.30,-9.741,-6.097,-0.392,-11.897,-0.000,1.487,6.559
9.32,-9.741,-6.097,-0.392,-11.897,-0.000,1.487,6.559
9.34,-9.955,-6.250,-0.359,-11.897,-0.000,1.487,6.642
9.36,-9.955,-6.250,-0.359,-11.897,-0.000,1.487,6.642
9.38,-10.177,-6.398,-0.317,-11.897,-0.000,1.487,6.728
9.40,-10.177,-6.398,-0.317,-11.897,-0.000,1.487,6.728
9.42,-10.405,-6.539,-0.264,-11.897,-0.000,1.487,6.818
9.44,-10.405,-6.539,-0.264,-11.897,-0.000,1.487,6.818
9.47,-10.733,-6.718,-0.172,-11.897,-0.000,1.487,6.944
9.49,-10.733,-6.718,-0.172,-11.897,-0.000,1.487,6.944
9.51,-10.972,-6.832,-0.091,-11.897,-0.000,1.487,7.034
9.53,-10.972,-6.832,-0.091,-11.897,-0.000,1.487,7.034
9.55,-11.200,-6.946,-0.027,-11.897,-0.000,1.487,7.132
9.57,-11.200,-6.946,-0.027,-11.897,-0.000,1.487,7.132
9.59,-11.340,-7.071,-0.058,-11.897,-0.000,1.487,7.236
9.61,-11.340,-7.071,-0.058,-11.897,-0.000,1.487,7.236
9.63,-11.340,-7.071,-0.058,-11.897,-0.000,1.487,7.236
9.65,-11.608,-7.311,-0.124,-11.897,-0.000,1.487,7.442
9.67,-11.608,-7.311,-0.124,-11.897,-0.000,1.487,7.442
9.69,-11.764,-7.455,-0.169,-11.897,-0.000,1.487,7.571
9.71,-11.764,-7.455,-0.169,-11.897,-0.000,1.487,7.571
9.74,-11.923,-7.594,-0.210,-11.897,-0.000,1.487,7.700
9.76,-11.923,-7.594,-0.210,-11.897,-0.000,1.487,7.700
9.78,-12.125,-7.743,-0.242,-11.897,-0.000,1.487,7.845
9.80,-12.125,-7.743,-0.242,-11.897,-0.000,1.487,7.845
9.82,-12.294,-7.849,-0.256,-11.897,-0.000,1.487,7.955
9.84,-12.294,-7.849,-0.256,-11.897,-0.000,1.487,7.955
9.86,-12.461,-7.944,-0.264,-11.897,-0.000,1.487,8.058
9.88,-12.461,-7.944,-0.264,-11.897,-0.000,1.487,8.058
9.90,-12.630,-8.029,-0.268,-11.897,-0.000,1.487,8.154
9.92,-12.630,-8.029,-0.268,-11.897,-0.000,1.487,8.154
9.94,-12.804,-8.107,-0.265,-11.897,-0.000,1.487,8.248
9.96,-12.804,-8.107,-0.265,-11.897,-0.000,1.487,8.248
9.99,-13.059,-8.200,-0.246,-11.897,-0.000,1.487,8.374
10.01,-13.059,-8.200,-0.246,-11.897,-0.000,1.487,8.374
10.03,-13.247,-8.254,-0.221,-11.897,-0.000,1.487,8.459
10.05,-13.247,-8.254,-0.221,-11.897,-0.000,1.487,8.459
10.07,-13.437,-8.299,-0.190,-11.897,-0.000,1.487,8.539
10.09,-13.437,-8.299,-0.190,-11.897,-0.000,1.487,8.539
10.11,-13.630,-8.339,-0.154,-11.897,-0.000,1.487,8.621
10.13,-13.630,-8.339,-0.154,-11.897,-0.000,1.487,8.621
10.15,-13.630,-8.339,-0.154,-11.897,-0.000,1.487,8.621
10.17,-13.912,-8.394,-0.094,-11.897,-0.000,1.487,8.744
10.19,-13.912,-8.394,-0.094,-11.897,-0.000,1.487,8.744
10.21,-14.123,-8.430,-0.039,-11.897,-0.000,1.487,8.838
10.23,-14.123,-8.430,-0.039,-11.897,-0.000,1.487,8.838
10.26,-14.341,-8.460,0.021,-11.897,-0.000,1.487,8.934
10.28,-14.341,-8.460,0.021,-11.897,-0.000,1.487,8.934
10.30,-14.568,-8.495,-0.011,-11.897,-0.000,1.487,9.027
10.32,-14.568,-8.495,-0.011,-11.897,-0.000,1.487,9.027
10.34,-14.755,-8.513,-0.038,-11.897,-0.000,1.487,9.096
10.36,-14.755,-8.513,-0.038,-11.897,-0.000,1.487,9.096
10.38,-14.933,-8.525,-0.065,-11.897,-0.000,1.487,9.160
10.40,-14.933,-8.525,-0.065,-11.897,-0.000,1.487,9.160
10.42,-15.107,-8.534,-0.096,-11.897,-0.000,1.487,9.224
10.44,-15.107,-8.534,-0.096,-11.897,-0.000,1.487,9.224
10.46,-15.357,-8.537,-0.125,-11.897,-0.000,1.487,9.311
10.49,-15.357,-8.537,-0.125,-11.897,-0.000,1.487,9.311
10.51,-15.535,-8.527,-0.136,-11.897,-0.000,1.487,9.369
10.53,-15.535,-8.527,-0.136,-11.897,-0.000,1.487,9.369
10.55,-15.677,-8.513,-0.140,-11.897,-0.000,1.487,9.411
10.57,-15.677,-8.513,-0.140,-11.897,-0.000,1.487,9.411
10.59,-15.852,-8.489,-0.140,-11.897,-0.000,1.487,9.461
10.61,-15.852,-8.489,-0.140,-11.897,-0.000,1.487,9.461
10.63,-15.852,-8.489,-0.140,-11.897,-0.000,1.487,9.461
10.65,-16.128,-8.439,-0.135,-11.897,-0.000,1.487,9.536
10.67,-16.128,-8.439,-0.135,-11.897,-0.000,1.487,9.536
10.69,-16.299,-8.403,-0.129,-11.897,-0.000,1.487,9.583
10.71,-16.299,-8.403,-0.129,-11.897,-0.000,1.487,9.583
10.73,-16.471,-8.367,-0.122,-11.897,-0.000,1.487,9.633
10.75,-16.471,-8.367,-0.122,-11.897,-0.000,1.487,9.633
10.78,-16.646,-8.331,-0.112,-11.897,-0.000,1.487,9.688
10.80,-16.646,-8.331,-0.112,-11.897,-0.000,1.487,9.688
10.82,-16.861,-8.287,-0.096,-11.897,-0.000,1.487,9.760
10.84,-16.861,-8.287,-0.096,-11.897,-0.000,1.487,9.760
10.86,-17.044,-8.250,-0.080,-11.897,-0.000,1.487,9.825
10.88,-17.044,-8.250,-0.080,-11.897,-0.000,1.487,9.825
10.90,-17.228,-8.212,-0.062,-11.897,-0.000,1.487,9.894
10.92,-17.228,-8.212,-0.062,-11.897,-0.000,1.487,9.894
10.94,-17.413,-8.174,-0.043,-11.897,-0.000,1.487,9.966
10.96,-17.413,-8.174,-0.043,-11.897,-0.000,1.487,9.966
10.98,-17.595,-8.136,-0.023,-11.897,-0.000,1.487,10.040
11.00,-17.595,-8.136,-0.023,-11.897,-0.000,1.487,10.040
11.03,-17.809,-8.095,0.003,-11.897,-0.000,1.487,10.134
11.05,-17.809,-8.095,0.003,-11.897,-0.000,1.487,10.134
11.07,-18.010,-8.057,0.026,-11.897,-0.000,1.487,10.226
11.09,-18.010,-8.057,0.026,-11.897,-0.000,1.487,10.226
11.11,-18.136,-8.038,0.033,-11.897,-0.000,1.487,10.287
11.13,-18.136,-8.038,0.033,-11.897,-0.000,1.487,10.287
11.15,-18.136,-8.038,0.033,-11.897,-0.000,1.487,10.287
11.17,-18.364,-8.023,-0.001,-11.897,-0.000,1.487,10.411
11.19,-18.364,-8.023,-0.001,-11.897,-0.000,1.487,10.411
11.21,-18.500,-8.018,-0.029,-11.897,-0.000,1.487,10.488
11.23,-18.500,-8.018,-0.029,-11.897,-0.000,1.487,10.488
11.25,-18.632,-8.007,-0.055,-11.897,-0.000,1.487,10.561
11.27,-18.632,-8.007,-0.055,-11.897,-0.000,1.487,10.561
11.30,-18.761,-7.988,-0.079,-11.897,-0.000,1.487,10.625
11.32,-18.761,-7.988,-0.079,-11.897,-0.000,1.487,10.625
11.34,-18.906,-7.951,-0.102,-11.897,-0.000,1.487,10.689
11.36,-18.906,-7.951,-0.102,-11.897,-0.000,1.487,10.689
11.38,-19.019,-7.911,-0.117,-11.897,-0.000,1.487,10.733
11.40,-19.019,-7.911,-0.117,-11.897,-0.000,1.487,10.733
11.42,-19.124,-7.864,-0.130,-11.897,-0.000,1.487,10.766
11.44,-19.124,-7.864,-0.130,-11.897,-0.000,1.487,10.766
11.46,-19.221,-7.810,-0.142,-11.897,-0.000,1.487,10.790
11.48,-19.221,-7.810,-0.142,-11.897,-0.000,1.487,10.790
11.50,-19.307,-7.748,-0.155,-11.897,-0.000,1.487,10.804
11.52,-19.307,-7.748,-0.155,-11.897,-0.000,1.487,10.804
11.55,-19.411,-7.651,-0.170,-11.897,-0.000,1.487,10.804
11.57,-19.411,-7.651,-0.170,-11.897,-0.000,1.487,10.804
11.59,-19.472,-7.574,-0.177,-11.897,-0.000,1.487,10.791
11.61,-19.472,-7.574,-0.177,-11.897,-0.000,1.487,10.791
11.63,-19.520,-7.491,-0.182,-11.897,-0.000,1.487,10.766
11.65,-19.520,-7.491,-0.182,-11.897,-0.000,1.487,10.766
11.67,-19.520,-7.491,-0.182,-11.897,-0.000,1.487,10.766
11.69,-19.567,-7.361,-0.182,-11.897,-0.000,1.487,10.710
11.71,-19.567,-7.361,-0.182,-11.897,-0.000,1.487,10.710
11.73,-19.586,-7.257,-0.177,-11.897,-0.000,1.487,10.654
11.75,-19.586,-7.257,-0.177,-11.897,-0.000,1.487,10.654
11.77,-19.594,-7.144,-0.169,-11.897,-0.000,1.487,10.584
11.79,-19.594,-7.144,-0.169,-11.897,-0.000,1.487,10.584
11.82,-19.592,-7.019,-0.157,-11.897,-0.000,1.487,10.500
11.84,-19.592,-7.019,-0.157,-11.897,-0.000,1.487,10.500
11.86,-19.579,-6.853,-0.137,-11.897,-0.000,1.487,10.383
11.88,-19.579,-6.853,-0.137,-11.897,-0.000,1.487,10.383
11.90,-19.560,-6.701,-0.116,-11.897,-0.000,1.487,10.271
11.92,-19.560,-6.701,-0.116,-11.897,-0.000,1.487,10.271
11.94,-19.538,-6.541,-0.103,-11.897,-0.000,1.487,10.153
11.96,-19.538,-6.541,-0.103,-11.897,-0.000,1.487,10.153
11.98,-19.514,-6.372,-0.092,-11.897,-0.000,1.487,10.028
12.00,-19.514,-6.372,-0.092,-11.897,-0.000,1.487,10.028
12.02,-19.486,-6.112,-0.064,-11.897,-0.000,1.487,9.847
12.05,-19.486,-6.112,-0.064,-11.897,-0.000,1.487,9.847
12.07,-19.472,-5.910,-0.034,-11.897,-0.000,1.487,9.717
12.09,-19.472,-5.910,-0.034,-11.897,-0.000,1.487,9.717
12.11,-19.437,-5.778,-0.049,-11.897,-0.000,1.487,9.607
12.13,-19.437,-5.778,-0.049,-11.897,-0.000,1.487,9.607
12.15,-19.437,-5.778,-0.049,-11.897,-0.000,1.487,9.607
12.17,-19.354,-5.510,-0.096,-11.897,-0.000,1.487,9.376
12.19,-19.354,-5.510,-0.096,-11.897,-0.000,1.487,9.376
12.21,-19.304,-5.338,-0.123,-11.897,-0.000,1.487,9.231
12.23,-19.304,-5.338,-0.123,-11.897,-0.000,1.487,9.231
12.25,-19.258,-5.161,-0.148,-11.897,-0.000,1.487,9.088
12.27,-19.258,-5.161,-0.148,-11.897,-0.000,1.487,9.088
12.30,-19.221,-4.975,-0.171,-11.897,-0.000,1.487,8.950
12.32,-19.221,-4.975,-0.171,-11.897,-0.000,1.487,8.950
12.34,-19.190,-4.743,-0.200,-11.897,-0.000,1.487,8.794
12.36,-19.190,-4.743,-0.200,-11.897,-0.000,1.487,8.794
12.38,-19.176,-4.544,-0.226,-11.897,-0.000,1.487,8.673
12.40,-19.176,-4.544,-0.226,-11.897,-0.000,1.487,8.673
12.42,-19.172,-4.345,-0.255,-11.897,-0.000,1.487,8.563
12.44,-19.172,-4.345,-0.255,-11.897,-0.000,1.487,8.563
12.46,-19.178,-4.146,-0.284,-11.897,-0.000,1.487,8.465
12.48,-19.178,-4.146,-0.284,-11.897,-0.000,1.487,8.465
12.50,-19.193,-3.950,-0.316,-11.897,-0.000,1.487,8.379
12.52,-19.193,-3.950,-0.316,-11.897,-0.000,1.487,8.379
12.55,-19.227,-3.688,-0.367,-11.897,-0.000,1.487,8.281
12.57,-19.227,-3.688,-0.367,-11.897,-0.000,1.487,8.281
12.59,-19.257,-3.513,-0.405,-11.897,-0.000,1.487,8.227
12.61,-19.257,-3.513,-0.405,-11.897,-0.000,1.487,8.227
12.63,-19.291,-3.351,-0.444,-11.897,-0.000,1.487,8.184
12.65,-19.291,-3.351,-0.444,-11.897,-0.000,1.487,8.184
12.67,-19.291,-3.351,-0.444,-11.897,-0.000,1.487,8.184
12.69,-19.342,-3.152,-0.498,-11.897,-0.000,1.487,8.144
12.71,-19.342,-3.152,-0.498,-11.897,-0.000,1.487,8.144
12.73,-19.377,-3.031,-0.533,-11.897,-0.000,1.487,8.127
12.75,-19.377,-3.031,-0.533,-11.897,-0.000,1.487,8.127
12.77,-19.410,-2.930,-0.563,-11.897,-0.000,1.487,8.117
12.80,-19.410,-2.930,-0.563,-11.897,-0.000,1.487,8.117
12.82,-19.443,-2.833,-0.590,-11.897,-0.000,1.487,8.110
12.84,-19.443,-2.833,-0.590,-11.897,-0.000,1.487,8.110
12.86,-19.463,-2.772,-0.604,-11.897,-0.000,1.487,8.105
12.88,-19.463,-2.772,-0.604,-11.897,-0.000,1.487,8.105
12.90,-19.472,-2.728,-0.612,-11.897,-0.000,1.487,8.098
12.92,-19.472,-2.728,-0.612,-11.897,-0.000,1.487,8.098
12.94,-19.468,-2.698,-0.612,-11.897,-0.000,1.487,8.084
12.96,-19.468,-2.698,-0.612,-11.897,-0.000,1.487,8.084
12.98,-19.448,-2.680,-0.604,-11.897,-0.000,1.487,8.061
13.00,-19.448,-2.680,-0.604,-11.897,-0.000,1.487,8.061
13.02,-19.412,-2.671,-0.588,-11.897,-0.000,1.487,8.026
13.04,-19.412,-2.671,-0.588,-11.897,-0.000,1.487,8.026
13.07,-19.344,-2.667,-0.557,-11.897,-0.000,1.487,7.964
13.09,-19.344,-2.667,-0.557,-11.897,-0.000,1.487,7.964
13.11,-19.249,-2.666,-0.512,-11.897,-0.000,1.487,7.880
13.13,-19.249,-2.666,-0.512,-11.897,-0.000,1.487,7.880
13.15,-19.249,-2.666,-0.512,-11.897,-0.000,1.487,7.880
13.17,-19.105,-2.661,-0.445,-11.897,-0.000,1.487,7.754
13.19,-19.105,-2.661,-0.445,-11.897,-0.000,1.487,7.754
13.21,-18.981,-2.650,-0.388,-11.897,-0.000,1.487,7.643
13.23,-18.981,-2.650,-0.388,-11.897,-0.000,1.487,7.643
13.25,-18.841,-2.631,-0.327,-11.897,-0.000,1.487,7.516
13.27,-18.841,-2.631,-0.327,-11.897,-0.000,1.487,7.516
13.29,-18.687,-2.601,-0.262,-11.897,-0.000,1.487,7.373
13.31,-18.687,-2.601,-0.262,-11.897,-0.000,1.487,7.373
13.34,-18.522,-2.558,-0.195,-11.897,-0.000,1.487,7.218
13.36,-18.522,-2.558,-0.195,-11.897,-0.000,1.487,7.218
13.38,-18.316,-2.489,-0.112,-11.897,-0.000,1.487,7.020
13.40,-18.316,-2.489,-0.112,-11.897,-0.000,1.487,7.020
13.42,-18.141,-2.418,-0.042,-11.897,-0.000,1.487,6.849
13.44,-18.141,-2.418,-0.042,-11.897,-0.000,1.487,6.849
13.46,-17.966,-2.336,0.029,-11.897,-0.000,1.487,6.677
13.48,-17.966,-2.336,0.029,-11.897,-0.000,1.487,6.677
13.50,-17.820,-2.272,0.043,-11.897,-0.000,1.487,6.525
13.52,-17.820,-2.272,0.043,-11.897,-0.000,1.487,6.525
13.54,-17.695,-2.222,0.006,-11.897,-0.000,1.487,6.386
13.56,-17.695,-2.222,0.006,-11.897,-0.000,1.487,6.386
13.59,-17.528,-2.149,-0.050,-11.897,-0.000,1.487,6.196
13.61,-17.528,-2.149,-0.050,-11.897,-0.000,1.487,6.196
13.63,-17.414,-2.093,-0.092,-11.897,-0.000,1.487,6.063
13.65,-17.414,-2.093,-0.092,-11.897,-0.000,1.487,6.063
13.67,-17.414,-2.093,-0.092,-11.897,-0.000,1.487,6.063
13.69,-17.254,-2.006,-0.150,-11.897,-0.000,1.487,5.874
13.71,-17.254,-2.006,-0.150,-11.897,-0.000,1.487,5.874
13.73,-17.138,-1.936,-0.192,-11.897,-0.000,1.487,5.735
13.75,-17.138,-1.936,-0.192,-11.897,-0.000,1.487,5.735
13.77,-17.021,-1.864,-0.236,-11.897,-0.000,1.487,5.594
13.79,-17.021,-1.864,-0.236,-11.897,-0.000,1.487,5.594
13.81,-16.901,-1.792,-0.283,-11.897,-0.000,1.487,5.450
13.84,-16.901,-1.792,-0.283,-11.897,-0.000,1.487,5.450
13.86,-16.755,-1.710,-0.346,-11.897,-0.000,1.487,5.275
13.88,-16.755,-1.710,-0.346,-11.897,-0.000,1.487,5.275
13.90,-16.630,-1.646,-0.404,-11.897,-0.000,1.487,5.127
13.92,-16.630,-1.646,-0.404,-11.897,-0.000,1.487,5.127
13.94,-16.503,-1.587,-0.465,-11.897,-0.000,1.487,4.977
13.96,-16.503,-1.587,-0.465,-11.897,-0.000,1.487,4.977
13.98,-16.372,-1.531,-0.527,-11.897,-0.000,1.487,4.826
14.00,-16.372,-1.531,-0.527,-11.897,-0.000,1.487,4.826
14.02,-16.239,-1.478,-0.591,-11.897,-0.000,1.487,4.673
14.04,-16.239,-1.478,-0.591,-11.897,-0.000,1.487,4.673
14.06,-16.050,-1.409,-0.679,-11.897,-0.000,1.487,4.460
14.09,-16.050,-1.409,-0.679,-11.897,-0.000,1.487,4.460
14.11,-15.914,-1.363,-0.740,-11.897,-0.000,1.487,4.307
14.13,-15.914,-1.363,-0.740,-11.897,-0.000,1.487,4.307
14.15,-15.777,-1.318,-0.800,-11.897,-0.000,1.487,4.155
14.17,-15.777,-1.318,-0.800,-11.897,-0.000,1.487,4.155
14.19,-15.777,-1.318,-0.800,-11.897,-0.000,1.487,4.155
14.21,-15.585,-1.257,-0.880,-11.897,-0.000,1.487,3.943
14.23,-15.585,-1.257,-0.880,-11.897,-0.000,1.487,3.943
14.25,-15.448,-1.216,-0.934,-11.897,-0.000,1.487,3.794
14.27,-15.448,-1.216,-0.934,-11.897,-0.000,1.487,3.794
14.29,-15.312,-1.176,-0.987,-11.897,-0.000,1.487,3.646
14.31,-15.312,-1.176,-0.987,-11.897,-0.000,1.487,3.646
14.34,-15.177,-1.137,-1.037,-11.897,-0.000,1.487,3.500
14.36,-15.177,-1.137,-1.037,-11.897,-0.000,1.487,3.500
14.38,-15.016,-1.093,-1.095,-11.897,-0.000,1.487,3.327
14.40,-15.016,-1.093,-1.095,-11.897,-0.000,1.487,3.327
14.42,-14.883,-1.057,-1.142,-11.897,-0.000,1.487,3.186
14.44,-14.883,-1.057,-1.142,-11.897,-0.000,1.487,3.186
14.46,-14.752,-1.024,-1.187,-11.897,-0.000,1.487,3.048
14.48,-14.752,-1.024,-1.187,-11.897,-0.000,1.487,3.048
14.50,-14.624,-0.991,-1.231,-11.897,-0.000,1.487,2.912
14.52,-14.624,-0.991,-1.231,-11.897,-0.000,1.487,2.912
14.54,-14.497,-0.961,-1.273,-11.897,-0.000,1.487,2.780
14.56,-14.497,-0.961,-1.273,-11.897,-0.000,1.487,2.780
14.58,-14.325,-0.921,-1.331,-11.897,-0.000,1.487,2.601
14.61,-14.325,-0.921,-1.331,-11.897,-0.000,1.487,2.601
14.63,-14.204,-0.895,-1.370,-11.897,-0.000,1.487,2.477
14.65,-14.204,-0.895,-1.370,-11.897,-0.000,1.487,2.477
14.67,-14.204,-0.895,-1.370,-11.897,-0.000,1.487,2.477
14.69,-14.041,-0.861,-1.422,-11.897,-0.000,1.487,2.311
14.71,-14.041,-0.861,-1.422,-11.897,-0.000,1.487,2.311
14.73,-13.928,-0.838,-1.457,-11.897,-0.000,1.487,2.197
14.75,-13.928,-0.838,-1.457,-11.897,-0.000,1.487,2.197
14.77,-13.818,-0.817,-1.489,-11.897,-0.000,1.487,2.088
14.79,-13.818,-0.817,-1.489,-11.897,-0.000,1.487,2.088
14.81,-13.712,-0.798,-1.519,-11.897,-0.000,1.487,1.982
14.83,-13.712,-0.798,-1.519,-11.897,-0.000,1.487,1.982
14.86,-13.608,-0.780,-1.547,-11.897,-0.000,1.487,1.881
14.88,-13.608,-0.780,-1.547,-11.897,-0.000,1.487,1.881
14.90,-13.489,-0.759,-1.576,-11.897,-0.000,1.487,1.765
14.92,-13.489,-0.759,-1.576,-11.897,-0.000,1.487,1.765
14.94,-13.393,-0.743,-1.597,-11.897,-0.000,1.487,1.673
14.96,-13.393,-0.743,-1.597,-11.897,-0.000,1.487,1.673
14.98,-13.300,-0.727,-1.615,-11.897,-0.000,1.487,1.585
15.00,-13.300,-0.727,-1.615,-11.897,-0.000,1.487,1.585
15.02,-13.212,-0.711,-1.630,-11.897,-0.000,1.487,1.501
15.04,-13.212,-0.711,-1.630,-11.897,-0.000,1.487,1.501
15.06,-13.126,-0.696,-1.643,-11.897,-0.000,1.487,1.421
15.08,-13.126,-0.696,-1.643,-11.897,-0.000,1.487,1.421
15.10,-13.013,-0.674,-1.656,-11.897,-0.000,1.487,1.314
15.13,-13.013,-0.674,-1.656,-11.897,-0.000,1.487,1.314
15.15,-12.936,-0.660,-1.663,-11.897,-0.000,1.487,1.243
15.17,-12.936,-0.660,-1.663,-11.897,-0.000,1.487,1.243
15.19,-12.936,-0.660,-1.663,-11.897,-0.000,1.487,1.243
15.21,-12.834,-0.641,-1.668,-11.897,-0.000,1.487,1.149
15.23,-12.834,-0.641,-1.668,-11.897,-0.000,1.487,1.149
15.25,-12.766,-0.629,-1.670,-11.897,-0.000,1.487,1.088
15.27,-12.766,-0.629,-1.670,-11.897,-0.000,1.487,1.088
15.29,-12.701,-0.619,-1.671,-11.897,-0.000,1.487,1.031
15.31,-12.701,-0.619,-1.671,-11.897,-0.000,1.487,1.031
15.33,-12.640,-0.611,-1.670,-11.897,-0.000,1.487,0.979
15.35,-12.640,-0.611,-1.670,-11.897,-0.000,1.487,0.979
15.38,-12.582,-0.604,-1.669,-11.897,-0.000,1.487,0.931
15.40,-12.582,-0.604,-1.669,-11.897,-0.000,1.487,0.931
15.42,-12.517,-0.598,-1.666,-11.897,-0.000,1.487,0.879
15.44,-12.517,-0.598,-1.666,-11.897,-0.000,1.487,0.879
15.46,-12.467,-0.594,-1.663,-11.897,-0.000,1.487,0.841
15.48,-12.467,-0.594,-1.663,-11.897,-0.000,1.487,0.841
15.50,-12.420,-0.590,-1.659,-11.897,-0.000,1.487,0.807
15.52,-12.420,-0.590,-1.659,-11.897,-0.000,1.487,0.807
15.54,-12.376,-0.587,-1.656,-11.897,-0.000,1.487,0.776
15.56,-12.376,-0.587,-1.656,-11.897,-0.000,1.487,0.776
15.58,-12.320,-0.583,-1.650,-11.897,-0.000,1.487,0.738
15.61,-12.320,-0.583,-1.650,-11.897,-0.000,1.487,0.738
15.63,-12.291,-0.581,-1.647,-11.897,-0.000,1.487,0.720
15.65,-12.291,-0.581,-1.647,-11.897,-0.000,1.487,0.720
15.67,-12.291,-0.581,-1.647,-11.897,-0.000,1.487,0.720
15.69,-12.238,-0.577,-1.642,-11.897,-0.000,1.487,0.687
15.71,-12.238,-0.577,-1.642,-11.897,-0.000,1.487,0.687
15.73,-12.208,-0.574,-1.638,-11.897,-0.000,1.487,0.670
15.75,-12.208,-0.574,-1.638,-11.897,-0.000,1.487,0.670
15.77,-12.181,-0.572,-1.635,-11.897,-0.000,1.487,0.655
15.79,-12.181,-0.572,-1.635,-11.897,-0.000,1.487,0.655
15.81,-12.156,-0.569,-1.632,-11.897,-0.000,1.487,0.642
15.83,-12.156,-0.569,-1.632,-11.897,-0.000,1.487,0.642
15.85,-12.134,-0.567,-1.629,-11.897,-0.000,1.487,0.630
15.88,-12.134,-0.567,-1.629,-11.897,-0.000,1.487,0.630
15.90,-12.110,-0.564,-1.626,-11.897,-0.000,1.487,0.619
15.92,-12.110,-0.564,-1.626,-11.897,-0.000,1.487,0.619
15.94,-12.092,-0.563,-1.624,-11.897,-0.000,1.487,0.611
15.96,-12.092,-0.563,-1.624,-11.897,-0.000,1.487,0.611
15.98,-12.076,-0.561,-1.622,-11.897,-0.000,1.487,0.604
16.00,-12.076,-0.561,-1.622,-11.897,-0.000,1.487,0.604
16.02,-12.062,-0.561,-1.621,-11.897,-0.000,1.487,0.599
16.04,-12.062,-0.561,-1.621,-11.897,-0.000,1.487,0.599
16.06,-12.049,-0.561,-1.619,-11.897,-0.000,1.487,0.595
16.08,-12.049,-0.561,-1.619,-11.897,-0.000,1.487,0.595
16.10,-12.034,-0.561,-1.617,-11.897,-0.000,1.487,0.592
16.13,-12.034,-0.561,-1.617,-11.897,-0.000,1.487,0.592
16.15,-12.025,-0.562,-1.615,-11.897,-0.000,1.487,0.590
16.17,-12.025,-0.562,-1.615,-11.897,-0.000,1.487,0.590
16.19,-12.025,-0.562,-1.615,-11.897,-0.000,1.487,0.590
16.21,-12.014,-0.565,-1.613,-11.897,-0.000,1.487,0.590
16.23,-12.014,-0.565,-1.613,-11.897,-0.000,1.487,0.590
16.25,-12.008,-0.567,-1.612,-11.897,-0.000,1.487,0.591
16.27,-12.008,-0.567,-1.612,-11.897,-0.000,1.487,0.591
16.29,-12.003,-0.571,-1.611,-11.897,-0.000,1.487,0.593
16.31,-12.003,-0.571,-1.611,-11.897,-0.000,1.487,0.593
16.33,-11.999,-0.574,-1.610,-11.897,-0.000,1.487,0.596
16.35,-11.999,-0.574,-1.610,-11.897,-0.000,1.487,0.596
16.38,-11.996,-0.579,-1.609,-11.897,-0.000,1.487,0.599
16.40,-11.996,-0.579,-1.609,-11.897,-0.000,1.487,0.599
16.42,-11.993,-0.584,-1.607,-11.897,-0.000,1.487,0.604
16.44,-11.993,-0.584,-1.607,-11.897,-0.000,1.487,0.604
16.46,-11.991,-0.589,-1.606,-11.897,-0.000,1.487,0.608
16.48,-11.991,-0.589,-1.606,-11.897,-0.000,1.487,0.608
16.50,-11.990,-0.595,-1.605,-11.897,-0.000,1.487,0.613
16.52,-11.990,-0.595,-1.605,-11.897,-0.000,1.487,0.613
16.54,-11.990,-0.600,-1.603,-11.897,-0.000,1.487,0.618
16.56,-11.990,-0.600,-1.603,-11.897,-0.000,1.487,0.618
16.58,-11.990,-0.605,-1.602,-11.897,-0.000,1.487,0.623
16.60,-11.990,-0.605,-1.602,-11.897,-0.000,1.487,0.623
16.62,-11.991,-0.612,-1.600,-11.897,-0.000,1.487,0.629
16.65,-11.991,-0.612,-1.600,-11.897,-0.000,1.487,0.629
16.67,-11.992,-0.618,-1.598,-11.897,-0.000,1.487,0.635
16.69,-11.992,-0.618,-1.598,-11.897,-0.000,1.487,0.635
16.71,-11.992,-0.618,-1.598,-11.897,-0.000,1.487,0.635
16.73,-11.994,-0.626,-1.596,-11.897,-0.000,1.487,0.642
16.75,-11.994,-0.626,-1.596,-11.897,-0.000,1.487,0.642
16.77,-11.996,-0.631,-1.595,-11.897,-0.000,1.487,0.647
16.79,-11.996,-0.631,-1.595,-11.897,-0.000,1.487,0.647
16.81,-11.998,-0.635,-1.593,-11.897,-0.000,1.487,0.652
16.83,-11.998,-0.635,-1.593,-11.897,-0.000,1.487,0.652
16.85,-12.000,-0.640,-1.592,-11.897,-0.000,1.487,0.656
16.87,-12.000,-0.640,-1.592,-11.897,-0.000,1.487,0.656
16.89,-12.003,-0.643,-1.591,-11.897,-0.000,1.487,0.660
16.91,-12.003,-0.643,-1.591,-11.897,-0.000,1.487,0.660
16.94,-12.005,-0.647,-1.590,-11.897,-0.000,1.487,0.663
16.96,-12.005,-0.647,-1.590,-11.897,-0.000,1.487,0.663
16.98,-12.008,-0.650,-1.588,-11.897,-0.000,1.487,0.667
17.00,-12.008,-0.650,-1.588,-11.897,-0.000,1.487,0.667
17.02,-12.011,-0.652,-1.587,-11.897,-0.000,1.487,0.669
17.04,-12.011,-0.652,-1.587,-11.897,-0.000,1.487,0.669
17.06,-12.014,-0.653,-1.586,-11.897,-0.000,1.487,0.671
17.08,-12.014,-0.653,-1.586,-11.897,-0.000,1.487,0.671
17.10,-12.017,-0.655,-1.585,-11.897,-0.000,1.487,0.672
17.12,-12.017,-0.655,-1.585,-11.897,-0.000,1.487,0.672
17.14,-12.020,-0.655,-1.584,-11.897,-0.000,1.487,0.673
17.16,-12.020,-0.655,-1.584,-11.897,-0.000,1.487,0.673
17.18,-12.020,-0.655,-1.584,-11.897,-0.000,1.487,0.673
17.21,-12.025,-0.655,-1.583,-11.897,-0.000,1.487,0.674
17.23,-12.025,-0.655,-1.583,-11.897,-0.000,1.487,0.674
17.25,-12.028,-0.655,-1.583,-11.897,-0.000,1.487,0.674
17.27,-12.028,-0.655,-1.583,-11.897,-0.000,1.487,0.674
17.29,-12.031,-0.654,-1.582,-11.897,-0.000,1.487,0.674
17.31,-12.031,-0.654,-1.582,-11.897,-0.000,1.487,0.674
17.33,-12.034,-0.653,-1.582,-11.897,-0.000,1.487,0.674
17.35,-12.034,-0.653,-1.582,-11.897,-0.000,1.487,0.674
17.37,-12.037,-0.652,-1.581,-11.897,-0.000,1.487,0.673
17.39,-12.037,-0.652,-1.581,-11.897,-0.000,1.487,0.673
17.41,-12.041,-0.650,-1.581,-11.897,-0.000,1.487,0.672
17.43,-12.041,-0.650,-1.581,-11.897,-0.000,1.487,0.672
17.45,-12.045,-0.649,-1.580,-11.897,-0.000,1.487,0.672
17.48,-12.045,-0.649,-1.580,-11.897,-0.000,1.487,0.672
17.50,-12.049,-0.646,-1.580,-11.897,-0.000,1.487,0.670
17.52,-12.049,-0.646,-1.580,-11.897,-0.000,1.487,0.670
17.54,-12.053,-0.644,-1.579,-11.897,-0.000,1.487,0.669
17.56,-12.053,-0.644,-1.579,-11.897,-0.000,1.487,0.669
17.58,-12.056,-0.642,-1.579,-11.897,-0.000,1.487,0.667
17.60,-12.056,-0.642,-1.579,-11.897,-0.000,1.487,0.667
17.62,-12.060,-0.639,-1.578,-11.897,-0.000,1.487,0.665
17.64,-12.060,-0.639,-1.578,-11.897,-0.000,1.487,0.665
17.66,-12.063,-0.636,-1.577,-11.897,-0.000,1.487,0.663
17.68,-12.063,-0.636,-1.577,-11.897,-0.000,1.487,0.663
17.70,-12.063,-0.636,-1.577,-11.897,-0.000,1.487,0.663
17.72,-12.070,-0.629,-1.576,-11.897,-0.000,1.487,0.658
17.75,-12.070,-0.629,-1.576,-11.897,-0.000,1.487,0.658
17.77,-12.074,-0.625,-1.575,-11.897,-0.000,1.487,0.655
17.79,-12.074,-0.625,-1.575,-11.897,-0.000,1.487,0.655
17.81,-12.078,-0.620,-1.574,-11.897,-0.000,1.487,0.652
17.83,-12.078,-0.620,-1.574,-11.897,-0.000,1.487,0.652
17.85,-12.082,-0.616,-1.573,-11.897,-0.000,1.487,0.648
17.87,-12.082,-0.616,-1.573,-11.897,-0.000,1.487,0.648
17.89,-12.085,-0.611,-1.571,-11.897,-0.000,1.487,0.644
17.91,-12.085,-0.611,-1.571,-11.897,-0.000,1.487,0.644
17.93,-12.089,-0.605,-1.570,-11.897,-0.000,1.487,0.640
17.95,-12.089,-0.605,-1.570,-11.897,-0.000,1.487,0.640
17.97,-12.093,-0.600,-1.568,-11.897,-0.000,1.487,0.636
18.00,-12.093,-0.600,-1.568,-11.897,-0.000,1.487,0.636
18.02,-12.097,-0.593,-1.567,-11.897,-0.000,1.487,0.631
18.04,-12.097,-0.593,-1.567,-11.897,-0.000,1.487,0.631
18.06,-12.101,-0.587,-1.565,-11.897,-0.000,1.487,0.626
18.08,-12.101,-0.587,-1.565,-11.897,-0.000,1.487,0.626
18.10,-12.104,-0.581,-1.563,-11.897,-0.000,1.487,0.622
18.12,-12.104,-0.581,-1.563,-11.897,-0.000,1.487,0.622
18.14,-12.108,-0.575,-1.562,-11.897,-0.000,1.487,0.617
18.16,-12.108,-0.575,-1.562,-11.897,-0.000,1.487,0.617
18.18,-12.112,-0.569,-1.560,-11.897,-0.000,1.487,0.613
18.20,-12.112,-0.569,-1.560,-11.897,-0.000,1.487,0.613
18.22,-12.112,-0.569,-1.560,-11.897,-0.000,1.487,0.613
18.25,-12.119,-0.558,-1.558,-11.897,-0.000,1.487,0.604
18.27,-12.119,-0.558,-1.558,-11.897,-0.000,1.487,0.604
18.29,-12.123,-0.552,-1.557,-11.897,-0.000,1.487,0.600
18.31,-12.123,-0.552,-1.557,-11.897,-0.000,1.487,0.600
18.33,-12.127,-0.545,-1.556,-11.897,-0.000,1.487,0.596
18.35,-12.127,-0.545,-1.556,-11.897,-0.000,1.487,0.596
18.37,-12.132,-0.539,-1.555,-11.897,-0.000,1.487,0.591
18.39,-12.132,-0.539,-1.555,-11.897,-0.000,1.487,0.591
18.41,-12.136,-0.532,-1.554,-11.897,-0.000,1.487,0.587
18.43,-12.136,-0.532,-1.554,-11.897,-0.000,1.487,0.587
18.45,-12.140,-0.526,-1.554,-11.897,-0.000,1.487,0.583
18.47,-12.140,-0.526,-1.554,-11.897,-0.000,1.487,0.583
18.49,-12.144,-0.520,-1.553,-11.897,-0.000,1.487,0.579
18.51,-12.144,-0.520,-1.553,-11.897,-0.000,1.487,0.579
18.54,-12.148,-0.513,-1.553,-11.897,-0.000,1.487,0.575
18.56,-12.148,-0.513,-1.553,-11.897,-0.000,1.487,0.575
18.58,-12.152,-0.505,-1.552,-11.897,-0.000,1.487,0.570
18.60,-12.152,-0.505,-1.552,-11.897,-0.000,1.487,0.570
18.62,-12.156,-0.499,-1.552,-11.897,-0.000,1.487,0.565
18.64,-12.156,-0.499,-1.552,-11.897,-0.000,1.487,0.565
18.66,-12.159,-0.493,-1.551,-11.897,-0.000,1.487,0.561
18.68,-12.159,-0.493,-1.551,-11.897,-0.000,1.487,0.561
18.70,-12.159,-0.493,-1.551,-11.897,-0.000,1.487,0.561
18.72,-12.163,-0.482,-1.551,-11.897,-0.000,1.487,0.554
18.75,-12.163,-0.482,-1.551,-11.897,-0.000,1.487,0.554
18.77,-12.165,-0.476,-1.550,-11.897,-0.000,1.487,0.550
18.79,-12.165,-0.476,-1.550,-11.897,-0.000,1.487,0.550
18.81,-12.166,-0.471,-1.550,-11.897,-0.000,1.487,0.545
18.83,-12.166,-0.471,-1.550,-11.897,-0.000,1.487,0.545
18.85,-12.167,-0.465,-1.550,-11.897,-0.000,1.487,0.541
18.87,-12.167,-0.465,-1.550,-11.897,-0.000,1.487,0.541
18.89,-12.168,-0.460,-1.549,-11.897,-0.000,1.487,0.537
18.91,-12.168,-0.460,-1.549,-11.897,-0.000,1.487,0.537
18.93,-12.169,-0.455,-1.549,-11.897,-0.000,1.487,0.533
18.95,-12.169,-0.455,-1.549,-11.897,-0.000,1.487,0.533
18.97,-12.170,-0.450,-1.548,-11.897,-0.000,1.487,0.529
18.99,-12.170,-0.450,-1.548,-11.897,-0.000,1.487,0.529
19.02,-12.170,-0.444,-1.547,-11.897,-0.000,1.487,0.525
19.04,-12.170,-0.444,-1.547,-11.897,-0.000,1.487,0.525
19.06,-12.171,-0.438,-1.546,-11.897,-0.000,1.487,0.520
19.08,-12.171,-0.438,-1.546,-11.897,-0.000,1.487,0.520
19.10,-12.171,-0.433,-1.545,-11.897,-0.000,1.487,0.516
19.12,-12.171,-0.433,-1.545,-11.897,-0.000,1.487,0.516
19.14,-12.171,-0.428,-1.543,-11.897,-0.000,1.487,0.511
19.16,-12.171,-0.428,-1.543,-11.897,-0.000,1.487,0.511
19.18,-12.171,-0.423,-1.542,-11.897,-0.000,1.487,0.507
19.20,-12.171,-0.423,-1.542,-11.897,-0.000,1.487,0.507
19.22,-12.171,-0.423,-1.542,-11.897,-0.000,1.487,0.507
19.25,-12.170,-0.414,-1.540,-11.897,-0.000,1.487,0.498
19.27,-12.170,-0.414,-1.540,-11.897,-0.000,1.487,0.498
19.29,-12.169,-0.408,-1.539,-11.897,-0.000,1.487,0.493
19.31,-12.169,-0.408,-1.539,-11.897,-0.000,1.487,0.493
19.33,-12.169,-0.403,-1.537,-11.897,-0.000,1.487,0.489
19.35,-12.169,-0.403,-1.537,-11.897,-0.000,1.487,0.489
19.37,-12.168,-0.398,-1.536,-11.897,-0.000,1.487,0.484
19.39,-12.168,-0.398,-1.536,-11.897,-0.000,1.487,0.484
19.41,-12.167,-0.394,-1.535,-11.897,-0.000,1.487,0.479
19.43,-12.167,-0.394,-1.535,-11.897,-0.000,1.487,0.479
19.45,-12.166,-0.389,-1.534,-11.897,-0.000,1.487,0.475
19.47,-12.166,-0.389,-1.534,-11.897,-0.000,1.487,0.475
19.50,-12.165,-0.384,-1.533,-11.897,-0.000,1.487,0.470
19.52,-12.165,-0.384,-1.533,-11.897,-0.000,1.487,0.470
19.54,-12.164,-0.379,-1.532,-11.897,-0.000,1.487,0.465
19.56,-12.164,-0.379,-1.532,-11.897,-0.000,1.487,0.465
19.58,-12.163,-0.375,-1.531,-11.897,-0.000,1.487,0.461
19.60,-12.163,-0.375,-1.531,-11.897,-0.000,1.487,0.461
19.62,-12.162,-0.370,-1.530,-11.897,-0.000,1.487,0.457
19.64,-12.162,-0.370,-1.530,-11.897,-0.000,1.487,0.457
19.66,-12.161,-0.366,-1.529,-11.897,-0.000,1.487,0.453
19.68,-12.161,-0.366,-1.529,-11.897,-0.000,1.487,0.453
19.70,-12.161,-0.366,-1.529,-11.897,-0.000,1.487,0.453
19.73,-12.160,-0.359,-1.527,-11.897,-0.000,1.487,0.446
19.75,-12.160,-0.359,-1.527,-11.897,-0.000,1.487,0.446
19.77,-12.159,-0.355,-1.526,-11.897,-0.000,1.487,0.443
19.79,-12.159,-0.355,-1.526,-11.897,-0.000,1.487,0.443
19.81,-12.159,-0.351,-1.525,-11.897,-0.000,1.487,0.439
19.83,-12.159,-0.351,-1.525,-11.897,-0.000,1.487,0.439
19.85,-12.158,-0.347,-1.524,-11.897,-0.000,1.487,0.436
19.87,-12.158,-0.347,-1.524,-11.897,-0.000,1.487,0.436
19.89,-12.158,-0.344,-1.523,-11.897,-0.000,1.487,0.433
19.91,-12.158,-0.344,-1.523,-11.897,-0.000,1.487,0.433
19.93,-12.157,-0.340,-1.522,-11.897,-0.000,1.487,0.429
19.95,-12.157,-0.340,-1.522,-11.897,-0.000,1.487,0.429
19.98,-12.156,-0.336,-1.522,-11.897,-0.000,1.487,0.426
20.00,-12.156,-0.336,-1.522,-11.897,-0.000,1.487,0.426
20.02,-12.155,-0.332,-1.521,-11.897,-0.000,1.487,0.422
20.04,-12.155,-0.332,-1.521,-11.897,-0.000,1.487,0.422
20.06,-12.154,-0.329,-1.520,-11.897,-0.000,1.487,0.418
20.08,-12.154,-0.329,-1.520,-11.897,-0.000,1.487,0.418
20.10,-12.153,-0.325,-1.519,-11.897,-0.000,1.487,0.415
20.12,-12.153,-0.325,-1.519,-11.897,-0.000,1.487,0.415
20.14,-12.151,-0.322,-1.518,-11.897,-0.000,1.487,0.411
20.16,-12.151,-0.322,-1.518,-11.897,-0.000,1.487,0.411
20.18,-12.150,-0.319,-1.517,-11.897,-0.000,1.487,0.407
20.20,-12.150,-0.319,-1.517,-11.897,-0.000,1.487,0.407
20.23,-12.150,-0.319,-1.517,-11.897,-0.000,1.487,0.407
20.25,-12.146,-0.313,-1.515,-11.897,-0.000,1.487,0.401
20.27,-12.146,-0.313,-1.515,-11.897,-0.000,1.487,0.401
20.29,-12.144,-0.311,-1.514,-11.897,-0.000,1.487,0.397
20.31,-12.144,-0.311,-1.514,-11.897,-0.000,1.487,0.397
20.33,-12.142,-0.308,-1.513,-11.897,-0.000,1.487,0.394
20.35,-12.142,-0.308,-1.513,-11.897,-0.000,1.487,0.394
20.37,-12.140,-0.306,-1.513,-11.897,-0.000,1.487,0.391
20.39,-12.140,-0.306,-1.513,-11.897,-0.000,1.487,0.391
20.41,-12.138,-0.304,-1.512,-11.897,-0.000,1.487,0.388
20.43,-12.138,-0.304,-1.512,-11.897,-0.000,1.487,0.388
20.45,-12.136,-0.302,-1.511,-11.897,-0.000,1.487,0.386
20.47,-12.136,-0.302,-1.511,-11.897,-0.000,1.487,0.386
20.50,-12.135,-0.300,-1.511,-11.897,-0.000,1.487,0.383
20.52,-12.135,-0.300,-1.511,-11.897,-0.000,1.487,0.383
20.54,-12.133,-0.299,-1.510,-11.897,-0.000,1.487,0.381
20.56,-12.133,-0.299,-1.510,-11.897,-0.000,1.487,0.381
20.58,-12.131,-0.297,-1.509,-11.897,-0.000,1.487,0.379
20.60,-12.131,-0.297,-1.509,-11.897,-0.000,1.487,0.379
20.62,-12.130,-0.296,-1.508,-11.897,-0.000,1.487,0.377
20.64,-12.130,-0.296,-1.508,-11.897,-0.000,1.487,0.377
20.66,-12.128,-0.295,-1.508,-11.897,-0.000,1.487,0.375
20.68,-12.128,-0.295,-1.508,-11.897,-0.000,1.487,0.375
20.70,-12.127,-0.294,-1.507,-11.897,-0.000,1.487,0.373
20.72,-12.127,-0.294,-1.507,-11.897,-0.000,1.487,0.373
20.74,-12.127,-0.294,-1.507,-11.897,-0.000,1.487,0.373
20.76,-12.124,-0.293,-1.506,-11.897,-0.000,1.487,0.370
20.79,-12.124,-0.293,-1.506,-11.897,-0.000,1.487,0.370
20.81,-12.122,-0.292,-1.506,-11.897,-0.000,1.487,0.369
20.83,-12.122,-0.292,-1.506,-11.897,-0.000,1.487,0.369
20.85,-12.120,-0.292,-1.505,-11.897,-0.000,1.487,0.368
20.87,-12.120,-0.292,-1.505,-11.897,-0.000,1.487,0.368
20.89,-12.119,-0.291,-1.505,-11.897,-0.000,1.487,0.366
20.91,-12.119,-0.291,-1.505,-11.897,-0.000,1.487,0.366
20.93,-12.117,-0.291,-1.505,-11.897,-0.000,1.487,0.365
20.95,-12.117,-0.291,-1.505,-11.897,-0.000,1.487,0.365
20.97,-12.116,-0.291,-1.505,-11.897,-0.000,1.487,0.364
20.99,-12.116,-0.291,-1.505,-11.897,-0.000,1.487,0.364
21.01,-12.114,-0.291,-1.505,-11.897,-0.000,1.487,0.363
21.03,-12.114,-0.291,-1.505,-11.897,-0.000,1.487,0.363
21.06,-12.112,-0.291,-1.504,-11.897,-0.000,1.487,0.362
21.08,-12.112,-0.291,-1.504,-11.897,-0.000,1.487,0.362
21.10,-12.110,-0.291,-1.504,-11.897,-0.000,1.487,0.361
21.12,-12.110,-0.291,-1.504,-11.897,-0.000,1.487,0.361
21.14,-12.109,-0.291,-1.504,-11.897,-0.000,1.487,0.360
21.16,-12.109,-0.291,-1.504,-11.897,-0.000,1.487,0.360
21.18,-12.108,-0.291,-1.504,-11.897,-0.000,1.487,0.359
21.20,-12.108,-0.291,-1.504,-11.897,-0.000,1.487,0.359
21.22,-12.108,-0.291,-1.504,-11.897,-0.000,1.487,0.359
21.24,-12.105,-0.290,-1.504,-11.897,-0.000,1.487,0.357
21.26,-12.105,-0.290,-1.504,-11.897,-0.000,1.487,0.357
21.28,-12.104,-0.289,-1.504,-11.897,-0.000,1.487,0.356
21.30,-12.104,-0.289,-1.504,-11.897,-0.000,1.487,0.356
21.33,-12.103,-0.289,-1.504,-11.897,-0.000,1.487,0.355
21.35,-12.103,-0.289,-1.504,-11.897,-0.000,1.487,0.355
21.37,-12.102,-0.288,-1.504,-11.897,-0.000,1.487,0.354
21.39,-12.102,-0.288,-1.504,-11.897,-0.000,1.487,0.354
21.41,-12.102,-0.287,-1.503,-11.897,-0.000,1.487,0.352
21.43,-12.102,-0.287,-1.503,-11.897,-0.000,1.487,0.352
21.45,-12.101,-0.286,-1.503,-11.897,-0.000,1.487,0.351
21.47,-12.101,-0.286,-1.503,-11.897,-0.000,1.487,0.351
21.49,-12.100,-0.284,-1.503,-11.897,-0.000,1.487,0.350
21.51,-12.100,-0.284,-1.503,-11.897,-0.000,1.487,0.350
21.53,-12.100,-0.283,-1.503,-11.897,-0.000,1.487,0.348
21.55,-12.100,-0.283,-1.503,-11.897,-0.000,1.487,0.348
21.58,-12.099,-0.281,-1.503,-11.897,-0.000,1.487,0.346
21.60,-12.099,-0.281,-1.503,-11.897,-0.000,1.487,0.346
21.62,-12.099,-0.279,-1.503,-11.897,-0.000,1.487,0.344
21.64,-12.099,-0.279,-1.503,-11.897,-0.000,1.487,0.344
21.66,-12.098,-0.277,-1.503,-11.897,-0.000,1.487,0.342
21.68,-12.098,-0.277,-1.503,-11.897,-0.000,1.487,0.342
21.70,-12.098,-0.274,-1.502,-11.897,-0.000,1.487,0.340
21.72,-12.098,-0.274,-1.502,-11.897,-0.000,1.487,0.340
21.74,-12.098,-0.274,-1.502,-11.897,-0.000,1.487,0.340
21.76,-12.097,-0.270,-1.502,-11.897,-0.000,1.487,0.337
21.78,-12.097,-0.270,-1.502,-11.897,-0.000,1.487,0.337
21.80,-12.097,-0.268,-1.502,-11.897,-0.000,1.487,0.334
21.82,-12.097,-0.268,-1.502,-11.897,-0.000,1.487,0.334
21.85,-12.096,-0.264,-1.501,-11.897,-0.000,1.487,0.331
21.87,-12.096,-0.264,-1.501,-11.897,-0.000,1.487,0.331
21.89,-12.096,-0.261,-1.501,-11.897,-0.000,1.487,0.328
21.91,-12.096,-0.261,-1.501,-11.897,-0.000,1.487,0.328
21.93,-12.095,-0.258,-1.500,-11.897,-0.000,1.487,0.325
21.95,-12.095,-0.258,-1.500,-11.897,-0.000,1.487,0.325
21.97,-12.094,-0.254,-1.500,-11.897,-0.000,1.487,0.322
21.99,-12.094,-0.254,-1.500,-11.897,-0.000,1.487,0.322
22.01,-12.093,-0.251,-1.499,-11.897,-0.000,1.487,0.319
22.03,-12.093,-0.251,-1.499,-11.897,-0.000,1.487,0.319
22.05,-12.092,-0.248,-1.499,-11.897,-0.000,1.487,0.316
22.08,-12.092,-0.248,-1.499,-11.897,-0.000,1.487,0.316
22.10,-12.091,-0.245,-1.499,-11.897,-0.000,1.487,0.312
22.12,-12.091,-0.245,-1.499,-11.897,-0.000,1.487,0.312
22.14,-12.090,-0.242,-1.499,-11.897,-0.000,1.487,0.309
22.16,-12.090,-0.242,-1.499,-11.897,-0.000,1.487,0.309
22.18,-12.089,-0.239,-1.498,-11.897,-0.000,1.487,0.306
22.20,-12.089,-0.239,-1.498,-11.897,-0.000,1.487,0.306
22.22,-12.089,-0.239,-1.498,-11.897,-0.000,1.487,0.306
22.24,-12.088,-0.235,-1.498,-11.897,-0.000,1.487,0.302
22.26,-12.088,-0.235,-1.498,-11.897,-0.000,1.487,0.302
22.28,-12.086,-0.231,-1.498,-11.897,-0.000,1.487,0.298
22.30,-12.086,-0.231,-1.498,-11.897,-0.000,1.487,0.298
22.33,-12.085,-0.228,-1.498,-11.897,-0.000,1.487,0.295
22.35,-12.085,-0.228,-1.498,-11.897,-0.000,1.487,0.295
22.37,-12.084,-0.225,-1.498,-11.897,-0.000,1.487,0.293
22.39,-12.084,-0.225,-1.498,-11.897,-0.000,1.487,0.293
22.41,-12.083,-0.223,-1.497,-11.897,-0.000,1.487,0.290
22.43,-12.083,-0.223,-1.497,-11.897,-0.000,1.487,0.290
22.45,-12.082,-0.220,-1.497,-11.897,-0.000,1.487,0.287
22.47,-12.082,-0.220,-1.497,-11.897,-0.000,1.487,0.287
22.49,-12.081,-0.218,-1.497,-11.897,-0.000,1.487,0.285
22.51,-12.081,-0.218,-1.497,-11.897,-0.000,1.487,0.285
22.53,-12.080,-0.216,-1.496,-11.897,-0.000,1.487,0.282
22.55,-12.080,-0.216,-1.496,-11.897,-0.000,1.487,0.282
22.57,-12.078,-0.213,-1.496,-11.897,-0.000,1.487,0.280
22.60,-12.078,-0.213,-1.496,-11.897,-0.000,1.487,0.280
22.62,-12.076,-0.211,-1.496,-11.897,-0.000,1.487,0.277
22.64,-12.076,-0.211,-1.496,-11.897,-0.000,1.487,0.277
22.66,-12.075,-0.208,-1.495,-11.897,-0.000,1.487,0.274
22.68,-12.075,-0.208,-1.495,-11.897,-0.000,1.487,0.274
22.70,-12.073,-0.206,-1.495,-11.897,-0.000,1.487,0.271
22.72,-12.073,-0.206,-1.495,-11.897,-0.000,1.487,0.271
22.74,-12.073,-0.206,-1.495,-11.897,-0.000,1.487,0.271
22.76,-12.070,-0.203,-1.495,-11.897,-0.000,1.487,0.266
22.78,-12.070,-0.203,-1.495,-11.897,-0.000,1.487,0.266
22.80,-12.067,-0.200,-1.495,-11.897,-0.000,1.487,0.262
22.82,-12.067,-0.200,-1.495,-11.897,-0.000,1.487,0.262
22.84,-12.064,-0.197,-1.495,-11.897,-0.000,1.487,0.258
22.87,-12.064,-0.197,-1.495,-11.897,-0.000,1.487,0.258
22.89,-12.062,-0.195,-1.495,-11.897,-0.000,1.487,0.255
22.91,-12.062,-0.195,-1.495,-11.897,-0.000,1.487,0.255
22.93,-12.059,-0.192,-1.495,-11.897,-0.000,1.487,0.251
22.95,-12.059,-0.192,-1.495,-11.897,-0.000,1.487,0.251
22.97,-12.057,-0.190,-1.496,-11.897,-0.000,1.487,0.248
22.99,-12.057,-0.190,-1.496,-11.897,-0.000,1.487,0.248
23.01,-12.054,-0.188,-1.496,-11.897,-0.000,1.487,0.245
23.03,-12.054,-0.188,-1.496,-11.897,-0.000,1.487,0.245
23.05,-12.052,-0.186,-1.496,-11.897,-0.000,1.487,0.242
23.07,-12.052,-0.186,-1.496,-11.897,-0.000,1.487,0.242
23.09,-12.050,-0.183,-1.496,-11.897,-0.000,1.487,0.239
23.11,-12.050,-0.183,-1.496,-11.897,-0.000,1.487,0.239
23.14,-12.049,-0.181,-1.497,-11.897,-0.000,1.487,0.236
23.16,-12.049,-0.181,-1.497,-11.897,-0.000,1.487,0.236
23.18,-12.047,-0.179,-1.497,-11.897,-0.000,1.487,0.233
23.20,-12.047,-0.179,-1.497,-11.897,-0.000,1.487,0.233
23.22,-12.045,-0.177,-1.497,-11.897,-0.000,1.487,0.231
23.24,-12.045,-0.177,-1.497,-11.897,-0.000,1.487,0.231
23.26,-12.045,-0.177,-1.497,-11.897,-0.000,1.487,0.231
23.28,-12.043,-0.174,-1.497,-11.897,-0.000,1.487,0.227
23.30,-12.043,-0.174,-1.497,-11.897,-0.000,1.487,0.227
23.32,-12.042,-0.172,-1.497,-11.897,-0.000,1.487,0.225
23.34,-12.042,-0.172,-1.497,-11.897,-0.000,1.487,0.225
23.36,-12.041,-0.170,-1.498,-11.897,-0.000,1.487,0.222
23.39,-12.041,-0.170,-1.498,-11.897,-0.000,1.487,0.222
23.41,-12.039,-0.168,-1.498,-11.897,-0.000,1.487,0.220
23.43,-12.039,-0.168,-1.498,-11.897,-0.000,1.487,0.220
23.45,-12.038,-0.167,-1.498,-11.897,-0.000,1.487,0.218
23.47,-12.038,-0.167,-1.498,-11.897,-0.000,1.487,0.218
23.49,-12.037,-0.165,-1.499,-11.897,-0.000,1.487,0.216
23.51,-12.037,-0.165,-1.499,-11.897,-0.000,1.487,0.216
23.53,-12.036,-0.164,-1.499,-11.897,-0.000,1.487,0.215
23.55,-12.036,-0.164,-1.499,-11.897,-0.000,1.487,0.215
23.57,-12.035,-0.162,-1.500,-11.897,-0.000,1.487,0.213
23.59,-12.035,-0.162,-1.500,-11.897,-0.000,1.487,0.213
23.61,-12.034,-0.161,-1.500,-11.897,-0.000,1.487,0.211
23.63,-12.034,-0.161,-1.500,-11.897,-0.000,1.487,0.211
23.66,-12.032,-0.159,-1.500,-11.897,-0.000,1.487,0.209
23.68,-12.032,-0.159,-1.500,-11.897,-0.000,1.487,0.209
23.70,-12.031,-0.158,-1.501,-11.897,-0.000,1.487,0.207
23.72,-12.031,-0.158,-1.501,-11.897,-0.000,1.487,0.207
23.74,-12.031,-0.158,-1.501,-11.897,-0.000,1.487,0.207
23.76,-12.029,-0.155,-1.501,-11.897,-0.000,1.487,0.204
23.78,-12.029,-0.155,-1.501,-11.897,-0.000,1.487,0.204
23.80,-12.027,-0.154,-1.501,-11.897,-0.000,1.487,0.202
23.82,-12.027,-0.154,-1.501,-11.897,-0.000,1.487,0.202
23.84,-12.026,-0.152,-1.501,-11.897,-0.000,1.487,0.200
23.86,-12.026,-0.152,-1.501,-11.897,-0.000,1.487,0.200
23.89,-12.025,-0.150,-1.501,-11.897,-0.000,1.487,0.197
23.91,-12.025,-0.150,-1.501,-11.897,-0.000,1.487,0.197
23.93,-12.023,-0.149,-1.501,-11.897,-0.000,1.487,0.195
23.95,-12.023,-0.149,-1.501,-11.897,-0.000,1.487,0.195
23.97,-12.022,-0.148,-1.501,-11.897,-0.000,1.487,0.194
23.99,-12.022,-0.148,-1.501,-11.897,-0.000,1.487,0.194
24.01,-12.020,-0.147,-1.501,-11.897,-0.000,1.487,0.192
24.03,-12.020,-0.147,-1.501,-11.897,-0.000,1.487,0.192
24.05,-12.019,-0.146,-1.501,-11.897,-0.000,1.487,0.190
24.07,-12.019,-0.146,-1.501,-11.897,-0.000,1.487,0.190
24.09,-12.017,-0.145,-1.502,-11.897,-0.000,1.487,0.188
24.11,-12.017,-0.145,-1.502,-11.897,-0.000,1.487,0.188
24.13,-12.016,-0.144,-1.502,-11.897,-0.000,1.487,0.187
24.16,-12.016,-0.144,-1.502,-11.897,-0.000,1.487,0.187
24.18,-12.014,-0.143,-1.502,-11.897,-0.000,1.487,0.185
24.20,-12.014,-0.143,-1.502,-11.897,-0.000,1.487,0.185
24.22,-12.012,-0.142,-1.503,-11.897,-0.000,1.487,0.183
24.24,-12.012,-0.142,-1.503,-11.897,-0.000,1.487,0.183
24.26,-12.012,-0.142,-1.503,-11.897,-0.000,1.487,0.183
24.28,-12.010,-0.141,-1.503,-11.897,-0.000,1.487,0.181
24.30,-12.010,-0.141,-1.503,-11.897,-0.000,1.487,0.181
24.32,-12.008,-0.140,-1.503,-11.897,-0.000,1.487,0.179
24.34,-12.008,-0.140,-1.503,-11.897,-0.000,1.487,0.179
24.36,-12.006,-0.139,-1.504,-11.897,-0.000,1.487,0.177
24.38,-12.006,-0.139,-1.504,-11.897,-0.000,1.487,0.177
24.41,-12.004,-0.138,-1.504,-11.897,-0.000,1.487,0.176
24.43,-12.004,-0.138,-1.504,-11.897,-0.000,1.487,0.176
24.45,-12.003,-0.138,-1.504,-11.897,-0.000,1.487,0.174
24.47,-12.003,-0.138,-1.504,-11.897,-0.000,1.487,0.174
24.49,-12.001,-0.137,-1.504,-11.897,-0.000,1.487,0.172
24.51,-12.001,-0.137,-1.504,-11.897,-0.000,1.487,0.172
24.53,-11.999,-0.136,-1.504,-11.897,-0.000,1.487,0.171
24.55,-11.999,-0.136,-1.504,-11.897,-0.000,1.487,0.171
24.57,-11.998,-0.135,-1.503,-11.897,-0.000,1.487,0.169
24.59,-11.998,-0.135,-1.503,-11.897,-0.000,1.487,0.169
24.61,-11.996,-0.135,-1.503,-11.897,-0.000,1.487,0.168
24.63,-11.996,-0.135,-1.503,-11.897,-0.000,1.487,0.168
24.66,-11.995,-0.134,-1.502,-11.897,-0.000,1.487,0.166
24.68,-11.995,-0.134,-1.502,-11.897,-0.000,1.487,0.166
24.70,-11.993,-0.133,-1.502,-11.897,-0.000,1.487,0.164
24.72,-11.993,-0.133,-1.502,-11.897,-0.000,1.487,0.164
24.74,-11.993,-0.133,-1.502,-11.897,-0.000,1.487,0.164
24.76,-11.991,-0.132,-1.501,-11.897,-0.000,1.487,0.162
24.78,-11.991,-0.132,-1.501,-11.897,-0.000,1.487,0.162
24.80,-11.989,-0.131,-1.500,-11.897,-0.000,1.487,0.161
24.82,-11.989,-0.131,-1.500,-11.897,-0.000,1.487,0.161
24.84,-11.988,-0.131,-1.499,-11.897,-0.000,1.487,0.159
24.86,-11.988,-0.131,-1.499,-11.897,-0.000,1.487,0.159
24.88,-11.986,-0.130,-1.498,-11.897,-0.000,1.487,0.158
24.90,-11.986,-0.130,-1.498,-11.897,-0.000,1.487,0.158
24.93,-11.985,-0.130,-1.497,-11.897,-0.000,1.487,0.157
24.95,-11.985,-0.130,-1.497,-11.897,-0.000,1.487,0.157
24.97,-11.984,-0.130,-1.496,-11.897,-0.000,1.487,0.156
24.99,-11.984,-0.130,-1.496,-11.897,-0.000,1.487,0.156
25.01,-11.983,-0.129,-1.496,-11.897,-0.000,1.487,0.155
25.03,-11.983,-0.129,-1.496,-11.897,-0.000,1.487,0.155
25.05,-11.982,-0.129,-1.495,-11.897,-0.000,1.487,0.154
25.07,-11.982,-0.129,-1.495,-11.897,-0.000,1.487,0.154
25.09,-11.981,-0.129,-1.494,-11.897,-0.000,1.487,0.154
25.11,-11.981,-0.129,-1.494,-11.897,-0.000,1.487,0.154
25.13,-11.980,-0.129,-1.494,-11.897,-0.000,1.487,0.154
25.15,-11.980,-0.129,-1.494,-11.897,-0.000,1.487,0.154
25.18,-11.980,-0.130,-1.493,-11.897,-0.000,1.487,0.154
25.20,-11.980,-0.130,-1.493,-11.897,-0.000,1.487,0.154
25.22,-11.979,-0.130,-1.492,-11.897,-0.000,1.487,0.154
25.24,-11.979,-0.130,-1.492,-11.897,-0.000,1.487,0.154
25.26,-11.979,-0.130,-1.492,-11.897,-0.000,1.487,0.154
25.28,-11.979,-0.130,-1.490,-11.897,-0.000,1.487,0.154
25.30,-11.979,-0.130,-1.490,-11.897,-0.000,1.487,0.154
25.32,-11.978,-0.131,-1.489,-11.897,-0.000,1.487,0.154
25.34,-11.978,-0.131,-1.489,-11.897,-0.000,1.487,0.154
25.36,-11.978,-0.131,-1.488,-11.897,-0.000,1.487,0.154
25.38,-11.978,-0.131,-1.488,-11.897,-0.000,1.487,0.154
25.41,-11.977,-0.131,-1.487,-11.897,-0.000,1.487,0.154
25.43,-11.977,-0.131,-1.487,-11.897,-0.000,1.487,0.154
25.45,-11.976,-0.132,-1.486,-11.897,-0.000,1.487,0.154
25.47,-11.976,-0.132,-1.486,-11.897,-0.000,1.487,0.154
25.49,-11.976,-0.132,-1.485,-11.897,-0.000,1.487,0.153
25.51,-11.976,-0.132,-1.485,-11.897,-0.000,1.487,0.153
25.53,-11.975,-0.132,-1.485,-11.897,-0.000,1.487,0.153
25.55,-11.975,-0.132,-1.485,-11.897,-0.000,1.487,0.153
25.57,-11.973,-0.132,-1.484,-11.897,-0.000,1.487,0.153
25.59,-11.973,-0.132,-1.484,-11.897,-0.000,1.487,0.153
25.61,-11.972,-0.132,-1.483,-11.897,-0.000,1.487,0.152
25.63,-11.972,-0.132,-1.483,-11.897,-0.000,1.487,0.152
25.66,-11.971,-0.132,-1.483,-11.897,-0.000,1.487,0.151
25.68,-11.971,-0.132,-1.483,-11.897,-0.000,1.487,0.151
25.70,-11.969,-0.132,-1.482,-11.897,-0.000,1.487,0.150
25.72,-11.969,-0.132,-1.482,-11.897,-0.000,1.487,0.150
25.74,-11.967,-0.131,-1.481,-11.897,-0.000,1.487,0.149
25.76,-11.967,-0.131,-1.481,-11.897,-0.000,1.487,0.149
25.78,-11.967,-0.131,-1.481,-11.897,-0.000,1.487,0.149
25.80,-11.964,-0.130,-1.481,-11.897,-0.000,1.487,0.147
25.82,-11.964,-0.130,-1.481,-11.897,-0.000,1.487,0.147
25.84,-11.962,-0.130,-1.480,-11.897,-0.000,1.487,0.145
25.86,-11.962,-0.130,-1.480,-11.897,-0.000,1.487,0.145
25.88,-11.960,-0.129,-1.480,-11.897,-0.000,1.487,0.143
25.90,-11.960,-0.129,-1.480,-11.897,-0.000,1.487,0.143
25.93,-11.958,-0.128,-1.480,-11.897,-0.000,1.487,0.141
25.95,-11.958,-0.128,-1.480,-11.897,-0.000,1.487,0.141
25.97,-11.956,-0.127,-1.480,-11.897,-0.000,1.487,0.140
25.99,-11.956,-0.127,-1.480,-11.897,-0.000,1.487,0.140
26.01,-11.954,-0.126,-1.480,-11.897,-0.000,1.487,0.138
26.03,-11.954,-0.126,-1.480,-11.897,-0.000,1.487,0.138
26.05,-11.952,-0.125,-1.480,-11.897,-0.000,1.487,0.136
26.07,-11.952,-0.125,-1.480,-11.897,-0.000,1.487,0.136
26.09,-11.951,-0.124,-1.480,-11.897,-0.000,1.487,0.135
26.11,-11.951,-0.124,-1.480,-11.897,-0.000,1.487,0.135
26.13,-11.949,-0.123,-1.480,-11.897,-0.000,1.487,0.133
26.15,-11.949,-0.123,-1.480,-11.897,-0.000,1.487,0.133
26.17,-11.948,-0.122,-1.481,-11.897,-0.000,1.487,0.132
26.20,-11.948,-0.122,-1.481,-11.897,-0.000,1.487,0.132
26.22,-11.947,-0.120,-1.481,-11.897,-0.000,1.487,0.130
26.24,-11.947,-0.120,-1.481,-11.897,-0.000,1.487,0.130
26.26,-11.947,-0.120,-1.481,-11.897,-0.000,1.487,0.130
26.28,-11.945,-0.119,-1.482,-11.897,-0.000,1.487,0.128
26.30,-11.945,-0.119,-1.482,-11.897,-0.000,1.487,0.128
26.32,-11.944,-0.118,-1.482,-11.897,-0.000,1.487,0.127
26.34,-11.944,-0.118,-1.482,-11.897,-0.000,1.487,0.127
26.36,-11.943,-0.117,-1.483,-11.897,-0.000,1.487,0.126
26.38,-11.943,-0.117,-1.483,-11.897,-0.000,1.487,0.126
26.40,-11.942,-0.116,-1.483,-11.897,-0.000,1.487,0.125
26.42,-11.942,-0.116,-1.483,-11.897,-0.000,1.487,0.125
26.44,-11.941,-0.115,-1.483,-11.897,-0.000,1.487,0.123
26.47,-11.941,-0.115,-1.483,-11.897,-0.000,1.487,0.123
26.49,-11.940,-0.114,-1.483,-11.897,-0.000,1.487,0.122
26.51,-11.940,-0.114,-1.483,-11.897,-0.000,1.487,0.122
26.53,-11.940,-0.113,-1.483,-11.897,-0.000,1.487,0.121
26.55,-11.940,-0.113,-1.483,-11.897,-0.000,1.487,0.121
26.57,-11.939,-0.112,-1.484,-11.897,-0.000,1.487,0.120
26.59,-11.939,-0.112,-1.484,-11.897,-0.000,1.487,0.120
26.61,-11.939,-0.112,-1.484,-11.897,-0.000,1.487,0.119
26.63,-11.939,-0.112,-1.484,-11.897,-0.000,1.487,0.119
26.65,-11.938,-0.111,-1.484,-11.897,-0.000,1.487,0.118
26.67,-11.938,-0.111,-1.484,-11.897,-0.000,1.487,0.118
26.69,-11.938,-0.110,-1.484,-11.897,-0.000,1.487,0.118
26.71,-11.938,-0.110,-1.484,-11.897,-0.000,1.487,0.118
26.74,-11.938,-0.110,-1.484,-11.897,-0.000,1.487,0.117
26.76,-11.938,-0.110,-1.484,-11.897,-0.000,1.487,0.117
26.78,-11.938,-0.110,-1.484,-11.897,-0.000,1.487,0.117
26.80,-11.938,-0.109,-1.485,-11.897,-0.000,1.487,0.116
26.82,-11.938,-0.109,-1.485,-11.897,-0.000,1.487,0.116
26.84,-11.938,-0.109,-1.485,-11.897,-0.000,1.487,0.116
26.86,-11.938,-0.109,-1.485,-11.897,-0.000,1.487,0.116
26.88,-11.937,-0.108,-1.485,-11.897,-0.000,1.487,0.115
26.90,-11.937,-0.108,-1.485,-11.897,-0.000,1.487,0.115
26.92,-11.937,-0.108,-1.485,-11.897,-0.000,1.487,0.115
26.94,-11.937,-0.108,-1.485,-11.897,-0.000,1.487,0.115
26.96,-11.937,-0.107,-1.485,-11.897,-0.000,1.487,0.114
26.99,-11.937,-0.107,-1.485,-11.897,-0.000,1.487,0.114
27.01,-11.937,-0.107,-1.484,-11.897,-0.000,1.487,0.114
27.03,-11.937,-0.107,-1.484,-11.897,-0.000,1.487,0.114
27.05,-11.936,-0.107,-1.484,-11.897,-0.000,1.487,0.114
27.07,-11.936,-0.107,-1.484,-11.897,-0.000,1.487,0.114
27.09,-11.936,-0.106,-1.484,-11.897,-0.000,1.487,0.113
27.11,-11.936,-0.106,-1.484,-11.897,-0.000,1.487,0.113
27.13,-11.936,-0.106,-1.484,-11.897,-0.000,1.487,0.113
27.15,-11.936,-0.106,-1.484,-11.897,-0.000,1.487,0.113
27.17,-11.935,-0.105,-1.484,-11.897,-0.000,1.487,0.112
27.19,-11.935,-0.105,-1.484,-11.897,-0.000,1.487,0.112
27.21,-11.935,-0.105,-1.484,-11.897,-0.000,1.487,0.111
27.24,-11.935,-0.105,-1.484,-11.897,-0.000,1.487,0.111
27.26,-11.934,-0.104,-1.484,-11.897,-0.000,1.487,0.110
27.28,-11.934,-0.104,-1.484,-11.897,-0.000,1.487,0.110
27.30,-11.934,-0.104,-1.484,-11.897,-0.000,1.487,0.110
27.32,-11.934,-0.102,-1.483,-11.897,-0.000,1.487,0.109
27.34,-11.934,-0.102,-1.483,-11.897,-0.000,1.487,0.109
27.36,-11.933,-0.102,-1.483,-11.897,-0.000,1.487,0.108
27.38,-11.933,-0.102,-1.483,-11.897,-0.000,1.487,0.108
27.40,-11.933,-0.101,-1.483,-11.897,-0.000,1.487,0.107
27.42,-11.933,-0.101,-1.483,-11.897,-0.000,1.487,0.107
27.44,-11.932,-0.100,-1.482,-11.897,-0.000,1.487,0.106
27.46,-11.932,-0.100,-1.482,-11.897,-0.000,1.487,0.106
27.49,-11.932,-0.099,-1.482,-11.897,-0.000,1.487,0.105
27.51,-11.932,-0.099,-1.482,-11.897,-0.000,1.487,0.105
27.53,-11.932,-0.098,-1.482,-11.897,-0.000,1.487,0.104
27.55,-11.932,-0.098,-1.482,-11.897,-0.000,1.487,0.104
27.57,-11.932,-0.097,-1.481,-11.897,-0.000,1.487,0.103
27.59,-11.932,-0.097,-1.481,-11.897,-0.000,1.487,0.103
27.61,-11.932,-0.096,-1.481,-11.897,-0.000,1.487,0.102
27.63,-11.932,-0.096,-1.481,-11.897,-0.000,1.487,0.102
27.65,-11.932,-0.095,-1.481,-11.897,-0.000,1.487,0.101
27.67,-11.932,-0.095,-1.481,-11.897,-0.000,1.487,0.101
27.69,-11.932,-0.094,-1.480,-11.897,-0.000,1.487,0.100
27.72,-11.932,-0.094,-1.480,-11.897,-0.000,1.487,0.100
27.74,-11.932,-0.092,-1.480,-11.897,-0.000,1.487,0.099
27.76,-11.932,-0.092,-1.480,-11.897,-0.000,1.487,0.099
27.78,-11.932,-0.092,-1.480,-11.897,-0.000,1.487,0.099
27.80,-11.932,-0.090,-1.480,-11.897,-0.000,1.487,0.097
27.82,-11.932,-0.090,-1.480,-11.897,-0.000,1.487,0.097
27.84,-11.932,-0.089,-1.479,-11.897,-0.000,1.487,0.096
27.86,-11.932,-0.089,-1.479,-11.897,-0.000,1.487,0.096
27.88,-11.932,-0.088,-1.479,-11.897,-0.000,1.487,0.095
27.90,-11.932,-0.088,-1.479,-11.897,-0.000,1.487,0.095
27.92,-11.932,-0.087,-1.479,-11.897,-0.000,1.487,0.094
27.94,-11.932,-0.087,-1.479,-11.897,-0.000,1.487,0.094
27.97,-11.931,-0.085,-1.478,-11.897,-0.000,1.487,0.092
27.99,-11.931,-0.085,-1.478,-11.897,-0.000,1.487,0.092
28.01,-11.931,-0.084,-1.478,-11.897,-0.000,1.487,0.091
28.03,-11.931,-0.084,-1.478,-11.897,-0.000,1.487,0.091
28.05,-11.930,-0.082,-1.477,-11.897,-0.000,1.487,0.089
28.07,-11.930,-0.082,-1.477,-11.897,-0.000,1.487,0.089
28.09,-11.930,-0.081,-1.477,-11.897,-0.000,1.487,0.088
28.11,-11.930,-0.081,-1.477,-11.897,-0.000,1.487,0.088
28.13,-11.929,-0.080,-1.477,-11.897,-0.000,1.487,0.087
28.15,-11.929,-0.080,-1.477,-11.897,-0.000,1.487,0.087
28.17,-11.929,-0.079,-1.476,-11.897,-0.000,1.487,0.085
28.20,-11.929,-0.079,-1.476,-11.897,-0.000,1.487,0.085
28.22,-11.928,-0.077,-1.476,-11.897,-0.000,1.487,0.083
28.24,-11.928,-0.077,-1.476,-11.897,-0.000,1.487,0.083
28.26,-11.927,-0.076,-1.476,-11.897,-0.000,1.487,0.082
28.28,-11.927,-0.076,-1.476,-11.897,-0.000,1.487,0.082
28.30,-11.927,-0.076,-1.476,-11.897,-0.000,1.487,0.082
28.32,-11.925,-0.074,-1.476,-11.897,-0.000,1.487,0.079
28.34,-11.925,-0.074,-1.476,-11.897,-0.000,1.487,0.079
28.36,-11.924,-0.072,-1.476,-11.897,-0.000,1.487,0.078
28.38,-11.924,-0.072,-1.476,-11.897,-0.000,1.487,0.078
28.40,-11.922,-0.071,-1.476,-11.897,-0.000,1.487,0.076
28.42,-11.922,-0.071,-1.476,-11.897,-0.000,1.487,0.076
28.44,-11.920,-0.070,-1.477,-11.897,-0.000,1.487,0.074
28.47,-11.920,-0.070,-1.477,-11.897,-0.000,1.487,0.074
28.49,-11.919,-0.069,-1.477,-11.897,-0.000,1.487,0.073
28.51,-11.919,-0.069,-1.477,-11.897,-0.000,1.487,0.073
28.53,-11.917,-0.068,-1.478,-11.897,-0.000,1.487,0.071
28.55,-11.917,-0.068,-1.478,-11.897,-0.000,1.487,0.071
28.57,-11.916,-0.066,-1.479,-11.897,-0.000,1.487,0.069
28.59,-11.916,-0.066,-1.479,-11.897,-0.000,1.487,0.069
28.61,-11.914,-0.065,-1.479,-11.897,-0.000,1.487,0.068
28.63,-11.914,-0.065,-1.479,-11.897,-0.000,1.487,0.068
28.65,-11.912,-0.064,-1.480,-11.897,-0.000,1.487,0.066
28.67,-11.912,-0.064,-1.480,-11.897,-0.000,1.487,0.066
28.69,-11.911,-0.063,-1.480,-11.897,-0.000,1.487,0.065
28.72,-11.911,-0.063,-1.480,-11.897,-0.000,1.487,0.065
28.74,-11.909,-0.062,-1.481,-11.897,-0.000,1.487,0.063
28.76,-11.909,-0.062,-1.481,-11.897,-0.000,1.487,0.063
28.78,-11.909,-0.062,-1.481,-11.897,-0.000,1.487,0.063
28.80,-11.907,-0.060,-1.482,-11.897,-0.000,1.487,0.061
28.82,-11.907,-0.060,-1.482,-11.897,-0.000,1.487,0.061
28.84,-11.906,-0.059,-1.483,-11.897,-0.000,1.487,0.060
28.86,-11.906,-0.059,-1.483,-11.897,-0.000,1.487,0.060
28.88,-11.904,-0.058,-1.483,-11.897,-0.000,1.487,0.058
28.90,-11.904,-0.058,-1.483,-11.897,-0.000,1.487,0.058
28.92,-11.902,-0.057,-1.484,-11.897,-0.000,1.487,0.057
28.94,-11.902,-0.057,-1.484,-11.897,-0.000,1.487,0.057
28.97,-11.900,-0.056,-1.484,-11.897,-0.000,1.487,0.056
28.99,-11.900,-0.056,-1.484,-11.897,-0.000,1.487,0.056
29.01,-11.899,-0.055,-1.484,-11.897,-0.000,1.487,0.055
29.03,-11.899,-0.055,-1.484,-11.897,-0.000,1.487,0.055
29.05,-11.897,-0.054,-1.485,-11.897,-0.000,1.487,0.054
29.07,-11.897,-0.054,-1.485,-11.897,-0.000,1.487,0.054
29.09,-11.895,-0.053,-1.485,-11.897,-0.000,1.487,0.053
29.11,-11.895,-0.053,-1.485,-11.897,-0.000,1.487,0.053
29.13,-11.894,-0.052,-1.485,-11.897,-0.000,1.487,0.052
29.15,-11.894,-0.052,-1.485,-11.897,-0.000,1.487,0.052
29.17,-11.892,-0.051,-1.485,-11.897,-0.000,1.487,0.051
29.19,-11.892,-0.051,-1.485,-11.897,-0.000,1.487,0.051
29.21,-11.891,-0.050,-1.485,-11.897,-0.000,1.487,0.051
29.24,-11.891,-0.050,-1.485,-11.897,-0.000,1.487,0.051
29.26,-11.891,-0.049,-1.485,-11.897,-0.000,1.487,0.050
29.28,-11.891,-0.049,-1.485,-11.897,-0.000,1.487,0.050
29.30,-11.891,-0.049,-1.485,-11.897,-0.000,1.487,0.050
29.32,-11.890,-0.048,-1.484,-11.897,-0.000,1.487,0.049
29.34,-11.890,-0.048,-1.484,-11.897,-0.000,1.487,0.049
29.36,-11.889,-0.047,-1.484,-11.897,-0.000,1.487,0.048
29.38,-11.889,-0.047,-1.484,-11.897,-0.000,1.487,0.048
29.40,-11.889,-0.047,-1.483,-11.897,-0.000,1.487,0.048
29.42,-11.889,-0.047,-1.483,-11.897,-0.000,1.487,0.048
29.44,-11.889,-0.046,-1.483,-11.897,-0.000,1.487,0.047
29.46,-11.889,-0.046,-1.483,-11.897,-0.000,1.487,0.047
29.48,-11.889,-0.045,-1.483,-11.897,-0.000,1.487,0.046
29.50,-11.889,-0.045,-1.483,-11.897,-0.000,1.487,0.046
29.53,-11.889,-0.045,-1.482,-11.897,-0.000,1.487,0.046
29.55,-11.889,-0.045,-1.482,-11.897,-0.000,1.487,0.046
29.57,-11.889,-0.044,-1.482,-11.897,-0.000,1.487,0.045
29.59,-11.889,-0.044,-1.482,-11.897,-0.000,1.487,0.045
29.61,-11.889,-0.043,-1.482,-11.897,-0.000,1.487,0.044
29.63,-11.889,-0.043,-1.482,-11.897,-0.000,1.487,0.044
29.65,-11.889,-0.042,-1.482,-11.897,-0.000,1.487,0.043
29.67,-11.889,-0.042,-1.482,-11.897,-0.000,1.487,0.043
29.69,-11.889,-0.041,-1.481,-11.897,-0.000,1.487,0.042
29.71,-11.889,-0.041,-1.481,-11.897,-0.000,1.487,0.042
29.73,-11.889,-0.040,-1.481,-11.897,-0.000,1.487,0.041
29.75,-11.889,-0.040,-1.481,-11.897,-0.000,1.487,0.041
29.78,-11.890,-0.039,-1.481,-11.897,-0.000,1.487,0.040
29.80,-11.890,-0.039,-1.481,-11.897,-0.000,1.487,0.040
29.82,-11.890,-0.039,-1.481,-11.897,-0.000,1.487,0.040
29.84,-11.890,-0.037,-1.480,-11.897,-0.000,1.487,0.039
29.86,-11.890,-0.037,-1.480,-11.897,-0.000,1.487,0.039
29.88,-11.891,-0.036,-1.480,-11.897,-0.000,1.487,0.038
29.90,-11.891,-0.036,-1.480,-11.897,-0.000,1.487,0.038
29.92,-11.891,-0.035,-1.480,-11.897,-0.000,1.487,0.036
29.94,-11.891,-0.035,-1.480,-11.897,-0.000,1.487,0.036
29.96,-11.892,-0.034,-1.479,-11.897,-0.000,1.487,0.035
29.98,-11.892,-0.034,-1.479,-11.897,-0.000,1.487,0.035
30.00,-11.893,-0.032,-1.479,-11.897,-0.000,1.487,0.034
30.02,-11.893,-0.032,-1.479,-11.897,-0.000,1.487,0.034
30.05,-11.895,-0.031,-1.479,-11.897,-0.000,1.487,0.032
30.07,-11.895,-0.031,-1.479,-11.897,-0.000,1.487,0.032
30.09,-11.896,-0.030,-1.479,-11.897,-0.000,1.487,0.031
30.11,-11.896,-0.030,-1.479,-11.897,-0.000,1.487,0.031
30.13,-11.897,-0.028,-1.479,-11.897,-0.000,1.487,0.030
30.15,-11.897,-0.028,-1.479,-11.897,-0.000,1.487,0.030
30.17,-11.898,-0.027,-1.478,-11.897,-0.000,1.487,0.028
30.19,-11.898,-0.027,-1.478,-11.897,-0.000,1.487,0.028
30.21,-11.900,-0.025,-1.478,-11.897,-0.000,1.487,0.027
30.23,-11.900,-0.025,-1.478,-11.897,-0.000,1.487,0.027
30.25,-11.901,-0.024,-1.478,-11.897,-0.000,1.487,0.026
30.27,-11.901,-0.024,-1.478,-11.897,-0.000,1.487,0.026
30.30,-11.901,-0.024,-1.478,-11.897,-0.000,1.487,0.026
30.32,-11.903,-0.021,-1.477,-11.897,-0.000,1.487,0.024
30.34,-11.903,-0.021,-1.477,-11.897,-0.000,1.487,0.024
30.36,-11.904,-0.020,-1.477,-11.897,-0.000,1.487,0.023
30.38,-11.904,-0.020,-1.477,-11.897,-0.000,1.487,0.023
30.40,-11.904,-0.018,-1.476,-11.897,-0.000,1.487,0.023
30.42,-11.904,-0.018,-1.476,-11.897,-0.000,1.487,0.023
30.44,-11.905,-0.017,-1.476,-11.897,-0.000,1.487,0.022
30.46,-11.905,-0.017,-1.476,-11.897,-0.000,1.487,0.022
30.48,-11.906,-0.015,-1.475,-11.897,-0.000,1.487,0.021
30.50,-11.906,-0.015,-1.475,-11.897,-0.000,1.487,0.021
30.53,-11.906,-0.014,-1.474,-11.897,-0.000,1.487,0.021
30.55,-11.906,-0.014,-1.474,-11.897,-0.000,1.487,0.021
30.57,-11.907,-0.013,-1.474,-11.897,-0.000,1.487,0.021
30.59,-11.907,-0.013,-1.474,-11.897,-0.000,1.487,0.021
30.61,-11.907,-0.012,-1.473,-11.897,-0.000,1.487,0.020
30.63,-11.907,-0.012,-1.473,-11.897,-0.000,1.487,0.020
30.65,-11.906,-0.010,-1.473,-11.897,-0.000,1.487,0.020
30.67,-11.906,-0.010,-1.473,-11.897,-0.000,1.487,0.020
30.69,-11.906,-0.009,-1.473,-11.897,-0.000,1.487,0.019
30.71,-11.906,-0.009,-1.473,-11.897,-0.000,1.487,0.019
30.73,-11.905,-0.008,-1.472,-11.897,-0.000,1.487,0.019
30.75,-11.905,-0.008,-1.472,-11.897,-0.000,1.487,0.019
30.78,-11.905,-0.007,-1.472,-11.897,-0.000,1.487,0.018
30.80,-11.905,-0.007,-1.472,-11.897,-0.000,1.487,0.018
30.82,-11.905,-0.007,-1.472,-11.897,-0.000,1.487,0.018
30.84,-11.904,-0.005,-1.472,-11.897,-0.000,1.487,0.017
30.86,-11.904,-0.005,-1.472,-11.897,-0.000,1.487,0.017
30.88,-11.903,-0.005,-1.472,-11.897,-0.000,1.487,0.017
30.90,-11.903,-0.005,-1.472,-11.897,-0.000,1.487,0.017
30.92,-11.903,-0.005,-1.472,-11.897,-0.000,1.487,0.017
30.94,-11.903,-0.005,-1.472,-11.897,-0.000,1.487,0.017
30.96,-11.902,-0.004,-1.472,-11.897,-0.000,1.487,0.016
30.98,-11.902,-0.004,-1.472,-11.897,-0.000,1.487,0.016
31.00,-11.901,-0.004,-1.473,-11.897,-0.000,1.487,0.016
31.02,-11.901,-0.004,-1.473,-11.897,-0.000,1.487,0.016
31.04,-11.901,-0.005,-1.473,-11.897,-0.000,1.487,0.016
31.07,-11.901,-0.005,-1.473,-11.897,-0.000,1.487,0.016
31.09,-11.900,-0.005,-1.473,-11.897,-0.000,1.487,0.016
31.11,-11.900,-0.005,-1.473,-11.897,-0.000,1.487,0.016
31.13,-11.900,-0.005,-1.473,-11.897,-0.000,1.487,0.016
31.15,-11.900,-0.005,-1.473,-11.897,-0.000,1.487,0.016
31.17,-11.899,-0.006,-1.473,-11.897,-0.000,1.487,0.016
31.19,-11.899,-0.006,-1.473,-11.897,-0.000,1.487,0.016
31.21,-11.899,-0.007,-1.473,-11.897,-0.000,1.487,0.016
31.23,-11.899,-0.007,-1.473,-11.897,-0.000,1.487,0.016
31.25,-11.899,-0.008,-1.473,-11.897,-0.000,1.487,0.016
31.27,-11.899,-0.008,-1.473,-11.897,-0.000,1.487,0.016
31.29,-11.899,-0.008,-1.473,-11.897,-0.000,1.487,0.016
31.31,-11.898,-0.009,-1.474,-11.897,-0.000,1.487,0.016
31.34,-11.898,-0.009,-1.474,-11.897,-0.000,1.487,0.016
31.36,-11.898,-0.010,-1.474,-11.897,-0.000,1.487,0.017
31.38,-11.898,-0.010,-1.474,-11.897,-0.000,1.487,0.017
31.40,-11.898,-0.012,-1.474,-11.897,-0.000,1.487,0.018
31.42,-11.898,-0.012,-1.474,-11.897,-0.000,1.487,0.018
31.44,-11.898,-0.013,-1.474,-11.897,-0.000,1.487,0.018
31.46,-11.898,-0.013,-1.474,-11.897,-0.000,1.487,0.018
31.48,-11.898,-0.014,-1.475,-11.897,-0.000,1.487,0.019
31.50,-11.898,-0.014,-1.475,-11.897,-0.000,1.487,0.019
31.52,-11.898,-0.015,-1.475,-11.897,-0.000,1.487,0.020
31.54,-11.898,-0.015,-1.475,-11.897,-0.000,1.487,0.020
31.56,-11.897,-0.017,-1.475,-11.897,-0.000,1.487,0.021
31.58,-11.897,-0.017,-1.475,-11.897,-0.000,1.487,0.021
31.61,-11.897,-0.018,-1.475,-11.897,-0.000,1.487,0.022
31.63,-11.897,-0.018,-1.475,-11.897,-0.000,1.487,0.022
31.65,-11.897,-0.019,-1.474,-11.897,-0.000,1.487,0.023
31.67,-11.897,-0.019,-1.474,-11.897,-0.000,1.487,0.023
31.69,-11.897,-0.020,-1.474,-11.897,-0.000,1.487,0.024
31.71,-11.897,-0.020,-1.474,-11.897,-0.000,1.487,0.024
31.73,-11.896,-0.020,-1.474,-11.897,-0.000,1.487,0.024
31.75,-11.896,-0.020,-1.474,-11.897,-0.000,1.487,0.024
31.77,-11.896,-0.021,-1.473,-11.897,-0.000,1.487,0.025
31.79,-11.896,-0.021,-1.473,-11.897,-0.000,1.487,0.025
31.81,-11.896,-0.021,-1.473,-11.897,-0.000,1.487,0.025
31.83,-11.895,-0.021,-1.473,-11.897,-0.000,1.487,0.026
31.85,-11.895,-0.021,-1.473,-11.897,-0.000,1.487,0.026
31.88,-11.895,-0.021,-1.473,-11.897,-0.000,1.487,0.026
31.90,-11.895,-0.021,-1.473,-11.897,-0.000,1.487,0.026
31.92,-11.895,-0.021,-1.473,-11.897,-0.000,1.487,0.025
31.94,-11.895,-0.021,-1.473,-11.897,-0.000,1.487,0.025
31.96,-11.894,-0.020,-1.472,-11.897,-0.000,1.487,0.025
31.98,-11.894,-0.020,-1.472,-11.897,-0.000,1.487,0.025
32.00,-11.894,-0.020,-1.472,-11.897,-0.000,1.487,0.025
32.02,-11.894,-0.020,-1.472,-11.897,-0.000,1.487,0.025
32.04,-11.894,-0.020,-1.472,-11.897,-0.000,1.487,0.025
32.06,-11.894,-0.020,-1.472,-11.897,-0.000,1.487,0.025
32.08,-11.894,-0.019,-1.473,-11.897,-0.000,1.487,0.024
32.10,-11.894,-0.019,-1.473,-11.897,-0.000,1.487,0.024
32.13,-11.893,-0.019,-1.473,-11.897,-0.000,1.487,0.024
32.15,-11.893,-0.019,-1.473,-11.897,-0.000,1.487,0.024
32.17,-11.893,-0.019,-1.473,-11.897,-0.000,1.487,0.024
32.19,-11.893,-0.019,-1.473,-11.897,-0.000,1.487,0.024
32.21,-11.893,-0.018,-1.473,-11.897,-0.000,1.487,0.023
32.23,-11.893,-0.018,-1.473,-11.897,-0.000,1.487,0.023
32.25,-11.892,-0.018,-1.474,-11.897,-0.000,1.487,0.023
32.27,-11.892,-0.018,-1.474,-11.897,-0.000,1.487,0.023
32.29,-11.892,-0.017,-1.474,-11.897,-0.000,1.487,0.022
32.31,-11.892,-0.017,-1.474,-11.897,-0.000,1.487,0.022
32.33,-11.892,-0.017,-1.474,-11.897,-0.000,1.487,0.022
32.36,-11.891,-0.017,-1.474,-11.897,-0.000,1.487,0.022
32.38,-11.891,-0.017,-1.474,-11.897,-0.000,1.487,0.022
32.40,-11.890,-0.016,-1.475,-11.897,-0.000,1.487,0.022
32.42,-11.890,-0.016,-1.475,-11.897,-0.000,1.487,0.022
32.44,-11.889,-0.016,-1.475,-11.897,-0.000,1.487,0.021
32.46,-11.889,-0.016,-1.475,-11.897,-0.000,1.487,0.021
32.48,-11.889,-0.015,-1.475,-11.897,-0.000,1.487,0.021
32.50,-11.889,-0.015,-1.475,-11.897,-0.000,1.487,0.021
32.52,-11.888,-0.015,-1.476,-11.897,-0.000,1.487,0.021
32.54,-11.888,-0.015,-1.476,-11.897,-0.000,1.487,0.021
32.56,-11.888,-0.014,-1.476,-11.897,-0.000,1.487,0.021
32.58,-11.888,-0.014,-1.476,-11.897,-0.000,1.487,0.021
32.61,-11.887,-0.013,-1.476,-11.897,-0.000,1.487,0.020
32.63,-11.887,-0.013,-1.476,-11.897,-0.000,1.487,0.020
32.65,-11.887,-0.013,-1.477,-11.897,-0.000,1.487,0.019
32.67,-11.887,-0.013,-1.477,-11.897,-0.000,1.487,0.019
32.69,-11.887,-0.012,-1.478,-11.897,-0.000,1.487,0.019
32.71,-11.887,-0.012,-1.478,-11.897,-0.000,1.487,0.019
32.73,-11.887,-0.011,-1.478,-11.897,-0.000,1.487,0.018
32.75,-11.887,-0.011,-1.478,-11.897,-0.000,1.487,0.018
32.77,-11.887,-0.011,-1.479,-11.897,-0.000,1.487,0.017
32.79,-11.887,-0.011,-1.479,-11.897,-0.000,1.487,0.017
32.81,-11.887,-0.011,-1.479,-11.897,-0.000,1.487,0.017
32.83,-11.887,-0.010,-1.480,-11.897,-0.000,1.487,0.016
32.85,-11.887,-0.010,-1.480,-11.897,-0.000,1.487,0.016
32.88,-11.887,-0.010,-1.481,-11.897,-0.000,1.487,0.016
32.90,-11.887,-0.010,-1.481,-11.897,-0.000,1.487,0.016
32.92,-11.887,-0.010,-1.482,-11.897,-0.000,1.487,0.016
32.94,-11.887,-0.010,-1.482,-11.897,-0.000,1.487,0.016
32.96,-11.887,-0.010,-1.482,-11.897,-0.000,1.487,0.015
32.98,-11.887,-0.010,-1.482,-11.897,-0.000,1.487,0.015
33.00,-11.888,-0.010,-1.483,-11.897,-0.000,1.487,0.015
33.02,-11.888,-0.010,-1.483,-11.897,-0.000,1.487,0.015
33.04,-11.888,-0.010,-1.483,-11.897,-0.000,1.487,0.014
33.06,-11.888,-0.010,-1.483,-11.897,-0.000,1.487,0.014
33.08,-11.888,-0.011,-1.484,-11.897,-0.000,1.487,0.014
33.10,-11.888,-0.011,-1.484,-11.897,-0.000,1.487,0.014
33.12,-11.889,-0.011,-1.485,-11.897,-0.000,1.487,0.014
33.14,-11.889,-0.011,-1.485,-11.897,-0.000,1.487,0.014
33.17,-11.889,-0.011,-1.485,-11.897,-0.000,1.487,0.014
33.19,-11.889,-0.011,-1.485,-11.897,-0.000,1.487,0.014
33.21,-11.890,-0.011,-1.486,-11.897,-0.000,1.487,0.014
33.23,-11.890,-0.011,-1.486,-11.897,-0.000,1.487,0.014
33.25,-11.890,-0.012,-1.486,-11.897,-0.000,1.487,0.014
33.27,-11.890,-0.012,-1.486,-11.897,-0.000,1.487,0.014
33.29,-11.891,-0.012,-1.486,-11.897,-0.000,1.487,0.014
33.31,-11.891,-0.012,-1.486,-11.897,-0.000,1.487,0.014
33.33,-11.891,-0.012,-1.486,-11.897,-0.000,1.487,0.014
33.35,-11.892,-0.013,-1.487,-11.897,-0.000,1.487,0.014
33.37,-11.892,-0.013,-1.487,-11.897,-0.000,1.487,0.014
33.39,-11.892,-0.013,-1.487,-11.897,-0.000,1.487,0.014
33.41,-11.892,-0.013,-1.487,-11.897,-0.000,1.487,0.014
33.44,-11.893,-0.014,-1.487,-11.897,-0.000,1.487,0.014
33.46,-11.893,-0.014,-1.487,-11.897,-0.000,1.487,0.014
33.48,-11.893,-0.014,-1.487,-11.897,-0.000,1.487,0.015
33.50,-11.893,-0.014,-1.487,-11.897,-0.000,1.487,0.015
33.52,-11.893,-0.015,-1.486,-11.897,-0.000,1.487,0.016
33.54,-11.893,-0.015,-1.486,-11.897,-0.000,1.487,0.016
33.56,-11.893,-0.016,-1.486,-11.897,-0.000,1.487,0.017
33.58,-11.893,-0.016,-1.486,-11.897,-0.000,1.487,0.017
33.60,-11.892,-0.018,-1.485,-11.897,-0.000,1.487,0.018
33.62,-11.892,-0.018,-1.485,-11.897,-0.000,1.487,0.018
33.65,-11.892,-0.019,-1.485,-11.897,-0.000,1.487,0.020
33.67,-11.892,-0.019,-1.485,-11.897,-0.000,1.487,0.020
33.69,-11.891,-0.020,-1.485,-11.897,-0.000,1.487,0.021
33.71,-11.891,-0.020,-1.485,-11.897,-0.000,1.487,0.021
33.73,-11.890,-0.021,-1.484,-11.897,-0.000,1.487,0.023
33.75,-11.890,-0.021,-1.484,-11.897,-0.000,1.487,0.023
33.77,-11.889,-0.022,-1.484,-11.897,-0.000,1.487,0.024
33.79,-11.889,-0.022,-1.484,-11.897,-0.000,1.487,0.024
33.81,-11.889,-0.022,-1.484,-11.897,-0.000,1.487,0.024
33.83,-11.888,-0.024,-1.483,-11.897,-0.000,1.487,0.026
33.85,-11.888,-0.024,-1.483,-11.897,-0.000,1.487,0.026
33.88,-11.888,-0.024,-1.483,-11.897,-0.000,1.487,0.026
33.90,-11.888,-0.024,-1.483,-11.897,-0.000,1.487,0.026
33.92,-11.887,-0.024,-1.481,-11.897,-0.000,1.487,0.027
33.94,-11.887,-0.024,-1.481,-11.897,-0.000,1.487,0.027
33.96,-11.886,-0.024,-1.481,-11.897,-0.000,1.487,0.028
33.98,-11.886,-0.024,-1.481,-11.897,-0.000,1.487,0.028
34.00,-11.886,-0.024,-1.480,-11.897,-0.000,1.487,0.028
34.02,-11.886,-0.024,-1.480,-11.897,-0.000,1.487,0.028
34.04,-11.885,-0.024,-1.479,-11.897,-0.000,1.487,0.028
34.06,-11.885,-0.024,-1.479,-11.897,-0.000,1.487,0.028
34.08,-11.885,-0.024,-1.478,-11.897,-0.000,1.487,0.029
34.10,-11.885,-0.024,-1.478,-11.897,-0.000,1.487,0.029
34.13,-11.885,-0.024,-1.477,-11.897,-0.000,1.487,0.029
34.15,-11.885,-0.024,-1.477,-11.897,-0.000,1.487,0.029
34.17,-11.885,-0.023,-1.477,-11.897,-0.000,1.487,0.028
34.19,-11.885,-0.023,-1.477,-11.897,-0.000,1.487,0.028
34.21,-11.886,-0.023,-1.476,-11.897,-0.000,1.487,0.028
34.23,-11.886,-0.023,-1.476,-11.897,-0.000,1.487,0.028
34.25,-11.886,-0.022,-1.476,-11.897,-0.000,1.487,0.028
34.27,-11.886,-0.022,-1.476,-11.897,-0.000,1.487,0.028
34.29,-11.887,-0.022,-1.475,-11.897,-0.000,1.487,0.027
34.31,-11.887,-0.022,-1.475,-11.897,-0.000,1.487,0.027
34.33,-11.887,-0.022,-1.475,-11.897,-0.000,1.487,0.027
34.35,-11.888,-0.021,-1.475,-11.897,-0.000,1.487,0.026
34.37,-11.888,-0.021,-1.475,-11.897,-0.000,1.487,0.026
34.39,-11.889,-0.020,-1.475,-11.897,-0.000,1.487,0.025
34.42,-11.889,-0.020,-1.475,-11.897,-0.000,1.487,0.025
34.44,-11.890,-0.019,-1.475,-11.897,-0.000,1.487,0.024
34.46,-11.890,-0.019,-1.475,-11.897,-0.000,1.487,0.024
34.48,-11.891,-0.018,-1.475,-11.897,-0.000,1.487,0.023
34.50,-11.891,-0.018,-1.475,-11.897,-0.000,1.487,0.023
34.52,-11.892,-0.017,-1.475,-11.897,-0.000,1.487,0.022
34.54,-11.892,-0.017,-1.475,-11.897,-0.000,1.487,0.022
34.56,-11.893,-0.016,-1.475,-11.897,-0.000,1.487,0.021
34.58,-11.893,-0.016,-1.475,-11.897,-0.000,1.487,0.021
34.60,-11.893,-0.015,-1.475,-11.897,-0.000,1.487,0.020
34.62,-11.893,-0.015,-1.475,-11.897,-0.000,1.487,0.020
34.64,-11.894,-0.014,-1.476,-11.897,-0.000,1.487,0.018
34.67,-11.894,-0.014,-1.476,-11.897,-0.000,1.487,0.018
34.69,-11.894,-0.013,-1.476,-11.897,-0.000,1.487,0.017
34.71,-11.894,-0.013,-1.476,-11.897,-0.000,1.487,0.017
34.73,-11.894,-0.012,-1.477,-11.897,-0.000,1.487,0.016
34.75,-11.894,-0.012,-1.477,-11.897,-0.000,1.487,0.016
34.77,-11.894,-0.011,-1.477,-11.897,-0.000,1.487,0.016
34.79,-11.894,-0.011,-1.477,-11.897,-0.000,1.487,0.016
34.81,-11.894,-0.011,-1.478,-11.897,-0.000,1.487,0.015
34.83,-11.894,-0.011,-1.478,-11.897,-0.000,1.487,0.015
34.85,-11.894,-0.011,-1.478,-11.897,-0.000,1.487,0.015
34.87,-11.894,-0.010,-1.478,-11.897,-0.000,1.487,0.014
34.89,-11.894,-0.010,-1.478,-11.897,-0.000,1.487,0.014
34.92,-11.894,-0.009,-1.479,-11.897,-0.000,1.487,0.012
34.94,-11.894,-0.009,-1.479,-11.897,-0.000,1.487,0.012
34.96,-11.893,-0.007,-1.480,-11.897,-0.000,1.487,0.011
34.98,-11.893,-0.007,-1.480,-11.897,-0.000,1.487,0.011
35.00,-11.893,-0.006,-1.481,-11.897,-0.000,1.487,0.010
35.02,-11.893,-0.006,-1.481,-11.897,-0.000,1.487,0.010
35.04,-11.892,-0.006,-1.482,-11.897,-0.000,1.487,0.009
35.06,-11.892,-0.006,-1.482,-11.897,-0.000,1.487,0.009
35.08,-11.892,-0.005,-1.483,-11.897,-0.000,1.487,0.009
35.10,-11.892,-0.005,-1.483,-11.897,-0.000,1.487,0.009
35.12,-11.891,-0.004,-1.484,-11.897,-0.000,1.487,0.008
35.14,-11.891,-0.004,-1.484,-11.897,-0.000,1.487,0.008
35.16,-11.890,-0.003,-1.485,-11.897,-0.000,1.487,0.008
35.18,-11.890,-0.003,-1.485,-11.897,-0.000,1.487,0.008
35.21,-11.889,-0.003,-1.486,-11.897,-0.000,1.487,0.009
35.23,-11.889,-0.003,-1.486,-11.897,-0.000,1.487,0.009
35.25,-11.888,-0.002,-1.487,-11.897,-0.000,1.487,0.010
35.27,-11.888,-0.002,-1.487,-11.897,-0.000,1.487,0.010
35.29,-11.887,-0.002,-1.488,-11.897,-0.000,1.487,0.010
35.31,-11.887,-0.002,-1.488,-11.897,-0.000,1.487,0.010
35.33,-11.887,-0.002,-1.488,-11.897,-0.000,1.487,0.010
35.35,-11.886,-0.002,-1.490,-11.897,-0.000,1.487,0.012
35.37,-11.886,-0.002,-1.490,-11.897,-0.000,1.487,0.012
35.39,-11.886,-0.002,-1.491,-11.897,-0.000,1.487,0.012
35.41,-11.886,-0.002,-1.491,-11.897,-0.000,1.487,0.012
35.43,-11.885,-0.002,-1.492,-11.897,-0.000,1.487,0.013
35.46,-11.885,-0.002,-1.492,-11.897,-0.000,1.487,0.013
35.48,-11.885,-0.003,-1.493,-11.897,-0.000,1.487,0.014
35.50,-11.885,-0.003,-1.493,-11.897,-0.000,1.487,0.014
35.52,-11.886,-0.004,-1.494,-11.897,-0.000,1.487,0.014
35.54,-11.886,-0.004,-1.494,-11.897,-0.000,1.487,0.014
35.56,-11.886,-0.005,-1.495,-11.897,-0.000,1.487,0.014
35.58,-11.886,-0.005,-1.495,-11.897,-0.000,1.487,0.014
35.60,-11.887,-0.005,-1.495,-11.897,-0.000,1.487,0.014
35.62,-11.887,-0.005,-1.495,-11.897,-0.000,1.487,0.014
35.64,-11.887,-0.006,-1.496,-11.897,-0.000,1.487,0.015
35.66,-11.887,-0.006,-1.496,-11.897,-0.000,1.487,0.015
35.68,-11.887,-0.007,-1.496,-11.897,-0.000,1.487,0.015
35.70,-11.887,-0.007,-1.496,-11.897,-0.000,1.487,0.015
35.73,-11.888,-0.009,-1.497,-11.897,-0.000,1.487,0.016
35.75,-11.888,-0.009,-1.497,-11.897,-0.000,1.487,0.016
35.77,-11.889,-0.010,-1.497,-11.897,-0.000,1.487,0.017
35.79,-11.889,-0.010,-1.497,-11.897,-0.000,1.487,0.017
35.81,-11.889,-0.011,-1.498,-11.897,-0.000,1.487,0.017
35.83,-11.889,-0.011,-1.498,-11.897,-0.000,1.487,0.017
35.85,-11.889,-0.011,-1.498,-11.897,-0.000,1.487,0.017
35.87,-11.890,-0.012,-1.498,-11.897,-0.000,1.487,0.018
35.89,-11.890,-0.012,-1.498,-11.897,-0.000,1.487,0.018
35.91,-11.890,-0.013,-1.498,-11.897,-0.000,1.487,0.018
35.93,-11.890,-0.013,-1.498,-11.897,-0.000,1.487,0.018
35.95,-11.891,-0.014,-1.498,-11.897,-0.000,1.487,0.019
35.98,-11.891,-0.014,-1.498,-11.897,-0.000,1.487,0.019
36.00,-11.891,-0.015,-1.498,-11.897,-0.000,1.487,0.019
36.02,-11.891,-0.015,-1.498,-11.897,-0.000,1.487,0.019
36.04,-11.891,-0.016,-1.497,-11.897,-0.000,1.487,0.020
36.06,-11.891,-0.016,-1.497,-11.897,-0.000,1.487,0.020
36.08,-11.891,-0.017,-1.497,-11.897,-0.000,1.487,0.020
36.10,-11.891,-0.017,-1.497,-11.897,-0.000,1.487,0.020
36.12,-11.891,-0.018,-1.496,-11.897,-0.000,1.487,0.021
36.14,-11.891,-0.018,-1.496,-11.897,-0.000,1.487,0.021
36.16,-11.892,-0.018,-1.496,-11.897,-0.000,1.487,0.021
36.18,-11.892,-0.018,-1.496,-11.897,-0.000,1.487,0.021
36.20,-11.892,-0.019,-1.495,-11.897,-0.000,1.487,0.021
36.22,-11.892,-0.019,-1.495,-11.897,-0.000,1.487,0.021
36.25,-11.892,-0.020,-1.495,-11.897,-0.000,1.487,0.022
36.27,-11.892,-0.020,-1.495,-11.897,-0.000,1.487,0.022
36.29,-11.892,-0.020,-1.494,-11.897,-0.000,1.487,0.022
36.31,-11.892,-0.020,-1.494,-11.897,-0.000,1.487,0.022
36.33,-11.892,-0.021,-1.493,-11.897,-0.000,1.487,0.022
36.35,-11.892,-0.021,-1.493,-11.897,-0.000,1.487,0.022
36.37,-11.892,-0.021,-1.493,-11.897,-0.000,1.487,0.022
36.39,-11.892,-0.022,-1.492,-11.897,-0.000,1.487,0.023
36.41,-11.892,-0.022,-1.492,-11.897,-0.000,1.487,0.023
36.43,-11.891,-0.022,-1.491,-11.897,-0.000,1.487,0.023
36.45,-11.891,-0.022,-1.491,-11.897,-0.000,1.487,0.023
36.48,-11.891,-0.022,-1.490,-11.897,-0.000,1.487,0.023
36.50,-11.891,-0.022,-1.490,-11.897,-0.000,1.487,0.023
36.52,-11.891,-0.022,-1.489,-11.897,-0.000,1.487,0.022
36.54,-11.891,-0.022,-1.489,-11.897,-0.000,1.487,0.022
36.56,-11.891,-0.021,-1.488,-11.897,-0.000,1.487,0.022
36.58,-11.891,-0.021,-1.488,-11.897,-0.000,1.487,0.022
36.60,-11.891,-0.020,-1.488,-11.897,-0.000,1.487,0.021
36.62,-11.891,-0.020,-1.488,-11.897,-0.000,1.487,0.021
36.64,-11.891,-0.020,-1.487,-11.897,-0.000,1.487,0.021
36.66,-11.891,-0.020,-1.487,-11.897,-0.000,1.487,0.021
36.68,-11.891,-0.018,-1.486,-11.897,-0.000,1.487,0.019
36.71,-11.891,-0.018,-1.486,-11.897,-0.000,1.487,0.019
36.73,-11.891,-0.017,-1.485,-11.897,-0.000,1.487,0.018
36.75,-11.891,-0.017,-1.485,-11.897,-0.000,1.487,0.018
36.77,-11.891,-0.015,-1.485,-11.897,-0.000,1.487,0.017
36.79,-11.891,-0.015,-1.485,-11.897,-0.000,1.487,0.017
36.81,-11.890,-0.014,-1.484,-11.897,-0.000,1.487,0.016
36.83,-11.890,-0.014,-1.484,-11.897,-0.000,1.487,0.016
36.85,-11.890,-0.014,-1.484,-11.897,-0.000,1.487,0.016
36.87,-11.890,-0.012,-1.484,-11.897,-0.000,1.487,0.014
36.89,-11.890,-0.012,-1.484,-11.897,-0.000,1.487,0.014
36.91,-11.890,-0.010,-1.484,-11.897,-0.000,1.487,0.013
36.93,-11.890,-0.010,-1.484,-11.897,-0.000,1.487,0.013
36.95,-11.890,-0.008,-1.484,-11.897,-0.000,1.487,0.012
36.98,-11.890,-0.008,-1.484,-11.897,-0.000,1.487,0.012
37.00,-11.890,-0.006,-1.484,-11.897,-0.000,1.487,0.010
37.02,-11.890,-0.006,-1.484,-11.897,-0.000,1.487,0.010
37.04,-11.890,-0.005,-1.484,-11.897,-0.000,1.487,0.010
37.06,-11.890,-0.005,-1.484,-11.897,-0.000,1.487,0.010
37.08,-11.890,-0.003,-1.484,-11.897,-0.000,1.487,0.009
37.10,-11.890,-0.003,-1.484,-11.897,-0.000,1.487,0.009
37.12,-11.890,-0.001,-1.484,-11.897,-0.000,1.487,0.008
37.14,-11.890,-0.001,-1.484,-11.897,-0.000,1.487,0.008
37.16,-11.890,0.001,-1.484,-11.897,-0.000,1.487,0.008
37.18,-11.890,0.001,-1.484,-11.897,-0.000,1.487,0.008
37.21,-11.890,0.003,-1.484,-11.897,-0.000,1.487,0.009
37.23,-11.890,0.003,-1.484,-11.897,-0.000,1.487,0.009
37.25,-11.890,0.004,-1.484,-11.897,-0.000,1.487,0.009
37.27,-11.890,0.004,-1.484,-11.897,-0.000,1.487,0.009
37.29,-11.890,0.006,-1.484,-11.897,-0.000,1.487,0.010
37.31,-11.890,0.006,-1.484,-11.897,-0.000,1.487,0.010
37.33,-11.890,0.007,-1.484,-11.897,-0.000,1.487,0.011
37.35,-11.890,0.007,-1.484,-11.897,-0.000,1.487,0.011
37.37,-11.890,0.007,-1.484,-11.897,-0.000,1.487,0.011
37.39,-11.890,0.008,-1.483,-11.897,-0.000,1.487,0.012
37.41,-11.890,0.008,-1.483,-11.897,-0.000,1.487,0.012
37.43,-11.890,0.009,-1.483,-11.897,-0.000,1.487,0.013
37.45,-11.890,0.009,-1.483,-11.897,-0.000,1.487,0.013
37.47,-11.890,0.010,-1.483,-11.897,-0.000,1.487,0.013
37.50,-11.890,0.010,-1.483,-11.897,-0.000,1.487,0.013
37.52,-11.891,0.010,-1.482,-11.897,-0.000,1.487,0.013
37.54,-11.891,0.010,-1.482,-11.897,-0.000,1.487,0.013
37.56,-11.891,0.011,-1.482,-11.897,-0.000,1.487,0.014
37.58,-11.891,0.011,-1.482,-11.897,-0.000,1.487,0.014
37.60,-11.892,0.011,-1.482,-11.897,-0.000,1.487,0.014
37.62,-11.892,0.011,-1.482,-11.897,-0.000,1.487,0.014
37.64,-11.892,0.012,-1.481,-11.897,-0.000,1.487,0.014
37.66,-11.892,0.012,-1.481,-11.897,-0.000,1.487,0.014
37.68,-11.893,0.012,-1.481,-11.897,-0.000,1.487,0.014
37.70,-11.893,0.012,-1.481,-11.897,-0.000,1.487,0.014
37.72,-11.893,0.012,-1.481,-11.897,-0.000,1.487,0.014
37.74,-11.893,0.012,-1.481,-11.897,-0.000,1.487,0.014
37.77,-11.894,0.013,-1.481,-11.897,-0.000,1.487,0.015
37.79,-11.894,0.013,-1.481,-11.897,-0.000,1.487,0.015
37.81,-11.895,0.013,-1.481,-11.897,-0.000,1.487,0.015
37.83,-11.895,0.013,-1.481,-11.897,-0.000,1.487,0.015
37.85,-11.895,0.013,-1.481,-11.897,-0.000,1.487,0.015
37.87,-11.896,0.013,-1.481,-11.897,-0.000,1.487,0.015
37.89,-11.896,0.013,-1.481,-11.897,-0.000,1.487,0.015
37.91,-11.897,0.013,-1.481,-11.897,-0.000,1.487,0.015
37.93,-11.897,0.013,-1.481,-11.897,-0.000,1.487,0.015
37.95,-11.898,0.013,-1.482,-11.897,-0.000,1.487,0.015
37.97,-11.898,0.013,-1.482,-11.897,-0.000,1.487,0.015
37.99,-11.898,0.013,-1.482,-11.897,-0.000,1.487,0.014
38.01,-11.898,0.013,-1.482,-11.897,-0.000,1.487,0.014
38.03,-11.900,0.013,-1.483,-11.897,-0.000,1.487,0.014
38.06,-11.900,0.013,-1.483,-11.897,-0.000,1.487,0.014
38.08,-11.901,0.013,-1.483,-11.897,-0.000,1.487,0.014
38.10,-11.901,0.013,-1.483,-11.897,-0.000,1.487,0.014
38.12,-11.902,0.014,-1.484,-11.897,-0.000,1.487,0.015
38.14,-11.902,0.014,-1.484,-11.897,-0.000,1.487,0.015
38.16,-11.903,0.014,-1.484,-11.897,-0.000,1.487,0.015
38.18,-11.903,0.014,-1.484,-11.897,-0.000,1.487,0.015
38.20,-11.904,0.014,-1.485,-11.897,-0.000,1.487,0.016
38.22,-11.904,0.014,-1.485,-11.897,-0.000,1.487,0.016
38.24,-11.905,0.014,-1.485,-11.897,-0.000,1.487,0.016
38.26,-11.905,0.014,-1.485,-11.897,-0.000,1.487,0.016
38.28,-11.906,0.014,-1.486,-11.897,-0.000,1.487,0.017
38.30,-11.906,0.014,-1.486,-11.897,-0.000,1.487,0.017
38.33,-11.907,0.014,-1.486,-11.897,-0.000,1.487,0.017
38.35,-11.907,0.014,-1.486,-11.897,-0.000,1.487,0.017
38.37,-11.907,0.014,-1.486,-11.897,-0.000,1.487,0.017
38.39,-11.909,0.014,-1.487,-11.897,-0.000,1.487,0.018
38.41,-11.909,0.014,-1.487,-11.897,-0.000,1.487,0.018
38.43,-11.910,0.014,-1.487,-11.897,-0.000,1.487,0.019
38.45,-11.910,0.014,-1.487,-11.897,-0.000,1.487,0.019
38.47,-11.911,0.014,-1.487,-11.897,-0.000,1.487,0.020
38.49,-11.911,0.014,-1.487,-11.897,-0.000,1.487,0.020
38.51,-11.912,0.014,-1.488,-11.897,-0.000,1.487,0.020
38.53,-11.912,0.014,-1.488,-11.897,-0.000,1.487,0.020
38.55,-11.913,0.013,-1.488,-11.897,-0.000,1.487,0.021
38.58,-11.913,0.013,-1.488,-11.897,-0.000,1.487,0.021
38.60,-11.914,0.013,-1.488,-11.897,-0.000,1.487,0.021
38.62,-11.914,0.013,-1.488,-11.897,-0.000,1.487,0.021
38.64,-11.915,0.012,-1.488,-11.897,-0.000,1.487,0.022
38.66,-11.915,0.012,-1.488,-11.897,-0.000,1.487,0.022
38.68,-11.916,0.012,-1.488,-11.897,-0.000,1.487,0.022
38.70,-11.916,0.012,-1.488,-11.897,-0.000,1.487,0.022
38.72,-11.916,0.011,-1.488,-11.897,-0.000,1.487,0.021
38.74,-11.916,0.011,-1.488,-11.897,-0.000,1.487,0.021
38.76,-11.916,0.009,-1.488,-11.897,-0.000,1.487,0.021
38.78,-11.916,0.009,-1.488,-11.897,-0.000,1.487,0.021
38.80,-11.916,0.008,-1.488,-11.897,-0.000,1.487,0.021
38.82,-11.916,0.008,-1.488,-11.897,-0.000,1.487,0.021
38.85,-11.916,0.006,-1.488,-11.897,-0.000,1.487,0.020
38.87,-11.916,0.006,-1.488,-11.897,-0.000,1.487,0.020
38.89,-11.916,0.006,-1.488,-11.897,-0.000,1.487,0.020
38.91,-11.916,0.003,-1.488,-11.897,-0.000,1.487,0.019
38.93,-11.916,0.003,-1.488,-11.897,-0.000,1.487,0.019
38.95,-11.916,0.002,-1.488,-11.897,-0.000,1.487,0.019
38.97,-11.916,0.002,-1.488,-11.897,-0.000,1.487,0.019
38.99,-11.916,-0.000,-1.488,-11.897,-0.000,1.487,0.019
39.01,-11.916,-0.000,-1.488,-11.897,-0.000,1.487,0.019
39.03,-11.916,-0.002,-1.487,-11.897,-0.000,1.487,0.019
39.05,-11.916,-0.002,-1.487,-11.897,-0.000,1.487,0.019
39.07,-11.916,-0.003,-1.487,-11.897,-0.000,1.487,0.019
39.09,-11.916,-0.003,-1.487,-11.897,-0.000,1.487,0.019
39.12,-11.915,-0.006,-1.487,-11.897,-0.000,1.487,0.019
39.14,-11.915,-0.006,-1.487,-11.897,-0.000,1.487,0.019
39.16,-11.915,-0.007,-1.487,-11.897,-0.000,1.487,0.019
39.18,-11.915,-0.007,-1.487,-11.897,-0.000,1.487,0.019
39.20,-11.914,-0.009,-1.486,-11.897,-0.000,1.487,0.019
39.22,-11.914,-0.009,-1.486,-11.897,-0.000,1.487,0.019
39.24,-11.914,-0.010,-1.486,-11.897,-0.000,1.487,0.019
39.26,-11.914,-0.010,-1.486,-11.897,-0.000,1.487,0.019
39.28,-11.913,-0.011,-1.486,-11.897,-0.000,1.487,0.020
39.30,-11.913,-0.011,-1.486,-11.897,-0.000,1.487,0.020
39.32,-11.913,-0.013,-1.486,-11.897,-0.000,1.487,0.020
39.34,-11.913,-0.013,-1.486,-11.897,-0.000,1.487,0.020
39.36,-11.913,-0.013,-1.486,-11.897,-0.000,1.487,0.020
39.39,-11.912,-0.015,-1.486,-11.897,-0.000,1.487,0.020
39.41,-11.912,-0.015,-1.486,-11.897,-0.000,1.487,0.020
39.43,-11.911,-0.016,-1.486,-11.897,-0.000,1.487,0.021
39.45,-11.911,-0.016,-1.486,-11.897,-0.000,1.487,0.021
39.47,-11.909,-0.018,-1.486,-11.897,-0.000,1.487,0.021
39.49,-11.909,-0.018,-1.486,-11.897,-0.000,1.487,0.021
39.51,-11.908,-0.019,-1.486,-11.897,-0.000,1.487,0.022
39.53,-11.908,-0.019,-1.486,-11.897,-0.000,1.487,0.022
39.55,-11.907,-0.020,-1.486,-11.897,-0.000,1.487,0.023
39.57,-11.907,-0.020,-1.486,-11.897,-0.000,1.487,0.023
39.59,-11.907,-0.021,-1.486,-11.897,-0.000,1.487,0.023
39.61,-11.907,-0.021,-1.486,-11.897,-0.000,1.487,0.023
39.63,-11.905,-0.023,-1.486,-11.897,-0.000,1.487,0.024
39.65,-11.905,-0.023,-1.486,-11.897,-0.000,1.487,0.024
39.68,-11.904,-0.023,-1.486,-11.897,-0.000,1.487,0.024
39.70,-11.904,-0.023,-1.486,-11.897,-0.000,1.487,0.024
39.72,-11.903,-0.025,-1.486,-11.897,-0.000,1.487,0.025
39.74,-11.903,-0.025,-1.486,-11.897,-0.000,1.487,0.025
39.76,-11.901,-0.026,-1.485,-11.897,-0.000,1.487,0.026
39.78,-11.901,-0.026,-1.485,-11.897,-0.000,1.487,0.026
39.80,-11.900,-0.026,-1.485,-11.897,-0.000,1.487,0.026
39.82,-11.900,-0.026,-1.485,-11.897,-0.000,1.487,0.026
39.84,-11.899,-0.027,-1.485,-11.897,-0.000,1.487,0.027
39.86,-11.899,-0.027,-1.485,-11.897,-0.000,1.487,0.027
39.88,-11.899,-0.027,-1.485,-11.897,-0.000,1.487,0.027
39.91,-11.897,-0.027,-1.485,-11.897,-0.000,1.487,0.028
39.93,-11.897,-0.027,-1.485,-11.897,-0.000,1.487,0.028
39.95,-11.896,-0.028,-1.484,-11.897,-0.000,1.487,0.028
39.97,-11.896,-0.028,-1.484,-11.897,-0.000,1.487,0.028
39.99,-11.894,-0.028,-1.484,-11.897,-0.000,1.487,0.028
40.01,-11.894,-0.028,-1.484,-11.897,-0.000,1.487,0.028
40.03,-11.893,-0.028,-1.483,-11.897,-0.000,1.487,0.028
40.05,-11.893,-0.028,-1.483,-11.897,-0.000,1.487,0.028
40.07,-11.892,-0.027,-1.483,-11.897,-0.000,1.487,0.028
40.09,-11.892,-0.027,-1.483,-11.897,-0.000,1.487,0.028
40.11,-11.890,-0.027,-1.482,-11.897,-0.000,1.487,0.028
40.13,-11.890,-0.027,-1.482,-11.897,-0.000,1.487,0.028
40.15,-11.889,-0.026,-1.481,-11.897,-0.000,1.487,0.028
40.18,-11.889,-0.026,-1.481,-11.897,-0.000,1.487,0.028
40.20,-11.887,-0.026,-1.481,-11.897,-0.000,1.487,0.029
40.22,-11.887,-0.026,-1.481,-11.897,-0.000,1.487,0.029
40.24,-11.886,-0.026,-1.480,-11.897,-0.000,1.487,0.029
40.26,-11.886,-0.026,-1.480,-11.897,-0.000,1.487,0.029
40.28,-11.885,-0.026,-1.480,-11.897,-0.000,1.487,0.030
40.30,-11.885,-0.026,-1.480,-11.897,-0.000,1.487,0.030
40.32,-11.883,-0.025,-1.480,-11.897,-0.000,1.487,0.030
40.34,-11.883,-0.025,-1.480,-11.897,-0.000,1.487,0.030
40.36,-11.883,-0.025,-1.480,-11.897,-0.000,1.487,0.030
40.38,-11.881,-0.025,-1.479,-11.897,-0.000,1.487,0.031
40.40,-11.881,-0.025,-1.479,-11.897,-0.000,1.487,0.031
40.43,-11.879,-0.024,-1.478,-11.897,-0.000,1.487,0.032
40.45,-11.879,-0.024,-1.478,-11.897,-0.000,1.487,0.032
40.47,-11.878,-0.024,-1.478,-11.897,-0.000,1.487,0.032
40.49,-11.878,-0.024,-1.478,-11.897,-0.000,1.487,0.032
40.51,-11.876,-0.024,-1.478,-11.897,-0.000,1.487,0.033
40.53,-11.876,-0.024,-1.478,-11.897,-0.000,1.487,0.033
40.55,-11.875,-0.023,-1.478,-11.897,-0.000,1.487,0.034
40.57,-11.875,-0.023,-1.478,-11.897,-0.000,1.487,0.034
40.59,-11.874,-0.023,-1.478,-11.897,-0.000,1.487,0.034
40.61,-11.874,-0.023,-1.478,-11.897,-0.000,1.487,0.034
40.63,-11.872,-0.023,-1.478,-11.897,-0.000,1.487,0.035
40.65,-11.872,-0.023,-1.478,-11.897,-0.000,1.487,0.035
40.68,-11.871,-0.022,-1.478,-11.897,-0.000,1.487,0.036
40.70,-11.871,-0.022,-1.478,-11.897,-0.000,1.487,0.036
40.72,-11.870,-0.022,-1.478,-11.897,-0.000,1.487,0.036
40.74,-11.870,-0.022,-1.478,-11.897,-0.000,1.487,0.036
40.76,-11.869,-0.021,-1.479,-11.897,-0.000,1.487,0.036
40.78,-11.869,-0.021,-1.479,-11.897,-0.000,1.487,0.036
40.80,-11.869,-0.020,-1.479,-11.897,-0.000,1.487,0.036
40.82,-11.869,-0.020,-1.479,-11.897,-0.000,1.487,0.036
40.84,-11.868,-0.020,-1.479,-11.897,-0.000,1.487,0.036
40.86,-11.868,-0.020,-1.479,-11.897,-0.000,1.487,0.036
40.88,-11.868,-0.020,-1.479,-11.897,-0.000,1.487,0.036
40.90,-11.868,-0.019,-1.480,-11.897,-0.000,1.487,0.036
40.92,-11.868,-0.019,-1.480,-11.897,-0.000,1.487,0.036
40.95,-11.868,-0.018,-1.481,-11.897,-0.000,1.487,0.035
40.97,-11.868,-0.018,-1.481,-11.897,-0.000,1.487,0.035
40.99,-11.868,-0.017,-1.481,-11.897,-0.000,1.487,0.035
41.01,-11.868,-0.017,-1.481,-11.897,-0.000,1.487,0.035
41.03,-11.868,-0.017,-1.482,-11.897,-0.000,1.487,0.035
41.05,-11.868,-0.017,-1.482,-11.897,-0.000,1.487,0.035
41.07,-11.868,-0.017,-1.482,-11.897,-0.000,1.487,0.034
41.09,-11.868,-0.017,-1.482,-11.897,-0.000,1.487,0.034
41.11,-11.868,-0.016,-1.482,-11.897,-0.000,1.487,0.033
41.13,-11.868,-0.016,-1.482,-11.897,-0.000,1.487,0.033
41.15,-11.869,-0.016,-1.483,-11.897,-0.000,1.487,0.033
41.17,-11.869,-0.016,-1.483,-11.897,-0.000,1.487,0.033
41.19,-11.869,-0.015,-1.483,-11.897,-0.000,1.487,0.032
41.22,-11.869,-0.015,-1.483,-11.897,-0.000,1.487,0.032
41.24,-11.870,-0.015,-1.483,-11.897,-0.000,1.487,0.031
41.26,-11.870,-0.015,-1.483,-11.897,-0.000,1.487,0.031
41.28,-11.870,-0.014,-1.484,-11.897,-0.000,1.487,0.031
41.30,-11.870,-0.014,-1.484,-11.897,-0.000,1.487,0.031
41.32,-11.871,-0.014,-1.484,-11.897,-0.000,1.487,0.030
41.34,-11.871,-0.014,-1.484,-11.897,-0.000,1.487,0.030
41.36,-11.872,-0.013,-1.484,-11.897,-0.000,1.487,0.029
41.38,-11.872,-0.013,-1.484,-11.897,-0.000,1.487,0.029
41.40,-11.872,-0.013,-1.484,-11.897,-0.000,1.487,0.029
41.42,-11.872,-0.013,-1.485,-11.897,-0.000,1.487,0.028
41.44,-11.872,-0.013,-1.485,-11.897,-0.000,1.487,0.028
41.47,-11.873,-0.012,-1.486,-11.897,-0.000,1.487,0.027
41.49,-11.873,-0.012,-1.486,-11.897,-0.000,1.487,0.027
41.51,-11.874,-0.012,-1.486,-11.897,-0.000,1.487,0.027
41.53,-11.874,-0.012,-1.486,-11.897,-0.000,1.487,0.027
41.55,-11.874,-0.011,-1.487,-11.897,-0.000,1.487,0.026
41.57,-11.874,-0.011,-1.487,-11.897,-0.000,1.487,0.026
41.59,-11.874,-0.011,-1.487,-11.897,-0.000,1.487,0.025
41.61,-11.874,-0.011,-1.487,-11.897,-0.000,1.487,0.025
41.63,-11.875,-0.010,-1.488,-11.897,-0.000,1.487,0.025
41.65,-11.875,-0.010,-1.488,-11.897,-0.000,1.487,0.025
41.67,-11.875,-0.009,-1.489,-11.897,-0.000,1.487,0.024
41.69,-11.875,-0.009,-1.489,-11.897,-0.000,1.487,0.024
41.71,-11.876,-0.008,-1.489,-11.897,-0.000,1.487,0.023
41.74,-11.876,-0.008,-1.489,-11.897,-0.000,1.487,0.023
41.76,-11.877,-0.008,-1.490,-11.897,-0.000,1.487,0.022
41.78,-11.877,-0.008,-1.490,-11.897,-0.000,1.487,0.022
41.80,-11.877,-0.007,-1.490,-11.897,-0.000,1.487,0.021
41.82,-11.877,-0.007,-1.490,-11.897,-0.000,1.487,0.021
41.84,-11.878,-0.006,-1.491,-11.897,-0.000,1.487,0.020
41.86,-11.878,-0.006,-1.491,-11.897,-0.000,1.487,0.020
41.88,-11.878,-0.006,-1.491,-11.897,-0.000,1.487,0.020
41.90,-11.879,-0.005,-1.491,-11.897,-0.000,1.487,0.019
41.92,-11.879,-0.005,-1.491,-11.897,-0.000,1.487,0.019
41.94,-11.880,-0.004,-1.491,-11.897,-0.000,1.487,0.018
41.96,-11.880,-0.004,-1.491,-11.897,-0.000,1.487,0.018
41.99,-11.881,-0.004,-1.492,-11.897,-0.000,1.487,0.017
42.01,-11.881,-0.004,-1.492,-11.897,-0.000,1.487,0.017
42.03,-11.882,-0.003,-1.492,-11.897,-0.000,1.487,0.016
42.05,-11.882,-0.003,-1.492,-11.897,-0.000,1.487,0.016
42.07,-11.883,-0.003,-1.492,-11.897,-0.000,1.487,0.015
42.09,-11.883,-0.003,-1.492,-11.897,-0.000,1.487,0.015
42.11,-11.883,-0.002,-1.492,-11.897,-0.000,1.487,0.015
42.13,-11.883,-0.002,-1.492,-11.897,-0.000,1.487,0.015
42.15,-11.884,-0.002,-1.493,-11.897,-0.000,1.487,0.015
42.17,-11.884,-0.002,-1.493,-11.897,-0.000,1.487,0.015
42.19,-11.884,-0.001,-1.493,-11.897,-0.000,1.487,0.015
42.21,-11.884,-0.001,-1.493,-11.897,-0.000,1.487,0.015
42.24,-11.885,-0.001,-1.494,-11.897,-0.000,1.487,0.014
42.26,-11.885,-0.001,-1.494,-11.897,-0.000,1.487,0.014
42.28,-11.885,-0.000,-1.495,-11.897,-0.000,1.487,0.014
42.30,-11.885,-0.000,-1.495,-11.897,-0.000,1.487,0.014
42.32,-11.885,0.000,-1.495,-11.897,-0.000,1.487,0.015
42.34,-11.885,0.000,-1.495,-11.897,-0.000,1.487,0.015
42.36,-11.885,0.001,-1.496,-11.897,-0.000,1.487,0.015
42.38,-11.885,0.001,-1.496,-11.897,-0.000,1.487,0.015
42.40,-11.885,0.001,-1.496,-11.897,-0.000,1.487,0.015
42.42,-11.886,0.001,-1.496,-11.897,-0.000,1.487,0.015
42.44,-11.886,0.001,-1.496,-11.897,-0.000,1.487,0.015
42.46,-11.886,0.002,-1.496,-11.897,-0.000,1.487,0.015
42.49,-11.886,0.002,-1.496,-11.897,-0.000,1.487,0.015
42.51,-11.886,0.002,-1.496,-11.897,-0.000,1.487,0.015
42.53,-11.886,0.002,-1.496,-11.897,-0.000,1.487,0.015
42.55,-11.887,0.003,-1.496,-11.897,-0.000,1.487,0.014
42.57,-11.887,0.003,-1.496,-11.897,-0.000,1.487,0.014
42.59,-11.887,0.004,-1.496,-11.897,-0.000,1.487,0.014
42.61,-11.887,0.004,-1.496,-11.897,-0.000,1.487,0.014
42.63,-11.887,0.005,-1.495,-11.897,-0.000,1.487,0.014
42.65,-11.887,0.005,-1.495,-11.897,-0.000,1.487,0.014
42.67,-11.888,0.005,-1.495,-11.897,-0.000,1.487,0.014
42.69,-11.888,0.005,-1.495,-11.897,-0.000,1.487,0.014
42.71,-11.888,0.006,-1.494,-11.897,-0.000,1.487,0.013
42.73,-11.888,0.006,-1.494,-11.897,-0.000,1.487,0.013
42.76,-11.889,0.007,-1.494,-11.897,-0.000,1.487,0.013
42.78,-11.889,0.007,-1.494,-11.897,-0.000,1.487,0.013
42.80,-11.889,0.008,-1.493,-11.897,-0.000,1.487,0.013
42.82,-11.889,0.008,-1.493,-11.897,-0.000,1.487,0.013
42.84,-11.890,0.009,-1.492,-11.897,-0.000,1.487,0.013
42.86,-11.890,0.009,-1.492,-11.897,-0.000,1.487,0.013
42.88,-11.891,0.010,-1.492,-11.897,-0.000,1.487,0.013
42.90,-11.891,0.010,-1.492,-11.897,-0.000,1.487,0.013
42.92,-11.891,0.010,-1.492,-11.897,-0.000,1.487,0.013
42.94,-11.892,0.011,-1.491,-11.897,-0.000,1.487,0.013
42.96,-11.892,0.011,-1.491,-11.897,-0.000,1.487,0.013
42.98,-11.893,0.011,-1.490,-11.897,-0.000,1.487,0.012
43.00,-11.893,0.011,-1.490,-11.897,-0.000,1.487,0.012
43.03,-11.895,0.012,-1.489,-11.897,-0.000,1.487,0.012
43.05,-11.895,0.012,-1.489,-11.897,-0.000,1.487,0.012
43.07,-11.897,0.012,-1.488,-11.897,-0.000,1.487,0.012
43.09,-11.897,0.012,-1.488,-11.897,-0.000,1.487,0.012
43.11,-11.898,0.013,-1.488,-11.897,-0.000,1.487,0.013
43.13,-11.898,0.013,-1.488,-11.897,-0.000,1.487,0.013
43.15,-11.899,0.013,-1.487,-11.897,-0.000,1.487,0.013
43.17,-11.899,0.013,-1.487,-11.897,-0.000,1.487,0.013
43.19,-11.900,0.013,-1.487,-11.897,-0.000,1.487,0.013
43.21,-11.900,0.013,-1.487,-11.897,-0.000,1.487,0.013
43.23,-11.902,0.013,-1.486,-11.897,-0.000,1.487,0.014
43.25,-11.902,0.013,-1.486,-11.897,-0.000,1.487,0.014
43.28,-11.903,0.013,-1.485,-11.897,-0.000,1.487,0.014
43.30,-11.903,0.013,-1.485,-11.897,-0.000,1.487,0.014
43.32,-11.905,0.013,-1.485,-11.897,-0.000,1.487,0.015
43.34,-11.905,0.013,-1.485,-11.897,-0.000,1.487,0.015
43.36,-11.906,0.013,-1.484,-11.897,-0.000,1.487,0.016
43.38,-11.906,0.013,-1.484,-11.897,-0.000,1.487,0.016
43.40,-11.906,0.013,-1.484,-11.897,-0.000,1.487,0.016
43.42,-11.907,0.013,-1.484,-11.897,-0.000,1.487,0.017
43.44,-11.907,0.013,-1.484,-11.897,-0.000,1.487,0.017
43.46,-11.908,0.013,-1.483,-11.897,-0.000,1.487,0.017
43.48,-11.908,0.013,-1.483,-11.897,-0.000,1.487,0.017
43.50,-11.910,0.012,-1.483,-11.897,-0.000,1.487,0.018
43.52,-11.910,0.012,-1.483,-11.897,-0.000,1.487,0.018
43.55,-11.911,0.012,-1.483,-11.897,-0.000,1.487,0.019
43.57,-11.911,0.012,-1.483,-11.897,-0.000,1.487,0.019
43.59,-11.913,0.011,-1.482,-11.897,-0.000,1.487,0.020
43.61,-11.913,0.011,-1.482,-11.897,-0.000,1.487,0.020
43.63,-11.914,0.011,-1.482,-11.897,-0.000,1.487,0.021
43.65,-11.914,0.011,-1.482,-11.897,-0.000,1.487,0.021
43.67,-11.916,0.010,-1.482,-11.897,-0.000,1.487,0.021
43.69,-11.916,0.010,-1.482,-11.897,-0.000,1.487,0.021
43.71,-11.917,0.009,-1.482,-11.897,-0.000,1.487,0.022
43.73,-11.917,0.009,-1.482,-11.897,-0.000,1.487,0.022
43.75,-11.918,0.009,-1.482,-11.897,-0.000,1.487,0.023
43.77,-11.918,0.009,-1.482,-11.897,-0.000,1.487,0.023
43.79,-11.919,0.008,-1.483,-11.897,-0.000,1.487,0.024
43.82,-11.919,0.008,-1.483,-11.897,-0.000,1.487,0.024
43.84,-11.920,0.008,-1.483,-11.897,-0.000,1.487,0.024
43.86,-11.920,0.008,-1.483,-11.897,-0.000,1.487,0.024
43.88,-11.920,0.007,-1.483,-11.897,-0.000,1.487,0.024
43.90,-11.920,0.007,-1.483,-11.897,-0.000,1.487,0.024
43.92,-11.920,0.007,-1.483,-11.897,-0.000,1.487,0.024
43.94,-11.921,0.007,-1.483,-11.897,-0.000,1.487,0.025
43.96,-11.921,0.007,-1.483,-11.897,-0.000,1.487,0.025
43.98,-11.921,0.006,-1.484,-11.897,-0.000,1.487,0.025
44.00,-11.921,0.006,-1.484,-11.897,-0.000,1.487,0.025
44.02,-11.921,0.005,-1.484,-11.897,-0.000,1.487,0.024
44.04,-11.921,0.005,-1.484,-11.897,-0.000,1.487,0.024
44.07,-11.921,0.004,-1.484,-11.897,-0.000,1.487,0.024
44.09,-11.921,0.004,-1.484,-11.897,-0.000,1.487,0.024
44.11,-11.921,0.004,-1.484,-11.897,-0.000,1.487,0.024
44.13,-11.921,0.004,-1.484,-11.897,-0.000,1.487,0.024
44.15,-11.920,0.003,-1.485,-11.897,-0.000,1.487,0.023
44.17,-11.920,0.003,-1.485,-11.897,-0.000,1.487,0.023
44.19,-11.920,0.002,-1.485,-11.897,-0.000,1.487,0.023
44.21,-11.920,0.002,-1.485,-11.897,-0.000,1.487,0.023
44.23,-11.920,0.002,-1.486,-11.897,-0.000,1.487,0.022
44.25,-11.920,0.002,-1.486,-11.897,-0.000,1.487,0.022
44.27,-11.919,0.001,-1.486,-11.897,-0.000,1.487,0.022
44.29,-11.919,0.001,-1.486,-11.897,-0.000,1.487,0.022
44.31,-11.918,0.001,-1.486,-11.897,-0.000,1.487,0.021
44.34,-11.918,0.001,-1.486,-11.897,-0.000,1.487,0.021
44.36,-11.917,0.000,-1.486,-11.897,-0.000,1.487,0.020
44.38,-11.917,0.000,-1.486,-11.897,-0.000,1.487,0.020
44.40,-11.917,0.000,-1.486,-11.897,-0.000,1.487,0.020
44.42,-11.916,-0.000,-1.487,-11.897,-0.000,1.487,0.019
44.44,-11.916,-0.000,-1.487,-11.897,-0.000,1.487,0.019
44.46,-11.916,-0.001,-1.487,-11.897,-0.000,1.487,0.018
44.48,-11.916,-0.001,-1.487,-11.897,-0.000,1.487,0.018
44.50,-11.915,-0.001,-1.487,-11.897,-0.000,1.487,0.018
44.52,-11.915,-0.001,-1.487,-11.897,-0.000,1.487,0.018
44.54,-11.915,-0.001,-1.487,-11.897,-0.000,1.487,0.017
44.57,-11.915,-0.001,-1.487,-11.897,-0.000,1.487,0.017
44.59,-11.914,-0.002,-1.487,-11.897,-0.000,1.487,0.017
44.61,-11.914,-0.002,-1.487,-11.897,-0.000,1.487,0.017
44.63,-11.914,-0.002,-1.487,-11.897,-0.000,1.487,0.017
44.65,-11.914,-0.002,-1.487,-11.897,-0.000,1.487,0.017
44.67,-11.914,-0.003,-1.487,-11.897,-0.000,1.487,0.017
44.69,-11.914,-0.003,-1.487,-11.897,-0.000,1.487,0.017
44.71,-11.914,-0.003,-1.488,-11.897,-0.000,1.487,0.017
44.73,-11.914,-0.003,-1.488,-11.897,-0.000,1.487,0.017
44.75,-11.914,-0.003,-1.488,-11.897,-0.000,1.487,0.017
44.77,-11.914,-0.003,-1.488,-11.897,-0.000,1.487,0.017
44.79,-11.913,-0.004,-1.488,-11.897,-0.000,1.487,0.016
44.81,-11.913,-0.004,-1.488,-11.897,-0.000,1.487,0.016
44.83,-11.913,-0.005,-1.489,-11.897,-0.000,1.487,0.016
44.86,-11.913,-0.005,-1.489,-11.897,-0.000,1.487,0.016
44.88,-11.912,-0.005,-1.490,-11.897,-0.000,1.487,0.016
44.90,-11.912,-0.005,-1.490,-11.897,-0.000,1.487,0.016
44.92,-11.912,-0.005,-1.490,-11.897,-0.000,1.487,0.016
44.94,-11.911,-0.006,-1.490,-11.897,-0.000,1.487,0.015
44.96,-11.911,-0.006,-1.490,-11.897,-0.000,1.487,0.015
44.98,-11.910,-0.007,-1.491,-11.897,-0.000,1.487,0.015
45.00,-11.910,-0.007,-1.491,-11.897,-0.000,1.487,0.015
45.02,-11.910,-0.007,-1.491,-11.897,-0.000,1.487,0.015
45.04,-11.910,-0.007,-1.491,-11.897,-0.000,1.487,0.015
45.06,-11.909,-0.008,-1.492,-11.897,-0.000,1.487,0.015
45.08,-11.909,-0.008,-1.492,-11.897,-0.000,1.487,0.015
45.10,-11.909,-0.009,-1.492,-11.897,-0.000,1.487,0.015
45.13,-11.909,-0.009,-1.492,-11.897,-0.000,1.487,0.015
45.15,-11.908,-0.009,-1.493,-11.897,-0.000,1.487,0.015
45.17,-11.908,-0.009,-1.493,-11.897,-0.000,1.487,0.015
45.19,-11.907,-0.010,-1.493,-11.897,-0.000,1.487,0.015
45.21,-11.907,-0.010,-1.493,-11.897,-0.000,1.487,0.015
45.23,-11.907,-0.010,-1.493,-11.897,-0.000,1.487,0.015
45.25,-11.907,-0.010,-1.493,-11.897,-0.000,1.487,0.015
45.27,-11.906,-0.010,-1.493,-11.897,-0.000,1.487,0.015
45.29,-11.906,-0.010,-1.493,-11.897,-0.000,1.487,0.015
45.31,-11.905,-0.011,-1.494,-11.897,-0.000,1.487,0.015
45.33,-11.905,-0.011,-1.494,-11.897,-0.000,1.487,0.015
45.35,-11.905,-0.011,-1.494,-11.897,-0.000,1.487,0.015
45.38,-11.905,-0.011,-1.494,-11.897,-0.000,1.487,0.015
45.40,-11.904,-0.011,-1.495,-11.897,-0.000,1.487,0.014
45.42,-11.904,-0.011,-1.495,-11.897,-0.000,1.487,0.014
45.44,-11.904,-0.011,-1.495,-11.897,-0.000,1.487,0.014
45.46,-11.903,-0.010,-1.495,-11.897,-0.000,1.487,0.014
45.48,-11.903,-0.010,-1.495,-11.897,-0.000,1.487,0.014
45.50,-11.902,-0.010,-1.496,-11.897,-0.000,1.487,0.014
45.52,-11.902,-0.010,-1.496,-11.897,-0.000,1.487,0.014
45.54,-11.902,-0.010,-1.496,-11.897,-0.000,1.487,0.014
45.56,-11.902,-0.010,-1.496,-11.897,-0.000,1.487,0.014
45.58,-11.901,-0.009,-1.497,-11.897,-0.000,1.487,0.014
45.60,-11.901,-0.009,-1.497,-11.897,-0.000,1.487,0.014
45.62,-11.900,-0.008,-1.497,-11.897,-0.000,1.487,0.013
45.65,-11.900,-0.008,-1.497,-11.897,-0.000,1.487,0.013
45.67,-11.899,-0.008,-1.497,-11.897,-0.000,1.487,0.013
45.69,-11.899,-0.008,-1.497,-11.897,-0.000,1.487,0.013
45.71,-11.898,-0.006,-1.498,-11.897,-0.000,1.487,0.012
45.73,-11.898,-0.006,-1.498,-11.897,-0.000,1.487,0.012
45.75,-11.897,-0.005,-1.498,-11.897,-0.000,1.487,0.012
45.77,-11.897,-0.005,-1.498,-11.897,-0.000,1.487,0.012
45.79,-11.896,-0.003,-1.499,-11.897,-0.000,1.487,0.012
45.81,-11.896,-0.003,-1.499,-11.897,-0.000,1.487,0.012
45.83,-11.896,-0.002,-1.499,-11.897,-0.000,1.487,0.012
45.85,-11.896,-0.002,-1.499,-11.897,-0.000,1.487,0.012
45.87,-11.895,-0.001,-1.499,-11.897,-0.000,1.487,0.012
45.89,-11.895,-0.001,-1.499,-11.897,-0.000,1.487,0.012
45.92,-11.895,-0.001,-1.499,-11.897,-0.000,1.487,0.012
45.94,-11.894,0.002,-1.500,-11.897,-0.000,1.487,0.013
45.96,-11.894,0.002,-1.500,-11.897,-0.000,1.487,0.013
45.98,-11.893,0.003,-1.500,-11.897,-0.000,1.487,0.014
46.00,-11.893,0.003,-1.500,-11.897,-0.000,1.487,0.014
46.02,-11.893,0.004,-1.500,-11.897,-0.000,1.487,0.014
46.04,-11.893,0.004,-1.500,-11.897,-0.000,1.487,0.014
46.06,-11.892,0.005,-1.501,-11.897,-0.000,1.487,0.015
46.08,-11.892,0.005,-1.501,-11.897,-0.000,1.487,0.015
46.10,-11.892,0.006,-1.501,-11.897,-0.000,1.487,0.015
46.12,-11.892,0.006,-1.501,-11.897,-0.000,1.487,0.015
46.14,-11.892,0.006,-1.501,-11.897,-0.000,1.487,0.016
46.16,-11.892,0.006,-1.501,-11.897,-0.000,1.487,0.016
46.19,-11.891,0.007,-1.501,-11.897,-0.000,1.487,0.016
46.21,-11.891,0.007,-1.501,-11.897,-0.000,1.487,0.016
46.23,-11.891,0.007,-1.501,-11.897,-0.000,1.487,0.017
46.25,-11.891,0.007,-1.501,-11.897,-0.000,1.487,0.017
46.27,-11.891,0.008,-1.501,-11.897,-0.000,1.487,0.017
46.29,-11.891,0.008,-1.501,-11.897,-0.000,1.487,0.017
46.31,-11.891,0.008,-1.501,-11.897,-0.000,1.487,0.017
46.33,-11.891,0.008,-1.501,-11.897,-0.000,1.487,0.017
46.35,-11.891,0.009,-1.501,-11.897,-0.000,1.487,0.017
46.37,-11.891,0.009,-1.501,-11.897,-0.000,1.487,0.017
46.39,-11.891,0.009,-1.501,-11.897,-0.000,1.487,0.018
46.41,-11.891,0.009,-1.501,-11.897,-0.000,1.487,0.018
46.43,-11.891,0.009,-1.501,-11.897,-0.000,1.487,0.018
46.46,-11.891,0.010,-1.501,-11.897,-0.000,1.487,0.018
46.48,-11.891,0.010,-1.501,-11.897,-0.000,1.487,0.018
46.50,-11.891,0.010,-1.501,-11.897,-0.000,1.487,0.018
46.52,-11.891,0.010,-1.501,-11.897,-0.000,1.487,0.018
46.54,-11.891,0.010,-1.501,-11.897,-0.000,1.487,0.018
46.56,-11.891,0.010,-1.501,-11.897,-0.000,1.487,0.018
46.58,-11.892,0.010,-1.501,-11.897,-0.000,1.487,0.018
46.60,-11.892,0.010,-1.501,-11.897,-0.000,1.487,0.018
46.62,-11.892,0.010,-1.501,-11.897,-0.000,1.487,0.018
46.64,-11.892,0.010,-1.501,-11.897,-0.000,1.487,0.018
46.66,-11.892,0.010,-1.501,-11.897,-0.000,1.487,0.017
46.68,-11.892,0.010,-1.501,-11.897,-0.000,1.487,0.017
46.71,-11.892,0.010,-1.500,-11.897,-0.000,1.487,0.017
46.73,-11.892,0.010,-1.500,-11.897,-0.000,1.487,0.017
46.75,-11.893,0.010,-1.500,-11.897,-0.000,1.487,0.017
46.77,-11.893,0.010,-1.500,-11.897,-0.000,1.487,0.017
46.79,-11.893,0.010,-1.500,-11.897,-0.000,1.487,0.017
46.81,-11.893,0.010,-1.500,-11.897,-0.000,1.487,0.017
46.83,-11.893,0.010,-1.500,-11.897,-0.000,1.487,0.016
46.85,-11.893,0.010,-1.500,-11.897,-0.000,1.487,0.016
46.87,-11.893,0.010,-1.499,-11.897,-0.000,1.487,0.016
46.89,-11.893,0.010,-1.499,-11.897,-0.000,1.487,0.016
46.91,-11.893,0.010,-1.499,-11.897,-0.000,1.487,0.016
46.94,-11.893,0.009,-1.499,-11.897,-0.000,1.487,0.016
46.96,-11.893,0.009,-1.499,-11.897,-0.000,1.487,0.016
46.98,-11.893,0.009,-1.499,-11.897,-0.000,1.487,0.015
47.00,-11.893,0.009,-1.499,-11.897,-0.000,1.487,0.015
47.02,-11.893,0.009,-1.499,-11.897,-0.000,1.487,0.015
47.04,-11.893,0.009,-1.499,-11.897,-0.000,1.487,0.015
47.06,-11.893,0.009,-1.499,-11.897,-0.000,1.487,0.015
47.08,-11.893,0.009,-1.499,-11.897,-0.000,1.487,0.015
47.10,-11.893,0.009,-1.499,-11.897,-0.000,1.487,0.016
47.12,-11.893,0.009,-1.499,-11.897,-0.000,1.487,0.016
47.14,-11.893,0.009,-1.499,-11.897,-0.000,1.487,0.016
47.16,-11.893,0.009,-1.499,-11.897,-0.000,1.487,0.016
47.18,-11.893,0.010,-1.499,-11.897,-0.000,1.487,0.016
47.20,-11.893,0.010,-1.499,-11.897,-0.000,1.487,0.016
47.23,-11.893,0.010,-1.499,-11.897,-0.000,1.487,0.016
47.25,-11.893,0.010,-1.499,-11.897,-0.000,1.487,0.016
47.27,-11.893,0.010,-1.500,-11.897,-0.000,1.487,0.017
47.29,-11.893,0.010,-1.500,-11.897,-0.000,1.487,0.017
47.31,-11.893,0.010,-1.500,-11.897,-0.000,1.487,0.017
47.33,-11.893,0.010,-1.500,-11.897,-0.000,1.487,0.017
47.35,-11.893,0.010,-1.500,-11.897,-0.000,1.487,0.017
47.37,-11.893,0.010,-1.500,-11.897,-0.000,1.487,0.017
47.39,-11.893,0.010,-1.500,-11.897,-0.000,1.487,0.017
47.41,-11.893,0.010,-1.500,-11.897,-0.000,1.487,0.017
47.43,-11.893,0.010,-1.500,-11.897,-0.000,1.487,0.017
47.46,-11.893,0.010,-1.501,-11.897,-0.000,1.487,0.017
47.48,-11.893,0.010,-1.501,-11.897,-0.000,1.487,0.017
47.50,-11.893,0.010,-1.501,-11.897,-0.000,1.487,0.018
47.52,-11.893,0.010,-1.501,-11.897,-0.000,1.487,0.018
47.54,-11.893,0.010,-1.501,-11.897,-0.000,1.487,0.018
47.56,-11.893,0.010,-1.501,-11.897,-0.000,1.487,0.018
47.58,-11.893,0.010,-1.502,-11.897,-0.000,1.487,0.018
47.60,-11.893,0.010,-1.502,-11.897,-0.000,1.487,0.018
47.62,-11.893,0.009,-1.502,-11.897,-0.000,1.487,0.018
47.64,-11.893,0.009,-1.502,-11.897,-0.000,1.487,0.018
47.66,-11.893,0.009,-1.503,-11.897,-0.000,1.487,0.018
47.68,-11.893,0.009,-1.503,-11.897,-0.000,1.487,0.018
47.71,-11.893,0.008,-1.504,-11.897,-0.000,1.487,0.019
47.73,-11.893,0.008,-1.504,-11.897,-0.000,1.487,0.019
47.75,-11.893,0.008,-1.504,-11.897,-0.000,1.487,0.019
47.77,-11.893,0.008,-1.504,-11.897,-0.000,1.487,0.019
47.79,-11.893,0.007,-1.504,-11.897,-0.000,1.487,0.019
47.81,-11.893,0.007,-1.504,-11.897,-0.000,1.487,0.019
47.83,-11.892,0.006,-1.504,-11.897,-0.000,1.487,0.019
47.85,-11.892,0.006,-1.504,-11.897,-0.000,1.487,0.019
47.87,-11.892,0.005,-1.504,-11.897,-0.000,1.487,0.018
47.89,-11.892,0.005,-1.504,-11.897,-0.000,1.487,0.018
47.91,-11.892,0.003,-1.505,-11.897,-0.000,1.487,0.018
47.93,-11.892,0.003,-1.505,-11.897,-0.000,1.487,0.018
47.96,-11.892,0.003,-1.505,-11.897,-0.000,1.487,0.018
47.98,-11.891,0.001,-1.505,-11.897,-0.000,1.487,0.018
48.00,-11.891,0.001,-1.505,-11.897,-0.000,1.487,0.018
48.02,-11.891,-0.000,-1.504,-11.897,-0.000,1.487,0.018
48.04,-11.891,-0.000,-1.504,-11.897,-0.000,1.487,0.018
48.06,-11.890,-0.002,-1.504,-11.897,-0.000,1.487,0.018
48.08,-11.890,-0.002,-1.504,-11.897,-0.000,1.487,0.018
48.10,-11.890,-0.003,-1.504,-11.897,-0.000,1.487,0.019
48.12,-11.890,-0.003,-1.504,-11.897,-0.000,1.487,0.019
48.14,-11.889,-0.005,-1.504,-11.897,-0.000,1.487,0.019
48.16,-11.889,-0.005,-1.504,-11.897,-0.000,1.487,0.019
48.18,-11.888,-0.007,-1.504,-11.897,-0.000,1.487,0.020
48.21,-11.888,-0.007,-1.504,-11.897,-0.000,1.487,0.020
48.23,-11.887,-0.008,-1.504,-11.897,-0.000,1.487,0.021
48.25,-11.887,-0.008,-1.504,-11.897,-0.000,1.487,0.021
48.27,-11.887,-0.010,-1.504,-11.897,-0.000,1.487,0.022
48.29,-11.887,-0.010,-1.504,-11.897,-0.000,1.487,0.022
48.31,-11.886,-0.011,-1.504,-11.897,-0.000,1.487,0.023
48.33,-11.886,-0.011,-1.504,-11.897,-0.000,1.487,0.023
48.35,-11.885,-0.012,-1.504,-11.897,-0.000,1.487,0.023
48.37,-11.885,-0.012,-1.504,-11.897,-0.000,1.487,0.023
48.39,-11.884,-0.013,-1.504,-11.897,-0.000,1.487,0.024
48.41,-11.884,-0.013,-1.504,-11.897,-0.000,1.487,0.024
48.43,-11.884,-0.013,-1.504,-11.897,-0.000,1.487,0.024
48.46,-11.884,-0.013,-1.504,-11.897,-0.000,1.487,0.025
48.48,-11.884,-0.013,-1.504,-11.897,-0.000,1.487,0.025
48.50,-11.883,-0.014,-1.504,-11.897,-0.000,1.487,0.026
48.52,-11.883,-0.014,-1.504,-11.897,-0.000,1.487,0.026
48.54,-11.883,-0.015,-1.504,-11.897,-0.000,1.487,0.026
48.56,-11.883,-0.015,-1.504,-11.897,-0.000,1.487,0.026
48.58,-11.883,-0.015,-1.503,-11.897,-0.000,1.487,0.027
48.60,-11.883,-0.015,-1.503,-11.897,-0.000,1.487,0.027
48.62,-11.882,-0.016,-1.503,-11.897,-0.000,1.487,0.027
48.64,-11.882,-0.016,-1.503,-11.897,-0.000,1.487,0.027
48.66,-11.883,-0.017,-1.503,-11.897,-0.000,1.487,0.028
48.69,-11.883,-0.017,-1.503,-11.897,-0.000,1.487,0.028
48.71,-11.883,-0.018,-1.503,-11.897,-0.000,1.487,0.028
48.73,-11.883,-0.018,-1.503,-11.897,-0.000,1.487,0.028
48.75,-11.883,-0.019,-1.503,-11.897,-0.000,1.487,0.028
48.77,-11.883,-0.019,-1.503,-11.897,-0.000,1.487,0.028
48.79,-11.883,-0.020,-1.503,-11.897,-0.000,1.487,0.029
48.81,-11.883,-0.020,-1.503,-11.897,-0.000,1.487,0.029
48.83,-11.884,-0.021,-1.504,-11.897,-0.000,1.487,0.029
48.85,-11.884,-0.021,-1.504,-11.897,-0.000,1.487,0.029
48.87,-11.884,-0.021,-1.504,-11.897,-0.000,1.487,0.030
48.89,-11.884,-0.021,-1.504,-11.897,-0.000,1.487,0.030
48.91,-11.885,-0.022,-1.504,-11.897,-0.000,1.487,0.030
48.94,-11.885,-0.022,-1.504,-11.897,-0.000,1.487,0.030
48.96,-11.885,-0.022,-1.504,-11.897,-0.000,1.487,0.030
48.98,-11.886,-0.023,-1.504,-11.897,-0.000,1.487,0.031
49.00,-11.886,-0.023,-1.504,-11.897,-0.000,1.487,0.031
49.02,-11.887,-0.024,-1.504,-11.897,-0.000,1.487,0.031
49.04,-11.887,-0.024,-1.504,-11.897,-0.000,1.487,0.031
49.06,-11.888,-0.024,-1.504,-11.897,-0.000,1.487,0.031
49.08,-11.888,-0.024,-1.504,-11.897,-0.000,1.487,0.031
49.10,-11.889,-0.024,-1.504,-11.897,-0.000,1.487,0.031
49.12,-11.889,-0.024,-1.504,-11.897,-0.000,1.487,0.031
49.14,-11.890,-0.024,-1.504,-11.897,-0.000,1.487,0.030
49.16,-11.890,-0.024,-1.504,-11.897,-0.000,1.487,0.030
49.19,-11.891,-0.024,-1.504,-11.897,-0.000,1.487,0.030
49.21,-11.891,-0.024,-1.504,-11.897,-0.000,1.487,0.030
49.23,-11.893,-0.024,-1.503,-11.897,-0.000,1.487,0.029
49.25,-11.893,-0.024,-1.503,-11.897,-0.000,1.487,0.029
49.27,-11.895,-0.024,-1.502,-11.897,-0.000,1.487,0.028
49.29,-11.895,-0.024,-1.502,-11.897,-0.000,1.487,0.028
49.31,-11.896,-0.024,-1.501,-11.897,-0.000,1.487,0.027
49.33,-11.896,-0.024,-1.501,-11.897,-0.000,1.487,0.027
49.35,-11.898,-0.023,-1.500,-11.897,-0.000,1.487,0.026
49.37,-11.898,-0.023,-1.500,-11.897,-0.000,1.487,0.026
49.39,-11.899,-0.023,-1.499,-11.897,-0.000,1.487,0.026
49.41,-11.899,-0.023,-1.499,-11.897,-0.000,1.487,0.026
49.43,-11.899,-0.023,-1.499,-11.897,-0.000,1.487,0.026
49.46,-11.901,-0.023,-1.497,-11.897,-0.000,1.487,0.025
49.48,-11.901,-0.023,-1.497,-11.897,-0.000,1.487,0.025
49.50,-11.903,-0.023,-1.495,-11.897,-0.000,1.487,0.024
49.52,-11.903,-0.023,-1.495,-11.897,-0.000,1.487,0.024
49.54,-11.904,-0.023,-1.494,-11.897,-0.000,1.487,0.024
49.56,-11.904,-0.023,-1.494,-11.897,-0.000,1.487,0.024
49.58,-11.905,-0.023,-1.493,-11.897,-0.000,1.487,0.025
49.60,-11.905,-0.023,-1.493,-11.897,-0.000,1.487,0.025
49.62,-11.906,-0.023,-1.492,-11.897,-0.000,1.487,0.025
49.64,-11.906,-0.023,-1.492,-11.897,-0.000,1.487,0.025
49.66,-11.906,-0.023,-1.491,-11.897,-0.000,1.487,0.025
49.69,-11.906,-0.023,-1.491,-11.897,-0.000,1.487,0.025
49.71,-11.907,-0.024,-1.490,-11.897,-0.000,1.487,0.026
49.73,-11.907,-0.024,-1.490,-11.897,-0.000,1.487,0.026
49.75,-11.907,-0.024,-1.489,-11.897,-0.000,1.487,0.026
49.77,-11.907,-0.024,-1.489,-11.897,-0.000,1.487,0.026
49.79,-11.907,-0.025,-1.489,-11.897,-0.000,1.487,0.027
49.81,-11.907,-0.025,-1.489,-11.897,-0.000,1.487,0.027
49.83,-11.907,-0.025,-1.488,-11.897,-0.000,1.487,0.027
49.85,-11.907,-0.025,-1.488,-11.897,-0.000,1.487,0.027
49.87,-11.907,-0.026,-1.487,-11.897,-0.000,1.487,0.027
49.89,-11.907,-0.026,-1.487,-11.897,-0.000,1.487,0.027
49.91,-11.906,-0.026,-1.487,-11.897,-0.000,1.487,0.028
49.93,-11.906,-0.026,-1.487,-11.897,-0.000,1.487,0.028
49.96,-11.906,-0.026,-1.487,-11.897,-0.000,1.487,0.028
49.98,-11.905,-0.026,-1.486,-11.897,-0.000,1.487,0.028
50.00,-11.905,-0.026,-1.486,-11.897,-0.000,1.487,0.028
50.02,-11.905,-0.027,-1.485,-11.897,-0.000,1.487,0.028
50.04,-11.905,-0.027,-1.485,-11.897,-0.000,1.487,0.028
50.06,-11.904,-0.027,-1.484,-11.897,-0.000,1.487,0.028
50.08,-11.904,-0.027,-1.484,-11.897,-0.000,1.487,0.028
50.10,-11.903,-0.027,-1.484,-11.897,-0.000,1.487,0.028
50.12,-11.903,-0.027,-1.484,-11.897,-0.000,1.487,0.028
50.14,-11.903,-0.027,-1.483,-11.897,-0.000,1.487,0.027
50.16,-11.903,-0.027,-1.483,-11.897,-0.000,1.487,0.027
50.19,-11.902,-0.026,-1.482,-11.897,-0.000,1.487,0.027
50.21,-11.902,-0.026,-1.482,-11.897,-0.000,1.487,0.027
50.23,-11.901,-0.025,-1.481,-11.897,-0.000,1.487,0.026
50.25,-11.901,-0.025,-1.481,-11.897,-0.000,1.487,0.026
50.27,-11.901,-0.024,-1.481,-11.897,-0.000,1.487,0.026
50.29,-11.901,-0.024,-1.481,-11.897,-0.000,1.487,0.026
50.31,-11.900,-0.024,-1.480,-11.897,-0.000,1.487,0.025
50.33,-11.900,-0.024,-1.480,-11.897,-0.000,1.487,0.025
50.35,-11.900,-0.023,-1.479,-11.897,-0.000,1.487,0.024
50.38,-11.900,-0.023,-1.479,-11.897,-0.000,1.487,0.024
50.40,-11.899,-0.021,-1.478,-11.897,-0.000,1.487,0.023
50.42,-11.899,-0.021,-1.478,-11.897,-0.000,1.487,0.023
50.44,-11.899,-0.020,-1.478,-11.897,-0.000,1.487,0.022
50.46,-11.899,-0.020,-1.478,-11.897,-0.000,1.487,0.022
50.48,-11.899,-0.020,-1.478,-11.897,-0.000,1.487,0.022
50.50,-11.898,-0.018,-1.476,-11.897,-0.000,1.487,0.021
50.52,-11.898,-0.018,-1.476,-11.897,-0.000,1.487,0.021
50.54,-11.898,-0.017,-1.476,-11.897,-0.000,1.487,0.021
50.56,-11.898,-0.017,-1.476,-11.897,-0.000,1.487,0.021
50.58,-11.897,-0.015,-1.475,-11.897,-0.000,1.487,0.020
50.60,-11.897,-0.015,-1.475,-11.897,-0.000,1.487,0.020
50.63,-11.897,-0.014,-1.474,-11.897,-0.000,1.487,0.020
50.65,-11.897,-0.014,-1.474,-11.897,-0.000,1.487,0.020
50.67,-11.897,-0.013,-1.473,-11.897,-0.000,1.487,0.019
50.69,-11.897,-0.013,-1.473,-11.897,-0.000,1.487,0.019
50.71,-11.896,-0.012,-1.473,-11.897,-0.000,1.487,0.019
50.73,-11.896,-0.012,-1.473,-11.897,-0.000,1.487,0.019
50.75,-11.896,-0.011,-1.472,-11.897,-0.000,1.487,0.019
50.77,-11.896,-0.011,-1.472,-11.897,-0.000,1.487,0.019
50.79,-11.895,-0.010,-1.472,-11.897,-0.000,1.487,0.018
50.81,-11.895,-0.010,-1.472,-11.897,-0.000,1.487,0.018
50.83,-11.894,-0.009,-1.471,-11.897,-0.000,1.487,0.018
50.86,-11.894,-0.009,-1.471,-11.897,-0.000,1.487,0.018
50.88,-11.894,-0.007,-1.471,-11.897,-0.000,1.487,0.018
50.90,-11.894,-0.007,-1.471,-11.897,-0.000,1.487,0.018
50.92,-11.893,-0.007,-1.471,-11.897,-0.000,1.487,0.018
50.94,-11.893,-0.007,-1.471,-11.897,-0.000,1.487,0.018
50.96,-11.893,-0.007,-1.471,-11.897,-0.000,1.487,0.018
50.98,-11.892,-0.005,-1.472,-11.897,-0.000,1.487,0.017
51.00,-11.892,-0.005,-1.472,-11.897,-0.000,1.487,0.017
51.02,-11.892,-0.005,-1.472,-11.897,-0.000,1.487,0.017
51.04,-11.892,-0.005,-1.472,-11.897,-0.000,1.487,0.017
51.06,-11.892,-0.004,-1.472,-11.897,-0.000,1.487,0.016
51.08,-11.892,-0.004,-1.472,-11.897,-0.000,1.487,0.016
51.11,-11.891,-0.003,-1.473,-11.897,-0.000,1.487,0.016
51.13,-11.891,-0.003,-1.473,-11.897,-0.000,1.487,0.016
51.15,-11.891,-0.003,-1.473,-11.897,-0.000,1.487,0.016
51.17,-11.891,-0.003,-1.473,-11.897,-0.000,1.487,0.016
51.19,-11.891,-0.002,-1.473,-11.897,-0.000,1.487,0.016
51.21,-11.891,-0.002,-1.473,-11.897,-0.000,1.487,0.016
51.23,-11.890,-0.001,-1.474,-11.897,-0.000,1.487,0.016
51.25,-11.890,-0.001,-1.474,-11.897,-0.000,1.487,0.016
51.27,-11.890,-0.001,-1.474,-11.897,-0.000,1.487,0.015
51.29,-11.890,-0.001,-1.474,-11.897,-0.000,1.487,0.015
51.31,-11.890,-0.000,-1.474,-11.897,-0.000,1.487,0.015
51.33,-11.890,-0.000,-1.474,-11.897,-0.000,1.487,0.015
51.35,-11.890,0.000,-1.474,-11.897,-0.000,1.487,0.015
51.38,-11.890,0.000,-1.474,-11.897,-0.000,1.487,0.015
51.40,-11.889,0.001,-1.474,-11.897,-0.000,1.487,0.016
51.42,-11.889,0.001,-1.474,-11.897,-0.000,1.487,0.016
51.44,-11.889,0.001,-1.474,-11.897,-0.000,1.487,0.016
51.46,-11.889,0.001,-1.474,-11.897,-0.000,1.487,0.016
51.48,-11.889,0.001,-1.474,-11.897,-0.000,1.487,0.016
51.50,-11.889,0.002,-1.474,-11.897,-0.000,1.487,0.016
51.52,-11.889,0.002,-1.474,-11.897,-0.000,1.487,0.016
51.54,-11.890,0.003,-1.474,-11.897,-0.000,1.487,0.016
51.56,-11.890,0.003,-1.474,-11.897,-0.000,1.487,0.016
51.58,-11.890,0.003,-1.474,-11.897,-0.000,1.487,0.015
51.60,-11.890,0.003,-1.474,-11.897,-0.000,1.487,0.015
51.62,-11.890,0.003,-1.475,-11.897,-0.000,1.487,0.015
51.65,-11.890,0.003,-1.475,-11.897,-0.000,1.487,0.015
51.67,-11.890,0.003,-1.475,-11.897,-0.000,1.487,0.015
51.69,-11.890,0.003,-1.475,-11.897,-0.000,1.487,0.015
51.71,-11.891,0.004,-1.475,-11.897,-0.000,1.487,0.015
51.73,-11.891,0.004,-1.475,-11.897,-0.000,1.487,0.015
51.75,-11.891,0.003,-1.475,-11.897,-0.000,1.487,0.014
51.77,-11.891,0.003,-1.475,-11.897,-0.000,1.487,0.014
51.79,-11.892,0.003,-1.475,-11.897,-0.000,1.487,0.014
51.81,-11.892,0.003,-1.475,-11.897,-0.000,1.487,0.014
51.83,-11.892,0.003,-1.475,-11.897,-0.000,1.487,0.014
51.85,-11.892,0.003,-1.475,-11.897,-0.000,1.487,0.014
51.88,-11.893,0.003,-1.475,-11.897,-0.000,1.487,0.013
51.90,-11.893,0.003,-1.475,-11.897,-0.000,1.487,0.013
51.92,-11.894,0.002,-1.475,-11.897,-0.000,1.487,0.013
51.94,-11.894,0.002,-1.475,-11.897,-0.000,1.487,0.013
51.96,-11.894,0.002,-1.475,-11.897,-0.000,1.487,0.013
51.98,-11.895,0.001,-1.475,-11.897,-0.000,1.487,0.013
52.00,-11.895,0.001,-1.475,-11.897,-0.000,1.487,0.013
52.02,-11.896,0.001,-1.475,-11.897,-0.000,1.487,0.013
52.04,-11.896,0.001,-1.475,-11.897,-0.000,1.487,0.013
52.06,-11.897,0.000,-1.474,-11.897,-0.000,1.487,0.013
52.08,-11.897,0.000,-1.474,-11.897,-0.000,1.487,0.013
52.10,-11.898,-0.000,-1.474,-11.897,-0.000,1.487,0.013
52.12,-11.898,-0.000,-1.474,-11.897,-0.000,1.487,0.013
52.15,-11.899,-0.001,-1.474,-11.897,-0.000,1.487,0.013
52.17,-11.899,-0.001,-1.474,-11.897,-0.000,1.487,0.013
52.19,-11.900,-0.001,-1.474,-11.897,-0.000,1.487,0.013
52.21,-11.900,-0.001,-1.474,-11.897,-0.000,1.487,0.013
52.23,-11.900,-0.002,-1.475,-11.897,-0.000,1.487,0.013
52.25,-11.900,-0.002,-1.475,-11.897,-0.000,1.487,0.013
52.27,-11.901,-0.002,-1.475,-11.897,-0.000,1.487,0.013
52.29,-11.901,-0.002,-1.475,-11.897,-0.000,1.487,0.013
52.31,-11.902,-0.003,-1.475,-11.897,-0.000,1.487,0.013
52.33,-11.902,-0.003,-1.475,-11.897,-0.000,1.487,0.013
52.35,-11.903,-0.003,-1.476,-11.897,-0.000,1.487,0.013
52.38,-11.903,-0.003,-1.476,-11.897,-0.000,1.487,0.013
52.40,-11.903,-0.004,-1.476,-11.897,-0.000,1.487,0.013
52.42,-11.903,-0.004,-1.476,-11.897,-0.000,1.487,0.013
52.44,-11.904,-0.005,-1.477,-11.897,-0.000,1.487,0.013
52.46,-11.904,-0.005,-1.477,-11.897,-0.000,1.487,0.013
52.48,-11.904,-0.005,-1.477,-11.897,-0.000,1.487,0.013
52.50,-11.904,-0.005,-1.477,-11.897,-0.000,1.487,0.014
52.52,-11.904,-0.005,-1.477,-11.897,-0.000,1.487,0.014
52.54,-11.905,-0.006,-1.477,-11.897,-0.000,1.487,0.014
52.56,-11.905,-0.006,-1.477,-11.897,-0.000,1.487,0.014
52.58,-11.905,-0.006,-1.477,-11.897,-0.000,1.487,0.014
52.60,-11.905,-0.006,-1.477,-11.897,-0.000,1.487,0.014
52.62,-11.904,-0.007,-1.478,-11.897,-0.000,1.487,0.014
52.65,-11.904,-0.007,-1.478,-11.897,-0.000,1.487,0.014
52.67,-11.904,-0.007,-1.478,-11.897,-0.000,1.487,0.014
52.69,-11.904,-0.007,-1.478,-11.897,-0.000,1.487,0.014
52.71,-11.903,-0.007,-1.478,-11.897,-0.000,1.487,0.014
52.73,-11.903,-0.007,-1.478,-11.897,-0.000,1.487,0.014
52.75,-11.903,-0.008,-1.478,-11.897,-0.000,1.487,0.013
52.77,-11.903,-0.008,-1.478,-11.897,-0.000,1.487,0.013
52.79,-11.902,-0.008,-1.478,-11.897,-0.000,1.487,0.013
52.81,-11.902,-0.008,-1.478,-11.897,-0.000,1.487,0.013
52.83,-11.901,-0.008,-1.478,-11.897,-0.000,1.487,0.013
52.85,-11.901,-0.008,-1.478,-11.897,-0.000,1.487,0.013
52.87,-11.900,-0.009,-1.478,-11.897,-0.000,1.487,0.013
52.89,-11.900,-0.009,-1.478,-11.897,-0.000,1.487,0.013
52.92,-11.898,-0.009,-1.478,-11.897,-0.000,1.487,0.013
52.94,-11.898,-0.009,-1.478,-11.897,-0.000,1.487,0.013
52.96,-11.897,-0.009,-1.478,-11.897,-0.000,1.487,0.013
52.98,-11.897,-0.009,-1.478,-11.897,-0.000,1.487,0.013
53.00,-11.897,-0.009,-1.478,-11.897,-0.000,1.487,0.013
53.02,-11.895,-0.009,-1.478,-11.897,-0.000,1.487,0.013
53.04,-11.895,-0.009,-1.478,-11.897,-0.000,1.487,0.013
53.06,-11.893,-0.009,-1.478,-11.897,-0.000,1.487,0.013
53.08,-11.893,-0.009,-1.478,-11.897,-0.000,1.487,0.013
53.10,-11.892,-0.008,-1.478,-11.897,-0.000,1.487,0.013
53.12,-11.892,-0.008,-1.478,-11.897,-0.000,1.487,0.013
53.15,-11.890,-0.008,-1.479,-11.897,-0.000,1.487,0.014
53.17,-11.890,-0.008,-1.479,-11.897,-0.000,1.487,0.014
53.19,-11.888,-0.007,-1.479,-11.897,-0.000,1.487,0.014
53.21,-11.888,-0.007,-1.479,-11.897,-0.000,1.487,0.014
53.23,-11.887,-0.006,-1.480,-11.897,-0.000,1.487,0.014
53.25,-11.887,-0.006,-1.480,-11.897,-0.000,1.487,0.014
53.27,-11.885,-0.006,-1.481,-11.897,-0.000,1.487,0.015
53.29,-11.885,-0.006,-1.481,-11.897,-0.000,1.487,0.015
53.31,-11.884,-0.005,-1.481,-11.897,-0.000,1.487,0.016
53.33,-11.884,-0.005,-1.481,-11.897,-0.000,1.487,0.016
53.35,-11.883,-0.005,-1.482,-11.897,-0.000,1.487,0.016
53.37,-11.883,-0.005,-1.482,-11.897,-0.000,1.487,0.016
53.40,-11.881,-0.004,-1.482,-11.897,-0.000,1.487,0.017
53.42,-11.881,-0.004,-1.482,-11.897,-0.000,1.487,0.017
53.44,-11.879,-0.003,-1.483,-11.897,-0.000,1.487,0.019
53.46,-11.879,-0.003,-1.483,-11.897,-0.000,1.487,0.019
53.48,-11.879,-0.003,-1.483,-11.897,-0.000,1.487,0.019
53.50,-11.877,-0.002,-1.484,-11.897,-0.000,1.487,0.021
53.52,-11.877,-0.002,-1.484,-11.897,-0.000,1.487,0.021
53.54,-11.875,-0.002,-1.484,-11.897,-0.000,1.487,0.022
53.56,-11.875,-0.002,-1.484,-11.897,-0.000,1.487,0.022
53.58,-11.874,-0.002,-1.485,-11.897,-0.000,1.487,0.024
53.60,-11.874,-0.002,-1.485,-11.897,-0.000,1.487,0.024
53.62,-11.872,-0.001,-1.485,-11.897,-0.000,1.487,0.025
53.65,-11.872,-0.001,-1.485,-11.897,-0.000,1.487,0.025
53.67,-11.871,-0.001,-1.486,-11.897,-0.000,1.487,0.026
53.69,-11.871,-0.001,-1.486,-11.897,-0.000,1.487,0.026
53.71,-11.870,-0.001,-1.486,-11.897,-0.000,1.487,0.028
53.73,-11.870,-0.001,-1.486,-11.897,-0.000,1.487,0.028
53.75,-11.869,-0.001,-1.486,-11.897,-0.000,1.487,0.028
53.77,-11.869,-0.001,-1.486,-11.897,-0.000,1.487,0.028
53.79,-11.868,-0.001,-1.486,-11.897,-0.000,1.487,0.029
53.81,-11.868,-0.001,-1.486,-11.897,-0.000,1.487,0.029
53.83,-11.868,-0.001,-1.486,-11.897,-0.000,1.487,0.029
53.85,-11.868,-0.001,-1.486,-11.897,-0.000,1.487,0.029
53.88,-11.868,-0.001,-1.486,-11.897,-0.000,1.487,0.030
53.90,-11.868,-0.001,-1.486,-11.897,-0.000,1.487,0.030
53.92,-11.868,-0.002,-1.487,-11.897,-0.000,1.487,0.030
53.94,-11.868,-0.002,-1.487,-11.897,-0.000,1.487,0.030
53.96,-11.868,-0.002,-1.487,-11.897,-0.000,1.487,0.029
53.98,-11.868,-0.002,-1.487,-11.897,-0.000,1.487,0.029
54.00,-11.868,-0.002,-1.487,-11.897,-0.000,1.487,0.029
54.02,-11.869,-0.001,-1.487,-11.897,-0.000,1.487,0.028
54.04,-11.869,-0.001,-1.487,-11.897,-0.000,1.487,0.028
54.06,-11.870,-0.001,-1.487,-11.897,-0.000,1.487,0.027
54.08,-11.870,-0.001,-1.487,-11.897,-0.000,1.487,0.027
54.10,-11.871,-0.001,-1.487,-11.897,-0.000,1.487,0.026
54.12,-11.871,-0.001,-1.487,-11.897,-0.000,1.487,0.026
54.15,-11.873,-0.001,-1.488,-11.897,-0.000,1.487,0.025
54.17,-11.873,-0.001,-1.488,-11.897,-0.000,1.487,0.025
54.19,-11.874,-0.001,-1.488,-11.897,-0.000,1.487,0.023
54.21,-11.874,-0.001,-1.488,-11.897,-0.000,1.487,0.023
54.23,-11.876,-0.000,-1.488,-11.897,-0.000,1.487,0.022
54.25,-11.876,-0.000,-1.488,-11.897,-0.000,1.487,0.022
54.27,-11.877,-0.000,-1.488,-11.897,-0.000,1.487,0.020
54.29,-11.877,-0.000,-1.488,-11.897,-0.000,1.487,0.020
54.31,-11.878,0.000,-1.488,-11.897,-0.000,1.487,0.019
54.33,-11.878,0.000,-1.488,-11.897,-0.000,1.487,0.019
54.35,-11.880,-0.000,-1.488,-11.897,-0.000,1.487,0.017
54.37,-11.880,-0.000,-1.488,-11.897,-0.000,1.487,0.017
54.39,-11.882,-0.000,-1.488,-11.897,-0.000,1.487,0.015
54.42,-11.882,-0.000,-1.488,-11.897,-0.000,1.487,0.015
54.44,-11.883,-0.000,-1.488,-11.897,-0.000,1.487,0.014
54.46,-11.883,-0.000,-1.488,-11.897,-0.000,1.487,0.014
54.48,-11.883,-0.000,-1.488,-11.897,-0.000,1.487,0.014
54.50,-11.886,-0.001,-1.489,-11.897,-0.000,1.487,0.012
54.52,-11.886,-0.001,-1.489,-11.897,-0.000,1.487,0.012
54.54,-11.887,-0.001,-1.489,-11.897,-0.000,1.487,0.011
54.56,-11.887,-0.001,-1.489,-11.897,-0.000,1.487,0.011
54.58,-11.888,-0.002,-1.489,-11.897,-0.000,1.487,0.010
54.60,-11.888,-0.002,-1.489,-11.897,-0.000,1.487,0.010
54.62,-11.889,-0.002,-1.490,-11.897,-0.000,1.487,0.009
54.64,-11.889,-0.002,-1.490,-11.897,-0.000,1.487,0.009
54.67,-11.891,-0.003,-1.491,-11.897,-0.000,1.487,0.008
54.69,-11.891,-0.003,-1.491,-11.897,-0.000,1.487,0.008
54.71,-11.891,-0.004,-1.491,-11.897,-0.000,1.487,0.008
54.73,-11.891,-0.004,-1.491,-11.897,-0.000,1.487,0.008
54.75,-11.892,-0.004,-1.492,-11.897,-0.000,1.487,0.008
54.77,-11.892,-0.004,-1.492,-11.897,-0.000,1.487,0.008
54.79,-11.893,-0.005,-1.493,-11.897,-0.000,1.487,0.009
54.81,-11.893,-0.005,-1.493,-11.897,-0.000,1.487,0.009
54.83,-11.893,-0.005,-1.494,-11.897,-0.000,1.487,0.009
54.85,-11.893,-0.005,-1.494,-11.897,-0.000,1.487,0.009
54.87,-11.894,-0.006,-1.495,-11.897,-0.000,1.487,0.010
54.89,-11.894,-0.006,-1.495,-11.897,-0.000,1.487,0.010
54.92,-11.895,-0.006,-1.495,-11.897,-0.000,1.487,0.010
54.94,-11.895,-0.006,-1.495,-11.897,-0.000,1.487,0.010
54.96,-11.895,-0.005,-1.496,-11.897,-0.000,1.487,0.010
54.98,-11.895,-0.005,-1.496,-11.897,-0.000,1.487,0.010
55.00,-11.895,-0.005,-1.496,-11.897,-0.000,1.487,0.010
55.02,-11.896,-0.004,-1.497,-11.897,-0.000,1.487,0.010
55.04,-11.896,-0.004,-1.497,-11.897,-0.000,1.487,0.010
55.06,-11.896,-0.004,-1.497,-11.897,-0.000,1.487,0.010
55.08,-11.896,-0.004,-1.497,-11.897,-0.000,1.487,0.010
55.10,-11.896,-0.003,-1.497,-11.897,-0.000,1.487,0.010
55.12,-11.896,-0.003,-1.497,-11.897,-0.000,1.487,0.010
55.14,-11.896,-0.002,-1.497,-11.897,-0.000,1.487,0.010
55.16,-11.896,-0.002,-1.497,-11.897,-0.000,1.487,0.010
55.18,-11.896,0.000,-1.498,-11.897,-0.000,1.487,0.010
55.21,-11.896,0.000,-1.498,-11.897,-0.000,1.487,0.010
55.23,-11.896,0.001,-1.498,-11.897,-0.000,1.487,0.010
55.25,-11.896,0.001,-1.498,-11.897,-0.000,1.487,0.010
55.27,-11.896,0.002,-1.498,-11.897,-0.000,1.487,0.011
55.29,-11.896,0.002,-1.498,-11.897,-0.000,1.487,0.011
55.31,-11.896,0.004,-1.498,-11.897,-0.000,1.487,0.011
55.33,-11.896,0.004,-1.498,-11.897,-0.000,1.487,0.011
55.35,-11.895,0.005,-1.498,-11.897,-0.000,1.487,0.012
55.37,-11.895,0.005,-1.498,-11.897,-0.000,1.487,0.012
55.39,-11.895,0.006,-1.498,-11.897,-0.000,1.487,0.012
55.41,-11.895,0.006,-1.498,-11.897,-0.000,1.487,0.012
55.43,-11.895,0.007,-1.498,-11.897,-0.000,1.487,0.013
55.46,-11.895,0.007,-1.498,-11.897,-0.000,1.487,0.013
55.48,-11.894,0.009,-1.498,-11.897,-0.000,1.487,0.014
55.50,-11.894,0.009,-1.498,-11.897,-0.000,1.487,0.014
55.52,-11.894,0.009,-1.498,-11.897,-0.000,1.487,0.014
55.54,-11.894,0.011,-1.498,-11.897,-0.000,1.487,0.015
55.56,-11.894,0.011,-1.498,-11.897,-0.000,1.487,0.015
55.58,-11.894,0.012,-1.498,-11.897,-0.000,1.487,0.016
55.60,-11.894,0.012,-1.498,-11.897,-0.000,1.487,0.016
55.62,-11.893,0.013,-1.497,-11.897,-0.000,1.487,0.017
55.64,-11.893,0.013,-1.497,-11.897,-0.000,1.487,0.017
55.66,-11.893,0.015,-1.497,-11.897,-0.000,1.487,0.018
55.68,-11.893,0.015,-1.497,-11.897,-0.000,1.487,0.018
55.71,-11.893,0.016,-1.497,-11.897,-0.000,1.487,0.019
55.73,-11.893,0.016,-1.497,-11.897,-0.000,1.487,0.019
55.75,-11.893,0.017,-1.496,-11.897,-0.000,1.487,0.020
55.77,-11.893,0.017,-1.496,-11.897,-0.000,1.487,0.020
55.79,-11.893,0.018,-1.496,-11.897,-0.000,1.487,0.021
55.81,-11.893,0.018,-1.496,-11.897,-0.000,1.487,0.021
55.83,-11.893,0.019,-1.496,-11.897,-0.000,1.487,0.021
55.85,-11.893,0.019,-1.496,-11.897,-0.000,1.487,0.021
55.87,-11.894,0.020,-1.496,-11.897,-0.000,1.487,0.022
55.89,-11.894,0.020,-1.496,-11.897,-0.000,1.487,0.022
55.91,-11.894,0.021,-1.496,-11.897,-0.000,1.487,0.023
55.93,-11.894,0.021,-1.496,-11.897,-0.000,1.487,0.023
55.96,-11.894,0.022,-1.496,-11.897,-0.000,1.487,0.024
55.98,-11.894,0.022,-1.496,-11.897,-0.000,1.487,0.024
56.00,-11.894,0.022,-1.496,-11.897,-0.000,1.487,0.024
56.02,-11.894,0.023,-1.497,-11.897,-0.000,1.487,0.025
56.04,-11.894,0.023,-1.497,-11.897,-0.000,1.487,0.025
56.06,-11.895,0.024,-1.497,-11.897,-0.000,1.487,0.026
56.08,-11.895,0.024,-1.497,-11.897,-0.000,1.487,0.026
56.10,-11.895,0.025,-1.498,-11.897,-0.000,1.487,0.027
56.12,-11.895,0.025,-1.498,-11.897,-0.000,1.487,0.027
56.14,-11.896,0.025,-1.498,-11.897,-0.000,1.487,0.028
56.16,-11.896,0.025,-1.498,-11.897,-0.000,1.487,0.028
56.18,-11.896,0.027,-1.499,-11.897,-0.000,1.487,0.029
56.21,-11.896,0.027,-1.499,-11.897,-0.000,1.487,0.029
56.23,-11.896,0.027,-1.500,-11.897,-0.000,1.487,0.030
56.25,-11.896,0.027,-1.500,-11.897,-0.000,1.487,0.030
56.27,-11.896,0.028,-1.500,-11.897,-0.000,1.487,0.031
56.29,-11.896,0.028,-1.500,-11.897,-0.000,1.487,0.031
56.31,-11.896,0.029,-1.500,-11.897,-0.000,1.487,0.032
56.33,-11.896,0.029,-1.500,-11.897,-0.000,1.487,0.032
56.35,-11.896,0.030,-1.501,-11.897,-0.000,1.487,0.033
56.37,-11.896,0.030,-1.501,-11.897,-0.000,1.487,0.033
56.39,-11.896,0.030,-1.501,-11.897,-0.000,1.487,0.033
56.41,-11.896,0.030,-1.501,-11.897,-0.000,1.487,0.033
56.43,-11.896,0.031,-1.501,-11.897,-0.000,1.487,0.034
56.46,-11.896,0.031,-1.501,-11.897,-0.000,1.487,0.034
56.48,-11.895,0.032,-1.501,-11.897,-0.000,1.487,0.035
56.50,-11.895,0.032,-1.501,-11.897,-0.000,1.487,0.035
56.52,-11.895,0.032,-1.501,-11.897,-0.000,1.487,0.035
56.54,-11.895,0.032,-1.501,-11.897,-0.000,1.487,0.035
56.56,-11.895,0.032,-1.501,-11.897,-0.000,1.487,0.035
56.58,-11.895,0.032,-1.500,-11.897,-0.000,1.487,0.035
56.60,-11.895,0.032,-1.500,-11.897,-0.000,1.487,0.035
56.62,-11.894,0.032,-1.500,-11.897,-0.000,1.487,0.035
56.64,-11.894,0.032,-1.500,-11.897,-0.000,1.487,0.035
56.66,-11.893,0.031,-1.500,-11.897,-0.000,1.487,0.034
56.68,-11.893,0.031,-1.500,-11.897,-0.000,1.487,0.034
56.71,-11.893,0.030,-1.499,-11.897,-0.000,1.487,0.033
56.73,-11.893,0.030,-1.499,-11.897,-0.000,1.487,0.033
56.75,-11.893,0.029,-1.499,-11.897,-0.000,1.487,0.032
56.77,-11.893,0.029,-1.499,-11.897,-0.000,1.487,0.032
56.79,-11.892,0.028,-1.498,-11.897,-0.000,1.487,0.031
56.81,-11.892,0.028,-1.498,-11.897,-0.000,1.487,0.031
56.83,-11.892,0.026,-1.498,-11.897,-0.000,1.487,0.029
56.85,-11.892,0.026,-1.498,-11.897,-0.000,1.487,0.029
56.87,-11.891,0.024,-1.497,-11.897,-0.000,1.487,0.027
56.89,-11.891,0.024,-1.497,-11.897,-0.000,1.487,0.027
56.91,-11.891,0.022,-1.497,-11.897,-0.000,1.487,0.025
56.94,-11.891,0.022,-1.497,-11.897,-0.000,1.487,0.025
56.96,-11.891,0.020,-1.496,-11.897,-0.000,1.487,0.023
56.98,-11.891,0.020,-1.496,-11.897,-0.000,1.487,0.023
57.00,-11.891,0.020,-1.496,-11.897,-0.000,1.487,0.023
57.02,-11.892,0.016,-1.496,-11.897,-0.000,1.487,0.019
57.04,-11.892,0.016,-1.496,-11.897,-0.000,1.487,0.019
57.06,-11.892,0.013,-1.495,-11.897,-0.000,1.487,0.016
57.08,-11.892,0.013,-1.495,-11.897,-0.000,1.487,0.016
57.10,-11.892,0.010,-1.495,-11.897,-0.000,1.487,0.014
57.12,-11.892,0.010,-1.495,-11.897,-0.000,1.487,0.014
57.14,-11.893,0.007,-1.495,-11.897,-0.000,1.487,0.012
57.16,-11.893,0.007,-1.495,-11.897,-0.000,1.487,0.012
57.18,-11.894,0.003,-1.495,-11.897,-0.000,1.487,0.009
57.21,-11.894,0.003,-1.495,-11.897,-0.000,1.487,0.009
57.23,-11.895,0.000,-1.495,-11.897,-0.000,1.487,0.007
57.25,-11.895,0.000,-1.495,-11.897,-0.000,1.487,0.007
57.27,-11.897,-0.003,-1.494,-11.897,-0.000,1.487,0.007
57.29,-11.897,-0.003,-1.494,-11.897,-0.000,1.487,0.007
57.31,-11.898,-0.005,-1.494,-11.897,-0.000,1.487,0.008
57.33,-11.898,-0.005,-1.494,-11.897,-0.000,1.487,0.008
57.35,-11.900,-0.009,-1.494,-11.897,-0.000,1.487,0.011
57.37,-11.900,-0.009,-1.494,-11.897,-0.000,1.487,0.011
57.39,-11.901,-0.011,-1.494,-11.897,-0.000,1.487,0.013
57.41,-11.901,-0.011,-1.494,-11.897,-0.000,1.487,0.013
57.43,-11.903,-0.014,-1.494,-11.897,-0.000,1.487,0.016
57.46,-11.903,-0.014,-1.494,-11.897,-0.000,1.487,0.016
57.48,-11.905,-0.017,-1.494,-11.897,-0.000,1.487,0.020
57.50,-11.905,-0.017,-1.494,-11.897,-0.000,1.487,0.020
57.52,-11.905,-0.017,-1.494,-11.897,-0.000,1.487,0.020
57.54,-11.907,-0.020,-1.494,-11.897,-0.000,1.487,0.023
57.56,-11.907,-0.020,-1.494,-11.897,-0.000,1.487,0.023
57.58,-11.909,-0.022,-1.495,-11.897,-0.000,1.487,0.026
57.60,-11.909,-0.022,-1.495,-11.897,-0.000,1.487,0.026
57.62,-11.910,-0.024,-1.495,-11.897,-0.000,1.487,0.028
57.64,-11.910,-0.024,-1.495,-11.897,-0.000,1.487,0.028
57.66,-11.912,-0.025,-1.496,-11.897,-0.000,1.487,0.030
57.68,-11.912,-0.025,-1.496,-11.897,-0.000,1.487,0.030
57.70,-11.914,-0.027,-1.497,-11.897,-0.000,1.487,0.033
57.72,-11.914,-0.027,-1.497,-11.897,-0.000,1.487,0.033
57.75,-11.916,-0.028,-1.498,-11.897,-0.000,1.487,0.035
57.77,-11.916,-0.028,-1.498,-11.897,-0.000,1.487,0.035
57.79,-11.917,-0.029,-1.498,-11.897,-0.000,1.487,0.036
57.81,-11.917,-0.029,-1.498,-11.897,-0.000,1.487,0.036
57.83,-11.918,-0.029,-1.499,-11.897,-0.000,1.487,0.038
57.85,-11.918,-0.029,-1.499,-11.897,-0.000,1.487,0.038
57.87,-11.920,-0.030,-1.500,-11.897,-0.000,1.487,0.039
57.89,-11.920,-0.030,-1.500,-11.897,-0.000,1.487,0.039
57.91,-11.920,-0.030,-1.501,-11.897,-0.000,1.487,0.040
57.93,-11.920,-0.030,-1.501,-11.897,-0.000,1.487,0.040
57.95,-11.921,-0.030,-1.501,-11.897,-0.000,1.487,0.040
57.97,-11.921,-0.030,-1.501,-11.897,-0.000,1.487,0.040
58.00,-11.922,-0.029,-1.502,-11.897,-0.000,1.487,0.041
58.02,-11.922,-0.029,-1.502,-11.897,-0.000,1.487,0.041
58.04,-11.922,-0.029,-1.502,-11.897,-0.000,1.487,0.041
58.06,-11.922,-0.028,-1.502,-11.897,-0.000,1.487,0.040
58.08,-11.922,-0.028,-1.502,-11.897,-0.000,1.487,0.040
58.10,-11.922,-0.028,-1.502,-11.897,-0.000,1.487,0.040
58.12,-11.922,-0.028,-1.502,-11.897,-0.000,1.487,0.040
58.14,-11.922,-0.027,-1.502,-11.897,-0.000,1.487,0.039
58.16,-11.922,-0.027,-1.502,-11.897,-0.000,1.487,0.039
58.18,-11.921,-0.026,-1.503,-11.897,-0.000,1.487,0.039
58.20,-11.921,-0.026,-1.503,-11.897,-0.000,1.487,0.039
58.22,-11.920,-0.025,-1.503,-11.897,-0.000,1.487,0.037
58.25,-11.920,-0.025,-1.503,-11.897,-0.000,1.487,0.037
58.27,-11.919,-0.025,-1.503,-11.897,-0.000,1.487,0.036
58.29,-11.919,-0.025,-1.503,-11.897,-0.000,1.487,0.036
58.31,-11.918,-0.024,-1.503,-11.897,-0.000,1.487,0.035
58.33,-11.918,-0.024,-1.503,-11.897,-0.000,1.487,0.035
58.35,-11.918,-0.023,-1.503,-11.897,-0.000,1.487,0.034
58.37,-11.918,-0.023,-1.503,-11.897,-0.000,1.487,0.034
58.39,-11.917,-0.022,-1.504,-11.897,-0.000,1.487,0.033
58.41,-11.917,-0.022,-1.504,-11.897,-0.000,1.487,0.033
58.43,-11.916,-0.021,-1.504,-11.897,-0.000,1.487,0.033
58.45,-11.916,-0.021,-1.504,-11.897,-0.000,1.487,0.033
58.47,-11.915,-0.020,-1.504,-11.897,-0.000,1.487,0.032
58.49,-11.915,-0.020,-1.504,-11.897,-0.000,1.487,0.032
58.52,-11.915,-0.020,-1.504,-11.897,-0.000,1.487,0.032
58.54,-11.914,-0.019,-1.504,-11.897,-0.000,1.487,0.030
58.56,-11.914,-0.019,-1.504,-11.897,-0.000,1.487,0.030
58.58,-11.913,-0.018,-1.504,-11.897,-0.000,1.487,0.029
58.60,-11.913,-0.018,-1.504,-11.897,-0.000,1.487,0.029
58.62,-11.913,-0.017,-1.504,-11.897,-0.000,1.487,0.029
58.64,-11.913,-0.017,-1.504,-11.897,-0.000,1.487,0.029
58.66,-11.912,-0.017,-1.504,-11.897,-0.000,1.487,0.028
58.68,-11.912,-0.017,-1.504,-11.897,-0.000,1.487,0.028
58.70,-11.912,-0.016,-1.504,-11.897,-0.000,1.487,0.027
58.72,-11.912,-0.016,-1.504,-11.897,-0.000,1.487,0.027
58.74,-11.911,-0.016,-1.503,-11.897,-0.000,1.487,0.026
58.77,-11.911,-0.016,-1.503,-11.897,-0.000,1.487,0.026
58.79,-11.910,-0.016,-1.502,-11.897,-0.000,1.487,0.025
58.81,-11.910,-0.016,-1.502,-11.897,-0.000,1.487,0.025
58.83,-11.910,-0.015,-1.502,-11.897,-0.000,1.487,0.024
58.85,-11.910,-0.015,-1.502,-11.897,-0.000,1.487,0.024
58.87,-11.909,-0.015,-1.501,-11.897,-0.000,1.487,0.024
58.89,-11.909,-0.015,-1.501,-11.897,-0.000,1.487,0.024
58.91,-11.908,-0.016,-1.500,-11.897,-0.000,1.487,0.023
58.93,-11.908,-0.016,-1.500,-11.897,-0.000,1.487,0.023
58.95,-11.907,-0.016,-1.500,-11.897,-0.000,1.487,0.022
58.97,-11.907,-0.016,-1.500,-11.897,-0.000,1.487,0.022
58.99,-11.907,-0.016,-1.499,-11.897,-0.000,1.487,0.022
59.02,-11.907,-0.016,-1.499,-11.897,-0.000,1.487,0.022
59.04,-11.907,-0.016,-1.499,-11.897,-0.000,1.487,0.022
59.06,-11.906,-0.016,-1.498,-11.897,-0.000,1.487,0.021
59.08,-11.906,-0.016,-1.498,-11.897,-0.000,1.487,0.021
59.10,-11.905,-0.016,-1.498,-11.897,-0.000,1.487,0.021
59.12,-11.905,-0.016,-1.498,-11.897,-0.000,1.487,0.021
59.14,-11.905,-0.016,-1.498,-11.897,-0.000,1.487,0.021
59.16,-11.905,-0.016,-1.498,-11.897,-0.000,1.487,0.021
59.18,-11.905,-0.016,-1.498,-11.897,-0.000,1.487,0.021
59.20,-11.905,-0.016,-1.498,-11.897,-0.000,1.487,0.021
59.22,-11.904,-0.016,-1.498,-11.897,-0.000,1.487,0.020
59.24,-11.904,-0.016,-1.498,-11.897,-0.000,1.487,0.020
59.27,-11.904,-0.016,-1.498,-11.897,-0.000,1.487,0.020
59.29,-11.904,-0.016,-1.498,-11.897,-0.000,1.487,0.020
59.31,-11.903,-0.016,-1.497,-11.897,-0.000,1.487,0.020
59.33,-11.903,-0.016,-1.497,-11.897,-0.000,1.487,0.020
59.35,-11.902,-0.016,-1.497,-11.897,-0.000,1.487,0.019
59.37,-11.902,-0.016,-1.497,-11.897,-0.000,1.487,0.019
59.39,-11.901,-0.015,-1.497,-11.897,-0.000,1.487,0.018
59.41,-11.901,-0.015,-1.497,-11.897,-0.000,1.487,0.018
59.43,-11.900,-0.015,-1.497,-11.897,-0.000,1.487,0.018
59.45,-11.900,-0.015,-1.497,-11.897,-0.000,1.487,0.018
59.47,-11.899,-0.015,-1.497,-11.897,-0.000,1.487,0.017
59.49,-11.899,-0.015,-1.497,-11.897,-0.000,1.487,0.017
59.51,-11.899,-0.015,-1.497,-11.897,-0.000,1.487,0.017
59.54,-11.897,-0.014,-1.497,-11.897,-0.000,1.487,0.017
59.56,-11.897,-0.014,-1.497,-11.897,-0.000,1.487,0.017
59.58,-11.896,-0.014,-1.496,-11.897,-0.000,1.487,0.016
59.60,-11.896,-0.014,-1.496,-11.897,-0.000,1.487,0.016
59.62,-11.894,-0.013,-1.496,-11.897,-0.000,1.487,0.016
59.64,-11.894,-0.013,-1.496,-11.897,-0.000,1.487,0.016
59.66,-11.893,-0.013,-1.496,-11.897,-0.000,1.487,0.016
59.68,-11.893,-0.013,-1.496,-11.897,-0.000,1.487,0.016
59.70,-11.891,-0.013,-1.496,-11.897,-0.000,1.487,0.016
59.72,-11.891,-0.013,-1.496,-11.897,-0.000,1.487,0.016
59.74,-11.889,-0.012,-1.496,-11.897,-0.000,1.487,0.017
59.76,-11.889,-0.012,-1.496,-11.897,-0.000,1.487,0.017
59.79,-11.887,-0.012,-1.496,-11.897,-0.000,1.487,0.018
59.81,-11.887,-0.012,-1.496,-11.897,-0.000,1.487,0.018
59.83,-11.886,-0.012,-1.495,-11.897,-0.000,1.487,0.018
59.85,-11.886,-0.012,-1.495,-11.897,-0.000,1.487,0.018
59.87,-11.884,-0.011,-1.495,-11.897,-0.000,1.487,0.019
59.89,-11.884,-0.011,-1.495,-11.897,-0.000,1.487,0.019
59.91,-11.882,-0.011,-1.494,-11.897,-0.000,1.487,0.020
59.93,-11.882,-0.011,-1.494,-11.897,-0.000,1.487,0.020
59.95,-11.881,-0.011,-1.493,-11.897,-0.000,1.487,0.021
59.97,-11.881,-0.011,-1.493,-11.897,-0.000,1.487,0.021
59.99,-11.878,-0.011,-1.492,-11.897,-0.000,1.487,0.023
60.01,-11.878,-0.011,-1.492,-11.897,-0.000,1.487,0.023
60.03,-11.878,-0.011,-1.492,-11.897,-0.000,1.487,0.023
60.05,-11.876,-0.012,-1.491,-11.897,-0.000,1.487,0.025
60.08,-11.876,-0.012,-1.491,-11.897,-0.000,1.487,0.025
60.10,-11.874,-0.012,-1.490,-11.897,-0.000,1.487,0.026
60.12,-11.874,-0.012,-1.490,-11.897,-0.000,1.487,0.026
60.14,-11.872,-0.012,-1.489,-11.897,-0.000,1.487,0.028
60.16,-11.872,-0.012,-1.489,-11.897,-0.000,1.487,0.028
60.18,-11.871,-0.012,-1.488,-11.897,-0.000,1.487,0.029
60.20,-11.871,-0.012,-1.488,-11.897,-0.000,1.487,0.029
60.22,-11.869,-0.012,-1.488,-11.897,-0.000,1.487,0.031
60.24,-11.869,-0.012,-1.488,-11.897,-0.000,1.487,0.031
60.26,-11.868,-0.012,-1.487,-11.897,-0.000,1.487,0.032
60.28,-11.868,-0.012,-1.487,-11.897,-0.000,1.487,0.032
60.30,-11.866,-0.012,-1.486,-11.897,-0.000,1.487,0.033
60.32,-11.866,-0.012,-1.486,-11.897,-0.000,1.487,0.033
60.34,-11.864,-0.012,-1.486,-11.897,-0.000,1.487,0.035
60.37,-11.864,-0.012,-1.486,-11.897,-0.000,1.487,0.035
60.39,-11.863,-0.011,-1.485,-11.897,-0.000,1.487,0.036
60.41,-11.863,-0.011,-1.485,-11.897,-0.000,1.487,0.036
60.43,-11.862,-0.011,-1.484,-11.897,-0.000,1.487,0.037
60.45,-11.862,-0.011,-1.484,-11.897,-0.000,1.487,0.037
60.47,-11.861,-0.010,-1.484,-11.897,-0.000,1.487,0.038
60.49,-11.861,-0.010,-1.484,-11.897,-0.000,1.487,0.038
60.51,-11.859,-0.010,-1.483,-11.897,-0.000,1.487,0.039
60.53,-11.859,-0.010,-1.483,-11.897,-0.000,1.487,0.039
60.55,-11.859,-0.010,-1.483,-11.897,-0.000,1.487,0.039
60.57,-11.858,-0.008,-1.483,-11.897,-0.000,1.487,0.040
60.59,-11.858,-0.008,-1.483,-11.897,-0.000,1.487,0.040
60.61,-11.857,-0.007,-1.482,-11.897,-0.000,1.487,0.041
60.64,-11.857,-0.007,-1.482,-11.897,-0.000,1.487,0.041
60.66,-11.856,-0.006,-1.481,-11.897,-0.000,1.487,0.042
60.68,-11.856,-0.006,-1.481,-11.897,-0.000,1.487,0.042
60.70,-11.855,-0.004,-1.481,-11.897,-0.000,1.487,0.043
60.72,-11.855,-0.004,-1.481,-11.897,-0.000,1.487,0.043
60.74,-11.855,-0.003,-1.480,-11.897,-0.000,1.487,0.043
60.76,-11.855,-0.003,-1.480,-11.897,-0.000,1.487,0.043
60.78,-11.854,-0.002,-1.479,-11.897,-0.000,1.487,0.044
60.80,-11.854,-0.002,-1.479,-11.897,-0.000,1.487,0.044
60.82,-11.854,-0.000,-1.478,-11.897,-0.000,1.487,0.044
60.84,-11.854,-0.000,-1.478,-11.897,-0.000,1.487,0.044
60.87,-11.854,0.002,-1.477,-11.897,-0.000,1.487,0.045
60.89,-11.854,0.002,-1.477,-11.897,-0.000,1.487,0.045
60.91,-11.854,0.003,-1.476,-11.897,-0.000,1.487,0.045
60.93,-11.854,0.003,-1.476,-11.897,-0.000,1.487,0.045
60.95,-11.854,0.004,-1.476,-11.897,-0.000,1.487,0.045
60.97,-11.854,0.004,-1.476,-11.897,-0.000,1.487,0.045
60.99,-11.855,0.005,-1.475,-11.897,-0.000,1.487,0.045
61.01,-11.855,0.005,-1.475,-11.897,-0.000,1.487,0.045
61.03,-11.855,0.005,-1.475,-11.897,-0.000,1.487,0.045
61.05,-11.856,0.007,-1.474,-11.897,-0.000,1.487,0.044
61.07,-11.856,0.007,-1.474,-11.897,-0.000,1.487,0.044
61.09,-11.857,0.008,-1.473,-11.897,-0.000,1.487,0.044
61.11,-11.857,0.008,-1.473,-11.897,-0.000,1.487,0.044
61.14,-11.858,0.009,-1.473,-11.897,-0.000,1.487,0.043
61.16,-11.858,0.009,-1.473,-11.897,-0.000,1.487,0.043
61.18,-11.860,0.011,-1.473,-11.897,-0.000,1.487,0.042
61.20,-11.860,0.011,-1.473,-11.897,-0.000,1.487,0.042
61.22,-11.861,0.012,-1.473,-11.897,-0.000,1.487,0.041
61.24,-11.861,0.012,-1.473,-11.897,-0.000,1.487,0.041
61.26,-11.863,0.012,-1.473,-11.897,-0.000,1.487,0.040
61.28,-11.863,0.012,-1.473,-11.897,-0.000,1.487,0.040
61.30,-11.864,0.013,-1.473,-11.897,-0.000,1.487,0.039
61.32,-11.864,0.013,-1.473,-11.897,-0.000,1.487,0.039
61.34,-11.866,0.014,-1.472,-11.897,-0.000,1.487,0.037
61.36,-11.866,0.014,-1.472,-11.897,-0.000,1.487,0.037
61.38,-11.868,0.014,-1.472,-11.897,-0.000,1.487,0.036
61.41,-11.868,0.014,-1.472,-11.897,-0.000,1.487,0.036
61.43,-11.870,0.015,-1.472,-11.897,-0.000,1.487,0.034
61.45,-11.870,0.015,-1.472,-11.897,-0.000,1.487,0.034
61.47,-11.872,0.015,-1.473,-11.897,-0.000,1.487,0.033
61.49,-11.872,0.015,-1.473,-11.897,-0.000,1.487,0.033
61.51,-11.874,0.016,-1.473,-11.897,-0.000,1.487,0.032
61.53,-11.874,0.016,-1.473,-11.897,-0.000,1.487,0.032
61.55,-11.874,0.016,-1.473,-11.897,-0.000,1.487,0.032
61.57,-11.877,0.017,-1.473,-11.897,-0.000,1.487,0.030
61.59,-11.877,0.017,-1.473,-11.897,-0.000,1.487,0.030
61.61,-11.878,0.017,-1.474,-11.897,-0.000,1.487,0.029
61.63,-11.878,0.017,-1.474,-11.897,-0.000,1.487,0.029
61.66,-11.880,0.017,-1.474,-11.897,-0.000,1.487,0.028
61.68,-11.880,0.017,-1.474,-11.897,-0.000,1.487,0.028
61.70,-11.881,0.018,-1.475,-11.897,-0.000,1.487,0.027
61.72,-11.881,0.018,-1.475,-11.897,-0.000,1.487,0.027
61.74,-11.882,0.018,-1.475,-11.897,-0.000,1.487,0.026
61.76,-11.882,0.018,-1.475,-11.897,-0.000,1.487,0.026
61.78,-11.884,0.018,-1.475,-11.897,-0.000,1.487,0.026
61.80,-11.884,0.018,-1.475,-11.897,-0.000,1.487,0.026
61.82,-11.885,0.018,-1.475,-11.897,-0.000,1.487,0.025
61.84,-11.885,0.018,-1.475,-11.897,-0.000,1.487,0.025
61.86,-11.887,0.018,-1.475,-11.897,-0.000,1.487,0.024
61.88,-11.887,0.018,-1.475,-11.897,-0.000,1.487,0.024
61.91,-11.888,0.019,-1.476,-11.897,-0.000,1.487,0.024
61.93,-11.888,0.019,-1.476,-11.897,-0.000,1.487,0.024
61.95,-11.890,0.019,-1.476,-11.897,-0.000,1.487,0.024
61.97,-11.890,0.019,-1.476,-11.897,-0.000,1.487,0.024
61.99,-11.891,0.019,-1.476,-11.897,-0.000,1.487,0.023
62.01,-11.891,0.019,-1.476,-11.897,-0.000,1.487,0.023
62.03,-11.892,0.020,-1.476,-11.897,-0.000,1.487,0.023
62.05,-11.892,0.020,-1.476,-11.897,-0.000,1.487,0.023
62.07,-11.892,0.020,-1.476,-11.897,-0.000,1.487,0.023
62.09,-11.893,0.020,-1.477,-11.897,-0.000,1.487,0.023
62.11,-11.893,0.020,-1.477,-11.897,-0.000,1.487,0.023
62.13,-11.894,0.020,-1.477,-11.897,-0.000,1.487,0.023
62.16,-11.894,0.020,-1.477,-11.897,-0.000,1.487,0.023
62.18,-11.895,0.021,-1.477,-11.897,-0.000,1.487,0.024
62.20,-11.895,0.021,-1.477,-11.897,-0.000,1.487,0.024
62.22,-11.896,0.021,-1.477,-11.897,-0.000,1.487,0.024
62.24,-11.896,0.021,-1.477,-11.897,-0.000,1.487,0.024
62.26,-11.896,0.021,-1.477,-11.897,-0.000,1.487,0.024
62.28,-11.896,0.021,-1.477,-11.897,-0.000,1.487,0.024
62.30,-11.897,0.021,-1.477,-11.897,-0.000,1.487,0.024
62.32,-11.897,0.021,-1.477,-11.897,-0.000,1.487,0.024
62.34,-11.897,0.021,-1.476,-11.897,-0.000,1.487,0.024
62.36,-11.897,0.021,-1.476,-11.897,-0.000,1.487,0.024
62.38,-11.897,0.021,-1.476,-11.897,-0.000,1.487,0.024
62.40,-11.897,0.021,-1.476,-11.897,-0.000,1.487,0.024
62.43,-11.898,0.021,-1.476,-11.897,-0.000,1.487,0.025
62.45,-11.898,0.021,-1.476,-11.897,-0.000,1.487,0.025
62.47,-11.898,0.021,-1.475,-11.897,-0.000,1.487,0.025
62.49,-11.898,0.021,-1.475,-11.897,-0.000,1.487,0.025
62.51,-11.898,0.021,-1.475,-11.897,-0.000,1.487,0.024
62.53,-11.898,0.021,-1.475,-11.897,-0.000,1.487,0.024
62.55,-11.898,0.021,-1.475,-11.897,-0.000,1.487,0.024
62.57,-11.899,0.021,-1.475,-11.897,-0.000,1.487,0.024
62.59,-11.899,0.021,-1.475,-11.897,-0.000,1.487,0.024
62.61,-11.899,0.021,-1.476,-11.897,-0.000,1.487,0.024
62.63,-11.899,0.021,-1.476,-11.897,-0.000,1.487,0.024
62.65,-11.900,0.021,-1.476,-11.897,-0.000,1.487,0.024
62.67,-11.900,0.021,-1.476,-11.897,-0.000,1.487,0.024
62.70,-11.900,0.021,-1.477,-11.897,-0.000,1.487,0.024
62.72,-11.900,0.021,-1.477,-11.897,-0.000,1.487,0.024
62.74,-11.900,0.021,-1.478,-11.897,-0.000,1.487,0.023
62.76,-11.900,0.021,-1.478,-11.897,-0.000,1.487,0.023
62.78,-11.901,0.021,-1.478,-11.897,-0.000,1.487,0.023
62.80,-11.901,0.021,-1.478,-11.897,-0.000,1.487,0.023
62.82,-11.901,0.021,-1.479,-11.897,-0.000,1.487,0.023
62.84,-11.901,0.021,-1.479,-11.897,-0.000,1.487,0.023
62.86,-11.901,0.020,-1.480,-11.897,-0.000,1.487,0.022
62.88,-11.901,0.020,-1.480,-11.897,-0.000,1.487,0.022
62.91,-11.901,0.020,-1.481,-11.897,-0.000,1.487,0.021
62.93,-11.901,0.020,-1.481,-11.897,-0.000,1.487,0.021
62.95,-11.901,0.019,-1.482,-11.897,-0.000,1.487,0.021
62.97,-11.901,0.019,-1.482,-11.897,-0.000,1.487,0.021
62.99,-11.902,0.019,-1.483,-11.897,-0.000,1.487,0.020
63.01,-11.902,0.019,-1.483,-11.897,-0.000,1.487,0.020
63.03,-11.902,0.019,-1.484,-11.897,-0.000,1.487,0.020
63.05,-11.902,0.019,-1.484,-11.897,-0.000,1.487,0.020
63.07,-11.902,0.019,-1.484,-11.897,-0.000,1.487,0.020
63.09,-11.902,0.018,-1.486,-11.897,-0.000,1.487,0.019
63.11,-11.902,0.018,-1.486,-11.897,-0.000,1.487,0.019
63.14,-11.903,0.018,-1.487,-11.897,-0.000,1.487,0.019
63.16,-11.903,0.018,-1.487,-11.897,-0.000,1.487,0.019
63.18,-11.903,0.017,-1.488,-11.897,-0.000,1.487,0.019
63.20,-11.903,0.017,-1.488,-11.897,-0.000,1.487,0.019
63.22,-11.904,0.017,-1.489,-11.897,-0.000,1.487,0.018
63.24,-11.904,0.017,-1.489,-11.897,-0.000,1.487,0.018
63.26,-11.904,0.016,-1.489,-11.897,-0.000,1.487,0.018
63.28,-11.904,0.016,-1.489,-11.897,-0.000,1.487,0.018
63.30,-11.904,0.015,-1.490,-11.897,-0.000,1.487,0.017
63.32,-11.904,0.015,-1.490,-11.897,-0.000,1.487,0.017
63.34,-11.904,0.014,-1.490,-11.897,-0.000,1.487,0.016
63.36,-11.904,0.014,-1.490,-11.897,-0.000,1.487,0.016
63.38,-11.904,0.013,-1.491,-11.897,-0.000,1.487,0.015
63.41,-11.904,0.013,-1.491,-11.897,-0.000,1.487,0.015
63.43,-11.904,0.012,-1.491,-11.897,-0.000,1.487,0.014
63.45,-11.904,0.012,-1.491,-11.897,-0.000,1.487,0.014
63.47,-11.904,0.011,-1.491,-11.897,-0.000,1.487,0.013
63.49,-11.904,0.011,-1.491,-11.897,-0.000,1.487,0.013
63.51,-11.903,0.010,-1.491,-11.897,-0.000,1.487,0.012
63.53,-11.903,0.010,-1.491,-11.897,-0.000,1.487,0.012
63.55,-11.903,0.010,-1.491,-11.897,-0.000,1.487,0.012
63.57,-11.902,0.008,-1.491,-11.897,-0.000,1.487,0.010
63.59,-11.902,0.008,-1.491,-11.897,-0.000,1.487,0.010
63.61,-11.902,0.007,-1.491,-11.897,-0.000,1.487,0.009
63.63,-11.902,0.007,-1.491,-11.897,-0.000,1.487,0.009
63.65,-11.901,0.007,-1.491,-11.897,-0.000,1.487,0.009
63.68,-11.901,0.007,-1.491,-11.897,-0.000,1.487,0.009
63.70,-11.900,0.006,-1.491,-11.897,-0.000,1.487,0.008
63.72,-11.900,0.006,-1.491,-11.897,-0.000,1.487,0.008
63.74,-11.900,0.006,-1.492,-11.897,-0.000,1.487,0.007
63.76,-11.900,0.006,-1.492,-11.897,-0.000,1.487,0.007
63.78,-11.899,0.005,-1.491,-11.897,-0.000,1.487,0.007
63.80,-11.899,0.005,-1.491,-11.897,-0.000,1.487,0.007
63.82,-11.898,0.005,-1.491,-11.897,-0.000,1.487,0.007
63.84,-11.898,0.005,-1.491,-11.897,-0.000,1.487,0.007
63.86,-11.898,0.005,-1.491,-11.897,-0.000,1.487,0.006
63.89,-11.898,0.005,-1.491,-11.897,-0.000,1.487,0.006
63.91,-11.898,0.005,-1.491,-11.897,-0.000,1.487,0.006
63.93,-11.898,0.005,-1.491,-11.897,-0.000,1.487,0.006
63.95,-11.898,0.004,-1.491,-11.897,-0.000,1.487,0.006
63.97,-11.898,0.004,-1.491,-11.897,-0.000,1.487,0.006
63.99,-11.898,0.004,-1.491,-11.897,-0.000,1.487,0.006
64.01,-11.898,0.004,-1.491,-11.897,-0.000,1.487,0.006
64.03,-11.898,0.004,-1.491,-11.897,-0.000,1.487,0.006
64.05,-11.898,0.004,-1.491,-11.897,-0.000,1.487,0.006
64.07,-11.898,0.004,-1.491,-11.897,-0.000,1.487,0.006
64.09,-11.899,0.003,-1.492,-11.897,-0.000,1.487,0.006
64.11,-11.899,0.003,-1.492,-11.897,-0.000,1.487,0.006
64.13,-11.899,0.003,-1.492,-11.897,-0.000,1.487,0.006
64.16,-11.899,0.003,-1.492,-11.897,-0.000,1.487,0.006
64.18,-11.900,0.002,-1.492,-11.897,-0.000,1.487,0.006
64.20,-11.900,0.002,-1.492,-11.897,-0.000,1.487,0.006
64.22,-11.900,0.002,-1.492,-11.897,-0.000,1.487,0.006
64.24,-11.900,0.002,-1.492,-11.897,-0.000,1.487,0.006
64.26,-11.901,0.001,-1.492,-11.897,-0.000,1.487,0.006
64.28,-11.901,0.001,-1.492,-11.897,-0.000,1.487,0.006
64.30,-11.902,0.001,-1.492,-11.897,-0.000,1.487,0.007
64.32,-11.902,0.001,-1.492,-11.897,-0.000,1.487,0.007
64.34,-11.902,0.000,-1.492,-11.897,-0.000,1.487,0.007
64.36,-11.902,0.000,-1.492,-11.897,-0.000,1.487,0.007
64.39,-11.904,-0.001,-1.492,-11.897,-0.000,1.487,0.008
64.41,-11.904,-0.001,-1.492,-11.897,-0.000,1.487,0.008
64.43,-11.904,-0.001,-1.492,-11.897,-0.000,1.487,0.008
64.45,-11.904,-0.001,-1.492,-11.897,-0.000,1.487,0.008
64.47,-11.905,-0.002,-1.491,-11.897,-0.000,1.487,0.009
64.49,-11.905,-0.002,-1.491,-11.897,-0.000,1.487,0.009
64.51,-11.906,-0.003,-1.491,-11.897,-0.000,1.487,0.010
64.53,-11.906,-0.003,-1.491,-11.897,-0.000,1.487,0.010
64.55,-11.907,-0.004,-1.490,-11.897,-0.000,1.487,0.011
64.57,-11.907,-0.004,-1.490,-11.897,-0.000,1.487,0.011
64.59,-11.907,-0.004,-1.490,-11.897,-0.000,1.487,0.011
64.61,-11.908,-0.005,-1.490,-11.897,-0.000,1.487,0.012
64.64,-11.908,-0.005,-1.490,-11.897,-0.000,1.487,0.012
64.66,-11.909,-0.006,-1.489,-11.897,-0.000,1.487,0.014
64.68,-11.909,-0.006,-1.489,-11.897,-0.000,1.487,0.014
64.70,-11.910,-0.008,-1.488,-11.897,-0.000,1.487,0.015
64.72,-11.910,-0.008,-1.488,-11.897,-0.000,1.487,0.015
64.74,-11.911,-0.009,-1.488,-11.897,-0.000,1.487,0.016
64.76,-11.911,-0.009,-1.488,-11.897,-0.000,1.487,0.016
64.78,-11.912,-0.010,-1.487,-11.897,-0.000,1.487,0.018
64.80,-11.912,-0.010,-1.487,-11.897,-0.000,1.487,0.018
64.82,-11.913,-0.010,-1.487,-11.897,-0.000,1.487,0.019
64.84,-11.913,-0.010,-1.487,-11.897,-0.000,1.487,0.019
64.86,-11.915,-0.011,-1.486,-11.897,-0.000,1.487,0.021
64.89,-11.915,-0.011,-1.486,-11.897,-0.000,1.487,0.021
64.91,-11.916,-0.012,-1.486,-11.897,-0.000,1.487,0.022
64.93,-11.916,-0.012,-1.486,-11.897,-0.000,1.487,0.022
64.95,-11.917,-0.012,-1.485,-11.897,-0.000,1.487,0.023
64.97,-11.917,-0.012,-1.485,-11.897,-0.000,1.487,0.023
64.99,-11.918,-0.013,-1.485,-11.897,-0.000,1.487,0.024
65.01,-11.918,-0.013,-1.485,-11.897,-0.000,1.487,0.024
65.03,-11.918,-0.013,-1.485,-11.897,-0.000,1.487,0.024
65.05,-11.918,-0.013,-1.485,-11.897,-0.000,1.487,0.024
65.07,-11.918,-0.013,-1.485,-11.897,-0.000,1.487,0.024
65.09,-11.918,-0.013,-1.485,-11.897,-0.000,1.487,0.025
65.11,-11.918,-0.013,-1.485,-11.897,-0.000,1.487,0.025
65.13,-11.919,-0.013,-1.485,-11.897,-0.000,1.487,0.025
65.16,-11.919,-0.013,-1.485,-11.897,-0.000,1.487,0.025
65.18,-11.919,-0.013,-1.486,-11.897,-0.000,1.487,0.025
65.20,-11.919,-0.013,-1.486,-11.897,-0.000,1.487,0.025
65.22,-11.919,-0.013,-1.486,-11.897,-0.000,1.487,0.025
65.24,-11.919,-0.013,-1.486,-11.897,-0.000,1.487,0.025
65.26,-11.920,-0.013,-1.487,-11.897,-0.000,1.487,0.026
65.28,-11.920,-0.013,-1.487,-11.897,-0.000,1.487,0.026
65.30,-11.920,-0.013,-1.487,-11.897,-0.000,1.487,0.026
65.32,-11.920,-0.013,-1.487,-11.897,-0.000,1.487,0.026
65.34,-11.920,-0.013,-1.488,-11.897,-0.000,1.487,0.026
65.36,-11.920,-0.013,-1.488,-11.897,-0.000,1.487,0.026
65.38,-11.920,-0.012,-1.488,-11.897,-0.000,1.487,0.026
65.41,-11.920,-0.012,-1.488,-11.897,-0.000,1.487,0.026
65.43,-11.920,-0.012,-1.489,-11.897,-0.000,1.487,0.025
65.45,-11.920,-0.012,-1.489,-11.897,-0.000,1.487,0.025
65.47,-11.920,-0.011,-1.489,-11.897,-0.000,1.487,0.025
65.49,-11.920,-0.011,-1.489,-11.897,-0.000,1.487,0.025
65.51,-11.919,-0.011,-1.489,-11.897,-0.000,1.487,0.025
65.53,-11.919,-0.011,-1.489,-11.897,-0.000,1.487,0.025
65.55,-11.919,-0.010,-1.490,-11.897,-0.000,1.487,0.024
65.57,-11.919,-0.010,-1.490,-11.897,-0.000,1.487,0.024
65.59,-11.919,-0.010,-1.490,-11.897,-0.000,1.487,0.024
65.61,-11.919,-0.009,-1.490,-11.897,-0.000,1.487,0.024
65.63,-11.919,-0.009,-1.490,-11.897,-0.000,1.487,0.024
65.65,-11.919,-0.008,-1.489,-11.897,-0.000,1.487,0.023
65.68,-11.919,-0.008,-1.489,-11.897,-0.000,1.487,0.023
65.70,-11.919,-0.008,-1.489,-11.897,-0.000,1.487,0.023
65.72,-11.919,-0.008,-1.489,-11.897,-0.000,1.487,0.023
65.74,-11.919,-0.007,-1.489,-11.897,-0.000,1.487,0.023
65.76,-11.919,-0.007,-1.489,-11.897,-0.000,1.487,0.023
65.78,-11.919,-0.007,-1.488,-11.897,-0.000,1.487,0.022
65.80,-11.919,-0.007,-1.488,-11.897,-0.000,1.487,0.022
65.82,-11.918,-0.007,-1.488,-11.897,-0.000,1.487,0.022
65.84,-11.918,-0.007,-1.488,-11.897,-0.000,1.487,0.022
65.86,-11.917,-0.006,-1.488,-11.897,-0.000,1.487,0.021
65.88,-11.917,-0.006,-1.488,-11.897,-0.000,1.487,0.021
65.90,-11.917,-0.006,-1.487,-11.897,-0.000,1.487,0.020
65.92,-11.917,-0.006,-1.487,-11.897,-0.000,1.487,0.020
65.94,-11.916,-0.006,-1.487,-11.897,-0.000,1.487,0.019
65.97,-11.916,-0.006,-1.487,-11.897,-0.000,1.487,0.019
65.99,-11.914,-0.006,-1.487,-11.897,-0.000,1.487,0.018
66.01,-11.914,-0.006,-1.487,-11.897,-0.000,1.487,0.018
66.03,-11.913,-0.005,-1.487,-11.897,-0.000,1.487,0.017
66.05,-11.913,-0.005,-1.487,-11.897,-0.000,1.487,0.017
66.07,-11.913,-0.005,-1.487,-11.897,-0.000,1.487,0.017
66.09,-11.911,-0.005,-1.487,-11.897,-0.000,1.487,0.015
66.11,-11.911,-0.005,-1.487,-11.897,-0.000,1.487,0.015
66.13,-11.910,-0.004,-1.487,-11.897,-0.000,1.487,0.014
66.15,-11.910,-0.004,-1.487,-11.897,-0.000,1.487,0.014
66.17,-11.909,-0.004,-1.488,-11.897,-0.000,1.487,0.013
66.19,-11.909,-0.004,-1.488,-11.897,-0.000,1.487,0.013
66.21,-11.908,-0.003,-1.489,-11.897,-0.000,1.487,0.011
66.24,-11.908,-0.003,-1.489,-11.897,-0.000,1.487,0.011
66.26,-11.907,-0.003,-1.490,-11.897,-0.000,1.487,0.010
66.28,-11.907,-0.003,-1.490,-11.897,-0.000,1.487,0.010
66.30,-11.906,-0.002,-1.490,-11.897,-0.000,1.487,0.010
66.32,-11.906,-0.002,-1.490,-11.897,-0.000,1.487,0.010
66.34,-11.905,-0.002,-1.491,-11.897,-0.000,1.487,0.009
66.36,-11.905,-0.002,-1.491,-11.897,-0.000,1.487,0.009
66.38,-11.904,-0.001,-1.491,-11.897,-0.000,1.487,0.008
66.40,-11.904,-0.001,-1.491,-11.897,-0.000,1.487,0.008
66.42,-11.903,0.000,-1.492,-11.897,-0.000,1.487,0.007
66.44,-11.903,0.000,-1.492,-11.897,-0.000,1.487,0.007
66.46,-11.902,0.001,-1.492,-11.897,-0.000,1.487,0.006
66.48,-11.902,0.001,-1.492,-11.897,-0.000,1.487,0.006
66.51,-11.900,0.002,-1.492,-11.897,-0.000,1.487,0.006
66.53,-11.900,0.002,-1.492,-11.897,-0.000,1.487,0.006
66.55,-11.899,0.003,-1.492,-11.897,-0.000,1.487,0.006
66.57,-11.899,0.003,-1.492,-11.897,-0.000,1.487,0.006
66.59,-11.899,0.003,-1.492,-11.897,-0.000,1.487,0.006
66.61,-11.897,0.004,-1.492,-11.897,-0.000,1.487,0.006
66.63,-11.897,0.004,-1.492,-11.897,-0.000,1.487,0.006
66.65,-11.896,0.005,-1.492,-11.897,-0.000,1.487,0.007
66.67,-11.896,0.005,-1.492,-11.897,-0.000,1.487,0.007
66.69,-11.895,0.005,-1.492,-11.897,-0.000,1.487,0.008
66.71,-11.895,0.005,-1.492,-11.897,-0.000,1.487,0.008
66.73,-11.894,0.006,-1.492,-11.897,-0.000,1.487,0.008
66.75,-11.894,0.006,-1.492,-11.897,-0.000,1.487,0.008
66.78,-11.893,0.006,-1.492,-11.897,-0.000,1.487,0.009
66.80,-11.893,0.006,-1.492,-11.897,-0.000,1.487,0.009
66.82,-11.892,0.007,-1.492,-11.897,-0.000,1.487,0.010
66.84,-11.892,0.007,-1.492,-11.897,-0.000,1.487,0.010
66.86,-11.891,0.007,-1.492,-11.897,-0.000,1.487,0.011
66.88,-11.891,0.007,-1.492,-11.897,-0.000,1.487,0.011
66.90,-11.890,0.007,-1.492,-11.897,-0.000,1.487,0.011
66.92,-11.890,0.007,-1.492,-11.897,-0.000,1.487,0.011
66.94,-11.889,0.007,-1.492,-11.897,-0.000,1.487,0.012
66.96,-11.889,0.007,-1.492,-11.897,-0.000,1.487,0.012
66.98,-11.887,0.007,-1.492,-11.897,-0.000,1.487,0.013
67.00,-11.887,0.007,-1.492,-11.897,-0.000,1.487,0.013
67.03,-11.886,0.006,-1.491,-11.897,-0.000,1.487,0.013
67.05,-11.886,0.006,-1.491,-11.897,-0.000,1.487,0.013
67.07,-11.885,0.006,-1.491,-11.897,-0.000,1.487,0.014
67.09,-11.885,0.006,-1.491,-11.897,-0.000,1.487,0.014
67.11,-11.885,0.006,-1.491,-11.897,-0.000,1.487,0.014
67.13,-11.884,0.006,-1.490,-11.897,-0.000,1.487,0.015
67.15,-11.884,0.006,-1.490,-11.897,-0.000,1.487,0.015
67.17,-11.884,0.006,-1.489,-11.897,-0.000,1.487,0.015
67.19,-11.884,0.006,-1.489,-11.897,-0.000,1.487,0.015
67.21,-11.883,0.006,-1.489,-11.897,-0.000,1.487,0.016
67.23,-11.883,0.006,-1.489,-11.897,-0.000,1.487,0.016
67.25,-11.882,0.006,-1.488,-11.897,-0.000,1.487,0.016
67.27,-11.882,0.006,-1.488,-11.897,-0.000,1.487,0.016
67.30,-11.882,0.007,-1.487,-11.897,-0.000,1.487,0.017
67.32,-11.882,0.007,-1.487,-11.897,-0.000,1.487,0.017
67.34,-11.882,0.007,-1.486,-11.897,-0.000,1.487,0.017
67.36,-11.882,0.007,-1.486,-11.897,-0.000,1.487,0.017
67.38,-11.881,0.008,-1.485,-11.897,-0.000,1.487,0.018
67.40,-11.881,0.008,-1.485,-11.897,-0.000,1.487,0.018
67.42,-11.881,0.009,-1.485,-11.897,-0.000,1.487,0.019
67.44,-11.881,0.009,-1.485,-11.897,-0.000,1.487,0.019
67.46,-11.881,0.010,-1.484,-11.897,-0.000,1.487,0.019
67.48,-11.881,0.010,-1.484,-11.897,-0.000,1.487,0.019
67.50,-11.881,0.010,-1.483,-11.897,-0.000,1.487,0.020
67.52,-11.881,0.010,-1.483,-11.897,-0.000,1.487,0.020
67.54,-11.881,0.012,-1.482,-11.897,-0.000,1.487,0.021
67.57,-11.881,0.012,-1.482,-11.897,-0.000,1.487,0.021
67.59,-11.881,0.012,-1.482,-11.897,-0.000,1.487,0.021
67.61,-11.881,0.013,-1.481,-11.897,-0.000,1.487,0.022
67.63,-11.881,0.013,-1.481,-11.897,-0.000,1.487,0.022
67.65,-11.881,0.014,-1.481,-11.897,-0.000,1.487,0.023
67.67,-11.881,0.014,-1.481,-11.897,-0.000,1.487,0.023
67.69,-11.881,0.016,-1.480,-11.897,-0.000,1.487,0.024
67.71,-11.881,0.016,-1.480,-11.897,-0.000,1.487,0.024
67.73,-11.881,0.017,-1.481,-11.897,-0.000,1.487,0.024
67.75,-11.881,0.017,-1.481,-11.897,-0.000,1.487,0.024
67.77,-11.881,0.018,-1.481,-11.897,-0.000,1.487,0.025
67.79,-11.881,0.018,-1.481,-11.897,-0.000,1.487,0.025
67.81,-11.881,0.018,-1.481,-11.897,-0.000,1.487,0.026
67.83,-11.881,0.018,-1.481,-11.897,-0.000,1.487,0.026
67.86,-11.880,0.019,-1.481,-11.897,-0.000,1.487,0.027
67.88,-11.880,0.019,-1.481,-11.897,-0.000,1.487,0.027
67.90,-11.880,0.020,-1.482,-11.897,-0.000,1.487,0.027
67.92,-11.880,0.020,-1.482,-11.897,-0.000,1.487,0.027
67.94,-11.879,0.020,-1.482,-11.897,-0.000,1.487,0.028
67.96,-11.879,0.020,-1.482,-11.897,-0.000,1.487,0.028
67.98,-11.879,0.021,-1.482,-11.897,-0.000,1.487,0.028
68.00,-11.879,0.021,-1.482,-11.897,-0.000,1.487,0.028
68.02,-11.878,0.021,-1.482,-11.897,-0.000,1.487,0.029
68.04,-11.878,0.021,-1.482,-11.897,-0.000,1.487,0.029
68.06,-11.877,0.021,-1.482,-11.897,-0.000,1.487,0.030
68.08,-11.877,0.021,-1.482,-11.897,-0.000,1.487,0.030
68.11,-11.877,0.021,-1.482,-11.897,-0.000,1.487,0.030
68.13,-11.877,0.021,-1.482,-11.897,-0.000,1.487,0.030
68.15,-11.877,0.021,-1.482,-11.897,-0.000,1.487,0.030
68.17,-11.876,0.021,-1.482,-11.897,-0.000,1.487,0.030
68.19,-11.876,0.021,-1.482,-11.897,-0.000,1.487,0.030
68.21,-11.876,0.021,-1.482,-11.897,-0.000,1.487,0.030
68.23,-11.876,0.021,-1.482,-11.897,-0.000,1.487,0.030
68.25,-11.876,0.020,-1.481,-11.897,-0.000,1.487,0.030
68.27,-11.876,0.020,-1.481,-11.897,-0.000,1.487,0.030
68.29,-11.875,0.020,-1.481,-11.897,-0.000,1.487,0.030
68.31,-11.875,0.020,-1.481,-11.897,-0.000,1.487,0.030
68.33,-11.875,0.019,-1.481,-11.897,-0.000,1.487,0.030
68.36,-11.875,0.019,-1.481,-11.897,-0.000,1.487,0.030
68.38,-11.875,0.018,-1.481,-11.897,-0.000,1.487,0.030
68.40,-11.875,0.018,-1.481,-11.897,-0.000,1.487,0.030
68.42,-11.875,0.018,-1.481,-11.897,-0.000,1.487,0.029
68.44,-11.875,0.018,-1.481,-11.897,-0.000,1.487,0.029
68.46,-11.875,0.017,-1.481,-11.897,-0.000,1.487,0.029
68.48,-11.875,0.017,-1.481,-11.897,-0.000,1.487,0.029
68.50,-11.875,0.016,-1.481,-11.897,-0.000,1.487,0.029
68.52,-11.875,0.016,-1.481,-11.897,-0.000,1.487,0.029
68.54,-11.875,0.016,-1.481,-11.897,-0.000,1.487,0.028
68.56,-11.875,0.016,-1.481,-11.897,-0.000,1.487,0.028
68.58,-11.874,0.014,-1.482,-11.897,-0.000,1.487,0.028
68.61,-11.874,0.014,-1.482,-11.897,-0.000,1.487,0.028
68.63,-11.874,0.014,-1.482,-11.897,-0.000,1.487,0.028
68.65,-11.874,0.013,-1.482,-11.897,-0.000,1.487,0.027
68.67,-11.874,0.013,-1.482,-11.897,-0.000,1.487,0.027
68.69,-11.873,0.012,-1.482,-11.897,-0.000,1.487,0.027
68.71,-11.873,0.012,-1.482,-11.897,-0.000,1.487,0.027
68.73,-11.873,0.010,-1.483,-11.897,-0.000,1.487,0.027
68.75,-11.873,0.010,-1.483,-11.897,-0.000,1.487,0.027
68.77,-11.873,0.009,-1.483,-11.897,-0.000,1.487,0.027
68.79,-11.873,0.009,-1.483,-11.897,-0.000,1.487,0.027
68.81,-11.872,0.007,-1.483,-11.897,-0.000,1.487,0.026
68.83,-11.872,0.007,-1.483,-11.897,-0.000,1.487,0.026
68.86,-11.872,0.005,-1.484,-11.897,-0.000,1.487,0.026
68.88,-11.872,0.005,-1.484,-11.897,-0.000,1.487,0.026
68.90,-11.872,0.003,-1.484,-11.897,-0.000,1.487,0.025
68.92,-11.872,0.003,-1.484,-11.897,-0.000,1.487,0.025
68.94,-11.873,0.002,-1.485,-11.897,-0.000,1.487,0.025
68.96,-11.873,0.002,-1.485,-11.897,-0.000,1.487,0.025
68.98,-11.873,0.000,-1.485,-11.897,-0.000,1.487,0.024
69.00,-11.873,0.000,-1.485,-11.897,-0.000,1.487,0.024
69.02,-11.874,-0.001,-1.485,-11.897,-0.000,1.487,0.024
69.04,-11.874,-0.001,-1.485,-11.897,-0.000,1.487,0.024
69.06,-11.874,-0.002,-1.485,-11.897,-0.000,1.487,0.024
69.08,-11.874,-0.002,-1.485,-11.897,-0.000,1.487,0.024
69.10,-11.874,-0.002,-1.485,-11.897,-0.000,1.487,0.024
69.13,-11.875,-0.004,-1.485,-11.897,-0.000,1.487,0.023
69.15,-11.875,-0.004,-1.485,-11.897,-0.000,1.487,0.023
69.17,-11.875,-0.005,-1.485,-11.897,-0.000,1.487,0.023
69.19,-11.875,-0.005,-1.485,-11.897,-0.000,1.487,0.023
69.21,-11.875,-0.005,-1.485,-11.897,-0.000,1.487,0.023
69.23,-11.875,-0.005,-1.485,-11.897,-0.000,1.487,0.023
69.25,-11.876,-0.006,-1.485,-11.897,-0.000,1.487,0.022
69.27,-11.876,-0.006,-1.485,-11.897,-0.000,1.487,0.022
69.29,-11.876,-0.006,-1.484,-11.897,-0.000,1.487,0.022
69.31,-11.876,-0.006,-1.484,-11.897,-0.000,1.487,0.022
69.33,-11.877,-0.006,-1.484,-11.897,-0.000,1.487,0.022
69.35,-11.877,-0.006,-1.484,-11.897,-0.000,1.487,0.022
69.38,-11.877,-0.006,-1.483,-11.897,-0.000,1.487,0.021
69.40,-11.877,-0.006,-1.483,-11.897,-0.000,1.487,0.021
69.42,-11.878,-0.005,-1.482,-11.897,-0.000,1.487,0.021
69.44,-11.878,-0.005,-1.482,-11.897,-0.000,1.487,0.021
69.46,-11.878,-0.005,-1.482,-11.897,-0.000,1.487,0.020
69.48,-11.878,-0.005,-1.482,-11.897,-0.000,1.487,0.020
69.50,-11.879,-0.005,-1.481,-11.897,-0.000,1.487,0.020
69.52,-11.879,-0.005,-1.481,-11.897,-0.000,1.487,0.020
69.54,-11.880,-0.004,-1.480,-11.897,-0.000,1.487,0.019
69.56,-11.880,-0.004,-1.480,-11.897,-0.000,1.487,0.019
69.58,-11.880,-0.004,-1.480,-11.897,-0.000,1.487,0.019
69.60,-11.880,-0.004,-1.480,-11.897,-0.000,1.487,0.019
69.62,-11.880,-0.004,-1.480,-11.897,-0.000,1.487,0.019
69.65,-11.882,-0.003,-1.478,-11.897,-0.000,1.487,0.018
69.67,-11.882,-0.003,-1.478,-11.897,-0.000,1.487,0.018
69.69,-11.882,-0.002,-1.478,-11.897,-0.000,1.487,0.018
69.71,-11.882,-0.002,-1.478,-11.897,-0.000,1.487,0.018
69.73,-11.883,-0.001,-1.477,-11.897,-0.000,1.487,0.017
69.75,-11.883,-0.001,-1.477,-11.897,-0.000,1.487,0.017
69.77,-11.884,-0.001,-1.477,-11.897,-0.000,1.487,0.017
69.79,-11.884,-0.001,-1.477,-11.897,-0.000,1.487,0.017
69.81,-11.885,-0.000,-1.477,-11.897,-0.000,1.487,0.016
69.83,-11.885,-0.000,-1.477,-11.897,-0.000,1.487,0.016
69.86,-11.885,0.001,-1.477,-11.897,-0.000,1.487,0.016
69.88,-11.885,0.001,-1.477,-11.897,-0.000,1.487,0.016
69.90,-11.886,0.002,-1.478,-11.897,-0.000,1.487,0.015
69.92,-11.886,0.002,-1.478,-11.897,-0.000,1.487,0.015
69.94,-11.887,0.002,-1.478,-11.897,-0.000,1.487,0.014
69.96,-11.887,0.002,-1.478,-11.897,-0.000,1.487,0.014
69.98,-11.887,0.003,-1.478,-11.897,-0.000,1.487,0.014
70.00,-11.887,0.003,-1.478,-11.897,-0.000,1.487,0.014
70.02,-11.888,0.004,-1.479,-11.897,-0.000,1.487,0.013
70.04,-11.888,0.004,-1.479,-11.897,-0.000,1.487,0.013
70.06,-11.888,0.004,-1.479,-11.897,-0.000,1.487,0.013
70.08,-11.888,0.004,-1.479,-11.897,-0.000,1.487,0.013
70.10,-11.888,0.004,-1.479,-11.897,-0.000,1.487,0.013
70.13,-11.889,0.005,-1.480,-11.897,-0.000,1.487,0.012
70.15,-11.889,0.005,-1.480,-11.897,-0.000,1.487,0.012
70.17,-11.890,0.006,-1.481,-11.897,-0.000,1.487,0.011
70.19,-11.890,0.006,-1.481,-11.897,-0.000,1.487,0.011
70.21,-11.891,0.006,-1.481,-11.897,-0.000,1.487,0.011
70.23,-11.891,0.006,-1.481,-11.897,-0.000,1.487,0.011
70.25,-11.891,0.006,-1.482,-11.897,-0.000,1.487,0.010
70.27,-11.891,0.006,-1.482,-11.897,-0.000,1.487,0.010
70.29,-11.891,0.006,-1.482,-11.897,-0.000,1.487,0.010
70.32,-11.891,0.006,-1.482,-11.897,-0.000,1.487,0.010
70.34,-11.892,0.006,-1.483,-11.897,-0.000,1.487,0.010
70.36,-11.892,0.006,-1.483,-11.897,-0.000,1.487,0.010
70.38,-11.892,0.006,-1.483,-11.897,-0.000,1.487,0.009
70.40,-11.892,0.006,-1.483,-11.897,-0.000,1.487,0.009
70.42,-11.892,0.006,-1.483,-11.897,-0.000,1.487,0.009
70.44,-11.892,0.006,-1.483,-11.897,-0.000,1.487,0.009
70.46,-11.892,0.006,-1.484,-11.897,-0.000,1.487,0.009
70.48,-11.892,0.006,-1.484,-11.897,-0.000,1.487,0.009
70.50,-11.892,0.006,-1.484,-11.897,-0.000,1.487,0.009
70.52,-11.892,0.006,-1.484,-11.897,-0.000,1.487,0.009
70.54,-11.892,0.005,-1.484,-11.897,-0.000,1.487,0.008
70.56,-11.892,0.005,-1.484,-11.897,-0.000,1.487,0.008
70.59,-11.892,0.005,-1.484,-11.897,-0.000,1.487,0.008
70.61,-11.892,0.005,-1.484,-11.897,-0.000,1.487,0.008
70.63,-11.892,0.005,-1.484,-11.897,-0.000,1.487,0.008
70.65,-11.892,0.004,-1.484,-11.897,-0.000,1.487,0.008
70.67,-11.892,0.004,-1.484,-11.897,-0.000,1.487,0.008
70.69,-11.891,0.004,-1.484,-11.897,-0.000,1.487,0.008
70.71,-11.891,0.004,-1.484,-11.897,-0.000,1.487,0.008
70.73,-11.891,0.003,-1.484,-11.897,-0.000,1.487,0.008
70.75,-11.891,0.003,-1.484,-11.897,-0.000,1.487,0.008
70.77,-11.891,0.003,-1.484,-11.897,-0.000,1.487,0.008
70.79,-11.891,0.003,-1.484,-11.897,-0.000,1.487,0.008
70.81,-11.891,0.003,-1.484,-11.897,-0.000,1.487,0.008
70.83,-11.891,0.003,-1.484,-11.897,-0.000,1.487,0.008
70.86,-11.891,0.002,-1.484,-11.897,-0.000,1.487,0.008
70.88,-11.891,0.002,-1.484,-11.897,-0.000,1.487,0.008
70.90,-11.892,0.002,-1.484,-11.897,-0.000,1.487,0.007
70.92,-11.892,0.002,-1.484,-11.897,-0.000,1.487,0.007
70.94,-11.892,0.002,-1.484,-11.897,-0.000,1.487,0.007
70.96,-11.892,0.002,-1.484,-11.897,-0.000,1.487,0.007
70.98,-11.892,0.001,-1.484,-11.897,-0.000,1.487,0.006
71.00,-11.892,0.001,-1.484,-11.897,-0.000,1.487,0.006
71.02,-11.893,0.001,-1.484,-11.897,-0.000,1.487,0.005
71.04,-11.893,0.001,-1.484,-11.897,-0.000,1.487,0.005
71.06,-11.894,0.000,-1.485,-11.897,-0.000,1.487,0.005
71.08,-11.894,0.000,-1.485,-11.897,-0.000,1.487,0.005
71.11,-11.894,0.000,-1.485,-11.897,-0.000,1.487,0.005
71.13,-11.895,-0.001,-1.485,-11.897,-0.000,1.487,0.003
71.15,-11.895,-0.001,-1.485,-11.897,-0.000,1.487,0.003
71.17,-11.896,-0.001,-1.485,-11.897,-0.000,1.487,0.003
71.19,-11.896,-0.001,-1.485,-11.897,-0.000,1.487,0.003
71.21,-11.897,-0.001,-1.485,-11.897,-0.000,1.487,0.003
71.23,-11.897,-0.001,-1.485,-11.897,-0.000,1.487,0.003
71.25,-11.898,-0.001,-1.485,-11.897,-0.000,1.487,0.003
71.27,-11.898,-0.001,-1.485,-11.897,-0.000,1.487,0.003
71.29,-11.900,-0.001,-1.485,-11.897,-0.000,1.487,0.004
71.31,-11.900,-0.001,-1.485,-11.897,-0.000,1.487,0.004
71.33,-11.901,-0.002,-1.485,-11.897,-0.000,1.487,0.004
71.36,-11.901,-0.002,-1.485,-11.897,-0.000,1.487,0.004
71.38,-11.902,-0.002,-1.485,-11.897,-0.000,1.487,0.006
71.40,-11.902,-0.002,-1.485,-11.897,-0.000,1.487,0.006
71.42,-11.903,-0.002,-1.485,-11.897,-0.000,1.487,0.007
71.44,-11.903,-0.002,-1.485,-11.897,-0.000,1.487,0.007
71.46,-11.904,-0.003,-1.484,-11.897,-0.000,1.487,0.008
71.48,-11.904,-0.003,-1.484,-11.897,-0.000,1.487,0.008
71.50,-11.905,-0.003,-1.484,-11.897,-0.000,1.487,0.009
71.52,-11.905,-0.003,-1.484,-11.897,-0.000,1.487,0.009
71.54,-11.906,-0.003,-1.483,-11.897,-0.000,1.487,0.010
71.56,-11.906,-0.003,-1.483,-11.897,-0.000,1.487,0.010
71.58,-11.908,-0.004,-1.483,-11.897,-0.000,1.487,0.012
71.60,-11.908,-0.004,-1.483,-11.897,-0.000,1.487,0.012
71.63,-11.908,-0.004,-1.483,-11.897,-0.000,1.487,0.012
71.65,-11.910,-0.005,-1.482,-11.897,-0.000,1.487,0.014
71.67,-11.910,-0.005,-1.482,-11.897,-0.000,1.487,0.014
71.69,-11.911,-0.005,-1.481,-11.897,-0.000,1.487,0.016
71.71,-11.911,-0.005,-1.481,-11.897,-0.000,1.487,0.016
71.73,-11.912,-0.006,-1.481,-11.897,-0.000,1.487,0.017
71.75,-11.912,-0.006,-1.481,-11.897,-0.000,1.487,0.017
71.77,-11.913,-0.007,-1.481,-11.897,-0.000,1.487,0.019
71.79,-11.913,-0.007,-1.481,-11.897,-0.000,1.487,0.019
71.81,-11.915,-0.007,-1.480,-11.897,-0.000,1.487,0.020
71.83,-11.915,-0.007,-1.480,-11.897,-0.000,1.487,0.020
71.86,-11.916,-0.008,-1.480,-11.897,-0.000,1.487,0.022
71.88,-11.916,-0.008,-1.480,-11.897,-0.000,1.487,0.022
71.90,-11.918,-0.009,-1.479,-11.897,-0.000,1.487,0.024
71.92,-11.918,-0.009,-1.479,-11.897,-0.000,1.487,0.024
71.94,-11.919,-0.010,-1.479,-11.897,-0.000,1.487,0.025
71.96,-11.919,-0.010,-1.479,-11.897,-0.000,1.487,0.025
71.98,-11.920,-0.011,-1.479,-11.897,-0.000,1.487,0.027
72.00,-11.920,-0.011,-1.479,-11.897,-0.000,1.487,0.027
72.02,-11.921,-0.012,-1.478,-11.897,-0.000,1.487,0.028
72.04,-11.921,-0.012,-1.478,-11.897,-0.000,1.487,0.028
72.06,-11.921,-0.014,-1.478,-11.897,-0.000,1.487,0.029
72.08,-11.921,-0.014,-1.478,-11.897,-0.000,1.487,0.029
72.10,-11.922,-0.015,-1.477,-11.897,-0.000,1.487,0.030
72.12,-11.922,-0.015,-1.477,-11.897,-0.000,1.487,0.030
72.14,-11.922,-0.015,-1.477,-11.897,-0.000,1.487,0.030
72.17,-11.923,-0.016,-1.477,-11.897,-0.000,1.487,0.032
72.19,-11.923,-0.016,-1.477,-11.897,-0.000,1.487,0.032
72.21,-11.924,-0.017,-1.477,-11.897,-0.000,1.487,0.033
72.23,-11.924,-0.017,-1.477,-11.897,-0.000,1.487,0.033
72.25,-11.924,-0.018,-1.476,-11.897,-0.000,1.487,0.034
72.27,-11.924,-0.018,-1.476,-11.897,-0.000,1.487,0.034
72.29,-11.925,-0.018,-1.476,-11.897,-0.000,1.487,0.035
72.31,-11.925,-0.018,-1.476,-11.897,-0.000,1.487,0.035
72.33,-11.925,-0.019,-1.476,-11.897,-0.000,1.487,0.036
72.35,-11.925,-0.019,-1.476,-11.897,-0.000,1.487,0.036
72.37,-11.926,-0.019,-1.476,-11.897,-0.000,1.487,0.036
72.39,-11.926,-0.019,-1.476,-11.897,-0.000,1.487,0.036
72.41,-11.926,-0.019,-1.476,-11.897,-0.000,1.487,0.037
72.44,-11.926,-0.019,-1.476,-11.897,-0.000,1.487,0.037
72.46,-11.927,-0.019,-1.476,-11.897,-0.000,1.487,0.037
72.48,-11.927,-0.019,-1.476,-11.897,-0.000,1.487,0.037
72.50,-11.927,-0.019,-1.476,-11.897,-0.000,1.487,0.037
72.52,-11.927,-0.019,-1.476,-11.897,-0.000,1.487,0.037
72.54,-11.927,-0.018,-1.477,-11.897,-0.000,1.487,0.037
72.56,-11.927,-0.018,-1.477,-11.897,-0.000,1.487,0.037
72.58,-11.928,-0.017,-1.477,-11.897,-0.000,1.487,0.036
72.60,-11.928,-0.017,-1.477,-11.897,-0.000,1.487,0.036
72.62,-11.928,-0.017,-1.477,-11.897,-0.000,1.487,0.036
72.65,-11.928,-0.016,-1.477,-11.897,-0.000,1.487,0.036
72.67,-11.928,-0.016,-1.477,-11.897,-0.000,1.487,0.036
72.69,-11.928,-0.014,-1.478,-11.897,-0.000,1.487,0.035
72.71,-11.928,-0.014,-1.478,-11.897,-0.000,1.487,0.035
72.73,-11.928,-0.013,-1.478,-11.897,-0.000,1.487,0.035
72.75,-11.928,-0.013,-1.478,-11.897,-0.000,1.487,0.035
72.77,-11.929,-0.012,-1.479,-11.897,-0.000,1.487,0.035
72.79,-11.929,-0.012,-1.479,-11.897,-0.000,1.487,0.035
72.81,-11.929,-0.010,-1.479,-11.897,-0.000,1.487,0.034
72.83,-11.929,-0.010,-1.479,-11.897,-0.000,1.487,0.034
72.85,-11.929,-0.008,-1.480,-11.897,-0.000,1.487,0.034
72.87,-11.929,-0.008,-1.480,-11.897,-0.000,1.487,0.034
72.90,-11.929,-0.007,-1.480,-11.897,-0.000,1.487,0.034
72.92,-11.929,-0.007,-1.480,-11.897,-0.000,1.487,0.034
72.94,-11.930,-0.005,-1.481,-11.897,-0.000,1.487,0.033
72.96,-11.930,-0.005,-1.481,-11.897,-0.000,1.487,0.033
72.98,-11.930,-0.003,-1.482,-11.897,-0.000,1.487,0.033
73.00,-11.930,-0.003,-1.482,-11.897,-0.000,1.487,0.033
73.02,-11.930,-0.001,-1.482,-11.897,-0.000,1.487,0.033
73.04,-11.930,-0.001,-1.482,-11.897,-0.000,1.487,0.033
73.06,-11.930,0.000,-1.483,-11.897,-0.000,1.487,0.033
73.08,-11.930,0.000,-1.483,-11.897,-0.000,1.487,0.033
73.10,-11.930,0.002,-1.484,-11.897,-0.000,1.487,0.033
73.12,-11.930,0.002,-1.484,-11.897,-0.000,1.487,0.033
73.14,-11.930,0.002,-1.484,-11.897,-0.000,1.487,0.033
73.17,-11.930,0.004,-1.485,-11.897,-0.000,1.487,0.033
73.19,-11.930,0.004,-1.485,-11.897,-0.000,1.487,0.033
73.21,-11.929,0.005,-1.486,-11.897,-0.000,1.487,0.033
73.23,-11.929,0.005,-1.486,-11.897,-0.000,1.487,0.033
73.25,-11.929,0.007,-1.487,-11.897,-0.000,1.487,0.032
73.27,-11.929,0.007,-1.487,-11.897,-0.000,1.487,0.032
73.29,-11.929,0.008,-1.488,-11.897,-0.000,1.487,0.032
73.31,-11.929,0.008,-1.488,-11.897,-0.000,1.487,0.032
73.33,-11.928,0.009,-1.489,-11.897,-0.000,1.487,0.032
73.35,-11.928,0.009,-1.489,-11.897,-0.000,1.487,0.032
73.37,-11.927,0.010,-1.490,-11.897,-0.000,1.487,0.031
73.39,-11.927,0.010,-1.490,-11.897,-0.000,1.487,0.031
73.42,-11.926,0.011,-1.490,-11.897,-0.000,1.487,0.031
73.44,-11.926,0.011,-1.490,-11.897,-0.000,1.487,0.031
73.46,-11.925,0.012,-1.491,-11.897,-0.000,1.487,0.031
73.48,-11.925,0.012,-1.491,-11.897,-0.000,1.487,0.031
73.50,-11.924,0.013,-1.492,-11.897,-0.000,1.487,0.030
73.52,-11.924,0.013,-1.492,-11.897,-0.000,1.487,0.030
73.54,-11.924,0.014,-1.493,-11.897,-0.000,1.487,0.030
73.56,-11.924,0.014,-1.493,-11.897,-0.000,1.487,0.030
73.58,-11.923,0.014,-1.493,-11.897,-0.000,1.487,0.030
73.60,-11.923,0.014,-1.493,-11.897,-0.000,1.487,0.030
73.62,-11.922,0.015,-1.494,-11.897,-0.000,1.487,0.029
73.64,-11.922,0.015,-1.494,-11.897,-0.000,1.487,0.029
73.66,-11.922,0.015,-1.494,-11.897,-0.000,1.487,0.029
73.69,-11.920,0.015,-1.495,-11.897,-0.000,1.487,0.028
73.71,-11.920,0.015,-1.495,-11.897,-0.000,1.487,0.028
73.73,-11.919,0.015,-1.495,-11.897,-0.000,1.487,0.028
73.75,-11.919,0.015,-1.495,-11.897,-0.000,1.487,0.028
73.77,-11.918,0.015,-1.495,-11.897,-0.000,1.487,0.027
73.79,-11.918,0.015,-1.495,-11.897,-0.000,1.487,0.027
73.81,-11.916,0.015,-1.495,-11.897,-0.000,1.487,0.025
73.83,-11.916,0.015,-1.495,-11.897,-0.000,1.487,0.025
73.85,-11.914,0.015,-1.495,-11.897,-0.000,1.487,0.024
73.87,-11.914,0.015,-1.495,-11.897,-0.000,1.487,0.024
73.89,-11.913,0.015,-1.495,-11.897,-0.000,1.487,0.023
73.91,-11.913,0.015,-1.495,-11.897,-0.000,1.487,0.023
73.94,-11.911,0.015,-1.495,-11.897,-0.000,1.487,0.022
73.96,-11.911,0.015,-1.495,-11.897,-0.000,1.487,0.022
73.98,-11.908,0.015,-1.495,-11.897,-0.000,1.487,0.020
74.00,-11.908,0.015,-1.495,-11.897,-0.000,1.487,0.020
74.02,-11.906,0.015,-1.495,-11.897,-0.000,1.487,0.019
74.04,-11.906,0.015,-1.495,-11.897,-0.000,1.487,0.019
74.06,-11.904,0.015,-1.494,-11.897,-0.000,1.487,0.018
74.08,-11.904,0.015,-1.494,-11.897,-0.000,1.487,0.018
74.10,-11.902,0.014,-1.494,-11.897,-0.000,1.487,0.016
74.12,-11.902,0.014,-1.494,-11.897,-0.000,1.487,0.016
74.14,-11.902,0.014,-1.494,-11.897,-0.000,1.487,0.016
74.16,-11.898,0.013,-1.493,-11.897,-0.000,1.487,0.014
74.19,-11.898,0.013,-1.493,-11.897,-0.000,1.487,0.014
74.21,-11.896,0.012,-1.493,-11.897,-0.000,1.487,0.014
74.23,-11.896,0.012,-1.493,-11.897,-0.000,1.487,0.014
74.25,-11.894,0.012,-1.493,-11.897,-0.000,1.487,0.013
74.27,-11.894,0.012,-1.493,-11.897,-0.000,1.487,0.013
74.29,-11.891,0.011,-1.492,-11.897,-0.000,1.487,0.013
74.31,-11.891,0.011,-1.492,-11.897,-0.000,1.487,0.013
74.33,-11.889,0.010,-1.492,-11.897,-0.000,1.487,0.014
74.35,-11.889,0.010,-1.492,-11.897,-0.000,1.487,0.014
74.37,-11.887,0.009,-1.491,-11.897,-0.000,1.487,0.015
74.39,-11.887,0.009,-1.491,-11.897,-0.000,1.487,0.015
74.41,-11.884,0.009,-1.491,-11.897,-0.000,1.487,0.016
74.43,-11.884,0.009,-1.491,-11.897,-0.000,1.487,0.016
74.46,-11.882,0.008,-1.491,-11.897,-0.000,1.487,0.018
74.48,-11.882,0.008,-1.491,-11.897,-0.000,1.487,0.018
74.50,-11.880,0.007,-1.491,-11.897,-0.000,1.487,0.020
74.52,-11.880,0.007,-1.491,-11.897,-0.000,1.487,0.020
74.54,-11.877,0.007,-1.491,-11.897,-0.000,1.487,0.021
74.56,-11.877,0.007,-1.491,-11.897,-0.000,1.487,0.021
74.58,-11.875,0.006,-1.491,-11.897,-0.000,1.487,0.023
74.60,-11.875,0.006,-1.491,-11.897,-0.000,1.487,0.023
74.62,-11.873,0.006,-1.491,-11.897,-0.000,1.487,0.025
74.64,-11.873,0.006,-1.491,-11.897,-0.000,1.487,0.025
74.66,-11.873,0.006,-1.491,-11.897,-0.000,1.487,0.025
74.69,-11.870,0.005,-1.491,-11.897,-0.000,1.487,0.028
74.71,-11.870,0.005,-1.491,-11.897,-0.000,1.487,0.028
74.73,-11.868,0.005,-1.491,-11.897,-0.000,1.487,0.030
74.75,-11.868,0.005,-1.491,-11.897,-0.000,1.487,0.030
74.77,-11.867,0.005,-1.491,-11.897,-0.000,1.487,0.031
74.79,-11.867,0.005,-1.491,-11.897,-0.000,1.487,0.031
74.81,-11.866,0.005,-1.492,-11.897,-0.000,1.487,0.032
74.83,-11.866,0.005,-1.492,-11.897,-0.000,1.487,0.032
74.85,-11.866,0.005,-1.492,-11.897,-0.000,1.487,0.032
74.87,-11.866,0.005,-1.492,-11.897,-0.000,1.487,0.032
74.89,-11.865,0.005,-1.492,-11.897,-0.000,1.487,0.033
74.91,-11.865,0.005,-1.492,-11.897,-0.000,1.487,0.033
74.93,-11.865,0.005,-1.492,-11.897,-0.000,1.487,0.033
74.95,-11.865,0.005,-1.492,-11.897,-0.000,1.487,0.033
74.98,-11.865,0.005,-1.492,-11.897,-0.000,1.487,0.033
75.00,-11.865,0.005,-1.492,-11.897,-0.000,1.487,0.033
75.02,-11.866,0.005,-1.492,-11.897,-0.000,1.487,0.032
75.04,-11.866,0.005,-1.492,-11.897,-0.000,1.487,0.032
75.06,-11.866,0.005,-1.492,-11.897,-0.000,1.487,0.032
75.08,-11.866,0.005,-1.492,-11.897,-0.000,1.487,0.032
75.10,-11.867,0.005,-1.492,-11.897,-0.000,1.487,0.032
75.12,-11.867,0.005,-1.492,-11.897,-0.000,1.487,0.032
75.14,-11.867,0.005,-1.492,-11.897,-0.000,1.487,0.032
75.16,-11.867,0.006,-1.492,-11.897,-0.000,1.487,0.031
75.18,-11.867,0.006,-1.492,-11.897,-0.000,1.487,0.031
75.20,-11.868,0.006,-1.492,-11.897,-0.000,1.487,0.030
75.22,-11.868,0.006,-1.492,-11.897,-0.000,1.487,0.030
75.24,-11.869,0.006,-1.492,-11.897,-0.000,1.487,0.030
75.27,-11.869,0.006,-1.492,-11.897,-0.000,1.487,0.030
75.29,-11.869,0.006,-1.492,-11.897,-0.000,1.487,0.029
75.31,-11.869,0.006,-1.492,-11.897,-0.000,1.487,0.029
75.33,-11.870,0.006,-1.492,-11.897,-0.000,1.487,0.028
75.35,-11.870,0.006,-1.492,-11.897,-0.000,1.487,0.028
75.37,-11.871,0.005,-1.492,-11.897,-0.000,1.487,0.028
75.39,-11.871,0.005,-1.492,-11.897,-0.000,1.487,0.028
75.41,-11.871,0.005,-1.493,-11.897,-0.000,1.487,0.027
75.43,-11.871,0.005,-1.493,-11.897,-0.000,1.487,0.027
75.45,-11.872,0.005,-1.493,-11.897,-0.000,1.487,0.026
75.47,-11.872,0.005,-1.493,-11.897,-0.000,1.487,0.026
75.49,-11.873,0.004,-1.493,-11.897,-0.000,1.487,0.026
75.52,-11.873,0.004,-1.493,-11.897,-0.000,1.487,0.026
75.54,-11.874,0.003,-1.493,-11.897,-0.000,1.487,0.025
75.56,-11.874,0.003,-1.493,-11.897,-0.000,1.487,0.025
75.58,-11.874,0.003,-1.493,-11.897,-0.000,1.487,0.024
75.60,-11.874,0.003,-1.493,-11.897,-0.000,1.487,0.024
75.62,-11.875,0.002,-1.493,-11.897,-0.000,1.487,0.023
75.64,-11.875,0.002,-1.493,-11.897,-0.000,1.487,0.023
75.66,-11.875,0.002,-1.493,-11.897,-0.000,1.487,0.023
75.68,-11.875,0.001,-1.493,-11.897,-0.000,1.487,0.023
75.70,-11.875,0.001,-1.493,-11.897,-0.000,1.487,0.023
75.72,-11.876,-0.000,-1.493,-11.897,-0.000,1.487,0.022
75.74,-11.876,-0.000,-1.493,-11.897,-0.000,1.487,0.022
75.77,-11.876,-0.001,-1.493,-11.897,-0.000,1.487,0.022
75.79,-11.876,-0.001,-1.493,-11.897,-0.000,1.487,0.022
75.81,-11.877,-0.002,-1.493,-11.897,-0.000,1.487,0.021
75.83,-11.877,-0.002,-1.493,-11.897,-0.000,1.487,0.021
75.85,-11.877,-0.003,-1.492,-11.897,-0.000,1.487,0.021
75.87,-11.877,-0.003,-1.492,-11.897,-0.000,1.487,0.021
75.89,-11.877,-0.003,-1.492,-11.897,-0.000,1.487,0.021
75.91,-11.877,-0.003,-1.492,-11.897,-0.000,1.487,0.021
75.93,-11.878,-0.004,-1.492,-11.897,-0.000,1.487,0.021
75.95,-11.878,-0.004,-1.492,-11.897,-0.000,1.487,0.021
75.97,-11.878,-0.004,-1.492,-11.897,-0.000,1.487,0.020
75.99,-11.878,-0.004,-1.492,-11.897,-0.000,1.487,0.020
76.01,-11.878,-0.005,-1.491,-11.897,-0.000,1.487,0.020
76.04,-11.878,-0.005,-1.491,-11.897,-0.000,1.487,0.020
76.06,-11.879,-0.005,-1.491,-11.897,-0.000,1.487,0.020
76.08,-11.879,-0.005,-1.491,-11.897,-0.000,1.487,0.020
76.10,-11.879,-0.005,-1.490,-11.897,-0.000,1.487,0.019
76.12,-11.879,-0.005,-1.490,-11.897,-0.000,1.487,0.019
76.14,-11.879,-0.005,-1.490,-11.897,-0.000,1.487,0.019
76.16,-11.879,-0.005,-1.490,-11.897,-0.000,1.487,0.019
76.18,-11.879,-0.005,-1.490,-11.897,-0.000,1.487,0.019
76.20,-11.880,-0.005,-1.489,-11.897,-0.000,1.487,0.018
76.22,-11.880,-0.005,-1.489,-11.897,-0.000,1.487,0.018
76.24,-11.880,-0.005,-1.489,-11.897,-0.000,1.487,0.018
76.26,-11.880,-0.005,-1.489,-11.897,-0.000,1.487,0.018
76.28,-11.881,-0.005,-1.488,-11.897,-0.000,1.487,0.017
76.31,-11.881,-0.005,-1.488,-11.897,-0.000,1.487,0.017
76.33,-11.881,-0.005,-1.487,-11.897,-0.000,1.487,0.017
76.35,-11.881,-0.005,-1.487,-11.897,-0.000,1.487,0.017
76.37,-11.882,-0.004,-1.487,-11.897,-0.000,1.487,0.016
76.39,-11.882,-0.004,-1.487,-11.897,-0.000,1.487,0.016
76.41,-11.883,-0.004,-1.486,-11.897,-0.000,1.487,0.015
76.43,-11.883,-0.004,-1.486,-11.897,-0.000,1.487,0.015
76.45,-11.883,-0.004,-1.486,-11.897,-0.000,1.487,0.015
76.47,-11.883,-0.004,-1.486,-11.897,-0.000,1.487,0.015
76.49,-11.884,-0.003,-1.486,-11.897,-0.000,1.487,0.014
76.51,-11.884,-0.003,-1.486,-11.897,-0.000,1.487,0.014
76.54,-11.885,-0.003,-1.485,-11.897,-0.000,1.487,0.013
76.56,-11.885,-0.003,-1.485,-11.897,-0.000,1.487,0.013
76.58,-11.886,-0.002,-1.485,-11.897,-0.000,1.487,0.012
76.60,-11.886,-0.002,-1.485,-11.897,-0.000,1.487,0.012
76.62,-11.887,-0.002,-1.484,-11.897,-0.000,1.487,0.011
76.64,-11.887,-0.002,-1.484,-11.897,-0.000,1.487,0.011
76.66,-11.887,-0.002,-1.484,-11.897,-0.000,1.487,0.011
76.68,-11.889,-0.001,-1.484,-11.897,-0.000,1.487,0.009
76.70,-11.889,-0.001,-1.484,-11.897,-0.000,1.487,0.009
76.72,-11.890,-0.001,-1.484,-11.897,-0.000,1.487,0.008
76.74,-11.890,-0.001,-1.484,-11.897,-0.000,1.487,0.008
76.76,-11.892,-0.000,-1.485,-11.897,-0.000,1.487,0.006
76.78,-11.892,-0.000,-1.485,-11.897,-0.000,1.487,0.006
76.81,-11.893,-0.000,-1.485,-11.897,-0.000,1.487,0.005
76.83,-11.893,-0.000,-1.485,-11.897,-0.000,1.487,0.005
76.85,-11.894,0.000,-1.485,-11.897,-0.000,1.487,0.004
76.87,-11.894,0.000,-1.485,-11.897,-0.000,1.487,0.004
76.89,-11.895,0.001,-1.486,-11.897,-0.000,1.487,0.003
76.91,-11.895,0.001,-1.486,-11.897,-0.000,1.487,0.003
76.93,-11.896,0.001,-1.486,-11.897,-0.000,1.487,0.002
76.95,-11.896,0.001,-1.486,-11.897,-0.000,1.487,0.002
76.97,-11.897,0.001,-1.486,-11.897,-0.000,1.487,0.002
76.99,-11.897,0.001,-1.486,-11.897,-0.000,1.487,0.002
77.01,-11.897,0.001,-1.487,-11.897,-0.000,1.487,0.001
77.04,-11.897,0.001,-1.487,-11.897,-0.000,1.487,0.001
77.06,-11.898,0.001,-1.487,-11.897,-0.000,1.487,0.002
77.08,-11.898,0.001,-1.487,-11.897,-0.000,1.487,0.002
77.10,-11.899,0.001,-1.488,-11.897,-0.000,1.487,0.002
77.12,-11.899,0.001,-1.488,-11.897,-0.000,1.487,0.002
77.14,-11.899,0.002,-1.488,-11.897,-0.000,1.487,0.003
77.16,-11.899,0.002,-1.488,-11.897,-0.000,1.487,0.003
77.18,-11.899,0.002,-1.488,-11.897,-0.000,1.487,0.003
77.20,-11.900,0.001,-1.488,-11.897,-0.000,1.487,0.003
77.22,-11.900,0.001,-1.488,-11.897,-0.000,1.487,0.003
77.24,-11.901,0.001,-1.489,-11.897,-0.000,1.487,0.004
77.26,-11.901,0.001,-1.489,-11.897,-0.000,1.487,0.004
77.28,-11.901,0.001,-1.489,-11.897,-0.000,1.487,0.004
77.31,-11.901,0.001,-1.489,-11.897,-0.000,1.487,0.004
77.33,-11.902,0.001,-1.489,-11.897,-0.000,1.487,0.005
77.35,-11.902,0.001,-1.489,-11.897,-0.000,1.487,0.005
77.37,-11.902,0.001,-1.489,-11.897,-0.000,1.487,0.006
77.39,-11.902,0.001,-1.489,-11.897,-0.000,1.487,0.006
77.41,-11.903,0.001,-1.490,-11.897,-0.000,1.487,0.006
77.43,-11.903,0.001,-1.490,-11.897,-0.000,1.487,0.006
77.45,-11.904,0.001,-1.490,-11.897,-0.000,1.487,0.007
77.47,-11.904,0.001,-1.490,-11.897,-0.000,1.487,0.007
77.49,-11.904,0.000,-1.490,-11.897,-0.000,1.487,0.008
77.51,-11.904,0.000,-1.490,-11.897,-0.000,1.487,0.008
77.53,-11.905,0.000,-1.491,-11.897,-0.000,1.487,0.008
77.56,-11.905,0.000,-1.491,-11.897,-0.000,1.487,0.008
77.58,-11.906,0.000,-1.491,-11.897,-0.000,1.487,0.009
77.60,-11.906,0.000,-1.491,-11.897,-0.000,1.487,0.009
77.62,-11.906,0.000,-1.491,-11.897,-0.000,1.487,0.009
77.64,-11.906,0.000,-1.491,-11.897,-0.000,1.487,0.009
77.66,-11.906,0.000,-1.491,-11.897,-0.000,1.487,0.009
77.68,-11.907,0.000,-1.491,-11.897,-0.000,1.487,0.010
77.70,-11.907,0.000,-1.491,-11.897,-0.000,1.487,0.010
77.72,-11.908,0.000,-1.491,-11.897,-0.000,1.487,0.011
77.74,-11.908,0.000,-1.491,-11.897,-0.000,1.487,0.011
77.76,-11.908,0.000,-1.491,-11.897,-0.000,1.487,0.012
77.78,-11.908,0.000,-1.491,-11.897,-0.000,1.487,0.012
77.80,-11.909,0.001,-1.492,-11.897,-0.000,1.487,0.013
77.82,-11.909,0.001,-1.492,-11.897,-0.000,1.487,0.013
77.85,-11.910,0.001,-1.492,-11.897,-0.000,1.487,0.014
77.87,-11.910,0.001,-1.492,-11.897,-0.000,1.487,0.014
77.89,-11.911,0.001,-1.493,-11.897,-0.000,1.487,0.014
77.91,-11.911,0.001,-1.493,-11.897,-0.000,1.487,0.014
77.93,-11.911,0.001,-1.493,-11.897,-0.000,1.487,0.015
77.95,-11.911,0.001,-1.493,-11.897,-0.000,1.487,0.015
77.97,-11.912,0.001,-1.494,-11.897,-0.000,1.487,0.016
77.99,-11.912,0.001,-1.494,-11.897,-0.000,1.487,0.016
78.01,-11.913,0.001,-1.494,-11.897,-0.000,1.487,0.017
78.03,-11.913,0.001,-1.494,-11.897,-0.000,1.487,0.017
78.05,-11.913,0.001,-1.495,-11.897,-0.000,1.487,0.018
78.07,-11.913,0.001,-1.495,-11.897,-0.000,1.487,0.018
78.09,-11.914,0.000,-1.496,-11.897,-0.000,1.487,0.018
78.12,-11.914,0.000,-1.496,-11.897,-0.000,1.487,0.018
78.14,-11.914,0.000,-1.496,-11.897,-0.000,1.487,0.019
78.16,-11.914,0.000,-1.496,-11.897,-0.000,1.487,0.019
78.18,-11.914,0.000,-1.496,-11.897,-0.000,1.487,0.019
78.20,-11.915,-0.000,-1.497,-11.897,-0.000,1.487,0.020
78.22,-11.915,-0.000,-1.497,-11.897,-0.000,1.487,0.020
78.24,-11.915,-0.001,-1.498,-11.897,-0.000,1.487,0.020
78.26,-11.915,-0.001,-1.498,-11.897,-0.000,1.487,0.020
78.28,-11.915,-0.001,-1.498,-11.897,-0.000,1.487,0.020
78.30,-11.915,-0.001,-1.498,-11.897,-0.000,1.487,0.020
78.32,-11.914,-0.002,-1.499,-11.897,-0.000,1.487,0.020
78.34,-11.914,-0.002,-1.499,-11.897,-0.000,1.487,0.020
78.37,-11.914,-0.002,-1.499,-11.897,-0.000,1.487,0.020
78.39,-11.914,-0.002,-1.499,-11.897,-0.000,1.487,0.020
78.41,-11.914,-0.002,-1.499,-11.897,-0.000,1.487,0.020
78.43,-11.914,-0.002,-1.499,-11.897,-0.000,1.487,0.020
78.45,-11.913,-0.003,-1.499,-11.897,-0.000,1.487,0.020
78.47,-11.913,-0.003,-1.499,-11.897,-0.000,1.487,0.020
78.49,-11.913,-0.003,-1.499,-11.897,-0.000,1.487,0.020
78.51,-11.913,-0.003,-1.499,-11.897,-0.000,1.487,0.020
78.53,-11.912,-0.003,-1.499,-11.897,-0.000,1.487,0.019
78.55,-11.912,-0.003,-1.499,-11.897,-0.000,1.487,0.019
78.57,-11.911,-0.003,-1.499,-11.897,-0.000,1.487,0.019
78.59,-11.911,-0.003,-1.499,-11.897,-0.000,1.487,0.019
78.62,-11.911,-0.003,-1.499,-11.897,-0.000,1.487,0.018
78.64,-11.911,-0.003,-1.499,-11.897,-0.000,1.487,0.018
78.66,-11.910,-0.004,-1.499,-11.897,-0.000,1.487,0.017
78.68,-11.910,-0.004,-1.499,-11.897,-0.000,1.487,0.017
78.70,-11.910,-0.004,-1.499,-11.897,-0.000,1.487,0.017
78.72,-11.910,-0.004,-1.498,-11.897,-0.000,1.487,0.017
78.74,-11.910,-0.004,-1.498,-11.897,-0.000,1.487,0.017
78.76,-11.909,-0.004,-1.498,-11.897,-0.000,1.487,0.017
78.78,-11.909,-0.004,-1.498,-11.897,-0.000,1.487,0.017
78.80,-11.909,-0.005,-1.499,-11.897,-0.000,1.487,0.017
78.82,-11.909,-0.005,-1.499,-11.897,-0.000,1.487,0.017
78.84,-11.908,-0.005,-1.499,-11.897,-0.000,1.487,0.017
78.86,-11.908,-0.005,-1.499,-11.897,-0.000,1.487,0.017
78.89,-11.907,-0.006,-1.499,-11.897,-0.000,1.487,0.017
78.91,-11.907,-0.006,-1.499,-11.897,-0.000,1.487,0.017
78.93,-11.907,-0.006,-1.500,-11.897,-0.000,1.487,0.017
78.95,-11.907,-0.006,-1.500,-11.897,-0.000,1.487,0.017
78.97,-11.906,-0.006,-1.501,-11.897,-0.000,1.487,0.017
78.99,-11.906,-0.006,-1.501,-11.897,-0.000,1.487,0.017
79.01,-11.905,-0.007,-1.501,-11.897,-0.000,1.487,0.017
79.03,-11.905,-0.007,-1.501,-11.897,-0.000,1.487,0.017
79.05,-11.904,-0.007,-1.501,-11.897,-0.000,1.487,0.017
79.07,-11.904,-0.007,-1.501,-11.897,-0.000,1.487,0.017
79.09,-11.903,-0.008,-1.502,-11.897,-0.000,1.487,0.017
79.11,-11.903,-0.008,-1.502,-11.897,-0.000,1.487,0.017
79.14,-11.902,-0.009,-1.502,-11.897,-0.000,1.487,0.017
79.16,-11.902,-0.009,-1.502,-11.897,-0.000,1.487,0.017
79.18,-11.902,-0.009,-1.502,-11.897,-0.000,1.487,0.017
79.20,-11.901,-0.010,-1.502,-11.897,-0.000,1.487,0.018
79.22,-11.901,-0.010,-1.502,-11.897,-0.000,1.487,0.018
79.24,-11.899,-0.011,-1.501,-11.897,-0.000,1.487,0.018
79.26,-11.899,-0.011,-1.501,-11.897,-0.000,1.487,0.018
79.28,-11.898,-0.011,-1.501,-11.897,-0.000,1.487,0.018
79.30,-11.898,-0.011,-1.501,-11.897,-0.000,1.487,0.018
79.32,-11.897,-0.012,-1.500,-11.897,-0.000,1.487,0.018
79.34,-11.897,-0.012,-1.500,-11.897,-0.000,1.487,0.018
79.37,-11.896,-0.013,-1.500,-11.897,-0.000,1.487,0.018
79.39,-11.896,-0.013,-1.500,-11.897,-0.000,1.487,0.018
79.41,-11.895,-0.014,-1.499,-11.897,-0.000,1.487,0.019
79.43,-11.895,-0.014,-1.499,-11.897,-0.000,1.487,0.019
79.45,-11.894,-0.015,-1.499,-11.897,-0.000,1.487,0.019
79.47,-11.894,-0.015,-1.499,-11.897,-0.000,1.487,0.019
79.49,-11.893,-0.016,-1.499,-11.897,-0.000,1.487,0.020
79.51,-11.893,-0.016,-1.499,-11.897,-0.000,1.487,0.020
79.53,-11.893,-0.016,-1.499,-11.897,-0.000,1.487,0.020
79.55,-11.893,-0.016,-1.499,-11.897,-0.000,1.487,0.020
79.57,-11.892,-0.017,-1.499,-11.897,-0.000,1.487,0.021
79.59,-11.892,-0.017,-1.499,-11.897,-0.000,1.487,0.021
79.62,-11.891,-0.017,-1.499,-11.897,-0.000,1.487,0.021
79.64,-11.891,-0.017,-1.499,-11.897,-0.000,1.487,0.021
79.66,-11.891,-0.017,-1.499,-11.897,-0.000,1.487,0.021
79.68,-11.891,-0.017,-1.499,-11.897,-0.000,1.487,0.021
79.70,-11.891,-0.017,-1.499,-11.897,-0.000,1.487,0.021
79.72,-11.891,-0.017,-1.498,-11.897,-0.000,1.487,0.021
79.74,-11.891,-0.017,-1.498,-11.897,-0.000,1.487,0.021
79.76,-11.890,-0.017,-1.498,-11.897,-0.000,1.487,0.021
79.78,-11.890,-0.017,-1.498,-11.897,-0.000,1.487,0.021
79.80,-11.890,-0.017,-1.498,-11.897,-0.000,1.487,0.021
79.82,-11.890,-0.017,-1.498,-11.897,-0.000,1.487,0.021
79.84,-11.890,-0.017,-1.498,-11.897,-0.000,1.487,0.021
79.87,-11.890,-0.017,-1.498,-11.897,-0.000,1.487,0.021
79.89,-11.890,-0.017,-1.498,-11.897,-0.000,1.487,0.021
79.91,-11.890,-0.017,-1.498,-11.897,-0.000,1.487,0.021
79.93,-11.890,-0.016,-1.497,-11.897,-0.000,1.487,0.021
79.95,-11.890,-0.016,-1.497,-11.897,-0.000,1.487,0.021
79.97,-11.889,-0.016,-1.497,-11.897,-0.000,1.487,0.021
79.99,-11.889,-0.016,-1.497,-11.897,-0.000,1.487,0.021
80.01,-11.889,-0.016,-1.497,-11.897,-0.000,1.487,0.021
80.03,-11.889,-0.016,-1.497,-11.897,-0.000,1.487,0.021
80.05,-11.889,-0.016,-1.497,-11.897,-0.000,1.487,0.021
80.07,-11.889,-0.016,-1.497,-11.897,-0.000,1.487,0.021
80.09,-11.888,-0.016,-1.497,-11.897,-0.000,1.487,0.020
80.12,-11.888,-0.016,-1.497,-11.897,-0.000,1.487,0.020
80.14,-11.888,-0.016,-1.496,-11.897,-0.000,1.487,0.020
80.16,-11.888,-0.016,-1.496,-11.897,-0.000,1.487,0.020
80.18,-11.888,-0.016,-1.496,-11.897,-0.000,1.487,0.020
80.20,-11.888,-0.016,-1.496,-11.897,-0.000,1.487,0.020
80.22,-11.888,-0.016,-1.496,-11.897,-0.000,1.487,0.020
80.24,-11.888,-0.016,-1.496,-11.897,-0.000,1.487,0.020
80.26,-11.888,-0.016,-1.496,-11.897,-0.000,1.487,0.020
80.28,-11.889,-0.016,-1.496,-11.897,-0.000,1.487,0.020
80.30,-11.889,-0.016,-1.496,-11.897,-0.000,1.487,0.020
80.32,-11.889,-0.016,-1.496,-11.897,-0.000,1.487,0.020
80.34,-11.889,-0.016,-1.496,-11.897,-0.000,1.487,0.020
80.36,-11.890,-0.016,-1.496,-11.897,-0.000,1.487,0.019
80.38,-11.890,-0.016,-1.496,-11.897,-0.000,1.487,0.019
80.41,-11.890,-0.016,-1.496,-11.897,-0.000,1.487,0.019
80.43,-11.890,-0.016,-1.496,-11.897,-0.000,1.487,0.019
80.45,-11.890,-0.016,-1.496,-11.897,-0.000,1.487,0.019
80.47,-11.890,-0.016,-1.496,-11.897,-0.000,1.487,0.019
80.49,-11.891,-0.016,-1.496,-11.897,-0.000,1.487,0.019
80.51,-11.891,-0.016,-1.496,-11.897,-0.000,1.487,0.019
80.53,-11.891,-0.016,-1.496,-11.897,-0.000,1.487,0.019
80.55,-11.891,-0.016,-1.496,-11.897,-0.000,1.487,0.019
80.57,-11.892,-0.017,-1.496,-11.897,-0.000,1.487,0.019
80.59,-11.892,-0.017,-1.496,-11.897,-0.000,1.487,0.019
80.61,-11.892,-0.017,-1.496,-11.897,-0.000,1.487,0.020
80.63,-11.892,-0.017,-1.496,-11.897,-0.000,1.487,0.020
80.66,-11.893,-0.018,-1.496,-11.897,-0.000,1.487,0.020
80.68,-11.893,-0.018,-1.496,-11.897,-0.000,1.487,0.020
80.70,-11.893,-0.018,-1.496,-11.897,-0.000,1.487,0.020
80.72,-11.894,-0.019,-1.495,-11.897,-0.000,1.487,0.021
80.74,-11.894,-0.019,-1.495,-11.897,-0.000,1.487,0.021
80.76,-11.895,-0.020,-1.495,-11.897,-0.000,1.487,0.021
80.78,-11.895,-0.020,-1.495,-11.897,-0.000,1.487,0.021
80.80,-11.895,-0.020,-1.495,-11.897,-0.000,1.487,0.022
80.82,-11.895,-0.020,-1.495,-11.897,-0.000,1.487,0.022
80.84,-11.896,-0.021,-1.495,-11.897,-0.000,1.487,0.022
80.86,-11.896,-0.021,-1.495,-11.897,-0.000,1.487,0.022
80.88,-11.896,-0.022,-1.495,-11.897,-0.000,1.487,0.023
80.90,-11.896,-0.022,-1.495,-11.897,-0.000,1.487,0.023
80.93,-11.897,-0.022,-1.495,-11.897,-0.000,1.487,0.024
80.95,-11.897,-0.022,-1.495,-11.897,-0.000,1.487,0.024
80.97,-11.897,-0.023,-1.495,-11.897,-0.000,1.487,0.024
80.99,-11.897,-0.023,-1.495,-11.897,-0.000,1.487,0.024
81.01,-11.897,-0.023,-1.495,-11.897,-0.000,1.487,0.024
81.03,-11.897,-0.023,-1.495,-11.897,-0.000,1.487,0.024
81.05,-11.898,-0.023,-1.495,-11.897,-0.000,1.487,0.025
81.07,-11.898,-0.023,-1.495,-11.897,-0.000,1.487,0.025
81.09,-11.898,-0.024,-1.496,-11.897,-0.000,1.487,0.025
81.11,-11.898,-0.024,-1.496,-11.897,-0.000,1.487,0.025
81.13,-11.898,-0.023,-1.496,-11.897,-0.000,1.487,0.025
81.15,-11.898,-0.023,-1.496,-11.897,-0.000,1.487,0.025
81.18,-11.899,-0.023,-1.496,-11.897,-0.000,1.487,0.025
81.20,-11.899,-0.023,-1.496,-11.897,-0.000,1.487,0.025
81.22,-11.899,-0.023,-1.496,-11.897,-0.000,1.487,0.025
81.24,-11.899,-0.023,-1.495,-11.897,-0.000,1.487,0.024
81.26,-11.899,-0.023,-1.495,-11.897,-0.000,1.487,0.024
81.28,-11.900,-0.022,-1.495,-11.897,-0.000,1.487,0.024
81.30,-11.900,-0.022,-1.495,-11.897,-0.000,1.487,0.024
81.32,-11.900,-0.022,-1.495,-11.897,-0.000,1.487,0.024
81.34,-11.900,-0.022,-1.495,-11.897,-0.000,1.487,0.024
81.36,-11.901,-0.022,-1.495,-11.897,-0.000,1.487,0.023
81.38,-11.901,-0.022,-1.495,-11.897,-0.000,1.487,0.023
81.40,-11.901,-0.022,-1.494,-11.897,-0.000,1.487,0.023
81.42,-11.901,-0.022,-1.494,-11.897,-0.000,1.487,0.023
81.45,-11.901,-0.022,-1.494,-11.897,-0.000,1.487,0.023
81.47,-11.901,-0.022,-1.494,-11.897,-0.000,1.487,0.023
81.49,-11.901,-0.022,-1.493,-11.897,-0.000,1.487,0.023
81.51,-11.901,-0.022,-1.493,-11.897,-0.000,1.487,0.023
81.53,-11.901,-0.022,-1.493,-11.897,-0.000,1.487,0.023
81.55,-11.901,-0.022,-1.493,-11.897,-0.000,1.487,0.023
81.57,-11.901,-0.023,-1.493,-11.897,-0.000,1.487,0.023
81.59,-11.901,-0.023,-1.493,-11.897,-0.000,1.487,0.023
81.61,-11.900,-0.023,-1.493,-11.897,-0.000,1.487,0.023
81.63,-11.900,-0.023,-1.493,-11.897,-0.000,1.487,0.023
81.65,-11.900,-0.022,-1.492,-11.897,-0.000,1.487,0.023
81.68,-11.900,-0.022,-1.492,-11.897,-0.000,1.487,0.023
81.70,-11.900,-0.022,-1.492,-11.897,-0.000,1.487,0.023
81.72,-11.899,-0.022,-1.492,-11.897,-0.000,1.487,0.022
81.74,-11.899,-0.022,-1.492,-11.897,-0.000,1.487,0.022
81.76,-11.898,-0.021,-1.492,-11.897,-0.000,1.487,0.022
81.78,-11.898,-0.021,-1.492,-11.897,-0.000,1.487,0.022
81.80,-11.897,-0.021,-1.491,-11.897,-0.000,1.487,0.021
81.82,-11.897,-0.021,-1.491,-11.897,-0.000,1.487,0.021
81.84,-11.897,-0.021,-1.491,-11.897,-0.000,1.487,0.021
81.86,-11.897,-0.021,-1.491,-11.897,-0.000,1.487,0.021
81.88,-11.896,-0.020,-1.490,-11.897,-0.000,1.487,0.020
81.90,-11.896,-0.020,-1.490,-11.897,-0.000,1.487,0.020
81.93,-11.896,-0.020,-1.490,-11.897,-0.000,1.487,0.020
81.95,-11.896,-0.020,-1.490,-11.897,-0.000,1.487,0.020
81.97,-11.896,-0.019,-1.489,-11.897,-0.000,1.487,0.019
81.99,-11.896,-0.019,-1.489,-11.897,-0.000,1.487,0.019
82.01,-11.896,-0.018,-1.488,-11.897,-0.000,1.487,0.018
82.03,-11.896,-0.018,-1.488,-11.897,-0.000,1.487,0.018
82.05,-11.897,-0.018,-1.488,-11.897,-0.000,1.487,0.017
82.07,-11.897,-0.018,-1.488,-11.897,-0.000,1.487,0.017
82.09,-11.898,-0.017,-1.487,-11.897,-0.000,1.487,0.017
82.11,-11.898,-0.017,-1.487,-11.897,-0.000,1.487,0.017
82.13,-11.898,-0.016,-1.487,-11.897,-0.000,1.487,0.016
82.15,-11.898,-0.016,-1.487,-11.897,-0.000,1.487,0.016
82.18,-11.899,-0.015,-1.486,-11.897,-0.000,1.487,0.015
82.20,-11.899,-0.015,-1.486,-11.897,-0.000,1.487,0.015
82.22,-11.899,-0.015,-1.486,-11.897,-0.000,1.487,0.015
82.24,-11.900,-0.013,-1.485,-11.897,-0.000,1.487,0.014
82.26,-11.900,-0.013,-1.485,-11.897,-0.000,1.487,0.014
82.28,-11.901,-0.012,-1.485,-11.897,-0.000,1.487,0.013
82.30,-11.901,-0.012,-1.485,-11.897,-0.000,1.487,0.013
82.32,-11.902,-0.011,-1.485,-11.897,-0.000,1.487,0.013
82.34,-11.902,-0.011,-1.485,-11.897,-0.000,1.487,0.013
82.36,-11.903,-0.010,-1.485,-11.897,-0.000,1.487,0.012
82.38,-11.903,-0.010,-1.485,-11.897,-0.000,1.487,0.012
82.40,-11.903,-0.009,-1.485,-11.897,-0.000,1.487,0.011
82.42,-11.903,-0.009,-1.485,-11.897,-0.000,1.487,0.011
82.45,-11.904,-0.008,-1.485,-11.897,-0.000,1.487,0.010
82.47,-11.904,-0.008,-1.485,-11.897,-0.000,1.487,0.010
82.49,-11.904,-0.006,-1.485,-11.897,-0.000,1.487,0.010
82.51,-11.904,-0.006,-1.485,-11.897,-0.000,1.487,0.010
82.53,-11.905,-0.005,-1.486,-11.897,-0.000,1.487,0.009
82.55,-11.905,-0.005,-1.486,-11.897,-0.000,1.487,0.009
82.57,-11.905,-0.004,-1.486,-11.897,-0.000,1.487,0.009
82.59,-11.905,-0.004,-1.486,-11.897,-0.000,1.487,0.009
82.61,-11.906,-0.003,-1.487,-11.897,-0.000,1.487,0.009
82.63,-11.906,-0.003,-1.487,-11.897,-0.000,1.487,0.009
82.65,-11.906,-0.002,-1.488,-11.897,-0.000,1.487,0.009
82.68,-11.906,-0.002,-1.488,-11.897,-0.000,1.487,0.009
82.70,-11.906,-0.001,-1.489,-11.897,-0.000,1.487,0.009
82.72,-11.906,-0.001,-1.489,-11.897,-0.000,1.487,0.009
82.74,-11.906,-0.001,-1.489,-11.897,-0.000,1.487,0.009
82.76,-11.907,0.000,-1.490,-11.897,-0.000,1.487,0.010
82.78,-11.907,0.000,-1.490,-11.897,-0.000,1.487,0.010
82.80,-11.907,0.001,-1.490,-11.897,-0.000,1.487,0.010
82.82,-11.907,0.001,-1.490,-11.897,-0.000,1.487,0.010
82.84,-11.907,0.002,-1.491,-11.897,-0.000,1.487,0.011
82.86,-11.907,0.002,-1.491,-11.897,-0.000,1.487,0.011
82.88,-11.907,0.002,-1.491,-11.897,-0.000,1.487,0.011
82.90,-11.907,0.002,-1.491,-11.897,-0.000,1.487,0.011
82.92,-11.908,0.003,-1.492,-11.897,-0.000,1.487,0.011
82.95,-11.908,0.003,-1.492,-11.897,-0.000,1.487,0.011
82.97,-11.908,0.003,-1.492,-11.897,-0.000,1.487,0.012
82.99,-11.908,0.003,-1.492,-11.897,-0.000,1.487,0.012
83.01,-11.908,0.003,-1.492,-11.897,-0.000,1.487,0.012
83.03,-11.908,0.003,-1.492,-11.897,-0.000,1.487,0.012
83.05,-11.908,0.004,-1.492,-11.897,-0.000,1.487,0.012
83.07,-11.908,0.004,-1.492,-11.897,-0.000,1.487,0.012
83.09,-11.908,0.004,-1.492,-11.897,-0.000,1.487,0.013
83.11,-11.908,0.004,-1.492,-11.897,-0.000,1.487,0.013
83.13,-11.908,0.005,-1.492,-11.897,-0.000,1.487,0.013
83.15,-11.908,0.005,-1.492,-11.897,-0.000,1.487,0.013
83.17,-11.908,0.005,-1.491,-11.897,-0.000,1.487,0.013
83.19,-11.908,0.005,-1.491,-11.897,-0.000,1.487,0.013
83.22,-11.908,0.005,-1.491,-11.897,-0.000,1.487,0.013
83.24,-11.909,0.005,-1.491,-11.897,-0.000,1.487,0.013
83.26,-11.909,0.005,-1.491,-11.897,-0.000,1.487,0.013
83.28,-11.909,0.005,-1.490,-11.897,-0.000,1.487,0.013
83.30,-11.909,0.005,-1.490,-11.897,-0.000,1.487,0.013
83.32,-11.909,0.005,-1.490,-11.897,-0.000,1.487,0.013
83.34,-11.909,0.005,-1.490,-11.897,-0.000,1.487,0.013
83.36,-11.909,0.005,-1.490,-11.897,-0.000,1.487,0.013
83.38,-11.909,0.005,-1.490,-11.897,-0.000,1.487,0.013
83.40,-11.909,0.006,-1.489,-11.897,-0.000,1.487,0.013
83.42,-11.909,0.006,-1.489,-11.897,-0.000,1.487,0.013
83.44,-11.909,0.006,-1.489,-11.897,-0.000,1.487,0.013
83.46,-11.909,0.006,-1.489,-11.897,-0.000,1.487,0.013
83.49,-11.909,0.006,-1.489,-11.897,-0.000,1.487,0.014
83.51,-11.909,0.006,-1.489,-11.897,-0.000,1.487,0.014
83.53,-11.909,0.007,-1.488,-11.897,-0.000,1.487,0.014
83.55,-11.909,0.007,-1.488,-11.897,-0.000,1.487,0.014
83.57,-11.909,0.007,-1.488,-11.897,-0.000,1.487,0.014
83.59,-11.909,0.007,-1.488,-11.897,-0.000,1.487,0.014
83.61,-11.908,0.008,-1.488,-11.897,-0.000,1.487,0.013
83.63,-11.908,0.008,-1.488,-11.897,-0.000,1.487,0.013
83.65,-11.908,0.008,-1.488,-11.897,-0.000,1.487,0.013
83.67,-11.908,0.008,-1.488,-11.897,-0.000,1.487,0.013
83.69,-11.907,0.008,-1.488,-11.897,-0.000,1.487,0.013
83.71,-11.907,0.008,-1.488,-11.897,-0.000,1.487,0.013
83.74,-11.907,0.008,-1.488,-11.897,-0.000,1.487,0.013
83.76,-11.905,0.008,-1.487,-11.897,-0.000,1.487,0.012
83.78,-11.905,0.008,-1.487,-11.897,-0.000,1.487,0.012
83.80,-11.904,0.009,-1.487,-11.897,-0.000,1.487,0.011
83.82,-11.904,0.009,-1.487,-11.897,-0.000,1.487,0.011
83.84,-11.903,0.009,-1.487,-11.897,-0.000,1.487,0.011
83.86,-11.903,0.009,-1.487,-11.897,-0.000,1.487,0.011
83.88,-11.902,0.009,-1.487,-11.897,-0.000,1.487,0.010
83.90,-11.902,0.009,-1.487,-11.897,-0.000,1.487,0.010
83.92,-11.902,0.009,-1.487,-11.897,-0.000,1.487,0.010
83.94,-11.902,0.009,-1.487,-11.897,-0.000,1.487,0.010
83.96,-11.901,0.010,-1.487,-11.897,-0.000,1.487,0.010
83.99,-11.901,0.010,-1.487,-11.897,-0.000,1.487,0.010
84.01,-11.900,0.010,-1.487,-11.897,-0.000,1.487,0.010
84.03,-11.900,0.010,-1.487,-11.897,-0.000,1.487,0.010
84.05,-11.900,0.010,-1.487,-11.897,-0.000,1.487,0.011
84.07,-11.900,0.010,-1.487,-11.897,-0.000,1.487,0.011
84.09,-11.900,0.011,-1.488,-11.897,-0.000,1.487,0.011
84.11,-11.900,0.011,-1.488,-11.897,-0.000,1.487,0.011
84.13,-11.900,0.011,-1.488,-11.897,-0.000,1.487,0.011
84.15,-11.900,0.011,-1.488,-11.897,-0.000,1.487,0.011
84.17,-11.900,0.011,-1.488,-11.897,-0.000,1.487,0.012
84.19,-11.900,0.011,-1.488,-11.897,-0.000,1.487,0.012
84.22,-11.900,0.011,-1.488,-11.897,-0.000,1.487,0.012
84.24,-11.900,0.012,-1.489,-11.897,-0.000,1.487,0.012
84.26,-11.900,0.012,-1.489,-11.897,-0.000,1.487,0.012
84.28,-11.900,0.012,-1.489,-11.897,-0.000,1.487,0.013
84.30,-11.900,0.012,-1.489,-11.897,-0.000,1.487,0.013
84.32,-11.900,0.013,-1.490,-11.897,-0.000,1.487,0.013
84.34,-11.900,0.013,-1.490,-11.897,-0.000,1.487,0.013
84.36,-11.900,0.013,-1.490,-11.897,-0.000,1.487,0.014
84.38,-11.900,0.013,-1.490,-11.897,-0.000,1.487,0.014
84.40,-11.900,0.013,-1.491,-11.897,-0.000,1.487,0.014
84.42,-11.900,0.013,-1.491,-11.897,-0.000,1.487,0.014
84.45,-11.900,0.014,-1.491,-11.897,-0.000,1.487,0.015
84.47,-11.900,0.014,-1.491,-11.897,-0.000,1.487,0.015
84.49,-11.900,0.014,-1.491,-11.897,-0.000,1.487,0.015
84.51,-11.900,0.014,-1.491,-11.897,-0.000,1.487,0.015
84.53,-11.900,0.014,-1.491,-11.897,-0.000,1.487,0.015
84.55,-11.900,0.014,-1.491,-11.897,-0.000,1.487,0.015
84.57,-11.901,0.014,-1.491,-11.897,-0.000,1.487,0.015
84.59,-11.901,0.014,-1.491,-11.897,-0.000,1.487,0.015
84.61,-11.901,0.014,-1.492,-11.897,-0.000,1.487,0.015
84.63,-11.901,0.014,-1.492,-11.897,-0.000,1.487,0.015
84.65,-11.902,0.014,-1.492,-11.897,-0.000,1.487,0.015
84.67,-11.902,0.014,-1.492,-11.897,-0.000,1.487,0.015
84.70,-11.902,0.013,-1.492,-11.897,-0.000,1.487,0.015
84.72,-11.902,0.013,-1.492,-11.897,-0.000,1.487,0.015
84.74,-11.902,0.013,-1.492,-11.897,-0.000,1.487,0.015
84.76,-11.904,0.011,-1.492,-11.897,-0.000,1.487,0.014
84.78,-11.904,0.011,-1.492,-11.897,-0.000,1.487,0.014
84.80,-11.904,0.010,-1.492,-11.897,-0.000,1.487,0.013
84.82,-11.904,0.010,-1.492,-11.897,-0.000,1.487,0.013
84.84,-11.905,0.009,-1.492,-11.897,-0.000,1.487,0.013
84.86,-11.905,0.009,-1.492,-11.897,-0.000,1.487,0.013
84.88,-11.905,0.008,-1.492,-11.897,-0.000,1.487,0.012
84.90,-11.905,0.008,-1.492,-11.897,-0.000,1.487,0.012
84.92,-11.906,0.006,-1.492,-11.897,-0.000,1.487,0.011
84.94,-11.906,0.006,-1.492,-11.897,-0.000,1.487,0.011
84.97,-11.906,0.004,-1.492,-11.897,-0.000,1.487,0.011
84.99,-11.906,0.004,-1.492,-11.897,-0.000,1.487,0.011
85.01,-11.906,0.003,-1.491,-11.897,-0.000,1.487,0.010
85.03,-11.906,0.003,-1.491,-11.897,-0.000,1.487,0.010
85.05,-11.907,0.002,-1.491,-11.897,-0.000,1.487,0.010
85.07,-11.907,0.002,-1.491,-11.897,-0.000,1.487,0.010
85.09,-11.907,0.000,-1.491,-11.897,-0.000,1.487,0.010
85.11,-11.907,0.000,-1.491,-11.897,-0.000,1.487,0.010
85.13,-11.907,-0.001,-1.491,-11.897,-0.000,1.487,0.010
85.15,-11.907,-0.001,-1.491,-11.897,-0.000,1.487,0.010
85.17,-11.907,-0.003,-1.490,-11.897,-0.000,1.487,0.010
85.19,-11.907,-0.003,-1.490,-11.897,-0.000,1.487,0.010
85.21,-11.907,-0.004,-1.490,-11.897,-0.000,1.487,0.011
85.24,-11.907,-0.004,-1.490,-11.897,-0.000,1.487,0.011
85.26,-11.907,-0.004,-1.490,-11.897,-0.000,1.487,0.011
85.28,-11.907,-0.006,-1.489,-11.897,-0.000,1.487,0.011
85.30,-11.907,-0.006,-1.489,-11.897,-0.000,1.487,0.011
85.32,-11.906,-0.007,-1.488,-11.897,-0.000,1.487,0.011
85.34,-11.906,-0.007,-1.488,-11.897,-0.000,1.487,0.011
85.36,-11.906,-0.007,-1.488,-11.897,-0.000,1.487,0.011
85.38,-11.906,-0.007,-1.488,-11.897,-0.000,1.487,0.011
85.40,-11.905,-0.008,-1.487,-11.897,-0.000,1.487,0.011
85.42,-11.905,-0.008,-1.487,-11.897,-0.000,1.487,0.011
85.44,-11.905,-0.009,-1.487,-11.897,-0.000,1.487,0.011
85.47,-11.905,-0.009,-1.487,-11.897,-0.000,1.487,0.011
85.49,-11.904,-0.009,-1.486,-11.897,-0.000,1.487,0.011
85.51,-11.904,-0.009,-1.486,-11.897,-0.000,1.487,0.011
85.53,-11.903,-0.010,-1.486,-11.897,-0.000,1.487,0.011
85.55,-11.903,-0.010,-1.486,-11.897,-0.000,1.487,0.011
85.57,-11.902,-0.010,-1.486,-11.897,-0.000,1.487,0.011
85.59,-11.902,-0.010,-1.486,-11.897,-0.000,1.487,0.011
85.61,-11.901,-0.011,-1.485,-11.897,-0.000,1.487,0.011
85.63,-11.901,-0.011,-1.485,-11.897,-0.000,1.487,0.011
85.65,-11.900,-0.011,-1.485,-11.897,-0.000,1.487,0.011
85.67,-11.900,-0.011,-1.485,-11.897,-0.000,1.487,0.011
85.69,-11.900,-0.011,-1.485,-11.897,-0.000,1.487,0.011
85.71,-11.900,-0.011,-1.485,-11.897,-0.000,1.487,0.011
85.73,-11.900,-0.011,-1.485,-11.897,-0.000,1.487,0.011
85.76,-11.899,-0.011,-1.485,-11.897,-0.000,1.487,0.011
85.78,-11.899,-0.011,-1.485,-11.897,-0.000,1.487,0.011
85.80,-11.898,-0.011,-1.485,-11.897,-0.000,1.487,0.011
85.82,-11.898,-0.011,-1.485,-11.897,-0.000,1.487,0.011
85.84,-11.898,-0.010,-1.485,-11.897,-0.000,1.487,0.010
85.86,-11.898,-0.010,-1.485,-11.897,-0.000,1.487,0.010
85.88,-11.898,-0.010,-1.486,-11.897,-0.000,1.487,0.010
85.90,-11.898,-0.010,-1.486,-11.897,-0.000,1.487,0.010
85.92,-11.898,-0.009,-1.486,-11.897,-0.000,1.487,0.009
85.94,-11.898,-0.009,-1.486,-11.897,-0.000,1.487,0.009
85.96,-11.898,-0.009,-1.486,-11.897,-0.000,1.487,0.009
85.98,-11.898,-0.009,-1.486,-11.897,-0.000,1.487,0.009
86.01,-11.898,-0.009,-1.487,-11.897,-0.000,1.487,0.009
86.03,-11.898,-0.009,-1.487,-11.897,-0.000,1.487,0.009
86.05,-11.898,-0.008,-1.487,-11.897,-0.000,1.487,0.008
86.07,-11.898,-0.008,-1.487,-11.897,-0.000,1.487,0.008
86.09,-11.898,-0.008,-1.488,-11.897,-0.000,1.487,0.008
86.11,-11.898,-0.008,-1.488,-11.897,-0.000,1.487,0.008
86.13,-11.898,-0.008,-1.488,-11.897,-0.000,1.487,0.008
86.15,-11.898,-0.008,-1.488,-11.897,-0.000,1.487,0.008
86.17,-11.898,-0.008,-1.489,-11.897,-0.000,1.487,0.008
86.19,-11.898,-0.008,-1.489,-11.897,-0.000,1.487,0.008
86.21,-11.898,-0.008,-1.489,-11.897,-0.000,1.487,0.008
86.23,-11.898,-0.008,-1.489,-11.897,-0.000,1.487,0.008
86.26,-11.898,-0.008,-1.489,-11.897,-0.000,1.487,0.008
86.28,-11.899,-0.008,-1.489,-11.897,-0.000,1.487,0.008
86.30,-11.899,-0.008,-1.489,-11.897,-0.000,1.487,0.008
86.32,-11.899,-0.008,-1.488,-11.897,-0.000,1.487,0.009
86.34,-11.899,-0.008,-1.488,-11.897,-0.000,1.487,0.009
86.36,-11.899,-0.009,-1.488,-11.897,-0.000,1.487,0.009
86.38,-11.899,-0.009,-1.488,-11.897,-0.000,1.487,0.009
86.40,-11.900,-0.010,-1.487,-11.897,-0.000,1.487,0.010
86.42,-11.900,-0.010,-1.487,-11.897,-0.000,1.487,0.010
86.44,-11.900,-0.011,-1.487,-11.897,-0.000,1.487,0.011
86.46,-11.900,-0.011,-1.487,-11.897,-0.000,1.487,0.011
86.48,-11.901,-0.013,-1.487,-11.897,-0.000,1.487,0.013
86.51,-11.901,-0.013,-1.487,-11.897,-0.000,1.487,0.013
86.53,-11.901,-0.014,-1.487,-11.897,-0.000,1.487,0.014
86.55,-11.901,-0.014,-1.487,-11.897,-0.000,1.487,0.014
86.57,-11.901,-0.015,-1.486,-11.897,-0.000,1.487,0.016
86.59,-11.901,-0.015,-1.486,-11.897,-0.000,1.487,0.016
86.61,-11.902,-0.016,-1.486,-11.897,-0.000,1.487,0.017
86.63,-11.902,-0.016,-1.486,-11.897,-0.000,1.487,0.017
86.65,-11.902,-0.017,-1.486,-11.897,-0.000,1.487,0.018
86.67,-11.902,-0.017,-1.486,-11.897,-0.000,1.487,0.018
86.69,-11.902,-0.018,-1.486,-11.897,-0.000,1.487,0.019
86.71,-11.902,-0.018,-1.486,-11.897,-0.000,1.487,0.019
86.73,-11.902,-0.018,-1.486,-11.897,-0.000,1.487,0.019
86.76,-11.902,-0.019,-1.486,-11.897,-0.000,1.487,0.020
86.78,-11.902,-0.019,-1.486,-11.897,-0.000,1.487,0.020
86.80,-11.902,-0.020,-1.486,-11.897,-0.000,1.487,0.021
86.82,-11.902,-0.020,-1.486,-11.897,-0.000,1.487,0.021
86.84,-11.902,-0.021,-1.486,-11.897,-0.000,1.487,0.022
86.86,-11.902,-0.021,-1.486,-11.897,-0.000,1.487,0.022
86.88,-11.902,-0.022,-1.486,-11.897,-0.000,1.487,0.022
86.90,-11.902,-0.022,-1.486,-11.897,-0.000,1.487,0.022
86.92,-11.902,-0.023,-1.486,-11.897,-0.000,1.487,0.023
86.94,-11.902,-0.023,-1.486,-11.897,-0.000,1.487,0.023
86.96,-11.903,-0.023,-1.487,-11.897,-0.000,1.487,0.024
86.98,-11.903,-0.023,-1.487,-11.897,-0.000,1.487,0.024
87.01,-11.903,-0.024,-1.487,-11.897,-0.000,1.487,0.024
87.03,-11.903,-0.024,-1.487,-11.897,-0.000,1.487,0.024
87.05,-11.903,-0.024,-1.488,-11.897,-0.000,1.487,0.024
87.07,-11.903,-0.024,-1.488,-11.897,-0.000,1.487,0.024
87.09,-11.904,-0.024,-1.489,-11.897,-0.000,1.487,0.024
87.11,-11.904,-0.024,-1.489,-11.897,-0.000,1.487,0.024
87.13,-11.904,-0.023,-1.490,-11.897,-0.000,1.487,0.024
87.15,-11.904,-0.023,-1.490,-11.897,-0.000,1.487,0.024
87.17,-11.904,-0.023,-1.490,-11.897,-0.000,1.487,0.024
87.19,-11.904,-0.023,-1.490,-11.897,-0.000,1.487,0.024
87.21,-11.903,-0.022,-1.491,-11.897,-0.000,1.487,0.023
87.23,-11.903,-0.022,-1.491,-11.897,-0.000,1.487,0.023
87.25,-11.903,-0.022,-1.491,-11.897,-0.000,1.487,0.023
87.28,-11.903,-0.021,-1.493,-11.897,-0.000,1.487,0.023
87.30,-11.903,-0.021,-1.493,-11.897,-0.000,1.487,0.023
87.32,-11.902,-0.020,-1.494,-11.897,-0.000,1.487,0.022
87.34,-11.902,-0.020,-1.494,-11.897,-0.000,1.487,0.022
87.36,-11.901,-0.019,-1.495,-11.897,-0.000,1.487,0.021
87.38,-11.901,-0.019,-1.495,-11.897,-0.000,1.487,0.021
87.40,-11.900,-0.018,-1.496,-11.897,-0.000,1.487,0.020
87.42,-11.900,-0.018,-1.496,-11.897,-0.000,1.487,0.020
87.44,-11.899,-0.017,-1.496,-11.897,-0.000,1.487,0.019
87.46,-11.899,-0.017,-1.496,-11.897,-0.000,1.487,0.019
87.48,-11.898,-0.016,-1.497,-11.897,-0.000,1.487,0.019
87.50,-11.898,-0.016,-1.497,-11.897,-0.000,1.487,0.019
87.52,-11.897,-0.015,-1.497,-11.897,-0.000,1.487,0.018
87.55,-11.897,-0.015,-1.497,-11.897,-0.000,1.487,0.018
87.57,-11.896,-0.014,-1.498,-11.897,-0.000,1.487,0.018
87.59,-11.896,-0.014,-1.498,-11.897,-0.000,1.487,0.018
87.61,-11.896,-0.013,-1.498,-11.897,-0.000,1.487,0.017
87.63,-11.896,-0.013,-1.498,-11.897,-0.000,1.487,0.017
87.65,-11.895,-0.013,-1.499,-11.897,-0.000,1.487,0.017
87.67,-11.895,-0.013,-1.499,-11.897,-0.000,1.487,0.017
87.69,-11.895,-0.012,-1.499,-11.897,-0.000,1.487,0.017
87.71,-11.895,-0.012,-1.499,-11.897,-0.000,1.487,0.017
87.73,-11.895,-0.011,-1.499,-11.897,-0.000,1.487,0.016
87.75,-11.895,-0.011,-1.499,-11.897,-0.000,1.487,0.016
87.77,-11.895,-0.011,-1.499,-11.897,-0.000,1.487,0.016
87.79,-11.895,-0.010,-1.499,-11.897,-0.000,1.487,0.015
87.82,-11.895,-0.010,-1.499,-11.897,-0.000,1.487,0.015
87.84,-11.895,-0.008,-1.499,-11.897,-0.000,1.487,0.014
87.86,-11.895,-0.008,-1.499,-11.897,-0.000,1.487,0.014
87.88,-11.895,-0.007,-1.498,-11.897,-0.000,1.487,0.013
87.90,-11.895,-0.007,-1.498,-11.897,-0.000,1.487,0.013
87.92,-11.895,-0.006,-1.498,-11.897,-0.000,1.487,0.012
87.94,-11.895,-0.006,-1.498,-11.897,-0.000,1.487,0.012
87.96,-11.895,-0.005,-1.497,-11.897,-0.000,1.487,0.011
87.98,-11.895,-0.005,-1.497,-11.897,-0.000,1.487,0.011
88.00,-11.896,-0.004,-1.496,-11.897,-0.000,1.487,0.009
88.02,-11.896,-0.004,-1.496,-11.897,-0.000,1.487,0.009
88.04,-11.896,-0.002,-1.495,-11.897,-0.000,1.487,0.008
88.07,-11.896,-0.002,-1.495,-11.897,-0.000,1.487,0.008
88.09,-11.897,-0.001,-1.493,-11.897,-0.000,1.487,0.006
88.11,-11.897,-0.001,-1.493,-11.897,-0.000,1.487,0.006
88.13,-11.898,-0.000,-1.492,-11.897,-0.000,1.487,0.005
88.15,-11.898,-0.000,-1.492,-11.897,-0.000,1.487,0.005
88.17,-11.898,0.001,-1.491,-11.897,-0.000,1.487,0.003
88.19,-11.898,0.001,-1.491,-11.897,-0.000,1.487,0.003
88.21,-11.899,0.001,-1.489,-11.897,-0.000,1.487,0.003
88.23,-11.899,0.001,-1.489,-11.897,-0.000,1.487,0.003
88.25,-11.899,0.001,-1.489,-11.897,-0.000,1.487,0.003
88.27,-11.901,0.003,-1.488,-11.897,-0.000,1.487,0.004
88.29,-11.901,0.003,-1.488,-11.897,-0.000,1.487,0.004
88.32,-11.902,0.004,-1.487,-11.897,-0.000,1.487,0.006
88.34,-11.902,0.004,-1.487,-11.897,-0.000,1.487,0.006
88.36,-11.904,0.005,-1.486,-11.897,-0.000,1.487,0.008
88.38,-11.904,0.005,-1.486,-11.897,-0.000,1.487,0.008
88.40,-11.905,0.006,-1.485,-11.897,-0.000,1.487,0.010
88.42,-11.905,0.006,-1.485,-11.897,-0.000,1.487,0.010
88.44,-11.907,0.007,-1.485,-11.897,-0.000,1.487,0.012
88.46,-11.907,0.007,-1.485,-11.897,-0.000,1.487,0.012
88.48,-11.908,0.008,-1.485,-11.897,-0.000,1.487,0.014
88.50,-11.908,0.008,-1.485,-11.897,-0.000,1.487,0.014
88.52,-11.910,0.009,-1.485,-11.897,-0.000,1.487,0.016
88.55,-11.910,0.009,-1.485,-11.897,-0.000,1.487,0.016
88.57,-11.912,0.009,-1.485,-11.897,-0.000,1.487,0.018
88.59,-11.912,0.009,-1.485,-11.897,-0.000,1.487,0.018
88.61,-11.913,0.010,-1.485,-11.897,-0.000,1.487,0.019
88.63,-11.913,0.010,-1.485,-11.897,-0.000,1.487,0.019
88.65,-11.915,0.011,-1.485,-11.897,-0.000,1.487,0.021
88.67,-11.915,0.011,-1.485,-11.897,-0.000,1.487,0.021
88.69,-11.916,0.011,-1.485,-11.897,-0.000,1.487,0.022
88.71,-11.916,0.011,-1.485,-11.897,-0.000,1.487,0.022
88.73,-11.917,0.012,-1.486,-11.897,-0.000,1.487,0.023
88.75,-11.917,0.012,-1.486,-11.897,-0.000,1.487,0.023
88.77,-11.917,0.012,-1.486,-11.897,-0.000,1.487,0.023
88.79,-11.918,0.013,-1.487,-11.897,-0.000,1.487,0.025
88.82,-11.918,0.013,-1.487,-11.897,-0.000,1.487,0.025
88.84,-11.919,0.013,-1.487,-11.897,-0.000,1.487,0.025
88.86,-11.919,0.013,-1.487,-11.897,-0.000,1.487,0.025
88.88,-11.920,0.013,-1.488,-11.897,-0.000,1.487,0.026
88.90,-11.920,0.013,-1.488,-11.897,-0.000,1.487,0.026
88.92,-11.920,0.013,-1.488,-11.897,-0.000,1.487,0.027
88.94,-11.920,0.013,-1.488,-11.897,-0.000,1.487,0.027
88.96,-11.921,0.013,-1.488,-11.897,-0.000,1.487,0.027
88.98,-11.921,0.013,-1.488,-11.897,-0.000,1.487,0.027
89.00,-11.921,0.012,-1.488,-11.897,-0.000,1.487,0.027
89.02,-11.921,0.012,-1.488,-11.897,-0.000,1.487,0.027
89.05,-11.922,0.012,-1.488,-11.897,-0.000,1.487,0.027
89.07,-11.922,0.012,-1.488,-11.897,-0.000,1.487,0.027
89.09,-11.922,0.011,-1.488,-11.897,-0.000,1.487,0.027
89.11,-11.922,0.011,-1.488,-11.897,-0.000,1.487,0.027
89.13,-11.922,0.011,-1.487,-11.897,-0.000,1.487,0.027
89.15,-11.922,0.011,-1.487,-11.897,-0.000,1.487,0.027
89.17,-11.922,0.011,-1.487,-11.897,-0.000,1.487,0.027
89.19,-11.922,0.011,-1.487,-11.897,-0.000,1.487,0.027
89.21,-11.922,0.011,-1.486,-11.897,-0.000,1.487,0.027
89.23,-11.922,0.011,-1.486,-11.897,-0.000,1.487,0.027
89.25,-11.922,0.011,-1.486,-11.897,-0.000,1.487,0.027
89.27,-11.922,0.011,-1.485,-11.897,-0.000,1.487,0.027
89.30,-11.922,0.011,-1.485,-11.897,-0.000,1.487,0.027
89.32,-11.922,0.012,-1.485,-11.897,-0.000,1.487,0.027
89.34,-11.922,0.012,-1.485,-11.897,-0.000,1.487,0.027
89.36,-11.921,0.013,-1.484,-11.897,-0.000,1.487,0.027
89.38,-11.921,0.013,-1.484,-11.897,-0.000,1.487,0.027
89.40,-11.921,0.014,-1.484,-11.897,-0.000,1.487,0.027
89.42,-11.921,0.014,-1.484,-11.897,-0.000,1.487,0.027
89.44,-11.920,0.015,-1.483,-11.897,-0.000,1.487,0.028
89.46,-11.920,0.015,-1.483,-11.897,-0.000,1.487,0.028
89.48,-11.920,0.016,-1.482,-11.897,-0.000,1.487,0.028
89.50,-11.920,0.016,-1.482,-11.897,-0.000,1.487,0.028
89.52,-11.920,0.018,-1.482,-11.897,-0.000,1.487,0.029
89.54,-11.920,0.018,-1.482,-11.897,-0.000,1.487,0.029
89.57,-11.919,0.019,-1.481,-11.897,-0.000,1.487,0.030
89.59,-11.919,0.019,-1.481,-11.897,-0.000,1.487,0.030
89.61,-11.919,0.021,-1.481,-11.897,-0.000,1.487,0.031
89.63,-11.919,0.021,-1.481,-11.897,-0.000,1.487,0.031
89.65,-11.918,0.022,-1.481,-11.897,-0.000,1.487,0.031
89.67,-11.918,0.022,-1.481,-11.897,-0.000,1.487,0.031
89.69,-11.918,0.024,-1.480,-11.897,-0.000,1.487,0.032
89.71,-11.918,0.024,-1.480,-11.897,-0.000,1.487,0.032
89.73,-11.917,0.025,-1.480,-11.897,-0.000,1.487,0.033
89.75,-11.917,0.025,-1.480,-11.897,-0.000,1.487,0.033
89.77,-11.917,0.025,-1.480,-11.897,-0.000,1.487,0.033
89.79,-11.917,0.026,-1.480,-11.897,-0.000,1.487,0.033
89.81,-11.917,0.026,-1.480,-11.897,-0.000,1.487,0.033
89.84,-11.916,0.027,-1.479,-11.897,-0.000,1.487,0.034
89.86,-11.916,0.027,-1.479,-11.897,-0.000,1.487,0.034
89.88,-11.916,0.027,-1.479,-11.897,-0.000,1.487,0.034
89.90,-11.916,0.027,-1.479,-11.897,-0.000,1.487,0.034
89.92,-11.915,0.028,-1.479,-11.897,-0.000,1.487,0.034
89.94,-11.915,0.028,-1.479,-11.897,-0.000,1.487,0.034
89.96,-11.915,0.028,-1.479,-11.897,-0.000,1.487,0.034
89.98,-11.915,0.028,-1.479,-11.897,-0.000,1.487,0.034
90.00,-11.914,0.028,-1.479,-11.897,-0.000,1.487,0.033
90.02,-11.914,0.028,-1.479,-11.897,-0.000,1.487,0.033
90.04,-11.913,0.027,-1.478,-11.897,-0.000,1.487,0.033
90.06,-11.913,0.027,-1.478,-11.897,-0.000,1.487,0.033
90.08,-11.913,0.027,-1.478,-11.897,-0.000,1.487,0.032
90.11,-11.913,0.027,-1.478,-11.897,-0.000,1.487,0.032
90.13,-11.912,0.026,-1.478,-11.897,-0.000,1.487,0.032
90.15,-11.912,0.026,-1.478,-11.897,-0.000,1.487,0.032
90.17,-11.911,0.026,-1.477,-11.897,-0.000,1.487,0.031
90.19,-11.911,0.026,-1.477,-11.897,-0.000,1.487,0.031
90.21,-11.911,0.026,-1.477,-11.897,-0.000,1.487,0.031
90.23,-11.911,0.026,-1.477,-11.897,-0.000,1.487,0.031
90.25,-11.910,0.025,-1.476,-11.897,-0.000,1.487,0.030
90.27,-11.910,0.025,-1.476,-11.897,-0.000,1.487,0.030
90.29,-11.910,0.025,-1.476,-11.897,-0.000,1.487,0.030
90.31,-11.909,0.024,-1.475,-11.897,-0.000,1.487,0.030
90.33,-11.909,0.024,-1.475,-11.897,-0.000,1.487,0.030
90.35,-11.908,0.024,-1.474,-11.897,-0.000,1.487,0.029
90.38,-11.908,0.024,-1.474,-11.897,-0.000,1.487,0.029
90.40,-11.907,0.023,-1.473,-11.897,-0.000,1.487,0.029
90.42,-11.907,0.023,-1.473,-11.897,-0.000,1.487,0.029
90.44,-11.906,0.023,-1.473,-11.897,-0.000,1.487,0.029
90.46,-11.906,0.023,-1.473,-11.897,-0.000,1.487,0.029
90.48,-11.905,0.023,-1.472,-11.897,-0.000,1.487,0.029
90.50,-11.905,0.023,-1.472,-11.897,-0.000,1.487,0.029
90.52,-11.904,0.022,-1.471,-11.897,-0.000,1.487,0.029
90.54,-11.904,0.022,-1.471,-11.897,-0.000,1.487,0.029
90.56,-11.903,0.022,-1.470,-11.897,-0.000,1.487,0.029
90.58,-11.903,0.022,-1.470,-11.897,-0.000,1.487,0.029
90.60,-11.902,0.022,-1.469,-11.897,-0.000,1.487,0.029
90.63,-11.902,0.022,-1.469,-11.897,-0.000,1.487,0.029
90.65,-11.900,0.021,-1.468,-11.897,-0.000,1.487,0.029
90.67,-11.900,0.021,-1.468,-11.897,-0.000,1.487,0.029
90.69,-11.900,0.021,-1.468,-11.897,-0.000,1.487,0.029
90.71,-11.900,0.021,-1.468,-11.897,-0.000,1.487,0.029
90.73,-11.899,0.021,-1.468,-11.897,-0.000,1.487,0.029
90.75,-11.899,0.021,-1.468,-11.897,-0.000,1.487,0.029
90.77,-11.899,0.021,-1.468,-11.897,-0.000,1.487,0.029
90.79,-11.897,0.021,-1.467,-11.897,-0.000,1.487,0.029
90.81,-11.897,0.021,-1.467,-11.897,-0.000,1.487,0.029
90.83,-11.897,0.021,-1.467,-11.897,-0.000,1.487,0.029
90.85,-11.897,0.021,-1.467,-11.897,-0.000,1.487,0.029
90.87,-11.897,0.021,-1.467,-11.897,-0.000,1.487,0.029
90.90,-11.897,0.021,-1.467,-11.897,-0.000,1.487,0.029
90.92,-11.896,0.020,-1.467,-11.897,-0.000,1.487,0.029
90.94,-11.896,0.020,-1.467,-11.897,-0.000,1.487,0.029
90.96,-11.896,0.020,-1.468,-11.897,-0.000,1.487,0.028
90.98,-11.896,0.020,-1.468,-11.897,-0.000,1.487,0.028
91.00,-11.896,0.020,-1.468,-11.897,-0.000,1.487,0.028
91.02,-11.896,0.020,-1.468,-11.897,-0.000,1.487,0.028
91.04,-11.896,0.019,-1.468,-11.897,-0.000,1.487,0.027
91.06,-11.896,0.019,-1.468,-11.897,-0.000,1.487,0.027
91.08,-11.896,0.019,-1.468,-11.897,-0.000,1.487,0.027
91.10,-11.896,0.019,-1.468,-11.897,-0.000,1.487,0.027
91.12,-11.896,0.018,-1.468,-11.897,-0.000,1.487,0.026
91.14,-11.896,0.018,-1.468,-11.897,-0.000,1.487,0.026
91.17,-11.896,0.018,-1.469,-11.897,-0.000,1.487,0.026
91.19,-11.896,0.018,-1.469,-11.897,-0.000,1.487,0.026
91.21,-11.896,0.017,-1.469,-11.897,-0.000,1.487,0.025
91.23,-11.896,0.017,-1.469,-11.897,-0.000,1.487,0.025
91.25,-11.896,0.017,-1.470,-11.897,-0.000,1.487,0.024
91.27,-11.896,0.017,-1.470,-11.897,-0.000,1.487,0.024
91.29,-11.896,0.017,-1.470,-11.897,-0.000,1.487,0.024
91.31,-11.896,0.016,-1.470,-11.897,-0.000,1.487,0.023
91.33,-11.896,0.016,-1.470,-11.897,-0.000,1.487,0.023
91.35,-11.896,0.015,-1.471,-11.897,-0.000,1.487,0.022
91.37,-11.896,0.015,-1.471,-11.897,-0.000,1.487,0.022
91.39,-11.896,0.015,-1.472,-11.897,-0.000,1.487,0.021
91.41,-11.896,0.015,-1.472,-11.897,-0.000,1.487,0.021
91.44,-11.896,0.014,-1.473,-11.897,-0.000,1.487,0.021
91.46,-11.896,0.014,-1.473,-11.897,-0.000,1.487,0.021
91.48,-11.896,0.014,-1.474,-11.897,-0.000,1.487,0.019
91.50,-11.896,0.014,-1.474,-11.897,-0.000,1.487,0.019
91.52,-11.896,0.014,-1.475,-11.897,-0.000,1.487,0.019
91.54,-11.896,0.014,-1.475,-11.897,-0.000,1.487,0.019
91.56,-11.896,0.013,-1.476,-11.897,-0.000,1.487,0.018
91.58,-11.896,0.013,-1.476,-11.897,-0.000,1.487,0.018
91.60,-11.896,0.014,-1.477,-11.897,-0.000,1.487,0.017
91.62,-11.896,0.014,-1.477,-11.897,-0.000,1.487,0.017
91.64,-11.897,0.014,-1.479,-11.897,-0.000,1.487,0.016
91.66,-11.897,0.014,-1.479,-11.897,-0.000,1.487,0.016
91.69,-11.897,0.014,-1.480,-11.897,-0.000,1.487,0.016
91.71,-11.897,0.014,-1.480,-11.897,-0.000,1.487,0.016
91.73,-11.897,0.014,-1.481,-11.897,-0.000,1.487,0.016
91.75,-11.897,0.014,-1.481,-11.897,-0.000,1.487,0.016
91.77,-11.897,0.015,-1.483,-11.897,-0.000,1.487,0.015
91.79,-11.897,0.015,-1.483,-11.897,-0.000,1.487,0.015
91.81,-11.897,0.015,-1.483,-11.897,-0.000,1.487,0.015
91.83,-11.897,0.015,-1.485,-11.897,-0.000,1.487,0.015
91.85,-11.897,0.015,-1.485,-11.897,-0.000,1.487,0.015
91.87,-11.898,0.015,-1.486,-11.897,-0.000,1.487,0.015
91.89,-11.898,0.015,-1.486,-11.897,-0.000,1.487,0.015
91.91,-11.898,0.015,-1.486,-11.897,-0.000,1.487,0.015
91.94,-11.898,0.015,-1.486,-11.897,-0.000,1.487,0.015
91.96,-11.898,0.015,-1.487,-11.897,-0.000,1.487,0.015
91.98,-11.898,0.015,-1.487,-11.897,-0.000,1.487,0.015
92.00,-11.898,0.016,-1.488,-11.897,-0.000,1.487,0.016
92.02,-11.898,0.016,-1.488,-11.897,-0.000,1.487,0.016
92.04,-11.898,0.016,-1.488,-11.897,-0.000,1.487,0.016
92.06,-11.898,0.016,-1.488,-11.897,-0.000,1.487,0.016
92.08,-11.898,0.016,-1.488,-11.897,-0.000,1.487,0.016
92.10,-11.898,0.016,-1.488,-11.897,-0.000,1.487,0.016
92.12,-11.898,0.017,-1.488,-11.897,-0.000,1.487,0.017
92.14,-11.898,0.017,-1.488,-11.897,-0.000,1.487,0.017
92.16,-11.898,0.017,-1.488,-11.897,-0.000,1.487,0.017
92.18,-11.898,0.017,-1.488,-11.897,-0.000,1.487,0.017
92.21,-11.898,0.017,-1.488,-11.897,-0.000,1.487,0.017
92.23,-11.898,0.017,-1.488,-11.897,-0.000,1.487,0.017
92.25,-11.898,0.017,-1.488,-11.897,-0.000,1.487,0.017
92.27,-11.898,0.017,-1.488,-11.897,-0.000,1.487,0.017
92.29,-11.898,0.017,-1.488,-11.897,-0.000,1.487,0.017
92.31,-11.897,0.017,-1.487,-11.897,-0.000,1.487,0.017
92.33,-11.897,0.017,-1.487,-11.897,-0.000,1.487,0.017
92.35,-11.897,0.016,-1.486,-11.897,-0.000,1.487,0.016
92.37,-11.897,0.016,-1.486,-11.897,-0.000,1.487,0.016
92.39,-11.897,0.016,-1.486,-11.897,-0.000,1.487,0.016
92.41,-11.897,0.016,-1.486,-11.897,-0.000,1.487,0.016
92.43,-11.897,0.016,-1.486,-11.897,-0.000,1.487,0.016
92.46,-11.897,0.016,-1.486,-11.897,-0.000,1.487,0.016
92.48,-11.897,0.015,-1.485,-11.897,-0.000,1.487,0.016
92.50,-11.897,0.015,-1.485,-11.897,-0.000,1.487,0.016
92.52,-11.897,0.015,-1.485,-11.897,-0.000,1.487,0.015
92.54,-11.897,0.015,-1.485,-11.897,-0.000,1.487,0.015
92.56,-11.897,0.014,-1.485,-11.897,-0.000,1.487,0.015
92.58,-11.897,0.014,-1.485,-11.897,-0.000,1.487,0.015
92.60,-11.897,0.014,-1.485,-11.897,-0.000,1.487,0.014
92.62,-11.897,0.014,-1.485,-11.897,-0.000,1.487,0.014
92.64,-11.897,0.013,-1.485,-11.897,-0.000,1.487,0.014
92.66,-11.897,0.013,-1.485,-11.897,-0.000,1.487,0.014
92.68,-11.897,0.012,-1.484,-11.897,-0.000,1.487,0.013
92.70,-11.897,0.012,-1.484,-11.897,-0.000,1.487,0.013
92.73,-11.896,0.012,-1.484,-11.897,-0.000,1.487,0.012
92.75,-11.896,0.012,-1.484,-11.897,-0.000,1.487,0.012
92.77,-11.896,0.010,-1.484,-11.897,-0.000,1.487,0.011
92.79,-11.896,0.010,-1.484,-11.897,-0.000,1.487,0.011
92.81,-11.896,0.010,-1.484,-11.897,-0.000,1.487,0.011
92.83,-11.894,0.009,-1.484,-11.897,-0.000,1.487,0.010
92.85,-11.894,0.009,-1.484,-11.897,-0.000,1.487,0.010
92.87,-11.893,0.007,-1.484,-11.897,-0.000,1.487,0.009
92.89,-11.893,0.007,-1.484,-11.897,-0.000,1.487,0.009
92.91,-11.891,0.006,-1.484,-11.897,-0.000,1.487,0.009
92.93,-11.891,0.006,-1.484,-11.897,-0.000,1.487,0.009
92.96,-11.890,0.005,-1.484,-11.897,-0.000,1.487,0.010
92.98,-11.890,0.005,-1.484,-11.897,-0.000,1.487,0.010
93.00,-11.888,0.004,-1.485,-11.897,-0.000,1.487,0.010
93.02,-11.888,0.004,-1.485,-11.897,-0.000,1.487,0.010
93.04,-11.886,0.002,-1.485,-11.897,-0.000,1.487,0.012
93.06,-11.886,0.002,-1.485,-11.897,-0.000,1.487,0.012
93.08,-11.885,0.001,-1.486,-11.897,-0.000,1.487,0.013
93.10,-11.885,0.001,-1.486,-11.897,-0.000,1.487,0.013
93.12,-11.883,0.000,-1.487,-11.897,-0.000,1.487,0.014
93.14,-11.883,0.000,-1.487,-11.897,-0.000,1.487,0.014
93.16,-11.882,-0.001,-1.487,-11.897,-0.000,1.487,0.015
93.18,-11.882,-0.001,-1.487,-11.897,-0.000,1.487,0.015
93.20,-11.881,-0.002,-1.488,-11.897,-0.000,1.487,0.016
93.23,-11.881,-0.002,-1.488,-11.897,-0.000,1.487,0.016
93.25,-11.880,-0.003,-1.488,-11.897,-0.000,1.487,0.017
93.27,-11.880,-0.003,-1.488,-11.897,-0.000,1.487,0.017
93.29,-11.880,-0.003,-1.488,-11.897,-0.000,1.487,0.017
93.31,-11.879,-0.004,-1.489,-11.897,-0.000,1.487,0.018
93.33,-11.879,-0.004,-1.489,-11.897,-0.000,1.487,0.018
93.35,-11.879,-0.004,-1.490,-11.897,-0.000,1.487,0.019
93.37,-11.879,-0.004,-1.490,-11.897,-0.000,1.487,0.019
93.39,-11.879,-0.005,-1.490,-11.897,-0.000,1.487,0.019
93.41,-11.879,-0.005,-1.490,-11.897,-0.000,1.487,0.019
93.43,-11.880,-0.005,-1.490,-11.897,-0.000,1.487,0.019
93.45,-11.880,-0.005,-1.490,-11.897,-0.000,1.487,0.019
93.48,-11.880,-0.005,-1.491,-11.897,-0.000,1.487,0.018
93.50,-11.880,-0.005,-1.491,-11.897,-0.000,1.487,0.018
93.52,-11.881,-0.005,-1.491,-11.897,-0.000,1.487,0.018
93.54,-11.881,-0.005,-1.491,-11.897,-0.000,1.487,0.018
93.56,-11.881,-0.005,-1.492,-11.897,-0.000,1.487,0.018
93.58,-11.881,-0.005,-1.492,-11.897,-0.000,1.487,0.018
93.60,-11.881,-0.005,-1.492,-11.897,-0.000,1.487,0.017
93.62,-11.881,-0.005,-1.492,-11.897,-0.000,1.487,0.017
93.64,-11.882,-0.004,-1.492,-11.897,-0.000,1.487,0.017
93.66,-11.882,-0.004,-1.492,-11.897,-0.000,1.487,0.017
93.68,-11.882,-0.003,-1.493,-11.897,-0.000,1.487,0.016
93.70,-11.882,-0.003,-1.493,-11.897,-0.000,1.487,0.016
93.73,-11.883,-0.002,-1.493,-11.897,-0.000,1.487,0.016
93.75,-11.883,-0.002,-1.493,-11.897,-0.000,1.487,0.016
93.77,-11.884,-0.001,-1.493,-11.897,-0.000,1.487,0.015
93.79,-11.884,-0.001,-1.493,-11.897,-0.000,1.487,0.015
93.81,-11.884,-0.001,-1.493,-11.897,-0.000,1.487,0.015
93.83,-11.884,0.000,-1.494,-11.897,-0.000,1.487,0.015
93.85,-11.884,0.000,-1.494,-11.897,-0.000,1.487,0.015
93.87,-11.885,0.001,-1.494,-11.897,-0.000,1.487,0.014
93.89,-11.885,0.001,-1.494,-11.897,-0.000,1.487,0.014
93.91,-11.885,0.002,-1.495,-11.897,-0.000,1.487,0.014
93.93,-11.885,0.002,-1.495,-11.897,-0.000,1.487,0.014
93.95,-11.886,0.003,-1.495,-11.897,-0.000,1.487,0.014
93.98,-11.886,0.003,-1.495,-11.897,-0.000,1.487,0.014
94.00,-11.886,0.004,-1.495,-11.897,-0.000,1.487,0.014
94.02,-11.886,0.004,-1.495,-11.897,-0.000,1.487,0.014
94.04,-11.887,0.005,-1.496,-11.897,-0.000,1.487,0.014
94.06,-11.887,0.005,-1.496,-11.897,-0.000,1.487,0.014
94.08,-11.887,0.006,-1.496,-11.897,-0.000,1.487,0.014
94.10,-11.887,0.006,-1.496,-11.897,-0.000,1.487,0.014
94.12,-11.888,0.007,-1.496,-11.897,-0.000,1.487,0.015
94.14,-11.888,0.007,-1.496,-11.897,-0.000,1.487,0.015
94.16,-11.889,0.009,-1.496,-11.897,-0.000,1.487,0.015
94.18,-11.889,0.009,-1.496,-11.897,-0.000,1.487,0.015
94.21,-11.889,0.010,-1.495,-11.897,-0.000,1.487,0.015
94.23,-11.889,0.010,-1.495,-11.897,-0.000,1.487,0.015
94.25,-11.890,0.012,-1.495,-11.897,-0.000,1.487,0.016
94.27,-11.890,0.012,-1.495,-11.897,-0.000,1.487,0.016
94.29,-11.891,0.013,-1.495,-11.897,-0.000,1.487,0.017
94.31,-11.891,0.013,-1.495,-11.897,-0.000,1.487,0.017
94.33,-11.891,0.013,-1.495,-11.897,-0.000,1.487,0.017
94.35,-11.892,0.015,-1.495,-11.897,-0.000,1.487,0.018
94.37,-11.892,0.015,-1.495,-11.897,-0.000,1.487,0.018
94.39,-11.892,0.016,-1.495,-11.897,-0.000,1.487,0.018
94.41,-11.892,0.016,-1.495,-11.897,-0.000,1.487,0.018
94.43,-11.893,0.017,-1.494,-11.897,-0.000,1.487,0.019
94.45,-11.893,0.017,-1.494,-11.897,-0.000,1.487,0.019
94.48,-11.893,0.018,-1.494,-11.897,-0.000,1.487,0.020
94.50,-11.893,0.018,-1.494,-11.897,-0.000,1.487,0.020
94.52,-11.894,0.019,-1.493,-11.897,-0.000,1.487,0.021
94.54,-11.894,0.019,-1.493,-11.897,-0.000,1.487,0.021
94.56,-11.894,0.020,-1.493,-11.897,-0.000,1.487,0.021
94.58,-11.894,0.020,-1.493,-11.897,-0.000,1.487,0.021
94.60,-11.895,0.021,-1.493,-11.897,-0.000,1.487,0.022
94.62,-11.895,0.021,-1.493,-11.897,-0.000,1.487,0.022
94.64,-11.895,0.021,-1.493,-11.897,-0.000,1.487,0.022
94.66,-11.895,0.021,-1.493,-11.897,-0.000,1.487,0.022
94.68,-11.896,0.021,-1.493,-11.897,-0.000,1.487,0.022
94.70,-11.896,0.021,-1.493,-11.897,-0.000,1.487,0.022
94.72,-11.896,0.022,-1.493,-11.897,-0.000,1.487,0.022
94.75,-11.896,0.022,-1.493,-11.897,-0.000,1.487,0.022
94.77,-11.896,0.021,-1.493,-11.897,-0.000,1.487,0.022
94.79,-11.896,0.021,-1.493,-11.897,-0.000,1.487,0.022
94.81,-11.896,0.021,-1.493,-11.897,-0.000,1.487,0.022
94.83,-11.897,0.021,-1.493,-11.897,-0.000,1.487,0.021
94.85,-11.897,0.021,-1.493,-11.897,-0.000,1.487,0.021
94.87,-11.896,0.020,-1.493,-11.897,-0.000,1.487,0.020
94.89,-11.896,0.020,-1.493,-11.897,-0.000,1.487,0.020
94.91,-11.896,0.018,-1.492,-11.897,-0.000,1.487,0.019
94.93,-11.896,0.018,-1.492,-11.897,-0.000,1.487,0.019
94.95,-11.896,0.017,-1.492,-11.897,-0.000,1.487,0.018
94.97,-11.896,0.017,-1.492,-11.897,-0.000,1.487,0.018
94.99,-11.896,0.016,-1.492,-11.897,-0.000,1.487,0.017
95.02,-11.896,0.016,-1.492,-11.897,-0.000,1.487,0.017
95.04,-11.896,0.014,-1.491,-11.897,-0.000,1.487,0.014
95.06,-11.896,0.014,-1.491,-11.897,-0.000,1.487,0.014
95.08,-11.896,0.012,-1.491,-11.897,-0.000,1.487,0.012
95.10,-11.896,0.012,-1.491,-11.897,-0.000,1.487,0.012
95.12,-11.895,0.009,-1.491,-11.897,-0.000,1.487,0.010
95.14,-11.895,0.009,-1.491,-11.897,-0.000,1.487,0.010
95.16,-11.895,0.007,-1.491,-11.897,-0.000,1.487,0.008
95.18,-11.895,0.007,-1.491,-11.897,-0.000,1.487,0.008
95.20,-11.895,0.005,-1.491,-11.897,-0.000,1.487,0.007
95.22,-11.895,0.005,-1.491,-11.897,-0.000,1.487,0.007
95.24,-11.894,0.002,-1.492,-11.897,-0.000,1.487,0.006
95.27,-11.894,0.002,-1.492,-11.897,-0.000,1.487,0.006
95.29,-11.894,-0.000,-1.492,-11.897,-0.000,1.487,0.006
95.31,-11.894,-0.000,-1.492,-11.897,-0.000,1.487,0.006
95.33,-11.894,-0.000,-1.492,-11.897,-0.000,1.487,0.006
95.35,-11.894,-0.003,-1.492,-11.897,-0.000,1.487,0.007
95.37,-11.894,-0.003,-1.492,-11.897,-0.000,1.487,0.007
95.39,-11.894,-0.005,-1.492,-11.897,-0.000,1.487,0.008
95.41,-11.894,-0.005,-1.492,-11.897,-0.000,1.487,0.008
95.43,-11.894,-0.006,-1.493,-11.897,-0.000,1.487,0.009
95.45,-11.894,-0.006,-1.493,-11.897,-0.000,1.487,0.009
95.47,-11.894,-0.007,-1.493,-11.897,-0.000,1.487,0.010
95.49,-11.894,-0.007,-1.493,-11.897,-0.000,1.487,0.010
95.52,-11.894,-0.007,-1.494,-11.897,-0.000,1.487,0.010
95.54,-11.894,-0.007,-1.494,-11.897,-0.000,1.487,0.010
95.56,-11.894,-0.008,-1.494,-11.897,-0.000,1.487,0.011
95.58,-11.894,-0.008,-1.494,-11.897,-0.000,1.487,0.011
95.60,-11.895,-0.008,-1.494,-11.897,-0.000,1.487,0.011
95.62,-11.895,-0.008,-1.494,-11.897,-0.000,1.487,0.011
95.64,-11.895,-0.009,-1.494,-11.897,-0.000,1.487,0.011
95.66,-11.895,-0.009,-1.494,-11.897,-0.000,1.487,0.011
95.68,-11.895,-0.009,-1.494,-11.897,-0.000,1.487,0.012
95.70,-11.895,-0.009,-1.494,-11.897,-0.000,1.487,0.012
95.72,-11.896,-0.009,-1.494,-11.897,-0.000,1.487,0.012
95.75,-11.896,-0.009,-1.494,-11.897,-0.000,1.487,0.012
95.77,-11.896,-0.009,-1.494,-11.897,-0.000,1.487,0.012
95.79,-11.896,-0.009,-1.494,-11.897,-0.000,1.487,0.012
95.81,-11.896,-0.009,-1.494,-11.897,-0.000,1.487,0.012
95.83,-11.896,-0.009,-1.494,-11.897,-0.000,1.487,0.012
95.85,-11.896,-0.009,-1.494,-11.897,-0.000,1.487,0.012
95.87,-11.896,-0.009,-1.494,-11.897,-0.000,1.487,0.011
95.89,-11.896,-0.009,-1.494,-11.897,-0.000,1.487,0.011
95.91,-11.896,-0.009,-1.494,-11.897,-0.000,1.487,0.011
95.93,-11.896,-0.009,-1.494,-11.897,-0.000,1.487,0.011
95.95,-11.895,-0.008,-1.494,-11.897,-0.000,1.487,0.011
95.97,-11.895,-0.008,-1.494,-11.897,-0.000,1.487,0.011
95.99,-11.895,-0.008,-1.494,-11.897,-0.000,1.487,0.011
96.02,-11.895,-0.008,-1.494,-11.897,-0.000,1.487,0.011
96.04,-11.895,-0.008,-1.494,-11.897,-0.000,1.487,0.011
96.06,-11.895,-0.008,-1.494,-11.897,-0.000,1.487,0.011
96.08,-11.895,-0.008,-1.494,-11.897,-0.000,1.487,0.011
96.10,-11.895,-0.008,-1.494,-11.897,-0.000,1.487,0.011
96.12,-11.894,-0.007,-1.494,-11.897,-0.000,1.487,0.010
96.14,-11.894,-0.007,-1.494,-11.897,-0.000,1.487,0.010
96.16,-11.894,-0.007,-1.494,-11.897,-0.000,1.487,0.010
96.18,-11.894,-0.007,-1.494,-11.897,-0.000,1.487,0.010
96.20,-11.894,-0.007,-1.494,-11.897,-0.000,1.487,0.011
96.23,-11.894,-0.007,-1.494,-11.897,-0.000,1.487,0.011
96.25,-11.893,-0.007,-1.494,-11.897,-0.000,1.487,0.011
96.27,-11.893,-0.007,-1.494,-11.897,-0.000,1.487,0.011
96.29,-11.893,-0.007,-1.494,-11.897,-0.000,1.487,0.011
96.31,-11.893,-0.007,-1.494,-11.897,-0.000,1.487,0.011
96.33,-11.893,-0.007,-1.494,-11.897,-0.000,1.487,0.011
96.35,-11.892,-0.006,-1.495,-11.897,-0.000,1.487,0.011
96.37,-11.892,-0.006,-1.495,-11.897,-0.000,1.487,0.011
96.39,-11.892,-0.006,-1.495,-11.897,-0.000,1.487,0.011
96.41,-11.892,-0.006,-1.495,-11.897,-0.000,1.487,0.011
96.43,-11.891,-0.006,-1.495,-11.897,-0.000,1.487,0.011
96.45,-11.891,-0.006,-1.495,-11.897,-0.000,1.487,0.011
96.48,-11.891,-0.005,-1.495,-11.897,-0.000,1.487,0.011
96.50,-11.891,-0.005,-1.495,-11.897,-0.000,1.487,0.011
96.52,-11.891,-0.005,-1.495,-11.897,-0.000,1.487,0.011
96.54,-11.891,-0.005,-1.495,-11.897,-0.000,1.487,0.011
96.56,-11.891,-0.005,-1.495,-11.897,-0.000,1.487,0.011
96.58,-11.891,-0.005,-1.495,-11.897,-0.000,1.487,0.011
96.60,-11.891,-0.004,-1.494,-11.897,-0.000,1.487,0.010
96.62,-11.891,-0.004,-1.494,-11.897,-0.000,1.487,0.010
96.65,-11.891,-0.004,-1.494,-11.897,-0.000,1.487,0.010
96.67,-11.891,-0.004,-1.494,-11.897,-0.000,1.487,0.010
96.69,-11.891,-0.003,-1.494,-11.897,-0.000,1.487,0.010
96.71,-11.891,-0.003,-1.494,-11.897,-0.000,1.487,0.010
96.73,-11.891,-0.003,-1.494,-11.897,-0.000,1.487,0.010
96.75,-11.891,-0.003,-1.494,-11.897,-0.000,1.487,0.010
96.77,-11.891,-0.002,-1.494,-11.897,-0.000,1.487,0.010
96.79,-11.891,-0.002,-1.494,-11.897,-0.000,1.487,0.010
96.81,-11.891,-0.002,-1.494,-11.897,-0.000,1.487,0.010
96.83,-11.891,-0.001,-1.494,-11.897,-0.000,1.487,0.010
96.85,-11.891,-0.001,-1.494,-11.897,-0.000,1.487,0.010
96.87,-11.891,-0.001,-1.495,-11.897,-0.000,1.487,0.010
96.89,-11.891,-0.001,-1.495,-11.897,-0.000,1.487,0.010
96.92,-11.891,-0.000,-1.495,-11.897,-0.000,1.487,0.010
96.94,-11.891,-0.000,-1.495,-11.897,-0.000,1.487,0.010
96.96,-11.892,0.000,-1.495,-11.897,-0.000,1.487,0.010
96.98,-11.892,0.000,-1.495,-11.897,-0.000,1.487,0.010
97.00,-11.892,0.001,-1.495,-11.897,-0.000,1.487,0.010
97.02,-11.892,0.001,-1.495,-11.897,-0.000,1.487,0.010
97.04,-11.892,0.001,-1.496,-11.897,-0.000,1.487,0.010
97.06,-11.892,0.001,-1.496,-11.897,-0.000,1.487,0.010
97.08,-11.892,0.002,-1.496,-11.897,-0.000,1.487,0.010
97.10,-11.892,0.002,-1.496,-11.897,-0.000,1.487,0.010
97.12,-11.893,0.003,-1.496,-11.897,-0.000,1.487,0.010
97.14,-11.893,0.003,-1.496,-11.897,-0.000,1.487,0.010
97.16,-11.893,0.004,-1.496,-11.897,-0.000,1.487,0.010
97.19,-11.893,0.004,-1.496,-11.897,-0.000,1.487,0.010
97.21,-11.893,0.005,-1.496,-11.897,-0.000,1.487,0.011
97.23,-11.893,0.005,-1.496,-11.897,-0.000,1.487,0.011
97.25,-11.893,0.006,-1.497,-11.897,-0.000,1.487,0.012
97.27,-11.893,0.006,-1.497,-11.897,-0.000,1.487,0.012
97.29,-11.893,0.007,-1.497,-11.897,-0.000,1.487,0.012
97.31,-11.893,0.007,-1.497,-11.897,-0.000,1.487,0.012
97.33,-11.893,0.007,-1.497,-11.897,-0.000,1.487,0.012
97.35,-11.893,0.009,-1.497,-11.897,-0.000,1.487,0.014
97.37,-11.893,0.009,-1.497,-11.897,-0.000,1.487,0.014
97.39,-11.893,0.010,-1.497,-11.897,-0.000,1.487,0.014
97.41,-11.893,0.010,-1.497,-11.897,-0.000,1.487,0.014
97.44,-11.893,0.011,-1.497,-11.897,-0.000,1.487,0.015
97.46,-11.893,0.011,-1.497,-11.897,-0.000,1.487,0.015
97.48,-11.893,0.013,-1.497,-11.897,-0.000,1.487,0.017
97.50,-11.893,0.013,-1.497,-11.897,-0.000,1.487,0.017
97.52,-11.893,0.014,-1.497,-11.897,-0.000,1.487,0.017
97.54,-11.893,0.014,-1.497,-11.897,-0.000,1.487,0.017
97.56,-11.893,0.015,-1.497,-11.897,-0.000,1.487,0.018
97.58,-11.893,0.015,-1.497,-11.897,-0.000,1.487,0.018
97.60,-11.893,0.016,-1.497,-11.897,-0.000,1.487,0.019
97.62,-11.893,0.016,-1.497,-11.897,-0.000,1.487,0.019
97.64,-11.893,0.017,-1.497,-11.897,-0.000,1.487,0.020
97.66,-11.893,0.017,-1.497,-11.897,-0.000,1.487,0.020
97.69,-11.893,0.017,-1.497,-11.897,-0.000,1.487,0.020
97.71,-11.893,0.017,-1.497,-11.897,-0.000,1.487,0.020
97.73,-11.893,0.018,-1.497,-11.897,-0.000,1.487,0.021
97.75,-11.893,0.018,-1.497,-11.897,-0.000,1.487,0.021
97.77,-11.894,0.018,-1.497,-11.897,-0.000,1.487,0.021
97.79,-11.894,0.018,-1.497,-11.897,-0.000,1.487,0.021
97.81,-11.894,0.018,-1.497,-11.897,-0.000,1.487,0.021
97.83,-11.894,0.018,-1.497,-11.897,-0.000,1.487,0.021
97.85,-11.894,0.018,-1.497,-11.897,-0.000,1.487,0.021
97.87,-11.894,0.017,-1.497,-11.897,-0.000,1.487,0.020
97.89,-11.894,0.017,-1.497,-11.897,-0.000,1.487,0.020
97.91,-11.894,0.017,-1.497,-11.897,-0.000,1.487,0.020
97.93,-11.894,0.017,-1.497,-11.897,-0.000,1.487,0.020
97.96,-11.894,0.016,-1.496,-11.897,-0.000,1.487,0.019
97.98,-11.894,0.016,-1.496,-11.897,-0.000,1.487,0.019
98.00,-11.894,0.015,-1.496,-11.897,-0.000,1.487,0.018
98.02,-11.894,0.015,-1.496,-11.897,-0.000,1.487,0.018
98.04,-11.894,0.014,-1.497,-11.897,-0.000,1.487,0.017
98.06,-11.894,0.014,-1.497,-11.897,-0.000,1.487,0.017
98.08,-11.894,0.013,-1.497,-11.897,-0.000,1.487,0.017
98.10,-11.894,0.013,-1.497,-11.897,-0.000,1.487,0.017
98.12,-11.894,0.012,-1.497,-11.897,-0.000,1.487,0.016
98.14,-11.894,0.012,-1.497,-11.897,-0.000,1.487,0.016
98.16,-11.894,0.011,-1.497,-11.897,-0.000,1.487,0.015
98.18,-11.894,0.011,-1.497,-11.897,-0.000,1.487,0.015
98.21,-11.894,0.010,-1.497,-11.897,-0.000,1.487,0.014
98.23,-11.894,0.010,-1.497,-11.897,-0.000,1.487,0.014
98.25,-11.894,0.008,-1.497,-11.897,-0.000,1.487,0.013
98.27,-11.894,0.008,-1.497,-11.897,-0.000,1.487,0.013
98.29,-11.894,0.007,-1.497,-11.897,-0.000,1.487,0.012
98.31,-11.894,0.007,-1.497,-11.897,-0.000,1.487,0.012
98.33,-11.894,0.007,-1.497,-11.897,-0.000,1.487,0.012
98.35,-11.895,0.005,-1.497,-11.897,-0.000,1.487,0.011
98.37,-11.895,0.005,-1.497,-11.897,-0.000,1.487,0.011
98.39,-11.895,0.003,-1.497,-11.897,-0.000,1.487,0.010
98.41,-11.895,0.003,-1.497,-11.897,-0.000,1.487,0.010
98.43,-11.894,0.002,-1.497,-11.897,-0.000,1.487,0.010
98.45,-11.894,0.002,-1.497,-11.897,-0.000,1.487,0.010
98.48,-11.894,0.000,-1.497,-11.897,-0.000,1.487,0.010
98.50,-11.894,0.000,-1.497,-11.897,-0.000,1.487,0.010
98.52,-11.894,-0.002,-1.497,-11.897,-0.000,1.487,0.010
98.54,-11.894,-0.002,-1.497,-11.897,-0.000,1.487,0.010
98.56,-11.894,-0.003,-1.497,-11.897,-0.000,1.487,0.011
98.58,-11.894,-0.003,-1.497,-11.897,-0.000,1.487,0.011
98.60,-11.893,-0.005,-1.497,-11.897,-0.000,1.487,0.011
98.62,-11.893,-0.005,-1.497,-11.897,-0.000,1.487,0.011
98.64,-11.893,-0.007,-1.497,-11.897,-0.000,1.487,0.013
98.66,-11.893,-0.007,-1.497,-11.897,-0.000,1.487,0.013
98.68,-11.892,-0.008,-1.497,-11.897,-0.000,1.487,0.014
98.70,-11.892,-0.008,-1.497,-11.897,-0.000,1.487,0.014
98.72,-11.892,-0.010,-1.497,-11.897,-0.000,1.487,0.015
98.75,-11.892,-0.010,-1.497,-11.897,-0.000,1.487,0.015
98.77,-11.892,-0.011,-1.497,-11.897,-0.000,1.487,0.016
98.79,-11.892,-0.011,-1.497,-11.897,-0.000,1.487,0.016
98.81,-11.891,-0.012,-1.497,-11.897,-0.000,1.487,0.016
98.83,-11.891,-0.012,-1.497,-11.897,-0.000,1.487,0.016
98.85,-11.891,-0.012,-1.497,-11.897,-0.000,1.487,0.016
98.87,-11.890,-0.014,-1.496,-11.897,-0.000,1.487,0.018
98.89,-11.890,-0.014,-1.496,-11.897,-0.000,1.487,0.018
98.91,-11.889,-0.014,-1.496,-11.897,-0.000,1.487,0.018
98.93,-11.889,-0.014,-1.496,-11.897,-0.000,1.487,0.018
98.95,-11.888,-0.015,-1.496,-11.897,-0.000,1.487,0.019
98.97,-11.888,-0.015,-1.496,-11.897,-0.000,1.487,0.019
98.99,-11.888,-0.015,-1.496,-11.897,-0.000,1.487,0.020
99.02,-11.888,-0.015,-1.496,-11.897,-0.000,1.487,0.020
99.04,-11.886,-0.016,-1.496,-11.897,-0.000,1.487,0.021
99.06,-11.886,-0.016,-1.496,-11.897,-0.000,1.487,0.021
99.08,-11.885,-0.016,-1.496,-11.897,-0.000,1.487,0.022
99.10,-11.885,-0.016,-1.496,-11.897,-0.000,1.487,0.022
99.12,-11.884,-0.016,-1.496,-11.897,-0.000,1.487,0.023
99.14,-11.884,-0.016,-1.496,-11.897,-0.000,1.487,0.023
99.16,-11.883,-0.017,-1.496,-11.897,-0.000,1.487,0.023
99.18,-11.883,-0.017,-1.496,-11.897,-0.000,1.487,0.023
99.20,-11.882,-0.017,-1.496,-11.897,-0.000,1.487,0.024
99.22,-11.882,-0.017,-1.496,-11.897,-0.000,1.487,0.024
99.24,-11.881,-0.017,-1.496,-11.897,-0.000,1.487,0.025
99.26,-11.881,-0.017,-1.496,-11.897,-0.000,1.487,0.025
99.29,-11.880,-0.018,-1.495,-11.897,-0.000,1.487,0.026
99.31,-11.880,-0.018,-1.495,-11.897,-0.000,1.487,0.026
99.33,-11.879,-0.018,-1.495,-11.897,-0.000,1.487,0.026
99.35,-11.879,-0.018,-1.495,-11.897,-0.000,1.487,0.026
99.37,-11.879,-0.018,-1.495,-11.897,-0.000,1.487,0.026
99.39,-11.878,-0.018,-1.494,-11.897,-0.000,1.487,0.027
99.41,-11.878,-0.018,-1.494,-11.897,-0.000,1.487,0.027
99.43,-11.877,-0.018,-1.493,-11.897,-0.000,1.487,0.028
99.45,-11.877,-0.018,-1.493,-11.897,-0.000,1.487,0.028
99.47,-11.877,-0.018,-1.492,-11.897,-0.000,1.487,0.028
99.49,-11.877,-0.018,-1.492,-11.897,-0.000,1.487,0.028
99.51,-11.876,-0.018,-1.491,-11.897,-0.000,1.487,0.028
99.53,-11.876,-0.018,-1.491,-11.897,-0.000,1.487,0.028
99.56,-11.875,-0.018,-1.491,-11.897,-0.000,1.487,0.029
99.58,-11.875,-0.018,-1.491,-11.897,-0.000,1.487,0.029
99.60,-11.874,-0.018,-1.490,-11.897,-0.000,1.487,0.030
99.62,-11.874,-0.018,-1.490,-11.897,-0.000,1.487,0.030
99.64,-11.873,-0.018,-1.489,-11.897,-0.000,1.487,0.030
99.66,-11.873,-0.018,-1.489,-11.897,-0.000,1.487,0.030
99.68,-11.873,-0.017,-1.489,-11.897,-0.000,1.487,0.030
99.70,-11.873,-0.017,-1.489,-11.897,-0.000,1.487,0.030
99.72,-11.872,-0.017,-1.488,-11.897,-0.000,1.487,0.031
99.74,-11.872,-0.017,-1.488,-11.897,-0.000,1.487,0.031
99.76,-11.871,-0.016,-1.488,-11.897,-0.000,1.487,0.031
99.79,-11.871,-0.016,-1.488,-11.897,-0.000,1.487,0.031
99.81,-11.870,-0.016,-1.488,-11.897,-0.000,1.487,0.031
99.83,-11.870,-0.016,-1.488,-11.897,-0.000,1.487,0.031
99.85,-11.870,-0.016,-1.488,-11.897,-0.000,1.487,0.031
99.87,-11.869,-0.015,-1.488,-11.897,-0.000,1.487,0.032
99.89,-11.869,-0.015,-1.488,-11.897,-0.000,1.487,0.032
99.91,-11.868,-0.014,-1.488,-11.897,-0.000,1.487,0.033
99.93,-11.868,-0.014,-1.488,-11.897,-0.000,1.487,0.033
99.95,-11.867,-0.013,-1.489,-11.897,-0.000,1.487,0.033
99.97,-11.867,-0.013,-1.489,-11.897,-0.000,1.487,0.033
99.99,-11.866,-0.012,-1.489,-11.897,-0.000,1.487,0.034
100.01,-11.866,-0.012,-1.489,-11.897,-0.000,1.487,0.034
100.04,-11.866,-0.012,-1.489,-11.897,-0.000,1.487,0.034
100.06,-11.866,-0.012,-1.489,-11.897,-0.000,1.487,0.034
100.08,-11.865,-0.011,-1.489,-11.897,-0.000,1.487,0.034
100.10,-11.865,-0.011,-1.489,-11.897,-0.000,1.487,0.034
100.12,-11.865,-0.010,-1.489,-11.897,-0.000,1.487,0.034
100.14,-11.865,-0.010,-1.489,-11.897,-0.000,1.487,0.034
100.16,-11.865,-0.009,-1.490,-11.897,-0.000,1.487,0.034
100.18,-11.865,-0.009,-1.490,-11.897,-0.000,1.487,0.034
100.20,-11.864,-0.009,-1.490,-11.897,-0.000,1.487,0.034
100.22,-11.864,-0.009,-1.490,-11.897,-0.000,1.487,0.034
100.24,-11.864,-0.008,-1.490,-11.897,-0.000,1.487,0.034
100.26,-11.864,-0.008,-1.490,-11.897,-0.000,1.487,0.034
100.29,-11.864,-0.008,-1.490,-11.897,-0.000,1.487,0.034
100.31,-11.864,-0.008,-1.490,-11.897,-0.000,1.487,0.034
100.33,-11.865,-0.007,-1.490,-11.897,-0.000,1.487,0.034
100.35,-11.865,-0.007,-1.490,-11.897,-0.000,1.487,0.034
100.37,-11.865,-0.007,-1.490,-11.897,-0.000,1.487,0.034
100.39,-11.865,-0.007,-1.490,-11.897,-0.000,1.487,0.033
100.41,-11.865,-0.007,-1.490,-11.897,-0.000,1.487,0.033
100.43,-11.866,-0.007,-1.490,-11.897,-0.000,1.487,0.032
100.45,-11.866,-0.007,-1.490,-11.897,-0.000,1.487,0.032
100.47,-11.867,-0.007,-1.490,-11.897,-0.000,1.487,0.031
100.49,-11.867,-0.007,-1.490,-11.897,-0.000,1.487,0.031
100.51,-11.868,-0.006,-1.490,-11.897,-0.000,1.487,0.030
100.53,-11.868,-0.006,-1.490,-11.897,-0.000,1.487,0.030
100.56,-11.869,-0.006,-1.490,-11.897,-0.000,1.487,0.029
100.58,-11.869,-0.006,-1.490,-11.897,-0.000,1.487,0.029
100.60,-11.870,-0.006,-1.489,-11.897,-0.000,1.487,0.028
100.62,-11.870,-0.006,-1.489,-11.897,-0.000,1.487,0.028
100.64,-11.871,-0.006,-1.489,-11.897,-0.000,1.487,0.027
100.66,-11.871,-0.006,-1.489,-11.897,-0.000,1.487,0.027
100.68,-11.872,-0.006,-1.489,-11.897,-0.000,1.487,0.026
100.70,-11.872,-0.006,-1.489,-11.897,-0.000,1.487,0.026
100.72,-11.873,-0.006,-1.489,-11.897,-0.000,1.487,0.025
100.74,-11.873,-0.006,-1.489,-11.897,-0.000,1.487,0.025
100.76,-11.873,-0.006,-1.489,-11.897,-0.000,1.487,0.025
100.78,-11.873,-0.006,-1.489,-11.897,-0.000,1.487,0.025
100.80,-11.874,-0.006,-1.489,-11.897,-0.000,1.487,0.024
100.83,-11.874,-0.006,-1.489,-11.897,-0.000,1.487,0.024
100.85,-11.874,-0.006,-1.489,-11.897,-0.000,1.487,0.024
100.87,-11.874,-0.007,-1.488,-11.897,-0.000,1.487,0.024
100.89,-11.874,-0.007,-1.488,-11.897,-0.000,1.487,0.024
100.91,-11.874,-0.007,-1.488,-11.897,-0.000,1.487,0.025
100.93,-11.874,-0.007,-1.488,-11.897,-0.000,1.487,0.025
100.95,-11.873,-0.007,-1.488,-11.897,-0.000,1.487,0.025
100.97,-11.873,-0.007,-1.488,-11.897,-0.000,1.487,0.025
100.99,-11.873,-0.007,-1.488,-11.897,-0.000,1.487,0.026
101.01,-11.873,-0.007,-1.488,-11.897,-0.000,1.487,0.026
101.03,-11.872,-0.008,-1.487,-11.897,-0.000,1.487,0.027
101.05,-11.872,-0.008,-1.487,-11.897,-0.000,1.487,0.027
101.07,-11.870,-0.008,-1.487,-11.897,-0.000,1.487,0.028
101.10,-11.870,-0.008,-1.487,-11.897,-0.000,1.487,0.028
101.12,-11.869,-0.007,-1.486,-11.897,-0.000,1.487,0.029
101.14,-11.869,-0.007,-1.486,-11.897,-0.000,1.487,0.029
101.16,-11.868,-0.007,-1.486,-11.897,-0.000,1.487,0.030
101.18,-11.868,-0.007,-1.486,-11.897,-0.000,1.487,0.030
101.20,-11.867,-0.006,-1.485,-11.897,-0.000,1.487,0.031
101.22,-11.867,-0.006,-1.485,-11.897,-0.000,1.487,0.031
101.24,-11.866,-0.005,-1.485,-11.897,-0.000,1.487,0.032
101.26,-11.866,-0.005,-1.485,-11.897,-0.000,1.487,0.032
101.28,-11.865,-0.005,-1.485,-11.897,-0.000,1.487,0.033
101.30,-11.865,-0.005,-1.485,-11.897,-0.000,1.487,0.033
101.32,-11.864,-0.004,-1.484,-11.897,-0.000,1.487,0.034
101.35,-11.864,-0.004,-1.484,-11.897,-0.000,1.487,0.034
101.37,-11.864,-0.004,-1.484,-11.897,-0.000,1.487,0.034
101.39,-11.863,-0.002,-1.485,-11.897,-0.000,1.487,0.035
101.41,-11.863,-0.002,-1.485,-11.897,-0.000,1.487,0.035
101.43,-11.863,-0.001,-1.485,-11.897,-0.000,1.487,0.035
101.45,-11.863,-0.001,-1.485,-11.897,-0.000,1.487,0.035
101.47,-11.862,0.000,-1.485,-11.897,-0.000,1.487,0.035
101.49,-11.862,0.000,-1.485,-11.897,-0.000,1.487,0.035
101.51,-11.862,0.001,-1.486,-11.897,-0.000,1.487,0.035
101.53,-11.862,0.001,-1.486,-11.897,-0.000,1.487,0.035
101.55,-11.862,0.002,-1.486,-11.897,-0.000,1.487,0.035
101.57,-11.862,0.002,-1.486,-11.897,-0.000,1.487,0.035
101.60,-11.862,0.003,-1.486,-11.897,-0.000,1.487,0.035
101.62,-11.862,0.003,-1.486,-11.897,-0.000,1.487,0.035
101.64,-11.863,0.004,-1.487,-11.897,-0.000,1.487,0.035
101.66,-11.863,0.004,-1.487,-11.897,-0.000,1.487,0.035
101.68,-11.863,0.004,-1.487,-11.897,-0.000,1.487,0.035
101.70,-11.863,0.004,-1.487,-11.897,-0.000,1.487,0.035
101.72,-11.864,0.005,-1.488,-11.897,-0.000,1.487,0.034
101.74,-11.864,0.005,-1.488,-11.897,-0.000,1.487,0.034
101.76,-11.865,0.005,-1.488,-11.897,-0.000,1.487,0.033
101.78,-11.865,0.005,-1.488,-11.897,-0.000,1.487,0.033
101.80,-11.865,0.006,-1.488,-11.897,-0.000,1.487,0.033
101.82,-11.865,0.006,-1.488,-11.897,-0.000,1.487,0.033
101.84,-11.866,0.007,-1.489,-11.897,-0.000,1.487,0.032
101.87,-11.866,0.007,-1.489,-11.897,-0.000,1.487,0.032
101.89,-11.866,0.007,-1.489,-11.897,-0.000,1.487,0.032
101.91,-11.867,0.008,-1.489,-11.897,-0.000,1.487,0.031
101.93,-11.867,0.008,-1.489,-11.897,-0.000,1.487,0.031
101.95,-11.868,0.009,-1.489,-11.897,-0.000,1.487,0.031
101.97,-11.868,0.009,-1.489,-11.897,-0.000,1.487,0.031
101.99,-11.869,0.009,-1.489,-11.897,-0.000,1.487,0.030
102.01,-11.869,0.009,-1.489,-11.897,-0.000,1.487,0.030
102.03,-11.870,0.011,-1.489,-11.897,-0.000,1.487,0.030
102.05,-11.870,0.011,-1.489,-11.897,-0.000,1.487,0.030
102.07,-11.871,0.012,-1.489,-11.897,-0.000,1.487,0.029
102.09,-11.871,0.012,-1.489,-11.897,-0.000,1.487,0.029
102.12,-11.872,0.012,-1.489,-11.897,-0.000,1.487,0.028
102.14,-11.872,0.012,-1.489,-11.897,-0.000,1.487,0.028
102.16,-11.874,0.014,-1.489,-11.897,-0.000,1.487,0.027
102.18,-11.874,0.014,-1.489,-11.897,-0.000,1.487,0.027
102.20,-11.876,0.015,-1.489,-11.897,-0.000,1.487,0.027
102.22,-11.876,0.015,-1.489,-11.897,-0.000,1.487,0.027
102.24,-11.877,0.016,-1.489,-11.897,-0.000,1.487,0.026
102.26,-11.877,0.016,-1.489,-11.897,-0.000,1.487,0.026
102.28,-11.878,0.017,-1.489,-11.897,-0.000,1.487,0.025
102.30,-11.878,0.017,-1.489,-11.897,-0.000,1.487,0.025
102.32,-11.880,0.017,-1.489,-11.897,-0.000,1.487,0.025
102.34,-11.880,0.017,-1.489,-11.897,-0.000,1.487,0.025
102.36,-11.880,0.017,-1.489,-11.897,-0.000,1.487,0.025
102.38,-11.881,0.018,-1.490,-11.897,-0.000,1.487,0.024
102.41,-11.881,0.018,-1.490,-11.897,-0.000,1.487,0.024
102.43,-11.882,0.018,-1.491,-11.897,-0.000,1.487,0.024
102.45,-11.882,0.018,-1.491,-11.897,-0.000,1.487,0.024
102.47,-11.883,0.019,-1.492,-11.897,-0.000,1.487,0.024
102.49,-11.883,0.019,-1.492,-11.897,-0.000,1.487,0.024
102.51,-11.884,0.019,-1.493,-11.897,-0.000,1.487,0.024
102.53,-11.884,0.019,-1.493,-11.897,-0.000,1.487,0.024
102.55,-11.885,0.019,-1.493,-11.897,-0.000,1.487,0.024
102.57,-11.885,0.019,-1.493,-11.897,-0.000,1.487,0.024
102.59,-11.885,0.019,-1.494,-11.897,-0.000,1.487,0.024
102.61,-11.885,0.019,-1.494,-11.897,-0.000,1.487,0.024
102.64,-11.886,0.020,-1.495,-11.897,-0.000,1.487,0.024
102.66,-11.886,0.020,-1.495,-11.897,-0.000,1.487,0.024
102.68,-11.886,0.020,-1.495,-11.897,-0.000,1.487,0.024
102.70,-11.886,0.020,-1.495,-11.897,-0.000,1.487,0.024
102.72,-11.886,0.020,-1.496,-11.897,-0.000,1.487,0.025
102.74,-11.886,0.020,-1.496,-11.897,-0.000,1.487,0.025
102.76,-11.886,0.021,-1.496,-11.897,-0.000,1.487,0.025
102.78,-11.886,0.021,-1.496,-11.897,-0.000,1.487,0.025
102.80,-11.886,0.021,-1.497,-11.897,-0.000,1.487,0.026
102.82,-11.886,0.021,-1.497,-11.897,-0.000,1.487,0.026
102.84,-11.886,0.022,-1.497,-11.897,-0.000,1.487,0.027
102.86,-11.886,0.022,-1.497,-11.897,-0.000,1.487,0.027
102.88,-11.886,0.022,-1.497,-11.897,-0.000,1.487,0.027
102.91,-11.886,0.022,-1.498,-11.897,-0.000,1.487,0.027
102.93,-11.886,0.022,-1.498,-11.897,-0.000,1.487,0.027
102.95,-11.886,0.023,-1.499,-11.897,-0.000,1.487,0.028
102.97,-11.886,0.023,-1.499,-11.897,-0.000,1.487,0.028
102.99,-11.885,0.023,-1.499,-11.897,-0.000,1.487,0.028
103.01,-11.885,0.023,-1.499,-11.897,-0.000,1.487,0.028
103.03,-11.885,0.022,-1.499,-11.897,-0.000,1.487,0.028
103.05,-11.885,0.022,-1.499,-11.897,-0.000,1.487,0.028
103.07,-11.885,0.022,-1.500,-11.897,-0.000,1.487,0.028
103.09,-11.885,0.022,-1.500,-11.897,-0.000,1.487,0.028
103.11,-11.885,0.022,-1.501,-11.897,-0.000,1.487,0.028
103.14,-11.885,0.022,-1.501,-11.897,-0.000,1.487,0.028
103.16,-11.885,0.021,-1.501,-11.897,-0.000,1.487,0.028
103.18,-11.885,0.021,-1.501,-11.897,-0.000,1.487,0.028
103.20,-11.885,0.020,-1.502,-11.897,-0.000,1.487,0.028
103.22,-11.885,0.020,-1.502,-11.897,-0.000,1.487,0.028
103.24,-11.885,0.019,-1.502,-11.897,-0.000,1.487,0.027
103.26,-11.885,0.019,-1.502,-11.897,-0.000,1.487,0.027
103.28,-11.885,0.019,-1.502,-11.897,-0.000,1.487,0.027
103.30,-11.885,0.019,-1.502,-11.897,-0.000,1.487,0.027
103.32,-11.885,0.018,-1.503,-11.897,-0.000,1.487,0.027
103.34,-11.885,0.018,-1.503,-11.897,-0.000,1.487,0.027
103.36,-11.885,0.018,-1.503,-11.897,-0.000,1.487,0.027
103.38,-11.886,0.017,-1.503,-11.897,-0.000,1.487,0.025
103.41,-11.886,0.017,-1.503,-11.897,-0.000,1.487,0.025
103.43,-11.887,0.016,-1.503,-11.897,-0.000,1.487,0.025
103.45,-11.887,0.016,-1.503,-11.897,-0.000,1.487,0.025
103.47,-11.888,0.015,-1.502,-11.897,-0.000,1.487,0.024
103.49,-11.888,0.015,-1.502,-11.897,-0.000,1.487,0.024
103.51,-11.889,0.015,-1.502,-11.897,-0.000,1.487,0.023
103.53,-11.889,0.015,-1.502,-11.897,-0.000,1.487,0.023
103.55,-11.890,0.014,-1.502,-11.897,-0.000,1.487,0.022
103.57,-11.890,0.014,-1.502,-11.897,-0.000,1.487,0.022
103.59,-11.891,0.014,-1.501,-11.897,-0.000,1.487,0.020
103.61,-11.891,0.014,-1.501,-11.897,-0.000,1.487,0.020
103.63,-11.892,0.013,-1.500,-11.897,-0.000,1.487,0.019
103.65,-11.892,0.013,-1.500,-11.897,-0.000,1.487,0.019
103.68,-11.894,0.013,-1.499,-11.897,-0.000,1.487,0.018
103.70,-11.894,0.013,-1.499,-11.897,-0.000,1.487,0.018
103.72,-11.895,0.012,-1.497,-11.897,-0.000,1.487,0.016
103.74,-11.895,0.012,-1.497,-11.897,-0.000,1.487,0.016
103.76,-11.896,0.012,-1.497,-11.897,-0.000,1.487,0.015
103.78,-11.896,0.012,-1.497,-11.897,-0.000,1.487,0.015
103.80,-11.898,0.011,-1.495,-11.897,-0.000,1.487,0.014
103.82,-11.898,0.011,-1.495,-11.897,-0.000,1.487,0.014
103.84,-11.899,0.010,-1.494,-11.897,-0.000,1.487,0.012
103.86,-11.899,0.010,-1.494,-11.897,-0.000,1.487,0.012
103.88,-11.899,0.010,-1.494,-11.897,-0.000,1.487,0.012
103.90,-11.901,0.009,-1.492,-11.897,-0.000,1.487,0.011
103.93,-11.901,0.009,-1.492,-11.897,-0.000,1.487,0.011
103.95,-11.903,0.008,-1.490,-11.897,-0.000,1.487,0.010
103.97,-11.903,0.008,-1.490,-11.897,-0.000,1.487,0.010
103.99,-11.904,0.008,-1.489,-11.897,-0.000,1.487,0.010
104.01,-11.904,0.008,-1.489,-11.897,-0.000,1.487,0.010
104.03,-11.905,0.007,-1.488,-11.897,-0.000,1.487,0.010
104.05,-11.905,0.007,-1.488,-11.897,-0.000,1.487,0.010
104.07,-11.905,0.007,-1.487,-11.897,-0.000,1.487,0.010
104.09,-11.905,0.007,-1.487,-11.897,-0.000,1.487,0.010
104.11,-11.906,0.007,-1.486,-11.897,-0.000,1.487,0.011
104.13,-11.906,0.007,-1.486,-11.897,-0.000,1.487,0.011
104.15,-11.906,0.006,-1.486,-11.897,-0.000,1.487,0.011
104.17,-11.906,0.006,-1.486,-11.897,-0.000,1.487,0.011
104.20,-11.906,0.006,-1.485,-11.897,-0.000,1.487,0.011
104.22,-11.906,0.006,-1.485,-11.897,-0.000,1.487,0.011
104.24,-11.906,0.006,-1.484,-11.897,-0.000,1.487,0.011
104.26,-11.906,0.006,-1.484,-11.897,-0.000,1.487,0.011
104.28,-11.906,0.007,-1.484,-11.897,-0.000,1.487,0.011
104.30,-11.906,0.007,-1.484,-11.897,-0.000,1.487,0.011
104.32,-11.905,0.007,-1.484,-11.897,-0.000,1.487,0.011
104.34,-11.905,0.007,-1.484,-11.897,-0.000,1.487,0.011
104.36,-11.904,0.007,-1.484,-11.897,-0.000,1.487,0.010
104.38,-11.904,0.007,-1.484,-11.897,-0.000,1.487,0.010
104.40,-11.904,0.007,-1.484,-11.897,-0.000,1.487,0.010
104.43,-11.903,0.007,-1.484,-11.897,-0.000,1.487,0.010
104.45,-11.903,0.007,-1.484,-11.897,-0.000,1.487,0.010
104.47,-11.902,0.007,-1.484,-11.897,-0.000,1.487,0.009
104.49,-11.902,0.007,-1.484,-11.897,-0.000,1.487,0.009
104.51,-11.901,0.007,-1.484,-11.897,-0.000,1.487,0.009
104.53,-11.901,0.007,-1.484,-11.897,-0.000,1.487,0.009
104.55,-11.900,0.008,-1.484,-11.897,-0.000,1.487,0.009
104.57,-11.900,0.008,-1.484,-11.897,-0.000,1.487,0.009
104.59,-11.899,0.008,-1.484,-11.897,-0.000,1.487,0.009
104.61,-11.899,0.008,-1.484,-11.897,-0.000,1.487,0.009
104.63,-11.899,0.009,-1.484,-11.897,-0.000,1.487,0.010
104.65,-11.899,0.009,-1.484,-11.897,-0.000,1.487,0.010
104.68,-11.898,0.010,-1.485,-11.897,-0.000,1.487,0.010
104.70,-11.898,0.010,-1.485,-11.897,-0.000,1.487,0.010
104.72,-11.897,0.011,-1.485,-11.897,-0.000,1.487,0.011
104.74,-11.897,0.011,-1.485,-11.897,-0.000,1.487,0.011
104.76,-11.896,0.011,-1.485,-11.897,-0.000,1.487,0.012
104.78,-11.896,0.011,-1.485,-11.897,-0.000,1.487,0.012
104.80,-11.895,0.012,-1.485,-11.897,-0.000,1.487,0.013
104.82,-11.895,0.012,-1.485,-11.897,-0.000,1.487,0.013
104.84,-11.894,0.013,-1.485,-11.897,-0.000,1.487,0.013
104.86,-11.894,0.013,-1.485,-11.897,-0.000,1.487,0.013
104.88,-11.894,0.013,-1.485,-11.897,-0.000,1.487,0.013
104.91,-11.892,0.014,-1.486,-11.897,-0.000,1.487,0.015
104.93,-11.892,0.014,-1.486,-11.897,-0.000,1.487,0.015
104.95,-11.891,0.014,-1.486,-11.897,-0.000,1.487,0.016
104.97,-11.891,0.014,-1.486,-11.897,-0.000,1.487,0.016
104.99,-11.890,0.015,-1.487,-11.897,-0.000,1.487,0.016
105.01,-11.890,0.015,-1.487,-11.897,-0.000,1.487,0.016
105.03,-11.889,0.015,-1.487,-11.897,-0.000,1.487,0.017
105.05,-11.889,0.015,-1.487,-11.897,-0.000,1.487,0.017
105.07,-11.889,0.015,-1.488,-11.897,-0.000,1.487,0.018
105.09,-11.889,0.015,-1.488,-11.897,-0.000,1.487,0.018
105.11,-11.888,0.016,-1.488,-11.897,-0.000,1.487,0.018
105.13,-11.888,0.016,-1.488,-11.897,-0.000,1.487,0.018
105.15,-11.887,0.016,-1.488,-11.897,-0.000,1.487,0.019
105.18,-11.887,0.016,-1.488,-11.897,-0.000,1.487,0.019
105.20,-11.887,0.016,-1.489,-11.897,-0.000,1.487,0.019
105.22,-11.887,0.016,-1.489,-11.897,-0.000,1.487,0.019
105.24,-11.886,0.016,-1.489,-11.897,-0.000,1.487,0.020
105.26,-11.886,0.016,-1.489,-11.897,-0.000,1.487,0.020
105.28,-11.885,0.016,-1.488,-11.897,-0.000,1.487,0.020
105.30,-11.885,0.016,-1.488,-11.897,-0.000,1.487,0.020
105.32,-11.885,0.015,-1.488,-11.897,-0.000,1.487,0.020
105.34,-11.885,0.015,-1.488,-11.897,-0.000,1.487,0.020
105.36,-11.885,0.015,-1.488,-11.897,-0.000,1.487,0.020
105.38,-11.885,0.015,-1.488,-11.897,-0.000,1.487,0.020
105.40,-11.885,0.015,-1.488,-11.897,-0.000,1.487,0.020
105.43,-11.884,0.014,-1.486,-11.897,-0.000,1.487,0.019
105.45,-11.884,0.014,-1.486,-11.897,-0.000,1.487,0.019
105.47,-11.884,0.013,-1.486,-11.897,-0.000,1.487,0.019
105.49,-11.884,0.013,-1.486,-11.897,-0.000,1.487,0.019
105.51,-11.884,0.012,-1.484,-11.897,-0.000,1.487,0.018
105.53,-11.884,0.012,-1.484,-11.897,-0.000,1.487,0.018
105.55,-11.883,0.011,-1.484,-11.897,-0.000,1.487,0.018
105.57,-11.883,0.011,-1.484,-11.897,-0.000,1.487,0.018
105.59,-11.883,0.010,-1.483,-11.897,-0.000,1.487,0.018
105.61,-11.883,0.010,-1.483,-11.897,-0.000,1.487,0.018
105.63,-11.883,0.009,-1.482,-11.897,-0.000,1.487,0.018
105.66,-11.883,0.009,-1.482,-11.897,-0.000,1.487,0.018
105.68,-11.883,0.008,-1.481,-11.897,-0.000,1.487,0.018
105.70,-11.883,0.008,-1.481,-11.897,-0.000,1.487,0.018
105.72,-11.883,0.007,-1.481,-11.897,-0.000,1.487,0.017
105.74,-11.883,0.007,-1.481,-11.897,-0.000,1.487,0.017
105.76,-11.882,0.006,-1.481,-11.897,-0.000,1.487,0.017
105.78,-11.882,0.006,-1.481,-11.897,-0.000,1.487,0.017
105.80,-11.882,0.004,-1.480,-11.897,-0.000,1.487,0.017
105.82,-11.882,0.004,-1.480,-11.897,-0.000,1.487,0.017
105.84,-11.882,0.003,-1.480,-11.897,-0.000,1.487,0.017
105.86,-11.882,0.003,-1.480,-11.897,-0.000,1.487,0.017
105.88,-11.882,0.003,-1.480,-11.897,-0.000,1.487,0.017
105.90,-11.882,0.001,-1.480,-11.897,-0.000,1.487,0.017
105.92,-11.882,0.001,-1.480,-11.897,-0.000,1.487,0.017
105.95,-11.882,-0.000,-1.480,-11.897,-0.000,1.487,0.017
105.97,-11.882,-0.000,-1.480,-11.897,-0.000,1.487,0.017
105.99,-11.882,-0.001,-1.479,-11.897,-0.000,1.487,0.017
106.01,-11.882,-0.001,-1.479,-11.897,-0.000,1.487,0.017
106.03,-11.882,-0.002,-1.479,-11.897,-0.000,1.487,0.018
106.05,-11.882,-0.002,-1.479,-11.897,-0.000,1.487,0.018
106.07,-11.882,-0.003,-1.479,-11.897,-0.000,1.487,0.018
106.09,-11.882,-0.003,-1.479,-11.897,-0.000,1.487,0.018
106.11,-11.882,-0.004,-1.479,-11.897,-0.000,1.487,0.018
106.13,-11.882,-0.004,-1.479,-11.897,-0.000,1.487,0.018
106.15,-11.882,-0.005,-1.479,-11.897,-0.000,1.487,0.018
106.17,-11.882,-0.005,-1.479,-11.897,-0.000,1.487,0.018
106.20,-11.882,-0.006,-1.478,-11.897,-0.000,1.487,0.019
106.22,-11.882,-0.006,-1.478,-11.897,-0.000,1.487,0.019
106.24,-11.883,-0.007,-1.478,-11.897,-0.000,1.487,0.019
106.26,-11.883,-0.007,-1.478,-11.897,-0.000,1.487,0.019
106.28,-11.883,-0.008,-1.478,-11.897,-0.000,1.487,0.019
106.30,-11.883,-0.008,-1.478,-11.897,-0.000,1.487,0.019
106.32,-11.884,-0.008,-1.478,-11.897,-0.000,1.487,0.018
106.34,-11.884,-0.008,-1.478,-11.897,-0.000,1.487,0.018
106.36,-11.885,-0.009,-1.477,-11.897,-0.000,1.487,0.018
106.38,-11.885,-0.009,-1.477,-11.897,-0.000,1.487,0.018
106.40,-11.885,-0.009,-1.477,-11.897,-0.000,1.487,0.018
106.42,-11.887,-0.009,-1.477,-11.897,-0.000,1.487,0.017
106.45,-11.887,-0.009,-1.477,-11.897,-0.000,1.487,0.017
106.47,-11.889,-0.009,-1.476,-11.897,-0.000,1.487,0.017
106.49,-11.889,-0.009,-1.476,-11.897,-0.000,1.487,0.017
106.51,-11.890,-0.009,-1.476,-11.897,-0.000,1.487,0.016
106.53,-11.890,-0.009,-1.476,-11.897,-0.000,1.487,0.016
106.55,-11.891,-0.009,-1.476,-11.897,-0.000,1.487,0.016
106.57,-11.891,-0.009,-1.476,-11.897,-0.000,1.487,0.016
106.59,-11.892,-0.008,-1.475,-11.897,-0.000,1.487,0.016
106.61,-11.892,-0.008,-1.475,-11.897,-0.000,1.487,0.016
106.63,-11.892,-0.008,-1.475,-11.897,-0.000,1.487,0.015
106.65,-11.892,-0.008,-1.475,-11.897,-0.000,1.487,0.015
106.67,-11.893,-0.008,-1.475,-11.897,-0.000,1.487,0.015
106.69,-11.893,-0.008,-1.475,-11.897,-0.000,1.487,0.015
106.72,-11.893,-0.007,-1.475,-11.897,-0.000,1.487,0.015
106.74,-11.893,-0.007,-1.475,-11.897,-0.000,1.487,0.015
106.76,-11.894,-0.006,-1.475,-11.897,-0.000,1.487,0.014
106.78,-11.894,-0.006,-1.475,-11.897,-0.000,1.487,0.014
106.80,-11.895,-0.006,-1.475,-11.897,-0.000,1.487,0.014
106.82,-11.895,-0.006,-1.475,-11.897,-0.000,1.487,0.014
106.84,-11.895,-0.005,-1.476,-11.897,-0.000,1.487,0.013
106.86,-11.895,-0.005,-1.476,-11.897,-0.000,1.487,0.013
106.88,-11.896,-0.005,-1.476,-11.897,-0.000,1.487,0.013
106.90,-11.896,-0.005,-1.476,-11.897,-0.000,1.487,0.013
106.92,-11.896,-0.005,-1.476,-11.897,-0.000,1.487,0.013
106.94,-11.897,-0.004,-1.476,-11.897,-0.000,1.487,0.012
106.96,-11.897,-0.004,-1.476,-11.897,-0.000,1.487,0.012
106.99,-11.897,-0.004,-1.476,-11.897,-0.000,1.487,0.011
107.01,-11.897,-0.004,-1.476,-11.897,-0.000,1.487,0.011
107.03,-11.898,-0.003,-1.477,-11.897,-0.000,1.487,0.011
107.05,-11.898,-0.003,-1.477,-11.897,-0.000,1.487,0.011
107.07,-11.899,-0.003,-1.477,-11.897,-0.000,1.487,0.011
107.09,-11.899,-0.003,-1.477,-11.897,-0.000,1.487,0.011
107.11,-11.899,-0.002,-1.478,-11.897,-0.000,1.487,0.010
107.13,-11.899,-0.002,-1.478,-11.897,-0.000,1.487,0.010
107.15,-11.900,-0.002,-1.478,-11.897,-0.000,1.487,0.010
107.17,-11.900,-0.002,-1.478,-11.897,-0.000,1.487,0.010
107.19,-11.901,-0.002,-1.479,-11.897,-0.000,1.487,0.009
107.21,-11.901,-0.002,-1.479,-11.897,-0.000,1.487,0.009
107.23,-11.901,-0.002,-1.480,-11.897,-0.000,1.487,0.009
107.26,-11.901,-0.002,-1.480,-11.897,-0.000,1.487,0.009
107.28,-11.903,-0.003,-1.481,-11.897,-0.000,1.487,0.009
107.30,-11.903,-0.003,-1.481,-11.897,-0.000,1.487,0.009
107.32,-11.904,-0.004,-1.482,-11.897,-0.000,1.487,0.009
107.34,-11.904,-0.004,-1.482,-11.897,-0.000,1.487,0.009
107.36,-11.905,-0.005,-1.483,-11.897,-0.000,1.487,0.010
107.38,-11.905,-0.005,-1.483,-11.897,-0.000,1.487,0.010
107.40,-11.905,-0.005,-1.483,-11.897,-0.000,1.487,0.010
107.42,-11.906,-0.006,-1.484,-11.897,-0.000,1.487,0.011
107.44,-11.906,-0.006,-1.484,-11.897,-0.000,1.487,0.011
107.46,-11.907,-0.007,-1.485,-11.897,-0.000,1.487,0.012
107.48,-11.907,-0.007,-1.485,-11.897,-0.000,1.487,0.012
107.50,-11.908,-0.008,-1.486,-11.897,-0.000,1.487,0.013
107.53,-11.908,-0.008,-1.486,-11.897,-0.000,1.487,0.013
107.55,-11.909,-0.009,-1.487,-11.897,-0.000,1.487,0.014
107.57,-11.909,-0.009,-1.487,-11.897,-0.000,1.487,0.014
107.59,-11.910,-0.009,-1.488,-11.897,-0.000,1.487,0.016
107.61,-11.910,-0.009,-1.488,-11.897,-0.000,1.487,0.016
107.63,-11.912,-0.010,-1.489,-11.897,-0.000,1.487,0.017
107.65,-11.912,-0.010,-1.489,-11.897,-0.000,1.487,0.017
107.67,-11.913,-0.011,-1.490,-11.897,-0.000,1.487,0.019
107.69,-11.913,-0.011,-1.490,-11.897,-0.000,1.487,0.019
107.71,-11.914,-0.011,-1.491,-11.897,-0.000,1.487,0.020
107.73,-11.914,-0.011,-1.491,-11.897,-0.000,1.487,0.020
107.75,-11.916,-0.011,-1.492,-11.897,-0.000,1.487,0.022
107.78,-11.916,-0.011,-1.492,-11.897,-0.000,1.487,0.022
107.80,-11.917,-0.011,-1.492,-11.897,-0.000,1.487,0.023
107.82,-11.917,-0.011,-1.492,-11.897,-0.000,1.487,0.023
107.84,-11.918,-0.011,-1.493,-11.897,-0.000,1.487,0.024
107.86,-11.918,-0.011,-1.493,-11.897,-0.000,1.487,0.024
107.88,-11.920,-0.011,-1.493,-11.897,-0.000,1.487,0.026
107.90,-11.920,-0.011,-1.493,-11.897,-0.000,1.487,0.026
107.92,-11.920,-0.011,-1.493,-11.897,-0.000,1.487,0.026
107.94,-11.921,-0.011,-1.494,-11.897,-0.000,1.487,0.027
107.96,-11.921,-0.011,-1.494,-11.897,-0.000,1.487,0.027
107.98,-11.922,-0.011,-1.494,-11.897,-0.000,1.487,0.028
108.00,-11.922,-0.011,-1.494,-11.897,-0.000,1.487,0.028
108.02,-11.923,-0.010,-1.495,-11.897,-0.000,1.487,0.028
108.04,-11.923,-0.010,-1.495,-11.897,-0.000,1.487,0.028
108.07,-11.924,-0.010,-1.495,-11.897,-0.000,1.487,0.029
108.09,-11.924,-0.010,-1.495,-11.897,-0.000,1.487,0.029
108.11,-11.925,-0.009,-1.495,-11.897,-0.000,1.487,0.030
108.13,-11.925,-0.009,-1.495,-11.897,-0.000,1.487,0.030
108.15,-11.925,-0.009,-1.495,-11.897,-0.000,1.487,0.030
108.17,-11.925,-0.009,-1.495,-11.897,-0.000,1.487,0.030
108.19,-11.926,-0.008,-1.496,-11.897,-0.000,1.487,0.031
108.21,-11.926,-0.008,-1.496,-11.897,-0.000,1.487,0.031
108.23,-11.926,-0.008,-1.496,-11.897,-0.000,1.487,0.031
108.25,-11.926,-0.008,-1.496,-11.897,-0.000,1.487,0.031
108.27,-11.926,-0.007,-1.496,-11.897,-0.000,1.487,0.031
108.29,-11.926,-0.007,-1.496,-11.897,-0.000,1.487,0.031
108.32,-11.927,-0.007,-1.496,-11.897,-0.000,1.487,0.031
108.34,-11.927,-0.007,-1.496,-11.897,-0.000,1.487,0.031
108.36,-11.927,-0.007,-1.497,-11.897,-0.000,1.487,0.032
108.38,-11.927,-0.007,-1.497,-11.897,-0.000,1.487,0.032
108.40,-11.927,-0.006,-1.497,-11.897,-0.000,1.487,0.032
108.42,-11.927,-0.006,-1.497,-11.897,-0.000,1.487,0.032
108.44,-11.927,-0.006,-1.497,-11.897,-0.000,1.487,0.032
108.46,-11.926,-0.006,-1.498,-11.897,-0.000,1.487,0.031
108.48,-11.926,-0.006,-1.498,-11.897,-0.000,1.487,0.031
108.50,-11.926,-0.006,-1.498,-11.897,-0.000,1.487,0.031
108.52,-11.926,-0.006,-1.498,-11.897,-0.000,1.487,0.031
108.54,-11.925,-0.006,-1.499,-11.897,-0.000,1.487,0.030
108.56,-11.925,-0.006,-1.499,-11.897,-0.000,1.487,0.030
108.59,-11.924,-0.007,-1.499,-11.897,-0.000,1.487,0.029
108.61,-11.924,-0.007,-1.499,-11.897,-0.000,1.487,0.029
108.63,-11.923,-0.007,-1.499,-11.897,-0.000,1.487,0.028
108.65,-11.923,-0.007,-1.499,-11.897,-0.000,1.487,0.028
108.67,-11.921,-0.007,-1.499,-11.897,-0.000,1.487,0.028
108.69,-11.921,-0.007,-1.499,-11.897,-0.000,1.487,0.028
108.71,-11.920,-0.007,-1.499,-11.897,-0.000,1.487,0.027
108.73,-11.920,-0.007,-1.499,-11.897,-0.000,1.487,0.027
108.75,-11.919,-0.007,-1.499,-11.897,-0.000,1.487,0.026
108.77,-11.919,-0.007,-1.499,-11.897,-0.000,1.487,0.026
108.79,-11.919,-0.008,-1.499,-11.897,-0.000,1.487,0.025
108.82,-11.919,-0.008,-1.499,-11.897,-0.000,1.487,0.025
108.84,-11.918,-0.008,-1.499,-11.897,-0.000,1.487,0.025
108.86,-11.918,-0.008,-1.499,-11.897,-0.000,1.487,0.025
108.88,-11.916,-0.008,-1.499,-11.897,-0.000,1.487,0.024
108.90,-11.916,-0.008,-1.499,-11.897,-0.000,1.487,0.024
108.92,-11.916,-0.008,-1.499,-11.897,-0.000,1.487,0.024
108.94,-11.915,-0.008,-1.500,-11.897,-0.000,1.487,0.023
108.96,-11.915,-0.008,-1.500,-11.897,-0.000,1.487,0.023
108.98,-11.914,-0.008,-1.500,-11.897,-0.000,1.487,0.022
109.00,-11.914,-0.008,-1.500,-11.897,-0.000,1.487,0.022
109.02,-11.912,-0.008,-1.500,-11.897,-0.000,1.487,0.021
109.04,-11.912,-0.008,-1.500,-11.897,-0.000,1.487,0.021
109.07,-11.911,-0.008,-1.500,-11.897,-0.000,1.487,0.020
109.09,-11.911,-0.008,-1.500,-11.897,-0.000,1.487,0.020
109.11,-11.910,-0.008,-1.501,-11.897,-0.000,1.487,0.020
109.13,-11.910,-0.008,-1.501,-11.897,-0.000,1.487,0.020
109.15,-11.910,-0.008,-1.501,-11.897,-0.000,1.487,0.020
109.17,-11.910,-0.008,-1.501,-11.897,-0.000,1.487,0.020
109.19,-11.909,-0.008,-1.501,-11.897,-0.000,1.487,0.019
109.21,-11.909,-0.008,-1.501,-11.897,-0.000,1.487,0.019
109.23,-11.908,-0.008,-1.501,-11.897,-0.000,1.487,0.019
109.25,-11.908,-0.008,-1.501,-11.897,-0.000,1.487,0.019
109.27,-11.908,-0.008,-1.501,-11.897,-0.000,1.487,0.019
109.30,-11.908,-0.008,-1.501,-11.897,-0.000,1.487,0.019
109.32,-11.907,-0.009,-1.502,-11.897,-0.000,1.487,0.019
109.34,-11.907,-0.009,-1.502,-11.897,-0.000,1.487,0.019
109.36,-11.907,-0.009,-1.502,-11.897,-0.000,1.487,0.019
109.38,-11.907,-0.009,-1.502,-11.897,-0.000,1.487,0.019
109.40,-11.907,-0.009,-1.502,-11.897,-0.000,1.487,0.019
109.42,-11.907,-0.009,-1.502,-11.897,-0.000,1.487,0.019
109.44,-11.907,-0.009,-1.502,-11.897,-0.000,1.487,0.019
109.46,-11.907,-0.009,-1.501,-11.897,-0.000,1.487,0.019
109.48,-11.907,-0.009,-1.501,-11.897,-0.000,1.487,0.019
109.50,-11.907,-0.009,-1.501,-11.897,-0.000,1.487,0.019
109.52,-11.907,-0.009,-1.501,-11.897,-0.000,1.487,0.019
109.55,-11.908,-0.009,-1.501,-11.897,-0.000,1.487,0.019
109.57,-11.908,-0.009,-1.501,-11.897,-0.000,1.487,0.019
109.59,-11.908,-0.009,-1.500,-11.897,-0.000,1.487,0.019
109.61,-11.908,-0.009,-1.500,-11.897,-0.000,1.487,0.019
109.63,-11.909,-0.009,-1.500,-11.897,-0.000,1.487,0.019
109.65,-11.909,-0.009,-1.500,-11.897,-0.000,1.487,0.019
109.67,-11.909,-0.008,-1.499,-11.897,-0.000,1.487,0.019
109.69,-11.909,-0.008,-1.499,-11.897,-0.000,1.487,0.019
109.71,-11.910,-0.008,-1.499,-11.897,-0.000,1.487,0.019
109.73,-11.910,-0.008,-1.499,-11.897,-0.000,1.487,0.019
109.75,-11.910,-0.008,-1.498,-11.897,-0.000,1.487,0.018
109.77,-11.910,-0.008,-1.498,-11.897,-0.000,1.487,0.018
109.80,-11.910,-0.007,-1.498,-11.897,-0.000,1.487,0.018
109.82,-11.910,-0.007,-1.498,-11.897,-0.000,1.487,0.018
109.84,-11.911,-0.007,-1.497,-11.897,-0.000,1.487,0.018
109.86,-11.911,-0.007,-1.497,-11.897,-0.000,1.487,0.018
109.88,-11.911,-0.007,-1.496,-11.897,-0.000,1.487,0.018
109.90,-11.911,-0.007,-1.496,-11.897,-0.000,1.487,0.018
109.92,-11.911,-0.007,-1.496,-11.897,-0.000,1.487,0.018
109.94,-11.912,-0.007,-1.495,-11.897,-0.000,1.487,0.018
109.96,-11.912,-0.007,-1.495,-11.897,-0.000,1.487,0.018
109.98,-11.913,-0.007,-1.495,-11.897,-0.000,1.487,0.018
110.00,-11.913,-0.007,-1.495,-11.897,-0.000,1.487,0.018
110.02,-11.914,-0.007,-1.494,-11.897,-0.000,1.487,0.019
110.04,-11.914,-0.007,-1.494,-11.897,-0.000,1.487,0.019
110.07,-11.914,-0.006,-1.493,-11.897,-0.000,1.487,0.019
110.09,-11.914,-0.006,-1.493,-11.897,-0.000,1.487,0.019
110.11,-11.915,-0.006,-1.493,-11.897,-0.000,1.487,0.019
110.13,-11.915,-0.006,-1.493,-11.897,-0.000,1.487,0.019
110.15,-11.916,-0.005,-1.492,-11.897,-0.000,1.487,0.020
110.17,-11.916,-0.005,-1.492,-11.897,-0.000,1.487,0.020
110.19,-11.917,-0.005,-1.491,-11.897,-0.000,1.487,0.020
110.21,-11.917,-0.005,-1.491,-11.897,-0.000,1.487,0.020
110.23,-11.917,-0.004,-1.490,-11.897,-0.000,1.487,0.020
110.25,-11.917,-0.004,-1.490,-11.897,-0.000,1.487,0.020
110.27,-11.917,-0.003,-1.489,-11.897,-0.000,1.487,0.020
110.30,-11.917,-0.003,-1.489,-11.897,-0.000,1.487,0.020
110.32,-11.918,-0.002,-1.488,-11.897,-0.000,1.487,0.020
110.34,-11.918,-0.002,-1.488,-11.897,-0.000,1.487,0.020
110.36,-11.918,-0.000,-1.487,-11.897,-0.000,1.487,0.020
110.38,-11.918,-0.000,-1.487,-11.897,-0.000,1.487,0.020
110.40,-11.918,0.001,-1.486,-11.897,-0.000,1.487,0.021
110.42,-11.918,0.001,-1.486,-11.897,-0.000,1.487,0.021
110.44,-11.918,0.001,-1.486,-11.897,-0.000,1.487,0.021
110.46,-11.918,0.003,-1.485,-11.897,-0.000,1.487,0.021
110.48,-11.918,0.003,-1.485,-11.897,-0.000,1.487,0.021
110.50,-11.917,0.005,-1.484,-11.897,-0.000,1.487,0.021
110.52,-11.917,0.005,-1.484,-11.897,-0.000,1.487,0.021
110.54,-11.917,0.007,-1.484,-11.897,-0.000,1.487,0.021
110.56,-11.917,0.007,-1.484,-11.897,-0.000,1.487,0.021
110.59,-11.916,0.008,-1.483,-11.897,-0.000,1.487,0.021
110.61,-11.916,0.008,-1.483,-11.897,-0.000,1.487,0.021
110.63,-11.916,0.009,-1.483,-11.897,-0.000,1.487,0.021
110.65,-11.916,0.009,-1.483,-11.897,-0.000,1.487,0.021
110.67,-11.915,0.010,-1.482,-11.897,-0.000,1.487,0.021
110.69,-11.915,0.010,-1.482,-11.897,-0.000,1.487,0.021
110.71,-11.914,0.011,-1.482,-11.897,-0.000,1.487,0.021
110.73,-11.914,0.011,-1.482,-11.897,-0.000,1.487,0.021
110.75,-11.913,0.012,-1.482,-11.897,-0.000,1.487,0.021
110.77,-11.913,0.012,-1.482,-11.897,-0.000,1.487,0.021
110.79,-11.912,0.013,-1.482,-11.897,-0.000,1.487,0.021
110.81,-11.912,0.013,-1.482,-11.897,-0.000,1.487,0.021
110.83,-11.911,0.014,-1.482,-11.897,-0.000,1.487,0.021
110.86,-11.911,0.014,-1.482,-11.897,-0.000,1.487,0.021
110.88,-11.910,0.015,-1.482,-11.897,-0.000,1.487,0.020
110.90,-11.910,0.015,-1.482,-11.897,-0.000,1.487,0.020
110.92,-11.908,0.015,-1.482,-11.897,-0.000,1.487,0.020
110.94,-11.908,0.015,-1.482,-11.897,-0.000,1.487,0.020
110.96,-11.908,0.015,-1.482,-11.897,-0.000,1.487,0.020
110.98,-11.906,0.016,-1.482,-11.897,-0.000,1.487,0.019
111.00,-11.906,0.016,-1.482,-11.897,-0.000,1.487,0.019
111.02,-11.904,0.016,-1.482,-11.897,-0.000,1.487,0.019
111.04,-11.904,0.016,-1.482,-11.897,-0.000,1.487,0.019
111.06,-11.902,0.016,-1.482,-11.897,-0.000,1.487,0.018
111.08,-11.902,0.016,-1.482,-11.897,-0.000,1.487,0.018
111.11,-11.899,0.016,-1.482,-11.897,-0.000,1.487,0.017
111.13,-11.899,0.016,-1.482,-11.897,-0.000,1.487,0.017
111.15,-11.897,0.017,-1.482,-11.897,-0.000,1.487,0.018
111.17,-11.897,0.017,-1.482,-11.897,-0.000,1.487,0.018
111.19,-11.894,0.017,-1.482,-11.897,-0.000,1.487,0.018
111.21,-11.894,0.017,-1.482,-11.897,-0.000,1.487,0.018
111.23,-11.891,0.017,-1.481,-11.897,-0.000,1.487,0.019
111.25,-11.891,0.017,-1.481,-11.897,-0.000,1.487,0.019
111.27,-11.889,0.017,-1.481,-11.897,-0.000,1.487,0.020
111.29,-11.889,0.017,-1.481,-11.897,-0.000,1.487,0.020
111.31,-11.885,0.018,-1.481,-11.897,-0.000,1.487,0.022
111.33,-11.885,0.018,-1.481,-11.897,-0.000,1.487,0.022
111.35,-11.883,0.018,-1.481,-11.897,-0.000,1.487,0.024
111.38,-11.883,0.018,-1.481,-11.897,-0.000,1.487,0.024
111.40,-11.879,0.018,-1.480,-11.897,-0.000,1.487,0.027
111.42,-11.879,0.018,-1.480,-11.897,-0.000,1.487,0.027
111.44,-11.879,0.018,-1.480,-11.897,-0.000,1.487,0.027
111.46,-11.875,0.019,-1.480,-11.897,-0.000,1.487,0.030
111.48,-11.875,0.019,-1.480,-11.897,-0.000,1.487,0.030
111.50,-11.873,0.019,-1.480,-11.897,-0.000,1.487,0.032
111.52,-11.873,0.019,-1.480,-11.897,-0.000,1.487,0.032
111.54,-11.870,0.019,-1.481,-11.897,-0.000,1.487,0.034
111.56,-11.870,0.019,-1.481,-11.897,-0.000,1.487,0.034
111.58,-11.868,0.019,-1.481,-11.897,-0.000,1.487,0.036
111.60,-11.868,0.019,-1.481,-11.897,-0.000,1.487,0.036
111.62,-11.865,0.019,-1.481,-11.897,-0.000,1.487,0.038
111.65,-11.865,0.019,-1.481,-11.897,-0.000,1.487,0.038
111.67,-11.863,0.019,-1.481,-11.897,-0.000,1.487,0.040
111.69,-11.863,0.019,-1.481,-11.897,-0.000,1.487,0.040
111.71,-11.861,0.019,-1.482,-11.897,-0.000,1.487,0.041
111.73,-11.861,0.019,-1.482,-11.897,-0.000,1.487,0.041
111.75,-11.860,0.019,-1.482,-11.897,-0.000,1.487,0.042
111.77,-11.860,0.019,-1.482,-11.897,-0.000,1.487,0.042
111.79,-11.859,0.019,-1.483,-11.897,-0.000,1.487,0.043
111.81,-11.859,0.019,-1.483,-11.897,-0.000,1.487,0.043
111.83,-11.858,0.018,-1.484,-11.897,-0.000,1.487,0.044
111.85,-11.858,0.018,-1.484,-11.897,-0.000,1.487,0.044
111.87,-11.857,0.017,-1.485,-11.897,-0.000,1.487,0.044
111.89,-11.857,0.017,-1.485,-11.897,-0.000,1.487,0.044
111.92,-11.857,0.016,-1.486,-11.897,-0.000,1.487,0.044
111.94,-11.857,0.016,-1.486,-11.897,-0.000,1.487,0.044
111.96,-11.857,0.016,-1.486,-11.897,-0.000,1.487,0.044
111.98,-11.856,0.014,-1.487,-11.897,-0.000,1.487,0.043
112.00,-11.856,0.014,-1.487,-11.897,-0.000,1.487,0.043
112.02,-11.857,0.013,-1.487,-11.897,-0.000,1.487,0.043
112.04,-11.857,0.013,-1.487,-11.897,-0.000,1.487,0.043
112.06,-11.857,0.012,-1.488,-11.897,-0.000,1.487,0.042
112.08,-11.857,0.012,-1.488,-11.897,-0.000,1.487,0.042
112.10,-11.857,0.010,-1.488,-11.897,-0.000,1.487,0.042
112.12,-11.857,0.010,-1.488,-11.897,-0.000,1.487,0.042
112.14,-11.858,0.009,-1.488,-11.897,-0.000,1.487,0.041
112.16,-11.858,0.009,-1.488,-11.897,-0.000,1.487,0.041
112.19,-11.859,0.008,-1.489,-11.897,-0.000,1.487,0.039
112.21,-11.859,0.008,-1.489,-11.897,-0.000,1.487,0.039
112.23,-11.859,0.007,-1.489,-11.897,-0.000,1.487,0.039
112.25,-11.859,0.007,-1.489,-11.897,-0.000,1.487,0.039
112.27,-11.860,0.006,-1.489,-11.897,-0.000,1.487,0.037
112.29,-11.860,0.006,-1.489,-11.897,-0.000,1.487,0.037
112.31,-11.861,0.005,-1.489,-11.897,-0.000,1.487,0.037
112.33,-11.861,0.005,-1.489,-11.897,-0.000,1.487,0.037
112.35,-11.862,0.005,-1.489,-11.897,-0.000,1.487,0.036
112.37,-11.862,0.005,-1.489,-11.897,-0.000,1.487,0.036
112.39,-11.862,0.004,-1.489,-11.897,-0.000,1.487,0.035
112.41,-11.862,0.004,-1.489,-11.897,-0.000,1.487,0.035
112.43,-11.862,0.004,-1.489,-11.897,-0.000,1.487,0.035
112.46,-11.864,0.003,-1.488,-11.897,-0.000,1.487,0.034
112.48,-11.864,0.003,-1.488,-11.897,-0.000,1.487,0.034
112.50,-11.864,0.003,-1.488,-11.897,-0.000,1.487,0.033
112.52,-11.864,0.003,-1.488,-11.897,-0.000,1.487,0.033
112.54,-11.865,0.002,-1.488,-11.897,-0.000,1.487,0.032
112.56,-11.865,0.002,-1.488,-11.897,-0.000,1.487,0.032
112.58,-11.866,0.002,-1.487,-11.897,-0.000,1.487,0.031
112.60,-11.866,0.002,-1.487,-11.897,-0.000,1.487,0.031
112.62,-11.868,0.002,-1.487,-11.897,-0.000,1.487,0.030
112.64,-11.868,0.002,-1.487,-11.897,-0.000,1.487,0.030
112.66,-11.869,0.002,-1.487,-11.897,-0.000,1.487,0.028
112.68,-11.869,0.002,-1.487,-11.897,-0.000,1.487,0.028
112.71,-11.871,0.002,-1.486,-11.897,-0.000,1.487,0.027
112.73,-11.871,0.002,-1.486,-11.897,-0.000,1.487,0.027
112.75,-11.873,0.002,-1.486,-11.897,-0.000,1.487,0.025
112.77,-11.873,0.002,-1.486,-11.897,-0.000,1.487,0.025
112.79,-11.874,0.002,-1.485,-11.897,-0.000,1.487,0.023
112.81,-11.874,0.002,-1.485,-11.897,-0.000,1.487,0.023
112.83,-11.876,0.002,-1.485,-11.897,-0.000,1.487,0.021
112.85,-11.876,0.002,-1.485,-11.897,-0.000,1.487,0.021
112.87,-11.878,0.002,-1.484,-11.897,-0.000,1.487,0.020
112.89,-11.878,0.002,-1.484,-11.897,-0.000,1.487,0.020
112.91,-11.880,0.003,-1.484,-11.897,-0.000,1.487,0.018
112.94,-11.880,0.003,-1.484,-11.897,-0.000,1.487,0.018
112.96,-11.880,0.003,-1.484,-11.897,-0.000,1.487,0.018
112.98,-11.883,0.003,-1.483,-11.897,-0.000,1.487,0.016
113.00,-11.883,0.003,-1.483,-11.897,-0.000,1.487,0.016
113.02,-11.885,0.003,-1.482,-11.897,-0.000,1.487,0.014
113.04,-11.885,0.003,-1.482,-11.897,-0.000,1.487,0.014
113.06,-11.887,0.003,-1.482,-11.897,-0.000,1.487,0.012
113.08,-11.887,0.003,-1.482,-11.897,-0.000,1.487,0.012
113.10,-11.889,0.003,-1.482,-11.897,-0.000,1.487,0.011
113.12,-11.889,0.003,-1.482,-11.897,-0.000,1.487,0.011
113.14,-11.891,0.003,-1.482,-11.897,-0.000,1.487,0.009
113.16,-11.891,0.003,-1.482,-11.897,-0.000,1.487,0.009
113.18,-11.893,0.003,-1.482,-11.897,-0.000,1.487,0.008
113.21,-11.893,0.003,-1.482,-11.897,-0.000,1.487,0.008
113.23,-11.895,0.004,-1.482,-11.897,-0.000,1.487,0.007
113.25,-11.895,0.004,-1.482,-11.897,-0.000,1.487,0.007
113.27,-11.897,0.005,-1.482,-11.897,-0.000,1.487,0.007
113.29,-11.897,0.005,-1.482,-11.897,-0.000,1.487,0.007
113.31,-11.899,0.005,-1.482,-11.897,-0.000,1.487,0.008
113.33,-11.899,0.005,-1.482,-11.897,-0.000,1.487,0.008
113.35,-11.901,0.007,-1.482,-11.897,-0.000,1.487,0.009
113.37,-11.901,0.007,-1.482,-11.897,-0.000,1.487,0.009
113.39,-11.903,0.008,-1.482,-11.897,-0.000,1.487,0.011
113.42,-11.903,0.008,-1.482,-11.897,-0.000,1.487,0.011
113.44,-11.905,0.009,-1.482,-11.897,-0.000,1.487,0.013
113.46,-11.905,0.009,-1.482,-11.897,-0.000,1.487,0.013
113.48,-11.905,0.009,-1.482,-11.897,-0.000,1.487,0.013
113.50,-11.908,0.010,-1.482,-11.897,-0.000,1.487,0.016
113.52,-11.908,0.010,-1.482,-11.897,-0.000,1.487,0.016
113.54,-11.910,0.011,-1.481,-11.897,-0.000,1.487,0.018
113.56,-11.910,0.011,-1.481,-11.897,-0.000,1.487,0.018
113.58,-11.912,0.012,-1.481,-11.897,-0.000,1.487,0.020
113.60,-11.912,0.012,-1.481,-11.897,-0.000,1.487,0.020
113.62,-11.914,0.013,-1.480,-11.897,-0.000,1.487,0.022
113.64,-11.914,0.013,-1.480,-11.897,-0.000,1.487,0.022
113.67,-11.916,0.014,-1.479,-11.897,-0.000,1.487,0.024
113.69,-11.916,0.014,-1.479,-11.897,-0.000,1.487,0.024
113.71,-11.917,0.014,-1.479,-11.897,-0.000,1.487,0.026
113.73,-11.917,0.014,-1.479,-11.897,-0.000,1.487,0.026
113.75,-11.918,0.014,-1.478,-11.897,-0.000,1.487,0.027
113.77,-11.918,0.014,-1.478,-11.897,-0.000,1.487,0.027
113.79,-11.920,0.014,-1.478,-11.897,-0.000,1.487,0.028
113.81,-11.920,0.014,-1.478,-11.897,-0.000,1.487,0.028
113.83,-11.921,0.014,-1.477,-11.897,-0.000,1.487,0.029
113.85,-11.921,0.014,-1.477,-11.897,-0.000,1.487,0.029
113.87,-11.922,0.014,-1.477,-11.897,-0.000,1.487,0.030
113.89,-11.922,0.014,-1.477,-11.897,-0.000,1.487,0.030
113.92,-11.923,0.014,-1.477,-11.897,-0.000,1.487,0.031
113.94,-11.923,0.014,-1.477,-11.897,-0.000,1.487,0.031
113.96,-11.923,0.014,-1.477,-11.897,-0.000,1.487,0.031
113.98,-11.924,0.013,-1.477,-11.897,-0.000,1.487,0.032
114.00,-11.924,0.013,-1.477,-11.897,-0.000,1.487,0.032
114.02,-11.925,0.012,-1.476,-11.897,-0.000,1.487,0.032
114.04,-11.925,0.012,-1.476,-11.897,-0.000,1.487,0.032
114.06,-11.925,0.012,-1.476,-11.897,-0.000,1.487,0.032
114.08,-11.925,0.012,-1.476,-11.897,-0.000,1.487,0.032
114.10,-11.925,0.012,-1.476,-11.897,-0.000,1.487,0.032
114.12,-11.925,0.012,-1.476,-11.897,-0.000,1.487,0.032
114.14,-11.925,0.011,-1.476,-11.897,-0.000,1.487,0.032
114.16,-11.925,0.011,-1.476,-11.897,-0.000,1.487,0.032
114.19,-11.925,0.011,-1.476,-11.897,-0.000,1.487,0.032
114.21,-11.925,0.011,-1.476,-11.897,-0.000,1.487,0.032
114.23,-11.925,0.011,-1.475,-11.897,-0.000,1.487,0.032
114.25,-11.925,0.011,-1.475,-11.897,-0.000,1.487,0.032
114.27,-11.924,0.011,-1.476,-11.897,-0.000,1.487,0.031
114.29,-11.924,0.011,-1.476,-11.897,-0.000,1.487,0.031
114.31,-11.924,0.010,-1.476,-11.897,-0.000,1.487,0.031
114.33,-11.924,0.010,-1.476,-11.897,-0.000,1.487,0.031
114.35,-11.923,0.010,-1.476,-11.897,-0.000,1.487,0.030
114.37,-11.923,0.010,-1.476,-11.897,-0.000,1.487,0.030
114.39,-11.923,0.009,-1.476,-11.897,-0.000,1.487,0.030
114.42,-11.923,0.009,-1.476,-11.897,-0.000,1.487,0.030
114.44,-11.923,0.009,-1.476,-11.897,-0.000,1.487,0.029
114.46,-11.923,0.009,-1.476,-11.897,-0.000,1.487,0.029
114.48,-11.923,0.009,-1.476,-11.897,-0.000,1.487,0.029
114.50,-11.922,0.008,-1.477,-11.897,-0.000,1.487,0.028
114.52,-11.922,0.008,-1.477,-11.897,-0.000,1.487,0.028
114.54,-11.921,0.007,-1.477,-11.897,-0.000,1.487,0.027
114.56,-11.921,0.007,-1.477,-11.897,-0.000,1.487,0.027
114.58,-11.921,0.006,-1.477,-11.897,-0.000,1.487,0.026
114.60,-11.921,0.006,-1.477,-11.897,-0.000,1.487,0.026
114.62,-11.920,0.005,-1.477,-11.897,-0.000,1.487,0.026
114.64,-11.920,0.005,-1.477,-11.897,-0.000,1.487,0.026
114.66,-11.919,0.004,-1.478,-11.897,-0.000,1.487,0.024
114.69,-11.919,0.004,-1.478,-11.897,-0.000,1.487,0.024
114.71,-11.918,0.003,-1.478,-11.897,-0.000,1.487,0.023
114.73,-11.918,0.003,-1.478,-11.897,-0.000,1.487,0.023
114.75,-11.917,0.002,-1.478,-11.897,-0.000,1.487,0.022
114.77,-11.917,0.002,-1.478,-11.897,-0.000,1.487,0.022
114.79,-11.916,0.001,-1.478,-11.897,-0.000,1.487,0.021
114.81,-11.916,0.001,-1.478,-11.897,-0.000,1.487,0.021
114.83,-11.915,-0.000,-1.478,-11.897,-0.000,1.487,0.020
114.85,-11.915,-0.000,-1.478,-11.897,-0.000,1.487,0.020
114.87,-11.914,-0.002,-1.478,-11.897,-0.000,1.487,0.019
114.89,-11.914,-0.002,-1.478,-11.897,-0.000,1.487,0.019
114.91,-11.912,-0.003,-1.478,-11.897,-0.000,1.487,0.018
114.94,-11.912,-0.003,-1.478,-11.897,-0.000,1.487,0.018
114.96,-11.912,-0.003,-1.478,-11.897,-0.000,1.487,0.018
114.98,-11.911,-0.006,-1.478,-11.897,-0.000,1.487,0.017
115.00,-11.911,-0.006,-1.478,-11.897,-0.000,1.487,0.017
115.02,-11.910,-0.007,-1.477,-11.897,-0.000,1.487,0.018
115.04,-11.910,-0.007,-1.477,-11.897,-0.000,1.487,0.018
115.06,-11.909,-0.009,-1.477,-11.897,-0.000,1.487,0.018
115.08,-11.909,-0.009,-1.477,-11.897,-0.000,1.487,0.018
115.10,-11.908,-0.010,-1.477,-11.897,-0.000,1.487,0.018
115.12,-11.908,-0.010,-1.477,-11.897,-0.000,1.487,0.018
115.14,-11.908,-0.012,-1.477,-11.897,-0.000,1.487,0.019
115.16,-11.908,-0.012,-1.477,-11.897,-0.000,1.487,0.019
115.18,-11.907,-0.014,-1.477,-11.897,-0.000,1.487,0.019
115.21,-11.907,-0.014,-1.477,-11.897,-0.000,1.487,0.019
115.23,-11.906,-0.015,-1.478,-11.897,-0.000,1.487,0.020
115.25,-11.906,-0.015,-1.478,-11.897,-0.000,1.487,0.020
115.27,-11.905,-0.017,-1.478,-11.897,-0.000,1.487,0.021
115.29,-11.905,-0.017,-1.478,-11.897,-0.000,1.487,0.021
115.31,-11.904,-0.019,-1.478,-11.897,-0.000,1.487,0.022
115.33,-11.904,-0.019,-1.478,-11.897,-0.000,1.487,0.022
115.35,-11.904,-0.020,-1.478,-11.897,-0.000,1.487,0.023
115.37,-11.904,-0.020,-1.478,-11.897,-0.000,1.487,0.023
115.39,-11.903,-0.021,-1.479,-11.897,-0.000,1.487,0.024
115.41,-11.903,-0.021,-1.479,-11.897,-0.000,1.487,0.024
115.43,-11.902,-0.022,-1.479,-11.897,-0.000,1.487,0.024
115.45,-11.902,-0.022,-1.479,-11.897,-0.000,1.487,0.024
115.48,-11.902,-0.022,-1.479,-11.897,-0.000,1.487,0.024
115.50,-11.901,-0.024,-1.479,-11.897,-0.000,1.487,0.025
115.52,-11.901,-0.024,-1.479,-11.897,-0.000,1.487,0.025
115.54,-11.900,-0.024,-1.480,-11.897,-0.000,1.487,0.025
115.56,-11.900,-0.024,-1.480,-11.897,-0.000,1.487,0.025
115.58,-11.899,-0.024,-1.480,-11.897,-0.000,1.487,0.025
115.60,-11.899,-0.024,-1.480,-11.897,-0.000,1.487,0.025
115.62,-11.897,-0.024,-1.480,-11.897,-0.000,1.487,0.025
115.64,-11.897,-0.024,-1.480,-11.897,-0.000,1.487,0.025
115.66,-11.896,-0.024,-1.480,-11.897,-0.000,1.487,0.025
115.68,-11.896,-0.024,-1.480,-11.897,-0.000,1.487,0.025
115.70,-11.894,-0.024,-1.480,-11.897,-0.000,1.487,0.025
115.73,-11.894,-0.024,-1.480,-11.897,-0.000,1.487,0.025
115.75,-11.893,-0.023,-1.481,-11.897,-0.000,1.487,0.024
115.77,-11.893,-0.023,-1.481,-11.897,-0.000,1.487,0.024
115.79,-11.892,-0.022,-1.481,-11.897,-0.000,1.487,0.024
115.81,-11.892,-0.022,-1.481,-11.897,-0.000,1.487,0.024
115.83,-11.890,-0.022,-1.481,-11.897,-0.000,1.487,0.024
115.85,-11.890,-0.022,-1.481,-11.897,-0.000,1.487,0.024
115.87,-11.888,-0.021,-1.481,-11.897,-0.000,1.487,0.024
115.89,-11.888,-0.021,-1.481,-11.897,-0.000,1.487,0.024
115.91,-11.886,-0.020,-1.481,-11.897,-0.000,1.487,0.024
115.93,-11.886,-0.020,-1.481,-11.897,-0.000,1.487,0.024
115.95,-11.885,-0.019,-1.481,-11.897,-0.000,1.487,0.024
115.97,-11.885,-0.019,-1.481,-11.897,-0.000,1.487,0.024
116.00,-11.885,-0.019,-1.481,-11.897,-0.000,1.487,0.024
116.02,-11.882,-0.018,-1.481,-11.897,-0.000,1.487,0.024
116.04,-11.882,-0.018,-1.481,-11.897,-0.000,1.487,0.024
116.06,-11.880,-0.016,-1.481,-11.897,-0.000,1.487,0.024
116.08,-11.880,-0.016,-1.481,-11.897,-0.000,1.487,0.024
116.10,-11.878,-0.015,-1.482,-11.897,-0.000,1.487,0.025
116.12,-11.878,-0.015,-1.482,-11.897,-0.000,1.487,0.025
116.14,-11.877,-0.014,-1.482,-11.897,-0.000,1.487,0.025
116.16,-11.877,-0.014,-1.482,-11.897,-0.000,1.487,0.025
116.18,-11.875,-0.012,-1.483,-11.897,-0.000,1.487,0.026
116.20,-11.875,-0.012,-1.483,-11.897,-0.000,1.487,0.026
116.22,-11.874,-0.011,-1.483,-11.897,-0.000,1.487,0.026
116.24,-11.874,-0.011,-1.483,-11.897,-0.000,1.487,0.026
116.26,-11.872,-0.009,-1.483,-11.897,-0.000,1.487,0.027
116.29,-11.872,-0.009,-1.483,-11.897,-0.000,1.487,0.027
116.31,-11.871,-0.008,-1.484,-11.897,-0.000,1.487,0.028
116.33,-11.871,-0.008,-1.484,-11.897,-0.000,1.487,0.028
116.35,-11.870,-0.007,-1.484,-11.897,-0.000,1.487,0.028
116.37,-11.870,-0.007,-1.484,-11.897,-0.000,1.487,0.028
116.39,-11.870,-0.006,-1.484,-11.897,-0.000,1.487,0.028
116.41,-11.870,-0.006,-1.484,-11.897,-0.000,1.487,0.028
116.43,-11.869,-0.005,-1.484,-11.897,-0.000,1.487,0.029
116.45,-11.869,-0.005,-1.484,-11.897,-0.000,1.487,0.029
116.47,-11.869,-0.005,-1.484,-11.897,-0.000,1.487,0.029
116.50,-11.869,-0.003,-1.485,-11.897,-0.000,1.487,0.029
116.52,-11.869,-0.003,-1.485,-11.897,-0.000,1.487,0.029
116.54,-11.869,-0.002,-1.485,-11.897,-0.000,1.487,0.029
116.56,-11.869,-0.002,-1.485,-11.897,-0.000,1.487,0.029
116.58,-11.869,-0.002,-1.485,-11.897,-0.000,1.487,0.028
116.60,-11.869,-0.002,-1.485,-11.897,-0.000,1.487,0.028
116.62,-11.869,-0.001,-1.486,-11.897,-0.000,1.487,0.028
116.64,-11.869,-0.001,-1.486,-11.897,-0.000,1.487,0.028
116.66,-11.870,-0.001,-1.486,-11.897,-0.000,1.487,0.028
116.68,-11.870,-0.001,-1.486,-11.897,-0.000,1.487,0.028
116.70,-11.870,-0.000,-1.487,-11.897,-0.000,1.487,0.027
116.72,-11.870,-0.000,-1.487,-11.897,-0.000,1.487,0.027
116.75,-11.872,-0.000,-1.487,-11.897,-0.000,1.487,0.026
116.77,-11.872,-0.000,-1.487,-11.897,-0.000,1.487,0.026
116.79,-11.873,-0.000,-1.488,-11.897,-0.000,1.487,0.025
116.81,-11.873,-0.000,-1.488,-11.897,-0.000,1.487,0.025
116.83,-11.874,-0.000,-1.488,-11.897,-0.000,1.487,0.024
116.85,-11.874,-0.000,-1.488,-11.897,-0.000,1.487,0.024
116.87,-11.875,-0.000,-1.489,-11.897,-0.000,1.487,0.023
116.89,-11.875,-0.000,-1.489,-11.897,-0.000,1.487,0.023
116.91,-11.876,-0.000,-1.489,-11.897,-0.000,1.487,0.022
116.93,-11.876,-0.000,-1.489,-11.897,-0.000,1.487,0.022
116.95,-11.877,-0.001,-1.489,-11.897,-0.000,1.487,0.020
116.98,-11.877,-0.001,-1.489,-11.897,-0.000,1.487,0.020
117.00,-11.877,-0.001,-1.489,-11.897,-0.000,1.487,0.020
117.02,-11.880,-0.001,-1.489,-11.897,-0.000,1.487,0.018
117.04,-11.880,-0.001,-1.489,-11.897,-0.000,1.487,0.018
117.06,-11.882,-0.002,-1.489,-11.897,-0.000,1.487,0.016
117.08,-11.882,-0.002,-1.489,-11.897,-0.000,1.487,0.016
117.10,-11.884,-0.002,-1.489,-11.897,-0.000,1.487,0.014
117.12,-11.884,-0.002,-1.489,-11.897,-0.000,1.487,0.014
117.14,-11.886,-0.002,-1.489,-11.897,-0.000,1.487,0.012
117.16,-11.886,-0.002,-1.489,-11.897,-0.000,1.487,0.012
117.18,-11.889,-0.002,-1.489,-11.897,-0.000,1.487,0.009
117.21,-11.889,-0.002,-1.489,-11.897,-0.000,1.487,0.009
117.23,-11.891,-0.003,-1.489,-11.897,-0.000,1.487,0.007
117.25,-11.891,-0.003,-1.489,-11.897,-0.000,1.487,0.007
117.27,-11.893,-0.003,-1.489,-11.897,-0.000,1.487,0.006
117.29,-11.893,-0.003,-1.489,-11.897,-0.000,1.487,0.006
117.31,-11.895,-0.003,-1.489,-11.897,-0.000,1.487,0.004
117.33,-11.895,-0.003,-1.489,-11.897,-0.000,1.487,0.004
117.35,-11.896,-0.004,-1.489,-11.897,-0.000,1.487,0.004
117.37,-11.896,-0.004,-1.489,-11.897,-0.000,1.487,0.004
117.39,-11.898,-0.004,-1.489,-11.897,-0.000,1.487,0.004
117.41,-11.898,-0.004,-1.489,-11.897,-0.000,1.487,0.004
117.43,-11.900,-0.004,-1.489,-11.897,-0.000,1.487,0.005
117.45,-11.900,-0.004,-1.489,-11.897,-0.000,1.487,0.005
117.48,-11.900,-0.004,-1.489,-11.897,-0.000,1.487,0.005
117.50,-11.903,-0.005,-1.489,-11.897,-0.000,1.487,0.008
117.52,-11.903,-0.005,-1.489,-11.897,-0.000,1.487,0.008
117.54,-11.905,-0.005,-1.490,-11.897,-0.000,1.487,0.010
117.56,-11.905,-0.005,-1.490,-11.897,-0.000,1.487,0.010
117.58,-11.906,-0.006,-1.490,-11.897,-0.000,1.487,0.011
117.60,-11.906,-0.006,-1.490,-11.897,-0.000,1.487,0.011
117.62,-11.908,-0.007,-1.491,-11.897,-0.000,1.487,0.013
117.64,-11.908,-0.007,-1.491,-11.897,-0.000,1.487,0.013
117.66,-11.909,-0.007,-1.491,-11.897,-0.000,1.487,0.015
117.68,-11.909,-0.007,-1.491,-11.897,-0.000,1.487,0.015
117.70,-11.911,-0.009,-1.492,-11.897,-0.000,1.487,0.017
117.72,-11.911,-0.009,-1.492,-11.897,-0.000,1.487,0.017
117.75,-11.912,-0.009,-1.493,-11.897,-0.000,1.487,0.018
117.77,-11.912,-0.009,-1.493,-11.897,-0.000,1.487,0.018
117.79,-11.913,-0.010,-1.494,-11.897,-0.000,1.487,0.020
117.81,-11.913,-0.010,-1.494,-11.897,-0.000,1.487,0.020
117.83,-11.914,-0.011,-1.495,-11.897,-0.000,1.487,0.022
117.85,-11.914,-0.011,-1.495,-11.897,-0.000,1.487,0.022
117.87,-11.915,-0.012,-1.495,-11.897,-0.000,1.487,0.023
117.89,-11.915,-0.012,-1.495,-11.897,-0.000,1.487,0.023
117.91,-11.916,-0.013,-1.496,-11.897,-0.000,1.487,0.024
117.93,-11.916,-0.013,-1.496,-11.897,-0.000,1.487,0.024
117.95,-11.916,-0.014,-1.496,-11.897,-0.000,1.487,0.025
117.97,-11.916,-0.014,-1.496,-11.897,-0.000,1.487,0.025
118.00,-11.916,-0.014,-1.496,-11.897,-0.000,1.487,0.025
118.02,-11.917,-0.015,-1.496,-11.897,-0.000,1.487,0.027
118.04,-11.917,-0.015,-1.496,-11.897,-0.000,1.487,0.027
118.06,-11.917,-0.017,-1.496,-11.897,-0.000,1.487,0.027
118.08,-11.917,-0.017,-1.496,-11.897,-0.000,1.487,0.027
118.10,-11.917,-0.018,-1.496,-11.897,-0.000,1.487,0.028
118.12,-11.917,-0.018,-1.496,-11.897,-0.000,1.487,0.028
118.14,-11.917,-0.019,-1.496,-11.897,-0.000,1.487,0.028
118.16,-11.917,-0.019,-1.496,-11.897,-0.000,1.487,0.028
118.18,-11.917,-0.020,-1.496,-11.897,-0.000,1.487,0.029
118.20,-11.917,-0.020,-1.496,-11.897,-0.000,1.487,0.029
118.22,-11.916,-0.021,-1.495,-11.897,-0.000,1.487,0.029
118.24,-11.916,-0.021,-1.495,-11.897,-0.000,1.487,0.029
118.27,-11.916,-0.022,-1.495,-11.897,-0.000,1.487,0.030
118.29,-11.916,-0.022,-1.495,-11.897,-0.000,1.487,0.030
118.31,-11.916,-0.023,-1.495,-11.897,-0.000,1.487,0.031
118.33,-11.916,-0.023,-1.495,-11.897,-0.000,1.487,0.031
118.35,-11.916,-0.024,-1.494,-11.897,-0.000,1.487,0.031
118.37,-11.916,-0.024,-1.494,-11.897,-0.000,1.487,0.031
118.39,-11.916,-0.025,-1.494,-11.897,-0.000,1.487,0.032
118.41,-11.916,-0.025,-1.494,-11.897,-0.000,1.487,0.032
118.43,-11.916,-0.026,-1.493,-11.897,-0.000,1.487,0.032
118.45,-11.916,-0.026,-1.493,-11.897,-0.000,1.487,0.032
118.47,-11.915,-0.027,-1.493,-11.897,-0.000,1.487,0.033
118.49,-11.915,-0.027,-1.493,-11.897,-0.000,1.487,0.033
118.51,-11.915,-0.027,-1.493,-11.897,-0.000,1.487,0.033
118.54,-11.915,-0.028,-1.492,-11.897,-0.000,1.487,0.034
118.56,-11.915,-0.028,-1.492,-11.897,-0.000,1.487,0.034
118.58,-11.915,-0.029,-1.492,-11.897,-0.000,1.487,0.034
118.60,-11.915,-0.029,-1.492,-11.897,-0.000,1.487,0.034
118.62,-11.915,-0.030,-1.491,-11.897,-0.000,1.487,0.035
118.64,-11.915,-0.030,-1.491,-11.897,-0.000,1.487,0.035
118.66,-11.914,-0.030,-1.491,-11.897,-0.000,1.487,0.035
118.68,-11.914,-0.030,-1.491,-11.897,-0.000,1.487,0.035
118.70,-11.914,-0.031,-1.491,-11.897,-0.000,1.487,0.035
118.72,-11.914,-0.031,-1.491,-11.897,-0.000,1.487,0.035
118.74,-11.913,-0.031,-1.490,-11.897,-0.000,1.487,0.035
118.76,-11.913,-0.031,-1.490,-11.897,-0.000,1.487,0.035
118.78,-11.912,-0.031,-1.490,-11.897,-0.000,1.487,0.035
118.81,-11.912,-0.031,-1.490,-11.897,-0.000,1.487,0.035
118.83,-11.911,-0.031,-1.490,-11.897,-0.000,1.487,0.034
118.85,-11.911,-0.031,-1.490,-11.897,-0.000,1.487,0.034
118.87,-11.911,-0.031,-1.490,-11.897,-0.000,1.487,0.033
118.89,-11.911,-0.031,-1.490,-11.897,-0.000,1.487,0.033
118.91,-11.910,-0.030,-1.490,-11.897,-0.000,1.487,0.032
118.93,-11.910,-0.030,-1.490,-11.897,-0.000,1.487,0.032
118.95,-11.909,-0.029,-1.489,-11.897,-0.000,1.487,0.031
118.97,-11.909,-0.029,-1.489,-11.897,-0.000,1.487,0.031
118.99,-11.909,-0.029,-1.489,-11.897,-0.000,1.487,0.031
119.01,-11.907,-0.028,-1.488,-11.897,-0.000,1.487,0.030
119.03,-11.907,-0.028,-1.488,-11.897,-0.000,1.487,0.030
119.05,-11.906,-0.028,-1.488,-11.897,-0.000,1.487,0.029
119.08,-11.906,-0.028,-1.488,-11.897,-0.000,1.487,0.029
119.10,-11.905,-0.026,-1.487,-11.897,-0.000,1.487,0.028
119.12,-11.905,-0.026,-1.487,-11.897,-0.000,1.487,0.028
119.14,-11.904,-0.026,-1.486,-11.897,-0.000,1.487,0.027
119.16,-11.904,-0.026,-1.486,-11.897,-0.000,1.487,0.027
119.18,-11.904,-0.025,-1.485,-11.897,-0.000,1.487,0.026
119.20,-11.904,-0.025,-1.485,-11.897,-0.000,1.487,0.026
119.22,-11.903,-0.024,-1.485,-11.897,-0.000,1.487,0.025
119.24,-11.903,-0.024,-1.485,-11.897,-0.000,1.487,0.025
119.26,-11.903,-0.024,-1.484,-11.897,-0.000,1.487,0.025
119.28,-11.903,-0.024,-1.484,-11.897,-0.000,1.487,0.025
119.30,-11.902,-0.024,-1.483,-11.897,-0.000,1.487,0.025
119.33,-11.902,-0.024,-1.483,-11.897,-0.000,1.487,0.025
119.35,-11.901,-0.024,-1.483,-11.897,-0.000,1.487,0.024
119.37,-11.901,-0.024,-1.483,-11.897,-0.000,1.487,0.024
119.39,-11.901,-0.023,-1.482,-11.897,-0.000,1.487,0.024
119.41,-11.901,-0.023,-1.482,-11.897,-0.000,1.487,0.024
119.43,-11.900,-0.023,-1.481,-11.897,-0.000,1.487,0.024
119.45,-11.900,-0.023,-1.481,-11.897,-0.000,1.487,0.024
119.47,-11.899,-0.023,-1.480,-11.897,-0.000,1.487,0.024
119.49,-11.899,-0.023,-1.480,-11.897,-0.000,1.487,0.024
119.51,-11.899,-0.023,-1.480,-11.897,-0.000,1.487,0.024
119.53,-11.898,-0.022,-1.480,-11.897,-0.000,1.487,0.023
119.56,-11.898,-0.022,-1.480,-11.897,-0.000,1.487,0.023
119.58,-11.897,-0.022,-1.479,-11.897,-0.000,1.487,0.023
119.60,-11.897,-0.022,-1.479,-11.897,-0.000,1.487,0.023
119.62,-11.896,-0.021,-1.478,-11.897,-0.000,1.487,0.023
119.64,-11.896,-0.021,-1.478,-11.897,-0.000,1.487,0.023
119.66,-11.895,-0.020,-1.478,-11.897,-0.000,1.487,0.022
119.68,-11.895,-0.020,-1.478,-11.897,-0.000,1.487,0.022
119.70,-11.895,-0.019,-1.477,-11.897,-0.000,1.487,0.022
119.72,-11.895,-0.019,-1.477,-11.897,-0.000,1.487,0.022
119.74,-11.895,-0.018,-1.477,-11.897,-0.000,1.487,0.021
119.76,-11.895,-0.018,-1.477,-11.897,-0.000,1.487,0.021
119.78,-11.894,-0.017,-1.476,-11.897,-0.000,1.487,0.020
119.81,-11.894,-0.017,-1.476,-11.897,-0.000,1.487,0.020
119.83,-11.894,-0.015,-1.476,-11.897,-0.000,1.487,0.019
119.85,-11.894,-0.015,-1.476,-11.897,-0.000,1.487,0.019
119.87,-11.894,-0.013,-1.476,-11.897,-0.000,1.487,0.018
119.89,-11.894,-0.013,-1.476,-11.897,-0.000,1.487,0.018
119.91,-11.894,-0.012,-1.476,-11.897,-0.000,1.487,0.017
119.93,-11.894,-0.012,-1.476,-11.897,-0.000,1.487,0.017
119.95,-11.894,-0.010,-1.476,-11.897,-0.000,1.487,0.015
119.97,-11.894,-0.010,-1.476,-11.897,-0.000,1.487,0.015
119.99,-11.895,-0.009,-1.476,-11.897,-0.000,1.487,0.014
120.01,-11.895,-0.009,-1.476,-11.897,-0.000,1.487,0.014
120.03,-11.895,-0.009,-1.476,-11.897,-0.000,1.487,0.014
120.05,-11.895,-0.006,-1.477,-11.897,-0.000,1.487,0.012
120.08,-11.895,-0.006,-1.477,-11.897,-0.000,1.487,0.012
120.10,-11.895,-0.004,-1.477,-11.897,-0.000,1.487,0.011
120.12,-11.895,-0.004,-1.477,-11.897,-0.000,1.487,0.011
120.14,-11.896,-0.003,-1.477,-11.897,-0.000,1.487,0.010
120.16,-11.896,-0.003,-1.477,-11.897,-0.000,1.487,0.010
120.18,-11.896,-0.001,-1.478,-11.897,-0.000,1.487,0.010
120.20,-11.896,-0.001,-1.478,-11.897,-0.000,1.487,0.010
120.22,-11.896,0.000,-1.479,-11.897,-0.000,1.487,0.009
120.24,-11.896,0.000,-1.479,-11.897,-0.000,1.487,0.009
120.26,-11.896,0.001,-1.479,-11.897,-0.000,1.487,0.008
120.28,-11.896,0.001,-1.479,-11.897,-0.000,1.487,0.008
120.30,-11.896,0.002,-1.480,-11.897,-0.000,1.487,0.008
120.33,-11.896,0.002,-1.480,-11.897,-0.000,1.487,0.008
120.35,-11.896,0.003,-1.480,-11.897,-0.000,1.487,0.008
120.37,-11.896,0.003,-1.480,-11.897,-0.000,1.487,0.008
120.39,-11.896,0.003,-1.481,-11.897,-0.000,1.487,0.007
120.41,-11.896,0.003,-1.481,-11.897,-0.000,1.487,0.007
120.43,-11.896,0.003,-1.481,-11.897,-0.000,1.487,0.007
120.45,-11.896,0.003,-1.481,-11.897,-0.000,1.487,0.007
120.47,-11.896,0.003,-1.482,-11.897,-0.000,1.487,0.007
120.49,-11.896,0.003,-1.482,-11.897,-0.000,1.487,0.007
120.51,-11.896,0.003,-1.482,-11.897,-0.000,1.487,0.007
120.54,-11.896,0.002,-1.482,-11.897,-0.000,1.487,0.006
120.56,-11.896,0.002,-1.482,-11.897,-0.000,1.487,0.006
120.58,-11.896,0.001,-1.483,-11.897,-0.000,1.487,0.005
120.60,-11.896,0.001,-1.483,-11.897,-0.000,1.487,0.005
120.62,-11.896,0.000,-1.484,-11.897,-0.000,1.487,0.004
120.64,-11.896,0.000,-1.484,-11.897,-0.000,1.487,0.004
120.66,-11.896,-0.000,-1.484,-11.897,-0.000,1.487,0.004
120.68,-11.896,-0.000,-1.484,-11.897,-0.000,1.487,0.004
120.70,-11.895,-0.001,-1.485,-11.897,-0.000,1.487,0.003
120.72,-11.895,-0.001,-1.485,-11.897,-0.000,1.487,0.003
120.74,-11.895,-0.002,-1.485,-11.897,-0.000,1.487,0.003
120.76,-11.895,-0.002,-1.485,-11.897,-0.000,1.487,0.003
120.78,-11.895,-0.003,-1.486,-11.897,-0.000,1.487,0.004
120.81,-11.895,-0.003,-1.486,-11.897,-0.000,1.487,0.004
120.83,-11.896,-0.003,-1.486,-11.897,-0.000,1.487,0.004
120.85,-11.896,-0.003,-1.486,-11.897,-0.000,1.487,0.004
120.87,-11.896,-0.003,-1.487,-11.897,-0.000,1.487,0.004
120.89,-11.896,-0.003,-1.487,-11.897,-0.000,1.487,0.004
120.91,-11.896,-0.004,-1.487,-11.897,-0.000,1.487,0.004
120.93,-11.896,-0.004,-1.487,-11.897,-0.000,1.487,0.004
120.95,-11.896,-0.004,-1.487,-11.897,-0.000,1.487,0.004
120.97,-11.896,-0.004,-1.487,-11.897,-0.000,1.487,0.004
120.99,-11.896,-0.004,-1.488,-11.897,-0.000,1.487,0.004
121.01,-11.896,-0.004,-1.488,-11.897,-0.000,1.487,0.004
121.03,-11.896,-0.004,-1.488,-11.897,-0.000,1.487,0.004
121.06,-11.896,-0.004,-1.488,-11.897,-0.000,1.487,0.004
121.08,-11.896,-0.004,-1.488,-11.897,-0.000,1.487,0.004
121.10,-11.897,-0.004,-1.488,-11.897,-0.000,1.487,0.004
121.12,-11.897,-0.004,-1.488,-11.897,-0.000,1.487,0.004
121.14,-11.897,-0.004,-1.488,-11.897,-0.000,1.487,0.004
121.16,-11.897,-0.004,-1.488,-11.897,-0.000,1.487,0.004
121.18,-11.898,-0.003,-1.488,-11.897,-0.000,1.487,0.003
121.20,-11.898,-0.003,-1.488,-11.897,-0.000,1.487,0.003
121.22,-11.898,-0.003,-1.488,-11.897,-0.000,1.487,0.003
121.24,-11.898,-0.003,-1.488,-11.897,-0.000,1.487,0.003
121.26,-11.899,-0.003,-1.488,-11.897,-0.000,1.487,0.003
121.28,-11.899,-0.003,-1.488,-11.897,-0.000,1.487,0.003
121.30,-11.899,-0.003,-1.488,-11.897,-0.000,1.487,0.003
121.32,-11.899,-0.003,-1.488,-11.897,-0.000,1.487,0.003
121.35,-11.900,-0.003,-1.487,-11.897,-0.000,1.487,0.003
121.37,-11.900,-0.003,-1.487,-11.897,-0.000,1.487,0.003
121.39,-11.900,-0.002,-1.487,-11.897,-0.000,1.487,0.004
121.41,-11.900,-0.002,-1.487,-11.897,-0.000,1.487,0.004
121.43,-11.900,-0.002,-1.487,-11.897,-0.000,1.487,0.004
121.45,-11.900,-0.002,-1.487,-11.897,-0.000,1.487,0.004
121.47,-11.901,-0.001,-1.486,-11.897,-0.000,1.487,0.004
121.49,-11.901,-0.001,-1.486,-11.897,-0.000,1.487,0.004
121.51,-11.901,-0.001,-1.486,-11.897,-0.000,1.487,0.004
121.54,-11.901,-0.001,-1.486,-11.897,-0.000,1.487,0.004
121.56,-11.901,-0.001,-1.486,-11.897,-0.000,1.487,0.004
121.58,-11.902,-0.000,-1.485,-11.897,-0.000,1.487,0.005
121.60,-11.902,-0.000,-1.485,-11.897,-0.000,1.487,0.005
121.62,-11.902,0.000,-1.484,-11.897,-0.000,1.487,0.005
121.64,-11.902,0.000,-1.484,-11.897,-0.000,1.487,0.005
121.66,-11.902,0.001,-1.484,-11.897,-0.000,1.487,0.006
121.68,-11.902,0.001,-1.484,-11.897,-0.000,1.487,0.006
121.70,-11.903,0.001,-1.484,-11.897,-0.000,1.487,0.007
121.72,-11.903,0.001,-1.484,-11.897,-0.000,1.487,0.007
121.74,-11.903,0.002,-1.483,-11.897,-0.000,1.487,0.007
121.76,-11.903,0.002,-1.483,-11.897,-0.000,1.487,0.007
121.79,-11.904,0.002,-1.483,-11.897,-0.000,1.487,0.009
121.81,-11.904,0.002,-1.483,-11.897,-0.000,1.487,0.009
121.83,-11.904,0.003,-1.482,-11.897,-0.000,1.487,0.009
121.85,-11.904,0.003,-1.482,-11.897,-0.000,1.487,0.009
121.87,-11.905,0.004,-1.482,-11.897,-0.000,1.487,0.010
121.89,-11.905,0.004,-1.482,-11.897,-0.000,1.487,0.010
121.91,-11.906,0.004,-1.481,-11.897,-0.000,1.487,0.011
121.93,-11.906,0.004,-1.481,-11.897,-0.000,1.487,0.011
121.95,-11.906,0.005,-1.481,-11.897,-0.000,1.487,0.012
121.97,-11.906,0.005,-1.481,-11.897,-0.000,1.487,0.012
121.99,-11.907,0.005,-1.480,-11.897,-0.000,1.487,0.013
122.01,-11.907,0.005,-1.480,-11.897,-0.000,1.487,0.013
122.04,-11.907,0.005,-1.480,-11.897,-0.000,1.487,0.013
122.06,-11.908,0.006,-1.480,-11.897,-0.000,1.487,0.014
122.08,-11.908,0.006,-1.480,-11.897,-0.000,1.487,0.014
122.10,-11.908,0.007,-1.480,-11.897,-0.000,1.487,0.015
122.12,-11.908,0.007,-1.480,-11.897,-0.000,1.487,0.015
122.14,-11.909,0.007,-1.480,-11.897,-0.000,1.487,0.016
122.16,-11.909,0.007,-1.480,-11.897,-0.000,1.487,0.016
122.18,-11.910,0.008,-1.480,-11.897,-0.000,1.487,0.016
122.20,-11.910,0.008,-1.480,-11.897,-0.000,1.487,0.016
122.22,-11.910,0.008,-1.480,-11.897,-0.000,1.487,0.017
122.24,-11.910,0.008,-1.480,-11.897,-0.000,1.487,0.017
122.27,-11.911,0.009,-1.480,-11.897,-0.000,1.487,0.018
122.29,-11.911,0.009,-1.480,-11.897,-0.000,1.487,0.018
122.31,-11.912,0.009,-1.480,-11.897,-0.000,1.487,0.019
122.33,-11.912,0.009,-1.480,-11.897,-0.000,1.487,0.019
122.35,-11.912,0.010,-1.480,-11.897,-0.000,1.487,0.019
122.37,-11.912,0.010,-1.480,-11.897,-0.000,1.487,0.019
122.39,-11.912,0.010,-1.480,-11.897,-0.000,1.487,0.019
122.41,-11.912,0.010,-1.480,-11.897,-0.000,1.487,0.019
122.43,-11.912,0.011,-1.481,-11.897,-0.000,1.487,0.019
122.45,-11.912,0.011,-1.481,-11.897,-0.000,1.487,0.019
122.47,-11.912,0.011,-1.481,-11.897,-0.000,1.487,0.020
122.49,-11.912,0.011,-1.481,-11.897,-0.000,1.487,0.020
122.51,-11.912,0.011,-1.481,-11.897,-0.000,1.487,0.020
122.54,-11.911,0.012,-1.481,-11.897,-0.000,1.487,0.020
122.56,-11.911,0.012,-1.481,-11.897,-0.000,1.487,0.020
122.58,-11.911,0.013,-1.481,-11.897,-0.000,1.487,0.020
122.60,-11.911,0.013,-1.481,-11.897,-0.000,1.487,0.020
122.62,-11.910,0.014,-1.481,-11.897,-0.000,1.487,0.020
122.64,-11.910,0.014,-1.481,-11.897,-0.000,1.487,0.020
122.66,-11.909,0.015,-1.482,-11.897,-0.000,1.487,0.020
122.68,-11.909,0.015,-1.482,-11.897,-0.000,1.487,0.020
122.70,-11.909,0.015,-1.482,-11.897,-0.000,1.487,0.020
122.72,-11.909,0.015,-1.482,-11.897,-0.000,1.487,0.020
122.74,-11.908,0.016,-1.482,-11.897,-0.000,1.487,0.019
122.76,-11.908,0.016,-1.482,-11.897,-0.000,1.487,0.019
122.79,-11.906,0.016,-1.483,-11.897,-0.000,1.487,0.019
122.81,-11.906,0.016,-1.483,-11.897,-0.000,1.487,0.019
122.83,-11.905,0.016,-1.483,-11.897,-0.000,1.487,0.019
122.85,-11.905,0.016,-1.483,-11.897,-0.000,1.487,0.019
122.87,-11.904,0.017,-1.484,-11.897,-0.000,1.487,0.018
122.89,-11.904,0.017,-1.484,-11.897,-0.000,1.487,0.018
122.91,-11.902,0.017,-1.484,-11.897,-0.000,1.487,0.018
122.93,-11.902,0.017,-1.484,-11.897,-0.000,1.487,0.018
122.95,-11.901,0.017,-1.485,-11.897,-0.000,1.487,0.018
122.97,-11.901,0.017,-1.485,-11.897,-0.000,1.487,0.018
122.99,-11.900,0.017,-1.485,-11.897,-0.000,1.487,0.017
123.01,-11.900,0.017,-1.485,-11.897,-0.000,1.487,0.017
123.03,-11.900,0.017,-1.485,-11.897,-0.000,1.487,0.017
123.06,-11.899,0.017,-1.486,-11.897,-0.000,1.487,0.017
123.08,-11.899,0.017,-1.486,-11.897,-0.000,1.487,0.017
123.10,-11.898,0.017,-1.487,-11.897,-0.000,1.487,0.017
123.12,-11.898,0.017,-1.487,-11.897,-0.000,1.487,0.017
123.14,-11.897,0.017,-1.487,-11.897,-0.000,1.487,0.017
123.16,-11.897,0.017,-1.487,-11.897,-0.000,1.487,0.017
123.18,-11.896,0.017,-1.488,-11.897,-0.000,1.487,0.017
123.20,-11.896,0.017,-1.488,-11.897,-0.000,1.487,0.017
123.22,-11.896,0.017,-1.489,-11.897,-0.000,1.487,0.017
123.24,-11.896,0.017,-1.489,-11.897,-0.000,1.487,0.017
123.26,-11.895,0.017,-1.490,-11.897,-0.000,1.487,0.017
123.28,-11.895,0.017,-1.490,-11.897,-0.000,1.487,0.017
123.31,-11.895,0.017,-1.490,-11.897,-0.000,1.487,0.018
123.33,-11.895,0.017,-1.490,-11.897,-0.000,1.487,0.018
123.35,-11.894,0.017,-1.491,-11.897,-0.000,1.487,0.018
123.37,-11.894,0.017,-1.491,-11.897,-0.000,1.487,0.018
123.39,-11.894,0.017,-1.491,-11.897,-0.000,1.487,0.018
123.41,-11.894,0.017,-1.491,-11.897,-0.000,1.487,0.018
123.43,-11.894,0.017,-1.491,-11.897,-0.000,1.487,0.018
123.45,-11.894,0.017,-1.491,-11.897,-0.000,1.487,0.018
123.47,-11.893,0.017,-1.491,-11.897,-0.000,1.487,0.018
123.49,-11.893,0.017,-1.491,-11.897,-0.000,1.487,0.018
123.51,-11.893,0.017,-1.491,-11.897,-0.000,1.487,0.018
123.53,-11.893,0.017,-1.491,-11.897,-0.000,1.487,0.018
123.56,-11.893,0.017,-1.491,-11.897,-0.000,1.487,0.018
123.58,-11.892,0.016,-1.491,-11.897,-0.000,1.487,0.017
123.60,-11.892,0.016,-1.491,-11.897,-0.000,1.487,0.017
123.62,-11.891,0.016,-1.491,-11.897,-0.000,1.487,0.017
123.64,-11.891,0.016,-1.491,-11.897,-0.000,1.487,0.017
123.66,-11.891,0.015,-1.490,-11.897,-0.000,1.487,0.017
123.68,-11.891,0.015,-1.490,-11.897,-0.000,1.487,0.017
123.70,-11.890,0.015,-1.490,-11.897,-0.000,1.487,0.017
123.72,-11.890,0.015,-1.490,-11.897,-0.000,1.487,0.017
123.74,-11.889,0.014,-1.490,-11.897,-0.000,1.487,0.017
123.76,-11.889,0.014,-1.490,-11.897,-0.000,1.487,0.017
123.78,-11.888,0.014,-1.490,-11.897,-0.000,1.487,0.017
123.80,-11.888,0.014,-1.490,-11.897,-0.000,1.487,0.017
123.83,-11.888,0.013,-1.490,-11.897,-0.000,1.487,0.017
123.85,-11.888,0.013,-1.490,-11.897,-0.000,1.487,0.017
123.87,-11.887,0.013,-1.491,-11.897,-0.000,1.487,0.017
123.89,-11.887,0.013,-1.491,-11.897,-0.000,1.487,0.017
123.91,-11.886,0.012,-1.491,-11.897,-0.000,1.487,0.017
123.93,-11.886,0.012,-1.491,-11.897,-0.000,1.487,0.017
123.95,-11.886,0.012,-1.491,-11.897,-0.000,1.487,0.017
123.97,-11.886,0.012,-1.491,-11.897,-0.000,1.487,0.017
123.99,-11.885,0.011,-1.492,-11.897,-0.000,1.487,0.017
124.01,-11.885,0.011,-1.492,-11.897,-0.000,1.487,0.017
124.03,-11.885,0.011,-1.492,-11.897,-0.000,1.487,0.017
124.05,-11.885,0.011,-1.492,-11.897,-0.000,1.487,0.017
124.08,-11.885,0.011,-1.492,-11.897,-0.000,1.487,0.017
124.10,-11.884,0.010,-1.493,-11.897,-0.000,1.487,0.017
124.12,-11.884,0.010,-1.493,-11.897,-0.000,1.487,0.017
124.14,-11.884,0.010,-1.493,-11.897,-0.000,1.487,0.017
124.16,-11.884,0.010,-1.493,-11.897,-0.000,1.487,0.017
124.18,-11.884,0.009,-1.493,-11.897,-0.000,1.487,0.018
124.20,-11.884,0.009,-1.493,-11.897,-0.000,1.487,0.018
124.22,-11.883,0.008,-1.494,-11.897,-0.000,1.487,0.018
124.24,-11.883,0.008,-1.494,-11.897,-0.000,1.487,0.018
124.26,-11.883,0.008,-1.494,-11.897,-0.000,1.487,0.018
124.28,-11.883,0.008,-1.494,-11.897,-0.000,1.487,0.018
124.30,-11.882,0.007,-1.494,-11.897,-0.000,1.487,0.018
124.33,-11.882,0.007,-1.494,-11.897,-0.000,1.487,0.018
124.35,-11.882,0.006,-1.494,-11.897,-0.000,1.487,0.018
124.37,-11.882,0.006,-1.494,-11.897,-0.000,1.487,0.018
124.39,-11.882,0.005,-1.494,-11.897,-0.000,1.487,0.017
124.41,-11.882,0.005,-1.494,-11.897,-0.000,1.487,0.017
124.43,-11.882,0.004,-1.493,-11.897,-0.000,1.487,0.017
124.45,-11.882,0.004,-1.493,-11.897,-0.000,1.487,0.017
124.47,-11.882,0.003,-1.493,-11.897,-0.000,1.487,0.017
124.49,-11.882,0.003,-1.493,-11.897,-0.000,1.487,0.017
124.51,-11.882,0.002,-1.493,-11.897,-0.000,1.487,0.016
124.53,-11.882,0.002,-1.493,-11.897,-0.000,1.487,0.016
124.55,-11.882,0.002,-1.493,-11.897,-0.000,1.487,0.016
124.58,-11.883,0.001,-1.493,-11.897,-0.000,1.487,0.015
124.60,-11.883,0.001,-1.493,-11.897,-0.000,1.487,0.015
124.62,-11.883,-0.001,-1.492,-11.897,-0.000,1.487,0.015
124.64,-11.883,-0.001,-1.492,-11.897,-0.000,1.487,0.015
124.66,-11.884,-0.002,-1.492,-11.897,-0.000,1.487,0.015
124.68,-11.884,-0.002,-1.492,-11.897,-0.000,1.487,0.015
124.70,-11.884,-0.003,-1.491,-11.897,-0.000,1.487,0.014
124.72,-11.884,-0.003,-1.491,-11.897,-0.000,1.487,0.014
124.74,-11.884,-0.004,-1.491,-11.897,-0.000,1.487,0.014
124.76,-11.884,-0.004,-1.491,-11.897,-0.000,1.487,0.014
124.78,-11.885,-0.005,-1.490,-11.897,-0.000,1.487,0.014
124.80,-11.885,-0.005,-1.490,-11.897,-0.000,1.487,0.014
124.82,-11.885,-0.007,-1.489,-11.897,-0.000,1.487,0.014
124.84,-11.885,-0.007,-1.489,-11.897,-0.000,1.487,0.014
124.87,-11.886,-0.007,-1.488,-11.897,-0.000,1.487,0.014
124.89,-11.886,-0.007,-1.488,-11.897,-0.000,1.487,0.014
124.91,-11.886,-0.008,-1.488,-11.897,-0.000,1.487,0.014
124.93,-11.886,-0.008,-1.488,-11.897,-0.000,1.487,0.014
124.95,-11.886,-0.009,-1.487,-11.897,-0.000,1.487,0.014
124.97,-11.886,-0.009,-1.487,-11.897,-0.000,1.487,0.014
124.99,-11.887,-0.010,-1.486,-11.897,-0.000,1.487,0.014
125.01,-11.887,-0.010,-1.486,-11.897,-0.000,1.487,0.014
125.03,-11.887,-0.011,-1.485,-11.897,-0.000,1.487,0.015
125.05,-11.887,-0.011,-1.485,-11.897,-0.000,1.487,0.015
125.07,-11.887,-0.011,-1.485,-11.897,-0.000,1.487,0.015
125.09,-11.888,-0.011,-1.484,-11.897,-0.000,1.487,0.015
125.11,-11.888,-0.011,-1.484,-11.897,-0.000,1.487,0.015
125.14,-11.889,-0.012,-1.484,-11.897,-0.000,1.487,0.015
125.16,-11.889,-0.012,-1.484,-11.897,-0.000,1.487,0.015
125.18,-11.890,-0.012,-1.483,-11.897,-0.000,1.487,0.015
125.20,-11.890,-0.012,-1.483,-11.897,-0.000,1.487,0.015
125.22,-11.891,-0.013,-1.483,-11.897,-0.000,1.487,0.015
125.24,-11.891,-0.013,-1.483,-11.897,-0.000,1.487,0.015
125.26,-11.891,-0.013,-1.482,-11.897,-0.000,1.487,0.015
125.28,-11.891,-0.013,-1.482,-11.897,-0.000,1.487,0.015
125.30,-11.892,-0.013,-1.482,-11.897,-0.000,1.487,0.015
125.32,-11.892,-0.013,-1.482,-11.897,-0.000,1.487,0.015
125.34,-11.893,-0.014,-1.481,-11.897,-0.000,1.487,0.016
125.37,-11.893,-0.014,-1.481,-11.897,-0.000,1.487,0.016
125.39,-11.894,-0.014,-1.481,-11.897,-0.000,1.487,0.016
125.41,-11.894,-0.014,-1.481,-11.897,-0.000,1.487,0.016
125.43,-11.895,-0.014,-1.480,-11.897,-0.000,1.487,0.016
125.45,-11.895,-0.014,-1.480,-11.897,-0.000,1.487,0.016
125.47,-11.895,-0.014,-1.480,-11.897,-0.000,1.487,0.016
125.49,-11.895,-0.014,-1.480,-11.897,-0.000,1.487,0.016
125.51,-11.896,-0.014,-1.480,-11.897,-0.000,1.487,0.016
125.53,-11.896,-0.014,-1.480,-11.897,-0.000,1.487,0.016
125.55,-11.896,-0.014,-1.480,-11.897,-0.000,1.487,0.016
125.57,-11.897,-0.014,-1.479,-11.897,-0.000,1.487,0.016
125.59,-11.897,-0.014,-1.479,-11.897,-0.000,1.487,0.016
125.62,-11.898,-0.013,-1.479,-11.897,-0.000,1.487,0.016
125.64,-11.898,-0.013,-1.479,-11.897,-0.000,1.487,0.016
125.66,-11.899,-0.013,-1.479,-11.897,-0.000,1.487,0.015
125.68,-11.899,-0.013,-1.479,-11.897,-0.000,1.487,0.015
125.70,-11.900,-0.013,-1.480,-11.897,-0.000,1.487,0.015
125.72,-11.900,-0.013,-1.480,-11.897,-0.000,1.487,0.015
125.74,-11.901,-0.013,-1.480,-11.897,-0.000,1.487,0.016
125.76,-11.901,-0.013,-1.480,-11.897,-0.000,1.487,0.016
125.78,-11.902,-0.013,-1.480,-11.897,-0.000,1.487,0.016
125.80,-11.902,-0.013,-1.480,-11.897,-0.000,1.487,0.016
125.82,-11.904,-0.014,-1.480,-11.897,-0.000,1.487,0.017
125.85,-11.904,-0.014,-1.480,-11.897,-0.000,1.487,0.017
125.87,-11.906,-0.014,-1.481,-11.897,-0.000,1.487,0.018
125.89,-11.906,-0.014,-1.481,-11.897,-0.000,1.487,0.018
125.91,-11.907,-0.015,-1.481,-11.897,-0.000,1.487,0.019
125.93,-11.907,-0.015,-1.481,-11.897,-0.000,1.487,0.019
125.95,-11.909,-0.015,-1.481,-11.897,-0.000,1.487,0.020
125.97,-11.909,-0.015,-1.481,-11.897,-0.000,1.487,0.020
125.99,-11.911,-0.016,-1.481,-11.897,-0.000,1.487,0.022
126.01,-11.911,-0.016,-1.481,-11.897,-0.000,1.487,0.022
126.03,-11.912,-0.017,-1.482,-11.897,-0.000,1.487,0.023
126.05,-11.912,-0.017,-1.482,-11.897,-0.000,1.487,0.023
126.07,-11.912,-0.017,-1.482,-11.897,-0.000,1.487,0.023
126.10,-11.914,-0.017,-1.482,-11.897,-0.000,1.487,0.025
126.12,-11.914,-0.017,-1.482,-11.897,-0.000,1.487,0.025
126.14,-11.915,-0.018,-1.483,-11.897,-0.000,1.487,0.026
126.16,-11.915,-0.018,-1.483,-11.897,-0.000,1.487,0.026
126.18,-11.917,-0.018,-1.483,-11.897,-0.000,1.487,0.027
126.20,-11.917,-0.018,-1.483,-11.897,-0.000,1.487,0.027
126.22,-11.918,-0.018,-1.483,-11.897,-0.000,1.487,0.028
126.24,-11.918,-0.018,-1.483,-11.897,-0.000,1.487,0.028
126.26,-11.919,-0.019,-1.483,-11.897,-0.000,1.487,0.029
126.28,-11.919,-0.019,-1.483,-11.897,-0.000,1.487,0.029
126.30,-11.919,-0.019,-1.483,-11.897,-0.000,1.487,0.029
126.32,-11.919,-0.019,-1.483,-11.897,-0.000,1.487,0.029
126.34,-11.920,-0.019,-1.483,-11.897,-0.000,1.487,0.030
126.36,-11.920,-0.019,-1.483,-11.897,-0.000,1.487,0.030
126.39,-11.921,-0.018,-1.483,-11.897,-0.000,1.487,0.030
126.41,-11.921,-0.018,-1.483,-11.897,-0.000,1.487,0.030
126.43,-11.921,-0.018,-1.483,-11.897,-0.000,1.487,0.030
126.45,-11.921,-0.018,-1.483,-11.897,-0.000,1.487,0.030
126.47,-11.921,-0.017,-1.483,-11.897,-0.000,1.487,0.030
126.49,-11.921,-0.017,-1.483,-11.897,-0.000,1.487,0.030
126.51,-11.921,-0.017,-1.483,-11.897,-0.000,1.487,0.030
126.53,-11.921,-0.017,-1.483,-11.897,-0.000,1.487,0.030
126.55,-11.921,-0.017,-1.483,-11.897,-0.000,1.487,0.030
126.57,-11.921,-0.016,-1.483,-11.897,-0.000,1.487,0.029
126.59,-11.921,-0.016,-1.483,-11.897,-0.000,1.487,0.029
126.61,-11.921,-0.016,-1.482,-11.897,-0.000,1.487,0.029
126.64,-11.921,-0.016,-1.482,-11.897,-0.000,1.487,0.029
126.66,-11.920,-0.015,-1.483,-11.897,-0.000,1.487,0.028
126.68,-11.920,-0.015,-1.483,-11.897,-0.000,1.487,0.028
126.70,-11.920,-0.015,-1.483,-11.897,-0.000,1.487,0.027
126.72,-11.920,-0.015,-1.483,-11.897,-0.000,1.487,0.027
126.74,-11.919,-0.014,-1.483,-11.897,-0.000,1.487,0.026
126.76,-11.919,-0.014,-1.483,-11.897,-0.000,1.487,0.026
126.78,-11.918,-0.013,-1.483,-11.897,-0.000,1.487,0.025
126.80,-11.918,-0.013,-1.483,-11.897,-0.000,1.487,0.025
126.82,-11.917,-0.012,-1.483,-11.897,-0.000,1.487,0.023
126.84,-11.917,-0.012,-1.483,-11.897,-0.000,1.487,0.023
126.86,-11.916,-0.011,-1.484,-11.897,-0.000,1.487,0.022
126.88,-11.916,-0.011,-1.484,-11.897,-0.000,1.487,0.022
126.91,-11.914,-0.010,-1.484,-11.897,-0.000,1.487,0.019
126.93,-11.914,-0.010,-1.484,-11.897,-0.000,1.487,0.019
126.95,-11.912,-0.009,-1.484,-11.897,-0.000,1.487,0.018
126.97,-11.912,-0.009,-1.484,-11.897,-0.000,1.487,0.018
126.99,-11.910,-0.008,-1.484,-11.897,-0.000,1.487,0.016
127.01,-11.910,-0.008,-1.484,-11.897,-0.000,1.487,0.016
127.03,-11.908,-0.007,-1.484,-11.897,-0.000,1.487,0.014
127.05,-11.908,-0.007,-1.484,-11.897,-0.000,1.487,0.014
127.07,-11.908,-0.007,-1.484,-11.897,-0.000,1.487,0.014
127.09,-11.906,-0.006,-1.483,-11.897,-0.000,1.487,0.011
127.11,-11.906,-0.006,-1.483,-11.897,-0.000,1.487,0.011
127.14,-11.904,-0.005,-1.483,-11.897,-0.000,1.487,0.009
127.16,-11.904,-0.005,-1.483,-11.897,-0.000,1.487,0.009
127.18,-11.902,-0.004,-1.483,-11.897,-0.000,1.487,0.008
127.20,-11.902,-0.004,-1.483,-11.897,-0.000,1.487,0.008
127.22,-11.901,-0.003,-1.483,-11.897,-0.000,1.487,0.007
127.24,-11.901,-0.003,-1.483,-11.897,-0.000,1.487,0.007
127.26,-11.899,-0.003,-1.483,-11.897,-0.000,1.487,0.006
127.28,-11.899,-0.003,-1.483,-11.897,-0.000,1.487,0.006
127.30,-11.898,-0.003,-1.483,-11.897,-0.000,1.487,0.005
127.32,-11.898,-0.003,-1.483,-11.897,-0.000,1.487,0.005
127.34,-11.896,-0.003,-1.483,-11.897,-0.000,1.487,0.006
127.36,-11.896,-0.003,-1.483,-11.897,-0.000,1.487,0.006
127.38,-11.894,-0.003,-1.483,-11.897,-0.000,1.487,0.006
127.41,-11.894,-0.003,-1.483,-11.897,-0.000,1.487,0.006
127.43,-11.893,-0.004,-1.483,-11.897,-0.000,1.487,0.008
127.45,-11.893,-0.004,-1.483,-11.897,-0.000,1.487,0.008
127.47,-11.891,-0.005,-1.483,-11.897,-0.000,1.487,0.009
127.49,-11.891,-0.005,-1.483,-11.897,-0.000,1.487,0.009
127.51,-11.889,-0.005,-1.483,-11.897,-0.000,1.487,0.011
127.53,-11.889,-0.005,-1.483,-11.897,-0.000,1.487,0.011
127.55,-11.888,-0.006,-1.483,-11.897,-0.000,1.487,0.012
127.57,-11.888,-0.006,-1.483,-11.897,-0.000,1.487,0.012
127.59,-11.888,-0.006,-1.483,-11.897,-0.000,1.487,0.012
127.61,-11.886,-0.007,-1.483,-11.897,-0.000,1.487,0.014
127.63,-11.886,-0.007,-1.483,-11.897,-0.000,1.487,0.014
127.66,-11.885,-0.008,-1.483,-11.897,-0.000,1.487,0.015
127.68,-11.885,-0.008,-1.483,-11.897,-0.000,1.487,0.015
127.70,-11.884,-0.009,-1.483,-11.897,-0.000,1.487,0.017
127.72,-11.884,-0.009,-1.483,-11.897,-0.000,1.487,0.017
127.74,-11.883,-0.009,-1.484,-11.897,-0.000,1.487,0.018
127.76,-11.883,-0.009,-1.484,-11.897,-0.000,1.487,0.018
127.78,-11.882,-0.010,-1.484,-11.897,-0.000,1.487,0.019
127.80,-11.882,-0.010,-1.484,-11.897,-0.000,1.487,0.019
127.82,-11.881,-0.011,-1.485,-11.897,-0.000,1.487,0.019
127.84,-11.881,-0.011,-1.485,-11.897,-0.000,1.487,0.019
127.86,-11.880,-0.011,-1.486,-11.897,-0.000,1.487,0.020
127.88,-11.880,-0.011,-1.486,-11.897,-0.000,1.487,0.020
127.91,-11.880,-0.012,-1.487,-11.897,-0.000,1.487,0.021
127.93,-11.880,-0.012,-1.487,-11.897,-0.000,1.487,0.021
127.95,-11.879,-0.012,-1.488,-11.897,-0.000,1.487,0.022
127.97,-11.879,-0.012,-1.488,-11.897,-0.000,1.487,0.022
127.99,-11.879,-0.013,-1.489,-11.897,-0.000,1.487,0.022
128.01,-11.879,-0.013,-1.489,-11.897,-0.000,1.487,0.022
128.03,-11.879,-0.013,-1.490,-11.897,-0.000,1.487,0.022
128.05,-11.879,-0.013,-1.490,-11.897,-0.000,1.487,0.022
128.07,-11.879,-0.013,-1.490,-11.897,-0.000,1.487,0.022
128.09,-11.879,-0.013,-1.491,-11.897,-0.000,1.487,0.023
128.11,-11.879,-0.013,-1.491,-11.897,-0.000,1.487,0.023
128.13,-11.879,-0.014,-1.492,-11.897,-0.000,1.487,0.023
128.15,-11.879,-0.014,-1.492,-11.897,-0.000,1.487,0.023
128.18,-11.879,-0.014,-1.493,-11.897,-0.000,1.487,0.023
128.20,-11.879,-0.014,-1.493,-11.897,-0.000,1.487,0.023
128.22,-11.880,-0.014,-1.494,-11.897,-0.000,1.487,0.024
128.24,-11.880,-0.014,-1.494,-11.897,-0.000,1.487,0.024
128.26,-11.880,-0.015,-1.494,-11.897,-0.000,1.487,0.024
128.28,-11.880,-0.015,-1.494,-11.897,-0.000,1.487,0.024
128.30,-11.881,-0.015,-1.495,-11.897,-0.000,1.487,0.024
128.32,-11.881,-0.015,-1.495,-11.897,-0.000,1.487,0.024
128.34,-11.881,-0.016,-1.495,-11.897,-0.000,1.487,0.024
128.36,-11.881,-0.016,-1.495,-11.897,-0.000,1.487,0.024
128.38,-11.882,-0.017,-1.495,-11.897,-0.000,1.487,0.024
128.41,-11.882,-0.017,-1.495,-11.897,-0.000,1.487,0.024
128.43,-11.883,-0.018,-1.495,-11.897,-0.000,1.487,0.024
128.45,-11.883,-0.018,-1.495,-11.897,-0.000,1.487,0.024
128.47,-11.884,-0.020,-1.495,-11.897,-0.000,1.487,0.025
128.49,-11.884,-0.020,-1.495,-11.897,-0.000,1.487,0.025
128.51,-11.885,-0.021,-1.495,-11.897,-0.000,1.487,0.025
128.53,-11.885,-0.021,-1.495,-11.897,-0.000,1.487,0.025
128.55,-11.887,-0.022,-1.495,-11.897,-0.000,1.487,0.025
128.57,-11.887,-0.022,-1.495,-11.897,-0.000,1.487,0.025
128.59,-11.887,-0.022,-1.495,-11.897,-0.000,1.487,0.025
128.61,-11.888,-0.023,-1.495,-11.897,-0.000,1.487,0.026
128.63,-11.888,-0.023,-1.495,-11.897,-0.000,1.487,0.026
128.65,-11.889,-0.024,-1.495,-11.897,-0.000,1.487,0.026
128.68,-11.889,-0.024,-1.495,-11.897,-0.000,1.487,0.026
128.70,-11.891,-0.025,-1.495,-11.897,-0.000,1.487,0.027
128.72,-11.891,-0.025,-1.495,-11.897,-0.000,1.487,0.027
128.74,-11.893,-0.026,-1.495,-11.897,-0.000,1.487,0.027
128.76,-11.893,-0.026,-1.495,-11.897,-0.000,1.487,0.027
128.78,-11.894,-0.026,-1.495,-11.897,-0.000,1.487,0.027
128.80,-11.894,-0.026,-1.495,-11.897,-0.000,1.487,0.027
128.82,-11.896,-0.026,-1.494,-11.897,-0.000,1.487,0.027
128.84,-11.896,-0.026,-1.494,-11.897,-0.000,1.487,0.027
128.86,-11.897,-0.027,-1.494,-11.897,-0.000,1.487,0.028
128.88,-11.897,-0.027,-1.494,-11.897,-0.000,1.487,0.028
128.90,-11.899,-0.027,-1.494,-11.897,-0.000,1.487,0.028
128.92,-11.899,-0.027,-1.494,-11.897,-0.000,1.487,0.028
128.95,-11.900,-0.027,-1.493,-11.897,-0.000,1.487,0.028
128.97,-11.900,-0.027,-1.493,-11.897,-0.000,1.487,0.028
128.99,-11.901,-0.027,-1.493,-11.897,-0.000,1.487,0.028
129.01,-11.901,-0.027,-1.493,-11.897,-0.000,1.487,0.028
129.03,-11.902,-0.027,-1.492,-11.897,-0.000,1.487,0.028
129.05,-11.902,-0.027,-1.492,-11.897,-0.000,1.487,0.028
129.07,-11.902,-0.027,-1.492,-11.897,-0.000,1.487,0.028
129.09,-11.903,-0.027,-1.491,-11.897,-0.000,1.487,0.028
129.11,-11.903,-0.027,-1.491,-11.897,-0.000,1.487,0.028
129.13,-11.904,-0.027,-1.491,-11.897,-0.000,1.487,0.028
129.15,-11.904,-0.027,-1.491,-11.897,-0.000,1.487,0.028
129.18,-11.905,-0.027,-1.491,-11.897,-0.000,1.487,0.028
129.20,-11.905,-0.027,-1.491,-11.897,-0.000,1.487,0.028
129.22,-11.907,-0.026,-1.490,-11.897,-0.000,1.487,0.028
129.24,-11.907,-0.026,-1.490,-11.897,-0.000,1.487,0.028
129.26,-11.908,-0.026,-1.490,-11.897,-0.000,1.487,0.028
129.28,-11.908,-0.026,-1.490,-11.897,-0.000,1.487,0.028
129.30,-11.909,-0.025,-1.490,-11.897,-0.000,1.487,0.027
129.32,-11.909,-0.025,-1.490,-11.897,-0.000,1.487,0.027
129.34,-11.910,-0.024,-1.490,-11.897,-0.000,1.487,0.027
129.36,-11.910,-0.024,-1.490,-11.897,-0.000,1.487,0.027
129.38,-11.911,-0.023,-1.490,-11.897,-0.000,1.487,0.027
129.40,-11.911,-0.023,-1.490,-11.897,-0.000,1.487,0.027
129.43,-11.912,-0.021,-1.490,-11.897,-0.000,1.487,0.026
129.45,-11.912,-0.021,-1.490,-11.897,-0.000,1.487,0.026
129.47,-11.913,-0.020,-1.490,-11.897,-0.000,1.487,0.025
129.49,-11.913,-0.020,-1.490,-11.897,-0.000,1.487,0.025
129.51,-11.914,-0.019,-1.490,-11.897,-0.000,1.487,0.025
129.53,-11.914,-0.019,-1.490,-11.897,-0.000,1.487,0.025
129.55,-11.914,-0.018,-1.490,-11.897,-0.000,1.487,0.024
129.57,-11.914,-0.018,-1.490,-11.897,-0.000,1.487,0.024
129.59,-11.914,-0.018,-1.490,-11.897,-0.000,1.487,0.024
129.61,-11.916,-0.015,-1.490,-11.897,-0.000,1.487,0.024
129.63,-11.916,-0.015,-1.490,-11.897,-0.000,1.487,0.024
129.65,-11.916,-0.013,-1.490,-11.897,-0.000,1.487,0.023
129.68,-11.916,-0.013,-1.490,-11.897,-0.000,1.487,0.023
129.70,-11.917,-0.011,-1.490,-11.897,-0.000,1.487,0.023
129.72,-11.917,-0.011,-1.490,-11.897,-0.000,1.487,0.023
129.74,-11.918,-0.009,-1.489,-11.897,-0.000,1.487,0.023
129.76,-11.918,-0.009,-1.489,-11.897,-0.000,1.487,0.023
129.78,-11.918,-0.008,-1.489,-11.897,-0.000,1.487,0.022
129.80,-11.918,-0.008,-1.489,-11.897,-0.000,1.487,0.022
129.82,-11.919,-0.006,-1.489,-11.897,-0.000,1.487,0.022
129.84,-11.919,-0.006,-1.489,-11.897,-0.000,1.487,0.022
129.86,-11.919,-0.004,-1.489,-11.897,-0.000,1.487,0.022
129.88,-11.919,-0.004,-1.489,-11.897,-0.000,1.487,0.022
129.90,-11.919,-0.002,-1.488,-11.897,-0.000,1.487,0.022
129.92,-11.919,-0.002,-1.488,-11.897,-0.000,1.487,0.022
129.94,-11.919,0.001,-1.488,-11.897,-0.000,1.487,0.021
129.97,-11.919,0.001,-1.488,-11.897,-0.000,1.487,0.021
129.99,-11.918,0.002,-1.488,-11.897,-0.000,1.487,0.021
130.01,-11.918,0.002,-1.488,-11.897,-0.000,1.487,0.021
130.03,-11.918,0.004,-1.488,-11.897,-0.000,1.487,0.021
130.05,-11.918,0.004,-1.488,-11.897,-0.000,1.487,0.021
130.07,-11.918,0.006,-1.488,-11.897,-0.000,1.487,0.021
130.09,-11.918,0.006,-1.488,-11.897,-0.000,1.487,0.021
130.11,-11.918,0.006,-1.488,-11.897,-0.000,1.487,0.021
130.13,-11.917,0.009,-1.488,-11.897,-0.000,1.487,0.021
130.15,-11.917,0.009,-1.488,-11.897,-0.000,1.487,0.021
130.17,-11.917,0.010,-1.488,-11.897,-0.000,1.487,0.022
130.19,-11.917,0.010,-1.488,-11.897,-0.000,1.487,0.022
130.21,-11.916,0.012,-1.489,-11.897,-0.000,1.487,0.022
130.24,-11.916,0.012,-1.489,-11.897,-0.000,1.487,0.022
130.26,-11.915,0.014,-1.489,-11.897,-0.000,1.487,0.022
130.28,-11.915,0.014,-1.489,-11.897,-0.000,1.487,0.022
130.30,-11.914,0.015,-1.490,-11.897,-0.000,1.487,0.023
130.32,-11.914,0.015,-1.490,-11.897,-0.000,1.487,0.023
130.34,-11.913,0.016,-1.491,-11.897,-0.000,1.487,0.022
130.36,-11.913,0.016,-1.491,-11.897,-0.000,1.487,0.022
130.38,-11.912,0.017,-1.492,-11.897,-0.000,1.487,0.022
130.40,-11.912,0.017,-1.492,-11.897,-0.000,1.487,0.022
130.42,-11.910,0.017,-1.492,-11.897,-0.000,1.487,0.022
130.44,-11.910,0.017,-1.492,-11.897,-0.000,1.487,0.022
130.46,-11.909,0.018,-1.494,-11.897,-0.000,1.487,0.022
130.49,-11.909,0.018,-1.494,-11.897,-0.000,1.487,0.022
130.51,-11.907,0.019,-1.495,-11.897,-0.000,1.487,0.023
130.53,-11.907,0.019,-1.495,-11.897,-0.000,1.487,0.023
130.55,-11.905,0.020,-1.495,-11.897,-0.000,1.487,0.023
130.57,-11.905,0.020,-1.495,-11.897,-0.000,1.487,0.023
130.59,-11.905,0.020,-1.495,-11.897,-0.000,1.487,0.023
130.61,-11.903,0.020,-1.496,-11.897,-0.000,1.487,0.023
130.63,-11.903,0.020,-1.496,-11.897,-0.000,1.487,0.023
130.65,-11.902,0.021,-1.497,-11.897,-0.000,1.487,0.023
130.67,-11.902,0.021,-1.497,-11.897,-0.000,1.487,0.023
130.69,-11.900,0.021,-1.497,-11.897,-0.000,1.487,0.024
130.72,-11.900,0.021,-1.497,-11.897,-0.000,1.487,0.024
130.74,-11.899,0.022,-1.497,-11.897,-0.000,1.487,0.024
130.76,-11.899,0.022,-1.497,-11.897,-0.000,1.487,0.024
130.78,-11.897,0.022,-1.497,-11.897,-0.000,1.487,0.024
130.80,-11.897,0.022,-1.497,-11.897,-0.000,1.487,0.024
130.82,-11.896,0.021,-1.497,-11.897,-0.000,1.487,0.024
130.84,-11.896,0.021,-1.497,-11.897,-0.000,1.487,0.024
130.86,-11.895,0.021,-1.497,-11.897,-0.000,1.487,0.024
130.88,-11.895,0.021,-1.497,-11.897,-0.000,1.487,0.024
130.90,-11.894,0.021,-1.497,-11.897,-0.000,1.487,0.023
130.92,-11.894,0.021,-1.497,-11.897,-0.000,1.487,0.023
130.94,-11.893,0.020,-1.497,-11.897,-0.000,1.487,0.023
130.97,-11.893,0.020,-1.497,-11.897,-0.000,1.487,0.023
130.99,-11.892,0.019,-1.497,-11.897,-0.000,1.487,0.022
131.01,-11.892,0.019,-1.497,-11.897,-0.000,1.487,0.022
131.03,-11.891,0.019,-1.497,-11.897,-0.000,1.487,0.022
131.05,-11.891,0.019,-1.497,-11.897,-0.000,1.487,0.022
131.07,-11.891,0.018,-1.497,-11.897,-0.000,1.487,0.022
131.09,-11.891,0.018,-1.497,-11.897,-0.000,1.487,0.022
131.11,-11.891,0.018,-1.497,-11.897,-0.000,1.487,0.022
131.13,-11.890,0.018,-1.496,-11.897,-0.000,1.487,0.021
131.15,-11.890,0.018,-1.496,-11.897,-0.000,1.487,0.021
131.17,-11.889,0.017,-1.496,-11.897,-0.000,1.487,0.021
131.19,-11.889,0.017,-1.496,-11.897,-0.000,1.487,0.021
131.22,-11.889,0.017,-1.496,-11.897,-0.000,1.487,0.021
131.24,-11.889,0.017,-1.496,-11.897,-0.000,1.487,0.021
131.26,-11.889,0.016,-1.496,-11.897,-0.000,1.487,0.020
131.28,-11.889,0.016,-1.496,-11.897,-0.000,1.487,0.020
131.30,-11.889,0.016,-1.496,-11.897,-0.000,1.487,0.020
131.32,-11.889,0.016,-1.496,-11.897,-0.000,1.487,0.020
131.34,-11.889,0.015,-1.495,-11.897,-0.000,1.487,0.019
131.36,-11.889,0.015,-1.495,-11.897,-0.000,1.487,0.019
131.38,-11.889,0.015,-1.495,-11.897,-0.000,1.487,0.019
131.40,-11.889,0.015,-1.495,-11.897,-0.000,1.487,0.019
131.42,-11.889,0.014,-1.494,-11.897,-0.000,1.487,0.018
131.44,-11.889,0.014,-1.494,-11.897,-0.000,1.487,0.018
131.46,-11.889,0.014,-1.494,-11.897,-0.000,1.487,0.017
131.49,-11.889,0.014,-1.494,-11.897,-0.000,1.487,0.017
131.51,-11.890,0.013,-1.493,-11.897,-0.000,1.487,0.017
131.53,-11.890,0.013,-1.493,-11.897,-0.000,1.487,0.017
131.55,-11.890,0.013,-1.492,-11.897,-0.000,1.487,0.016
131.57,-11.890,0.013,-1.492,-11.897,-0.000,1.487,0.016
131.59,-11.890,0.013,-1.492,-11.897,-0.000,1.487,0.016
131.61,-11.890,0.012,-1.492,-11.897,-0.000,1.487,0.015
131.63,-11.890,0.012,-1.492,-11.897,-0.000,1.487,0.015
131.65,-11.890,0.011,-1.492,-11.897,-0.000,1.487,0.014
131.67,-11.890,0.011,-1.492,-11.897,-0.000,1.487,0.014
131.69,-11.890,0.010,-1.491,-11.897,-0.000,1.487,0.013
131.72,-11.890,0.010,-1.491,-11.897,-0.000,1.487,0.013
131.74,-11.890,0.010,-1.491,-11.897,-0.000,1.487,0.013
131.76,-11.890,0.010,-1.491,-11.897,-0.000,1.487,0.013
131.78,-11.890,0.009,-1.491,-11.897,-0.000,1.487,0.012
131.80,-11.890,0.009,-1.491,-11.897,-0.000,1.487,0.012
131.82,-11.890,0.008,-1.491,-11.897,-0.000,1.487,0.012
131.84,-11.890,0.008,-1.491,-11.897,-0.000,1.487,0.012
131.86,-11.890,0.007,-1.490,-11.897,-0.000,1.487,0.011
131.88,-11.890,0.007,-1.490,-11.897,-0.000,1.487,0.011
131.90,-11.889,0.007,-1.490,-11.897,-0.000,1.487,0.011
131.92,-11.889,0.007,-1.490,-11.897,-0.000,1.487,0.011
131.94,-11.889,0.006,-1.490,-11.897,-0.000,1.487,0.011
131.97,-11.889,0.006,-1.490,-11.897,-0.000,1.487,0.011
131.99,-11.889,0.006,-1.490,-11.897,-0.000,1.487,0.011
132.01,-11.889,0.006,-1.490,-11.897,-0.000,1.487,0.011
132.03,-11.889,0.006,-1.489,-11.897,-0.000,1.487,0.010
132.05,-11.889,0.006,-1.489,-11.897,-0.000,1.487,0.010
132.07,-11.889,0.006,-1.489,-11.897,-0.000,1.487,0.010
132.09,-11.889,0.006,-1.489,-11.897,-0.000,1.487,0.010
132.11,-11.889,0.006,-1.489,-11.897,-0.000,1.487,0.010
132.13,-11.889,0.005,-1.487,-11.897,-0.000,1.487,0.010
132.15,-11.889,0.005,-1.487,-11.897,-0.000,1.487,0.010
132.17,-11.890,0.005,-1.487,-11.897,-0.000,1.487,0.009
132.19,-11.890,0.005,-1.487,-11.897,-0.000,1.487,0.009
132.21,-11.890,0.005,-1.486,-11.897,-0.000,1.487,0.009
132.24,-11.890,0.005,-1.486,-11.897,-0.000,1.487,0.009
132.26,-11.891,0.004,-1.485,-11.897,-0.000,1.487,0.008
132.28,-11.891,0.004,-1.485,-11.897,-0.000,1.487,0.008
132.30,-11.892,0.004,-1.484,-11.897,-0.000,1.487,0.007
132.32,-11.892,0.004,-1.484,-11.897,-0.000,1.487,0.007
132.34,-11.893,0.003,-1.484,-11.897,-0.000,1.487,0.007
132.36,-11.893,0.003,-1.484,-11.897,-0.000,1.487,0.007
132.38,-11.894,0.002,-1.483,-11.897,-0.000,1.487,0.006
132.40,-11.894,0.002,-1.483,-11.897,-0.000,1.487,0.006
132.42,-11.895,0.001,-1.482,-11.897,-0.000,1.487,0.006
132.44,-11.895,0.001,-1.482,-11.897,-0.000,1.487,0.006
132.46,-11.896,0.000,-1.482,-11.897,-0.000,1.487,0.005
132.48,-11.896,0.000,-1.482,-11.897,-0.000,1.487,0.005
132.51,-11.898,-0.001,-1.482,-11.897,-0.000,1.487,0.006
132.53,-11.898,-0.001,-1.482,-11.897,-0.000,1.487,0.006
132.55,-11.900,-0.002,-1.482,-11.897,-0.000,1.487,0.006
132.57,-11.900,-0.002,-1.482,-11.897,-0.000,1.487,0.006
132.59,-11.902,-0.003,-1.483,-11.897,-0.000,1.487,0.007
132.61,-11.902,-0.003,-1.483,-11.897,-0.000,1.487,0.007
132.63,-11.902,-0.003,-1.483,-11.897,-0.000,1.487,0.007
132.65,-11.904,-0.003,-1.483,-11.897,-0.000,1.487,0.009
132.67,-11.904,-0.003,-1.483,-11.897,-0.000,1.487,0.009
132.69,-11.906,-0.004,-1.483,-11.897,-0.000,1.487,0.010
132.71,-11.906,-0.004,-1.483,-11.897,-0.000,1.487,0.010
132.73,-11.907,-0.004,-1.484,-11.897,-0.000,1.487,0.011
132.75,-11.907,-0.004,-1.484,-11.897,-0.000,1.487,0.011
132.78,-11.908,-0.004,-1.484,-11.897,-0.000,1.487,0.012
132.80,-11.908,-0.004,-1.484,-11.897,-0.000,1.487,0.012
132.82,-11.909,-0.004,-1.484,-11.897,-0.000,1.487,0.013
132.84,-11.909,-0.004,-1.484,-11.897,-0.000,1.487,0.013
132.86,-11.910,-0.003,-1.485,-11.897,-0.000,1.487,0.013
132.88,-11.910,-0.003,-1.485,-11.897,-0.000,1.487,0.013
132.90,-11.911,-0.003,-1.485,-11.897,-0.000,1.487,0.014
132.92,-11.911,-0.003,-1.485,-11.897,-0.000,1.487,0.014
132.94,-11.911,-0.002,-1.485,-11.897,-0.000,1.487,0.014
132.96,-11.911,-0.002,-1.485,-11.897,-0.000,1.487,0.014
132.98,-11.911,-0.002,-1.485,-11.897,-0.000,1.487,0.014
133.00,-11.911,-0.002,-1.485,-11.897,-0.000,1.487,0.014
133.02,-11.911,-0.001,-1.485,-11.897,-0.000,1.487,0.014
133.05,-11.911,-0.001,-1.485,-11.897,-0.000,1.487,0.014
133.07,-11.911,0.000,-1.485,-11.897,-0.000,1.487,0.014
133.09,-11.911,0.000,-1.485,-11.897,-0.000,1.487,0.014
133.11,-11.911,0.000,-1.485,-11.897,-0.000,1.487,0.014
133.13,-11.910,0.002,-1.486,-11.897,-0.000,1.487,0.013
133.15,-11.910,0.002,-1.486,-11.897,-0.000,1.487,0.013
133.17,-11.910,0.003,-1.486,-11.897,-0.000,1.487,0.013
133.19,-11.910,0.003,-1.486,-11.897,-0.000,1.487,0.013
133.21,-11.909,0.005,-1.486,-11.897,-0.000,1.487,0.013
133.23,-11.909,0.005,-1.486,-11.897,-0.000,1.487,0.013
133.25,-11.908,0.006,-1.486,-11.897,-0.000,1.487,0.013
133.27,-11.908,0.006,-1.486,-11.897,-0.000,1.487,0.013
133.30,-11.907,0.008,-1.486,-11.897,-0.000,1.487,0.013
133.32,-11.907,0.008,-1.486,-11.897,-0.000,1.487,0.013
133.34,-11.907,0.010,-1.486,-11.897,-0.000,1.487,0.013
133.36,-11.907,0.010,-1.486,-11.897,-0.000,1.487,0.013
133.38,-11.906,0.011,-1.486,-11.897,-0.000,1.487,0.014
133.40,-11.906,0.011,-1.486,-11.897,-0.000,1.487,0.014
133.42,-11.905,0.012,-1.486,-11.897,-0.000,1.487,0.015
133.44,-11.905,0.012,-1.486,-11.897,-0.000,1.487,0.015
133.46,-11.904,0.013,-1.486,-11.897,-0.000,1.487,0.015
133.48,-11.904,0.013,-1.486,-11.897,-0.000,1.487,0.015
133.50,-11.903,0.014,-1.487,-11.897,-0.000,1.487,0.016
133.52,-11.903,0.014,-1.487,-11.897,-0.000,1.487,0.016
133.55,-11.902,0.015,-1.487,-11.897,-0.000,1.487,0.016
133.57,-11.902,0.015,-1.487,-11.897,-0.000,1.487,0.016
133.59,-11.901,0.016,-1.487,-11.897,-0.000,1.487,0.016
133.61,-11.901,0.016,-1.487,-11.897,-0.000,1.487,0.016
133.63,-11.901,0.016,-1.487,-11.897,-0.000,1.487,0.016
133.65,-11.899,0.017,-1.487,-11.897,-0.000,1.487,0.017
133.67,-11.899,0.017,-1.487,-11.897,-0.000,1.487,0.017
133.69,-11.898,0.017,-1.487,-11.897,-0.000,1.487,0.017
133.71,-11.898,0.017,-1.487,-11.897,-0.000,1.487,0.017
133.73,-11.896,0.017,-1.487,-11.897,-0.000,1.487,0.017
133.75,-11.896,0.017,-1.487,-11.897,-0.000,1.487,0.017
133.77,-11.895,0.017,-1.487,-11.897,-0.000,1.487,0.018
133.79,-11.895,0.017,-1.487,-11.897,-0.000,1.487,0.018
133.82,-11.894,0.018,-1.487,-11.897,-0.000,1.487,0.018
133.84,-11.894,0.018,-1.487,-11.897,-0.000,1.487,0.018
133.86,-11.893,0.018,-1.487,-11.897,-0.000,1.487,0.018
133.88,-11.893,0.018,-1.487,-11.897,-0.000,1.487,0.018
133.90,-11.892,0.018,-1.487,-11.897,-0.000,1.487,0.019
133.92,-11.892,0.018,-1.487,-11.897,-0.000,1.487,0.019
133.94,-11.891,0.018,-1.487,-11.897,-0.000,1.487,0.019
133.96,-11.891,0.018,-1.487,-11.897,-0.000,1.487,0.019
133.98,-11.890,0.017,-1.486,-11.897,-0.000,1.487,0.019
134.00,-11.890,0.017,-1.486,-11.897,-0.000,1.487,0.019
134.02,-11.889,0.017,-1.486,-11.897,-0.000,1.487,0.019
134.05,-11.889,0.017,-1.486,-11.897,-0.000,1.487,0.019
134.07,-11.888,0.016,-1.486,-11.897,-0.000,1.487,0.019
134.09,-11.888,0.016,-1.486,-11.897,-0.000,1.487,0.019
134.11,-11.888,0.016,-1.486,-11.897,-0.000,1.487,0.019
134.13,-11.887,0.015,-1.486,-11.897,-0.000,1.487,0.018
134.15,-11.887,0.015,-1.486,-11.897,-0.000,1.487,0.018
134.17,-11.887,0.014,-1.486,-11.897,-0.000,1.487,0.018
134.19,-11.887,0.014,-1.486,-11.897,-0.000,1.487,0.018
134.21,-11.887,0.013,-1.487,-11.897,-0.000,1.487,0.017
134.23,-11.887,0.013,-1.487,-11.897,-0.000,1.487,0.017
134.25,-11.886,0.012,-1.487,-11.897,-0.000,1.487,0.017
134.27,-11.886,0.012,-1.487,-11.897,-0.000,1.487,0.017
134.29,-11.886,0.011,-1.487,-11.897,-0.000,1.487,0.016
134.31,-11.886,0.011,-1.487,-11.897,-0.000,1.487,0.016
134.34,-11.887,0.010,-1.487,-11.897,-0.000,1.487,0.015
134.36,-11.887,0.010,-1.487,-11.897,-0.000,1.487,0.015
134.38,-11.887,0.008,-1.488,-11.897,-0.000,1.487,0.014
134.40,-11.887,0.008,-1.488,-11.897,-0.000,1.487,0.014
134.42,-11.887,0.007,-1.488,-11.897,-0.000,1.487,0.013
134.44,-11.887,0.007,-1.488,-11.897,-0.000,1.487,0.013
134.46,-11.887,0.005,-1.488,-11.897,-0.000,1.487,0.012
134.48,-11.887,0.005,-1.488,-11.897,-0.000,1.487,0.012
134.50,-11.887,0.004,-1.489,-11.897,-0.000,1.487,0.011
134.52,-11.887,0.004,-1.489,-11.897,-0.000,1.487,0.011
134.54,-11.887,0.002,-1.489,-11.897,-0.000,1.487,0.010
134.56,-11.887,0.002,-1.489,-11.897,-0.000,1.487,0.010
134.59,-11.888,0.000,-1.490,-11.897,-0.000,1.487,0.010
134.61,-11.888,0.000,-1.490,-11.897,-0.000,1.487,0.010
134.63,-11.888,0.000,-1.490,-11.897,-0.000,1.487,0.010
134.65,-11.888,-0.002,-1.490,-11.897,-0.000,1.487,0.010
134.67,-11.888,-0.002,-1.490,-11.897,-0.000,1.487,0.010
134.69,-11.888,-0.003,-1.491,-11.897,-0.000,1.487,0.010
134.71,-11.888,-0.003,-1.491,-11.897,-0.000,1.487,0.010
134.73,-11.889,-0.004,-1.491,-11.897,-0.000,1.487,0.010
134.75,-11.889,-0.004,-1.491,-11.897,-0.000,1.487,0.010
134.77,-11.890,-0.005,-1.491,-11.897,-0.000,1.487,0.010
134.79,-11.890,-0.005,-1.491,-11.897,-0.000,1.487,0.010
134.81,-11.891,-0.006,-1.492,-11.897,-0.000,1.487,0.010
134.83,-11.891,-0.006,-1.492,-11.897,-0.000,1.487,0.010
134.85,-11.892,-0.006,-1.492,-11.897,-0.000,1.487,0.009
134.88,-11.892,-0.006,-1.492,-11.897,-0.000,1.487,0.009
134.90,-11.893,-0.007,-1.492,-11.897,-0.000,1.487,0.009
134.92,-11.893,-0.007,-1.492,-11.897,-0.000,1.487,0.009
134.94,-11.895,-0.007,-1.493,-11.897,-0.000,1.487,0.009
134.96,-11.895,-0.007,-1.493,-11.897,-0.000,1.487,0.009
134.98,-11.896,-0.007,-1.493,-11.897,-0.000,1.487,0.009
135.00,-11.896,-0.007,-1.493,-11.897,-0.000,1.487,0.009
135.02,-11.897,-0.007,-1.493,-11.897,-0.000,1.487,0.009
135.04,-11.897,-0.007,-1.493,-11.897,-0.000,1.487,0.009
135.06,-11.899,-0.007,-1.494,-11.897,-0.000,1.487,0.010
135.08,-11.899,-0.007,-1.494,-11.897,-0.000,1.487,0.010
135.11,-11.900,-0.007,-1.494,-11.897,-0.000,1.487,0.010
135.13,-11.900,-0.007,-1.494,-11.897,-0.000,1.487,0.010
135.15,-11.900,-0.007,-1.494,-11.897,-0.000,1.487,0.010
135.17,-11.902,-0.006,-1.495,-11.897,-0.000,1.487,0.011
135.19,-11.902,-0.006,-1.495,-11.897,-0.000,1.487,0.011
135.21,-11.903,-0.006,-1.496,-11.897,-0.000,1.487,0.012
135.23,-11.903,-0.006,-1.496,-11.897,-0.000,1.487,0.012
135.25,-11.904,-0.006,-1.496,-11.897,-0.000,1.487,0.013
135.27,-11.904,-0.006,-1.496,-11.897,-0.000,1.487,0.013
135.29,-11.905,-0.006,-1.496,-11.897,-0.000,1.487,0.013
135.31,-11.905,-0.006,-1.496,-11.897,-0.000,1.487,0.013
135.33,-11.906,-0.005,-1.497,-11.897,-0.000,1.487,0.014
135.35,-11.906,-0.005,-1.497,-11.897,-0.000,1.487,0.014
135.38,-11.907,-0.005,-1.497,-11.897,-0.000,1.487,0.015
135.40,-11.907,-0.005,-1.497,-11.897,-0.000,1.487,0.015
135.42,-11.908,-0.005,-1.498,-11.897,-0.000,1.487,0.016
135.44,-11.908,-0.005,-1.498,-11.897,-0.000,1.487,0.016
135.46,-11.909,-0.004,-1.498,-11.897,-0.000,1.487,0.016
135.48,-11.909,-0.004,-1.498,-11.897,-0.000,1.487,0.016
135.50,-11.910,-0.004,-1.498,-11.897,-0.000,1.487,0.017
135.52,-11.910,-0.004,-1.498,-11.897,-0.000,1.487,0.017
135.54,-11.911,-0.003,-1.498,-11.897,-0.000,1.487,0.018
135.56,-11.911,-0.003,-1.498,-11.897,-0.000,1.487,0.018
135.58,-11.912,-0.003,-1.498,-11.897,-0.000,1.487,0.018
135.60,-11.912,-0.003,-1.498,-11.897,-0.000,1.487,0.018
135.62,-11.912,-0.003,-1.498,-11.897,-0.000,1.487,0.018
135.65,-11.914,-0.003,-1.498,-11.897,-0.000,1.487,0.020
135.67,-11.914,-0.003,-1.498,-11.897,-0.000,1.487,0.020
135.69,-11.914,-0.003,-1.498,-11.897,-0.000,1.487,0.020
135.71,-11.914,-0.003,-1.498,-11.897,-0.000,1.487,0.020
135.73,-11.915,-0.003,-1.498,-11.897,-0.000,1.487,0.021
135.75,-11.915,-0.003,-1.498,-11.897,-0.000,1.487,0.021
135.77,-11.916,-0.003,-1.498,-11.897,-0.000,1.487,0.022
135.79,-11.916,-0.003,-1.498,-11.897,-0.000,1.487,0.022
135.81,-11.917,-0.003,-1.499,-11.897,-0.000,1.487,0.023
135.83,-11.917,-0.003,-1.499,-11.897,-0.000,1.487,0.023
135.85,-11.918,-0.003,-1.499,-11.897,-0.000,1.487,0.024
135.88,-11.918,-0.003,-1.499,-11.897,-0.000,1.487,0.024
135.90,-11.918,-0.003,-1.500,-11.897,-0.000,1.487,0.024
135.92,-11.918,-0.003,-1.500,-11.897,-0.000,1.487,0.024
135.94,-11.919,-0.004,-1.500,-11.897,-0.000,1.487,0.025
135.96,-11.919,-0.004,-1.500,-11.897,-0.000,1.487,0.025
135.98,-11.919,-0.004,-1.501,-11.897,-0.000,1.487,0.026
136.00,-11.919,-0.004,-1.501,-11.897,-0.000,1.487,0.026
136.02,-11.920,-0.005,-1.501,-11.897,-0.000,1.487,0.026
136.04,-11.920,-0.005,-1.501,-11.897,-0.000,1.487,0.026
136.06,-11.920,-0.005,-1.502,-11.897,-0.000,1.487,0.027
136.08,-11.920,-0.005,-1.502,-11.897,-0.000,1.487,0.027
136.10,-11.920,-0.006,-1.502,-11.897,-0.000,1.487,0.027
136.12,-11.920,-0.006,-1.502,-11.897,-0.000,1.487,0.027
136.15,-11.920,-0.006,-1.502,-11.897,-0.000,1.487,0.027
136.17,-11.920,-0.007,-1.503,-11.897,-0.000,1.487,0.028
136.19,-11.920,-0.007,-1.503,-11.897,-0.000,1.487,0.028
136.21,-11.920,-0.008,-1.503,-11.897,-0.000,1.487,0.028
136.23,-11.920,-0.008,-1.503,-11.897,-0.000,1.487,0.028
136.25,-11.920,-0.008,-1.504,-11.897,-0.000,1.487,0.029
136.27,-11.920,-0.008,-1.504,-11.897,-0.000,1.487,0.029
136.29,-11.919,-0.009,-1.504,-11.897,-0.000,1.487,0.029
136.31,-11.919,-0.009,-1.504,-11.897,-0.000,1.487,0.029
136.33,-11.919,-0.009,-1.504,-11.897,-0.000,1.487,0.029
136.35,-11.919,-0.009,-1.504,-11.897,-0.000,1.487,0.029
136.38,-11.919,-0.010,-1.504,-11.897,-0.000,1.487,0.029
136.40,-11.919,-0.010,-1.504,-11.897,-0.000,1.487,0.029
136.42,-11.918,-0.010,-1.505,-11.897,-0.000,1.487,0.029
136.44,-11.918,-0.010,-1.505,-11.897,-0.000,1.487,0.029
136.46,-11.918,-0.011,-1.505,-11.897,-0.000,1.487,0.029
136.48,-11.918,-0.011,-1.505,-11.897,-0.000,1.487,0.029
136.50,-11.917,-0.011,-1.505,-11.897,-0.000,1.487,0.029
136.52,-11.917,-0.011,-1.505,-11.897,-0.000,1.487,0.029
136.54,-11.917,-0.011,-1.506,-11.897,-0.000,1.487,0.029
136.56,-11.917,-0.011,-1.506,-11.897,-0.000,1.487,0.029
136.58,-11.917,-0.010,-1.506,-11.897,-0.000,1.487,0.029
136.60,-11.917,-0.010,-1.506,-11.897,-0.000,1.487,0.029
136.62,-11.916,-0.010,-1.506,-11.897,-0.000,1.487,0.028
136.65,-11.916,-0.010,-1.506,-11.897,-0.000,1.487,0.028
136.67,-11.916,-0.010,-1.506,-11.897,-0.000,1.487,0.028
136.69,-11.916,-0.009,-1.506,-11.897,-0.000,1.487,0.028
136.71,-11.916,-0.009,-1.506,-11.897,-0.000,1.487,0.028
136.73,-11.916,-0.009,-1.506,-11.897,-0.000,1.487,0.028
136.75,-11.916,-0.009,-1.506,-11.897,-0.000,1.487,0.028
136.77,-11.916,-0.008,-1.506,-11.897,-0.000,1.487,0.027
136.79,-11.916,-0.008,-1.506,-11.897,-0.000,1.487,0.027
136.81,-11.916,-0.007,-1.505,-11.897,-0.000,1.487,0.027
136.83,-11.916,-0.007,-1.505,-11.897,-0.000,1.487,0.027
136.85,-11.916,-0.007,-1.505,-11.897,-0.000,1.487,0.026
136.87,-11.916,-0.007,-1.505,-11.897,-0.000,1.487,0.026
136.89,-11.915,-0.006,-1.504,-11.897,-0.000,1.487,0.025
136.92,-11.915,-0.006,-1.504,-11.897,-0.000,1.487,0.025
136.94,-11.915,-0.006,-1.503,-11.897,-0.000,1.487,0.024
136.96,-11.915,-0.006,-1.503,-11.897,-0.000,1.487,0.024
136.98,-11.914,-0.006,-1.503,-11.897,-0.000,1.487,0.024
137.00,-11.914,-0.006,-1.503,-11.897,-0.000,1.487,0.024
137.02,-11.914,-0.006,-1.502,-11.897,-0.000,1.487,0.023
137.04,-11.914,-0.006,-1.502,-11.897,-0.000,1.487,0.023
137.06,-11.913,-0.006,-1.501,-11.897,-0.000,1.487,0.022
137.08,-11.913,-0.006,-1.501,-11.897,-0.000,1.487,0.022
137.10,-11.913,-0.005,-1.500,-11.897,-0.000,1.487,0.021
137.12,-11.913,-0.005,-1.500,-11.897,-0.000,1.487,0.021
137.14,-11.913,-0.005,-1.500,-11.897,-0.000,1.487,0.021
137.17,-11.911,-0.005,-1.499,-11.897,-0.000,1.487,0.019
137.19,-11.911,-0.005,-1.499,-11.897,-0.000,1.487,0.019
137.21,-11.910,-0.004,-1.499,-11.897,-0.000,1.487,0.018
137.23,-11.910,-0.004,-1.499,-11.897,-0.000,1.487,0.018
137.25,-11.909,-0.004,-1.498,-11.897,-0.000,1.487,0.016
137.27,-11.909,-0.004,-1.498,-11.897,-0.000,1.487,0.016
137.29,-11.908,-0.003,-1.498,-11.897,-0.000,1.487,0.015
137.31,-11.908,-0.003,-1.498,-11.897,-0.000,1.487,0.015
137.33,-11.907,-0.003,-1.497,-11.897,-0.000,1.487,0.014
137.35,-11.907,-0.003,-1.497,-11.897,-0.000,1.487,0.014
137.37,-11.906,-0.003,-1.497,-11.897,-0.000,1.487,0.013
137.39,-11.906,-0.003,-1.497,-11.897,-0.000,1.487,0.013
137.41,-11.905,-0.003,-1.497,-11.897,-0.000,1.487,0.013
137.44,-11.905,-0.003,-1.497,-11.897,-0.000,1.487,0.013
137.46,-11.904,-0.003,-1.497,-11.897,-0.000,1.487,0.012
137.48,-11.904,-0.003,-1.497,-11.897,-0.000,1.487,0.012
137.50,-11.904,-0.003,-1.497,-11.897,-0.000,1.487,0.012
137.52,-11.904,-0.003,-1.497,-11.897,-0.000,1.487,0.012
137.54,-11.903,-0.003,-1.497,-11.897,-0.000,1.487,0.011
137.56,-11.903,-0.003,-1.497,-11.897,-0.000,1.487,0.011
137.58,-11.902,-0.004,-1.497,-11.897,-0.000,1.487,0.011
137.60,-11.902,-0.004,-1.497,-11.897,-0.000,1.487,0.011
137.62,-11.902,-0.004,-1.497,-11.897,-0.000,1.487,0.011
137.64,-11.902,-0.004,-1.497,-11.897,-0.000,1.487,0.011
137.66,-11.902,-0.004,-1.497,-11.897,-0.000,1.487,0.011
137.69,-11.901,-0.005,-1.497,-11.897,-0.000,1.487,0.011
137.71,-11.901,-0.005,-1.497,-11.897,-0.000,1.487,0.011
137.73,-11.900,-0.005,-1.497,-11.897,-0.000,1.487,0.012
137.75,-11.900,-0.005,-1.497,-11.897,-0.000,1.487,0.012
137.77,-11.900,-0.005,-1.498,-11.897,-0.000,1.487,0.012
137.79,-11.900,-0.005,-1.498,-11.897,-0.000,1.487,0.012
137.81,-11.900,-0.006,-1.498,-11.897,-0.000,1.487,0.012
137.83,-11.900,-0.006,-1.498,-11.897,-0.000,1.487,0.012
137.85,-11.899,-0.006,-1.498,-11.897,-0.000,1.487,0.012
137.87,-11.899,-0.006,-1.498,-11.897,-0.000,1.487,0.012
137.89,-11.899,-0.007,-1.498,-11.897,-0.000,1.487,0.013
137.91,-11.899,-0.007,-1.498,-11.897,-0.000,1.487,0.013
137.93,-11.898,-0.007,-1.498,-11.897,-0.000,1.487,0.013
137.96,-11.898,-0.007,-1.498,-11.897,-0.000,1.487,0.013
137.98,-11.898,-0.007,-1.498,-11.897,-0.000,1.487,0.013
138.00,-11.898,-0.007,-1.498,-11.897,-0.000,1.487,0.013
138.02,-11.897,-0.008,-1.498,-11.897,-0.000,1.487,0.013
138.04,-11.897,-0.008,-1.498,-11.897,-0.000,1.487,0.013
138.06,-11.897,-0.008,-1.498,-11.897,-0.000,1.487,0.013
138.08,-11.897,-0.008,-1.498,-11.897,-0.000,1.487,0.013
138.10,-11.897,-0.008,-1.497,-11.897,-0.000,1.487,0.013
138.12,-11.897,-0.008,-1.497,-11.897,-0.000,1.487,0.013
138.14,-11.897,-0.008,-1.497,-11.897,-0.000,1.487,0.013
138.16,-11.896,-0.008,-1.497,-11.897,-0.000,1.487,0.012
138.18,-11.896,-0.008,-1.497,-11.897,-0.000,1.487,0.012
138.21,-11.896,-0.007,-1.497,-11.897,-0.000,1.487,0.012
138.23,-11.896,-0.007,-1.497,-11.897,-0.000,1.487,0.012
138.25,-11.896,-0.007,-1.497,-11.897,-0.000,1.487,0.012
138.27,-11.896,-0.007,-1.497,-11.897,-0.000,1.487,0.012
138.29,-11.896,-0.007,-1.497,-11.897,-0.000,1.487,0.011
138.31,-11.896,-0.007,-1.497,-11.897,-0.000,1.487,0.011
138.33,-11.896,-0.006,-1.496,-11.897,-0.000,1.487,0.011
138.35,-11.896,-0.006,-1.496,-11.897,-0.000,1.487,0.011
138.37,-11.896,-0.005,-1.496,-11.897,-0.000,1.487,0.011
138.39,-11.896,-0.005,-1.496,-11.897,-0.000,1.487,0.011
138.41,-11.895,-0.005,-1.496,-11.897,-0.000,1.487,0.010
138.43,-11.895,-0.005,-1.496,-11.897,-0.000,1.487,0.010
138.45,-11.895,-0.004,-1.496,-11.897,-0.000,1.487,0.010
138.48,-11.895,-0.004,-1.496,-11.897,-0.000,1.487,0.010
138.50,-11.895,-0.003,-1.496,-11.897,-0.000,1.487,0.009
138.52,-11.895,-0.003,-1.496,-11.897,-0.000,1.487,0.009
138.54,-11.895,-0.002,-1.496,-11.897,-0.000,1.487,0.009
138.56,-11.895,-0.002,-1.496,-11.897,-0.000,1.487,0.009
138.58,-11.894,-0.001,-1.495,-11.897,-0.000,1.487,0.009
138.60,-11.894,-0.001,-1.495,-11.897,-0.000,1.487,0.009
138.62,-11.894,0.001,-1.495,-11.897,-0.000,1.487,0.008
138.64,-11.894,0.001,-1.495,-11.897,-0.000,1.487,0.008
138.66,-11.894,0.001,-1.495,-11.897,-0.000,1.487,0.008
138.68,-11.894,0.002,-1.495,-11.897,-0.000,1.487,0.008
138.70,-11.894,0.002,-1.495,-11.897,-0.000,1.487,0.008
138.72,-11.893,0.003,-1.494,-11.897,-0.000,1.487,0.008
138.75,-11.893,0.003,-1.494,-11.897,-0.000,1.487,0.008
138.77,-11.893,0.004,-1.494,-11.897,-0.000,1.487,0.009
138.79,-11.893,0.004,-1.494,-11.897,-0.000,1.487,0.009
138.81,-11.893,0.005,-1.493,-11.897,-0.000,1.487,0.009
138.83,-11.893,0.005,-1.493,-11.897,-0.000,1.487,0.009
138.85,-11.893,0.006,-1.492,-11.897,-0.000,1.487,0.009
138.87,-11.893,0.006,-1.492,-11.897,-0.000,1.487,0.009
138.89,-11.892,0.007,-1.492,-11.897,-0.000,1.487,0.010
138.91,-11.892,0.007,-1.492,-11.897,-0.000,1.487,0.010
138.93,-11.892,0.007,-1.491,-11.897,-0.000,1.487,0.010
138.95,-11.892,0.007,-1.491,-11.897,-0.000,1.487,0.010
138.97,-11.891,0.008,-1.491,-11.897,-0.000,1.487,0.011
139.00,-11.891,0.008,-1.491,-11.897,-0.000,1.487,0.011
139.02,-11.890,0.009,-1.490,-11.897,-0.000,1.487,0.012
139.04,-11.890,0.009,-1.490,-11.897,-0.000,1.487,0.012
139.06,-11.890,0.009,-1.489,-11.897,-0.000,1.487,0.012
139.08,-11.890,0.009,-1.489,-11.897,-0.000,1.487,0.012
139.10,-11.889,0.010,-1.489,-11.897,-0.000,1.487,0.013
139.12,-11.889,0.010,-1.489,-11.897,-0.000,1.487,0.013
139.14,-11.888,0.010,-1.488,-11.897,-0.000,1.487,0.014
139.16,-11.888,0.010,-1.488,-11.897,-0.000,1.487,0.014
139.18,-11.888,0.010,-1.488,-11.897,-0.000,1.487,0.014
139.20,-11.887,0.010,-1.488,-11.897,-0.000,1.487,0.014
139.22,-11.887,0.010,-1.488,-11.897,-0.000,1.487,0.014
139.24,-11.887,0.010,-1.487,-11.897,-0.000,1.487,0.015
139.27,-11.887,0.010,-1.487,-11.897,-0.000,1.487,0.015
139.29,-11.886,0.010,-1.486,-11.897,-0.000,1.487,0.015
139.31,-11.886,0.010,-1.486,-11.897,-0.000,1.487,0.015
139.33,-11.886,0.010,-1.486,-11.897,-0.000,1.487,0.015
139.35,-11.886,0.010,-1.486,-11.897,-0.000,1.487,0.015
139.37,-11.887,0.010,-1.485,-11.897,-0.000,1.487,0.015
139.39,-11.887,0.010,-1.485,-11.897,-0.000,1.487,0.015
139.41,-11.887,0.010,-1.484,-11.897,-0.000,1.487,0.015
139.43,-11.887,0.010,-1.484,-11.897,-0.000,1.487,0.015
139.45,-11.887,0.010,-1.484,-11.897,-0.000,1.487,0.015
139.47,-11.887,0.010,-1.484,-11.897,-0.000,1.487,0.015
139.49,-11.888,0.010,-1.483,-11.897,-0.000,1.487,0.015
139.51,-11.888,0.010,-1.483,-11.897,-0.000,1.487,0.015
139.54,-11.888,0.010,-1.483,-11.897,-0.000,1.487,0.015
139.56,-11.888,0.010,-1.483,-11.897,-0.000,1.487,0.015
139.58,-11.889,0.010,-1.482,-11.897,-0.000,1.487,0.014
139.60,-11.889,0.010,-1.482,-11.897,-0.000,1.487,0.014
139.62,-11.889,0.010,-1.482,-11.897,-0.000,1.487,0.014
139.64,-11.889,0.010,-1.482,-11.897,-0.000,1.487,0.014
139.66,-11.889,0.010,-1.482,-11.897,-0.000,1.487,0.014
139.68,-11.891,0.010,-1.481,-11.897,-0.000,1.487,0.013
139.70,-11.891,0.010,-1.481,-11.897,-0.000,1.487,0.013
139.72,-11.892,0.009,-1.481,-11.897,-0.000,1.487,0.013
139.74,-11.892,0.009,-1.481,-11.897,-0.000,1.487,0.013
139.77,-11.893,0.009,-1.481,-11.897,-0.000,1.487,0.012
139.79,-11.893,0.009,-1.481,-11.897,-0.000,1.487,0.012
139.81,-11.895,0.009,-1.481,-11.897,-0.000,1.487,0.011
139.83,-11.895,0.009,-1.481,-11.897,-0.000,1.487,0.011
139.85,-11.896,0.008,-1.480,-11.897,-0.000,1.487,0.011
139.87,-11.896,0.008,-1.480,-11.897,-0.000,1.487,0.011
139.89,-11.898,0.008,-1.480,-11.897,-0.000,1.487,0.011
139.91,-11.898,0.008,-1.480,-11.897,-0.000,1.487,0.011
139.93,-11.899,0.007,-1.480,-11.897,-0.000,1.487,0.011
139.95,-11.899,0.007,-1.480,-11.897,-0.000,1.487,0.011
139.97,-11.901,0.007,-1.480,-11.897,-0.000,1.487,0.011
139.99,-11.901,0.007,-1.480,-11.897,-0.000,1.487,0.011
140.01,-11.902,0.007,-1.480,-11.897,-0.000,1.487,0.011
140.03,-11.902,0.007,-1.480,-11.897,-0.000,1.487,0.011
140.06,-11.904,0.006,-1.480,-11.897,-0.000,1.487,0.012
140.08,-11.904,0.006,-1.480,-11.897,-0.000,1.487,0.012
140.10,-11.905,0.006,-1.480,-11.897,-0.000,1.487,0.012
140.12,-11.905,0.006,-1.480,-11.897,-0.000,1.487,0.012
140.14,-11.906,0.005,-1.480,-11.897,-0.000,1.487,0.013
140.16,-11.906,0.005,-1.480,-11.897,-0.000,1.487,0.013
140.18,-11.906,0.005,-1.480,-11.897,-0.000,1.487,0.013
140.20,-11.908,0.004,-1.480,-11.897,-0.000,1.487,0.014
140.22,-11.908,0.004,-1.480,-11.897,-0.000,1.487,0.014
140.24,-11.909,0.004,-1.480,-11.897,-0.000,1.487,0.014
140.26,-11.909,0.004,-1.480,-11.897,-0.000,1.487,0.014
140.28,-11.911,0.003,-1.481,-11.897,-0.000,1.487,0.015
140.31,-11.911,0.003,-1.481,-11.897,-0.000,1.487,0.015
140.33,-11.912,0.002,-1.481,-11.897,-0.000,1.487,0.016
140.35,-11.912,0.002,-1.481,-11.897,-0.000,1.487,0.016
140.37,-11.914,0.002,-1.481,-11.897,-0.000,1.487,0.017
140.39,-11.914,0.002,-1.481,-11.897,-0.000,1.487,0.017
140.41,-11.915,0.001,-1.482,-11.897,-0.000,1.487,0.019
140.43,-11.915,0.001,-1.482,-11.897,-0.000,1.487,0.019
140.45,-11.916,0.001,-1.482,-11.897,-0.000,1.487,0.020
140.47,-11.916,0.001,-1.482,-11.897,-0.000,1.487,0.020
140.49,-11.918,0.000,-1.483,-11.897,-0.000,1.487,0.021
140.51,-11.918,0.000,-1.483,-11.897,-0.000,1.487,0.021
140.53,-11.919,0.000,-1.483,-11.897,-0.000,1.487,0.022
140.55,-11.919,0.000,-1.483,-11.897,-0.000,1.487,0.022
140.58,-11.920,-0.000,-1.484,-11.897,-0.000,1.487,0.023
140.60,-11.920,-0.000,-1.484,-11.897,-0.000,1.487,0.023
140.62,-11.922,-0.001,-1.485,-11.897,-0.000,1.487,0.025
140.64,-11.922,-0.001,-1.485,-11.897,-0.000,1.487,0.025
140.66,-11.922,-0.001,-1.485,-11.897,-0.000,1.487,0.025
140.68,-11.924,-0.002,-1.486,-11.897,-0.000,1.487,0.026
140.70,-11.924,-0.002,-1.486,-11.897,-0.000,1.487,0.026
140.72,-11.925,-0.002,-1.487,-11.897,-0.000,1.487,0.027
140.74,-11.925,-0.002,-1.487,-11.897,-0.000,1.487,0.027
140.76,-11.926,-0.002,-1.487,-11.897,-0.000,1.487,0.028
140.78,-11.926,-0.002,-1.487,-11.897,-0.000,1.487,0.028
140.80,-11.927,-0.002,-1.487,-11.897,-0.000,1.487,0.029
140.83,-11.927,-0.002,-1.487,-11.897,-0.000,1.487,0.029
140.85,-11.927,-0.002,-1.488,-11.897,-0.000,1.487,0.030
140.87,-11.927,-0.002,-1.488,-11.897,-0.000,1.487,0.030
140.89,-11.928,-0.002,-1.488,-11.897,-0.000,1.487,0.031
140.91,-11.928,-0.002,-1.488,-11.897,-0.000,1.487,0.031
140.93,-11.928,-0.001,-1.487,-11.897,-0.000,1.487,0.031
140.95,-11.928,-0.001,-1.487,-11.897,-0.000,1.487,0.031
140.97,-11.928,-0.001,-1.487,-11.897,-0.000,1.487,0.031
140.99,-11.928,-0.001,-1.487,-11.897,-0.000,1.487,0.031
141.01,-11.928,0.000,-1.487,-11.897,-0.000,1.487,0.031
141.03,-11.928,0.000,-1.487,-11.897,-0.000,1.487,0.031
141.05,-11.927,0.001,-1.487,-11.897,-0.000,1.487,0.030
141.07,-11.927,0.001,-1.487,-11.897,-0.000,1.487,0.030
141.10,-11.927,0.002,-1.487,-11.897,-0.000,1.487,0.029
141.12,-11.927,0.002,-1.487,-11.897,-0.000,1.487,0.029
141.14,-11.925,0.003,-1.487,-11.897,-0.000,1.487,0.028
141.16,-11.925,0.003,-1.487,-11.897,-0.000,1.487,0.028
141.18,-11.925,0.003,-1.487,-11.897,-0.000,1.487,0.028
141.20,-11.923,0.004,-1.486,-11.897,-0.000,1.487,0.026
141.22,-11.923,0.004,-1.486,-11.897,-0.000,1.487,0.026
141.24,-11.921,0.004,-1.486,-11.897,-0.000,1.487,0.024
141.26,-11.921,0.004,-1.486,-11.897,-0.000,1.487,0.024
141.28,-11.919,0.005,-1.486,-11.897,-0.000,1.487,0.023
141.30,-11.919,0.005,-1.486,-11.897,-0.000,1.487,0.023
141.32,-11.918,0.006,-1.486,-11.897,-0.000,1.487,0.021
141.34,-11.918,0.006,-1.486,-11.897,-0.000,1.487,0.021
141.37,-11.916,0.006,-1.485,-11.897,-0.000,1.487,0.019
141.39,-11.916,0.006,-1.485,-11.897,-0.000,1.487,0.019
141.41,-11.914,0.006,-1.485,-11.897,-0.000,1.487,0.018
141.43,-11.914,0.006,-1.485,-11.897,-0.000,1.487,0.018
141.45,-11.912,0.006,-1.485,-11.897,-0.000,1.487,0.016
141.47,-11.912,0.006,-1.485,-11.897,-0.000,1.487,0.016
141.49,-11.911,0.005,-1.485,-11.897,-0.000,1.487,0.015
141.51,-11.911,0.005,-1.485,-11.897,-0.000,1.487,0.015
141.53,-11.909,0.005,-1.485,-11.897,-0.000,1.487,0.013
141.55,-11.909,0.005,-1.485,-11.897,-0.000,1.487,0.013
141.57,-11.908,0.005,-1.484,-11.897,-0.000,1.487,0.012
141.59,-11.908,0.005,-1.484,-11.897,-0.000,1.487,0.012
141.61,-11.906,0.004,-1.484,-11.897,-0.000,1.487,0.010
141.64,-11.906,0.004,-1.484,-11.897,-0.000,1.487,0.010
141.66,-11.904,0.004,-1.485,-11.897,-0.000,1.487,0.009
141.68,-11.904,0.004,-1.485,-11.897,-0.000,1.487,0.009
141.70,-11.904,0.004,-1.485,-11.897,-0.000,1.487,0.009
141.72,-11.902,0.003,-1.485,-11.897,-0.000,1.487,0.006
141.74,-11.902,0.003,-1.485,-11.897,-0.000,1.487,0.006
141.76,-11.901,0.003,-1.485,-11.897,-0.000,1.487,0.005
141.78,-11.901,0.003,-1.485,-11.897,-0.000,1.487,0.005
141.80,-11.900,0.003,-1.486,-11.897,-0.000,1.487,0.004
141.82,-11.900,0.003,-1.486,-11.897,-0.000,1.487,0.004
141.84,-11.898,0.002,-1.486,-11.897,-0.000,1.487,0.003
141.86,-11.898,0.002,-1.486,-11.897,-0.000,1.487,0.003
141.88,-11.897,0.002,-1.487,-11.897,-0.000,1.487,0.002
141.91,-11.897,0.002,-1.487,-11.897,-0.000,1.487,0.002
141.93,-11.895,0.001,-1.487,-11.897,-0.000,1.487,0.002
141.95,-11.895,0.001,-1.487,-11.897,-0.000,1.487,0.002
141.97,-11.894,0.001,-1.488,-11.897,-0.000,1.487,0.003
141.99,-11.894,0.001,-1.488,-11.897,-0.000,1.487,0.003
142.01,-11.893,0.001,-1.488,-11.897,-0.000,1.487,0.005
142.03,-11.893,0.001,-1.488,-11.897,-0.000,1.487,0.005
142.05,-11.892,0.001,-1.488,-11.897,-0.000,1.487,0.006
142.07,-11.892,0.001,-1.488,-11.897,-0.000,1.487,0.006
142.09,-11.890,0.000,-1.488,-11.897,-0.000,1.487,0.007
142.11,-11.890,0.000,-1.488,-11.897,-0.000,1.487,0.007
142.13,-11.889,-0.000,-1.488,-11.897,-0.000,1.487,0.008
142.15,-11.889,-0.000,-1.488,-11.897,-0.000,1.487,0.008
142.18,-11.889,-0.000,-1.488,-11.897,-0.000,1.487,0.008
142.20,-11.888,-0.001,-1.488,-11.897,-0.000,1.487,0.010
142.22,-11.888,-0.001,-1.488,-11.897,-0.000,1.487,0.010
142.24,-11.887,-0.001,-1.488,-11.897,-0.000,1.487,0.011
142.26,-11.887,-0.001,-1.488,-11.897,-0.000,1.487,0.011
142.28,-11.886,-0.002,-1.487,-11.897,-0.000,1.487,0.012
142.30,-11.886,-0.002,-1.487,-11.897,-0.000,1.487,0.012
142.32,-11.885,-0.002,-1.487,-11.897,-0.000,1.487,0.012
142.34,-11.885,-0.002,-1.487,-11.897,-0.000,1.487,0.012
142.36,-11.884,-0.001,-1.487,-11.897,-0.000,1.487,0.013
142.38,-11.884,-0.001,-1.487,-11.897,-0.000,1.487,0.013
142.40,-11.883,-0.001,-1.487,-11.897,-0.000,1.487,0.014
142.43,-11.883,-0.001,-1.487,-11.897,-0.000,1.487,0.014
142.45,-11.883,-0.001,-1.487,-11.897,-0.000,1.487,0.015
142.47,-11.883,-0.001,-1.487,-11.897,-0.000,1.487,0.015
142.49,-11.882,-0.000,-1.487,-11.897,-0.000,1.487,0.015
142.51,-11.882,-0.000,-1.487,-11.897,-0.000,1.487,0.015
142.53,-11.882,0.000,-1.487,-11.897,-0.000,1.487,0.016
142.55,-11.882,0.000,-1.487,-11.897,-0.000,1.487,0.016
142.57,-11.881,0.001,-1.488,-11.897,-0.000,1.487,0.016
142.59,-11.881,0.001,-1.488,-11.897,-0.000,1.487,0.016
142.61,-11.880,0.001,-1.488,-11.897,-0.000,1.487,0.017
142.63,-11.880,0.001,-1.488,-11.897,-0.000,1.487,0.017
142.65,-11.880,0.002,-1.488,-11.897,-0.000,1.487,0.018
142.67,-11.880,0.002,-1.488,-11.897,-0.000,1.487,0.018
142.70,-11.880,0.002,-1.488,-11.897,-0.000,1.487,0.018
142.72,-11.879,0.004,-1.488,-11.897,-0.000,1.487,0.018
142.74,-11.879,0.004,-1.488,-11.897,-0.000,1.487,0.018
142.76,-11.879,0.004,-1.488,-11.897,-0.000,1.487,0.019
142.78,-11.879,0.004,-1.488,-11.897,-0.000,1.487,0.019
142.80,-11.880,0.005,-1.488,-11.897,-0.000,1.487,0.019
142.82,-11.880,0.005,-1.488,-11.897,-0.000,1.487,0.019
142.84,-11.880,0.006,-1.488,-11.897,-0.000,1.487,0.019
142.86,-11.880,0.006,-1.488,-11.897,-0.000,1.487,0.019
142.88,-11.880,0.007,-1.488,-11.897,-0.000,1.487,0.019
142.90,-11.880,0.007,-1.488,-11.897,-0.000,1.487,0.019
142.92,-11.880,0.008,-1.488,-11.897,-0.000,1.487,0.019
142.94,-11.880,0.008,-1.488,-11.897,-0.000,1.487,0.019
142.97,-11.880,0.010,-1.488,-11.897,-0.000,1.487,0.020
142.99,-11.880,0.010,-1.488,-11.897,-0.000,1.487,0.020
143.01,-11.881,0.011,-1.487,-11.897,-0.000,1.487,0.020
143.03,-11.881,0.011,-1.487,-11.897,-0.000,1.487,0.020
143.05,-11.881,0.012,-1.487,-11.897,-0.000,1.487,0.020
143.07,-11.881,0.012,-1.487,-11.897,-0.000,1.487,0.020
143.09,-11.881,0.013,-1.487,-11.897,-0.000,1.487,0.021
143.11,-11.881,0.013,-1.487,-11.897,-0.000,1.487,0.021
143.13,-11.881,0.013,-1.487,-11.897,-0.000,1.487,0.021
143.15,-11.881,0.013,-1.487,-11.897,-0.000,1.487,0.021
143.17,-11.882,0.014,-1.486,-11.897,-0.000,1.487,0.021
143.19,-11.882,0.014,-1.486,-11.897,-0.000,1.487,0.021
143.21,-11.882,0.014,-1.486,-11.897,-0.000,1.487,0.021
143.24,-11.882,0.014,-1.486,-11.897,-0.000,1.487,0.021
143.26,-11.882,0.014,-1.486,-11.897,-0.000,1.487,0.021
143.28,-11.882,0.014,-1.486,-11.897,-0.000,1.487,0.021
143.30,-11.882,0.014,-1.486,-11.897,-0.000,1.487,0.021
143.32,-11.882,0.014,-1.485,-11.897,-0.000,1.487,0.021
143.34,-11.882,0.014,-1.485,-11.897,-0.000,1.487,0.021
143.36,-11.882,0.013,-1.485,-11.897,-0.000,1.487,0.021
143.38,-11.882,0.013,-1.485,-11.897,-0.000,1.487,0.021
143.40,-11.882,0.012,-1.485,-11.897,-0.000,1.487,0.020
143.42,-11.882,0.012,-1.485,-11.897,-0.000,1.487,0.020
143.44,-11.881,0.012,-1.485,-11.897,-0.000,1.487,0.020
143.46,-11.881,0.012,-1.485,-11.897,-0.000,1.487,0.020
143.48,-11.881,0.010,-1.485,-11.897,-0.000,1.487,0.020
143.51,-11.881,0.010,-1.485,-11.897,-0.000,1.487,0.020
143.53,-11.881,0.009,-1.485,-11.897,-0.000,1.487,0.019
143.55,-11.881,0.009,-1.485,-11.897,-0.000,1.487,0.019
143.57,-11.880,0.008,-1.485,-11.897,-0.000,1.487,0.019
143.59,-11.880,0.008,-1.485,-11.897,-0.000,1.487,0.019
143.61,-11.880,0.007,-1.486,-11.897,-0.000,1.487,0.019
143.63,-11.880,0.007,-1.486,-11.897,-0.000,1.487,0.019
143.65,-11.880,0.006,-1.486,-11.897,-0.000,1.487,0.018
143.67,-11.880,0.006,-1.486,-11.897,-0.000,1.487,0.018
143.69,-11.880,0.006,-1.486,-11.897,-0.000,1.487,0.018
143.71,-11.880,0.004,-1.486,-11.897,-0.000,1.487,0.018
143.73,-11.880,0.004,-1.486,-11.897,-0.000,1.487,0.018
143.76,-11.880,0.003,-1.487,-11.897,-0.000,1.487,0.017
143.78,-11.880,0.003,-1.487,-11.897,-0.000,1.487,0.017
143.80,-11.880,0.002,-1.487,-11.897,-0.000,1.487,0.017
143.82,-11.880,0.002,-1.487,-11.897,-0.000,1.487,0.017
143.84,-11.880,0.001,-1.488,-11.897,-0.000,1.487,0.017
143.86,-11.880,0.001,-1.488,-11.897,-0.000,1.487,0.017
143.88,-11.880,0.001,-1.489,-11.897,-0.000,1.487,0.017
143.90,-11.880,0.001,-1.489,-11.897,-0.000,1.487,0.017
143.92,-11.880,0.000,-1.489,-11.897,-0.000,1.487,0.017
143.94,-11.880,0.000,-1.489,-11.897,-0.000,1.487,0.017
143.96,-11.880,-0.000,-1.490,-11.897,-0.000,1.487,0.017
143.98,-11.880,-0.000,-1.490,-11.897,-0.000,1.487,0.017
144.00,-11.880,-0.001,-1.491,-11.897,-0.000,1.487,0.018
144.03,-11.880,-0.001,-1.491,-11.897,-0.000,1.487,0.018
144.05,-11.880,-0.001,-1.491,-11.897,-0.000,1.487,0.018
144.07,-11.880,-0.001,-1.491,-11.897,-0.000,1.487,0.018
144.09,-11.880,-0.001,-1.492,-11.897,-0.000,1.487,0.018
144.11,-11.880,-0.001,-1.492,-11.897,-0.000,1.487,0.018
144.13,-11.880,-0.001,-1.493,-11.897,-0.000,1.487,0.018
144.15,-11.880,-0.001,-1.493,-11.897,-0.000,1.487,0.018
144.17,-11.880,-0.001,-1.493,-11.897,-0.000,1.487,0.019
144.19,-11.880,-0.001,-1.493,-11.897,-0.000,1.487,0.019
144.21,-11.880,-0.001,-1.493,-11.897,-0.000,1.487,0.019
144.23,-11.879,-0.001,-1.494,-11.897,-0.000,1.487,0.019
144.25,-11.879,-0.001,-1.494,-11.897,-0.000,1.487,0.019
144.27,-11.880,-0.001,-1.494,-11.897,-0.000,1.487,0.019
144.30,-11.880,-0.001,-1.494,-11.897,-0.000,1.487,0.019
144.32,-11.880,-0.001,-1.494,-11.897,-0.000,1.487,0.019
144.34,-11.880,-0.001,-1.494,-11.897,-0.000,1.487,0.019
144.36,-11.880,-0.001,-1.494,-11.897,-0.000,1.487,0.019
144.38,-11.880,-0.001,-1.494,-11.897,-0.000,1.487,0.019
144.40,-11.881,-0.001,-1.494,-11.897,-0.000,1.487,0.018
144.42,-11.881,-0.001,-1.494,-11.897,-0.000,1.487,0.018
144.44,-11.882,-0.001,-1.494,-11.897,-0.000,1.487,0.017
144.46,-11.882,-0.001,-1.494,-11.897,-0.000,1.487,0.017
144.48,-11.882,-0.001,-1.494,-11.897,-0.000,1.487,0.016
144.50,-11.882,-0.001,-1.494,-11.897,-0.000,1.487,0.016
144.52,-11.883,-0.001,-1.493,-11.897,-0.000,1.487,0.015
144.55,-11.883,-0.001,-1.493,-11.897,-0.000,1.487,0.015
144.57,-11.884,-0.002,-1.493,-11.897,-0.000,1.487,0.014
144.59,-11.884,-0.002,-1.493,-11.897,-0.000,1.487,0.014
144.61,-11.885,-0.002,-1.492,-11.897,-0.000,1.487,0.013
144.63,-11.885,-0.002,-1.492,-11.897,-0.000,1.487,0.013
144.65,-11.886,-0.002,-1.492,-11.897,-0.000,1.487,0.013
144.67,-11.886,-0.002,-1.492,-11.897,-0.000,1.487,0.013
144.69,-11.886,-0.002,-1.492,-11.897,-0.000,1.487,0.013
144.71,-11.887,-0.003,-1.491,-11.897,-0.000,1.487,0.012
144.73,-11.887,-0.003,-1.491,-11.897,-0.000,1.487,0.012
144.75,-11.887,-0.004,-1.491,-11.897,-0.000,1.487,0.011
144.77,-11.887,-0.004,-1.491,-11.897,-0.000,1.487,0.011
144.79,-11.888,-0.005,-1.490,-11.897,-0.000,1.487,0.011
144.82,-11.888,-0.005,-1.490,-11.897,-0.000,1.487,0.011
144.84,-11.888,-0.005,-1.490,-11.897,-0.000,1.487,0.011
144.86,-11.888,-0.005,-1.490,-11.897,-0.000,1.487,0.011
144.88,-11.889,-0.006,-1.490,-11.897,-0.000,1.487,0.011
144.90,-11.889,-0.006,-1.490,-11.897,-0.000,1.487,0.011
144.92,-11.890,-0.007,-1.489,-11.897,-0.000,1.487,0.010
144.94,-11.890,-0.007,-1.489,-11.897,-0.000,1.487,0.010
144.96,-11.890,-0.007,-1.489,-11.897,-0.000,1.487,0.010
144.98,-11.890,-0.007,-1.489,-11.897,-0.000,1.487,0.010
145.00,-11.892,-0.007,-1.489,-11.897,-0.000,1.487,0.009
145.02,-11.892,-0.007,-1.489,-11.897,-0.000,1.487,0.009
145.04,-11.893,-0.008,-1.489,-11.897,-0.000,1.487,0.009
145.06,-11.893,-0.008,-1.489,-11.897,-0.000,1.487,0.009
145.09,-11.894,-0.008,-1.488,-11.897,-0.000,1.487,0.009
145.11,-11.894,-0.008,-1.488,-11.897,-0.000,1.487,0.009
145.13,-11.894,-0.009,-1.488,-11.897,-0.000,1.487,0.009
145.15,-11.894,-0.009,-1.488,-11.897,-0.000,1.487,0.009
145.17,-11.895,-0.009,-1.487,-11.897,-0.000,1.487,0.009
145.19,-11.895,-0.009,-1.487,-11.897,-0.000,1.487,0.009
145.21,-11.895,-0.009,-1.487,-11.897,-0.000,1.487,0.009
145.23,-11.896,-0.009,-1.486,-11.897,-0.000,1.487,0.009
145.25,-11.896,-0.009,-1.486,-11.897,-0.000,1.487,0.009
145.27,-11.896,-0.009,-1.485,-11.897,-0.000,1.487,0.009
145.29,-11.896,-0.009,-1.485,-11.897,-0.000,1.487,0.009
145.31,-11.897,-0.009,-1.484,-11.897,-0.000,1.487,0.010
145.34,-11.897,-0.009,-1.484,-11.897,-0.000,1.487,0.010
145.36,-11.897,-0.010,-1.483,-11.897,-0.000,1.487,0.010
145.38,-11.897,-0.010,-1.483,-11.897,-0.000,1.487,0.010
145.40,-11.897,-0.010,-1.482,-11.897,-0.000,1.487,0.011
145.42,-11.897,-0.010,-1.482,-11.897,-0.000,1.487,0.011
145.44,-11.896,-0.010,-1.481,-11.897,-0.000,1.487,0.011
145.46,-11.896,-0.010,-1.481,-11.897,-0.000,1.487,0.011
145.48,-11.896,-0.010,-1.481,-11.897,-0.000,1.487,0.012
145.50,-11.896,-0.010,-1.481,-11.897,-0.000,1.487,0.012
145.52,-11.895,-0.009,-1.480,-11.897,-0.000,1.487,0.012
145.55,-11.895,-0.009,-1.480,-11.897,-0.000,1.487,0.012
145.57,-11.894,-0.009,-1.479,-11.897,-0.000,1.487,0.013
145.59,-11.894,-0.009,-1.479,-11.897,-0.000,1.487,0.013
145.61,-11.894,-0.009,-1.478,-11.897,-0.000,1.487,0.013
145.63,-11.894,-0.009,-1.478,-11.897,-0.000,1.487,0.013
145.65,-11.893,-0.008,-1.477,-11.897,-0.000,1.487,0.014
145.67,-11.893,-0.008,-1.477,-11.897,-0.000,1.487,0.014
145.69,-11.892,-0.008,-1.477,-11.897,-0.000,1.487,0.014
145.71,-11.892,-0.008,-1.477,-11.897,-0.000,1.487,0.014
145.73,-11.892,-0.008,-1.477,-11.897,-0.000,1.487,0.014
145.75,-11.892,-0.008,-1.476,-11.897,-0.000,1.487,0.015
145.78,-11.892,-0.008,-1.476,-11.897,-0.000,1.487,0.015
145.80,-11.891,-0.007,-1.475,-11.897,-0.000,1.487,0.016
145.82,-11.891,-0.007,-1.475,-11.897,-0.000,1.487,0.016
145.84,-11.891,-0.007,-1.474,-11.897,-0.000,1.487,0.016
145.86,-11.891,-0.007,-1.474,-11.897,-0.000,1.487,0.016
145.88,-11.891,-0.007,-1.474,-11.897,-0.000,1.487,0.017
145.90,-11.891,-0.007,-1.474,-11.897,-0.000,1.487,0.017
145.92,-11.890,-0.006,-1.473,-11.897,-0.000,1.487,0.017
145.94,-11.890,-0.006,-1.473,-11.897,-0.000,1.487,0.017
145.96,-11.890,-0.006,-1.473,-11.897,-0.000,1.487,0.017
145.98,-11.890,-0.006,-1.473,-11.897,-0.000,1.487,0.017
146.00,-11.890,-0.006,-1.472,-11.897,-0.000,1.487,0.018
146.02,-11.890,-0.006,-1.472,-11.897,-0.000,1.487,0.018
146.05,-11.889,-0.005,-1.472,-11.897,-0.000,1.487,0.018
146.07,-11.889,-0.005,-1.472,-11.897,-0.000,1.487,0.018
146.09,-11.889,-0.005,-1.471,-11.897,-0.000,1.487,0.019
146.11,-11.889,-0.005,-1.471,-11.897,-0.000,1.487,0.019
146.13,-11.889,-0.004,-1.471,-11.897,-0.000,1.487,0.019
146.15,-11.889,-0.004,-1.471,-11.897,-0.000,1.487,0.019
146.17,-11.888,-0.003,-1.471,-11.897,-0.000,1.487,0.019
146.19,-11.888,-0.003,-1.471,-11.897,-0.000,1.487,0.019
146.21,-11.888,-0.003,-1.471,-11.897,-0.000,1.487,0.019
146.23,-11.887,-0.002,-1.470,-11.897,-0.000,1.487,0.020
146.25,-11.887,-0.002,-1.470,-11.897,-0.000,1.487,0.020
146.27,-11.887,-0.001,-1.470,-11.897,-0.000,1.487,0.020
146.29,-11.887,-0.001,-1.470,-11.897,-0.000,1.487,0.020
146.32,-11.886,0.000,-1.470,-11.897,-0.000,1.487,0.021
146.34,-11.886,0.000,-1.470,-11.897,-0.000,1.487,0.021
146.36,-11.885,0.002,-1.470,-11.897,-0.000,1.487,0.022
146.38,-11.885,0.002,-1.470,-11.897,-0.000,1.487,0.022
146.40,-11.884,0.003,-1.470,-11.897,-0.000,1.487,0.022
146.42,-11.884,0.003,-1.470,-11.897,-0.000,1.487,0.022
146.44,-11.883,0.005,-1.470,-11.897,-0.000,1.487,0.023
146.46,-11.883,0.005,-1.470,-11.897,-0.000,1.487,0.023
146.48,-11.882,0.006,-1.470,-11.897,-0.000,1.487,0.024
146.50,-11.882,0.006,-1.470,-11.897,-0.000,1.487,0.024
146.52,-11.881,0.007,-1.470,-11.897,-0.000,1.487,0.025
146.54,-11.881,0.007,-1.470,-11.897,-0.000,1.487,0.025
146.57,-11.880,0.008,-1.470,-11.897,-0.000,1.487,0.026
146.59,-11.880,0.008,-1.470,-11.897,-0.000,1.487,0.026
146.61,-11.879,0.009,-1.470,-11.897,-0.000,1.487,0.027
146.63,-11.879,0.009,-1.470,-11.897,-0.000,1.487,0.027
146.65,-11.879,0.010,-1.470,-11.897,-0.000,1.487,0.027
146.67,-11.879,0.010,-1.470,-11.897,-0.000,1.487,0.027
146.69,-11.878,0.011,-1.470,-11.897,-0.000,1.487,0.028
146.71,-11.878,0.011,-1.470,-11.897,-0.000,1.487,0.028
146.73,-11.878,0.011,-1.470,-11.897,-0.000,1.487,0.028
146.75,-11.878,0.012,-1.471,-11.897,-0.000,1.487,0.028
146.77,-11.878,0.012,-1.471,-11.897,-0.000,1.487,0.028
146.80,-11.878,0.012,-1.471,-11.897,-0.000,1.487,0.028
146.82,-11.878,0.012,-1.471,-11.897,-0.000,1.487,0.028
146.84,-11.878,0.012,-1.471,-11.897,-0.000,1.487,0.028
146.86,-11.878,0.012,-1.471,-11.897,-0.000,1.487,0.028
146.88,-11.879,0.013,-1.471,-11.897,-0.000,1.487,0.028
146.90,-11.879,0.013,-1.471,-11.897,-0.000,1.487,0.028
146.92,-11.879,0.013,-1.472,-11.897,-0.000,1.487,0.027
146.94,-11.879,0.013,-1.472,-11.897,-0.000,1.487,0.027
146.96,-11.879,0.013,-1.472,-11.897,-0.000,1.487,0.027
146.98,-11.879,0.013,-1.472,-11.897,-0.000,1.487,0.027
147.00,-11.879,0.013,-1.473,-11.897,-0.000,1.487,0.026
147.02,-11.879,0.013,-1.473,-11.897,-0.000,1.487,0.026
147.05,-11.880,0.013,-1.474,-11.897,-0.000,1.487,0.026
147.07,-11.880,0.013,-1.474,-11.897,-0.000,1.487,0.026
147.09,-11.880,0.013,-1.474,-11.897,-0.000,1.487,0.026
147.11,-11.880,0.013,-1.474,-11.897,-0.000,1.487,0.026
147.13,-11.880,0.013,-1.475,-11.897,-0.000,1.487,0.025
147.15,-11.880,0.013,-1.475,-11.897,-0.000,1.487,0.025
147.17,-11.881,0.013,-1.476,-11.897,-0.000,1.487,0.024
147.19,-11.881,0.013,-1.476,-11.897,-0.000,1.487,0.024
147.21,-11.881,0.013,-1.476,-11.897,-0.000,1.487,0.024
147.23,-11.881,0.013,-1.477,-11.897,-0.000,1.487,0.023
147.25,-11.881,0.013,-1.477,-11.897,-0.000,1.487,0.023
147.28,-11.882,0.013,-1.477,-11.897,-0.000,1.487,0.023
147.30,-11.882,0.013,-1.477,-11.897,-0.000,1.487,0.023
147.32,-11.882,0.013,-1.478,-11.897,-0.000,1.487,0.022
147.34,-11.882,0.013,-1.478,-11.897,-0.000,1.487,0.022
147.36,-11.883,0.013,-1.479,-11.897,-0.000,1.487,0.022
147.38,-11.883,0.013,-1.479,-11.897,-0.000,1.487,0.022
147.40,-11.883,0.013,-1.479,-11.897,-0.000,1.487,0.021
147.42,-11.883,0.013,-1.479,-11.897,-0.000,1.487,0.021
147.44,-11.883,0.013,-1.480,-11.897,-0.000,1.487,0.021
147.46,-11.883,0.013,-1.480,-11.897,-0.000,1.487,0.021
147.48,-11.883,0.013,-1.481,-11.897,-0.000,1.487,0.020
147.50,-11.883,0.013,-1.481,-11.897,-0.000,1.487,0.020
147.52,-11.884,0.013,-1.481,-11.897,-0.000,1.487,0.020
147.55,-11.884,0.013,-1.481,-11.897,-0.000,1.487,0.020
147.57,-11.884,0.013,-1.481,-11.897,-0.000,1.487,0.020
147.59,-11.884,0.013,-1.481,-11.897,-0.000,1.487,0.020
147.61,-11.884,0.013,-1.482,-11.897,-0.000,1.487,0.019
147.63,-11.884,0.013,-1.482,-11.897,-0.000,1.487,0.019
147.65,-11.885,0.013,-1.482,-11.897,-0.000,1.487,0.019
147.67,-11.885,0.013,-1.482,-11.897,-0.000,1.487,0.019
147.69,-11.885,0.014,-1.483,-11.897,-0.000,1.487,0.019
147.71,-11.885,0.014,-1.483,-11.897,-0.000,1.487,0.019
147.73,-11.885,0.014,-1.483,-11.897,-0.000,1.487,0.019
147.75,-11.886,0.015,-1.483,-11.897,-0.000,1.487,0.019
147.77,-11.886,0.015,-1.483,-11.897,-0.000,1.487,0.019
147.80,-11.886,0.016,-1.483,-11.897,-0.000,1.487,0.020
147.82,-11.886,0.016,-1.483,-11.897,-0.000,1.487,0.020
147.84,-11.887,0.017,-1.483,-11.897,-0.000,1.487,0.020
147.86,-11.887,0.017,-1.483,-11.897,-0.000,1.487,0.020
147.88,-11.888,0.017,-1.483,-11.897,-0.000,1.487,0.020
147.90,-11.888,0.017,-1.483,-11.897,-0.000,1.487,0.020
147.92,-11.888,0.018,-1.482,-11.897,-0.000,1.487,0.021
147.94,-11.888,0.018,-1.482,-11.897,-0.000,1.487,0.021
147.96,-11.888,0.018,-1.482,-11.897,-0.000,1.487,0.021
147.98,-11.888,0.018,-1.482,-11.897,-0.000,1.487,0.021
148.00,-11.889,0.019,-1.482,-11.897,-0.000,1.487,0.022
148.02,-11.889,0.019,-1.482,-11.897,-0.000,1.487,0.022
148.04,-11.889,0.020,-1.482,-11.897,-0.000,1.487,0.022
148.07,-11.889,0.020,-1.482,-11.897,-0.000,1.487,0.022
148.09,-11.889,0.020,-1.482,-11.897,-0.000,1.487,0.023
148.11,-11.889,0.020,-1.482,-11.897,-0.000,1.487,0.023
148.13,-11.889,0.021,-1.481,-11.897,-0.000,1.487,0.023
148.15,-11.889,0.021,-1.481,-11.897,-0.000,1.487,0.023
148.17,-11.888,0.021,-1.481,-11.897,-0.000,1.487,0.024
148.19,-11.888,0.021,-1.481,-11.897,-0.000,1.487,0.024
148.21,-11.888,0.021,-1.482,-11.897,-0.000,1.487,0.024
148.23,-11.888,0.021,-1.482,-11.897,-0.000,1.487,0.024
148.25,-11.888,0.021,-1.482,-11.897,-0.000,1.487,0.024
148.27,-11.887,0.022,-1.482,-11.897,-0.000,1.487,0.025
148.29,-11.887,0.022,-1.482,-11.897,-0.000,1.487,0.025
148.32,-11.887,0.022,-1.483,-11.897,-0.000,1.487,0.025
148.34,-11.887,0.022,-1.483,-11.897,-0.000,1.487,0.025
148.36,-11.886,0.023,-1.484,-11.897,-0.000,1.487,0.026
148.38,-11.886,0.023,-1.484,-11.897,-0.000,1.487,0.026
148.40,-11.886,0.023,-1.485,-11.897,-0.000,1.487,0.026
148.42,-11.886,0.023,-1.485,-11.897,-0.000,1.487,0.026
148.44,-11.886,0.024,-1.486,-11.897,-0.000,1.487,0.027
148.46,-11.886,0.024,-1.486,-11.897,-0.000,1.487,0.027
148.48,-11.886,0.024,-1.487,-11.897,-0.000,1.487,0.027
148.50,-11.886,0.024,-1.487,-11.897,-0.000,1.487,0.027
148.52,-11.886,0.025,-1.487,-11.897,-0.000,1.487,0.028
148.54,-11.886,0.025,-1.487,-11.897,-0.000,1.487,0.028
148.56,-11.886,0.026,-1.488,-11.897,-0.000,1.487,0.028
148.59,-11.886,0.026,-1.488,-11.897,-0.000,1.487,0.028
148.61,-11.886,0.026,-1.488,-11.897,-0.000,1.487,0.029
148.63,-11.886,0.026,-1.488,-11.897,-0.000,1.487,0.029
148.65,-11.886,0.026,-1.489,-11.897,-0.000,1.487,0.029
148.67,-11.886,0.026,-1.489,-11.897,-0.000,1.487,0.029
148.69,-11.886,0.027,-1.489,-11.897,-0.000,1.487,0.029
148.71,-11.886,0.027,-1.489,-11.897,-0.000,1.487,0.029
148.73,-11.886,0.027,-1.489,-11.897,-0.000,1.487,0.029
148.75,-11.887,0.027,-1.490,-11.897,-0.000,1.487,0.029
148.77,-11.887,0.027,-1.490,-11.897,-0.000,1.487,0.029
148.79,-11.888,0.027,-1.491,-11.897,-0.000,1.487,0.028
148.82,-11.888,0.027,-1.491,-11.897,-0.000,1.487,0.028
148.84,-11.889,0.026,-1.492,-11.897,-0.000,1.487,0.028
148.86,-11.889,0.026,-1.492,-11.897,-0.000,1.487,0.028
148.88,-11.890,0.026,-1.492,-11.897,-0.000,1.487,0.028
148.90,-11.890,0.026,-1.492,-11.897,-0.000,1.487,0.028
148.92,-11.891,0.026,-1.492,-11.897,-0.000,1.487,0.027
148.94,-11.891,0.026,-1.492,-11.897,-0.000,1.487,0.027
148.96,-11.892,0.026,-1.493,-11.897,-0.000,1.487,0.027
148.98,-11.892,0.026,-1.493,-11.897,-0.000,1.487,0.027
149.01,-11.894,0.025,-1.493,-11.897,-0.000,1.487,0.026
149.03,-11.894,0.025,-1.493,-11.897,-0.000,1.487,0.026
149.05,-11.895,0.025,-1.494,-11.897,-0.000,1.487,0.026
149.07,-11.895,0.025,-1.494,-11.897,-0.000,1.487,0.026
149.09,-11.896,0.024,-1.494,-11.897,-0.000,1.487,0.025
149.11,-11.896,0.024,-1.494,-11.897,-0.000,1.487,0.025
149.13,-11.897,0.024,-1.494,-11.897,-0.000,1.487,0.025
149.15,-11.897,0.024,-1.494,-11.897,-0.000,1.487,0.025
149.17,-11.898,0.023,-1.495,-11.897,-0.000,1.487,0.024
149.19,-11.898,0.023,-1.495,-11.897,-0.000,1.487,0.024
149.21,-11.899,0.023,-1.495,-11.897,-0.000,1.487,0.024
149.23,-11.899,0.023,-1.495,-11.897,-0.000,1.487,0.024
149.25,-11.899,0.023,-1.495,-11.897,-0.000,1.487,0.024
149.28,-11.900,0.021,-1.495,-11.897,-0.000,1.487,0.023
149.30,-11.900,0.021,-1.495,-11.897,-0.000,1.487,0.023
149.32,-11.901,0.021,-1.495,-11.897,-0.000,1.487,0.022
149.34,-11.901,0.021,-1.495,-11.897,-0.000,1.487,0.022
149.36,-11.901,0.020,-1.495,-11.897,-0.000,1.487,0.022
149.38,-11.901,0.020,-1.495,-11.897,-0.000,1.487,0.022
149.40,-11.901,0.019,-1.495,-11.897,-0.000,1.487,0.021
149.42,-11.901,0.019,-1.495,-11.897,-0.000,1.487,0.021
149.44,-11.901,0.018,-1.495,-11.897,-0.000,1.487,0.020
149.46,-11.901,0.018,-1.495,-11.897,-0.000,1.487,0.020
149.48,-11.901,0.017,-1.495,-11.897,-0.000,1.487,0.019
149.50,-11.901,0.017,-1.495,-11.897,-0.000,1.487,0.019
149.52,-11.901,0.016,-1.494,-11.897,-0.000,1.487,0.018
149.55,-11.901,0.016,-1.494,-11.897,-0.000,1.487,0.018
149.57,-11.901,0.015,-1.494,-11.897,-0.000,1.487,0.017
149.59,-11.901,0.015,-1.494,-11.897,-0.000,1.487,0.017
149.61,-11.901,0.014,-1.494,-11.897,-0.000,1.487,0.016
149.63,-11.901,0.014,-1.494,-11.897,-0.000,1.487,0.016
149.65,-11.901,0.013,-1.493,-11.897,-0.000,1.487,0.015
149.67,-11.901,0.013,-1.493,-11.897,-0.000,1.487,0.015
149.69,-11.901,0.012,-1.493,-11.897,-0.000,1.487,0.013
149.71,-11.901,0.012,-1.493,-11.897,-0.000,1.487,0.013
149.73,-11.901,0.012,-1.493,-11.897,-0.000,1.487,0.013
149.75,-11.900,0.010,-1.492,-11.897,-0.000,1.487,0.012
149.77,-11.900,0.010,-1.492,-11.897,-0.000,1.487,0.012
149.79,-11.899,0.009,-1.492,-11.897,-0.000,1.487,0.010
149.81,-11.899,0.009,-1.492,-11.897,-0.000,1.487,0.010
149.84,-11.898,0.008,-1.492,-11.897,-0.000,1.487,0.009
149.86,-11.898,0.008,-1.492,-11.897,-0.000,1.487,0.009
149.88,-11.897,0.007,-1.492,-11.897,-0.000,1.487,0.008
149.90,-11.897,0.007,-1.492,-11.897,-0.000,1.487,0.008
149.92,-11.897,0.006,-1.492,-11.897,-0.000,1.487,0.008
149.94,-11.897,0.006,-1.492,-11.897,-0.000,1.487,0.008
149.96,-11.896,0.005,-1.491,-11.897,-0.000,1.487,0.007
149.98,-11.896,0.005,-1.491,-11.897,-0.000,1.487,0.007