t,px,py,pz,ex,ey,ez,err
0.00,0.025,0.017,-0.029,-1.600,1.106,0.405,1.992
0.02,0.025,0.017,-0.030,-1.600,1.107,0.405,1.992
0.04,0.025,0.017,-0.030,-1.600,1.107,0.405,1.992
0.06,0.025,0.018,-0.030,-1.601,1.107,0.405,1.993
0.08,0.025,0.018,-0.030,-1.601,1.107,0.405,1.993
0.10,0.025,0.018,-0.030,-1.602,1.108,0.406,1.994
0.13,0.025,0.018,-0.030,-1.602,1.108,0.406,1.994
0.15,0.025,0.019,-0.030,-1.603,1.110,0.406,1.995
0.17,0.025,0.019,-0.030,-1.603,1.110,0.406,1.995
0.19,0.024,0.020,-0.030,-1.604,1.111,0.407,1.996
0.21,0.024,0.020,-0.030,-1.604,1.111,0.407,1.996
0.23,0.023,0.021,-0.030,-1.606,1.112,0.407,1.997
0.25,0.023,0.021,-0.030,-1.606,1.112,0.407,1.997
0.27,0.023,0.023,-0.030,-1.607,1.113,0.407,1.997
0.29,0.023,0.023,-0.030,-1.607,1.113,0.407,1.997
0.31,0.022,0.024,-0.030,-1.607,1.113,0.408,1.996
0.33,0.022,0.024,-0.030,-1.607,1.113,0.408,1.996
0.35,0.022,0.025,-0.030,-1.608,1.114,0.408,1.997
0.38,0.022,0.025,-0.030,-1.608,1.114,0.408,1.997
0.40,0.021,0.026,-0.029,-1.608,1.114,0.408,1.996
0.42,0.021,0.026,-0.029,-1.608,1.114,0.408,1.996
0.44,0.020,0.026,-0.029,-1.609,1.115,0.408,1.996
0.46,0.020,0.026,-0.029,-1.609,1.115,0.408,1.996
0.48,0.019,0.027,-0.029,-1.655,1.158,0.426,2.059
0.50,0.019,0.027,-0.029,-1.655,1.158,0.426,2.059
0.52,0.019,0.028,-0.029,-1.707,1.206,0.445,2.130
0.54,0.019,0.028,-0.029,-1.707,1.206,0.445,2.130
0.56,0.019,0.028,-0.029,-1.707,1.206,0.445,2.130
0.58,0.018,0.028,-0.028,-1.757,1.253,0.465,2.200
0.60,0.018,0.028,-0.028,-1.757,1.253,0.465,2.200
0.63,0.017,0.029,-0.027,-1.808,1.301,0.484,2.271
0.65,0.017,0.029,-0.027,-1.808,1.301,0.484,2.271
0.67,0.016,0.029,-0.027,-1.854,1.344,0.502,2.335
0.69,0.016,0.029,-0.027,-1.854,1.344,0.502,2.335
0.71,0.015,0.029,-0.026,-1.900,1.387,0.520,2.399
0.73,0.015,0.029,-0.026,-1.900,1.387,0.520,2.399
0.75,0.014,0.030,-0.026,-1.946,1.429,0.537,2.462
0.77,0.014,0.030,-0.026,-1.946,1.429,0.537,2.462
0.79,0.013,0.030,-0.025,-1.991,1.470,0.555,2.524
0.81,0.013,0.030,-0.025,-1.991,1.470,0.555,2.524
0.84,0.012,0.030,-0.025,-2.034,1.508,0.571,2.583
0.86,0.012,0.030,-0.025,-2.034,1.508,0.571,2.583
0.88,0.011,0.030,-0.024,-2.077,1.546,0.587,2.641
0.90,0.011,0.030,-0.024,-2.077,1.546,0.587,2.641
0.92,0.010,0.029,-0.024,-2.115,1.580,0.602,2.694
0.94,0.010,0.029,-0.024,-2.115,1.580,0.602,2.694
0.96,0.010,0.029,-0.023,-2.154,1.614,0.617,2.747
0.98,0.010,0.029,-0.023,-2.154,1.614,0.617,2.747
1.00,0.009,0.028,-0.023,-2.198,1.661,0.636,2.813
1.02,0.009,0.028,-0.023,-2.198,1.661,0.636,2.813
1.04,0.008,0.028,-0.022,-2.235,1.691,0.649,2.862
1.06,0.008,0.028,-0.022,-2.235,1.691,0.649,2.862
1.08,0.008,0.028,-0.022,-2.235,1.691,0.649,2.862
1.11,0.008,0.027,-0.022,-2.270,1.718,0.662,2.908
1.13,0.008,0.027,-0.022,-2.270,1.718,0.662,2.908
1.15,0.007,0.026,-0.021,-2.304,1.743,0.674,2.952
1.17,0.007,0.026,-0.021,-2.304,1.743,0.674,2.952
1.19,0.007,0.025,-0.021,-2.338,1.767,0.686,2.995
1.21,0.007,0.025,-0.021,-2.338,1.767,0.686,2.995
1.23,0.006,0.025,-0.021,-2.371,1.788,0.697,3.036
1.25,0.006,0.025,-0.021,-2.371,1.788,0.697,3.036
1.27,0.006,0.024,-0.020,-2.403,1.807,0.707,3.074
1.29,0.006,0.024,-0.020,-2.403,1.807,0.707,3.074
1.31,0.005,0.023,-0.020,-2.434,1.824,0.716,3.111
1.33,0.005,0.023,-0.020,-2.434,1.824,0.716,3.111
1.36,0.004,0.022,-0.019,-2.466,1.839,0.725,3.147
1.38,0.004,0.022,-0.019,-2.466,1.839,0.725,3.147
1.40,0.003,0.020,-0.019,-2.496,1.852,0.734,3.180
1.42,0.003,0.020,-0.019,-2.496,1.852,0.734,3.180
1.44,0.002,0.019,-0.018,-2.528,1.863,0.742,3.213
1.46,0.002,0.019,-0.018,-2.528,1.863,0.742,3.213
1.48,0.001,0.017,-0.018,-2.559,1.872,0.749,3.245
1.50,0.001,0.017,-0.018,-2.559,1.872,0.749,3.245
1.52,0.001,0.016,-0.018,-2.604,1.882,0.759,3.289
1.54,0.001,0.016,-0.018,-2.604,1.882,0.759,3.289
1.56,0.001,0.016,-0.018,-2.604,1.882,0.759,3.289
1.59,-0.000,0.014,-0.018,-2.634,1.886,0.765,3.317
1.61,-0.000,0.014,-0.018,-2.634,1.886,0.765,3.317
1.63,-0.000,0.012,-0.018,-2.665,1.888,0.770,3.344
1.65,-0.000,0.012,-0.018,-2.665,1.888,0.770,3.344
1.67,-0.001,0.010,-0.018,-2.696,1.888,0.775,3.370
1.69,-0.001,0.010,-0.018,-2.696,1.888,0.775,3.370
1.71,-0.001,0.009,-0.018,-2.726,1.886,0.779,3.395
1.73,-0.001,0.009,-0.018,-2.726,1.886,0.779,3.395
1.75,-0.001,0.008,-0.018,-2.757,1.882,0.783,3.420
1.77,-0.001,0.008,-0.018,-2.757,1.882,0.783,3.420
1.79,-0.001,0.007,-0.019,-2.788,1.877,0.787,3.443
1.82,-0.001,0.007,-0.019,-2.788,1.877,0.787,3.443
1.84,-0.001,0.006,-0.018,-2.820,1.869,0.790,3.466
1.86,-0.001,0.006,-0.018,-2.820,1.869,0.790,3.466
1.88,-0.001,0.005,-0.018,-2.851,1.860,0.792,3.487
1.90,-0.001,0.005,-0.018,-2.851,1.860,0.792,3.487
1.92,-0.001,0.005,-0.018,-2.883,1.849,0.795,3.509
1.94,-0.001,0.005,-0.018,-2.883,1.849,0.795,3.509
1.96,-0.002,0.004,-0.018,-2.916,1.837,0.796,3.529
1.98,-0.002,0.004,-0.018,-2.916,1.837,0.796,3.529
2.00,-0.002,0.004,-0.017,-2.973,1.808,0.798,3.563
2.02,-0.002,0.004,-0.017,-2.973,1.808,0.798,3.563
2.05,-0.002,0.003,-0.017,-3.005,1.792,0.799,3.582
2.07,-0.002,0.003,-0.017,-3.005,1.792,0.799,3.582
2.09,-0.002,0.003,-0.017,-3.005,1.792,0.799,3.582
2.11,-0.002,0.003,-0.016,-3.039,1.774,0.799,3.602
2.13,-0.002,0.003,-0.016,-3.039,1.774,0.799,3.602
2.15,-0.002,0.002,-0.016,-3.072,1.755,0.799,3.621
2.17,-0.002,0.002,-0.016,-3.072,1.755,0.799,3.621
2.19,-0.002,0.002,-0.015,-3.106,1.735,0.799,3.640
2.21,-0.002,0.002,-0.015,-3.106,1.735,0.799,3.640
2.23,-0.002,0.002,-0.015,-3.140,1.713,0.799,3.659
2.25,-0.002,0.002,-0.015,-3.140,1.713,0.799,3.659
2.27,-0.002,0.001,-0.014,-3.173,1.691,0.798,3.678
2.29,-0.002,0.001,-0.014,-3.173,1.691,0.798,3.678
2.32,-0.002,0.001,-0.014,-3.208,1.667,0.797,3.697
2.34,-0.002,0.001,-0.014,-3.208,1.667,0.797,3.697
2.36,-0.003,0.000,-0.013,-3.241,1.644,0.796,3.716
2.38,-0.003,0.000,-0.013,-3.241,1.644,0.796,3.716
2.40,-0.003,-0.001,-0.013,-3.275,1.619,0.795,3.735
2.42,-0.003,-0.001,-0.013,-3.275,1.619,0.795,3.735
2.44,-0.003,-0.001,-0.012,-3.308,1.595,0.793,3.753
2.46,-0.003,-0.001,-0.012,-3.308,1.595,0.793,3.753
2.48,-0.003,-0.002,-0.012,-3.342,1.569,0.792,3.772
2.50,-0.003,-0.002,-0.012,-3.342,1.569,0.792,3.772
2.52,-0.003,-0.002,-0.011,-3.392,1.530,0.789,3.800
2.55,-0.003,-0.002,-0.011,-3.392,1.530,0.789,3.800
2.57,-0.003,-0.002,-0.011,-3.392,1.530,0.789,3.800
2.59,-0.003,-0.003,-0.010,-3.427,1.503,0.787,3.820
2.61,-0.003,-0.003,-0.010,-3.427,1.503,0.787,3.820
2.63,-0.003,-0.004,-0.010,-3.459,1.477,0.785,3.839
2.65,-0.003,-0.004,-0.010,-3.459,1.477,0.785,3.839
2.67,-0.004,-0.004,-0.009,-3.493,1.449,0.783,3.858
2.69,-0.004,-0.004,-0.009,-3.493,1.449,0.783,3.858
2.71,-0.004,-0.004,-0.009,-3.526,1.422,0.781,3.878
2.73,-0.004,-0.004,-0.009,-3.526,1.422,0.781,3.878
2.75,-0.004,-0.004,-0.009,-3.559,1.395,0.778,3.897
2.77,-0.004,-0.004,-0.009,-3.559,1.395,0.778,3.897
2.79,-0.005,-0.005,-0.009,-3.592,1.368,0.776,3.917
2.82,-0.005,-0.005,-0.009,-3.592,1.368,0.776,3.917
2.84,-0.006,-0.005,-0.008,-3.625,1.340,0.774,3.936
2.86,-0.006,-0.005,-0.008,-3.625,1.340,0.774,3.936
2.88,-0.007,-0.005,-0.008,-3.658,1.313,0.771,3.956
2.90,-0.007,-0.005,-0.008,-3.658,1.313,0.771,3.956
2.92,-0.008,-0.004,-0.008,-3.691,1.285,0.769,3.976
2.94,-0.008,-0.004,-0.008,-3.691,1.285,0.769,3.976
2.96,-0.009,-0.004,-0.008,-3.724,1.257,0.766,3.997
2.98,-0.009,-0.004,-0.008,-3.724,1.257,0.766,3.997
3.00,-0.010,-0.004,-0.009,-3.772,1.218,0.763,4.027
3.02,-0.010,-0.004,-0.009,-3.772,1.218,0.763,4.027
3.04,-0.011,-0.003,-0.009,-3.805,1.190,0.760,4.048
3.07,-0.011,-0.003,-0.009,-3.805,1.190,0.760,4.048
3.09,-0.011,-0.003,-0.009,-3.805,1.190,0.760,4.048
3.11,-0.013,-0.003,-0.009,-3.837,1.164,0.758,4.068
3.13,-0.013,-0.003,-0.009,-3.837,1.164,0.758,4.068
3.15,-0.014,-0.002,-0.010,-3.870,1.137,0.755,4.089
3.17,-0.014,-0.002,-0.010,-3.870,1.137,0.755,4.089
3.19,-0.015,-0.002,-0.010,-3.903,1.110,0.753,4.112
3.21,-0.015,-0.002,-0.010,-3.903,1.110,0.753,4.112
3.23,-0.017,-0.002,-0.010,-3.935,1.084,0.751,4.133
3.25,-0.017,-0.002,-0.010,-3.935,1.084,0.751,4.133
3.27,-0.018,-0.002,-0.011,-3.968,1.058,0.748,4.155
3.29,-0.018,-0.002,-0.011,-3.968,1.058,0.748,4.155
3.31,-0.020,-0.002,-0.012,-4.002,1.031,0.746,4.178
3.34,-0.020,-0.002,-0.012,-4.002,1.031,0.746,4.178
3.36,-0.023,-0.002,-0.013,-4.034,1.006,0.744,4.199
3.38,-0.023,-0.002,-0.013,-4.034,1.006,0.744,4.199
3.40,-0.026,-0.002,-0.014,-4.067,0.980,0.742,4.222
3.42,-0.026,-0.002,-0.014,-4.067,0.980,0.742,4.222
3.44,-0.028,-0.002,-0.015,-4.101,0.955,0.739,4.245
3.46,-0.028,-0.002,-0.015,-4.101,0.955,0.739,4.245
3.48,-0.032,-0.002,-0.016,-4.134,0.930,0.737,4.268
3.50,-0.032,-0.002,-0.016,-4.134,0.930,0.737,4.268
3.52,-0.035,-0.002,-0.018,-4.184,0.893,0.735,4.305
3.54,-0.035,-0.002,-0.018,-4.184,0.893,0.735,4.305
3.56,-0.039,-0.002,-0.020,-4.219,0.868,0.733,4.328
3.58,-0.039,-0.002,-0.020,-4.219,0.868,0.733,4.328
3.61,-0.039,-0.002,-0.020,-4.219,0.868,0.733,4.328
3.63,-0.047,-0.003,-0.023,-4.252,0.844,0.731,4.348
3.65,-0.047,-0.003,-0.023,-4.252,0.844,0.731,4.348
3.67,-0.054,-0.003,-0.026,-4.287,0.820,0.729,4.369
3.69,-0.054,-0.003,-0.026,-4.287,0.820,0.729,4.369
3.71,-0.062,-0.004,-0.029,-4.320,0.797,0.728,4.389
3.73,-0.062,-0.004,-0.029,-4.320,0.797,0.728,4.389
3.75,-0.071,-0.004,-0.032,-4.354,0.774,0.726,4.409
3.77,-0.071,-0.004,-0.032,-4.354,0.774,0.726,4.409
3.79,-0.082,-0.006,-0.035,-4.389,0.752,0.725,4.427
3.81,-0.082,-0.006,-0.035,-4.389,0.752,0.725,4.427
3.83,-0.095,-0.008,-0.038,-4.425,0.728,0.723,4.445
3.86,-0.095,-0.008,-0.038,-4.425,0.728,0.723,4.445
3.88,-0.119,-0.012,-0.042,-4.458,0.707,0.722,4.451
3.90,-0.119,-0.012,-0.042,-4.458,0.707,0.722,4.451
3.92,-0.139,-0.015,-0.045,-4.493,0.686,0.721,4.462
3.94,-0.139,-0.015,-0.045,-4.493,0.686,0.721,4.462
3.96,-0.163,-0.018,-0.046,-4.528,0.664,0.720,4.469
3.98,-0.163,-0.018,-0.046,-4.528,0.664,0.720,4.469
4.00,-0.190,-0.019,-0.048,-4.565,0.642,0.719,4.475
4.02,-0.190,-0.019,-0.048,-4.565,0.642,0.719,4.475
4.04,-0.222,-0.018,-0.049,-4.618,0.612,0.718,4.491
4.06,-0.222,-0.018,-0.049,-4.618,0.612,0.718,4.491
4.08,-0.222,-0.018,-0.049,-4.618,0.612,0.718,4.491
4.10,-0.274,-0.014,-0.047,-4.655,0.591,0.717,4.473
4.13,-0.274,-0.014,-0.047,-4.655,0.591,0.717,4.473
4.15,-0.318,-0.007,-0.044,-4.690,0.571,0.716,4.461
4.17,-0.318,-0.007,-0.044,-4.690,0.571,0.716,4.461
4.19,-0.377,0.006,-0.036,-4.727,0.551,0.716,4.437
4.21,-0.377,0.006,-0.036,-4.727,0.551,0.716,4.437
4.23,-0.429,0.021,-0.024,-4.763,0.532,0.716,4.419
4.25,-0.429,0.021,-0.024,-4.763,0.532,0.716,4.419
4.27,-0.481,0.021,-0.021,-4.800,0.513,0.715,4.402
4.29,-0.481,0.021,-0.021,-4.800,0.513,0.715,4.402
4.31,-0.533,0.013,-0.018,-4.836,0.495,0.715,4.386
4.33,-0.533,0.013,-0.018,-4.836,0.495,0.715,4.386
4.36,-0.556,-0.008,-0.067,-4.873,0.476,0.715,4.392
4.38,-0.556,-0.008,-0.067,-4.873,0.476,0.715,4.392
4.40,-0.574,-0.054,-0.158,-4.910,0.458,0.715,4.402
4.42,-0.574,-0.054,-0.158,-4.910,0.458,0.715,4.402
4.44,-0.587,-0.090,-0.214,-4.948,0.440,0.715,4.422
4.46,-0.587,-0.090,-0.214,-4.948,0.440,0.715,4.422
4.48,-0.603,-0.127,-0.261,-4.986,0.422,0.715,4.441
4.50,-0.603,-0.127,-0.261,-4.986,0.422,0.715,4.441
4.52,-0.626,-0.162,-0.297,-5.042,0.397,0.716,4.471
4.54,-0.626,-0.162,-0.297,-5.042,0.397,0.716,4.471
4.56,-0.655,-0.193,-0.324,-5.080,0.380,0.716,4.479
4.59,-0.655,-0.193,-0.324,-5.080,0.380,0.716,4.479
4.61,-0.655,-0.193,-0.324,-5.080,0.380,0.716,4.479
4.63,-0.708,-0.229,-0.348,-5.119,0.363,0.717,4.466
4.65,-0.708,-0.229,-0.348,-5.119,0.363,0.717,4.466
4.67,-0.763,-0.254,-0.360,-5.157,0.347,0.717,4.449
4.69,-0.763,-0.254,-0.360,-5.157,0.347,0.717,4.449
4.71,-0.816,-0.271,-0.365,-5.196,0.331,0.718,4.435
4.73,-0.816,-0.271,-0.365,-5.196,0.331,0.718,4.435
4.75,-0.874,-0.283,-0.367,-5.234,0.315,0.719,4.415
4.77,-0.874,-0.283,-0.367,-5.234,0.315,0.719,4.415
4.79,-0.938,-0.291,-0.365,-5.272,0.300,0.720,4.388
4.81,-0.938,-0.291,-0.365,-5.272,0.300,0.720,4.388
4.83,-1.008,-0.297,-0.360,-5.312,0.284,0.721,4.358
4.86,-1.008,-0.297,-0.360,-5.312,0.284,0.721,4.358
4.88,-1.115,-0.300,-0.347,-5.352,0.269,0.722,4.291
4.90,-1.115,-0.300,-0.347,-5.352,0.269,0.722,4.291
4.92,-1.198,-0.300,-0.335,-5.390,0.255,0.723,4.247
4.94,-1.198,-0.300,-0.335,-5.390,0.255,0.723,4.247
4.96,-1.284,-0.299,-0.320,-5.431,0.240,0.725,4.201
4.98,-1.284,-0.299,-0.320,-5.431,0.240,0.725,4.201
5.00,-1.375,-0.297,-0.305,-5.470,0.226,0.726,4.150
5.02,-1.375,-0.297,-0.305,-5.470,0.226,0.726,4.150
5.04,-1.469,-0.295,-0.289,-5.529,0.206,0.728,4.114
5.06,-1.469,-0.295,-0.289,-5.529,0.206,0.728,4.114
5.08,-1.469,-0.295,-0.289,-5.529,0.206,0.728,4.114
5.11,-1.606,-0.292,-0.268,-5.569,0.193,0.730,4.018
5.13,-1.606,-0.292,-0.268,-5.569,0.193,0.730,4.018
5.15,-1.707,-0.289,-0.253,-5.608,0.180,0.731,3.958
5.17,-1.707,-0.289,-0.253,-5.608,0.180,0.731,3.958
5.19,-1.831,-0.286,-0.237,-5.648,0.168,0.733,3.876
5.21,-1.831,-0.286,-0.237,-5.648,0.168,0.733,3.876
5.23,-1.936,-0.283,-0.224,-5.689,0.155,0.735,3.812
5.25,-1.936,-0.283,-0.224,-5.689,0.155,0.735,3.812
5.27,-2.043,-0.280,-0.213,-5.727,0.144,0.737,3.746
5.29,-2.043,-0.280,-0.213,-5.727,0.144,0.737,3.746
5.31,-2.150,-0.277,-0.203,-5.768,0.132,0.739,3.680
5.33,-2.150,-0.277,-0.203,-5.768,0.132,0.739,3.680
5.35,-2.258,-0.274,-0.195,-5.809,0.121,0.741,3.615
5.38,-2.258,-0.274,-0.195,-5.809,0.121,0.741,3.615
5.40,-2.409,-0.270,-0.185,-5.848,0.110,0.744,3.504
5.42,-2.409,-0.270,-0.185,-5.848,0.110,0.744,3.504
5.44,-2.518,-0.266,-0.180,-5.889,0.099,0.746,3.438
5.46,-2.518,-0.266,-0.180,-5.889,0.099,0.746,3.438
5.48,-2.627,-0.263,-0.176,-5.930,0.089,0.749,3.371
5.50,-2.627,-0.263,-0.176,-5.930,0.089,0.749,3.371
5.52,-2.736,-0.259,-0.173,-5.989,0.075,0.752,3.321
5.54,-2.736,-0.259,-0.173,-5.989,0.075,0.752,3.321
5.56,-2.845,-0.255,-0.171,-6.030,0.065,0.755,3.254
5.58,-2.845,-0.255,-0.171,-6.030,0.065,0.755,3.254
5.60,-2.845,-0.255,-0.171,-6.030,0.065,0.755,3.254
5.63,-2.998,-0.250,-0.172,-6.071,0.056,0.758,3.144
5.65,-2.998,-0.250,-0.172,-6.071,0.056,0.758,3.144
5.67,-3.107,-0.246,-0.174,-6.111,0.048,0.761,3.075
5.69,-3.107,-0.246,-0.174,-6.111,0.048,0.761,3.075
5.71,-3.238,-0.241,-0.178,-6.152,0.039,0.764,2.985
5.73,-3.238,-0.241,-0.178,-6.152,0.039,0.764,2.985
5.75,-3.347,-0.238,-0.181,-6.192,0.032,0.767,2.917
5.77,-3.347,-0.238,-0.181,-6.192,0.032,0.767,2.917
5.79,-3.457,-0.235,-0.183,-6.233,0.024,0.770,2.849
5.81,-3.457,-0.235,-0.183,-6.233,0.024,0.770,2.849
5.83,-3.566,-0.233,-0.185,-6.274,0.017,0.773,2.783
5.85,-3.566,-0.233,-0.185,-6.274,0.017,0.773,2.783
5.87,-3.674,-0.231,-0.184,-6.316,0.010,0.777,2.718
5.90,-3.674,-0.231,-0.184,-6.316,0.010,0.777,2.718
5.92,-3.826,-0.229,-0.182,-6.356,0.004,0.780,2.610
5.94,-3.826,-0.229,-0.182,-6.356,0.004,0.780,2.610
5.96,-3.933,-0.228,-0.179,-6.397,-0.003,0.784,2.547
5.98,-3.933,-0.228,-0.179,-6.397,-0.003,0.784,2.547
6.00,-4.040,-0.228,-0.175,-6.437,-0.008,0.787,2.484
6.02,-4.040,-0.228,-0.175,-6.437,-0.008,0.787,2.484
6.04,-4.147,-0.228,-0.170,-6.500,-0.016,0.793,2.443
6.06,-4.147,-0.228,-0.170,-6.500,-0.016,0.793,2.443
6.08,-4.253,-0.228,-0.165,-6.540,-0.021,0.797,2.382
6.10,-4.253,-0.228,-0.165,-6.540,-0.021,0.797,2.382
6.12,-4.253,-0.228,-0.165,-6.540,-0.021,0.797,2.382
6.15,-4.400,-0.229,-0.159,-6.582,-0.025,0.801,2.284
6.17,-4.400,-0.229,-0.159,-6.582,-0.025,0.801,2.284
6.19,-4.504,-0.229,-0.155,-6.623,-0.029,0.805,2.226
6.21,-4.504,-0.229,-0.155,-6.623,-0.029,0.805,2.226
6.23,-4.627,-0.230,-0.154,-6.664,-0.033,0.810,2.149
6.25,-4.627,-0.230,-0.154,-6.664,-0.033,0.810,2.149
6.27,-4.728,-0.231,-0.156,-6.705,-0.037,0.814,2.093
6.29,-4.728,-0.231,-0.156,-6.705,-0.037,0.814,2.093
6.31,-4.828,-0.233,-0.162,-6.746,-0.040,0.818,2.036
6.33,-4.828,-0.233,-0.162,-6.746,-0.040,0.818,2.036
6.35,-4.927,-0.234,-0.171,-6.787,-0.042,0.823,1.980
6.37,-4.927,-0.234,-0.171,-6.787,-0.042,0.823,1.980
6.40,-5.024,-0.236,-0.183,-6.829,-0.045,0.828,1.926
6.42,-5.024,-0.236,-0.183,-6.829,-0.045,0.828,1.926
6.44,-5.157,-0.238,-0.203,-6.869,-0.047,0.832,1.834
6.46,-5.157,-0.238,-0.203,-6.869,-0.047,0.832,1.834
6.48,-5.250,-0.239,-0.219,-6.910,-0.049,0.837,1.781
6.50,-5.250,-0.239,-0.219,-6.910,-0.049,0.837,1.781
6.52,-5.342,-0.240,-0.236,-6.951,-0.050,0.842,1.730
6.54,-5.342,-0.240,-0.236,-6.951,-0.050,0.842,1.730
6.56,-5.432,-0.241,-0.253,-7.014,-0.052,0.849,1.701
6.58,-5.432,-0.241,-0.253,-7.014,-0.052,0.849,1.701
6.61,-5.432,-0.241,-0.253,-7.014,-0.052,0.849,1.701
6.63,-5.556,-0.242,-0.278,-7.055,-0.053,0.854,1.617
6.65,-5.556,-0.242,-0.278,-7.055,-0.053,0.854,1.617
6.67,-5.642,-0.242,-0.295,-7.096,-0.053,0.860,1.571
6.69,-5.642,-0.242,-0.295,-7.096,-0.053,0.860,1.571
6.71,-5.744,-0.242,-0.317,-7.137,-0.053,0.865,1.508
6.73,-5.744,-0.242,-0.317,-7.137,-0.053,0.865,1.508
6.75,-5.828,-0.241,-0.334,-7.179,-0.053,0.870,1.466
6.77,-5.828,-0.241,-0.334,-7.179,-0.053,0.870,1.466
6.79,-5.909,-0.240,-0.352,-7.220,-0.053,0.876,1.424
6.81,-5.909,-0.240,-0.352,-7.220,-0.053,0.876,1.424
6.83,-5.990,-0.239,-0.369,-7.262,-0.053,0.881,1.384
6.85,-5.990,-0.239,-0.369,-7.262,-0.053,0.881,1.384
6.88,-6.100,-0.237,-0.393,-7.304,-0.052,0.887,1.315
6.90,-6.100,-0.237,-0.393,-7.304,-0.052,0.887,1.315
6.92,-6.177,-0.234,-0.409,-7.345,-0.051,0.892,1.278
6.94,-6.177,-0.234,-0.409,-7.345,-0.051,0.892,1.278
6.96,-6.252,-0.231,-0.425,-7.387,-0.050,0.898,1.243
6.98,-6.252,-0.231,-0.425,-7.387,-0.050,0.898,1.243
7.00,-6.326,-0.228,-0.441,-7.428,-0.049,0.904,1.208
7.02,-6.326,-0.228,-0.441,-7.428,-0.049,0.904,1.208
7.04,-6.399,-0.225,-0.456,-7.490,-0.047,0.912,1.195
7.06,-6.399,-0.225,-0.456,-7.490,-0.047,0.912,1.195
7.08,-6.471,-0.221,-0.471,-7.531,-0.045,0.918,1.163
7.10,-6.471,-0.221,-0.471,-7.531,-0.045,0.918,1.163
7.13,-6.471,-0.221,-0.471,-7.531,-0.045,0.918,1.163
7.15,-6.570,-0.216,-0.491,-7.573,-0.044,0.924,1.105
7.17,-6.570,-0.216,-0.491,-7.573,-0.044,0.924,1.105
7.19,-6.653,-0.211,-0.508,-7.614,-0.042,0.930,1.062
7.21,-6.653,-0.211,-0.508,-7.614,-0.042,0.930,1.062
7.23,-6.722,-0.207,-0.522,-7.655,-0.040,0.936,1.035
7.25,-6.722,-0.207,-0.522,-7.655,-0.040,0.936,1.035
7.27,-6.789,-0.203,-0.535,-7.697,-0.038,0.942,1.009
7.29,-6.789,-0.203,-0.535,-7.697,-0.038,0.942,1.009
7.31,-6.855,-0.199,-0.548,-7.738,-0.036,0.947,0.983
7.33,-6.855,-0.199,-0.548,-7.738,-0.036,0.947,0.983
7.35,-6.920,-0.195,-0.561,-7.781,-0.034,0.953,0.960
7.38,-6.920,-0.195,-0.561,-7.781,-0.034,0.953,0.960
7.40,-7.010,-0.189,-0.578,-7.821,-0.032,0.959,0.910
7.42,-7.010,-0.189,-0.578,-7.821,-0.032,0.959,0.910
7.44,-7.073,-0.185,-0.590,-7.863,-0.030,0.965,0.888
7.46,-7.073,-0.185,-0.590,-7.863,-0.030,0.965,0.888
7.48,-7.135,-0.181,-0.602,-7.903,-0.028,0.971,0.866
7.50,-7.135,-0.181,-0.602,-7.903,-0.028,0.971,0.866
7.52,-7.197,-0.177,-0.613,-7.944,-0.026,0.977,0.844
7.54,-7.197,-0.177,-0.613,-7.944,-0.026,0.977,0.844
7.56,-7.259,-0.174,-0.625,-8.005,-0.023,0.985,0.843
7.58,-7.259,-0.174,-0.625,-8.005,-0.023,0.985,0.843
7.60,-7.259,-0.174,-0.625,-8.005,-0.023,0.985,0.843
7.63,-7.343,-0.169,-0.641,-8.047,-0.021,0.991,0.800
7.65,-7.343,-0.169,-0.641,-8.047,-0.021,0.991,0.800
7.67,-7.403,-0.165,-0.652,-8.087,-0.019,0.997,0.780
7.69,-7.403,-0.165,-0.652,-8.087,-0.019,0.997,0.780
7.71,-7.474,-0.161,-0.665,-8.128,-0.018,1.003,0.750
7.73,-7.474,-0.161,-0.665,-8.128,-0.018,1.003,0.750
7.75,-7.533,-0.158,-0.676,-8.169,-0.016,1.009,0.731
7.77,-7.533,-0.158,-0.676,-8.169,-0.016,1.009,0.731
7.79,-7.591,-0.154,-0.687,-8.210,-0.014,1.014,0.714
7.81,-7.591,-0.154,-0.687,-8.210,-0.014,1.014,0.714
7.83,-7.649,-0.151,-0.698,-8.251,-0.012,1.020,0.697
7.86,-7.649,-0.151,-0.698,-8.251,-0.012,1.020,0.697
7.88,-7.706,-0.148,-0.709,-8.294,-0.011,1.026,0.682
7.90,-7.706,-0.148,-0.709,-8.294,-0.011,1.026,0.682
7.92,-7.784,-0.143,-0.724,-8.334,-0.009,1.032,0.644
7.94,-7.784,-0.143,-0.724,-8.334,-0.009,1.032,0.644
7.96,-7.840,-0.140,-0.734,-8.376,-0.008,1.038,0.630
7.98,-7.840,-0.140,-0.734,-8.376,-0.008,1.038,0.630
8.00,-7.895,-0.136,-0.744,-8.417,-0.006,1.043,0.616
8.02,-7.895,-0.136,-0.744,-8.417,-0.006,1.043,0.616
8.04,-7.949,-0.133,-0.754,-8.478,-0.004,1.052,0.620
8.06,-7.949,-0.133,-0.754,-8.478,-0.004,1.052,0.620
8.08,-8.004,-0.130,-0.765,-8.520,-0.003,1.057,0.607
8.10,-8.004,-0.130,-0.765,-8.520,-0.003,1.057,0.607
8.12,-8.004,-0.130,-0.765,-8.520,-0.003,1.057,0.607
8.15,-8.079,-0.125,-0.779,-8.562,-0.002,1.063,0.574
8.17,-8.079,-0.125,-0.779,-8.562,-0.002,1.063,0.574
8.19,-8.132,-0.122,-0.789,-8.604,-0.001,1.069,0.562
8.21,-8.132,-0.122,-0.789,-8.604,-0.001,1.069,0.562
8.23,-8.194,-0.118,-0.801,-8.646,-0.000,1.074,0.541
8.25,-8.194,-0.118,-0.801,-8.646,-0.000,1.074,0.541
8.27,-8.246,-0.116,-0.811,-8.688,0.001,1.080,0.530
8.29,-8.246,-0.116,-0.811,-8.688,0.001,1.080,0.530
8.31,-8.298,-0.113,-0.821,-8.730,0.001,1.086,0.520
8.33,-8.298,-0.113,-0.821,-8.730,0.001,1.086,0.520
8.35,-8.348,-0.111,-0.830,-8.772,0.002,1.091,0.510
8.37,-8.348,-0.111,-0.830,-8.772,0.002,1.091,0.510
8.40,-8.398,-0.109,-0.840,-8.814,0.003,1.097,0.502
8.42,-8.398,-0.109,-0.840,-8.814,0.003,1.097,0.502
8.44,-8.467,-0.106,-0.853,-8.856,0.003,1.102,0.475
8.46,-8.467,-0.106,-0.853,-8.856,0.003,1.102,0.475
8.48,-8.516,-0.104,-0.863,-8.899,0.004,1.108,0.467
8.50,-8.516,-0.104,-0.863,-8.899,0.004,1.108,0.467
8.52,-8.564,-0.102,-0.872,-8.941,0.004,1.114,0.461
8.54,-8.564,-0.102,-0.872,-8.941,0.004,1.114,0.461
8.56,-8.612,-0.100,-0.881,-9.004,0.005,1.122,0.472
8.58,-8.612,-0.100,-0.881,-9.004,0.005,1.122,0.472
8.60,-8.659,-0.099,-0.889,-9.046,0.005,1.127,0.465
8.62,-8.659,-0.099,-0.889,-9.046,0.005,1.127,0.465
8.64,-8.659,-0.099,-0.889,-9.046,0.005,1.127,0.465
8.67,-8.724,-0.096,-0.901,-9.088,0.005,1.132,0.443
8.69,-8.724,-0.096,-0.901,-9.088,0.005,1.132,0.443
8.71,-8.770,-0.094,-0.910,-9.130,0.005,1.138,0.437
8.73,-8.770,-0.094,-0.910,-9.130,0.005,1.138,0.437
8.75,-8.824,-0.092,-0.920,-9.171,0.006,1.143,0.424
8.77,-8.824,-0.092,-0.920,-9.171,0.006,1.143,0.424
8.79,-8.869,-0.091,-0.928,-9.213,0.006,1.148,0.419
8.81,-8.869,-0.091,-0.928,-9.213,0.006,1.148,0.419
8.83,-8.914,-0.089,-0.937,-9.254,0.006,1.153,0.414
8.85,-8.914,-0.089,-0.937,-9.254,0.006,1.153,0.414
8.87,-8.958,-0.087,-0.945,-9.295,0.006,1.159,0.410
8.89,-8.958,-0.087,-0.945,-9.295,0.006,1.159,0.410
8.91,-9.001,-0.086,-0.954,-9.336,0.005,1.164,0.406
8.94,-9.001,-0.086,-0.954,-9.336,0.005,1.164,0.406
8.96,-9.061,-0.084,-0.965,-9.376,0.005,1.169,0.386
8.98,-9.061,-0.084,-0.965,-9.376,0.005,1.169,0.386
9.00,-9.103,-0.083,-0.973,-9.417,0.005,1.174,0.382
9.02,-9.103,-0.083,-0.973,-9.417,0.005,1.174,0.382
9.04,-9.145,-0.083,-0.981,-9.457,0.005,1.179,0.380
9.06,-9.145,-0.083,-0.981,-9.457,0.005,1.179,0.380
9.08,-9.187,-0.082,-0.989,-9.524,0.005,1.187,0.400
9.10,-9.187,-0.082,-0.989,-9.524,0.005,1.187,0.400
9.12,-9.187,-0.082,-0.989,-9.524,0.005,1.187,0.400
9.14,-9.245,-0.081,-1.000,-9.563,0.004,1.192,0.381
9.16,-9.245,-0.081,-1.000,-9.563,0.004,1.192,0.381
9.19,-9.286,-0.081,-1.008,-9.603,0.004,1.197,0.379
9.21,-9.286,-0.081,-1.008,-9.603,0.004,1.197,0.379
9.23,-9.327,-0.081,-1.016,-9.643,0.004,1.202,0.377
9.25,-9.327,-0.081,-1.016,-9.643,0.004,1.202,0.377
9.27,-9.375,-0.081,-1.025,-9.683,0.003,1.207,0.367
9.29,-9.375,-0.081,-1.025,-9.683,0.003,1.207,0.367
9.31,-9.415,-0.081,-1.032,-9.723,0.003,1.212,0.367
9.33,-9.415,-0.081,-1.032,-9.723,0.003,1.212,0.367
9.35,-9.454,-0.081,-1.040,-9.763,0.003,1.217,0.365
9.37,-9.454,-0.081,-1.040,-9.763,0.003,1.217,0.365
9.39,-9.494,-0.081,-1.047,-9.803,0.002,1.222,0.365
9.42,-9.494,-0.081,-1.047,-9.803,0.002,1.222,0.365
9.44,-9.533,-0.082,-1.055,-9.845,0.002,1.227,0.366
9.46,-9.533,-0.082,-1.055,-9.845,0.002,1.227,0.366
9.48,-9.587,-0.082,-1.066,-9.885,0.002,1.232,0.351
9.50,-9.587,-0.082,-1.066,-9.885,0.002,1.232,0.351
9.52,-9.626,-0.083,-1.073,-9.928,0.001,1.237,0.354
9.54,-9.626,-0.083,-1.073,-9.928,0.001,1.237,0.354
9.56,-9.664,-0.083,-1.081,-9.992,0.001,1.245,0.376
9.58,-9.664,-0.083,-1.081,-9.992,0.001,1.245,0.376
9.60,-9.702,-0.084,-1.089,-10.035,0.001,1.250,0.380
9.62,-9.702,-0.084,-1.089,-10.035,0.001,1.250,0.380
9.64,-9.702,-0.084,-1.089,-10.035,0.001,1.250,0.380
9.67,-9.754,-0.085,-1.099,-10.078,0.000,1.255,0.369
9.69,-9.754,-0.085,-1.099,-10.078,0.000,1.255,0.369
9.71,-9.792,-0.085,-1.107,-10.122,0.000,1.261,0.374
9.73,-9.792,-0.085,-1.107,-10.122,0.000,1.261,0.374
9.75,-9.837,-0.086,-1.116,-10.166,-0.000,1.266,0.372
9.77,-9.837,-0.086,-1.116,-10.166,-0.000,1.266,0.372
9.79,-9.874,-0.086,-1.124,-10.212,-0.000,1.272,0.378
9.81,-9.874,-0.086,-1.124,-10.212,-0.000,1.272,0.378
9.83,-9.912,-0.087,-1.132,-10.257,-0.001,1.277,0.384
9.85,-9.912,-0.087,-1.132,-10.257,-0.001,1.277,0.384
9.87,-9.950,-0.087,-1.140,-10.302,-0.001,1.283,0.390
9.89,-9.950,-0.087,-1.140,-10.302,-0.001,1.283,0.390
9.92,-9.988,-0.087,-1.148,-10.347,-0.001,1.289,0.396
9.94,-9.988,-0.087,-1.148,-10.347,-0.001,1.289,0.396
9.96,-10.042,-0.088,-1.159,-10.394,-0.001,1.295,0.387
9.98,-10.042,-0.088,-1.159,-10.394,-0.001,1.295,0.387
10.00,-10.081,-0.088,-1.167,-10.440,-0.001,1.301,0.393
10.02,-10.081,-0.088,-1.167,-10.440,-0.001,1.301,0.393
10.04,-10.121,-0.088,-1.175,-10.487,-0.001,1.307,0.399
10.06,-10.121,-0.088,-1.175,-10.487,-0.001,1.307,0.399
10.08,-10.161,-0.089,-1.183,-10.505,-0.002,1.309,0.377
10.10,-10.161,-0.089,-1.183,-10.505,-0.002,1.309,0.377
10.12,-10.161,-0.089,-1.183,-10.505,-0.002,1.309,0.377
10.14,-10.217,-0.089,-1.195,-10.551,-0.002,1.315,0.365
10.17,-10.217,-0.089,-1.195,-10.551,-0.002,1.315,0.365
10.19,-10.258,-0.090,-1.203,-10.597,-0.002,1.321,0.370
10.21,-10.258,-0.090,-1.203,-10.597,-0.002,1.321,0.370
10.23,-10.308,-0.090,-1.212,-10.643,-0.002,1.327,0.364
10.25,-10.308,-0.090,-1.212,-10.643,-0.002,1.327,0.364
10.27,-10.351,-0.090,-1.220,-10.688,-0.002,1.333,0.367
10.29,-10.351,-0.090,-1.220,-10.688,-0.002,1.333,0.367
10.31,-10.393,-0.091,-1.228,-10.732,-0.002,1.339,0.367
10.33,-10.393,-0.091,-1.228,-10.732,-0.002,1.339,0.367
10.35,-10.436,-0.091,-1.235,-10.777,-0.002,1.344,0.369
10.37,-10.436,-0.091,-1.235,-10.777,-0.002,1.344,0.369
10.39,-10.479,-0.091,-1.242,-10.821,-0.002,1.350,0.369
10.41,-10.479,-0.091,-1.242,-10.821,-0.002,1.350,0.369
10.44,-10.540,-0.091,-1.252,-10.864,-0.002,1.356,0.352
10.46,-10.540,-0.091,-1.252,-10.864,-0.002,1.356,0.352
10.48,-10.583,-0.092,-1.259,-10.905,-0.002,1.361,0.349
10.50,-10.583,-0.092,-1.259,-10.905,-0.002,1.361,0.349
10.52,-10.627,-0.092,-1.265,-10.946,-0.002,1.366,0.347
10.54,-10.627,-0.092,-1.265,-10.946,-0.002,1.366,0.347
10.56,-10.670,-0.092,-1.272,-11.006,-0.002,1.374,0.362
10.58,-10.670,-0.092,-1.272,-11.006,-0.002,1.374,0.362
10.60,-10.714,-0.092,-1.279,-11.044,-0.002,1.379,0.357
10.62,-10.714,-0.092,-1.279,-11.044,-0.002,1.379,0.357
10.64,-10.714,-0.092,-1.279,-11.044,-0.002,1.379,0.357
10.67,-10.775,-0.093,-1.288,-11.082,-0.002,1.384,0.334
10.69,-10.775,-0.093,-1.288,-11.082,-0.002,1.384,0.334
10.71,-10.818,-0.093,-1.294,-11.117,-0.002,1.388,0.326
10.73,-10.818,-0.093,-1.294,-11.117,-0.002,1.388,0.326
10.75,-10.869,-0.093,-1.302,-11.151,-0.002,1.393,0.309
10.77,-10.869,-0.093,-1.302,-11.151,-0.002,1.393,0.309
10.79,-10.912,-0.093,-1.309,-11.185,-0.002,1.397,0.301
10.81,-10.912,-0.093,-1.309,-11.185,-0.002,1.397,0.301
10.83,-10.954,-0.093,-1.315,-11.217,-0.002,1.401,0.291
10.85,-10.954,-0.093,-1.315,-11.217,-0.002,1.401,0.291
10.87,-10.996,-0.094,-1.321,-11.248,-0.002,1.405,0.281
10.89,-10.996,-0.094,-1.321,-11.248,-0.002,1.405,0.281
10.92,-11.037,-0.094,-1.327,-11.279,-0.002,1.409,0.272
10.94,-11.037,-0.094,-1.327,-11.279,-0.002,1.409,0.272
10.96,-11.094,-0.093,-1.336,-11.307,-0.002,1.413,0.245
10.98,-11.094,-0.093,-1.336,-11.307,-0.002,1.413,0.245
11.00,-11.133,-0.093,-1.341,-11.335,-0.002,1.416,0.234
11.02,-11.133,-0.093,-1.341,-11.335,-0.002,1.416,0.234
11.04,-11.172,-0.093,-1.347,-11.361,-0.002,1.420,0.222
11.06,-11.172,-0.093,-1.347,-11.361,-0.002,1.420,0.222
11.08,-11.210,-0.093,-1.352,-11.399,-0.002,1.424,0.222
11.10,-11.210,-0.093,-1.352,-11.399,-0.002,1.424,0.222
11.12,-11.247,-0.092,-1.357,-11.423,-0.002,1.427,0.210
11.15,-11.247,-0.092,-1.357,-11.423,-0.002,1.427,0.210
11.17,-11.247,-0.092,-1.357,-11.423,-0.002,1.427,0.210
11.19,-11.297,-0.091,-1.364,-11.447,-0.002,1.430,0.187
11.21,-11.297,-0.091,-1.364,-11.447,-0.002,1.430,0.187
11.23,-11.338,-0.091,-1.370,-11.468,-0.001,1.433,0.170
11.25,-11.338,-0.091,-1.370,-11.468,-0.001,1.433,0.170
11.27,-11.371,-0.090,-1.375,-11.490,-0.001,1.436,0.160
11.29,-11.371,-0.090,-1.375,-11.490,-0.001,1.436,0.160
11.31,-11.402,-0.090,-1.380,-11.510,-0.001,1.438,0.151
11.33,-11.402,-0.090,-1.380,-11.510,-0.001,1.438,0.151
11.35,-11.433,-0.090,-1.384,-11.529,-0.001,1.441,0.143
11.37,-11.433,-0.090,-1.384,-11.529,-0.001,1.441,0.143
11.40,-11.474,-0.090,-1.390,-11.548,-0.001,1.443,0.127
11.42,-11.474,-0.090,-1.390,-11.548,-0.001,1.443,0.127
11.44,-11.501,-0.090,-1.394,-11.566,-0.001,1.445,0.121
11.46,-11.501,-0.090,-1.394,-11.566,-0.001,1.445,0.121
11.48,-11.528,-0.091,-1.398,-11.583,-0.001,1.447,0.116
11.50,-11.528,-0.091,-1.398,-11.583,-0.001,1.447,0.116
11.52,-11.553,-0.091,-1.402,-11.599,-0.001,1.449,0.111
11.54,-11.553,-0.091,-1.402,-11.599,-0.001,1.449,0.111
11.56,-11.577,-0.091,-1.405,-11.615,-0.001,1.451,0.108
11.58,-11.577,-0.091,-1.405,-11.615,-0.001,1.451,0.108
11.61,-11.600,-0.092,-1.409,-11.638,-0.001,1.454,0.109
11.63,-11.600,-0.092,-1.409,-11.638,-0.001,1.454,0.109
11.65,-11.600,-0.092,-1.409,-11.638,-0.001,1.454,0.109
11.67,-11.631,-0.093,-1.413,-11.654,-0.001,1.456,0.104
11.69,-11.631,-0.093,-1.413,-11.654,-0.001,1.456,0.104
11.71,-11.655,-0.094,-1.417,-11.668,-0.001,1.458,0.103
11.73,-11.655,-0.094,-1.417,-11.668,-0.001,1.458,0.103
11.75,-11.674,-0.095,-1.419,-11.683,-0.001,1.459,0.103
11.77,-11.674,-0.095,-1.419,-11.683,-0.001,1.459,0.103
11.79,-11.692,-0.096,-1.422,-11.697,-0.001,1.461,0.103
11.81,-11.692,-0.096,-1.422,-11.697,-0.001,1.461,0.103
11.83,-11.709,-0.097,-1.424,-11.711,-0.001,1.463,0.104
11.85,-11.709,-0.097,-1.424,-11.711,-0.001,1.463,0.104
11.88,-11.724,-0.098,-1.426,-11.725,-0.001,1.465,0.104
11.90,-11.724,-0.098,-1.426,-11.725,-0.001,1.465,0.104
11.92,-11.745,-0.099,-1.429,-11.738,-0.001,1.466,0.105
11.94,-11.745,-0.099,-1.429,-11.738,-0.001,1.466,0.105
11.96,-11.759,-0.100,-1.431,-11.752,-0.001,1.468,0.106
11.98,-11.759,-0.100,-1.431,-11.752,-0.001,1.468,0.106
12.00,-11.772,-0.101,-1.433,-11.765,-0.001,1.470,0.107
12.02,-11.772,-0.101,-1.433,-11.765,-0.001,1.470,0.107
12.04,-11.785,-0.102,-1.435,-11.779,-0.001,1.471,0.107
12.06,-11.785,-0.102,-1.435,-11.779,-0.001,1.471,0.107
12.08,-11.796,-0.102,-1.437,-11.799,-0.000,1.474,0.108
12.10,-11.796,-0.102,-1.437,-11.799,-0.000,1.474,0.108
12.13,-11.807,-0.103,-1.439,-11.812,-0.000,1.475,0.109
12.15,-11.807,-0.103,-1.439,-11.812,-0.000,1.475,0.109
12.17,-11.807,-0.103,-1.439,-11.812,-0.000,1.475,0.109
12.19,-11.824,-0.103,-1.442,-11.825,-0.000,1.477,0.108
12.21,-11.824,-0.103,-1.442,-11.825,-0.000,1.477,0.108
12.23,-11.833,-0.103,-1.444,-11.838,-0.000,1.479,0.108
12.25,-11.833,-0.103,-1.444,-11.838,-0.000,1.479,0.108
12.27,-11.843,-0.102,-1.446,-11.851,-0.000,1.480,0.108
12.29,-11.843,-0.102,-1.446,-11.851,-0.000,1.480,0.108
12.31,-11.851,-0.102,-1.448,-11.865,-0.000,1.482,0.108
12.33,-11.851,-0.102,-1.448,-11.865,-0.000,1.482,0.108
12.35,-11.860,-0.101,-1.451,-11.878,-0.000,1.484,0.108
12.37,-11.860,-0.101,-1.451,-11.878,-0.000,1.484,0.108
12.40,-11.868,-0.101,-1.453,-11.891,-0.000,1.486,0.108
12.42,-11.868,-0.101,-1.453,-11.891,-0.000,1.486,0.108
12.44,-11.879,-0.100,-1.456,-11.904,-0.000,1.487,0.107
12.46,-11.879,-0.100,-1.456,-11.904,-0.000,1.487,0.107
12.48,-11.886,-0.099,-1.459,-11.916,-0.000,1.489,0.107
12.50,-11.886,-0.099,-1.459,-11.916,-0.000,1.489,0.107
12.52,-11.893,-0.098,-1.462,-11.916,-0.000,1.489,0.104
12.54,-11.893,-0.098,-1.462,-11.916,-0.000,1.489,0.104
12.56,-11.900,-0.097,-1.464,-11.916,-0.000,1.489,0.101
12.58,-11.900,-0.097,-1.464,-11.916,-0.000,1.489,0.101
12.60,-11.907,-0.096,-1.467,-11.916,-0.000,1.489,0.099
12.62,-11.907,-0.096,-1.467,-11.916,-0.000,1.489,0.099
12.64,-11.907,-0.096,-1.467,-11.916,-0.000,1.489,0.099
12.66,-11.916,-0.094,-1.471,-11.916,-0.000,1.489,0.096
12.69,-11.916,-0.094,-1.471,-11.916,-0.000,1.489,0.096
12.71,-11.923,-0.093,-1.473,-11.916,-0.000,1.489,0.095
12.73,-11.923,-0.093,-1.473,-11.916,-0.000,1.489,0.095
12.75,-11.930,-0.092,-1.476,-11.916,-0.000,1.489,0.094
12.77,-11.930,-0.092,-1.476,-11.916,-0.000,1.489,0.094
12.79,-11.936,-0.091,-1.477,-11.916,-0.000,1.489,0.094
12.81,-11.936,-0.091,-1.477,-11.916,-0.000,1.489,0.094
12.83,-11.941,-0.090,-1.479,-11.916,-0.000,1.489,0.094
12.85,-11.941,-0.090,-1.479,-11.916,-0.000,1.489,0.094
12.87,-11.945,-0.090,-1.480,-11.916,-0.000,1.489,0.094
12.89,-11.945,-0.090,-1.480,-11.916,-0.000,1.489,0.094
12.92,-11.948,-0.089,-1.480,-11.916,-0.000,1.489,0.095
12.94,-11.948,-0.089,-1.480,-11.916,-0.000,1.489,0.095
12.96,-11.951,-0.088,-1.481,-11.916,-0.000,1.489,0.095
12.98,-11.951,-0.088,-1.481,-11.916,-0.000,1.489,0.095
13.00,-11.951,-0.088,-1.482,-11.916,-0.000,1.489,0.095
13.02,-11.951,-0.088,-1.482,-11.916,-0.000,1.489,0.095
13.04,-11.952,-0.087,-1.482,-11.916,-0.000,1.489,0.094
13.06,-11.952,-0.087,-1.482,-11.916,-0.000,1.489,0.094
13.08,-11.951,-0.086,-1.482,-11.916,-0.000,1.489,0.093
13.10,-11.951,-0.086,-1.482,-11.916,-0.000,1.489,0.093
13.12,-11.950,-0.085,-1.482,-11.916,-0.000,1.489,0.092
13.14,-11.950,-0.085,-1.482,-11.916,-0.000,1.489,0.092
13.16,-11.950,-0.085,-1.482,-11.916,-0.000,1.489,0.092
13.19,-11.948,-0.084,-1.482,-11.916,-0.000,1.489,0.090
13.21,-11.948,-0.084,-1.482,-11.916,-0.000,1.489,0.090
13.23,-11.945,-0.083,-1.482,-11.916,-0.000,1.489,0.088
13.25,-11.945,-0.083,-1.482,-11.916,-0.000,1.489,0.088
13.27,-11.942,-0.082,-1.482,-11.916,-0.000,1.489,0.086
13.29,-11.942,-0.082,-1.482,-11.916,-0.000,1.489,0.086
13.31,-11.939,-0.081,-1.482,-11.916,-0.000,1.489,0.084
13.33,-11.939,-0.081,-1.482,-11.916,-0.000,1.489,0.084
13.35,-11.935,-0.080,-1.481,-11.916,-0.000,1.489,0.082
13.37,-11.935,-0.080,-1.481,-11.916,-0.000,1.489,0.082
13.39,-11.931,-0.078,-1.481,-11.916,-0.000,1.489,0.080
13.41,-11.931,-0.078,-1.481,-11.916,-0.000,1.489,0.080
13.44,-11.925,-0.077,-1.480,-11.916,-0.000,1.489,0.078
13.46,-11.925,-0.077,-1.480,-11.916,-0.000,1.489,0.078
13.48,-11.920,-0.075,-1.479,-11.916,-0.000,1.489,0.076
13.50,-11.920,-0.075,-1.479,-11.916,-0.000,1.489,0.076
13.52,-11.916,-0.074,-1.479,-11.916,-0.000,1.489,0.075
13.54,-11.916,-0.074,-1.479,-11.916,-0.000,1.489,0.075
13.56,-11.911,-0.073,-1.478,-11.916,-0.000,1.489,0.074
13.58,-11.911,-0.073,-1.478,-11.916,-0.000,1.489,0.074
13.60,-11.906,-0.072,-1.477,-11.916,-0.000,1.489,0.074
13.62,-11.906,-0.072,-1.477,-11.916,-0.000,1.489,0.074
13.64,-11.901,-0.071,-1.476,-11.916,-0.000,1.489,0.074
13.67,-11.901,-0.071,-1.476,-11.916,-0.000,1.489,0.074
13.69,-11.901,-0.071,-1.476,-11.916,-0.000,1.489,0.074
13.71,-11.893,-0.070,-1.475,-11.916,-0.000,1.489,0.075
13.73,-11.893,-0.070,-1.475,-11.916,-0.000,1.489,0.075
13.75,-11.887,-0.069,-1.474,-11.916,-0.000,1.489,0.076
13.77,-11.887,-0.069,-1.474,-11.916,-0.000,1.489,0.076
13.79,-11.882,-0.068,-1.474,-11.916,-0.000,1.489,0.077
13.81,-11.882,-0.068,-1.474,-11.916,-0.000,1.489,0.077
13.83,-11.876,-0.067,-1.473,-11.916,-0.000,1.489,0.079
13.85,-11.876,-0.067,-1.473,-11.916,-0.000,1.489,0.079
13.87,-11.871,-0.066,-1.472,-11.916,-0.000,1.489,0.082
13.89,-11.871,-0.066,-1.472,-11.916,-0.000,1.489,0.082
13.91,-11.866,-0.066,-1.471,-11.916,-0.000,1.489,0.084
13.94,-11.866,-0.066,-1.471,-11.916,-0.000,1.489,0.084
13.96,-11.858,-0.065,-1.470,-11.916,-0.000,1.489,0.089
13.98,-11.858,-0.065,-1.470,-11.916,-0.000,1.489,0.089
14.00,-11.853,-0.065,-1.469,-11.916,-0.000,1.489,0.092
14.02,-11.853,-0.065,-1.469,-11.916,-0.000,1.489,0.092
14.04,-11.848,-0.064,-1.469,-11.916,-0.000,1.489,0.095
14.06,-11.848,-0.064,-1.469,-11.916,-0.000,1.489,0.095
14.08,-11.843,-0.064,-1.468,-11.916,-0.000,1.489,0.099
14.10,-11.843,-0.064,-1.468,-11.916,-0.000,1.489,0.099
14.12,-11.839,-0.063,-1.468,-11.916,-0.000,1.489,0.102
14.14,-11.839,-0.063,-1.468,-11.916,-0.000,1.489,0.102
14.16,-11.839,-0.063,-1.468,-11.916,-0.000,1.489,0.102
14.19,-11.832,-0.063,-1.467,-11.916,-0.000,1.489,0.107
14.21,-11.832,-0.063,-1.467,-11.916,-0.000,1.489,0.107
14.23,-11.828,-0.062,-1.467,-11.916,-0.000,1.489,0.110
14.25,-11.828,-0.062,-1.467,-11.916,-0.000,1.489,0.110
14.27,-11.823,-0.062,-1.466,-11.916,-0.000,1.489,0.114
14.29,-11.823,-0.062,-1.466,-11.916,-0.000,1.489,0.114
14.31,-11.819,-0.061,-1.466,-11.916,-0.000,1.489,0.117
14.33,-11.819,-0.061,-1.466,-11.916,-0.000,1.489,0.117
14.35,-11.815,-0.061,-1.466,-11.916,-0.000,1.489,0.120
14.37,-11.815,-0.061,-1.466,-11.916,-0.000,1.489,0.120
14.39,-11.811,-0.061,-1.466,-11.916,-0.000,1.489,0.123
14.41,-11.811,-0.061,-1.466,-11.916,-0.000,1.489,0.123
14.44,-11.806,-0.061,-1.466,-11.916,-0.000,1.489,0.128
14.46,-11.806,-0.061,-1.466,-11.916,-0.000,1.489,0.128
14.48,-11.803,-0.061,-1.466,-11.916,-0.000,1.489,0.130
14.50,-11.803,-0.061,-1.466,-11.916,-0.000,1.489,0.130
14.52,-11.800,-0.060,-1.466,-11.916,-0.000,1.489,0.133
14.54,-11.800,-0.060,-1.466,-11.916,-0.000,1.489,0.133
14.56,-11.796,-0.060,-1.466,-11.916,-0.000,1.489,0.136
14.58,-11.796,-0.060,-1.466,-11.916,-0.000,1.489,0.136
14.60,-11.793,-0.060,-1.467,-11.916,-0.000,1.489,0.138
14.62,-11.793,-0.060,-1.467,-11.916,-0.000,1.489,0.138
14.65,-11.791,-0.060,-1.467,-11.916,-0.000,1.489,0.141
14.67,-11.791,-0.060,-1.467,-11.916,-0.000,1.489,0.141
14.69,-11.791,-0.060,-1.467,-11.916,-0.000,1.489,0.141
14.71,-11.787,-0.060,-1.468,-11.916,-0.000,1.489,0.144
14.73,-11.787,-0.060,-1.468,-11.916,-0.000,1.489,0.144
14.75,-11.785,-0.060,-1.468,-11.916,-0.000,1.489,0.146
14.77,-11.785,-0.060,-1.468,-11.916,-0.000,1.489,0.146
14.79,-11.783,-0.060,-1.469,-11.916,-0.000,1.489,0.148
14.81,-11.783,-0.060,-1.469,-11.916,-0.000,1.489,0.148
14.83,-11.781,-0.060,-1.469,-11.916,-0.000,1.489,0.149
14.85,-11.781,-0.060,-1.469,-11.916,-0.000,1.489,0.149
14.87,-11.780,-0.060,-1.470,-11.916,-0.000,1.489,0.150
14.89,-11.780,-0.060,-1.470,-11.916,-0.000,1.489,0.150
14.91,-11.779,-0.060,-1.470,-11.916,-0.000,1.489,0.151
14.94,-11.779,-0.060,-1.470,-11.916,-0.000,1.489,0.151
14.96,-11.778,-0.060,-1.470,-11.916,-0.000,1.489,0.152
14.98,-11.778,-0.060,-1.470,-11.916,-0.000,1.489,0.152
15.00,-11.778,-0.060,-1.471,-11.916,-0.000,1.489,0.152
15.02,-11.778,-0.060,-1.471,-11.916,-0.000,1.489,0.152
15.04,-11.777,-0.061,-1.471,-11.916,-0.000,1.489,0.152
15.06,-11.777,-0.061,-1.471,-11.916,-0.000,1.489,0.152
15.08,-11.777,-0.061,-1.472,-11.916,-0.000,1.489,0.153
15.10,-11.777,-0.061,-1.472,-11.916,-0.000,1.489,0.153
15.12,-11.777,-0.061,-1.472,-11.916,-0.000,1.489,0.153
15.14,-11.777,-0.061,-1.472,-11.916,-0.000,1.489,0.153
15.17,-11.777,-0.061,-1.472,-11.916,-0.000,1.489,0.153
15.19,-11.777,-0.062,-1.473,-11.916,-0.000,1.489,0.153
15.21,-11.777,-0.062,-1.473,-11.916,-0.000,1.489,0.153
15.23,-11.777,-0.062,-1.473,-11.916,-0.000,1.489,0.153
15.25,-11.777,-0.062,-1.473,-11.916,-0.000,1.489,0.153
15.27,-11.777,-0.063,-1.474,-11.916,-0.000,1.489,0.153
15.29,-11.777,-0.063,-1.474,-11.916,-0.000,1.489,0.153
15.31,-11.777,-0.064,-1.474,-11.916,-0.000,1.489,0.153
15.33,-11.777,-0.064,-1.474,-11.916,-0.000,1.489,0.153
15.35,-11.777,-0.064,-1.475,-11.916,-0.000,1.489,0.154
15.37,-11.777,-0.064,-1.475,-11.916,-0.000,1.489,0.154
15.39,-11.777,-0.065,-1.475,-11.916,-0.000,1.489,0.154
15.41,-11.777,-0.065,-1.475,-11.916,-0.000,1.489,0.154
15.44,-11.777,-0.066,-1.476,-11.916,-0.000,1.489,0.154
15.46,-11.777,-0.066,-1.476,-11.916,-0.000,1.489,0.154
15.48,-11.777,-0.067,-1.477,-11.916,-0.000,1.489,0.154
15.50,-11.777,-0.067,-1.477,-11.916,-0.000,1.489,0.154
15.52,-11.777,-0.068,-1.478,-11.916,-0.000,1.489,0.155
15.54,-11.777,-0.068,-1.478,-11.916,-0.000,1.489,0.155
15.56,-11.777,-0.069,-1.479,-11.916,-0.000,1.489,0.155
15.58,-11.777,-0.069,-1.479,-11.916,-0.000,1.489,0.155
15.60,-11.777,-0.069,-1.480,-11.916,-0.000,1.489,0.156
15.62,-11.777,-0.069,-1.480,-11.916,-0.000,1.489,0.156
15.64,-11.776,-0.070,-1.480,-11.916,-0.000,1.489,0.156
15.67,-11.776,-0.070,-1.480,-11.916,-0.000,1.489,0.156
15.69,-11.776,-0.070,-1.480,-11.916,-0.000,1.489,0.156
15.71,-11.776,-0.070,-1.481,-11.916,-0.000,1.489,0.157
15.73,-11.776,-0.070,-1.481,-11.916,-0.000,1.489,0.157
15.75,-11.775,-0.071,-1.482,-11.916,-0.000,1.489,0.158
15.77,-11.775,-0.071,-1.482,-11.916,-0.000,1.489,0.158
15.79,-11.774,-0.071,-1.482,-11.916,-0.000,1.489,0.159
15.81,-11.774,-0.071,-1.482,-11.916,-0.000,1.489,0.159
15.83,-11.774,-0.071,-1.483,-11.916,-0.000,1.489,0.159
15.85,-11.774,-0.071,-1.483,-11.916,-0.000,1.489,0.159
15.87,-11.774,-0.072,-1.484,-11.916,-0.000,1.489,0.159
15.89,-11.774,-0.072,-1.484,-11.916,-0.000,1.489,0.159
15.92,-11.773,-0.072,-1.484,-11.916,-0.000,1.489,0.160
15.94,-11.773,-0.072,-1.484,-11.916,-0.000,1.489,0.160
15.96,-11.773,-0.072,-1.485,-11.916,-0.000,1.489,0.160
15.98,-11.773,-0.072,-1.485,-11.916,-0.000,1.489,0.160
16.00,-11.773,-0.072,-1.486,-11.916,-0.000,1.489,0.160
16.02,-11.773,-0.072,-1.486,-11.916,-0.000,1.489,0.160
16.04,-11.773,-0.072,-1.487,-11.916,-0.000,1.489,0.160
16.06,-11.773,-0.072,-1.487,-11.916,-0.000,1.489,0.160
16.08,-11.773,-0.071,-1.488,-11.916,-0.000,1.489,0.160
16.10,-11.773,-0.071,-1.488,-11.916,-0.000,1.489,0.160
16.12,-11.773,-0.070,-1.488,-11.916,-0.000,1.489,0.159
16.14,-11.773,-0.070,-1.488,-11.916,-0.000,1.489,0.159
16.17,-11.773,-0.070,-1.489,-11.916,-0.000,1.489,0.159
16.19,-11.773,-0.070,-1.489,-11.916,-0.000,1.489,0.159
16.21,-11.773,-0.070,-1.489,-11.916,-0.000,1.489,0.159
16.23,-11.773,-0.069,-1.490,-11.916,-0.000,1.489,0.158
16.25,-11.773,-0.069,-1.490,-11.916,-0.000,1.489,0.158
16.27,-11.774,-0.068,-1.491,-11.916,-0.000,1.489,0.158
16.29,-11.774,-0.068,-1.491,-11.916,-0.000,1.489,0.158
16.31,-11.773,-0.068,-1.491,-11.916,-0.000,1.489,0.158
16.33,-11.773,-0.068,-1.491,-11.916,-0.000,1.489,0.158
16.35,-11.773,-0.067,-1.491,-11.916,-0.000,1.489,0.158
16.37,-11.773,-0.067,-1.491,-11.916,-0.000,1.489,0.158
16.39,-11.773,-0.067,-1.492,-11.916,-0.000,1.489,0.158
16.41,-11.773,-0.067,-1.492,-11.916,-0.000,1.489,0.158
16.44,-11.773,-0.066,-1.492,-11.916,-0.000,1.489,0.158
16.46,-11.773,-0.066,-1.492,-11.916,-0.000,1.489,0.158
16.48,-11.772,-0.066,-1.492,-11.916,-0.000,1.489,0.158
16.50,-11.772,-0.066,-1.492,-11.916,-0.000,1.489,0.158
16.52,-11.772,-0.066,-1.492,-11.916,-0.000,1.489,0.159
16.54,-11.772,-0.066,-1.492,-11.916,-0.000,1.489,0.159
16.56,-11.771,-0.066,-1.492,-11.916,-0.000,1.489,0.159
16.58,-11.771,-0.066,-1.492,-11.916,-0.000,1.489,0.159
16.60,-11.771,-0.066,-1.493,-11.916,-0.000,1.489,0.160
16.62,-11.771,-0.066,-1.493,-11.916,-0.000,1.489,0.160
16.64,-11.770,-0.066,-1.493,-11.916,-0.000,1.489,0.160
16.66,-11.770,-0.066,-1.493,-11.916,-0.000,1.489,0.160
16.68,-11.770,-0.066,-1.493,-11.916,-0.000,1.489,0.160
16.71,-11.770,-0.066,-1.493,-11.916,-0.000,1.489,0.160
16.73,-11.770,-0.066,-1.493,-11.916,-0.000,1.489,0.160
16.75,-11.770,-0.066,-1.493,-11.916,-0.000,1.489,0.160
16.77,-11.770,-0.066,-1.493,-11.916,-0.000,1.489,0.160
16.79,-11.770,-0.066,-1.493,-11.916,-0.000,1.489,0.160
16.81,-11.770,-0.066,-1.493,-11.916,-0.000,1.489,0.160
16.83,-11.771,-0.066,-1.493,-11.916,-0.000,1.489,0.160
16.85,-11.771,-0.066,-1.493,-11.916,-0.000,1.489,0.160
16.87,-11.771,-0.065,-1.492,-11.916,-0.000,1.489,0.159
16.89,-11.771,-0.065,-1.492,-11.916,-0.000,1.489,0.159
16.91,-11.771,-0.065,-1.492,-11.916,-0.000,1.489,0.159
16.93,-11.771,-0.065,-1.492,-11.916,-0.000,1.489,0.159
16.96,-11.771,-0.064,-1.491,-11.916,-0.000,1.489,0.159
16.98,-11.771,-0.064,-1.491,-11.916,-0.000,1.489,0.159
17.00,-11.771,-0.063,-1.491,-11.916,-0.000,1.489,0.158
17.02,-11.771,-0.063,-1.491,-11.916,-0.000,1.489,0.158
17.04,-11.771,-0.062,-1.490,-11.916,-0.000,1.489,0.157
17.06,-11.771,-0.062,-1.490,-11.916,-0.000,1.489,0.157
17.08,-11.771,-0.060,-1.490,-11.916,-0.000,1.489,0.157
17.10,-11.771,-0.060,-1.490,-11.916,-0.000,1.489,0.157
17.12,-11.772,-0.058,-1.489,-11.916,-0.000,1.489,0.156
17.14,-11.772,-0.058,-1.489,-11.916,-0.000,1.489,0.156
17.16,-11.772,-0.056,-1.489,-11.916,-0.000,1.489,0.155
17.18,-11.772,-0.056,-1.489,-11.916,-0.000,1.489,0.155
17.20,-11.772,-0.056,-1.489,-11.916,-0.000,1.489,0.155
17.23,-11.772,-0.054,-1.488,-11.916,-0.000,1.489,0.153
17.25,-11.772,-0.054,-1.488,-11.916,-0.000,1.489,0.153
17.27,-11.773,-0.051,-1.488,-11.916,-0.000,1.489,0.152
17.29,-11.773,-0.051,-1.488,-11.916,-0.000,1.489,0.152
17.31,-11.773,-0.049,-1.488,-11.916,-0.000,1.489,0.151
17.33,-11.773,-0.049,-1.488,-11.916,-0.000,1.489,0.151
17.35,-11.774,-0.047,-1.487,-11.916,-0.000,1.489,0.150
17.37,-11.774,-0.047,-1.487,-11.916,-0.000,1.489,0.150
17.39,-11.774,-0.044,-1.487,-11.916,-0.000,1.489,0.149
17.41,-11.774,-0.044,-1.487,-11.916,-0.000,1.489,0.149
17.43,-11.775,-0.042,-1.487,-11.916,-0.000,1.489,0.147
17.45,-11.775,-0.042,-1.487,-11.916,-0.000,1.489,0.147
17.48,-11.776,-0.040,-1.487,-11.916,-0.000,1.489,0.146
17.50,-11.776,-0.040,-1.487,-11.916,-0.000,1.489,0.146
17.52,-11.777,-0.037,-1.486,-11.916,-0.000,1.489,0.144
17.54,-11.777,-0.037,-1.486,-11.916,-0.000,1.489,0.144
17.56,-11.778,-0.036,-1.486,-11.916,-0.000,1.489,0.143
17.58,-11.778,-0.036,-1.486,-11.916,-0.000,1.489,0.143
17.60,-11.779,-0.034,-1.486,-11.916,-0.000,1.489,0.142
17.62,-11.779,-0.034,-1.486,-11.916,-0.000,1.489,0.142
17.64,-11.780,-0.033,-1.486,-11.916,-0.000,1.489,0.140
17.66,-11.780,-0.033,-1.486,-11.916,-0.000,1.489,0.140
17.68,-11.780,-0.033,-1.486,-11.916,-0.000,1.489,0.140
17.70,-11.782,-0.031,-1.486,-11.916,-0.000,1.489,0.138
17.73,-11.782,-0.031,-1.486,-11.916,-0.000,1.489,0.138
17.75,-11.783,-0.030,-1.486,-11.916,-0.000,1.489,0.137
17.77,-11.783,-0.030,-1.486,-11.916,-0.000,1.489,0.137
17.79,-11.784,-0.029,-1.486,-11.916,-0.000,1.489,0.135
17.81,-11.784,-0.029,-1.486,-11.916,-0.000,1.489,0.135
17.83,-11.786,-0.028,-1.486,-11.916,-0.000,1.489,0.133
17.85,-11.786,-0.028,-1.486,-11.916,-0.000,1.489,0.133
17.87,-11.787,-0.027,-1.485,-11.916,-0.000,1.489,0.131
17.89,-11.787,-0.027,-1.485,-11.916,-0.000,1.489,0.131
17.91,-11.789,-0.026,-1.485,-11.916,-0.000,1.489,0.130
17.93,-11.789,-0.026,-1.485,-11.916,-0.000,1.489,0.130
17.95,-11.790,-0.025,-1.484,-11.916,-0.000,1.489,0.128
17.97,-11.790,-0.025,-1.484,-11.916,-0.000,1.489,0.128
18.00,-11.792,-0.024,-1.484,-11.916,-0.000,1.489,0.127
18.02,-11.792,-0.024,-1.484,-11.916,-0.000,1.489,0.127
18.04,-11.793,-0.023,-1.483,-11.916,-0.000,1.489,0.126
18.06,-11.793,-0.023,-1.483,-11.916,-0.000,1.489,0.126
18.08,-11.793,-0.022,-1.483,-11.916,-0.000,1.489,0.125
18.10,-11.793,-0.022,-1.483,-11.916,-0.000,1.489,0.125
18.12,-11.794,-0.022,-1.482,-11.916,-0.000,1.489,0.124
18.14,-11.794,-0.022,-1.482,-11.916,-0.000,1.489,0.124
18.16,-11.794,-0.021,-1.482,-11.916,-0.000,1.489,0.124
18.18,-11.794,-0.021,-1.482,-11.916,-0.000,1.489,0.124
18.20,-11.794,-0.021,-1.482,-11.916,-0.000,1.489,0.124
18.22,-11.795,-0.020,-1.481,-11.916,-0.000,1.489,0.123
18.24,-11.795,-0.020,-1.481,-11.916,-0.000,1.489,0.123
18.27,-11.796,-0.020,-1.481,-11.916,-0.000,1.489,0.122
18.29,-11.796,-0.020,-1.481,-11.916,-0.000,1.489,0.122
18.31,-11.796,-0.019,-1.482,-11.916,-0.000,1.489,0.122
18.33,-11.796,-0.019,-1.482,-11.916,-0.000,1.489,0.122
18.35,-11.796,-0.019,-1.482,-11.916,-0.000,1.489,0.121
18.37,-11.796,-0.019,-1.482,-11.916,-0.000,1.489,0.121
18.39,-11.797,-0.019,-1.482,-11.916,-0.000,1.489,0.121
18.41,-11.797,-0.019,-1.482,-11.916,-0.000,1.489,0.121
18.43,-11.797,-0.019,-1.483,-11.916,-0.000,1.489,0.120
18.45,-11.797,-0.019,-1.483,-11.916,-0.000,1.489,0.120
18.47,-11.798,-0.019,-1.483,-11.916,-0.000,1.489,0.120
18.49,-11.798,-0.019,-1.483,-11.916,-0.000,1.489,0.120
18.52,-11.798,-0.019,-1.484,-11.916,-0.000,1.489,0.119
18.54,-11.798,-0.019,-1.484,-11.916,-0.000,1.489,0.119
18.56,-11.799,-0.020,-1.484,-11.916,-0.000,1.489,0.119
18.58,-11.799,-0.020,-1.484,-11.916,-0.000,1.489,0.119
18.60,-11.799,-0.020,-1.485,-11.916,-0.000,1.489,0.119
18.62,-11.799,-0.020,-1.485,-11.916,-0.000,1.489,0.119
18.64,-11.800,-0.020,-1.485,-11.916,-0.000,1.489,0.118
18.66,-11.800,-0.020,-1.485,-11.916,-0.000,1.489,0.118
18.68,-11.800,-0.021,-1.485,-11.916,-0.000,1.489,0.118
18.70,-11.800,-0.021,-1.485,-11.916,-0.000,1.489,0.118
18.72,-11.800,-0.021,-1.485,-11.916,-0.000,1.489,0.118
18.74,-11.801,-0.021,-1.486,-11.916,-0.000,1.489,0.117
18.77,-11.801,-0.021,-1.486,-11.916,-0.000,1.489,0.117
18.79,-11.801,-0.022,-1.487,-11.916,-0.000,1.489,0.117
18.81,-11.801,-0.022,-1.487,-11.916,-0.000,1.489,0.117
18.83,-11.802,-0.022,-1.487,-11.916,-0.000,1.489,0.116
18.85,-11.802,-0.022,-1.487,-11.916,-0.000,1.489,0.116
18.87,-11.803,-0.022,-1.487,-11.916,-0.000,1.489,0.115
18.89,-11.803,-0.022,-1.487,-11.916,-0.000,1.489,0.115
18.91,-11.804,-0.023,-1.487,-11.916,-0.000,1.489,0.114
18.93,-11.804,-0.023,-1.487,-11.916,-0.000,1.489,0.114
18.95,-11.805,-0.023,-1.487,-11.916,-0.000,1.489,0.113
18.98,-11.805,-0.023,-1.487,-11.916,-0.000,1.489,0.113
19.00,-11.807,-0.023,-1.487,-11.916,-0.000,1.489,0.111
19.02,-11.807,-0.023,-1.487,-11.916,-0.000,1.489,0.111
19.04,-11.809,-0.023,-1.487,-11.916,-0.000,1.489,0.110
19.06,-11.809,-0.023,-1.487,-11.916,-0.000,1.489,0.110
19.08,-11.810,-0.024,-1.487,-11.916,-0.000,1.489,0.108
19.10,-11.810,-0.024,-1.487,-11.916,-0.000,1.489,0.108
19.12,-11.812,-0.024,-1.487,-11.916,-0.000,1.489,0.106
19.14,-11.812,-0.024,-1.487,-11.916,-0.000,1.489,0.106
19.16,-11.815,-0.024,-1.487,-11.916,-0.000,1.489,0.104
19.18,-11.815,-0.024,-1.487,-11.916,-0.000,1.489,0.104
19.20,-11.815,-0.024,-1.487,-11.916,-0.000,1.489,0.104
19.22,-11.818,-0.024,-1.488,-11.916,-0.000,1.489,0.101
19.24,-11.818,-0.024,-1.488,-11.916,-0.000,1.489,0.101
19.27,-11.820,-0.024,-1.488,-11.916,-0.000,1.489,0.099
19.29,-11.820,-0.024,-1.488,-11.916,-0.000,1.489,0.099
19.31,-11.822,-0.024,-1.488,-11.916,-0.000,1.489,0.097
19.33,-11.822,-0.024,-1.488,-11.916,-0.000,1.489,0.097
19.35,-11.825,-0.024,-1.488,-11.916,-0.000,1.489,0.094
19.37,-11.825,-0.024,-1.488,-11.916,-0.000,1.489,0.094
19.39,-11.828,-0.024,-1.488,-11.916,-0.000,1.489,0.091
19.41,-11.828,-0.024,-1.488,-11.916,-0.000,1.489,0.091
19.43,-11.830,-0.023,-1.488,-11.916,-0.000,1.489,0.089
19.45,-11.830,-0.023,-1.488,-11.916,-0.000,1.489,0.089
19.47,-11.832,-0.023,-1.488,-11.916,-0.000,1.489,0.087
19.49,-11.832,-0.023,-1.488,-11.916,-0.000,1.489,0.087
19.52,-11.835,-0.022,-1.488,-11.916,-0.000,1.489,0.084
19.54,-11.835,-0.022,-1.488,-11.916,-0.000,1.489,0.084
19.56,-11.837,-0.022,-1.488,-11.916,-0.000,1.489,0.082
19.58,-11.837,-0.022,-1.488,-11.916,-0.000,1.489,0.082
19.60,-11.839,-0.021,-1.488,-11.916,-0.000,1.489,0.080
19.62,-11.839,-0.021,-1.488,-11.916,-0.000,1.489,0.080
19.64,-11.841,-0.020,-1.488,-11.916,-0.000,1.489,0.078
19.66,-11.841,-0.020,-1.488,-11.916,-0.000,1.489,0.078
19.68,-11.842,-0.020,-1.489,-11.916,-0.000,1.489,0.076
19.70,-11.842,-0.020,-1.489,-11.916,-0.000,1.489,0.076
19.72,-11.842,-0.020,-1.489,-11.916,-0.000,1.489,0.076
19.75,-11.845,-0.018,-1.489,-11.916,-0.000,1.489,0.074
19.77,-11.845,-0.018,-1.489,-11.916,-0.000,1.489,0.074
19.79,-11.846,-0.018,-1.490,-11.916,-0.000,1.489,0.072
19.81,-11.846,-0.018,-1.490,-11.916,-0.000,1.489,0.072
19.83,-11.848,-0.017,-1.490,-11.916,-0.000,1.489,0.070
19.85,-11.848,-0.017,-1.490,-11.916,-0.000,1.489,0.070
19.87,-11.850,-0.016,-1.491,-11.916,-0.000,1.489,0.068
19.89,-11.850,-0.016,-1.491,-11.916,-0.000,1.489,0.068
19.91,-11.852,-0.015,-1.491,-11.916,-0.000,1.489,0.066
19.93,-11.852,-0.015,-1.491,-11.916,-0.000,1.489,0.066
19.95,-11.853,-0.014,-1.492,-11.916,-0.000,1.489,0.064
19.97,-11.853,-0.014,-1.492,-11.916,-0.000,1.489,0.064
20.00,-11.855,-0.014,-1.492,-11.916,-0.000,1.489,0.063
20.02,-11.855,-0.014,-1.492,-11.916,-0.000,1.489,0.063
20.04,-11.857,-0.012,-1.493,-11.916,-0.000,1.489,0.060
20.06,-11.857,-0.012,-1.493,-11.916,-0.000,1.489,0.060
20.08,-11.859,-0.011,-1.494,-11.916,-0.000,1.489,0.059
20.10,-11.859,-0.011,-1.494,-11.916,-0.000,1.489,0.059
20.12,-11.860,-0.010,-1.494,-11.916,-0.000,1.489,0.057
20.14,-11.860,-0.010,-1.494,-11.916,-0.000,1.489,0.057
20.16,-11.862,-0.009,-1.494,-11.916,-0.000,1.489,0.055
20.18,-11.862,-0.009,-1.494,-11.916,-0.000,1.489,0.055
20.20,-11.862,-0.009,-1.494,-11.916,-0.000,1.489,0.055
20.23,-11.863,-0.007,-1.495,-11.916,-0.000,1.489,0.053
20.25,-11.863,-0.007,-1.495,-11.916,-0.000,1.489,0.053
20.27,-11.865,-0.006,-1.495,-11.916,-0.000,1.489,0.052
20.29,-11.865,-0.006,-1.495,-11.916,-0.000,1.489,0.052
20.31,-11.866,-0.005,-1.495,-11.916,-0.000,1.489,0.051
20.33,-11.866,-0.005,-1.495,-11.916,-0.000,1.489,0.051
20.35,-11.867,-0.004,-1.496,-11.916,-0.000,1.489,0.050
20.37,-11.867,-0.004,-1.496,-11.916,-0.000,1.489,0.050
20.39,-11.867,-0.003,-1.496,-11.916,-0.000,1.489,0.049
20.41,-11.867,-0.003,-1.496,-11.916,-0.000,1.489,0.049
20.43,-11.868,-0.001,-1.496,-11.916,-0.000,1.489,0.049
20.45,-11.868,-0.001,-1.496,-11.916,-0.000,1.489,0.049
20.48,-11.869,-0.000,-1.496,-11.916,-0.000,1.489,0.048
20.50,-11.869,-0.000,-1.496,-11.916,-0.000,1.489,0.048
20.52,-11.870,0.001,-1.496,-11.916,-0.000,1.489,0.047
20.54,-11.870,0.001,-1.496,-11.916,-0.000,1.489,0.047
20.56,-11.870,0.002,-1.496,-11.916,-0.000,1.489,0.047
20.58,-11.870,0.002,-1.496,-11.916,-0.000,1.489,0.047
20.60,-11.870,0.003,-1.496,-11.916,-0.000,1.489,0.047
20.62,-11.870,0.003,-1.496,-11.916,-0.000,1.489,0.047
20.64,-11.870,0.003,-1.496,-11.916,-0.000,1.489,0.047
20.66,-11.870,0.003,-1.496,-11.916,-0.000,1.489,0.047
20.68,-11.870,0.004,-1.495,-11.916,-0.000,1.489,0.047
20.70,-11.870,0.004,-1.495,-11.916,-0.000,1.489,0.047
20.73,-11.870,0.004,-1.495,-11.916,-0.000,1.489,0.047
20.75,-11.869,0.004,-1.495,-11.916,-0.000,1.489,0.047
20.77,-11.869,0.004,-1.495,-11.916,-0.000,1.489,0.047
20.79,-11.869,0.005,-1.494,-11.916,-0.000,1.489,0.048
20.81,-11.869,0.005,-1.494,-11.916,-0.000,1.489,0.048
20.83,-11.869,0.005,-1.494,-11.916,-0.000,1.489,0.048
20.85,-11.869,0.005,-1.494,-11.916,-0.000,1.489,0.048
20.87,-11.868,0.005,-1.493,-11.916,-0.000,1.489,0.048
20.89,-11.868,0.005,-1.493,-11.916,-0.000,1.489,0.048
20.91,-11.868,0.005,-1.493,-11.916,-0.000,1.489,0.048
20.93,-11.868,0.005,-1.493,-11.916,-0.000,1.489,0.048
20.95,-11.868,0.004,-1.493,-11.916,-0.000,1.489,0.048
20.97,-11.868,0.004,-1.493,-11.916,-0.000,1.489,0.048
21.00,-11.868,0.004,-1.493,-11.916,-0.000,1.489,0.049
21.02,-11.868,0.004,-1.493,-11.916,-0.000,1.489,0.049
21.04,-11.868,0.004,-1.493,-11.916,-0.000,1.489,0.049
21.06,-11.868,0.004,-1.493,-11.916,-0.000,1.489,0.049
21.08,-11.868,0.003,-1.493,-11.916,-0.000,1.489,0.049
21.10,-11.868,0.003,-1.493,-11.916,-0.000,1.489,0.049
21.12,-11.867,0.003,-1.493,-11.916,-0.000,1.489,0.049
21.14,-11.867,0.003,-1.493,-11.916,-0.000,1.489,0.049
21.16,-11.867,0.003,-1.494,-11.916,-0.000,1.489,0.049
21.18,-11.867,0.003,-1.494,-11.916,-0.000,1.489,0.049
21.20,-11.867,0.002,-1.494,-11.916,-0.000,1.489,0.050
21.22,-11.867,0.002,-1.494,-11.916,-0.000,1.489,0.050
21.25,-11.867,0.002,-1.494,-11.916,-0.000,1.489,0.050
21.27,-11.867,0.002,-1.495,-11.916,-0.000,1.489,0.050
21.29,-11.867,0.002,-1.495,-11.916,-0.000,1.489,0.050
21.31,-11.866,0.001,-1.495,-11.916,-0.000,1.489,0.050
21.33,-11.866,0.001,-1.495,-11.916,-0.000,1.489,0.050
21.35,-11.866,0.001,-1.496,-11.916,-0.000,1.489,0.051
21.37,-11.866,0.001,-1.496,-11.916,-0.000,1.489,0.051
21.39,-11.866,0.001,-1.496,-11.916,-0.000,1.489,0.051
21.41,-11.866,0.001,-1.496,-11.916,-0.000,1.489,0.051
21.43,-11.865,0.000,-1.496,-11.916,-0.000,1.489,0.051
21.45,-11.865,0.000,-1.496,-11.916,-0.000,1.489,0.051
21.47,-11.865,0.000,-1.497,-11.916,-0.000,1.489,0.052
21.50,-11.865,0.000,-1.497,-11.916,-0.000,1.489,0.052
21.52,-11.865,0.000,-1.497,-11.916,-0.000,1.489,0.052
21.54,-11.865,0.000,-1.497,-11.916,-0.000,1.489,0.052
21.56,-11.864,0.000,-1.497,-11.916,-0.000,1.489,0.053
21.58,-11.864,0.000,-1.497,-11.916,-0.000,1.489,0.053
21.60,-11.864,0.000,-1.498,-11.916,-0.000,1.489,0.053
21.62,-11.864,0.000,-1.498,-11.916,-0.000,1.489,0.053
21.64,-11.864,-0.000,-1.498,-11.916,-0.000,1.489,0.053
21.66,-11.864,-0.000,-1.498,-11.916,-0.000,1.489,0.053
21.68,-11.864,-0.000,-1.498,-11.916,-0.000,1.489,0.053
21.70,-11.864,-0.000,-1.498,-11.916,-0.000,1.489,0.053
21.72,-11.864,-0.000,-1.498,-11.916,-0.000,1.489,0.053
21.74,-11.863,-0.000,-1.498,-11.916,-0.000,1.489,0.054
21.77,-11.863,-0.000,-1.498,-11.916,-0.000,1.489,0.054
21.79,-11.863,-0.000,-1.498,-11.916,-0.000,1.489,0.054
21.81,-11.863,-0.000,-1.498,-11.916,-0.000,1.489,0.054
21.83,-11.863,-0.000,-1.499,-11.916,-0.000,1.489,0.054
21.85,-11.863,-0.000,-1.499,-11.916,-0.000,1.489,0.054
21.87,-11.863,-0.000,-1.499,-11.916,-0.000,1.489,0.054
21.89,-11.863,-0.000,-1.499,-11.916,-0.000,1.489,0.054
21.91,-11.863,-0.000,-1.499,-11.916,-0.000,1.489,0.054
21.93,-11.863,-0.000,-1.499,-11.916,-0.000,1.489,0.054
21.95,-11.863,-0.001,-1.499,-11.916,-0.000,1.489,0.054
21.97,-11.863,-0.001,-1.499,-11.916,-0.000,1.489,0.054
21.99,-11.863,-0.001,-1.499,-11.916,-0.000,1.489,0.054
22.02,-11.863,-0.001,-1.499,-11.916,-0.000,1.489,0.054
22.04,-11.863,-0.001,-1.500,-11.916,-0.000,1.489,0.054
22.06,-11.863,-0.001,-1.500,-11.916,-0.000,1.489,0.054
22.08,-11.863,-0.001,-1.499,-11.916,-0.000,1.489,0.054
22.10,-11.863,-0.001,-1.499,-11.916,-0.000,1.489,0.054
22.12,-11.864,-0.001,-1.499,-11.916,-0.000,1.489,0.054
22.14,-11.864,-0.001,-1.499,-11.916,-0.000,1.489,0.054
22.16,-11.864,-0.001,-1.499,-11.916,-0.000,1.489,0.053
22.18,-11.864,-0.001,-1.499,-11.916,-0.000,1.489,0.053
22.20,-11.864,-0.001,-1.499,-11.916,-0.000,1.489,0.053
22.22,-11.864,-0.001,-1.499,-11.916,-0.000,1.489,0.053
22.25,-11.864,-0.001,-1.499,-11.916,-0.000,1.489,0.053
22.27,-11.865,-0.001,-1.498,-11.916,-0.000,1.489,0.052
22.29,-11.865,-0.001,-1.498,-11.916,-0.000,1.489,0.052
22.31,-11.865,-0.001,-1.498,-11.916,-0.000,1.489,0.052
22.33,-11.865,-0.001,-1.498,-11.916,-0.000,1.489,0.052
22.35,-11.865,-0.001,-1.497,-11.916,-0.000,1.489,0.051
22.37,-11.865,-0.001,-1.497,-11.916,-0.000,1.489,0.051
22.39,-11.866,-0.001,-1.497,-11.916,-0.000,1.489,0.051
22.41,-11.866,-0.001,-1.497,-11.916,-0.000,1.489,0.051
22.44,-11.866,-0.001,-1.497,-11.916,-0.000,1.489,0.051
22.46,-11.866,-0.001,-1.497,-11.916,-0.000,1.489,0.051
22.48,-11.866,-0.002,-1.497,-11.916,-0.000,1.489,0.051
22.50,-11.866,-0.002,-1.497,-11.916,-0.000,1.489,0.051
22.52,-11.866,-0.002,-1.497,-11.916,-0.000,1.489,0.051
22.54,-11.866,-0.002,-1.497,-11.916,-0.000,1.489,0.051
22.56,-11.866,-0.002,-1.497,-11.916,-0.000,1.489,0.051
22.58,-11.866,-0.002,-1.497,-11.916,-0.000,1.489,0.051
22.60,-11.865,-0.002,-1.497,-11.916,-0.000,1.489,0.051
22.62,-11.865,-0.002,-1.497,-11.916,-0.000,1.489,0.051
22.64,-11.865,-0.003,-1.497,-11.916,-0.000,1.489,0.052
22.66,-11.865,-0.003,-1.497,-11.916,-0.000,1.489,0.052
22.69,-11.865,-0.003,-1.498,-11.916,-0.000,1.489,0.052
22.71,-11.865,-0.003,-1.498,-11.916,-0.000,1.489,0.052
22.73,-11.865,-0.003,-1.498,-11.916,-0.000,1.489,0.052
22.75,-11.864,-0.004,-1.498,-11.916,-0.000,1.489,0.053
22.77,-11.864,-0.004,-1.498,-11.916,-0.000,1.489,0.053
22.79,-11.864,-0.005,-1.498,-11.916,-0.000,1.489,0.053
22.81,-11.864,-0.005,-1.498,-11.916,-0.000,1.489,0.053
22.83,-11.864,-0.005,-1.498,-11.916,-0.000,1.489,0.053
22.85,-11.864,-0.005,-1.498,-11.916,-0.000,1.489,0.053
22.87,-11.864,-0.006,-1.498,-11.916,-0.000,1.489,0.053
22.89,-11.864,-0.006,-1.498,-11.916,-0.000,1.489,0.053
22.91,-11.864,-0.007,-1.497,-11.916,-0.000,1.489,0.053
22.93,-11.864,-0.007,-1.497,-11.916,-0.000,1.489,0.053
22.96,-11.865,-0.009,-1.497,-11.916,-0.000,1.489,0.053
22.98,-11.865,-0.009,-1.497,-11.916,-0.000,1.489,0.053
23.00,-11.865,-0.010,-1.497,-11.916,-0.000,1.489,0.053
23.02,-11.865,-0.010,-1.497,-11.916,-0.000,1.489,0.053
23.04,-11.865,-0.011,-1.496,-11.916,-0.000,1.489,0.053
23.06,-11.865,-0.011,-1.496,-11.916,-0.000,1.489,0.053
23.08,-11.865,-0.012,-1.496,-11.916,-0.000,1.489,0.053
23.10,-11.865,-0.012,-1.496,-11.916,-0.000,1.489,0.053
23.12,-11.866,-0.012,-1.496,-11.916,-0.000,1.489,0.052
23.14,-11.866,-0.012,-1.496,-11.916,-0.000,1.489,0.052
23.16,-11.866,-0.013,-1.496,-11.916,-0.000,1.489,0.052
23.18,-11.866,-0.013,-1.496,-11.916,-0.000,1.489,0.052
23.21,-11.867,-0.013,-1.496,-11.916,-0.000,1.489,0.052
23.23,-11.867,-0.013,-1.496,-11.916,-0.000,1.489,0.052
23.25,-11.867,-0.013,-1.496,-11.916,-0.000,1.489,0.052
23.27,-11.867,-0.013,-1.496,-11.916,-0.000,1.489,0.051
23.29,-11.867,-0.013,-1.496,-11.916,-0.000,1.489,0.051
23.31,-11.868,-0.013,-1.497,-11.916,-0.000,1.489,0.050
23.33,-11.868,-0.013,-1.497,-11.916,-0.000,1.489,0.050
23.35,-11.869,-0.013,-1.497,-11.916,-0.000,1.489,0.050
23.37,-11.869,-0.013,-1.497,-11.916,-0.000,1.489,0.050
23.39,-11.870,-0.013,-1.498,-11.916,-0.000,1.489,0.049
23.41,-11.870,-0.013,-1.498,-11.916,-0.000,1.489,0.049
23.43,-11.870,-0.013,-1.498,-11.916,-0.000,1.489,0.048
23.46,-11.870,-0.013,-1.498,-11.916,-0.000,1.489,0.048
23.48,-11.872,-0.013,-1.499,-11.916,-0.000,1.489,0.047
23.50,-11.872,-0.013,-1.499,-11.916,-0.000,1.489,0.047
23.52,-11.873,-0.012,-1.499,-11.916,-0.000,1.489,0.046
23.54,-11.873,-0.012,-1.499,-11.916,-0.000,1.489,0.046
23.56,-11.874,-0.012,-1.499,-11.916,-0.000,1.489,0.045
23.58,-11.874,-0.012,-1.499,-11.916,-0.000,1.489,0.045
23.60,-11.875,-0.012,-1.499,-11.916,-0.000,1.489,0.044
23.62,-11.875,-0.012,-1.499,-11.916,-0.000,1.489,0.044
23.64,-11.876,-0.012,-1.499,-11.916,-0.000,1.489,0.043
23.66,-11.876,-0.012,-1.499,-11.916,-0.000,1.489,0.043
23.68,-11.877,-0.011,-1.500,-11.916,-0.000,1.489,0.042
23.71,-11.877,-0.011,-1.500,-11.916,-0.000,1.489,0.042
23.73,-11.878,-0.011,-1.500,-11.916,-0.000,1.489,0.041
23.75,-11.878,-0.011,-1.500,-11.916,-0.000,1.489,0.041
23.77,-11.878,-0.011,-1.500,-11.916,-0.000,1.489,0.041
23.79,-11.880,-0.010,-1.499,-11.916,-0.000,1.489,0.039
23.81,-11.880,-0.010,-1.499,-11.916,-0.000,1.489,0.039
23.83,-11.881,-0.010,-1.499,-11.916,-0.000,1.489,0.038
23.85,-11.881,-0.010,-1.499,-11.916,-0.000,1.489,0.038
23.87,-11.881,-0.010,-1.499,-11.916,-0.000,1.489,0.037
23.89,-11.881,-0.010,-1.499,-11.916,-0.000,1.489,0.037
23.91,-11.882,-0.009,-1.498,-11.916,-0.000,1.489,0.037
23.93,-11.882,-0.009,-1.498,-11.916,-0.000,1.489,0.037
23.95,-11.882,-0.009,-1.498,-11.916,-0.000,1.489,0.036
23.98,-11.882,-0.009,-1.498,-11.916,-0.000,1.489,0.036
24.00,-11.883,-0.009,-1.497,-11.916,-0.000,1.489,0.035
24.02,-11.883,-0.009,-1.497,-11.916,-0.000,1.489,0.035
24.04,-11.884,-0.010,-1.497,-11.916,-0.000,1.489,0.035
24.06,-11.884,-0.010,-1.497,-11.916,-0.000,1.489,0.035
24.08,-11.884,-0.010,-1.496,-11.916,-0.000,1.489,0.034
24.10,-11.884,-0.010,-1.496,-11.916,-0.000,1.489,0.034
24.12,-11.884,-0.010,-1.496,-11.916,-0.000,1.489,0.034
24.14,-11.884,-0.010,-1.496,-11.916,-0.000,1.489,0.034
24.16,-11.884,-0.010,-1.495,-11.916,-0.000,1.489,0.034
24.18,-11.884,-0.010,-1.495,-11.916,-0.000,1.489,0.034
24.21,-11.884,-0.010,-1.495,-11.916,-0.000,1.489,0.034
24.23,-11.884,-0.010,-1.495,-11.916,-0.000,1.489,0.034
24.25,-11.884,-0.010,-1.495,-11.916,-0.000,1.489,0.034
24.27,-11.884,-0.011,-1.493,-11.916,-0.000,1.489,0.034
24.29,-11.884,-0.011,-1.493,-11.916,-0.000,1.489,0.034
24.31,-11.884,-0.011,-1.492,-11.916,-0.000,1.489,0.034
24.33,-11.884,-0.011,-1.492,-11.916,-0.000,1.489,0.034
24.35,-11.883,-0.012,-1.491,-11.916,-0.000,1.489,0.035
24.37,-11.883,-0.012,-1.491,-11.916,-0.000,1.489,0.035
24.39,-11.883,-0.012,-1.490,-11.916,-0.000,1.489,0.035
24.41,-11.883,-0.012,-1.490,-11.916,-0.000,1.489,0.035
24.43,-11.883,-0.012,-1.489,-11.916,-0.000,1.489,0.035
24.45,-11.883,-0.012,-1.489,-11.916,-0.000,1.489,0.035
24.48,-11.883,-0.012,-1.488,-11.916,-0.000,1.489,0.035
24.50,-11.883,-0.012,-1.488,-11.916,-0.000,1.489,0.035
24.52,-11.883,-0.012,-1.486,-11.916,-0.000,1.489,0.035
24.54,-11.883,-0.012,-1.486,-11.916,-0.000,1.489,0.035
24.56,-11.883,-0.012,-1.485,-11.916,-0.000,1.489,0.035
24.58,-11.883,-0.012,-1.485,-11.916,-0.000,1.489,0.035
24.60,-11.883,-0.012,-1.484,-11.916,-0.000,1.489,0.035
24.62,-11.883,-0.012,-1.484,-11.916,-0.000,1.489,0.035
24.64,-11.883,-0.012,-1.484,-11.916,-0.000,1.489,0.036
24.67,-11.883,-0.012,-1.484,-11.916,-0.000,1.489,0.036
24.69,-11.883,-0.012,-1.483,-11.916,-0.000,1.489,0.036
24.71,-11.883,-0.012,-1.483,-11.916,-0.000,1.489,0.036
24.73,-11.883,-0.011,-1.482,-11.916,-0.000,1.489,0.036
24.75,-11.883,-0.011,-1.482,-11.916,-0.000,1.489,0.036
24.77,-11.883,-0.011,-1.482,-11.916,-0.000,1.489,0.036
24.79,-11.883,-0.011,-1.481,-11.916,-0.000,1.489,0.036
24.81,-11.883,-0.011,-1.481,-11.916,-0.000,1.489,0.036
24.83,-11.883,-0.010,-1.481,-11.916,-0.000,1.489,0.036
24.85,-11.883,-0.010,-1.481,-11.916,-0.000,1.489,0.036
24.87,-11.883,-0.009,-1.481,-11.916,-0.000,1.489,0.036
24.89,-11.883,-0.009,-1.481,-11.916,-0.000,1.489,0.036
24.91,-11.883,-0.008,-1.480,-11.916,-0.000,1.489,0.035
24.94,-11.883,-0.008,-1.480,-11.916,-0.000,1.489,0.035
24.96,-11.883,-0.007,-1.480,-11.916,-0.000,1.489,0.035
24.98,-11.883,-0.007,-1.480,-11.916,-0.000,1.489,0.035
25.00,-11.883,-0.007,-1.480,-11.916,-0.000,1.489,0.035
25.02,-11.883,-0.007,-1.480,-11.916,-0.000,1.489,0.035
25.04,-11.883,-0.006,-1.481,-11.916,-0.000,1.489,0.034
25.06,-11.883,-0.006,-1.481,-11.916,-0.000,1.489,0.034
25.08,-11.884,-0.005,-1.481,-11.916,-0.000,1.489,0.034
25.10,-11.884,-0.005,-1.481,-11.916,-0.000,1.489,0.034
25.12,-11.884,-0.004,-1.482,-11.916,-0.000,1.489,0.033
25.14,-11.884,-0.004,-1.482,-11.916,-0.000,1.489,0.033
25.16,-11.885,-0.004,-1.483,-11.916,-0.000,1.489,0.032
25.19,-11.885,-0.004,-1.483,-11.916,-0.000,1.489,0.032
25.21,-11.885,-0.003,-1.484,-11.916,-0.000,1.489,0.032
25.23,-11.885,-0.003,-1.484,-11.916,-0.000,1.489,0.032
25.25,-11.885,-0.003,-1.484,-11.916,-0.000,1.489,0.032
25.27,-11.886,-0.002,-1.485,-11.916,-0.000,1.489,0.030
25.29,-11.886,-0.002,-1.485,-11.916,-0.000,1.489,0.030
25.31,-11.887,-0.002,-1.485,-11.916,-0.000,1.489,0.029
25.33,-11.887,-0.002,-1.485,-11.916,-0.000,1.489,0.029
25.35,-11.888,-0.002,-1.486,-11.916,-0.000,1.489,0.028
25.37,-11.888,-0.002,-1.486,-11.916,-0.000,1.489,0.028
25.39,-11.890,-0.001,-1.486,-11.916,-0.000,1.489,0.026
25.41,-11.890,-0.001,-1.486,-11.916,-0.000,1.489,0.026
25.44,-11.892,-0.001,-1.487,-11.916,-0.000,1.489,0.024
25.46,-11.892,-0.001,-1.487,-11.916,-0.000,1.489,0.024
25.48,-11.894,-0.001,-1.487,-11.916,-0.000,1.489,0.022
25.50,-11.894,-0.001,-1.487,-11.916,-0.000,1.489,0.022
25.52,-11.897,-0.001,-1.488,-11.916,-0.000,1.489,0.019
25.54,-11.897,-0.001,-1.488,-11.916,-0.000,1.489,0.019
25.56,-11.899,-0.001,-1.488,-11.916,-0.000,1.489,0.017
25.58,-11.899,-0.001,-1.488,-11.916,-0.000,1.489,0.017
25.60,-11.901,-0.001,-1.489,-11.916,-0.000,1.489,0.015
25.62,-11.901,-0.001,-1.489,-11.916,-0.000,1.489,0.015
25.64,-11.905,-0.001,-1.489,-11.916,-0.000,1.489,0.012
25.66,-11.905,-0.001,-1.489,-11.916,-0.000,1.489,0.012
25.69,-11.907,-0.001,-1.490,-11.916,-0.000,1.489,0.009
25.71,-11.907,-0.001,-1.490,-11.916,-0.000,1.489,0.009
25.73,-11.910,-0.001,-1.491,-11.916,-0.000,1.489,0.006
25.75,-11.910,-0.001,-1.491,-11.916,-0.000,1.489,0.006
25.77,-11.910,-0.001,-1.491,-11.916,-0.000,1.489,0.006
25.79,-11.915,-0.001,-1.492,-11.916,-0.000,1.489,0.003
25.81,-11.915,-0.001,-1.492,-11.916,-0.000,1.489,0.003
25.83,-11.917,-0.001,-1.493,-11.916,-0.000,1.489,0.004
25.85,-11.917,-0.001,-1.493,-11.916,-0.000,1.489,0.004
25.87,-11.920,-0.001,-1.494,-11.916,-0.000,1.489,0.006
25.89,-11.920,-0.001,-1.494,-11.916,-0.000,1.489,0.006
25.91,-11.922,-0.001,-1.495,-11.916,-0.000,1.489,0.008
25.93,-11.922,-0.001,-1.495,-11.916,-0.000,1.489,0.008
25.96,-11.925,-0.001,-1.496,-11.916,-0.000,1.489,0.011
25.98,-11.925,-0.001,-1.496,-11.916,-0.000,1.489,0.011
26.00,-11.926,-0.001,-1.497,-11.916,-0.000,1.489,0.013
26.02,-11.926,-0.001,-1.497,-11.916,-0.000,1.489,0.013
26.04,-11.928,-0.001,-1.498,-11.916,-0.000,1.489,0.015
26.06,-11.928,-0.001,-1.498,-11.916,-0.000,1.489,0.015
26.08,-11.929,-0.000,-1.498,-11.916,-0.000,1.489,0.016
26.10,-11.929,-0.000,-1.498,-11.916,-0.000,1.489,0.016
26.12,-11.930,-0.000,-1.499,-11.916,-0.000,1.489,0.017
26.14,-11.930,-0.000,-1.499,-11.916,-0.000,1.489,0.017
26.16,-11.931,0.000,-1.500,-11.916,-0.000,1.489,0.018
26.19,-11.931,0.000,-1.500,-11.916,-0.000,1.489,0.018
26.21,-11.931,0.000,-1.500,-11.916,-0.000,1.489,0.019
26.23,-11.931,0.000,-1.500,-11.916,-0.000,1.489,0.019
26.25,-11.931,0.001,-1.501,-11.916,-0.000,1.489,0.019
26.27,-11.931,0.001,-1.501,-11.916,-0.000,1.489,0.019
26.29,-11.931,0.001,-1.501,-11.916,-0.000,1.489,0.019
26.31,-11.931,0.001,-1.501,-11.916,-0.000,1.489,0.020
26.33,-11.931,0.001,-1.501,-11.916,-0.000,1.489,0.020
26.35,-11.931,0.002,-1.501,-11.916,-0.000,1.489,0.020
26.37,-11.931,0.002,-1.501,-11.916,-0.000,1.489,0.020
26.39,-11.931,0.002,-1.501,-11.916,-0.000,1.489,0.020
26.41,-11.931,0.002,-1.501,-11.916,-0.000,1.489,0.020
26.43,-11.931,0.003,-1.501,-11.916,-0.000,1.489,0.020
26.46,-11.931,0.003,-1.501,-11.916,-0.000,1.489,0.020
26.48,-11.931,0.003,-1.502,-11.916,-0.000,1.489,0.020
26.50,-11.931,0.003,-1.502,-11.916,-0.000,1.489,0.020
26.52,-11.930,0.004,-1.502,-11.916,-0.000,1.489,0.020
26.54,-11.930,0.004,-1.502,-11.916,-0.000,1.489,0.020
26.56,-11.930,0.005,-1.502,-11.916,-0.000,1.489,0.019
26.58,-11.930,0.005,-1.502,-11.916,-0.000,1.489,0.019
26.60,-11.929,0.006,-1.501,-11.916,-0.000,1.489,0.019
26.62,-11.929,0.006,-1.501,-11.916,-0.000,1.489,0.019
26.64,-11.929,0.007,-1.501,-11.916,-0.000,1.489,0.019
26.66,-11.929,0.007,-1.501,-11.916,-0.000,1.489,0.019
26.68,-11.928,0.008,-1.501,-11.916,-0.000,1.489,0.019
26.70,-11.928,0.008,-1.501,-11.916,-0.000,1.489,0.019
26.73,-11.927,0.009,-1.501,-11.916,-0.000,1.489,0.019
26.75,-11.927,0.009,-1.501,-11.916,-0.000,1.489,0.019
26.77,-11.927,0.009,-1.501,-11.916,-0.000,1.489,0.019
26.79,-11.926,0.011,-1.501,-11.916,-0.000,1.489,0.019
26.81,-11.926,0.011,-1.501,-11.916,-0.000,1.489,0.019
26.83,-11.926,0.012,-1.501,-11.916,-0.000,1.489,0.020
26.85,-11.926,0.012,-1.501,-11.916,-0.000,1.489,0.020
26.87,-11.925,0.014,-1.501,-11.916,-0.000,1.489,0.020
26.89,-11.925,0.014,-1.501,-11.916,-0.000,1.489,0.020
26.91,-11.924,0.015,-1.500,-11.916,-0.000,1.489,0.021
26.93,-11.924,0.015,-1.500,-11.916,-0.000,1.489,0.021
26.95,-11.923,0.016,-1.500,-11.916,-0.000,1.489,0.021
26.98,-11.923,0.016,-1.500,-11.916,-0.000,1.489,0.021
27.00,-11.922,0.018,-1.500,-11.916,-0.000,1.489,0.022
27.02,-11.922,0.018,-1.500,-11.916,-0.000,1.489,0.022
27.04,-11.920,0.018,-1.499,-11.916,-0.000,1.489,0.022
27.06,-11.920,0.018,-1.499,-11.916,-0.000,1.489,0.022
27.08,-11.919,0.019,-1.499,-11.916,-0.000,1.489,0.022
27.10,-11.919,0.019,-1.499,-11.916,-0.000,1.489,0.022
27.12,-11.918,0.020,-1.499,-11.916,-0.000,1.489,0.022
27.14,-11.918,0.020,-1.499,-11.916,-0.000,1.489,0.022
27.16,-11.917,0.020,-1.498,-11.916,-0.000,1.489,0.022
27.18,-11.917,0.020,-1.498,-11.916,-0.000,1.489,0.022
27.20,-11.916,0.020,-1.497,-11.916,-0.000,1.489,0.022
27.23,-11.916,0.020,-1.497,-11.916,-0.000,1.489,0.022
27.25,-11.915,0.020,-1.496,-11.916,-0.000,1.489,0.022
27.27,-11.915,0.020,-1.496,-11.916,-0.000,1.489,0.022
27.29,-11.915,0.020,-1.496,-11.916,-0.000,1.489,0.022
27.31,-11.913,0.021,-1.495,-11.916,-0.000,1.489,0.022
27.33,-11.913,0.021,-1.495,-11.916,-0.000,1.489,0.022
27.35,-11.912,0.021,-1.494,-11.916,-0.000,1.489,0.022
27.37,-11.912,0.021,-1.494,-11.916,-0.000,1.489,0.022
27.39,-11.911,0.021,-1.493,-11.916,-0.000,1.489,0.022
27.41,-11.911,0.021,-1.493,-11.916,-0.000,1.489,0.022
27.43,-11.911,0.021,-1.492,-11.916,-0.000,1.489,0.023
27.45,-11.911,0.021,-1.492,-11.916,-0.000,1.489,0.023
27.47,-11.910,0.022,-1.491,-11.916,-0.000,1.489,0.023
27.50,-11.910,0.022,-1.491,-11.916,-0.000,1.489,0.023
27.52,-11.909,0.022,-1.491,-11.916,-0.000,1.489,0.023
27.54,-11.909,0.022,-1.491,-11.916,-0.000,1.489,0.023
27.56,-11.908,0.022,-1.490,-11.916,-0.000,1.489,0.024
27.58,-11.908,0.022,-1.490,-11.916,-0.000,1.489,0.024
27.60,-11.907,0.022,-1.489,-11.916,-0.000,1.489,0.024
27.62,-11.907,0.022,-1.489,-11.916,-0.000,1.489,0.024
27.64,-11.907,0.023,-1.489,-11.916,-0.000,1.489,0.024
27.66,-11.907,0.023,-1.489,-11.916,-0.000,1.489,0.024
27.68,-11.907,0.023,-1.488,-11.916,-0.000,1.489,0.025
27.70,-11.907,0.023,-1.488,-11.916,-0.000,1.489,0.025
27.72,-11.907,0.023,-1.488,-11.916,-0.000,1.489,0.025
27.75,-11.907,0.023,-1.488,-11.916,-0.000,1.489,0.025
27.77,-11.907,0.023,-1.488,-11.916,-0.000,1.489,0.025
27.79,-11.907,0.023,-1.488,-11.916,-0.000,1.489,0.025
27.81,-11.907,0.023,-1.488,-11.916,-0.000,1.489,0.025
27.83,-11.907,0.024,-1.487,-11.916,-0.000,1.489,0.026
27.85,-11.907,0.024,-1.487,-11.916,-0.000,1.489,0.026
27.87,-11.907,0.024,-1.487,-11.916,-0.000,1.489,0.026
27.89,-11.907,0.024,-1.487,-11.916,-0.000,1.489,0.026
27.91,-11.907,0.024,-1.487,-11.916,-0.000,1.489,0.026
27.93,-11.907,0.024,-1.487,-11.916,-0.000,1.489,0.026
27.95,-11.907,0.024,-1.487,-11.916,-0.000,1.489,0.026
27.97,-11.907,0.024,-1.487,-11.916,-0.000,1.489,0.026
28.00,-11.906,0.024,-1.487,-11.916,-0.000,1.489,0.026
28.02,-11.906,0.024,-1.487,-11.916,-0.000,1.489,0.026
28.04,-11.906,0.024,-1.486,-11.916,-0.000,1.489,0.026
28.06,-11.906,0.024,-1.486,-11.916,-0.000,1.489,0.026
28.08,-11.906,0.024,-1.485,-11.916,-0.000,1.489,0.026
28.10,-11.906,0.024,-1.485,-11.916,-0.000,1.489,0.026
28.12,-11.906,0.023,-1.484,-11.916,-0.000,1.489,0.026
28.14,-11.906,0.023,-1.484,-11.916,-0.000,1.489,0.026
28.16,-11.905,0.023,-1.483,-11.916,-0.000,1.489,0.026
28.18,-11.905,0.023,-1.483,-11.916,-0.000,1.489,0.026
28.20,-11.905,0.022,-1.483,-11.916,-0.000,1.489,0.025
28.22,-11.905,0.022,-1.483,-11.916,-0.000,1.489,0.025
28.25,-11.905,0.021,-1.482,-11.916,-0.000,1.489,0.025
28.27,-11.905,0.021,-1.482,-11.916,-0.000,1.489,0.025
28.29,-11.905,0.021,-1.482,-11.916,-0.000,1.489,0.025
28.31,-11.905,0.020,-1.481,-11.916,-0.000,1.489,0.024
28.33,-11.905,0.020,-1.481,-11.916,-0.000,1.489,0.024
28.35,-11.905,0.019,-1.480,-11.916,-0.000,1.489,0.024
28.37,-11.905,0.019,-1.480,-11.916,-0.000,1.489,0.024
28.39,-11.905,0.018,-1.479,-11.916,-0.000,1.489,0.023
28.41,-11.905,0.018,-1.479,-11.916,-0.000,1.489,0.023
28.43,-11.906,0.017,-1.478,-11.916,-0.000,1.489,0.022
28.45,-11.906,0.017,-1.478,-11.916,-0.000,1.489,0.022
28.47,-11.906,0.016,-1.478,-11.916,-0.000,1.489,0.022
28.50,-11.906,0.016,-1.478,-11.916,-0.000,1.489,0.022
28.52,-11.906,0.014,-1.477,-11.916,-0.000,1.489,0.021
28.54,-11.906,0.014,-1.477,-11.916,-0.000,1.489,0.021
28.56,-11.906,0.013,-1.477,-11.916,-0.000,1.489,0.021
28.58,-11.906,0.013,-1.477,-11.916,-0.000,1.489,0.021
28.60,-11.906,0.012,-1.476,-11.916,-0.000,1.489,0.020
28.62,-11.906,0.012,-1.476,-11.916,-0.000,1.489,0.020
28.64,-11.905,0.011,-1.476,-11.916,-0.000,1.489,0.020
28.66,-11.905,0.011,-1.476,-11.916,-0.000,1.489,0.020
28.68,-11.905,0.010,-1.475,-11.916,-0.000,1.489,0.020
28.70,-11.905,0.010,-1.475,-11.916,-0.000,1.489,0.020
28.73,-11.905,0.009,-1.475,-11.916,-0.000,1.489,0.020
28.75,-11.905,0.009,-1.475,-11.916,-0.000,1.489,0.020
28.77,-11.904,0.009,-1.475,-11.916,-0.000,1.489,0.020
28.79,-11.904,0.009,-1.475,-11.916,-0.000,1.489,0.020
28.81,-11.904,0.009,-1.475,-11.916,-0.000,1.489,0.020
28.83,-11.904,0.008,-1.475,-11.916,-0.000,1.489,0.021
28.85,-11.904,0.008,-1.475,-11.916,-0.000,1.489,0.021
28.87,-11.903,0.008,-1.474,-11.916,-0.000,1.489,0.021
28.89,-11.903,0.008,-1.474,-11.916,-0.000,1.489,0.021
28.91,-11.903,0.007,-1.474,-11.916,-0.000,1.489,0.021
28.93,-11.903,0.007,-1.474,-11.916,-0.000,1.489,0.021
28.95,-11.902,0.007,-1.474,-11.916,-0.000,1.489,0.021
28.97,-11.902,0.007,-1.474,-11.916,-0.000,1.489,0.021
29.00,-11.902,0.006,-1.475,-11.916,-0.000,1.489,0.021
29.02,-11.902,0.006,-1.475,-11.916,-0.000,1.489,0.021
29.04,-11.901,0.006,-1.475,-11.916,-0.000,1.489,0.021
29.06,-11.901,0.006,-1.475,-11.916,-0.000,1.489,0.021
29.08,-11.901,0.005,-1.475,-11.916,-0.000,1.489,0.021
29.10,-11.901,0.005,-1.475,-11.916,-0.000,1.489,0.021
29.12,-11.900,0.005,-1.476,-11.916,-0.000,1.489,0.021
29.14,-11.900,0.005,-1.476,-11.916,-0.000,1.489,0.021
29.16,-11.900,0.005,-1.476,-11.916,-0.000,1.489,0.021
29.18,-11.900,0.005,-1.476,-11.916,-0.000,1.489,0.021
29.20,-11.900,0.004,-1.477,-11.916,-0.000,1.489,0.021
29.22,-11.900,0.004,-1.477,-11.916,-0.000,1.489,0.021
29.25,-11.900,0.004,-1.478,-11.916,-0.000,1.489,0.020
29.27,-11.900,0.004,-1.478,-11.916,-0.000,1.489,0.020
29.29,-11.900,0.004,-1.478,-11.916,-0.000,1.489,0.020
29.31,-11.900,0.004,-1.479,-11.916,-0.000,1.489,0.020
29.33,-11.900,0.004,-1.479,-11.916,-0.000,1.489,0.020
29.35,-11.900,0.004,-1.480,-11.916,-0.000,1.489,0.019
29.37,-11.900,0.004,-1.480,-11.916,-0.000,1.489,0.019
29.39,-11.900,0.005,-1.481,-11.916,-0.000,1.489,0.019
29.41,-11.900,0.005,-1.481,-11.916,-0.000,1.489,0.019
29.43,-11.900,0.005,-1.482,-11.916,-0.000,1.489,0.019
29.45,-11.900,0.005,-1.482,-11.916,-0.000,1.489,0.019
29.47,-11.899,0.005,-1.482,-11.916,-0.000,1.489,0.019
29.50,-11.899,0.005,-1.482,-11.916,-0.000,1.489,0.019
29.52,-11.899,0.006,-1.483,-11.916,-0.000,1.489,0.019
29.54,-11.899,0.006,-1.483,-11.916,-0.000,1.489,0.019
29.56,-11.899,0.007,-1.484,-11.916,-0.000,1.489,0.019
29.58,-11.899,0.007,-1.484,-11.916,-0.000,1.489,0.019
29.60,-11.899,0.007,-1.485,-11.916,-0.000,1.489,0.019
29.62,-11.899,0.007,-1.485,-11.916,-0.000,1.489,0.019
29.64,-11.898,0.008,-1.485,-11.916,-0.000,1.489,0.020
29.66,-11.898,0.008,-1.485,-11.916,-0.000,1.489,0.020
29.68,-11.898,0.009,-1.485,-11.916,-0.000,1.489,0.020
29.70,-11.898,0.009,-1.485,-11.916,-0.000,1.489,0.020
29.72,-11.898,0.009,-1.486,-11.916,-0.000,1.489,0.021
29.75,-11.898,0.009,-1.486,-11.916,-0.000,1.489,0.021
29.77,-11.898,0.010,-1.486,-11.916,-0.000,1.489,0.021
29.79,-11.898,0.010,-1.486,-11.916,-0.000,1.489,0.021
29.81,-11.898,0.010,-1.486,-11.916,-0.000,1.489,0.021
29.83,-11.897,0.011,-1.486,-11.916,-0.000,1.489,0.022
29.85,-11.897,0.011,-1.486,-11.916,-0.000,1.489,0.022
29.87,-11.896,0.012,-1.487,-11.916,-0.000,1.489,0.023
29.89,-11.896,0.012,-1.487,-11.916,-0.000,1.489,0.023
29.91,-11.896,0.012,-1.487,-11.916,-0.000,1.489,0.024
29.93,-11.896,0.012,-1.487,-11.916,-0.000,1.489,0.024
29.95,-11.895,0.013,-1.487,-11.916,-0.000,1.489,0.025
29.97,-11.895,0.013,-1.487,-11.916,-0.000,1.489,0.025
29.99,-11.894,0.014,-1.488,-11.916,-0.000,1.489,0.026
30.02,-11.894,0.014,-1.488,-11.916,-0.000,1.489,0.026
30.04,-11.894,0.016,-1.488,-11.916,-0.000,1.489,0.027
30.06,-11.894,0.016,-1.488,-11.916,-0.000,1.489,0.027
30.08,-11.893,0.016,-1.488,-11.916,-0.000,1.489,0.029
30.10,-11.893,0.016,-1.488,-11.916,-0.000,1.489,0.029
30.12,-11.892,0.017,-1.488,-11.916,-0.000,1.489,0.029
30.14,-11.892,0.017,-1.488,-11.916,-0.000,1.489,0.029
30.16,-11.892,0.018,-1.489,-11.916,-0.000,1.489,0.030
30.18,-11.892,0.018,-1.489,-11.916,-0.000,1.489,0.030
30.20,-11.891,0.018,-1.489,-11.916,-0.000,1.489,0.031
30.22,-11.891,0.018,-1.489,-11.916,-0.000,1.489,0.031
30.24,-11.891,0.019,-1.489,-11.916,-0.000,1.489,0.032
30.26,-11.891,0.019,-1.489,-11.916,-0.000,1.489,0.032
30.29,-11.891,0.019,-1.489,-11.916,-0.000,1.489,0.032
30.31,-11.891,0.019,-1.490,-11.916,-0.000,1.489,0.032
30.33,-11.891,0.019,-1.490,-11.916,-0.000,1.489,0.032
30.35,-11.890,0.020,-1.490,-11.916,-0.000,1.489,0.033
30.37,-11.890,0.020,-1.490,-11.916,-0.000,1.489,0.033
30.39,-11.890,0.020,-1.490,-11.916,-0.000,1.489,0.033
30.41,-11.890,0.020,-1.490,-11.916,-0.000,1.489,0.033
30.43,-11.890,0.019,-1.490,-11.916,-0.000,1.489,0.033
30.45,-11.890,0.019,-1.490,-11.916,-0.000,1.489,0.033
30.47,-11.889,0.019,-1.490,-11.916,-0.000,1.489,0.033
30.49,-11.889,0.019,-1.490,-11.916,-0.000,1.489,0.033
30.51,-11.889,0.019,-1.490,-11.916,-0.000,1.489,0.033
30.54,-11.889,0.019,-1.490,-11.916,-0.000,1.489,0.033
30.56,-11.889,0.018,-1.489,-11.916,-0.000,1.489,0.032
30.58,-11.889,0.018,-1.489,-11.916,-0.000,1.489,0.032
30.60,-11.889,0.017,-1.488,-11.916,-0.000,1.489,0.032
30.62,-11.889,0.017,-1.488,-11.916,-0.000,1.489,0.032
30.64,-11.889,0.015,-1.487,-11.916,-0.000,1.489,0.032
30.66,-11.889,0.015,-1.487,-11.916,-0.000,1.489,0.032
30.68,-11.889,0.014,-1.487,-11.916,-0.000,1.489,0.031
30.70,-11.889,0.014,-1.487,-11.916,-0.000,1.489,0.031
30.72,-11.889,0.013,-1.486,-11.916,-0.000,1.489,0.030
30.74,-11.889,0.013,-1.486,-11.916,-0.000,1.489,0.030
30.76,-11.889,0.012,-1.485,-11.916,-0.000,1.489,0.030
30.79,-11.889,0.012,-1.485,-11.916,-0.000,1.489,0.030
30.81,-11.889,0.012,-1.485,-11.916,-0.000,1.489,0.030
30.83,-11.890,0.010,-1.483,-11.916,-0.000,1.489,0.029
30.85,-11.890,0.010,-1.483,-11.916,-0.000,1.489,0.029
30.87,-11.891,0.009,-1.482,-11.916,-0.000,1.489,0.028
30.89,-11.891,0.009,-1.482,-11.916,-0.000,1.489,0.028
30.91,-11.892,0.008,-1.482,-11.916,-0.000,1.489,0.027
30.93,-11.892,0.008,-1.482,-11.916,-0.000,1.489,0.027
30.95,-11.893,0.007,-1.481,-11.916,-0.000,1.489,0.026
30.97,-11.893,0.007,-1.481,-11.916,-0.000,1.489,0.026
30.99,-11.894,0.007,-1.480,-11.916,-0.000,1.489,0.024
31.01,-11.894,0.007,-1.480,-11.916,-0.000,1.489,0.024
31.04,-11.897,0.006,-1.480,-11.916,-0.000,1.489,0.022
31.06,-11.897,0.006,-1.480,-11.916,-0.000,1.489,0.022
31.08,-11.899,0.005,-1.479,-11.916,-0.000,1.489,0.020
31.10,-11.899,0.005,-1.479,-11.916,-0.000,1.489,0.020
31.12,-11.901,0.004,-1.479,-11.916,-0.000,1.489,0.018
31.14,-11.901,0.004,-1.479,-11.916,-0.000,1.489,0.018
31.16,-11.904,0.004,-1.479,-11.916,-0.000,1.489,0.016
31.18,-11.904,0.004,-1.479,-11.916,-0.000,1.489,0.016
31.20,-11.906,0.003,-1.479,-11.916,-0.000,1.489,0.014
31.22,-11.906,0.003,-1.479,-11.916,-0.000,1.489,0.014
31.24,-11.909,0.003,-1.480,-11.916,-0.000,1.489,0.012
31.27,-11.909,0.003,-1.480,-11.916,-0.000,1.489,0.012
31.29,-11.912,0.002,-1.480,-11.916,-0.000,1.489,0.010
31.31,-11.912,0.002,-1.480,-11.916,-0.000,1.489,0.010
31.33,-11.912,0.002,-1.480,-11.916,-0.000,1.489,0.010
31.35,-11.917,0.001,-1.482,-11.916,-0.000,1.489,0.008
31.37,-11.917,0.001,-1.482,-11.916,-0.000,1.489,0.008
31.39,-11.920,0.000,-1.482,-11.916,-0.000,1.489,0.008
31.41,-11.920,0.000,-1.482,-11.916,-0.000,1.489,0.008
31.43,-11.922,-0.000,-1.483,-11.916,-0.000,1.489,0.009
31.45,-11.922,-0.000,-1.483,-11.916,-0.000,1.489,0.009
31.47,-11.925,-0.001,-1.484,-11.916,-0.000,1.489,0.010
31.49,-11.925,-0.001,-1.484,-11.916,-0.000,1.489,0.010
31.52,-11.927,-0.002,-1.485,-11.916,-0.000,1.489,0.012
31.54,-11.927,-0.002,-1.485,-11.916,-0.000,1.489,0.012
31.56,-11.930,-0.004,-1.486,-11.916,-0.000,1.489,0.014
31.58,-11.930,-0.004,-1.486,-11.916,-0.000,1.489,0.014
31.60,-11.931,-0.005,-1.487,-11.916,-0.000,1.489,0.016
31.62,-11.931,-0.005,-1.487,-11.916,-0.000,1.489,0.016
31.64,-11.932,-0.006,-1.487,-11.916,-0.000,1.489,0.017
31.66,-11.932,-0.006,-1.487,-11.916,-0.000,1.489,0.017
31.68,-11.933,-0.007,-1.488,-11.916,-0.000,1.489,0.018
31.70,-11.933,-0.007,-1.488,-11.916,-0.000,1.489,0.018
31.72,-11.933,-0.007,-1.488,-11.916,-0.000,1.489,0.019
31.75,-11.933,-0.007,-1.488,-11.916,-0.000,1.489,0.019
31.77,-11.934,-0.008,-1.489,-11.916,-0.000,1.489,0.019
31.79,-11.934,-0.008,-1.489,-11.916,-0.000,1.489,0.019
31.81,-11.934,-0.008,-1.489,-11.916,-0.000,1.489,0.019
31.83,-11.933,-0.010,-1.489,-11.916,-0.000,1.489,0.020
31.85,-11.933,-0.010,-1.489,-11.916,-0.000,1.489,0.020
31.87,-11.933,-0.011,-1.490,-11.916,-0.000,1.489,0.020
31.89,-11.933,-0.011,-1.490,-11.916,-0.000,1.489,0.020
31.91,-11.932,-0.012,-1.490,-11.916,-0.000,1.489,0.020
31.93,-11.932,-0.012,-1.490,-11.916,-0.000,1.489,0.020
31.95,-11.932,-0.012,-1.491,-11.916,-0.000,1.489,0.020
31.97,-11.932,-0.012,-1.491,-11.916,-0.000,1.489,0.020
31.99,-11.931,-0.013,-1.491,-11.916,-0.000,1.489,0.020
32.02,-11.931,-0.013,-1.491,-11.916,-0.000,1.489,0.020
32.04,-11.930,-0.013,-1.492,-11.916,-0.000,1.489,0.020
32.06,-11.930,-0.013,-1.492,-11.916,-0.000,1.489,0.020
32.08,-11.929,-0.014,-1.492,-11.916,-0.000,1.489,0.019
32.10,-11.929,-0.014,-1.492,-11.916,-0.000,1.489,0.019
32.12,-11.928,-0.014,-1.493,-11.916,-0.000,1.489,0.019
32.14,-11.928,-0.014,-1.493,-11.916,-0.000,1.489,0.019
32.16,-11.927,-0.014,-1.493,-11.916,-0.000,1.489,0.018
32.18,-11.927,-0.014,-1.493,-11.916,-0.000,1.489,0.018
32.20,-11.926,-0.014,-1.493,-11.916,-0.000,1.489,0.017
32.22,-11.926,-0.014,-1.493,-11.916,-0.000,1.489,0.017
32.24,-11.925,-0.014,-1.494,-11.916,-0.000,1.489,0.017
32.26,-11.925,-0.014,-1.494,-11.916,-0.000,1.489,0.017
32.29,-11.923,-0.014,-1.494,-11.916,-0.000,1.489,0.016
32.31,-11.923,-0.014,-1.494,-11.916,-0.000,1.489,0.016
32.33,-11.923,-0.014,-1.494,-11.916,-0.000,1.489,0.016
32.35,-11.921,-0.013,-1.494,-11.916,-0.000,1.489,0.015
32.37,-11.921,-0.013,-1.494,-11.916,-0.000,1.489,0.015
32.39,-11.920,-0.013,-1.494,-11.916,-0.000,1.489,0.014
32.41,-11.920,-0.013,-1.494,-11.916,-0.000,1.489,0.014
32.43,-11.918,-0.012,-1.493,-11.916,-0.000,1.489,0.013
32.45,-11.918,-0.012,-1.493,-11.916,-0.000,1.489,0.013
32.47,-11.917,-0.011,-1.493,-11.916,-0.000,1.489,0.012
32.49,-11.917,-0.011,-1.493,-11.916,-0.000,1.489,0.012
32.51,-11.915,-0.011,-1.493,-11.916,-0.000,1.489,0.011
32.53,-11.915,-0.011,-1.493,-11.916,-0.000,1.489,0.011
32.56,-11.913,-0.010,-1.492,-11.916,-0.000,1.489,0.011
32.58,-11.913,-0.010,-1.492,-11.916,-0.000,1.489,0.011
32.60,-11.912,-0.010,-1.492,-11.916,-0.000,1.489,0.011
32.62,-11.912,-0.010,-1.492,-11.916,-0.000,1.489,0.011
32.64,-11.910,-0.009,-1.491,-11.916,-0.000,1.489,0.011
32.66,-11.910,-0.009,-1.491,-11.916,-0.000,1.489,0.011
32.68,-11.909,-0.008,-1.491,-11.916,-0.000,1.489,0.011
32.70,-11.909,-0.008,-1.491,-11.916,-0.000,1.489,0.011
32.72,-11.908,-0.008,-1.491,-11.916,-0.000,1.489,0.011
32.74,-11.908,-0.008,-1.491,-11.916,-0.000,1.489,0.011
32.76,-11.907,-0.007,-1.490,-11.916,-0.000,1.489,0.012
32.78,-11.907,-0.007,-1.490,-11.916,-0.000,1.489,0.012
32.80,-11.907,-0.007,-1.490,-11.916,-0.000,1.489,0.012
32.83,-11.905,-0.006,-1.490,-11.916,-0.000,1.489,0.013
32.85,-11.905,-0.006,-1.490,-11.916,-0.000,1.489,0.013
32.87,-11.904,-0.006,-1.490,-11.916,-0.000,1.489,0.013
32.89,-11.904,-0.006,-1.490,-11.916,-0.000,1.489,0.013
32.91,-11.903,-0.005,-1.490,-11.916,-0.000,1.489,0.014
32.93,-11.903,-0.005,-1.490,-11.916,-0.000,1.489,0.014
32.95,-11.903,-0.004,-1.490,-11.916,-0.000,1.489,0.014
32.97,-11.903,-0.004,-1.490,-11.916,-0.000,1.489,0.014
32.99,-11.902,-0.004,-1.491,-11.916,-0.000,1.489,0.014
33.01,-11.902,-0.004,-1.491,-11.916,-0.000,1.489,0.014
33.03,-11.902,-0.003,-1.491,-11.916,-0.000,1.489,0.014
33.05,-11.902,-0.003,-1.491,-11.916,-0.000,1.489,0.014
33.08,-11.902,-0.003,-1.492,-11.916,-0.000,1.489,0.014
33.10,-11.902,-0.003,-1.492,-11.916,-0.000,1.489,0.014
33.12,-11.902,-0.002,-1.493,-11.916,-0.000,1.489,0.014
33.14,-11.902,-0.002,-1.493,-11.916,-0.000,1.489,0.014
33.16,-11.903,-0.002,-1.493,-11.916,-0.000,1.489,0.014
33.18,-11.903,-0.002,-1.493,-11.916,-0.000,1.489,0.014
33.20,-11.903,-0.002,-1.494,-11.916,-0.000,1.489,0.014
33.22,-11.903,-0.002,-1.494,-11.916,-0.000,1.489,0.014
33.24,-11.903,-0.002,-1.494,-11.916,-0.000,1.489,0.014
33.26,-11.903,-0.002,-1.494,-11.916,-0.000,1.489,0.014
33.28,-11.903,-0.002,-1.495,-11.916,-0.000,1.489,0.014
33.30,-11.903,-0.002,-1.495,-11.916,-0.000,1.489,0.014
33.33,-11.903,-0.002,-1.495,-11.916,-0.000,1.489,0.014
33.35,-11.903,-0.003,-1.495,-11.916,-0.000,1.489,0.014
33.37,-11.903,-0.003,-1.495,-11.916,-0.000,1.489,0.014
33.39,-11.904,-0.003,-1.496,-11.916,-0.000,1.489,0.014
33.41,-11.904,-0.003,-1.496,-11.916,-0.000,1.489,0.014
33.43,-11.904,-0.004,-1.496,-11.916,-0.000,1.489,0.014
33.45,-11.904,-0.004,-1.496,-11.916,-0.000,1.489,0.014
33.47,-11.905,-0.004,-1.496,-11.916,-0.000,1.489,0.014
33.49,-11.905,-0.004,-1.496,-11.916,-0.000,1.489,0.014
33.51,-11.905,-0.004,-1.497,-11.916,-0.000,1.489,0.014
33.53,-11.905,-0.004,-1.497,-11.916,-0.000,1.489,0.014
33.55,-11.906,-0.004,-1.497,-11.916,-0.000,1.489,0.014
33.58,-11.906,-0.004,-1.497,-11.916,-0.000,1.489,0.014
33.60,-11.907,-0.005,-1.497,-11.916,-0.000,1.489,0.013
33.62,-11.907,-0.005,-1.497,-11.916,-0.000,1.489,0.013
33.64,-11.907,-0.005,-1.497,-11.916,-0.000,1.489,0.013
33.66,-11.907,-0.005,-1.497,-11.916,-0.000,1.489,0.013
33.68,-11.908,-0.005,-1.497,-11.916,-0.000,1.489,0.012
33.70,-11.908,-0.005,-1.497,-11.916,-0.000,1.489,0.012
33.72,-11.909,-0.004,-1.496,-11.916,-0.000,1.489,0.011
33.74,-11.909,-0.004,-1.496,-11.916,-0.000,1.489,0.011
33.76,-11.910,-0.004,-1.496,-11.916,-0.000,1.489,0.010
33.78,-11.910,-0.004,-1.496,-11.916,-0.000,1.489,0.010
33.80,-11.910,-0.004,-1.495,-11.916,-0.000,1.489,0.010
33.83,-11.910,-0.004,-1.495,-11.916,-0.000,1.489,0.010
33.85,-11.910,-0.004,-1.495,-11.916,-0.000,1.489,0.010
33.87,-11.911,-0.004,-1.495,-11.916,-0.000,1.489,0.008
33.89,-11.911,-0.004,-1.495,-11.916,-0.000,1.489,0.008
33.91,-11.913,-0.004,-1.495,-11.916,-0.000,1.489,0.007
33.93,-11.913,-0.004,-1.495,-11.916,-0.000,1.489,0.007
33.95,-11.914,-0.003,-1.494,-11.916,-0.000,1.489,0.007
33.97,-11.914,-0.003,-1.494,-11.916,-0.000,1.489,0.007
33.99,-11.915,-0.003,-1.494,-11.916,-0.000,1.489,0.006
34.01,-11.915,-0.003,-1.494,-11.916,-0.000,1.489,0.006
34.03,-11.916,-0.002,-1.495,-11.916,-0.000,1.489,0.006
34.05,-11.916,-0.002,-1.495,-11.916,-0.000,1.489,0.006
34.08,-11.917,-0.002,-1.495,-11.916,-0.000,1.489,0.006
34.10,-11.917,-0.002,-1.495,-11.916,-0.000,1.489,0.006
34.12,-11.918,-0.002,-1.495,-11.916,-0.000,1.489,0.006
34.14,-11.918,-0.002,-1.495,-11.916,-0.000,1.489,0.006
34.16,-11.919,-0.002,-1.495,-11.916,-0.000,1.489,0.007
34.18,-11.919,-0.002,-1.495,-11.916,-0.000,1.489,0.007
34.20,-11.919,-0.001,-1.495,-11.916,-0.000,1.489,0.007
34.22,-11.919,-0.001,-1.495,-11.916,-0.000,1.489,0.007
34.24,-11.920,-0.001,-1.495,-11.916,-0.000,1.489,0.007
34.26,-11.920,-0.001,-1.495,-11.916,-0.000,1.489,0.007
34.28,-11.921,-0.001,-1.495,-11.916,-0.000,1.489,0.008
34.30,-11.921,-0.001,-1.495,-11.916,-0.000,1.489,0.008
34.33,-11.921,-0.001,-1.495,-11.916,-0.000,1.489,0.008
34.35,-11.921,-0.002,-1.495,-11.916,-0.000,1.489,0.008
34.37,-11.921,-0.002,-1.495,-11.916,-0.000,1.489,0.008
34.39,-11.922,-0.002,-1.495,-11.916,-0.000,1.489,0.008
34.41,-11.922,-0.002,-1.495,-11.916,-0.000,1.489,0.008
34.43,-11.922,-0.003,-1.494,-11.916,-0.000,1.489,0.008
34.45,-11.922,-0.003,-1.494,-11.916,-0.000,1.489,0.008
34.47,-11.922,-0.004,-1.494,-11.916,-0.000,1.489,0.009
34.49,-11.922,-0.004,-1.494,-11.916,-0.000,1.489,0.009
34.51,-11.922,-0.004,-1.494,-11.916,-0.000,1.489,0.009
34.53,-11.922,-0.004,-1.494,-11.916,-0.000,1.489,0.009
34.55,-11.922,-0.005,-1.494,-11.916,-0.000,1.489,0.009
34.57,-11.922,-0.005,-1.494,-11.916,-0.000,1.489,0.009
34.60,-11.922,-0.006,-1.494,-11.916,-0.000,1.489,0.010
34.62,-11.922,-0.006,-1.494,-11.916,-0.000,1.489,0.010
34.64,-11.921,-0.007,-1.494,-11.916,-0.000,1.489,0.010
34.66,-11.921,-0.007,-1.494,-11.916,-0.000,1.489,0.010
34.68,-11.921,-0.007,-1.494,-11.916,-0.000,1.489,0.010
34.70,-11.921,-0.007,-1.494,-11.916,-0.000,1.489,0.010
34.72,-11.920,-0.008,-1.493,-11.916,-0.000,1.489,0.010
34.74,-11.920,-0.008,-1.493,-11.916,-0.000,1.489,0.010
34.76,-11.920,-0.008,-1.493,-11.916,-0.000,1.489,0.010
34.78,-11.920,-0.008,-1.493,-11.916,-0.000,1.489,0.010
34.80,-11.919,-0.008,-1.493,-11.916,-0.000,1.489,0.009
34.82,-11.919,-0.008,-1.493,-11.916,-0.000,1.489,0.009
34.84,-11.919,-0.008,-1.493,-11.916,-0.000,1.489,0.009
34.87,-11.918,-0.008,-1.492,-11.916,-0.000,1.489,0.009
34.89,-11.918,-0.008,-1.492,-11.916,-0.000,1.489,0.009
34.91,-11.917,-0.007,-1.492,-11.916,-0.000,1.489,0.008
34.93,-11.917,-0.007,-1.492,-11.916,-0.000,1.489,0.008
34.95,-11.917,-0.007,-1.492,-11.916,-0.000,1.489,0.007
34.97,-11.917,-0.007,-1.492,-11.916,-0.000,1.489,0.007
34.99,-11.916,-0.006,-1.492,-11.916,-0.000,1.489,0.006
35.01,-11.916,-0.006,-1.492,-11.916,-0.000,1.489,0.006
35.03,-11.916,-0.005,-1.492,-11.916,-0.000,1.489,0.006
35.05,-11.916,-0.005,-1.492,-11.916,-0.000,1.489,0.006
35.07,-11.915,-0.004,-1.491,-11.916,-0.000,1.489,0.005
35.09,-11.915,-0.004,-1.491,-11.916,-0.000,1.489,0.005
35.12,-11.914,-0.003,-1.491,-11.916,-0.000,1.489,0.004
35.14,-11.914,-0.003,-1.491,-11.916,-0.000,1.489,0.004
35.16,-11.914,-0.003,-1.491,-11.916,-0.000,1.489,0.004
35.18,-11.914,-0.003,-1.491,-11.916,-0.000,1.489,0.004
35.20,-11.913,-0.002,-1.491,-11.916,-0.000,1.489,0.004
35.22,-11.913,-0.002,-1.491,-11.916,-0.000,1.489,0.004
35.24,-11.912,-0.002,-1.491,-11.916,-0.000,1.489,0.005
35.26,-11.912,-0.002,-1.491,-11.916,-0.000,1.489,0.005
35.28,-11.912,-0.002,-1.492,-11.916,-0.000,1.489,0.005
35.30,-11.912,-0.002,-1.492,-11.916,-0.000,1.489,0.005
35.32,-11.912,-0.002,-1.492,-11.916,-0.000,1.489,0.005
35.34,-11.912,-0.001,-1.492,-11.916,-0.000,1.489,0.005
35.37,-11.912,-0.001,-1.492,-11.916,-0.000,1.489,0.005
35.39,-11.912,-0.001,-1.492,-11.916,-0.000,1.489,0.006
35.41,-11.912,-0.001,-1.492,-11.916,-0.000,1.489,0.006
35.43,-11.912,-0.001,-1.493,-11.916,-0.000,1.489,0.006
35.45,-11.912,-0.001,-1.493,-11.916,-0.000,1.489,0.006
35.47,-11.911,-0.002,-1.494,-11.916,-0.000,1.489,0.007
35.49,-11.911,-0.002,-1.494,-11.916,-0.000,1.489,0.007
35.51,-11.911,-0.002,-1.494,-11.916,-0.000,1.489,0.008
35.53,-11.911,-0.002,-1.494,-11.916,-0.000,1.489,0.008
35.55,-11.911,-0.002,-1.495,-11.916,-0.000,1.489,0.008
35.57,-11.911,-0.002,-1.495,-11.916,-0.000,1.489,0.008
35.59,-11.910,-0.003,-1.495,-11.916,-0.000,1.489,0.009
35.62,-11.910,-0.003,-1.495,-11.916,-0.000,1.489,0.009
35.64,-11.909,-0.003,-1.496,-11.916,-0.000,1.489,0.011
35.66,-11.909,-0.003,-1.496,-11.916,-0.000,1.489,0.011
35.68,-11.908,-0.003,-1.497,-11.916,-0.000,1.489,0.012
35.70,-11.908,-0.003,-1.497,-11.916,-0.000,1.489,0.012
35.72,-11.907,-0.004,-1.498,-11.916,-0.000,1.489,0.013
35.74,-11.907,-0.004,-1.498,-11.916,-0.000,1.489,0.013
35.76,-11.907,-0.004,-1.498,-11.916,-0.000,1.489,0.014
35.78,-11.907,-0.004,-1.498,-11.916,-0.000,1.489,0.014
35.80,-11.906,-0.005,-1.498,-11.916,-0.000,1.489,0.015
35.82,-11.906,-0.005,-1.498,-11.916,-0.000,1.489,0.015
35.84,-11.906,-0.005,-1.498,-11.916,-0.000,1.489,0.015
35.87,-11.905,-0.006,-1.499,-11.916,-0.000,1.489,0.016
35.89,-11.905,-0.006,-1.499,-11.916,-0.000,1.489,0.016
35.91,-11.904,-0.007,-1.499,-11.916,-0.000,1.489,0.017
35.93,-11.904,-0.007,-1.499,-11.916,-0.000,1.489,0.017
35.95,-11.904,-0.007,-1.499,-11.916,-0.000,1.489,0.018
35.97,-11.904,-0.007,-1.499,-11.916,-0.000,1.489,0.018
35.99,-11.903,-0.007,-1.499,-11.916,-0.000,1.489,0.018
36.01,-11.903,-0.007,-1.499,-11.916,-0.000,1.489,0.018
36.03,-11.902,-0.007,-1.499,-11.916,-0.000,1.489,0.019
36.05,-11.902,-0.007,-1.499,-11.916,-0.000,1.489,0.019
36.07,-11.902,-0.007,-1.499,-11.916,-0.000,1.489,0.019
36.09,-11.902,-0.007,-1.499,-11.916,-0.000,1.489,0.019
36.11,-11.901,-0.007,-1.499,-11.916,-0.000,1.489,0.019
36.13,-11.901,-0.007,-1.499,-11.916,-0.000,1.489,0.019
36.16,-11.900,-0.007,-1.498,-11.916,-0.000,1.489,0.019
36.18,-11.900,-0.007,-1.498,-11.916,-0.000,1.489,0.019
36.20,-11.900,-0.006,-1.498,-11.916,-0.000,1.489,0.020
36.22,-11.900,-0.006,-1.498,-11.916,-0.000,1.489,0.020
36.24,-11.899,-0.006,-1.497,-11.916,-0.000,1.489,0.020
36.26,-11.899,-0.006,-1.497,-11.916,-0.000,1.489,0.020
36.28,-11.899,-0.006,-1.497,-11.916,-0.000,1.489,0.020
36.30,-11.899,-0.006,-1.497,-11.916,-0.000,1.489,0.020
36.32,-11.898,-0.005,-1.496,-11.916,-0.000,1.489,0.020
36.34,-11.898,-0.005,-1.496,-11.916,-0.000,1.489,0.020
36.37,-11.898,-0.005,-1.496,-11.916,-0.000,1.489,0.020
36.39,-11.897,-0.004,-1.495,-11.916,-0.000,1.489,0.020
36.41,-11.897,-0.004,-1.495,-11.916,-0.000,1.489,0.020
36.43,-11.896,-0.003,-1.495,-11.916,-0.000,1.489,0.021
36.45,-11.896,-0.003,-1.495,-11.916,-0.000,1.489,0.021
36.47,-11.896,-0.002,-1.494,-11.916,-0.000,1.489,0.021
36.49,-11.896,-0.002,-1.494,-11.916,-0.000,1.489,0.021
36.51,-11.895,-0.000,-1.494,-11.916,-0.000,1.489,0.021
36.53,-11.895,-0.000,-1.494,-11.916,-0.000,1.489,0.021
36.55,-11.895,0.001,-1.493,-11.916,-0.000,1.489,0.022
36.57,-11.895,0.001,-1.493,-11.916,-0.000,1.489,0.022
36.59,-11.895,0.003,-1.492,-11.916,-0.000,1.489,0.022
36.62,-11.895,0.003,-1.492,-11.916,-0.000,1.489,0.022
36.64,-11.895,0.005,-1.492,-11.916,-0.000,1.489,0.022
36.66,-11.895,0.005,-1.492,-11.916,-0.000,1.489,0.022
36.68,-11.895,0.006,-1.491,-11.916,-0.000,1.489,0.022
36.70,-11.895,0.006,-1.491,-11.916,-0.000,1.489,0.022
36.72,-11.895,0.008,-1.491,-11.916,-0.000,1.489,0.023
36.74,-11.895,0.008,-1.491,-11.916,-0.000,1.489,0.023
36.76,-11.895,0.009,-1.490,-11.916,-0.000,1.489,0.023
36.78,-11.895,0.009,-1.490,-11.916,-0.000,1.489,0.023
36.80,-11.895,0.010,-1.490,-11.916,-0.000,1.489,0.024
36.82,-11.895,0.010,-1.490,-11.916,-0.000,1.489,0.024
36.84,-11.895,0.010,-1.490,-11.916,-0.000,1.489,0.024
36.87,-11.896,0.012,-1.490,-11.916,-0.000,1.489,0.024
36.89,-11.896,0.012,-1.490,-11.916,-0.000,1.489,0.024
36.91,-11.896,0.013,-1.489,-11.916,-0.000,1.489,0.024
36.93,-11.896,0.013,-1.489,-11.916,-0.000,1.489,0.024
36.95,-11.897,0.014,-1.489,-11.916,-0.000,1.489,0.024
36.97,-11.897,0.014,-1.489,-11.916,-0.000,1.489,0.024
36.99,-11.897,0.016,-1.488,-11.916,-0.000,1.489,0.025
37.01,-11.897,0.016,-1.488,-11.916,-0.000,1.489,0.025
37.03,-11.898,0.017,-1.488,-11.916,-0.000,1.489,0.025
37.05,-11.898,0.017,-1.488,-11.916,-0.000,1.489,0.025
37.07,-11.898,0.017,-1.487,-11.916,-0.000,1.489,0.025
37.09,-11.898,0.017,-1.487,-11.916,-0.000,1.489,0.025
37.12,-11.899,0.018,-1.486,-11.916,-0.000,1.489,0.025
37.14,-11.899,0.018,-1.486,-11.916,-0.000,1.489,0.025
37.16,-11.899,0.019,-1.486,-11.916,-0.000,1.489,0.026
37.18,-11.899,0.019,-1.486,-11.916,-0.000,1.489,0.026
37.20,-11.900,0.020,-1.485,-11.916,-0.000,1.489,0.026
37.22,-11.900,0.020,-1.485,-11.916,-0.000,1.489,0.026
37.24,-11.900,0.020,-1.485,-11.916,-0.000,1.489,0.026
37.26,-11.900,0.020,-1.485,-11.916,-0.000,1.489,0.026
37.28,-11.900,0.020,-1.485,-11.916,-0.000,1.489,0.026
37.30,-11.900,0.020,-1.485,-11.916,-0.000,1.489,0.026
37.32,-11.901,0.021,-1.484,-11.916,-0.000,1.489,0.026
37.34,-11.901,0.021,-1.484,-11.916,-0.000,1.489,0.026
37.37,-11.901,0.021,-1.484,-11.916,-0.000,1.489,0.026
37.39,-11.902,0.021,-1.485,-11.916,-0.000,1.489,0.026
37.41,-11.902,0.021,-1.485,-11.916,-0.000,1.489,0.026
37.43,-11.903,0.022,-1.485,-11.916,-0.000,1.489,0.026
37.45,-11.903,0.022,-1.485,-11.916,-0.000,1.489,0.026
37.47,-11.904,0.022,-1.485,-11.916,-0.000,1.489,0.026
37.49,-11.904,0.022,-1.485,-11.916,-0.000,1.489,0.026
37.51,-11.905,0.022,-1.485,-11.916,-0.000,1.489,0.026
37.53,-11.905,0.022,-1.485,-11.916,-0.000,1.489,0.026
37.55,-11.906,0.023,-1.485,-11.916,-0.000,1.489,0.025
37.57,-11.906,0.023,-1.485,-11.916,-0.000,1.489,0.025
37.59,-11.907,0.023,-1.485,-11.916,-0.000,1.489,0.025
37.61,-11.907,0.023,-1.485,-11.916,-0.000,1.489,0.025
37.64,-11.909,0.023,-1.485,-11.916,-0.000,1.489,0.025
37.66,-11.909,0.023,-1.485,-11.916,-0.000,1.489,0.025
37.68,-11.910,0.023,-1.485,-11.916,-0.000,1.489,0.025
37.70,-11.910,0.023,-1.485,-11.916,-0.000,1.489,0.025
37.72,-11.911,0.024,-1.485,-11.916,-0.000,1.489,0.025
37.74,-11.911,0.024,-1.485,-11.916,-0.000,1.489,0.025
37.76,-11.912,0.024,-1.485,-11.916,-0.000,1.489,0.025
37.78,-11.912,0.024,-1.485,-11.916,-0.000,1.489,0.025
37.80,-11.913,0.024,-1.485,-11.916,-0.000,1.489,0.025
37.82,-11.913,0.024,-1.485,-11.916,-0.000,1.489,0.025
37.84,-11.913,0.024,-1.485,-11.916,-0.000,1.489,0.025
37.86,-11.914,0.024,-1.485,-11.916,-0.000,1.489,0.025
37.89,-11.914,0.024,-1.485,-11.916,-0.000,1.489,0.025
37.91,-11.915,0.024,-1.485,-11.916,-0.000,1.489,0.025
37.93,-11.915,0.024,-1.485,-11.916,-0.000,1.489,0.025
37.95,-11.916,0.025,-1.485,-11.916,-0.000,1.489,0.025
37.97,-11.916,0.025,-1.485,-11.916,-0.000,1.489,0.025
37.99,-11.917,0.025,-1.485,-11.916,-0.000,1.489,0.025
38.01,-11.917,0.025,-1.485,-11.916,-0.000,1.489,0.025
38.03,-11.918,0.025,-1.485,-11.916,-0.000,1.489,0.025
38.05,-11.918,0.025,-1.485,-11.916,-0.000,1.489,0.025
38.07,-11.920,0.024,-1.486,-11.916,-0.000,1.489,0.025
38.09,-11.920,0.024,-1.486,-11.916,-0.000,1.489,0.025
38.11,-11.921,0.024,-1.486,-11.916,-0.000,1.489,0.025
38.13,-11.921,0.024,-1.486,-11.916,-0.000,1.489,0.025
38.16,-11.922,0.024,-1.486,-11.916,-0.000,1.489,0.025
38.18,-11.922,0.024,-1.486,-11.916,-0.000,1.489,0.025
38.20,-11.924,0.023,-1.486,-11.916,-0.000,1.489,0.025
38.22,-11.924,0.023,-1.486,-11.916,-0.000,1.489,0.025
38.24,-11.925,0.023,-1.486,-11.916,-0.000,1.489,0.025
38.26,-11.925,0.023,-1.486,-11.916,-0.000,1.489,0.025
38.28,-11.926,0.022,-1.486,-11.916,-0.000,1.489,0.024
38.30,-11.926,0.022,-1.486,-11.916,-0.000,1.489,0.024
38.32,-11.926,0.022,-1.486,-11.916,-0.000,1.489,0.024
38.34,-11.926,0.022,-1.486,-11.916,-0.000,1.489,0.024
38.36,-11.926,0.022,-1.486,-11.916,-0.000,1.489,0.024
38.38,-11.928,0.021,-1.486,-11.916,-0.000,1.489,0.024
38.41,-11.928,0.021,-1.486,-11.916,-0.000,1.489,0.024
38.43,-11.928,0.020,-1.486,-11.916,-0.000,1.489,0.024
38.45,-11.928,0.020,-1.486,-11.916,-0.000,1.489,0.024
38.47,-11.929,0.019,-1.486,-11.916,-0.000,1.489,0.023
38.49,-11.929,0.019,-1.486,-11.916,-0.000,1.489,0.023
38.51,-11.929,0.018,-1.487,-11.916,-0.000,1.489,0.023
38.53,-11.929,0.018,-1.487,-11.916,-0.000,1.489,0.023
38.55,-11.930,0.017,-1.487,-11.916,-0.000,1.489,0.022
38.57,-11.930,0.017,-1.487,-11.916,-0.000,1.489,0.022
38.59,-11.930,0.016,-1.487,-11.916,-0.000,1.489,0.022
38.61,-11.930,0.016,-1.487,-11.916,-0.000,1.489,0.022
38.63,-11.930,0.016,-1.487,-11.916,-0.000,1.489,0.021
38.65,-11.930,0.016,-1.487,-11.916,-0.000,1.489,0.021
38.68,-11.930,0.014,-1.488,-11.916,-0.000,1.489,0.020
38.70,-11.930,0.014,-1.488,-11.916,-0.000,1.489,0.020
38.72,-11.929,0.014,-1.488,-11.916,-0.000,1.489,0.019
38.74,-11.929,0.014,-1.488,-11.916,-0.000,1.489,0.019
38.76,-11.928,0.013,-1.488,-11.916,-0.000,1.489,0.018
38.78,-11.928,0.013,-1.488,-11.916,-0.000,1.489,0.018
38.80,-11.927,0.012,-1.488,-11.916,-0.000,1.489,0.016
38.82,-11.927,0.012,-1.488,-11.916,-0.000,1.489,0.016
38.84,-11.926,0.011,-1.488,-11.916,-0.000,1.489,0.015
38.86,-11.926,0.011,-1.488,-11.916,-0.000,1.489,0.015
38.88,-11.926,0.011,-1.488,-11.916,-0.000,1.489,0.015
38.90,-11.924,0.010,-1.488,-11.916,-0.000,1.489,0.013
38.92,-11.924,0.010,-1.488,-11.916,-0.000,1.489,0.013
38.95,-11.923,0.009,-1.488,-11.916,-0.000,1.489,0.011
38.97,-11.923,0.009,-1.488,-11.916,-0.000,1.489,0.011
38.99,-11.921,0.008,-1.488,-11.916,-0.000,1.489,0.010
39.01,-11.921,0.008,-1.488,-11.916,-0.000,1.489,0.010
39.03,-11.919,0.007,-1.488,-11.916,-0.000,1.489,0.008
39.05,-11.919,0.007,-1.488,-11.916,-0.000,1.489,0.008
39.07,-11.917,0.007,-1.488,-11.916,-0.000,1.489,0.007
39.09,-11.917,0.007,-1.488,-11.916,-0.000,1.489,0.007
39.11,-11.915,0.006,-1.488,-11.916,-0.000,1.489,0.006
39.13,-11.915,0.006,-1.488,-11.916,-0.000,1.489,0.006
39.15,-11.913,0.005,-1.488,-11.916,-0.000,1.489,0.006
39.17,-11.913,0.005,-1.488,-11.916,-0.000,1.489,0.006
39.19,-11.911,0.004,-1.487,-11.916,-0.000,1.489,0.007
39.22,-11.911,0.004,-1.487,-11.916,-0.000,1.489,0.007
39.24,-11.909,0.003,-1.487,-11.916,-0.000,1.489,0.008
39.26,-11.909,0.003,-1.487,-11.916,-0.000,1.489,0.008
39.28,-11.907,0.003,-1.487,-11.916,-0.000,1.489,0.009
39.30,-11.907,0.003,-1.487,-11.916,-0.000,1.489,0.009
39.32,-11.906,0.002,-1.487,-11.916,-0.000,1.489,0.010
39.34,-11.906,0.002,-1.487,-11.916,-0.000,1.489,0.010
39.36,-11.906,0.002,-1.487,-11.916,-0.000,1.489,0.010
39.38,-11.904,0.001,-1.486,-11.916,-0.000,1.489,0.012
39.40,-11.904,0.001,-1.486,-11.916,-0.000,1.489,0.012
39.42,-11.903,0.000,-1.486,-11.916,-0.000,1.489,0.013
39.44,-11.903,0.000,-1.486,-11.916,-0.000,1.489,0.013
39.47,-11.902,-0.001,-1.486,-11.916,-0.000,1.489,0.014
39.49,-11.902,-0.001,-1.486,-11.916,-0.000,1.489,0.014
39.51,-11.901,-0.002,-1.485,-11.916,-0.000,1.489,0.016
39.53,-11.901,-0.002,-1.485,-11.916,-0.000,1.489,0.016
39.55,-11.900,-0.003,-1.485,-11.916,-0.000,1.489,0.017
39.57,-11.900,-0.003,-1.485,-11.916,-0.000,1.489,0.017
39.59,-11.899,-0.005,-1.485,-11.916,-0.000,1.489,0.018
39.61,-11.899,-0.005,-1.485,-11.916,-0.000,1.489,0.018
39.63,-11.898,-0.006,-1.484,-11.916,-0.000,1.489,0.019
39.65,-11.898,-0.006,-1.484,-11.916,-0.000,1.489,0.019
39.67,-11.898,-0.007,-1.484,-11.916,-0.000,1.489,0.020
39.69,-11.898,-0.007,-1.484,-11.916,-0.000,1.489,0.020
39.71,-11.897,-0.008,-1.483,-11.916,-0.000,1.489,0.021
39.74,-11.897,-0.008,-1.483,-11.916,-0.000,1.489,0.021
39.76,-11.896,-0.009,-1.483,-11.916,-0.000,1.489,0.023
39.78,-11.896,-0.009,-1.483,-11.916,-0.000,1.489,0.023
39.80,-11.895,-0.010,-1.482,-11.916,-0.000,1.489,0.024
39.82,-11.895,-0.010,-1.482,-11.916,-0.000,1.489,0.024
39.84,-11.895,-0.011,-1.482,-11.916,-0.000,1.489,0.025
39.86,-11.895,-0.011,-1.482,-11.916,-0.000,1.489,0.025
39.88,-11.895,-0.011,-1.482,-11.916,-0.000,1.489,0.025
39.90,-11.894,-0.012,-1.481,-11.916,-0.000,1.489,0.026
39.92,-11.894,-0.012,-1.481,-11.916,-0.000,1.489,0.026
39.94,-11.894,-0.013,-1.481,-11.916,-0.000,1.489,0.027
39.96,-11.894,-0.013,-1.481,-11.916,-0.000,1.489,0.027
39.99,-11.893,-0.014,-1.480,-11.916,-0.000,1.489,0.028
40.01,-11.893,-0.014,-1.480,-11.916,-0.000,1.489,0.028
40.03,-11.893,-0.014,-1.480,-11.916,-0.000,1.489,0.029
40.05,-11.893,-0.014,-1.480,-11.916,-0.000,1.489,0.029
40.07,-11.892,-0.014,-1.480,-11.916,-0.000,1.489,0.029
40.09,-11.892,-0.014,-1.480,-11.916,-0.000,1.489,0.029
40.11,-11.892,-0.014,-1.480,-11.916,-0.000,1.489,0.030
40.13,-11.892,-0.014,-1.480,-11.916,-0.000,1.489,0.030
40.15,-11.891,-0.014,-1.479,-11.916,-0.000,1.489,0.030
40.17,-11.891,-0.014,-1.479,-11.916,-0.000,1.489,0.030
40.19,-11.890,-0.014,-1.479,-11.916,-0.000,1.489,0.031
40.21,-11.890,-0.014,-1.479,-11.916,-0.000,1.489,0.031
40.24,-11.890,-0.013,-1.479,-11.916,-0.000,1.489,0.031
40.26,-11.890,-0.013,-1.479,-11.916,-0.000,1.489,0.031
40.28,-11.889,-0.013,-1.479,-11.916,-0.000,1.489,0.031
40.30,-11.889,-0.013,-1.479,-11.916,-0.000,1.489,0.031
40.32,-11.889,-0.012,-1.479,-11.916,-0.000,1.489,0.032
40.34,-11.889,-0.012,-1.479,-11.916,-0.000,1.489,0.032
40.36,-11.889,-0.012,-1.478,-11.916,-0.000,1.489,0.032
40.38,-11.889,-0.012,-1.478,-11.916,-0.000,1.489,0.032
40.40,-11.889,-0.012,-1.478,-11.916,-0.000,1.489,0.032
40.42,-11.888,-0.011,-1.478,-11.916,-0.000,1.489,0.032
40.44,-11.888,-0.011,-1.478,-11.916,-0.000,1.489,0.032
40.46,-11.889,-0.010,-1.478,-11.916,-0.000,1.489,0.031
40.48,-11.889,-0.010,-1.478,-11.916,-0.000,1.489,0.031
40.51,-11.889,-0.010,-1.478,-11.916,-0.000,1.489,0.031
40.53,-11.889,-0.010,-1.478,-11.916,-0.000,1.489,0.031
40.55,-11.890,-0.009,-1.479,-11.916,-0.000,1.489,0.030
40.57,-11.890,-0.009,-1.479,-11.916,-0.000,1.489,0.030
40.59,-11.891,-0.009,-1.479,-11.916,-0.000,1.489,0.029
40.61,-11.891,-0.009,-1.479,-11.916,-0.000,1.489,0.029
40.63,-11.892,-0.009,-1.479,-11.916,-0.000,1.489,0.028
40.65,-11.892,-0.009,-1.479,-11.916,-0.000,1.489,0.028
40.67,-11.893,-0.008,-1.479,-11.916,-0.000,1.489,0.027
40.69,-11.893,-0.008,-1.479,-11.916,-0.000,1.489,0.027
40.71,-11.894,-0.008,-1.480,-11.916,-0.000,1.489,0.025
40.74,-11.894,-0.008,-1.480,-11.916,-0.000,1.489,0.025
40.76,-11.896,-0.008,-1.481,-11.916,-0.000,1.489,0.024
40.78,-11.896,-0.008,-1.481,-11.916,-0.000,1.489,0.024
40.80,-11.897,-0.009,-1.481,-11.916,-0.000,1.489,0.023
40.82,-11.897,-0.009,-1.481,-11.916,-0.000,1.489,0.023
40.84,-11.898,-0.009,-1.481,-11.916,-0.000,1.489,0.022
40.86,-11.898,-0.009,-1.481,-11.916,-0.000,1.489,0.022
40.88,-11.898,-0.009,-1.481,-11.916,-0.000,1.489,0.022
40.90,-11.899,-0.009,-1.482,-11.916,-0.000,1.489,0.020
40.92,-11.899,-0.009,-1.482,-11.916,-0.000,1.489,0.020
40.94,-11.900,-0.009,-1.482,-11.916,-0.000,1.489,0.020
40.96,-11.900,-0.009,-1.482,-11.916,-0.000,1.489,0.020
40.98,-11.901,-0.009,-1.482,-11.916,-0.000,1.489,0.019
41.01,-11.901,-0.009,-1.482,-11.916,-0.000,1.489,0.019
41.03,-11.902,-0.009,-1.483,-11.916,-0.000,1.489,0.018
41.05,-11.902,-0.009,-1.483,-11.916,-0.000,1.489,0.018
41.07,-11.903,-0.009,-1.483,-11.916,-0.000,1.489,0.017
41.09,-11.903,-0.009,-1.483,-11.916,-0.000,1.489,0.017
41.11,-11.904,-0.009,-1.483,-11.916,-0.000,1.489,0.016
41.13,-11.904,-0.009,-1.483,-11.916,-0.000,1.489,0.016
41.15,-11.905,-0.008,-1.484,-11.916,-0.000,1.489,0.015
41.17,-11.905,-0.008,-1.484,-11.916,-0.000,1.489,0.015
41.19,-11.906,-0.008,-1.484,-11.916,-0.000,1.489,0.013
41.21,-11.906,-0.008,-1.484,-11.916,-0.000,1.489,0.013
41.23,-11.907,-0.007,-1.485,-11.916,-0.000,1.489,0.012
41.26,-11.907,-0.007,-1.485,-11.916,-0.000,1.489,0.012
41.28,-11.908,-0.006,-1.486,-11.916,-0.000,1.489,0.011
41.30,-11.908,-0.006,-1.486,-11.916,-0.000,1.489,0.011
41.32,-11.909,-0.006,-1.486,-11.916,-0.000,1.489,0.010
41.34,-11.909,-0.006,-1.486,-11.916,-0.000,1.489,0.010
41.36,-11.909,-0.006,-1.486,-11.916,-0.000,1.489,0.009
41.38,-11.909,-0.006,-1.486,-11.916,-0.000,1.489,0.009
41.40,-11.909,-0.006,-1.486,-11.916,-0.000,1.489,0.009
41.42,-11.910,-0.005,-1.487,-11.916,-0.000,1.489,0.008
41.44,-11.910,-0.005,-1.487,-11.916,-0.000,1.489,0.008
41.46,-11.911,-0.005,-1.487,-11.916,-0.000,1.489,0.008
41.49,-11.911,-0.005,-1.487,-11.916,-0.000,1.489,0.008
41.51,-11.911,-0.005,-1.487,-11.916,-0.000,1.489,0.007
41.53,-11.911,-0.005,-1.487,-11.916,-0.000,1.489,0.007
41.55,-11.911,-0.005,-1.487,-11.916,-0.000,1.489,0.007
41.57,-11.911,-0.005,-1.487,-11.916,-0.000,1.489,0.007
41.59,-11.911,-0.005,-1.486,-11.916,-0.000,1.489,0.007
41.61,-11.911,-0.005,-1.486,-11.916,-0.000,1.489,0.007
41.63,-11.911,-0.005,-1.486,-11.916,-0.000,1.489,0.007
41.65,-11.911,-0.005,-1.486,-11.916,-0.000,1.489,0.007
41.67,-11.911,-0.005,-1.486,-11.916,-0.000,1.489,0.007
41.69,-11.911,-0.005,-1.486,-11.916,-0.000,1.489,0.007
41.71,-11.911,-0.005,-1.485,-11.916,-0.000,1.489,0.008
41.73,-11.911,-0.005,-1.485,-11.916,-0.000,1.489,0.008
41.76,-11.911,-0.006,-1.485,-11.916,-0.000,1.489,0.009
41.78,-11.911,-0.006,-1.485,-11.916,-0.000,1.489,0.009
41.80,-11.911,-0.007,-1.484,-11.916,-0.000,1.489,0.010
41.82,-11.911,-0.007,-1.484,-11.916,-0.000,1.489,0.010
41.84,-11.911,-0.009,-1.484,-11.916,-0.000,1.489,0.011
41.86,-11.911,-0.009,-1.484,-11.916,-0.000,1.489,0.011
41.88,-11.911,-0.009,-1.484,-11.916,-0.000,1.489,0.011
41.90,-11.911,-0.010,-1.484,-11.916,-0.000,1.489,0.013
41.92,-11.911,-0.010,-1.484,-11.916,-0.000,1.489,0.013
41.94,-11.911,-0.012,-1.483,-11.916,-0.000,1.489,0.014
41.96,-11.911,-0.012,-1.483,-11.916,-0.000,1.489,0.014
41.99,-11.911,-0.013,-1.483,-11.916,-0.000,1.489,0.015
42.01,-11.911,-0.013,-1.483,-11.916,-0.000,1.489,0.015
42.03,-11.911,-0.015,-1.483,-11.916,-0.000,1.489,0.017
42.05,-11.911,-0.015,-1.483,-11.916,-0.000,1.489,0.017
42.07,-11.911,-0.016,-1.483,-11.916,-0.000,1.489,0.018
42.09,-11.911,-0.016,-1.483,-11.916,-0.000,1.489,0.018
42.11,-11.912,-0.017,-1.483,-11.916,-0.000,1.489,0.019
42.13,-11.912,-0.017,-1.483,-11.916,-0.000,1.489,0.019
42.15,-11.913,-0.019,-1.483,-11.916,-0.000,1.489,0.020
42.17,-11.913,-0.019,-1.483,-11.916,-0.000,1.489,0.020
42.19,-11.914,-0.020,-1.483,-11.916,-0.000,1.489,0.021
42.21,-11.914,-0.020,-1.483,-11.916,-0.000,1.489,0.021
42.24,-11.915,-0.021,-1.483,-11.916,-0.000,1.489,0.022
42.26,-11.915,-0.021,-1.483,-11.916,-0.000,1.489,0.022
42.28,-11.916,-0.022,-1.483,-11.916,-0.000,1.489,0.023
42.30,-11.916,-0.022,-1.483,-11.916,-0.000,1.489,0.023
42.32,-11.917,-0.023,-1.483,-11.916,-0.000,1.489,0.023
42.34,-11.917,-0.023,-1.483,-11.916,-0.000,1.489,0.023
42.36,-11.918,-0.024,-1.484,-11.916,-0.000,1.489,0.024
42.38,-11.918,-0.024,-1.484,-11.916,-0.000,1.489,0.024
42.40,-11.918,-0.024,-1.484,-11.916,-0.000,1.489,0.024
42.42,-11.920,-0.024,-1.484,-11.916,-0.000,1.489,0.025
42.44,-11.920,-0.024,-1.484,-11.916,-0.000,1.489,0.025
42.46,-11.921,-0.025,-1.484,-11.916,-0.000,1.489,0.025
42.49,-11.921,-0.025,-1.484,-11.916,-0.000,1.489,0.025
42.51,-11.922,-0.025,-1.484,-11.916,-0.000,1.489,0.026
42.53,-11.922,-0.025,-1.484,-11.916,-0.000,1.489,0.026
42.55,-11.923,-0.024,-1.484,-11.916,-0.000,1.489,0.026
42.57,-11.923,-0.024,-1.484,-11.916,-0.000,1.489,0.026
42.59,-11.924,-0.024,-1.484,-11.916,-0.000,1.489,0.025
42.61,-11.924,-0.024,-1.484,-11.916,-0.000,1.489,0.025
42.63,-11.924,-0.023,-1.484,-11.916,-0.000,1.489,0.025
42.65,-11.924,-0.023,-1.484,-11.916,-0.000,1.489,0.025
42.67,-11.925,-0.022,-1.484,-11.916,-0.000,1.489,0.024
42.69,-11.925,-0.022,-1.484,-11.916,-0.000,1.489,0.024
42.71,-11.925,-0.021,-1.484,-11.916,-0.000,1.489,0.023
42.74,-11.925,-0.021,-1.484,-11.916,-0.000,1.489,0.023
42.76,-11.926,-0.019,-1.484,-11.916,-0.000,1.489,0.022
42.78,-11.926,-0.019,-1.484,-11.916,-0.000,1.489,0.022
42.80,-11.927,-0.018,-1.484,-11.916,-0.000,1.489,0.021
42.82,-11.927,-0.018,-1.484,-11.916,-0.000,1.489,0.021
42.84,-11.927,-0.017,-1.484,-11.916,-0.000,1.489,0.020
42.86,-11.927,-0.017,-1.484,-11.916,-0.000,1.489,0.020
42.88,-11.927,-0.015,-1.484,-11.916,-0.000,1.489,0.020
42.90,-11.927,-0.015,-1.484,-11.916,-0.000,1.489,0.020
42.92,-11.927,-0.015,-1.484,-11.916,-0.000,1.489,0.020
42.94,-11.928,-0.014,-1.484,-11.916,-0.000,1.489,0.018
42.96,-11.928,-0.014,-1.484,-11.916,-0.000,1.489,0.018
42.99,-11.928,-0.012,-1.484,-11.916,-0.000,1.489,0.017
43.01,-11.928,-0.012,-1.484,-11.916,-0.000,1.489,0.017
43.03,-11.927,-0.011,-1.485,-11.916,-0.000,1.489,0.016
43.05,-11.927,-0.011,-1.485,-11.916,-0.000,1.489,0.016
43.07,-11.927,-0.009,-1.485,-11.916,-0.000,1.489,0.015
43.09,-11.927,-0.009,-1.485,-11.916,-0.000,1.489,0.015
43.11,-11.927,-0.008,-1.486,-11.916,-0.000,1.489,0.014
43.13,-11.927,-0.008,-1.486,-11.916,-0.000,1.489,0.014
43.15,-11.927,-0.007,-1.487,-11.916,-0.000,1.489,0.013
43.17,-11.927,-0.007,-1.487,-11.916,-0.000,1.489,0.013
43.20,-11.927,-0.006,-1.487,-11.916,-0.000,1.489,0.012
43.22,-11.927,-0.006,-1.487,-11.916,-0.000,1.489,0.012
43.24,-11.926,-0.005,-1.488,-11.916,-0.000,1.489,0.011
43.26,-11.926,-0.005,-1.488,-11.916,-0.000,1.489,0.011
43.28,-11.926,-0.004,-1.489,-11.916,-0.000,1.489,0.010
43.30,-11.926,-0.004,-1.489,-11.916,-0.000,1.489,0.010
43.32,-11.925,-0.003,-1.489,-11.916,-0.000,1.489,0.010
43.34,-11.925,-0.003,-1.489,-11.916,-0.000,1.489,0.010
43.36,-11.925,-0.002,-1.490,-11.916,-0.000,1.489,0.009
43.38,-11.925,-0.002,-1.490,-11.916,-0.000,1.489,0.009
43.40,-11.925,-0.002,-1.490,-11.916,-0.000,1.489,0.009
43.42,-11.924,-0.001,-1.491,-11.916,-0.000,1.489,0.008
43.44,-11.924,-0.001,-1.491,-11.916,-0.000,1.489,0.008
43.47,-11.923,0.000,-1.492,-11.916,-0.000,1.489,0.008
43.49,-11.923,0.000,-1.492,-11.916,-0.000,1.489,0.008
43.51,-11.923,0.001,-1.492,-11.916,-0.000,1.489,0.008
43.53,-11.923,0.001,-1.492,-11.916,-0.000,1.489,0.008
43.55,-11.922,0.002,-1.493,-11.916,-0.000,1.489,0.008
43.57,-11.922,0.002,-1.493,-11.916,-0.000,1.489,0.008
43.59,-11.921,0.003,-1.494,-11.916,-0.000,1.489,0.008
43.61,-11.921,0.003,-1.494,-11.916,-0.000,1.489,0.008
43.63,-11.921,0.005,-1.495,-11.916,-0.000,1.489,0.009
43.65,-11.921,0.005,-1.495,-11.916,-0.000,1.489,0.009
43.67,-11.920,0.006,-1.496,-11.916,-0.000,1.489,0.010
43.69,-11.920,0.006,-1.496,-11.916,-0.000,1.489,0.010
43.72,-11.920,0.007,-1.496,-11.916,-0.000,1.489,0.011
43.74,-11.920,0.007,-1.496,-11.916,-0.000,1.489,0.011
43.76,-11.919,0.010,-1.497,-11.916,-0.000,1.489,0.013
43.78,-11.919,0.010,-1.497,-11.916,-0.000,1.489,0.013
43.80,-11.919,0.011,-1.497,-11.916,-0.000,1.489,0.014
43.82,-11.919,0.011,-1.497,-11.916,-0.000,1.489,0.014
43.84,-11.918,0.013,-1.497,-11.916,-0.000,1.489,0.016
43.86,-11.918,0.013,-1.497,-11.916,-0.000,1.489,0.016
43.88,-11.918,0.014,-1.498,-11.916,-0.000,1.489,0.017
43.90,-11.918,0.014,-1.498,-11.916,-0.000,1.489,0.017
43.92,-11.918,0.014,-1.498,-11.916,-0.000,1.489,0.017
43.94,-11.917,0.017,-1.498,-11.916,-0.000,1.489,0.019
43.97,-11.917,0.017,-1.498,-11.916,-0.000,1.489,0.019
43.99,-11.916,0.019,-1.498,-11.916,-0.000,1.489,0.021
44.01,-11.916,0.019,-1.498,-11.916,-0.000,1.489,0.021
44.03,-11.916,0.021,-1.498,-11.916,-0.000,1.489,0.023
44.05,-11.916,0.021,-1.498,-11.916,-0.000,1.489,0.023
44.07,-11.915,0.023,-1.498,-11.916,-0.000,1.489,0.025
44.09,-11.915,0.023,-1.498,-11.916,-0.000,1.489,0.025
44.11,-11.915,0.025,-1.498,-11.916,-0.000,1.489,0.027
44.13,-11.915,0.025,-1.498,-11.916,-0.000,1.489,0.027
44.15,-11.915,0.027,-1.499,-11.916,-0.000,1.489,0.028
44.17,-11.915,0.027,-1.499,-11.916,-0.000,1.489,0.028
44.19,-11.915,0.029,-1.499,-11.916,-0.000,1.489,0.030
44.21,-11.915,0.029,-1.499,-11.916,-0.000,1.489,0.030
44.24,-11.915,0.031,-1.499,-11.916,-0.000,1.489,0.032
44.26,-11.915,0.031,-1.499,-11.916,-0.000,1.489,0.032
44.28,-11.916,0.033,-1.499,-11.916,-0.000,1.489,0.035
44.30,-11.916,0.033,-1.499,-11.916,-0.000,1.489,0.035
44.32,-11.916,0.035,-1.499,-11.916,-0.000,1.489,0.037
44.34,-11.916,0.035,-1.499,-11.916,-0.000,1.489,0.037
44.36,-11.916,0.037,-1.500,-11.916,-0.000,1.489,0.039
44.38,-11.916,0.037,-1.500,-11.916,-0.000,1.489,0.039
44.40,-11.916,0.037,-1.500,-11.916,-0.000,1.489,0.039
44.42,-11.917,0.040,-1.500,-11.916,-0.000,1.489,0.041
44.44,-11.917,0.040,-1.500,-11.916,-0.000,1.489,0.041
44.46,-11.917,0.041,-1.500,-11.916,-0.000,1.489,0.043
44.49,-11.917,0.041,-1.500,-11.916,-0.000,1.489,0.043
44.51,-11.918,0.043,-1.500,-11.916,-0.000,1.489,0.044
44.53,-11.918,0.043,-1.500,-11.916,-0.000,1.489,0.044
44.55,-11.918,0.044,-1.500,-11.916,-0.000,1.489,0.045
44.57,-11.918,0.044,-1.500,-11.916,-0.000,1.489,0.045
44.59,-11.918,0.045,-1.500,-11.916,-0.000,1.489,0.046
44.61,-11.918,0.045,-1.500,-11.916,-0.000,1.489,0.046
44.63,-11.918,0.045,-1.499,-11.916,-0.000,1.489,0.047
44.65,-11.918,0.045,-1.499,-11.916,-0.000,1.489,0.047
44.67,-11.918,0.046,-1.499,-11.916,-0.000,1.489,0.047
44.69,-11.918,0.046,-1.499,-11.916,-0.000,1.489,0.047
44.71,-11.917,0.046,-1.499,-11.916,-0.000,1.489,0.047
44.73,-11.917,0.046,-1.499,-11.916,-0.000,1.489,0.047
44.76,-11.917,0.046,-1.498,-11.916,-0.000,1.489,0.047
44.78,-11.917,0.046,-1.498,-11.916,-0.000,1.489,0.047
44.80,-11.915,0.047,-1.498,-11.916,-0.000,1.489,0.048
44.82,-11.915,0.047,-1.498,-11.916,-0.000,1.489,0.048
44.84,-11.915,0.047,-1.497,-11.916,-0.000,1.489,0.048
44.86,-11.915,0.047,-1.497,-11.916,-0.000,1.489,0.048
44.88,-11.914,0.047,-1.497,-11.916,-0.000,1.489,0.048
44.90,-11.914,0.047,-1.497,-11.916,-0.000,1.489,0.048
44.92,-11.914,0.047,-1.497,-11.916,-0.000,1.489,0.048
44.94,-11.912,0.047,-1.497,-11.916,-0.000,1.489,0.048
44.96,-11.912,0.047,-1.497,-11.916,-0.000,1.489,0.048
44.99,-11.911,0.046,-1.496,-11.916,-0.000,1.489,0.048
45.01,-11.911,0.046,-1.496,-11.916,-0.000,1.489,0.048
45.03,-11.910,0.046,-1.496,-11.916,-0.000,1.489,0.047
45.05,-11.910,0.046,-1.496,-11.916,-0.000,1.489,0.047
45.07,-11.909,0.046,-1.496,-11.916,-0.000,1.489,0.047
45.09,-11.909,0.046,-1.496,-11.916,-0.000,1.489,0.047
45.11,-11.908,0.045,-1.495,-11.916,-0.000,1.489,0.047
45.13,-11.908,0.045,-1.495,-11.916,-0.000,1.489,0.047
45.15,-11.907,0.045,-1.495,-11.916,-0.000,1.489,0.046
45.17,-11.907,0.045,-1.495,-11.916,-0.000,1.489,0.046
45.19,-11.907,0.044,-1.495,-11.916,-0.000,1.489,0.046
45.21,-11.907,0.044,-1.495,-11.916,-0.000,1.489,0.046
45.24,-11.906,0.043,-1.495,-11.916,-0.000,1.489,0.045
45.26,-11.906,0.043,-1.495,-11.916,-0.000,1.489,0.045
45.28,-11.905,0.042,-1.494,-11.916,-0.000,1.489,0.044
45.30,-11.905,0.042,-1.494,-11.916,-0.000,1.489,0.044
45.32,-11.905,0.042,-1.494,-11.916,-0.000,1.489,0.044
45.34,-11.905,0.042,-1.494,-11.916,-0.000,1.489,0.044
45.36,-11.904,0.041,-1.494,-11.916,-0.000,1.489,0.043
45.38,-11.904,0.041,-1.494,-11.916,-0.000,1.489,0.043
45.40,-11.904,0.041,-1.494,-11.916,-0.000,1.489,0.043
45.42,-11.904,0.040,-1.494,-11.916,-0.000,1.489,0.042
45.44,-11.904,0.040,-1.494,-11.916,-0.000,1.489,0.042
45.46,-11.903,0.039,-1.493,-11.916,-0.000,1.489,0.041
45.48,-11.903,0.039,-1.493,-11.916,-0.000,1.489,0.041
45.51,-11.903,0.038,-1.493,-11.916,-0.000,1.489,0.041
45.53,-11.903,0.038,-1.493,-11.916,-0.000,1.489,0.041
45.55,-11.903,0.038,-1.493,-11.916,-0.000,1.489,0.040
45.57,-11.903,0.038,-1.493,-11.916,-0.000,1.489,0.040
45.59,-11.903,0.036,-1.492,-11.916,-0.000,1.489,0.039
45.61,-11.903,0.036,-1.492,-11.916,-0.000,1.489,0.039
45.63,-11.904,0.035,-1.492,-11.916,-0.000,1.489,0.038
45.65,-11.904,0.035,-1.492,-11.916,-0.000,1.489,0.038
45.67,-11.904,0.034,-1.491,-11.916,-0.000,1.489,0.036
45.69,-11.904,0.034,-1.491,-11.916,-0.000,1.489,0.036
45.71,-11.904,0.033,-1.490,-11.916,-0.000,1.489,0.035
45.73,-11.904,0.033,-1.490,-11.916,-0.000,1.489,0.035
45.75,-11.905,0.031,-1.490,-11.916,-0.000,1.489,0.033
45.78,-11.905,0.031,-1.490,-11.916,-0.000,1.489,0.033
45.80,-11.906,0.028,-1.488,-11.916,-0.000,1.489,0.030
45.82,-11.906,0.028,-1.488,-11.916,-0.000,1.489,0.030
45.84,-11.907,0.026,-1.488,-11.916,-0.000,1.489,0.028
45.86,-11.907,0.026,-1.488,-11.916,-0.000,1.489,0.028
45.88,-11.908,0.024,-1.487,-11.916,-0.000,1.489,0.025
45.90,-11.908,0.024,-1.487,-11.916,-0.000,1.489,0.025
45.92,-11.908,0.024,-1.487,-11.916,-0.000,1.489,0.025
45.94,-11.910,0.021,-1.486,-11.916,-0.000,1.489,0.022
45.96,-11.910,0.021,-1.486,-11.916,-0.000,1.489,0.022
45.98,-11.911,0.018,-1.485,-11.916,-0.000,1.489,0.020
46.00,-11.911,0.018,-1.485,-11.916,-0.000,1.489,0.020
46.02,-11.912,0.016,-1.484,-11.916,-0.000,1.489,0.017
46.05,-11.912,0.016,-1.484,-11.916,-0.000,1.489,0.017
46.07,-11.913,0.014,-1.484,-11.916,-0.000,1.489,0.015
46.09,-11.913,0.014,-1.484,-11.916,-0.000,1.489,0.015
46.11,-11.915,0.011,-1.483,-11.916,-0.000,1.489,0.013
46.13,-11.915,0.011,-1.483,-11.916,-0.000,1.489,0.013
46.15,-11.916,0.008,-1.482,-11.916,-0.000,1.489,0.011
46.17,-11.916,0.008,-1.482,-11.916,-0.000,1.489,0.011
46.19,-11.917,0.006,-1.481,-11.916,-0.000,1.489,0.010
46.21,-11.917,0.006,-1.481,-11.916,-0.000,1.489,0.010
46.23,-11.918,0.003,-1.480,-11.916,-0.000,1.489,0.010
46.25,-11.918,0.003,-1.480,-11.916,-0.000,1.489,0.010
46.27,-11.919,0.001,-1.479,-11.916,-0.000,1.489,0.011
46.30,-11.919,0.001,-1.479,-11.916,-0.000,1.489,0.011
46.32,-11.921,-0.001,-1.478,-11.916,-0.000,1.489,0.012
46.34,-11.921,-0.001,-1.478,-11.916,-0.000,1.489,0.012
46.36,-11.922,-0.003,-1.477,-11.916,-0.000,1.489,0.013
46.38,-11.922,-0.003,-1.477,-11.916,-0.000,1.489,0.013
46.40,-11.923,-0.004,-1.477,-11.916,-0.000,1.489,0.015
46.42,-11.923,-0.004,-1.477,-11.916,-0.000,1.489,0.015
46.44,-11.923,-0.004,-1.477,-11.916,-0.000,1.489,0.015
46.46,-11.924,-0.006,-1.476,-11.916,-0.000,1.489,0.016
46.48,-11.924,-0.006,-1.476,-11.916,-0.000,1.489,0.016
46.50,-11.924,-0.007,-1.475,-11.916,-0.000,1.489,0.017
46.52,-11.924,-0.007,-1.475,-11.916,-0.000,1.489,0.017
46.54,-11.925,-0.008,-1.475,-11.916,-0.000,1.489,0.018
46.57,-11.925,-0.008,-1.475,-11.916,-0.000,1.489,0.018
46.59,-11.925,-0.009,-1.474,-11.916,-0.000,1.489,0.019
46.61,-11.925,-0.009,-1.474,-11.916,-0.000,1.489,0.019
46.63,-11.926,-0.010,-1.474,-11.916,-0.000,1.489,0.021
46.65,-11.926,-0.010,-1.474,-11.916,-0.000,1.489,0.021
46.67,-11.926,-0.011,-1.473,-11.916,-0.000,1.489,0.022
46.69,-11.926,-0.011,-1.473,-11.916,-0.000,1.489,0.022
46.71,-11.927,-0.012,-1.473,-11.916,-0.000,1.489,0.022
46.73,-11.927,-0.012,-1.473,-11.916,-0.000,1.489,0.022
46.75,-11.927,-0.013,-1.473,-11.916,-0.000,1.489,0.023
46.77,-11.927,-0.013,-1.473,-11.916,-0.000,1.489,0.023
46.79,-11.928,-0.014,-1.473,-11.916,-0.000,1.489,0.024
46.81,-11.928,-0.014,-1.473,-11.916,-0.000,1.489,0.024
46.84,-11.928,-0.015,-1.473,-11.916,-0.000,1.489,0.025
46.86,-11.928,-0.015,-1.473,-11.916,-0.000,1.489,0.025
46.88,-11.928,-0.017,-1.473,-11.916,-0.000,1.489,0.026
46.90,-11.928,-0.017,-1.473,-11.916,-0.000,1.489,0.026
46.92,-11.928,-0.017,-1.473,-11.916,-0.000,1.489,0.026
46.94,-11.927,-0.018,-1.473,-11.916,-0.000,1.489,0.027
46.96,-11.927,-0.018,-1.473,-11.916,-0.000,1.489,0.027
46.98,-11.927,-0.020,-1.473,-11.916,-0.000,1.489,0.027
47.00,-11.927,-0.020,-1.473,-11.916,-0.000,1.489,0.027
47.02,-11.927,-0.021,-1.473,-11.916,-0.000,1.489,0.028
47.04,-11.927,-0.021,-1.473,-11.916,-0.000,1.489,0.028
47.06,-11.927,-0.022,-1.474,-11.916,-0.000,1.489,0.029
47.09,-11.927,-0.022,-1.474,-11.916,-0.000,1.489,0.029
47.11,-11.927,-0.024,-1.474,-11.916,-0.000,1.489,0.030
47.13,-11.927,-0.024,-1.474,-11.916,-0.000,1.489,0.030
47.15,-11.926,-0.025,-1.475,-11.916,-0.000,1.489,0.030
47.17,-11.926,-0.025,-1.475,-11.916,-0.000,1.489,0.030
47.19,-11.926,-0.027,-1.476,-11.916,-0.000,1.489,0.031
47.21,-11.926,-0.027,-1.476,-11.916,-0.000,1.489,0.031
47.23,-11.925,-0.029,-1.476,-11.916,-0.000,1.489,0.032
47.25,-11.925,-0.029,-1.476,-11.916,-0.000,1.489,0.032
47.27,-11.924,-0.030,-1.477,-11.916,-0.000,1.489,0.033
47.29,-11.924,-0.030,-1.477,-11.916,-0.000,1.489,0.033
47.31,-11.924,-0.032,-1.478,-11.916,-0.000,1.489,0.034
47.33,-11.924,-0.032,-1.478,-11.916,-0.000,1.489,0.034
47.36,-11.923,-0.033,-1.479,-11.916,-0.000,1.489,0.035
47.38,-11.923,-0.033,-1.479,-11.916,-0.000,1.489,0.035
47.40,-11.921,-0.036,-1.480,-11.916,-0.000,1.489,0.037
47.42,-11.921,-0.036,-1.480,-11.916,-0.000,1.489,0.037
47.44,-11.921,-0.036,-1.480,-11.916,-0.000,1.489,0.037
47.46,-11.920,-0.038,-1.482,-11.916,-0.000,1.489,0.038
47.48,-11.920,-0.038,-1.482,-11.916,-0.000,1.489,0.038
47.50,-11.918,-0.039,-1.483,-11.916,-0.000,1.489,0.039
47.52,-11.918,-0.039,-1.483,-11.916,-0.000,1.489,0.039
47.54,-11.917,-0.040,-1.484,-11.916,-0.000,1.489,0.041
47.56,-11.917,-0.040,-1.484,-11.916,-0.000,1.489,0.041
47.58,-11.916,-0.041,-1.485,-11.916,-0.000,1.489,0.041
47.60,-11.916,-0.041,-1.485,-11.916,-0.000,1.489,0.041
47.63,-11.916,-0.042,-1.486,-11.916,-0.000,1.489,0.042
47.65,-11.916,-0.042,-1.486,-11.916,-0.000,1.489,0.042
47.67,-11.915,-0.043,-1.487,-11.916,-0.000,1.489,0.043
47.69,-11.915,-0.043,-1.487,-11.916,-0.000,1.489,0.043
47.71,-11.914,-0.043,-1.488,-11.916,-0.000,1.489,0.043
47.73,-11.914,-0.043,-1.488,-11.916,-0.000,1.489,0.043
47.75,-11.914,-0.042,-1.489,-11.916,-0.000,1.489,0.042
47.77,-11.914,-0.042,-1.489,-11.916,-0.000,1.489,0.042
47.79,-11.913,-0.042,-1.490,-11.916,-0.000,1.489,0.042
47.81,-11.913,-0.042,-1.490,-11.916,-0.000,1.489,0.042
47.83,-11.913,-0.041,-1.490,-11.916,-0.000,1.489,0.041
47.85,-11.913,-0.041,-1.490,-11.916,-0.000,1.489,0.041
47.88,-11.912,-0.041,-1.491,-11.916,-0.000,1.489,0.041
47.90,-11.912,-0.041,-1.491,-11.916,-0.000,1.489,0.041
47.92,-11.911,-0.040,-1.491,-11.916,-0.000,1.489,0.040
47.94,-11.911,-0.040,-1.491,-11.916,-0.000,1.489,0.040
47.96,-11.911,-0.040,-1.491,-11.916,-0.000,1.489,0.040
47.98,-11.911,-0.038,-1.492,-11.916,-0.000,1.489,0.039
48.00,-11.911,-0.038,-1.492,-11.916,-0.000,1.489,0.039
48.02,-11.910,-0.037,-1.492,-11.916,-0.000,1.489,0.038
48.04,-11.910,-0.037,-1.492,-11.916,-0.000,1.489,0.038
48.06,-11.910,-0.036,-1.493,-11.916,-0.000,1.489,0.036
48.08,-11.910,-0.036,-1.493,-11.916,-0.000,1.489,0.036
48.10,-11.909,-0.034,-1.493,-11.916,-0.000,1.489,0.035
48.12,-11.909,-0.034,-1.493,-11.916,-0.000,1.489,0.035
48.14,-11.909,-0.033,-1.493,-11.916,-0.000,1.489,0.034
48.17,-11.909,-0.033,-1.493,-11.916,-0.000,1.489,0.034
48.19,-11.908,-0.031,-1.494,-11.916,-0.000,1.489,0.032
48.21,-11.908,-0.031,-1.494,-11.916,-0.000,1.489,0.032
48.23,-11.908,-0.029,-1.494,-11.916,-0.000,1.489,0.031
48.25,-11.908,-0.029,-1.494,-11.916,-0.000,1.489,0.031
48.27,-11.907,-0.027,-1.494,-11.916,-0.000,1.489,0.029
48.29,-11.907,-0.027,-1.494,-11.916,-0.000,1.489,0.029
48.31,-11.907,-0.026,-1.495,-11.916,-0.000,1.489,0.028
48.33,-11.907,-0.026,-1.495,-11.916,-0.000,1.489,0.028
48.35,-11.906,-0.024,-1.495,-11.916,-0.000,1.489,0.027
48.37,-11.906,-0.024,-1.495,-11.916,-0.000,1.489,0.027
48.40,-11.906,-0.023,-1.494,-11.916,-0.000,1.489,0.025
48.42,-11.906,-0.023,-1.494,-11.916,-0.000,1.489,0.025
48.44,-11.906,-0.023,-1.494,-11.916,-0.000,1.489,0.025
48.46,-11.905,-0.020,-1.494,-11.916,-0.000,1.489,0.023
48.48,-11.905,-0.020,-1.494,-11.916,-0.000,1.489,0.023
48.50,-11.905,-0.018,-1.493,-11.916,-0.000,1.489,0.022
48.52,-11.905,-0.018,-1.493,-11.916,-0.000,1.489,0.022
48.54,-11.904,-0.016,-1.493,-11.916,-0.000,1.489,0.020
48.56,-11.904,-0.016,-1.493,-11.916,-0.000,1.489,0.020
48.58,-11.904,-0.015,-1.492,-11.916,-0.000,1.489,0.019
48.60,-11.904,-0.015,-1.492,-11.916,-0.000,1.489,0.019
48.62,-11.905,-0.013,-1.492,-11.916,-0.000,1.489,0.018
48.64,-11.905,-0.013,-1.492,-11.916,-0.000,1.489,0.018
48.66,-11.905,-0.012,-1.491,-11.916,-0.000,1.489,0.016
48.69,-11.905,-0.012,-1.491,-11.916,-0.000,1.489,0.016
48.71,-11.905,-0.010,-1.491,-11.916,-0.000,1.489,0.015
48.73,-11.905,-0.010,-1.491,-11.916,-0.000,1.489,0.015
48.75,-11.906,-0.009,-1.490,-11.916,-0.000,1.489,0.013
48.77,-11.906,-0.009,-1.490,-11.916,-0.000,1.489,0.013
48.79,-11.906,-0.007,-1.490,-11.916,-0.000,1.489,0.012
48.81,-11.906,-0.007,-1.490,-11.916,-0.000,1.489,0.012
48.83,-11.907,-0.006,-1.489,-11.916,-0.000,1.489,0.011
48.85,-11.907,-0.006,-1.489,-11.916,-0.000,1.489,0.011
48.87,-11.908,-0.005,-1.489,-11.916,-0.000,1.489,0.009
48.89,-11.908,-0.005,-1.489,-11.916,-0.000,1.489,0.009
48.91,-11.909,-0.003,-1.488,-11.916,-0.000,1.489,0.008
48.94,-11.909,-0.003,-1.488,-11.916,-0.000,1.489,0.008
48.96,-11.909,-0.003,-1.488,-11.916,-0.000,1.489,0.008
48.98,-11.911,-0.001,-1.487,-11.916,-0.000,1.489,0.005
49.00,-11.911,-0.001,-1.487,-11.916,-0.000,1.489,0.005
49.02,-11.912,0.000,-1.486,-11.916,-0.000,1.489,0.004
49.04,-11.912,0.000,-1.486,-11.916,-0.000,1.489,0.004
49.06,-11.914,0.001,-1.486,-11.916,-0.000,1.489,0.004
49.08,-11.914,0.001,-1.486,-11.916,-0.000,1.489,0.004
49.10,-11.915,0.002,-1.485,-11.916,-0.000,1.489,0.005
49.12,-11.915,0.002,-1.485,-11.916,-0.000,1.489,0.005
49.14,-11.916,0.003,-1.484,-11.916,-0.000,1.489,0.006
49.16,-11.916,0.003,-1.484,-11.916,-0.000,1.489,0.006
49.18,-11.918,0.004,-1.483,-11.916,-0.000,1.489,0.008
49.21,-11.918,0.004,-1.483,-11.916,-0.000,1.489,0.008
49.23,-11.919,0.005,-1.482,-11.916,-0.000,1.489,0.009
49.25,-11.919,0.005,-1.482,-11.916,-0.000,1.489,0.009
49.27,-11.921,0.005,-1.482,-11.916,-0.000,1.489,0.010
49.29,-11.921,0.005,-1.482,-11.916,-0.000,1.489,0.010
49.31,-11.922,0.006,-1.481,-11.916,-0.000,1.489,0.012
49.33,-11.922,0.006,-1.481,-11.916,-0.000,1.489,0.012
49.35,-11.924,0.007,-1.481,-11.916,-0.000,1.489,0.013
49.37,-11.924,0.007,-1.481,-11.916,-0.000,1.489,0.013
49.39,-11.925,0.008,-1.481,-11.916,-0.000,1.489,0.014
49.41,-11.925,0.008,-1.481,-11.916,-0.000,1.489,0.014
49.43,-11.925,0.008,-1.481,-11.916,-0.000,1.489,0.014
49.45,-11.927,0.009,-1.481,-11.916,-0.000,1.489,0.017
49.48,-11.927,0.009,-1.481,-11.916,-0.000,1.489,0.017
49.50,-11.929,0.010,-1.481,-11.916,-0.000,1.489,0.018
49.52,-11.929,0.010,-1.481,-11.916,-0.000,1.489,0.018
49.54,-11.930,0.010,-1.481,-11.916,-0.000,1.489,0.019
49.56,-11.930,0.010,-1.481,-11.916,-0.000,1.489,0.019
49.58,-11.932,0.010,-1.481,-11.916,-0.000,1.489,0.020
49.60,-11.932,0.010,-1.481,-11.916,-0.000,1.489,0.020
49.62,-11.933,0.011,-1.481,-11.916,-0.000,1.489,0.021
49.64,-11.933,0.011,-1.481,-11.916,-0.000,1.489,0.021
49.66,-11.934,0.011,-1.482,-11.916,-0.000,1.489,0.022
49.68,-11.934,0.011,-1.482,-11.916,-0.000,1.489,0.022
49.70,-11.935,0.011,-1.482,-11.916,-0.000,1.489,0.023
49.73,-11.935,0.011,-1.482,-11.916,-0.000,1.489,0.023
49.75,-11.937,0.011,-1.483,-11.916,-0.000,1.489,0.024
49.77,-11.937,0.011,-1.483,-11.916,-0.000,1.489,0.024
49.79,-11.938,0.011,-1.483,-11.916,-0.000,1.489,0.025
49.81,-11.938,0.011,-1.483,-11.916,-0.000,1.489,0.025
49.83,-11.939,0.011,-1.484,-11.916,-0.000,1.489,0.026
49.85,-11.939,0.011,-1.484,-11.916,-0.000,1.489,0.026
49.87,-11.940,0.011,-1.485,-11.916,-0.000,1.489,0.027
49.89,-11.940,0.011,-1.485,-11.916,-0.000,1.489,0.027
49.91,-11.941,0.011,-1.485,-11.916,-0.000,1.489,0.028
49.93,-11.941,0.011,-1.485,-11.916,-0.000,1.489,0.028
49.95,-11.941,0.011,-1.485,-11.916,-0.000,1.489,0.028
49.98,-11.943,0.010,-1.486,-11.916,-0.000,1.489,0.029
50.00,-11.943,0.010,-1.486,-11.916,-0.000,1.489,0.029
50.02,-11.944,0.010,-1.487,-11.916,-0.000,1.489,0.030
50.04,-11.944,0.010,-1.487,-11.916,-0.000,1.489,0.030
50.06,-11.944,0.010,-1.487,-11.916,-0.000,1.489,0.030
50.08,-11.944,0.010,-1.487,-11.916,-0.000,1.489,0.030
50.10,-11.945,0.009,-1.488,-11.916,-0.000,1.489,0.031
50.12,-11.945,0.009,-1.488,-11.916,-0.000,1.489,0.031
50.14,-11.946,0.009,-1.488,-11.916,-0.000,1.489,0.031
50.16,-11.946,0.009,-1.488,-11.916,-0.000,1.489,0.031
50.18,-11.946,0.008,-1.488,-11.916,-0.000,1.489,0.031
50.20,-11.946,0.008,-1.488,-11.916,-0.000,1.489,0.031
50.23,-11.946,0.007,-1.489,-11.916,-0.000,1.489,0.031
50.25,-11.946,0.007,-1.489,-11.916,-0.000,1.489,0.031
50.27,-11.946,0.007,-1.489,-11.916,-0.000,1.489,0.031
50.29,-11.946,0.007,-1.489,-11.916,-0.000,1.489,0.031
50.31,-11.946,0.005,-1.490,-11.916,-0.000,1.489,0.031
50.33,-11.946,0.005,-1.490,-11.916,-0.000,1.489,0.031
50.35,-11.946,0.005,-1.490,-11.916,-0.000,1.489,0.030
50.37,-11.946,0.005,-1.490,-11.916,-0.000,1.489,0.030
50.39,-11.945,0.004,-1.491,-11.916,-0.000,1.489,0.030
50.41,-11.945,0.004,-1.491,-11.916,-0.000,1.489,0.030
50.43,-11.945,0.002,-1.492,-11.916,-0.000,1.489,0.029
50.45,-11.945,0.002,-1.492,-11.916,-0.000,1.489,0.029
50.47,-11.945,0.002,-1.492,-11.916,-0.000,1.489,0.029
50.49,-11.944,0.001,-1.492,-11.916,-0.000,1.489,0.028
50.52,-11.944,0.001,-1.492,-11.916,-0.000,1.489,0.028
50.54,-11.943,-0.000,-1.493,-11.916,-0.000,1.489,0.028
50.56,-11.943,-0.000,-1.493,-11.916,-0.000,1.489,0.028
50.58,-11.942,-0.001,-1.494,-11.916,-0.000,1.489,0.027
50.60,-11.942,-0.001,-1.494,-11.916,-0.000,1.489,0.027
50.62,-11.941,-0.002,-1.494,-11.916,-0.000,1.489,0.026
50.64,-11.941,-0.002,-1.494,-11.916,-0.000,1.489,0.026
50.66,-11.940,-0.003,-1.495,-11.916,-0.000,1.489,0.025
50.68,-11.940,-0.003,-1.495,-11.916,-0.000,1.489,0.025
50.70,-11.939,-0.003,-1.495,-11.916,-0.000,1.489,0.024
50.72,-11.939,-0.003,-1.495,-11.916,-0.000,1.489,0.024
50.74,-11.938,-0.004,-1.496,-11.916,-0.000,1.489,0.023
50.77,-11.938,-0.004,-1.496,-11.916,-0.000,1.489,0.023
50.79,-11.937,-0.004,-1.496,-11.916,-0.000,1.489,0.022
50.81,-11.937,-0.004,-1.496,-11.916,-0.000,1.489,0.022
50.83,-11.935,-0.005,-1.496,-11.916,-0.000,1.489,0.021
50.85,-11.935,-0.005,-1.496,-11.916,-0.000,1.489,0.021
50.87,-11.934,-0.005,-1.497,-11.916,-0.000,1.489,0.020
50.89,-11.934,-0.005,-1.497,-11.916,-0.000,1.489,0.020
50.91,-11.933,-0.005,-1.497,-11.916,-0.000,1.489,0.020
50.93,-11.933,-0.005,-1.497,-11.916,-0.000,1.489,0.020
50.95,-11.933,-0.005,-1.497,-11.916,-0.000,1.489,0.020
50.97,-11.932,-0.005,-1.498,-11.916,-0.000,1.489,0.019
50.99,-11.932,-0.005,-1.498,-11.916,-0.000,1.489,0.019
51.01,-11.931,-0.005,-1.498,-11.916,-0.000,1.489,0.018
51.03,-11.931,-0.005,-1.498,-11.916,-0.000,1.489,0.018
51.06,-11.930,-0.005,-1.499,-11.916,-0.000,1.489,0.018
51.08,-11.930,-0.005,-1.499,-11.916,-0.000,1.489,0.018
51.10,-11.929,-0.005,-1.499,-11.916,-0.000,1.489,0.017
51.12,-11.929,-0.005,-1.499,-11.916,-0.000,1.489,0.017
51.14,-11.928,-0.005,-1.499,-11.916,-0.000,1.489,0.017
51.16,-11.928,-0.005,-1.499,-11.916,-0.000,1.489,0.017
51.18,-11.927,-0.004,-1.500,-11.916,-0.000,1.489,0.016
51.20,-11.927,-0.004,-1.500,-11.916,-0.000,1.489,0.016
51.22,-11.927,-0.004,-1.500,-11.916,-0.000,1.489,0.016
51.24,-11.927,-0.004,-1.500,-11.916,-0.000,1.489,0.016
51.27,-11.926,-0.004,-1.501,-11.916,-0.000,1.489,0.016
51.29,-11.926,-0.004,-1.501,-11.916,-0.000,1.489,0.016
51.31,-11.925,-0.003,-1.501,-11.916,-0.000,1.489,0.016
51.33,-11.925,-0.003,-1.501,-11.916,-0.000,1.489,0.016
51.35,-11.924,-0.003,-1.501,-11.916,-0.000,1.489,0.015
51.37,-11.924,-0.003,-1.501,-11.916,-0.000,1.489,0.015
51.39,-11.923,-0.003,-1.501,-11.916,-0.000,1.489,0.015
51.41,-11.923,-0.003,-1.501,-11.916,-0.000,1.489,0.015
51.43,-11.922,-0.003,-1.501,-11.916,-0.000,1.489,0.014
51.45,-11.922,-0.003,-1.501,-11.916,-0.000,1.489,0.014
51.47,-11.922,-0.003,-1.501,-11.916,-0.000,1.489,0.014
51.49,-11.920,-0.002,-1.501,-11.916,-0.000,1.489,0.013
51.51,-11.920,-0.002,-1.501,-11.916,-0.000,1.489,0.013
51.54,-11.919,-0.002,-1.501,-11.916,-0.000,1.489,0.013
51.56,-11.919,-0.002,-1.501,-11.916,-0.000,1.489,0.013
51.58,-11.917,-0.002,-1.501,-11.916,-0.000,1.489,0.012
51.60,-11.917,-0.002,-1.501,-11.916,-0.000,1.489,0.012
51.62,-11.916,-0.002,-1.501,-11.916,-0.000,1.489,0.012
51.64,-11.916,-0.002,-1.501,-11.916,-0.000,1.489,0.012
51.66,-11.914,-0.002,-1.501,-11.916,-0.000,1.489,0.013
51.68,-11.914,-0.002,-1.501,-11.916,-0.000,1.489,0.013
51.70,-11.913,-0.002,-1.501,-11.916,-0.000,1.489,0.013
51.72,-11.913,-0.002,-1.501,-11.916,-0.000,1.489,0.013
51.74,-11.912,-0.002,-1.501,-11.916,-0.000,1.489,0.013
51.77,-11.912,-0.002,-1.501,-11.916,-0.000,1.489,0.013
51.79,-11.910,-0.001,-1.501,-11.916,-0.000,1.489,0.014
51.81,-11.910,-0.001,-1.501,-11.916,-0.000,1.489,0.014
51.83,-11.909,-0.001,-1.501,-11.916,-0.000,1.489,0.014
51.85,-11.909,-0.001,-1.501,-11.916,-0.000,1.489,0.014
51.87,-11.908,0.000,-1.500,-11.916,-0.000,1.489,0.014
51.89,-11.908,0.000,-1.500,-11.916,-0.000,1.489,0.014
51.91,-11.907,0.001,-1.500,-11.916,-0.000,1.489,0.014
51.93,-11.907,0.001,-1.500,-11.916,-0.000,1.489,0.014
51.95,-11.907,0.002,-1.499,-11.916,-0.000,1.489,0.014
51.97,-11.907,0.002,-1.499,-11.916,-0.000,1.489,0.014
51.99,-11.907,0.002,-1.499,-11.916,-0.000,1.489,0.014
52.01,-11.906,0.003,-1.499,-11.916,-0.000,1.489,0.014
52.04,-11.906,0.003,-1.499,-11.916,-0.000,1.489,0.014
52.06,-11.905,0.004,-1.498,-11.916,-0.000,1.489,0.015
52.08,-11.905,0.004,-1.498,-11.916,-0.000,1.489,0.015
52.10,-11.905,0.005,-1.497,-11.916,-0.000,1.489,0.015
52.12,-11.905,0.005,-1.497,-11.916,-0.000,1.489,0.015
52.14,-11.905,0.006,-1.496,-11.916,-0.000,1.489,0.015
52.16,-11.905,0.006,-1.496,-11.916,-0.000,1.489,0.015
52.18,-11.904,0.006,-1.496,-11.916,-0.000,1.489,0.015
52.20,-11.904,0.006,-1.496,-11.916,-0.000,1.489,0.015
52.22,-11.904,0.007,-1.495,-11.916,-0.000,1.489,0.015
52.24,-11.904,0.007,-1.495,-11.916,-0.000,1.489,0.015
52.26,-11.903,0.007,-1.494,-11.916,-0.000,1.489,0.016
52.29,-11.903,0.007,-1.494,-11.916,-0.000,1.489,0.016
52.31,-11.903,0.007,-1.493,-11.916,-0.000,1.489,0.016
52.33,-11.903,0.007,-1.493,-11.916,-0.000,1.489,0.016
52.35,-11.902,0.008,-1.492,-11.916,-0.000,1.489,0.016
52.37,-11.902,0.008,-1.492,-11.916,-0.000,1.489,0.016
52.39,-11.902,0.008,-1.491,-11.916,-0.000,1.489,0.016
52.41,-11.902,0.008,-1.491,-11.916,-0.000,1.489,0.016
52.43,-11.901,0.007,-1.491,-11.916,-0.000,1.489,0.017
52.45,-11.901,0.007,-1.491,-11.916,-0.000,1.489,0.017
52.47,-11.901,0.007,-1.491,-11.916,-0.000,1.489,0.017
52.49,-11.901,0.007,-1.489,-11.916,-0.000,1.489,0.017
52.51,-11.901,0.007,-1.489,-11.916,-0.000,1.489,0.017
52.54,-11.901,0.007,-1.489,-11.916,-0.000,1.489,0.016
52.56,-11.901,0.007,-1.489,-11.916,-0.000,1.489,0.016
52.58,-11.902,0.007,-1.488,-11.916,-0.000,1.489,0.016
52.60,-11.902,0.007,-1.488,-11.916,-0.000,1.489,0.016
52.62,-11.902,0.007,-1.487,-11.916,-0.000,1.489,0.016
52.64,-11.902,0.007,-1.487,-11.916,-0.000,1.489,0.016
52.66,-11.903,0.007,-1.486,-11.916,-0.000,1.489,0.015
52.68,-11.903,0.007,-1.486,-11.916,-0.000,1.489,0.015
52.70,-11.903,0.007,-1.486,-11.916,-0.000,1.489,0.015
52.72,-11.903,0.007,-1.486,-11.916,-0.000,1.489,0.015
52.74,-11.904,0.007,-1.485,-11.916,-0.000,1.489,0.014
52.77,-11.904,0.007,-1.485,-11.916,-0.000,1.489,0.014
52.79,-11.905,0.008,-1.484,-11.916,-0.000,1.489,0.014
52.81,-11.905,0.008,-1.484,-11.916,-0.000,1.489,0.014
52.83,-11.906,0.008,-1.484,-11.916,-0.000,1.489,0.014
52.85,-11.906,0.008,-1.484,-11.916,-0.000,1.489,0.014
52.87,-11.907,0.008,-1.483,-11.916,-0.000,1.489,0.013
52.89,-11.907,0.008,-1.483,-11.916,-0.000,1.489,0.013
52.91,-11.908,0.008,-1.483,-11.916,-0.000,1.489,0.013
52.93,-11.908,0.008,-1.483,-11.916,-0.000,1.489,0.013
52.95,-11.909,0.008,-1.482,-11.916,-0.000,1.489,0.013
52.97,-11.909,0.008,-1.482,-11.916,-0.000,1.489,0.013
52.99,-11.909,0.008,-1.482,-11.916,-0.000,1.489,0.013
53.02,-11.911,0.009,-1.482,-11.916,-0.000,1.489,0.012
53.04,-11.911,0.009,-1.482,-11.916,-0.000,1.489,0.012
53.06,-11.913,0.009,-1.482,-11.916,-0.000,1.489,0.012
53.08,-11.913,0.009,-1.482,-11.916,-0.000,1.489,0.012
53.10,-11.914,0.009,-1.482,-11.916,-0.000,1.489,0.011
53.12,-11.914,0.009,-1.482,-11.916,-0.000,1.489,0.011
53.14,-11.915,0.009,-1.482,-11.916,-0.000,1.489,0.011
53.16,-11.915,0.009,-1.482,-11.916,-0.000,1.489,0.011
53.18,-11.915,0.009,-1.482,-11.916,-0.000,1.489,0.011
53.20,-11.915,0.009,-1.482,-11.916,-0.000,1.489,0.011
53.22,-11.916,0.009,-1.482,-11.916,-0.000,1.489,0.011
53.24,-11.916,0.009,-1.482,-11.916,-0.000,1.489,0.011
53.26,-11.916,0.008,-1.482,-11.916,-0.000,1.489,0.011
53.28,-11.916,0.008,-1.482,-11.916,-0.000,1.489,0.011
53.31,-11.917,0.008,-1.483,-11.916,-0.000,1.489,0.010
53.33,-11.917,0.008,-1.483,-11.916,-0.000,1.489,0.010
53.35,-11.917,0.007,-1.483,-11.916,-0.000,1.489,0.010
53.37,-11.917,0.007,-1.483,-11.916,-0.000,1.489,0.010
53.39,-11.917,0.006,-1.483,-11.916,-0.000,1.489,0.009
53.41,-11.917,0.006,-1.483,-11.916,-0.000,1.489,0.009
53.43,-11.917,0.005,-1.483,-11.916,-0.000,1.489,0.008
53.45,-11.917,0.005,-1.483,-11.916,-0.000,1.489,0.008
53.47,-11.917,0.005,-1.483,-11.916,-0.000,1.489,0.008
53.49,-11.917,0.003,-1.484,-11.916,-0.000,1.489,0.006
53.51,-11.917,0.003,-1.484,-11.916,-0.000,1.489,0.006
53.53,-11.917,0.002,-1.484,-11.916,-0.000,1.489,0.005
53.55,-11.917,0.002,-1.484,-11.916,-0.000,1.489,0.005
53.58,-11.916,0.000,-1.484,-11.916,-0.000,1.489,0.004
53.60,-11.916,0.000,-1.484,-11.916,-0.000,1.489,0.004
53.62,-11.916,-0.001,-1.485,-11.916,-0.000,1.489,0.004
53.64,-11.916,-0.001,-1.485,-11.916,-0.000,1.489,0.004
53.66,-11.916,-0.003,-1.485,-11.916,-0.000,1.489,0.005
53.68,-11.916,-0.003,-1.485,-11.916,-0.000,1.489,0.005
53.70,-11.915,-0.004,-1.485,-11.916,-0.000,1.489,0.005
53.72,-11.915,-0.004,-1.485,-11.916,-0.000,1.489,0.005
53.74,-11.915,-0.005,-1.485,-11.916,-0.000,1.489,0.006
53.76,-11.915,-0.005,-1.485,-11.916,-0.000,1.489,0.006
53.78,-11.915,-0.007,-1.485,-11.916,-0.000,1.489,0.008
53.80,-11.915,-0.007,-1.485,-11.916,-0.000,1.489,0.008
53.82,-11.915,-0.008,-1.485,-11.916,-0.000,1.489,0.009
53.85,-11.915,-0.008,-1.485,-11.916,-0.000,1.489,0.009
53.87,-11.916,-0.009,-1.485,-11.916,-0.000,1.489,0.010
53.89,-11.916,-0.009,-1.485,-11.916,-0.000,1.489,0.010
53.91,-11.916,-0.010,-1.484,-11.916,-0.000,1.489,0.011
53.93,-11.916,-0.010,-1.484,-11.916,-0.000,1.489,0.011
53.95,-11.916,-0.011,-1.484,-11.916,-0.000,1.489,0.012
53.97,-11.916,-0.011,-1.484,-11.916,-0.000,1.489,0.012
53.99,-11.916,-0.011,-1.484,-11.916,-0.000,1.489,0.012
54.01,-11.916,-0.012,-1.483,-11.916,-0.000,1.489,0.013
54.03,-11.916,-0.012,-1.483,-11.916,-0.000,1.489,0.013
54.05,-11.917,-0.013,-1.483,-11.916,-0.000,1.489,0.014
54.07,-11.917,-0.013,-1.483,-11.916,-0.000,1.489,0.014
54.10,-11.917,-0.014,-1.482,-11.916,-0.000,1.489,0.015
54.12,-11.917,-0.014,-1.482,-11.916,-0.000,1.489,0.015
54.14,-11.917,-0.014,-1.482,-11.916,-0.000,1.489,0.016
54.16,-11.917,-0.014,-1.482,-11.916,-0.000,1.489,0.016
54.18,-11.918,-0.015,-1.481,-11.916,-0.000,1.489,0.016
54.20,-11.918,-0.015,-1.481,-11.916,-0.000,1.489,0.016
54.22,-11.918,-0.015,-1.480,-11.916,-0.000,1.489,0.017
54.24,-11.918,-0.015,-1.480,-11.916,-0.000,1.489,0.017
54.26,-11.919,-0.015,-1.480,-11.916,-0.000,1.489,0.018
54.28,-11.919,-0.015,-1.480,-11.916,-0.000,1.489,0.018
54.31,-11.920,-0.016,-1.479,-11.916,-0.000,1.489,0.019
54.33,-11.920,-0.016,-1.479,-11.916,-0.000,1.489,0.019
54.35,-11.921,-0.016,-1.479,-11.916,-0.000,1.489,0.020
54.37,-11.921,-0.016,-1.479,-11.916,-0.000,1.489,0.020
54.39,-11.922,-0.016,-1.478,-11.916,-0.000,1.489,0.020
54.41,-11.922,-0.016,-1.478,-11.916,-0.000,1.489,0.020
54.43,-11.923,-0.016,-1.478,-11.916,-0.000,1.489,0.021
54.45,-11.923,-0.016,-1.478,-11.916,-0.000,1.489,0.021
54.47,-11.924,-0.016,-1.477,-11.916,-0.000,1.489,0.021
54.49,-11.924,-0.016,-1.477,-11.916,-0.000,1.489,0.021
54.51,-11.924,-0.016,-1.477,-11.916,-0.000,1.489,0.021
54.53,-11.925,-0.015,-1.477,-11.916,-0.000,1.489,0.021
54.56,-11.925,-0.015,-1.477,-11.916,-0.000,1.489,0.021
54.58,-11.926,-0.014,-1.477,-11.916,-0.000,1.489,0.021
54.60,-11.926,-0.014,-1.477,-11.916,-0.000,1.489,0.021
54.62,-11.926,-0.014,-1.477,-11.916,-0.000,1.489,0.020
54.64,-11.926,-0.014,-1.477,-11.916,-0.000,1.489,0.020
54.66,-11.926,-0.013,-1.478,-11.916,-0.000,1.489,0.019
54.68,-11.926,-0.013,-1.478,-11.916,-0.000,1.489,0.019
54.70,-11.926,-0.012,-1.478,-11.916,-0.000,1.489,0.019
54.72,-11.926,-0.012,-1.478,-11.916,-0.000,1.489,0.019
54.74,-11.925,-0.011,-1.479,-11.916,-0.000,1.489,0.017
54.76,-11.925,-0.011,-1.479,-11.916,-0.000,1.489,0.017
54.79,-11.925,-0.010,-1.480,-11.916,-0.000,1.489,0.016
54.81,-11.925,-0.010,-1.480,-11.916,-0.000,1.489,0.016
54.83,-11.924,-0.010,-1.480,-11.916,-0.000,1.489,0.015
54.85,-11.924,-0.010,-1.480,-11.916,-0.000,1.489,0.015
54.87,-11.924,-0.009,-1.482,-11.916,-0.000,1.489,0.014
54.89,-11.924,-0.009,-1.482,-11.916,-0.000,1.489,0.014
54.91,-11.923,-0.009,-1.483,-11.916,-0.000,1.489,0.013
54.93,-11.923,-0.009,-1.483,-11.916,-0.000,1.489,0.013
54.95,-11.923,-0.008,-1.484,-11.916,-0.000,1.489,0.011
54.97,-11.923,-0.008,-1.484,-11.916,-0.000,1.489,0.011
55.00,-11.923,-0.008,-1.484,-11.916,-0.000,1.489,0.011
55.02,-11.921,-0.007,-1.486,-11.916,-0.000,1.489,0.009
55.04,-11.921,-0.007,-1.486,-11.916,-0.000,1.489,0.009
55.06,-11.921,-0.007,-1.487,-11.916,-0.000,1.489,0.008
55.08,-11.921,-0.007,-1.487,-11.916,-0.000,1.489,0.008
55.10,-11.920,-0.006,-1.488,-11.916,-0.000,1.489,0.007
55.12,-11.920,-0.006,-1.488,-11.916,-0.000,1.489,0.007
55.14,-11.919,-0.006,-1.490,-11.916,-0.000,1.489,0.007
55.16,-11.919,-0.006,-1.490,-11.916,-0.000,1.489,0.007
55.19,-11.919,-0.006,-1.491,-11.916,-0.000,1.489,0.006
55.21,-11.919,-0.006,-1.491,-11.916,-0.000,1.489,0.006
55.23,-11.918,-0.006,-1.492,-11.916,-0.000,1.489,0.007
55.25,-11.918,-0.006,-1.492,-11.916,-0.000,1.489,0.007
55.27,-11.917,-0.006,-1.493,-11.916,-0.000,1.489,0.007
55.29,-11.917,-0.006,-1.493,-11.916,-0.000,1.489,0.007
55.31,-11.916,-0.006,-1.495,-11.916,-0.000,1.489,0.008
55.33,-11.916,-0.006,-1.495,-11.916,-0.000,1.489,0.008
55.35,-11.915,-0.006,-1.496,-11.916,-0.000,1.489,0.009
55.37,-11.915,-0.006,-1.496,-11.916,-0.000,1.489,0.009
55.40,-11.914,-0.006,-1.496,-11.916,-0.000,1.489,0.010
55.42,-11.914,-0.006,-1.496,-11.916,-0.000,1.489,0.010
55.44,-11.912,-0.006,-1.497,-11.916,-0.000,1.489,0.011
55.46,-11.912,-0.006,-1.497,-11.916,-0.000,1.489,0.011
55.48,-11.911,-0.006,-1.498,-11.916,-0.000,1.489,0.012
55.50,-11.911,-0.006,-1.498,-11.916,-0.000,1.489,0.012
55.52,-11.911,-0.006,-1.498,-11.916,-0.000,1.489,0.012
55.54,-11.909,-0.006,-1.498,-11.916,-0.000,1.489,0.013
55.56,-11.909,-0.006,-1.498,-11.916,-0.000,1.489,0.013
55.58,-11.908,-0.006,-1.498,-11.916,-0.000,1.489,0.014
55.61,-11.908,-0.006,-1.498,-11.916,-0.000,1.489,0.014
55.63,-11.907,-0.006,-1.498,-11.916,-0.000,1.489,0.014
55.65,-11.907,-0.006,-1.498,-11.916,-0.000,1.489,0.014
55.67,-11.907,-0.006,-1.499,-11.916,-0.000,1.489,0.015
55.69,-11.907,-0.006,-1.499,-11.916,-0.000,1.489,0.015
55.71,-11.906,-0.007,-1.499,-11.916,-0.000,1.489,0.016
55.73,-11.906,-0.007,-1.499,-11.916,-0.000,1.489,0.016
55.75,-11.905,-0.007,-1.499,-11.916,-0.000,1.489,0.016
55.77,-11.905,-0.007,-1.499,-11.916,-0.000,1.489,0.016
55.79,-11.905,-0.007,-1.499,-11.916,-0.000,1.489,0.017
55.81,-11.905,-0.007,-1.499,-11.916,-0.000,1.489,0.017
55.83,-11.904,-0.007,-1.499,-11.916,-0.000,1.489,0.017
55.85,-11.904,-0.007,-1.499,-11.916,-0.000,1.489,0.017
55.88,-11.904,-0.007,-1.499,-11.916,-0.000,1.489,0.017
55.90,-11.904,-0.007,-1.499,-11.916,-0.000,1.489,0.017
55.92,-11.903,-0.008,-1.499,-11.916,-0.000,1.489,0.018
55.94,-11.903,-0.008,-1.499,-11.916,-0.000,1.489,0.018
55.96,-11.902,-0.008,-1.499,-11.916,-0.000,1.489,0.019
55.98,-11.902,-0.008,-1.499,-11.916,-0.000,1.489,0.019
56.00,-11.902,-0.008,-1.499,-11.916,-0.000,1.489,0.019
56.02,-11.902,-0.008,-1.499,-11.916,-0.000,1.489,0.019
56.04,-11.902,-0.008,-1.499,-11.916,-0.000,1.489,0.019
56.06,-11.902,-0.009,-1.499,-11.916,-0.000,1.489,0.019
56.09,-11.902,-0.009,-1.499,-11.916,-0.000,1.489,0.019
56.11,-11.901,-0.009,-1.499,-11.916,-0.000,1.489,0.020
56.13,-11.901,-0.009,-1.499,-11.916,-0.000,1.489,0.020
56.15,-11.901,-0.009,-1.499,-11.916,-0.000,1.489,0.020
56.17,-11.901,-0.009,-1.499,-11.916,-0.000,1.489,0.020
56.19,-11.901,-0.010,-1.499,-11.916,-0.000,1.489,0.020
56.21,-11.901,-0.010,-1.499,-11.916,-0.000,1.489,0.020
56.23,-11.901,-0.010,-1.499,-11.916,-0.000,1.489,0.020
56.25,-11.901,-0.010,-1.499,-11.916,-0.000,1.489,0.020
56.27,-11.901,-0.010,-1.498,-11.916,-0.000,1.489,0.021
56.29,-11.901,-0.010,-1.498,-11.916,-0.000,1.489,0.021
56.32,-11.901,-0.011,-1.498,-11.916,-0.000,1.489,0.021
56.34,-11.901,-0.011,-1.498,-11.916,-0.000,1.489,0.021
56.36,-11.901,-0.011,-1.498,-11.916,-0.000,1.489,0.021
56.38,-11.901,-0.011,-1.498,-11.916,-0.000,1.489,0.021
56.40,-11.901,-0.012,-1.498,-11.916,-0.000,1.489,0.021
56.42,-11.901,-0.012,-1.498,-11.916,-0.000,1.489,0.021
56.44,-11.902,-0.012,-1.498,-11.916,-0.000,1.489,0.021
56.46,-11.902,-0.012,-1.498,-11.916,-0.000,1.489,0.021
56.48,-11.902,-0.012,-1.498,-11.916,-0.000,1.489,0.021
56.50,-11.902,-0.012,-1.498,-11.916,-0.000,1.489,0.021
56.52,-11.902,-0.012,-1.498,-11.916,-0.000,1.489,0.021
56.54,-11.902,-0.012,-1.498,-11.916,-0.000,1.489,0.020
56.57,-11.902,-0.012,-1.498,-11.916,-0.000,1.489,0.020
56.59,-11.902,-0.012,-1.498,-11.916,-0.000,1.489,0.020
56.61,-11.902,-0.012,-1.498,-11.916,-0.000,1.489,0.020
56.63,-11.903,-0.011,-1.499,-11.916,-0.000,1.489,0.020
56.65,-11.903,-0.011,-1.499,-11.916,-0.000,1.489,0.020
56.67,-11.903,-0.011,-1.499,-11.916,-0.000,1.489,0.019
56.69,-11.903,-0.011,-1.499,-11.916,-0.000,1.489,0.019
56.71,-11.903,-0.010,-1.499,-11.916,-0.000,1.489,0.019
56.73,-11.903,-0.010,-1.499,-11.916,-0.000,1.489,0.019
56.75,-11.904,-0.010,-1.499,-11.916,-0.000,1.489,0.018
56.77,-11.904,-0.010,-1.499,-11.916,-0.000,1.489,0.018
56.79,-11.904,-0.009,-1.499,-11.916,-0.000,1.489,0.018
56.81,-11.904,-0.009,-1.499,-11.916,-0.000,1.489,0.018
56.83,-11.905,-0.008,-1.499,-11.916,-0.000,1.489,0.017
56.86,-11.905,-0.008,-1.499,-11.916,-0.000,1.489,0.017
56.88,-11.906,-0.007,-1.500,-11.916,-0.000,1.489,0.016
56.90,-11.906,-0.007,-1.500,-11.916,-0.000,1.489,0.016
56.92,-11.906,-0.006,-1.500,-11.916,-0.000,1.489,0.016
56.94,-11.906,-0.006,-1.500,-11.916,-0.000,1.489,0.016
56.96,-11.906,-0.006,-1.500,-11.916,-0.000,1.489,0.016
56.98,-11.906,-0.006,-1.500,-11.916,-0.000,1.489,0.016
57.00,-11.906,-0.006,-1.500,-11.916,-0.000,1.489,0.016
57.02,-11.907,-0.004,-1.500,-11.916,-0.000,1.489,0.015
57.04,-11.907,-0.004,-1.500,-11.916,-0.000,1.489,0.015
57.06,-11.908,-0.004,-1.501,-11.916,-0.000,1.489,0.015
57.08,-11.908,-0.004,-1.501,-11.916,-0.000,1.489,0.015
57.11,-11.908,-0.003,-1.501,-11.916,-0.000,1.489,0.015
57.13,-11.908,-0.003,-1.501,-11.916,-0.000,1.489,0.015
57.15,-11.909,-0.002,-1.501,-11.916,-0.000,1.489,0.014
57.17,-11.909,-0.002,-1.501,-11.916,-0.000,1.489,0.014
57.19,-11.910,-0.001,-1.502,-11.916,-0.000,1.489,0.014
57.21,-11.910,-0.001,-1.502,-11.916,-0.000,1.489,0.014
57.23,-11.911,-0.000,-1.502,-11.916,-0.000,1.489,0.014
57.25,-11.911,-0.000,-1.502,-11.916,-0.000,1.489,0.014
57.27,-11.912,0.001,-1.502,-11.916,-0.000,1.489,0.014
57.29,-11.912,0.001,-1.502,-11.916,-0.000,1.489,0.014
57.31,-11.913,0.002,-1.503,-11.916,-0.000,1.489,0.014
57.33,-11.913,0.002,-1.503,-11.916,-0.000,1.489,0.014
57.35,-11.914,0.003,-1.503,-11.916,-0.000,1.489,0.015
57.38,-11.914,0.003,-1.503,-11.916,-0.000,1.489,0.015
57.40,-11.916,0.004,-1.504,-11.916,-0.000,1.489,0.015
57.42,-11.916,0.004,-1.504,-11.916,-0.000,1.489,0.015
57.44,-11.918,0.005,-1.504,-11.916,-0.000,1.489,0.016
57.46,-11.918,0.005,-1.504,-11.916,-0.000,1.489,0.016
57.48,-11.919,0.006,-1.504,-11.916,-0.000,1.489,0.017
57.50,-11.919,0.006,-1.504,-11.916,-0.000,1.489,0.017
57.52,-11.919,0.006,-1.504,-11.916,-0.000,1.489,0.017
57.54,-11.921,0.007,-1.504,-11.916,-0.000,1.489,0.018
57.56,-11.921,0.007,-1.504,-11.916,-0.000,1.489,0.018
57.58,-11.922,0.008,-1.504,-11.916,-0.000,1.489,0.019
57.60,-11.922,0.008,-1.504,-11.916,-0.000,1.489,0.019
57.63,-11.924,0.009,-1.504,-11.916,-0.000,1.489,0.020
57.65,-11.924,0.009,-1.504,-11.916,-0.000,1.489,0.020
57.67,-11.925,0.010,-1.504,-11.916,-0.000,1.489,0.020
57.69,-11.925,0.010,-1.504,-11.916,-0.000,1.489,0.020
57.71,-11.925,0.011,-1.504,-11.916,-0.000,1.489,0.021
57.73,-11.925,0.011,-1.504,-11.916,-0.000,1.489,0.021
57.75,-11.926,0.011,-1.504,-11.916,-0.000,1.489,0.021
57.77,-11.926,0.011,-1.504,-11.916,-0.000,1.489,0.021
57.79,-11.926,0.012,-1.504,-11.916,-0.000,1.489,0.022
57.81,-11.926,0.012,-1.504,-11.916,-0.000,1.489,0.022
57.83,-11.926,0.012,-1.504,-11.916,-0.000,1.489,0.022
57.85,-11.926,0.012,-1.504,-11.916,-0.000,1.489,0.022
57.88,-11.926,0.012,-1.503,-11.916,-0.000,1.489,0.021
57.90,-11.926,0.012,-1.503,-11.916,-0.000,1.489,0.021
57.92,-11.925,0.012,-1.502,-11.916,-0.000,1.489,0.020
57.94,-11.925,0.012,-1.502,-11.916,-0.000,1.489,0.020
57.96,-11.925,0.012,-1.501,-11.916,-0.000,1.489,0.020
57.98,-11.925,0.012,-1.501,-11.916,-0.000,1.489,0.020
58.00,-11.924,0.011,-1.500,-11.916,-0.000,1.489,0.018
58.02,-11.924,0.011,-1.500,-11.916,-0.000,1.489,0.018
58.04,-11.924,0.011,-1.500,-11.916,-0.000,1.489,0.018
58.06,-11.924,0.010,-1.499,-11.916,-0.000,1.489,0.016
58.08,-11.924,0.010,-1.499,-11.916,-0.000,1.489,0.016
58.11,-11.923,0.009,-1.498,-11.916,-0.000,1.489,0.015
58.13,-11.923,0.009,-1.498,-11.916,-0.000,1.489,0.015
58.15,-11.922,0.008,-1.497,-11.916,-0.000,1.489,0.013
58.17,-11.922,0.008,-1.497,-11.916,-0.000,1.489,0.013
58.19,-11.922,0.007,-1.496,-11.916,-0.000,1.489,0.011
58.21,-11.922,0.007,-1.496,-11.916,-0.000,1.489,0.011
58.23,-11.921,0.005,-1.495,-11.916,-0.000,1.489,0.010
58.25,-11.921,0.005,-1.495,-11.916,-0.000,1.489,0.010
58.27,-11.920,0.004,-1.494,-11.916,-0.000,1.489,0.008
58.29,-11.920,0.004,-1.494,-11.916,-0.000,1.489,0.008
58.32,-11.919,0.002,-1.493,-11.916,-0.000,1.489,0.005
58.34,-11.919,0.002,-1.493,-11.916,-0.000,1.489,0.005
58.36,-11.918,0.000,-1.492,-11.916,-0.000,1.489,0.004
58.38,-11.918,0.000,-1.492,-11.916,-0.000,1.489,0.004
58.40,-11.917,-0.002,-1.492,-11.916,-0.000,1.489,0.003
58.42,-11.917,-0.002,-1.492,-11.916,-0.000,1.489,0.003
58.44,-11.916,-0.003,-1.491,-11.916,-0.000,1.489,0.004
58.46,-11.916,-0.003,-1.491,-11.916,-0.000,1.489,0.004
58.48,-11.915,-0.005,-1.491,-11.916,-0.000,1.489,0.005
58.50,-11.915,-0.005,-1.491,-11.916,-0.000,1.489,0.005
58.52,-11.915,-0.005,-1.491,-11.916,-0.000,1.489,0.005
58.54,-11.913,-0.007,-1.491,-11.916,-0.000,1.489,0.008
58.57,-11.913,-0.007,-1.491,-11.916,-0.000,1.489,0.008
58.59,-11.912,-0.008,-1.491,-11.916,-0.000,1.489,0.009
58.61,-11.912,-0.008,-1.491,-11.916,-0.000,1.489,0.009
58.63,-11.911,-0.010,-1.490,-11.916,-0.000,1.489,0.011
58.65,-11.911,-0.010,-1.490,-11.916,-0.000,1.489,0.011
58.67,-11.909,-0.011,-1.491,-11.916,-0.000,1.489,0.013
58.69,-11.909,-0.011,-1.491,-11.916,-0.000,1.489,0.013
58.71,-11.908,-0.012,-1.491,-11.916,-0.000,1.489,0.015
58.73,-11.908,-0.012,-1.491,-11.916,-0.000,1.489,0.015
58.75,-11.907,-0.013,-1.491,-11.916,-0.000,1.489,0.016
58.77,-11.907,-0.013,-1.491,-11.916,-0.000,1.489,0.016
58.79,-11.905,-0.014,-1.492,-11.916,-0.000,1.489,0.018
58.81,-11.905,-0.014,-1.492,-11.916,-0.000,1.489,0.018
58.84,-11.904,-0.015,-1.492,-11.916,-0.000,1.489,0.019
58.86,-11.904,-0.015,-1.492,-11.916,-0.000,1.489,0.019
58.88,-11.903,-0.016,-1.492,-11.916,-0.000,1.489,0.021
58.90,-11.903,-0.016,-1.492,-11.916,-0.000,1.489,0.021
58.92,-11.902,-0.016,-1.493,-11.916,-0.000,1.489,0.021
58.94,-11.902,-0.016,-1.493,-11.916,-0.000,1.489,0.021
58.96,-11.901,-0.016,-1.493,-11.916,-0.000,1.489,0.022
58.98,-11.901,-0.016,-1.493,-11.916,-0.000,1.489,0.022
59.00,-11.900,-0.015,-1.492,-11.916,-0.000,1.489,0.022
59.02,-11.900,-0.015,-1.492,-11.916,-0.000,1.489,0.022
59.04,-11.900,-0.015,-1.492,-11.916,-0.000,1.489,0.022
59.06,-11.900,-0.015,-1.492,-11.916,-0.000,1.489,0.022
59.09,-11.900,-0.015,-1.492,-11.916,-0.000,1.489,0.022
59.11,-11.900,-0.014,-1.492,-11.916,-0.000,1.489,0.021
59.13,-11.900,-0.014,-1.492,-11.916,-0.000,1.489,0.021
59.15,-11.900,-0.012,-1.491,-11.916,-0.000,1.489,0.021
59.17,-11.900,-0.012,-1.491,-11.916,-0.000,1.489,0.021
59.19,-11.900,-0.011,-1.491,-11.916,-0.000,1.489,0.020
59.21,-11.900,-0.011,-1.491,-11.916,-0.000,1.489,0.020
59.23,-11.900,-0.010,-1.490,-11.916,-0.000,1.489,0.019
59.25,-11.900,-0.010,-1.490,-11.916,-0.000,1.489,0.019
59.27,-11.900,-0.008,-1.490,-11.916,-0.000,1.489,0.018
59.29,-11.900,-0.008,-1.490,-11.916,-0.000,1.489,0.018
59.31,-11.901,-0.007,-1.490,-11.916,-0.000,1.489,0.017
59.34,-11.901,-0.007,-1.490,-11.916,-0.000,1.489,0.017
59.36,-11.902,-0.005,-1.491,-11.916,-0.000,1.489,0.015
59.38,-11.902,-0.005,-1.491,-11.916,-0.000,1.489,0.015
59.40,-11.903,-0.004,-1.491,-11.916,-0.000,1.489,0.014
59.42,-11.903,-0.004,-1.491,-11.916,-0.000,1.489,0.014
59.44,-11.904,-0.003,-1.491,-11.916,-0.000,1.489,0.013
59.46,-11.904,-0.003,-1.491,-11.916,-0.000,1.489,0.013
59.48,-11.905,-0.002,-1.491,-11.916,-0.000,1.489,0.011
59.50,-11.905,-0.002,-1.491,-11.916,-0.000,1.489,0.011
59.52,-11.905,-0.002,-1.491,-11.916,-0.000,1.489,0.011
59.54,-11.908,-0.001,-1.492,-11.916,-0.000,1.489,0.009
59.56,-11.908,-0.001,-1.492,-11.916,-0.000,1.489,0.009
59.59,-11.909,0.000,-1.492,-11.916,-0.000,1.489,0.007
59.61,-11.909,0.000,-1.492,-11.916,-0.000,1.489,0.007
59.63,-11.911,0.001,-1.492,-11.916,-0.000,1.489,0.006
59.65,-11.911,0.001,-1.492,-11.916,-0.000,1.489,0.006
59.67,-11.914,0.001,-1.492,-11.916,-0.000,1.489,0.004
59.69,-11.914,0.001,-1.492,-11.916,-0.000,1.489,0.004
59.71,-11.915,0.001,-1.492,-11.916,-0.000,1.489,0.003
59.73,-11.915,0.001,-1.492,-11.916,-0.000,1.489,0.003
59.75,-11.917,0.001,-1.492,-11.916,-0.000,1.489,0.003
59.77,-11.917,0.001,-1.492,-11.916,-0.000,1.489,0.003
59.79,-11.919,0.001,-1.491,-11.916,-0.000,1.489,0.004
59.81,-11.919,0.001,-1.491,-11.916,-0.000,1.489,0.004
59.84,-11.921,0.001,-1.491,-11.916,-0.000,1.489,0.006
59.86,-11.921,0.001,-1.491,-11.916,-0.000,1.489,0.006
59.88,-11.923,0.001,-1.491,-11.916,-0.000,1.489,0.007
59.90,-11.923,0.001,-1.491,-11.916,-0.000,1.489,0.007
59.92,-11.924,0.000,-1.491,-11.916,-0.000,1.489,0.009
59.94,-11.924,0.000,-1.491,-11.916,-0.000,1.489,0.009
59.96,-11.926,0.000,-1.490,-11.916,-0.000,1.489,0.010
59.98,-11.926,0.000,-1.490,-11.916,-0.000,1.489,0.010
60.00,-11.927,0.000,-1.490,-11.916,-0.000,1.489,0.011
60.02,-11.927,0.000,-1.490,-11.916,-0.000,1.489,0.011
60.04,-11.927,0.000,-1.490,-11.916,-0.000,1.489,0.011
60.06,-11.928,0.000,-1.490,-11.916,-0.000,1.489,0.012
60.09,-11.928,0.000,-1.490,-11.916,-0.000,1.489,0.012
60.11,-11.929,0.000,-1.490,-11.916,-0.000,1.489,0.013
60.13,-11.929,0.000,-1.490,-11.916,-0.000,1.489,0.013
60.15,-11.930,0.000,-1.490,-11.916,-0.000,1.489,0.014
60.17,-11.930,0.000,-1.490,-11.916,-0.000,1.489,0.014
60.19,-11.930,0.000,-1.489,-11.916,-0.000,1.489,0.014
60.21,-11.930,0.000,-1.489,-11.916,-0.000,1.489,0.014
60.23,-11.931,0.000,-1.489,-11.916,-0.000,1.489,0.014
60.25,-11.931,0.000,-1.489,-11.916,-0.000,1.489,0.014
60.27,-11.931,0.000,-1.489,-11.916,-0.000,1.489,0.015
60.29,-11.931,0.000,-1.489,-11.916,-0.000,1.489,0.015
60.31,-11.931,0.001,-1.489,-11.916,-0.000,1.489,0.015
60.33,-11.931,0.001,-1.489,-11.916,-0.000,1.489,0.015
60.36,-11.931,0.001,-1.489,-11.916,-0.000,1.489,0.015
60.38,-11.931,0.001,-1.489,-11.916,-0.000,1.489,0.015
60.40,-11.930,0.001,-1.489,-11.916,-0.000,1.489,0.014
60.42,-11.930,0.001,-1.489,-11.916,-0.000,1.489,0.014
60.44,-11.930,0.002,-1.489,-11.916,-0.000,1.489,0.014
60.46,-11.930,0.002,-1.489,-11.916,-0.000,1.489,0.014
60.48,-11.930,0.002,-1.489,-11.916,-0.000,1.489,0.014
60.50,-11.930,0.002,-1.489,-11.916,-0.000,1.489,0.014
60.52,-11.930,0.002,-1.489,-11.916,-0.000,1.489,0.014
60.54,-11.929,0.002,-1.489,-11.916,-0.000,1.489,0.013
60.56,-11.929,0.002,-1.489,-11.916,-0.000,1.489,0.013
60.58,-11.928,0.002,-1.489,-11.916,-0.000,1.489,0.013
60.61,-11.928,0.002,-1.489,-11.916,-0.000,1.489,0.013
60.63,-11.928,0.002,-1.489,-11.916,-0.000,1.489,0.012
60.65,-11.928,0.002,-1.489,-11.916,-0.000,1.489,0.012
60.67,-11.927,0.002,-1.488,-11.916,-0.000,1.489,0.011
60.69,-11.927,0.002,-1.488,-11.916,-0.000,1.489,0.011
60.71,-11.926,0.002,-1.488,-11.916,-0.000,1.489,0.011
60.73,-11.926,0.002,-1.488,-11.916,-0.000,1.489,0.011
60.75,-11.926,0.002,-1.488,-11.916,-0.000,1.489,0.010
60.77,-11.926,0.002,-1.488,-11.916,-0.000,1.489,0.010
60.79,-11.925,0.002,-1.487,-11.916,-0.000,1.489,0.010
60.81,-11.925,0.002,-1.487,-11.916,-0.000,1.489,0.010
60.84,-11.925,0.002,-1.487,-11.916,-0.000,1.489,0.009
60.86,-11.925,0.002,-1.487,-11.916,-0.000,1.489,0.009
60.88,-11.924,0.002,-1.487,-11.916,-0.000,1.489,0.009
60.90,-11.924,0.002,-1.487,-11.916,-0.000,1.489,0.009
60.92,-11.924,0.002,-1.486,-11.916,-0.000,1.489,0.008
60.94,-11.924,0.002,-1.486,-11.916,-0.000,1.489,0.008
60.96,-11.923,0.002,-1.486,-11.916,-0.000,1.489,0.008
60.98,-11.923,0.002,-1.486,-11.916,-0.000,1.489,0.008
61.00,-11.923,0.002,-1.486,-11.916,-0.000,1.489,0.008
61.02,-11.923,0.002,-1.486,-11.916,-0.000,1.489,0.008
61.04,-11.923,0.002,-1.486,-11.916,-0.000,1.489,0.008
61.06,-11.922,0.002,-1.485,-11.916,-0.000,1.489,0.007
61.08,-11.922,0.002,-1.485,-11.916,-0.000,1.489,0.007
61.11,-11.921,0.002,-1.485,-11.916,-0.000,1.489,0.007
61.13,-11.921,0.002,-1.485,-11.916,-0.000,1.489,0.007
61.15,-11.921,0.001,-1.484,-11.916,-0.000,1.489,0.007
61.17,-11.921,0.001,-1.484,-11.916,-0.000,1.489,0.007
61.19,-11.920,0.001,-1.484,-11.916,-0.000,1.489,0.006
61.21,-11.920,0.001,-1.484,-11.916,-0.000,1.489,0.006
61.23,-11.919,0.000,-1.484,-11.916,-0.000,1.489,0.006
61.25,-11.919,0.000,-1.484,-11.916,-0.000,1.489,0.006
61.27,-11.919,-0.000,-1.483,-11.916,-0.000,1.489,0.006
61.29,-11.919,-0.000,-1.483,-11.916,-0.000,1.489,0.006
61.31,-11.918,-0.001,-1.483,-11.916,-0.000,1.489,0.006
61.33,-11.918,-0.001,-1.483,-11.916,-0.000,1.489,0.006
61.36,-11.917,-0.002,-1.483,-11.916,-0.000,1.489,0.006
61.38,-11.917,-0.002,-1.483,-11.916,-0.000,1.489,0.006
61.40,-11.916,-0.003,-1.483,-11.916,-0.000,1.489,0.007
61.42,-11.916,-0.003,-1.483,-11.916,-0.000,1.489,0.007
61.44,-11.915,-0.004,-1.483,-11.916,-0.000,1.489,0.007
61.46,-11.915,-0.004,-1.483,-11.916,-0.000,1.489,0.007
61.48,-11.914,-0.005,-1.483,-11.916,-0.000,1.489,0.008
61.50,-11.914,-0.005,-1.483,-11.916,-0.000,1.489,0.008
61.52,-11.913,-0.005,-1.483,-11.916,-0.000,1.489,0.008
61.54,-11.913,-0.005,-1.483,-11.916,-0.000,1.489,0.008
61.56,-11.913,-0.005,-1.483,-11.916,-0.000,1.489,0.008
61.58,-11.912,-0.007,-1.483,-11.916,-0.000,1.489,0.009
61.60,-11.912,-0.007,-1.483,-11.916,-0.000,1.489,0.009
61.63,-11.912,-0.008,-1.483,-11.916,-0.000,1.489,0.010
61.65,-11.912,-0.008,-1.483,-11.916,-0.000,1.489,0.010
61.67,-11.912,-0.008,-1.483,-11.916,-0.000,1.489,0.011
61.69,-11.912,-0.008,-1.483,-11.916,-0.000,1.489,0.011
61.71,-11.911,-0.009,-1.483,-11.916,-0.000,1.489,0.012
61.73,-11.911,-0.009,-1.483,-11.916,-0.000,1.489,0.012
61.75,-11.911,-0.010,-1.483,-11.916,-0.000,1.489,0.012
61.77,-11.911,-0.010,-1.483,-11.916,-0.000,1.489,0.012
61.79,-11.911,-0.011,-1.483,-11.916,-0.000,1.489,0.013
61.81,-11.911,-0.011,-1.483,-11.916,-0.000,1.489,0.013
61.83,-11.911,-0.011,-1.484,-11.916,-0.000,1.489,0.013
61.85,-11.911,-0.011,-1.484,-11.916,-0.000,1.489,0.013
61.88,-11.910,-0.012,-1.484,-11.916,-0.000,1.489,0.014
61.90,-11.910,-0.012,-1.484,-11.916,-0.000,1.489,0.014
61.92,-11.910,-0.012,-1.484,-11.916,-0.000,1.489,0.015
61.94,-11.910,-0.012,-1.484,-11.916,-0.000,1.489,0.015
61.96,-11.909,-0.013,-1.484,-11.916,-0.000,1.489,0.015
61.98,-11.909,-0.013,-1.484,-11.916,-0.000,1.489,0.015
62.00,-11.909,-0.013,-1.484,-11.916,-0.000,1.489,0.015
62.02,-11.909,-0.013,-1.484,-11.916,-0.000,1.489,0.015
62.04,-11.909,-0.013,-1.484,-11.916,-0.000,1.489,0.015
62.06,-11.908,-0.013,-1.484,-11.916,-0.000,1.489,0.016
62.08,-11.908,-0.013,-1.484,-11.916,-0.000,1.489,0.016
62.11,-11.907,-0.013,-1.484,-11.916,-0.000,1.489,0.016
62.13,-11.907,-0.013,-1.484,-11.916,-0.000,1.489,0.016
62.15,-11.906,-0.013,-1.484,-11.916,-0.000,1.489,0.017
62.17,-11.906,-0.013,-1.484,-11.916,-0.000,1.489,0.017
62.19,-11.905,-0.012,-1.483,-11.916,-0.000,1.489,0.017
62.21,-11.905,-0.012,-1.483,-11.916,-0.000,1.489,0.017
62.23,-11.905,-0.012,-1.483,-11.916,-0.000,1.489,0.017
62.25,-11.905,-0.012,-1.483,-11.916,-0.000,1.489,0.017
62.27,-11.904,-0.012,-1.483,-11.916,-0.000,1.489,0.018
62.29,-11.904,-0.012,-1.483,-11.916,-0.000,1.489,0.018
62.31,-11.903,-0.012,-1.483,-11.916,-0.000,1.489,0.018
62.33,-11.903,-0.012,-1.483,-11.916,-0.000,1.489,0.018
62.35,-11.903,-0.012,-1.483,-11.916,-0.000,1.489,0.018
62.37,-11.903,-0.012,-1.483,-11.916,-0.000,1.489,0.018
62.40,-11.902,-0.012,-1.483,-11.916,-0.000,1.489,0.019
62.42,-11.902,-0.012,-1.483,-11.916,-0.000,1.489,0.019
62.44,-11.902,-0.012,-1.483,-11.916,-0.000,1.489,0.019
62.46,-11.902,-0.012,-1.483,-11.916,-0.000,1.489,0.019
62.48,-11.901,-0.012,-1.483,-11.916,-0.000,1.489,0.019
62.50,-11.901,-0.012,-1.483,-11.916,-0.000,1.489,0.019
62.52,-11.901,-0.012,-1.483,-11.916,-0.000,1.489,0.020
62.54,-11.901,-0.012,-1.483,-11.916,-0.000,1.489,0.020
62.56,-11.901,-0.012,-1.483,-11.916,-0.000,1.489,0.020
62.58,-11.901,-0.012,-1.483,-11.916,-0.000,1.489,0.020
62.60,-11.901,-0.012,-1.483,-11.916,-0.000,1.489,0.020
62.63,-11.901,-0.012,-1.484,-11.916,-0.000,1.489,0.020
62.65,-11.901,-0.012,-1.484,-11.916,-0.000,1.489,0.020
62.67,-11.900,-0.012,-1.484,-11.916,-0.000,1.489,0.020
62.69,-11.900,-0.012,-1.484,-11.916,-0.000,1.489,0.020
62.71,-11.900,-0.012,-1.484,-11.916,-0.000,1.489,0.021
62.73,-11.900,-0.012,-1.484,-11.916,-0.000,1.489,0.021
62.75,-11.900,-0.012,-1.484,-11.916,-0.000,1.489,0.021
62.77,-11.900,-0.012,-1.484,-11.916,-0.000,1.489,0.021
62.79,-11.899,-0.012,-1.484,-11.916,-0.000,1.489,0.021
62.81,-11.899,-0.012,-1.484,-11.916,-0.000,1.489,0.021
62.83,-11.899,-0.012,-1.484,-11.916,-0.000,1.489,0.021
62.85,-11.899,-0.012,-1.484,-11.916,-0.000,1.489,0.021
62.87,-11.899,-0.012,-1.484,-11.916,-0.000,1.489,0.021
62.90,-11.899,-0.012,-1.484,-11.916,-0.000,1.489,0.021
62.92,-11.898,-0.011,-1.484,-11.916,-0.000,1.489,0.021
62.94,-11.898,-0.011,-1.484,-11.916,-0.000,1.489,0.021
62.96,-11.898,-0.011,-1.484,-11.916,-0.000,1.489,0.021
62.98,-11.898,-0.011,-1.484,-11.916,-0.000,1.489,0.021
63.00,-11.898,-0.010,-1.484,-11.916,-0.000,1.489,0.021
63.02,-11.898,-0.010,-1.484,-11.916,-0.000,1.489,0.021
63.04,-11.898,-0.010,-1.484,-11.916,-0.000,1.489,0.021
63.06,-11.898,-0.009,-1.484,-11.916,-0.000,1.489,0.021
63.08,-11.898,-0.009,-1.484,-11.916,-0.000,1.489,0.021
63.10,-11.898,-0.009,-1.484,-11.916,-0.000,1.489,0.020
63.12,-11.898,-0.009,-1.484,-11.916,-0.000,1.489,0.020
63.15,-11.898,-0.009,-1.485,-11.916,-0.000,1.489,0.020
63.17,-11.898,-0.009,-1.485,-11.916,-0.000,1.489,0.020
63.19,-11.899,-0.008,-1.485,-11.916,-0.000,1.489,0.020
63.21,-11.899,-0.008,-1.485,-11.916,-0.000,1.489,0.020
63.23,-11.899,-0.008,-1.485,-11.916,-0.000,1.489,0.019
63.25,-11.899,-0.008,-1.485,-11.916,-0.000,1.489,0.019
63.27,-11.900,-0.007,-1.485,-11.916,-0.000,1.489,0.018
63.29,-11.900,-0.007,-1.485,-11.916,-0.000,1.489,0.018
63.31,-11.900,-0.006,-1.485,-11.916,-0.000,1.489,0.017
63.33,-11.900,-0.006,-1.485,-11.916,-0.000,1.489,0.017
63.35,-11.901,-0.006,-1.485,-11.916,-0.000,1.489,0.017
63.37,-11.901,-0.006,-1.485,-11.916,-0.000,1.489,0.017
63.40,-11.901,-0.005,-1.485,-11.916,-0.000,1.489,0.016
63.42,-11.901,-0.005,-1.485,-11.916,-0.000,1.489,0.016
63.44,-11.902,-0.004,-1.485,-11.916,-0.000,1.489,0.015
63.46,-11.902,-0.004,-1.485,-11.916,-0.000,1.489,0.015
63.48,-11.902,-0.003,-1.485,-11.916,-0.000,1.489,0.014
63.50,-11.902,-0.003,-1.485,-11.916,-0.000,1.489,0.014
63.52,-11.903,-0.002,-1.485,-11.916,-0.000,1.489,0.014
63.54,-11.903,-0.002,-1.485,-11.916,-0.000,1.489,0.014
63.56,-11.903,-0.002,-1.485,-11.916,-0.000,1.489,0.014
63.58,-11.904,-0.001,-1.485,-11.916,-0.000,1.489,0.013
63.60,-11.904,-0.001,-1.485,-11.916,-0.000,1.489,0.013
63.63,-11.904,-0.000,-1.485,-11.916,-0.000,1.489,0.012
63.65,-11.904,-0.000,-1.485,-11.916,-0.000,1.489,0.012
63.67,-11.905,0.001,-1.485,-11.916,-0.000,1.489,0.012
63.69,-11.905,0.001,-1.485,-11.916,-0.000,1.489,0.012
63.71,-11.906,0.002,-1.484,-11.916,-0.000,1.489,0.011
63.73,-11.906,0.002,-1.484,-11.916,-0.000,1.489,0.011
63.75,-11.908,0.003,-1.484,-11.916,-0.000,1.489,0.010
63.77,-11.908,0.003,-1.484,-11.916,-0.000,1.489,0.010
63.79,-11.909,0.003,-1.484,-11.916,-0.000,1.489,0.009
63.81,-11.909,0.003,-1.484,-11.916,-0.000,1.489,0.009
63.83,-11.910,0.004,-1.484,-11.916,-0.000,1.489,0.009
63.85,-11.910,0.004,-1.484,-11.916,-0.000,1.489,0.009
63.87,-11.911,0.004,-1.484,-11.916,-0.000,1.489,0.008
63.90,-11.911,0.004,-1.484,-11.916,-0.000,1.489,0.008
63.92,-11.912,0.005,-1.484,-11.916,-0.000,1.489,0.008
63.94,-11.912,0.005,-1.484,-11.916,-0.000,1.489,0.008
63.96,-11.913,0.006,-1.484,-11.916,-0.000,1.489,0.008
63.98,-11.913,0.006,-1.484,-11.916,-0.000,1.489,0.008
64.00,-11.914,0.006,-1.484,-11.916,-0.000,1.489,0.008
64.02,-11.914,0.006,-1.484,-11.916,-0.000,1.489,0.008
64.04,-11.915,0.007,-1.484,-11.916,-0.000,1.489,0.009
64.06,-11.915,0.007,-1.484,-11.916,-0.000,1.489,0.009
64.08,-11.915,0.007,-1.484,-11.916,-0.000,1.489,0.009
64.10,-11.916,0.008,-1.484,-11.916,-0.000,1.489,0.009
64.12,-11.916,0.008,-1.484,-11.916,-0.000,1.489,0.009
64.15,-11.917,0.008,-1.484,-11.916,-0.000,1.489,0.010
64.17,-11.917,0.008,-1.484,-11.916,-0.000,1.489,0.010
64.19,-11.918,0.009,-1.485,-11.916,-0.000,1.489,0.010
64.21,-11.918,0.009,-1.485,-11.916,-0.000,1.489,0.010
64.23,-11.919,0.009,-1.485,-11.916,-0.000,1.489,0.010
64.25,-11.919,0.009,-1.485,-11.916,-0.000,1.489,0.010
64.27,-11.920,0.009,-1.485,-11.916,-0.000,1.489,0.011
64.29,-11.920,0.009,-1.485,-11.916,-0.000,1.489,0.011
64.31,-11.921,0.009,-1.485,-11.916,-0.000,1.489,0.011
64.33,-11.921,0.009,-1.485,-11.916,-0.000,1.489,0.011
64.35,-11.921,0.009,-1.485,-11.916,-0.000,1.489,0.011
64.38,-11.921,0.009,-1.485,-11.916,-0.000,1.489,0.011
64.40,-11.922,0.008,-1.485,-11.916,-0.000,1.489,0.011
64.42,-11.922,0.008,-1.485,-11.916,-0.000,1.489,0.011
64.44,-11.923,0.008,-1.485,-11.916,-0.000,1.489,0.011
64.46,-11.923,0.008,-1.485,-11.916,-0.000,1.489,0.011
64.48,-11.924,0.007,-1.485,-11.916,-0.000,1.489,0.011
64.50,-11.924,0.007,-1.485,-11.916,-0.000,1.489,0.011
64.52,-11.924,0.007,-1.486,-11.916,-0.000,1.489,0.012
64.54,-11.924,0.007,-1.486,-11.916,-0.000,1.489,0.012
64.56,-11.924,0.007,-1.486,-11.916,-0.000,1.489,0.012
64.58,-11.925,0.006,-1.486,-11.916,-0.000,1.489,0.012
64.60,-11.925,0.006,-1.486,-11.916,-0.000,1.489,0.012
64.62,-11.925,0.006,-1.486,-11.916,-0.000,1.489,0.012
64.65,-11.925,0.006,-1.486,-11.916,-0.000,1.489,0.012
64.67,-11.925,0.006,-1.485,-11.916,-0.000,1.489,0.011
64.69,-11.925,0.006,-1.485,-11.916,-0.000,1.489,0.011
64.71,-11.925,0.005,-1.485,-11.916,-0.000,1.489,0.011
64.73,-11.925,0.005,-1.485,-11.916,-0.000,1.489,0.011
64.75,-11.925,0.005,-1.485,-11.916,-0.000,1.489,0.011
64.77,-11.925,0.005,-1.485,-11.916,-0.000,1.489,0.011
64.79,-11.924,0.006,-1.485,-11.916,-0.000,1.489,0.011
64.81,-11.924,0.006,-1.485,-11.916,-0.000,1.489,0.011
64.83,-11.924,0.006,-1.485,-11.916,-0.000,1.489,0.010
64.85,-11.924,0.006,-1.485,-11.916,-0.000,1.489,0.010
64.87,-11.923,0.006,-1.485,-11.916,-0.000,1.489,0.010
64.90,-11.923,0.006,-1.485,-11.916,-0.000,1.489,0.010
64.92,-11.922,0.007,-1.485,-11.916,-0.000,1.489,0.010
64.94,-11.922,0.007,-1.485,-11.916,-0.000,1.489,0.010
64.96,-11.921,0.007,-1.485,-11.916,-0.000,1.489,0.009
64.98,-11.921,0.007,-1.485,-11.916,-0.000,1.489,0.009
65.00,-11.919,0.008,-1.485,-11.916,-0.000,1.489,0.009
65.02,-11.919,0.008,-1.485,-11.916,-0.000,1.489,0.009
65.04,-11.918,0.008,-1.485,-11.916,-0.000,1.489,0.010
65.06,-11.918,0.008,-1.485,-11.916,-0.000,1.489,0.010
65.08,-11.918,0.008,-1.485,-11.916,-0.000,1.489,0.010
65.10,-11.916,0.009,-1.485,-11.916,-0.000,1.489,0.010
65.12,-11.916,0.009,-1.485,-11.916,-0.000,1.489,0.010
65.15,-11.915,0.010,-1.485,-11.916,-0.000,1.489,0.011
65.17,-11.915,0.010,-1.485,-11.916,-0.000,1.489,0.011
65.19,-11.914,0.011,-1.485,-11.916,-0.000,1.489,0.012
65.21,-11.914,0.011,-1.485,-11.916,-0.000,1.489,0.012
65.23,-11.912,0.012,-1.485,-11.916,-0.000,1.489,0.013
65.25,-11.912,0.012,-1.485,-11.916,-0.000,1.489,0.013
65.27,-11.911,0.012,-1.485,-11.916,-0.000,1.489,0.014
65.29,-11.911,0.012,-1.485,-11.916,-0.000,1.489,0.014
65.31,-11.910,0.013,-1.485,-11.916,-0.000,1.489,0.015
65.33,-11.910,0.013,-1.485,-11.916,-0.000,1.489,0.015
65.36,-11.909,0.014,-1.486,-11.916,-0.000,1.489,0.016
65.38,-11.909,0.014,-1.486,-11.916,-0.000,1.489,0.016
65.40,-11.907,0.015,-1.487,-11.916,-0.000,1.489,0.017
65.42,-11.907,0.015,-1.487,-11.916,-0.000,1.489,0.017
65.44,-11.906,0.015,-1.487,-11.916,-0.000,1.489,0.018
65.46,-11.906,0.015,-1.487,-11.916,-0.000,1.489,0.018
65.48,-11.905,0.015,-1.487,-11.916,-0.000,1.489,0.019
65.50,-11.905,0.015,-1.487,-11.916,-0.000,1.489,0.019
65.52,-11.904,0.016,-1.488,-11.916,-0.000,1.489,0.020
65.54,-11.904,0.016,-1.488,-11.916,-0.000,1.489,0.020
65.56,-11.904,0.016,-1.488,-11.916,-0.000,1.489,0.020
65.58,-11.902,0.016,-1.489,-11.916,-0.000,1.489,0.021
65.60,-11.902,0.016,-1.489,-11.916,-0.000,1.489,0.021
65.63,-11.901,0.016,-1.490,-11.916,-0.000,1.489,0.022
65.65,-11.901,0.016,-1.490,-11.916,-0.000,1.489,0.022
65.67,-11.900,0.016,-1.490,-11.916,-0.000,1.489,0.023
65.69,-11.900,0.016,-1.490,-11.916,-0.000,1.489,0.023
65.71,-11.899,0.015,-1.491,-11.916,-0.000,1.489,0.023
65.73,-11.899,0.015,-1.491,-11.916,-0.000,1.489,0.023
65.75,-11.898,0.015,-1.491,-11.916,-0.000,1.489,0.024
65.77,-11.898,0.015,-1.491,-11.916,-0.000,1.489,0.024
65.79,-11.897,0.015,-1.491,-11.916,-0.000,1.489,0.025
65.81,-11.897,0.015,-1.491,-11.916,-0.000,1.489,0.025
65.83,-11.896,0.014,-1.492,-11.916,-0.000,1.489,0.025
65.85,-11.896,0.014,-1.492,-11.916,-0.000,1.489,0.025
65.88,-11.895,0.014,-1.492,-11.916,-0.000,1.489,0.026
65.90,-11.895,0.014,-1.492,-11.916,-0.000,1.489,0.026
65.92,-11.894,0.013,-1.493,-11.916,-0.000,1.489,0.026
65.94,-11.894,0.013,-1.493,-11.916,-0.000,1.489,0.026
65.96,-11.893,0.013,-1.494,-11.916,-0.000,1.489,0.027
65.98,-11.893,0.013,-1.494,-11.916,-0.000,1.489,0.027
66.00,-11.893,0.012,-1.494,-11.916,-0.000,1.489,0.027
66.02,-11.893,0.012,-1.494,-11.916,-0.000,1.489,0.027
66.04,-11.893,0.012,-1.495,-11.916,-0.000,1.489,0.026
66.06,-11.893,0.012,-1.495,-11.916,-0.000,1.489,0.026
66.08,-11.893,0.012,-1.495,-11.916,-0.000,1.489,0.026
66.10,-11.893,0.011,-1.495,-11.916,-0.000,1.489,0.026
66.13,-11.893,0.011,-1.495,-11.916,-0.000,1.489,0.026
66.15,-11.893,0.010,-1.495,-11.916,-0.000,1.489,0.026
66.17,-11.893,0.010,-1.495,-11.916,-0.000,1.489,0.026
66.19,-11.894,0.009,-1.496,-11.916,-0.000,1.489,0.025
66.21,-11.894,0.009,-1.496,-11.916,-0.000,1.489,0.025
66.23,-11.894,0.008,-1.496,-11.916,-0.000,1.489,0.024
66.25,-11.894,0.008,-1.496,-11.916,-0.000,1.489,0.024
66.27,-11.895,0.006,-1.496,-11.916,-0.000,1.489,0.023
66.29,-11.895,0.006,-1.496,-11.916,-0.000,1.489,0.023
66.31,-11.896,0.005,-1.495,-11.916,-0.000,1.489,0.022
66.33,-11.896,0.005,-1.495,-11.916,-0.000,1.489,0.022
66.35,-11.897,0.004,-1.495,-11.916,-0.000,1.489,0.021
66.37,-11.897,0.004,-1.495,-11.916,-0.000,1.489,0.021
66.40,-11.898,0.003,-1.495,-11.916,-0.000,1.489,0.019
66.42,-11.898,0.003,-1.495,-11.916,-0.000,1.489,0.019
66.44,-11.900,0.001,-1.494,-11.916,-0.000,1.489,0.017
66.46,-11.900,0.001,-1.494,-11.916,-0.000,1.489,0.017
66.48,-11.902,0.001,-1.494,-11.916,-0.000,1.489,0.015
66.50,-11.902,0.001,-1.494,-11.916,-0.000,1.489,0.015
66.52,-11.904,-0.000,-1.494,-11.916,-0.000,1.489,0.013
66.54,-11.904,-0.000,-1.494,-11.916,-0.000,1.489,0.013
66.56,-11.906,-0.001,-1.494,-11.916,-0.000,1.489,0.012
66.58,-11.906,-0.001,-1.494,-11.916,-0.000,1.489,0.012
66.60,-11.906,-0.001,-1.494,-11.916,-0.000,1.489,0.012
66.62,-11.909,-0.002,-1.494,-11.916,-0.000,1.489,0.009
66.64,-11.909,-0.002,-1.494,-11.916,-0.000,1.489,0.009
66.67,-11.911,-0.002,-1.494,-11.916,-0.000,1.489,0.008
66.69,-11.911,-0.002,-1.494,-11.916,-0.000,1.489,0.008
66.71,-11.913,-0.002,-1.494,-11.916,-0.000,1.489,0.006
66.73,-11.913,-0.002,-1.494,-11.916,-0.000,1.489,0.006
66.75,-11.915,-0.003,-1.494,-11.916,-0.000,1.489,0.006
66.77,-11.915,-0.003,-1.494,-11.916,-0.000,1.489,0.006
66.79,-11.917,-0.003,-1.494,-11.916,-0.000,1.489,0.005
66.81,-11.917,-0.003,-1.494,-11.916,-0.000,1.489,0.005
66.83,-11.918,-0.003,-1.494,-11.916,-0.000,1.489,0.006
66.85,-11.918,-0.003,-1.494,-11.916,-0.000,1.489,0.006
66.87,-11.920,-0.003,-1.493,-11.916,-0.000,1.489,0.006
66.89,-11.920,-0.003,-1.493,-11.916,-0.000,1.489,0.006
66.91,-11.921,-0.003,-1.493,-11.916,-0.000,1.489,0.007
66.94,-11.921,-0.003,-1.493,-11.916,-0.000,1.489,0.007
66.96,-11.923,-0.003,-1.494,-11.916,-0.000,1.489,0.009
66.98,-11.923,-0.003,-1.494,-11.916,-0.000,1.489,0.009
67.00,-11.924,-0.003,-1.494,-11.916,-0.000,1.489,0.009
67.02,-11.924,-0.003,-1.494,-11.916,-0.000,1.489,0.009
67.04,-11.924,-0.003,-1.494,-11.916,-0.000,1.489,0.010
67.06,-11.924,-0.003,-1.494,-11.916,-0.000,1.489,0.010
67.08,-11.924,-0.003,-1.494,-11.916,-0.000,1.489,0.010
67.10,-11.925,-0.002,-1.494,-11.916,-0.000,1.489,0.011
67.12,-11.925,-0.002,-1.494,-11.916,-0.000,1.489,0.011
67.14,-11.926,-0.002,-1.494,-11.916,-0.000,1.489,0.011
67.16,-11.926,-0.002,-1.494,-11.916,-0.000,1.489,0.011
67.19,-11.926,-0.001,-1.493,-11.916,-0.000,1.489,0.011
67.21,-11.926,-0.001,-1.493,-11.916,-0.000,1.489,0.011
67.23,-11.927,-0.000,-1.493,-11.916,-0.000,1.489,0.011
67.25,-11.927,-0.000,-1.493,-11.916,-0.000,1.489,0.011
67.27,-11.927,0.001,-1.493,-11.916,-0.000,1.489,0.011
67.29,-11.927,0.001,-1.493,-11.916,-0.000,1.489,0.011
67.31,-11.927,0.002,-1.492,-11.916,-0.000,1.489,0.011
67.33,-11.927,0.002,-1.492,-11.916,-0.000,1.489,0.011
67.35,-11.926,0.003,-1.492,-11.916,-0.000,1.489,0.011
67.37,-11.926,0.003,-1.492,-11.916,-0.000,1.489,0.011
67.39,-11.926,0.004,-1.491,-11.916,-0.000,1.489,0.011
67.41,-11.926,0.004,-1.491,-11.916,-0.000,1.489,0.011
67.43,-11.925,0.004,-1.491,-11.916,-0.000,1.489,0.010
67.46,-11.925,0.004,-1.491,-11.916,-0.000,1.489,0.010
67.48,-11.924,0.005,-1.490,-11.916,-0.000,1.489,0.010
67.50,-11.924,0.005,-1.490,-11.916,-0.000,1.489,0.010
67.52,-11.924,0.006,-1.489,-11.916,-0.000,1.489,0.010
67.54,-11.924,0.006,-1.489,-11.916,-0.000,1.489,0.010
67.56,-11.923,0.007,-1.488,-11.916,-0.000,1.489,0.010
67.58,-11.923,0.007,-1.488,-11.916,-0.000,1.489,0.010
67.60,-11.923,0.007,-1.488,-11.916,-0.000,1.489,0.010
67.62,-11.922,0.008,-1.487,-11.916,-0.000,1.489,0.010
67.64,-11.922,0.008,-1.487,-11.916,-0.000,1.489,0.010
67.66,-11.921,0.008,-1.486,-11.916,-0.000,1.489,0.010
67.68,-11.921,0.008,-1.486,-11.916,-0.000,1.489,0.010
67.71,-11.920,0.008,-1.485,-11.916,-0.000,1.489,0.010
67.73,-11.920,0.008,-1.485,-11.916,-0.000,1.489,0.010
67.75,-11.920,0.009,-1.485,-11.916,-0.000,1.489,0.010
67.77,-11.920,0.009,-1.485,-11.916,-0.000,1.489,0.010
67.79,-11.919,0.009,-1.484,-11.916,-0.000,1.489,0.011
67.81,-11.919,0.009,-1.484,-11.916,-0.000,1.489,0.011
67.83,-11.919,0.009,-1.484,-11.916,-0.000,1.489,0.011
67.85,-11.919,0.009,-1.484,-11.916,-0.000,1.489,0.011
67.87,-11.919,0.008,-1.483,-11.916,-0.000,1.489,0.011
67.89,-11.919,0.008,-1.483,-11.916,-0.000,1.489,0.011
67.91,-11.919,0.008,-1.483,-11.916,-0.000,1.489,0.011
67.93,-11.919,0.008,-1.483,-11.916,-0.000,1.489,0.011
67.95,-11.919,0.007,-1.482,-11.916,-0.000,1.489,0.010
67.98,-11.919,0.007,-1.482,-11.916,-0.000,1.489,0.010
68.00,-11.918,0.006,-1.482,-11.916,-0.000,1.489,0.010
68.02,-11.918,0.006,-1.482,-11.916,-0.000,1.489,0.010
68.04,-11.918,0.006,-1.481,-11.916,-0.000,1.489,0.010
68.06,-11.918,0.006,-1.481,-11.916,-0.000,1.489,0.010
68.08,-11.918,0.005,-1.481,-11.916,-0.000,1.489,0.010
68.10,-11.918,0.005,-1.481,-11.916,-0.000,1.489,0.010
68.12,-11.918,0.005,-1.481,-11.916,-0.000,1.489,0.010
68.14,-11.918,0.004,-1.481,-11.916,-0.000,1.489,0.009
68.16,-11.918,0.004,-1.481,-11.916,-0.000,1.489,0.009
68.18,-11.919,0.004,-1.481,-11.916,-0.000,1.489,0.010
68.20,-11.919,0.004,-1.481,-11.916,-0.000,1.489,0.010
68.23,-11.919,0.003,-1.480,-11.916,-0.000,1.489,0.010
68.25,-11.919,0.003,-1.480,-11.916,-0.000,1.489,0.010
68.27,-11.919,0.003,-1.480,-11.916,-0.000,1.489,0.010
68.29,-11.919,0.003,-1.480,-11.916,-0.000,1.489,0.010
68.31,-11.920,0.003,-1.480,-11.916,-0.000,1.489,0.010
68.33,-11.920,0.003,-1.480,-11.916,-0.000,1.489,0.010
68.35,-11.920,0.002,-1.480,-11.916,-0.000,1.489,0.010
68.37,-11.920,0.002,-1.480,-11.916,-0.000,1.489,0.010
68.39,-11.921,0.002,-1.479,-11.916,-0.000,1.489,0.011
68.41,-11.921,0.002,-1.479,-11.916,-0.000,1.489,0.011
68.43,-11.921,0.002,-1.479,-11.916,-0.000,1.489,0.011
68.45,-11.921,0.002,-1.479,-11.916,-0.000,1.489,0.011
68.47,-11.921,0.001,-1.479,-11.916,-0.000,1.489,0.011
68.50,-11.921,0.001,-1.479,-11.916,-0.000,1.489,0.011
68.52,-11.921,0.001,-1.480,-11.916,-0.000,1.489,0.011
68.54,-11.921,0.001,-1.480,-11.916,-0.000,1.489,0.011
68.56,-11.921,0.000,-1.480,-11.916,-0.000,1.489,0.011
68.58,-11.921,0.000,-1.480,-11.916,-0.000,1.489,0.011
68.60,-11.921,0.000,-1.480,-11.916,-0.000,1.489,0.011
68.62,-11.922,-0.000,-1.480,-11.916,-0.000,1.489,0.010
68.64,-11.922,-0.000,-1.480,-11.916,-0.000,1.489,0.010
68.66,-11.922,-0.001,-1.480,-11.916,-0.000,1.489,0.010
68.68,-11.922,-0.001,-1.480,-11.916,-0.000,1.489,0.010
68.70,-11.922,-0.002,-1.480,-11.916,-0.000,1.489,0.011
68.73,-11.922,-0.002,-1.480,-11.916,-0.000,1.489,0.011
68.75,-11.923,-0.003,-1.480,-11.916,-0.000,1.489,0.011
68.77,-11.923,-0.003,-1.480,-11.916,-0.000,1.489,0.011
68.79,-11.924,-0.004,-1.480,-11.916,-0.000,1.489,0.012
68.81,-11.924,-0.004,-1.480,-11.916,-0.000,1.489,0.012
68.83,-11.924,-0.005,-1.481,-11.916,-0.000,1.489,0.013
68.85,-11.924,-0.005,-1.481,-11.916,-0.000,1.489,0.013
68.87,-11.925,-0.006,-1.481,-11.916,-0.000,1.489,0.013
68.89,-11.925,-0.006,-1.481,-11.916,-0.000,1.489,0.013
68.91,-11.926,-0.007,-1.481,-11.916,-0.000,1.489,0.014
68.93,-11.926,-0.007,-1.481,-11.916,-0.000,1.489,0.014
68.95,-11.926,-0.008,-1.481,-11.916,-0.000,1.489,0.015
68.97,-11.926,-0.008,-1.481,-11.916,-0.000,1.489,0.015
69.00,-11.927,-0.009,-1.482,-11.916,-0.000,1.489,0.016
69.02,-11.927,-0.009,-1.482,-11.916,-0.000,1.489,0.016
69.04,-11.928,-0.010,-1.482,-11.916,-0.000,1.489,0.017
69.06,-11.928,-0.010,-1.482,-11.916,-0.000,1.489,0.017
69.08,-11.929,-0.011,-1.482,-11.916,-0.000,1.489,0.018
69.10,-11.929,-0.011,-1.482,-11.916,-0.000,1.489,0.018
69.12,-11.929,-0.011,-1.482,-11.916,-0.000,1.489,0.018
69.14,-11.930,-0.012,-1.483,-11.916,-0.000,1.489,0.019
69.16,-11.930,-0.012,-1.483,-11.916,-0.000,1.489,0.019
69.18,-11.931,-0.013,-1.483,-11.916,-0.000,1.489,0.020
69.20,-11.931,-0.013,-1.483,-11.916,-0.000,1.489,0.020
69.22,-11.932,-0.013,-1.484,-11.916,-0.000,1.489,0.021
69.25,-11.932,-0.013,-1.484,-11.916,-0.000,1.489,0.021
69.27,-11.932,-0.014,-1.484,-11.916,-0.000,1.489,0.022
69.29,-11.932,-0.014,-1.484,-11.916,-0.000,1.489,0.022
69.31,-11.932,-0.015,-1.485,-11.916,-0.000,1.489,0.022
69.33,-11.932,-0.015,-1.485,-11.916,-0.000,1.489,0.022
69.35,-11.933,-0.015,-1.486,-11.916,-0.000,1.489,0.022
69.37,-11.933,-0.015,-1.486,-11.916,-0.000,1.489,0.022
69.39,-11.933,-0.015,-1.486,-11.916,-0.000,1.489,0.023
69.41,-11.933,-0.015,-1.486,-11.916,-0.000,1.489,0.023
69.43,-11.932,-0.016,-1.487,-11.916,-0.000,1.489,0.023
69.45,-11.932,-0.016,-1.487,-11.916,-0.000,1.489,0.023
69.47,-11.932,-0.016,-1.488,-11.916,-0.000,1.489,0.023
69.49,-11.932,-0.016,-1.488,-11.916,-0.000,1.489,0.023
69.52,-11.931,-0.016,-1.489,-11.916,-0.000,1.489,0.022
69.54,-11.931,-0.016,-1.489,-11.916,-0.000,1.489,0.022
69.56,-11.930,-0.017,-1.490,-11.916,-0.000,1.489,0.022
69.58,-11.930,-0.017,-1.490,-11.916,-0.000,1.489,0.022
69.60,-11.930,-0.017,-1.490,-11.916,-0.000,1.489,0.022
69.62,-11.929,-0.016,-1.490,-11.916,-0.000,1.489,0.021
69.64,-11.929,-0.016,-1.490,-11.916,-0.000,1.489,0.021
69.66,-11.928,-0.016,-1.491,-11.916,-0.000,1.489,0.020
69.68,-11.928,-0.016,-1.491,-11.916,-0.000,1.489,0.020
69.70,-11.926,-0.016,-1.492,-11.916,-0.000,1.489,0.019
69.72,-11.926,-0.016,-1.492,-11.916,-0.000,1.489,0.019
69.74,-11.925,-0.016,-1.492,-11.916,-0.000,1.489,0.018
69.77,-11.925,-0.016,-1.492,-11.916,-0.000,1.489,0.018
69.79,-11.923,-0.015,-1.493,-11.916,-0.000,1.489,0.017
69.81,-11.923,-0.015,-1.493,-11.916,-0.000,1.489,0.017
69.83,-11.921,-0.015,-1.493,-11.916,-0.000,1.489,0.016
69.85,-11.921,-0.015,-1.493,-11.916,-0.000,1.489,0.016
69.87,-11.919,-0.014,-1.494,-11.916,-0.000,1.489,0.015
69.89,-11.919,-0.014,-1.494,-11.916,-0.000,1.489,0.015
69.91,-11.917,-0.014,-1.494,-11.916,-0.000,1.489,0.014
69.93,-11.917,-0.014,-1.494,-11.916,-0.000,1.489,0.014
69.95,-11.915,-0.013,-1.494,-11.916,-0.000,1.489,0.014
69.97,-11.915,-0.013,-1.494,-11.916,-0.000,1.489,0.014
69.99,-11.914,-0.012,-1.494,-11.916,-0.000,1.489,0.014
70.02,-11.914,-0.012,-1.494,-11.916,-0.000,1.489,0.014
70.04,-11.911,-0.011,-1.494,-11.916,-0.000,1.489,0.013
70.06,-11.911,-0.011,-1.494,-11.916,-0.000,1.489,0.013
70.08,-11.910,-0.011,-1.494,-11.916,-0.000,1.489,0.013
70.10,-11.910,-0.011,-1.494,-11.916,-0.000,1.489,0.013
70.12,-11.910,-0.011,-1.494,-11.916,-0.000,1.489,0.013
70.14,-11.909,-0.009,-1.494,-11.916,-0.000,1.489,0.013
70.16,-11.909,-0.009,-1.494,-11.916,-0.000,1.489,0.013
70.18,-11.908,-0.009,-1.494,-11.916,-0.000,1.489,0.013
70.20,-11.908,-0.009,-1.494,-11.916,-0.000,1.489,0.013
70.22,-11.907,-0.008,-1.494,-11.916,-0.000,1.489,0.013
70.24,-11.907,-0.008,-1.494,-11.916,-0.000,1.489,0.013
70.26,-11.907,-0.007,-1.494,-11.916,-0.000,1.489,0.013
70.29,-11.907,-0.007,-1.494,-11.916,-0.000,1.489,0.013
70.31,-11.906,-0.007,-1.495,-11.916,-0.000,1.489,0.013
70.33,-11.906,-0.007,-1.495,-11.916,-0.000,1.489,0.013
70.35,-11.906,-0.006,-1.494,-11.916,-0.000,1.489,0.013
70.37,-11.906,-0.006,-1.494,-11.916,-0.000,1.489,0.013
70.39,-11.906,-0.006,-1.494,-11.916,-0.000,1.489,0.013
70.41,-11.906,-0.006,-1.494,-11.916,-0.000,1.489,0.013
70.43,-11.907,-0.005,-1.494,-11.916,-0.000,1.489,0.012
70.45,-11.907,-0.005,-1.494,-11.916,-0.000,1.489,0.012
70.48,-11.907,-0.005,-1.494,-11.916,-0.000,1.489,0.011
70.50,-11.907,-0.005,-1.494,-11.916,-0.000,1.489,0.011
70.52,-11.908,-0.005,-1.494,-11.916,-0.000,1.489,0.010
70.54,-11.908,-0.005,-1.494,-11.916,-0.000,1.489,0.010
70.56,-11.909,-0.004,-1.493,-11.916,-0.000,1.489,0.009
70.58,-11.909,-0.004,-1.493,-11.916,-0.000,1.489,0.009
70.60,-11.910,-0.004,-1.492,-11.916,-0.000,1.489,0.008
70.62,-11.910,-0.004,-1.492,-11.916,-0.000,1.489,0.008
70.64,-11.910,-0.004,-1.492,-11.916,-0.000,1.489,0.008
70.66,-11.911,-0.004,-1.491,-11.916,-0.000,1.489,0.007
70.68,-11.911,-0.004,-1.491,-11.916,-0.000,1.489,0.007
70.70,-11.912,-0.005,-1.491,-11.916,-0.000,1.489,0.006
70.73,-11.912,-0.005,-1.491,-11.916,-0.000,1.489,0.006
70.75,-11.913,-0.005,-1.490,-11.916,-0.000,1.489,0.006
70.77,-11.913,-0.005,-1.490,-11.916,-0.000,1.489,0.006
70.79,-11.915,-0.006,-1.489,-11.916,-0.000,1.489,0.006
70.81,-11.915,-0.006,-1.489,-11.916,-0.000,1.489,0.006
70.83,-11.916,-0.007,-1.489,-11.916,-0.000,1.489,0.007
70.85,-11.916,-0.007,-1.489,-11.916,-0.000,1.489,0.007
70.87,-11.917,-0.008,-1.488,-11.916,-0.000,1.489,0.008
70.89,-11.917,-0.008,-1.488,-11.916,-0.000,1.489,0.008
70.91,-11.919,-0.009,-1.488,-11.916,-0.000,1.489,0.010
70.93,-11.919,-0.009,-1.488,-11.916,-0.000,1.489,0.010
70.96,-11.920,-0.010,-1.487,-11.916,-0.000,1.489,0.011
70.98,-11.920,-0.010,-1.487,-11.916,-0.000,1.489,0.011
71.00,-11.922,-0.012,-1.487,-11.916,-0.000,1.489,0.013
71.02,-11.922,-0.012,-1.487,-11.916,-0.000,1.489,0.013
71.04,-11.923,-0.012,-1.486,-11.916,-0.000,1.489,0.014
71.06,-11.923,-0.012,-1.486,-11.916,-0.000,1.489,0.014
71.08,-11.923,-0.013,-1.485,-11.916,-0.000,1.489,0.015
71.10,-11.923,-0.013,-1.485,-11.916,-0.000,1.489,0.015
71.12,-11.923,-0.013,-1.485,-11.916,-0.000,1.489,0.015
71.14,-11.924,-0.013,-1.484,-11.916,-0.000,1.489,0.016
71.16,-11.924,-0.013,-1.484,-11.916,-0.000,1.489,0.016
71.18,-11.924,-0.014,-1.483,-11.916,-0.000,1.489,0.017
71.20,-11.924,-0.014,-1.483,-11.916,-0.000,1.489,0.017
71.23,-11.924,-0.014,-1.482,-11.916,-0.000,1.489,0.017
71.25,-11.924,-0.014,-1.482,-11.916,-0.000,1.489,0.017
71.27,-11.924,-0.014,-1.481,-11.916,-0.000,1.489,0.018
71.29,-11.924,-0.014,-1.481,-11.916,-0.000,1.489,0.018
71.31,-11.924,-0.013,-1.480,-11.916,-0.000,1.489,0.018
71.33,-11.924,-0.013,-1.480,-11.916,-0.000,1.489,0.018
71.35,-11.924,-0.013,-1.479,-11.916,-0.000,1.489,0.018
71.37,-11.924,-0.013,-1.479,-11.916,-0.000,1.489,0.018
71.39,-11.923,-0.012,-1.478,-11.916,-0.000,1.489,0.018
71.41,-11.923,-0.012,-1.478,-11.916,-0.000,1.489,0.018
71.43,-11.923,-0.011,-1.477,-11.916,-0.000,1.489,0.017
71.45,-11.923,-0.011,-1.477,-11.916,-0.000,1.489,0.017
71.48,-11.922,-0.009,-1.476,-11.916,-0.000,1.489,0.017
71.50,-11.922,-0.009,-1.476,-11.916,-0.000,1.489,0.017
71.52,-11.921,-0.008,-1.476,-11.916,-0.000,1.489,0.016
71.54,-11.921,-0.008,-1.476,-11.916,-0.000,1.489,0.016
71.56,-11.921,-0.007,-1.475,-11.916,-0.000,1.489,0.016
71.58,-11.921,-0.007,-1.475,-11.916,-0.000,1.489,0.016
71.60,-11.920,-0.006,-1.475,-11.916,-0.000,1.489,0.015
71.62,-11.920,-0.006,-1.475,-11.916,-0.000,1.489,0.015
71.64,-11.920,-0.006,-1.475,-11.916,-0.000,1.489,0.015
71.66,-11.919,-0.005,-1.475,-11.916,-0.000,1.489,0.015
71.68,-11.919,-0.005,-1.475,-11.916,-0.000,1.489,0.015
71.71,-11.919,-0.004,-1.475,-11.916,-0.000,1.489,0.014
71.73,-11.919,-0.004,-1.475,-11.916,-0.000,1.489,0.014
71.75,-11.918,-0.003,-1.475,-11.916,-0.000,1.489,0.014
71.77,-11.918,-0.003,-1.475,-11.916,-0.000,1.489,0.014
71.79,-11.917,-0.002,-1.475,-11.916,-0.000,1.489,0.014
71.81,-11.917,-0.002,-1.475,-11.916,-0.000,1.489,0.014
71.83,-11.917,-0.002,-1.476,-11.916,-0.000,1.489,0.013
71.85,-11.917,-0.002,-1.476,-11.916,-0.000,1.489,0.013
71.87,-11.916,-0.001,-1.476,-11.916,-0.000,1.489,0.013
71.89,-11.916,-0.001,-1.476,-11.916,-0.000,1.489,0.013
71.91,-11.916,-0.001,-1.476,-11.916,-0.000,1.489,0.013
71.93,-11.916,-0.001,-1.476,-11.916,-0.000,1.489,0.013
71.95,-11.915,-0.000,-1.477,-11.916,-0.000,1.489,0.012
71.98,-11.915,-0.000,-1.477,-11.916,-0.000,1.489,0.012
72.00,-11.914,0.000,-1.477,-11.916,-0.000,1.489,0.012
72.02,-11.914,0.000,-1.477,-11.916,-0.000,1.489,0.012
72.04,-11.914,0.001,-1.478,-11.916,-0.000,1.489,0.012
72.06,-11.914,0.001,-1.478,-11.916,-0.000,1.489,0.012
72.08,-11.914,0.001,-1.478,-11.916,-0.000,1.489,0.011
72.10,-11.914,0.001,-1.478,-11.916,-0.000,1.489,0.011
72.12,-11.914,0.001,-1.478,-11.916,-0.000,1.489,0.011
72.14,-11.913,0.001,-1.478,-11.916,-0.000,1.489,0.011
72.16,-11.913,0.001,-1.478,-11.916,-0.000,1.489,0.011
72.18,-11.913,0.001,-1.478,-11.916,-0.000,1.489,0.011
72.20,-11.913,0.001,-1.478,-11.916,-0.000,1.489,0.011
72.22,-11.912,0.000,-1.479,-11.916,-0.000,1.489,0.011
72.25,-11.912,0.000,-1.479,-11.916,-0.000,1.489,0.011
72.27,-11.912,0.000,-1.479,-11.916,-0.000,1.489,0.011
72.29,-11.912,0.000,-1.479,-11.916,-0.000,1.489,0.011
72.31,-11.912,-0.000,-1.479,-11.916,-0.000,1.489,0.010
72.33,-11.912,-0.000,-1.479,-11.916,-0.000,1.489,0.010
72.35,-11.912,-0.000,-1.479,-11.916,-0.000,1.489,0.010
72.37,-11.912,-0.000,-1.479,-11.916,-0.000,1.489,0.010
72.39,-11.912,-0.001,-1.480,-11.916,-0.000,1.489,0.010
72.41,-11.912,-0.001,-1.480,-11.916,-0.000,1.489,0.010
72.43,-11.912,-0.001,-1.480,-11.916,-0.000,1.489,0.010
72.45,-11.912,-0.001,-1.480,-11.916,-0.000,1.489,0.010
72.47,-11.912,-0.001,-1.480,-11.916,-0.000,1.489,0.009
72.50,-11.912,-0.001,-1.480,-11.916,-0.000,1.489,0.009
72.52,-11.913,-0.001,-1.481,-11.916,-0.000,1.489,0.009
72.54,-11.913,-0.001,-1.481,-11.916,-0.000,1.489,0.009
72.56,-11.913,-0.001,-1.482,-11.916,-0.000,1.489,0.008
72.58,-11.913,-0.001,-1.482,-11.916,-0.000,1.489,0.008
72.60,-11.914,-0.001,-1.482,-11.916,-0.000,1.489,0.007
72.62,-11.914,-0.001,-1.482,-11.916,-0.000,1.489,0.007
72.64,-11.914,-0.001,-1.482,-11.916,-0.000,1.489,0.007
72.66,-11.915,-0.001,-1.483,-11.916,-0.000,1.489,0.006
72.68,-11.915,-0.001,-1.483,-11.916,-0.000,1.489,0.006
72.70,-11.915,-0.001,-1.484,-11.916,-0.000,1.489,0.005
72.73,-11.915,-0.001,-1.484,-11.916,-0.000,1.489,0.005
72.75,-11.916,-0.001,-1.484,-11.916,-0.000,1.489,0.005
72.77,-11.916,-0.001,-1.484,-11.916,-0.000,1.489,0.005
72.79,-11.917,-0.000,-1.485,-11.916,-0.000,1.489,0.004
72.81,-11.917,-0.000,-1.485,-11.916,-0.000,1.489,0.004
72.83,-11.918,-0.000,-1.486,-11.916,-0.000,1.489,0.004
72.85,-11.918,-0.000,-1.486,-11.916,-0.000,1.489,0.004
72.87,-11.919,-0.000,-1.486,-11.916,-0.000,1.489,0.004
72.89,-11.919,-0.000,-1.486,-11.916,-0.000,1.489,0.004
72.91,-11.920,-0.000,-1.487,-11.916,-0.000,1.489,0.005
72.93,-11.920,-0.000,-1.487,-11.916,-0.000,1.489,0.005
72.95,-11.922,-0.000,-1.487,-11.916,-0.000,1.489,0.006
72.97,-11.922,-0.000,-1.487,-11.916,-0.000,1.489,0.006
73.00,-11.923,-0.000,-1.488,-11.916,-0.000,1.489,0.007
73.02,-11.923,-0.000,-1.488,-11.916,-0.000,1.489,0.007
73.04,-11.924,-0.000,-1.488,-11.916,-0.000,1.489,0.008
73.06,-11.924,-0.000,-1.488,-11.916,-0.000,1.489,0.008
73.08,-11.925,-0.000,-1.488,-11.916,-0.000,1.489,0.009
73.10,-11.925,-0.000,-1.488,-11.916,-0.000,1.489,0.009
73.12,-11.927,-0.000,-1.489,-11.916,-0.000,1.489,0.011
73.14,-11.927,-0.000,-1.489,-11.916,-0.000,1.489,0.011
73.16,-11.927,-0.000,-1.489,-11.916,-0.000,1.489,0.011
73.18,-11.928,-0.000,-1.489,-11.916,-0.000,1.489,0.012
73.20,-11.928,-0.000,-1.489,-11.916,-0.000,1.489,0.012
73.22,-11.929,-0.000,-1.489,-11.916,-0.000,1.489,0.013
73.25,-11.929,-0.000,-1.489,-11.916,-0.000,1.489,0.013
73.27,-11.930,0.000,-1.489,-11.916,-0.000,1.489,0.014
73.29,-11.930,0.000,-1.489,-11.916,-0.000,1.489,0.014
73.31,-11.931,0.000,-1.489,-11.916,-0.000,1.489,0.015
73.33,-11.931,0.000,-1.489,-11.916,-0.000,1.489,0.015
73.35,-11.932,0.001,-1.489,-11.916,-0.000,1.489,0.016
73.37,-11.932,0.001,-1.489,-11.916,-0.000,1.489,0.016
73.39,-11.932,0.001,-1.489,-11.916,-0.000,1.489,0.016
73.41,-11.932,0.001,-1.489,-11.916,-0.000,1.489,0.016
73.43,-11.933,0.001,-1.489,-11.916,-0.000,1.489,0.017
73.45,-11.933,0.001,-1.489,-11.916,-0.000,1.489,0.017
73.47,-11.933,0.002,-1.489,-11.916,-0.000,1.489,0.017
73.50,-11.933,0.002,-1.489,-11.916,-0.000,1.489,0.017
73.52,-11.934,0.002,-1.489,-11.916,-0.000,1.489,0.018
73.54,-11.934,0.002,-1.489,-11.916,-0.000,1.489,0.018
73.56,-11.934,0.003,-1.490,-11.916,-0.000,1.489,0.018
73.58,-11.934,0.003,-1.490,-11.916,-0.000,1.489,0.018
73.60,-11.933,0.003,-1.490,-11.916,-0.000,1.489,0.018
73.62,-11.933,0.003,-1.490,-11.916,-0.000,1.489,0.018
73.64,-11.933,0.003,-1.490,-11.916,-0.000,1.489,0.018
73.66,-11.933,0.004,-1.490,-11.916,-0.000,1.489,0.018
73.68,-11.933,0.004,-1.490,-11.916,-0.000,1.489,0.018
73.70,-11.933,0.004,-1.491,-11.916,-0.000,1.489,0.017
73.72,-11.933,0.004,-1.491,-11.916,-0.000,1.489,0.017
73.74,-11.932,0.004,-1.491,-11.916,-0.000,1.489,0.017
73.77,-11.932,0.004,-1.491,-11.916,-0.000,1.489,0.017
73.79,-11.932,0.004,-1.491,-11.916,-0.000,1.489,0.017
73.81,-11.932,0.004,-1.491,-11.916,-0.000,1.489,0.017
73.83,-11.931,0.004,-1.492,-11.916,-0.000,1.489,0.016
73.85,-11.931,0.004,-1.492,-11.916,-0.000,1.489,0.016
73.87,-11.931,0.005,-1.492,-11.916,-0.000,1.489,0.016
73.89,-11.931,0.005,-1.492,-11.916,-0.000,1.489,0.016
73.91,-11.930,0.005,-1.492,-11.916,-0.000,1.489,0.016
73.93,-11.930,0.005,-1.492,-11.916,-0.000,1.489,0.016
73.95,-11.930,0.005,-1.493,-11.916,-0.000,1.489,0.015
73.97,-11.930,0.005,-1.493,-11.916,-0.000,1.489,0.015
73.99,-11.930,0.005,-1.493,-11.916,-0.000,1.489,0.015
74.02,-11.930,0.005,-1.493,-11.916,-0.000,1.489,0.015
74.04,-11.929,0.005,-1.494,-11.916,-0.000,1.489,0.015
74.06,-11.929,0.005,-1.494,-11.916,-0.000,1.489,0.015
74.08,-11.929,0.005,-1.495,-11.916,-0.000,1.489,0.015
74.10,-11.929,0.005,-1.495,-11.916,-0.000,1.489,0.015
74.12,-11.929,0.004,-1.496,-11.916,-0.000,1.489,0.015
74.14,-11.929,0.004,-1.496,-11.916,-0.000,1.489,0.015
74.16,-11.929,0.004,-1.496,-11.916,-0.000,1.489,0.015
74.18,-11.928,0.004,-1.497,-11.916,-0.000,1.489,0.015
74.20,-11.928,0.004,-1.497,-11.916,-0.000,1.489,0.015
74.22,-11.928,0.004,-1.498,-11.916,-0.000,1.489,0.015
74.24,-11.928,0.004,-1.498,-11.916,-0.000,1.489,0.015
74.26,-11.928,0.004,-1.498,-11.916,-0.000,1.489,0.015
74.29,-11.928,0.004,-1.498,-11.916,-0.000,1.489,0.015
74.31,-11.927,0.003,-1.499,-11.916,-0.000,1.489,0.016
74.33,-11.927,0.003,-1.499,-11.916,-0.000,1.489,0.016
74.35,-11.927,0.003,-1.500,-11.916,-0.000,1.489,0.016
74.37,-11.927,0.003,-1.500,-11.916,-0.000,1.489,0.016
74.39,-11.927,0.003,-1.500,-11.916,-0.000,1.489,0.016
74.41,-11.927,0.003,-1.500,-11.916,-0.000,1.489,0.016
74.43,-11.926,0.003,-1.501,-11.916,-0.000,1.489,0.016
74.45,-11.926,0.003,-1.501,-11.916,-0.000,1.489,0.016
74.47,-11.926,0.003,-1.501,-11.916,-0.000,1.489,0.016
74.49,-11.926,0.003,-1.501,-11.916,-0.000,1.489,0.016
74.51,-11.925,0.003,-1.502,-11.916,-0.000,1.489,0.016
74.54,-11.925,0.003,-1.502,-11.916,-0.000,1.489,0.016
74.56,-11.925,0.003,-1.503,-11.916,-0.000,1.489,0.017
74.58,-11.925,0.003,-1.503,-11.916,-0.000,1.489,0.017
74.60,-11.924,0.004,-1.503,-11.916,-0.000,1.489,0.017
74.62,-11.924,0.004,-1.503,-11.916,-0.000,1.489,0.017
74.64,-11.924,0.004,-1.503,-11.916,-0.000,1.489,0.017
74.66,-11.924,0.004,-1.504,-11.916,-0.000,1.489,0.017
74.68,-11.924,0.004,-1.504,-11.916,-0.000,1.489,0.017
74.70,-11.924,0.005,-1.504,-11.916,-0.000,1.489,0.017
74.72,-11.924,0.005,-1.504,-11.916,-0.000,1.489,0.017
74.74,-11.923,0.006,-1.504,-11.916,-0.000,1.489,0.018
74.76,-11.923,0.006,-1.504,-11.916,-0.000,1.489,0.018
74.78,-11.923,0.006,-1.504,-11.916,-0.000,1.489,0.018
74.80,-11.923,0.006,-1.504,-11.916,-0.000,1.489,0.018
74.83,-11.923,0.007,-1.504,-11.916,-0.000,1.489,0.018
74.85,-11.923,0.007,-1.504,-11.916,-0.000,1.489,0.018
74.87,-11.922,0.008,-1.504,-11.916,-0.000,1.489,0.018
74.89,-11.922,0.008,-1.504,-11.916,-0.000,1.489,0.018
74.91,-11.921,0.009,-1.504,-11.916,-0.000,1.489,0.018
74.93,-11.921,0.009,-1.504,-11.916,-0.000,1.489,0.018
74.95,-11.921,0.010,-1.503,-11.916,-0.000,1.489,0.018
74.97,-11.921,0.010,-1.503,-11.916,-0.000,1.489,0.018
74.99,-11.920,0.011,-1.503,-11.916,-0.000,1.489,0.019
75.01,-11.920,0.011,-1.503,-11.916,-0.000,1.489,0.019
75.03,-11.920,0.012,-1.503,-11.916,-0.000,1.489,0.019
75.05,-11.920,0.012,-1.503,-11.916,-0.000,1.489,0.019
75.08,-11.919,0.013,-1.503,-11.916,-0.000,1.489,0.020
75.10,-11.919,0.013,-1.503,-11.916,-0.000,1.489,0.020
75.12,-11.918,0.015,-1.503,-11.916,-0.000,1.489,0.021
75.14,-11.918,0.015,-1.503,-11.916,-0.000,1.489,0.021
75.16,-11.918,0.015,-1.503,-11.916,-0.000,1.489,0.021
75.18,-11.916,0.017,-1.504,-11.916,-0.000,1.489,0.023
75.20,-11.916,0.017,-1.504,-11.916,-0.000,1.489,0.023
75.22,-11.915,0.018,-1.504,-11.916,-0.000,1.489,0.024
75.24,-11.915,0.018,-1.504,-11.916,-0.000,1.489,0.024
75.26,-11.914,0.020,-1.504,-11.916,-0.000,1.489,0.025
75.28,-11.914,0.020,-1.504,-11.916,-0.000,1.489,0.025
75.30,-11.912,0.022,-1.504,-11.916,-0.000,1.489,0.027
75.33,-11.912,0.022,-1.504,-11.916,-0.000,1.489,0.027
75.35,-11.911,0.023,-1.505,-11.916,-0.000,1.489,0.029
75.37,-11.911,0.023,-1.505,-11.916,-0.000,1.489,0.029
75.39,-11.909,0.025,-1.505,-11.916,-0.000,1.489,0.031
75.41,-11.909,0.025,-1.505,-11.916,-0.000,1.489,0.031
75.43,-11.907,0.026,-1.505,-11.916,-0.000,1.489,0.033
75.45,-11.907,0.026,-1.505,-11.916,-0.000,1.489,0.033
75.47,-11.905,0.028,-1.506,-11.916,-0.000,1.489,0.034
75.49,-11.905,0.028,-1.506,-11.916,-0.000,1.489,0.034
75.51,-11.904,0.029,-1.506,-11.916,-0.000,1.489,0.036
75.53,-11.904,0.029,-1.506,-11.916,-0.000,1.489,0.036
75.55,-11.902,0.030,-1.506,-11.916,-0.000,1.489,0.037
75.58,-11.902,0.030,-1.506,-11.916,-0.000,1.489,0.037
75.60,-11.900,0.031,-1.507,-11.916,-0.000,1.489,0.039
75.62,-11.900,0.031,-1.507,-11.916,-0.000,1.489,0.039
75.64,-11.898,0.031,-1.507,-11.916,-0.000,1.489,0.040
75.66,-11.898,0.031,-1.507,-11.916,-0.000,1.489,0.040
75.68,-11.898,0.031,-1.507,-11.916,-0.000,1.489,0.040
75.70,-11.896,0.031,-1.508,-11.916,-0.000,1.489,0.042
75.72,-11.896,0.031,-1.508,-11.916,-0.000,1.489,0.042
75.74,-11.895,0.031,-1.509,-11.916,-0.000,1.489,0.043
75.76,-11.895,0.031,-1.509,-11.916,-0.000,1.489,0.043
75.79,-11.894,0.031,-1.510,-11.916,-0.000,1.489,0.043
75.81,-11.894,0.031,-1.510,-11.916,-0.000,1.489,0.043
75.83,-11.893,0.031,-1.511,-11.916,-0.000,1.489,0.044
75.85,-11.893,0.031,-1.511,-11.916,-0.000,1.489,0.044
75.87,-11.892,0.030,-1.512,-11.916,-0.000,1.489,0.045
75.89,-11.892,0.030,-1.512,-11.916,-0.000,1.489,0.045
75.91,-11.891,0.029,-1.512,-11.916,-0.000,1.489,0.045
75.93,-11.891,0.029,-1.512,-11.916,-0.000,1.489,0.045
75.95,-11.890,0.028,-1.513,-11.916,-0.000,1.489,0.046
75.97,-11.890,0.028,-1.513,-11.916,-0.000,1.489,0.046
75.99,-11.889,0.027,-1.513,-11.916,-0.000,1.489,0.046
76.01,-11.889,0.027,-1.513,-11.916,-0.000,1.489,0.046
76.03,-11.889,0.026,-1.513,-11.916,-0.000,1.489,0.045
76.05,-11.889,0.026,-1.513,-11.916,-0.000,1.489,0.045
76.08,-11.888,0.025,-1.513,-11.916,-0.000,1.489,0.045
76.10,-11.888,0.025,-1.513,-11.916,-0.000,1.489,0.045
76.12,-11.888,0.022,-1.513,-11.916,-0.000,1.489,0.044
76.14,-11.888,0.022,-1.513,-11.916,-0.000,1.489,0.044
76.16,-11.888,0.022,-1.513,-11.916,-0.000,1.489,0.044
76.18,-11.887,0.020,-1.512,-11.916,-0.000,1.489,0.042
76.20,-11.887,0.020,-1.512,-11.916,-0.000,1.489,0.042
76.22,-11.887,0.018,-1.511,-11.916,-0.000,1.489,0.041
76.24,-11.887,0.018,-1.511,-11.916,-0.000,1.489,0.041
76.26,-11.887,0.016,-1.510,-11.916,-0.000,1.489,0.040
76.28,-11.887,0.016,-1.510,-11.916,-0.000,1.489,0.040
76.30,-11.887,0.014,-1.509,-11.916,-0.000,1.489,0.038
76.32,-11.887,0.014,-1.509,-11.916,-0.000,1.489,0.038
76.35,-11.887,0.012,-1.508,-11.916,-0.000,1.489,0.037
76.37,-11.887,0.012,-1.508,-11.916,-0.000,1.489,0.037
76.39,-11.888,0.010,-1.507,-11.916,-0.000,1.489,0.035
76.41,-11.888,0.010,-1.507,-11.916,-0.000,1.489,0.035
76.43,-11.888,0.008,-1.506,-11.916,-0.000,1.489,0.034
76.45,-11.888,0.008,-1.506,-11.916,-0.000,1.489,0.034
76.47,-11.889,0.007,-1.505,-11.916,-0.000,1.489,0.032
76.49,-11.889,0.007,-1.505,-11.916,-0.000,1.489,0.032
76.51,-11.890,0.005,-1.504,-11.916,-0.000,1.489,0.030
76.53,-11.890,0.005,-1.504,-11.916,-0.000,1.489,0.030
76.55,-11.892,0.004,-1.503,-11.916,-0.000,1.489,0.029
76.57,-11.892,0.004,-1.503,-11.916,-0.000,1.489,0.029
76.60,-11.893,0.003,-1.501,-11.916,-0.000,1.489,0.026
76.62,-11.893,0.003,-1.501,-11.916,-0.000,1.489,0.026
76.64,-11.895,0.002,-1.500,-11.916,-0.000,1.489,0.024
76.66,-11.895,0.002,-1.500,-11.916,-0.000,1.489,0.024
76.68,-11.895,0.002,-1.500,-11.916,-0.000,1.489,0.024
76.70,-11.897,0.002,-1.499,-11.916,-0.000,1.489,0.022
76.72,-11.897,0.002,-1.499,-11.916,-0.000,1.489,0.022
76.74,-11.898,0.002,-1.498,-11.916,-0.000,1.489,0.020
76.76,-11.898,0.002,-1.498,-11.916,-0.000,1.489,0.020
76.78,-11.899,0.002,-1.497,-11.916,-0.000,1.489,0.019
76.80,-11.899,0.002,-1.497,-11.916,-0.000,1.489,0.019
76.83,-11.900,0.003,-1.497,-11.916,-0.000,1.489,0.018
76.85,-11.900,0.003,-1.497,-11.916,-0.000,1.489,0.018
76.87,-11.902,0.003,-1.496,-11.916,-0.000,1.489,0.017
76.89,-11.902,0.003,-1.496,-11.916,-0.000,1.489,0.017
76.91,-11.903,0.004,-1.496,-11.916,-0.000,1.489,0.015
76.93,-11.903,0.004,-1.496,-11.916,-0.000,1.489,0.015
76.95,-11.904,0.005,-1.495,-11.916,-0.000,1.489,0.015
76.97,-11.904,0.005,-1.495,-11.916,-0.000,1.489,0.015
76.99,-11.905,0.005,-1.495,-11.916,-0.000,1.489,0.014
77.01,-11.905,0.005,-1.495,-11.916,-0.000,1.489,0.014
77.03,-11.905,0.006,-1.494,-11.916,-0.000,1.489,0.014
77.05,-11.905,0.006,-1.494,-11.916,-0.000,1.489,0.014
77.07,-11.906,0.006,-1.494,-11.916,-0.000,1.489,0.013
77.10,-11.906,0.006,-1.494,-11.916,-0.000,1.489,0.013
77.12,-11.906,0.007,-1.493,-11.916,-0.000,1.489,0.013
77.14,-11.906,0.007,-1.493,-11.916,-0.000,1.489,0.013
77.16,-11.906,0.007,-1.493,-11.916,-0.000,1.489,0.013
77.18,-11.907,0.007,-1.493,-11.916,-0.000,1.489,0.013
77.20,-11.907,0.007,-1.493,-11.916,-0.000,1.489,0.013
77.22,-11.907,0.007,-1.492,-11.916,-0.000,1.489,0.012
77.24,-11.907,0.007,-1.492,-11.916,-0.000,1.489,0.012
77.26,-11.907,0.007,-1.492,-11.916,-0.000,1.489,0.012
77.28,-11.907,0.007,-1.492,-11.916,-0.000,1.489,0.012
77.30,-11.907,0.007,-1.492,-11.916,-0.000,1.489,0.012
77.32,-11.907,0.007,-1.492,-11.916,-0.000,1.489,0.012
77.35,-11.907,0.008,-1.492,-11.916,-0.000,1.489,0.012
77.37,-11.907,0.008,-1.492,-11.916,-0.000,1.489,0.012
77.39,-11.907,0.008,-1.492,-11.916,-0.000,1.489,0.012
77.41,-11.907,0.008,-1.492,-11.916,-0.000,1.489,0.012
77.43,-11.907,0.008,-1.492,-11.916,-0.000,1.489,0.012
77.45,-11.907,0.008,-1.492,-11.916,-0.000,1.489,0.012
77.47,-11.907,0.008,-1.492,-11.916,-0.000,1.489,0.012
77.49,-11.907,0.008,-1.492,-11.916,-0.000,1.489,0.012
77.51,-11.907,0.008,-1.492,-11.916,-0.000,1.489,0.012
77.53,-11.907,0.008,-1.492,-11.916,-0.000,1.489,0.012
77.55,-11.907,0.008,-1.492,-11.916,-0.000,1.489,0.012
77.57,-11.907,0.008,-1.492,-11.916,-0.000,1.489,0.012
77.60,-11.907,0.008,-1.492,-11.916,-0.000,1.489,0.012
77.62,-11.907,0.008,-1.492,-11.916,-0.000,1.489,0.012
77.64,-11.907,0.007,-1.492,-11.916,-0.000,1.489,0.013
77.66,-11.907,0.007,-1.492,-11.916,-0.000,1.489,0.013
77.68,-11.907,0.007,-1.492,-11.916,-0.000,1.489,0.013
77.70,-11.906,0.007,-1.492,-11.916,-0.000,1.489,0.013
77.72,-11.906,0.007,-1.492,-11.916,-0.000,1.489,0.013
77.74,-11.906,0.007,-1.492,-11.916,-0.000,1.489,0.013
77.76,-11.906,0.007,-1.492,-11.916,-0.000,1.489,0.013
77.78,-11.905,0.007,-1.492,-11.916,-0.000,1.489,0.013
77.80,-11.905,0.007,-1.492,-11.916,-0.000,1.489,0.013
77.83,-11.905,0.006,-1.492,-11.916,-0.000,1.489,0.013
77.85,-11.905,0.006,-1.492,-11.916,-0.000,1.489,0.013
77.87,-11.904,0.006,-1.492,-11.916,-0.000,1.489,0.014
77.89,-11.904,0.006,-1.492,-11.916,-0.000,1.489,0.014
77.91,-11.904,0.005,-1.492,-11.916,-0.000,1.489,0.014
77.93,-11.904,0.005,-1.492,-11.916,-0.000,1.489,0.014
77.95,-11.903,0.004,-1.492,-11.916,-0.000,1.489,0.014
77.97,-11.903,0.004,-1.492,-11.916,-0.000,1.489,0.014
77.99,-11.903,0.004,-1.492,-11.916,-0.000,1.489,0.015
78.01,-11.903,0.004,-1.492,-11.916,-0.000,1.489,0.015
78.03,-11.902,0.003,-1.492,-11.916,-0.000,1.489,0.015
78.05,-11.902,0.003,-1.492,-11.916,-0.000,1.489,0.015
78.08,-11.901,0.002,-1.492,-11.916,-0.000,1.489,0.015
78.10,-11.901,0.002,-1.492,-11.916,-0.000,1.489,0.015
78.12,-11.900,0.001,-1.492,-11.916,-0.000,1.489,0.016
78.14,-11.900,0.001,-1.492,-11.916,-0.000,1.489,0.016
78.16,-11.900,-0.000,-1.492,-11.916,-0.000,1.489,0.016
78.18,-11.900,-0.000,-1.492,-11.916,-0.000,1.489,0.016
78.20,-11.900,-0.000,-1.492,-11.916,-0.000,1.489,0.016
78.22,-11.899,-0.002,-1.491,-11.916,-0.000,1.489,0.017
78.24,-11.899,-0.002,-1.491,-11.916,-0.000,1.489,0.017
78.26,-11.899,-0.003,-1.491,-11.916,-0.000,1.489,0.017
78.28,-11.899,-0.003,-1.491,-11.916,-0.000,1.489,0.017
78.30,-11.899,-0.004,-1.491,-11.916,-0.000,1.489,0.017
78.33,-11.899,-0.004,-1.491,-11.916,-0.000,1.489,0.017
78.35,-11.899,-0.005,-1.490,-11.916,-0.000,1.489,0.017
78.37,-11.899,-0.005,-1.490,-11.916,-0.000,1.489,0.017
78.39,-11.900,-0.006,-1.490,-11.916,-0.000,1.489,0.017
78.41,-11.900,-0.006,-1.490,-11.916,-0.000,1.489,0.017
78.43,-11.900,-0.007,-1.490,-11.916,-0.000,1.489,0.017
78.45,-11.900,-0.007,-1.490,-11.916,-0.000,1.489,0.017
78.47,-11.901,-0.008,-1.489,-11.916,-0.000,1.489,0.017
78.49,-11.901,-0.008,-1.489,-11.916,-0.000,1.489,0.017
78.51,-11.902,-0.009,-1.489,-11.916,-0.000,1.489,0.017
78.53,-11.902,-0.009,-1.489,-11.916,-0.000,1.489,0.017
78.55,-11.903,-0.011,-1.489,-11.916,-0.000,1.489,0.017
78.58,-11.903,-0.011,-1.489,-11.916,-0.000,1.489,0.017
78.60,-11.904,-0.012,-1.489,-11.916,-0.000,1.489,0.017
78.62,-11.904,-0.012,-1.489,-11.916,-0.000,1.489,0.017
78.64,-11.905,-0.012,-1.488,-11.916,-0.000,1.489,0.016
78.66,-11.905,-0.012,-1.488,-11.916,-0.000,1.489,0.016
78.68,-11.905,-0.012,-1.488,-11.916,-0.000,1.489,0.016
78.70,-11.907,-0.013,-1.488,-11.916,-0.000,1.489,0.016
78.72,-11.907,-0.013,-1.488,-11.916,-0.000,1.489,0.016
78.74,-11.909,-0.014,-1.487,-11.916,-0.000,1.489,0.015
78.76,-11.909,-0.014,-1.487,-11.916,-0.000,1.489,0.015
78.78,-11.910,-0.014,-1.487,-11.916,-0.000,1.489,0.015
78.80,-11.910,-0.014,-1.487,-11.916,-0.000,1.489,0.015
78.83,-11.911,-0.014,-1.486,-11.916,-0.000,1.489,0.015
78.85,-11.911,-0.014,-1.486,-11.916,-0.000,1.489,0.015
78.87,-11.913,-0.014,-1.485,-11.916,-0.000,1.489,0.015
78.89,-11.913,-0.014,-1.485,-11.916,-0.000,1.489,0.015
78.91,-11.914,-0.014,-1.485,-11.916,-0.000,1.489,0.015
78.93,-11.914,-0.014,-1.485,-11.916,-0.000,1.489,0.015
78.95,-11.916,-0.014,-1.484,-11.916,-0.000,1.489,0.015
78.97,-11.916,-0.014,-1.484,-11.916,-0.000,1.489,0.015
78.99,-11.917,-0.013,-1.483,-11.916,-0.000,1.489,0.014
79.01,-11.917,-0.013,-1.483,-11.916,-0.000,1.489,0.014
79.03,-11.919,-0.013,-1.483,-11.916,-0.000,1.489,0.014
79.05,-11.919,-0.013,-1.483,-11.916,-0.000,1.489,0.014
79.07,-11.920,-0.012,-1.482,-11.916,-0.000,1.489,0.014
79.10,-11.920,-0.012,-1.482,-11.916,-0.000,1.489,0.014
79.12,-11.923,-0.010,-1.482,-11.916,-0.000,1.489,0.014
79.14,-11.923,-0.010,-1.482,-11.916,-0.000,1.489,0.014
79.16,-11.924,-0.008,-1.481,-11.916,-0.000,1.489,0.014
79.18,-11.924,-0.008,-1.481,-11.916,-0.000,1.489,0.014
79.20,-11.924,-0.008,-1.481,-11.916,-0.000,1.489,0.014
79.22,-11.926,-0.006,-1.481,-11.916,-0.000,1.489,0.014
79.24,-11.926,-0.006,-1.481,-11.916,-0.000,1.489,0.014
79.26,-11.928,-0.005,-1.480,-11.916,-0.000,1.489,0.015
79.28,-11.928,-0.005,-1.480,-11.916,-0.000,1.489,0.015
79.30,-11.930,-0.003,-1.480,-11.916,-0.000,1.489,0.017
79.32,-11.930,-0.003,-1.480,-11.916,-0.000,1.489,0.017
79.35,-11.931,-0.001,-1.479,-11.916,-0.000,1.489,0.018
79.37,-11.931,-0.001,-1.479,-11.916,-0.000,1.489,0.018
79.39,-11.933,0.000,-1.479,-11.916,-0.000,1.489,0.019
79.41,-11.933,0.000,-1.479,-11.916,-0.000,1.489,0.019
79.43,-11.934,0.002,-1.478,-11.916,-0.000,1.489,0.021
79.45,-11.934,0.002,-1.478,-11.916,-0.000,1.489,0.021
79.47,-11.935,0.004,-1.478,-11.916,-0.000,1.489,0.023
79.49,-11.935,0.004,-1.478,-11.916,-0.000,1.489,0.023
79.51,-11.936,0.006,-1.478,-11.916,-0.000,1.489,0.024
79.53,-11.936,0.006,-1.478,-11.916,-0.000,1.489,0.024
79.55,-11.937,0.008,-1.478,-11.916,-0.000,1.489,0.025
79.57,-11.937,0.008,-1.478,-11.916,-0.000,1.489,0.025
79.59,-11.938,0.009,-1.478,-11.916,-0.000,1.489,0.026
79.62,-11.938,0.009,-1.478,-11.916,-0.000,1.489,0.026
79.64,-11.938,0.012,-1.478,-11.916,-0.000,1.489,0.028
79.66,-11.938,0.012,-1.478,-11.916,-0.000,1.489,0.028
79.68,-11.938,0.012,-1.478,-11.916,-0.000,1.489,0.028
79.70,-11.939,0.014,-1.478,-11.916,-0.000,1.489,0.029
79.72,-11.939,0.014,-1.478,-11.916,-0.000,1.489,0.029
79.74,-11.939,0.015,-1.478,-11.916,-0.000,1.489,0.030
79.76,-11.939,0.015,-1.478,-11.916,-0.000,1.489,0.030
79.78,-11.939,0.017,-1.478,-11.916,-0.000,1.489,0.030
79.80,-11.939,0.017,-1.478,-11.916,-0.000,1.489,0.030
79.82,-11.939,0.018,-1.479,-11.916,-0.000,1.489,0.031
79.84,-11.939,0.018,-1.479,-11.916,-0.000,1.489,0.031
79.87,-11.938,0.019,-1.479,-11.916,-0.000,1.489,0.031
79.89,-11.938,0.019,-1.479,-11.916,-0.000,1.489,0.031
79.91,-11.938,0.020,-1.480,-11.916,-0.000,1.489,0.031
79.93,-11.938,0.020,-1.480,-11.916,-0.000,1.489,0.031
79.95,-11.937,0.021,-1.481,-11.916,-0.000,1.489,0.031
79.97,-11.937,0.021,-1.481,-11.916,-0.000,1.489,0.031
79.99,-11.936,0.022,-1.482,-11.916,-0.000,1.489,0.030
80.01,-11.936,0.022,-1.482,-11.916,-0.000,1.489,0.030
80.03,-11.935,0.022,-1.483,-11.916,-0.000,1.489,0.030
80.05,-11.935,0.022,-1.483,-11.916,-0.000,1.489,0.030
80.07,-11.935,0.022,-1.484,-11.916,-0.000,1.489,0.030
80.09,-11.935,0.022,-1.484,-11.916,-0.000,1.489,0.030
80.11,-11.934,0.023,-1.485,-11.916,-0.000,1.489,0.029
80.14,-11.934,0.023,-1.485,-11.916,-0.000,1.489,0.029
80.16,-11.932,0.023,-1.487,-11.916,-0.000,1.489,0.028
80.18,-11.932,0.023,-1.487,-11.916,-0.000,1.489,0.028
80.20,-11.932,0.023,-1.487,-11.916,-0.000,1.489,0.028
80.22,-11.930,0.022,-1.489,-11.916,-0.000,1.489,0.027
80.24,-11.930,0.022,-1.489,-11.916,-0.000,1.489,0.027
80.26,-11.929,0.022,-1.490,-11.916,-0.000,1.489,0.026
80.28,-11.929,0.022,-1.490,-11.916,-0.000,1.489,0.026
80.30,-11.928,0.022,-1.491,-11.916,-0.000,1.489,0.025
80.32,-11.928,0.022,-1.491,-11.916,-0.000,1.489,0.025
80.34,-11.926,0.021,-1.492,-11.916,-0.000,1.489,0.024
80.37,-11.926,0.021,-1.492,-11.916,-0.000,1.489,0.024
80.39,-11.925,0.021,-1.493,-11.916,-0.000,1.489,0.023
80.41,-11.925,0.021,-1.493,-11.916,-0.000,1.489,0.023
80.43,-11.924,0.020,-1.494,-11.916,-0.000,1.489,0.023
80.45,-11.924,0.020,-1.494,-11.916,-0.000,1.489,0.023
80.47,-11.923,0.020,-1.495,-11.916,-0.000,1.489,0.022
80.49,-11.923,0.020,-1.495,-11.916,-0.000,1.489,0.022
80.51,-11.921,0.019,-1.495,-11.916,-0.000,1.489,0.021
80.53,-11.921,0.019,-1.495,-11.916,-0.000,1.489,0.021
80.55,-11.921,0.018,-1.496,-11.916,-0.000,1.489,0.020
80.57,-11.921,0.018,-1.496,-11.916,-0.000,1.489,0.020
80.59,-11.920,0.018,-1.496,-11.916,-0.000,1.489,0.020
80.61,-11.920,0.018,-1.496,-11.916,-0.000,1.489,0.020
80.64,-11.919,0.017,-1.496,-11.916,-0.000,1.489,0.019
80.66,-11.919,0.017,-1.496,-11.916,-0.000,1.489,0.019
80.68,-11.919,0.016,-1.496,-11.916,-0.000,1.489,0.018
80.70,-11.919,0.016,-1.496,-11.916,-0.000,1.489,0.018
80.72,-11.919,0.016,-1.496,-11.916,-0.000,1.489,0.018
80.74,-11.919,0.015,-1.496,-11.916,-0.000,1.489,0.017
80.76,-11.919,0.015,-1.496,-11.916,-0.000,1.489,0.017
80.78,-11.919,0.014,-1.496,-11.916,-0.000,1.489,0.016
80.80,-11.919,0.014,-1.496,-11.916,-0.000,1.489,0.016
80.82,-11.918,0.013,-1.496,-11.916,-0.000,1.489,0.015
80.84,-11.918,0.013,-1.496,-11.916,-0.000,1.489,0.015
80.86,-11.918,0.013,-1.496,-11.916,-0.000,1.489,0.015
80.88,-11.918,0.013,-1.496,-11.916,-0.000,1.489,0.015
80.91,-11.918,0.012,-1.496,-11.916,-0.000,1.489,0.014
80.93,-11.918,0.012,-1.496,-11.916,-0.000,1.489,0.014
80.95,-11.918,0.011,-1.496,-11.916,-0.000,1.489,0.013
80.97,-11.918,0.011,-1.496,-11.916,-0.000,1.489,0.013
80.99,-11.919,0.010,-1.495,-11.916,-0.000,1.489,0.012
81.01,-11.919,0.010,-1.495,-11.916,-0.000,1.489,0.012
81.03,-11.919,0.009,-1.495,-11.916,-0.000,1.489,0.012
81.05,-11.919,0.009,-1.495,-11.916,-0.000,1.489,0.012
81.07,-11.919,0.008,-1.495,-11.916,-0.000,1.489,0.011
81.09,-11.919,0.008,-1.495,-11.916,-0.000,1.489,0.011
81.11,-11.920,0.008,-1.495,-11.916,-0.000,1.489,0.011
81.13,-11.920,0.008,-1.495,-11.916,-0.000,1.489,0.011
81.16,-11.921,0.007,-1.494,-11.916,-0.000,1.489,0.010
81.18,-11.921,0.007,-1.494,-11.916,-0.000,1.489,0.010
81.20,-11.921,0.007,-1.494,-11.916,-0.000,1.489,0.010
81.22,-11.922,0.006,-1.493,-11.916,-0.000,1.489,0.010
81.24,-11.922,0.006,-1.493,-11.916,-0.000,1.489,0.010
81.26,-11.923,0.006,-1.492,-11.916,-0.000,1.489,0.010
81.28,-11.923,0.006,-1.492,-11.916,-0.000,1.489,0.010
81.30,-11.924,0.006,-1.492,-11.916,-0.000,1.489,0.011
81.32,-11.924,0.006,-1.492,-11.916,-0.000,1.489,0.011
81.34,-11.926,0.005,-1.491,-11.916,-0.000,1.489,0.011
81.36,-11.926,0.005,-1.491,-11.916,-0.000,1.489,0.011
81.38,-11.927,0.005,-1.490,-11.916,-0.000,1.489,0.012
81.40,-11.927,0.005,-1.490,-11.916,-0.000,1.489,0.012
81.42,-11.929,0.005,-1.489,-11.916,-0.000,1.489,0.014
81.45,-11.929,0.005,-1.489,-11.916,-0.000,1.489,0.014
81.47,-11.930,0.005,-1.488,-11.916,-0.000,1.489,0.015
81.49,-11.930,0.005,-1.488,-11.916,-0.000,1.489,0.015
81.51,-11.932,0.005,-1.487,-11.916,-0.000,1.489,0.017
81.53,-11.932,0.005,-1.487,-11.916,-0.000,1.489,0.017
81.55,-11.934,0.006,-1.486,-11.916,-0.000,1.489,0.019
81.57,-11.934,0.006,-1.486,-11.916,-0.000,1.489,0.019
81.59,-11.936,0.006,-1.485,-11.916,-0.000,1.489,0.021
81.61,-11.936,0.006,-1.485,-11.916,-0.000,1.489,0.021
81.63,-11.937,0.006,-1.484,-11.916,-0.000,1.489,0.023
81.65,-11.937,0.006,-1.484,-11.916,-0.000,1.489,0.023
81.67,-11.939,0.007,-1.483,-11.916,-0.000,1.489,0.025
81.69,-11.939,0.007,-1.483,-11.916,-0.000,1.489,0.025
81.72,-11.939,0.007,-1.483,-11.916,-0.000,1.489,0.025
81.74,-11.942,0.008,-1.482,-11.916,-0.000,1.489,0.028
81.76,-11.942,0.008,-1.482,-11.916,-0.000,1.489,0.028
81.78,-11.944,0.008,-1.482,-11.916,-0.000,1.489,0.030
81.80,-11.944,0.008,-1.482,-11.916,-0.000,1.489,0.030
81.82,-11.945,0.008,-1.481,-11.916,-0.000,1.489,0.031
81.84,-11.945,0.008,-1.481,-11.916,-0.000,1.489,0.031
81.86,-11.946,0.007,-1.481,-11.916,-0.000,1.489,0.032
81.88,-11.946,0.007,-1.481,-11.916,-0.000,1.489,0.032
81.90,-11.946,0.007,-1.481,-11.916,-0.000,1.489,0.032
81.92,-11.946,0.007,-1.481,-11.916,-0.000,1.489,0.032
81.94,-11.947,0.006,-1.481,-11.916,-0.000,1.489,0.032
81.96,-11.947,0.006,-1.481,-11.916,-0.000,1.489,0.032
81.99,-11.947,0.005,-1.481,-11.916,-0.000,1.489,0.032
82.01,-11.947,0.005,-1.481,-11.916,-0.000,1.489,0.032
82.03,-11.946,0.004,-1.481,-11.916,-0.000,1.489,0.032
82.05,-11.946,0.004,-1.481,-11.916,-0.000,1.489,0.032
82.07,-11.946,0.003,-1.481,-11.916,-0.000,1.489,0.031
82.09,-11.946,0.003,-1.481,-11.916,-0.000,1.489,0.031
82.11,-11.946,0.002,-1.481,-11.916,-0.000,1.489,0.031
82.13,-11.946,0.002,-1.481,-11.916,-0.000,1.489,0.031
82.15,-11.945,0.001,-1.481,-11.916,-0.000,1.489,0.030
82.17,-11.945,0.001,-1.481,-11.916,-0.000,1.489,0.030
82.19,-11.945,0.001,-1.481,-11.916,-0.000,1.489,0.030
82.21,-11.945,-0.000,-1.482,-11.916,-0.000,1.489,0.030
82.24,-11.945,-0.000,-1.482,-11.916,-0.000,1.489,0.030
82.26,-11.945,-0.002,-1.482,-11.916,-0.000,1.489,0.030
82.28,-11.945,-0.002,-1.482,-11.916,-0.000,1.489,0.030
82.30,-11.945,-0.003,-1.482,-11.916,-0.000,1.489,0.030
82.32,-11.945,-0.003,-1.482,-11.916,-0.000,1.489,0.030
82.34,-11.945,-0.003,-1.483,-11.916,-0.000,1.489,0.030
82.36,-11.945,-0.003,-1.483,-11.916,-0.000,1.489,0.030
82.38,-11.945,-0.004,-1.484,-11.916,-0.000,1.489,0.030
82.40,-11.945,-0.004,-1.484,-11.916,-0.000,1.489,0.030
82.42,-11.945,-0.006,-1.484,-11.916,-0.000,1.489,0.030
82.44,-11.945,-0.006,-1.484,-11.916,-0.000,1.489,0.030
82.46,-11.945,-0.007,-1.485,-11.916,-0.000,1.489,0.030
82.48,-11.945,-0.007,-1.485,-11.916,-0.000,1.489,0.030
82.51,-11.945,-0.008,-1.486,-11.916,-0.000,1.489,0.030
82.53,-11.945,-0.008,-1.486,-11.916,-0.000,1.489,0.030
82.55,-11.945,-0.009,-1.486,-11.916,-0.000,1.489,0.031
82.57,-11.945,-0.009,-1.486,-11.916,-0.000,1.489,0.031
82.59,-11.945,-0.011,-1.487,-11.916,-0.000,1.489,0.031
82.61,-11.945,-0.011,-1.487,-11.916,-0.000,1.489,0.031
82.63,-11.945,-0.012,-1.488,-11.916,-0.000,1.489,0.031
82.65,-11.945,-0.012,-1.488,-11.916,-0.000,1.489,0.031
82.67,-11.945,-0.013,-1.489,-11.916,-0.000,1.489,0.032
82.69,-11.945,-0.013,-1.489,-11.916,-0.000,1.489,0.032
82.71,-11.945,-0.013,-1.489,-11.916,-0.000,1.489,0.032
82.73,-11.945,-0.015,-1.490,-11.916,-0.000,1.489,0.032
82.75,-11.945,-0.015,-1.490,-11.916,-0.000,1.489,0.032
82.78,-11.945,-0.017,-1.491,-11.916,-0.000,1.489,0.033
82.80,-11.945,-0.017,-1.491,-11.916,-0.000,1.489,0.033
82.82,-11.944,-0.018,-1.491,-11.916,-0.000,1.489,0.033
82.84,-11.944,-0.018,-1.491,-11.916,-0.000,1.489,0.033
82.86,-11.944,-0.019,-1.492,-11.916,-0.000,1.489,0.034
82.88,-11.944,-0.019,-1.492,-11.916,-0.000,1.489,0.034
82.90,-11.943,-0.020,-1.493,-11.916,-0.000,1.489,0.034
82.92,-11.943,-0.020,-1.493,-11.916,-0.000,1.489,0.034
82.94,-11.943,-0.021,-1.493,-11.916,-0.000,1.489,0.034
82.96,-11.943,-0.021,-1.493,-11.916,-0.000,1.489,0.034
82.98,-11.943,-0.022,-1.493,-11.916,-0.000,1.489,0.035
83.00,-11.943,-0.022,-1.493,-11.916,-0.000,1.489,0.035
83.03,-11.942,-0.022,-1.493,-11.916,-0.000,1.489,0.034
83.05,-11.942,-0.022,-1.493,-11.916,-0.000,1.489,0.034
83.07,-11.942,-0.023,-1.493,-11.916,-0.000,1.489,0.034
83.09,-11.942,-0.023,-1.493,-11.916,-0.000,1.489,0.034
83.11,-11.941,-0.023,-1.493,-11.916,-0.000,1.489,0.034
83.13,-11.941,-0.023,-1.493,-11.916,-0.000,1.489,0.034
83.15,-11.940,-0.023,-1.492,-11.916,-0.000,1.489,0.033
83.17,-11.940,-0.023,-1.492,-11.916,-0.000,1.489,0.033
83.19,-11.939,-0.023,-1.491,-11.916,-0.000,1.489,0.033
83.21,-11.939,-0.023,-1.491,-11.916,-0.000,1.489,0.033
83.23,-11.939,-0.023,-1.491,-11.916,-0.000,1.489,0.033
83.25,-11.937,-0.023,-1.490,-11.916,-0.000,1.489,0.031
83.27,-11.937,-0.023,-1.490,-11.916,-0.000,1.489,0.031
83.30,-11.935,-0.023,-1.489,-11.916,-0.000,1.489,0.030
83.32,-11.935,-0.023,-1.489,-11.916,-0.000,1.489,0.030
83.34,-11.934,-0.022,-1.489,-11.916,-0.000,1.489,0.028
83.36,-11.934,-0.022,-1.489,-11.916,-0.000,1.489,0.028
83.38,-11.932,-0.022,-1.488,-11.916,-0.000,1.489,0.027
83.40,-11.932,-0.022,-1.488,-11.916,-0.000,1.489,0.027
83.42,-11.931,-0.022,-1.487,-11.916,-0.000,1.489,0.026
83.44,-11.931,-0.022,-1.487,-11.916,-0.000,1.489,0.026
83.46,-11.929,-0.021,-1.487,-11.916,-0.000,1.489,0.025
83.48,-11.929,-0.021,-1.487,-11.916,-0.000,1.489,0.025
83.50,-11.927,-0.021,-1.486,-11.916,-0.000,1.489,0.024
83.53,-11.927,-0.021,-1.486,-11.916,-0.000,1.489,0.024
83.55,-11.926,-0.021,-1.486,-11.916,-0.000,1.489,0.023
83.57,-11.926,-0.021,-1.486,-11.916,-0.000,1.489,0.023
83.59,-11.924,-0.020,-1.485,-11.916,-0.000,1.489,0.022
83.61,-11.924,-0.020,-1.485,-11.916,-0.000,1.489,0.022
83.63,-11.923,-0.019,-1.485,-11.916,-0.000,1.489,0.021
83.65,-11.923,-0.019,-1.485,-11.916,-0.000,1.489,0.021
83.67,-11.922,-0.018,-1.484,-11.916,-0.000,1.489,0.020
83.69,-11.922,-0.018,-1.484,-11.916,-0.000,1.489,0.020
83.71,-11.922,-0.018,-1.484,-11.916,-0.000,1.489,0.020
83.73,-11.920,-0.017,-1.484,-11.916,-0.000,1.489,0.018
83.75,-11.920,-0.017,-1.484,-11.916,-0.000,1.489,0.018
83.78,-11.918,-0.015,-1.484,-11.916,-0.000,1.489,0.016
83.80,-11.918,-0.015,-1.484,-11.916,-0.000,1.489,0.016
83.82,-11.917,-0.014,-1.483,-11.916,-0.000,1.489,0.015
83.84,-11.917,-0.014,-1.483,-11.916,-0.000,1.489,0.015
83.86,-11.915,-0.013,-1.483,-11.916,-0.000,1.489,0.014
83.88,-11.915,-0.013,-1.483,-11.916,-0.000,1.489,0.014
83.90,-11.914,-0.011,-1.483,-11.916,-0.000,1.489,0.013
83.92,-11.914,-0.011,-1.483,-11.916,-0.000,1.489,0.013
83.94,-11.913,-0.010,-1.483,-11.916,-0.000,1.489,0.012
83.96,-11.913,-0.010,-1.483,-11.916,-0.000,1.489,0.012
83.98,-11.912,-0.008,-1.482,-11.916,-0.000,1.489,0.011
84.00,-11.912,-0.008,-1.482,-11.916,-0.000,1.489,0.011
84.03,-11.910,-0.007,-1.482,-11.916,-0.000,1.489,0.011
84.05,-11.910,-0.007,-1.482,-11.916,-0.000,1.489,0.011
84.07,-11.909,-0.006,-1.482,-11.916,-0.000,1.489,0.011
84.09,-11.909,-0.006,-1.482,-11.916,-0.000,1.489,0.011
84.11,-11.908,-0.004,-1.481,-11.916,-0.000,1.489,0.012
84.13,-11.908,-0.004,-1.481,-11.916,-0.000,1.489,0.012
84.15,-11.907,-0.003,-1.481,-11.916,-0.000,1.489,0.012
84.17,-11.907,-0.003,-1.481,-11.916,-0.000,1.489,0.012
84.19,-11.906,-0.002,-1.481,-11.916,-0.000,1.489,0.013
84.21,-11.906,-0.002,-1.481,-11.916,-0.000,1.489,0.013
84.23,-11.906,-0.002,-1.481,-11.916,-0.000,1.489,0.013
84.25,-11.904,-0.001,-1.481,-11.916,-0.000,1.489,0.015
84.28,-11.904,-0.001,-1.481,-11.916,-0.000,1.489,0.015
84.30,-11.903,0.000,-1.480,-11.916,-0.000,1.489,0.016
84.32,-11.903,0.000,-1.480,-11.916,-0.000,1.489,0.016
84.34,-11.901,0.001,-1.480,-11.916,-0.000,1.489,0.017
84.36,-11.901,0.001,-1.480,-11.916,-0.000,1.489,0.017
84.38,-11.900,0.001,-1.479,-11.916,-0.000,1.489,0.019
84.40,-11.900,0.001,-1.479,-11.916,-0.000,1.489,0.019
84.42,-11.898,0.002,-1.479,-11.916,-0.000,1.489,0.020
84.44,-11.898,0.002,-1.479,-11.916,-0.000,1.489,0.020
84.46,-11.897,0.003,-1.479,-11.916,-0.000,1.489,0.022
84.48,-11.897,0.003,-1.479,-11.916,-0.000,1.489,0.022
84.50,-11.896,0.003,-1.479,-11.916,-0.000,1.489,0.023
84.53,-11.896,0.003,-1.479,-11.916,-0.000,1.489,0.023
84.55,-11.894,0.003,-1.479,-11.916,-0.000,1.489,0.024
84.57,-11.894,0.003,-1.479,-11.916,-0.000,1.489,0.024
84.59,-11.893,0.004,-1.479,-11.916,-0.000,1.489,0.026
84.61,-11.893,0.004,-1.479,-11.916,-0.000,1.489,0.026
84.63,-11.891,0.004,-1.479,-11.916,-0.000,1.489,0.027
84.65,-11.891,0.004,-1.479,-11.916,-0.000,1.489,0.027
84.67,-11.890,0.004,-1.479,-11.916,-0.000,1.489,0.028
84.69,-11.890,0.004,-1.479,-11.916,-0.000,1.489,0.028
84.71,-11.889,0.004,-1.480,-11.916,-0.000,1.489,0.029
84.73,-11.889,0.004,-1.480,-11.916,-0.000,1.489,0.029
84.75,-11.889,0.004,-1.480,-11.916,-0.000,1.489,0.029
84.77,-11.888,0.004,-1.481,-11.916,-0.000,1.489,0.029
84.80,-11.888,0.004,-1.481,-11.916,-0.000,1.489,0.029
84.82,-11.888,0.003,-1.482,-11.916,-0.000,1.489,0.029
84.84,-11.888,0.003,-1.482,-11.916,-0.000,1.489,0.029
84.86,-11.888,0.003,-1.482,-11.916,-0.000,1.489,0.029
84.88,-11.888,0.003,-1.482,-11.916,-0.000,1.489,0.029
84.90,-11.888,0.002,-1.483,-11.916,-0.000,1.489,0.029
84.92,-11.888,0.002,-1.483,-11.916,-0.000,1.489,0.029
84.94,-11.888,0.002,-1.484,-11.916,-0.000,1.489,0.028
84.96,-11.888,0.002,-1.484,-11.916,-0.000,1.489,0.028
84.98,-11.889,0.002,-1.484,-11.916,-0.000,1.489,0.028
85.00,-11.889,0.002,-1.484,-11.916,-0.000,1.489,0.028
85.03,-11.889,0.001,-1.485,-11.916,-0.000,1.489,0.027
85.05,-11.889,0.001,-1.485,-11.916,-0.000,1.489,0.027
85.07,-11.890,0.001,-1.485,-11.916,-0.000,1.489,0.026
85.09,-11.890,0.001,-1.485,-11.916,-0.000,1.489,0.026
85.11,-11.891,0.001,-1.486,-11.916,-0.000,1.489,0.025
85.13,-11.891,0.001,-1.486,-11.916,-0.000,1.489,0.025
85.15,-11.891,0.001,-1.487,-11.916,-0.000,1.489,0.025
85.17,-11.891,0.001,-1.487,-11.916,-0.000,1.489,0.025
85.19,-11.892,0.000,-1.487,-11.916,-0.000,1.489,0.024
85.21,-11.892,0.000,-1.487,-11.916,-0.000,1.489,0.024
85.23,-11.892,0.000,-1.487,-11.916,-0.000,1.489,0.024
85.25,-11.893,-0.000,-1.488,-11.916,-0.000,1.489,0.023
85.28,-11.893,-0.000,-1.488,-11.916,-0.000,1.489,0.023
85.30,-11.895,-0.001,-1.488,-11.916,-0.000,1.489,0.021
85.32,-11.895,-0.001,-1.488,-11.916,-0.000,1.489,0.021
85.34,-11.896,-0.001,-1.489,-11.916,-0.000,1.489,0.020
85.36,-11.896,-0.001,-1.489,-11.916,-0.000,1.489,0.020
85.38,-11.897,-0.002,-1.489,-11.916,-0.000,1.489,0.019
85.40,-11.897,-0.002,-1.489,-11.916,-0.000,1.489,0.019
85.42,-11.898,-0.003,-1.490,-11.916,-0.000,1.489,0.018
85.44,-11.898,-0.003,-1.490,-11.916,-0.000,1.489,0.018
85.46,-11.900,-0.003,-1.490,-11.916,-0.000,1.489,0.017
85.48,-11.900,-0.003,-1.490,-11.916,-0.000,1.489,0.017
85.50,-11.901,-0.004,-1.491,-11.916,-0.000,1.489,0.016
85.53,-11.901,-0.004,-1.491,-11.916,-0.000,1.489,0.016
85.55,-11.902,-0.005,-1.491,-11.916,-0.000,1.489,0.015
85.57,-11.902,-0.005,-1.491,-11.916,-0.000,1.489,0.015
85.59,-11.904,-0.005,-1.491,-11.916,-0.000,1.489,0.013
85.61,-11.904,-0.005,-1.491,-11.916,-0.000,1.489,0.013
85.63,-11.906,-0.006,-1.492,-11.916,-0.000,1.489,0.012
85.65,-11.906,-0.006,-1.492,-11.916,-0.000,1.489,0.012
85.67,-11.907,-0.007,-1.492,-11.916,-0.000,1.489,0.011
85.69,-11.907,-0.007,-1.492,-11.916,-0.000,1.489,0.011
85.71,-11.909,-0.007,-1.492,-11.916,-0.000,1.489,0.010
85.73,-11.909,-0.007,-1.492,-11.916,-0.000,1.489,0.010
85.75,-11.909,-0.007,-1.492,-11.916,-0.000,1.489,0.010
85.78,-11.912,-0.008,-1.493,-11.916,-0.000,1.489,0.009
85.80,-11.912,-0.008,-1.493,-11.916,-0.000,1.489,0.009
85.82,-11.914,-0.008,-1.493,-11.916,-0.000,1.489,0.009
85.84,-11.914,-0.008,-1.493,-11.916,-0.000,1.489,0.009
85.86,-11.916,-0.008,-1.493,-11.916,-0.000,1.489,0.009
85.88,-11.916,-0.008,-1.493,-11.916,-0.000,1.489,0.009
85.90,-11.918,-0.008,-1.494,-11.916,-0.000,1.489,0.009
85.92,-11.918,-0.008,-1.494,-11.916,-0.000,1.489,0.009
85.94,-11.919,-0.008,-1.494,-11.916,-0.000,1.489,0.010
85.96,-11.919,-0.008,-1.494,-11.916,-0.000,1.489,0.010
85.98,-11.921,-0.007,-1.494,-11.916,-0.000,1.489,0.010
86.00,-11.921,-0.007,-1.494,-11.916,-0.000,1.489,0.010
86.03,-11.922,-0.007,-1.494,-11.916,-0.000,1.489,0.010
86.05,-11.922,-0.007,-1.494,-11.916,-0.000,1.489,0.010
86.07,-11.923,-0.006,-1.494,-11.916,-0.000,1.489,0.011
86.09,-11.923,-0.006,-1.494,-11.916,-0.000,1.489,0.011
86.11,-11.923,-0.006,-1.494,-11.916,-0.000,1.489,0.011
86.13,-11.923,-0.006,-1.494,-11.916,-0.000,1.489,0.011
86.15,-11.924,-0.006,-1.494,-11.916,-0.000,1.489,0.011
86.17,-11.924,-0.006,-1.494,-11.916,-0.000,1.489,0.011
86.19,-11.924,-0.005,-1.494,-11.916,-0.000,1.489,0.011
86.21,-11.924,-0.005,-1.494,-11.916,-0.000,1.489,0.011
86.23,-11.924,-0.005,-1.494,-11.916,-0.000,1.489,0.011
86.25,-11.923,-0.004,-1.494,-11.916,-0.000,1.489,0.010
86.28,-11.923,-0.004,-1.494,-11.916,-0.000,1.489,0.010
86.30,-11.922,-0.003,-1.494,-11.916,-0.000,1.489,0.009
86.32,-11.922,-0.003,-1.494,-11.916,-0.000,1.489,0.009
86.34,-11.921,-0.002,-1.494,-11.916,-0.000,1.489,0.008
86.36,-11.921,-0.002,-1.494,-11.916,-0.000,1.489,0.008
86.38,-11.921,-0.001,-1.494,-11.916,-0.000,1.489,0.007
86.40,-11.921,-0.001,-1.494,-11.916,-0.000,1.489,0.007
86.42,-11.920,0.000,-1.494,-11.916,-0.000,1.489,0.006
86.44,-11.920,0.000,-1.494,-11.916,-0.000,1.489,0.006
86.46,-11.919,0.002,-1.494,-11.916,-0.000,1.489,0.006
86.48,-11.919,0.002,-1.494,-11.916,-0.000,1.489,0.006
86.51,-11.918,0.003,-1.494,-11.916,-0.000,1.489,0.006
86.53,-11.918,0.003,-1.494,-11.916,-0.000,1.489,0.006
86.55,-11.917,0.004,-1.494,-11.916,-0.000,1.489,0.006
86.57,-11.917,0.004,-1.494,-11.916,-0.000,1.489,0.006
86.59,-11.916,0.006,-1.493,-11.916,-0.000,1.489,0.007
86.61,-11.916,0.006,-1.493,-11.916,-0.000,1.489,0.007
86.63,-11.915,0.007,-1.493,-11.916,-0.000,1.489,0.008
86.65,-11.915,0.007,-1.493,-11.916,-0.000,1.489,0.008
86.67,-11.914,0.008,-1.493,-11.916,-0.000,1.489,0.009
86.69,-11.914,0.008,-1.493,-11.916,-0.000,1.489,0.009
86.71,-11.913,0.008,-1.493,-11.916,-0.000,1.489,0.010
86.73,-11.913,0.008,-1.493,-11.916,-0.000,1.489,0.010
86.75,-11.913,0.008,-1.493,-11.916,-0.000,1.489,0.010
86.78,-11.911,0.009,-1.492,-11.916,-0.000,1.489,0.011
86.80,-11.911,0.009,-1.492,-11.916,-0.000,1.489,0.011
86.82,-11.910,0.010,-1.492,-11.916,-0.000,1.489,0.012
86.84,-11.910,0.010,-1.492,-11.916,-0.000,1.489,0.012
86.86,-11.909,0.010,-1.492,-11.916,-0.000,1.489,0.013
86.88,-11.909,0.010,-1.492,-11.916,-0.000,1.489,0.013
86.90,-11.908,0.010,-1.492,-11.916,-0.000,1.489,0.013
86.92,-11.908,0.010,-1.492,-11.916,-0.000,1.489,0.013
86.94,-11.908,0.010,-1.491,-11.916,-0.000,1.489,0.014
86.96,-11.908,0.010,-1.491,-11.916,-0.000,1.489,0.014
86.98,-11.907,0.010,-1.491,-11.916,-0.000,1.489,0.014
87.00,-11.907,0.010,-1.491,-11.916,-0.000,1.489,0.014
87.03,-11.907,0.009,-1.490,-11.916,-0.000,1.489,0.014
87.05,-11.907,0.009,-1.490,-11.916,-0.000,1.489,0.014
87.07,-11.906,0.009,-1.490,-11.916,-0.000,1.489,0.013
87.09,-11.906,0.009,-1.490,-11.916,-0.000,1.489,0.013
87.11,-11.906,0.008,-1.489,-11.916,-0.000,1.489,0.013
87.13,-11.906,0.008,-1.489,-11.916,-0.000,1.489,0.013
87.15,-11.906,0.006,-1.488,-11.916,-0.000,1.489,0.012
87.17,-11.906,0.006,-1.488,-11.916,-0.000,1.489,0.012
87.19,-11.906,0.005,-1.487,-11.916,-0.000,1.489,0.012
87.21,-11.906,0.005,-1.487,-11.916,-0.000,1.489,0.012
87.23,-11.906,0.005,-1.487,-11.916,-0.000,1.489,0.012
87.25,-11.905,0.003,-1.485,-11.916,-0.000,1.489,0.012
87.28,-11.905,0.003,-1.485,-11.916,-0.000,1.489,0.012
87.30,-11.906,0.001,-1.484,-11.916,-0.000,1.489,0.012
87.32,-11.906,0.001,-1.484,-11.916,-0.000,1.489,0.012
87.34,-11.906,-0.000,-1.484,-11.916,-0.000,1.489,0.012
87.36,-11.906,-0.000,-1.484,-11.916,-0.000,1.489,0.012
87.38,-11.906,-0.002,-1.483,-11.916,-0.000,1.489,0.012
87.40,-11.906,-0.002,-1.483,-11.916,-0.000,1.489,0.012
87.42,-11.907,-0.003,-1.482,-11.916,-0.000,1.489,0.012
87.44,-11.907,-0.003,-1.482,-11.916,-0.000,1.489,0.012
87.46,-11.907,-0.005,-1.482,-11.916,-0.000,1.489,0.012
87.48,-11.907,-0.005,-1.482,-11.916,-0.000,1.489,0.012
87.50,-11.908,-0.006,-1.481,-11.916,-0.000,1.489,0.013
87.52,-11.908,-0.006,-1.481,-11.916,-0.000,1.489,0.013
87.55,-11.908,-0.008,-1.481,-11.916,-0.000,1.489,0.014
87.57,-11.908,-0.008,-1.481,-11.916,-0.000,1.489,0.014
87.59,-11.909,-0.009,-1.480,-11.916,-0.000,1.489,0.015
87.61,-11.909,-0.009,-1.480,-11.916,-0.000,1.489,0.015
87.63,-11.909,-0.010,-1.479,-11.916,-0.000,1.489,0.016
87.65,-11.909,-0.010,-1.479,-11.916,-0.000,1.489,0.016
87.67,-11.910,-0.012,-1.479,-11.916,-0.000,1.489,0.016
87.69,-11.910,-0.012,-1.479,-11.916,-0.000,1.489,0.016
87.71,-11.910,-0.013,-1.478,-11.916,-0.000,1.489,0.017
87.73,-11.910,-0.013,-1.478,-11.916,-0.000,1.489,0.017
87.75,-11.910,-0.013,-1.478,-11.916,-0.000,1.489,0.017
87.78,-11.911,-0.014,-1.477,-11.916,-0.000,1.489,0.019
87.80,-11.911,-0.014,-1.477,-11.916,-0.000,1.489,0.019
87.82,-11.912,-0.015,-1.477,-11.916,-0.000,1.489,0.020
87.84,-11.912,-0.015,-1.477,-11.916,-0.000,1.489,0.020
87.86,-11.912,-0.016,-1.476,-11.916,-0.000,1.489,0.020
87.88,-11.912,-0.016,-1.476,-11.916,-0.000,1.489,0.020
87.90,-11.913,-0.016,-1.476,-11.916,-0.000,1.489,0.021
87.92,-11.913,-0.016,-1.476,-11.916,-0.000,1.489,0.021
87.94,-11.913,-0.017,-1.476,-11.916,-0.000,1.489,0.021
87.96,-11.913,-0.017,-1.476,-11.916,-0.000,1.489,0.021
87.98,-11.913,-0.017,-1.475,-11.916,-0.000,1.489,0.022
88.00,-11.913,-0.017,-1.475,-11.916,-0.000,1.489,0.022
88.02,-11.913,-0.017,-1.475,-11.916,-0.000,1.489,0.022
88.05,-11.913,-0.017,-1.475,-11.916,-0.000,1.489,0.022
88.07,-11.914,-0.016,-1.474,-11.916,-0.000,1.489,0.022
88.09,-11.914,-0.016,-1.474,-11.916,-0.000,1.489,0.022
88.11,-11.914,-0.016,-1.474,-11.916,-0.000,1.489,0.022
88.13,-11.914,-0.016,-1.474,-11.916,-0.000,1.489,0.022
88.15,-11.914,-0.015,-1.474,-11.916,-0.000,1.489,0.021
88.17,-11.914,-0.015,-1.474,-11.916,-0.000,1.489,0.021
88.19,-11.914,-0.014,-1.474,-11.916,-0.000,1.489,0.021
88.21,-11.914,-0.014,-1.474,-11.916,-0.000,1.489,0.021
88.23,-11.914,-0.013,-1.474,-11.916,-0.000,1.489,0.020
88.25,-11.914,-0.013,-1.474,-11.916,-0.000,1.489,0.020
88.27,-11.914,-0.013,-1.474,-11.916,-0.000,1.489,0.020
88.30,-11.915,-0.011,-1.475,-11.916,-0.000,1.489,0.018
88.32,-11.915,-0.011,-1.475,-11.916,-0.000,1.489,0.018
88.34,-11.915,-0.010,-1.475,-11.916,-0.000,1.489,0.017
88.36,-11.915,-0.010,-1.475,-11.916,-0.000,1.489,0.017
88.38,-11.915,-0.009,-1.476,-11.916,-0.000,1.489,0.016
88.40,-11.915,-0.009,-1.476,-11.916,-0.000,1.489,0.016
88.42,-11.915,-0.008,-1.477,-11.916,-0.000,1.489,0.014
88.44,-11.915,-0.008,-1.477,-11.916,-0.000,1.489,0.014
88.46,-11.915,-0.007,-1.478,-11.916,-0.000,1.489,0.013
88.48,-11.915,-0.007,-1.478,-11.916,-0.000,1.489,0.013
88.50,-11.915,-0.006,-1.479,-11.916,-0.000,1.489,0.012
88.53,-11.915,-0.006,-1.479,-11.916,-0.000,1.489,0.012
88.55,-11.915,-0.005,-1.479,-11.916,-0.000,1.489,0.011
88.57,-11.915,-0.005,-1.479,-11.916,-0.000,1.489,0.011
88.59,-11.916,-0.004,-1.480,-11.916,-0.000,1.489,0.009
88.61,-11.916,-0.004,-1.480,-11.916,-0.000,1.489,0.009
88.63,-11.916,-0.003,-1.481,-11.916,-0.000,1.489,0.008
88.65,-11.916,-0.003,-1.481,-11.916,-0.000,1.489,0.008
88.67,-11.916,-0.002,-1.481,-11.916,-0.000,1.489,0.008
88.69,-11.916,-0.002,-1.481,-11.916,-0.000,1.489,0.008
88.71,-11.917,-0.001,-1.482,-11.916,-0.000,1.489,0.007
88.73,-11.917,-0.001,-1.482,-11.916,-0.000,1.489,0.007
88.75,-11.917,-0.001,-1.482,-11.916,-0.000,1.489,0.007
88.78,-11.917,0.000,-1.482,-11.916,-0.000,1.489,0.007
88.80,-11.917,0.000,-1.482,-11.916,-0.000,1.489,0.007
88.82,-11.917,0.001,-1.482,-11.916,-0.000,1.489,0.007
88.84,-11.917,0.001,-1.482,-11.916,-0.000,1.489,0.007
88.86,-11.918,0.002,-1.482,-11.916,-0.000,1.489,0.007
88.88,-11.918,0.002,-1.482,-11.916,-0.000,1.489,0.007
88.90,-11.918,0.002,-1.482,-11.916,-0.000,1.489,0.007
88.92,-11.918,0.002,-1.482,-11.916,-0.000,1.489,0.007
88.94,-11.918,0.002,-1.482,-11.916,-0.000,1.489,0.007
88.96,-11.918,0.002,-1.482,-11.916,-0.000,1.489,0.007
88.98,-11.918,0.003,-1.482,-11.916,-0.000,1.489,0.007
89.00,-11.918,0.003,-1.482,-11.916,-0.000,1.489,0.007
89.03,-11.918,0.003,-1.482,-11.916,-0.000,1.489,0.007
89.05,-11.918,0.003,-1.482,-11.916,-0.000,1.489,0.007
89.07,-11.917,0.004,-1.482,-11.916,-0.000,1.489,0.008
89.09,-11.917,0.004,-1.482,-11.916,-0.000,1.489,0.008
89.11,-11.917,0.004,-1.482,-11.916,-0.000,1.489,0.008
89.13,-11.917,0.004,-1.482,-11.916,-0.000,1.489,0.008
89.15,-11.917,0.004,-1.482,-11.916,-0.000,1.489,0.008
89.17,-11.917,0.004,-1.482,-11.916,-0.000,1.489,0.008
89.19,-11.917,0.005,-1.482,-11.916,-0.000,1.489,0.008
89.21,-11.917,0.005,-1.482,-11.916,-0.000,1.489,0.008
89.23,-11.917,0.005,-1.482,-11.916,-0.000,1.489,0.008
89.26,-11.917,0.005,-1.482,-11.916,-0.000,1.489,0.008
89.28,-11.917,0.005,-1.482,-11.916,-0.000,1.489,0.008
89.30,-11.917,0.006,-1.482,-11.916,-0.000,1.489,0.009
89.32,-11.917,0.006,-1.482,-11.916,-0.000,1.489,0.009
89.34,-11.917,0.006,-1.482,-11.916,-0.000,1.489,0.009
89.36,-11.917,0.006,-1.482,-11.916,-0.000,1.489,0.009
89.38,-11.916,0.006,-1.481,-11.916,-0.000,1.489,0.010
89.40,-11.916,0.006,-1.481,-11.916,-0.000,1.489,0.010
89.42,-11.916,0.007,-1.481,-11.916,-0.000,1.489,0.010
89.44,-11.916,0.007,-1.481,-11.916,-0.000,1.489,0.010
89.46,-11.916,0.007,-1.481,-11.916,-0.000,1.489,0.011
89.49,-11.916,0.007,-1.481,-11.916,-0.000,1.489,0.011
89.51,-11.915,0.007,-1.481,-11.916,-0.000,1.489,0.011
89.53,-11.915,0.007,-1.481,-11.916,-0.000,1.489,0.011
89.55,-11.914,0.008,-1.480,-11.916,-0.000,1.489,0.012
89.57,-11.914,0.008,-1.480,-11.916,-0.000,1.489,0.012
89.59,-11.913,0.008,-1.480,-11.916,-0.000,1.489,0.013
89.61,-11.913,0.008,-1.480,-11.916,-0.000,1.489,0.013
89.63,-11.912,0.009,-1.480,-11.916,-0.000,1.489,0.013
89.65,-11.912,0.009,-1.480,-11.916,-0.000,1.489,0.013
89.67,-11.912,0.009,-1.480,-11.916,-0.000,1.489,0.014
89.69,-11.912,0.009,-1.480,-11.916,-0.000,1.489,0.014
89.72,-11.910,0.010,-1.480,-11.916,-0.000,1.489,0.014
89.74,-11.910,0.010,-1.480,-11.916,-0.000,1.489,0.014
89.76,-11.910,0.010,-1.480,-11.916,-0.000,1.489,0.014
89.78,-11.910,0.011,-1.480,-11.916,-0.000,1.489,0.015
89.80,-11.910,0.011,-1.480,-11.916,-0.000,1.489,0.015
89.82,-11.909,0.011,-1.480,-11.916,-0.000,1.489,0.016
89.84,-11.909,0.011,-1.480,-11.916,-0.000,1.489,0.016
89.86,-11.909,0.012,-1.481,-11.916,-0.000,1.489,0.016
89.88,-11.909,0.012,-1.481,-11.916,-0.000,1.489,0.016
89.90,-11.908,0.012,-1.481,-11.916,-0.000,1.489,0.017
89.92,-11.908,0.012,-1.481,-11.916,-0.000,1.489,0.017
89.94,-11.908,0.013,-1.481,-11.916,-0.000,1.489,0.018
89.96,-11.908,0.013,-1.481,-11.916,-0.000,1.489,0.018
89.99,-11.908,0.014,-1.481,-11.916,-0.000,1.489,0.018
90.01,-11.908,0.014,-1.481,-11.916,-0.000,1.489,0.018
90.03,-11.907,0.015,-1.482,-11.916,-0.000,1.489,0.019
90.05,-11.907,0.015,-1.482,-11.916,-0.000,1.489,0.019
90.07,-11.907,0.016,-1.482,-11.916,-0.000,1.489,0.019
90.09,-11.907,0.016,-1.482,-11.916,-0.000,1.489,0.019
90.11,-11.907,0.016,-1.483,-11.916,-0.000,1.489,0.020
90.13,-11.907,0.016,-1.483,-11.916,-0.000,1.489,0.020
90.15,-11.907,0.017,-1.483,-11.916,-0.000,1.489,0.020
90.17,-11.907,0.017,-1.483,-11.916,-0.000,1.489,0.020
90.19,-11.907,0.017,-1.484,-11.916,-0.000,1.489,0.021
90.22,-11.907,0.017,-1.484,-11.916,-0.000,1.489,0.021
90.24,-11.907,0.018,-1.484,-11.916,-0.000,1.489,0.021
90.26,-11.907,0.018,-1.484,-11.916,-0.000,1.489,0.021
90.28,-11.907,0.018,-1.484,-11.916,-0.000,1.489,0.021
90.30,-11.907,0.018,-1.485,-11.916,-0.000,1.489,0.021
90.32,-11.907,0.018,-1.485,-11.916,-0.000,1.489,0.021
90.34,-11.907,0.018,-1.486,-11.916,-0.000,1.489,0.021
90.36,-11.907,0.018,-1.486,-11.916,-0.000,1.489,0.021
90.38,-11.907,0.018,-1.487,-11.916,-0.000,1.489,0.021
90.40,-11.907,0.018,-1.487,-11.916,-0.000,1.489,0.021
90.42,-11.907,0.018,-1.487,-11.916,-0.000,1.489,0.020
90.44,-11.907,0.018,-1.487,-11.916,-0.000,1.489,0.020
90.46,-11.908,0.018,-1.488,-11.916,-0.000,1.489,0.020
90.49,-11.908,0.018,-1.488,-11.916,-0.000,1.489,0.020
90.51,-11.908,0.017,-1.489,-11.916,-0.000,1.489,0.019
90.53,-11.908,0.017,-1.489,-11.916,-0.000,1.489,0.019
90.55,-11.909,0.017,-1.491,-11.916,-0.000,1.489,0.018
90.57,-11.909,0.017,-1.491,-11.916,-0.000,1.489,0.018
90.59,-11.910,0.016,-1.492,-11.916,-0.000,1.489,0.018
90.61,-11.910,0.016,-1.492,-11.916,-0.000,1.489,0.018
90.63,-11.910,0.016,-1.493,-11.916,-0.000,1.489,0.017
90.65,-11.910,0.016,-1.493,-11.916,-0.000,1.489,0.017
90.67,-11.911,0.015,-1.494,-11.916,-0.000,1.489,0.017
90.69,-11.911,0.015,-1.494,-11.916,-0.000,1.489,0.017
90.71,-11.912,0.014,-1.495,-11.916,-0.000,1.489,0.016
90.73,-11.912,0.014,-1.495,-11.916,-0.000,1.489,0.016
90.76,-11.913,0.013,-1.496,-11.916,-0.000,1.489,0.015
90.78,-11.913,0.013,-1.496,-11.916,-0.000,1.489,0.015
90.80,-11.913,0.013,-1.496,-11.916,-0.000,1.489,0.015
90.82,-11.915,0.011,-1.497,-11.916,-0.000,1.489,0.014
90.84,-11.915,0.011,-1.497,-11.916,-0.000,1.489,0.014
90.86,-11.916,0.010,-1.498,-11.916,-0.000,1.489,0.014
90.88,-11.916,0.010,-1.498,-11.916,-0.000,1.489,0.014
90.90,-11.917,0.009,-1.498,-11.916,-0.000,1.489,0.013
90.92,-11.917,0.009,-1.498,-11.916,-0.000,1.489,0.013
90.94,-11.918,0.008,-1.499,-11.916,-0.000,1.489,0.013
90.96,-11.918,0.008,-1.499,-11.916,-0.000,1.489,0.013
90.98,-11.920,0.006,-1.499,-11.916,-0.000,1.489,0.013
91.01,-11.920,0.006,-1.499,-11.916,-0.000,1.489,0.013
91.03,-11.921,0.005,-1.500,-11.916,-0.000,1.489,0.013
91.05,-11.921,0.005,-1.500,-11.916,-0.000,1.489,0.013
91.07,-11.922,0.003,-1.500,-11.916,-0.000,1.489,0.013
91.09,-11.922,0.003,-1.500,-11.916,-0.000,1.489,0.013
91.11,-11.923,0.001,-1.501,-11.916,-0.000,1.489,0.014
91.13,-11.923,0.001,-1.501,-11.916,-0.000,1.489,0.014
91.15,-11.924,-0.000,-1.501,-11.916,-0.000,1.489,0.014
91.17,-11.924,-0.000,-1.501,-11.916,-0.000,1.489,0.014
91.19,-11.925,-0.002,-1.501,-11.916,-0.000,1.489,0.015
91.22,-11.925,-0.002,-1.501,-11.916,-0.000,1.489,0.015
91.24,-11.926,-0.003,-1.501,-11.916,-0.000,1.489,0.016
91.26,-11.926,-0.003,-1.501,-11.916,-0.000,1.489,0.016
91.28,-11.926,-0.003,-1.501,-11.916,-0.000,1.489,0.016
91.30,-11.927,-0.004,-1.501,-11.916,-0.000,1.489,0.017
91.32,-11.927,-0.004,-1.501,-11.916,-0.000,1.489,0.017
91.34,-11.928,-0.005,-1.501,-11.916,-0.000,1.489,0.017
91.36,-11.928,-0.005,-1.501,-11.916,-0.000,1.489,0.017
91.38,-11.928,-0.006,-1.501,-11.916,-0.000,1.489,0.018
91.40,-11.928,-0.006,-1.501,-11.916,-0.000,1.489,0.018
91.42,-11.929,-0.006,-1.501,-11.916,-0.000,1.489,0.018
91.44,-11.929,-0.006,-1.501,-11.916,-0.000,1.489,0.018
91.46,-11.929,-0.007,-1.501,-11.916,-0.000,1.489,0.019
91.49,-11.929,-0.007,-1.501,-11.916,-0.000,1.489,0.019
91.51,-11.929,-0.007,-1.501,-11.916,-0.000,1.489,0.019
91.53,-11.929,-0.007,-1.501,-11.916,-0.000,1.489,0.019
91.55,-11.929,-0.008,-1.500,-11.916,-0.000,1.489,0.019
91.57,-11.929,-0.008,-1.500,-11.916,-0.000,1.489,0.019
91.59,-11.929,-0.009,-1.500,-11.916,-0.000,1.489,0.019
91.61,-11.929,-0.009,-1.500,-11.916,-0.000,1.489,0.019
91.63,-11.930,-0.009,-1.500,-11.916,-0.000,1.489,0.020
91.65,-11.930,-0.009,-1.500,-11.916,-0.000,1.489,0.020
91.67,-11.930,-0.010,-1.499,-11.916,-0.000,1.489,0.020
91.69,-11.930,-0.010,-1.499,-11.916,-0.000,1.489,0.020
91.72,-11.930,-0.010,-1.499,-11.916,-0.000,1.489,0.020
91.74,-11.930,-0.010,-1.499,-11.916,-0.000,1.489,0.020
91.76,-11.929,-0.011,-1.498,-11.916,-0.000,1.489,0.020
91.78,-11.929,-0.011,-1.498,-11.916,-0.000,1.489,0.020
91.80,-11.929,-0.011,-1.498,-11.916,-0.000,1.489,0.020
91.82,-11.929,-0.012,-1.498,-11.916,-0.000,1.489,0.020
91.84,-11.929,-0.012,-1.498,-11.916,-0.000,1.489,0.020
91.86,-11.929,-0.013,-1.497,-11.916,-0.000,1.489,0.020
91.88,-11.929,-0.013,-1.497,-11.916,-0.000,1.489,0.020
91.90,-11.928,-0.013,-1.497,-11.916,-0.000,1.489,0.020
91.92,-11.928,-0.013,-1.497,-11.916,-0.000,1.489,0.020
91.94,-11.928,-0.014,-1.497,-11.916,-0.000,1.489,0.020
91.96,-11.928,-0.014,-1.497,-11.916,-0.000,1.489,0.020
91.98,-11.927,-0.014,-1.497,-11.916,-0.000,1.489,0.019
92.01,-11.927,-0.014,-1.497,-11.916,-0.000,1.489,0.019
92.03,-11.927,-0.014,-1.496,-11.916,-0.000,1.489,0.019
92.05,-11.927,-0.014,-1.496,-11.916,-0.000,1.489,0.019
92.07,-11.926,-0.014,-1.496,-11.916,-0.000,1.489,0.019
92.09,-11.926,-0.014,-1.496,-11.916,-0.000,1.489,0.019
92.11,-11.926,-0.014,-1.496,-11.916,-0.000,1.489,0.018
92.13,-11.926,-0.014,-1.496,-11.916,-0.000,1.489,0.018
92.15,-11.925,-0.014,-1.496,-11.916,-0.000,1.489,0.018
92.17,-11.925,-0.014,-1.496,-11.916,-0.000,1.489,0.018
92.20,-11.924,-0.014,-1.495,-11.916,-0.000,1.489,0.017
92.22,-11.924,-0.014,-1.495,-11.916,-0.000,1.489,0.017
92.24,-11.923,-0.013,-1.495,-11.916,-0.000,1.489,0.016
92.26,-11.923,-0.013,-1.495,-11.916,-0.000,1.489,0.016
92.28,-11.923,-0.013,-1.495,-11.916,-0.000,1.489,0.016
92.30,-11.922,-0.012,-1.495,-11.916,-0.000,1.489,0.015
92.32,-11.922,-0.012,-1.495,-11.916,-0.000,1.489,0.015
92.34,-11.922,-0.012,-1.495,-11.916,-0.000,1.489,0.014
92.36,-11.922,-0.012,-1.495,-11.916,-0.000,1.489,0.014
92.38,-11.921,-0.011,-1.495,-11.916,-0.000,1.489,0.013
92.40,-11.921,-0.011,-1.495,-11.916,-0.000,1.489,0.013
92.42,-11.920,-0.010,-1.495,-11.916,-0.000,1.489,0.012
92.45,-11.920,-0.010,-1.495,-11.916,-0.000,1.489,0.012
92.47,-11.919,-0.009,-1.495,-11.916,-0.000,1.489,0.012
92.49,-11.919,-0.009,-1.495,-11.916,-0.000,1.489,0.012
92.51,-11.918,-0.008,-1.496,-11.916,-0.000,1.489,0.011
92.53,-11.918,-0.008,-1.496,-11.916,-0.000,1.489,0.011
92.55,-11.918,-0.008,-1.496,-11.916,-0.000,1.489,0.010
92.57,-11.918,-0.008,-1.496,-11.916,-0.000,1.489,0.010
92.59,-11.917,-0.007,-1.496,-11.916,-0.000,1.489,0.010
92.61,-11.917,-0.007,-1.496,-11.916,-0.000,1.489,0.010
92.63,-11.917,-0.006,-1.496,-11.916,-0.000,1.489,0.009
92.65,-11.917,-0.006,-1.496,-11.916,-0.000,1.489,0.009
92.67,-11.916,-0.005,-1.495,-11.916,-0.000,1.489,0.008
92.70,-11.916,-0.005,-1.495,-11.916,-0.000,1.489,0.008
92.72,-11.916,-0.004,-1.495,-11.916,-0.000,1.489,0.008
92.74,-11.916,-0.004,-1.495,-11.916,-0.000,1.489,0.008
92.76,-11.916,-0.003,-1.495,-11.916,-0.000,1.489,0.007
92.78,-11.916,-0.003,-1.495,-11.916,-0.000,1.489,0.007
92.80,-11.916,-0.003,-1.495,-11.916,-0.000,1.489,0.007
92.82,-11.916,-0.002,-1.495,-11.916,-0.000,1.489,0.006
92.84,-11.916,-0.002,-1.495,-11.916,-0.000,1.489,0.006
92.86,-11.916,-0.002,-1.494,-11.916,-0.000,1.489,0.005
92.88,-11.916,-0.002,-1.494,-11.916,-0.000,1.489,0.005
92.90,-11.916,-0.001,-1.494,-11.916,-0.000,1.489,0.005
92.93,-11.916,-0.001,-1.494,-11.916,-0.000,1.489,0.005
92.95,-11.916,-0.000,-1.493,-11.916,-0.000,1.489,0.004
92.97,-11.916,-0.000,-1.493,-11.916,-0.000,1.489,0.004
92.99,-11.916,0.000,-1.493,-11.916,-0.000,1.489,0.004
93.01,-11.916,0.000,-1.493,-11.916,-0.000,1.489,0.004
93.03,-11.916,0.001,-1.492,-11.916,-0.000,1.489,0.003
93.05,-11.916,0.001,-1.492,-11.916,-0.000,1.489,0.003
93.07,-11.915,0.002,-1.491,-11.916,-0.000,1.489,0.003
93.09,-11.915,0.002,-1.491,-11.916,-0.000,1.489,0.003
93.11,-11.915,0.002,-1.491,-11.916,-0.000,1.489,0.003
93.13,-11.915,0.002,-1.491,-11.916,-0.000,1.489,0.003
93.15,-11.915,0.003,-1.490,-11.916,-0.000,1.489,0.003
93.18,-11.915,0.003,-1.490,-11.916,-0.000,1.489,0.003
93.20,-11.915,0.004,-1.490,-11.916,-0.000,1.489,0.004
93.22,-11.915,0.004,-1.490,-11.916,-0.000,1.489,0.004
93.24,-11.915,0.004,-1.490,-11.916,-0.000,1.489,0.005
93.26,-11.915,0.004,-1.490,-11.916,-0.000,1.489,0.005
93.28,-11.915,0.005,-1.490,-11.916,-0.000,1.489,0.005
93.30,-11.915,0.005,-1.490,-11.916,-0.000,1.489,0.005
93.32,-11.915,0.005,-1.490,-11.916,-0.000,1.489,0.005
93.34,-11.915,0.006,-1.490,-11.916,-0.000,1.489,0.006
93.36,-11.915,0.006,-1.490,-11.916,-0.000,1.489,0.006
93.38,-11.915,0.007,-1.490,-11.916,-0.000,1.489,0.007
93.40,-11.915,0.007,-1.490,-11.916,-0.000,1.489,0.007
93.42,-11.915,0.007,-1.491,-11.916,-0.000,1.489,0.008
93.45,-11.915,0.007,-1.491,-11.916,-0.000,1.489,0.008
93.47,-11.915,0.008,-1.491,-11.916,-0.000,1.489,0.008
93.49,-11.915,0.008,-1.491,-11.916,-0.000,1.489,0.008
93.51,-11.915,0.008,-1.492,-11.916,-0.000,1.489,0.009
93.53,-11.915,0.008,-1.492,-11.916,-0.000,1.489,0.009
93.55,-11.915,0.008,-1.493,-11.916,-0.000,1.489,0.009
93.57,-11.915,0.008,-1.493,-11.916,-0.000,1.489,0.009
93.59,-11.915,0.008,-1.493,-11.916,-0.000,1.489,0.009
93.61,-11.915,0.008,-1.493,-11.916,-0.000,1.489,0.009
93.63,-11.915,0.008,-1.494,-11.916,-0.000,1.489,0.009
93.65,-11.915,0.008,-1.494,-11.916,-0.000,1.489,0.009
93.68,-11.915,0.007,-1.494,-11.916,-0.000,1.489,0.009
93.70,-11.915,0.007,-1.494,-11.916,-0.000,1.489,0.009
93.72,-11.915,0.007,-1.495,-11.916,-0.000,1.489,0.009
93.74,-11.915,0.007,-1.495,-11.916,-0.000,1.489,0.009
93.76,-11.915,0.006,-1.496,-11.916,-0.000,1.489,0.009
93.78,-11.915,0.006,-1.496,-11.916,-0.000,1.489,0.009
93.80,-11.915,0.006,-1.496,-11.916,-0.000,1.489,0.009
93.82,-11.916,0.006,-1.496,-11.916,-0.000,1.489,0.010
93.84,-11.916,0.006,-1.496,-11.916,-0.000,1.489,0.010
93.86,-11.917,0.006,-1.497,-11.916,-0.000,1.489,0.010
93.88,-11.917,0.006,-1.497,-11.916,-0.000,1.489,0.010
93.91,-11.917,0.005,-1.497,-11.916,-0.000,1.489,0.010
93.93,-11.917,0.005,-1.497,-11.916,-0.000,1.489,0.010
93.95,-11.918,0.005,-1.498,-11.916,-0.000,1.489,0.010
93.97,-11.918,0.005,-1.498,-11.916,-0.000,1.489,0.010
93.99,-11.919,0.005,-1.498,-11.916,-0.000,1.489,0.011
94.01,-11.919,0.005,-1.498,-11.916,-0.000,1.489,0.011
94.03,-11.920,0.004,-1.498,-11.916,-0.000,1.489,0.011
94.05,-11.920,0.004,-1.498,-11.916,-0.000,1.489,0.011
94.07,-11.920,0.004,-1.499,-11.916,-0.000,1.489,0.011
94.09,-11.920,0.004,-1.499,-11.916,-0.000,1.489,0.011
94.11,-11.921,0.003,-1.499,-11.916,-0.000,1.489,0.012
94.14,-11.921,0.003,-1.499,-11.916,-0.000,1.489,0.012
94.16,-11.921,0.003,-1.500,-11.916,-0.000,1.489,0.012
94.18,-11.921,0.003,-1.500,-11.916,-0.000,1.489,0.012
94.20,-11.922,0.002,-1.500,-11.916,-0.000,1.489,0.013
94.22,-11.922,0.002,-1.500,-11.916,-0.000,1.489,0.013
94.24,-11.922,0.002,-1.500,-11.916,-0.000,1.489,0.013
94.26,-11.922,0.002,-1.500,-11.916,-0.000,1.489,0.013
94.28,-11.922,0.002,-1.501,-11.916,-0.000,1.489,0.013
94.30,-11.922,0.002,-1.501,-11.916,-0.000,1.489,0.013
94.32,-11.922,0.002,-1.501,-11.916,-0.000,1.489,0.013
94.34,-11.921,0.001,-1.501,-11.916,-0.000,1.489,0.013
94.37,-11.921,0.001,-1.501,-11.916,-0.000,1.489,0.013
94.39,-11.920,0.001,-1.501,-11.916,-0.000,1.489,0.013
94.41,-11.920,0.001,-1.501,-11.916,-0.000,1.489,0.013
94.43,-11.919,0.001,-1.501,-11.916,-0.000,1.489,0.013
94.45,-11.919,0.001,-1.501,-11.916,-0.000,1.489,0.013
94.47,-11.918,0.001,-1.501,-11.916,-0.000,1.489,0.013
94.49,-11.918,0.001,-1.501,-11.916,-0.000,1.489,0.013
94.51,-11.916,0.001,-1.502,-11.916,-0.000,1.489,0.013
94.53,-11.916,0.001,-1.502,-11.916,-0.000,1.489,0.013
94.55,-11.914,0.001,-1.502,-11.916,-0.000,1.489,0.013
94.57,-11.914,0.001,-1.502,-11.916,-0.000,1.489,0.013
94.59,-11.912,0.001,-1.502,-11.916,-0.000,1.489,0.013
94.61,-11.912,0.001,-1.502,-11.916,-0.000,1.489,0.013
94.64,-11.910,0.001,-1.502,-11.916,-0.000,1.489,0.014
94.66,-11.910,0.001,-1.502,-11.916,-0.000,1.489,0.014
94.68,-11.907,0.000,-1.502,-11.916,-0.000,1.489,0.016
94.70,-11.907,0.000,-1.502,-11.916,-0.000,1.489,0.016
94.72,-11.905,0.000,-1.502,-11.916,-0.000,1.489,0.017
94.74,-11.905,0.000,-1.502,-11.916,-0.000,1.489,0.017
94.76,-11.903,0.000,-1.502,-11.916,-0.000,1.489,0.019
94.78,-11.903,0.000,-1.502,-11.916,-0.000,1.489,0.019
94.80,-11.903,0.000,-1.502,-11.916,-0.000,1.489,0.019
94.82,-11.900,0.000,-1.503,-11.916,-0.000,1.489,0.022
94.84,-11.900,0.000,-1.503,-11.916,-0.000,1.489,0.022
94.86,-11.898,0.001,-1.503,-11.916,-0.000,1.489,0.023
94.88,-11.898,0.001,-1.503,-11.916,-0.000,1.489,0.023
94.91,-11.896,0.001,-1.503,-11.916,-0.000,1.489,0.025
94.93,-11.896,0.001,-1.503,-11.916,-0.000,1.489,0.025
94.95,-11.894,0.001,-1.504,-11.916,-0.000,1.489,0.027
94.97,-11.894,0.001,-1.504,-11.916,-0.000,1.489,0.027
94.99,-11.892,0.002,-1.504,-11.916,-0.000,1.489,0.028
95.01,-11.892,0.002,-1.504,-11.916,-0.000,1.489,0.028
95.03,-11.890,0.002,-1.504,-11.916,-0.000,1.489,0.030
95.05,-11.890,0.002,-1.504,-11.916,-0.000,1.489,0.030
95.07,-11.889,0.003,-1.504,-11.916,-0.000,1.489,0.031
95.09,-11.889,0.003,-1.504,-11.916,-0.000,1.489,0.031
95.11,-11.888,0.004,-1.504,-11.916,-0.000,1.489,0.032
95.13,-11.888,0.004,-1.504,-11.916,-0.000,1.489,0.032
95.15,-11.887,0.005,-1.504,-11.916,-0.000,1.489,0.033
95.18,-11.887,0.005,-1.504,-11.916,-0.000,1.489,0.033
95.20,-11.886,0.006,-1.503,-11.916,-0.000,1.489,0.034
95.22,-11.886,0.006,-1.503,-11.916,-0.000,1.489,0.034
95.24,-11.885,0.007,-1.503,-11.916,-0.000,1.489,0.035
95.26,-11.885,0.007,-1.503,-11.916,-0.000,1.489,0.035
95.28,-11.884,0.008,-1.503,-11.916,-0.000,1.489,0.035
95.30,-11.884,0.008,-1.503,-11.916,-0.000,1.489,0.035
95.32,-11.884,0.008,-1.503,-11.916,-0.000,1.489,0.035
95.34,-11.883,0.009,-1.502,-11.916,-0.000,1.489,0.037
95.36,-11.883,0.009,-1.502,-11.916,-0.000,1.489,0.037
95.38,-11.883,0.010,-1.502,-11.916,-0.000,1.489,0.037
95.40,-11.883,0.010,-1.502,-11.916,-0.000,1.489,0.037
95.42,-11.882,0.011,-1.501,-11.916,-0.000,1.489,0.038
95.45,-11.882,0.011,-1.501,-11.916,-0.000,1.489,0.038
95.47,-11.881,0.012,-1.501,-11.916,-0.000,1.489,0.039
95.49,-11.881,0.012,-1.501,-11.916,-0.000,1.489,0.039
95.51,-11.880,0.013,-1.501,-11.916,-0.000,1.489,0.040
95.53,-11.880,0.013,-1.501,-11.916,-0.000,1.489,0.040
95.55,-11.880,0.013,-1.501,-11.916,-0.000,1.489,0.041
95.57,-11.880,0.013,-1.501,-11.916,-0.000,1.489,0.041
95.59,-11.879,0.014,-1.501,-11.916,-0.000,1.489,0.041
95.61,-11.879,0.014,-1.501,-11.916,-0.000,1.489,0.041
95.63,-11.879,0.014,-1.501,-11.916,-0.000,1.489,0.042
95.65,-11.879,0.014,-1.501,-11.916,-0.000,1.489,0.042
95.67,-11.878,0.015,-1.500,-11.916,-0.000,1.489,0.042
95.70,-11.878,0.015,-1.500,-11.916,-0.000,1.489,0.042
95.72,-11.878,0.015,-1.500,-11.916,-0.000,1.489,0.043
95.74,-11.878,0.015,-1.500,-11.916,-0.000,1.489,0.043
95.76,-11.878,0.016,-1.500,-11.916,-0.000,1.489,0.043
95.78,-11.878,0.016,-1.500,-11.916,-0.000,1.489,0.043
95.80,-11.878,0.016,-1.500,-11.916,-0.000,1.489,0.043
95.82,-11.878,0.016,-1.500,-11.916,-0.000,1.489,0.043
95.84,-11.878,0.016,-1.500,-11.916,-0.000,1.489,0.043
95.86,-11.879,0.017,-1.499,-11.916,-0.000,1.489,0.042
95.88,-11.879,0.017,-1.499,-11.916,-0.000,1.489,0.042
95.90,-11.879,0.017,-1.499,-11.916,-0.000,1.489,0.042
95.92,-11.879,0.017,-1.499,-11.916,-0.000,1.489,0.042
95.94,-11.880,0.017,-1.499,-11.916,-0.000,1.489,0.041
95.96,-11.880,0.017,-1.499,-11.916,-0.000,1.489,0.041
95.99,-11.880,0.016,-1.498,-11.916,-0.000,1.489,0.040
96.01,-11.880,0.016,-1.498,-11.916,-0.000,1.489,0.040
96.03,-11.881,0.016,-1.498,-11.916,-0.000,1.489,0.039
96.05,-11.881,0.016,-1.498,-11.916,-0.000,1.489,0.039
96.07,-11.882,0.015,-1.497,-11.916,-0.000,1.489,0.038
96.09,-11.882,0.015,-1.497,-11.916,-0.000,1.489,0.038
96.11,-11.883,0.015,-1.497,-11.916,-0.000,1.489,0.037
96.13,-11.883,0.015,-1.497,-11.916,-0.000,1.489,0.037
96.15,-11.885,0.014,-1.496,-11.916,-0.000,1.489,0.035
96.17,-11.885,0.014,-1.496,-11.916,-0.000,1.489,0.035
96.19,-11.886,0.013,-1.495,-11.916,-0.000,1.489,0.033
96.21,-11.886,0.013,-1.495,-11.916,-0.000,1.489,0.033
96.23,-11.888,0.012,-1.495,-11.916,-0.000,1.489,0.032
96.26,-11.888,0.012,-1.495,-11.916,-0.000,1.489,0.032
96.28,-11.890,0.011,-1.493,-11.916,-0.000,1.489,0.029
96.30,-11.890,0.011,-1.493,-11.916,-0.000,1.489,0.029
96.32,-11.890,0.011,-1.493,-11.916,-0.000,1.489,0.029
96.34,-11.892,0.009,-1.492,-11.916,-0.000,1.489,0.026
96.36,-11.892,0.009,-1.492,-11.916,-0.000,1.489,0.026
96.38,-11.893,0.008,-1.491,-11.916,-0.000,1.489,0.024
96.40,-11.893,0.008,-1.491,-11.916,-0.000,1.489,0.024
96.42,-11.895,0.007,-1.491,-11.916,-0.000,1.489,0.023
96.44,-11.895,0.007,-1.491,-11.916,-0.000,1.489,0.023
96.46,-11.896,0.006,-1.490,-11.916,-0.000,1.489,0.021
96.48,-11.896,0.006,-1.490,-11.916,-0.000,1.489,0.021
96.51,-11.898,0.004,-1.489,-11.916,-0.000,1.489,0.019
96.53,-11.898,0.004,-1.489,-11.916,-0.000,1.489,0.019
96.55,-11.899,0.003,-1.488,-11.916,-0.000,1.489,0.017
96.57,-11.899,0.003,-1.488,-11.916,-0.000,1.489,0.017
96.59,-11.901,0.001,-1.487,-11.916,-0.000,1.489,0.016
96.61,-11.901,0.001,-1.487,-11.916,-0.000,1.489,0.016
96.63,-11.902,-0.000,-1.486,-11.916,-0.000,1.489,0.015
96.65,-11.902,-0.000,-1.486,-11.916,-0.000,1.489,0.015
96.67,-11.902,-0.002,-1.485,-11.916,-0.000,1.489,0.014
96.69,-11.902,-0.002,-1.485,-11.916,-0.000,1.489,0.014
96.71,-11.903,-0.004,-1.484,-11.916,-0.000,1.489,0.014
96.74,-11.903,-0.004,-1.484,-11.916,-0.000,1.489,0.014
96.76,-11.904,-0.006,-1.483,-11.916,-0.000,1.489,0.015
96.78,-11.904,-0.006,-1.483,-11.916,-0.000,1.489,0.015
96.80,-11.905,-0.008,-1.482,-11.916,-0.000,1.489,0.016
96.82,-11.905,-0.008,-1.482,-11.916,-0.000,1.489,0.016
96.84,-11.905,-0.008,-1.482,-11.916,-0.000,1.489,0.016
96.86,-11.906,-0.010,-1.481,-11.916,-0.000,1.489,0.017
96.88,-11.906,-0.010,-1.481,-11.916,-0.000,1.489,0.017
96.90,-11.906,-0.012,-1.480,-11.916,-0.000,1.489,0.018
96.92,-11.906,-0.012,-1.480,-11.916,-0.000,1.489,0.018
96.94,-11.907,-0.014,-1.480,-11.916,-0.000,1.489,0.018
96.96,-11.907,-0.014,-1.480,-11.916,-0.000,1.489,0.018
96.98,-11.908,-0.015,-1.480,-11.916,-0.000,1.489,0.019
97.01,-11.908,-0.015,-1.480,-11.916,-0.000,1.489,0.019
97.03,-11.909,-0.016,-1.479,-11.916,-0.000,1.489,0.020
97.05,-11.909,-0.016,-1.479,-11.916,-0.000,1.489,0.020
97.07,-11.910,-0.017,-1.479,-11.916,-0.000,1.489,0.021
97.09,-11.910,-0.017,-1.479,-11.916,-0.000,1.489,0.021
97.11,-11.911,-0.019,-1.479,-11.916,-0.000,1.489,0.021
97.13,-11.911,-0.019,-1.479,-11.916,-0.000,1.489,0.021
97.15,-11.912,-0.020,-1.479,-11.916,-0.000,1.489,0.022
97.17,-11.912,-0.020,-1.479,-11.916,-0.000,1.489,0.022
97.19,-11.913,-0.021,-1.479,-11.916,-0.000,1.489,0.023
97.21,-11.913,-0.021,-1.479,-11.916,-0.000,1.489,0.023
97.24,-11.915,-0.022,-1.479,-11.916,-0.000,1.489,0.024
97.26,-11.915,-0.022,-1.479,-11.916,-0.000,1.489,0.024
97.28,-11.917,-0.024,-1.479,-11.916,-0.000,1.489,0.026
97.30,-11.917,-0.024,-1.479,-11.916,-0.000,1.489,0.026
97.32,-11.917,-0.024,-1.479,-11.916,-0.000,1.489,0.026
97.34,-11.919,-0.025,-1.479,-11.916,-0.000,1.489,0.027
97.36,-11.919,-0.025,-1.479,-11.916,-0.000,1.489,0.027
97.38,-11.920,-0.026,-1.480,-11.916,-0.000,1.489,0.028
97.40,-11.920,-0.026,-1.480,-11.916,-0.000,1.489,0.028
97.42,-11.921,-0.027,-1.480,-11.916,-0.000,1.489,0.029
97.44,-11.921,-0.027,-1.480,-11.916,-0.000,1.489,0.029
97.47,-11.922,-0.028,-1.480,-11.916,-0.000,1.489,0.030
97.49,-11.922,-0.028,-1.480,-11.916,-0.000,1.489,0.030
97.51,-11.923,-0.029,-1.481,-11.916,-0.000,1.489,0.031
97.53,-11.923,-0.029,-1.481,-11.916,-0.000,1.489,0.031
97.55,-11.924,-0.030,-1.481,-11.916,-0.000,1.489,0.031
97.57,-11.924,-0.030,-1.481,-11.916,-0.000,1.489,0.031
97.59,-11.925,-0.030,-1.482,-11.916,-0.000,1.489,0.032
97.61,-11.925,-0.030,-1.482,-11.916,-0.000,1.489,0.032
97.63,-11.925,-0.031,-1.482,-11.916,-0.000,1.489,0.033
97.65,-11.925,-0.031,-1.482,-11.916,-0.000,1.489,0.033
97.67,-11.926,-0.031,-1.483,-11.916,-0.000,1.489,0.033
97.69,-11.926,-0.031,-1.483,-11.916,-0.000,1.489,0.033
97.72,-11.926,-0.032,-1.484,-11.916,-0.000,1.489,0.034
97.74,-11.926,-0.032,-1.484,-11.916,-0.000,1.489,0.034
97.76,-11.927,-0.032,-1.484,-11.916,-0.000,1.489,0.034
97.78,-11.927,-0.032,-1.484,-11.916,-0.000,1.489,0.034
97.80,-11.927,-0.033,-1.484,-11.916,-0.000,1.489,0.034
97.82,-11.927,-0.033,-1.484,-11.916,-0.000,1.489,0.034
97.84,-11.927,-0.033,-1.484,-11.916,-0.000,1.489,0.034
97.86,-11.927,-0.033,-1.484,-11.916,-0.000,1.489,0.035
97.88,-11.927,-0.033,-1.484,-11.916,-0.000,1.489,0.035
97.90,-11.927,-0.032,-1.484,-11.916,-0.000,1.489,0.035
97.92,-11.927,-0.032,-1.484,-11.916,-0.000,1.489,0.035
97.94,-11.927,-0.032,-1.484,-11.916,-0.000,1.489,0.034
97.96,-11.927,-0.032,-1.484,-11.916,-0.000,1.489,0.034
97.98,-11.928,-0.032,-1.484,-11.916,-0.000,1.489,0.034
98.01,-11.928,-0.032,-1.484,-11.916,-0.000,1.489,0.034
98.03,-11.928,-0.031,-1.484,-11.916,-0.000,1.489,0.033
98.05,-11.928,-0.031,-1.484,-11.916,-0.000,1.489,0.033
98.07,-11.928,-0.030,-1.484,-11.916,-0.000,1.489,0.032
98.09,-11.928,-0.030,-1.484,-11.916,-0.000,1.489,0.032
98.11,-11.928,-0.029,-1.484,-11.916,-0.000,1.489,0.032
98.13,-11.928,-0.029,-1.484,-11.916,-0.000,1.489,0.032
98.15,-11.928,-0.028,-1.485,-11.916,-0.000,1.489,0.031
98.17,-11.928,-0.028,-1.485,-11.916,-0.000,1.489,0.031
98.19,-11.927,-0.027,-1.485,-11.916,-0.000,1.489,0.029
98.21,-11.927,-0.027,-1.485,-11.916,-0.000,1.489,0.029
98.23,-11.927,-0.026,-1.485,-11.916,-0.000,1.489,0.028
98.26,-11.927,-0.026,-1.485,-11.916,-0.000,1.489,0.028
98.28,-11.927,-0.024,-1.486,-11.916,-0.000,1.489,0.026
98.30,-11.927,-0.024,-1.486,-11.916,-0.000,1.489,0.026
98.32,-11.927,-0.022,-1.486,-11.916,-0.000,1.489,0.025
98.34,-11.927,-0.022,-1.486,-11.916,-0.000,1.489,0.025
98.36,-11.927,-0.022,-1.486,-11.916,-0.000,1.489,0.025
98.38,-11.927,-0.020,-1.486,-11.916,-0.000,1.489,0.023
98.40,-11.927,-0.020,-1.486,-11.916,-0.000,1.489,0.023
98.42,-11.927,-0.018,-1.487,-11.916,-0.000,1.489,0.021
98.44,-11.927,-0.018,-1.487,-11.916,-0.000,1.489,0.021
98.46,-11.927,-0.016,-1.487,-11.916,-0.000,1.489,0.020
98.48,-11.927,-0.016,-1.487,-11.916,-0.000,1.489,0.020
98.51,-11.928,-0.015,-1.487,-11.916,-0.000,1.489,0.019
98.53,-11.928,-0.015,-1.487,-11.916,-0.000,1.489,0.019
98.55,-11.928,-0.013,-1.487,-11.916,-0.000,1.489,0.017
98.57,-11.928,-0.013,-1.487,-11.916,-0.000,1.489,0.017
98.59,-11.928,-0.011,-1.487,-11.916,-0.000,1.489,0.016
98.61,-11.928,-0.011,-1.487,-11.916,-0.000,1.489,0.016
98.63,-11.929,-0.009,-1.487,-11.916,-0.000,1.489,0.016
98.65,-11.929,-0.009,-1.487,-11.916,-0.000,1.489,0.016
98.67,-11.929,-0.007,-1.487,-11.916,-0.000,1.489,0.015
98.69,-11.929,-0.007,-1.487,-11.916,-0.000,1.489,0.015
98.71,-11.930,-0.005,-1.487,-11.916,-0.000,1.489,0.015
98.73,-11.930,-0.005,-1.487,-11.916,-0.000,1.489,0.015
98.75,-11.930,-0.003,-1.487,-11.916,-0.000,1.489,0.014
98.77,-11.930,-0.003,-1.487,-11.916,-0.000,1.489,0.014
98.80,-11.930,-0.000,-1.487,-11.916,-0.000,1.489,0.014
98.82,-11.930,-0.000,-1.487,-11.916,-0.000,1.489,0.014
98.84,-11.930,-0.000,-1.487,-11.916,-0.000,1.489,0.014
98.86,-11.930,0.002,-1.488,-11.916,-0.000,1.489,0.014
98.88,-11.930,0.002,-1.488,-11.916,-0.000,1.489,0.014
98.90,-11.930,0.004,-1.488,-11.916,-0.000,1.489,0.014
98.92,-11.930,0.004,-1.488,-11.916,-0.000,1.489,0.014
98.94,-11.930,0.006,-1.489,-11.916,-0.000,1.489,0.015
98.96,-11.930,0.006,-1.489,-11.916,-0.000,1.489,0.015
98.98,-11.930,0.007,-1.489,-11.916,-0.000,1.489,0.015
99.00,-11.930,0.007,-1.489,-11.916,-0.000,1.489,0.015
99.02,-11.929,0.008,-1.490,-11.916,-0.000,1.489,0.016
99.05,-11.929,0.008,-1.490,-11.916,-0.000,1.489,0.016
99.07,-11.929,0.009,-1.490,-11.916,-0.000,1.489,0.016
99.09,-11.929,0.009,-1.490,-11.916,-0.000,1.489,0.016
99.11,-11.928,0.010,-1.491,-11.916,-0.000,1.489,0.016
99.13,-11.928,0.010,-1.491,-11.916,-0.000,1.489,0.016
99.15,-11.928,0.011,-1.491,-11.916,-0.000,1.489,0.016
99.17,-11.928,0.011,-1.491,-11.916,-0.000,1.489,0.016
99.19,-11.927,0.012,-1.491,-11.916,-0.000,1.489,0.016
99.21,-11.927,0.012,-1.491,-11.916,-0.000,1.489,0.016
99.23,-11.927,0.012,-1.491,-11.916,-0.000,1.489,0.016
99.25,-11.927,0.012,-1.491,-11.916,-0.000,1.489,0.016
99.28,-11.926,0.012,-1.491,-11.916,-0.000,1.489,0.016
99.30,-11.926,0.012,-1.491,-11.916,-0.000,1.489,0.016
99.32,-11.925,0.012,-1.491,-11.916,-0.000,1.489,0.016
99.34,-11.925,0.012,-1.491,-11.916,-0.000,1.489,0.016
99.36,-11.925,0.012,-1.491,-11.916,-0.000,1.489,0.016
99.38,-11.924,0.012,-1.491,-11.916,-0.000,1.489,0.015
99.40,-11.924,0.012,-1.491,-11.916,-0.000,1.489,0.015
99.42,-11.923,0.012,-1.491,-11.916,-0.000,1.489,0.015
99.44,-11.923,0.012,-1.491,-11.916,-0.000,1.489,0.015
99.46,-11.922,0.012,-1.491,-11.916,-0.000,1.489,0.014
99.48,-11.922,0.012,-1.491,-11.916,-0.000,1.489,0.014
99.50,-11.921,0.012,-1.492,-11.916,-0.000,1.489,0.014
99.53,-11.921,0.012,-1.492,-11.916,-0.000,1.489,0.014
99.55,-11.920,0.012,-1.492,-11.916,-0.000,1.489,0.014
99.57,-11.920,0.012,-1.492,-11.916,-0.000,1.489,0.014
99.59,-11.919,0.012,-1.492,-11.916,-0.000,1.489,0.013
99.61,-11.919,0.012,-1.492,-11.916,-0.000,1.489,0.013
99.63,-11.918,0.012,-1.492,-11.916,-0.000,1.489,0.013
99.65,-11.918,0.012,-1.492,-11.916,-0.000,1.489,0.013
99.67,-11.917,0.013,-1.492,-11.916,-0.000,1.489,0.013
99.69,-11.917,0.013,-1.492,-11.916,-0.000,1.489,0.013
99.71,-11.916,0.013,-1.492,-11.916,-0.000,1.489,0.013
99.73,-11.916,0.013,-1.492,-11.916,-0.000,1.489,0.013
99.75,-11.915,0.013,-1.492,-11.916,-0.000,1.489,0.013
99.78,-11.915,0.013,-1.492,-11.916,-0.000,1.489,0.013
99.80,-11.914,0.013,-1.492,-11.916,-0.000,1.489,0.014
99.82,-11.914,0.013,-1.492,-11.916,-0.000,1.489,0.014
99.84,-11.914,0.013,-1.492,-11.916,-0.000,1.489,0.014
99.86,-11.914,0.014,-1.492,-11.916,-0.000,1.489,0.015
99.88,-11.914,0.014,-1.492,-11.916,-0.000,1.489,0.015
99.90,-11.913,0.014,-1.492,-11.916,-0.000,1.489,0.015
99.92,-11.913,0.014,-1.492,-11.916,-0.000,1.489,0.015
99.94,-11.913,0.015,-1.492,-11.916,-0.000,1.489,0.016
99.96,-11.913,0.015,-1.492,-11.916,-0.000,1.489,0.016
99.98,-11.912,0.015,-1.492,-11.916,-0.000,1.489,0.016
100.00,-11.912,0.015,-1.492,-11.916,-0.000,1.489,0.016
100.03,-11.912,0.016,-1.492,-11.916,-0.000,1.489,0.017
100.05,-11.912,0.016,-1.492,-11.916,-0.000,1.489,0.017
100.07,-11.912,0.016,-1.492,-11.916,-0.000,1.489,0.017
100.09,-11.912,0.016,-1.492,-11.916,-0.000,1.489,0.017
100.11,-11.912,0.017,-1.492,-11.916,-0.000,1.489,0.017
100.13,-11.912,0.017,-1.492,-11.916,-0.000,1.489,0.017
100.15,-11.913,0.017,-1.492,-11.916,-0.000,1.489,0.018
100.17,-11.913,0.017,-1.492,-11.916,-0.000,1.489,0.018
100.19,-11.914,0.017,-1.491,-11.916,-0.000,1.489,0.018
100.21,-11.914,0.017,-1.491,-11.916,-0.000,1.489,0.018
100.23,-11.914,0.018,-1.491,-11.916,-0.000,1.489,0.018
100.25,-11.914,0.018,-1.491,-11.916,-0.000,1.489,0.018
100.27,-11.915,0.018,-1.491,-11.916,-0.000,1.489,0.018
100.29,-11.915,0.018,-1.491,-11.916,-0.000,1.489,0.018
100.32,-11.916,0.019,-1.491,-11.916,-0.000,1.489,0.019
100.34,-11.916,0.019,-1.491,-11.916,-0.000,1.489,0.019
100.36,-11.916,0.019,-1.491,-11.916,-0.000,1.489,0.019
100.38,-11.918,0.019,-1.490,-11.916,-0.000,1.489,0.020
100.40,-11.918,0.019,-1.490,-11.916,-0.000,1.489,0.020
100.42,-11.919,0.020,-1.489,-11.916,-0.000,1.489,0.020
100.44,-11.919,0.020,-1.489,-11.916,-0.000,1.489,0.020
100.46,-11.920,0.020,-1.488,-11.916,-0.000,1.489,0.021
100.48,-11.920,0.020,-1.488,-11.916,-0.000,1.489,0.021
100.50,-11.922,0.021,-1.488,-11.916,-0.000,1.489,0.022
100.52,-11.922,0.021,-1.488,-11.916,-0.000,1.489,0.022
100.55,-11.923,0.021,-1.487,-11.916,-0.000,1.489,0.022
100.57,-11.923,0.021,-1.487,-11.916,-0.000,1.489,0.022
100.59,-11.924,0.021,-1.486,-11.916,-0.000,1.489,0.023
100.61,-11.924,0.021,-1.486,-11.916,-0.000,1.489,0.023
100.63,-11.925,0.022,-1.485,-11.916,-0.000,1.489,0.024
100.65,-11.925,0.022,-1.485,-11.916,-0.000,1.489,0.024
100.67,-11.926,0.021,-1.484,-11.916,-0.000,1.489,0.024
100.69,-11.926,0.021,-1.484,-11.916,-0.000,1.489,0.024
100.71,-11.928,0.021,-1.483,-11.916,-0.000,1.489,0.025
100.73,-11.928,0.021,-1.483,-11.916,-0.000,1.489,0.025
100.75,-11.929,0.021,-1.482,-11.916,-0.000,1.489,0.025
100.77,-11.929,0.021,-1.482,-11.916,-0.000,1.489,0.025
100.79,-11.930,0.020,-1.481,-11.916,-0.000,1.489,0.026
100.82,-11.930,0.020,-1.481,-11.916,-0.000,1.489,0.026
100.84,-11.931,0.019,-1.480,-11.916,-0.000,1.489,0.026
100.86,-11.931,0.019,-1.480,-11.916,-0.000,1.489,0.026
100.88,-11.931,0.019,-1.480,-11.916,-0.000,1.489,0.026
100.90,-11.933,0.018,-1.479,-11.916,-0.000,1.489,0.027
100.92,-11.933,0.018,-1.479,-11.916,-0.000,1.489,0.027
100.94,-11.935,0.016,-1.478,-11.916,-0.000,1.489,0.027
100.96,-11.935,0.016,-1.478,-11.916,-0.000,1.489,0.027
100.98,-11.936,0.015,-1.478,-11.916,-0.000,1.489,0.027
101.00,-11.936,0.015,-1.478,-11.916,-0.000,1.489,0.027
101.02,-11.937,0.013,-1.478,-11.916,-0.000,1.489,0.027
101.04,-11.937,0.013,-1.478,-11.916,-0.000,1.489,0.027
101.06,-11.938,0.012,-1.477,-11.916,-0.000,1.489,0.028
101.09,-11.938,0.012,-1.477,-11.916,-0.000,1.489,0.028
101.11,-11.939,0.010,-1.477,-11.916,-0.000,1.489,0.028
101.13,-11.939,0.010,-1.477,-11.916,-0.000,1.489,0.028
101.15,-11.941,0.007,-1.477,-11.916,-0.000,1.489,0.029
101.17,-11.941,0.007,-1.477,-11.916,-0.000,1.489,0.029
101.19,-11.942,0.005,-1.476,-11.916,-0.000,1.489,0.029
101.21,-11.942,0.005,-1.476,-11.916,-0.000,1.489,0.029
101.23,-11.943,0.003,-1.476,-11.916,-0.000,1.489,0.030
101.25,-11.943,0.003,-1.476,-11.916,-0.000,1.489,0.030
101.27,-11.944,0.001,-1.476,-11.916,-0.000,1.489,0.031
101.29,-11.944,0.001,-1.476,-11.916,-0.000,1.489,0.031
101.31,-11.946,-0.002,-1.476,-11.916,-0.000,1.489,0.032
101.33,-11.946,-0.002,-1.476,-11.916,-0.000,1.489,0.032
101.36,-11.946,-0.002,-1.476,-11.916,-0.000,1.489,0.032
101.38,-11.948,-0.006,-1.476,-11.916,-0.000,1.489,0.035
101.40,-11.948,-0.006,-1.476,-11.916,-0.000,1.489,0.035
101.42,-11.949,-0.008,-1.476,-11.916,-0.000,1.489,0.036
101.44,-11.949,-0.008,-1.476,-11.916,-0.000,1.489,0.036
101.46,-11.949,-0.010,-1.476,-11.916,-0.000,1.489,0.037
101.48,-11.949,-0.010,-1.476,-11.916,-0.000,1.489,0.037
101.50,-11.950,-0.012,-1.477,-11.916,-0.000,1.489,0.038
101.52,-11.950,-0.012,-1.477,-11.916,-0.000,1.489,0.038
101.54,-11.950,-0.014,-1.477,-11.916,-0.000,1.489,0.039
101.56,-11.950,-0.014,-1.477,-11.916,-0.000,1.489,0.039
101.58,-11.950,-0.016,-1.477,-11.916,-0.000,1.489,0.039
101.61,-11.950,-0.016,-1.477,-11.916,-0.000,1.489,0.039
101.63,-11.950,-0.018,-1.478,-11.916,-0.000,1.489,0.040
101.65,-11.950,-0.018,-1.478,-11.916,-0.000,1.489,0.040
101.67,-11.949,-0.020,-1.478,-11.916,-0.000,1.489,0.040
101.69,-11.949,-0.020,-1.478,-11.916,-0.000,1.489,0.040
101.71,-11.949,-0.021,-1.478,-11.916,-0.000,1.489,0.040
101.73,-11.949,-0.021,-1.478,-11.916,-0.000,1.489,0.040
101.75,-11.948,-0.023,-1.478,-11.916,-0.000,1.489,0.040
101.77,-11.948,-0.023,-1.478,-11.916,-0.000,1.489,0.040
101.79,-11.947,-0.024,-1.479,-11.916,-0.000,1.489,0.040
101.81,-11.947,-0.024,-1.479,-11.916,-0.000,1.489,0.040
101.83,-11.946,-0.025,-1.479,-11.916,-0.000,1.489,0.040
101.86,-11.946,-0.025,-1.479,-11.916,-0.000,1.489,0.040
101.88,-11.946,-0.025,-1.479,-11.916,-0.000,1.489,0.040
101.90,-11.943,-0.027,-1.479,-11.916,-0.000,1.489,0.039
101.92,-11.943,-0.027,-1.479,-11.916,-0.000,1.489,0.039
101.94,-11.941,-0.028,-1.479,-11.916,-0.000,1.489,0.039
101.96,-11.941,-0.028,-1.479,-11.916,-0.000,1.489,0.039
101.98,-11.940,-0.029,-1.480,-11.916,-0.000,1.489,0.038
102.00,-11.940,-0.029,-1.480,-11.916,-0.000,1.489,0.038
102.02,-11.938,-0.029,-1.480,-11.916,-0.000,1.489,0.038
102.04,-11.938,-0.029,-1.480,-11.916,-0.000,1.489,0.038
102.06,-11.936,-0.030,-1.480,-11.916,-0.000,1.489,0.037
102.08,-11.936,-0.030,-1.480,-11.916,-0.000,1.489,0.037
102.11,-11.934,-0.030,-1.480,-11.916,-0.000,1.489,0.036
102.13,-11.934,-0.030,-1.480,-11.916,-0.000,1.489,0.036
102.15,-11.932,-0.030,-1.481,-11.916,-0.000,1.489,0.035
102.17,-11.932,-0.030,-1.481,-11.916,-0.000,1.489,0.035
102.19,-11.929,-0.030,-1.481,-11.916,-0.000,1.489,0.034
102.21,-11.929,-0.030,-1.481,-11.916,-0.000,1.489,0.034
102.23,-11.927,-0.030,-1.481,-11.916,-0.000,1.489,0.033
102.25,-11.927,-0.030,-1.481,-11.916,-0.000,1.489,0.033
102.27,-11.924,-0.030,-1.481,-11.916,-0.000,1.489,0.032
102.29,-11.924,-0.030,-1.481,-11.916,-0.000,1.489,0.032
102.31,-11.922,-0.029,-1.481,-11.916,-0.000,1.489,0.031
102.33,-11.922,-0.029,-1.481,-11.916,-0.000,1.489,0.031
102.36,-11.922,-0.029,-1.481,-11.916,-0.000,1.489,0.031
102.38,-11.919,-0.028,-1.481,-11.916,-0.000,1.489,0.029
102.40,-11.919,-0.028,-1.481,-11.916,-0.000,1.489,0.029
102.42,-11.917,-0.027,-1.482,-11.916,-0.000,1.489,0.028
102.44,-11.917,-0.027,-1.482,-11.916,-0.000,1.489,0.028
102.46,-11.915,-0.027,-1.482,-11.916,-0.000,1.489,0.027
102.48,-11.915,-0.027,-1.482,-11.916,-0.000,1.489,0.027
102.50,-11.914,-0.026,-1.482,-11.916,-0.000,1.489,0.027
102.52,-11.914,-0.026,-1.482,-11.916,-0.000,1.489,0.027
102.54,-11.912,-0.025,-1.483,-11.916,-0.000,1.489,0.026
102.56,-11.912,-0.025,-1.483,-11.916,-0.000,1.489,0.026
102.59,-11.910,-0.024,-1.483,-11.916,-0.000,1.489,0.026
102.61,-11.910,-0.024,-1.483,-11.916,-0.000,1.489,0.026
102.63,-11.908,-0.024,-1.484,-11.916,-0.000,1.489,0.025
102.65,-11.908,-0.024,-1.484,-11.916,-0.000,1.489,0.025
102.67,-11.906,-0.023,-1.484,-11.916,-0.000,1.489,0.025
102.69,-11.906,-0.023,-1.484,-11.916,-0.000,1.489,0.025
102.71,-11.904,-0.022,-1.485,-11.916,-0.000,1.489,0.025
102.73,-11.904,-0.022,-1.485,-11.916,-0.000,1.489,0.025
102.75,-11.903,-0.022,-1.485,-11.916,-0.000,1.489,0.026
102.77,-11.903,-0.022,-1.485,-11.916,-0.000,1.489,0.026
102.79,-11.902,-0.021,-1.486,-11.916,-0.000,1.489,0.026
102.81,-11.902,-0.021,-1.486,-11.916,-0.000,1.489,0.026
102.84,-11.900,-0.021,-1.486,-11.916,-0.000,1.489,0.026
102.86,-11.900,-0.021,-1.486,-11.916,-0.000,1.489,0.026
102.88,-11.900,-0.021,-1.486,-11.916,-0.000,1.489,0.026
102.90,-11.899,-0.021,-1.486,-11.916,-0.000,1.489,0.027
102.92,-11.899,-0.021,-1.486,-11.916,-0.000,1.489,0.027
102.94,-11.898,-0.021,-1.486,-11.916,-0.000,1.489,0.027
102.96,-11.898,-0.021,-1.486,-11.916,-0.000,1.489,0.027
102.98,-11.897,-0.021,-1.486,-11.916,-0.000,1.489,0.028
103.00,-11.897,-0.021,-1.486,-11.916,-0.000,1.489,0.028
103.02,-11.896,-0.021,-1.486,-11.916,-0.000,1.489,0.029
103.04,-11.896,-0.021,-1.486,-11.916,-0.000,1.489,0.029
103.06,-11.896,-0.021,-1.486,-11.916,-0.000,1.489,0.029
103.09,-11.896,-0.021,-1.486,-11.916,-0.000,1.489,0.029
103.11,-11.895,-0.021,-1.486,-11.916,-0.000,1.489,0.030
103.13,-11.895,-0.021,-1.486,-11.916,-0.000,1.489,0.030
103.15,-11.894,-0.022,-1.486,-11.916,-0.000,1.489,0.031
103.17,-11.894,-0.022,-1.486,-11.916,-0.000,1.489,0.031
103.19,-11.893,-0.022,-1.485,-11.916,-0.000,1.489,0.032
103.21,-11.893,-0.022,-1.485,-11.916,-0.000,1.489,0.032
103.23,-11.893,-0.022,-1.485,-11.916,-0.000,1.489,0.032
103.25,-11.893,-0.022,-1.485,-11.916,-0.000,1.489,0.032
103.27,-11.893,-0.023,-1.485,-11.916,-0.000,1.489,0.033
103.29,-11.893,-0.023,-1.485,-11.916,-0.000,1.489,0.033
103.31,-11.892,-0.023,-1.485,-11.916,-0.000,1.489,0.033
103.33,-11.892,-0.023,-1.485,-11.916,-0.000,1.489,0.033
103.36,-11.893,-0.023,-1.485,-11.916,-0.000,1.489,0.033
103.38,-11.893,-0.023,-1.485,-11.916,-0.000,1.489,0.033
103.40,-11.893,-0.023,-1.485,-11.916,-0.000,1.489,0.033
103.42,-11.893,-0.024,-1.485,-11.916,-0.000,1.489,0.033
103.44,-11.893,-0.024,-1.485,-11.916,-0.000,1.489,0.033
103.46,-11.894,-0.024,-1.485,-11.916,-0.000,1.489,0.032
103.48,-11.894,-0.024,-1.485,-11.916,-0.000,1.489,0.032
103.50,-11.895,-0.024,-1.486,-11.916,-0.000,1.489,0.032
103.52,-11.895,-0.024,-1.486,-11.916,-0.000,1.489,0.032
103.54,-11.897,-0.024,-1.486,-11.916,-0.000,1.489,0.031
103.56,-11.897,-0.024,-1.486,-11.916,-0.000,1.489,0.031
103.58,-11.898,-0.024,-1.486,-11.916,-0.000,1.489,0.030
103.60,-11.898,-0.024,-1.486,-11.916,-0.000,1.489,0.030
103.63,-11.900,-0.023,-1.487,-11.916,-0.000,1.489,0.028
103.65,-11.900,-0.023,-1.487,-11.916,-0.000,1.489,0.028
103.67,-11.901,-0.023,-1.487,-11.916,-0.000,1.489,0.027
103.69,-11.901,-0.023,-1.487,-11.916,-0.000,1.489,0.027
103.71,-11.904,-0.021,-1.488,-11.916,-0.000,1.489,0.025
103.73,-11.904,-0.021,-1.488,-11.916,-0.000,1.489,0.025
103.75,-11.905,-0.020,-1.488,-11.916,-0.000,1.489,0.023
103.77,-11.905,-0.020,-1.488,-11.916,-0.000,1.489,0.023
103.79,-11.907,-0.019,-1.488,-11.916,-0.000,1.489,0.021
103.81,-11.907,-0.019,-1.488,-11.916,-0.000,1.489,0.021
103.83,-11.909,-0.018,-1.489,-11.916,-0.000,1.489,0.019
103.85,-11.909,-0.018,-1.489,-11.916,-0.000,1.489,0.019
103.88,-11.909,-0.018,-1.489,-11.916,-0.000,1.489,0.019
103.90,-11.912,-0.015,-1.489,-11.916,-0.000,1.489,0.015
103.92,-11.912,-0.015,-1.489,-11.916,-0.000,1.489,0.015
103.94,-11.914,-0.014,-1.489,-11.916,-0.000,1.489,0.014
103.96,-11.914,-0.014,-1.489,-11.916,-0.000,1.489,0.014
103.98,-11.916,-0.012,-1.488,-11.916,-0.000,1.489,0.012
104.00,-11.916,-0.012,-1.488,-11.916,-0.000,1.489,0.012
104.02,-11.918,-0.010,-1.488,-11.916,-0.000,1.489,0.010
104.04,-11.918,-0.010,-1.488,-11.916,-0.000,1.489,0.010
104.06,-11.919,-0.008,-1.488,-11.916,-0.000,1.489,0.009
104.08,-11.919,-0.008,-1.488,-11.916,-0.000,1.489,0.009
104.10,-11.921,-0.006,-1.488,-11.916,-0.000,1.489,0.008
104.13,-11.921,-0.006,-1.488,-11.916,-0.000,1.489,0.008
104.15,-11.922,-0.004,-1.487,-11.916,-0.000,1.489,0.007
104.17,-11.922,-0.004,-1.487,-11.916,-0.000,1.489,0.007
104.19,-11.923,-0.002,-1.487,-11.916,-0.000,1.489,0.007
104.21,-11.923,-0.002,-1.487,-11.916,-0.000,1.489,0.007
104.23,-11.923,-0.000,-1.487,-11.916,-0.000,1.489,0.007
104.25,-11.923,-0.000,-1.487,-11.916,-0.000,1.489,0.007
104.27,-11.923,0.001,-1.487,-11.916,-0.000,1.489,0.008
104.29,-11.923,0.001,-1.487,-11.916,-0.000,1.489,0.008
104.31,-11.923,0.003,-1.487,-11.916,-0.000,1.489,0.008
104.33,-11.923,0.003,-1.487,-11.916,-0.000,1.489,0.008
104.35,-11.923,0.004,-1.487,-11.916,-0.000,1.489,0.008
104.37,-11.923,0.004,-1.487,-11.916,-0.000,1.489,0.008
104.39,-11.923,0.004,-1.487,-11.916,-0.000,1.489,0.008
104.42,-11.922,0.007,-1.487,-11.916,-0.000,1.489,0.009
104.44,-11.922,0.007,-1.487,-11.916,-0.000,1.489,0.009
104.46,-11.921,0.008,-1.488,-11.916,-0.000,1.489,0.010
104.48,-11.921,0.008,-1.488,-11.916,-0.000,1.489,0.010
104.50,-11.921,0.009,-1.488,-11.916,-0.000,1.489,0.010
104.52,-11.921,0.009,-1.488,-11.916,-0.000,1.489,0.010
104.54,-11.920,0.010,-1.488,-11.916,-0.000,1.489,0.011
104.56,-11.920,0.010,-1.488,-11.916,-0.000,1.489,0.011
104.58,-11.919,0.011,-1.488,-11.916,-0.000,1.489,0.012
104.60,-11.919,0.011,-1.488,-11.916,-0.000,1.489,0.012
104.62,-11.918,0.012,-1.488,-11.916,-0.000,1.489,0.012
104.64,-11.918,0.012,-1.488,-11.916,-0.000,1.489,0.012
104.66,-11.918,0.012,-1.488,-11.916,-0.000,1.489,0.013
104.69,-11.918,0.012,-1.488,-11.916,-0.000,1.489,0.013
104.71,-11.917,0.013,-1.488,-11.916,-0.000,1.489,0.013
104.73,-11.917,0.013,-1.488,-11.916,-0.000,1.489,0.013
104.75,-11.916,0.013,-1.488,-11.916,-0.000,1.489,0.014
104.77,-11.916,0.013,-1.488,-11.916,-0.000,1.489,0.014
104.79,-11.915,0.014,-1.489,-11.916,-0.000,1.489,0.014
104.81,-11.915,0.014,-1.489,-11.916,-0.000,1.489,0.014
104.83,-11.915,0.014,-1.489,-11.916,-0.000,1.489,0.014
104.85,-11.915,0.014,-1.489,-11.916,-0.000,1.489,0.014
104.87,-11.915,0.014,-1.489,-11.916,-0.000,1.489,0.014
104.89,-11.913,0.015,-1.490,-11.916,-0.000,1.489,0.015
104.91,-11.913,0.015,-1.490,-11.916,-0.000,1.489,0.015
104.94,-11.913,0.015,-1.490,-11.916,-0.000,1.489,0.015
104.96,-11.913,0.015,-1.490,-11.916,-0.000,1.489,0.015
104.98,-11.912,0.015,-1.491,-11.916,-0.000,1.489,0.016
105.00,-11.912,0.015,-1.491,-11.916,-0.000,1.489,0.016
105.02,-11.911,0.015,-1.491,-11.916,-0.000,1.489,0.016
105.04,-11.911,0.015,-1.491,-11.916,-0.000,1.489,0.016
105.06,-11.910,0.014,-1.491,-11.916,-0.000,1.489,0.016
105.08,-11.910,0.014,-1.491,-11.916,-0.000,1.489,0.016
105.10,-11.909,0.014,-1.492,-11.916,-0.000,1.489,0.016
105.12,-11.909,0.014,-1.492,-11.916,-0.000,1.489,0.016
105.14,-11.908,0.013,-1.492,-11.916,-0.000,1.489,0.016
105.16,-11.908,0.013,-1.492,-11.916,-0.000,1.489,0.016
105.19,-11.907,0.013,-1.492,-11.916,-0.000,1.489,0.016
105.21,-11.907,0.013,-1.492,-11.916,-0.000,1.489,0.016
105.23,-11.907,0.012,-1.491,-11.916,-0.000,1.489,0.015
105.25,-11.907,0.012,-1.491,-11.916,-0.000,1.489,0.015
105.27,-11.906,0.010,-1.491,-11.916,-0.000,1.489,0.015
105.29,-11.906,0.010,-1.491,-11.916,-0.000,1.489,0.015
105.31,-11.905,0.009,-1.491,-11.916,-0.000,1.489,0.015
105.33,-11.905,0.009,-1.491,-11.916,-0.000,1.489,0.015
105.35,-11.904,0.008,-1.490,-11.916,-0.000,1.489,0.015
105.37,-11.904,0.008,-1.490,-11.916,-0.000,1.489,0.015
105.39,-11.904,0.008,-1.490,-11.916,-0.000,1.489,0.015
105.41,-11.903,0.007,-1.490,-11.916,-0.000,1.489,0.014
105.43,-11.903,0.007,-1.490,-11.916,-0.000,1.489,0.014
105.46,-11.903,0.005,-1.489,-11.916,-0.000,1.489,0.014
105.48,-11.903,0.005,-1.489,-11.916,-0.000,1.489,0.014
105.50,-11.903,0.004,-1.489,-11.916,-0.000,1.489,0.014
105.52,-11.903,0.004,-1.489,-11.916,-0.000,1.489,0.014
105.54,-11.903,0.003,-1.488,-11.916,-0.000,1.489,0.014
105.56,-11.903,0.003,-1.488,-11.916,-0.000,1.489,0.014
105.58,-11.902,0.001,-1.488,-11.916,-0.000,1.489,0.014
105.60,-11.902,0.001,-1.488,-11.916,-0.000,1.489,0.014
105.62,-11.902,0.000,-1.487,-11.916,-0.000,1.489,0.014
105.64,-11.902,0.000,-1.487,-11.916,-0.000,1.489,0.014
105.66,-11.902,-0.001,-1.487,-11.916,-0.000,1.489,0.015
105.68,-11.902,-0.001,-1.487,-11.916,-0.000,1.489,0.015
105.71,-11.901,-0.002,-1.487,-11.916,-0.000,1.489,0.015
105.73,-11.901,-0.002,-1.487,-11.916,-0.000,1.489,0.015
105.75,-11.901,-0.004,-1.486,-11.916,-0.000,1.489,0.016
105.77,-11.901,-0.004,-1.486,-11.916,-0.000,1.489,0.016
105.79,-11.901,-0.005,-1.486,-11.916,-0.000,1.489,0.016
105.81,-11.901,-0.005,-1.486,-11.916,-0.000,1.489,0.016
105.83,-11.901,-0.006,-1.486,-11.916,-0.000,1.489,0.017
105.85,-11.901,-0.006,-1.486,-11.916,-0.000,1.489,0.017
105.87,-11.900,-0.008,-1.486,-11.916,-0.000,1.489,0.018
105.89,-11.900,-0.008,-1.486,-11.916,-0.000,1.489,0.018
105.91,-11.900,-0.008,-1.486,-11.916,-0.000,1.489,0.018
105.93,-11.900,-0.010,-1.486,-11.916,-0.000,1.489,0.019
105.95,-11.900,-0.010,-1.486,-11.916,-0.000,1.489,0.019
105.98,-11.900,-0.011,-1.486,-11.916,-0.000,1.489,0.019
106.00,-11.900,-0.011,-1.486,-11.916,-0.000,1.489,0.019
106.02,-11.901,-0.012,-1.486,-11.916,-0.000,1.489,0.020
106.04,-11.901,-0.012,-1.486,-11.916,-0.000,1.489,0.020
106.06,-11.901,-0.014,-1.486,-11.916,-0.000,1.489,0.020
106.08,-11.901,-0.014,-1.486,-11.916,-0.000,1.489,0.020
106.10,-11.902,-0.015,-1.486,-11.916,-0.000,1.489,0.021
106.12,-11.902,-0.015,-1.486,-11.916,-0.000,1.489,0.021
106.14,-11.902,-0.016,-1.486,-11.916,-0.000,1.489,0.022
106.16,-11.902,-0.016,-1.486,-11.916,-0.000,1.489,0.022
106.18,-11.903,-0.018,-1.486,-11.916,-0.000,1.489,0.022
106.20,-11.903,-0.018,-1.486,-11.916,-0.000,1.489,0.022
106.22,-11.904,-0.019,-1.486,-11.916,-0.000,1.489,0.022
106.25,-11.904,-0.019,-1.486,-11.916,-0.000,1.489,0.022
106.27,-11.904,-0.020,-1.486,-11.916,-0.000,1.489,0.023
106.29,-11.904,-0.020,-1.486,-11.916,-0.000,1.489,0.023
106.31,-11.905,-0.021,-1.486,-11.916,-0.000,1.489,0.023
106.33,-11.905,-0.021,-1.486,-11.916,-0.000,1.489,0.023
106.35,-11.905,-0.021,-1.486,-11.916,-0.000,1.489,0.024
106.37,-11.905,-0.021,-1.486,-11.916,-0.000,1.489,0.024
106.39,-11.905,-0.021,-1.486,-11.916,-0.000,1.489,0.024
106.41,-11.906,-0.023,-1.486,-11.916,-0.000,1.489,0.025
106.43,-11.906,-0.023,-1.486,-11.916,-0.000,1.489,0.025
106.45,-11.906,-0.024,-1.486,-11.916,-0.000,1.489,0.026
106.47,-11.906,-0.024,-1.486,-11.916,-0.000,1.489,0.026
106.49,-11.907,-0.024,-1.486,-11.916,-0.000,1.489,0.026
106.51,-11.907,-0.024,-1.486,-11.916,-0.000,1.489,0.026
106.54,-11.907,-0.025,-1.487,-11.916,-0.000,1.489,0.027
106.56,-11.907,-0.025,-1.487,-11.916,-0.000,1.489,0.027
106.58,-11.906,-0.025,-1.487,-11.916,-0.000,1.489,0.027
106.60,-11.906,-0.025,-1.487,-11.916,-0.000,1.489,0.027
106.62,-11.906,-0.026,-1.488,-11.916,-0.000,1.489,0.028
106.64,-11.906,-0.026,-1.488,-11.916,-0.000,1.489,0.028
106.66,-11.906,-0.026,-1.488,-11.916,-0.000,1.489,0.028
106.68,-11.906,-0.026,-1.488,-11.916,-0.000,1.489,0.028
106.70,-11.905,-0.026,-1.489,-11.916,-0.000,1.489,0.028
106.72,-11.905,-0.026,-1.489,-11.916,-0.000,1.489,0.028
106.74,-11.904,-0.027,-1.489,-11.916,-0.000,1.489,0.029
106.76,-11.904,-0.027,-1.489,-11.916,-0.000,1.489,0.029
106.79,-11.904,-0.026,-1.490,-11.916,-0.000,1.489,0.029
106.81,-11.904,-0.026,-1.490,-11.916,-0.000,1.489,0.029
106.83,-11.903,-0.026,-1.490,-11.916,-0.000,1.489,0.029
106.85,-11.903,-0.026,-1.490,-11.916,-0.000,1.489,0.029
106.87,-11.901,-0.026,-1.491,-11.916,-0.000,1.489,0.030
106.89,-11.901,-0.026,-1.491,-11.916,-0.000,1.489,0.030
106.91,-11.901,-0.026,-1.491,-11.916,-0.000,1.489,0.030
106.93,-11.899,-0.025,-1.492,-11.916,-0.000,1.489,0.030
106.95,-11.899,-0.025,-1.492,-11.916,-0.000,1.489,0.030
106.97,-11.898,-0.025,-1.493,-11.916,-0.000,1.489,0.031
106.99,-11.898,-0.025,-1.493,-11.916,-0.000,1.489,0.031
107.01,-11.896,-0.025,-1.493,-11.916,-0.000,1.489,0.032
107.04,-11.896,-0.025,-1.493,-11.916,-0.000,1.489,0.032
107.06,-11.894,-0.024,-1.494,-11.916,-0.000,1.489,0.033
107.08,-11.894,-0.024,-1.494,-11.916,-0.000,1.489,0.033
107.10,-11.892,-0.024,-1.494,-11.916,-0.000,1.489,0.034
107.12,-11.892,-0.024,-1.494,-11.916,-0.000,1.489,0.034
107.14,-11.890,-0.024,-1.494,-11.916,-0.000,1.489,0.035
107.16,-11.890,-0.024,-1.494,-11.916,-0.000,1.489,0.035
107.18,-11.889,-0.023,-1.494,-11.916,-0.000,1.489,0.036
107.20,-11.889,-0.023,-1.494,-11.916,-0.000,1.489,0.036
107.22,-11.887,-0.023,-1.494,-11.916,-0.000,1.489,0.037
107.24,-11.887,-0.023,-1.494,-11.916,-0.000,1.489,0.037
107.27,-11.886,-0.022,-1.494,-11.916,-0.000,1.489,0.038
107.29,-11.886,-0.022,-1.494,-11.916,-0.000,1.489,0.038
107.31,-11.885,-0.022,-1.494,-11.916,-0.000,1.489,0.038
107.33,-11.885,-0.022,-1.494,-11.916,-0.000,1.489,0.038
107.35,-11.884,-0.021,-1.494,-11.916,-0.000,1.489,0.039
107.37,-11.884,-0.021,-1.494,-11.916,-0.000,1.489,0.039
107.39,-11.883,-0.021,-1.494,-11.916,-0.000,1.489,0.039
107.41,-11.883,-0.021,-1.494,-11.916,-0.000,1.489,0.039
107.43,-11.883,-0.021,-1.494,-11.916,-0.000,1.489,0.039
107.45,-11.883,-0.019,-1.493,-11.916,-0.000,1.489,0.039
107.47,-11.883,-0.019,-1.493,-11.916,-0.000,1.489,0.039
107.49,-11.882,-0.018,-1.493,-11.916,-0.000,1.489,0.038
107.51,-11.882,-0.018,-1.493,-11.916,-0.000,1.489,0.038
107.54,-11.882,-0.017,-1.493,-11.916,-0.000,1.489,0.038
107.56,-11.882,-0.017,-1.493,-11.916,-0.000,1.489,0.038
107.58,-11.882,-0.016,-1.493,-11.916,-0.000,1.489,0.038
107.60,-11.882,-0.016,-1.493,-11.916,-0.000,1.489,0.038
107.62,-11.882,-0.015,-1.492,-11.916,-0.000,1.489,0.037
107.64,-11.882,-0.015,-1.492,-11.916,-0.000,1.489,0.037
107.66,-11.883,-0.014,-1.492,-11.916,-0.000,1.489,0.037
107.68,-11.883,-0.014,-1.492,-11.916,-0.000,1.489,0.037
107.70,-11.883,-0.013,-1.491,-11.916,-0.000,1.489,0.036
107.72,-11.883,-0.013,-1.491,-11.916,-0.000,1.489,0.036
107.74,-11.884,-0.012,-1.491,-11.916,-0.000,1.489,0.035
107.76,-11.884,-0.012,-1.491,-11.916,-0.000,1.489,0.035
107.79,-11.884,-0.011,-1.490,-11.916,-0.000,1.489,0.033
107.81,-11.884,-0.011,-1.490,-11.916,-0.000,1.489,0.033
107.83,-11.885,-0.010,-1.490,-11.916,-0.000,1.489,0.032
107.85,-11.885,-0.010,-1.490,-11.916,-0.000,1.489,0.032
107.87,-11.886,-0.008,-1.489,-11.916,-0.000,1.489,0.031
107.89,-11.886,-0.008,-1.489,-11.916,-0.000,1.489,0.031
107.91,-11.886,-0.008,-1.489,-11.916,-0.000,1.489,0.031
107.93,-11.888,-0.006,-1.489,-11.916,-0.000,1.489,0.028
107.95,-11.888,-0.006,-1.489,-11.916,-0.000,1.489,0.028
107.97,-11.889,-0.004,-1.488,-11.916,-0.000,1.489,0.027
107.99,-11.889,-0.004,-1.488,-11.916,-0.000,1.489,0.027
108.01,-11.890,-0.002,-1.488,-11.916,-0.000,1.489,0.026
108.04,-11.890,-0.002,-1.488,-11.916,-0.000,1.489,0.026
108.06,-11.892,-0.000,-1.487,-11.916,-0.000,1.489,0.024
108.08,-11.892,-0.000,-1.487,-11.916,-0.000,1.489,0.024
108.10,-11.893,0.001,-1.487,-11.916,-0.000,1.489,0.023
108.12,-11.893,0.001,-1.487,-11.916,-0.000,1.489,0.023
108.14,-11.895,0.003,-1.486,-11.916,-0.000,1.489,0.021
108.16,-11.895,0.003,-1.486,-11.916,-0.000,1.489,0.021
108.18,-11.897,0.004,-1.486,-11.916,-0.000,1.489,0.020
108.20,-11.897,0.004,-1.486,-11.916,-0.000,1.489,0.020
108.22,-11.899,0.005,-1.485,-11.916,-0.000,1.489,0.018
108.24,-11.899,0.005,-1.485,-11.916,-0.000,1.489,0.018
108.27,-11.900,0.006,-1.485,-11.916,-0.000,1.489,0.017
108.29,-11.900,0.006,-1.485,-11.916,-0.000,1.489,0.017
108.31,-11.902,0.007,-1.485,-11.916,-0.000,1.489,0.016
108.33,-11.902,0.007,-1.485,-11.916,-0.000,1.489,0.016
108.35,-11.904,0.007,-1.484,-11.916,-0.000,1.489,0.015
108.37,-11.904,0.007,-1.484,-11.916,-0.000,1.489,0.015
108.39,-11.906,0.008,-1.484,-11.916,-0.000,1.489,0.014
108.41,-11.906,0.008,-1.484,-11.916,-0.000,1.489,0.014
108.43,-11.906,0.008,-1.484,-11.916,-0.000,1.489,0.014
108.45,-11.908,0.009,-1.483,-11.916,-0.000,1.489,0.014
108.47,-11.908,0.009,-1.483,-11.916,-0.000,1.489,0.014
108.49,-11.909,0.010,-1.483,-11.916,-0.000,1.489,0.013
108.52,-11.909,0.010,-1.483,-11.916,-0.000,1.489,0.013
108.54,-11.910,0.010,-1.483,-11.916,-0.000,1.489,0.013
108.56,-11.910,0.010,-1.483,-11.916,-0.000,1.489,0.013
108.58,-11.911,0.011,-1.483,-11.916,-0.000,1.489,0.013
108.60,-11.911,0.011,-1.483,-11.916,-0.000,1.489,0.013
108.62,-11.912,0.011,-1.482,-11.916,-0.000,1.489,0.013
108.64,-11.912,0.011,-1.482,-11.916,-0.000,1.489,0.013
108.66,-11.914,0.011,-1.482,-11.916,-0.000,1.489,0.013
108.68,-11.914,0.011,-1.482,-11.916,-0.000,1.489,0.013
108.70,-11.915,0.011,-1.482,-11.916,-0.000,1.489,0.013
108.72,-11.915,0.011,-1.482,-11.916,-0.000,1.489,0.013
108.74,-11.916,0.010,-1.482,-11.916,-0.000,1.489,0.013
108.76,-11.916,0.010,-1.482,-11.916,-0.000,1.489,0.013
108.79,-11.917,0.010,-1.481,-11.916,-0.000,1.489,0.012
108.81,-11.917,0.010,-1.481,-11.916,-0.000,1.489,0.012
108.83,-11.918,0.009,-1.481,-11.916,-0.000,1.489,0.012
108.85,-11.918,0.009,-1.481,-11.916,-0.000,1.489,0.012
108.87,-11.920,0.007,-1.481,-11.916,-0.000,1.489,0.012
108.89,-11.920,0.007,-1.481,-11.916,-0.000,1.489,0.012
108.91,-11.920,0.007,-1.481,-11.916,-0.000,1.489,0.012
108.93,-11.922,0.006,-1.480,-11.916,-0.000,1.489,0.012
108.95,-11.922,0.006,-1.480,-11.916,-0.000,1.489,0.012
108.97,-11.924,0.005,-1.480,-11.916,-0.000,1.489,0.013
108.99,-11.924,0.005,-1.480,-11.916,-0.000,1.489,0.013
109.01,-11.925,0.004,-1.480,-11.916,-0.000,1.489,0.014
109.03,-11.925,0.004,-1.480,-11.916,-0.000,1.489,0.014
109.06,-11.927,0.002,-1.479,-11.916,-0.000,1.489,0.015
109.08,-11.927,0.002,-1.479,-11.916,-0.000,1.489,0.015
109.10,-11.928,0.001,-1.479,-11.916,-0.000,1.489,0.015
109.12,-11.928,0.001,-1.479,-11.916,-0.000,1.489,0.015
109.14,-11.929,0.000,-1.479,-11.916,-0.000,1.489,0.016
109.16,-11.929,0.000,-1.479,-11.916,-0.000,1.489,0.016
109.18,-11.930,-0.001,-1.479,-11.916,-0.000,1.489,0.017
109.20,-11.930,-0.001,-1.479,-11.916,-0.000,1.489,0.017
109.22,-11.931,-0.003,-1.480,-11.916,-0.000,1.489,0.018
109.24,-11.931,-0.003,-1.480,-11.916,-0.000,1.489,0.018
109.26,-11.931,-0.004,-1.480,-11.916,-0.000,1.489,0.018
109.28,-11.931,-0.004,-1.480,-11.916,-0.000,1.489,0.018
109.31,-11.931,-0.005,-1.480,-11.916,-0.000,1.489,0.018
109.33,-11.931,-0.005,-1.480,-11.916,-0.000,1.489,0.018
109.35,-11.931,-0.006,-1.480,-11.916,-0.000,1.489,0.018
109.37,-11.931,-0.006,-1.480,-11.916,-0.000,1.489,0.018
109.39,-11.931,-0.007,-1.481,-11.916,-0.000,1.489,0.018
109.41,-11.931,-0.007,-1.481,-11.916,-0.000,1.489,0.018
109.43,-11.931,-0.007,-1.481,-11.916,-0.000,1.489,0.018
109.45,-11.930,-0.008,-1.481,-11.916,-0.000,1.489,0.018
109.47,-11.930,-0.008,-1.481,-11.916,-0.000,1.489,0.018
109.49,-11.929,-0.009,-1.481,-11.916,-0.000,1.489,0.018
109.51,-11.929,-0.009,-1.481,-11.916,-0.000,1.489,0.018
109.53,-11.929,-0.010,-1.482,-11.916,-0.000,1.489,0.017
109.55,-11.929,-0.010,-1.482,-11.916,-0.000,1.489,0.017
109.57,-11.928,-0.010,-1.482,-11.916,-0.000,1.489,0.017
109.60,-11.928,-0.010,-1.482,-11.916,-0.000,1.489,0.017
109.62,-11.928,-0.011,-1.483,-11.916,-0.000,1.489,0.017
109.64,-11.928,-0.011,-1.483,-11.916,-0.000,1.489,0.017
109.66,-11.928,-0.011,-1.483,-11.916,-0.000,1.489,0.017
109.68,-11.928,-0.011,-1.483,-11.916,-0.000,1.489,0.017
109.70,-11.928,-0.012,-1.483,-11.916,-0.000,1.489,0.017
109.72,-11.928,-0.012,-1.483,-11.916,-0.000,1.489,0.017
109.74,-11.928,-0.011,-1.484,-11.916,-0.000,1.489,0.017
109.76,-11.928,-0.011,-1.484,-11.916,-0.000,1.489,0.017
109.78,-11.928,-0.011,-1.484,-11.916,-0.000,1.489,0.017
109.80,-11.928,-0.011,-1.484,-11.916,-0.000,1.489,0.017
109.83,-11.928,-0.010,-1.484,-11.916,-0.000,1.489,0.016
109.85,-11.928,-0.010,-1.484,-11.916,-0.000,1.489,0.016
109.87,-11.928,-0.010,-1.484,-11.916,-0.000,1.489,0.016
109.89,-11.928,-0.010,-1.484,-11.916,-0.000,1.489,0.016
109.91,-11.929,-0.009,-1.484,-11.916,-0.000,1.489,0.016
109.93,-11.929,-0.009,-1.484,-11.916,-0.000,1.489,0.016
109.95,-11.929,-0.009,-1.484,-11.916,-0.000,1.489,0.016
109.97,-11.930,-0.007,-1.484,-11.916,-0.000,1.489,0.016
109.99,-11.930,-0.007,-1.484,-11.916,-0.000,1.489,0.016
110.01,-11.931,-0.006,-1.484,-11.916,-0.000,1.489,0.016
110.03,-11.931,-0.006,-1.484,-11.916,-0.000,1.489,0.016
110.05,-11.931,-0.005,-1.484,-11.916,-0.000,1.489,0.017
110.08,-11.931,-0.005,-1.484,-11.916,-0.000,1.489,0.017
110.10,-11.932,-0.003,-1.484,-11.916,-0.000,1.489,0.017
110.12,-11.932,-0.003,-1.484,-11.916,-0.000,1.489,0.017
110.14,-11.933,-0.002,-1.484,-11.916,-0.000,1.489,0.018
110.16,-11.933,-0.002,-1.484,-11.916,-0.000,1.489,0.018
110.18,-11.933,-0.000,-1.484,-11.916,-0.000,1.489,0.018
110.20,-11.933,-0.000,-1.484,-11.916,-0.000,1.489,0.018
110.22,-11.934,0.001,-1.484,-11.916,-0.000,1.489,0.019
110.24,-11.934,0.001,-1.484,-11.916,-0.000,1.489,0.019
110.26,-11.935,0.003,-1.484,-11.916,-0.000,1.489,0.020
110.29,-11.935,0.003,-1.484,-11.916,-0.000,1.489,0.020
110.31,-11.935,0.004,-1.484,-11.916,-0.000,1.489,0.020
110.33,-11.935,0.004,-1.484,-11.916,-0.000,1.489,0.020
110.35,-11.936,0.006,-1.484,-11.916,-0.000,1.489,0.021
110.37,-11.936,0.006,-1.484,-11.916,-0.000,1.489,0.021
110.39,-11.936,0.007,-1.484,-11.916,-0.000,1.489,0.022
110.41,-11.936,0.007,-1.484,-11.916,-0.000,1.489,0.022
110.43,-11.936,0.007,-1.484,-11.916,-0.000,1.489,0.022
110.45,-11.936,0.009,-1.484,-11.916,-0.000,1.489,0.022
110.47,-11.936,0.009,-1.484,-11.916,-0.000,1.489,0.022
110.49,-11.936,0.010,-1.484,-11.916,-0.000,1.489,0.023
110.51,-11.936,0.010,-1.484,-11.916,-0.000,1.489,0.023
110.53,-11.935,0.011,-1.485,-11.916,-0.000,1.489,0.023
110.56,-11.935,0.011,-1.485,-11.916,-0.000,1.489,0.023
110.58,-11.935,0.012,-1.485,-11.916,-0.000,1.489,0.023
110.60,-11.935,0.012,-1.485,-11.916,-0.000,1.489,0.023
110.62,-11.935,0.013,-1.485,-11.916,-0.000,1.489,0.023
110.64,-11.935,0.013,-1.485,-11.916,-0.000,1.489,0.023
110.66,-11.934,0.014,-1.486,-11.916,-0.000,1.489,0.023
110.68,-11.934,0.014,-1.486,-11.916,-0.000,1.489,0.023
110.70,-11.933,0.014,-1.486,-11.916,-0.000,1.489,0.023
110.72,-11.933,0.014,-1.486,-11.916,-0.000,1.489,0.023
110.74,-11.932,0.015,-1.486,-11.916,-0.000,1.489,0.022
110.76,-11.932,0.015,-1.486,-11.916,-0.000,1.489,0.022
110.79,-11.931,0.015,-1.486,-11.916,-0.000,1.489,0.021
110.81,-11.931,0.015,-1.486,-11.916,-0.000,1.489,0.021
110.83,-11.929,0.015,-1.486,-11.916,-0.000,1.489,0.021
110.85,-11.929,0.015,-1.486,-11.916,-0.000,1.489,0.021
110.87,-11.928,0.016,-1.487,-11.916,-0.000,1.489,0.020
110.89,-11.928,0.016,-1.487,-11.916,-0.000,1.489,0.020
110.91,-11.927,0.016,-1.487,-11.916,-0.000,1.489,0.019
110.93,-11.927,0.016,-1.487,-11.916,-0.000,1.489,0.019
110.95,-11.927,0.016,-1.487,-11.916,-0.000,1.489,0.019
110.97,-11.924,0.016,-1.488,-11.916,-0.000,1.489,0.018
110.99,-11.924,0.016,-1.488,-11.916,-0.000,1.489,0.018
111.02,-11.923,0.016,-1.488,-11.916,-0.000,1.489,0.018
111.04,-11.923,0.016,-1.488,-11.916,-0.000,1.489,0.018
111.06,-11.921,0.016,-1.489,-11.916,-0.000,1.489,0.017
111.08,-11.921,0.016,-1.489,-11.916,-0.000,1.489,0.017
111.10,-11.920,0.016,-1.489,-11.916,-0.000,1.489,0.017
111.12,-11.920,0.016,-1.489,-11.916,-0.000,1.489,0.017
111.14,-11.919,0.016,-1.489,-11.916,-0.000,1.489,0.017
111.16,-11.919,0.016,-1.489,-11.916,-0.000,1.489,0.017
111.18,-11.917,0.016,-1.490,-11.916,-0.000,1.489,0.016
111.20,-11.917,0.016,-1.490,-11.916,-0.000,1.489,0.016
111.22,-11.916,0.016,-1.489,-11.916,-0.000,1.489,0.016
111.24,-11.916,0.016,-1.489,-11.916,-0.000,1.489,0.016
111.27,-11.915,0.015,-1.489,-11.916,-0.000,1.489,0.016
111.29,-11.915,0.015,-1.489,-11.916,-0.000,1.489,0.016
111.31,-11.914,0.015,-1.489,-11.916,-0.000,1.489,0.015
111.33,-11.914,0.015,-1.489,-11.916,-0.000,1.489,0.015
111.35,-11.913,0.014,-1.489,-11.916,-0.000,1.489,0.014
111.37,-11.913,0.014,-1.489,-11.916,-0.000,1.489,0.014
111.39,-11.912,0.013,-1.488,-11.916,-0.000,1.489,0.014
111.41,-11.912,0.013,-1.488,-11.916,-0.000,1.489,0.014
111.43,-11.912,0.013,-1.488,-11.916,-0.000,1.489,0.014
111.45,-11.911,0.011,-1.488,-11.916,-0.000,1.489,0.012
111.47,-11.911,0.011,-1.488,-11.916,-0.000,1.489,0.012
111.49,-11.910,0.010,-1.488,-11.916,-0.000,1.489,0.012
111.52,-11.910,0.010,-1.488,-11.916,-0.000,1.489,0.012
111.54,-11.910,0.009,-1.488,-11.916,-0.000,1.489,0.011
111.56,-11.910,0.009,-1.488,-11.916,-0.000,1.489,0.011
111.58,-11.909,0.008,-1.488,-11.916,-0.000,1.489,0.011
111.60,-11.909,0.008,-1.488,-11.916,-0.000,1.489,0.011
111.62,-11.909,0.007,-1.489,-11.916,-0.000,1.489,0.010
111.64,-11.909,0.007,-1.489,-11.916,-0.000,1.489,0.010
111.66,-11.909,0.006,-1.489,-11.916,-0.000,1.489,0.010
111.68,-11.909,0.006,-1.489,-11.916,-0.000,1.489,0.010
111.70,-11.908,0.006,-1.490,-11.916,-0.000,1.489,0.010
111.72,-11.908,0.006,-1.490,-11.916,-0.000,1.489,0.010
111.74,-11.908,0.005,-1.490,-11.916,-0.000,1.489,0.009
111.77,-11.908,0.005,-1.490,-11.916,-0.000,1.489,0.009
111.79,-11.908,0.005,-1.490,-11.916,-0.000,1.489,0.009
111.81,-11.908,0.005,-1.490,-11.916,-0.000,1.489,0.009
111.83,-11.908,0.004,-1.491,-11.916,-0.000,1.489,0.009
111.85,-11.908,0.004,-1.491,-11.916,-0.000,1.489,0.009
111.87,-11.908,0.004,-1.492,-11.916,-0.000,1.489,0.009
111.89,-11.908,0.004,-1.492,-11.916,-0.000,1.489,0.009
111.91,-11.908,0.004,-1.492,-11.916,-0.000,1.489,0.009
111.93,-11.908,0.004,-1.492,-11.916,-0.000,1.489,0.009
111.95,-11.908,0.004,-1.492,-11.916,-0.000,1.489,0.009
111.97,-11.909,0.003,-1.493,-11.916,-0.000,1.489,0.009
111.99,-11.909,0.003,-1.493,-11.916,-0.000,1.489,0.009
112.02,-11.909,0.003,-1.494,-11.916,-0.000,1.489,0.009
112.04,-11.909,0.003,-1.494,-11.916,-0.000,1.489,0.009
112.06,-11.909,0.003,-1.494,-11.916,-0.000,1.489,0.009
112.08,-11.909,0.003,-1.494,-11.916,-0.000,1.489,0.009
112.10,-11.910,0.003,-1.495,-11.916,-0.000,1.489,0.009
112.12,-11.910,0.003,-1.495,-11.916,-0.000,1.489,0.009
112.14,-11.911,0.003,-1.495,-11.916,-0.000,1.489,0.009
112.16,-11.911,0.003,-1.495,-11.916,-0.000,1.489,0.009
112.18,-11.912,0.003,-1.496,-11.916,-0.000,1.489,0.009
112.20,-11.912,0.003,-1.496,-11.916,-0.000,1.489,0.009
112.22,-11.912,0.003,-1.496,-11.916,-0.000,1.489,0.009
112.24,-11.912,0.003,-1.496,-11.916,-0.000,1.489,0.009
112.27,-11.913,0.003,-1.496,-11.916,-0.000,1.489,0.009
112.29,-11.913,0.003,-1.496,-11.916,-0.000,1.489,0.009
112.31,-11.914,0.003,-1.497,-11.916,-0.000,1.489,0.009
112.33,-11.914,0.003,-1.497,-11.916,-0.000,1.489,0.009
112.35,-11.915,0.003,-1.497,-11.916,-0.000,1.489,0.009
112.37,-11.915,0.003,-1.497,-11.916,-0.000,1.489,0.009
112.39,-11.916,0.004,-1.497,-11.916,-0.000,1.489,0.009
112.41,-11.916,0.004,-1.497,-11.916,-0.000,1.489,0.009
112.43,-11.917,0.004,-1.496,-11.916,-0.000,1.489,0.009
112.45,-11.917,0.004,-1.496,-11.916,-0.000,1.489,0.009
112.47,-11.917,0.004,-1.496,-11.916,-0.000,1.489,0.009
112.49,-11.919,0.004,-1.496,-11.916,-0.000,1.489,0.009
112.52,-11.919,0.004,-1.496,-11.916,-0.000,1.489,0.009
112.54,-11.920,0.005,-1.495,-11.916,-0.000,1.489,0.009
112.56,-11.920,0.005,-1.495,-11.916,-0.000,1.489,0.009
112.58,-11.921,0.005,-1.494,-11.916,-0.000,1.489,0.009
112.60,-11.921,0.005,-1.494,-11.916,-0.000,1.489,0.009
112.62,-11.922,0.005,-1.494,-11.916,-0.000,1.489,0.010
112.64,-11.922,0.005,-1.494,-11.916,-0.000,1.489,0.010
112.66,-11.923,0.005,-1.493,-11.916,-0.000,1.489,0.010
112.68,-11.923,0.005,-1.493,-11.916,-0.000,1.489,0.010
112.70,-11.924,0.005,-1.493,-11.916,-0.000,1.489,0.011
112.72,-11.924,0.005,-1.493,-11.916,-0.000,1.489,0.011
112.74,-11.925,0.006,-1.492,-11.916,-0.000,1.489,0.011
112.77,-11.925,0.006,-1.492,-11.916,-0.000,1.489,0.011
112.79,-11.926,0.006,-1.492,-11.916,-0.000,1.489,0.012
112.81,-11.926,0.006,-1.492,-11.916,-0.000,1.489,0.012
112.83,-11.926,0.006,-1.491,-11.916,-0.000,1.489,0.012
112.85,-11.926,0.006,-1.491,-11.916,-0.000,1.489,0.012
112.87,-11.927,0.007,-1.491,-11.916,-0.000,1.489,0.013
112.89,-11.927,0.007,-1.491,-11.916,-0.000,1.489,0.013
112.91,-11.927,0.007,-1.490,-11.916,-0.000,1.489,0.013
112.93,-11.927,0.007,-1.490,-11.916,-0.000,1.489,0.013
112.95,-11.927,0.007,-1.490,-11.916,-0.000,1.489,0.013
112.97,-11.926,0.007,-1.490,-11.916,-0.000,1.489,0.013
112.99,-11.926,0.007,-1.490,-11.916,-0.000,1.489,0.013
113.02,-11.926,0.007,-1.489,-11.916,-0.000,1.489,0.013
113.04,-11.926,0.007,-1.489,-11.916,-0.000,1.489,0.013
113.06,-11.926,0.007,-1.489,-11.916,-0.000,1.489,0.012
113.08,-11.926,0.007,-1.489,-11.916,-0.000,1.489,0.012
113.10,-11.925,0.007,-1.489,-11.916,-0.000,1.489,0.012
113.12,-11.925,0.007,-1.489,-11.916,-0.000,1.489,0.012
113.14,-11.925,0.007,-1.489,-11.916,-0.000,1.489,0.011
113.16,-11.925,0.007,-1.489,-11.916,-0.000,1.489,0.011
113.18,-11.924,0.007,-1.488,-11.916,-0.000,1.489,0.011
113.20,-11.924,0.007,-1.488,-11.916,-0.000,1.489,0.011
113.22,-11.923,0.006,-1.488,-11.916,-0.000,1.489,0.010
113.24,-11.923,0.006,-1.488,-11.916,-0.000,1.489,0.010
113.27,-11.923,0.006,-1.488,-11.916,-0.000,1.489,0.009
113.29,-11.923,0.006,-1.488,-11.916,-0.000,1.489,0.009
113.31,-11.922,0.006,-1.488,-11.916,-0.000,1.489,0.008
113.33,-11.922,0.006,-1.488,-11.916,-0.000,1.489,0.008
113.35,-11.921,0.005,-1.488,-11.916,-0.000,1.489,0.007
113.37,-11.921,0.005,-1.488,-11.916,-0.000,1.489,0.007
113.39,-11.920,0.004,-1.488,-11.916,-0.000,1.489,0.006
113.41,-11.920,0.004,-1.488,-11.916,-0.000,1.489,0.006
113.43,-11.919,0.004,-1.488,-11.916,-0.000,1.489,0.005
113.45,-11.919,0.004,-1.488,-11.916,-0.000,1.489,0.005
113.47,-11.919,0.004,-1.488,-11.916,-0.000,1.489,0.005
113.49,-11.918,0.003,-1.488,-11.916,-0.000,1.489,0.004
113.52,-11.918,0.003,-1.488,-11.916,-0.000,1.489,0.004
113.54,-11.917,0.003,-1.488,-11.916,-0.000,1.489,0.003
113.56,-11.917,0.003,-1.488,-11.916,-0.000,1.489,0.003
113.58,-11.917,0.002,-1.488,-11.916,-0.000,1.489,0.003
113.60,-11.917,0.002,-1.488,-11.916,-0.000,1.489,0.003
113.62,-11.917,0.002,-1.488,-11.916,-0.000,1.489,0.002
113.64,-11.917,0.002,-1.488,-11.916,-0.000,1.489,0.002
113.66,-11.917,0.001,-1.488,-11.916,-0.000,1.489,0.002
113.68,-11.917,0.001,-1.488,-11.916,-0.000,1.489,0.002
113.70,-11.917,0.001,-1.488,-11.916,-0.000,1.489,0.002
113.72,-11.917,0.001,-1.488,-11.916,-0.000,1.489,0.002
113.74,-11.918,0.000,-1.487,-11.916,-0.000,1.489,0.002
113.77,-11.918,0.000,-1.487,-11.916,-0.000,1.489,0.002
113.79,-11.918,-0.000,-1.487,-11.916,-0.000,1.489,0.003
113.81,-11.918,-0.000,-1.487,-11.916,-0.000,1.489,0.003
113.83,-11.919,-0.001,-1.487,-11.916,-0.000,1.489,0.003
113.85,-11.919,-0.001,-1.487,-11.916,-0.000,1.489,0.003
113.87,-11.920,-0.001,-1.487,-11.916,-0.000,1.489,0.004
113.89,-11.920,-0.001,-1.487,-11.916,-0.000,1.489,0.004
113.91,-11.920,-0.002,-1.487,-11.916,-0.000,1.489,0.005
113.93,-11.920,-0.002,-1.487,-11.916,-0.000,1.489,0.005
113.95,-11.920,-0.002,-1.487,-11.916,-0.000,1.489,0.005
113.97,-11.921,-0.003,-1.486,-11.916,-0.000,1.489,0.006
113.99,-11.921,-0.003,-1.486,-11.916,-0.000,1.489,0.006
114.01,-11.921,-0.004,-1.486,-11.916,-0.000,1.489,0.007
114.04,-11.921,-0.004,-1.486,-11.916,-0.000,1.489,0.007
114.06,-11.922,-0.005,-1.485,-11.916,-0.000,1.489,0.008
114.08,-11.922,-0.005,-1.485,-11.916,-0.000,1.489,0.008
114.10,-11.923,-0.005,-1.484,-11.916,-0.000,1.489,0.010
114.12,-11.923,-0.005,-1.484,-11.916,-0.000,1.489,0.010
114.14,-11.923,-0.006,-1.484,-11.916,-0.000,1.489,0.011
114.16,-11.923,-0.006,-1.484,-11.916,-0.000,1.489,0.011
114.18,-11.924,-0.007,-1.483,-11.916,-0.000,1.489,0.012
114.20,-11.924,-0.007,-1.483,-11.916,-0.000,1.489,0.012
114.22,-11.925,-0.008,-1.482,-11.916,-0.000,1.489,0.013
114.24,-11.925,-0.008,-1.482,-11.916,-0.000,1.489,0.013
114.26,-11.925,-0.008,-1.482,-11.916,-0.000,1.489,0.014
114.29,-11.925,-0.008,-1.482,-11.916,-0.000,1.489,0.014
114.31,-11.926,-0.009,-1.482,-11.916,-0.000,1.489,0.015
114.33,-11.926,-0.009,-1.482,-11.916,-0.000,1.489,0.015
114.35,-11.927,-0.010,-1.481,-11.916,-0.000,1.489,0.017
114.37,-11.927,-0.010,-1.481,-11.916,-0.000,1.489,0.017
114.39,-11.928,-0.010,-1.481,-11.916,-0.000,1.489,0.018
114.41,-11.928,-0.010,-1.481,-11.916,-0.000,1.489,0.018
114.43,-11.930,-0.010,-1.481,-11.916,-0.000,1.489,0.019
114.45,-11.930,-0.010,-1.481,-11.916,-0.000,1.489,0.019
114.47,-11.930,-0.010,-1.481,-11.916,-0.000,1.489,0.019
114.49,-11.931,-0.011,-1.481,-11.916,-0.000,1.489,0.020
114.51,-11.931,-0.011,-1.481,-11.916,-0.000,1.489,0.020
114.54,-11.932,-0.011,-1.481,-11.916,-0.000,1.489,0.021
114.56,-11.932,-0.011,-1.481,-11.916,-0.000,1.489,0.021
114.58,-11.933,-0.011,-1.481,-11.916,-0.000,1.489,0.021
114.60,-11.933,-0.011,-1.481,-11.916,-0.000,1.489,0.021
114.62,-11.933,-0.011,-1.481,-11.916,-0.000,1.489,0.022
114.64,-11.933,-0.011,-1.481,-11.916,-0.000,1.489,0.022
114.66,-11.934,-0.010,-1.481,-11.916,-0.000,1.489,0.022
114.68,-11.934,-0.010,-1.481,-11.916,-0.000,1.489,0.022
114.70,-11.934,-0.010,-1.481,-11.916,-0.000,1.489,0.022
114.72,-11.934,-0.010,-1.481,-11.916,-0.000,1.489,0.022
114.75,-11.935,-0.009,-1.481,-11.916,-0.000,1.489,0.022
114.77,-11.935,-0.009,-1.481,-11.916,-0.000,1.489,0.022
114.79,-11.935,-0.008,-1.481,-11.916,-0.000,1.489,0.022
114.81,-11.935,-0.008,-1.481,-11.916,-0.000,1.489,0.022
114.83,-11.935,-0.006,-1.481,-11.916,-0.000,1.489,0.021
114.85,-11.935,-0.006,-1.481,-11.916,-0.000,1.489,0.021
114.87,-11.935,-0.005,-1.481,-11.916,-0.000,1.489,0.021
114.89,-11.935,-0.005,-1.481,-11.916,-0.000,1.489,0.021
114.91,-11.935,-0.004,-1.482,-11.916,-0.000,1.489,0.021
114.93,-11.935,-0.004,-1.482,-11.916,-0.000,1.489,0.021
114.95,-11.935,-0.004,-1.482,-11.916,-0.000,1.489,0.021
114.97,-11.934,-0.003,-1.482,-11.916,-0.000,1.489,0.020
115.00,-11.934,-0.003,-1.482,-11.916,-0.000,1.489,0.020
115.02,-11.934,-0.002,-1.483,-11.916,-0.000,1.489,0.019
115.04,-11.934,-0.002,-1.483,-11.916,-0.000,1.489,0.019
115.06,-11.933,-0.002,-1.483,-11.916,-0.000,1.489,0.018
115.08,-11.933,-0.002,-1.483,-11.916,-0.000,1.489,0.018
115.10,-11.933,-0.002,-1.483,-11.916,-0.000,1.489,0.017
115.12,-11.933,-0.002,-1.483,-11.916,-0.000,1.489,0.017
115.14,-11.932,-0.002,-1.484,-11.916,-0.000,1.489,0.017
115.16,-11.932,-0.002,-1.484,-11.916,-0.000,1.489,0.017
115.18,-11.931,-0.002,-1.484,-11.916,-0.000,1.489,0.016
115.20,-11.931,-0.002,-1.484,-11.916,-0.000,1.489,0.016
115.22,-11.929,-0.003,-1.484,-11.916,-0.000,1.489,0.014
115.25,-11.929,-0.003,-1.484,-11.916,-0.000,1.489,0.014
115.27,-11.928,-0.003,-1.483,-11.916,-0.000,1.489,0.013
115.29,-11.928,-0.003,-1.483,-11.916,-0.000,1.489,0.013
115.31,-11.926,-0.004,-1.483,-11.916,-0.000,1.489,0.012
115.33,-11.926,-0.004,-1.483,-11.916,-0.000,1.489,0.012
115.35,-11.924,-0.006,-1.483,-11.916,-0.000,1.489,0.011
115.37,-11.924,-0.006,-1.483,-11.916,-0.000,1.489,0.011
115.39,-11.923,-0.007,-1.483,-11.916,-0.000,1.489,0.011
115.41,-11.923,-0.007,-1.483,-11.916,-0.000,1.489,0.011
115.43,-11.921,-0.008,-1.483,-11.916,-0.000,1.489,0.011
115.45,-11.921,-0.008,-1.483,-11.916,-0.000,1.489,0.011
115.48,-11.921,-0.008,-1.483,-11.916,-0.000,1.489,0.011
115.50,-11.918,-0.011,-1.484,-11.916,-0.000,1.489,0.012
115.52,-11.918,-0.011,-1.484,-11.916,-0.000,1.489,0.012
115.54,-11.917,-0.012,-1.484,-11.916,-0.000,1.489,0.013
115.56,-11.917,-0.012,-1.484,-11.916,-0.000,1.489,0.013
115.58,-11.915,-0.013,-1.484,-11.916,-0.000,1.489,0.014
115.60,-11.915,-0.013,-1.484,-11.916,-0.000,1.489,0.014
115.62,-11.914,-0.015,-1.484,-11.916,-0.000,1.489,0.015
115.64,-11.914,-0.015,-1.484,-11.916,-0.000,1.489,0.015
115.66,-11.912,-0.016,-1.484,-11.916,-0.000,1.489,0.017
115.68,-11.912,-0.016,-1.484,-11.916,-0.000,1.489,0.017
115.71,-11.911,-0.017,-1.485,-11.916,-0.000,1.489,0.018
115.73,-11.911,-0.017,-1.485,-11.916,-0.000,1.489,0.018
115.75,-11.910,-0.017,-1.485,-11.916,-0.000,1.489,0.019
115.77,-11.910,-0.017,-1.485,-11.916,-0.000,1.489,0.019
115.79,-11.908,-0.018,-1.485,-11.916,-0.000,1.489,0.020
115.81,-11.908,-0.018,-1.485,-11.916,-0.000,1.489,0.020
115.83,-11.907,-0.018,-1.485,-11.916,-0.000,1.489,0.020
115.85,-11.907,-0.018,-1.485,-11.916,-0.000,1.489,0.020
115.87,-11.906,-0.018,-1.486,-11.916,-0.000,1.489,0.021
115.89,-11.906,-0.018,-1.486,-11.916,-0.000,1.489,0.021
115.91,-11.905,-0.019,-1.486,-11.916,-0.000,1.489,0.022
115.93,-11.905,-0.019,-1.486,-11.916,-0.000,1.489,0.022
115.96,-11.904,-0.018,-1.486,-11.916,-0.000,1.489,0.022
115.98,-11.904,-0.018,-1.486,-11.916,-0.000,1.489,0.022
116.00,-11.904,-0.018,-1.486,-11.916,-0.000,1.489,0.022
116.02,-11.902,-0.018,-1.486,-11.916,-0.000,1.489,0.023
116.04,-11.902,-0.018,-1.486,-11.916,-0.000,1.489,0.023
116.06,-11.901,-0.018,-1.486,-11.916,-0.000,1.489,0.024
116.08,-11.901,-0.018,-1.486,-11.916,-0.000,1.489,0.024
116.10,-11.900,-0.018,-1.485,-11.916,-0.000,1.489,0.024
116.12,-11.900,-0.018,-1.485,-11.916,-0.000,1.489,0.024
116.14,-11.899,-0.018,-1.485,-11.916,-0.000,1.489,0.025
116.16,-11.899,-0.018,-1.485,-11.916,-0.000,1.489,0.025
116.18,-11.898,-0.018,-1.485,-11.916,-0.000,1.489,0.025
116.20,-11.898,-0.018,-1.485,-11.916,-0.000,1.489,0.025
116.23,-11.897,-0.018,-1.484,-11.916,-0.000,1.489,0.026
116.25,-11.897,-0.018,-1.484,-11.916,-0.000,1.489,0.026
116.27,-11.897,-0.018,-1.484,-11.916,-0.000,1.489,0.027
116.29,-11.897,-0.018,-1.484,-11.916,-0.000,1.489,0.027
116.31,-11.896,-0.019,-1.484,-11.916,-0.000,1.489,0.028
116.33,-11.896,-0.019,-1.484,-11.916,-0.000,1.489,0.028
116.35,-11.895,-0.019,-1.484,-11.916,-0.000,1.489,0.029
116.37,-11.895,-0.019,-1.484,-11.916,-0.000,1.489,0.029
116.39,-11.895,-0.020,-1.483,-11.916,-0.000,1.489,0.030
116.41,-11.895,-0.020,-1.483,-11.916,-0.000,1.489,0.030
116.43,-11.894,-0.020,-1.483,-11.916,-0.000,1.489,0.030
116.45,-11.894,-0.020,-1.483,-11.916,-0.000,1.489,0.030
116.48,-11.894,-0.020,-1.483,-11.916,-0.000,1.489,0.030
116.50,-11.893,-0.021,-1.483,-11.916,-0.000,1.489,0.031
116.52,-11.893,-0.021,-1.483,-11.916,-0.000,1.489,0.031
116.54,-11.893,-0.021,-1.482,-11.916,-0.000,1.489,0.032
116.56,-11.893,-0.021,-1.482,-11.916,-0.000,1.489,0.032
116.58,-11.893,-0.021,-1.482,-11.916,-0.000,1.489,0.032
116.60,-11.893,-0.021,-1.482,-11.916,-0.000,1.489,0.032
116.62,-11.893,-0.021,-1.482,-11.916,-0.000,1.489,0.032
116.64,-11.893,-0.021,-1.482,-11.916,-0.000,1.489,0.032
116.66,-11.893,-0.022,-1.482,-11.916,-0.000,1.489,0.032
116.68,-11.893,-0.022,-1.482,-11.916,-0.000,1.489,0.032
116.71,-11.893,-0.022,-1.483,-11.916,-0.000,1.489,0.032
116.73,-11.893,-0.022,-1.483,-11.916,-0.000,1.489,0.032
116.75,-11.893,-0.021,-1.483,-11.916,-0.000,1.489,0.032
116.77,-11.893,-0.021,-1.483,-11.916,-0.000,1.489,0.032
116.79,-11.893,-0.021,-1.483,-11.916,-0.000,1.489,0.032
116.81,-11.893,-0.021,-1.483,-11.916,-0.000,1.489,0.032
116.83,-11.893,-0.021,-1.484,-11.916,-0.000,1.489,0.031
116.85,-11.893,-0.021,-1.484,-11.916,-0.000,1.489,0.031
116.87,-11.893,-0.020,-1.485,-11.916,-0.000,1.489,0.031
116.89,-11.893,-0.020,-1.485,-11.916,-0.000,1.489,0.031
116.91,-11.893,-0.019,-1.486,-11.916,-0.000,1.489,0.030
116.93,-11.893,-0.019,-1.486,-11.916,-0.000,1.489,0.030
116.96,-11.893,-0.018,-1.487,-11.916,-0.000,1.489,0.029
116.98,-11.893,-0.018,-1.487,-11.916,-0.000,1.489,0.029
117.00,-11.893,-0.018,-1.487,-11.916,-0.000,1.489,0.029
117.02,-11.894,-0.016,-1.488,-11.916,-0.000,1.489,0.027
117.04,-11.894,-0.016,-1.488,-11.916,-0.000,1.489,0.027
117.06,-11.894,-0.014,-1.489,-11.916,-0.000,1.489,0.026
117.08,-11.894,-0.014,-1.489,-11.916,-0.000,1.489,0.026
117.10,-11.894,-0.013,-1.490,-11.916,-0.000,1.489,0.025
117.12,-11.894,-0.013,-1.490,-11.916,-0.000,1.489,0.025
117.14,-11.894,-0.011,-1.490,-11.916,-0.000,1.489,0.024
117.16,-11.894,-0.011,-1.490,-11.916,-0.000,1.489,0.024
117.19,-11.895,-0.009,-1.491,-11.916,-0.000,1.489,0.023
117.21,-11.895,-0.009,-1.491,-11.916,-0.000,1.489,0.023
117.23,-11.895,-0.007,-1.491,-11.916,-0.000,1.489,0.022
117.25,-11.895,-0.007,-1.491,-11.916,-0.000,1.489,0.022
117.27,-11.896,-0.005,-1.492,-11.916,-0.000,1.489,0.021
117.29,-11.896,-0.005,-1.492,-11.916,-0.000,1.489,0.021
117.31,-11.897,-0.003,-1.492,-11.916,-0.000,1.489,0.020
117.33,-11.897,-0.003,-1.492,-11.916,-0.000,1.489,0.020
117.35,-11.898,-0.001,-1.492,-11.916,-0.000,1.489,0.019
117.37,-11.898,-0.001,-1.492,-11.916,-0.000,1.489,0.019
117.39,-11.899,0.001,-1.493,-11.916,-0.000,1.489,0.018
117.41,-11.899,0.001,-1.493,-11.916,-0.000,1.489,0.018
117.44,-11.899,0.002,-1.493,-11.916,-0.000,1.489,0.017
117.46,-11.899,0.002,-1.493,-11.916,-0.000,1.489,0.017
117.48,-11.899,0.002,-1.493,-11.916,-0.000,1.489,0.017
117.50,-11.901,0.004,-1.493,-11.916,-0.000,1.489,0.016
117.52,-11.901,0.004,-1.493,-11.916,-0.000,1.489,0.016
117.54,-11.902,0.005,-1.493,-11.916,-0.000,1.489,0.016
117.56,-11.902,0.005,-1.493,-11.916,-0.000,1.489,0.016
117.58,-11.903,0.006,-1.492,-11.916,-0.000,1.489,0.015
117.60,-11.903,0.006,-1.492,-11.916,-0.000,1.489,0.015
117.62,-11.904,0.006,-1.492,-11.916,-0.000,1.489,0.014
117.64,-11.904,0.006,-1.492,-11.916,-0.000,1.489,0.014
117.66,-11.905,0.007,-1.491,-11.916,-0.000,1.489,0.014
117.68,-11.905,0.007,-1.491,-11.916,-0.000,1.489,0.014
117.71,-11.906,0.008,-1.491,-11.916,-0.000,1.489,0.013
117.73,-11.906,0.008,-1.491,-11.916,-0.000,1.489,0.013
117.75,-11.907,0.008,-1.490,-11.916,-0.000,1.489,0.012
117.77,-11.907,0.008,-1.490,-11.916,-0.000,1.489,0.012
117.79,-11.908,0.009,-1.489,-11.916,-0.000,1.489,0.012
117.81,-11.908,0.009,-1.489,-11.916,-0.000,1.489,0.012
117.83,-11.909,0.009,-1.489,-11.916,-0.000,1.489,0.012
117.85,-11.909,0.009,-1.489,-11.916,-0.000,1.489,0.012
117.87,-11.910,0.010,-1.489,-11.916,-0.000,1.489,0.012
117.89,-11.910,0.010,-1.489,-11.916,-0.000,1.489,0.012
117.91,-11.911,0.011,-1.488,-11.916,-0.000,1.489,0.012
117.93,-11.911,0.011,-1.488,-11.916,-0.000,1.489,0.012
117.95,-11.913,0.012,-1.488,-11.916,-0.000,1.489,0.012
117.98,-11.913,0.012,-1.488,-11.916,-0.000,1.489,0.012
118.00,-11.913,0.012,-1.488,-11.916,-0.000,1.489,0.012
118.02,-11.915,0.013,-1.487,-11.916,-0.000,1.489,0.013
118.04,-11.915,0.013,-1.487,-11.916,-0.000,1.489,0.013
118.06,-11.915,0.014,-1.487,-11.916,-0.000,1.489,0.014
118.08,-11.915,0.014,-1.487,-11.916,-0.000,1.489,0.014
118.10,-11.916,0.015,-1.486,-11.916,-0.000,1.489,0.015
118.12,-11.916,0.015,-1.486,-11.916,-0.000,1.489,0.015
118.14,-11.917,0.016,-1.486,-11.916,-0.000,1.489,0.016
118.16,-11.917,0.016,-1.486,-11.916,-0.000,1.489,0.016
118.18,-11.918,0.016,-1.486,-11.916,-0.000,1.489,0.017
118.20,-11.918,0.016,-1.486,-11.916,-0.000,1.489,0.017
118.22,-11.919,0.017,-1.486,-11.916,-0.000,1.489,0.018
118.25,-11.919,0.017,-1.486,-11.916,-0.000,1.489,0.018
118.27,-11.920,0.018,-1.486,-11.916,-0.000,1.489,0.019
118.29,-11.920,0.018,-1.486,-11.916,-0.000,1.489,0.019
118.31,-11.921,0.019,-1.486,-11.916,-0.000,1.489,0.020
118.33,-11.921,0.019,-1.486,-11.916,-0.000,1.489,0.020
118.35,-11.922,0.020,-1.486,-11.916,-0.000,1.489,0.021
118.37,-11.922,0.020,-1.486,-11.916,-0.000,1.489,0.021
118.39,-11.923,0.020,-1.486,-11.916,-0.000,1.489,0.022
118.41,-11.923,0.020,-1.486,-11.916,-0.000,1.489,0.022
118.43,-11.924,0.021,-1.487,-11.916,-0.000,1.489,0.023
118.45,-11.924,0.021,-1.487,-11.916,-0.000,1.489,0.023
118.48,-11.925,0.021,-1.487,-11.916,-0.000,1.489,0.023
118.50,-11.925,0.021,-1.487,-11.916,-0.000,1.489,0.023
118.52,-11.925,0.021,-1.487,-11.916,-0.000,1.489,0.023
118.54,-11.926,0.022,-1.488,-11.916,-0.000,1.489,0.024
118.56,-11.926,0.022,-1.488,-11.916,-0.000,1.489,0.024
118.58,-11.927,0.022,-1.489,-11.916,-0.000,1.489,0.025
118.60,-11.927,0.022,-1.489,-11.916,-0.000,1.489,0.025
118.62,-11.928,0.022,-1.489,-11.916,-0.000,1.489,0.025
118.64,-11.928,0.022,-1.489,-11.916,-0.000,1.489,0.025
118.66,-11.928,0.021,-1.489,-11.916,-0.000,1.489,0.025
118.68,-11.928,0.021,-1.489,-11.916,-0.000,1.489,0.025
118.70,-11.928,0.021,-1.490,-11.916,-0.000,1.489,0.024
118.73,-11.928,0.021,-1.490,-11.916,-0.000,1.489,0.024
118.75,-11.928,0.020,-1.490,-11.916,-0.000,1.489,0.024
118.77,-11.928,0.020,-1.490,-11.916,-0.000,1.489,0.024
118.79,-11.928,0.020,-1.490,-11.916,-0.000,1.489,0.023
118.81,-11.928,0.020,-1.490,-11.916,-0.000,1.489,0.023
118.83,-11.928,0.019,-1.490,-11.916,-0.000,1.489,0.022
118.85,-11.928,0.019,-1.490,-11.916,-0.000,1.489,0.022
118.87,-11.928,0.018,-1.490,-11.916,-0.000,1.489,0.021
118.89,-11.928,0.018,-1.490,-11.916,-0.000,1.489,0.021
118.91,-11.927,0.016,-1.490,-11.916,-0.000,1.489,0.020
118.93,-11.927,0.016,-1.490,-11.916,-0.000,1.489,0.020
118.95,-11.927,0.015,-1.490,-11.916,-0.000,1.489,0.019
118.97,-11.927,0.015,-1.490,-11.916,-0.000,1.489,0.019
119.00,-11.927,0.015,-1.490,-11.916,-0.000,1.489,0.019
119.02,-11.927,0.012,-1.490,-11.916,-0.000,1.489,0.017
119.04,-11.927,0.012,-1.490,-11.916,-0.000,1.489,0.017
119.06,-11.927,0.011,-1.489,-11.916,-0.000,1.489,0.016
119.08,-11.927,0.011,-1.489,-11.916,-0.000,1.489,0.016
119.10,-11.927,0.010,-1.489,-11.916,-0.000,1.489,0.015
119.12,-11.927,0.010,-1.489,-11.916,-0.000,1.489,0.015
119.14,-11.927,0.008,-1.489,-11.916,-0.000,1.489,0.014
119.16,-11.927,0.008,-1.489,-11.916,-0.000,1.489,0.014
119.18,-11.927,0.007,-1.488,-11.916,-0.000,1.489,0.013
119.20,-11.927,0.007,-1.488,-11.916,-0.000,1.489,0.013
119.22,-11.928,0.006,-1.488,-11.916,-0.000,1.489,0.013
119.25,-11.928,0.006,-1.488,-11.916,-0.000,1.489,0.013
119.27,-11.928,0.005,-1.487,-11.916,-0.000,1.489,0.013
119.29,-11.928,0.005,-1.487,-11.916,-0.000,1.489,0.013
119.31,-11.928,0.003,-1.486,-11.916,-0.000,1.489,0.013
119.33,-11.928,0.003,-1.486,-11.916,-0.000,1.489,0.013
119.35,-11.928,0.002,-1.485,-11.916,-0.000,1.489,0.013
119.37,-11.928,0.002,-1.485,-11.916,-0.000,1.489,0.013
119.39,-11.929,0.002,-1.484,-11.916,-0.000,1.489,0.014
119.41,-11.929,0.002,-1.484,-11.916,-0.000,1.489,0.014
119.43,-11.929,0.001,-1.483,-11.916,-0.000,1.489,0.014
119.45,-11.929,0.001,-1.483,-11.916,-0.000,1.489,0.014
119.47,-11.929,0.000,-1.482,-11.916,-0.000,1.489,0.014
119.50,-11.929,0.000,-1.482,-11.916,-0.000,1.489,0.014
119.52,-11.929,0.000,-1.482,-11.916,-0.000,1.489,0.014
119.54,-11.929,-0.000,-1.481,-11.916,-0.000,1.489,0.015
119.56,-11.929,-0.000,-1.481,-11.916,-0.000,1.489,0.015
119.58,-11.928,-0.001,-1.480,-11.916,-0.000,1.489,0.015
119.60,-11.928,-0.001,-1.480,-11.916,-0.000,1.489,0.015
119.62,-11.928,-0.001,-1.480,-11.916,-0.000,1.489,0.015
119.64,-11.928,-0.001,-1.480,-11.916,-0.000,1.489,0.015
119.66,-11.927,-0.001,-1.480,-11.916,-0.000,1.489,0.015
119.68,-11.927,-0.001,-1.480,-11.916,-0.000,1.489,0.015
119.70,-11.927,-0.001,-1.479,-11.916,-0.000,1.489,0.014
119.72,-11.927,-0.001,-1.479,-11.916,-0.000,1.489,0.014
119.75,-11.926,-0.001,-1.479,-11.916,-0.000,1.489,0.014
119.77,-11.926,-0.001,-1.479,-11.916,-0.000,1.489,0.014
119.79,-11.925,-0.001,-1.479,-11.916,-0.000,1.489,0.013
119.81,-11.925,-0.001,-1.479,-11.916,-0.000,1.489,0.013
119.83,-11.924,-0.001,-1.480,-11.916,-0.000,1.489,0.012
119.85,-11.924,-0.001,-1.480,-11.916,-0.000,1.489,0.012
119.87,-11.923,-0.002,-1.480,-11.916,-0.000,1.489,0.011
119.89,-11.923,-0.002,-1.480,-11.916,-0.000,1.489,0.011
119.91,-11.922,-0.002,-1.480,-11.916,-0.000,1.489,0.011
119.93,-11.922,-0.002,-1.480,-11.916,-0.000,1.489,0.011
119.95,-11.921,-0.002,-1.480,-11.916,-0.000,1.489,0.010
119.97,-11.921,-0.002,-1.480,-11.916,-0.000,1.489,0.010
120.00,-11.921,-0.002,-1.480,-11.916,-0.000,1.489,0.010
120.02,-11.920,-0.003,-1.481,-11.916,-0.000,1.489,0.010
120.04,-11.920,-0.003,-1.481,-11.916,-0.000,1.489,0.010
120.06,-11.919,-0.003,-1.481,-11.916,-0.000,1.489,0.009
120.08,-11.919,-0.003,-1.481,-11.916,-0.000,1.489,0.009
120.10,-11.919,-0.004,-1.481,-11.916,-0.000,1.489,0.009
120.12,-11.919,-0.004,-1.481,-11.916,-0.000,1.489,0.009
120.14,-11.918,-0.005,-1.481,-11.916,-0.000,1.489,0.009
120.16,-11.918,-0.005,-1.481,-11.916,-0.000,1.489,0.009
120.18,-11.917,-0.005,-1.481,-11.916,-0.000,1.489,0.009
120.20,-11.917,-0.005,-1.481,-11.916,-0.000,1.489,0.009
120.23,-11.917,-0.006,-1.481,-11.916,-0.000,1.489,0.010
120.25,-11.917,-0.006,-1.481,-11.916,-0.000,1.489,0.010
120.27,-11.917,-0.007,-1.482,-11.916,-0.000,1.489,0.010
120.29,-11.917,-0.007,-1.482,-11.916,-0.000,1.489,0.010
120.31,-11.917,-0.008,-1.482,-11.916,-0.000,1.489,0.010
120.33,-11.917,-0.008,-1.482,-11.916,-0.000,1.489,0.010
120.35,-11.917,-0.009,-1.482,-11.916,-0.000,1.489,0.011
120.37,-11.917,-0.009,-1.482,-11.916,-0.000,1.489,0.011
120.39,-11.917,-0.010,-1.482,-11.916,-0.000,1.489,0.011
120.41,-11.917,-0.010,-1.482,-11.916,-0.000,1.489,0.011
120.43,-11.917,-0.010,-1.483,-11.916,-0.000,1.489,0.012
120.45,-11.917,-0.010,-1.483,-11.916,-0.000,1.489,0.012
120.48,-11.917,-0.011,-1.483,-11.916,-0.000,1.489,0.012
120.50,-11.917,-0.011,-1.483,-11.916,-0.000,1.489,0.012
120.52,-11.917,-0.011,-1.483,-11.916,-0.000,1.489,0.012
120.54,-11.918,-0.012,-1.483,-11.916,-0.000,1.489,0.013
120.56,-11.918,-0.012,-1.483,-11.916,-0.000,1.489,0.013
120.58,-11.918,-0.012,-1.484,-11.916,-0.000,1.489,0.013
120.60,-11.918,-0.012,-1.484,-11.916,-0.000,1.489,0.013
120.62,-11.919,-0.013,-1.484,-11.916,-0.000,1.489,0.014
120.64,-11.919,-0.013,-1.484,-11.916,-0.000,1.489,0.014
120.66,-11.920,-0.013,-1.484,-11.916,-0.000,1.489,0.014
120.68,-11.920,-0.013,-1.484,-11.916,-0.000,1.489,0.014
120.70,-11.920,-0.014,-1.485,-11.916,-0.000,1.489,0.015
120.73,-11.920,-0.014,-1.485,-11.916,-0.000,1.489,0.015
120.75,-11.921,-0.014,-1.485,-11.916,-0.000,1.489,0.015
120.77,-11.921,-0.014,-1.485,-11.916,-0.000,1.489,0.015
120.79,-11.922,-0.014,-1.485,-11.916,-0.000,1.489,0.015
120.81,-11.922,-0.014,-1.485,-11.916,-0.000,1.489,0.015
120.83,-11.923,-0.014,-1.486,-11.916,-0.000,1.489,0.016
120.85,-11.923,-0.014,-1.486,-11.916,-0.000,1.489,0.016
120.87,-11.924,-0.014,-1.486,-11.916,-0.000,1.489,0.016
120.89,-11.924,-0.014,-1.486,-11.916,-0.000,1.489,0.016
120.91,-11.925,-0.013,-1.486,-11.916,-0.000,1.489,0.016
120.93,-11.925,-0.013,-1.486,-11.916,-0.000,1.489,0.016
120.95,-11.926,-0.013,-1.487,-11.916,-0.000,1.489,0.016
120.97,-11.926,-0.013,-1.487,-11.916,-0.000,1.489,0.016
121.00,-11.926,-0.012,-1.487,-11.916,-0.000,1.489,0.016
121.02,-11.926,-0.012,-1.487,-11.916,-0.000,1.489,0.016
121.04,-11.926,-0.012,-1.487,-11.916,-0.000,1.489,0.016
121.06,-11.927,-0.010,-1.488,-11.916,-0.000,1.489,0.015
121.08,-11.927,-0.010,-1.488,-11.916,-0.000,1.489,0.015
121.10,-11.928,-0.009,-1.488,-11.916,-0.000,1.489,0.014
121.12,-11.928,-0.009,-1.488,-11.916,-0.000,1.489,0.014
121.14,-11.928,-0.007,-1.489,-11.916,-0.000,1.489,0.014
121.16,-11.928,-0.007,-1.489,-11.916,-0.000,1.489,0.014
121.18,-11.928,-0.006,-1.489,-11.916,-0.000,1.489,0.013
121.20,-11.928,-0.006,-1.489,-11.916,-0.000,1.489,0.013
121.22,-11.928,-0.005,-1.490,-11.916,-0.000,1.489,0.013
121.24,-11.928,-0.005,-1.490,-11.916,-0.000,1.489,0.013
121.27,-11.928,-0.004,-1.490,-11.916,-0.000,1.489,0.012
121.29,-11.928,-0.004,-1.490,-11.916,-0.000,1.489,0.012
121.31,-11.928,-0.002,-1.491,-11.916,-0.000,1.489,0.012
121.33,-11.928,-0.002,-1.491,-11.916,-0.000,1.489,0.012
121.35,-11.927,-0.001,-1.491,-11.916,-0.000,1.489,0.011
121.37,-11.927,-0.001,-1.491,-11.916,-0.000,1.489,0.011
121.39,-11.927,0.001,-1.492,-11.916,-0.000,1.489,0.011
121.41,-11.927,0.001,-1.492,-11.916,-0.000,1.489,0.011
121.43,-11.927,0.002,-1.492,-11.916,-0.000,1.489,0.011
121.45,-11.927,0.002,-1.492,-11.916,-0.000,1.489,0.011
121.47,-11.926,0.003,-1.492,-11.916,-0.000,1.489,0.011
121.49,-11.926,0.003,-1.492,-11.916,-0.000,1.489,0.011
121.51,-11.926,0.003,-1.492,-11.916,-0.000,1.489,0.011
121.54,-11.925,0.005,-1.493,-11.916,-0.000,1.489,0.011
121.56,-11.925,0.005,-1.493,-11.916,-0.000,1.489,0.011
121.58,-11.925,0.007,-1.493,-11.916,-0.000,1.489,0.012
121.60,-11.925,0.007,-1.493,-11.916,-0.000,1.489,0.012
121.62,-11.924,0.008,-1.494,-11.916,-0.000,1.489,0.012
121.64,-11.924,0.008,-1.494,-11.916,-0.000,1.489,0.012
121.66,-11.923,0.009,-1.494,-11.916,-0.000,1.489,0.013
121.68,-11.923,0.009,-1.494,-11.916,-0.000,1.489,0.013
121.70,-11.923,0.010,-1.494,-11.916,-0.000,1.489,0.013
121.72,-11.923,0.010,-1.494,-11.916,-0.000,1.489,0.013
121.74,-11.922,0.012,-1.494,-11.916,-0.000,1.489,0.014
121.77,-11.922,0.012,-1.494,-11.916,-0.000,1.489,0.014
121.79,-11.920,0.013,-1.495,-11.916,-0.000,1.489,0.015
121.81,-11.920,0.013,-1.495,-11.916,-0.000,1.489,0.015
121.83,-11.919,0.014,-1.495,-11.916,-0.000,1.489,0.015
121.85,-11.919,0.014,-1.495,-11.916,-0.000,1.489,0.015
121.87,-11.918,0.015,-1.495,-11.916,-0.000,1.489,0.016
121.89,-11.918,0.015,-1.495,-11.916,-0.000,1.489,0.016
121.91,-11.916,0.015,-1.495,-11.916,-0.000,1.489,0.016
121.93,-11.916,0.015,-1.495,-11.916,-0.000,1.489,0.016
121.95,-11.915,0.015,-1.495,-11.916,-0.000,1.489,0.017
121.97,-11.915,0.015,-1.495,-11.916,-0.000,1.489,0.017
121.99,-11.913,0.015,-1.495,-11.916,-0.000,1.489,0.017
122.02,-11.913,0.015,-1.495,-11.916,-0.000,1.489,0.017
122.04,-11.913,0.015,-1.495,-11.916,-0.000,1.489,0.017
122.06,-11.911,0.015,-1.494,-11.916,-0.000,1.489,0.017
122.08,-11.911,0.015,-1.494,-11.916,-0.000,1.489,0.017
122.10,-11.909,0.014,-1.493,-11.916,-0.000,1.489,0.017
122.12,-11.909,0.014,-1.493,-11.916,-0.000,1.489,0.017
122.14,-11.908,0.014,-1.493,-11.916,-0.000,1.489,0.016
122.16,-11.908,0.014,-1.493,-11.916,-0.000,1.489,0.016
122.18,-11.907,0.013,-1.492,-11.916,-0.000,1.489,0.016
122.20,-11.907,0.013,-1.492,-11.916,-0.000,1.489,0.016
122.22,-11.906,0.012,-1.492,-11.916,-0.000,1.489,0.016
122.24,-11.906,0.012,-1.492,-11.916,-0.000,1.489,0.016
122.27,-11.905,0.011,-1.492,-11.916,-0.000,1.489,0.016
122.29,-11.905,0.011,-1.492,-11.916,-0.000,1.489,0.016
122.31,-11.904,0.010,-1.491,-11.916,-0.000,1.489,0.016
122.33,-11.904,0.010,-1.491,-11.916,-0.000,1.489,0.016
122.35,-11.903,0.008,-1.491,-11.916,-0.000,1.489,0.016
122.37,-11.903,0.008,-1.491,-11.916,-0.000,1.489,0.016
122.39,-11.902,0.007,-1.490,-11.916,-0.000,1.489,0.016
122.41,-11.902,0.007,-1.490,-11.916,-0.000,1.489,0.016
122.43,-11.902,0.006,-1.490,-11.916,-0.000,1.489,0.015
122.45,-11.902,0.006,-1.490,-11.916,-0.000,1.489,0.015
122.47,-11.901,0.004,-1.490,-11.916,-0.000,1.489,0.015
122.49,-11.901,0.004,-1.490,-11.916,-0.000,1.489,0.015
122.51,-11.901,0.004,-1.490,-11.916,-0.000,1.489,0.015
122.54,-11.901,0.002,-1.489,-11.916,-0.000,1.489,0.015
122.56,-11.901,0.002,-1.489,-11.916,-0.000,1.489,0.015
122.58,-11.901,0.000,-1.489,-11.916,-0.000,1.489,0.015
122.60,-11.901,0.000,-1.489,-11.916,-0.000,1.489,0.015
122.62,-11.901,-0.001,-1.489,-11.916,-0.000,1.489,0.015
122.64,-11.901,-0.001,-1.489,-11.916,-0.000,1.489,0.015
122.66,-11.901,-0.002,-1.488,-11.916,-0.000,1.489,0.015
122.68,-11.901,-0.002,-1.488,-11.916,-0.000,1.489,0.015
122.70,-11.901,-0.003,-1.488,-11.916,-0.000,1.489,0.015
122.72,-11.901,-0.003,-1.488,-11.916,-0.000,1.489,0.015
122.74,-11.901,-0.004,-1.488,-11.916,-0.000,1.489,0.016
122.76,-11.901,-0.004,-1.488,-11.916,-0.000,1.489,0.016
122.79,-11.901,-0.005,-1.487,-11.916,-0.000,1.489,0.016
122.81,-11.901,-0.005,-1.487,-11.916,-0.000,1.489,0.016
122.83,-11.901,-0.006,-1.487,-11.916,-0.000,1.489,0.017
122.85,-11.901,-0.006,-1.487,-11.916,-0.000,1.489,0.017
122.87,-11.901,-0.007,-1.486,-11.916,-0.000,1.489,0.017
122.89,-11.901,-0.007,-1.486,-11.916,-0.000,1.489,0.017
122.91,-11.900,-0.008,-1.486,-11.916,-0.000,1.489,0.018
122.93,-11.900,-0.008,-1.486,-11.916,-0.000,1.489,0.018
122.95,-11.900,-0.008,-1.486,-11.916,-0.000,1.489,0.018
122.97,-11.900,-0.008,-1.486,-11.916,-0.000,1.489,0.018
122.99,-11.900,-0.009,-1.486,-11.916,-0.000,1.489,0.019
123.01,-11.900,-0.009,-1.486,-11.916,-0.000,1.489,0.019
123.04,-11.900,-0.009,-1.486,-11.916,-0.000,1.489,0.019
123.06,-11.900,-0.010,-1.485,-11.916,-0.000,1.489,0.019
123.08,-11.900,-0.010,-1.485,-11.916,-0.000,1.489,0.019
123.10,-11.900,-0.010,-1.485,-11.916,-0.000,1.489,0.019
123.12,-11.900,-0.010,-1.485,-11.916,-0.000,1.489,0.019
123.14,-11.900,-0.010,-1.485,-11.916,-0.000,1.489,0.019
123.16,-11.900,-0.010,-1.485,-11.916,-0.000,1.489,0.019
123.18,-11.901,-0.010,-1.485,-11.916,-0.000,1.489,0.019
123.20,-11.901,-0.010,-1.485,-11.916,-0.000,1.489,0.019
123.22,-11.901,-0.010,-1.485,-11.916,-0.000,1.489,0.018
123.24,-11.901,-0.010,-1.485,-11.916,-0.000,1.489,0.018
123.27,-11.902,-0.010,-1.485,-11.916,-0.000,1.489,0.017
123.29,-11.902,-0.010,-1.485,-11.916,-0.000,1.489,0.017
123.31,-11.903,-0.010,-1.485,-11.916,-0.000,1.489,0.017
123.33,-11.903,-0.010,-1.485,-11.916,-0.000,1.489,0.017
123.35,-11.904,-0.010,-1.485,-11.916,-0.000,1.489,0.016
123.37,-11.904,-0.010,-1.485,-11.916,-0.000,1.489,0.016
123.39,-11.905,-0.010,-1.485,-11.916,-0.000,1.489,0.015
123.41,-11.905,-0.010,-1.485,-11.916,-0.000,1.489,0.015
123.43,-11.906,-0.010,-1.485,-11.916,-0.000,1.489,0.015
123.45,-11.906,-0.010,-1.485,-11.916,-0.000,1.489,0.015
123.47,-11.906,-0.010,-1.485,-11.916,-0.000,1.489,0.014
123.49,-11.906,-0.010,-1.485,-11.916,-0.000,1.489,0.014
123.51,-11.907,-0.010,-1.485,-11.916,-0.000,1.489,0.014
123.53,-11.907,-0.010,-1.485,-11.916,-0.000,1.489,0.014
123.56,-11.907,-0.010,-1.485,-11.916,-0.000,1.489,0.014
123.58,-11.908,-0.010,-1.485,-11.916,-0.000,1.489,0.013
123.60,-11.908,-0.010,-1.485,-11.916,-0.000,1.489,0.013
123.62,-11.909,-0.010,-1.485,-11.916,-0.000,1.489,0.013
123.64,-11.909,-0.010,-1.485,-11.916,-0.000,1.489,0.013
123.66,-11.910,-0.010,-1.485,-11.916,-0.000,1.489,0.012
123.68,-11.910,-0.010,-1.485,-11.916,-0.000,1.489,0.012
123.70,-11.912,-0.010,-1.485,-11.916,-0.000,1.489,0.012
123.72,-11.912,-0.010,-1.485,-11.916,-0.000,1.489,0.012
123.74,-11.913,-0.010,-1.485,-11.916,-0.000,1.489,0.011
123.77,-11.913,-0.010,-1.485,-11.916,-0.000,1.489,0.011
123.79,-11.914,-0.010,-1.486,-11.916,-0.000,1.489,0.011
123.81,-11.914,-0.010,-1.486,-11.916,-0.000,1.489,0.011
123.83,-11.915,-0.010,-1.486,-11.916,-0.000,1.489,0.011
123.85,-11.915,-0.010,-1.486,-11.916,-0.000,1.489,0.011
123.87,-11.917,-0.010,-1.486,-11.916,-0.000,1.489,0.011
123.89,-11.917,-0.010,-1.486,-11.916,-0.000,1.489,0.011
123.91,-11.918,-0.011,-1.487,-11.916,-0.000,1.489,0.011
123.93,-11.918,-0.011,-1.487,-11.916,-0.000,1.489,0.011
123.95,-11.919,-0.011,-1.487,-11.916,-0.000,1.489,0.011
123.97,-11.919,-0.011,-1.487,-11.916,-0.000,1.489,0.011
123.99,-11.920,-0.011,-1.487,-11.916,-0.000,1.489,0.012
124.01,-11.920,-0.011,-1.487,-11.916,-0.000,1.489,0.012
124.04,-11.920,-0.011,-1.487,-11.916,-0.000,1.489,0.012
124.06,-11.922,-0.012,-1.487,-11.916,-0.000,1.489,0.013
124.08,-11.922,-0.012,-1.487,-11.916,-0.000,1.489,0.013
124.10,-11.923,-0.012,-1.487,-11.916,-0.000,1.489,0.014
124.12,-11.923,-0.012,-1.487,-11.916,-0.000,1.489,0.014
124.14,-11.923,-0.013,-1.487,-11.916,-0.000,1.489,0.015
124.16,-11.923,-0.013,-1.487,-11.916,-0.000,1.489,0.015
124.18,-11.924,-0.014,-1.487,-11.916,-0.000,1.489,0.016
124.20,-11.924,-0.014,-1.487,-11.916,-0.000,1.489,0.016
124.22,-11.925,-0.015,-1.487,-11.916,-0.000,1.489,0.017
124.24,-11.925,-0.015,-1.487,-11.916,-0.000,1.489,0.017
124.27,-11.925,-0.016,-1.487,-11.916,-0.000,1.489,0.018
124.29,-11.925,-0.016,-1.487,-11.916,-0.000,1.489,0.018
124.31,-11.926,-0.016,-1.487,-11.916,-0.000,1.489,0.019
124.33,-11.926,-0.016,-1.487,-11.916,-0.000,1.489,0.019
124.35,-11.926,-0.017,-1.487,-11.916,-0.000,1.489,0.020
124.37,-11.926,-0.017,-1.487,-11.916,-0.000,1.489,0.020
124.39,-11.926,-0.018,-1.487,-11.916,-0.000,1.489,0.021
124.41,-11.926,-0.018,-1.487,-11.916,-0.000,1.489,0.021
124.43,-11.926,-0.018,-1.487,-11.916,-0.000,1.489,0.021
124.45,-11.926,-0.018,-1.487,-11.916,-0.000,1.489,0.021
124.47,-11.927,-0.019,-1.487,-11.916,-0.000,1.489,0.021
124.49,-11.927,-0.019,-1.487,-11.916,-0.000,1.489,0.021
124.51,-11.927,-0.019,-1.488,-11.916,-0.000,1.489,0.022
124.54,-11.927,-0.019,-1.488,-11.916,-0.000,1.489,0.022
124.56,-11.927,-0.019,-1.488,-11.916,-0.000,1.489,0.022
124.58,-11.927,-0.019,-1.488,-11.916,-0.000,1.489,0.022
124.60,-11.927,-0.019,-1.488,-11.916,-0.000,1.489,0.022
124.62,-11.927,-0.019,-1.488,-11.916,-0.000,1.489,0.022
124.64,-11.927,-0.019,-1.488,-11.916,-0.000,1.489,0.022
124.66,-11.927,-0.019,-1.488,-11.916,-0.000,1.489,0.022
124.68,-11.927,-0.019,-1.488,-11.916,-0.000,1.489,0.022
124.70,-11.927,-0.018,-1.488,-11.916,-0.000,1.489,0.021
124.72,-11.927,-0.018,-1.488,-11.916,-0.000,1.489,0.021
124.74,-11.927,-0.018,-1.489,-11.916,-0.000,1.489,0.021
124.76,-11.927,-0.018,-1.489,-11.916,-0.000,1.489,0.021
124.79,-11.927,-0.017,-1.489,-11.916,-0.000,1.489,0.020
124.81,-11.927,-0.017,-1.489,-11.916,-0.000,1.489,0.020
124.83,-11.927,-0.016,-1.490,-11.916,-0.000,1.489,0.019
124.85,-11.927,-0.016,-1.490,-11.916,-0.000,1.489,0.019
124.87,-11.927,-0.014,-1.490,-11.916,-0.000,1.489,0.018
124.89,-11.927,-0.014,-1.490,-11.916,-0.000,1.489,0.018
124.91,-11.927,-0.013,-1.491,-11.916,-0.000,1.489,0.017
124.93,-11.927,-0.013,-1.491,-11.916,-0.000,1.489,0.017
124.95,-11.927,-0.011,-1.491,-11.916,-0.000,1.489,0.016
124.97,-11.927,-0.011,-1.491,-11.916,-0.000,1.489,0.016
124.99,-11.927,-0.010,-1.492,-11.916,-0.000,1.489,0.015
125.01,-11.927,-0.010,-1.492,-11.916,-0.000,1.489,0.015
125.03,-11.927,-0.010,-1.492,-11.916,-0.000,1.489,0.015
125.06,-11.928,-0.007,-1.492,-11.916,-0.000,1.489,0.014
125.08,-11.928,-0.007,-1.492,-11.916,-0.000,1.489,0.014
125.10,-11.929,-0.005,-1.492,-11.916,-0.000,1.489,0.014
125.12,-11.929,-0.005,-1.492,-11.916,-0.000,1.489,0.014
125.14,-11.930,-0.004,-1.492,-11.916,-0.000,1.489,0.015
125.16,-11.930,-0.004,-1.492,-11.916,-0.000,1.489,0.015
125.18,-11.931,-0.002,-1.492,-11.916,-0.000,1.489,0.015
125.20,-11.931,-0.002,-1.492,-11.916,-0.000,1.489,0.015
125.22,-11.932,-0.001,-1.492,-11.916,-0.000,1.489,0.016
125.24,-11.932,-0.001,-1.492,-11.916,-0.000,1.489,0.016
125.26,-11.933,0.001,-1.491,-11.916,-0.000,1.489,0.017
125.29,-11.933,0.001,-1.491,-11.916,-0.000,1.489,0.017
125.31,-11.934,0.002,-1.491,-11.916,-0.000,1.489,0.018
125.33,-11.934,0.002,-1.491,-11.916,-0.000,1.489,0.018
125.35,-11.935,0.003,-1.491,-11.916,-0.000,1.489,0.020
125.37,-11.935,0.003,-1.491,-11.916,-0.000,1.489,0.020
125.39,-11.936,0.005,-1.492,-11.916,-0.000,1.489,0.021
125.41,-11.936,0.005,-1.492,-11.916,-0.000,1.489,0.021
125.43,-11.936,0.006,-1.492,-11.916,-0.000,1.489,0.021
125.45,-11.936,0.006,-1.492,-11.916,-0.000,1.489,0.021
125.47,-11.937,0.007,-1.492,-11.916,-0.000,1.489,0.022
125.49,-11.937,0.007,-1.492,-11.916,-0.000,1.489,0.022
125.51,-11.937,0.008,-1.493,-11.916,-0.000,1.489,0.023
125.53,-11.937,0.008,-1.493,-11.916,-0.000,1.489,0.023
125.56,-11.937,0.008,-1.493,-11.916,-0.000,1.489,0.023
125.58,-11.937,0.009,-1.493,-11.916,-0.000,1.489,0.024
125.60,-11.937,0.009,-1.493,-11.916,-0.000,1.489,0.024
125.62,-11.937,0.010,-1.494,-11.916,-0.000,1.489,0.024
125.64,-11.937,0.010,-1.494,-11.916,-0.000,1.489,0.024
125.66,-11.937,0.011,-1.494,-11.916,-0.000,1.489,0.025
125.68,-11.937,0.011,-1.494,-11.916,-0.000,1.489,0.025
125.70,-11.937,0.012,-1.494,-11.916,-0.000,1.489,0.025
125.72,-11.937,0.012,-1.494,-11.916,-0.000,1.489,0.025
125.74,-11.937,0.013,-1.494,-11.916,-0.000,1.489,0.025
125.76,-11.937,0.013,-1.494,-11.916,-0.000,1.489,0.025
125.78,-11.936,0.014,-1.494,-11.916,-0.000,1.489,0.025
125.80,-11.936,0.014,-1.494,-11.916,-0.000,1.489,0.025
125.83,-11.935,0.014,-1.494,-11.916,-0.000,1.489,0.025
125.85,-11.935,0.014,-1.494,-11.916,-0.000,1.489,0.025
125.87,-11.934,0.015,-1.494,-11.916,-0.000,1.489,0.025
125.89,-11.934,0.015,-1.494,-11.916,-0.000,1.489,0.025
125.91,-11.934,0.016,-1.494,-11.916,-0.000,1.489,0.025
125.93,-11.934,0.016,-1.494,-11.916,-0.000,1.489,0.025
125.95,-11.933,0.017,-1.494,-11.916,-0.000,1.489,0.025
125.97,-11.933,0.017,-1.494,-11.916,-0.000,1.489,0.025
125.99,-11.932,0.018,-1.495,-11.916,-0.000,1.489,0.025
126.01,-11.932,0.018,-1.495,-11.916,-0.000,1.489,0.025
126.03,-11.931,0.018,-1.495,-11.916,-0.000,1.489,0.025
126.05,-11.931,0.018,-1.495,-11.916,-0.000,1.489,0.025
126.08,-11.931,0.018,-1.495,-11.916,-0.000,1.489,0.025
126.10,-11.931,0.019,-1.496,-11.916,-0.000,1.489,0.025
126.12,-11.931,0.019,-1.496,-11.916,-0.000,1.489,0.025
126.14,-11.930,0.019,-1.497,-11.916,-0.000,1.489,0.025
126.16,-11.930,0.019,-1.497,-11.916,-0.000,1.489,0.025
126.18,-11.930,0.020,-1.498,-11.916,-0.000,1.489,0.026
126.20,-11.930,0.020,-1.498,-11.916,-0.000,1.489,0.026
126.22,-11.930,0.021,-1.498,-11.916,-0.000,1.489,0.026
126.24,-11.930,0.021,-1.498,-11.916,-0.000,1.489,0.026
126.26,-11.930,0.021,-1.499,-11.916,-0.000,1.489,0.027
126.28,-11.930,0.021,-1.499,-11.916,-0.000,1.489,0.027
126.30,-11.930,0.021,-1.499,-11.916,-0.000,1.489,0.028
126.32,-11.930,0.021,-1.499,-11.916,-0.000,1.489,0.028
126.35,-11.930,0.022,-1.500,-11.916,-0.000,1.489,0.028
126.37,-11.930,0.022,-1.500,-11.916,-0.000,1.489,0.028
126.39,-11.930,0.023,-1.500,-11.916,-0.000,1.489,0.029
126.41,-11.930,0.023,-1.500,-11.916,-0.000,1.489,0.029
126.43,-11.931,0.023,-1.500,-11.916,-0.000,1.489,0.030
126.45,-11.931,0.023,-1.500,-11.916,-0.000,1.489,0.030
126.47,-11.931,0.024,-1.500,-11.916,-0.000,1.489,0.030
126.49,-11.931,0.024,-1.500,-11.916,-0.000,1.489,0.030
126.51,-11.931,0.024,-1.500,-11.916,-0.000,1.489,0.030
126.53,-11.931,0.024,-1.500,-11.916,-0.000,1.489,0.030
126.55,-11.931,0.024,-1.500,-11.916,-0.000,1.489,0.030
126.57,-11.931,0.025,-1.499,-11.916,-0.000,1.489,0.031
126.59,-11.931,0.025,-1.499,-11.916,-0.000,1.489,0.031
126.62,-11.931,0.025,-1.499,-11.916,-0.000,1.489,0.031
126.64,-11.931,0.025,-1.499,-11.916,-0.000,1.489,0.031
126.66,-11.931,0.025,-1.499,-11.916,-0.000,1.489,0.031
126.68,-11.931,0.025,-1.499,-11.916,-0.000,1.489,0.031
126.70,-11.931,0.026,-1.498,-11.916,-0.000,1.489,0.031
126.72,-11.931,0.026,-1.498,-11.916,-0.000,1.489,0.031
126.74,-11.931,0.026,-1.498,-11.916,-0.000,1.489,0.031
126.76,-11.931,0.026,-1.498,-11.916,-0.000,1.489,0.031
126.78,-11.931,0.026,-1.498,-11.916,-0.000,1.489,0.031
126.80,-11.931,0.026,-1.498,-11.916,-0.000,1.489,0.031
126.82,-11.931,0.026,-1.497,-11.916,-0.000,1.489,0.031
126.84,-11.931,0.026,-1.497,-11.916,-0.000,1.489,0.031
126.87,-11.931,0.027,-1.496,-11.916,-0.000,1.489,0.031
126.89,-11.931,0.027,-1.496,-11.916,-0.000,1.489,0.031
126.91,-11.930,0.027,-1.496,-11.916,-0.000,1.489,0.031
126.93,-11.930,0.027,-1.496,-11.916,-0.000,1.489,0.031
126.95,-11.930,0.027,-1.495,-11.916,-0.000,1.489,0.031
126.97,-11.930,0.027,-1.495,-11.916,-0.000,1.489,0.031
126.99,-11.929,0.026,-1.495,-11.916,-0.000,1.489,0.030
127.01,-11.929,0.026,-1.495,-11.916,-0.000,1.489,0.030
127.03,-11.929,0.026,-1.494,-11.916,-0.000,1.489,0.030
127.05,-11.929,0.026,-1.494,-11.916,-0.000,1.489,0.030
127.07,-11.929,0.026,-1.494,-11.916,-0.000,1.489,0.030
127.09,-11.928,0.026,-1.493,-11.916,-0.000,1.489,0.029
127.12,-11.928,0.026,-1.493,-11.916,-0.000,1.489,0.029
127.14,-11.927,0.026,-1.493,-11.916,-0.000,1.489,0.029
127.16,-11.927,0.026,-1.493,-11.916,-0.000,1.489,0.029
127.18,-11.926,0.026,-1.493,-11.916,-0.000,1.489,0.029
127.20,-11.926,0.026,-1.493,-11.916,-0.000,1.489,0.029
127.22,-11.925,0.026,-1.492,-11.916,-0.000,1.489,0.028
127.24,-11.925,0.026,-1.492,-11.916,-0.000,1.489,0.028
127.26,-11.924,0.026,-1.492,-11.916,-0.000,1.489,0.028
127.28,-11.924,0.026,-1.492,-11.916,-0.000,1.489,0.028
127.30,-11.922,0.026,-1.491,-11.916,-0.000,1.489,0.027
127.32,-11.922,0.026,-1.491,-11.916,-0.000,1.489,0.027
127.34,-11.921,0.026,-1.490,-11.916,-0.000,1.489,0.027
127.37,-11.921,0.026,-1.490,-11.916,-0.000,1.489,0.027
127.39,-11.920,0.025,-1.490,-11.916,-0.000,1.489,0.026
127.41,-11.920,0.025,-1.490,-11.916,-0.000,1.489,0.026
127.43,-11.918,0.025,-1.489,-11.916,-0.000,1.489,0.025
127.45,-11.918,0.025,-1.489,-11.916,-0.000,1.489,0.025
127.47,-11.917,0.024,-1.488,-11.916,-0.000,1.489,0.024
127.49,-11.917,0.024,-1.488,-11.916,-0.000,1.489,0.024
127.51,-11.915,0.024,-1.488,-11.916,-0.000,1.489,0.024
127.53,-11.915,0.024,-1.488,-11.916,-0.000,1.489,0.024
127.55,-11.914,0.023,-1.487,-11.916,-0.000,1.489,0.023
127.57,-11.914,0.023,-1.487,-11.916,-0.000,1.489,0.023
127.59,-11.914,0.023,-1.487,-11.916,-0.000,1.489,0.023
127.62,-11.911,0.022,-1.486,-11.916,-0.000,1.489,0.023
127.64,-11.911,0.022,-1.486,-11.916,-0.000,1.489,0.023
127.66,-11.909,0.021,-1.485,-11.916,-0.000,1.489,0.023
127.68,-11.909,0.021,-1.485,-11.916,-0.000,1.489,0.023
127.70,-11.907,0.021,-1.484,-11.916,-0.000,1.489,0.023
127.72,-11.907,0.021,-1.484,-11.916,-0.000,1.489,0.023
127.74,-11.906,0.020,-1.484,-11.916,-0.000,1.489,0.023
127.76,-11.906,0.020,-1.484,-11.916,-0.000,1.489,0.023
127.78,-11.904,0.019,-1.483,-11.916,-0.000,1.489,0.024
127.80,-11.904,0.019,-1.483,-11.916,-0.000,1.489,0.024
127.82,-11.903,0.019,-1.482,-11.916,-0.000,1.489,0.024
127.84,-11.903,0.019,-1.482,-11.916,-0.000,1.489,0.024
127.87,-11.902,0.019,-1.481,-11.916,-0.000,1.489,0.025
127.89,-11.902,0.019,-1.481,-11.916,-0.000,1.489,0.025
127.91,-11.900,0.018,-1.480,-11.916,-0.000,1.489,0.026
127.93,-11.900,0.018,-1.480,-11.916,-0.000,1.489,0.026
127.95,-11.899,0.018,-1.479,-11.916,-0.000,1.489,0.027
127.97,-11.899,0.018,-1.479,-11.916,-0.000,1.489,0.027
127.99,-11.898,0.018,-1.479,-11.916,-0.000,1.489,0.027
128.01,-11.898,0.018,-1.479,-11.916,-0.000,1.489,0.027
128.03,-11.897,0.018,-1.478,-11.916,-0.000,1.489,0.028
128.05,-11.897,0.018,-1.478,-11.916,-0.000,1.489,0.028
128.07,-11.897,0.018,-1.478,-11.916,-0.000,1.489,0.028
128.09,-11.896,0.017,-1.478,-11.916,-0.000,1.489,0.029
128.12,-11.896,0.017,-1.478,-11.916,-0.000,1.489,0.029
128.14,-11.895,0.017,-1.478,-11.916,-0.000,1.489,0.029
128.16,-11.895,0.017,-1.478,-11.916,-0.000,1.489,0.029
128.18,-11.894,0.017,-1.478,-11.916,-0.000,1.489,0.030
128.20,-11.894,0.017,-1.478,-11.916,-0.000,1.489,0.030
128.22,-11.894,0.017,-1.478,-11.916,-0.000,1.489,0.030
128.24,-11.894,0.017,-1.478,-11.916,-0.000,1.489,0.030
128.26,-11.893,0.017,-1.478,-11.916,-0.000,1.489,0.031
128.28,-11.893,0.017,-1.478,-11.916,-0.000,1.489,0.031
128.30,-11.892,0.016,-1.478,-11.916,-0.000,1.489,0.031
128.32,-11.892,0.016,-1.478,-11.916,-0.000,1.489,0.031
128.34,-11.891,0.016,-1.478,-11.916,-0.000,1.489,0.032
128.36,-11.891,0.016,-1.478,-11.916,-0.000,1.489,0.032
128.39,-11.891,0.016,-1.478,-11.916,-0.000,1.489,0.032
128.41,-11.891,0.016,-1.478,-11.916,-0.000,1.489,0.032
128.43,-11.890,0.015,-1.478,-11.916,-0.000,1.489,0.032
128.45,-11.890,0.015,-1.478,-11.916,-0.000,1.489,0.032
128.47,-11.890,0.015,-1.478,-11.916,-0.000,1.489,0.032
128.49,-11.890,0.015,-1.478,-11.916,-0.000,1.489,0.032
128.51,-11.889,0.014,-1.478,-11.916,-0.000,1.489,0.032
128.53,-11.889,0.014,-1.478,-11.916,-0.000,1.489,0.032
128.55,-11.889,0.014,-1.479,-11.916,-0.000,1.489,0.032
128.57,-11.889,0.014,-1.479,-11.916,-0.000,1.489,0.032
128.59,-11.889,0.014,-1.479,-11.916,-0.000,1.489,0.032
128.61,-11.889,0.013,-1.479,-11.916,-0.000,1.489,0.031
128.64,-11.889,0.013,-1.479,-11.916,-0.000,1.489,0.031
128.66,-11.890,0.012,-1.479,-11.916,-0.000,1.489,0.031
128.68,-11.890,0.012,-1.479,-11.916,-0.000,1.489,0.031
128.70,-11.890,0.012,-1.479,-11.916,-0.000,1.489,0.030
128.72,-11.890,0.012,-1.479,-11.916,-0.000,1.489,0.030
128.74,-11.890,0.011,-1.479,-11.916,-0.000,1.489,0.030
128.76,-11.890,0.011,-1.479,-11.916,-0.000,1.489,0.030
128.78,-11.890,0.011,-1.479,-11.916,-0.000,1.489,0.030
128.80,-11.890,0.011,-1.479,-11.916,-0.000,1.489,0.030
128.82,-11.890,0.010,-1.479,-11.916,-0.000,1.489,0.029
128.84,-11.890,0.010,-1.479,-11.916,-0.000,1.489,0.029
128.86,-11.891,0.010,-1.480,-11.916,-0.000,1.489,0.029
128.88,-11.891,0.010,-1.480,-11.916,-0.000,1.489,0.029
128.91,-11.891,0.009,-1.480,-11.916,-0.000,1.489,0.028
128.93,-11.891,0.009,-1.480,-11.916,-0.000,1.489,0.028
128.95,-11.892,0.009,-1.480,-11.916,-0.000,1.489,0.027
128.97,-11.892,0.009,-1.480,-11.916,-0.000,1.489,0.027
128.99,-11.893,0.008,-1.480,-11.916,-0.000,1.489,0.026
129.01,-11.893,0.008,-1.480,-11.916,-0.000,1.489,0.026
129.03,-11.893,0.007,-1.480,-11.916,-0.000,1.489,0.025
129.05,-11.893,0.007,-1.480,-11.916,-0.000,1.489,0.025
129.07,-11.893,0.007,-1.480,-11.916,-0.000,1.489,0.025
129.09,-11.894,0.005,-1.480,-11.916,-0.000,1.489,0.024
129.11,-11.894,0.005,-1.480,-11.916,-0.000,1.489,0.024
129.13,-11.895,0.004,-1.480,-11.916,-0.000,1.489,0.023
129.16,-11.895,0.004,-1.480,-11.916,-0.000,1.489,0.023
129.18,-11.896,0.003,-1.481,-11.916,-0.000,1.489,0.022
129.20,-11.896,0.003,-1.481,-11.916,-0.000,1.489,0.022
129.22,-11.897,0.002,-1.481,-11.916,-0.000,1.489,0.021
129.24,-11.897,0.002,-1.481,-11.916,-0.000,1.489,0.021
129.26,-11.898,0.000,-1.481,-11.916,-0.000,1.489,0.020
129.28,-11.898,0.000,-1.481,-11.916,-0.000,1.489,0.020
129.30,-11.898,-0.001,-1.481,-11.916,-0.000,1.489,0.019
129.32,-11.898,-0.001,-1.481,-11.916,-0.000,1.489,0.019
129.34,-11.899,-0.003,-1.481,-11.916,-0.000,1.489,0.019
129.36,-11.899,-0.003,-1.481,-11.916,-0.000,1.489,0.019
129.39,-11.900,-0.004,-1.481,-11.916,-0.000,1.489,0.018
129.41,-11.900,-0.004,-1.481,-11.916,-0.000,1.489,0.018
129.43,-11.901,-0.006,-1.481,-11.916,-0.000,1.489,0.018
129.45,-11.901,-0.006,-1.481,-11.916,-0.000,1.489,0.018
129.47,-11.903,-0.008,-1.481,-11.916,-0.000,1.489,0.018
129.49,-11.903,-0.008,-1.481,-11.916,-0.000,1.489,0.018
129.51,-11.904,-0.010,-1.481,-11.916,-0.000,1.489,0.018
129.53,-11.904,-0.010,-1.481,-11.916,-0.000,1.489,0.018
129.55,-11.905,-0.011,-1.481,-11.916,-0.000,1.489,0.018
129.57,-11.905,-0.011,-1.481,-11.916,-0.000,1.489,0.018
129.59,-11.905,-0.011,-1.481,-11.916,-0.000,1.489,0.018
129.61,-11.906,-0.014,-1.481,-11.916,-0.000,1.489,0.019
129.63,-11.906,-0.014,-1.481,-11.916,-0.000,1.489,0.019
129.66,-11.907,-0.016,-1.480,-11.916,-0.000,1.489,0.020
129.68,-11.907,-0.016,-1.480,-11.916,-0.000,1.489,0.020
129.70,-11.909,-0.017,-1.480,-11.916,-0.000,1.489,0.021
129.72,-11.909,-0.017,-1.480,-11.916,-0.000,1.489,0.021
129.74,-11.910,-0.019,-1.480,-11.916,-0.000,1.489,0.022
129.76,-11.910,-0.019,-1.480,-11.916,-0.000,1.489,0.022
129.78,-11.911,-0.020,-1.479,-11.916,-0.000,1.489,0.023
129.80,-11.911,-0.020,-1.479,-11.916,-0.000,1.489,0.023
129.82,-11.912,-0.021,-1.479,-11.916,-0.000,1.489,0.023
129.84,-11.912,-0.021,-1.479,-11.916,-0.000,1.489,0.023
129.86,-11.913,-0.022,-1.478,-11.916,-0.000,1.489,0.024
129.89,-11.913,-0.022,-1.478,-11.916,-0.000,1.489,0.024
129.91,-11.914,-0.022,-1.478,-11.916,-0.000,1.489,0.025
129.93,-11.914,-0.022,-1.478,-11.916,-0.000,1.489,0.025
129.95,-11.915,-0.023,-1.478,-11.916,-0.000,1.489,0.026
129.97,-11.915,-0.023,-1.478,-11.916,-0.000,1.489,0.026
129.99,-11.915,-0.023,-1.477,-11.916,-0.000,1.489,0.026
130.01,-11.915,-0.023,-1.477,-11.916,-0.000,1.489,0.026
130.03,-11.916,-0.024,-1.477,-11.916,-0.000,1.489,0.026
130.05,-11.916,-0.024,-1.477,-11.916,-0.000,1.489,0.026
130.07,-11.916,-0.024,-1.477,-11.916,-0.000,1.489,0.026
130.09,-11.916,-0.024,-1.477,-11.916,-0.000,1.489,0.026
130.11,-11.916,-0.024,-1.477,-11.916,-0.000,1.489,0.026
130.13,-11.916,-0.024,-1.477,-11.916,-0.000,1.489,0.026
130.16,-11.916,-0.024,-1.477,-11.916,-0.000,1.489,0.026
130.18,-11.917,-0.023,-1.477,-11.916,-0.000,1.489,0.026
130.20,-11.917,-0.023,-1.477,-11.916,-0.000,1.489,0.026
130.22,-11.917,-0.023,-1.478,-11.916,-0.000,1.489,0.025
130.24,-11.917,-0.023,-1.478,-11.916,-0.000,1.489,0.025
130.26,-11.917,-0.023,-1.478,-11.916,-0.000,1.489,0.025
130.28,-11.917,-0.023,-1.478,-11.916,-0.000,1.489,0.025
130.30,-11.917,-0.022,-1.478,-11.916,-0.000,1.489,0.024
130.32,-11.917,-0.022,-1.478,-11.916,-0.000,1.489,0.024
130.34,-11.917,-0.022,-1.479,-11.916,-0.000,1.489,0.024
130.36,-11.917,-0.022,-1.479,-11.916,-0.000,1.489,0.024
130.39,-11.917,-0.021,-1.479,-11.916,-0.000,1.489,0.023
130.41,-11.917,-0.021,-1.479,-11.916,-0.000,1.489,0.023
130.43,-11.917,-0.020,-1.480,-11.916,-0.000,1.489,0.022
130.45,-11.917,-0.020,-1.480,-11.916,-0.000,1.489,0.022
130.47,-11.917,-0.019,-1.480,-11.916,-0.000,1.489,0.021
130.49,-11.917,-0.019,-1.480,-11.916,-0.000,1.489,0.021
130.51,-11.917,-0.018,-1.480,-11.916,-0.000,1.489,0.020
130.53,-11.917,-0.018,-1.480,-11.916,-0.000,1.489,0.020
130.55,-11.916,-0.017,-1.480,-11.916,-0.000,1.489,0.019
130.57,-11.916,-0.017,-1.480,-11.916,-0.000,1.489,0.019
130.59,-11.916,-0.017,-1.480,-11.916,-0.000,1.489,0.019
130.61,-11.916,-0.015,-1.481,-11.916,-0.000,1.489,0.017
130.63,-11.916,-0.015,-1.481,-11.916,-0.000,1.489,0.017
130.66,-11.915,-0.014,-1.481,-11.916,-0.000,1.489,0.016
130.68,-11.915,-0.014,-1.481,-11.916,-0.000,1.489,0.016
130.70,-11.915,-0.012,-1.481,-11.916,-0.000,1.489,0.014
130.72,-11.915,-0.012,-1.481,-11.916,-0.000,1.489,0.014
130.74,-11.914,-0.011,-1.481,-11.916,-0.000,1.489,0.013
130.76,-11.914,-0.011,-1.481,-11.916,-0.000,1.489,0.013
130.78,-11.914,-0.009,-1.481,-11.916,-0.000,1.489,0.012
130.80,-11.914,-0.009,-1.481,-11.916,-0.000,1.489,0.012
130.82,-11.914,-0.008,-1.480,-11.916,-0.000,1.489,0.012
130.84,-11.914,-0.008,-1.480,-11.916,-0.000,1.489,0.012
130.87,-11.914,-0.006,-1.480,-11.916,-0.000,1.489,0.011
130.89,-11.914,-0.006,-1.480,-11.916,-0.000,1.489,0.011
130.91,-11.914,-0.005,-1.480,-11.916,-0.000,1.489,0.011
130.93,-11.914,-0.005,-1.480,-11.916,-0.000,1.489,0.011
130.95,-11.914,-0.004,-1.479,-11.916,-0.000,1.489,0.011
130.97,-11.914,-0.004,-1.479,-11.916,-0.000,1.489,0.011
130.99,-11.913,-0.003,-1.478,-11.916,-0.000,1.489,0.011
131.01,-11.913,-0.003,-1.478,-11.916,-0.000,1.489,0.011
131.03,-11.913,-0.001,-1.478,-11.916,-0.000,1.489,0.011
131.05,-11.913,-0.001,-1.478,-11.916,-0.000,1.489,0.011
131.07,-11.913,-0.000,-1.477,-11.916,-0.000,1.489,0.012
131.09,-11.913,-0.000,-1.477,-11.916,-0.000,1.489,0.012
131.12,-11.913,-0.000,-1.477,-11.916,-0.000,1.489,0.012
131.14,-11.913,0.001,-1.477,-11.916,-0.000,1.489,0.013
131.16,-11.913,0.001,-1.477,-11.916,-0.000,1.489,0.013
131.18,-11.912,0.002,-1.476,-11.916,-0.000,1.489,0.013
131.20,-11.912,0.002,-1.476,-11.916,-0.000,1.489,0.013
131.22,-11.912,0.003,-1.476,-11.916,-0.000,1.489,0.014
131.24,-11.912,0.003,-1.476,-11.916,-0.000,1.489,0.014
131.26,-11.911,0.004,-1.476,-11.916,-0.000,1.489,0.014
131.28,-11.911,0.004,-1.476,-11.916,-0.000,1.489,0.014
131.30,-11.911,0.004,-1.476,-11.916,-0.000,1.489,0.014
131.33,-11.911,0.004,-1.476,-11.916,-0.000,1.489,0.014
131.35,-11.910,0.005,-1.477,-11.916,-0.000,1.489,0.014
131.37,-11.910,0.005,-1.477,-11.916,-0.000,1.489,0.014
131.39,-11.910,0.005,-1.477,-11.916,-0.000,1.489,0.014
131.41,-11.910,0.005,-1.477,-11.916,-0.000,1.489,0.014
131.43,-11.909,0.005,-1.478,-11.916,-0.000,1.489,0.014
131.45,-11.909,0.005,-1.478,-11.916,-0.000,1.489,0.014
131.47,-11.908,0.005,-1.478,-11.916,-0.000,1.489,0.014
131.49,-11.908,0.005,-1.478,-11.916,-0.000,1.489,0.014
131.51,-11.907,0.005,-1.478,-11.916,-0.000,1.489,0.015
131.53,-11.907,0.005,-1.478,-11.916,-0.000,1.489,0.015
131.56,-11.906,0.005,-1.479,-11.916,-0.000,1.489,0.015
131.58,-11.906,0.005,-1.479,-11.916,-0.000,1.489,0.015
131.60,-11.906,0.005,-1.479,-11.916,-0.000,1.489,0.015
131.62,-11.904,0.004,-1.479,-11.916,-0.000,1.489,0.016
131.64,-11.904,0.004,-1.479,-11.916,-0.000,1.489,0.016
131.66,-11.903,0.004,-1.479,-11.916,-0.000,1.489,0.017
131.68,-11.903,0.004,-1.479,-11.916,-0.000,1.489,0.017
131.70,-11.901,0.004,-1.479,-11.916,-0.000,1.489,0.018
131.72,-11.901,0.004,-1.479,-11.916,-0.000,1.489,0.018
131.74,-11.900,0.003,-1.479,-11.916,-0.000,1.489,0.019
131.76,-11.900,0.003,-1.479,-11.916,-0.000,1.489,0.019
131.78,-11.898,0.003,-1.479,-11.916,-0.000,1.489,0.021
131.80,-11.898,0.003,-1.479,-11.916,-0.000,1.489,0.021
131.82,-11.897,0.002,-1.478,-11.916,-0.000,1.489,0.022
131.85,-11.897,0.002,-1.478,-11.916,-0.000,1.489,0.022
131.87,-11.896,0.001,-1.478,-11.916,-0.000,1.489,0.023
131.89,-11.896,0.001,-1.478,-11.916,-0.000,1.489,0.023
131.91,-11.895,-0.000,-1.477,-11.916,-0.000,1.489,0.024
131.93,-11.895,-0.000,-1.477,-11.916,-0.000,1.489,0.024
131.95,-11.895,-0.001,-1.477,-11.916,-0.000,1.489,0.024
131.97,-11.895,-0.001,-1.477,-11.916,-0.000,1.489,0.024
131.99,-11.895,-0.003,-1.477,-11.916,-0.000,1.489,0.025
132.01,-11.895,-0.003,-1.477,-11.916,-0.000,1.489,0.025
132.03,-11.895,-0.004,-1.476,-11.916,-0.000,1.489,0.025
132.05,-11.895,-0.004,-1.476,-11.916,-0.000,1.489,0.025
132.07,-11.895,-0.006,-1.476,-11.916,-0.000,1.489,0.026
132.09,-11.895,-0.006,-1.476,-11.916,-0.000,1.489,0.026
132.12,-11.895,-0.006,-1.476,-11.916,-0.000,1.489,0.026
132.14,-11.895,-0.009,-1.475,-11.916,-0.000,1.489,0.027
132.16,-11.895,-0.009,-1.475,-11.916,-0.000,1.489,0.027
132.18,-11.896,-0.011,-1.475,-11.916,-0.000,1.489,0.027
132.20,-11.896,-0.011,-1.475,-11.916,-0.000,1.489,0.027
132.22,-11.897,-0.013,-1.474,-11.916,-0.000,1.489,0.027
132.24,-11.897,-0.013,-1.474,-11.916,-0.000,1.489,0.027
132.26,-11.898,-0.015,-1.474,-11.916,-0.000,1.489,0.027
132.28,-11.898,-0.015,-1.474,-11.916,-0.000,1.489,0.027
132.30,-11.899,-0.016,-1.474,-11.916,-0.000,1.489,0.028
132.32,-11.899,-0.016,-1.474,-11.916,-0.000,1.489,0.028
132.35,-11.900,-0.017,-1.473,-11.916,-0.000,1.489,0.028
132.37,-11.900,-0.017,-1.473,-11.916,-0.000,1.489,0.028
132.39,-11.902,-0.018,-1.473,-11.916,-0.000,1.489,0.028
132.41,-11.902,-0.018,-1.473,-11.916,-0.000,1.489,0.028
132.43,-11.903,-0.019,-1.473,-11.916,-0.000,1.489,0.028
132.45,-11.903,-0.019,-1.473,-11.916,-0.000,1.489,0.028
132.47,-11.904,-0.019,-1.473,-11.916,-0.000,1.489,0.027
132.49,-11.904,-0.019,-1.473,-11.916,-0.000,1.489,0.027
132.51,-11.906,-0.020,-1.473,-11.916,-0.000,1.489,0.027
132.53,-11.906,-0.020,-1.473,-11.916,-0.000,1.489,0.027
132.55,-11.907,-0.020,-1.473,-11.916,-0.000,1.489,0.027
132.57,-11.907,-0.020,-1.473,-11.916,-0.000,1.489,0.027
132.59,-11.907,-0.020,-1.473,-11.916,-0.000,1.489,0.027
132.62,-11.910,-0.021,-1.473,-11.916,-0.000,1.489,0.027
132.64,-11.910,-0.021,-1.473,-11.916,-0.000,1.489,0.027
132.66,-11.912,-0.021,-1.473,-11.916,-0.000,1.489,0.027
132.68,-11.912,-0.021,-1.473,-11.916,-0.000,1.489,0.027
132.70,-11.913,-0.021,-1.473,-11.916,-0.000,1.489,0.027
132.72,-11.913,-0.021,-1.473,-11.916,-0.000,1.489,0.027
132.74,-11.915,-0.021,-1.473,-11.916,-0.000,1.489,0.027
132.76,-11.915,-0.021,-1.473,-11.916,-0.000,1.489,0.027
132.78,-11.917,-0.021,-1.473,-11.916,-0.000,1.489,0.026
132.80,-11.917,-0.021,-1.473,-11.916,-0.000,1.489,0.026
132.82,-11.918,-0.021,-1.473,-11.916,-0.000,1.489,0.026
132.84,-11.918,-0.021,-1.473,-11.916,-0.000,1.489,0.026
132.87,-11.920,-0.021,-1.473,-11.916,-0.000,1.489,0.026
132.89,-11.920,-0.021,-1.473,-11.916,-0.000,1.489,0.026
132.91,-11.922,-0.021,-1.474,-11.916,-0.000,1.489,0.027
132.93,-11.922,-0.021,-1.474,-11.916,-0.000,1.489,0.027
132.95,-11.925,-0.021,-1.474,-11.916,-0.000,1.489,0.027
132.97,-11.925,-0.021,-1.474,-11.916,-0.000,1.489,0.027
132.99,-11.927,-0.021,-1.475,-11.916,-0.000,1.489,0.028
133.01,-11.927,-0.021,-1.475,-11.916,-0.000,1.489,0.028
133.03,-11.929,-0.021,-1.475,-11.916,-0.000,1.489,0.028
133.05,-11.929,-0.021,-1.475,-11.916,-0.000,1.489,0.028
133.07,-11.932,-0.021,-1.476,-11.916,-0.000,1.489,0.029
133.09,-11.932,-0.021,-1.476,-11.916,-0.000,1.489,0.029
133.12,-11.932,-0.021,-1.476,-11.916,-0.000,1.489,0.029
133.14,-11.935,-0.021,-1.477,-11.916,-0.000,1.489,0.031
133.16,-11.935,-0.021,-1.477,-11.916,-0.000,1.489,0.031
133.18,-11.937,-0.021,-1.477,-11.916,-0.000,1.489,0.032
133.20,-11.937,-0.021,-1.477,-11.916,-0.000,1.489,0.032
133.22,-11.939,-0.021,-1.478,-11.916,-0.000,1.489,0.033
133.24,-11.939,-0.021,-1.478,-11.916,-0.000,1.489,0.033
133.26,-11.941,-0.021,-1.478,-11.916,-0.000,1.489,0.034
133.28,-11.941,-0.021,-1.478,-11.916,-0.000,1.489,0.034
133.30,-11.942,-0.020,-1.479,-11.916,-0.000,1.489,0.034
133.32,-11.942,-0.020,-1.479,-11.916,-0.000,1.489,0.034
133.34,-11.943,-0.020,-1.480,-11.916,-0.000,1.489,0.035
133.37,-11.943,-0.020,-1.480,-11.916,-0.000,1.489,0.035
133.39,-11.944,-0.020,-1.480,-11.916,-0.000,1.489,0.035
133.41,-11.944,-0.020,-1.480,-11.916,-0.000,1.489,0.035
133.43,-11.945,-0.020,-1.480,-11.916,-0.000,1.489,0.036
133.45,-11.945,-0.020,-1.480,-11.916,-0.000,1.489,0.036
133.47,-11.945,-0.019,-1.480,-11.916,-0.000,1.489,0.036
133.49,-11.945,-0.019,-1.480,-11.916,-0.000,1.489,0.036
133.51,-11.945,-0.019,-1.481,-11.916,-0.000,1.489,0.035
133.53,-11.945,-0.019,-1.481,-11.916,-0.000,1.489,0.035
133.55,-11.945,-0.018,-1.481,-11.916,-0.000,1.489,0.035
133.57,-11.945,-0.018,-1.481,-11.916,-0.000,1.489,0.035
133.59,-11.945,-0.017,-1.481,-11.916,-0.000,1.489,0.035
133.62,-11.945,-0.017,-1.481,-11.916,-0.000,1.489,0.035
133.64,-11.945,-0.017,-1.481,-11.916,-0.000,1.489,0.035
133.66,-11.945,-0.016,-1.481,-11.916,-0.000,1.489,0.034
133.68,-11.945,-0.016,-1.481,-11.916,-0.000,1.489,0.034
133.70,-11.945,-0.016,-1.481,-11.916,-0.000,1.489,0.034
133.72,-11.945,-0.016,-1.481,-11.916,-0.000,1.489,0.034
133.74,-11.945,-0.016,-1.481,-11.916,-0.000,1.489,0.033
133.76,-11.945,-0.016,-1.481,-11.916,-0.000,1.489,0.033
133.78,-11.944,-0.015,-1.482,-11.916,-0.000,1.489,0.033
133.80,-11.944,-0.015,-1.482,-11.916,-0.000,1.489,0.033
133.82,-11.944,-0.015,-1.482,-11.916,-0.000,1.489,0.032
133.84,-11.944,-0.015,-1.482,-11.916,-0.000,1.489,0.032
133.87,-11.943,-0.015,-1.482,-11.916,-0.000,1.489,0.031
133.89,-11.943,-0.015,-1.482,-11.916,-0.000,1.489,0.031
133.91,-11.943,-0.014,-1.482,-11.916,-0.000,1.489,0.031
133.93,-11.943,-0.014,-1.482,-11.916,-0.000,1.489,0.031
133.95,-11.942,-0.014,-1.482,-11.916,-0.000,1.489,0.030
133.97,-11.942,-0.014,-1.482,-11.916,-0.000,1.489,0.030
133.99,-11.941,-0.013,-1.483,-11.916,-0.000,1.489,0.029
134.01,-11.941,-0.013,-1.483,-11.916,-0.000,1.489,0.029
134.03,-11.940,-0.012,-1.483,-11.916,-0.000,1.489,0.028
134.06,-11.940,-0.012,-1.483,-11.916,-0.000,1.489,0.028
134.08,-11.939,-0.011,-1.483,-11.916,-0.000,1.489,0.026
134.10,-11.939,-0.011,-1.483,-11.916,-0.000,1.489,0.026
134.12,-11.939,-0.011,-1.483,-11.916,-0.000,1.489,0.026
134.14,-11.937,-0.011,-1.483,-11.916,-0.000,1.489,0.025
134.16,-11.937,-0.011,-1.483,-11.916,-0.000,1.489,0.025
134.18,-11.936,-0.011,-1.482,-11.916,-0.000,1.489,0.024
134.20,-11.936,-0.011,-1.482,-11.916,-0.000,1.489,0.024
134.22,-11.935,-0.011,-1.482,-11.916,-0.000,1.489,0.023
134.24,-11.935,-0.011,-1.482,-11.916,-0.000,1.489,0.023
134.26,-11.934,-0.011,-1.482,-11.916,-0.000,1.489,0.022
134.28,-11.934,-0.011,-1.482,-11.916,-0.000,1.489,0.022
134.30,-11.933,-0.011,-1.482,-11.916,-0.000,1.489,0.021
134.33,-11.933,-0.011,-1.482,-11.916,-0.000,1.489,0.021
134.35,-11.932,-0.011,-1.482,-11.916,-0.000,1.489,0.020
134.37,-11.932,-0.011,-1.482,-11.916,-0.000,1.489,0.020
134.39,-11.930,-0.012,-1.481,-11.916,-0.000,1.489,0.020
134.41,-11.930,-0.012,-1.481,-11.916,-0.000,1.489,0.020
134.43,-11.929,-0.012,-1.481,-11.916,-0.000,1.489,0.019
134.45,-11.929,-0.012,-1.481,-11.916,-0.000,1.489,0.019
134.47,-11.928,-0.012,-1.481,-11.916,-0.000,1.489,0.019
134.49,-11.928,-0.012,-1.481,-11.916,-0.000,1.489,0.019
134.51,-11.927,-0.013,-1.481,-11.916,-0.000,1.489,0.019
134.53,-11.927,-0.013,-1.481,-11.916,-0.000,1.489,0.019
134.55,-11.926,-0.013,-1.480,-11.916,-0.000,1.489,0.019
134.57,-11.926,-0.013,-1.480,-11.916,-0.000,1.489,0.019
134.60,-11.925,-0.014,-1.480,-11.916,-0.000,1.489,0.018
134.62,-11.925,-0.014,-1.480,-11.916,-0.000,1.489,0.018
134.64,-11.925,-0.014,-1.480,-11.916,-0.000,1.489,0.018
134.66,-11.925,-0.014,-1.480,-11.916,-0.000,1.489,0.018
134.68,-11.925,-0.014,-1.480,-11.916,-0.000,1.489,0.018
134.70,-11.924,-0.014,-1.481,-11.916,-0.000,1.489,0.018
134.72,-11.924,-0.014,-1.481,-11.916,-0.000,1.489,0.018
134.74,-11.924,-0.014,-1.481,-11.916,-0.000,1.489,0.018
134.76,-11.924,-0.014,-1.481,-11.916,-0.000,1.489,0.018
134.79,-11.924,-0.013,-1.481,-11.916,-0.000,1.489,0.017
134.81,-11.924,-0.013,-1.481,-11.916,-0.000,1.489,0.017
134.83,-11.923,-0.013,-1.481,-11.916,-0.000,1.489,0.017
134.85,-11.923,-0.013,-1.481,-11.916,-0.000,1.489,0.017
134.87,-11.923,-0.013,-1.482,-11.916,-0.000,1.489,0.016
134.89,-11.923,-0.013,-1.482,-11.916,-0.000,1.489,0.016
134.91,-11.922,-0.013,-1.483,-11.916,-0.000,1.489,0.016
134.93,-11.922,-0.013,-1.483,-11.916,-0.000,1.489,0.016
134.95,-11.921,-0.013,-1.483,-11.916,-0.000,1.489,0.015
134.97,-11.921,-0.013,-1.483,-11.916,-0.000,1.489,0.015
134.99,-11.921,-0.013,-1.484,-11.916,-0.000,1.489,0.014
135.01,-11.921,-0.013,-1.484,-11.916,-0.000,1.489,0.014
135.03,-11.920,-0.013,-1.485,-11.916,-0.000,1.489,0.014
135.06,-11.920,-0.013,-1.485,-11.916,-0.000,1.489,0.014
135.08,-11.920,-0.012,-1.486,-11.916,-0.000,1.489,0.013
135.10,-11.920,-0.012,-1.486,-11.916,-0.000,1.489,0.013
135.12,-11.920,-0.012,-1.486,-11.916,-0.000,1.489,0.013
135.14,-11.919,-0.012,-1.487,-11.916,-0.000,1.489,0.012
135.16,-11.919,-0.012,-1.487,-11.916,-0.000,1.489,0.012
135.18,-11.919,-0.012,-1.488,-11.916,-0.000,1.489,0.012
135.20,-11.919,-0.012,-1.488,-11.916,-0.000,1.489,0.012
135.22,-11.919,-0.011,-1.489,-11.916,-0.000,1.489,0.012
135.24,-11.919,-0.011,-1.489,-11.916,-0.000,1.489,0.012
135.26,-11.919,-0.011,-1.489,-11.916,-0.000,1.489,0.011
135.28,-11.919,-0.011,-1.489,-11.916,-0.000,1.489,0.011
135.30,-11.919,-0.011,-1.490,-11.916,-0.000,1.489,0.011
135.33,-11.919,-0.011,-1.490,-11.916,-0.000,1.489,0.011
135.35,-11.919,-0.010,-1.490,-11.916,-0.000,1.489,0.011
135.37,-11.919,-0.010,-1.490,-11.916,-0.000,1.489,0.011
135.39,-11.920,-0.010,-1.491,-11.916,-0.000,1.489,0.010
135.41,-11.920,-0.010,-1.491,-11.916,-0.000,1.489,0.010
135.43,-11.920,-0.009,-1.491,-11.916,-0.000,1.489,0.010
135.45,-11.920,-0.009,-1.491,-11.916,-0.000,1.489,0.010
135.47,-11.920,-0.009,-1.491,-11.916,-0.000,1.489,0.010
135.49,-11.920,-0.009,-1.491,-11.916,-0.000,1.489,0.010
135.51,-11.920,-0.008,-1.490,-11.916,-0.000,1.489,0.009
135.53,-11.920,-0.008,-1.490,-11.916,-0.000,1.489,0.009
135.55,-11.920,-0.007,-1.490,-11.916,-0.000,1.489,0.008
135.58,-11.920,-0.007,-1.490,-11.916,-0.000,1.489,0.008
135.60,-11.921,-0.006,-1.490,-11.916,-0.000,1.489,0.008
135.62,-11.921,-0.006,-1.490,-11.916,-0.000,1.489,0.008
135.64,-11.921,-0.006,-1.490,-11.916,-0.000,1.489,0.008
135.66,-11.921,-0.006,-1.489,-11.916,-0.000,1.489,0.007
135.68,-11.921,-0.006,-1.489,-11.916,-0.000,1.489,0.007
135.70,-11.921,-0.005,-1.489,-11.916,-0.000,1.489,0.007
135.72,-11.921,-0.005,-1.489,-11.916,-0.000,1.489,0.007
135.74,-11.921,-0.004,-1.489,-11.916,-0.000,1.489,0.006
135.76,-11.921,-0.004,-1.489,-11.916,-0.000,1.489,0.006
135.78,-11.921,-0.003,-1.489,-11.916,-0.000,1.489,0.006
135.80,-11.921,-0.003,-1.489,-11.916,-0.000,1.489,0.006
135.82,-11.921,-0.003,-1.490,-11.916,-0.000,1.489,0.006
135.85,-11.921,-0.003,-1.490,-11.916,-0.000,1.489,0.006
135.87,-11.921,-0.002,-1.490,-11.916,-0.000,1.489,0.005
135.89,-11.921,-0.002,-1.490,-11.916,-0.000,1.489,0.005
135.91,-11.921,-0.001,-1.491,-11.916,-0.000,1.489,0.005
135.93,-11.921,-0.001,-1.491,-11.916,-0.000,1.489,0.005
135.95,-11.921,-0.001,-1.491,-11.916,-0.000,1.489,0.005
135.97,-11.921,-0.001,-1.491,-11.916,-0.000,1.489,0.005
135.99,-11.920,-0.000,-1.492,-11.916,-0.000,1.489,0.005
136.01,-11.920,-0.000,-1.492,-11.916,-0.000,1.489,0.005
136.03,-11.920,0.000,-1.492,-11.916,-0.000,1.489,0.005
136.05,-11.920,0.000,-1.492,-11.916,-0.000,1.489,0.005
136.07,-11.920,0.000,-1.493,-11.916,-0.000,1.489,0.006
136.10,-11.920,0.000,-1.493,-11.916,-0.000,1.489,0.006
136.12,-11.919,0.000,-1.494,-11.916,-0.000,1.489,0.006
136.14,-11.919,0.000,-1.494,-11.916,-0.000,1.489,0.006
136.16,-11.919,0.000,-1.494,-11.916,-0.000,1.489,0.006
136.18,-11.919,-0.000,-1.495,-11.916,-0.000,1.489,0.006
136.20,-11.919,-0.000,-1.495,-11.916,-0.000,1.489,0.006
136.22,-11.918,-0.000,-1.495,-11.916,-0.000,1.489,0.007
136.24,-11.918,-0.000,-1.495,-11.916,-0.000,1.489,0.007
136.26,-11.918,-0.001,-1.495,-11.916,-0.000,1.489,0.007
136.28,-11.918,-0.001,-1.495,-11.916,-0.000,1.489,0.007
136.30,-11.918,-0.001,-1.495,-11.916,-0.000,1.489,0.007
136.32,-11.918,-0.001,-1.495,-11.916,-0.000,1.489,0.007
136.35,-11.918,-0.001,-1.496,-11.916,-0.000,1.489,0.007
136.37,-11.918,-0.001,-1.496,-11.916,-0.000,1.489,0.007
136.39,-11.917,-0.002,-1.496,-11.916,-0.000,1.489,0.007
136.41,-11.917,-0.002,-1.496,-11.916,-0.000,1.489,0.007
136.43,-11.917,-0.002,-1.496,-11.916,-0.000,1.489,0.007
136.45,-11.917,-0.002,-1.496,-11.916,-0.000,1.489,0.007
136.47,-11.916,-0.002,-1.496,-11.916,-0.000,1.489,0.007
136.49,-11.916,-0.002,-1.496,-11.916,-0.000,1.489,0.007
136.51,-11.916,-0.002,-1.496,-11.916,-0.000,1.489,0.007
136.53,-11.916,-0.002,-1.496,-11.916,-0.000,1.489,0.007
136.55,-11.915,-0.003,-1.496,-11.916,-0.000,1.489,0.007
136.58,-11.915,-0.003,-1.496,-11.916,-0.000,1.489,0.007
136.60,-11.915,-0.003,-1.496,-11.916,-0.000,1.489,0.008
136.62,-11.915,-0.003,-1.496,-11.916,-0.000,1.489,0.008
136.64,-11.915,-0.003,-1.496,-11.916,-0.000,1.489,0.008
136.66,-11.914,-0.003,-1.496,-11.916,-0.000,1.489,0.008
136.68,-11.914,-0.003,-1.496,-11.916,-0.000,1.489,0.008
136.70,-11.913,-0.003,-1.496,-11.916,-0.000,1.489,0.008
136.72,-11.913,-0.003,-1.496,-11.916,-0.000,1.489,0.008
136.74,-11.912,-0.002,-1.496,-11.916,-0.000,1.489,0.008
136.76,-11.912,-0.002,-1.496,-11.916,-0.000,1.489,0.008
136.78,-11.912,-0.002,-1.496,-11.916,-0.000,1.489,0.008
136.80,-11.912,-0.002,-1.496,-11.916,-0.000,1.489,0.008
136.82,-11.911,-0.002,-1.495,-11.916,-0.000,1.489,0.008
136.85,-11.911,-0.002,-1.495,-11.916,-0.000,1.489,0.008
136.87,-11.910,-0.001,-1.495,-11.916,-0.000,1.489,0.008
136.89,-11.910,-0.001,-1.495,-11.916,-0.000,1.489,0.008
136.91,-11.909,-0.000,-1.495,-11.916,-0.000,1.489,0.009
136.93,-11.909,-0.000,-1.495,-11.916,-0.000,1.489,0.009
136.95,-11.909,0.001,-1.495,-11.916,-0.000,1.489,0.009
136.97,-11.909,0.001,-1.495,-11.916,-0.000,1.489,0.009
136.99,-11.908,0.001,-1.494,-11.916,-0.000,1.489,0.010
137.01,-11.908,0.001,-1.494,-11.916,-0.000,1.489,0.010
137.03,-11.908,0.002,-1.494,-11.916,-0.000,1.489,0.010
137.05,-11.908,0.002,-1.494,-11.916,-0.000,1.489,0.010
137.07,-11.907,0.003,-1.493,-11.916,-0.000,1.489,0.010
137.09,-11.907,0.003,-1.493,-11.916,-0.000,1.489,0.010
137.12,-11.907,0.003,-1.493,-11.916,-0.000,1.489,0.011
137.14,-11.907,0.003,-1.493,-11.916,-0.000,1.489,0.011
137.16,-11.907,0.003,-1.493,-11.916,-0.000,1.489,0.011
137.18,-11.906,0.004,-1.492,-11.916,-0.000,1.489,0.011
137.20,-11.906,0.004,-1.492,-11.916,-0.000,1.489,0.011
137.22,-11.906,0.005,-1.492,-11.916,-0.000,1.489,0.012
137.24,-11.906,0.005,-1.492,-11.916,-0.000,1.489,0.012
137.26,-11.905,0.005,-1.491,-11.916,-0.000,1.489,0.012
137.28,-11.905,0.005,-1.491,-11.916,-0.000,1.489,0.012
137.30,-11.905,0.006,-1.491,-11.916,-0.000,1.489,0.012
137.32,-11.905,0.006,-1.491,-11.916,-0.000,1.489,0.012
137.34,-11.905,0.006,-1.491,-11.916,-0.000,1.489,0.013
137.37,-11.905,0.006,-1.491,-11.916,-0.000,1.489,0.013
137.39,-11.905,0.006,-1.491,-11.916,-0.000,1.489,0.013
137.41,-11.905,0.006,-1.491,-11.916,-0.000,1.489,0.013
137.43,-11.905,0.007,-1.491,-11.916,-0.000,1.489,0.013
137.45,-11.905,0.007,-1.491,-11.916,-0.000,1.489,0.013
137.47,-11.905,0.007,-1.491,-11.916,-0.000,1.489,0.014
137.49,-11.905,0.007,-1.491,-11.916,-0.000,1.489,0.014
137.51,-11.904,0.008,-1.491,-11.916,-0.000,1.489,0.014
137.53,-11.904,0.008,-1.491,-11.916,-0.000,1.489,0.014
137.55,-11.904,0.008,-1.491,-11.916,-0.000,1.489,0.015
137.57,-11.904,0.008,-1.491,-11.916,-0.000,1.489,0.015
137.60,-11.904,0.008,-1.491,-11.916,-0.000,1.489,0.015
137.62,-11.904,0.008,-1.491,-11.916,-0.000,1.489,0.015
137.64,-11.904,0.008,-1.491,-11.916,-0.000,1.489,0.015
137.66,-11.904,0.008,-1.491,-11.916,-0.000,1.489,0.015
137.68,-11.904,0.008,-1.491,-11.916,-0.000,1.489,0.015
137.70,-11.904,0.008,-1.491,-11.916,-0.000,1.489,0.015
137.72,-11.904,0.008,-1.491,-11.916,-0.000,1.489,0.015
137.74,-11.903,0.008,-1.491,-11.916,-0.000,1.489,0.015
137.76,-11.903,0.008,-1.491,-11.916,-0.000,1.489,0.015
137.78,-11.903,0.007,-1.491,-11.916,-0.000,1.489,0.015
137.80,-11.903,0.007,-1.491,-11.916,-0.000,1.489,0.015
137.83,-11.903,0.007,-1.491,-11.916,-0.000,1.489,0.015
137.85,-11.903,0.007,-1.491,-11.916,-0.000,1.489,0.015
137.87,-11.903,0.006,-1.491,-11.916,-0.000,1.489,0.014
137.89,-11.903,0.006,-1.491,-11.916,-0.000,1.489,0.014
137.91,-11.904,0.005,-1.491,-11.916,-0.000,1.489,0.014
137.93,-11.904,0.005,-1.491,-11.916,-0.000,1.489,0.014
137.95,-11.904,0.005,-1.491,-11.916,-0.000,1.489,0.013
137.97,-11.904,0.005,-1.491,-11.916,-0.000,1.489,0.013
137.99,-11.904,0.004,-1.491,-11.916,-0.000,1.489,0.012
138.01,-11.904,0.004,-1.491,-11.916,-0.000,1.489,0.012
138.03,-11.905,0.003,-1.491,-11.916,-0.000,1.489,0.012
138.05,-11.905,0.003,-1.491,-11.916,-0.000,1.489,0.012
138.07,-11.906,0.003,-1.490,-11.916,-0.000,1.489,0.011
138.10,-11.906,0.003,-1.490,-11.916,-0.000,1.489,0.011
138.12,-11.907,0.002,-1.490,-11.916,-0.000,1.489,0.010
138.14,-11.907,0.002,-1.490,-11.916,-0.000,1.489,0.010
138.16,-11.907,0.002,-1.490,-11.916,-0.000,1.489,0.010
138.18,-11.908,0.001,-1.490,-11.916,-0.000,1.489,0.008
138.20,-11.908,0.001,-1.490,-11.916,-0.000,1.489,0.008
138.22,-11.909,0.001,-1.490,-11.916,-0.000,1.489,0.007
138.24,-11.909,0.001,-1.490,-11.916,-0.000,1.489,0.007
138.26,-11.910,0.000,-1.490,-11.916,-0.000,1.489,0.006
138.28,-11.910,0.000,-1.490,-11.916,-0.000,1.489,0.006
138.30,-11.911,0.000,-1.490,-11.916,-0.000,1.489,0.005
138.32,-11.911,0.000,-1.490,-11.916,-0.000,1.489,0.005
138.34,-11.912,-0.000,-1.489,-11.916,-0.000,1.489,0.004
138.36,-11.912,-0.000,-1.489,-11.916,-0.000,1.489,0.004
138.39,-11.913,-0.000,-1.489,-11.916,-0.000,1.489,0.003
138.41,-11.913,-0.000,-1.489,-11.916,-0.000,1.489,0.003
138.43,-11.914,-0.000,-1.489,-11.916,-0.000,1.489,0.002
138.45,-11.914,-0.000,-1.489,-11.916,-0.000,1.489,0.002
138.47,-11.915,-0.000,-1.488,-11.916,-0.000,1.489,0.001
138.49,-11.915,-0.000,-1.488,-11.916,-0.000,1.489,0.001
138.51,-11.916,0.000,-1.488,-11.916,-0.000,1.489,0.001
138.53,-11.916,0.000,-1.488,-11.916,-0.000,1.489,0.001
138.55,-11.917,0.000,-1.487,-11.916,-0.000,1.489,0.002
138.57,-11.917,0.000,-1.487,-11.916,-0.000,1.489,0.002
138.60,-11.918,0.000,-1.487,-11.916,-0.000,1.489,0.003
138.62,-11.918,0.000,-1.487,-11.916,-0.000,1.489,0.003
138.64,-11.918,0.001,-1.486,-11.916,-0.000,1.489,0.004
138.66,-11.918,0.001,-1.486,-11.916,-0.000,1.489,0.004
138.68,-11.918,0.001,-1.486,-11.916,-0.000,1.489,0.004
138.70,-11.919,0.001,-1.486,-11.916,-0.000,1.489,0.004
138.72,-11.919,0.001,-1.486,-11.916,-0.000,1.489,0.004
138.74,-11.919,0.001,-1.486,-11.916,-0.000,1.489,0.005
138.76,-11.919,0.001,-1.486,-11.916,-0.000,1.489,0.005
138.78,-11.919,0.001,-1.486,-11.916,-0.000,1.489,0.005
138.80,-11.919,0.001,-1.486,-11.916,-0.000,1.489,0.005
138.82,-11.920,0.001,-1.486,-11.916,-0.000,1.489,0.005
138.84,-11.920,0.001,-1.486,-11.916,-0.000,1.489,0.005
138.86,-11.920,0.001,-1.486,-11.916,-0.000,1.489,0.005
138.89,-11.920,0.001,-1.486,-11.916,-0.000,1.489,0.005
138.91,-11.920,0.001,-1.486,-11.916,-0.000,1.489,0.005
138.93,-11.920,0.001,-1.486,-11.916,-0.000,1.489,0.005
138.95,-11.921,0.001,-1.486,-11.916,-0.000,1.489,0.006
138.97,-11.921,0.001,-1.486,-11.916,-0.000,1.489,0.006
138.99,-11.921,0.001,-1.486,-11.916,-0.000,1.489,0.006
139.01,-11.921,0.001,-1.486,-11.916,-0.000,1.489,0.006
139.03,-11.922,0.000,-1.486,-11.916,-0.000,1.489,0.007
139.05,-11.922,0.000,-1.486,-11.916,-0.000,1.489,0.007
139.07,-11.923,0.000,-1.486,-11.916,-0.000,1.489,0.008
139.09,-11.923,0.000,-1.486,-11.916,-0.000,1.489,0.008
139.12,-11.924,-0.001,-1.486,-11.916,-0.000,1.489,0.009
139.14,-11.924,-0.001,-1.486,-11.916,-0.000,1.489,0.009
139.16,-11.924,-0.001,-1.486,-11.916,-0.000,1.489,0.009
139.18,-11.926,-0.001,-1.486,-11.916,-0.000,1.489,0.010
139.20,-11.926,-0.001,-1.486,-11.916,-0.000,1.489,0.010
139.22,-11.927,-0.002,-1.487,-11.916,-0.000,1.489,0.011
139.24,-11.927,-0.002,-1.487,-11.916,-0.000,1.489,0.011
139.26,-11.928,-0.003,-1.487,-11.916,-0.000,1.489,0.012
139.28,-11.928,-0.003,-1.487,-11.916,-0.000,1.489,0.012
139.30,-11.929,-0.004,-1.487,-11.916,-0.000,1.489,0.013
139.32,-11.929,-0.004,-1.487,-11.916,-0.000,1.489,0.013
139.34,-11.929,-0.005,-1.488,-11.916,-0.000,1.489,0.014
139.37,-11.929,-0.005,-1.488,-11.916,-0.000,1.489,0.014
139.39,-11.929,-0.006,-1.488,-11.916,-0.000,1.489,0.015
139.41,-11.929,-0.006,-1.488,-11.916,-0.000,1.489,0.015
139.43,-11.929,-0.007,-1.488,-11.916,-0.000,1.489,0.015
139.45,-11.929,-0.007,-1.488,-11.916,-0.000,1.489,0.015
139.47,-11.929,-0.008,-1.489,-11.916,-0.000,1.489,0.016
139.49,-11.929,-0.008,-1.489,-11.916,-0.000,1.489,0.016
139.51,-11.929,-0.009,-1.490,-11.916,-0.000,1.489,0.016
139.53,-11.929,-0.009,-1.490,-11.916,-0.000,1.489,0.016
139.55,-11.929,-0.009,-1.490,-11.916,-0.000,1.489,0.016
139.57,-11.929,-0.009,-1.490,-11.916,-0.000,1.489,0.016
139.59,-11.929,-0.009,-1.491,-11.916,-0.000,1.489,0.016
139.62,-11.929,-0.009,-1.491,-11.916,-0.000,1.489,0.016
139.64,-11.928,-0.009,-1.492,-11.916,-0.000,1.489,0.015
139.66,-11.928,-0.009,-1.492,-11.916,-0.000,1.489,0.015
139.68,-11.928,-0.009,-1.492,-11.916,-0.000,1.489,0.015
139.70,-11.927,-0.009,-1.492,-11.916,-0.000,1.489,0.015
139.72,-11.927,-0.009,-1.492,-11.916,-0.000,1.489,0.015
139.74,-11.927,-0.009,-1.493,-11.916,-0.000,1.489,0.014
139.76,-11.927,-0.009,-1.493,-11.916,-0.000,1.489,0.014
139.78,-11.926,-0.008,-1.494,-11.916,-0.000,1.489,0.014
139.80,-11.926,-0.008,-1.494,-11.916,-0.000,1.489,0.014
139.82,-11.926,-0.007,-1.494,-11.916,-0.000,1.489,0.013
139.85,-11.926,-0.007,-1.494,-11.916,-0.000,1.489,0.013
139.87,-11.925,-0.006,-1.495,-11.916,-0.000,1.489,0.012
139.89,-11.925,-0.006,-1.495,-11.916,-0.000,1.489,0.012
139.91,-11.924,-0.005,-1.496,-11.916,-0.000,1.489,0.012
139.93,-11.924,-0.005,-1.496,-11.916,-0.000,1.489,0.012
139.95,-11.924,-0.003,-1.496,-11.916,-0.000,1.489,0.011
139.97,-11.924,-0.003,-1.496,-11.916,-0.000,1.489,0.011
139.99,-11.923,-0.002,-1.497,-11.916,-0.000,1.489,0.011
140.01,-11.923,-0.002,-1.497,-11.916,-0.000,1.489,0.011
140.03,-11.922,-0.000,-1.498,-11.916,-0.000,1.489,0.011
140.05,-11.922,-0.000,-1.498,-11.916,-0.000,1.489,0.011
140.08,-11.921,0.001,-1.498,-11.916,-0.000,1.489,0.011
140.10,-11.921,0.001,-1.498,-11.916,-0.000,1.489,0.011
140.12,-11.920,0.003,-1.498,-11.916,-0.000,1.489,0.011
140.14,-11.920,0.003,-1.498,-11.916,-0.000,1.489,0.011
140.16,-11.920,0.003,-1.498,-11.916,-0.000,1.489,0.011
140.18,-11.920,0.005,-1.499,-11.916,-0.000,1.489,0.012
140.20,-11.920,0.005,-1.499,-11.916,-0.000,1.489,0.012
140.22,-11.919,0.006,-1.499,-11.916,-0.000,1.489,0.012
140.24,-11.919,0.006,-1.499,-11.916,-0.000,1.489,0.012
140.26,-11.918,0.007,-1.499,-11.916,-0.000,1.489,0.013
140.28,-11.918,0.007,-1.499,-11.916,-0.000,1.489,0.013
140.30,-11.918,0.009,-1.499,-11.916,-0.000,1.489,0.013
140.32,-11.918,0.009,-1.499,-11.916,-0.000,1.489,0.013
140.35,-11.917,0.010,-1.499,-11.916,-0.000,1.489,0.014
140.37,-11.917,0.010,-1.499,-11.916,-0.000,1.489,0.014
140.39,-11.917,0.011,-1.498,-11.916,-0.000,1.489,0.015
140.41,-11.917,0.011,-1.498,-11.916,-0.000,1.489,0.015
140.43,-11.916,0.012,-1.498,-11.916,-0.000,1.489,0.015
140.45,-11.916,0.012,-1.498,-11.916,-0.000,1.489,0.015
140.47,-11.916,0.013,-1.498,-11.916,-0.000,1.489,0.015
140.49,-11.916,0.013,-1.498,-11.916,-0.000,1.489,0.015
140.51,-11.916,0.013,-1.497,-11.916,-0.000,1.489,0.016
140.53,-11.916,0.013,-1.497,-11.916,-0.000,1.489,0.016
140.55,-11.916,0.013,-1.496,-11.916,-0.000,1.489,0.016
140.57,-11.916,0.013,-1.496,-11.916,-0.000,1.489,0.016
140.60,-11.916,0.014,-1.496,-11.916,-0.000,1.489,0.016
140.62,-11.916,0.014,-1.496,-11.916,-0.000,1.489,0.016
140.64,-11.916,0.014,-1.494,-11.916,-0.000,1.489,0.015
140.66,-11.916,0.014,-1.494,-11.916,-0.000,1.489,0.015
140.68,-11.916,0.014,-1.494,-11.916,-0.000,1.489,0.015
140.70,-11.916,0.015,-1.493,-11.916,-0.000,1.489,0.015
140.72,-11.916,0.015,-1.493,-11.916,-0.000,1.489,0.015
140.74,-11.916,0.015,-1.491,-11.916,-0.000,1.489,0.015
140.76,-11.916,0.015,-1.491,-11.916,-0.000,1.489,0.015
140.78,-11.915,0.015,-1.490,-11.916,-0.000,1.489,0.015
140.80,-11.915,0.015,-1.490,-11.916,-0.000,1.489,0.015
140.82,-11.915,0.015,-1.489,-11.916,-0.000,1.489,0.015
140.85,-11.915,0.015,-1.489,-11.916,-0.000,1.489,0.015
140.87,-11.915,0.014,-1.488,-11.916,-0.000,1.489,0.015
140.89,-11.915,0.014,-1.488,-11.916,-0.000,1.489,0.015
140.91,-11.914,0.014,-1.487,-11.916,-0.000,1.489,0.014
140.93,-11.914,0.014,-1.487,-11.916,-0.000,1.489,0.014
140.95,-11.914,0.014,-1.486,-11.916,-0.000,1.489,0.014
140.97,-11.914,0.014,-1.486,-11.916,-0.000,1.489,0.014
140.99,-11.913,0.013,-1.485,-11.916,-0.000,1.489,0.014
141.01,-11.913,0.013,-1.485,-11.916,-0.000,1.489,0.014
141.03,-11.912,0.013,-1.484,-11.916,-0.000,1.489,0.014
141.06,-11.912,0.013,-1.484,-11.916,-0.000,1.489,0.014
141.08,-11.911,0.012,-1.483,-11.916,-0.000,1.489,0.014
141.10,-11.911,0.012,-1.483,-11.916,-0.000,1.489,0.014
141.12,-11.911,0.011,-1.482,-11.916,-0.000,1.489,0.014
141.14,-11.911,0.011,-1.482,-11.916,-0.000,1.489,0.014
141.16,-11.910,0.011,-1.482,-11.916,-0.000,1.489,0.014
141.18,-11.910,0.011,-1.482,-11.916,-0.000,1.489,0.014
141.20,-11.910,0.011,-1.482,-11.916,-0.000,1.489,0.014
141.22,-11.909,0.010,-1.481,-11.916,-0.000,1.489,0.015
141.24,-11.909,0.010,-1.481,-11.916,-0.000,1.489,0.015
141.26,-11.908,0.009,-1.481,-11.916,-0.000,1.489,0.015
141.28,-11.908,0.009,-1.481,-11.916,-0.000,1.489,0.015
141.31,-11.907,0.009,-1.481,-11.916,-0.000,1.489,0.015
141.33,-11.907,0.009,-1.481,-11.916,-0.000,1.489,0.015
141.35,-11.907,0.008,-1.481,-11.916,-0.000,1.489,0.015
141.37,-11.907,0.008,-1.481,-11.916,-0.000,1.489,0.015
141.39,-11.906,0.008,-1.481,-11.916,-0.000,1.489,0.015
141.41,-11.906,0.008,-1.481,-11.916,-0.000,1.489,0.015
141.43,-11.906,0.008,-1.481,-11.916,-0.000,1.489,0.015
141.45,-11.906,0.008,-1.481,-11.916,-0.000,1.489,0.015
141.47,-11.905,0.008,-1.481,-11.916,-0.000,1.489,0.015
141.49,-11.905,0.008,-1.481,-11.916,-0.000,1.489,0.015
141.51,-11.905,0.007,-1.481,-11.916,-0.000,1.489,0.015
141.53,-11.905,0.007,-1.481,-11.916,-0.000,1.489,0.015
141.56,-11.905,0.007,-1.481,-11.916,-0.000,1.489,0.015
141.58,-11.905,0.007,-1.481,-11.916,-0.000,1.489,0.015
141.60,-11.905,0.007,-1.482,-11.916,-0.000,1.489,0.015
141.62,-11.905,0.007,-1.482,-11.916,-0.000,1.489,0.015
141.64,-11.905,0.007,-1.482,-11.916,-0.000,1.489,0.015
141.66,-11.905,0.007,-1.482,-11.916,-0.000,1.489,0.015
141.68,-11.905,0.007,-1.482,-11.916,-0.000,1.489,0.015
141.70,-11.904,0.007,-1.482,-11.916,-0.000,1.489,0.016
141.72,-11.904,0.007,-1.482,-11.916,-0.000,1.489,0.016
141.74,-11.904,0.007,-1.482,-11.916,-0.000,1.489,0.016
141.76,-11.904,0.007,-1.482,-11.916,-0.000,1.489,0.016
141.79,-11.904,0.008,-1.482,-11.916,-0.000,1.489,0.016
141.81,-11.904,0.008,-1.482,-11.916,-0.000,1.489,0.016
141.83,-11.903,0.008,-1.482,-11.916,-0.000,1.489,0.017
141.85,-11.903,0.008,-1.482,-11.916,-0.000,1.489,0.017
141.87,-11.903,0.008,-1.482,-11.916,-0.000,1.489,0.017
141.89,-11.903,0.008,-1.482,-11.916,-0.000,1.489,0.017
141.91,-11.902,0.009,-1.482,-11.916,-0.000,1.489,0.018
141.93,-11.902,0.009,-1.482,-11.916,-0.000,1.489,0.018
141.95,-11.901,0.009,-1.482,-11.916,-0.000,1.489,0.018
141.97,-11.901,0.009,-1.482,-11.916,-0.000,1.489,0.018
141.99,-11.901,0.009,-1.483,-11.916,-0.000,1.489,0.019
142.01,-11.901,0.009,-1.483,-11.916,-0.000,1.489,0.019
142.04,-11.901,0.009,-1.483,-11.916,-0.000,1.489,0.019
142.06,-11.901,0.009,-1.483,-11.916,-0.000,1.489,0.019
142.08,-11.900,0.008,-1.484,-11.916,-0.000,1.489,0.019
142.10,-11.900,0.008,-1.484,-11.916,-0.000,1.489,0.019
142.12,-11.900,0.008,-1.484,-11.916,-0.000,1.489,0.019
142.14,-11.900,0.008,-1.484,-11.916,-0.000,1.489,0.019
142.16,-11.900,0.007,-1.484,-11.916,-0.000,1.489,0.019
142.18,-11.900,0.007,-1.484,-11.916,-0.000,1.489,0.019
142.20,-11.900,0.007,-1.484,-11.916,-0.000,1.489,0.019
142.22,-11.899,0.007,-1.484,-11.916,-0.000,1.489,0.019
142.24,-11.899,0.007,-1.484,-11.916,-0.000,1.489,0.019
142.27,-11.899,0.006,-1.484,-11.916,-0.000,1.489,0.019
142.29,-11.899,0.006,-1.484,-11.916,-0.000,1.489,0.019
142.31,-11.899,0.006,-1.483,-11.916,-0.000,1.489,0.019
142.33,-11.899,0.006,-1.483,-11.916,-0.000,1.489,0.019
142.35,-11.900,0.006,-1.483,-11.916,-0.000,1.489,0.018
142.37,-11.900,0.006,-1.483,-11.916,-0.000,1.489,0.018
142.39,-11.900,0.005,-1.483,-11.916,-0.000,1.489,0.018
142.41,-11.900,0.005,-1.483,-11.916,-0.000,1.489,0.018
142.43,-11.900,0.005,-1.483,-11.916,-0.000,1.489,0.018
142.45,-11.900,0.005,-1.483,-11.916,-0.000,1.489,0.018
142.47,-11.901,0.005,-1.483,-11.916,-0.000,1.489,0.017
142.49,-11.901,0.005,-1.483,-11.916,-0.000,1.489,0.017
142.52,-11.901,0.004,-1.484,-11.916,-0.000,1.489,0.016
142.54,-11.901,0.004,-1.484,-11.916,-0.000,1.489,0.016
142.56,-11.902,0.004,-1.484,-11.916,-0.000,1.489,0.015
142.58,-11.902,0.004,-1.484,-11.916,-0.000,1.489,0.015
142.60,-11.903,0.004,-1.484,-11.916,-0.000,1.489,0.015
142.62,-11.903,0.004,-1.484,-11.916,-0.000,1.489,0.015
142.64,-11.903,0.003,-1.485,-11.916,-0.000,1.489,0.014
142.66,-11.903,0.003,-1.485,-11.916,-0.000,1.489,0.014
142.68,-11.903,0.003,-1.485,-11.916,-0.000,1.489,0.014
142.70,-11.904,0.003,-1.485,-11.916,-0.000,1.489,0.013
142.72,-11.904,0.003,-1.485,-11.916,-0.000,1.489,0.013
142.74,-11.904,0.003,-1.485,-11.916,-0.000,1.489,0.013
142.76,-11.904,0.003,-1.485,-11.916,-0.000,1.489,0.013
142.79,-11.904,0.003,-1.486,-11.916,-0.000,1.489,0.012
142.81,-11.904,0.003,-1.486,-11.916,-0.000,1.489,0.012
142.83,-11.905,0.003,-1.487,-11.916,-0.000,1.489,0.012
142.85,-11.905,0.003,-1.487,-11.916,-0.000,1.489,0.012
142.87,-11.905,0.003,-1.487,-11.916,-0.000,1.489,0.012
142.89,-11.905,0.003,-1.487,-11.916,-0.000,1.489,0.012
142.91,-11.905,0.004,-1.488,-11.916,-0.000,1.489,0.012
142.93,-11.905,0.004,-1.488,-11.916,-0.000,1.489,0.012
142.95,-11.905,0.004,-1.488,-11.916,-0.000,1.489,0.011
142.97,-11.905,0.004,-1.488,-11.916,-0.000,1.489,0.011
142.99,-11.906,0.004,-1.489,-11.916,-0.000,1.489,0.011
143.02,-11.906,0.004,-1.489,-11.916,-0.000,1.489,0.011
143.04,-11.906,0.005,-1.489,-11.916,-0.000,1.489,0.011
143.06,-11.906,0.005,-1.489,-11.916,-0.000,1.489,0.011
143.08,-11.907,0.006,-1.489,-11.916,-0.000,1.489,0.011
143.10,-11.907,0.006,-1.489,-11.916,-0.000,1.489,0.011
143.12,-11.907,0.006,-1.489,-11.916,-0.000,1.489,0.011
143.14,-11.907,0.006,-1.489,-11.916,-0.000,1.489,0.011
143.16,-11.908,0.007,-1.489,-11.916,-0.000,1.489,0.011
143.18,-11.908,0.007,-1.489,-11.916,-0.000,1.489,0.011
143.20,-11.908,0.007,-1.489,-11.916,-0.000,1.489,0.011
143.22,-11.909,0.008,-1.489,-11.916,-0.000,1.489,0.011
143.24,-11.909,0.008,-1.489,-11.916,-0.000,1.489,0.011
143.27,-11.909,0.009,-1.489,-11.916,-0.000,1.489,0.012
143.29,-11.909,0.009,-1.489,-11.916,-0.000,1.489,0.012
143.31,-11.910,0.010,-1.489,-11.916,-0.000,1.489,0.012
143.33,-11.910,0.010,-1.489,-11.916,-0.000,1.489,0.012
143.35,-11.911,0.011,-1.489,-11.916,-0.000,1.489,0.012
143.37,-11.911,0.011,-1.489,-11.916,-0.000,1.489,0.012
143.39,-11.911,0.012,-1.490,-11.916,-0.000,1.489,0.013
143.41,-11.911,0.012,-1.490,-11.916,-0.000,1.489,0.013
143.43,-11.912,0.012,-1.490,-11.916,-0.000,1.489,0.013
143.45,-11.912,0.012,-1.490,-11.916,-0.000,1.489,0.013
143.47,-11.913,0.013,-1.491,-11.916,-0.000,1.489,0.014
143.49,-11.913,0.013,-1.491,-11.916,-0.000,1.489,0.014
143.52,-11.913,0.013,-1.491,-11.916,-0.000,1.489,0.014
143.54,-11.913,0.013,-1.491,-11.916,-0.000,1.489,0.014
143.56,-11.914,0.014,-1.492,-11.916,-0.000,1.489,0.014
143.58,-11.914,0.014,-1.492,-11.916,-0.000,1.489,0.014
143.60,-11.915,0.014,-1.493,-11.916,-0.000,1.489,0.014
143.62,-11.915,0.014,-1.493,-11.916,-0.000,1.489,0.014
143.64,-11.916,0.013,-1.494,-11.916,-0.000,1.489,0.014
143.66,-11.916,0.013,-1.494,-11.916,-0.000,1.489,0.014
143.68,-11.916,0.013,-1.494,-11.916,-0.000,1.489,0.014
143.70,-11.917,0.013,-1.495,-11.916,-0.000,1.489,0.014
143.72,-11.917,0.013,-1.495,-11.916,-0.000,1.489,0.014
143.74,-11.919,0.013,-1.495,-11.916,-0.000,1.489,0.014
143.76,-11.919,0.013,-1.495,-11.916,-0.000,1.489,0.014
143.79,-11.920,0.012,-1.496,-11.916,-0.000,1.489,0.015
143.81,-11.920,0.012,-1.496,-11.916,-0.000,1.489,0.015
143.83,-11.922,0.011,-1.497,-11.916,-0.000,1.489,0.015
143.85,-11.922,0.011,-1.497,-11.916,-0.000,1.489,0.015
143.87,-11.923,0.010,-1.497,-11.916,-0.000,1.489,0.015
143.89,-11.923,0.010,-1.497,-11.916,-0.000,1.489,0.015
143.91,-11.925,0.009,-1.498,-11.916,-0.000,1.489,0.016
143.93,-11.925,0.009,-1.498,-11.916,-0.000,1.489,0.016
143.95,-11.927,0.008,-1.498,-11.916,-0.000,1.489,0.016
143.97,-11.927,0.008,-1.498,-11.916,-0.000,1.489,0.016
143.99,-11.928,0.007,-1.498,-11.916,-0.000,1.489,0.017
144.02,-11.928,0.007,-1.498,-11.916,-0.000,1.489,0.017
144.04,-11.930,0.004,-1.498,-11.916,-0.000,1.489,0.017
144.06,-11.930,0.004,-1.498,-11.916,-0.000,1.489,0.017
144.08,-11.931,0.003,-1.498,-11.916,-0.000,1.489,0.018
144.10,-11.931,0.003,-1.498,-11.916,-0.000,1.489,0.018
144.12,-11.932,0.001,-1.498,-11.916,-0.000,1.489,0.019
144.14,-11.932,0.001,-1.498,-11.916,-0.000,1.489,0.019
144.16,-11.934,-0.001,-1.498,-11.916,-0.000,1.489,0.020
144.18,-11.934,-0.001,-1.498,-11.916,-0.000,1.489,0.020
144.20,-11.934,-0.001,-1.498,-11.916,-0.000,1.489,0.020
144.22,-11.935,-0.003,-1.498,-11.916,-0.000,1.489,0.021
144.24,-11.935,-0.003,-1.498,-11.916,-0.000,1.489,0.021
144.26,-11.937,-0.004,-1.497,-11.916,-0.000,1.489,0.022
144.28,-11.937,-0.004,-1.497,-11.916,-0.000,1.489,0.022
144.31,-11.938,-0.006,-1.496,-11.916,-0.000,1.489,0.024
144.33,-11.938,-0.006,-1.496,-11.916,-0.000,1.489,0.024
144.35,-11.939,-0.007,-1.495,-11.916,-0.000,1.489,0.025
144.37,-11.939,-0.007,-1.495,-11.916,-0.000,1.489,0.025
144.39,-11.940,-0.009,-1.494,-11.916,-0.000,1.489,0.026
144.41,-11.940,-0.009,-1.494,-11.916,-0.000,1.489,0.026
144.43,-11.941,-0.010,-1.493,-11.916,-0.000,1.489,0.027
144.45,-11.941,-0.010,-1.493,-11.916,-0.000,1.489,0.027
144.47,-11.941,-0.011,-1.492,-11.916,-0.000,1.489,0.028
144.49,-11.941,-0.011,-1.492,-11.916,-0.000,1.489,0.028
144.51,-11.942,-0.012,-1.491,-11.916,-0.000,1.489,0.029
144.53,-11.942,-0.012,-1.491,-11.916,-0.000,1.489,0.029
144.56,-11.943,-0.013,-1.490,-11.916,-0.000,1.489,0.030
144.58,-11.943,-0.013,-1.490,-11.916,-0.000,1.489,0.030
144.60,-11.944,-0.014,-1.489,-11.916,-0.000,1.489,0.031
144.62,-11.944,-0.014,-1.489,-11.916,-0.000,1.489,0.031
144.64,-11.944,-0.014,-1.488,-11.916,-0.000,1.489,0.031
144.66,-11.944,-0.014,-1.488,-11.916,-0.000,1.489,0.031
144.68,-11.944,-0.015,-1.487,-11.916,-0.000,1.489,0.032
144.70,-11.944,-0.015,-1.487,-11.916,-0.000,1.489,0.032
144.72,-11.944,-0.015,-1.487,-11.916,-0.000,1.489,0.032
144.74,-11.945,-0.016,-1.486,-11.916,-0.000,1.489,0.033
144.76,-11.945,-0.016,-1.486,-11.916,-0.000,1.489,0.033
144.78,-11.945,-0.017,-1.485,-11.916,-0.000,1.489,0.033
144.81,-11.945,-0.017,-1.485,-11.916,-0.000,1.489,0.033
144.83,-11.945,-0.017,-1.485,-11.916,-0.000,1.489,0.034
144.85,-11.945,-0.017,-1.485,-11.916,-0.000,1.489,0.034
144.87,-11.945,-0.018,-1.484,-11.916,-0.000,1.489,0.034
144.89,-11.945,-0.018,-1.484,-11.916,-0.000,1.489,0.034
144.91,-11.945,-0.019,-1.484,-11.916,-0.000,1.489,0.035
144.93,-11.945,-0.019,-1.484,-11.916,-0.000,1.489,0.035
144.95,-11.945,-0.020,-1.484,-11.916,-0.000,1.489,0.035
144.97,-11.945,-0.020,-1.484,-11.916,-0.000,1.489,0.035
144.99,-11.945,-0.020,-1.484,-11.916,-0.000,1.489,0.035
145.01,-11.945,-0.020,-1.484,-11.916,-0.000,1.489,0.035
145.04,-11.945,-0.021,-1.484,-11.916,-0.000,1.489,0.036
145.06,-11.945,-0.021,-1.484,-11.916,-0.000,1.489,0.036
145.08,-11.944,-0.022,-1.484,-11.916,-0.000,1.489,0.036
145.10,-11.944,-0.022,-1.484,-11.916,-0.000,1.489,0.036
145.12,-11.944,-0.022,-1.485,-11.916,-0.000,1.489,0.036
145.14,-11.944,-0.022,-1.485,-11.916,-0.000,1.489,0.036
145.16,-11.944,-0.023,-1.486,-11.916,-0.000,1.489,0.036
145.18,-11.944,-0.023,-1.486,-11.916,-0.000,1.489,0.036
145.20,-11.944,-0.023,-1.486,-11.916,-0.000,1.489,0.036
145.22,-11.943,-0.023,-1.486,-11.916,-0.000,1.489,0.036
145.24,-11.943,-0.023,-1.486,-11.916,-0.000,1.489,0.036
145.26,-11.943,-0.023,-1.487,-11.916,-0.000,1.489,0.035
145.28,-11.943,-0.023,-1.487,-11.916,-0.000,1.489,0.035
145.31,-11.942,-0.023,-1.487,-11.916,-0.000,1.489,0.035
145.33,-11.942,-0.023,-1.487,-11.916,-0.000,1.489,0.035
145.35,-11.942,-0.022,-1.488,-11.916,-0.000,1.489,0.034
145.37,-11.942,-0.022,-1.488,-11.916,-0.000,1.489,0.034
145.39,-11.941,-0.022,-1.488,-11.916,-0.000,1.489,0.033
145.41,-11.941,-0.022,-1.488,-11.916,-0.000,1.489,0.033
145.43,-11.940,-0.022,-1.488,-11.916,-0.000,1.489,0.032
145.45,-11.940,-0.022,-1.488,-11.916,-0.000,1.489,0.032
145.47,-11.940,-0.021,-1.489,-11.916,-0.000,1.489,0.032
145.49,-11.940,-0.021,-1.489,-11.916,-0.000,1.489,0.032
145.51,-11.939,-0.020,-1.489,-11.916,-0.000,1.489,0.031
145.53,-11.939,-0.020,-1.489,-11.916,-0.000,1.489,0.031
145.56,-11.938,-0.020,-1.489,-11.916,-0.000,1.489,0.030
145.58,-11.938,-0.020,-1.489,-11.916,-0.000,1.489,0.030
145.60,-11.937,-0.019,-1.489,-11.916,-0.000,1.489,0.028
145.62,-11.937,-0.019,-1.489,-11.916,-0.000,1.489,0.028
145.64,-11.936,-0.018,-1.489,-11.916,-0.000,1.489,0.027
145.66,-11.936,-0.018,-1.489,-11.916,-0.000,1.489,0.027
145.68,-11.935,-0.018,-1.489,-11.916,-0.000,1.489,0.026
145.70,-11.935,-0.018,-1.489,-11.916,-0.000,1.489,0.026
145.72,-11.935,-0.018,-1.489,-11.916,-0.000,1.489,0.026
145.74,-11.933,-0.017,-1.488,-11.916,-0.000,1.489,0.024
145.76,-11.933,-0.017,-1.488,-11.916,-0.000,1.489,0.024
145.78,-11.932,-0.016,-1.488,-11.916,-0.000,1.489,0.023
145.80,-11.932,-0.016,-1.488,-11.916,-0.000,1.489,0.023
145.83,-11.931,-0.015,-1.487,-11.916,-0.000,1.489,0.021
145.85,-11.931,-0.015,-1.487,-11.916,-0.000,1.489,0.021
145.87,-11.929,-0.015,-1.487,-11.916,-0.000,1.489,0.020
145.89,-11.929,-0.015,-1.487,-11.916,-0.000,1.489,0.020
145.91,-11.927,-0.014,-1.487,-11.916,-0.000,1.489,0.018
145.93,-11.927,-0.014,-1.487,-11.916,-0.000,1.489,0.018
145.95,-11.925,-0.013,-1.486,-11.916,-0.000,1.489,0.016
145.97,-11.925,-0.013,-1.486,-11.916,-0.000,1.489,0.016
145.99,-11.923,-0.013,-1.486,-11.916,-0.000,1.489,0.015
146.01,-11.923,-0.013,-1.486,-11.916,-0.000,1.489,0.015
146.03,-11.921,-0.012,-1.486,-11.916,-0.000,1.489,0.013
146.05,-11.921,-0.012,-1.486,-11.916,-0.000,1.489,0.013
146.08,-11.919,-0.011,-1.485,-11.916,-0.000,1.489,0.012
146.10,-11.919,-0.011,-1.485,-11.916,-0.000,1.489,0.012
146.12,-11.916,-0.010,-1.485,-11.916,-0.000,1.489,0.011
146.14,-11.916,-0.010,-1.485,-11.916,-0.000,1.489,0.011
146.16,-11.914,-0.009,-1.485,-11.916,-0.000,1.489,0.010
146.18,-11.914,-0.009,-1.485,-11.916,-0.000,1.489,0.010
146.20,-11.911,-0.009,-1.485,-11.916,-0.000,1.489,0.011
146.22,-11.911,-0.009,-1.485,-11.916,-0.000,1.489,0.011
146.24,-11.911,-0.009,-1.485,-11.916,-0.000,1.489,0.011
146.26,-11.908,-0.008,-1.485,-11.916,-0.000,1.489,0.012
146.28,-11.908,-0.008,-1.485,-11.916,-0.000,1.489,0.012
146.30,-11.905,-0.007,-1.485,-11.916,-0.000,1.489,0.013
146.33,-11.905,-0.007,-1.485,-11.916,-0.000,1.489,0.013
146.35,-11.903,-0.007,-1.485,-11.916,-0.000,1.489,0.015
146.37,-11.903,-0.007,-1.485,-11.916,-0.000,1.489,0.015
146.39,-11.901,-0.006,-1.486,-11.916,-0.000,1.489,0.017
146.41,-11.901,-0.006,-1.486,-11.916,-0.000,1.489,0.017
146.43,-11.899,-0.006,-1.486,-11.916,-0.000,1.489,0.019
146.45,-11.899,-0.006,-1.486,-11.916,-0.000,1.489,0.019
146.47,-11.897,-0.006,-1.486,-11.916,-0.000,1.489,0.020
146.49,-11.897,-0.006,-1.486,-11.916,-0.000,1.489,0.020
146.51,-11.895,-0.007,-1.486,-11.916,-0.000,1.489,0.022
146.53,-11.895,-0.007,-1.486,-11.916,-0.000,1.489,0.022
146.55,-11.894,-0.007,-1.486,-11.916,-0.000,1.489,0.023
146.57,-11.894,-0.007,-1.486,-11.916,-0.000,1.489,0.023
146.60,-11.893,-0.007,-1.486,-11.916,-0.000,1.489,0.024
146.62,-11.893,-0.007,-1.486,-11.916,-0.000,1.489,0.024
146.64,-11.892,-0.008,-1.487,-11.916,-0.000,1.489,0.025
146.66,-11.892,-0.008,-1.487,-11.916,-0.000,1.489,0.025
146.68,-11.892,-0.009,-1.487,-11.916,-0.000,1.489,0.026
146.70,-11.892,-0.009,-1.487,-11.916,-0.000,1.489,0.026
146.72,-11.892,-0.009,-1.487,-11.916,-0.000,1.489,0.026
146.74,-11.891,-0.009,-1.487,-11.916,-0.000,1.489,0.026
146.76,-11.891,-0.009,-1.487,-11.916,-0.000,1.489,0.026
146.78,-11.891,-0.010,-1.487,-11.916,-0.000,1.489,0.027
146.80,-11.891,-0.010,-1.487,-11.916,-0.000,1.489,0.027
146.82,-11.892,-0.011,-1.487,-11.916,-0.000,1.489,0.027
146.84,-11.892,-0.011,-1.487,-11.916,-0.000,1.489,0.027
146.87,-11.892,-0.011,-1.487,-11.916,-0.000,1.489,0.027
146.89,-11.892,-0.011,-1.487,-11.916,-0.000,1.489,0.027
146.91,-11.892,-0.012,-1.487,-11.916,-0.000,1.489,0.026
146.93,-11.892,-0.012,-1.487,-11.916,-0.000,1.489,0.026
146.95,-11.893,-0.012,-1.487,-11.916,-0.000,1.489,0.026
146.97,-11.893,-0.012,-1.487,-11.916,-0.000,1.489,0.026
146.99,-11.894,-0.012,-1.487,-11.916,-0.000,1.489,0.025
147.01,-11.894,-0.012,-1.487,-11.916,-0.000,1.489,0.025
147.03,-11.895,-0.012,-1.487,-11.916,-0.000,1.489,0.024
147.05,-11.895,-0.012,-1.487,-11.916,-0.000,1.489,0.024
147.07,-11.896,-0.012,-1.487,-11.916,-0.000,1.489,0.023
147.09,-11.896,-0.012,-1.487,-11.916,-0.000,1.489,0.023
147.12,-11.898,-0.012,-1.487,-11.916,-0.000,1.489,0.022
147.14,-11.898,-0.012,-1.487,-11.916,-0.000,1.489,0.022
147.16,-11.900,-0.012,-1.487,-11.916,-0.000,1.489,0.021
147.18,-11.900,-0.012,-1.487,-11.916,-0.000,1.489,0.021
147.20,-11.901,-0.012,-1.487,-11.916,-0.000,1.489,0.019
147.22,-11.901,-0.012,-1.487,-11.916,-0.000,1.489,0.019
147.24,-11.901,-0.012,-1.487,-11.916,-0.000,1.489,0.019
147.26,-11.903,-0.013,-1.487,-11.916,-0.000,1.489,0.018
147.28,-11.903,-0.013,-1.487,-11.916,-0.000,1.489,0.018
147.30,-11.905,-0.013,-1.487,-11.916,-0.000,1.489,0.017
147.32,-11.905,-0.013,-1.487,-11.916,-0.000,1.489,0.017
147.34,-11.907,-0.013,-1.488,-11.916,-0.000,1.489,0.016
147.36,-11.907,-0.013,-1.488,-11.916,-0.000,1.489,0.016
147.39,-11.908,-0.013,-1.488,-11.916,-0.000,1.489,0.015
147.41,-11.908,-0.013,-1.488,-11.916,-0.000,1.489,0.015
147.43,-11.910,-0.013,-1.488,-11.916,-0.000,1.489,0.015
147.45,-11.910,-0.013,-1.488,-11.916,-0.000,1.489,0.015
147.47,-11.911,-0.013,-1.489,-11.916,-0.000,1.489,0.014
147.49,-11.911,-0.013,-1.489,-11.916,-0.000,1.489,0.014
147.51,-11.912,-0.013,-1.489,-11.916,-0.000,1.489,0.014
147.53,-11.912,-0.013,-1.489,-11.916,-0.000,1.489,0.014
147.55,-11.914,-0.013,-1.489,-11.916,-0.000,1.489,0.013
147.57,-11.914,-0.013,-1.489,-11.916,-0.000,1.489,0.013
147.59,-11.915,-0.013,-1.490,-11.916,-0.000,1.489,0.013
147.62,-11.915,-0.013,-1.490,-11.916,-0.000,1.489,0.013
147.64,-11.916,-0.012,-1.490,-11.916,-0.000,1.489,0.012
147.66,-11.916,-0.012,-1.490,-11.916,-0.000,1.489,0.012
147.68,-11.917,-0.012,-1.490,-11.916,-0.000,1.489,0.012
147.70,-11.917,-0.012,-1.490,-11.916,-0.000,1.489,0.012
147.72,-11.917,-0.012,-1.490,-11.916,-0.000,1.489,0.012
147.74,-11.918,-0.010,-1.490,-11.916,-0.000,1.489,0.011
147.76,-11.918,-0.010,-1.490,-11.916,-0.000,1.489,0.011
147.78,-11.919,-0.009,-1.490,-11.916,-0.000,1.489,0.010
147.80,-11.919,-0.009,-1.490,-11.916,-0.000,1.489,0.010
147.82,-11.919,-0.009,-1.490,-11.916,-0.000,1.489,0.009
147.84,-11.919,-0.009,-1.490,-11.916,-0.000,1.489,0.009
147.86,-11.919,-0.008,-1.490,-11.916,-0.000,1.489,0.008
147.89,-11.919,-0.008,-1.490,-11.916,-0.000,1.489,0.008
147.91,-11.919,-0.007,-1.490,-11.916,-0.000,1.489,0.007
147.93,-11.919,-0.007,-1.490,-11.916,-0.000,1.489,0.007
147.95,-11.919,-0.005,-1.489,-11.916,-0.000,1.489,0.006
147.97,-11.919,-0.005,-1.489,-11.916,-0.000,1.489,0.006
147.99,-11.919,-0.004,-1.489,-11.916,-0.000,1.489,0.005
148.01,-11.919,-0.004,-1.489,-11.916,-0.000,1.489,0.005
148.03,-11.918,-0.003,-1.489,-11.916,-0.000,1.489,0.003
148.05,-11.918,-0.003,-1.489,-11.916,-0.000,1.489,0.003
148.07,-11.918,-0.002,-1.489,-11.916,-0.000,1.489,0.002
148.09,-11.918,-0.002,-1.489,-11.916,-0.000,1.489,0.002
148.11,-11.917,-0.000,-1.490,-11.916,-0.000,1.489,0.001
148.13,-11.917,-0.000,-1.490,-11.916,-0.000,1.489,0.001
148.16,-11.916,0.001,-1.490,-11.916,-0.000,1.489,0.002
148.18,-11.916,0.001,-1.490,-11.916,-0.000,1.489,0.002
148.20,-11.915,0.002,-1.490,-11.916,-0.000,1.489,0.003
148.22,-11.915,0.002,-1.490,-11.916,-0.000,1.489,0.003
148.24,-11.915,0.002,-1.490,-11.916,-0.000,1.489,0.003
148.26,-11.914,0.004,-1.490,-11.916,-0.000,1.489,0.005
148.28,-11.914,0.004,-1.490,-11.916,-0.000,1.489,0.005
148.30,-11.913,0.005,-1.489,-11.916,-0.000,1.489,0.006
148.32,-11.913,0.005,-1.489,-11.916,-0.000,1.489,0.006
148.34,-11.912,0.006,-1.489,-11.916,-0.000,1.489,0.007
148.36,-11.912,0.006,-1.489,-11.916,-0.000,1.489,0.007
148.38,-11.912,0.007,-1.489,-11.916,-0.000,1.489,0.008
148.40,-11.912,0.007,-1.489,-11.916,-0.000,1.489,0.008
148.43,-11.912,0.008,-1.489,-11.916,-0.000,1.489,0.009
148.45,-11.912,0.008,-1.489,-11.916,-0.000,1.489,0.009
148.47,-11.911,0.009,-1.489,-11.916,-0.000,1.489,0.010
148.49,-11.911,0.009,-1.489,-11.916,-0.000,1.489,0.010
148.51,-11.911,0.010,-1.489,-11.916,-0.000,1.489,0.011
148.53,-11.911,0.010,-1.489,-11.916,-0.000,1.489,0.011
148.55,-11.912,0.011,-1.489,-11.916,-0.000,1.489,0.013
148.57,-11.912,0.011,-1.489,-11.916,-0.000,1.489,0.013
148.59,-11.912,0.013,-1.490,-11.916,-0.000,1.489,0.014
148.61,-11.912,0.013,-1.490,-11.916,-0.000,1.489,0.014
148.63,-11.912,0.014,-1.490,-11.916,-0.000,1.489,0.015
148.65,-11.912,0.014,-1.490,-11.916,-0.000,1.489,0.015
148.68,-11.913,0.016,-1.490,-11.916,-0.000,1.489,0.017
148.70,-11.913,0.016,-1.490,-11.916,-0.000,1.489,0.017
148.72,-11.913,0.018,-1.490,-11.916,-0.000,1.489,0.018
148.74,-11.913,0.018,-1.490,-11.916,-0.000,1.489,0.018
148.76,-11.913,0.018,-1.490,-11.916,-0.000,1.489,0.018
148.78,-11.914,0.020,-1.491,-11.916,-0.000,1.489,0.020
148.80,-11.914,0.020,-1.491,-11.916,-0.000,1.489,0.020
148.82,-11.915,0.022,-1.491,-11.916,-0.000,1.489,0.022
148.84,-11.915,0.022,-1.491,-11.916,-0.000,1.489,0.022
148.86,-11.915,0.023,-1.490,-11.916,-0.000,1.489,0.024
148.88,-11.915,0.023,-1.490,-11.916,-0.000,1.489,0.024
148.90,-11.916,0.025,-1.490,-11.916,-0.000,1.489,0.025
148.93,-11.916,0.025,-1.490,-11.916,-0.000,1.489,0.025
148.95,-11.917,0.027,-1.490,-11.916,-0.000,1.489,0.027
148.97,-11.917,0.027,-1.490,-11.916,-0.000,1.489,0.027
148.99,-11.918,0.029,-1.490,-11.916,-0.000,1.489,0.029
149.01,-11.918,0.029,-1.490,-11.916,-0.000,1.489,0.029
149.03,-11.918,0.030,-1.490,-11.916,-0.000,1.489,0.031
149.05,-11.918,0.030,-1.490,-11.916,-0.000,1.489,0.031
149.07,-11.919,0.032,-1.490,-11.916,-0.000,1.489,0.032
149.09,-11.919,0.032,-1.490,-11.916,-0.000,1.489,0.032
149.11,-11.919,0.033,-1.489,-11.916,-0.000,1.489,0.034
149.13,-11.919,0.033,-1.489,-11.916,-0.000,1.489,0.034
149.15,-11.920,0.035,-1.489,-11.916,-0.000,1.489,0.035
149.18,-11.920,0.035,-1.489,-11.916,-0.000,1.489,0.035
149.20,-11.920,0.037,-1.490,-11.916,-0.000,1.489,0.038
149.22,-11.920,0.037,-1.490,-11.916,-0.000,1.489,0.038
149.24,-11.920,0.037,-1.490,-11.916,-0.000,1.489,0.038
149.26,-11.920,0.039,-1.490,-11.916,-0.000,1.489,0.040
149.28,-11.920,0.039,-1.490,-11.916,-0.000,1.489,0.040
149.30,-11.920,0.041,-1.491,-11.916,-0.000,1.489,0.041
149.32,-11.920,0.041,-1.491,-11.916,-0.000,1.489,0.041
149.34,-11.919,0.042,-1.491,-11.916,-0.000,1.489,0.042
149.36,-11.919,0.042,-1.491,-11.916,-0.000,1.489,0.042
149.38,-11.919,0.043,-1.492,-11.916,-0.000,1.489,0.044
149.40,-11.919,0.043,-1.492,-11.916,-0.000,1.489,0.044
149.43,-11.919,0.044,-1.492,-11.916,-0.000,1.489,0.044
149.45,-11.919,0.044,-1.492,-11.916,-0.000,1.489,0.044
149.47,-11.918,0.045,-1.492,-11.916,-0.000,1.489,0.045
149.49,-11.918,0.045,-1.492,-11.916,-0.000,1.489,0.045
149.51,-11.918,0.045,-1.492,-11.916,-0.000,1.489,0.046
149.53,-11.918,0.045,-1.492,-11.916,-0.000,1.489,0.046
149.55,-11.919,0.046,-1.493,-11.916,-0.000,1.489,0.046
149.57,-11.919,0.046,-1.493,-11.916,-0.000,1.489,0.046
149.59,-11.919,0.046,-1.493,-11.916,-0.000,1.489,0.046
149.61,-11.919,0.046,-1.493,-11.916,-0.000,1.489,0.046
149.63,-11.919,0.046,-1.493,-11.916,-0.000,1.489,0.046
149.65,-11.919,0.046,-1.493,-11.916,-0.000,1.489,0.046
149.68,-11.919,0.045,-1.494,-11.916,-0.000,1.489,0.046
149.70,-11.919,0.045,-1.494,-11.916,-0.000,1.489,0.046
149.72,-11.919,0.045,-1.495,-11.916,-0.000,1.489,0.045
149.74,-11.919,0.045,-1.495,-11.916,-0.000,1.489,0.045
149.76,-11.919,0.045,-1.495,-11.916,-0.000,1.489,0.045
149.78,-11.919,0.044,-1.495,-11.916,-0.000,1.489,0.045
149.80,-11.919,0.044,-1.495,-11.916,-0.000,1.489,0.045
149.82,-11.919,0.044,-1.495,-11.916,-0.000,1.489,0.044
149.84,-11.919,0.044,-1.495,-11.916,-0.000,1.489,0.044
149.86,-11.918,0.043,-1.496,-11.916,-0.000,1.489,0.044
149.88,-11.918,0.043,-1.496,-11.916,-0.000,1.489,0.044
149.90,-11.918,0.042,-1.496,-11.916,-0.000,1.489,0.043
149.93,-11.918,0.042,-1.496,-11.916,-0.000,1.489,0.043
149.95,-11.917,0.041,-1.496,-11.916,-0.000,1.489,0.042
149.97,-11.917,0.041,-1.496,-11.916,-0.000,1.489,0.042
149.99,-11.917,0.040,-1.496,-11.916,-0.000,1.489,0.041