t,px,py,pz,ex,ey,ez,err
0.00,0.016,-0.016,0.000,-1.631,-0.409,0.409,1.743
0.02,0.017,-0.016,0.000,-1.634,-0.410,0.410,1.745
0.04,0.017,-0.016,0.000,-1.634,-0.410,0.410,1.745
0.06,0.017,-0.016,0.000,-1.679,-0.425,0.426,1.796
0.08,0.017,-0.016,0.000,-1.679,-0.425,0.426,1.796
0.11,0.017,-0.016,-0.000,-1.735,-0.444,0.446,1.858
0.13,0.017,-0.016,-0.000,-1.735,-0.444,0.446,1.858
0.15,0.017,-0.015,-0.000,-1.790,-0.462,0.466,1.919
0.17,0.017,-0.015,-0.000,-1.790,-0.462,0.466,1.919
0.19,0.017,-0.015,-0.000,-1.844,-0.480,0.486,1.979
0.21,0.017,-0.015,-0.000,-1.844,-0.480,0.486,1.979
0.23,0.018,-0.014,-0.000,-1.893,-0.496,0.503,2.034
0.25,0.018,-0.014,-0.000,-1.893,-0.496,0.503,2.034
0.27,0.019,-0.013,-0.001,-1.942,-0.512,0.521,2.089
0.29,0.019,-0.013,-0.001,-1.942,-0.512,0.521,2.089
0.31,0.019,-0.013,-0.001,-1.989,-0.527,0.538,2.141
0.33,0.019,-0.013,-0.001,-1.989,-0.527,0.538,2.141
0.35,0.020,-0.012,-0.001,-2.037,-0.542,0.555,2.195
0.38,0.020,-0.012,-0.001,-2.037,-0.542,0.555,2.195
0.40,0.021,-0.012,-0.001,-2.084,-0.557,0.572,2.248
0.42,0.021,-0.012,-0.001,-2.084,-0.557,0.572,2.248
0.44,0.022,-0.011,-0.001,-2.130,-0.570,0.588,2.300
0.46,0.022,-0.011,-0.001,-2.130,-0.570,0.588,2.300
0.48,0.023,-0.011,-0.002,-2.172,-0.583,0.603,2.346
0.50,0.023,-0.011,-0.002,-2.172,-0.583,0.603,2.346
0.52,0.024,-0.010,-0.002,-2.213,-0.594,0.617,2.392
0.54,0.024,-0.010,-0.002,-2.213,-0.594,0.617,2.392
0.56,0.024,-0.010,-0.002,-2.213,-0.594,0.617,2.392
0.58,0.026,-0.009,-0.002,-2.275,-0.612,0.638,2.462
0.60,0.026,-0.009,-0.002,-2.275,-0.612,0.638,2.462
0.63,0.027,-0.008,-0.002,-2.315,-0.622,0.651,2.506
0.65,0.027,-0.008,-0.002,-2.315,-0.622,0.651,2.506
0.67,0.028,-0.007,-0.002,-2.355,-0.632,0.664,2.550
0.69,0.028,-0.007,-0.002,-2.355,-0.632,0.664,2.550
0.71,0.028,-0.007,-0.002,-2.391,-0.640,0.675,2.590
0.73,0.028,-0.007,-0.002,-2.391,-0.640,0.675,2.590
0.75,0.029,-0.006,-0.002,-2.430,-0.647,0.686,2.632
0.77,0.029,-0.006,-0.002,-2.430,-0.647,0.686,2.632
0.79,0.030,-0.005,-0.002,-2.466,-0.653,0.696,2.671
0.81,0.030,-0.005,-0.002,-2.466,-0.653,0.696,2.671
0.83,0.031,-0.004,-0.002,-2.501,-0.659,0.705,2.709
0.85,0.031,-0.004,-0.002,-2.501,-0.659,0.705,2.709
0.87,0.032,-0.003,-0.002,-2.537,-0.663,0.714,2.747
0.89,0.032,-0.003,-0.002,-2.537,-0.663,0.714,2.747
0.92,0.033,-0.002,-0.002,-2.574,-0.667,0.722,2.785
0.94,0.033,-0.002,-0.002,-2.574,-0.667,0.722,2.785
0.96,0.034,-0.001,-0.002,-2.611,-0.669,0.729,2.824
0.98,0.034,-0.001,-0.002,-2.611,-0.669,0.729,2.824
1.00,0.035,-0.001,-0.002,-2.649,-0.670,0.736,2.862
1.02,0.035,-0.001,-0.002,-2.649,-0.670,0.736,2.862
1.04,0.036,-0.000,-0.002,-2.686,-0.670,0.742,2.899
1.06,0.036,-0.000,-0.002,-2.686,-0.670,0.742,2.899
1.08,0.036,-0.000,-0.002,-2.686,-0.670,0.742,2.899
1.10,0.037,0.001,-0.002,-2.740,-0.669,0.749,2.953
1.13,0.037,0.001,-0.002,-2.740,-0.669,0.749,2.953
1.15,0.037,0.001,-0.002,-2.781,-0.666,0.754,2.992
1.17,0.037,0.001,-0.002,-2.781,-0.666,0.754,2.992
1.19,0.038,0.001,-0.001,-2.817,-0.663,0.757,3.027
1.21,0.038,0.001,-0.001,-2.817,-0.663,0.757,3.027
1.23,0.038,0.001,-0.001,-2.857,-0.659,0.760,3.065
1.25,0.038,0.001,-0.001,-2.857,-0.659,0.760,3.065
1.27,0.038,0.001,-0.001,-2.894,-0.654,0.763,3.100
1.29,0.038,0.001,-0.001,-2.894,-0.654,0.763,3.100
1.31,0.038,0.001,0.000,-2.933,-0.648,0.765,3.136
1.33,0.038,0.001,0.000,-2.933,-0.648,0.765,3.136
1.35,0.037,0.001,0.000,-2.972,-0.642,0.766,3.172
1.37,0.037,0.001,0.000,-2.972,-0.642,0.766,3.172
1.40,0.037,0.001,0.001,-3.013,-0.634,0.767,3.208
1.42,0.037,0.001,0.001,-3.013,-0.634,0.767,3.208
1.44,0.036,0.000,0.001,-3.055,-0.626,0.768,3.246
1.46,0.036,0.000,0.001,-3.055,-0.626,0.768,3.246
1.48,0.035,0.000,0.002,-3.097,-0.617,0.768,3.284
1.50,0.035,0.000,0.002,-3.097,-0.617,0.768,3.284
1.52,0.034,-0.000,0.003,-3.137,-0.608,0.768,3.320
1.54,0.034,-0.000,0.003,-3.137,-0.608,0.768,3.320
1.56,0.034,-0.000,0.003,-3.137,-0.608,0.768,3.320
1.58,0.033,-0.001,0.003,-3.192,-0.596,0.768,3.368
1.60,0.033,-0.001,0.003,-3.192,-0.596,0.768,3.368
1.62,0.031,-0.001,0.004,-3.233,-0.585,0.767,3.405
1.64,0.031,-0.001,0.004,-3.233,-0.585,0.767,3.405
1.67,0.031,-0.001,0.004,-3.276,-0.575,0.766,3.443
1.69,0.031,-0.001,0.004,-3.276,-0.575,0.766,3.443
1.71,0.030,-0.001,0.004,-3.319,-0.563,0.764,3.482
1.73,0.030,-0.001,0.004,-3.319,-0.563,0.764,3.482
1.75,0.029,-0.002,0.004,-3.363,-0.552,0.763,3.521
1.77,0.029,-0.002,0.004,-3.363,-0.552,0.763,3.521
1.79,0.028,-0.002,0.004,-3.404,-0.540,0.761,3.557
1.81,0.028,-0.002,0.004,-3.404,-0.540,0.761,3.557
1.83,0.027,-0.002,0.004,-3.446,-0.529,0.759,3.594
1.85,0.027,-0.002,0.004,-3.446,-0.529,0.759,3.594
1.87,0.026,-0.002,0.004,-3.487,-0.518,0.758,3.631
1.89,0.026,-0.002,0.004,-3.487,-0.518,0.758,3.631
1.91,0.025,-0.002,0.004,-3.530,-0.505,0.755,3.670
1.94,0.025,-0.002,0.004,-3.530,-0.505,0.755,3.670
1.96,0.024,-0.002,0.004,-3.574,-0.493,0.753,3.709
1.98,0.024,-0.002,0.004,-3.574,-0.493,0.753,3.709
2.00,0.023,-0.003,0.004,-3.614,-0.482,0.751,3.746
2.02,0.023,-0.003,0.004,-3.614,-0.482,0.751,3.746
2.04,0.023,-0.003,0.004,-3.657,-0.470,0.749,3.785
2.06,0.023,-0.003,0.004,-3.657,-0.470,0.749,3.785
2.08,0.023,-0.003,0.004,-3.657,-0.470,0.749,3.785
2.10,0.022,-0.003,0.004,-3.717,-0.453,0.746,3.840
2.12,0.022,-0.003,0.004,-3.717,-0.453,0.746,3.840
2.14,0.022,-0.003,0.004,-3.757,-0.441,0.744,3.877
2.16,0.022,-0.003,0.004,-3.757,-0.441,0.744,3.877
2.19,0.022,-0.003,0.004,-3.799,-0.430,0.742,3.916
2.21,0.022,-0.003,0.004,-3.799,-0.430,0.742,3.916
2.23,0.022,-0.003,0.004,-3.841,-0.418,0.740,3.955
2.25,0.022,-0.003,0.004,-3.841,-0.418,0.740,3.955
2.27,0.022,-0.003,0.005,-3.882,-0.407,0.738,3.994
2.29,0.022,-0.003,0.005,-3.882,-0.407,0.738,3.994
2.31,0.022,-0.002,0.005,-3.921,-0.396,0.736,4.031
2.33,0.022,-0.002,0.005,-3.921,-0.396,0.736,4.031
2.35,0.022,-0.002,0.005,-3.960,-0.386,0.734,4.068
2.37,0.022,-0.002,0.005,-3.960,-0.386,0.734,4.068
2.39,0.023,-0.002,0.006,-3.999,-0.376,0.732,4.105
2.42,0.023,-0.002,0.006,-3.999,-0.376,0.732,4.105
2.44,0.023,-0.001,0.006,-4.039,-0.365,0.731,4.144
2.46,0.023,-0.001,0.006,-4.039,-0.365,0.731,4.144
2.48,0.024,-0.001,0.006,-4.082,-0.355,0.729,4.186
2.50,0.024,-0.001,0.006,-4.082,-0.355,0.729,4.186
2.52,0.024,-0.000,0.006,-4.120,-0.345,0.727,4.222
2.54,0.024,-0.000,0.006,-4.120,-0.345,0.727,4.222
2.56,0.024,-0.000,0.006,-4.120,-0.345,0.727,4.222
2.58,0.025,0.000,0.007,-4.181,-0.330,0.726,4.282
2.60,0.025,0.000,0.007,-4.181,-0.330,0.726,4.282
2.62,0.026,0.001,0.008,-4.220,-0.321,0.724,4.320
2.65,0.026,0.001,0.008,-4.220,-0.321,0.724,4.320
2.67,0.026,0.001,0.008,-4.259,-0.312,0.723,4.359
2.69,0.026,0.001,0.008,-4.259,-0.312,0.723,4.359
2.71,0.027,0.002,0.009,-4.299,-0.302,0.722,4.398
2.73,0.027,0.002,0.009,-4.299,-0.302,0.722,4.398
2.75,0.028,0.003,0.009,-4.339,-0.293,0.721,4.438
2.77,0.028,0.003,0.009,-4.339,-0.293,0.721,4.438
2.79,0.028,0.003,0.010,-4.377,-0.285,0.720,4.475
2.81,0.028,0.003,0.010,-4.377,-0.285,0.720,4.475
2.83,0.029,0.004,0.010,-4.416,-0.276,0.720,4.513
2.85,0.029,0.004,0.010,-4.416,-0.276,0.720,4.513
2.87,0.030,0.004,0.010,-4.455,-0.268,0.719,4.551
2.89,0.030,0.004,0.010,-4.455,-0.268,0.719,4.551
2.92,0.030,0.005,0.010,-4.494,-0.259,0.718,4.590
2.94,0.030,0.005,0.010,-4.494,-0.259,0.718,4.590
2.96,0.030,0.005,0.010,-4.535,-0.250,0.718,4.631
2.98,0.030,0.005,0.010,-4.535,-0.250,0.718,4.631
3.00,0.031,0.006,0.010,-4.576,-0.242,0.717,4.671
3.02,0.031,0.006,0.010,-4.576,-0.242,0.717,4.671
3.04,0.031,0.006,0.010,-4.615,-0.234,0.717,4.709
3.06,0.031,0.006,0.010,-4.615,-0.234,0.717,4.709
3.08,0.031,0.006,0.010,-4.615,-0.234,0.717,4.709
3.10,0.031,0.007,0.010,-4.675,-0.222,0.717,4.767
3.12,0.031,0.007,0.010,-4.675,-0.222,0.717,4.767
3.14,0.031,0.007,0.009,-4.715,-0.214,0.716,4.806
3.16,0.031,0.007,0.009,-4.715,-0.214,0.716,4.806
3.19,0.030,0.007,0.009,-4.756,-0.206,0.716,4.846
3.21,0.030,0.007,0.009,-4.756,-0.206,0.716,4.846
3.23,0.029,0.007,0.008,-4.798,-0.198,0.716,4.886
3.25,0.029,0.007,0.008,-4.798,-0.198,0.716,4.886
3.27,0.028,0.007,0.007,-4.841,-0.190,0.716,4.926
3.29,0.028,0.007,0.007,-4.841,-0.190,0.716,4.926
3.31,0.025,0.007,0.005,-4.882,-0.182,0.716,4.963
3.33,0.025,0.007,0.005,-4.882,-0.182,0.716,4.963
3.35,0.021,0.007,0.003,-4.922,-0.174,0.716,4.998
3.37,0.021,0.007,0.003,-4.922,-0.174,0.716,4.998
3.39,0.016,0.007,0.001,-4.963,-0.167,0.717,5.034
3.41,0.016,0.007,0.001,-4.963,-0.167,0.717,5.034
3.44,0.011,0.006,-0.002,-5.005,-0.159,0.717,5.069
3.46,0.011,0.006,-0.002,-5.005,-0.159,0.717,5.069
3.48,0.004,0.006,-0.005,-5.048,-0.151,0.717,5.104
3.50,0.004,0.006,-0.005,-5.048,-0.151,0.717,5.104
3.52,-0.004,0.005,-0.009,-5.091,-0.144,0.718,5.137
3.54,-0.004,0.005,-0.009,-5.091,-0.144,0.718,5.137
3.56,-0.014,0.005,-0.012,-5.131,-0.136,0.718,5.167
3.58,-0.014,0.005,-0.012,-5.131,-0.136,0.718,5.167
3.60,-0.014,0.005,-0.012,-5.131,-0.136,0.718,5.167
3.62,-0.032,0.004,-0.018,-5.190,-0.126,0.719,5.207
3.64,-0.032,0.004,-0.018,-5.190,-0.126,0.719,5.207
3.67,-0.050,0.002,-0.023,-5.233,-0.119,0.719,5.231
3.69,-0.050,0.002,-0.023,-5.233,-0.119,0.719,5.231
3.71,-0.069,0.001,-0.027,-5.277,-0.111,0.720,5.254
3.73,-0.069,0.001,-0.027,-5.277,-0.111,0.720,5.254
3.75,-0.092,-0.001,-0.029,-5.319,-0.104,0.720,5.274
3.77,-0.092,-0.001,-0.029,-5.319,-0.104,0.720,5.274
3.79,-0.118,-0.003,-0.031,-5.360,-0.098,0.721,5.288
3.81,-0.118,-0.003,-0.031,-5.360,-0.098,0.721,5.288
3.83,-0.163,-0.004,-0.030,-5.401,-0.091,0.722,5.285
3.85,-0.163,-0.004,-0.030,-5.401,-0.091,0.722,5.285
3.87,-0.200,-0.002,-0.028,-5.442,-0.085,0.723,5.289
3.89,-0.200,-0.002,-0.028,-5.442,-0.085,0.723,5.289
3.92,-0.243,0.003,-0.022,-5.484,-0.078,0.724,5.289
3.94,-0.243,0.003,-0.022,-5.484,-0.078,0.724,5.289
3.96,-0.290,0.010,-0.011,-5.527,-0.072,0.725,5.286
3.98,-0.290,0.010,-0.011,-5.527,-0.072,0.725,5.286
4.00,-0.337,0.017,0.001,-5.569,-0.065,0.726,5.283
4.02,-0.337,0.017,0.001,-5.569,-0.065,0.726,5.283
4.04,-0.362,-0.009,-0.028,-5.609,-0.060,0.727,5.294
4.06,-0.362,-0.009,-0.028,-5.609,-0.060,0.727,5.294
4.08,-0.362,-0.009,-0.028,-5.609,-0.060,0.727,5.294
4.10,-0.410,-0.049,-0.057,-5.670,-0.051,0.729,5.302
4.12,-0.410,-0.049,-0.057,-5.670,-0.051,0.729,5.302
4.14,-0.453,-0.083,-0.073,-5.710,-0.046,0.731,5.299
4.16,-0.453,-0.083,-0.073,-5.710,-0.046,0.731,5.299
4.19,-0.512,-0.126,-0.088,-5.752,-0.040,0.732,5.279
4.21,-0.512,-0.126,-0.088,-5.752,-0.040,0.732,5.279
4.23,-0.570,-0.160,-0.092,-5.794,-0.035,0.734,5.264
4.25,-0.570,-0.160,-0.092,-5.794,-0.035,0.734,5.264
4.27,-0.635,-0.191,-0.091,-5.836,-0.030,0.736,5.243
4.29,-0.635,-0.191,-0.091,-5.836,-0.030,0.736,5.243
4.31,-0.706,-0.219,-0.086,-5.875,-0.025,0.738,5.214
4.33,-0.706,-0.219,-0.086,-5.875,-0.025,0.738,5.214
4.35,-0.784,-0.245,-0.077,-5.916,-0.020,0.740,5.179
4.37,-0.784,-0.245,-0.077,-5.916,-0.020,0.740,5.179
4.39,-0.903,-0.275,-0.059,-5.955,-0.016,0.742,5.104
4.41,-0.903,-0.275,-0.059,-5.955,-0.016,0.742,5.104
4.43,-0.997,-0.292,-0.043,-5.996,-0.012,0.744,5.056
4.45,-0.997,-0.292,-0.043,-5.996,-0.012,0.744,5.056
4.48,-1.097,-0.305,-0.025,-6.037,-0.008,0.747,5.001
4.50,-1.097,-0.305,-0.025,-6.037,-0.008,0.747,5.001
4.52,-1.196,-0.316,-0.022,-6.079,-0.004,0.749,4.947
4.54,-1.196,-0.316,-0.022,-6.079,-0.004,0.749,4.947
4.56,-1.301,-0.324,-0.018,-6.121,0.000,0.752,4.887
4.58,-1.301,-0.324,-0.018,-6.121,0.000,0.752,4.887
4.60,-1.301,-0.324,-0.018,-6.121,0.000,0.752,4.887
4.62,-1.462,-0.328,-0.007,-6.182,0.005,0.757,4.791
4.64,-1.462,-0.328,-0.007,-6.182,0.005,0.757,4.791
4.66,-1.581,-0.325,0.000,-6.222,0.008,0.760,4.714
4.68,-1.581,-0.325,0.000,-6.222,0.008,0.760,4.714
4.70,-1.726,-0.313,0.006,-6.263,0.011,0.763,4.613
4.72,-1.726,-0.313,0.006,-6.263,0.011,0.763,4.613
4.75,-1.849,-0.299,0.017,-6.304,0.013,0.766,4.534
4.77,-1.849,-0.299,0.017,-6.304,0.013,0.766,4.534
4.79,-1.905,-0.248,-0.083,-6.347,0.016,0.770,4.503
4.81,-1.905,-0.248,-0.083,-6.347,0.016,0.770,4.503
4.83,-1.948,-0.189,-0.189,-6.389,0.018,0.774,4.484
4.85,-1.948,-0.189,-0.189,-6.389,0.018,0.774,4.484
4.87,-1.979,-0.126,-0.290,-6.429,0.020,0.778,4.479
4.89,-1.979,-0.126,-0.290,-6.429,0.020,0.778,4.479
4.91,-2.015,-0.033,-0.413,-6.469,0.022,0.782,4.470
4.93,-2.015,-0.033,-0.413,-6.469,0.022,0.782,4.470
4.95,-2.045,0.037,-0.479,-6.510,0.023,0.786,4.476
4.97,-2.045,0.037,-0.479,-6.510,0.023,0.786,4.476
5.00,-2.076,0.108,-0.533,-6.552,0.025,0.790,4.484
5.02,-2.076,0.108,-0.533,-6.552,0.025,0.790,4.484
5.04,-2.113,0.172,-0.575,-6.595,0.026,0.795,4.490
5.06,-2.113,0.172,-0.575,-6.595,0.026,0.795,4.490
5.08,-2.160,0.236,-0.602,-6.634,0.027,0.799,4.483
5.10,-2.160,0.236,-0.602,-6.634,0.027,0.799,4.483
5.12,-2.160,0.236,-0.602,-6.634,0.027,0.799,4.483
5.14,-2.239,0.330,-0.627,-6.697,0.028,0.806,4.472
5.16,-2.239,0.330,-0.627,-6.697,0.028,0.806,4.472
5.18,-2.299,0.394,-0.638,-6.738,0.028,0.811,4.457
5.20,-2.299,0.394,-0.638,-6.738,0.028,0.811,4.457
5.22,-2.379,0.462,-0.644,-6.779,0.028,0.816,4.424
5.24,-2.379,0.462,-0.644,-6.779,0.028,0.816,4.424
5.27,-2.454,0.513,-0.640,-6.820,0.028,0.821,4.397
5.29,-2.454,0.513,-0.640,-6.820,0.028,0.821,4.397
5.31,-2.536,0.560,-0.629,-6.863,0.028,0.826,4.364
5.33,-2.536,0.560,-0.629,-6.863,0.028,0.826,4.364
5.35,-2.625,0.604,-0.613,-6.905,0.028,0.832,4.325
5.37,-2.625,0.604,-0.613,-6.905,0.028,0.832,4.325
5.39,-2.719,0.646,-0.593,-6.945,0.028,0.837,4.277
5.41,-2.719,0.646,-0.593,-6.945,0.028,0.837,4.277
5.43,-2.860,0.699,-0.561,-6.986,0.027,0.842,4.189
5.45,-2.860,0.699,-0.561,-6.986,0.027,0.842,4.189
5.47,-2.965,0.732,-0.538,-7.027,0.027,0.848,4.134
5.50,-2.965,0.732,-0.538,-7.027,0.027,0.848,4.134
5.52,-3.073,0.762,-0.514,-7.068,0.026,0.854,4.076
5.54,-3.073,0.762,-0.514,-7.068,0.026,0.854,4.076
5.56,-3.183,0.788,-0.489,-7.111,0.025,0.859,4.018
5.58,-3.183,0.788,-0.489,-7.111,0.025,0.859,4.018
5.60,-3.183,0.788,-0.489,-7.111,0.025,0.859,4.018
5.62,-3.339,0.816,-0.454,-7.173,0.024,0.868,3.937
5.64,-3.339,0.816,-0.454,-7.173,0.024,0.868,3.937
5.66,-3.451,0.833,-0.429,-7.213,0.023,0.874,3.874
5.68,-3.451,0.833,-0.429,-7.213,0.023,0.874,3.874
5.70,-3.563,0.847,-0.405,-7.253,0.022,0.880,3.811
5.72,-3.563,0.847,-0.405,-7.253,0.022,0.880,3.811
5.75,-3.696,0.863,-0.376,-7.296,0.021,0.886,3.731
5.77,-3.696,0.863,-0.376,-7.296,0.021,0.886,3.731
5.79,-3.806,0.875,-0.352,-7.338,0.020,0.892,3.674
5.81,-3.806,0.875,-0.352,-7.338,0.020,0.892,3.674
5.83,-3.915,0.889,-0.328,-7.380,0.019,0.898,3.618
5.85,-3.915,0.889,-0.328,-7.380,0.019,0.898,3.618
5.87,-3.999,0.873,-0.292,-7.420,0.018,0.904,3.580
5.89,-3.999,0.873,-0.292,-7.420,0.018,0.904,3.580
5.91,-3.785,0.446,-0.060,-7.461,0.017,0.910,3.797
5.93,-3.785,0.446,-0.060,-7.461,0.017,0.910,3.797
5.95,-3.633,0.142,0.106,-7.501,0.015,0.915,4.003
5.97,-3.633,0.142,0.106,-7.501,0.015,0.915,4.003
5.99,-3.481,-0.158,0.275,-7.543,0.014,0.921,4.238
6.02,-3.481,-0.158,0.275,-7.543,0.014,0.921,4.238
6.04,-3.332,-0.460,0.429,-7.585,0.013,0.927,4.489
6.06,-3.332,-0.460,0.429,-7.585,0.013,0.927,4.489
6.08,-3.185,-0.770,0.534,-7.625,0.012,0.933,4.741
6.10,-3.185,-0.770,0.534,-7.625,0.012,0.933,4.741
6.12,-3.185,-0.770,0.534,-7.625,0.012,0.933,4.741
6.14,-2.983,-1.217,0.606,-7.686,0.011,0.942,5.101
6.16,-2.983,-1.217,0.606,-7.686,0.011,0.942,5.101
6.18,-2.841,-1.542,0.615,-7.727,0.010,0.948,5.359
6.20,-2.841,-1.542,0.615,-7.727,0.010,0.948,5.359
6.23,-2.676,-1.937,0.588,-7.769,0.009,0.954,5.666
6.25,-2.676,-1.937,0.588,-7.769,0.009,0.954,5.666
6.27,-2.545,-2.267,0.545,-7.811,0.008,0.960,5.931
6.29,-2.545,-2.267,0.545,-7.811,0.008,0.960,5.931
6.31,-2.422,-2.596,0.490,-7.853,0.007,0.966,6.195
6.33,-2.422,-2.596,0.490,-7.853,0.007,0.966,6.195
6.35,-2.310,-2.923,0.428,-7.893,0.006,0.971,6.458
6.37,-2.310,-2.923,0.428,-7.893,0.006,0.971,6.458
6.39,-2.210,-3.245,0.366,-7.933,0.005,0.977,6.716
6.41,-2.210,-3.245,0.366,-7.933,0.005,0.977,6.716
6.43,-2.095,-3.683,0.286,-7.972,0.005,0.982,7.054
6.45,-2.095,-3.683,0.286,-7.972,0.005,0.982,7.054
6.47,-2.032,-3.985,0.241,-8.013,0.004,0.988,7.294
6.50,-2.032,-3.985,0.241,-8.013,0.004,0.988,7.294
6.52,-1.985,-4.278,0.210,-8.055,0.003,0.994,7.524
6.54,-1.985,-4.278,0.210,-8.055,0.003,0.994,7.524
6.56,-1.955,-4.560,0.197,-8.097,0.003,1.000,7.745
6.58,-1.955,-4.560,0.197,-8.097,0.003,1.000,7.745
6.60,-1.955,-4.560,0.197,-8.097,0.003,1.000,7.745
6.62,-1.934,-4.937,0.215,-8.159,0.002,1.008,8.040
6.64,-1.934,-4.937,0.215,-8.159,0.002,1.008,8.040
6.66,-1.934,-5.195,0.249,-8.199,0.002,1.013,8.237
6.68,-1.934,-5.195,0.249,-8.199,0.002,1.013,8.237
6.70,-1.927,-5.570,0.149,-8.239,0.001,1.019,8.500
6.72,-1.927,-5.570,0.149,-8.239,0.001,1.019,8.500
6.74,-1.923,-6.009,0.039,-8.280,0.001,1.024,8.813
6.77,-1.923,-6.009,0.039,-8.280,0.001,1.024,8.813
6.79,-1.924,-6.352,-0.033,-8.322,0.001,1.030,9.072
6.81,-1.924,-6.352,-0.033,-8.322,0.001,1.030,9.072
6.83,-1.933,-6.680,-0.086,-8.365,0.000,1.036,9.322
6.85,-1.933,-6.680,-0.086,-8.365,0.000,1.036,9.322
6.87,-1.954,-6.977,-0.131,-8.408,0.000,1.041,9.548
6.89,-1.954,-6.977,-0.131,-8.408,0.000,1.041,9.548
6.91,-1.987,-7.240,-0.165,-8.449,0.000,1.047,9.745
6.93,-1.987,-7.240,-0.165,-8.449,0.000,1.047,9.745
6.95,-2.047,-7.569,-0.193,-8.490,-0.000,1.052,9.977
6.97,-2.047,-7.569,-0.193,-8.490,-0.000,1.052,9.977
6.99,-2.097,-7.778,-0.202,-8.531,-0.000,1.058,10.131
7.02,-2.097,-7.778,-0.202,-8.531,-0.000,1.058,10.131
7.04,-2.149,-7.966,-0.200,-8.576,-0.000,1.064,10.272
7.06,-2.149,-7.966,-0.200,-8.576,-0.000,1.064,10.272
7.08,-2.201,-8.134,-0.182,-8.619,-0.000,1.069,10.399
7.10,-2.201,-8.134,-0.182,-8.619,-0.000,1.069,10.399
7.12,-2.201,-8.134,-0.182,-8.619,-0.000,1.069,10.399
7.14,-2.274,-8.344,-0.124,-8.680,-0.000,1.077,10.563
7.16,-2.274,-8.344,-0.124,-8.680,-0.000,1.077,10.563
7.18,-2.323,-8.481,-0.058,-8.722,-0.000,1.082,10.673
7.20,-2.323,-8.481,-0.058,-8.722,-0.000,1.082,10.673
7.22,-2.089,-8.671,-0.274,-8.763,-0.000,1.088,10.973
7.24,-2.089,-8.671,-0.274,-8.763,-0.000,1.088,10.973
7.27,-1.802,-8.831,-0.527,-8.806,0.000,1.093,11.285
7.29,-1.802,-8.831,-0.527,-8.806,0.000,1.093,11.285
7.31,-1.506,-8.976,-0.759,-8.849,0.000,1.099,11.602
7.33,-1.506,-8.976,-0.759,-8.849,0.000,1.099,11.602
7.35,-1.202,-9.111,-0.967,-8.892,0.000,1.104,11.923
7.37,-1.202,-9.111,-0.967,-8.892,0.000,1.104,11.923
7.39,-0.944,-9.206,-1.173,-8.933,0.000,1.109,12.189
7.41,-0.944,-9.206,-1.173,-8.933,0.000,1.109,12.189
7.43,-0.690,-9.260,-1.463,-8.974,0.001,1.114,12.430
7.45,-0.690,-9.260,-1.463,-8.974,0.001,1.114,12.430
7.47,-0.565,-9.250,-1.667,-9.014,0.001,1.119,12.541
7.49,-0.565,-9.250,-1.667,-9.014,0.001,1.119,12.541
7.52,-0.483,-9.201,-1.868,-9.057,0.001,1.125,12.600
7.54,-0.483,-9.201,-1.868,-9.057,0.001,1.125,12.600
7.56,-0.437,-9.125,-2.064,-9.100,0.001,1.130,12.617
7.58,-0.437,-9.125,-2.064,-9.100,0.001,1.130,12.617
7.60,-0.414,-9.034,-2.252,-9.142,0.001,1.135,12.613
7.62,-0.414,-9.034,-2.252,-9.142,0.001,1.135,12.613
7.64,-0.414,-9.034,-2.252,-9.142,0.001,1.135,12.613
7.66,-0.404,-8.890,-2.495,-9.203,0.002,1.143,12.582
7.68,-0.404,-8.890,-2.495,-9.203,0.002,1.143,12.582
7.70,-0.404,-8.784,-2.650,-9.243,0.002,1.148,12.553
7.72,-0.404,-8.784,-2.650,-9.243,0.002,1.148,12.553
7.74,-0.408,-8.655,-2.806,-9.284,0.002,1.153,12.508
7.77,-0.408,-8.655,-2.806,-9.284,0.002,1.153,12.508
7.79,-0.415,-8.541,-2.917,-9.325,0.002,1.158,12.468
7.81,-0.415,-8.541,-2.917,-9.325,0.002,1.158,12.468
7.83,-0.420,-8.431,-3.014,-9.366,0.002,1.163,12.433
7.85,-0.420,-8.431,-3.014,-9.366,0.002,1.163,12.433
7.87,-0.421,-8.330,-3.091,-9.408,0.002,1.168,12.405
7.89,-0.421,-8.330,-3.091,-9.408,0.002,1.168,12.405
7.91,-0.419,-8.233,-3.146,-9.447,0.003,1.173,12.378
7.93,-0.419,-8.233,-3.146,-9.447,0.003,1.173,12.378
7.95,-0.407,-8.112,-3.188,-9.486,0.003,1.178,12.342
7.97,-0.407,-8.112,-3.188,-9.486,0.003,1.178,12.342
7.99,-0.397,-8.033,-3.188,-9.525,0.003,1.182,12.326
8.01,-0.397,-8.033,-3.188,-9.525,0.003,1.182,12.326
8.04,-0.382,-7.952,-3.171,-9.565,0.003,1.187,12.311
8.06,-0.382,-7.952,-3.171,-9.565,0.003,1.187,12.311
8.08,-0.382,-7.952,-3.171,-9.565,0.003,1.187,12.311
8.10,-0.341,-7.849,-3.119,-9.624,0.003,1.195,12.310
8.12,-0.341,-7.849,-3.119,-9.624,0.003,1.195,12.310
8.14,-0.341,-7.849,-3.119,-9.624,0.003,1.195,12.310
8.16,-0.286,-7.747,-2.992,-9.683,0.003,1.202,12.312
8.18,-0.286,-7.747,-2.992,-9.683,0.003,1.202,12.312
8.20,-0.244,-7.677,-2.877,-9.721,0.004,1.207,12.312
8.22,-0.244,-7.677,-2.877,-9.721,0.004,1.207,12.312
8.24,-0.199,-7.608,-2.733,-9.759,0.004,1.212,12.315
8.26,-0.199,-7.608,-2.733,-9.759,0.004,1.212,12.315
8.29,-0.148,-7.513,-2.524,-9.799,0.004,1.217,12.303
8.31,-0.148,-7.513,-2.524,-9.799,0.004,1.217,12.303
8.33,-0.101,-7.420,-2.326,-9.840,0.004,1.222,12.295
8.35,-0.101,-7.420,-2.326,-9.840,0.004,1.222,12.295
8.37,-0.050,-7.321,-2.102,-9.877,0.004,1.226,12.288
8.39,-0.050,-7.321,-2.102,-9.877,0.004,1.226,12.288
8.41,0.003,-7.214,-1.854,-9.918,0.004,1.231,12.284
8.43,0.003,-7.214,-1.854,-9.918,0.004,1.231,12.284
8.45,0.055,-7.101,-1.582,-9.957,0.004,1.236,12.281
8.47,0.055,-7.101,-1.582,-9.957,0.004,1.236,12.281
8.49,0.111,-6.920,-1.293,-9.996,0.004,1.241,12.251
8.51,0.111,-6.920,-1.293,-9.996,0.004,1.241,12.251
8.53,0.160,-6.754,-1.041,-10.036,0.004,1.246,12.234
8.55,0.160,-6.754,-1.041,-10.036,0.004,1.246,12.234
8.57,0.160,-6.754,-1.041,-10.036,0.004,1.246,12.234
8.60,0.255,-6.481,-0.600,-10.097,0.004,1.254,12.233
8.62,0.255,-6.481,-0.600,-10.097,0.004,1.254,12.233
8.64,0.255,-6.481,-0.600,-10.097,0.004,1.254,12.233
8.66,0.366,-6.250,-0.175,-10.120,0.004,1.257,12.257
8.68,0.366,-6.250,-0.175,-10.120,0.004,1.257,12.257
8.70,0.366,-6.250,-0.175,-10.120,0.004,1.257,12.257
8.72,0.526,-6.015,0.348,-10.181,0.004,1.265,12.388
8.74,0.526,-6.015,0.348,-10.181,0.004,1.265,12.388
8.76,0.646,-5.882,0.686,-10.222,0.004,1.270,12.513
8.78,0.646,-5.882,0.686,-10.222,0.004,1.270,12.513
8.80,0.807,-5.734,1.093,-10.264,0.004,1.275,12.692
8.82,0.807,-5.734,1.093,-10.264,0.004,1.275,12.692
8.85,0.866,-5.461,1.334,-10.306,0.004,1.281,12.709
8.87,0.866,-5.461,1.334,-10.306,0.004,1.281,12.709
8.89,0.779,-4.956,1.413,-10.350,0.003,1.286,12.480
8.91,0.779,-4.956,1.413,-10.350,0.003,1.286,12.480
8.93,0.685,-4.443,1.499,-10.393,0.003,1.292,12.258
8.95,0.685,-4.443,1.499,-10.393,0.003,1.292,12.258
8.97,0.587,-3.927,1.605,-10.433,0.003,1.297,12.055
8.99,0.587,-3.927,1.605,-10.433,0.003,1.297,12.055
9.01,0.502,-3.439,1.717,-10.474,0.003,1.302,11.893
9.03,0.502,-3.439,1.717,-10.474,0.003,1.302,11.893
9.05,0.446,-2.991,1.785,-10.513,0.003,1.307,11.774
9.07,0.446,-2.991,1.785,-10.513,0.003,1.307,11.774
9.09,0.431,-2.723,1.781,-10.553,0.003,1.312,11.732
9.12,0.431,-2.723,1.781,-10.553,0.003,1.312,11.732
9.14,0.436,-2.529,1.726,-10.595,0.003,1.318,11.721
9.16,0.436,-2.529,1.726,-10.595,0.003,1.318,11.721
9.18,0.436,-2.529,1.726,-10.595,0.003,1.318,11.721
9.20,0.459,-2.330,1.579,-10.653,0.003,1.325,11.720
9.22,0.459,-2.330,1.579,-10.653,0.003,1.325,11.720
9.24,0.475,-2.255,1.481,-10.690,0.003,1.330,11.733
9.26,0.475,-2.255,1.481,-10.690,0.003,1.330,11.733
9.28,0.492,-2.211,1.394,-10.726,0.003,1.335,11.756
9.30,0.492,-2.211,1.394,-10.726,0.003,1.335,11.756
9.32,0.523,-2.192,1.306,-10.762,0.002,1.339,11.797
9.34,0.523,-2.192,1.306,-10.762,0.002,1.339,11.797
9.37,0.562,-2.193,1.245,-10.798,0.002,1.344,11.856
9.39,0.562,-2.193,1.245,-10.798,0.002,1.344,11.856
9.41,0.618,-2.200,1.192,-10.833,0.002,1.349,11.935
9.43,0.618,-2.200,1.192,-10.833,0.002,1.349,11.935
9.45,0.701,-2.200,1.145,-10.867,0.002,1.353,12.038
9.47,0.701,-2.200,1.145,-10.867,0.002,1.353,12.038
9.49,0.793,-2.191,1.110,-10.899,0.002,1.357,12.149
9.51,0.793,-2.191,1.110,-10.899,0.002,1.357,12.149
9.53,0.888,-2.167,1.085,-10.930,0.002,1.361,12.262
9.55,0.888,-2.167,1.085,-10.930,0.002,1.361,12.262
9.57,0.987,-2.109,1.053,-10.960,0.002,1.365,12.370
9.59,0.987,-2.109,1.053,-10.960,0.002,1.365,12.370
9.61,1.060,-2.051,1.035,-10.990,0.002,1.369,12.457
9.63,1.060,-2.051,1.035,-10.990,0.002,1.369,12.457
9.66,1.060,-2.051,1.035,-10.990,0.002,1.369,12.457
9.68,1.154,-1.946,1.014,-11.033,0.002,1.375,12.570
9.70,1.154,-1.946,1.014,-11.033,0.002,1.375,12.570
9.72,1.197,-1.878,1.001,-11.061,0.002,1.378,12.628
9.74,1.197,-1.878,1.001,-11.061,0.002,1.378,12.628
9.76,1.226,-1.808,0.988,-11.089,0.002,1.382,12.671
9.78,1.226,-1.808,0.988,-11.089,0.002,1.382,12.671
9.80,1.240,-1.738,0.975,-11.115,0.001,1.385,12.698
9.82,1.240,-1.738,0.975,-11.115,0.001,1.385,12.698
9.84,1.237,-1.666,0.962,-11.139,0.001,1.389,12.707
9.86,1.237,-1.666,0.962,-11.139,0.001,1.389,12.707
9.88,1.213,-1.579,0.948,-11.164,0.001,1.392,12.695
9.90,1.213,-1.579,0.948,-11.164,0.001,1.392,12.695
9.93,1.180,-1.505,0.938,-11.188,0.001,1.395,12.676
9.95,1.180,-1.505,0.938,-11.188,0.001,1.395,12.676
9.97,1.139,-1.429,0.932,-11.212,0.001,1.398,12.650
9.99,1.139,-1.429,0.932,-11.212,0.001,1.398,12.650
10.01,1.091,-1.350,0.932,-11.235,0.001,1.401,12.618
10.03,1.091,-1.350,0.932,-11.235,0.001,1.401,12.618
10.05,1.030,-1.251,0.936,-11.257,0.001,1.404,12.570
10.07,1.030,-1.251,0.936,-11.257,0.001,1.404,12.570
10.09,0.978,-1.163,0.943,-11.277,0.001,1.407,12.533
10.11,0.978,-1.163,0.943,-11.277,0.001,1.407,12.533
10.13,0.926,-1.069,0.953,-11.298,0.001,1.409,12.496
10.16,0.926,-1.069,0.953,-11.298,0.001,1.409,12.496
10.18,0.926,-1.069,0.953,-11.298,0.001,1.409,12.496
10.20,0.848,-0.901,0.973,-11.330,0.001,1.414,12.442
10.22,0.848,-0.901,0.973,-11.330,0.001,1.414,12.442
10.24,0.800,-0.783,0.987,-11.350,0.001,1.416,12.410
10.26,0.800,-0.783,0.987,-11.350,0.001,1.416,12.410
10.28,0.751,-0.653,1.001,-11.368,0.001,1.419,12.376
10.30,0.751,-0.653,1.001,-11.368,0.001,1.419,12.376
10.32,0.698,-0.511,1.016,-11.387,0.001,1.421,12.339
10.34,0.698,-0.511,1.016,-11.387,0.001,1.421,12.339
10.36,0.670,-0.394,0.984,-11.405,0.001,1.423,12.319
10.38,0.670,-0.394,0.984,-11.405,0.001,1.423,12.319
10.40,0.622,-0.260,0.918,-11.423,0.001,1.426,12.275
10.43,0.622,-0.260,0.918,-11.423,0.001,1.426,12.275
10.45,0.548,-0.158,0.852,-11.442,0.001,1.428,12.206
10.47,0.548,-0.158,0.852,-11.442,0.001,1.428,12.206
10.49,0.454,-0.047,0.793,-11.460,0.001,1.431,12.120
10.51,0.454,-0.047,0.793,-11.460,0.001,1.431,12.120
10.53,0.336,0.081,0.737,-11.478,0.001,1.433,12.012
10.55,0.336,0.081,0.737,-11.478,0.001,1.433,12.012
10.57,0.195,0.228,0.686,-11.496,0.001,1.435,11.884
10.59,0.195,0.228,0.686,-11.496,0.001,1.435,11.884
10.61,0.004,0.437,0.645,-11.513,0.001,1.438,11.712
10.63,0.004,0.437,0.645,-11.513,0.001,1.438,11.712
10.65,-0.174,0.636,0.627,-11.530,0.001,1.440,11.560
10.67,-0.174,0.636,0.627,-11.530,0.001,1.440,11.560
10.70,-0.174,0.636,0.627,-11.530,0.001,1.440,11.560
10.72,-0.490,0.993,0.631,-11.557,0.001,1.443,11.302
10.74,-0.490,0.993,0.631,-11.557,0.001,1.443,11.302
10.76,-0.681,1.220,0.648,-11.575,0.001,1.446,11.160
10.78,-0.681,1.220,0.648,-11.575,0.001,1.446,11.160
10.80,-0.695,1.234,0.434,-11.593,0.001,1.448,11.128
10.82,-0.695,1.234,0.434,-11.593,0.001,1.448,11.128
10.84,-0.709,1.249,0.229,-11.610,0.001,1.450,11.100
10.86,-0.709,1.249,0.229,-11.610,0.001,1.450,11.100
10.88,-0.731,1.266,0.044,-11.628,0.001,1.453,11.071
10.90,-0.731,1.266,0.044,-11.628,0.001,1.453,11.071
10.92,-0.767,1.294,-0.150,-11.646,0.000,1.455,11.033
10.95,-0.767,1.294,-0.150,-11.646,0.000,1.455,11.033
10.97,-0.808,1.343,-0.310,-11.664,0.000,1.457,10.998
10.99,-0.808,1.343,-0.310,-11.664,0.000,1.457,10.998
11.01,-0.863,1.410,-0.476,-11.682,0.000,1.460,10.956
11.03,-0.863,1.410,-0.476,-11.682,0.000,1.460,10.956
11.05,-0.935,1.494,-0.643,-11.701,0.000,1.462,10.901
11.07,-0.935,1.494,-0.643,-11.701,0.000,1.462,10.901
11.09,-1.020,1.593,-0.806,-11.719,0.000,1.464,10.837
11.11,-1.020,1.593,-0.806,-11.719,0.000,1.464,10.837
11.13,-1.135,1.729,-0.992,-11.737,0.000,1.467,10.753
11.15,-1.135,1.729,-0.992,-11.737,0.000,1.467,10.753
11.17,-1.135,1.729,-0.992,-11.737,0.000,1.467,10.753
11.20,-1.291,1.931,-1.221,-11.766,0.000,1.470,10.654
11.22,-1.291,1.931,-1.221,-11.766,0.000,1.470,10.654
11.24,-1.394,2.056,-1.353,-11.785,0.000,1.473,10.594
11.26,-1.394,2.056,-1.353,-11.785,0.000,1.473,10.594
11.28,-1.501,2.184,-1.467,-11.805,0.000,1.475,10.533
11.30,-1.501,2.184,-1.467,-11.805,0.000,1.475,10.533
11.32,-1.608,2.314,-1.565,-11.824,0.000,1.478,10.474
11.34,-1.608,2.314,-1.565,-11.824,0.000,1.478,10.474
11.36,-1.716,2.447,-1.647,-11.843,0.000,1.480,10.419
11.38,-1.716,2.447,-1.647,-11.843,0.000,1.480,10.419
11.40,-1.842,2.609,-1.730,-11.862,0.000,1.483,10.357
11.42,-1.842,2.609,-1.730,-11.862,0.000,1.483,10.357
11.45,-1.949,2.739,-1.785,-11.879,0.000,1.485,10.305
11.47,-1.949,2.739,-1.785,-11.879,0.000,1.485,10.305
11.49,-2.063,2.870,-1.820,-11.879,0.000,1.485,10.233
11.51,-2.063,2.870,-1.820,-11.879,0.000,1.485,10.233
11.53,-2.180,3.010,-1.838,-11.879,0.000,1.485,10.162
11.55,-2.180,3.010,-1.838,-11.879,0.000,1.485,10.162
11.57,-2.301,3.156,-1.844,-11.879,0.000,1.485,10.091
11.59,-2.301,3.156,-1.844,-11.879,0.000,1.485,10.091
11.61,-2.456,3.339,-1.836,-11.879,0.000,1.485,10.004
11.63,-2.456,3.339,-1.836,-11.879,0.000,1.485,10.004
11.65,-2.593,3.496,-1.815,-11.879,0.000,1.485,9.928
11.67,-2.593,3.496,-1.815,-11.879,0.000,1.485,9.928
11.69,-2.593,3.496,-1.815,-11.879,0.000,1.485,9.928
11.72,-2.828,3.752,-1.736,-11.879,0.000,1.485,9.801
11.74,-2.828,3.752,-1.736,-11.879,0.000,1.485,9.801
11.76,-2.981,3.922,-1.655,-11.879,0.000,1.485,9.725
11.78,-2.981,3.922,-1.655,-11.879,0.000,1.485,9.725
11.80,-3.141,4.101,-1.554,-11.879,0.000,1.485,9.653
11.82,-3.141,4.101,-1.554,-11.879,0.000,1.485,9.653
11.84,-3.309,4.286,-1.434,-11.879,0.000,1.485,9.583
11.86,-3.309,4.286,-1.434,-11.879,0.000,1.485,9.583
11.88,-3.309,4.286,-1.434,-11.879,0.000,1.485,9.583
11.90,-3.553,4.552,-1.234,-11.879,0.000,1.485,9.492
11.92,-3.553,4.552,-1.234,-11.879,0.000,1.485,9.492
11.94,-3.553,4.552,-1.234,-11.879,0.000,1.485,9.492
11.97,-3.872,4.899,-0.909,-11.879,0.000,1.485,9.404
11.99,-3.872,4.899,-0.909,-11.879,0.000,1.485,9.404
12.01,-4.052,5.097,-0.691,-11.879,0.000,1.485,9.374
12.03,-4.052,5.097,-0.691,-11.879,0.000,1.485,9.374
12.05,-4.234,5.302,-0.450,-11.879,0.000,1.485,9.361
12.07,-4.234,5.302,-0.450,-11.879,0.000,1.485,9.361
12.09,-4.421,5.512,-0.186,-11.879,0.000,1.485,9.364
12.11,-4.421,5.512,-0.186,-11.879,0.000,1.485,9.364
12.13,-4.612,5.723,0.099,-11.879,0.000,1.485,9.385
12.15,-4.612,5.723,0.099,-11.879,0.000,1.485,9.385
12.17,-4.838,5.982,0.461,-11.879,0.000,1.485,9.442
12.19,-4.838,5.982,0.461,-11.879,0.000,1.485,9.442
12.21,-5.021,6.204,0.781,-11.879,0.000,1.485,9.521
12.23,-5.021,6.204,0.781,-11.879,0.000,1.485,9.521
12.26,-5.197,6.436,1.118,-11.879,0.000,1.485,9.635
12.28,-5.197,6.436,1.118,-11.879,0.000,1.485,9.635
12.30,-5.369,6.677,1.474,-11.879,0.000,1.485,9.783
12.32,-5.369,6.677,1.474,-11.879,0.000,1.485,9.783
12.34,-5.679,6.744,1.800,-11.879,0.000,1.485,9.732
12.36,-5.679,6.744,1.800,-11.879,0.000,1.485,9.732
12.38,-5.679,6.744,1.800,-11.879,0.000,1.485,9.732
12.40,-6.554,6.961,2.046,-11.879,0.000,1.485,9.448
12.42,-6.554,6.961,2.046,-11.879,0.000,1.485,9.448
12.44,-7.167,7.172,2.191,-11.879,0.000,1.485,9.336
12.46,-7.167,7.172,2.191,-11.879,0.000,1.485,9.336
12.48,-7.937,7.467,2.358,-11.879,0.000,1.485,9.276
12.51,-7.937,7.467,2.358,-11.879,0.000,1.485,9.276
12.53,-8.532,7.731,2.455,-11.879,0.000,1.485,9.300
12.55,-8.532,7.731,2.455,-11.879,0.000,1.485,9.300
12.57,-8.981,8.004,2.504,-11.879,0.000,1.485,9.401
12.59,-8.981,8.004,2.504,-11.879,0.000,1.485,9.401
12.61,-9.305,8.253,2.534,-11.879,0.000,1.485,9.533
12.63,-9.305,8.253,2.534,-11.879,0.000,1.485,9.533
12.65,-9.486,8.457,2.557,-11.879,0.000,1.485,9.674
12.67,-9.486,8.457,2.557,-11.879,0.000,1.485,9.674
12.69,-9.536,8.651,2.583,-11.879,0.000,1.485,9.842
12.71,-9.536,8.651,2.583,-11.879,0.000,1.485,9.842
12.74,-9.478,8.766,2.607,-11.879,0.000,1.485,9.967
12.76,-9.478,8.766,2.607,-11.879,0.000,1.485,9.967
12.78,-9.344,8.841,2.616,-11.879,0.000,1.485,10.071
12.80,-9.344,8.841,2.616,-11.879,0.000,1.485,10.071
12.82,-9.149,8.890,2.618,-11.879,0.000,1.485,10.164
12.84,-9.149,8.890,2.618,-11.879,0.000,1.485,10.164
12.86,-8.911,8.922,2.592,-11.879,0.000,1.485,10.248
12.88,-8.911,8.922,2.592,-11.879,0.000,1.485,10.248
12.90,-8.911,8.922,2.592,-11.879,0.000,1.485,10.248
12.92,-8.487,8.954,2.425,-11.879,0.000,1.485,10.343
12.94,-8.487,8.954,2.425,-11.879,0.000,1.485,10.343
12.96,-8.185,8.988,2.315,-11.879,0.000,1.485,10.434
12.98,-8.185,8.988,2.315,-11.879,0.000,1.485,10.434
13.00,-7.822,9.021,2.197,-11.879,0.000,1.485,10.555
13.03,-7.822,9.021,2.197,-11.879,0.000,1.485,10.555
13.05,-7.528,9.032,2.122,-11.879,0.000,1.485,10.655
13.07,-7.528,9.032,2.122,-11.879,0.000,1.485,10.655
13.09,-7.247,9.029,2.071,-11.879,0.000,1.485,10.753
13.11,-7.247,9.029,2.071,-11.879,0.000,1.485,10.753
13.13,-6.985,9.013,2.042,-11.879,0.000,1.485,10.846
13.15,-6.985,9.013,2.042,-11.879,0.000,1.485,10.846
13.17,-6.816,9.142,1.789,-11.879,0.000,1.485,10.952
13.19,-6.816,9.142,1.789,-11.879,0.000,1.485,10.952
13.21,-6.656,9.327,1.439,-11.879,0.000,1.485,11.082
13.23,-6.656,9.327,1.439,-11.879,0.000,1.485,11.082
13.25,-6.542,9.479,1.165,-11.879,0.000,1.485,11.196
13.28,-6.542,9.479,1.165,-11.879,0.000,1.485,11.196
13.30,-6.443,9.624,0.907,-11.879,0.000,1.485,11.309
13.32,-6.443,9.624,0.907,-11.879,0.000,1.485,11.309
13.34,-6.331,9.713,0.657,-11.879,0.000,1.485,11.389
13.36,-6.331,9.713,0.657,-11.879,0.000,1.485,11.389
13.38,-6.331,9.713,0.657,-11.879,0.000,1.485,11.389
13.40,-6.119,9.721,0.265,-11.879,0.000,1.485,11.434
13.42,-6.119,9.721,0.265,-11.879,0.000,1.485,11.434
13.44,-5.975,9.659,0.024,-11.879,0.000,1.485,11.421
13.46,-5.975,9.659,0.024,-11.879,0.000,1.485,11.421
13.48,-5.794,9.541,-0.254,-11.879,0.000,1.485,11.383
13.50,-5.794,9.541,-0.254,-11.879,0.000,1.485,11.383
13.52,-5.638,9.415,-0.472,-11.879,0.000,1.485,11.341
13.55,-5.638,9.415,-0.472,-11.879,0.000,1.485,11.341
13.57,-5.481,9.271,-0.676,-11.879,0.000,1.485,11.293
13.59,-5.481,9.271,-0.676,-11.879,0.000,1.485,11.293
13.61,-5.329,9.117,-0.868,-11.879,0.000,1.485,11.242
13.63,-5.329,9.117,-0.868,-11.879,0.000,1.485,11.242
13.65,-5.185,8.957,-1.047,-11.879,0.000,1.485,11.190
13.67,-5.185,8.957,-1.047,-11.879,0.000,1.485,11.190
13.69,-5.052,8.798,-1.211,-11.879,0.000,1.485,11.139
13.71,-5.052,8.798,-1.211,-11.879,0.000,1.485,11.139
13.73,-4.909,8.615,-1.382,-11.879,0.000,1.485,11.082
13.75,-4.909,8.615,-1.382,-11.879,0.000,1.485,11.082
13.77,-4.909,8.615,-1.382,-11.879,0.000,1.485,11.082
13.79,-4.736,8.384,-1.560,-11.879,0.000,1.485,11.015
13.81,-4.736,8.384,-1.560,-11.879,0.000,1.485,11.015
13.84,-4.736,8.384,-1.560,-11.879,0.000,1.485,11.015
13.86,-4.601,8.195,-1.681,-11.879,0.000,1.485,10.962
13.88,-4.601,8.195,-1.681,-11.879,0.000,1.485,10.962
13.90,-4.516,8.068,-1.751,-11.879,0.000,1.485,10.926
13.92,-4.516,8.068,-1.751,-11.879,0.000,1.485,10.926
13.94,-4.443,7.949,-1.809,-11.879,0.000,1.485,10.890
13.96,-4.443,7.949,-1.809,-11.879,0.000,1.485,10.890
13.98,-4.384,7.838,-1.853,-11.879,0.000,1.485,10.851
14.00,-4.384,7.838,-1.853,-11.879,0.000,1.485,10.851
14.02,-4.335,7.734,-1.881,-11.879,0.000,1.485,10.811
14.04,-4.335,7.734,-1.881,-11.879,0.000,1.485,10.811
14.06,-4.285,7.623,-1.895,-11.879,0.000,1.485,10.768
14.08,-4.285,7.623,-1.895,-11.879,0.000,1.485,10.768
14.11,-4.249,7.547,-1.889,-11.879,0.000,1.485,10.739
14.13,-4.249,7.547,-1.889,-11.879,0.000,1.485,10.739
14.15,-4.219,7.491,-1.866,-11.879,0.000,1.485,10.721
14.17,-4.219,7.491,-1.866,-11.879,0.000,1.485,10.721
14.19,-4.193,7.459,-1.826,-11.879,0.000,1.485,10.715
14.21,-4.193,7.459,-1.826,-11.879,0.000,1.485,10.715
14.23,-4.210,7.441,-1.796,-11.879,0.000,1.485,10.690
14.25,-4.210,7.441,-1.796,-11.879,0.000,1.485,10.690
14.27,-4.245,7.441,-1.753,-11.879,0.000,1.485,10.664
14.29,-4.245,7.441,-1.753,-11.879,0.000,1.485,10.664
14.31,-4.245,7.441,-1.753,-11.879,0.000,1.485,10.664
14.33,-4.298,7.455,-1.675,-11.879,0.000,1.485,10.633
14.35,-4.298,7.455,-1.675,-11.879,0.000,1.485,10.633
14.38,-4.325,7.498,-1.579,-11.879,0.000,1.485,10.644
14.40,-4.325,7.498,-1.579,-11.879,0.000,1.485,10.644
14.42,-4.331,7.571,-1.437,-11.879,0.000,1.485,10.690
14.44,-4.331,7.571,-1.437,-11.879,0.000,1.485,10.690
14.46,-4.322,7.678,-1.239,-11.879,0.000,1.485,10.776
14.48,-4.322,7.678,-1.239,-11.879,0.000,1.485,10.776
14.50,-4.322,7.678,-1.239,-11.879,0.000,1.485,10.776
14.52,-4.289,7.926,-0.799,-11.879,0.000,1.485,10.995
14.54,-4.289,7.926,-0.799,-11.879,0.000,1.485,10.995
14.56,-4.289,7.926,-0.799,-11.879,0.000,1.485,10.995
14.58,-4.262,8.212,-0.305,-11.879,0.000,1.485,11.263
14.60,-4.262,8.212,-0.305,-11.879,0.000,1.485,11.263
14.62,-4.256,8.496,0.180,-11.879,0.000,1.485,11.535
14.65,-4.256,8.496,0.180,-11.879,0.000,1.485,11.535
14.67,-4.295,8.739,0.606,-11.879,0.000,1.485,11.758
14.69,-4.295,8.739,0.606,-11.879,0.000,1.485,11.758
14.71,-4.573,8.852,0.941,-11.879,0.000,1.485,11.731
14.73,-4.573,8.852,0.941,-11.879,0.000,1.485,11.731
14.75,-4.970,8.823,1.208,-11.879,0.000,1.485,11.525
14.77,-4.970,8.823,1.208,-11.879,0.000,1.485,11.525
14.79,-5.387,8.784,1.476,-11.879,0.000,1.485,11.317
14.81,-5.387,8.784,1.476,-11.879,0.000,1.485,11.317
14.83,-5.999,8.724,1.857,-11.879,0.000,1.485,11.038
14.85,-5.999,8.724,1.857,-11.879,0.000,1.485,11.038
14.87,-6.405,8.750,2.094,-11.879,0.000,1.485,10.924
14.90,-6.405,8.750,2.094,-11.879,0.000,1.485,10.924
14.92,-6.745,8.872,2.282,-11.879,0.000,1.485,10.920
14.94,-6.745,8.872,2.282,-11.879,0.000,1.485,10.920
14.96,-7.034,9.083,2.433,-11.879,0.000,1.485,11.015
14.98,-7.034,9.083,2.433,-11.879,0.000,1.485,11.015
15.00,-7.034,9.083,2.433,-11.879,0.000,1.485,11.015
15.02,-7.372,9.503,2.595,-11.879,0.000,1.485,11.281
15.04,-7.372,9.503,2.595,-11.879,0.000,1.485,11.281
15.06,-7.372,9.503,2.595,-11.879,0.000,1.485,11.281
15.08,-7.708,10.114,2.723,-11.879,0.000,1.485,11.722
15.10,-7.708,10.114,2.723,-11.879,0.000,1.485,11.722
15.12,-7.708,10.114,2.723,-11.879,0.000,1.485,11.722
15.14,-7.996,10.729,2.608,-11.879,0.000,1.485,12.122
15.17,-7.996,10.729,2.608,-11.879,0.000,1.485,12.122
15.19,-8.128,11.040,2.218,-11.879,0.000,1.485,12.234
15.21,-8.128,11.040,2.218,-11.879,0.000,1.485,12.234
15.23,-8.266,11.326,1.843,-11.879,0.000,1.485,12.346
15.25,-8.266,11.326,1.843,-11.879,0.000,1.485,12.346
15.27,-8.488,11.391,1.538,-11.879,0.000,1.485,12.264
15.29,-8.488,11.391,1.538,-11.879,0.000,1.485,12.264
15.31,-8.700,11.455,1.242,-11.879,0.000,1.485,12.196
15.33,-8.700,11.455,1.242,-11.879,0.000,1.485,12.196
15.35,-8.955,11.524,0.861,-11.879,0.000,1.485,12.118
15.37,-8.955,11.524,0.861,-11.879,0.000,1.485,12.118
15.39,-8.955,11.524,0.861,-11.879,0.000,1.485,12.118
15.41,-9.181,11.574,0.520,-11.879,0.000,1.485,12.053
15.43,-9.181,11.574,0.520,-11.879,0.000,1.485,12.053
15.46,-9.181,11.574,0.520,-11.879,0.000,1.485,12.053
15.48,-9.441,11.619,0.178,-11.879,0.000,1.485,11.988
15.50,-9.441,11.619,0.178,-11.879,0.000,1.485,11.988
15.52,-9.613,11.635,-0.012,-11.879,0.000,1.485,11.945
15.54,-9.613,11.635,-0.012,-11.879,0.000,1.485,11.945
15.56,-9.798,11.645,-0.184,-11.879,0.000,1.485,11.900
15.58,-9.798,11.645,-0.184,-11.879,0.000,1.485,11.900
15.60,-9.995,11.651,-0.337,-11.879,0.000,1.485,11.857
15.62,-9.995,11.651,-0.337,-11.879,0.000,1.485,11.857
15.64,-10.203,11.656,-0.470,-11.879,0.000,1.485,11.819
15.66,-10.203,11.656,-0.470,-11.879,0.000,1.485,11.819
15.68,-10.460,11.663,-0.597,-11.879,0.000,1.485,11.783
15.70,-10.460,11.663,-0.597,-11.879,0.000,1.485,11.783
15.73,-10.675,11.671,-0.674,-11.879,0.000,1.485,11.760
15.75,-10.675,11.671,-0.674,-11.879,0.000,1.485,11.760
15.77,-10.889,11.676,-0.723,-11.879,0.000,1.485,11.743
15.79,-10.889,11.676,-0.723,-11.879,0.000,1.485,11.743
15.81,-11.097,11.677,-0.744,-11.879,0.000,1.485,11.727
15.83,-11.097,11.677,-0.744,-11.879,0.000,1.485,11.727
15.85,-11.298,11.672,-0.739,-11.879,0.000,1.485,11.710
15.87,-11.298,11.672,-0.739,-11.879,0.000,1.485,11.710
15.89,-11.298,11.672,-0.739,-11.879,0.000,1.485,11.710
15.91,-11.646,11.641,-0.664,-11.879,0.000,1.485,11.672
15.93,-11.646,11.641,-0.664,-11.879,0.000,1.485,11.672
15.95,-11.833,11.609,-0.586,-11.879,0.000,1.485,11.644
15.98,-11.833,11.609,-0.586,-11.879,0.000,1.485,11.644
16.00,-12.015,11.565,-0.481,-11.879,0.000,1.485,11.609
16.02,-12.015,11.565,-0.481,-11.879,0.000,1.485,11.609
16.04,-12.194,11.508,-0.350,-11.879,0.000,1.485,11.568
16.06,-12.194,11.508,-0.350,-11.879,0.000,1.485,11.568
16.08,-12.368,11.434,-0.194,-11.879,0.000,1.485,11.517
16.10,-12.368,11.434,-0.194,-11.879,0.000,1.485,11.517
16.12,-12.540,11.342,-0.013,-11.879,0.000,1.485,11.456
16.14,-12.540,11.342,-0.013,-11.879,0.000,1.485,11.456
16.16,-12.710,11.230,0.190,-11.879,0.000,1.485,11.384
16.18,-12.710,11.230,0.190,-11.879,0.000,1.485,11.384
16.20,-12.915,11.069,0.459,-11.879,0.000,1.485,11.286
16.22,-12.915,11.069,0.459,-11.879,0.000,1.485,11.286
16.25,-12.915,11.069,0.459,-11.879,0.000,1.485,11.286
16.27,-13.153,10.845,0.802,-11.879,0.000,1.485,11.156
16.29,-13.153,10.845,0.802,-11.879,0.000,1.485,11.156
16.31,-13.153,10.845,0.802,-11.879,0.000,1.485,11.156
16.33,-13.423,10.546,1.219,-11.879,0.000,1.485,10.996
16.35,-13.423,10.546,1.219,-11.879,0.000,1.485,10.996
16.37,-13.587,10.341,1.486,-11.879,0.000,1.485,10.894
16.39,-13.587,10.341,1.486,-11.879,0.000,1.485,10.894
16.41,-13.775,10.083,1.804,-11.879,0.000,1.485,10.774
16.43,-13.775,10.083,1.804,-11.879,0.000,1.485,10.774
16.45,-13.923,9.864,2.068,-11.879,0.000,1.485,10.682
16.47,-13.923,9.864,2.068,-11.879,0.000,1.485,10.682
16.50,-14.063,9.646,2.330,-11.879,0.000,1.485,10.600
16.52,-14.063,9.646,2.330,-11.879,0.000,1.485,10.600
16.54,-14.208,9.505,2.405,-11.879,0.000,1.485,10.531
16.56,-14.208,9.505,2.405,-11.879,0.000,1.485,10.531
16.58,-14.342,9.402,2.393,-11.879,0.000,1.485,10.464
16.60,-14.342,9.402,2.393,-11.879,0.000,1.485,10.464
16.62,-14.477,9.304,2.383,-11.879,0.000,1.485,10.405
16.64,-14.477,9.304,2.383,-11.879,0.000,1.485,10.405
16.66,-14.617,9.210,2.376,-11.879,0.000,1.485,10.355
16.68,-14.617,9.210,2.376,-11.879,0.000,1.485,10.355
16.70,-14.763,9.125,2.371,-11.879,0.000,1.485,10.318
16.72,-14.763,9.125,2.371,-11.879,0.000,1.485,10.318
16.74,-14.763,9.125,2.371,-11.879,0.000,1.485,10.318
16.77,-15.053,8.997,2.365,-11.879,0.000,1.485,10.287
16.79,-15.053,8.997,2.365,-11.879,0.000,1.485,10.287
16.81,-15.226,8.937,2.363,-11.879,0.000,1.485,10.290
16.83,-15.226,8.937,2.363,-11.879,0.000,1.485,10.290
16.85,-15.406,8.886,2.363,-11.879,0.000,1.485,10.305
16.87,-15.406,8.886,2.363,-11.879,0.000,1.485,10.305
16.89,-15.589,8.842,2.362,-11.879,0.000,1.485,10.331
16.91,-15.589,8.842,2.362,-11.879,0.000,1.485,10.331
16.93,-15.809,8.796,2.361,-11.879,0.000,1.485,10.373
16.95,-15.809,8.796,2.361,-11.879,0.000,1.485,10.373
16.97,-15.990,8.762,2.358,-11.879,0.000,1.485,10.414
17.00,-15.990,8.762,2.358,-11.879,0.000,1.485,10.414
17.02,-16.165,8.731,2.355,-11.879,0.000,1.485,10.457
17.04,-16.165,8.731,2.355,-11.879,0.000,1.485,10.457
17.06,-16.332,8.701,2.352,-11.879,0.000,1.485,10.500
17.08,-16.332,8.701,2.352,-11.879,0.000,1.485,10.500
17.10,-16.492,8.670,2.351,-11.879,0.000,1.485,10.543
17.12,-16.492,8.670,2.351,-11.879,0.000,1.485,10.543
17.14,-16.642,8.638,2.350,-11.879,0.000,1.485,10.583
17.16,-16.642,8.638,2.350,-11.879,0.000,1.485,10.583
17.18,-16.783,8.604,2.350,-11.879,0.000,1.485,10.620
17.20,-16.783,8.604,2.350,-11.879,0.000,1.485,10.620
17.22,-16.939,8.560,2.350,-11.879,0.000,1.485,10.657
17.24,-16.939,8.560,2.350,-11.879,0.000,1.485,10.657
17.27,-16.939,8.560,2.350,-11.879,0.000,1.485,10.657
17.29,-17.126,8.491,2.345,-11.879,0.000,1.485,10.691
17.31,-17.126,8.491,2.345,-11.879,0.000,1.485,10.691
17.33,-17.233,8.441,2.339,-11.879,0.000,1.485,10.702
17.35,-17.233,8.441,2.339,-11.879,0.000,1.485,10.702
17.37,-17.334,8.386,2.333,-11.879,0.000,1.485,10.708
17.39,-17.334,8.386,2.333,-11.879,0.000,1.485,10.708
17.41,-17.428,8.325,2.323,-11.879,0.000,1.485,10.705
17.43,-17.428,8.325,2.323,-11.879,0.000,1.485,10.705
17.45,-17.533,8.245,2.303,-11.879,0.000,1.485,10.691
17.47,-17.533,8.245,2.303,-11.879,0.000,1.485,10.691
17.49,-17.614,8.172,2.279,-11.879,0.000,1.485,10.669
17.51,-17.614,8.172,2.279,-11.879,0.000,1.485,10.669
17.54,-17.688,8.094,2.251,-11.879,0.000,1.485,10.640
17.56,-17.688,8.094,2.251,-11.879,0.000,1.485,10.640
17.58,-17.757,8.013,2.218,-11.879,0.000,1.485,10.605
17.60,-17.757,8.013,2.218,-11.879,0.000,1.485,10.605
17.62,-17.819,7.929,2.181,-11.879,0.000,1.485,10.563
17.64,-17.819,7.929,2.181,-11.879,0.000,1.485,10.563
17.66,-17.875,7.841,2.141,-11.879,0.000,1.485,10.516
17.68,-17.875,7.841,2.141,-11.879,0.000,1.485,10.516
17.70,-17.925,7.750,2.096,-11.879,0.000,1.485,10.461
17.72,-17.925,7.750,2.096,-11.879,0.000,1.485,10.461
17.74,-17.925,7.750,2.096,-11.879,0.000,1.485,10.461
17.76,-17.998,7.578,2.007,-11.879,0.000,1.485,10.346
17.78,-17.998,7.578,2.007,-11.879,0.000,1.485,10.346
17.81,-18.029,7.477,1.953,-11.879,0.000,1.485,10.274
17.83,-18.029,7.477,1.953,-11.879,0.000,1.485,10.274
17.85,-18.052,7.374,1.897,-11.879,0.000,1.485,10.194
17.87,-18.052,7.374,1.897,-11.879,0.000,1.485,10.194
17.89,-18.070,7.268,1.838,-11.879,0.000,1.485,10.109
17.91,-18.070,7.268,1.838,-11.879,0.000,1.485,10.109
17.93,-18.080,7.159,1.776,-11.879,0.000,1.485,10.016
17.95,-18.080,7.159,1.776,-11.879,0.000,1.485,10.016
17.97,-18.082,7.023,1.697,-11.879,0.000,1.485,9.896
17.99,-18.082,7.023,1.697,-11.879,0.000,1.485,9.896
18.01,-18.077,6.908,1.629,-11.879,0.000,1.485,9.789
18.03,-18.077,6.908,1.629,-11.879,0.000,1.485,9.789
18.06,-18.064,6.789,1.557,-11.879,0.000,1.485,9.674
18.08,-18.064,6.789,1.557,-11.879,0.000,1.485,9.674
18.10,-18.045,6.667,1.483,-11.879,0.000,1.485,9.553
18.12,-18.045,6.667,1.483,-11.879,0.000,1.485,9.553
18.14,-18.019,6.543,1.406,-11.879,0.000,1.485,9.427
18.16,-18.019,6.543,1.406,-11.879,0.000,1.485,9.427
18.18,-17.986,6.416,1.327,-11.879,0.000,1.485,9.293
18.20,-17.986,6.416,1.327,-11.879,0.000,1.485,9.293
18.22,-17.946,6.288,1.243,-11.879,0.000,1.485,9.153
18.24,-17.946,6.288,1.243,-11.879,0.000,1.485,9.153
18.26,-17.946,6.288,1.243,-11.879,0.000,1.485,9.153
18.29,-17.855,6.050,1.077,-11.879,0.000,1.485,8.881
18.31,-17.855,6.050,1.077,-11.879,0.000,1.485,8.881
18.33,-17.792,5.915,0.977,-11.879,0.000,1.485,8.718
18.35,-17.792,5.915,0.977,-11.879,0.000,1.485,8.718
18.37,-17.719,5.777,0.873,-11.879,0.000,1.485,8.546
18.39,-17.719,5.777,0.873,-11.879,0.000,1.485,8.546
18.41,-17.638,5.637,0.769,-11.879,0.000,1.485,8.368
18.43,-17.638,5.637,0.769,-11.879,0.000,1.485,8.368
18.45,-17.527,5.468,0.645,-11.879,0.000,1.485,8.144
18.47,-17.527,5.468,0.645,-11.879,0.000,1.485,8.144
18.49,-17.425,5.325,0.544,-11.879,0.000,1.485,7.952
18.51,-17.425,5.325,0.544,-11.879,0.000,1.485,7.952
18.53,-17.316,5.181,0.445,-11.879,0.000,1.485,7.754
18.56,-17.316,5.181,0.445,-11.879,0.000,1.485,7.754
18.58,-17.199,5.037,0.350,-11.879,0.000,1.485,7.552
18.60,-17.199,5.037,0.350,-11.879,0.000,1.485,7.552
18.62,-17.075,4.893,0.257,-11.879,0.000,1.485,7.346
18.64,-17.075,4.893,0.257,-11.879,0.000,1.485,7.346
18.66,-16.945,4.748,0.168,-11.879,0.000,1.485,7.137
18.68,-16.945,4.748,0.168,-11.879,0.000,1.485,7.137
18.70,-16.811,4.603,0.082,-11.879,0.000,1.485,6.926
18.72,-16.811,4.603,0.082,-11.879,0.000,1.485,6.926
18.74,-16.811,4.603,0.082,-11.879,0.000,1.485,6.926
18.76,-16.560,4.344,-0.065,-11.879,0.000,1.485,6.542
18.78,-16.560,4.344,-0.065,-11.879,0.000,1.485,6.542
18.81,-16.417,4.201,-0.142,-11.879,0.000,1.485,6.328
18.83,-16.417,4.201,-0.142,-11.879,0.000,1.485,6.328
18.85,-16.272,4.059,-0.216,-11.879,0.000,1.485,6.114
18.87,-16.272,4.059,-0.216,-11.879,0.000,1.485,6.114
18.89,-16.126,3.919,-0.287,-11.879,0.000,1.485,5.902
18.91,-16.126,3.919,-0.287,-11.879,0.000,1.485,5.902
18.93,-15.979,3.781,-0.353,-11.879,0.000,1.485,5.691
18.95,-15.979,3.781,-0.353,-11.879,0.000,1.485,5.691
18.97,-15.803,3.618,-0.427,-11.879,0.000,1.485,5.441
18.99,-15.803,3.618,-0.427,-11.879,0.000,1.485,5.441
19.02,-15.657,3.486,-0.485,-11.879,0.000,1.485,5.236
19.04,-15.657,3.486,-0.485,-11.879,0.000,1.485,5.236
19.06,-15.511,3.356,-0.538,-11.879,0.000,1.485,5.035
19.08,-15.511,3.356,-0.538,-11.879,0.000,1.485,5.035
19.10,-15.367,3.230,-0.588,-11.879,0.000,1.485,4.838
19.12,-15.367,3.230,-0.588,-11.879,0.000,1.485,4.838
19.14,-15.224,3.108,-0.634,-11.879,0.000,1.485,4.644
19.16,-15.224,3.108,-0.634,-11.879,0.000,1.485,4.644
19.18,-15.083,2.989,-0.677,-11.879,0.000,1.485,4.455
19.20,-15.083,2.989,-0.677,-11.879,0.000,1.485,4.455
19.22,-14.917,2.851,-0.723,-11.879,0.000,1.485,4.235
19.24,-14.917,2.851,-0.723,-11.879,0.000,1.485,4.235
19.27,-14.917,2.851,-0.723,-11.879,0.000,1.485,4.235
19.29,-14.700,2.677,-0.778,-11.879,0.000,1.485,3.953
19.31,-14.700,2.677,-0.778,-11.879,0.000,1.485,3.953
19.33,-14.568,2.574,-0.808,-11.879,0.000,1.485,3.783
19.35,-14.568,2.574,-0.808,-11.879,0.000,1.485,3.783
19.37,-14.439,2.475,-0.836,-11.879,0.000,1.485,3.619
19.39,-14.439,2.475,-0.836,-11.879,0.000,1.485,3.619
19.41,-14.290,2.362,-0.868,-11.879,0.000,1.485,3.431
19.43,-14.290,2.362,-0.868,-11.879,0.000,1.485,3.431
19.45,-14.168,2.273,-0.891,-11.879,0.000,1.485,3.280
19.47,-14.168,2.273,-0.891,-11.879,0.000,1.485,3.280
19.50,-14.050,2.187,-0.913,-11.879,0.000,1.485,3.134
19.52,-14.050,2.187,-0.913,-11.879,0.000,1.485,3.134
19.54,-13.936,2.106,-0.934,-11.879,0.000,1.485,2.995
19.56,-13.936,2.106,-0.934,-11.879,0.000,1.485,2.995
19.58,-13.827,2.030,-0.954,-11.879,0.000,1.485,2.863
19.60,-13.827,2.030,-0.954,-11.879,0.000,1.485,2.863
19.62,-13.721,1.957,-0.973,-11.879,0.000,1.485,2.736
19.64,-13.721,1.957,-0.973,-11.879,0.000,1.485,2.736
19.66,-13.620,1.888,-0.991,-11.879,0.000,1.485,2.615
19.68,-13.620,1.888,-0.991,-11.879,0.000,1.485,2.615
19.70,-13.522,1.824,-1.009,-11.879,0.000,1.485,2.501
19.72,-13.522,1.824,-1.009,-11.879,0.000,1.485,2.501
19.74,-13.411,1.751,-1.029,-11.879,0.000,1.485,2.371
19.76,-13.411,1.751,-1.029,-11.879,0.000,1.485,2.371
19.79,-13.411,1.751,-1.029,-11.879,0.000,1.485,2.371
19.81,-13.272,1.663,-1.054,-11.879,0.000,1.485,2.212
19.83,-13.272,1.663,-1.054,-11.879,0.000,1.485,2.212
19.85,-13.191,1.612,-1.069,-11.879,0.000,1.485,2.119
19.87,-13.191,1.612,-1.069,-11.879,0.000,1.485,2.119
19.89,-13.114,1.564,-1.084,-11.879,0.000,1.485,2.033
19.91,-13.114,1.564,-1.084,-11.879,0.000,1.485,2.033
19.93,-13.041,1.520,-1.098,-11.879,0.000,1.485,1.952
19.95,-13.041,1.520,-1.098,-11.879,0.000,1.485,1.952
19.97,-12.959,1.470,-1.114,-11.879,0.000,1.485,1.861
19.99,-12.959,1.470,-1.114,-11.879,0.000,1.485,1.861
20.01,-12.894,1.431,-1.126,-11.879,0.000,1.485,1.791
20.04,-12.894,1.431,-1.126,-11.879,0.000,1.485,1.791
20.06,-12.833,1.395,-1.137,-11.879,0.000,1.485,1.725
20.08,-12.833,1.395,-1.137,-11.879,0.000,1.485,1.725
20.10,-12.775,1.362,-1.148,-11.879,0.000,1.485,1.664
20.12,-12.775,1.362,-1.148,-11.879,0.000,1.485,1.664
20.14,-12.721,1.330,-1.159,-11.879,0.000,1.485,1.607
20.16,-12.721,1.330,-1.159,-11.879,0.000,1.485,1.607
20.18,-12.670,1.300,-1.169,-11.879,0.000,1.485,1.554
20.20,-12.670,1.300,-1.169,-11.879,0.000,1.485,1.554
20.22,-12.613,1.267,-1.180,-11.879,0.000,1.485,1.495
20.24,-12.613,1.267,-1.180,-11.879,0.000,1.485,1.495
20.27,-12.613,1.267,-1.180,-11.879,0.000,1.485,1.495
20.29,-12.543,1.227,-1.193,-11.879,0.000,1.485,1.425
20.31,-12.543,1.227,-1.193,-11.879,0.000,1.485,1.425
20.33,-12.503,1.203,-1.201,-11.879,0.000,1.485,1.385
20.35,-12.503,1.203,-1.201,-11.879,0.000,1.485,1.385
20.37,-12.465,1.182,-1.209,-11.879,0.000,1.485,1.347
20.39,-12.465,1.182,-1.209,-11.879,0.000,1.485,1.347
20.41,-12.430,1.161,-1.216,-11.879,0.000,1.485,1.313
20.43,-12.430,1.161,-1.216,-11.879,0.000,1.485,1.313
20.45,-12.390,1.138,-1.223,-11.879,0.000,1.485,1.275
20.47,-12.390,1.138,-1.223,-11.879,0.000,1.485,1.275
20.49,-12.359,1.121,-1.229,-11.879,0.000,1.485,1.246
20.51,-12.359,1.121,-1.229,-11.879,0.000,1.485,1.246
20.54,-12.330,1.104,-1.234,-11.879,0.000,1.485,1.219
20.56,-12.330,1.104,-1.234,-11.879,0.000,1.485,1.219
20.58,-12.303,1.088,-1.239,-11.879,0.000,1.485,1.193
20.60,-12.303,1.088,-1.239,-11.879,0.000,1.485,1.193
20.62,-12.277,1.074,-1.244,-11.879,0.000,1.485,1.170
20.64,-12.277,1.074,-1.244,-11.879,0.000,1.485,1.170
20.66,-12.253,1.060,-1.248,-11.879,0.000,1.485,1.148
20.68,-12.253,1.060,-1.248,-11.879,0.000,1.485,1.148
20.70,-12.231,1.046,-1.252,-11.879,0.000,1.485,1.128
20.72,-12.231,1.046,-1.252,-11.879,0.000,1.485,1.128
20.74,-12.210,1.033,-1.257,-11.879,0.000,1.485,1.108
20.76,-12.210,1.033,-1.257,-11.879,0.000,1.485,1.108
20.78,-12.210,1.033,-1.257,-11.879,0.000,1.485,1.108
20.80,-12.175,1.011,-1.263,-11.879,0.000,1.485,1.076
20.83,-12.175,1.011,-1.263,-11.879,0.000,1.485,1.076
20.85,-12.157,0.999,-1.267,-11.879,0.000,1.485,1.060
20.87,-12.157,0.999,-1.267,-11.879,0.000,1.485,1.060
20.89,-12.141,0.988,-1.271,-11.879,0.000,1.485,1.044
20.91,-12.141,0.988,-1.271,-11.879,0.000,1.485,1.044
20.93,-12.125,0.977,-1.275,-11.879,0.000,1.485,1.029
20.95,-12.125,0.977,-1.275,-11.879,0.000,1.485,1.029
20.97,-12.108,0.964,-1.280,-11.879,0.000,1.485,1.012
20.99,-12.108,0.964,-1.280,-11.879,0.000,1.485,1.012
21.01,-12.094,0.954,-1.284,-11.879,0.000,1.485,0.998
21.03,-12.094,0.954,-1.284,-11.879,0.000,1.485,0.998
21.05,-12.081,0.944,-1.287,-11.879,0.000,1.485,0.986
21.08,-12.081,0.944,-1.287,-11.879,0.000,1.485,0.986
21.10,-12.069,0.935,-1.291,-11.879,0.000,1.485,0.973
21.12,-12.069,0.935,-1.291,-11.879,0.000,1.485,0.973
21.14,-12.057,0.926,-1.294,-11.879,0.000,1.485,0.961
21.16,-12.057,0.926,-1.294,-11.879,0.000,1.485,0.961
21.18,-12.045,0.917,-1.298,-11.879,0.000,1.485,0.950
21.20,-12.045,0.917,-1.298,-11.879,0.000,1.485,0.950
21.22,-12.034,0.908,-1.301,-11.879,0.000,1.485,0.939
21.24,-12.034,0.908,-1.301,-11.879,0.000,1.485,0.939
21.26,-12.034,0.908,-1.301,-11.879,0.000,1.485,0.939
21.28,-12.016,0.896,-1.307,-11.879,0.000,1.485,0.923
21.30,-12.016,0.896,-1.307,-11.879,0.000,1.485,0.923
21.33,-12.004,0.887,-1.311,-11.879,0.000,1.485,0.912
21.35,-12.004,0.887,-1.311,-11.879,0.000,1.485,0.912
21.37,-11.995,0.880,-1.314,-11.879,0.000,1.485,0.904
21.39,-11.995,0.880,-1.314,-11.879,0.000,1.485,0.904
21.41,-11.985,0.874,-1.317,-11.879,0.000,1.485,0.896
21.43,-11.985,0.874,-1.317,-11.879,0.000,1.485,0.896
21.45,-11.976,0.868,-1.321,-11.879,0.000,1.485,0.888
21.47,-11.976,0.868,-1.321,-11.879,0.000,1.485,0.888
21.49,-11.967,0.863,-1.324,-11.879,0.000,1.485,0.882
21.51,-11.967,0.863,-1.324,-11.879,0.000,1.485,0.882
21.53,-11.956,0.857,-1.328,-11.879,0.000,1.485,0.875
21.55,-11.956,0.857,-1.328,-11.879,0.000,1.485,0.875
21.57,-11.948,0.853,-1.331,-11.879,0.000,1.485,0.869
21.59,-11.948,0.853,-1.331,-11.879,0.000,1.485,0.869
21.61,-11.940,0.849,-1.334,-11.879,0.000,1.485,0.864
21.64,-11.940,0.849,-1.334,-11.879,0.000,1.485,0.864
21.66,-11.931,0.846,-1.338,-11.879,0.000,1.485,0.860
21.68,-11.931,0.846,-1.338,-11.879,0.000,1.485,0.860
21.70,-11.923,0.843,-1.341,-11.879,0.000,1.485,0.856
21.72,-11.923,0.843,-1.341,-11.879,0.000,1.485,0.856
21.74,-11.915,0.839,-1.345,-11.879,0.000,1.485,0.852
21.76,-11.915,0.839,-1.345,-11.879,0.000,1.485,0.852
21.78,-11.915,0.839,-1.345,-11.879,0.000,1.485,0.852
21.80,-11.903,0.835,-1.350,-11.879,0.000,1.485,0.846
21.82,-11.903,0.835,-1.350,-11.879,0.000,1.485,0.846
21.84,-11.894,0.832,-1.354,-11.879,0.000,1.485,0.842
21.86,-11.894,0.832,-1.354,-11.879,0.000,1.485,0.842
21.89,-11.888,0.829,-1.357,-11.879,0.000,1.485,0.839
21.91,-11.888,0.829,-1.357,-11.879,0.000,1.485,0.839
21.93,-11.881,0.827,-1.360,-11.879,0.000,1.485,0.836
21.95,-11.881,0.827,-1.360,-11.879,0.000,1.485,0.836
21.97,-11.875,0.825,-1.363,-11.879,0.000,1.485,0.834
21.99,-11.875,0.825,-1.363,-11.879,0.000,1.485,0.834
22.01,-11.870,0.823,-1.366,-11.879,0.000,1.485,0.831
22.03,-11.870,0.823,-1.366,-11.879,0.000,1.485,0.831
22.05,-11.863,0.821,-1.371,-11.879,0.000,1.485,0.829
22.07,-11.863,0.821,-1.371,-11.879,0.000,1.485,0.829
22.09,-11.858,0.819,-1.374,-11.879,0.000,1.485,0.827
22.11,-11.858,0.819,-1.374,-11.879,0.000,1.485,0.827
22.13,-11.854,0.818,-1.377,-11.879,0.000,1.485,0.825
22.16,-11.854,0.818,-1.377,-11.879,0.000,1.485,0.825
22.18,-11.849,0.816,-1.380,-11.879,0.000,1.485,0.823
22.20,-11.849,0.816,-1.380,-11.879,0.000,1.485,0.823
22.22,-11.845,0.814,-1.383,-11.879,0.000,1.485,0.821
22.24,-11.845,0.814,-1.383,-11.879,0.000,1.485,0.821
22.26,-11.841,0.812,-1.387,-11.879,0.000,1.485,0.819
22.28,-11.841,0.812,-1.387,-11.879,0.000,1.485,0.819
22.30,-11.841,0.812,-1.387,-11.879,0.000,1.485,0.819
22.32,-11.835,0.810,-1.392,-11.879,0.000,1.485,0.816
22.34,-11.835,0.810,-1.392,-11.879,0.000,1.485,0.816
22.36,-11.831,0.808,-1.395,-11.879,0.000,1.485,0.814
22.38,-11.831,0.808,-1.395,-11.879,0.000,1.485,0.814
22.40,-11.827,0.805,-1.399,-11.879,0.000,1.485,0.812
22.42,-11.827,0.805,-1.399,-11.879,0.000,1.485,0.812
22.45,-11.824,0.803,-1.402,-11.879,0.000,1.485,0.809
22.47,-11.824,0.803,-1.402,-11.879,0.000,1.485,0.809
22.49,-11.821,0.801,-1.405,-11.879,0.000,1.485,0.807
22.51,-11.821,0.801,-1.405,-11.879,0.000,1.485,0.807
22.53,-11.818,0.799,-1.407,-11.879,0.000,1.485,0.805
22.55,-11.818,0.799,-1.407,-11.879,0.000,1.485,0.805
22.57,-11.816,0.797,-1.410,-11.879,0.000,1.485,0.803
22.59,-11.816,0.797,-1.410,-11.879,0.000,1.485,0.803
22.61,-11.813,0.795,-1.413,-11.879,0.000,1.485,0.800
22.63,-11.813,0.795,-1.413,-11.879,0.000,1.485,0.800
22.65,-11.811,0.792,-1.415,-11.879,0.000,1.485,0.798
22.67,-11.811,0.792,-1.415,-11.879,0.000,1.485,0.798
22.70,-11.810,0.790,-1.417,-11.879,0.000,1.485,0.796
22.72,-11.810,0.790,-1.417,-11.879,0.000,1.485,0.796
22.74,-11.808,0.788,-1.419,-11.879,0.000,1.485,0.794
22.76,-11.808,0.788,-1.419,-11.879,0.000,1.485,0.794
22.78,-11.808,0.788,-1.419,-11.879,0.000,1.485,0.794
22.80,-11.806,0.785,-1.423,-11.879,0.000,1.485,0.790
22.82,-11.806,0.785,-1.423,-11.879,0.000,1.485,0.790
22.84,-11.805,0.782,-1.425,-11.879,0.000,1.485,0.788
22.86,-11.805,0.782,-1.425,-11.879,0.000,1.485,0.788
22.88,-11.805,0.780,-1.427,-11.879,0.000,1.485,0.786
22.90,-11.805,0.780,-1.427,-11.879,0.000,1.485,0.786
22.92,-11.804,0.778,-1.429,-11.879,0.000,1.485,0.783
22.94,-11.804,0.778,-1.429,-11.879,0.000,1.485,0.783
22.97,-11.804,0.776,-1.431,-11.879,0.000,1.485,0.781
22.99,-11.804,0.776,-1.431,-11.879,0.000,1.485,0.781
23.01,-11.804,0.773,-1.432,-11.879,0.000,1.485,0.779
23.03,-11.804,0.773,-1.432,-11.879,0.000,1.485,0.779
23.05,-11.804,0.771,-1.434,-11.879,0.000,1.485,0.776
23.07,-11.804,0.771,-1.434,-11.879,0.000,1.485,0.776
23.09,-11.804,0.769,-1.436,-11.879,0.000,1.485,0.774
23.11,-11.804,0.769,-1.436,-11.879,0.000,1.485,0.774
23.13,-11.805,0.766,-1.438,-11.879,0.000,1.485,0.771
23.15,-11.805,0.766,-1.438,-11.879,0.000,1.485,0.771
23.17,-11.805,0.764,-1.439,-11.879,0.000,1.485,0.769
23.19,-11.805,0.764,-1.439,-11.879,0.000,1.485,0.769
23.21,-11.805,0.761,-1.441,-11.879,0.000,1.485,0.766
23.24,-11.805,0.761,-1.441,-11.879,0.000,1.485,0.766
23.26,-11.806,0.759,-1.442,-11.879,0.000,1.485,0.764
23.28,-11.806,0.759,-1.442,-11.879,0.000,1.485,0.764
23.30,-11.806,0.759,-1.442,-11.879,0.000,1.485,0.764
23.32,-11.807,0.756,-1.444,-11.879,0.000,1.485,0.760
23.34,-11.807,0.756,-1.444,-11.879,0.000,1.485,0.760
23.36,-11.808,0.753,-1.445,-11.879,0.000,1.485,0.758
23.38,-11.808,0.753,-1.445,-11.879,0.000,1.485,0.758
23.40,-11.809,0.751,-1.446,-11.879,0.000,1.485,0.755
23.42,-11.809,0.751,-1.446,-11.879,0.000,1.485,0.755
23.44,-11.810,0.749,-1.447,-11.879,0.000,1.485,0.753
23.46,-11.810,0.749,-1.447,-11.879,0.000,1.485,0.753
23.48,-11.812,0.746,-1.448,-11.879,0.000,1.485,0.750
23.50,-11.812,0.746,-1.448,-11.879,0.000,1.485,0.750
23.53,-11.813,0.744,-1.449,-11.879,0.000,1.485,0.748
23.55,-11.813,0.744,-1.449,-11.879,0.000,1.485,0.748
23.57,-11.815,0.742,-1.449,-11.879,0.000,1.485,0.746
23.59,-11.815,0.742,-1.449,-11.879,0.000,1.485,0.746
23.61,-11.817,0.741,-1.450,-11.879,0.000,1.485,0.744
23.63,-11.817,0.741,-1.450,-11.879,0.000,1.485,0.744
23.65,-11.818,0.739,-1.450,-11.879,0.000,1.485,0.742
23.67,-11.818,0.739,-1.450,-11.879,0.000,1.485,0.742
23.69,-11.820,0.737,-1.451,-11.879,0.000,1.485,0.740
23.71,-11.820,0.737,-1.451,-11.879,0.000,1.485,0.740
23.73,-11.823,0.735,-1.452,-11.879,0.000,1.485,0.738
23.75,-11.823,0.735,-1.452,-11.879,0.000,1.485,0.738
23.78,-11.825,0.733,-1.452,-11.879,0.000,1.485,0.736
23.80,-11.825,0.733,-1.452,-11.879,0.000,1.485,0.736
23.82,-11.825,0.733,-1.452,-11.879,0.000,1.485,0.736
23.84,-11.828,0.730,-1.454,-11.879,0.000,1.485,0.733
23.86,-11.828,0.730,-1.454,-11.879,0.000,1.485,0.733
23.88,-11.830,0.728,-1.454,-11.879,0.000,1.485,0.731
23.90,-11.830,0.728,-1.454,-11.879,0.000,1.485,0.731
23.92,-11.832,0.727,-1.455,-11.879,0.000,1.485,0.729
23.94,-11.832,0.727,-1.455,-11.879,0.000,1.485,0.729
23.96,-11.834,0.725,-1.455,-11.879,0.000,1.485,0.727
23.98,-11.834,0.725,-1.455,-11.879,0.000,1.485,0.727
24.00,-11.837,0.723,-1.455,-11.879,0.000,1.485,0.724
24.03,-11.837,0.723,-1.455,-11.879,0.000,1.485,0.724
24.05,-11.839,0.721,-1.456,-11.879,0.000,1.485,0.722
24.07,-11.839,0.721,-1.456,-11.879,0.000,1.485,0.722
24.09,-11.842,0.719,-1.456,-11.879,0.000,1.485,0.720
24.11,-11.842,0.719,-1.456,-11.879,0.000,1.485,0.720
24.13,-11.844,0.716,-1.456,-11.879,0.000,1.485,0.718
24.15,-11.844,0.716,-1.456,-11.879,0.000,1.485,0.718
24.17,-11.846,0.714,-1.457,-11.879,0.000,1.485,0.715
24.19,-11.846,0.714,-1.457,-11.879,0.000,1.485,0.715
24.21,-11.849,0.711,-1.457,-11.879,0.000,1.485,0.712
24.23,-11.849,0.711,-1.457,-11.879,0.000,1.485,0.712
24.25,-11.852,0.709,-1.457,-11.879,0.000,1.485,0.710
24.27,-11.852,0.709,-1.457,-11.879,0.000,1.485,0.710
24.29,-11.852,0.709,-1.457,-11.879,0.000,1.485,0.710
24.32,-11.856,0.704,-1.458,-11.879,0.000,1.485,0.705
24.34,-11.856,0.704,-1.458,-11.879,0.000,1.485,0.705
24.36,-11.858,0.701,-1.459,-11.879,0.000,1.485,0.702
24.38,-11.858,0.701,-1.459,-11.879,0.000,1.485,0.702
24.40,-11.861,0.699,-1.459,-11.879,0.000,1.485,0.699
24.42,-11.861,0.699,-1.459,-11.879,0.000,1.485,0.699
24.44,-11.864,0.696,-1.460,-11.879,0.000,1.485,0.696
24.46,-11.864,0.696,-1.460,-11.879,0.000,1.485,0.696
24.48,-11.867,0.693,-1.460,-11.879,0.000,1.485,0.693
24.50,-11.867,0.693,-1.460,-11.879,0.000,1.485,0.693
24.52,-11.870,0.689,-1.461,-11.879,0.000,1.485,0.689
24.54,-11.870,0.689,-1.461,-11.879,0.000,1.485,0.689
24.57,-11.872,0.686,-1.462,-11.879,0.000,1.485,0.686
24.59,-11.872,0.686,-1.462,-11.879,0.000,1.485,0.686
24.61,-11.875,0.683,-1.463,-11.879,0.000,1.485,0.683
24.63,-11.875,0.683,-1.463,-11.879,0.000,1.485,0.683
24.65,-11.877,0.680,-1.464,-11.879,0.000,1.485,0.680
24.67,-11.877,0.680,-1.464,-11.879,0.000,1.485,0.680
24.69,-11.879,0.676,-1.465,-11.879,0.000,1.485,0.676
24.71,-11.879,0.676,-1.465,-11.879,0.000,1.485,0.676
24.73,-11.881,0.673,-1.466,-11.879,0.000,1.485,0.673
24.75,-11.881,0.673,-1.466,-11.879,0.000,1.485,0.673
24.77,-11.883,0.669,-1.467,-11.879,0.000,1.485,0.669
24.79,-11.883,0.669,-1.467,-11.879,0.000,1.485,0.669
24.81,-11.883,0.669,-1.467,-11.879,0.000,1.485,0.669
24.83,-11.885,0.663,-1.469,-11.879,0.000,1.485,0.663
24.86,-11.885,0.663,-1.469,-11.879,0.000,1.485,0.663
24.88,-11.886,0.659,-1.470,-11.879,0.000,1.485,0.659
24.90,-11.886,0.659,-1.470,-11.879,0.000,1.485,0.659
24.92,-11.887,0.655,-1.470,-11.879,0.000,1.485,0.655
24.94,-11.887,0.655,-1.470,-11.879,0.000,1.485,0.655
24.96,-11.888,0.652,-1.471,-11.879,0.000,1.485,0.652
24.98,-11.888,0.652,-1.471,-11.879,0.000,1.485,0.652
25.00,-11.889,0.648,-1.472,-11.879,0.000,1.485,0.648
25.02,-11.889,0.648,-1.472,-11.879,0.000,1.485,0.648
25.04,-11.891,0.644,-1.472,-11.879,0.000,1.485,0.644
25.06,-11.891,0.644,-1.472,-11.879,0.000,1.485,0.644
25.08,-11.893,0.640,-1.472,-11.879,0.000,1.485,0.640
25.11,-11.893,0.640,-1.472,-11.879,0.000,1.485,0.640
25.13,-11.894,0.637,-1.472,-11.879,0.000,1.485,0.637
25.15,-11.894,0.637,-1.472,-11.879,0.000,1.485,0.637
25.17,-11.895,0.633,-1.472,-11.879,0.000,1.485,0.633
25.19,-11.895,0.633,-1.472,-11.879,0.000,1.485,0.633
25.21,-11.896,0.630,-1.471,-11.879,0.000,1.485,0.630
25.23,-11.896,0.630,-1.471,-11.879,0.000,1.485,0.630
25.25,-11.897,0.626,-1.471,-11.879,0.000,1.485,0.626
25.27,-11.897,0.626,-1.471,-11.879,0.000,1.485,0.626
25.29,-11.897,0.626,-1.471,-11.879,0.000,1.485,0.626
25.31,-11.899,0.621,-1.470,-11.879,0.000,1.485,0.621
25.34,-11.899,0.621,-1.470,-11.879,0.000,1.485,0.621
25.36,-11.900,0.617,-1.469,-11.879,0.000,1.485,0.618
25.38,-11.900,0.617,-1.469,-11.879,0.000,1.485,0.618
25.40,-11.901,0.614,-1.469,-11.879,0.000,1.485,0.614
25.42,-11.901,0.614,-1.469,-11.879,0.000,1.485,0.614
25.44,-11.903,0.610,-1.468,-11.879,0.000,1.485,0.611
25.46,-11.903,0.610,-1.468,-11.879,0.000,1.485,0.611
25.48,-11.904,0.607,-1.468,-11.879,0.000,1.485,0.607
25.50,-11.904,0.607,-1.468,-11.879,0.000,1.485,0.607
25.52,-11.906,0.603,-1.468,-11.879,0.000,1.485,0.604
25.54,-11.906,0.603,-1.468,-11.879,0.000,1.485,0.604
25.56,-11.907,0.599,-1.467,-11.879,0.000,1.485,0.599
25.59,-11.907,0.599,-1.467,-11.879,0.000,1.485,0.599
25.61,-11.909,0.595,-1.467,-11.879,0.000,1.485,0.595
25.63,-11.909,0.595,-1.467,-11.879,0.000,1.485,0.595
25.65,-11.911,0.590,-1.467,-11.879,0.000,1.485,0.591
25.67,-11.911,0.590,-1.467,-11.879,0.000,1.485,0.591
25.69,-11.913,0.586,-1.467,-11.879,0.000,1.485,0.587
25.71,-11.913,0.586,-1.467,-11.879,0.000,1.485,0.587
25.73,-11.914,0.581,-1.467,-11.879,0.000,1.485,0.583
25.75,-11.914,0.581,-1.467,-11.879,0.000,1.485,0.583
25.77,-11.916,0.577,-1.467,-11.879,0.000,1.485,0.579
25.79,-11.916,0.577,-1.467,-11.879,0.000,1.485,0.579
25.81,-11.916,0.577,-1.467,-11.879,0.000,1.485,0.579
25.84,-11.918,0.571,-1.467,-11.879,0.000,1.485,0.572
25.86,-11.918,0.571,-1.467,-11.879,0.000,1.485,0.572
25.88,-11.920,0.566,-1.466,-11.879,0.000,1.485,0.568
25.90,-11.920,0.566,-1.466,-11.879,0.000,1.485,0.568
25.92,-11.921,0.562,-1.466,-11.879,0.000,1.485,0.564
25.94,-11.921,0.562,-1.466,-11.879,0.000,1.485,0.564
25.96,-11.922,0.558,-1.466,-11.879,0.000,1.485,0.560
25.98,-11.922,0.558,-1.466,-11.879,0.000,1.485,0.560
26.00,-11.924,0.554,-1.466,-11.879,0.000,1.485,0.556
26.02,-11.924,0.554,-1.466,-11.879,0.000,1.485,0.556
26.04,-11.925,0.549,-1.466,-11.879,0.000,1.485,0.551
26.06,-11.925,0.549,-1.466,-11.879,0.000,1.485,0.551
26.09,-11.926,0.545,-1.465,-11.879,0.000,1.485,0.548
26.11,-11.926,0.545,-1.465,-11.879,0.000,1.485,0.548
26.13,-11.927,0.542,-1.465,-11.879,0.000,1.485,0.544
26.15,-11.927,0.542,-1.465,-11.879,0.000,1.485,0.544
26.17,-11.929,0.538,-1.465,-11.879,0.000,1.485,0.541
26.19,-11.929,0.538,-1.465,-11.879,0.000,1.485,0.541
26.21,-11.930,0.535,-1.465,-11.879,0.000,1.485,0.538
26.23,-11.930,0.535,-1.465,-11.879,0.000,1.485,0.538
26.25,-11.931,0.532,-1.465,-11.879,0.000,1.485,0.535
26.27,-11.931,0.532,-1.465,-11.879,0.000,1.485,0.535
26.29,-11.932,0.529,-1.465,-11.879,0.000,1.485,0.532
26.32,-11.932,0.529,-1.465,-11.879,0.000,1.485,0.532
26.34,-11.932,0.529,-1.465,-11.879,0.000,1.485,0.532
26.36,-11.934,0.525,-1.464,-11.879,0.000,1.485,0.528
26.38,-11.934,0.525,-1.464,-11.879,0.000,1.485,0.528
26.40,-11.935,0.523,-1.464,-11.879,0.000,1.485,0.526
26.42,-11.935,0.523,-1.464,-11.879,0.000,1.485,0.526
26.44,-11.936,0.520,-1.464,-11.879,0.000,1.485,0.523
26.46,-11.936,0.520,-1.464,-11.879,0.000,1.485,0.523
26.48,-11.937,0.518,-1.463,-11.879,0.000,1.485,0.521
26.50,-11.937,0.518,-1.463,-11.879,0.000,1.485,0.521
26.52,-11.938,0.515,-1.463,-11.879,0.000,1.485,0.519
26.54,-11.938,0.515,-1.463,-11.879,0.000,1.485,0.519
26.57,-11.939,0.513,-1.463,-11.879,0.000,1.485,0.517
26.59,-11.939,0.513,-1.463,-11.879,0.000,1.485,0.517
26.61,-11.940,0.510,-1.463,-11.879,0.000,1.485,0.514
26.63,-11.940,0.510,-1.463,-11.879,0.000,1.485,0.514
26.65,-11.940,0.508,-1.462,-11.879,0.000,1.485,0.512
26.67,-11.940,0.508,-1.462,-11.879,0.000,1.485,0.512
26.69,-11.941,0.506,-1.462,-11.879,0.000,1.485,0.510
26.71,-11.941,0.506,-1.462,-11.879,0.000,1.485,0.510
26.73,-11.941,0.503,-1.462,-11.879,0.000,1.485,0.507
26.75,-11.941,0.503,-1.462,-11.879,0.000,1.485,0.507
26.77,-11.941,0.501,-1.462,-11.879,0.000,1.485,0.505
26.79,-11.941,0.501,-1.462,-11.879,0.000,1.485,0.505
26.81,-11.941,0.501,-1.462,-11.879,0.000,1.485,0.505
26.84,-11.941,0.497,-1.463,-11.879,0.000,1.485,0.501
26.86,-11.941,0.497,-1.463,-11.879,0.000,1.485,0.501
26.88,-11.941,0.495,-1.463,-11.879,0.000,1.485,0.499
26.90,-11.941,0.495,-1.463,-11.879,0.000,1.485,0.499
26.92,-11.941,0.492,-1.463,-11.879,0.000,1.485,0.496
26.94,-11.941,0.492,-1.463,-11.879,0.000,1.485,0.496
26.96,-11.941,0.490,-1.463,-11.879,0.000,1.485,0.494
26.98,-11.941,0.490,-1.463,-11.879,0.000,1.485,0.494
27.00,-11.940,0.487,-1.464,-11.879,0.000,1.485,0.491
27.02,-11.940,0.487,-1.464,-11.879,0.000,1.485,0.491
27.04,-11.940,0.484,-1.465,-11.879,0.000,1.485,0.488
27.06,-11.940,0.484,-1.465,-11.879,0.000,1.485,0.488
27.09,-11.939,0.481,-1.466,-11.879,0.000,1.485,0.485
27.11,-11.939,0.481,-1.466,-11.879,0.000,1.485,0.485
27.13,-11.939,0.478,-1.466,-11.879,0.000,1.485,0.482
27.15,-11.939,0.478,-1.466,-11.879,0.000,1.485,0.482
27.17,-11.938,0.475,-1.467,-11.879,0.000,1.485,0.479
27.19,-11.938,0.475,-1.467,-11.879,0.000,1.485,0.479
27.21,-11.937,0.472,-1.467,-11.879,0.000,1.485,0.476
27.23,-11.937,0.472,-1.467,-11.879,0.000,1.485,0.476
27.25,-11.936,0.468,-1.468,-11.879,0.000,1.485,0.472
27.27,-11.936,0.468,-1.468,-11.879,0.000,1.485,0.472
27.29,-11.935,0.465,-1.468,-11.879,0.000,1.485,0.469
27.31,-11.935,0.465,-1.468,-11.879,0.000,1.485,0.469
27.33,-11.935,0.465,-1.468,-11.879,0.000,1.485,0.469
27.36,-11.934,0.461,-1.469,-11.879,0.000,1.485,0.464
27.38,-11.934,0.461,-1.469,-11.879,0.000,1.485,0.464
27.40,-11.933,0.458,-1.469,-11.879,0.000,1.485,0.461
27.42,-11.933,0.458,-1.469,-11.879,0.000,1.485,0.461
27.44,-11.932,0.455,-1.469,-11.879,0.000,1.485,0.458
27.46,-11.932,0.455,-1.469,-11.879,0.000,1.485,0.458
27.48,-11.931,0.452,-1.470,-11.879,0.000,1.485,0.455
27.50,-11.931,0.452,-1.470,-11.879,0.000,1.485,0.455
27.52,-11.930,0.449,-1.470,-11.879,0.000,1.485,0.452
27.54,-11.930,0.449,-1.470,-11.879,0.000,1.485,0.452
27.56,-11.929,0.446,-1.471,-11.879,0.000,1.485,0.449
27.58,-11.929,0.446,-1.471,-11.879,0.000,1.485,0.449
27.61,-11.928,0.443,-1.471,-11.879,0.000,1.485,0.446
27.63,-11.928,0.443,-1.471,-11.879,0.000,1.485,0.446
27.65,-11.928,0.441,-1.471,-11.879,0.000,1.485,0.443
27.67,-11.928,0.441,-1.471,-11.879,0.000,1.485,0.443
27.69,-11.927,0.438,-1.472,-11.879,0.000,1.485,0.441
27.71,-11.927,0.438,-1.472,-11.879,0.000,1.485,0.441
27.73,-11.925,0.436,-1.472,-11.879,0.000,1.485,0.438
27.75,-11.925,0.436,-1.472,-11.879,0.000,1.485,0.438
27.77,-11.924,0.432,-1.472,-11.879,0.000,1.485,0.435
27.79,-11.924,0.432,-1.472,-11.879,0.000,1.485,0.435
27.81,-11.924,0.432,-1.472,-11.879,0.000,1.485,0.435
27.83,-11.922,0.428,-1.472,-11.879,0.000,1.485,0.430
27.85,-11.922,0.428,-1.472,-11.879,0.000,1.485,0.430
27.88,-11.921,0.425,-1.471,-11.879,0.000,1.485,0.427
27.90,-11.921,0.425,-1.471,-11.879,0.000,1.485,0.427
27.92,-11.920,0.423,-1.471,-11.879,0.000,1.485,0.425
27.94,-11.920,0.423,-1.471,-11.879,0.000,1.485,0.425
27.96,-11.919,0.420,-1.470,-11.879,0.000,1.485,0.422
27.98,-11.919,0.420,-1.470,-11.879,0.000,1.485,0.422
28.00,-11.918,0.417,-1.470,-11.879,0.000,1.485,0.419
28.02,-11.918,0.417,-1.470,-11.879,0.000,1.485,0.419
28.04,-11.917,0.415,-1.469,-11.879,0.000,1.485,0.417
28.06,-11.917,0.415,-1.469,-11.879,0.000,1.485,0.417
28.08,-11.916,0.412,-1.468,-11.879,0.000,1.485,0.413
28.11,-11.916,0.412,-1.468,-11.879,0.000,1.485,0.413
28.13,-11.915,0.409,-1.468,-11.879,0.000,1.485,0.411
28.15,-11.915,0.409,-1.468,-11.879,0.000,1.485,0.411
28.17,-11.915,0.406,-1.467,-11.879,0.000,1.485,0.408
28.19,-11.915,0.406,-1.467,-11.879,0.000,1.485,0.408
28.21,-11.914,0.403,-1.467,-11.879,0.000,1.485,0.405
28.23,-11.914,0.403,-1.467,-11.879,0.000,1.485,0.405
28.25,-11.914,0.400,-1.466,-11.879,0.000,1.485,0.402
28.27,-11.914,0.400,-1.466,-11.879,0.000,1.485,0.402
28.29,-11.913,0.396,-1.466,-11.879,0.000,1.485,0.398
28.31,-11.913,0.396,-1.466,-11.879,0.000,1.485,0.398
28.33,-11.913,0.396,-1.466,-11.879,0.000,1.485,0.398
28.35,-11.913,0.391,-1.465,-11.879,0.000,1.485,0.393
28.38,-11.913,0.391,-1.465,-11.879,0.000,1.485,0.393
28.40,-11.913,0.387,-1.464,-11.879,0.000,1.485,0.389
28.42,-11.913,0.387,-1.464,-11.879,0.000,1.485,0.389
28.44,-11.913,0.384,-1.464,-11.879,0.000,1.485,0.386
28.46,-11.913,0.384,-1.464,-11.879,0.000,1.485,0.386
28.48,-11.913,0.380,-1.464,-11.879,0.000,1.485,0.382
28.50,-11.913,0.380,-1.464,-11.879,0.000,1.485,0.382
28.52,-11.914,0.376,-1.464,-11.879,0.000,1.485,0.378
28.54,-11.914,0.376,-1.464,-11.879,0.000,1.485,0.378
28.56,-11.914,0.373,-1.463,-11.879,0.000,1.485,0.375
28.58,-11.914,0.373,-1.463,-11.879,0.000,1.485,0.375
28.60,-11.915,0.368,-1.463,-11.879,0.000,1.485,0.370
28.63,-11.915,0.368,-1.463,-11.879,0.000,1.485,0.370
28.65,-11.916,0.364,-1.463,-11.879,0.000,1.485,0.367
28.67,-11.916,0.364,-1.463,-11.879,0.000,1.485,0.367
28.69,-11.917,0.360,-1.463,-11.879,0.000,1.485,0.363
28.71,-11.917,0.360,-1.463,-11.879,0.000,1.485,0.363
28.73,-11.919,0.356,-1.464,-11.879,0.000,1.485,0.359
28.75,-11.919,0.356,-1.464,-11.879,0.000,1.485,0.359
28.77,-11.920,0.352,-1.464,-11.879,0.000,1.485,0.355
28.79,-11.920,0.352,-1.464,-11.879,0.000,1.485,0.355
28.81,-11.922,0.347,-1.464,-11.879,0.000,1.485,0.351
28.83,-11.922,0.347,-1.464,-11.879,0.000,1.485,0.351
28.85,-11.922,0.347,-1.464,-11.879,0.000,1.485,0.351
28.87,-11.925,0.341,-1.464,-11.879,0.000,1.485,0.345
28.90,-11.925,0.341,-1.464,-11.879,0.000,1.485,0.345
28.92,-11.926,0.337,-1.465,-11.879,0.000,1.485,0.341
28.94,-11.926,0.337,-1.465,-11.879,0.000,1.485,0.341
28.96,-11.928,0.333,-1.465,-11.879,0.000,1.485,0.337
28.98,-11.928,0.333,-1.465,-11.879,0.000,1.485,0.337
29.00,-11.930,0.329,-1.465,-11.879,0.000,1.485,0.334
29.02,-11.930,0.329,-1.465,-11.879,0.000,1.485,0.334
29.04,-11.932,0.325,-1.465,-11.879,0.000,1.485,0.330
29.06,-11.932,0.325,-1.465,-11.879,0.000,1.485,0.330
29.08,-11.933,0.322,-1.466,-11.879,0.000,1.485,0.327
29.10,-11.933,0.322,-1.466,-11.879,0.000,1.485,0.327
29.12,-11.935,0.317,-1.466,-11.879,0.000,1.485,0.323
29.14,-11.935,0.317,-1.466,-11.879,0.000,1.485,0.323
29.17,-11.937,0.314,-1.466,-11.879,0.000,1.485,0.319
29.19,-11.937,0.314,-1.466,-11.879,0.000,1.485,0.319
29.21,-11.939,0.310,-1.466,-11.879,0.000,1.485,0.316
29.23,-11.939,0.310,-1.466,-11.879,0.000,1.485,0.316
29.25,-11.941,0.307,-1.466,-11.879,0.000,1.485,0.313
29.27,-11.941,0.307,-1.466,-11.879,0.000,1.485,0.313
29.29,-11.943,0.303,-1.466,-11.879,0.000,1.485,0.311
29.31,-11.943,0.303,-1.466,-11.879,0.000,1.485,0.311
29.33,-11.943,0.303,-1.466,-11.879,0.000,1.485,0.311
29.35,-11.946,0.298,-1.466,-11.879,0.000,1.485,0.306
29.37,-11.946,0.298,-1.466,-11.879,0.000,1.485,0.306
29.39,-11.948,0.295,-1.467,-11.879,0.000,1.485,0.303
29.42,-11.948,0.295,-1.467,-11.879,0.000,1.485,0.303
29.44,-11.950,0.292,-1.467,-11.879,0.000,1.485,0.301
29.46,-11.950,0.292,-1.467,-11.879,0.000,1.485,0.301
29.48,-11.952,0.289,-1.467,-11.879,0.000,1.485,0.299
29.50,-11.952,0.289,-1.467,-11.879,0.000,1.485,0.299
29.52,-11.953,0.287,-1.468,-11.879,0.000,1.485,0.297
29.54,-11.953,0.287,-1.468,-11.879,0.000,1.485,0.297
29.56,-11.955,0.284,-1.468,-11.879,0.000,1.485,0.294
29.58,-11.955,0.284,-1.468,-11.879,0.000,1.485,0.294
29.60,-11.956,0.282,-1.468,-11.879,0.000,1.485,0.292
29.62,-11.956,0.282,-1.468,-11.879,0.000,1.485,0.292
29.64,-11.957,0.279,-1.469,-11.879,0.000,1.485,0.290
29.66,-11.957,0.279,-1.469,-11.879,0.000,1.485,0.290
29.69,-11.958,0.276,-1.469,-11.879,0.000,1.485,0.288
29.71,-11.958,0.276,-1.469,-11.879,0.000,1.485,0.288
29.73,-11.959,0.274,-1.469,-11.879,0.000,1.485,0.286
29.75,-11.959,0.274,-1.469,-11.879,0.000,1.485,0.286
29.77,-11.960,0.272,-1.469,-11.879,0.000,1.485,0.284
29.79,-11.960,0.272,-1.469,-11.879,0.000,1.485,0.284
29.81,-11.960,0.269,-1.469,-11.879,0.000,1.485,0.282
29.83,-11.960,0.269,-1.469,-11.879,0.000,1.485,0.282
29.85,-11.960,0.269,-1.469,-11.879,0.000,1.485,0.282
29.87,-11.961,0.265,-1.469,-11.879,0.000,1.485,0.278
29.89,-11.961,0.265,-1.469,-11.879,0.000,1.485,0.278
29.91,-11.962,0.262,-1.468,-11.879,0.000,1.485,0.275
29.94,-11.962,0.262,-1.468,-11.879,0.000,1.485,0.275
29.96,-11.962,0.260,-1.468,-11.879,0.000,1.485,0.273
29.98,-11.962,0.260,-1.468,-11.879,0.000,1.485,0.273
30.00,-11.963,0.257,-1.468,-11.879,0.000,1.485,0.271
30.02,-11.963,0.257,-1.468,-11.879,0.000,1.485,0.271
30.04,-11.963,0.254,-1.467,-11.879,0.000,1.485,0.268
30.06,-11.963,0.254,-1.467,-11.879,0.000,1.485,0.268
30.08,-11.963,0.252,-1.467,-11.879,0.000,1.485,0.266
30.10,-11.963,0.252,-1.467,-11.879,0.000,1.485,0.266
30.12,-11.963,0.249,-1.467,-11.879,0.000,1.485,0.263
30.14,-11.963,0.249,-1.467,-11.879,0.000,1.485,0.263
30.16,-11.962,0.246,-1.467,-11.879,0.000,1.485,0.260
30.18,-11.962,0.246,-1.467,-11.879,0.000,1.485,0.260
30.21,-11.962,0.243,-1.467,-11.879,0.000,1.485,0.257
30.23,-11.962,0.243,-1.467,-11.879,0.000,1.485,0.257
30.25,-11.961,0.240,-1.467,-11.879,0.000,1.485,0.254
30.27,-11.961,0.240,-1.467,-11.879,0.000,1.485,0.254
30.29,-11.960,0.238,-1.467,-11.879,0.000,1.485,0.252
30.31,-11.960,0.238,-1.467,-11.879,0.000,1.485,0.252
30.33,-11.960,0.238,-1.467,-11.879,0.000,1.485,0.252
30.35,-11.958,0.233,-1.468,-11.879,0.000,1.485,0.247
30.37,-11.958,0.233,-1.468,-11.879,0.000,1.485,0.247
30.39,-11.957,0.231,-1.468,-11.879,0.000,1.485,0.244
30.41,-11.957,0.231,-1.468,-11.879,0.000,1.485,0.244
30.44,-11.956,0.228,-1.468,-11.879,0.000,1.485,0.241
30.46,-11.956,0.228,-1.468,-11.879,0.000,1.485,0.241
30.48,-11.954,0.226,-1.468,-11.879,0.000,1.485,0.238
30.50,-11.954,0.226,-1.468,-11.879,0.000,1.485,0.238
30.52,-11.952,0.223,-1.468,-11.879,0.000,1.485,0.235
30.54,-11.952,0.223,-1.468,-11.879,0.000,1.485,0.235
30.56,-11.950,0.221,-1.468,-11.879,0.000,1.485,0.232
30.58,-11.950,0.221,-1.468,-11.879,0.000,1.485,0.232
30.60,-11.949,0.218,-1.468,-11.879,0.000,1.485,0.230
30.62,-11.949,0.218,-1.468,-11.879,0.000,1.485,0.230
30.64,-11.946,0.216,-1.468,-11.879,0.000,1.485,0.226
30.67,-11.946,0.216,-1.468,-11.879,0.000,1.485,0.226
30.69,-11.944,0.213,-1.468,-11.879,0.000,1.485,0.224
30.71,-11.944,0.213,-1.468,-11.879,0.000,1.485,0.224
30.73,-11.943,0.211,-1.468,-11.879,0.000,1.485,0.221
30.75,-11.943,0.211,-1.468,-11.879,0.000,1.485,0.221
30.77,-11.941,0.209,-1.468,-11.879,0.000,1.485,0.218
30.79,-11.941,0.209,-1.468,-11.879,0.000,1.485,0.218
30.81,-11.939,0.206,-1.468,-11.879,0.000,1.485,0.215
30.83,-11.939,0.206,-1.468,-11.879,0.000,1.485,0.215
30.85,-11.939,0.206,-1.468,-11.879,0.000,1.485,0.215
30.87,-11.937,0.202,-1.468,-11.879,0.000,1.485,0.211
30.89,-11.937,0.202,-1.468,-11.879,0.000,1.485,0.211
30.92,-11.936,0.199,-1.467,-11.879,0.000,1.485,0.208
30.94,-11.936,0.199,-1.467,-11.879,0.000,1.485,0.208
30.96,-11.935,0.197,-1.467,-11.879,0.000,1.485,0.205
30.98,-11.935,0.197,-1.467,-11.879,0.000,1.485,0.205
31.00,-11.934,0.195,-1.467,-11.879,0.000,1.485,0.203
31.02,-11.934,0.195,-1.467,-11.879,0.000,1.485,0.203
31.04,-11.934,0.193,-1.467,-11.879,0.000,1.485,0.201
31.06,-11.934,0.193,-1.467,-11.879,0.000,1.485,0.201
31.08,-11.933,0.191,-1.467,-11.879,0.000,1.485,0.199
31.10,-11.933,0.191,-1.467,-11.879,0.000,1.485,0.199
31.12,-11.932,0.189,-1.467,-11.879,0.000,1.485,0.197
31.14,-11.932,0.189,-1.467,-11.879,0.000,1.485,0.197
31.17,-11.932,0.188,-1.467,-11.879,0.000,1.485,0.196
31.19,-11.932,0.188,-1.467,-11.879,0.000,1.485,0.196
31.21,-11.931,0.187,-1.467,-11.879,0.000,1.485,0.195
31.23,-11.931,0.187,-1.467,-11.879,0.000,1.485,0.195
31.25,-11.931,0.186,-1.467,-11.879,0.000,1.485,0.194
31.27,-11.931,0.186,-1.467,-11.879,0.000,1.485,0.194
31.29,-11.931,0.186,-1.467,-11.879,0.000,1.485,0.193
31.31,-11.931,0.186,-1.467,-11.879,0.000,1.485,0.193
31.33,-11.930,0.185,-1.468,-11.879,0.000,1.485,0.193
31.35,-11.930,0.185,-1.468,-11.879,0.000,1.485,0.193
31.37,-11.930,0.185,-1.468,-11.879,0.000,1.485,0.193
31.39,-11.930,0.184,-1.468,-11.879,0.000,1.485,0.192
31.41,-11.930,0.184,-1.468,-11.879,0.000,1.485,0.192
31.44,-11.930,0.184,-1.468,-11.879,0.000,1.485,0.191
31.46,-11.930,0.184,-1.468,-11.879,0.000,1.485,0.191
31.48,-11.929,0.184,-1.468,-11.879,0.000,1.485,0.191
31.50,-11.929,0.184,-1.468,-11.879,0.000,1.485,0.191
31.52,-11.929,0.183,-1.467,-11.879,0.000,1.485,0.190
31.54,-11.929,0.183,-1.467,-11.879,0.000,1.485,0.190
31.56,-11.928,0.182,-1.467,-11.879,0.000,1.485,0.189
31.58,-11.928,0.182,-1.467,-11.879,0.000,1.485,0.189
31.60,-11.928,0.181,-1.467,-11.879,0.000,1.485,0.188
31.62,-11.928,0.181,-1.467,-11.879,0.000,1.485,0.188
31.65,-11.928,0.180,-1.467,-11.879,0.000,1.485,0.187
31.67,-11.928,0.180,-1.467,-11.879,0.000,1.485,0.187
31.69,-11.928,0.179,-1.467,-11.879,0.000,1.485,0.186
31.71,-11.928,0.179,-1.467,-11.879,0.000,1.485,0.186
31.73,-11.928,0.178,-1.467,-11.879,0.000,1.485,0.185
31.75,-11.928,0.178,-1.467,-11.879,0.000,1.485,0.185
31.77,-11.928,0.176,-1.467,-11.879,0.000,1.485,0.184
31.79,-11.928,0.176,-1.467,-11.879,0.000,1.485,0.184
31.81,-11.929,0.175,-1.467,-11.879,0.000,1.485,0.183
31.83,-11.929,0.175,-1.467,-11.879,0.000,1.485,0.183
31.85,-11.929,0.175,-1.467,-11.879,0.000,1.485,0.183
31.87,-11.929,0.174,-1.468,-11.879,0.000,1.485,0.181
31.89,-11.929,0.174,-1.468,-11.879,0.000,1.485,0.181
31.92,-11.930,0.173,-1.468,-11.879,0.000,1.485,0.181
31.94,-11.930,0.173,-1.468,-11.879,0.000,1.485,0.181
31.96,-11.930,0.173,-1.469,-11.879,0.000,1.485,0.180
31.98,-11.930,0.173,-1.469,-11.879,0.000,1.485,0.180
32.00,-11.931,0.172,-1.469,-11.879,0.000,1.485,0.180
32.02,-11.931,0.172,-1.469,-11.879,0.000,1.485,0.180
32.04,-11.931,0.172,-1.469,-11.879,0.000,1.485,0.180
32.06,-11.931,0.172,-1.469,-11.879,0.000,1.485,0.180
32.08,-11.931,0.172,-1.470,-11.879,0.000,1.485,0.180
32.10,-11.931,0.172,-1.470,-11.879,0.000,1.485,0.180
32.12,-11.931,0.172,-1.470,-11.879,0.000,1.485,0.180
32.14,-11.931,0.172,-1.470,-11.879,0.000,1.485,0.180
32.16,-11.931,0.172,-1.470,-11.879,0.000,1.485,0.180
32.19,-11.931,0.172,-1.470,-11.879,0.000,1.485,0.180
32.21,-11.931,0.172,-1.470,-11.879,0.000,1.485,0.180
32.23,-11.931,0.172,-1.470,-11.879,0.000,1.485,0.180
32.25,-11.930,0.171,-1.470,-11.879,0.000,1.485,0.179
32.27,-11.930,0.171,-1.470,-11.879,0.000,1.485,0.179
32.29,-11.930,0.171,-1.470,-11.879,0.000,1.485,0.179
32.31,-11.930,0.171,-1.470,-11.879,0.000,1.485,0.179
32.33,-11.930,0.171,-1.470,-11.879,0.000,1.485,0.179
32.35,-11.930,0.171,-1.470,-11.879,0.000,1.485,0.179
32.37,-11.930,0.171,-1.470,-11.879,0.000,1.485,0.179
32.39,-11.929,0.170,-1.470,-11.879,0.000,1.485,0.178
32.41,-11.929,0.170,-1.470,-11.879,0.000,1.485,0.178
32.43,-11.928,0.169,-1.470,-11.879,0.000,1.485,0.177
32.46,-11.928,0.169,-1.470,-11.879,0.000,1.485,0.177
32.48,-11.927,0.169,-1.470,-11.879,0.000,1.485,0.176
32.50,-11.927,0.169,-1.470,-11.879,0.000,1.485,0.176
32.52,-11.926,0.168,-1.469,-11.879,0.000,1.485,0.175
32.54,-11.926,0.168,-1.469,-11.879,0.000,1.485,0.175
32.56,-11.925,0.167,-1.469,-11.879,0.000,1.485,0.173
32.58,-11.925,0.167,-1.469,-11.879,0.000,1.485,0.173
32.60,-11.924,0.165,-1.469,-11.879,0.000,1.485,0.172
32.62,-11.924,0.165,-1.469,-11.879,0.000,1.485,0.172
32.64,-11.923,0.164,-1.469,-11.879,0.000,1.485,0.170
32.66,-11.923,0.164,-1.469,-11.879,0.000,1.485,0.170
32.68,-11.922,0.161,-1.469,-11.879,0.000,1.485,0.168
32.70,-11.922,0.161,-1.469,-11.879,0.000,1.485,0.168
32.73,-11.921,0.160,-1.469,-11.879,0.000,1.485,0.166
32.75,-11.921,0.160,-1.469,-11.879,0.000,1.485,0.166
32.77,-11.920,0.158,-1.468,-11.879,0.000,1.485,0.163
32.79,-11.920,0.158,-1.468,-11.879,0.000,1.485,0.163
32.81,-11.919,0.155,-1.468,-11.879,0.000,1.485,0.161
32.83,-11.919,0.155,-1.468,-11.879,0.000,1.485,0.161
32.85,-11.919,0.155,-1.468,-11.879,0.000,1.485,0.161
32.87,-11.918,0.152,-1.468,-11.879,0.000,1.485,0.158
32.89,-11.918,0.152,-1.468,-11.879,0.000,1.485,0.158
32.91,-11.918,0.148,-1.468,-11.879,0.000,1.485,0.154
32.93,-11.918,0.148,-1.468,-11.879,0.000,1.485,0.154
32.95,-11.918,0.146,-1.467,-11.879,0.000,1.485,0.151
32.97,-11.918,0.146,-1.467,-11.879,0.000,1.485,0.151
33.00,-11.917,0.142,-1.467,-11.879,0.000,1.485,0.148
33.02,-11.917,0.142,-1.467,-11.879,0.000,1.485,0.148
33.04,-11.917,0.139,-1.467,-11.879,0.000,1.485,0.145
33.06,-11.917,0.139,-1.467,-11.879,0.000,1.485,0.145
33.08,-11.917,0.136,-1.466,-11.879,0.000,1.485,0.142
33.10,-11.917,0.136,-1.466,-11.879,0.000,1.485,0.142
33.12,-11.916,0.133,-1.466,-11.879,0.000,1.485,0.139
33.14,-11.916,0.133,-1.466,-11.879,0.000,1.485,0.139
33.16,-11.916,0.130,-1.466,-11.879,0.000,1.485,0.136
33.18,-11.916,0.130,-1.466,-11.879,0.000,1.485,0.136
33.20,-11.915,0.127,-1.466,-11.879,0.000,1.485,0.133
33.22,-11.915,0.127,-1.466,-11.879,0.000,1.485,0.133
33.25,-11.914,0.123,-1.466,-11.879,0.000,1.485,0.129
33.27,-11.914,0.123,-1.466,-11.879,0.000,1.485,0.129
33.29,-11.914,0.120,-1.466,-11.879,0.000,1.485,0.126
33.31,-11.914,0.120,-1.466,-11.879,0.000,1.485,0.126
33.33,-11.913,0.117,-1.466,-11.879,0.000,1.485,0.123
33.35,-11.913,0.117,-1.466,-11.879,0.000,1.485,0.123
33.37,-11.913,0.117,-1.466,-11.879,0.000,1.485,0.123
33.39,-11.912,0.113,-1.466,-11.879,0.000,1.485,0.119
33.41,-11.912,0.113,-1.466,-11.879,0.000,1.485,0.119
33.43,-11.911,0.109,-1.466,-11.879,0.000,1.485,0.115
33.45,-11.911,0.109,-1.466,-11.879,0.000,1.485,0.115
33.47,-11.911,0.106,-1.466,-11.879,0.000,1.485,0.112
33.49,-11.911,0.106,-1.466,-11.879,0.000,1.485,0.112
33.52,-11.910,0.103,-1.466,-11.879,0.000,1.485,0.109
33.54,-11.910,0.103,-1.466,-11.879,0.000,1.485,0.109
33.56,-11.910,0.101,-1.467,-11.879,0.000,1.485,0.107
33.58,-11.910,0.101,-1.467,-11.879,0.000,1.485,0.107
33.60,-11.909,0.099,-1.467,-11.879,0.000,1.485,0.104
33.62,-11.909,0.099,-1.467,-11.879,0.000,1.485,0.104
33.64,-11.909,0.096,-1.467,-11.879,0.000,1.485,0.102
33.66,-11.909,0.096,-1.467,-11.879,0.000,1.485,0.102
33.68,-11.908,0.094,-1.467,-11.879,0.000,1.485,0.100
33.70,-11.908,0.094,-1.467,-11.879,0.000,1.485,0.100
33.72,-11.908,0.092,-1.468,-11.879,0.000,1.485,0.098
33.74,-11.908,0.092,-1.468,-11.879,0.000,1.485,0.098
33.77,-11.908,0.090,-1.468,-11.879,0.000,1.485,0.096
33.79,-11.908,0.090,-1.468,-11.879,0.000,1.485,0.096
33.81,-11.907,0.089,-1.468,-11.879,0.000,1.485,0.095
33.83,-11.907,0.089,-1.468,-11.879,0.000,1.485,0.095
33.85,-11.907,0.088,-1.469,-11.879,0.000,1.485,0.093
33.87,-11.907,0.088,-1.469,-11.879,0.000,1.485,0.093
33.89,-11.907,0.088,-1.469,-11.879,0.000,1.485,0.093
33.91,-11.907,0.086,-1.469,-11.879,0.000,1.485,0.092
33.93,-11.907,0.086,-1.469,-11.879,0.000,1.485,0.092
33.95,-11.907,0.086,-1.470,-11.879,0.000,1.485,0.091
33.97,-11.907,0.086,-1.470,-11.879,0.000,1.485,0.091
33.99,-11.907,0.085,-1.470,-11.879,0.000,1.485,0.091
34.01,-11.907,0.085,-1.470,-11.879,0.000,1.485,0.091
34.03,-11.907,0.085,-1.470,-11.879,0.000,1.485,0.091
34.06,-11.907,0.085,-1.470,-11.879,0.000,1.485,0.091
34.08,-11.908,0.085,-1.471,-11.879,0.000,1.485,0.091
34.10,-11.908,0.085,-1.471,-11.879,0.000,1.485,0.091
34.12,-11.908,0.085,-1.471,-11.879,0.000,1.485,0.090
34.14,-11.908,0.085,-1.471,-11.879,0.000,1.485,0.090
34.16,-11.909,0.084,-1.471,-11.879,0.000,1.485,0.090
34.18,-11.909,0.084,-1.471,-11.879,0.000,1.485,0.090
34.20,-11.909,0.084,-1.471,-11.879,0.000,1.485,0.090
34.22,-11.909,0.084,-1.471,-11.879,0.000,1.485,0.090
34.24,-11.910,0.084,-1.471,-11.879,0.000,1.485,0.090
34.26,-11.910,0.084,-1.471,-11.879,0.000,1.485,0.090
34.28,-11.911,0.083,-1.472,-11.879,0.000,1.485,0.090
34.31,-11.911,0.083,-1.472,-11.879,0.000,1.485,0.090
34.33,-11.911,0.082,-1.472,-11.879,0.000,1.485,0.089
34.35,-11.911,0.082,-1.472,-11.879,0.000,1.485,0.089
34.37,-11.911,0.082,-1.472,-11.879,0.000,1.485,0.089
34.39,-11.912,0.082,-1.472,-11.879,0.000,1.485,0.089
34.41,-11.912,0.082,-1.472,-11.879,0.000,1.485,0.089
34.43,-11.913,0.081,-1.473,-11.879,0.000,1.485,0.089
34.45,-11.913,0.081,-1.473,-11.879,0.000,1.485,0.089
34.47,-11.913,0.080,-1.474,-11.879,0.000,1.485,0.088
34.49,-11.913,0.080,-1.474,-11.879,0.000,1.485,0.088
34.51,-11.914,0.080,-1.474,-11.879,0.000,1.485,0.088
34.53,-11.914,0.080,-1.474,-11.879,0.000,1.485,0.088
34.56,-11.914,0.079,-1.475,-11.879,0.000,1.485,0.087
34.58,-11.914,0.079,-1.475,-11.879,0.000,1.485,0.087
34.60,-11.915,0.078,-1.476,-11.879,0.000,1.485,0.086
34.62,-11.915,0.078,-1.476,-11.879,0.000,1.485,0.086
34.64,-11.915,0.078,-1.477,-11.879,0.000,1.485,0.086
34.66,-11.915,0.078,-1.477,-11.879,0.000,1.485,0.086
34.68,-11.916,0.077,-1.478,-11.879,0.000,1.485,0.085
34.70,-11.916,0.077,-1.478,-11.879,0.000,1.485,0.085
34.72,-11.916,0.076,-1.478,-11.879,0.000,1.485,0.085
34.74,-11.916,0.076,-1.478,-11.879,0.000,1.485,0.085
34.76,-11.917,0.076,-1.479,-11.879,0.000,1.485,0.085
34.78,-11.917,0.076,-1.479,-11.879,0.000,1.485,0.085
34.81,-11.917,0.076,-1.479,-11.879,0.000,1.485,0.085
34.83,-11.917,0.076,-1.479,-11.879,0.000,1.485,0.085
34.85,-11.918,0.076,-1.480,-11.879,0.000,1.485,0.085
34.87,-11.918,0.076,-1.480,-11.879,0.000,1.485,0.085
34.89,-11.918,0.076,-1.480,-11.879,0.000,1.485,0.085
34.91,-11.918,0.076,-1.480,-11.879,0.000,1.485,0.085
34.93,-11.918,0.076,-1.480,-11.879,0.000,1.485,0.085
34.95,-11.919,0.076,-1.480,-11.879,0.000,1.485,0.086
34.97,-11.919,0.076,-1.480,-11.879,0.000,1.485,0.086
34.99,-11.919,0.076,-1.481,-11.879,0.000,1.485,0.086
35.01,-11.919,0.076,-1.481,-11.879,0.000,1.485,0.086
35.03,-11.919,0.076,-1.481,-11.879,0.000,1.485,0.086
35.06,-11.919,0.076,-1.481,-11.879,0.000,1.485,0.086
35.08,-11.919,0.076,-1.481,-11.879,0.000,1.485,0.086
35.10,-11.919,0.076,-1.481,-11.879,0.000,1.485,0.086
35.12,-11.919,0.076,-1.481,-11.879,0.000,1.485,0.086
35.14,-11.919,0.076,-1.481,-11.879,0.000,1.485,0.086
35.16,-11.919,0.076,-1.482,-11.879,0.000,1.485,0.085
35.18,-11.919,0.076,-1.482,-11.879,0.000,1.485,0.085
35.20,-11.918,0.075,-1.482,-11.879,0.000,1.485,0.085
35.22,-11.918,0.075,-1.482,-11.879,0.000,1.485,0.085
35.24,-11.918,0.075,-1.482,-11.879,0.000,1.485,0.084
35.26,-11.918,0.075,-1.482,-11.879,0.000,1.485,0.084
35.28,-11.917,0.074,-1.482,-11.879,0.000,1.485,0.083
35.31,-11.917,0.074,-1.482,-11.879,0.000,1.485,0.083
35.33,-11.917,0.073,-1.483,-11.879,0.000,1.485,0.082
35.35,-11.917,0.073,-1.483,-11.879,0.000,1.485,0.082
35.37,-11.916,0.072,-1.483,-11.879,0.000,1.485,0.081
35.39,-11.916,0.072,-1.483,-11.879,0.000,1.485,0.081
35.41,-11.916,0.072,-1.483,-11.879,0.000,1.485,0.081
35.43,-11.915,0.071,-1.483,-11.879,0.000,1.485,0.079
35.45,-11.915,0.071,-1.483,-11.879,0.000,1.485,0.079
35.47,-11.913,0.070,-1.483,-11.879,0.000,1.485,0.078
35.49,-11.913,0.070,-1.483,-11.879,0.000,1.485,0.078
35.51,-11.912,0.069,-1.483,-11.879,0.000,1.485,0.076
35.54,-11.912,0.069,-1.483,-11.879,0.000,1.485,0.076
35.56,-11.911,0.068,-1.483,-11.879,0.000,1.485,0.075
35.58,-11.911,0.068,-1.483,-11.879,0.000,1.485,0.075
35.60,-11.910,0.067,-1.483,-11.879,0.000,1.485,0.074
35.62,-11.910,0.067,-1.483,-11.879,0.000,1.485,0.074
35.64,-11.909,0.066,-1.483,-11.879,0.000,1.485,0.073
35.66,-11.909,0.066,-1.483,-11.879,0.000,1.485,0.073
35.68,-11.908,0.066,-1.483,-11.879,0.000,1.485,0.072
35.70,-11.908,0.066,-1.483,-11.879,0.000,1.485,0.072
35.72,-11.907,0.066,-1.483,-11.879,0.000,1.485,0.071
35.74,-11.907,0.066,-1.483,-11.879,0.000,1.485,0.071
35.77,-11.905,0.066,-1.483,-11.879,0.000,1.485,0.070
35.79,-11.905,0.066,-1.483,-11.879,0.000,1.485,0.070
35.81,-11.904,0.066,-1.483,-11.879,0.000,1.485,0.070
35.83,-11.904,0.066,-1.483,-11.879,0.000,1.485,0.070
35.85,-11.903,0.066,-1.482,-11.879,0.000,1.485,0.070
35.87,-11.903,0.066,-1.482,-11.879,0.000,1.485,0.070
35.89,-11.903,0.066,-1.482,-11.879,0.000,1.485,0.070
35.91,-11.901,0.067,-1.482,-11.879,0.000,1.485,0.070
35.93,-11.901,0.067,-1.482,-11.879,0.000,1.485,0.070
35.95,-11.900,0.068,-1.481,-11.879,0.000,1.485,0.071
35.97,-11.900,0.068,-1.481,-11.879,0.000,1.485,0.071
36.00,-11.899,0.070,-1.480,-11.879,0.000,1.485,0.072
36.02,-11.899,0.070,-1.480,-11.879,0.000,1.485,0.072
36.04,-11.898,0.071,-1.479,-11.879,0.000,1.485,0.073
36.06,-11.898,0.071,-1.479,-11.879,0.000,1.485,0.073
36.08,-11.898,0.072,-1.479,-11.879,0.000,1.485,0.075
36.10,-11.898,0.072,-1.479,-11.879,0.000,1.485,0.075
36.12,-11.897,0.074,-1.478,-11.879,0.000,1.485,0.076
36.14,-11.897,0.074,-1.478,-11.879,0.000,1.485,0.076
36.16,-11.897,0.076,-1.477,-11.879,0.000,1.485,0.078
36.18,-11.897,0.076,-1.477,-11.879,0.000,1.485,0.078
36.20,-11.897,0.078,-1.476,-11.879,0.000,1.485,0.080
36.22,-11.897,0.078,-1.476,-11.879,0.000,1.485,0.080
36.25,-11.897,0.080,-1.475,-11.879,0.000,1.485,0.082
36.27,-11.897,0.080,-1.475,-11.879,0.000,1.485,0.082
36.29,-11.897,0.081,-1.475,-11.879,0.000,1.485,0.084
36.31,-11.897,0.081,-1.475,-11.879,0.000,1.485,0.084
36.33,-11.897,0.083,-1.474,-11.879,0.000,1.485,0.086
36.35,-11.897,0.083,-1.474,-11.879,0.000,1.485,0.086
36.37,-11.897,0.085,-1.474,-11.879,0.000,1.485,0.087
36.39,-11.897,0.085,-1.474,-11.879,0.000,1.485,0.087
36.41,-11.897,0.085,-1.474,-11.879,0.000,1.485,0.087
36.43,-11.897,0.087,-1.473,-11.879,0.000,1.485,0.090
36.45,-11.897,0.087,-1.473,-11.879,0.000,1.485,0.090
36.47,-11.897,0.088,-1.473,-11.879,0.000,1.485,0.091
36.49,-11.897,0.088,-1.473,-11.879,0.000,1.485,0.091
36.52,-11.896,0.089,-1.472,-11.879,0.000,1.485,0.092
36.54,-11.896,0.089,-1.472,-11.879,0.000,1.485,0.092
36.56,-11.895,0.090,-1.472,-11.879,0.000,1.485,0.092
36.58,-11.895,0.090,-1.472,-11.879,0.000,1.485,0.092
36.60,-11.894,0.090,-1.472,-11.879,0.000,1.485,0.092
36.62,-11.894,0.090,-1.472,-11.879,0.000,1.485,0.092
36.64,-11.893,0.090,-1.472,-11.879,0.000,1.485,0.092
36.66,-11.893,0.090,-1.472,-11.879,0.000,1.485,0.092
36.68,-11.892,0.090,-1.472,-11.879,0.000,1.485,0.092
36.70,-11.892,0.090,-1.472,-11.879,0.000,1.485,0.092
36.72,-11.891,0.089,-1.472,-11.879,0.000,1.485,0.091
36.74,-11.891,0.089,-1.472,-11.879,0.000,1.485,0.091
36.77,-11.889,0.089,-1.472,-11.879,0.000,1.485,0.090
36.79,-11.889,0.089,-1.472,-11.879,0.000,1.485,0.090
36.81,-11.888,0.088,-1.472,-11.879,0.000,1.485,0.089
36.83,-11.888,0.088,-1.472,-11.879,0.000,1.485,0.089
36.85,-11.887,0.087,-1.473,-11.879,0.000,1.485,0.088
36.87,-11.887,0.087,-1.473,-11.879,0.000,1.485,0.088
36.89,-11.887,0.087,-1.473,-11.879,0.000,1.485,0.088
36.91,-11.885,0.086,-1.473,-11.879,0.000,1.485,0.086
36.93,-11.885,0.086,-1.473,-11.879,0.000,1.485,0.086
36.95,-11.883,0.084,-1.475,-11.879,0.000,1.485,0.085
36.97,-11.883,0.084,-1.475,-11.879,0.000,1.485,0.085
36.99,-11.881,0.083,-1.476,-11.879,0.000,1.485,0.083
37.02,-11.881,0.083,-1.476,-11.879,0.000,1.485,0.083
37.04,-11.880,0.081,-1.476,-11.879,0.000,1.485,0.082
37.06,-11.880,0.081,-1.476,-11.879,0.000,1.485,0.082
37.08,-11.878,0.080,-1.478,-11.879,0.000,1.485,0.080
37.10,-11.878,0.080,-1.478,-11.879,0.000,1.485,0.080
37.12,-11.877,0.079,-1.479,-11.879,0.000,1.485,0.079
37.14,-11.877,0.079,-1.479,-11.879,0.000,1.485,0.079
37.16,-11.876,0.077,-1.480,-11.879,0.000,1.485,0.078
37.18,-11.876,0.077,-1.480,-11.879,0.000,1.485,0.078
37.20,-11.875,0.076,-1.481,-11.879,0.000,1.485,0.076
37.22,-11.875,0.076,-1.481,-11.879,0.000,1.485,0.076
37.25,-11.874,0.075,-1.482,-11.879,0.000,1.485,0.075
37.27,-11.874,0.075,-1.482,-11.879,0.000,1.485,0.075
37.29,-11.873,0.073,-1.483,-11.879,0.000,1.485,0.074
37.31,-11.873,0.073,-1.483,-11.879,0.000,1.485,0.074
37.33,-11.872,0.072,-1.484,-11.879,0.000,1.485,0.072
37.35,-11.872,0.072,-1.484,-11.879,0.000,1.485,0.072
37.37,-11.871,0.071,-1.485,-11.879,0.000,1.485,0.071
37.39,-11.871,0.071,-1.485,-11.879,0.000,1.485,0.071
37.41,-11.871,0.071,-1.485,-11.879,0.000,1.485,0.071
37.43,-11.871,0.068,-1.486,-11.879,0.000,1.485,0.069
37.45,-11.871,0.068,-1.486,-11.879,0.000,1.485,0.069
37.47,-11.870,0.066,-1.487,-11.879,0.000,1.485,0.067
37.49,-11.870,0.066,-1.487,-11.879,0.000,1.485,0.067
37.51,-11.870,0.065,-1.488,-11.879,0.000,1.485,0.065
37.54,-11.870,0.065,-1.488,-11.879,0.000,1.485,0.065
37.56,-11.870,0.063,-1.488,-11.879,0.000,1.485,0.064
37.58,-11.870,0.063,-1.488,-11.879,0.000,1.485,0.064
37.60,-11.870,0.062,-1.489,-11.879,0.000,1.485,0.062
37.62,-11.870,0.062,-1.489,-11.879,0.000,1.485,0.062
37.64,-11.871,0.060,-1.489,-11.879,0.000,1.485,0.061
37.66,-11.871,0.060,-1.489,-11.879,0.000,1.485,0.061
37.68,-11.871,0.058,-1.490,-11.879,0.000,1.485,0.059
37.70,-11.871,0.058,-1.490,-11.879,0.000,1.485,0.059
37.72,-11.871,0.057,-1.490,-11.879,0.000,1.485,0.058
37.74,-11.871,0.057,-1.490,-11.879,0.000,1.485,0.058
37.76,-11.872,0.055,-1.490,-11.879,0.000,1.485,0.056
37.79,-11.872,0.055,-1.490,-11.879,0.000,1.485,0.056
37.81,-11.873,0.054,-1.490,-11.879,0.000,1.485,0.054
37.83,-11.873,0.054,-1.490,-11.879,0.000,1.485,0.054
37.85,-11.874,0.052,-1.490,-11.879,0.000,1.485,0.052
37.87,-11.874,0.052,-1.490,-11.879,0.000,1.485,0.052
37.89,-11.876,0.050,-1.490,-11.879,0.000,1.485,0.051
37.91,-11.876,0.050,-1.490,-11.879,0.000,1.485,0.051
37.93,-11.876,0.050,-1.490,-11.879,0.000,1.485,0.051
37.95,-11.877,0.048,-1.490,-11.879,0.000,1.485,0.048
37.97,-11.877,0.048,-1.490,-11.879,0.000,1.485,0.048
37.99,-11.879,0.045,-1.490,-11.879,0.000,1.485,0.045
38.01,-11.879,0.045,-1.490,-11.879,0.000,1.485,0.045
38.03,-11.880,0.043,-1.489,-11.879,0.000,1.485,0.043
38.05,-11.880,0.043,-1.489,-11.879,0.000,1.485,0.043
38.08,-11.881,0.041,-1.489,-11.879,0.000,1.485,0.042
38.10,-11.881,0.041,-1.489,-11.879,0.000,1.485,0.042
38.12,-11.882,0.040,-1.489,-11.879,0.000,1.485,0.040
38.14,-11.882,0.040,-1.489,-11.879,0.000,1.485,0.040
38.16,-11.883,0.038,-1.489,-11.879,0.000,1.485,0.038
38.18,-11.883,0.038,-1.489,-11.879,0.000,1.485,0.038
38.20,-11.884,0.036,-1.488,-11.879,0.000,1.485,0.036
38.22,-11.884,0.036,-1.488,-11.879,0.000,1.485,0.036
38.24,-11.885,0.034,-1.488,-11.879,0.000,1.485,0.035
38.26,-11.885,0.034,-1.488,-11.879,0.000,1.485,0.035
38.28,-11.886,0.032,-1.487,-11.879,0.000,1.485,0.033
38.30,-11.886,0.032,-1.487,-11.879,0.000,1.485,0.033
38.32,-11.887,0.030,-1.487,-11.879,0.000,1.485,0.031
38.35,-11.887,0.030,-1.487,-11.879,0.000,1.485,0.031
38.37,-11.887,0.028,-1.486,-11.879,0.000,1.485,0.029
38.39,-11.887,0.028,-1.486,-11.879,0.000,1.485,0.029
38.41,-11.887,0.028,-1.486,-11.879,0.000,1.485,0.029
38.43,-11.888,0.026,-1.486,-11.879,0.000,1.485,0.028
38.45,-11.888,0.026,-1.486,-11.879,0.000,1.485,0.028
38.47,-11.889,0.025,-1.485,-11.879,0.000,1.485,0.027
38.49,-11.889,0.025,-1.485,-11.879,0.000,1.485,0.027
38.51,-11.889,0.024,-1.485,-11.879,0.000,1.485,0.026
38.53,-11.889,0.024,-1.485,-11.879,0.000,1.485,0.026
38.55,-11.890,0.023,-1.484,-11.879,0.000,1.485,0.025
38.57,-11.890,0.023,-1.484,-11.879,0.000,1.485,0.025
38.59,-11.890,0.022,-1.484,-11.879,0.000,1.485,0.025
38.62,-11.890,0.022,-1.484,-11.879,0.000,1.485,0.025
38.64,-11.890,0.022,-1.483,-11.879,0.000,1.485,0.024
38.66,-11.890,0.022,-1.483,-11.879,0.000,1.485,0.024
38.68,-11.890,0.021,-1.483,-11.879,0.000,1.485,0.024
38.70,-11.890,0.021,-1.483,-11.879,0.000,1.485,0.024
38.72,-11.890,0.020,-1.483,-11.879,0.000,1.485,0.023
38.74,-11.890,0.020,-1.483,-11.879,0.000,1.485,0.023
38.76,-11.890,0.019,-1.482,-11.879,0.000,1.485,0.023
38.78,-11.890,0.019,-1.482,-11.879,0.000,1.485,0.023
38.80,-11.891,0.019,-1.482,-11.879,0.000,1.485,0.022
38.82,-11.891,0.019,-1.482,-11.879,0.000,1.485,0.022
38.85,-11.891,0.018,-1.482,-11.879,0.000,1.485,0.021
38.87,-11.891,0.018,-1.482,-11.879,0.000,1.485,0.021
38.89,-11.891,0.017,-1.482,-11.879,0.000,1.485,0.021
38.91,-11.891,0.017,-1.482,-11.879,0.000,1.485,0.021
38.93,-11.891,0.017,-1.482,-11.879,0.000,1.485,0.021
38.95,-11.891,0.016,-1.482,-11.879,0.000,1.485,0.020
38.97,-11.891,0.016,-1.482,-11.879,0.000,1.485,0.020
38.99,-11.891,0.016,-1.481,-11.879,0.000,1.485,0.020
39.01,-11.891,0.016,-1.481,-11.879,0.000,1.485,0.020
39.03,-11.891,0.015,-1.481,-11.879,0.000,1.485,0.020
39.05,-11.891,0.015,-1.481,-11.879,0.000,1.485,0.020
39.07,-11.891,0.015,-1.481,-11.879,0.000,1.485,0.020
39.10,-11.891,0.015,-1.481,-11.879,0.000,1.485,0.020
39.12,-11.891,0.015,-1.481,-11.879,0.000,1.485,0.020
39.14,-11.891,0.015,-1.481,-11.879,0.000,1.485,0.020
39.16,-11.892,0.015,-1.481,-11.879,0.000,1.485,0.020
39.18,-11.892,0.015,-1.481,-11.879,0.000,1.485,0.020
39.20,-11.892,0.015,-1.480,-11.879,0.000,1.485,0.020
39.22,-11.892,0.015,-1.480,-11.879,0.000,1.485,0.020
39.24,-11.892,0.015,-1.480,-11.879,0.000,1.485,0.020
39.26,-11.892,0.015,-1.480,-11.879,0.000,1.485,0.020
39.28,-11.892,0.015,-1.480,-11.879,0.000,1.485,0.020
39.30,-11.892,0.015,-1.480,-11.879,0.000,1.485,0.020
39.32,-11.892,0.016,-1.479,-11.879,0.000,1.485,0.021
39.35,-11.892,0.016,-1.479,-11.879,0.000,1.485,0.021
39.37,-11.891,0.016,-1.479,-11.879,0.000,1.485,0.021
39.39,-11.891,0.016,-1.479,-11.879,0.000,1.485,0.021
39.41,-11.891,0.016,-1.479,-11.879,0.000,1.485,0.021
39.43,-11.891,0.018,-1.478,-11.879,0.000,1.485,0.022
39.45,-11.891,0.018,-1.478,-11.879,0.000,1.485,0.022
39.47,-11.891,0.019,-1.477,-11.879,0.000,1.485,0.023
39.49,-11.891,0.019,-1.477,-11.879,0.000,1.485,0.023
39.51,-11.891,0.020,-1.477,-11.879,0.000,1.485,0.024
39.53,-11.891,0.020,-1.477,-11.879,0.000,1.485,0.024
39.55,-11.891,0.021,-1.476,-11.879,0.000,1.485,0.025
39.57,-11.891,0.021,-1.476,-11.879,0.000,1.485,0.025
39.59,-11.890,0.022,-1.476,-11.879,0.000,1.485,0.026
39.61,-11.890,0.022,-1.476,-11.879,0.000,1.485,0.026
39.64,-11.890,0.023,-1.475,-11.879,0.000,1.485,0.027
39.66,-11.890,0.023,-1.475,-11.879,0.000,1.485,0.027
39.68,-11.889,0.024,-1.475,-11.879,0.000,1.485,0.028
39.70,-11.889,0.024,-1.475,-11.879,0.000,1.485,0.028
39.72,-11.889,0.025,-1.475,-11.879,0.000,1.485,0.029
39.74,-11.889,0.025,-1.475,-11.879,0.000,1.485,0.029
39.76,-11.888,0.026,-1.474,-11.879,0.000,1.485,0.029
39.78,-11.888,0.026,-1.474,-11.879,0.000,1.485,0.029
39.80,-11.887,0.028,-1.474,-11.879,0.000,1.485,0.030
39.82,-11.887,0.028,-1.474,-11.879,0.000,1.485,0.030
39.85,-11.885,0.029,-1.474,-11.879,0.000,1.485,0.031
39.87,-11.885,0.029,-1.474,-11.879,0.000,1.485,0.031
39.89,-11.884,0.030,-1.474,-11.879,0.000,1.485,0.032
39.91,-11.884,0.030,-1.474,-11.879,0.000,1.485,0.032
39.93,-11.884,0.030,-1.474,-11.879,0.000,1.485,0.032
39.95,-11.882,0.032,-1.474,-11.879,0.000,1.485,0.033
39.97,-11.882,0.032,-1.474,-11.879,0.000,1.485,0.033
39.99,-11.881,0.033,-1.474,-11.879,0.000,1.485,0.034
40.01,-11.881,0.033,-1.474,-11.879,0.000,1.485,0.034
40.03,-11.879,0.035,-1.474,-11.879,0.000,1.485,0.036
40.05,-11.879,0.035,-1.474,-11.879,0.000,1.485,0.036
40.07,-11.878,0.036,-1.474,-11.879,0.000,1.485,0.037
40.09,-11.878,0.036,-1.474,-11.879,0.000,1.485,0.037
40.12,-11.877,0.037,-1.474,-11.879,0.000,1.485,0.038
40.14,-11.877,0.037,-1.474,-11.879,0.000,1.485,0.038
40.16,-11.876,0.038,-1.474,-11.879,0.000,1.485,0.040
40.18,-11.876,0.038,-1.474,-11.879,0.000,1.485,0.040
40.20,-11.875,0.039,-1.474,-11.879,0.000,1.485,0.041
40.22,-11.875,0.039,-1.474,-11.879,0.000,1.485,0.041
40.24,-11.874,0.040,-1.474,-11.879,0.000,1.485,0.042
40.26,-11.874,0.040,-1.474,-11.879,0.000,1.485,0.042
40.28,-11.874,0.041,-1.474,-11.879,0.000,1.485,0.042
40.30,-11.874,0.041,-1.474,-11.879,0.000,1.485,0.042
40.32,-11.873,0.042,-1.475,-11.879,0.000,1.485,0.043
40.35,-11.873,0.042,-1.475,-11.879,0.000,1.485,0.043
40.37,-11.873,0.042,-1.475,-11.879,0.000,1.485,0.043
40.39,-11.873,0.042,-1.475,-11.879,0.000,1.485,0.043
40.41,-11.873,0.042,-1.475,-11.879,0.000,1.485,0.044
40.43,-11.873,0.042,-1.475,-11.879,0.000,1.485,0.044
40.45,-11.873,0.042,-1.475,-11.879,0.000,1.485,0.044
40.47,-11.873,0.043,-1.475,-11.879,0.000,1.485,0.044
40.49,-11.873,0.043,-1.475,-11.879,0.000,1.485,0.044
40.51,-11.873,0.044,-1.476,-11.879,0.000,1.485,0.045
40.53,-11.873,0.044,-1.476,-11.879,0.000,1.485,0.045
40.55,-11.873,0.044,-1.476,-11.879,0.000,1.485,0.045
40.57,-11.873,0.044,-1.476,-11.879,0.000,1.485,0.045
40.60,-11.874,0.045,-1.476,-11.879,0.000,1.485,0.046
40.62,-11.874,0.045,-1.476,-11.879,0.000,1.485,0.046
40.64,-11.875,0.046,-1.476,-11.879,0.000,1.485,0.046
40.66,-11.875,0.046,-1.476,-11.879,0.000,1.485,0.046
40.68,-11.876,0.046,-1.477,-11.879,0.000,1.485,0.047
40.70,-11.876,0.046,-1.477,-11.879,0.000,1.485,0.047
40.72,-11.876,0.047,-1.477,-11.879,0.000,1.485,0.048
40.74,-11.876,0.047,-1.477,-11.879,0.000,1.485,0.048
40.76,-11.877,0.048,-1.477,-11.879,0.000,1.485,0.048
40.78,-11.877,0.048,-1.477,-11.879,0.000,1.485,0.048
40.80,-11.878,0.048,-1.477,-11.879,0.000,1.485,0.049
40.82,-11.878,0.048,-1.477,-11.879,0.000,1.485,0.049
40.85,-11.878,0.049,-1.477,-11.879,0.000,1.485,0.049
40.87,-11.878,0.049,-1.477,-11.879,0.000,1.485,0.049
40.89,-11.879,0.049,-1.478,-11.879,0.000,1.485,0.050
40.91,-11.879,0.049,-1.478,-11.879,0.000,1.485,0.050
40.93,-11.879,0.049,-1.478,-11.879,0.000,1.485,0.050
40.95,-11.879,0.050,-1.478,-11.879,0.000,1.485,0.050
40.97,-11.879,0.050,-1.478,-11.879,0.000,1.485,0.050
40.99,-11.880,0.050,-1.478,-11.879,0.000,1.485,0.050
41.01,-11.880,0.050,-1.478,-11.879,0.000,1.485,0.050
41.03,-11.880,0.049,-1.479,-11.879,0.000,1.485,0.049
41.05,-11.880,0.049,-1.479,-11.879,0.000,1.485,0.049
41.07,-11.880,0.048,-1.479,-11.879,0.000,1.485,0.049
41.10,-11.880,0.048,-1.479,-11.879,0.000,1.485,0.049
41.12,-11.880,0.048,-1.479,-11.879,0.000,1.485,0.048
41.14,-11.880,0.048,-1.479,-11.879,0.000,1.485,0.048
41.16,-11.880,0.047,-1.479,-11.879,0.000,1.485,0.047
41.18,-11.880,0.047,-1.479,-11.879,0.000,1.485,0.047
41.20,-11.881,0.046,-1.478,-11.879,0.000,1.485,0.046
41.22,-11.881,0.046,-1.478,-11.879,0.000,1.485,0.046
41.24,-11.881,0.045,-1.478,-11.879,0.000,1.485,0.046
41.26,-11.881,0.045,-1.478,-11.879,0.000,1.485,0.046
41.28,-11.881,0.044,-1.478,-11.879,0.000,1.485,0.045
41.30,-11.881,0.044,-1.478,-11.879,0.000,1.485,0.045
41.32,-11.881,0.043,-1.477,-11.879,0.000,1.485,0.044
41.35,-11.881,0.043,-1.477,-11.879,0.000,1.485,0.044
41.37,-11.881,0.043,-1.476,-11.879,0.000,1.485,0.043
41.39,-11.881,0.043,-1.476,-11.879,0.000,1.485,0.043
41.41,-11.881,0.042,-1.476,-11.879,0.000,1.485,0.042
41.43,-11.881,0.042,-1.476,-11.879,0.000,1.485,0.042
41.45,-11.881,0.042,-1.476,-11.879,0.000,1.485,0.042
41.47,-11.881,0.040,-1.475,-11.879,0.000,1.485,0.041
41.49,-11.881,0.040,-1.475,-11.879,0.000,1.485,0.041
41.51,-11.882,0.039,-1.475,-11.879,0.000,1.485,0.040
41.53,-11.882,0.039,-1.475,-11.879,0.000,1.485,0.040
41.55,-11.882,0.038,-1.475,-11.879,0.000,1.485,0.039
41.57,-11.882,0.038,-1.475,-11.879,0.000,1.485,0.039
41.59,-11.883,0.037,-1.475,-11.879,0.000,1.485,0.039
41.62,-11.883,0.037,-1.475,-11.879,0.000,1.485,0.039
41.64,-11.884,0.037,-1.475,-11.879,0.000,1.485,0.038
41.66,-11.884,0.037,-1.475,-11.879,0.000,1.485,0.038
41.68,-11.884,0.036,-1.475,-11.879,0.000,1.485,0.037
41.70,-11.884,0.036,-1.475,-11.879,0.000,1.485,0.037
41.72,-11.885,0.035,-1.475,-11.879,0.000,1.485,0.037
41.74,-11.885,0.035,-1.475,-11.879,0.000,1.485,0.037
41.76,-11.885,0.034,-1.475,-11.879,0.000,1.485,0.036
41.78,-11.885,0.034,-1.475,-11.879,0.000,1.485,0.036
41.80,-11.886,0.033,-1.475,-11.879,0.000,1.485,0.035
41.82,-11.886,0.033,-1.475,-11.879,0.000,1.485,0.035
41.84,-11.886,0.032,-1.475,-11.879,0.000,1.485,0.034
41.86,-11.886,0.032,-1.475,-11.879,0.000,1.485,0.034
41.89,-11.886,0.031,-1.476,-11.879,0.000,1.485,0.033
41.91,-11.886,0.031,-1.476,-11.879,0.000,1.485,0.033
41.93,-11.886,0.031,-1.476,-11.879,0.000,1.485,0.033
41.95,-11.887,0.029,-1.476,-11.879,0.000,1.485,0.032
41.97,-11.887,0.029,-1.476,-11.879,0.000,1.485,0.032
41.99,-11.887,0.028,-1.476,-11.879,0.000,1.485,0.030
42.01,-11.887,0.028,-1.476,-11.879,0.000,1.485,0.030
42.03,-11.887,0.027,-1.476,-11.879,0.000,1.485,0.029
42.05,-11.887,0.027,-1.476,-11.879,0.000,1.485,0.029
42.07,-11.887,0.025,-1.476,-11.879,0.000,1.485,0.028
42.09,-11.887,0.025,-1.476,-11.879,0.000,1.485,0.028
42.11,-11.886,0.024,-1.476,-11.879,0.000,1.485,0.026
42.14,-11.886,0.024,-1.476,-11.879,0.000,1.485,0.026
42.16,-11.886,0.023,-1.476,-11.879,0.000,1.485,0.025
42.18,-11.886,0.023,-1.476,-11.879,0.000,1.485,0.025
42.20,-11.886,0.021,-1.476,-11.879,0.000,1.485,0.024
42.22,-11.886,0.021,-1.476,-11.879,0.000,1.485,0.024
42.24,-11.886,0.020,-1.476,-11.879,0.000,1.485,0.023
42.26,-11.886,0.020,-1.476,-11.879,0.000,1.485,0.023
42.28,-11.885,0.019,-1.476,-11.879,0.000,1.485,0.022
42.30,-11.885,0.019,-1.476,-11.879,0.000,1.485,0.022
42.32,-11.885,0.018,-1.476,-11.879,0.000,1.485,0.021
42.34,-11.885,0.018,-1.476,-11.879,0.000,1.485,0.021
42.36,-11.884,0.017,-1.476,-11.879,0.000,1.485,0.020
42.39,-11.884,0.017,-1.476,-11.879,0.000,1.485,0.020
42.41,-11.883,0.017,-1.476,-11.879,0.000,1.485,0.019
42.43,-11.883,0.017,-1.476,-11.879,0.000,1.485,0.019
42.45,-11.883,0.017,-1.476,-11.879,0.000,1.485,0.019
42.47,-11.882,0.016,-1.476,-11.879,0.000,1.485,0.019
42.49,-11.882,0.016,-1.476,-11.879,0.000,1.485,0.019
42.51,-11.881,0.016,-1.476,-11.879,0.000,1.485,0.018
42.53,-11.881,0.016,-1.476,-11.879,0.000,1.485,0.018
42.55,-11.880,0.016,-1.476,-11.879,0.000,1.485,0.018
42.57,-11.880,0.016,-1.476,-11.879,0.000,1.485,0.018
42.59,-11.880,0.016,-1.476,-11.879,0.000,1.485,0.018
42.61,-11.880,0.016,-1.476,-11.879,0.000,1.485,0.018
42.64,-11.879,0.016,-1.475,-11.879,0.000,1.485,0.019
42.66,-11.879,0.016,-1.475,-11.879,0.000,1.485,0.019
42.68,-11.878,0.017,-1.475,-11.879,0.000,1.485,0.019
42.70,-11.878,0.017,-1.475,-11.879,0.000,1.485,0.019
42.72,-11.877,0.017,-1.475,-11.879,0.000,1.485,0.020
42.74,-11.877,0.017,-1.475,-11.879,0.000,1.485,0.020
42.76,-11.876,0.018,-1.475,-11.879,0.000,1.485,0.021
42.78,-11.876,0.018,-1.475,-11.879,0.000,1.485,0.021
42.80,-11.875,0.019,-1.475,-11.879,0.000,1.485,0.022
42.82,-11.875,0.019,-1.475,-11.879,0.000,1.485,0.022
42.84,-11.874,0.020,-1.475,-11.879,0.000,1.485,0.023
42.86,-11.874,0.020,-1.475,-11.879,0.000,1.485,0.023
42.88,-11.873,0.021,-1.475,-11.879,0.000,1.485,0.024
42.91,-11.873,0.021,-1.475,-11.879,0.000,1.485,0.024
42.93,-11.872,0.022,-1.475,-11.879,0.000,1.485,0.025
42.95,-11.872,0.022,-1.475,-11.879,0.000,1.485,0.025
42.97,-11.872,0.022,-1.475,-11.879,0.000,1.485,0.025
42.99,-11.871,0.023,-1.475,-11.879,0.000,1.485,0.027
43.01,-11.871,0.023,-1.475,-11.879,0.000,1.485,0.027
43.03,-11.871,0.024,-1.475,-11.879,0.000,1.485,0.028
43.05,-11.871,0.024,-1.475,-11.879,0.000,1.485,0.028
43.07,-11.871,0.026,-1.474,-11.879,0.000,1.485,0.029
43.09,-11.871,0.026,-1.474,-11.879,0.000,1.485,0.029
43.11,-11.871,0.026,-1.474,-11.879,0.000,1.485,0.029
43.13,-11.871,0.026,-1.474,-11.879,0.000,1.485,0.029
43.16,-11.871,0.027,-1.474,-11.879,0.000,1.485,0.030
43.18,-11.871,0.027,-1.474,-11.879,0.000,1.485,0.030
43.20,-11.872,0.027,-1.474,-11.879,0.000,1.485,0.030
43.22,-11.872,0.027,-1.474,-11.879,0.000,1.485,0.030
43.24,-11.873,0.028,-1.474,-11.879,0.000,1.485,0.031
43.26,-11.873,0.028,-1.474,-11.879,0.000,1.485,0.031
43.28,-11.873,0.028,-1.474,-11.879,0.000,1.485,0.031
43.30,-11.873,0.028,-1.474,-11.879,0.000,1.485,0.031
43.32,-11.875,0.029,-1.474,-11.879,0.000,1.485,0.031
43.34,-11.875,0.029,-1.474,-11.879,0.000,1.485,0.031
43.36,-11.876,0.029,-1.474,-11.879,0.000,1.485,0.031
43.38,-11.876,0.029,-1.474,-11.879,0.000,1.485,0.031
43.41,-11.878,0.030,-1.474,-11.879,0.000,1.485,0.031
43.43,-11.878,0.030,-1.474,-11.879,0.000,1.485,0.031
43.45,-11.878,0.030,-1.474,-11.879,0.000,1.485,0.031
43.47,-11.880,0.030,-1.475,-11.879,0.000,1.485,0.032
43.49,-11.880,0.030,-1.475,-11.879,0.000,1.485,0.032
43.51,-11.882,0.031,-1.475,-11.879,0.000,1.485,0.032
43.53,-11.882,0.031,-1.475,-11.879,0.000,1.485,0.032
43.55,-11.883,0.031,-1.475,-11.879,0.000,1.485,0.033
43.57,-11.883,0.031,-1.475,-11.879,0.000,1.485,0.033
43.59,-11.886,0.032,-1.474,-11.879,0.000,1.485,0.034
43.61,-11.886,0.032,-1.474,-11.879,0.000,1.485,0.034
43.63,-11.888,0.032,-1.474,-11.879,0.000,1.485,0.035
43.65,-11.888,0.032,-1.474,-11.879,0.000,1.485,0.035
43.68,-11.890,0.033,-1.474,-11.879,0.000,1.485,0.036
43.70,-11.890,0.033,-1.474,-11.879,0.000,1.485,0.036
43.72,-11.893,0.033,-1.473,-11.879,0.000,1.485,0.037
43.74,-11.893,0.033,-1.473,-11.879,0.000,1.485,0.037
43.76,-11.895,0.033,-1.473,-11.879,0.000,1.485,0.039
43.78,-11.895,0.033,-1.473,-11.879,0.000,1.485,0.039
43.80,-11.897,0.034,-1.473,-11.879,0.000,1.485,0.040
43.82,-11.897,0.034,-1.473,-11.879,0.000,1.485,0.040
43.84,-11.899,0.034,-1.473,-11.879,0.000,1.485,0.041
43.86,-11.899,0.034,-1.473,-11.879,0.000,1.485,0.041
43.88,-11.902,0.034,-1.473,-11.879,0.000,1.485,0.043
43.90,-11.902,0.034,-1.473,-11.879,0.000,1.485,0.043
43.93,-11.904,0.034,-1.473,-11.879,0.000,1.485,0.043
43.95,-11.904,0.034,-1.473,-11.879,0.000,1.485,0.043
43.97,-11.904,0.034,-1.473,-11.879,0.000,1.485,0.043
43.99,-11.906,0.033,-1.473,-11.879,0.000,1.485,0.044
44.01,-11.906,0.033,-1.473,-11.879,0.000,1.485,0.044
44.03,-11.907,0.033,-1.473,-11.879,0.000,1.485,0.045
44.05,-11.907,0.033,-1.473,-11.879,0.000,1.485,0.045
44.07,-11.908,0.033,-1.473,-11.879,0.000,1.485,0.045
44.09,-11.908,0.033,-1.473,-11.879,0.000,1.485,0.045
44.11,-11.909,0.032,-1.473,-11.879,0.000,1.485,0.045
44.13,-11.909,0.032,-1.473,-11.879,0.000,1.485,0.045
44.15,-11.909,0.032,-1.473,-11.879,0.000,1.485,0.045
44.18,-11.909,0.032,-1.473,-11.879,0.000,1.485,0.045
44.20,-11.909,0.031,-1.473,-11.879,0.000,1.485,0.045
44.22,-11.909,0.031,-1.473,-11.879,0.000,1.485,0.045
44.24,-11.908,0.031,-1.473,-11.879,0.000,1.485,0.044
44.26,-11.908,0.031,-1.473,-11.879,0.000,1.485,0.044
44.28,-11.908,0.030,-1.473,-11.879,0.000,1.485,0.043
44.30,-11.908,0.030,-1.473,-11.879,0.000,1.485,0.043
44.32,-11.907,0.030,-1.473,-11.879,0.000,1.485,0.042
44.34,-11.907,0.030,-1.473,-11.879,0.000,1.485,0.042
44.36,-11.906,0.029,-1.473,-11.879,0.000,1.485,0.041
44.38,-11.906,0.029,-1.473,-11.879,0.000,1.485,0.041
44.40,-11.905,0.029,-1.473,-11.879,0.000,1.485,0.040
44.42,-11.905,0.029,-1.473,-11.879,0.000,1.485,0.040
44.45,-11.905,0.029,-1.473,-11.879,0.000,1.485,0.040
44.47,-11.903,0.028,-1.473,-11.879,0.000,1.485,0.038
44.49,-11.903,0.028,-1.473,-11.879,0.000,1.485,0.038
44.51,-11.902,0.027,-1.473,-11.879,0.000,1.485,0.037
44.53,-11.902,0.027,-1.473,-11.879,0.000,1.485,0.037
44.55,-11.901,0.026,-1.473,-11.879,0.000,1.485,0.036
44.57,-11.901,0.026,-1.473,-11.879,0.000,1.485,0.036
44.59,-11.900,0.026,-1.473,-11.879,0.000,1.485,0.035
44.61,-11.900,0.026,-1.473,-11.879,0.000,1.485,0.035
44.63,-11.898,0.024,-1.473,-11.879,0.000,1.485,0.033
44.65,-11.898,0.024,-1.473,-11.879,0.000,1.485,0.033
44.67,-11.897,0.023,-1.473,-11.879,0.000,1.485,0.031
44.69,-11.897,0.023,-1.473,-11.879,0.000,1.485,0.031
44.72,-11.896,0.022,-1.473,-11.879,0.000,1.485,0.030
44.74,-11.896,0.022,-1.473,-11.879,0.000,1.485,0.030
44.76,-11.895,0.021,-1.473,-11.879,0.000,1.485,0.029
44.78,-11.895,0.021,-1.473,-11.879,0.000,1.485,0.029
44.80,-11.894,0.021,-1.473,-11.879,0.000,1.485,0.028
44.82,-11.894,0.021,-1.473,-11.879,0.000,1.485,0.028
44.84,-11.893,0.020,-1.473,-11.879,0.000,1.485,0.027
44.86,-11.893,0.020,-1.473,-11.879,0.000,1.485,0.027
44.88,-11.892,0.020,-1.474,-11.879,0.000,1.485,0.026
44.90,-11.892,0.020,-1.474,-11.879,0.000,1.485,0.026
44.92,-11.891,0.020,-1.475,-11.879,0.000,1.485,0.025
44.94,-11.891,0.020,-1.475,-11.879,0.000,1.485,0.025
44.97,-11.891,0.020,-1.475,-11.879,0.000,1.485,0.025
44.99,-11.890,0.020,-1.475,-11.879,0.000,1.485,0.025
45.01,-11.890,0.020,-1.475,-11.879,0.000,1.485,0.025
45.03,-11.890,0.020,-1.476,-11.879,0.000,1.485,0.024
45.05,-11.890,0.020,-1.476,-11.879,0.000,1.485,0.024
45.07,-11.889,0.021,-1.477,-11.879,0.000,1.485,0.024
45.09,-11.889,0.021,-1.477,-11.879,0.000,1.485,0.024
45.11,-11.888,0.022,-1.478,-11.879,0.000,1.485,0.025
45.13,-11.888,0.022,-1.478,-11.879,0.000,1.485,0.025
45.15,-11.888,0.023,-1.478,-11.879,0.000,1.485,0.025
45.17,-11.888,0.023,-1.478,-11.879,0.000,1.485,0.025
45.20,-11.888,0.024,-1.479,-11.879,0.000,1.485,0.026
45.22,-11.888,0.024,-1.479,-11.879,0.000,1.485,0.026
45.24,-11.888,0.025,-1.480,-11.879,0.000,1.485,0.027
45.26,-11.888,0.025,-1.480,-11.879,0.000,1.485,0.027
45.28,-11.888,0.026,-1.480,-11.879,0.000,1.485,0.028
45.30,-11.888,0.026,-1.480,-11.879,0.000,1.485,0.028
45.32,-11.888,0.027,-1.481,-11.879,0.000,1.485,0.029
45.34,-11.888,0.027,-1.481,-11.879,0.000,1.485,0.029
45.36,-11.889,0.028,-1.482,-11.879,0.000,1.485,0.029
45.38,-11.889,0.028,-1.482,-11.879,0.000,1.485,0.029
45.40,-11.889,0.029,-1.482,-11.879,0.000,1.485,0.030
45.42,-11.889,0.029,-1.482,-11.879,0.000,1.485,0.030
45.45,-11.890,0.030,-1.483,-11.879,0.000,1.485,0.031
45.47,-11.890,0.030,-1.483,-11.879,0.000,1.485,0.031
45.49,-11.890,0.030,-1.483,-11.879,0.000,1.485,0.031
45.51,-11.890,0.030,-1.484,-11.879,0.000,1.485,0.032
45.53,-11.890,0.030,-1.484,-11.879,0.000,1.485,0.032
45.55,-11.891,0.031,-1.484,-11.879,0.000,1.485,0.033
45.57,-11.891,0.031,-1.484,-11.879,0.000,1.485,0.033
45.59,-11.892,0.032,-1.484,-11.879,0.000,1.485,0.034
45.61,-11.892,0.032,-1.484,-11.879,0.000,1.485,0.034
45.63,-11.892,0.032,-1.484,-11.879,0.000,1.485,0.035
45.65,-11.892,0.032,-1.484,-11.879,0.000,1.485,0.035
45.67,-11.893,0.033,-1.484,-11.879,0.000,1.485,0.035
45.70,-11.893,0.033,-1.484,-11.879,0.000,1.485,0.035
45.72,-11.894,0.033,-1.484,-11.879,0.000,1.485,0.036
45.74,-11.894,0.033,-1.484,-11.879,0.000,1.485,0.036
45.76,-11.895,0.033,-1.483,-11.879,0.000,1.485,0.037
45.78,-11.895,0.033,-1.483,-11.879,0.000,1.485,0.037
45.80,-11.896,0.033,-1.483,-11.879,0.000,1.485,0.037
45.82,-11.896,0.033,-1.483,-11.879,0.000,1.485,0.037
45.84,-11.897,0.033,-1.482,-11.879,0.000,1.485,0.038
45.86,-11.897,0.033,-1.482,-11.879,0.000,1.485,0.038
45.88,-11.898,0.033,-1.482,-11.879,0.000,1.485,0.038
45.90,-11.898,0.033,-1.482,-11.879,0.000,1.485,0.038
45.92,-11.899,0.033,-1.481,-11.879,0.000,1.485,0.039
45.95,-11.899,0.033,-1.481,-11.879,0.000,1.485,0.039
45.97,-11.899,0.033,-1.481,-11.879,0.000,1.485,0.039
45.99,-11.900,0.033,-1.481,-11.879,0.000,1.485,0.039
46.01,-11.900,0.033,-1.481,-11.879,0.000,1.485,0.039
46.03,-11.901,0.033,-1.481,-11.879,0.000,1.485,0.040
46.05,-11.901,0.033,-1.481,-11.879,0.000,1.485,0.040
46.07,-11.902,0.033,-1.480,-11.879,0.000,1.485,0.040
46.09,-11.902,0.033,-1.480,-11.879,0.000,1.485,0.040
46.11,-11.902,0.032,-1.480,-11.879,0.000,1.485,0.040
46.13,-11.902,0.032,-1.480,-11.879,0.000,1.485,0.040
46.15,-11.903,0.032,-1.480,-11.879,0.000,1.485,0.040
46.17,-11.903,0.032,-1.480,-11.879,0.000,1.485,0.040
46.19,-11.903,0.031,-1.480,-11.879,0.000,1.485,0.039
46.21,-11.903,0.031,-1.480,-11.879,0.000,1.485,0.039
46.24,-11.903,0.029,-1.480,-11.879,0.000,1.485,0.038
46.26,-11.903,0.029,-1.480,-11.879,0.000,1.485,0.038
46.28,-11.904,0.028,-1.480,-11.879,0.000,1.485,0.037
46.30,-11.904,0.028,-1.480,-11.879,0.000,1.485,0.037
46.32,-11.904,0.026,-1.480,-11.879,0.000,1.485,0.036
46.34,-11.904,0.026,-1.480,-11.879,0.000,1.485,0.036
46.36,-11.904,0.024,-1.479,-11.879,0.000,1.485,0.035
46.38,-11.904,0.024,-1.479,-11.879,0.000,1.485,0.035
46.40,-11.904,0.023,-1.479,-11.879,0.000,1.485,0.034
46.42,-11.904,0.023,-1.479,-11.879,0.000,1.485,0.034
46.44,-11.905,0.020,-1.479,-11.879,0.000,1.485,0.033
46.46,-11.905,0.020,-1.479,-11.879,0.000,1.485,0.033
46.49,-11.905,0.020,-1.479,-11.879,0.000,1.485,0.033
46.51,-11.905,0.018,-1.479,-11.879,0.000,1.485,0.032
46.53,-11.905,0.018,-1.479,-11.879,0.000,1.485,0.032
46.55,-11.905,0.016,-1.480,-11.879,0.000,1.485,0.031
46.57,-11.905,0.016,-1.480,-11.879,0.000,1.485,0.031
46.59,-11.905,0.014,-1.480,-11.879,0.000,1.485,0.030
46.61,-11.905,0.014,-1.480,-11.879,0.000,1.485,0.030
46.63,-11.905,0.012,-1.480,-11.879,0.000,1.485,0.029
46.65,-11.905,0.012,-1.480,-11.879,0.000,1.485,0.029
46.67,-11.906,0.009,-1.480,-11.879,0.000,1.485,0.028
46.69,-11.906,0.009,-1.480,-11.879,0.000,1.485,0.028
46.71,-11.906,0.007,-1.480,-11.879,0.000,1.485,0.028
46.73,-11.906,0.007,-1.480,-11.879,0.000,1.485,0.028
46.76,-11.906,0.006,-1.480,-11.879,0.000,1.485,0.028
46.78,-11.906,0.006,-1.480,-11.879,0.000,1.485,0.028
46.80,-11.906,0.004,-1.480,-11.879,0.000,1.485,0.027
46.82,-11.906,0.004,-1.480,-11.879,0.000,1.485,0.027
46.84,-11.905,0.003,-1.480,-11.879,0.000,1.485,0.027
46.86,-11.905,0.003,-1.480,-11.879,0.000,1.485,0.027
46.88,-11.905,0.002,-1.480,-11.879,0.000,1.485,0.026
46.90,-11.905,0.002,-1.480,-11.879,0.000,1.485,0.026
46.92,-11.905,0.001,-1.480,-11.879,0.000,1.485,0.026
46.94,-11.905,0.001,-1.480,-11.879,0.000,1.485,0.026
46.96,-11.905,0.001,-1.480,-11.879,0.000,1.485,0.026
46.98,-11.904,0.001,-1.480,-11.879,0.000,1.485,0.025
47.01,-11.904,0.001,-1.480,-11.879,0.000,1.485,0.025
47.03,-11.903,0.001,-1.480,-11.879,0.000,1.485,0.025
47.05,-11.903,0.001,-1.480,-11.879,0.000,1.485,0.025
47.07,-11.903,0.001,-1.480,-11.879,0.000,1.485,0.024
47.09,-11.903,0.001,-1.480,-11.879,0.000,1.485,0.024
47.11,-11.902,0.001,-1.480,-11.879,0.000,1.485,0.023
47.13,-11.902,0.001,-1.480,-11.879,0.000,1.485,0.023
47.15,-11.901,0.002,-1.481,-11.879,0.000,1.485,0.022
47.17,-11.901,0.002,-1.481,-11.879,0.000,1.485,0.022
47.19,-11.899,0.003,-1.481,-11.879,0.000,1.485,0.020
47.21,-11.899,0.003,-1.481,-11.879,0.000,1.485,0.020
47.23,-11.897,0.003,-1.481,-11.879,0.000,1.485,0.019
47.26,-11.897,0.003,-1.481,-11.879,0.000,1.485,0.019
47.28,-11.896,0.004,-1.481,-11.879,0.000,1.485,0.017
47.30,-11.896,0.004,-1.481,-11.879,0.000,1.485,0.017
47.32,-11.894,0.005,-1.481,-11.879,0.000,1.485,0.016
47.34,-11.894,0.005,-1.481,-11.879,0.000,1.485,0.016
47.36,-11.892,0.005,-1.481,-11.879,0.000,1.485,0.014
47.38,-11.892,0.005,-1.481,-11.879,0.000,1.485,0.014
47.40,-11.890,0.006,-1.481,-11.879,0.000,1.485,0.013
47.42,-11.890,0.006,-1.481,-11.879,0.000,1.485,0.013
47.44,-11.888,0.006,-1.482,-11.879,0.000,1.485,0.012
47.46,-11.888,0.006,-1.482,-11.879,0.000,1.485,0.012
47.48,-11.888,0.006,-1.482,-11.879,0.000,1.485,0.012
47.50,-11.886,0.008,-1.482,-11.879,0.000,1.485,0.010
47.53,-11.886,0.008,-1.482,-11.879,0.000,1.485,0.010
47.55,-11.885,0.008,-1.483,-11.879,0.000,1.485,0.010
47.57,-11.885,0.008,-1.483,-11.879,0.000,1.485,0.010
47.59,-11.884,0.009,-1.483,-11.879,0.000,1.485,0.010
47.61,-11.884,0.009,-1.483,-11.879,0.000,1.485,0.010
47.63,-11.883,0.010,-1.483,-11.879,0.000,1.485,0.011
47.65,-11.883,0.010,-1.483,-11.879,0.000,1.485,0.011
47.67,-11.882,0.011,-1.482,-11.879,0.000,1.485,0.011
47.69,-11.882,0.011,-1.482,-11.879,0.000,1.485,0.011
47.71,-11.881,0.012,-1.482,-11.879,0.000,1.485,0.012
47.74,-11.881,0.012,-1.482,-11.879,0.000,1.485,0.012
47.76,-11.881,0.012,-1.481,-11.879,0.000,1.485,0.012
47.78,-11.881,0.012,-1.481,-11.879,0.000,1.485,0.012
47.80,-11.880,0.012,-1.481,-11.879,0.000,1.485,0.013
47.82,-11.880,0.012,-1.481,-11.879,0.000,1.485,0.013
47.84,-11.880,0.013,-1.480,-11.879,0.000,1.485,0.013
47.86,-11.880,0.013,-1.480,-11.879,0.000,1.485,0.013
47.88,-11.879,0.013,-1.480,-11.879,0.000,1.485,0.014
47.90,-11.879,0.013,-1.480,-11.879,0.000,1.485,0.014
47.92,-11.879,0.013,-1.479,-11.879,0.000,1.485,0.014
47.94,-11.879,0.013,-1.479,-11.879,0.000,1.485,0.014
47.96,-11.879,0.013,-1.479,-11.879,0.000,1.485,0.014
47.98,-11.879,0.013,-1.479,-11.879,0.000,1.485,0.014
48.01,-11.879,0.013,-1.479,-11.879,0.000,1.485,0.014
48.03,-11.878,0.012,-1.478,-11.879,0.000,1.485,0.014
48.05,-11.878,0.012,-1.478,-11.879,0.000,1.485,0.014
48.07,-11.878,0.012,-1.478,-11.879,0.000,1.485,0.013
48.09,-11.878,0.012,-1.478,-11.879,0.000,1.485,0.013
48.11,-11.878,0.011,-1.478,-11.879,0.000,1.485,0.013
48.13,-11.878,0.011,-1.478,-11.879,0.000,1.485,0.013
48.15,-11.878,0.010,-1.479,-11.879,0.000,1.485,0.012
48.17,-11.878,0.010,-1.479,-11.879,0.000,1.485,0.012
48.19,-11.878,0.010,-1.479,-11.879,0.000,1.485,0.011
48.21,-11.878,0.010,-1.479,-11.879,0.000,1.485,0.011
48.23,-11.878,0.009,-1.479,-11.879,0.000,1.485,0.010
48.26,-11.878,0.009,-1.479,-11.879,0.000,1.485,0.010
48.28,-11.878,0.008,-1.479,-11.879,0.000,1.485,0.010
48.30,-11.878,0.008,-1.479,-11.879,0.000,1.485,0.010
48.32,-11.878,0.007,-1.480,-11.879,0.000,1.485,0.009
48.34,-11.878,0.007,-1.480,-11.879,0.000,1.485,0.009
48.36,-11.878,0.007,-1.480,-11.879,0.000,1.485,0.008
48.38,-11.878,0.007,-1.480,-11.879,0.000,1.485,0.008
48.40,-11.878,0.006,-1.480,-11.879,0.000,1.485,0.007
48.42,-11.878,0.006,-1.480,-11.879,0.000,1.485,0.007
48.44,-11.878,0.005,-1.481,-11.879,0.000,1.485,0.006
48.46,-11.878,0.005,-1.481,-11.879,0.000,1.485,0.006
48.48,-11.878,0.005,-1.481,-11.879,0.000,1.485,0.006
48.51,-11.878,0.003,-1.481,-11.879,0.000,1.485,0.005
48.53,-11.878,0.003,-1.481,-11.879,0.000,1.485,0.005
48.55,-11.878,0.002,-1.482,-11.879,0.000,1.485,0.004
48.57,-11.878,0.002,-1.482,-11.879,0.000,1.485,0.004
48.59,-11.878,0.002,-1.482,-11.879,0.000,1.485,0.003
48.61,-11.878,0.002,-1.482,-11.879,0.000,1.485,0.003
48.63,-11.878,0.001,-1.482,-11.879,0.000,1.485,0.003
48.65,-11.878,0.001,-1.482,-11.879,0.000,1.485,0.003
48.67,-11.878,0.000,-1.483,-11.879,0.000,1.485,0.002
48.69,-11.878,0.000,-1.483,-11.879,0.000,1.485,0.002
48.71,-11.878,-0.000,-1.484,-11.879,0.000,1.485,0.002
48.73,-11.878,-0.000,-1.484,-11.879,0.000,1.485,0.002
48.76,-11.877,-0.001,-1.484,-11.879,0.000,1.485,0.002
48.78,-11.877,-0.001,-1.484,-11.879,0.000,1.485,0.002
48.80,-11.877,-0.001,-1.485,-11.879,0.000,1.485,0.002
48.82,-11.877,-0.001,-1.485,-11.879,0.000,1.485,0.002
48.84,-11.877,-0.001,-1.485,-11.879,0.000,1.485,0.002
48.86,-11.877,-0.001,-1.485,-11.879,0.000,1.485,0.002
48.88,-11.877,-0.001,-1.486,-11.879,0.000,1.485,0.003
48.90,-11.877,-0.001,-1.486,-11.879,0.000,1.485,0.003
48.92,-11.876,-0.001,-1.486,-11.879,0.000,1.485,0.003
48.94,-11.876,-0.001,-1.486,-11.879,0.000,1.485,0.003
48.96,-11.875,-0.000,-1.486,-11.879,0.000,1.485,0.004
48.98,-11.875,-0.000,-1.486,-11.879,0.000,1.485,0.004
49.00,-11.875,-0.000,-1.486,-11.879,0.000,1.485,0.004
49.03,-11.875,-0.000,-1.487,-11.879,0.000,1.485,0.005
49.05,-11.875,-0.000,-1.487,-11.879,0.000,1.485,0.005
49.07,-11.874,0.000,-1.487,-11.879,0.000,1.485,0.005
49.09,-11.874,0.000,-1.487,-11.879,0.000,1.485,0.005
49.11,-11.874,0.000,-1.487,-11.879,0.000,1.485,0.005
49.13,-11.874,0.000,-1.487,-11.879,0.000,1.485,0.005
49.15,-11.874,0.001,-1.487,-11.879,0.000,1.485,0.006
49.17,-11.874,0.001,-1.487,-11.879,0.000,1.485,0.006
49.19,-11.874,0.001,-1.487,-11.879,0.000,1.485,0.006
49.21,-11.874,0.001,-1.487,-11.879,0.000,1.485,0.006
49.23,-11.874,0.001,-1.488,-11.879,0.000,1.485,0.006
49.25,-11.874,0.001,-1.488,-11.879,0.000,1.485,0.006
49.28,-11.874,0.002,-1.488,-11.879,0.000,1.485,0.006
49.30,-11.874,0.002,-1.488,-11.879,0.000,1.485,0.006
49.32,-11.875,0.002,-1.489,-11.879,0.000,1.485,0.006
49.34,-11.875,0.002,-1.489,-11.879,0.000,1.485,0.006
49.36,-11.875,0.002,-1.489,-11.879,0.000,1.485,0.007
49.38,-11.875,0.002,-1.489,-11.879,0.000,1.485,0.007
49.40,-11.875,0.002,-1.490,-11.879,0.000,1.485,0.007
49.42,-11.875,0.002,-1.490,-11.879,0.000,1.485,0.007
49.44,-11.875,0.002,-1.491,-11.879,0.000,1.485,0.007
49.46,-11.875,0.002,-1.491,-11.879,0.000,1.485,0.007
49.48,-11.875,0.002,-1.491,-11.879,0.000,1.485,0.007
49.50,-11.875,0.002,-1.492,-11.879,0.000,1.485,0.008
49.53,-11.875,0.002,-1.492,-11.879,0.000,1.485,0.008
49.55,-11.875,0.002,-1.492,-11.879,0.000,1.485,0.009
49.57,-11.875,0.002,-1.492,-11.879,0.000,1.485,0.009
49.59,-11.875,0.002,-1.493,-11.879,0.000,1.485,0.009
49.61,-11.875,0.002,-1.493,-11.879,0.000,1.485,0.009
49.63,-11.875,0.002,-1.493,-11.879,0.000,1.485,0.010
49.65,-11.875,0.002,-1.493,-11.879,0.000,1.485,0.010
49.67,-11.875,0.002,-1.493,-11.879,0.000,1.485,0.010
49.69,-11.875,0.002,-1.493,-11.879,0.000,1.485,0.010
49.71,-11.874,0.001,-1.494,-11.879,0.000,1.485,0.010
49.73,-11.874,0.001,-1.494,-11.879,0.000,1.485,0.010
49.75,-11.874,0.001,-1.494,-11.879,0.000,1.485,0.011
49.77,-11.874,0.001,-1.494,-11.879,0.000,1.485,0.011
49.80,-11.873,0.001,-1.495,-11.879,0.000,1.485,0.011
49.82,-11.873,0.001,-1.495,-11.879,0.000,1.485,0.011
49.84,-11.873,0.000,-1.495,-11.879,0.000,1.485,0.012
49.86,-11.873,0.000,-1.495,-11.879,0.000,1.485,0.012
49.88,-11.872,0.000,-1.495,-11.879,0.000,1.485,0.013
49.90,-11.872,0.000,-1.495,-11.879,0.000,1.485,0.013
49.92,-11.872,0.000,-1.496,-11.879,0.000,1.485,0.013
49.94,-11.872,0.000,-1.496,-11.879,0.000,1.485,0.013
49.96,-11.871,-0.000,-1.496,-11.879,0.000,1.485,0.014
49.98,-11.871,-0.000,-1.496,-11.879,0.000,1.485,0.014
50.00,-11.871,-0.000,-1.496,-11.879,0.000,1.485,0.014
50.02,-11.871,-0.001,-1.497,-11.879,0.000,1.485,0.015
50.05,-11.871,-0.001,-1.497,-11.879,0.000,1.485,0.015
50.07,-11.871,-0.001,-1.497,-11.879,0.000,1.485,0.015
50.09,-11.871,-0.001,-1.497,-11.879,0.000,1.485,0.015
50.11,-11.870,-0.002,-1.497,-11.879,0.000,1.485,0.015
50.13,-11.870,-0.002,-1.497,-11.879,0.000,1.485,0.015
50.15,-11.870,-0.002,-1.496,-11.879,0.000,1.485,0.015
50.17,-11.870,-0.002,-1.496,-11.879,0.000,1.485,0.015
50.19,-11.870,-0.003,-1.496,-11.879,0.000,1.485,0.015
50.21,-11.870,-0.003,-1.496,-11.879,0.000,1.485,0.015
50.23,-11.871,-0.003,-1.496,-11.879,0.000,1.485,0.014
50.25,-11.871,-0.003,-1.496,-11.879,0.000,1.485,0.014
50.27,-11.871,-0.003,-1.495,-11.879,0.000,1.485,0.014
50.29,-11.871,-0.003,-1.495,-11.879,0.000,1.485,0.014
50.32,-11.871,-0.003,-1.495,-11.879,0.000,1.485,0.013
50.34,-11.871,-0.003,-1.495,-11.879,0.000,1.485,0.013
50.36,-11.871,-0.003,-1.494,-11.879,0.000,1.485,0.013
50.38,-11.871,-0.003,-1.494,-11.879,0.000,1.485,0.013
50.40,-11.872,-0.003,-1.494,-11.879,0.000,1.485,0.012
50.42,-11.872,-0.003,-1.494,-11.879,0.000,1.485,0.012
50.44,-11.872,-0.003,-1.494,-11.879,0.000,1.485,0.011
50.46,-11.872,-0.003,-1.494,-11.879,0.000,1.485,0.011
50.48,-11.873,-0.002,-1.493,-11.879,0.000,1.485,0.011
50.50,-11.873,-0.002,-1.493,-11.879,0.000,1.485,0.011
50.52,-11.873,-0.002,-1.493,-11.879,0.000,1.485,0.011
50.54,-11.874,-0.001,-1.494,-11.879,0.000,1.485,0.010
50.56,-11.874,-0.001,-1.494,-11.879,0.000,1.485,0.010
50.59,-11.875,-0.000,-1.494,-11.879,0.000,1.485,0.010
50.61,-11.875,-0.000,-1.494,-11.879,0.000,1.485,0.010
50.63,-11.876,0.000,-1.494,-11.879,0.000,1.485,0.010
50.65,-11.876,0.000,-1.494,-11.879,0.000,1.485,0.010
50.67,-11.877,0.001,-1.494,-11.879,0.000,1.485,0.010
50.69,-11.877,0.001,-1.494,-11.879,0.000,1.485,0.010
50.71,-11.878,0.002,-1.494,-11.879,0.000,1.485,0.010
50.73,-11.878,0.002,-1.494,-11.879,0.000,1.485,0.010
50.75,-11.879,0.003,-1.494,-11.879,0.000,1.485,0.010
50.77,-11.879,0.003,-1.494,-11.879,0.000,1.485,0.010
50.79,-11.881,0.005,-1.494,-11.879,0.000,1.485,0.011
50.81,-11.881,0.005,-1.494,-11.879,0.000,1.485,0.011
50.83,-11.882,0.007,-1.494,-11.879,0.000,1.485,0.012
50.85,-11.882,0.007,-1.494,-11.879,0.000,1.485,0.012
50.88,-11.883,0.008,-1.494,-11.879,0.000,1.485,0.013
50.90,-11.883,0.008,-1.494,-11.879,0.000,1.485,0.013
50.92,-11.885,0.010,-1.493,-11.879,0.000,1.485,0.014
50.94,-11.885,0.010,-1.493,-11.879,0.000,1.485,0.014
50.96,-11.886,0.012,-1.493,-11.879,0.000,1.485,0.016
50.98,-11.886,0.012,-1.493,-11.879,0.000,1.485,0.016
51.00,-11.886,0.012,-1.493,-11.879,0.000,1.485,0.016
51.02,-11.888,0.015,-1.492,-11.879,0.000,1.485,0.019
51.04,-11.888,0.015,-1.492,-11.879,0.000,1.485,0.019
51.06,-11.890,0.017,-1.492,-11.879,0.000,1.485,0.021
51.08,-11.890,0.017,-1.492,-11.879,0.000,1.485,0.021
51.11,-11.891,0.019,-1.492,-11.879,0.000,1.485,0.023
51.13,-11.891,0.019,-1.492,-11.879,0.000,1.485,0.023
51.15,-11.891,0.021,-1.491,-11.879,0.000,1.485,0.025
51.17,-11.891,0.021,-1.491,-11.879,0.000,1.485,0.025
51.19,-11.892,0.023,-1.491,-11.879,0.000,1.485,0.027
51.21,-11.892,0.023,-1.491,-11.879,0.000,1.485,0.027
51.23,-11.893,0.025,-1.491,-11.879,0.000,1.485,0.029
51.25,-11.893,0.025,-1.491,-11.879,0.000,1.485,0.029
51.27,-11.893,0.028,-1.490,-11.879,0.000,1.485,0.031
51.29,-11.893,0.028,-1.490,-11.879,0.000,1.485,0.031
51.31,-11.893,0.029,-1.490,-11.879,0.000,1.485,0.033
51.33,-11.893,0.029,-1.490,-11.879,0.000,1.485,0.033
51.36,-11.893,0.031,-1.490,-11.879,0.000,1.485,0.034
51.38,-11.893,0.031,-1.490,-11.879,0.000,1.485,0.034
51.40,-11.893,0.032,-1.489,-11.879,0.000,1.485,0.035
51.42,-11.893,0.032,-1.489,-11.879,0.000,1.485,0.035
51.44,-11.893,0.033,-1.489,-11.879,0.000,1.485,0.036
51.46,-11.893,0.033,-1.489,-11.879,0.000,1.485,0.036
51.48,-11.893,0.034,-1.489,-11.879,0.000,1.485,0.037
51.50,-11.893,0.034,-1.489,-11.879,0.000,1.485,0.037
51.52,-11.893,0.034,-1.489,-11.879,0.000,1.485,0.037
51.54,-11.893,0.034,-1.489,-11.879,0.000,1.485,0.037
51.56,-11.893,0.034,-1.489,-11.879,0.000,1.485,0.037
51.59,-11.893,0.035,-1.489,-11.879,0.000,1.485,0.038
51.61,-11.893,0.035,-1.489,-11.879,0.000,1.485,0.038
51.63,-11.893,0.035,-1.489,-11.879,0.000,1.485,0.038
51.65,-11.893,0.035,-1.489,-11.879,0.000,1.485,0.038
51.67,-11.893,0.035,-1.489,-11.879,0.000,1.485,0.038
51.69,-11.893,0.035,-1.489,-11.879,0.000,1.485,0.038
51.71,-11.893,0.035,-1.489,-11.879,0.000,1.485,0.038
51.73,-11.893,0.035,-1.489,-11.879,0.000,1.485,0.038
51.75,-11.893,0.034,-1.489,-11.879,0.000,1.485,0.037
51.77,-11.893,0.034,-1.489,-11.879,0.000,1.485,0.037
51.79,-11.893,0.034,-1.489,-11.879,0.000,1.485,0.036
51.81,-11.893,0.034,-1.489,-11.879,0.000,1.485,0.036
51.83,-11.893,0.033,-1.489,-11.879,0.000,1.485,0.036
51.86,-11.893,0.033,-1.489,-11.879,0.000,1.485,0.036
51.88,-11.892,0.032,-1.489,-11.879,0.000,1.485,0.035
51.90,-11.892,0.032,-1.489,-11.879,0.000,1.485,0.035
51.92,-11.892,0.031,-1.489,-11.879,0.000,1.485,0.034
51.94,-11.892,0.031,-1.489,-11.879,0.000,1.485,0.034
51.96,-11.892,0.030,-1.490,-11.879,0.000,1.485,0.033
51.98,-11.892,0.030,-1.490,-11.879,0.000,1.485,0.033
52.00,-11.891,0.029,-1.490,-11.879,0.000,1.485,0.032
52.02,-11.891,0.029,-1.490,-11.879,0.000,1.485,0.032
52.04,-11.891,0.029,-1.490,-11.879,0.000,1.485,0.032
52.06,-11.891,0.027,-1.490,-11.879,0.000,1.485,0.030
52.08,-11.891,0.027,-1.490,-11.879,0.000,1.485,0.030
52.10,-11.890,0.025,-1.490,-11.879,0.000,1.485,0.028
52.13,-11.890,0.025,-1.490,-11.879,0.000,1.485,0.028
52.15,-11.889,0.024,-1.490,-11.879,0.000,1.485,0.026
52.17,-11.889,0.024,-1.490,-11.879,0.000,1.485,0.026
52.19,-11.888,0.022,-1.491,-11.879,0.000,1.485,0.024
52.21,-11.888,0.022,-1.491,-11.879,0.000,1.485,0.024
52.23,-11.887,0.020,-1.491,-11.879,0.000,1.485,0.022
52.25,-11.887,0.020,-1.491,-11.879,0.000,1.485,0.022
52.27,-11.886,0.018,-1.491,-11.879,0.000,1.485,0.020
52.29,-11.886,0.018,-1.491,-11.879,0.000,1.485,0.020
52.31,-11.884,0.016,-1.491,-11.879,0.000,1.485,0.018
52.33,-11.884,0.016,-1.491,-11.879,0.000,1.485,0.018
52.35,-11.883,0.015,-1.491,-11.879,0.000,1.485,0.016
52.37,-11.883,0.015,-1.491,-11.879,0.000,1.485,0.016
52.40,-11.881,0.014,-1.491,-11.879,0.000,1.485,0.015
52.42,-11.881,0.014,-1.491,-11.879,0.000,1.485,0.015
52.44,-11.880,0.012,-1.492,-11.879,0.000,1.485,0.014
52.46,-11.880,0.012,-1.492,-11.879,0.000,1.485,0.014
52.48,-11.879,0.011,-1.492,-11.879,0.000,1.485,0.013
52.50,-11.879,0.011,-1.492,-11.879,0.000,1.485,0.013
52.52,-11.879,0.011,-1.492,-11.879,0.000,1.485,0.013
52.54,-11.878,0.010,-1.492,-11.879,0.000,1.485,0.012
52.56,-11.878,0.010,-1.492,-11.879,0.000,1.485,0.012
52.58,-11.877,0.009,-1.492,-11.879,0.000,1.485,0.012
52.60,-11.877,0.009,-1.492,-11.879,0.000,1.485,0.012
52.63,-11.876,0.008,-1.492,-11.879,0.000,1.485,0.011
52.65,-11.876,0.008,-1.492,-11.879,0.000,1.485,0.011
52.67,-11.875,0.008,-1.492,-11.879,0.000,1.485,0.011
52.69,-11.875,0.008,-1.492,-11.879,0.000,1.485,0.011
52.71,-11.875,0.007,-1.492,-11.879,0.000,1.485,0.011
52.73,-11.875,0.007,-1.492,-11.879,0.000,1.485,0.011
52.75,-11.874,0.007,-1.491,-11.879,0.000,1.485,0.011
52.77,-11.874,0.007,-1.491,-11.879,0.000,1.485,0.011
52.79,-11.873,0.006,-1.491,-11.879,0.000,1.485,0.011
52.82,-11.873,0.006,-1.491,-11.879,0.000,1.485,0.011
52.84,-11.872,0.006,-1.491,-11.879,0.000,1.485,0.011
52.86,-11.872,0.006,-1.491,-11.879,0.000,1.485,0.011
52.88,-11.872,0.006,-1.491,-11.879,0.000,1.485,0.011
52.90,-11.872,0.006,-1.491,-11.879,0.000,1.485,0.011
52.92,-11.871,0.006,-1.491,-11.879,0.000,1.485,0.012
52.94,-11.871,0.006,-1.491,-11.879,0.000,1.485,0.012
52.96,-11.871,0.006,-1.491,-11.879,0.000,1.485,0.012
52.98,-11.871,0.006,-1.491,-11.879,0.000,1.485,0.012
53.00,-11.871,0.006,-1.491,-11.879,0.000,1.485,0.012
53.02,-11.871,0.006,-1.491,-11.879,0.000,1.485,0.012
53.04,-11.871,0.006,-1.491,-11.879,0.000,1.485,0.012
53.06,-11.870,0.006,-1.491,-11.879,0.000,1.485,0.012
53.09,-11.870,0.006,-1.491,-11.879,0.000,1.485,0.012
53.11,-11.870,0.006,-1.491,-11.879,0.000,1.485,0.013
53.13,-11.870,0.006,-1.491,-11.879,0.000,1.485,0.013
53.15,-11.870,0.006,-1.491,-11.879,0.000,1.485,0.013
53.17,-11.870,0.006,-1.491,-11.879,0.000,1.485,0.013
53.19,-11.870,0.007,-1.491,-11.879,0.000,1.485,0.013
53.21,-11.870,0.007,-1.491,-11.879,0.000,1.485,0.013
53.23,-11.870,0.007,-1.492,-11.879,0.000,1.485,0.014
53.25,-11.870,0.007,-1.492,-11.879,0.000,1.485,0.014
53.27,-11.870,0.008,-1.492,-11.879,0.000,1.485,0.014
53.29,-11.870,0.008,-1.492,-11.879,0.000,1.485,0.014
53.31,-11.870,0.008,-1.492,-11.879,0.000,1.485,0.014
53.34,-11.870,0.008,-1.492,-11.879,0.000,1.485,0.014
53.36,-11.870,0.008,-1.492,-11.879,0.000,1.485,0.014
53.38,-11.870,0.008,-1.492,-11.879,0.000,1.485,0.014
53.40,-11.870,0.008,-1.492,-11.879,0.000,1.485,0.014
53.42,-11.870,0.008,-1.492,-11.879,0.000,1.485,0.014
53.44,-11.870,0.008,-1.492,-11.879,0.000,1.485,0.014
53.46,-11.870,0.008,-1.492,-11.879,0.000,1.485,0.014
53.48,-11.870,0.008,-1.492,-11.879,0.000,1.485,0.014
53.50,-11.870,0.008,-1.492,-11.879,0.000,1.485,0.014
53.52,-11.870,0.008,-1.492,-11.879,0.000,1.485,0.014
53.54,-11.871,0.008,-1.492,-11.879,0.000,1.485,0.013
53.56,-11.871,0.008,-1.492,-11.879,0.000,1.485,0.013
53.59,-11.871,0.008,-1.492,-11.879,0.000,1.485,0.013
53.61,-11.871,0.008,-1.492,-11.879,0.000,1.485,0.013
53.63,-11.872,0.008,-1.492,-11.879,0.000,1.485,0.013
53.65,-11.872,0.008,-1.492,-11.879,0.000,1.485,0.013
53.67,-11.873,0.008,-1.493,-11.879,0.000,1.485,0.013
53.69,-11.873,0.008,-1.493,-11.879,0.000,1.485,0.013
53.71,-11.873,0.008,-1.493,-11.879,0.000,1.485,0.013
53.73,-11.873,0.008,-1.493,-11.879,0.000,1.485,0.013
53.75,-11.874,0.008,-1.494,-11.879,0.000,1.485,0.013
53.77,-11.874,0.008,-1.494,-11.879,0.000,1.485,0.013
53.79,-11.874,0.007,-1.494,-11.879,0.000,1.485,0.013
53.81,-11.874,0.007,-1.494,-11.879,0.000,1.485,0.013
53.84,-11.875,0.007,-1.494,-11.879,0.000,1.485,0.013
53.86,-11.875,0.007,-1.494,-11.879,0.000,1.485,0.013
53.88,-11.875,0.007,-1.494,-11.879,0.000,1.485,0.012
53.90,-11.875,0.007,-1.494,-11.879,0.000,1.485,0.012
53.92,-11.876,0.007,-1.494,-11.879,0.000,1.485,0.012
53.94,-11.876,0.007,-1.494,-11.879,0.000,1.485,0.012
53.96,-11.877,0.007,-1.494,-11.879,0.000,1.485,0.012
53.98,-11.877,0.007,-1.494,-11.879,0.000,1.485,0.012
54.00,-11.877,0.006,-1.494,-11.879,0.000,1.485,0.011
54.02,-11.877,0.006,-1.494,-11.879,0.000,1.485,0.011
54.04,-11.877,0.006,-1.494,-11.879,0.000,1.485,0.011
54.07,-11.879,0.006,-1.493,-11.879,0.000,1.485,0.010
54.09,-11.879,0.006,-1.493,-11.879,0.000,1.485,0.010
54.11,-11.880,0.005,-1.493,-11.879,0.000,1.485,0.010
54.13,-11.880,0.005,-1.493,-11.879,0.000,1.485,0.010
54.15,-11.881,0.004,-1.493,-11.879,0.000,1.485,0.009
54.17,-11.881,0.004,-1.493,-11.879,0.000,1.485,0.009
54.19,-11.882,0.004,-1.492,-11.879,0.000,1.485,0.009
54.21,-11.882,0.004,-1.492,-11.879,0.000,1.485,0.009
54.23,-11.883,0.003,-1.492,-11.879,0.000,1.485,0.009
54.25,-11.883,0.003,-1.492,-11.879,0.000,1.485,0.009
54.27,-11.884,0.002,-1.492,-11.879,0.000,1.485,0.009
54.29,-11.884,0.002,-1.492,-11.879,0.000,1.485,0.009
54.31,-11.885,0.001,-1.491,-11.879,0.000,1.485,0.009
54.34,-11.885,0.001,-1.491,-11.879,0.000,1.485,0.009
54.36,-11.886,0.001,-1.491,-11.879,0.000,1.485,0.009
54.38,-11.886,0.001,-1.491,-11.879,0.000,1.485,0.009
54.40,-11.887,-0.000,-1.490,-11.879,0.000,1.485,0.010
54.42,-11.887,-0.000,-1.490,-11.879,0.000,1.485,0.010
54.44,-11.888,-0.001,-1.490,-11.879,0.000,1.485,0.010
54.46,-11.888,-0.001,-1.490,-11.879,0.000,1.485,0.010
54.48,-11.888,-0.002,-1.489,-11.879,0.000,1.485,0.010
54.50,-11.888,-0.002,-1.489,-11.879,0.000,1.485,0.010
54.52,-11.888,-0.002,-1.489,-11.879,0.000,1.485,0.010
54.54,-11.890,-0.003,-1.488,-11.879,0.000,1.485,0.011
54.56,-11.890,-0.003,-1.488,-11.879,0.000,1.485,0.011
54.59,-11.890,-0.003,-1.487,-11.879,0.000,1.485,0.012
54.61,-11.890,-0.003,-1.487,-11.879,0.000,1.485,0.012
54.63,-11.891,-0.004,-1.486,-11.879,0.000,1.485,0.012
54.65,-11.891,-0.004,-1.486,-11.879,0.000,1.485,0.012
54.67,-11.891,-0.005,-1.486,-11.879,0.000,1.485,0.013
54.69,-11.891,-0.005,-1.486,-11.879,0.000,1.485,0.013
54.71,-11.891,-0.005,-1.485,-11.879,0.000,1.485,0.013
54.73,-11.891,-0.005,-1.485,-11.879,0.000,1.485,0.013
54.75,-11.892,-0.005,-1.484,-11.879,0.000,1.485,0.014
54.77,-11.892,-0.005,-1.484,-11.879,0.000,1.485,0.014
54.79,-11.892,-0.006,-1.484,-11.879,0.000,1.485,0.014
54.81,-11.892,-0.006,-1.484,-11.879,0.000,1.485,0.014
54.83,-11.892,-0.006,-1.483,-11.879,0.000,1.485,0.014
54.86,-11.892,-0.006,-1.483,-11.879,0.000,1.485,0.014
54.88,-11.892,-0.006,-1.483,-11.879,0.000,1.485,0.014
54.90,-11.892,-0.006,-1.483,-11.879,0.000,1.485,0.014
54.92,-11.892,-0.006,-1.483,-11.879,0.000,1.485,0.014
54.94,-11.892,-0.006,-1.483,-11.879,0.000,1.485,0.014
54.96,-11.891,-0.006,-1.482,-11.879,0.000,1.485,0.014
54.98,-11.891,-0.006,-1.482,-11.879,0.000,1.485,0.014
55.00,-11.891,-0.006,-1.482,-11.879,0.000,1.485,0.013
55.02,-11.891,-0.006,-1.482,-11.879,0.000,1.485,0.013
55.04,-11.891,-0.006,-1.482,-11.879,0.000,1.485,0.013
55.07,-11.890,-0.006,-1.482,-11.879,0.000,1.485,0.013
55.09,-11.890,-0.006,-1.482,-11.879,0.000,1.485,0.013
55.11,-11.889,-0.005,-1.482,-11.879,0.000,1.485,0.012
55.13,-11.889,-0.005,-1.482,-11.879,0.000,1.485,0.012
55.15,-11.889,-0.005,-1.482,-11.879,0.000,1.485,0.011
55.17,-11.889,-0.005,-1.482,-11.879,0.000,1.485,0.011
55.19,-11.888,-0.004,-1.481,-11.879,0.000,1.485,0.010
55.21,-11.888,-0.004,-1.481,-11.879,0.000,1.485,0.010
55.23,-11.887,-0.004,-1.481,-11.879,0.000,1.485,0.009
55.25,-11.887,-0.004,-1.481,-11.879,0.000,1.485,0.009
55.27,-11.886,-0.003,-1.481,-11.879,0.000,1.485,0.008
55.29,-11.886,-0.003,-1.481,-11.879,0.000,1.485,0.008
55.32,-11.885,-0.003,-1.481,-11.879,0.000,1.485,0.007
55.34,-11.885,-0.003,-1.481,-11.879,0.000,1.485,0.007
55.36,-11.884,-0.002,-1.481,-11.879,0.000,1.485,0.007
55.38,-11.884,-0.002,-1.481,-11.879,0.000,1.485,0.007
55.40,-11.883,-0.001,-1.481,-11.879,0.000,1.485,0.006
55.42,-11.883,-0.001,-1.481,-11.879,0.000,1.485,0.006
55.44,-11.883,-0.001,-1.481,-11.879,0.000,1.485,0.005
55.46,-11.883,-0.001,-1.481,-11.879,0.000,1.485,0.005
55.48,-11.882,-0.000,-1.481,-11.879,0.000,1.485,0.005
55.50,-11.882,-0.000,-1.481,-11.879,0.000,1.485,0.005
55.52,-11.882,-0.000,-1.481,-11.879,0.000,1.485,0.004
55.55,-11.882,-0.000,-1.481,-11.879,0.000,1.485,0.004
55.57,-11.882,-0.000,-1.481,-11.879,0.000,1.485,0.004
55.59,-11.881,0.000,-1.481,-11.879,0.000,1.485,0.004
55.61,-11.881,0.000,-1.481,-11.879,0.000,1.485,0.004
55.63,-11.881,0.000,-1.481,-11.879,0.000,1.485,0.004
55.65,-11.881,0.000,-1.481,-11.879,0.000,1.485,0.004
55.67,-11.880,0.001,-1.481,-11.879,0.000,1.485,0.004
55.69,-11.880,0.001,-1.481,-11.879,0.000,1.485,0.004
55.71,-11.880,0.001,-1.481,-11.879,0.000,1.485,0.004
55.73,-11.880,0.001,-1.481,-11.879,0.000,1.485,0.004
55.75,-11.879,0.002,-1.481,-11.879,0.000,1.485,0.004
55.77,-11.879,0.002,-1.481,-11.879,0.000,1.485,0.004
55.79,-11.879,0.002,-1.481,-11.879,0.000,1.485,0.005
55.82,-11.879,0.002,-1.481,-11.879,0.000,1.485,0.005
55.84,-11.878,0.003,-1.480,-11.879,0.000,1.485,0.005
55.86,-11.878,0.003,-1.480,-11.879,0.000,1.485,0.005
55.88,-11.877,0.004,-1.480,-11.879,0.000,1.485,0.006
55.90,-11.877,0.004,-1.480,-11.879,0.000,1.485,0.006
55.92,-11.876,0.005,-1.480,-11.879,0.000,1.485,0.007
55.94,-11.876,0.005,-1.480,-11.879,0.000,1.485,0.007
55.96,-11.875,0.005,-1.479,-11.879,0.000,1.485,0.008
55.98,-11.875,0.005,-1.479,-11.879,0.000,1.485,0.008
56.00,-11.874,0.006,-1.479,-11.879,0.000,1.485,0.010
56.02,-11.874,0.006,-1.479,-11.879,0.000,1.485,0.010
56.05,-11.874,0.006,-1.479,-11.879,0.000,1.485,0.010
56.07,-11.872,0.008,-1.479,-11.879,0.000,1.485,0.012
56.09,-11.872,0.008,-1.479,-11.879,0.000,1.485,0.012
56.11,-11.871,0.008,-1.479,-11.879,0.000,1.485,0.013
56.13,-11.871,0.008,-1.479,-11.879,0.000,1.485,0.013
56.15,-11.870,0.009,-1.479,-11.879,0.000,1.485,0.014
56.17,-11.870,0.009,-1.479,-11.879,0.000,1.485,0.014
56.19,-11.868,0.010,-1.479,-11.879,0.000,1.485,0.016
56.21,-11.868,0.010,-1.479,-11.879,0.000,1.485,0.016
56.23,-11.866,0.011,-1.479,-11.879,0.000,1.485,0.018
56.25,-11.866,0.011,-1.479,-11.879,0.000,1.485,0.018
56.27,-11.864,0.012,-1.479,-11.879,0.000,1.485,0.020
56.30,-11.864,0.012,-1.479,-11.879,0.000,1.485,0.020
56.32,-11.863,0.013,-1.479,-11.879,0.000,1.485,0.022
56.34,-11.863,0.013,-1.479,-11.879,0.000,1.485,0.022
56.36,-11.861,0.014,-1.479,-11.879,0.000,1.485,0.024
56.38,-11.861,0.014,-1.479,-11.879,0.000,1.485,0.024
56.40,-11.859,0.015,-1.479,-11.879,0.000,1.485,0.025
56.42,-11.859,0.015,-1.479,-11.879,0.000,1.485,0.025
56.44,-11.858,0.016,-1.479,-11.879,0.000,1.485,0.027
56.46,-11.858,0.016,-1.479,-11.879,0.000,1.485,0.027
56.48,-11.857,0.017,-1.479,-11.879,0.000,1.485,0.029
56.50,-11.857,0.017,-1.479,-11.879,0.000,1.485,0.029
56.52,-11.856,0.017,-1.479,-11.879,0.000,1.485,0.030
56.54,-11.856,0.017,-1.479,-11.879,0.000,1.485,0.030
56.56,-11.856,0.017,-1.479,-11.879,0.000,1.485,0.030
56.59,-11.854,0.018,-1.478,-11.879,0.000,1.485,0.031
56.61,-11.854,0.018,-1.478,-11.879,0.000,1.485,0.031
56.63,-11.854,0.019,-1.478,-11.879,0.000,1.485,0.032
56.65,-11.854,0.019,-1.478,-11.879,0.000,1.485,0.032
56.67,-11.854,0.019,-1.477,-11.879,0.000,1.485,0.032
56.69,-11.854,0.019,-1.477,-11.879,0.000,1.485,0.032
56.71,-11.854,0.020,-1.477,-11.879,0.000,1.485,0.033
56.73,-11.854,0.020,-1.477,-11.879,0.000,1.485,0.033
56.75,-11.855,0.020,-1.476,-11.879,0.000,1.485,0.033
56.77,-11.855,0.020,-1.476,-11.879,0.000,1.485,0.033
56.79,-11.855,0.021,-1.476,-11.879,0.000,1.485,0.033
56.82,-11.855,0.021,-1.476,-11.879,0.000,1.485,0.033
56.84,-11.856,0.021,-1.476,-11.879,0.000,1.485,0.032
56.86,-11.856,0.021,-1.476,-11.879,0.000,1.485,0.032
56.88,-11.857,0.021,-1.476,-11.879,0.000,1.485,0.032
56.90,-11.857,0.021,-1.476,-11.879,0.000,1.485,0.032
56.92,-11.858,0.021,-1.476,-11.879,0.000,1.485,0.031
56.94,-11.858,0.021,-1.476,-11.879,0.000,1.485,0.031
56.96,-11.860,0.021,-1.476,-11.879,0.000,1.485,0.030
56.98,-11.860,0.021,-1.476,-11.879,0.000,1.485,0.030
57.00,-11.861,0.021,-1.475,-11.879,0.000,1.485,0.029
57.02,-11.861,0.021,-1.475,-11.879,0.000,1.485,0.029
57.04,-11.861,0.021,-1.475,-11.879,0.000,1.485,0.029
57.07,-11.863,0.020,-1.475,-11.879,0.000,1.485,0.027
57.09,-11.863,0.020,-1.475,-11.879,0.000,1.485,0.027
57.11,-11.865,0.020,-1.475,-11.879,0.000,1.485,0.026
57.13,-11.865,0.020,-1.475,-11.879,0.000,1.485,0.026
57.15,-11.866,0.020,-1.475,-11.879,0.000,1.485,0.026
57.17,-11.866,0.020,-1.475,-11.879,0.000,1.485,0.026
57.19,-11.868,0.020,-1.475,-11.879,0.000,1.485,0.025
57.21,-11.868,0.020,-1.475,-11.879,0.000,1.485,0.025
57.23,-11.870,0.020,-1.474,-11.879,0.000,1.485,0.024
57.25,-11.870,0.020,-1.474,-11.879,0.000,1.485,0.024
57.27,-11.872,0.020,-1.474,-11.879,0.000,1.485,0.023
57.29,-11.872,0.020,-1.474,-11.879,0.000,1.485,0.023
57.31,-11.873,0.020,-1.474,-11.879,0.000,1.485,0.023
57.34,-11.873,0.020,-1.474,-11.879,0.000,1.485,0.023
57.36,-11.875,0.020,-1.474,-11.879,0.000,1.485,0.023
57.38,-11.875,0.020,-1.474,-11.879,0.000,1.485,0.023
57.40,-11.876,0.020,-1.473,-11.879,0.000,1.485,0.023
57.42,-11.876,0.020,-1.473,-11.879,0.000,1.485,0.023
57.44,-11.878,0.019,-1.473,-11.879,0.000,1.485,0.022
57.46,-11.878,0.019,-1.473,-11.879,0.000,1.485,0.022
57.48,-11.879,0.019,-1.473,-11.879,0.000,1.485,0.022
57.50,-11.879,0.019,-1.473,-11.879,0.000,1.485,0.022
57.52,-11.880,0.019,-1.473,-11.879,0.000,1.485,0.022
57.54,-11.880,0.019,-1.473,-11.879,0.000,1.485,0.022
57.56,-11.880,0.019,-1.473,-11.879,0.000,1.485,0.022
57.59,-11.881,0.018,-1.474,-11.879,0.000,1.485,0.021
57.61,-11.881,0.018,-1.474,-11.879,0.000,1.485,0.021
57.63,-11.882,0.018,-1.474,-11.879,0.000,1.485,0.021
57.65,-11.882,0.018,-1.474,-11.879,0.000,1.485,0.021
57.67,-11.883,0.017,-1.474,-11.879,0.000,1.485,0.020
57.69,-11.883,0.017,-1.474,-11.879,0.000,1.485,0.020
57.71,-11.883,0.017,-1.475,-11.879,0.000,1.485,0.020
57.73,-11.883,0.017,-1.475,-11.879,0.000,1.485,0.020
57.75,-11.883,0.017,-1.475,-11.879,0.000,1.485,0.019
57.77,-11.883,0.017,-1.475,-11.879,0.000,1.485,0.019
57.79,-11.884,0.016,-1.476,-11.879,0.000,1.485,0.019
57.81,-11.884,0.016,-1.476,-11.879,0.000,1.485,0.019
57.83,-11.884,0.016,-1.477,-11.879,0.000,1.485,0.018
57.86,-11.884,0.016,-1.477,-11.879,0.000,1.485,0.018
57.88,-11.884,0.015,-1.477,-11.879,0.000,1.485,0.018
57.90,-11.884,0.015,-1.477,-11.879,0.000,1.485,0.018
57.92,-11.884,0.015,-1.478,-11.879,0.000,1.485,0.017
57.94,-11.884,0.015,-1.478,-11.879,0.000,1.485,0.017
57.96,-11.884,0.015,-1.478,-11.879,0.000,1.485,0.017
57.98,-11.884,0.015,-1.478,-11.879,0.000,1.485,0.017
58.00,-11.885,0.014,-1.479,-11.879,0.000,1.485,0.016
58.02,-11.885,0.014,-1.479,-11.879,0.000,1.485,0.016
58.04,-11.885,0.014,-1.479,-11.879,0.000,1.485,0.016
58.06,-11.885,0.014,-1.479,-11.879,0.000,1.485,0.016
58.08,-11.885,0.014,-1.479,-11.879,0.000,1.485,0.016
58.10,-11.886,0.013,-1.480,-11.879,0.000,1.485,0.015
58.13,-11.886,0.013,-1.480,-11.879,0.000,1.485,0.015
58.15,-11.886,0.013,-1.481,-11.879,0.000,1.485,0.015
58.17,-11.886,0.013,-1.481,-11.879,0.000,1.485,0.015
58.19,-11.887,0.012,-1.481,-11.879,0.000,1.485,0.015
58.21,-11.887,0.012,-1.481,-11.879,0.000,1.485,0.015
58.23,-11.887,0.011,-1.481,-11.879,0.000,1.485,0.014
58.25,-11.887,0.011,-1.481,-11.879,0.000,1.485,0.014
58.27,-11.888,0.011,-1.482,-11.879,0.000,1.485,0.014
58.29,-11.888,0.011,-1.482,-11.879,0.000,1.485,0.014
58.31,-11.889,0.010,-1.482,-11.879,0.000,1.485,0.014
58.33,-11.889,0.010,-1.482,-11.879,0.000,1.485,0.014
58.35,-11.889,0.009,-1.482,-11.879,0.000,1.485,0.014
58.37,-11.889,0.009,-1.482,-11.879,0.000,1.485,0.014
58.40,-11.890,0.008,-1.482,-11.879,0.000,1.485,0.014
58.42,-11.890,0.008,-1.482,-11.879,0.000,1.485,0.014
58.44,-11.890,0.007,-1.482,-11.879,0.000,1.485,0.013
58.46,-11.890,0.007,-1.482,-11.879,0.000,1.485,0.013
58.48,-11.890,0.006,-1.482,-11.879,0.000,1.485,0.013
58.50,-11.890,0.006,-1.482,-11.879,0.000,1.485,0.013
58.52,-11.891,0.005,-1.482,-11.879,0.000,1.485,0.013
58.54,-11.891,0.005,-1.482,-11.879,0.000,1.485,0.013
58.56,-11.891,0.005,-1.482,-11.879,0.000,1.485,0.013
58.58,-11.891,0.003,-1.482,-11.879,0.000,1.485,0.013
58.60,-11.891,0.003,-1.482,-11.879,0.000,1.485,0.013
58.62,-11.891,0.002,-1.483,-11.879,0.000,1.485,0.013
58.65,-11.891,0.002,-1.483,-11.879,0.000,1.485,0.013
58.67,-11.892,0.001,-1.483,-11.879,0.000,1.485,0.013
58.69,-11.892,0.001,-1.483,-11.879,0.000,1.485,0.013
58.71,-11.892,-0.000,-1.482,-11.879,0.000,1.485,0.013
58.73,-11.892,-0.000,-1.482,-11.879,0.000,1.485,0.013
58.75,-11.893,-0.001,-1.482,-11.879,0.000,1.485,0.014
58.77,-11.893,-0.001,-1.482,-11.879,0.000,1.485,0.014
58.79,-11.893,-0.001,-1.482,-11.879,0.000,1.485,0.014
58.81,-11.893,-0.001,-1.482,-11.879,0.000,1.485,0.014
58.83,-11.893,-0.002,-1.481,-11.879,0.000,1.485,0.015
58.85,-11.893,-0.002,-1.481,-11.879,0.000,1.485,0.015
58.87,-11.894,-0.003,-1.481,-11.879,0.000,1.485,0.015
58.90,-11.894,-0.003,-1.481,-11.879,0.000,1.485,0.015
58.92,-11.894,-0.003,-1.480,-11.879,0.000,1.485,0.016
58.94,-11.894,-0.003,-1.480,-11.879,0.000,1.485,0.016
58.96,-11.894,-0.003,-1.479,-11.879,0.000,1.485,0.016
58.98,-11.894,-0.003,-1.479,-11.879,0.000,1.485,0.016
59.00,-11.894,-0.003,-1.478,-11.879,0.000,1.485,0.016
59.02,-11.894,-0.003,-1.478,-11.879,0.000,1.485,0.016
59.04,-11.894,-0.003,-1.477,-11.879,0.000,1.485,0.017
59.06,-11.894,-0.003,-1.477,-11.879,0.000,1.485,0.017
59.08,-11.894,-0.003,-1.477,-11.879,0.000,1.485,0.017
59.10,-11.893,-0.002,-1.476,-11.879,0.000,1.485,0.017
59.12,-11.893,-0.002,-1.476,-11.879,0.000,1.485,0.017
59.15,-11.893,-0.002,-1.475,-11.879,0.000,1.485,0.017
59.17,-11.893,-0.002,-1.475,-11.879,0.000,1.485,0.017
59.19,-11.893,-0.001,-1.474,-11.879,0.000,1.485,0.018
59.21,-11.893,-0.001,-1.474,-11.879,0.000,1.485,0.018
59.23,-11.893,-0.001,-1.473,-11.879,0.000,1.485,0.018
59.25,-11.893,-0.001,-1.473,-11.879,0.000,1.485,0.018
59.27,-11.893,-0.000,-1.472,-11.879,0.000,1.485,0.019
59.29,-11.893,-0.000,-1.472,-11.879,0.000,1.485,0.019
59.31,-11.893,0.000,-1.471,-11.879,0.000,1.485,0.020
59.33,-11.893,0.000,-1.471,-11.879,0.000,1.485,0.020
59.35,-11.894,0.001,-1.470,-11.879,0.000,1.485,0.021
59.37,-11.894,0.001,-1.470,-11.879,0.000,1.485,0.021
59.40,-11.894,0.002,-1.470,-11.879,0.000,1.485,0.021
59.42,-11.894,0.002,-1.470,-11.879,0.000,1.485,0.021
59.44,-11.895,0.003,-1.469,-11.879,0.000,1.485,0.022
59.46,-11.895,0.003,-1.469,-11.879,0.000,1.485,0.022
59.48,-11.895,0.004,-1.469,-11.879,0.000,1.485,0.023
59.50,-11.895,0.004,-1.469,-11.879,0.000,1.485,0.023
59.52,-11.896,0.005,-1.469,-11.879,0.000,1.485,0.023
59.54,-11.896,0.005,-1.469,-11.879,0.000,1.485,0.023
59.56,-11.896,0.005,-1.469,-11.879,0.000,1.485,0.023
59.58,-11.896,0.006,-1.469,-11.879,0.000,1.485,0.024
59.60,-11.896,0.006,-1.469,-11.879,0.000,1.485,0.024
59.62,-11.897,0.007,-1.469,-11.879,0.000,1.485,0.025
59.65,-11.897,0.007,-1.469,-11.879,0.000,1.485,0.025
59.67,-11.897,0.008,-1.469,-11.879,0.000,1.485,0.025
59.69,-11.897,0.008,-1.469,-11.879,0.000,1.485,0.025
59.71,-11.897,0.009,-1.469,-11.879,0.000,1.485,0.026
59.73,-11.897,0.009,-1.469,-11.879,0.000,1.485,0.026
59.75,-11.898,0.010,-1.469,-11.879,0.000,1.485,0.026
59.77,-11.898,0.010,-1.469,-11.879,0.000,1.485,0.026
59.79,-11.898,0.010,-1.469,-11.879,0.000,1.485,0.026
59.81,-11.898,0.010,-1.469,-11.879,0.000,1.485,0.026
59.83,-11.898,0.011,-1.469,-11.879,0.000,1.485,0.026
59.85,-11.898,0.011,-1.469,-11.879,0.000,1.485,0.026
59.87,-11.898,0.011,-1.470,-11.879,0.000,1.485,0.026
59.89,-11.898,0.011,-1.470,-11.879,0.000,1.485,0.026
59.92,-11.897,0.011,-1.470,-11.879,0.000,1.485,0.026
59.94,-11.897,0.011,-1.470,-11.879,0.000,1.485,0.026
59.96,-11.897,0.011,-1.470,-11.879,0.000,1.485,0.026
59.98,-11.897,0.011,-1.470,-11.879,0.000,1.485,0.026
60.00,-11.897,0.011,-1.470,-11.879,0.000,1.485,0.026
60.02,-11.897,0.011,-1.470,-11.879,0.000,1.485,0.026
60.04,-11.897,0.011,-1.470,-11.879,0.000,1.485,0.025
60.06,-11.897,0.011,-1.470,-11.879,0.000,1.485,0.025
60.08,-11.897,0.011,-1.470,-11.879,0.000,1.485,0.025
60.10,-11.896,0.011,-1.471,-11.879,0.000,1.485,0.024
60.12,-11.896,0.011,-1.471,-11.879,0.000,1.485,0.024
60.14,-11.895,0.011,-1.471,-11.879,0.000,1.485,0.024
60.17,-11.895,0.011,-1.471,-11.879,0.000,1.485,0.024
60.19,-11.894,0.010,-1.471,-11.879,0.000,1.485,0.023
60.21,-11.894,0.010,-1.471,-11.879,0.000,1.485,0.023
60.23,-11.894,0.010,-1.471,-11.879,0.000,1.485,0.022
60.25,-11.894,0.010,-1.471,-11.879,0.000,1.485,0.022
60.27,-11.893,0.010,-1.472,-11.879,0.000,1.485,0.021
60.29,-11.893,0.010,-1.472,-11.879,0.000,1.485,0.021
60.31,-11.892,0.010,-1.472,-11.879,0.000,1.485,0.020
60.33,-11.892,0.010,-1.472,-11.879,0.000,1.485,0.020
60.35,-11.892,0.010,-1.473,-11.879,0.000,1.485,0.020
60.37,-11.892,0.010,-1.473,-11.879,0.000,1.485,0.020
60.40,-11.891,0.010,-1.473,-11.879,0.000,1.485,0.020
60.42,-11.891,0.010,-1.473,-11.879,0.000,1.485,0.020
60.44,-11.891,0.010,-1.474,-11.879,0.000,1.485,0.019
60.46,-11.891,0.010,-1.474,-11.879,0.000,1.485,0.019
60.48,-11.891,0.011,-1.474,-11.879,0.000,1.485,0.019
60.50,-11.891,0.011,-1.474,-11.879,0.000,1.485,0.019
60.52,-11.891,0.012,-1.475,-11.879,0.000,1.485,0.019
60.54,-11.891,0.012,-1.475,-11.879,0.000,1.485,0.019
60.56,-11.890,0.012,-1.476,-11.879,0.000,1.485,0.019
60.58,-11.890,0.012,-1.476,-11.879,0.000,1.485,0.019
60.60,-11.890,0.012,-1.476,-11.879,0.000,1.485,0.019
60.62,-11.890,0.013,-1.477,-11.879,0.000,1.485,0.019
60.65,-11.890,0.013,-1.477,-11.879,0.000,1.485,0.019
60.67,-11.890,0.014,-1.478,-11.879,0.000,1.485,0.019
60.69,-11.890,0.014,-1.478,-11.879,0.000,1.485,0.019
60.71,-11.890,0.014,-1.479,-11.879,0.000,1.485,0.019
60.73,-11.890,0.014,-1.479,-11.879,0.000,1.485,0.019
60.75,-11.890,0.015,-1.480,-11.879,0.000,1.485,0.019
60.77,-11.890,0.015,-1.480,-11.879,0.000,1.485,0.019
60.79,-11.890,0.015,-1.481,-11.879,0.000,1.485,0.019
60.81,-11.890,0.015,-1.481,-11.879,0.000,1.485,0.019
60.83,-11.890,0.016,-1.482,-11.879,0.000,1.485,0.019
60.85,-11.890,0.016,-1.482,-11.879,0.000,1.485,0.019
60.87,-11.890,0.016,-1.483,-11.879,0.000,1.485,0.020
60.89,-11.890,0.016,-1.483,-11.879,0.000,1.485,0.020
60.92,-11.891,0.016,-1.483,-11.879,0.000,1.485,0.020
60.94,-11.891,0.016,-1.483,-11.879,0.000,1.485,0.020
60.96,-11.891,0.016,-1.484,-11.879,0.000,1.485,0.020
60.98,-11.891,0.016,-1.484,-11.879,0.000,1.485,0.020
61.00,-11.891,0.016,-1.484,-11.879,0.000,1.485,0.020
61.02,-11.891,0.016,-1.484,-11.879,0.000,1.485,0.020
61.04,-11.892,0.016,-1.484,-11.879,0.000,1.485,0.020
61.06,-11.892,0.016,-1.484,-11.879,0.000,1.485,0.020
61.08,-11.892,0.016,-1.484,-11.879,0.000,1.485,0.020
61.10,-11.892,0.016,-1.485,-11.879,0.000,1.485,0.020
61.12,-11.892,0.016,-1.485,-11.879,0.000,1.485,0.020
61.14,-11.892,0.015,-1.485,-11.879,0.000,1.485,0.020
61.16,-11.892,0.015,-1.485,-11.879,0.000,1.485,0.020
61.19,-11.892,0.015,-1.485,-11.879,0.000,1.485,0.020
61.21,-11.892,0.015,-1.485,-11.879,0.000,1.485,0.020
61.23,-11.892,0.015,-1.486,-11.879,0.000,1.485,0.020
61.25,-11.892,0.015,-1.486,-11.879,0.000,1.485,0.020
61.27,-11.892,0.015,-1.486,-11.879,0.000,1.485,0.019
61.29,-11.892,0.015,-1.486,-11.879,0.000,1.485,0.019
61.31,-11.891,0.015,-1.487,-11.879,0.000,1.485,0.019
61.33,-11.891,0.015,-1.487,-11.879,0.000,1.485,0.019
61.35,-11.890,0.014,-1.487,-11.879,0.000,1.485,0.018
61.37,-11.890,0.014,-1.487,-11.879,0.000,1.485,0.018
61.39,-11.890,0.014,-1.488,-11.879,0.000,1.485,0.018
61.41,-11.890,0.014,-1.488,-11.879,0.000,1.485,0.018
61.43,-11.889,0.013,-1.488,-11.879,0.000,1.485,0.017
61.46,-11.889,0.013,-1.488,-11.879,0.000,1.485,0.017
61.48,-11.888,0.013,-1.489,-11.879,0.000,1.485,0.016
61.50,-11.888,0.013,-1.489,-11.879,0.000,1.485,0.016
61.52,-11.888,0.013,-1.489,-11.879,0.000,1.485,0.016
61.54,-11.888,0.013,-1.489,-11.879,0.000,1.485,0.016
61.56,-11.887,0.012,-1.489,-11.879,0.000,1.485,0.015
61.58,-11.887,0.012,-1.489,-11.879,0.000,1.485,0.015
61.60,-11.887,0.012,-1.489,-11.879,0.000,1.485,0.015
61.62,-11.886,0.012,-1.490,-11.879,0.000,1.485,0.015
61.64,-11.886,0.012,-1.490,-11.879,0.000,1.485,0.015
61.66,-11.886,0.012,-1.491,-11.879,0.000,1.485,0.015
61.68,-11.886,0.012,-1.491,-11.879,0.000,1.485,0.015
61.71,-11.885,0.012,-1.491,-11.879,0.000,1.485,0.014
61.73,-11.885,0.012,-1.491,-11.879,0.000,1.485,0.014
61.75,-11.885,0.012,-1.491,-11.879,0.000,1.485,0.014
61.77,-11.885,0.012,-1.491,-11.879,0.000,1.485,0.014
61.79,-11.884,0.012,-1.491,-11.879,0.000,1.485,0.014
61.81,-11.884,0.012,-1.491,-11.879,0.000,1.485,0.014
61.83,-11.883,0.012,-1.491,-11.879,0.000,1.485,0.014
61.85,-11.883,0.012,-1.491,-11.879,0.000,1.485,0.014
61.87,-11.882,0.012,-1.491,-11.879,0.000,1.485,0.014
61.89,-11.882,0.012,-1.491,-11.879,0.000,1.485,0.014
61.91,-11.882,0.012,-1.491,-11.879,0.000,1.485,0.014
61.93,-11.882,0.012,-1.491,-11.879,0.000,1.485,0.014
61.96,-11.881,0.013,-1.491,-11.879,0.000,1.485,0.014
61.98,-11.881,0.013,-1.491,-11.879,0.000,1.485,0.014
62.00,-11.880,0.013,-1.491,-11.879,0.000,1.485,0.014
62.02,-11.880,0.013,-1.491,-11.879,0.000,1.485,0.014
62.04,-11.879,0.014,-1.491,-11.879,0.000,1.485,0.015
62.06,-11.879,0.014,-1.491,-11.879,0.000,1.485,0.015
62.08,-11.879,0.014,-1.491,-11.879,0.000,1.485,0.015
62.10,-11.879,0.014,-1.491,-11.879,0.000,1.485,0.015
62.12,-11.879,0.014,-1.491,-11.879,0.000,1.485,0.015
62.14,-11.878,0.015,-1.491,-11.879,0.000,1.485,0.016
62.16,-11.878,0.015,-1.491,-11.879,0.000,1.485,0.016
62.19,-11.877,0.015,-1.492,-11.879,0.000,1.485,0.016
62.21,-11.877,0.015,-1.492,-11.879,0.000,1.485,0.016
62.23,-11.877,0.015,-1.492,-11.879,0.000,1.485,0.017
62.25,-11.877,0.015,-1.492,-11.879,0.000,1.485,0.017
62.27,-11.876,0.015,-1.492,-11.879,0.000,1.485,0.017
62.29,-11.876,0.015,-1.492,-11.879,0.000,1.485,0.017
62.31,-11.875,0.015,-1.493,-11.879,0.000,1.485,0.017
62.33,-11.875,0.015,-1.493,-11.879,0.000,1.485,0.017
62.35,-11.875,0.015,-1.493,-11.879,0.000,1.485,0.018
62.37,-11.875,0.015,-1.493,-11.879,0.000,1.485,0.018
62.39,-11.874,0.015,-1.494,-11.879,0.000,1.485,0.018
62.41,-11.874,0.015,-1.494,-11.879,0.000,1.485,0.018
62.44,-11.873,0.015,-1.494,-11.879,0.000,1.485,0.019
62.46,-11.873,0.015,-1.494,-11.879,0.000,1.485,0.019
62.48,-11.873,0.016,-1.494,-11.879,0.000,1.485,0.019
62.50,-11.873,0.016,-1.494,-11.879,0.000,1.485,0.019
62.52,-11.872,0.016,-1.494,-11.879,0.000,1.485,0.020
62.54,-11.872,0.016,-1.494,-11.879,0.000,1.485,0.020
62.56,-11.872,0.017,-1.494,-11.879,0.000,1.485,0.020
62.58,-11.872,0.017,-1.494,-11.879,0.000,1.485,0.020
62.60,-11.872,0.017,-1.494,-11.879,0.000,1.485,0.020
62.62,-11.871,0.017,-1.495,-11.879,0.000,1.485,0.021
62.64,-11.871,0.017,-1.495,-11.879,0.000,1.485,0.021
62.66,-11.870,0.018,-1.495,-11.879,0.000,1.485,0.022
62.68,-11.870,0.018,-1.495,-11.879,0.000,1.485,0.022
62.71,-11.870,0.018,-1.495,-11.879,0.000,1.485,0.023
62.73,-11.870,0.018,-1.495,-11.879,0.000,1.485,0.023
62.75,-11.870,0.019,-1.495,-11.879,0.000,1.485,0.023
62.77,-11.870,0.019,-1.495,-11.879,0.000,1.485,0.023
62.79,-11.869,0.019,-1.495,-11.879,0.000,1.485,0.023
62.81,-11.869,0.019,-1.495,-11.879,0.000,1.485,0.023
62.83,-11.869,0.019,-1.495,-11.879,0.000,1.485,0.023
62.85,-11.869,0.019,-1.495,-11.879,0.000,1.485,0.023
62.87,-11.869,0.019,-1.494,-11.879,0.000,1.485,0.023
62.89,-11.869,0.019,-1.494,-11.879,0.000,1.485,0.023
62.91,-11.869,0.018,-1.494,-11.879,0.000,1.485,0.023
62.93,-11.869,0.018,-1.494,-11.879,0.000,1.485,0.023
62.95,-11.869,0.018,-1.494,-11.879,0.000,1.485,0.022
62.97,-11.869,0.018,-1.494,-11.879,0.000,1.485,0.022
63.00,-11.869,0.017,-1.494,-11.879,0.000,1.485,0.022
63.02,-11.869,0.017,-1.494,-11.879,0.000,1.485,0.022
63.04,-11.869,0.016,-1.494,-11.879,0.000,1.485,0.021
63.06,-11.869,0.016,-1.494,-11.879,0.000,1.485,0.021
63.08,-11.870,0.015,-1.494,-11.879,0.000,1.485,0.020
63.10,-11.870,0.015,-1.494,-11.879,0.000,1.485,0.020
63.12,-11.870,0.015,-1.494,-11.879,0.000,1.485,0.020
63.14,-11.870,0.014,-1.494,-11.879,0.000,1.485,0.019
63.16,-11.870,0.014,-1.494,-11.879,0.000,1.485,0.019
63.18,-11.870,0.013,-1.493,-11.879,0.000,1.485,0.018
63.20,-11.870,0.013,-1.493,-11.879,0.000,1.485,0.018
63.22,-11.871,0.012,-1.493,-11.879,0.000,1.485,0.017
63.25,-11.871,0.012,-1.493,-11.879,0.000,1.485,0.017
63.27,-11.872,0.012,-1.493,-11.879,0.000,1.485,0.016
63.29,-11.872,0.012,-1.493,-11.879,0.000,1.485,0.016
63.31,-11.872,0.011,-1.493,-11.879,0.000,1.485,0.015
63.33,-11.872,0.011,-1.493,-11.879,0.000,1.485,0.015
63.35,-11.873,0.011,-1.492,-11.879,0.000,1.485,0.014
63.37,-11.873,0.011,-1.492,-11.879,0.000,1.485,0.014
63.39,-11.874,0.010,-1.492,-11.879,0.000,1.485,0.013
63.41,-11.874,0.010,-1.492,-11.879,0.000,1.485,0.013
63.43,-11.875,0.010,-1.492,-11.879,0.000,1.485,0.012
63.45,-11.875,0.010,-1.492,-11.879,0.000,1.485,0.012
63.48,-11.876,0.009,-1.491,-11.879,0.000,1.485,0.011
63.50,-11.876,0.009,-1.491,-11.879,0.000,1.485,0.011
63.52,-11.878,0.009,-1.491,-11.879,0.000,1.485,0.011
63.54,-11.878,0.009,-1.491,-11.879,0.000,1.485,0.011
63.56,-11.878,0.009,-1.490,-11.879,0.000,1.485,0.010
63.58,-11.878,0.009,-1.490,-11.879,0.000,1.485,0.010
63.60,-11.878,0.009,-1.490,-11.879,0.000,1.485,0.010
63.62,-11.880,0.008,-1.489,-11.879,0.000,1.485,0.009
63.64,-11.880,0.008,-1.489,-11.879,0.000,1.485,0.009
63.66,-11.880,0.008,-1.489,-11.879,0.000,1.485,0.009
63.68,-11.880,0.008,-1.489,-11.879,0.000,1.485,0.009
63.70,-11.881,0.007,-1.488,-11.879,0.000,1.485,0.008
63.72,-11.881,0.007,-1.488,-11.879,0.000,1.485,0.008
63.75,-11.881,0.007,-1.487,-11.879,0.000,1.485,0.008
63.77,-11.881,0.007,-1.487,-11.879,0.000,1.485,0.008
63.79,-11.882,0.007,-1.487,-11.879,0.000,1.485,0.008
63.81,-11.882,0.007,-1.487,-11.879,0.000,1.485,0.008
63.83,-11.882,0.007,-1.486,-11.879,0.000,1.485,0.008
63.85,-11.882,0.007,-1.486,-11.879,0.000,1.485,0.008
63.87,-11.882,0.007,-1.486,-11.879,0.000,1.485,0.008
63.89,-11.882,0.007,-1.486,-11.879,0.000,1.485,0.008
63.91,-11.882,0.008,-1.485,-11.879,0.000,1.485,0.008
63.93,-11.882,0.008,-1.485,-11.879,0.000,1.485,0.008
63.95,-11.882,0.008,-1.485,-11.879,0.000,1.485,0.008
63.97,-11.882,0.008,-1.485,-11.879,0.000,1.485,0.008
63.99,-11.883,0.008,-1.484,-11.879,0.000,1.485,0.009
64.02,-11.883,0.008,-1.484,-11.879,0.000,1.485,0.009
64.04,-11.883,0.008,-1.484,-11.879,0.000,1.485,0.009
64.06,-11.883,0.008,-1.484,-11.879,0.000,1.485,0.009
64.08,-11.883,0.009,-1.484,-11.879,0.000,1.485,0.009
64.10,-11.883,0.009,-1.484,-11.879,0.000,1.485,0.009
64.12,-11.883,0.009,-1.484,-11.879,0.000,1.485,0.009
64.14,-11.883,0.009,-1.483,-11.879,0.000,1.485,0.010
64.16,-11.883,0.009,-1.483,-11.879,0.000,1.485,0.010
64.18,-11.883,0.009,-1.482,-11.879,0.000,1.485,0.010
64.20,-11.883,0.009,-1.482,-11.879,0.000,1.485,0.010
64.22,-11.883,0.010,-1.482,-11.879,0.000,1.485,0.011
64.24,-11.883,0.010,-1.482,-11.879,0.000,1.485,0.011
64.26,-11.884,0.010,-1.481,-11.879,0.000,1.485,0.012
64.29,-11.884,0.010,-1.481,-11.879,0.000,1.485,0.012
64.31,-11.884,0.010,-1.480,-11.879,0.000,1.485,0.012
64.33,-11.884,0.010,-1.480,-11.879,0.000,1.485,0.012
64.35,-11.884,0.011,-1.479,-11.879,0.000,1.485,0.012
64.37,-11.884,0.011,-1.479,-11.879,0.000,1.485,0.012
64.39,-11.883,0.011,-1.479,-11.879,0.000,1.485,0.013
64.41,-11.883,0.011,-1.479,-11.879,0.000,1.485,0.013
64.43,-11.883,0.011,-1.478,-11.879,0.000,1.485,0.013
64.45,-11.883,0.011,-1.478,-11.879,0.000,1.485,0.013
64.47,-11.883,0.011,-1.476,-11.879,0.000,1.485,0.014
64.49,-11.883,0.011,-1.476,-11.879,0.000,1.485,0.014
64.51,-11.883,0.011,-1.475,-11.879,0.000,1.485,0.015
64.54,-11.883,0.011,-1.475,-11.879,0.000,1.485,0.015
64.56,-11.883,0.011,-1.474,-11.879,0.000,1.485,0.016
64.58,-11.883,0.011,-1.474,-11.879,0.000,1.485,0.016
64.60,-11.883,0.011,-1.473,-11.879,0.000,1.485,0.017
64.62,-11.883,0.011,-1.473,-11.879,0.000,1.485,0.017
64.64,-11.883,0.011,-1.473,-11.879,0.000,1.485,0.017
64.66,-11.884,0.011,-1.471,-11.879,0.000,1.485,0.018
64.68,-11.884,0.011,-1.471,-11.879,0.000,1.485,0.018
64.70,-11.884,0.011,-1.470,-11.879,0.000,1.485,0.019
64.72,-11.884,0.011,-1.470,-11.879,0.000,1.485,0.019
64.74,-11.884,0.012,-1.469,-11.879,0.000,1.485,0.020
64.76,-11.884,0.012,-1.469,-11.879,0.000,1.485,0.020
64.78,-11.885,0.012,-1.468,-11.879,0.000,1.485,0.021
64.81,-11.885,0.012,-1.468,-11.879,0.000,1.485,0.021
64.83,-11.885,0.013,-1.468,-11.879,0.000,1.485,0.022
64.85,-11.885,0.013,-1.468,-11.879,0.000,1.485,0.022
64.87,-11.885,0.014,-1.467,-11.879,0.000,1.485,0.023
64.89,-11.885,0.014,-1.467,-11.879,0.000,1.485,0.023
64.91,-11.886,0.015,-1.466,-11.879,0.000,1.485,0.024
64.93,-11.886,0.015,-1.466,-11.879,0.000,1.485,0.024
64.95,-11.886,0.015,-1.466,-11.879,0.000,1.485,0.025
64.97,-11.886,0.015,-1.466,-11.879,0.000,1.485,0.025
64.99,-11.887,0.017,-1.466,-11.879,0.000,1.485,0.027
65.01,-11.887,0.017,-1.466,-11.879,0.000,1.485,0.027
65.03,-11.888,0.018,-1.465,-11.879,0.000,1.485,0.028
65.05,-11.888,0.018,-1.465,-11.879,0.000,1.485,0.028
65.08,-11.889,0.018,-1.465,-11.879,0.000,1.485,0.028
65.10,-11.889,0.018,-1.465,-11.879,0.000,1.485,0.028
65.12,-11.889,0.018,-1.465,-11.879,0.000,1.485,0.028
65.14,-11.890,0.019,-1.465,-11.879,0.000,1.485,0.029
65.16,-11.890,0.019,-1.465,-11.879,0.000,1.485,0.029
65.18,-11.890,0.020,-1.465,-11.879,0.000,1.485,0.030
65.20,-11.890,0.020,-1.465,-11.879,0.000,1.485,0.030
65.22,-11.891,0.021,-1.465,-11.879,0.000,1.485,0.030
65.24,-11.891,0.021,-1.465,-11.879,0.000,1.485,0.030
65.26,-11.890,0.021,-1.465,-11.879,0.000,1.485,0.031
65.28,-11.890,0.021,-1.465,-11.879,0.000,1.485,0.031
65.31,-11.890,0.022,-1.466,-11.879,0.000,1.485,0.031
65.33,-11.890,0.022,-1.466,-11.879,0.000,1.485,0.031
65.35,-11.889,0.022,-1.466,-11.879,0.000,1.485,0.031
65.37,-11.889,0.022,-1.466,-11.879,0.000,1.485,0.031
65.39,-11.889,0.022,-1.466,-11.879,0.000,1.485,0.030
65.41,-11.889,0.022,-1.466,-11.879,0.000,1.485,0.030
65.43,-11.888,0.022,-1.466,-11.879,0.000,1.485,0.030
65.45,-11.888,0.022,-1.466,-11.879,0.000,1.485,0.030
65.47,-11.887,0.022,-1.467,-11.879,0.000,1.485,0.029
65.49,-11.887,0.022,-1.467,-11.879,0.000,1.485,0.029
65.51,-11.886,0.022,-1.467,-11.879,0.000,1.485,0.029
65.53,-11.886,0.022,-1.467,-11.879,0.000,1.485,0.029
65.56,-11.885,0.022,-1.468,-11.879,0.000,1.485,0.028
65.58,-11.885,0.022,-1.468,-11.879,0.000,1.485,0.028
65.60,-11.884,0.022,-1.468,-11.879,0.000,1.485,0.028
65.62,-11.884,0.022,-1.468,-11.879,0.000,1.485,0.028
65.64,-11.884,0.022,-1.468,-11.879,0.000,1.485,0.028
65.66,-11.883,0.021,-1.469,-11.879,0.000,1.485,0.027
65.68,-11.883,0.021,-1.469,-11.879,0.000,1.485,0.027
65.70,-11.882,0.021,-1.469,-11.879,0.000,1.485,0.026
65.72,-11.882,0.021,-1.469,-11.879,0.000,1.485,0.026
65.74,-11.881,0.020,-1.469,-11.879,0.000,1.485,0.025
65.76,-11.881,0.020,-1.469,-11.879,0.000,1.485,0.025
65.78,-11.880,0.020,-1.470,-11.879,0.000,1.485,0.025
65.80,-11.880,0.020,-1.470,-11.879,0.000,1.485,0.025
65.82,-11.878,0.019,-1.471,-11.879,0.000,1.485,0.024
65.85,-11.878,0.019,-1.471,-11.879,0.000,1.485,0.024
65.87,-11.877,0.018,-1.471,-11.879,0.000,1.485,0.023
65.89,-11.877,0.018,-1.471,-11.879,0.000,1.485,0.023
65.91,-11.876,0.018,-1.472,-11.879,0.000,1.485,0.022
65.93,-11.876,0.018,-1.472,-11.879,0.000,1.485,0.022
65.95,-11.874,0.017,-1.472,-11.879,0.000,1.485,0.022
65.97,-11.874,0.017,-1.472,-11.879,0.000,1.485,0.022
65.99,-11.873,0.017,-1.473,-11.879,0.000,1.485,0.021
66.01,-11.873,0.017,-1.473,-11.879,0.000,1.485,0.021
66.03,-11.871,0.016,-1.474,-11.879,0.000,1.485,0.021
66.05,-11.871,0.016,-1.474,-11.879,0.000,1.485,0.021
66.07,-11.870,0.015,-1.474,-11.879,0.000,1.485,0.021
66.09,-11.870,0.015,-1.474,-11.879,0.000,1.485,0.021
66.12,-11.870,0.015,-1.474,-11.879,0.000,1.485,0.021
66.14,-11.868,0.014,-1.475,-11.879,0.000,1.485,0.020
66.16,-11.868,0.014,-1.475,-11.879,0.000,1.485,0.020
66.18,-11.867,0.013,-1.475,-11.879,0.000,1.485,0.020
66.20,-11.867,0.013,-1.475,-11.879,0.000,1.485,0.020
66.22,-11.866,0.012,-1.475,-11.879,0.000,1.485,0.020
66.24,-11.866,0.012,-1.475,-11.879,0.000,1.485,0.020
66.26,-11.864,0.011,-1.476,-11.879,0.000,1.485,0.020
66.28,-11.864,0.011,-1.476,-11.879,0.000,1.485,0.020
66.30,-11.864,0.010,-1.476,-11.879,0.000,1.485,0.020
66.32,-11.864,0.010,-1.476,-11.879,0.000,1.485,0.020
66.34,-11.863,0.008,-1.477,-11.879,0.000,1.485,0.020
66.37,-11.863,0.008,-1.477,-11.879,0.000,1.485,0.020
66.39,-11.862,0.007,-1.477,-11.879,0.000,1.485,0.020
66.41,-11.862,0.007,-1.477,-11.879,0.000,1.485,0.020
66.43,-11.862,0.006,-1.477,-11.879,0.000,1.485,0.019
66.45,-11.862,0.006,-1.477,-11.879,0.000,1.485,0.019
66.47,-11.862,0.005,-1.478,-11.879,0.000,1.485,0.019
66.49,-11.862,0.005,-1.478,-11.879,0.000,1.485,0.019
66.51,-11.862,0.003,-1.478,-11.879,0.000,1.485,0.018
66.53,-11.862,0.003,-1.478,-11.879,0.000,1.485,0.018
66.55,-11.863,0.003,-1.479,-11.879,0.000,1.485,0.018
66.57,-11.863,0.003,-1.479,-11.879,0.000,1.485,0.018
66.59,-11.863,0.002,-1.479,-11.879,0.000,1.485,0.017
66.62,-11.863,0.002,-1.479,-11.879,0.000,1.485,0.017
66.64,-11.863,0.002,-1.479,-11.879,0.000,1.485,0.017
66.66,-11.864,0.001,-1.479,-11.879,0.000,1.485,0.016
66.68,-11.864,0.001,-1.479,-11.879,0.000,1.485,0.016
66.70,-11.865,-0.000,-1.480,-11.879,0.000,1.485,0.015
66.72,-11.865,-0.000,-1.480,-11.879,0.000,1.485,0.015
66.74,-11.866,-0.001,-1.480,-11.879,0.000,1.485,0.014
66.76,-11.866,-0.001,-1.480,-11.879,0.000,1.485,0.014
66.78,-11.867,-0.002,-1.480,-11.879,0.000,1.485,0.013
66.80,-11.867,-0.002,-1.480,-11.879,0.000,1.485,0.013
66.83,-11.868,-0.003,-1.480,-11.879,0.000,1.485,0.012
66.85,-11.868,-0.003,-1.480,-11.879,0.000,1.485,0.012
66.87,-11.869,-0.003,-1.480,-11.879,0.000,1.485,0.012
66.89,-11.869,-0.003,-1.480,-11.879,0.000,1.485,0.012
66.91,-11.870,-0.004,-1.480,-11.879,0.000,1.485,0.011
66.93,-11.870,-0.004,-1.480,-11.879,0.000,1.485,0.011
66.95,-11.870,-0.005,-1.480,-11.879,0.000,1.485,0.011
66.97,-11.870,-0.005,-1.480,-11.879,0.000,1.485,0.011
66.99,-11.871,-0.005,-1.480,-11.879,0.000,1.485,0.011
67.01,-11.871,-0.005,-1.480,-11.879,0.000,1.485,0.011
67.03,-11.871,-0.006,-1.479,-11.879,0.000,1.485,0.011
67.05,-11.871,-0.006,-1.479,-11.879,0.000,1.485,0.011
67.08,-11.871,-0.006,-1.479,-11.879,0.000,1.485,0.012
67.10,-11.871,-0.006,-1.479,-11.879,0.000,1.485,0.012
67.12,-11.872,-0.007,-1.479,-11.879,0.000,1.485,0.012
67.14,-11.872,-0.007,-1.479,-11.879,0.000,1.485,0.012
67.16,-11.872,-0.007,-1.479,-11.879,0.000,1.485,0.012
67.18,-11.872,-0.008,-1.478,-11.879,0.000,1.485,0.013
67.20,-11.872,-0.008,-1.478,-11.879,0.000,1.485,0.013
67.22,-11.872,-0.008,-1.477,-11.879,0.000,1.485,0.013
67.24,-11.872,-0.008,-1.477,-11.879,0.000,1.485,0.013
67.26,-11.872,-0.009,-1.477,-11.879,0.000,1.485,0.014
67.28,-11.872,-0.009,-1.477,-11.879,0.000,1.485,0.014
67.30,-11.872,-0.010,-1.476,-11.879,0.000,1.485,0.015
67.33,-11.872,-0.010,-1.476,-11.879,0.000,1.485,0.015
67.35,-11.871,-0.010,-1.475,-11.879,0.000,1.485,0.016
67.37,-11.871,-0.010,-1.475,-11.879,0.000,1.485,0.016
67.39,-11.871,-0.010,-1.474,-11.879,0.000,1.485,0.017
67.41,-11.871,-0.010,-1.474,-11.879,0.000,1.485,0.017
67.43,-11.870,-0.011,-1.474,-11.879,0.000,1.485,0.018
67.45,-11.870,-0.011,-1.474,-11.879,0.000,1.485,0.018
67.47,-11.870,-0.011,-1.473,-11.879,0.000,1.485,0.018
67.49,-11.870,-0.011,-1.473,-11.879,0.000,1.485,0.018
67.51,-11.869,-0.011,-1.473,-11.879,0.000,1.485,0.019
67.53,-11.869,-0.011,-1.473,-11.879,0.000,1.485,0.019
67.56,-11.869,-0.011,-1.472,-11.879,0.000,1.485,0.020
67.58,-11.869,-0.011,-1.472,-11.879,0.000,1.485,0.020
67.60,-11.868,-0.011,-1.472,-11.879,0.000,1.485,0.020
67.62,-11.868,-0.011,-1.472,-11.879,0.000,1.485,0.020
67.64,-11.868,-0.011,-1.472,-11.879,0.000,1.485,0.020
67.66,-11.867,-0.010,-1.473,-11.879,0.000,1.485,0.020
67.68,-11.867,-0.010,-1.473,-11.879,0.000,1.485,0.020
67.70,-11.866,-0.010,-1.473,-11.879,0.000,1.485,0.020
67.72,-11.866,-0.010,-1.473,-11.879,0.000,1.485,0.020
67.74,-11.865,-0.010,-1.473,-11.879,0.000,1.485,0.021
67.76,-11.865,-0.010,-1.473,-11.879,0.000,1.485,0.021
67.78,-11.864,-0.009,-1.474,-11.879,0.000,1.485,0.021
67.80,-11.864,-0.009,-1.474,-11.879,0.000,1.485,0.021
67.82,-11.863,-0.009,-1.474,-11.879,0.000,1.485,0.021
67.85,-11.863,-0.009,-1.474,-11.879,0.000,1.485,0.021
67.87,-11.862,-0.008,-1.475,-11.879,0.000,1.485,0.021
67.89,-11.862,-0.008,-1.475,-11.879,0.000,1.485,0.021
67.91,-11.862,-0.007,-1.476,-11.879,0.000,1.485,0.021
67.93,-11.862,-0.007,-1.476,-11.879,0.000,1.485,0.021
67.95,-11.861,-0.007,-1.477,-11.879,0.000,1.485,0.021
67.97,-11.861,-0.007,-1.477,-11.879,0.000,1.485,0.021
67.99,-11.860,-0.006,-1.478,-11.879,0.000,1.485,0.021
68.01,-11.860,-0.006,-1.478,-11.879,0.000,1.485,0.021
68.03,-11.859,-0.005,-1.479,-11.879,0.000,1.485,0.022
68.05,-11.859,-0.005,-1.479,-11.879,0.000,1.485,0.022
68.07,-11.858,-0.005,-1.480,-11.879,0.000,1.485,0.022
68.09,-11.858,-0.005,-1.480,-11.879,0.000,1.485,0.022
68.12,-11.857,-0.005,-1.480,-11.879,0.000,1.485,0.023
68.14,-11.857,-0.005,-1.480,-11.879,0.000,1.485,0.023
68.16,-11.857,-0.005,-1.480,-11.879,0.000,1.485,0.023
68.18,-11.857,-0.004,-1.481,-11.879,0.000,1.485,0.023
68.20,-11.857,-0.004,-1.481,-11.879,0.000,1.485,0.023
68.22,-11.857,-0.004,-1.482,-11.879,0.000,1.485,0.023
68.24,-11.857,-0.004,-1.482,-11.879,0.000,1.485,0.023
68.26,-11.857,-0.004,-1.482,-11.879,0.000,1.485,0.022
68.28,-11.857,-0.004,-1.482,-11.879,0.000,1.485,0.022
68.30,-11.858,-0.003,-1.483,-11.879,0.000,1.485,0.022
68.32,-11.858,-0.003,-1.483,-11.879,0.000,1.485,0.022
68.35,-11.858,-0.003,-1.484,-11.879,0.000,1.485,0.021
68.37,-11.858,-0.003,-1.484,-11.879,0.000,1.485,0.021
68.39,-11.859,-0.003,-1.484,-11.879,0.000,1.485,0.020
68.41,-11.859,-0.003,-1.484,-11.879,0.000,1.485,0.020
68.43,-11.860,-0.002,-1.484,-11.879,0.000,1.485,0.019
68.45,-11.860,-0.002,-1.484,-11.879,0.000,1.485,0.019
68.47,-11.861,-0.002,-1.485,-11.879,0.000,1.485,0.019
68.49,-11.861,-0.002,-1.485,-11.879,0.000,1.485,0.019
68.51,-11.861,-0.001,-1.485,-11.879,0.000,1.485,0.018
68.53,-11.861,-0.001,-1.485,-11.879,0.000,1.485,0.018
68.55,-11.862,-0.000,-1.485,-11.879,0.000,1.485,0.017
68.57,-11.862,-0.000,-1.485,-11.879,0.000,1.485,0.017
68.59,-11.863,0.001,-1.485,-11.879,0.000,1.485,0.016
68.62,-11.863,0.001,-1.485,-11.879,0.000,1.485,0.016
68.64,-11.863,0.001,-1.485,-11.879,0.000,1.485,0.016
68.66,-11.863,0.002,-1.485,-11.879,0.000,1.485,0.016
68.68,-11.863,0.002,-1.485,-11.879,0.000,1.485,0.016
68.70,-11.864,0.003,-1.485,-11.879,0.000,1.485,0.015
68.72,-11.864,0.003,-1.485,-11.879,0.000,1.485,0.015
68.74,-11.865,0.005,-1.485,-11.879,0.000,1.485,0.015
68.76,-11.865,0.005,-1.485,-11.879,0.000,1.485,0.015
68.78,-11.865,0.006,-1.485,-11.879,0.000,1.485,0.015
68.80,-11.865,0.006,-1.485,-11.879,0.000,1.485,0.015
68.83,-11.866,0.007,-1.485,-11.879,0.000,1.485,0.015
68.85,-11.866,0.007,-1.485,-11.879,0.000,1.485,0.015
68.87,-11.867,0.009,-1.485,-11.879,0.000,1.485,0.015
68.89,-11.867,0.009,-1.485,-11.879,0.000,1.485,0.015
68.91,-11.868,0.010,-1.484,-11.879,0.000,1.485,0.015
68.93,-11.868,0.010,-1.484,-11.879,0.000,1.485,0.015
68.95,-11.868,0.012,-1.484,-11.879,0.000,1.485,0.016
68.97,-11.868,0.012,-1.484,-11.879,0.000,1.485,0.016
68.99,-11.869,0.013,-1.483,-11.879,0.000,1.485,0.016
69.01,-11.869,0.013,-1.483,-11.879,0.000,1.485,0.016
69.03,-11.871,0.015,-1.483,-11.879,0.000,1.485,0.017
69.05,-11.871,0.015,-1.483,-11.879,0.000,1.485,0.017
69.07,-11.872,0.016,-1.482,-11.879,0.000,1.485,0.018
69.09,-11.872,0.016,-1.482,-11.879,0.000,1.485,0.018
69.12,-11.873,0.018,-1.482,-11.879,0.000,1.485,0.019
69.14,-11.873,0.018,-1.482,-11.879,0.000,1.485,0.019
69.16,-11.873,0.018,-1.482,-11.879,0.000,1.485,0.019
69.18,-11.874,0.019,-1.482,-11.879,0.000,1.485,0.020
69.20,-11.874,0.019,-1.482,-11.879,0.000,1.485,0.020
69.22,-11.875,0.020,-1.481,-11.879,0.000,1.485,0.020
69.24,-11.875,0.020,-1.481,-11.879,0.000,1.485,0.020
69.26,-11.876,0.020,-1.481,-11.879,0.000,1.485,0.021
69.28,-11.876,0.020,-1.481,-11.879,0.000,1.485,0.021
69.30,-11.877,0.021,-1.481,-11.879,0.000,1.485,0.021
69.32,-11.877,0.021,-1.481,-11.879,0.000,1.485,0.021
69.34,-11.878,0.021,-1.481,-11.879,0.000,1.485,0.021
69.37,-11.878,0.021,-1.481,-11.879,0.000,1.485,0.021
69.39,-11.879,0.021,-1.481,-11.879,0.000,1.485,0.021
69.41,-11.879,0.021,-1.481,-11.879,0.000,1.485,0.021
69.43,-11.880,0.020,-1.481,-11.879,0.000,1.485,0.021
69.45,-11.880,0.020,-1.481,-11.879,0.000,1.485,0.021
69.47,-11.881,0.020,-1.480,-11.879,0.000,1.485,0.020
69.49,-11.881,0.020,-1.480,-11.879,0.000,1.485,0.020
69.51,-11.881,0.019,-1.480,-11.879,0.000,1.485,0.020
69.53,-11.881,0.019,-1.480,-11.879,0.000,1.485,0.020
69.55,-11.882,0.018,-1.481,-11.879,0.000,1.485,0.019
69.57,-11.882,0.018,-1.481,-11.879,0.000,1.485,0.019
69.59,-11.882,0.017,-1.481,-11.879,0.000,1.485,0.018
69.62,-11.882,0.017,-1.481,-11.879,0.000,1.485,0.018
69.64,-11.883,0.016,-1.481,-11.879,0.000,1.485,0.017
69.66,-11.883,0.016,-1.481,-11.879,0.000,1.485,0.017
69.68,-11.883,0.016,-1.481,-11.879,0.000,1.485,0.017
69.70,-11.883,0.014,-1.481,-11.879,0.000,1.485,0.015
69.72,-11.883,0.014,-1.481,-11.879,0.000,1.485,0.015
69.74,-11.883,0.013,-1.481,-11.879,0.000,1.485,0.014
69.76,-11.883,0.013,-1.481,-11.879,0.000,1.485,0.014
69.78,-11.883,0.011,-1.481,-11.879,0.000,1.485,0.012
69.80,-11.883,0.011,-1.481,-11.879,0.000,1.485,0.012
69.82,-11.882,0.009,-1.481,-11.879,0.000,1.485,0.010
69.84,-11.882,0.009,-1.481,-11.879,0.000,1.485,0.010
69.86,-11.882,0.007,-1.481,-11.879,0.000,1.485,0.009
69.89,-11.882,0.007,-1.481,-11.879,0.000,1.485,0.009
69.91,-11.882,0.005,-1.480,-11.879,0.000,1.485,0.007
69.93,-11.882,0.005,-1.480,-11.879,0.000,1.485,0.007
69.95,-11.882,0.004,-1.480,-11.879,0.000,1.485,0.006
69.97,-11.882,0.004,-1.480,-11.879,0.000,1.485,0.006
69.99,-11.881,0.002,-1.480,-11.879,0.000,1.485,0.006
70.01,-11.881,0.002,-1.480,-11.879,0.000,1.485,0.006
70.03,-11.881,0.001,-1.479,-11.879,0.000,1.485,0.006
70.05,-11.881,0.001,-1.479,-11.879,0.000,1.485,0.006
70.07,-11.880,-0.001,-1.479,-11.879,0.000,1.485,0.006
70.09,-11.880,-0.001,-1.479,-11.879,0.000,1.485,0.006
70.11,-11.880,-0.003,-1.479,-11.879,0.000,1.485,0.007
70.14,-11.880,-0.003,-1.479,-11.879,0.000,1.485,0.007
70.16,-11.880,-0.003,-1.479,-11.879,0.000,1.485,0.007
70.18,-11.880,-0.005,-1.479,-11.879,0.000,1.485,0.008
70.20,-11.880,-0.005,-1.479,-11.879,0.000,1.485,0.008
70.22,-11.880,-0.006,-1.479,-11.879,0.000,1.485,0.008
70.24,-11.880,-0.006,-1.479,-11.879,0.000,1.485,0.008
70.26,-11.880,-0.007,-1.479,-11.879,0.000,1.485,0.009
70.28,-11.880,-0.007,-1.479,-11.879,0.000,1.485,0.009
70.30,-11.880,-0.008,-1.479,-11.879,0.000,1.485,0.010
70.32,-11.880,-0.008,-1.479,-11.879,0.000,1.485,0.010
70.34,-11.880,-0.008,-1.479,-11.879,0.000,1.485,0.010
70.36,-11.880,-0.008,-1.479,-11.879,0.000,1.485,0.010
70.39,-11.881,-0.009,-1.479,-11.879,0.000,1.485,0.011
70.41,-11.881,-0.009,-1.479,-11.879,0.000,1.485,0.011
70.43,-11.881,-0.010,-1.479,-11.879,0.000,1.485,0.012
70.45,-11.881,-0.010,-1.479,-11.879,0.000,1.485,0.012
70.47,-11.882,-0.011,-1.480,-11.879,0.000,1.485,0.012
70.49,-11.882,-0.011,-1.480,-11.879,0.000,1.485,0.012
70.51,-11.882,-0.011,-1.480,-11.879,0.000,1.485,0.013
70.53,-11.882,-0.011,-1.480,-11.879,0.000,1.485,0.013
70.55,-11.884,-0.012,-1.481,-11.879,0.000,1.485,0.014
70.57,-11.884,-0.012,-1.481,-11.879,0.000,1.485,0.014
70.59,-11.884,-0.013,-1.481,-11.879,0.000,1.485,0.015
70.61,-11.884,-0.013,-1.481,-11.879,0.000,1.485,0.015
70.63,-11.885,-0.013,-1.481,-11.879,0.000,1.485,0.015
70.66,-11.885,-0.013,-1.481,-11.879,0.000,1.485,0.015
70.68,-11.885,-0.013,-1.481,-11.879,0.000,1.485,0.015
70.70,-11.886,-0.014,-1.482,-11.879,0.000,1.485,0.016
70.72,-11.886,-0.014,-1.482,-11.879,0.000,1.485,0.016
70.74,-11.887,-0.014,-1.482,-11.879,0.000,1.485,0.016
70.76,-11.887,-0.014,-1.482,-11.879,0.000,1.485,0.016
70.78,-11.888,-0.014,-1.482,-11.879,0.000,1.485,0.017
70.80,-11.888,-0.014,-1.482,-11.879,0.000,1.485,0.017
70.82,-11.889,-0.013,-1.482,-11.879,0.000,1.485,0.017
70.84,-11.889,-0.013,-1.482,-11.879,0.000,1.485,0.017
70.87,-11.890,-0.013,-1.482,-11.879,0.000,1.485,0.017
70.89,-11.890,-0.013,-1.482,-11.879,0.000,1.485,0.017
70.91,-11.890,-0.012,-1.482,-11.879,0.000,1.485,0.017
70.93,-11.890,-0.012,-1.482,-11.879,0.000,1.485,0.017
70.95,-11.891,-0.011,-1.482,-11.879,0.000,1.485,0.017
70.97,-11.891,-0.011,-1.482,-11.879,0.000,1.485,0.017
70.99,-11.891,-0.011,-1.482,-11.879,0.000,1.485,0.017
71.01,-11.891,-0.011,-1.482,-11.879,0.000,1.485,0.017
71.03,-11.892,-0.010,-1.482,-11.879,0.000,1.485,0.017
71.05,-11.892,-0.010,-1.482,-11.879,0.000,1.485,0.017
71.07,-11.892,-0.009,-1.481,-11.879,0.000,1.485,0.016
71.09,-11.892,-0.009,-1.481,-11.879,0.000,1.485,0.016
71.11,-11.892,-0.008,-1.481,-11.879,0.000,1.485,0.016
71.13,-11.892,-0.008,-1.481,-11.879,0.000,1.485,0.016
71.16,-11.892,-0.008,-1.481,-11.879,0.000,1.485,0.016
71.18,-11.893,-0.006,-1.481,-11.879,0.000,1.485,0.015
71.20,-11.893,-0.006,-1.481,-11.879,0.000,1.485,0.015
71.22,-11.893,-0.005,-1.480,-11.879,0.000,1.485,0.015
71.24,-11.893,-0.005,-1.480,-11.879,0.000,1.485,0.015
71.26,-11.893,-0.003,-1.480,-11.879,0.000,1.485,0.015
71.28,-11.893,-0.003,-1.480,-11.879,0.000,1.485,0.015
71.30,-11.893,-0.002,-1.479,-11.879,0.000,1.485,0.015
71.32,-11.893,-0.002,-1.479,-11.879,0.000,1.485,0.015
71.34,-11.893,-0.000,-1.479,-11.879,0.000,1.485,0.015
71.36,-11.893,-0.000,-1.479,-11.879,0.000,1.485,0.015
71.39,-11.894,0.001,-1.478,-11.879,0.000,1.485,0.016
71.41,-11.894,0.001,-1.478,-11.879,0.000,1.485,0.016
71.43,-11.894,0.003,-1.478,-11.879,0.000,1.485,0.017
71.45,-11.894,0.003,-1.478,-11.879,0.000,1.485,0.017
71.47,-11.895,0.004,-1.478,-11.879,0.000,1.485,0.017
71.49,-11.895,0.004,-1.478,-11.879,0.000,1.485,0.017
71.51,-11.895,0.005,-1.478,-11.879,0.000,1.485,0.018
71.53,-11.895,0.005,-1.478,-11.879,0.000,1.485,0.018
71.55,-11.895,0.006,-1.478,-11.879,0.000,1.485,0.019
71.57,-11.895,0.006,-1.478,-11.879,0.000,1.485,0.019
71.59,-11.896,0.008,-1.479,-11.879,0.000,1.485,0.020
71.61,-11.896,0.008,-1.479,-11.879,0.000,1.485,0.020
71.63,-11.896,0.009,-1.479,-11.879,0.000,1.485,0.020
71.66,-11.896,0.009,-1.479,-11.879,0.000,1.485,0.020
71.68,-11.896,0.009,-1.479,-11.879,0.000,1.485,0.020
71.70,-11.896,0.011,-1.479,-11.879,0.000,1.485,0.021
71.72,-11.896,0.011,-1.479,-11.879,0.000,1.485,0.021
71.74,-11.897,0.012,-1.480,-11.879,0.000,1.485,0.022
71.76,-11.897,0.012,-1.480,-11.879,0.000,1.485,0.022
71.78,-11.897,0.013,-1.480,-11.879,0.000,1.485,0.022
71.80,-11.897,0.013,-1.480,-11.879,0.000,1.485,0.022
71.82,-11.897,0.014,-1.480,-11.879,0.000,1.485,0.023
71.84,-11.897,0.014,-1.480,-11.879,0.000,1.485,0.023
71.86,-11.897,0.016,-1.481,-11.879,0.000,1.485,0.024
71.89,-11.897,0.016,-1.481,-11.879,0.000,1.485,0.024
71.91,-11.897,0.017,-1.481,-11.879,0.000,1.485,0.024
71.93,-11.897,0.017,-1.481,-11.879,0.000,1.485,0.024
71.95,-11.896,0.018,-1.482,-11.879,0.000,1.485,0.025
71.97,-11.896,0.018,-1.482,-11.879,0.000,1.485,0.025
71.99,-11.896,0.019,-1.483,-11.879,0.000,1.485,0.025
72.01,-11.896,0.019,-1.483,-11.879,0.000,1.485,0.025
72.03,-11.895,0.020,-1.484,-11.879,0.000,1.485,0.025
72.05,-11.895,0.020,-1.484,-11.879,0.000,1.485,0.025
72.07,-11.894,0.021,-1.485,-11.879,0.000,1.485,0.026
72.09,-11.894,0.021,-1.485,-11.879,0.000,1.485,0.026
72.11,-11.894,0.021,-1.485,-11.879,0.000,1.485,0.026
72.13,-11.894,0.021,-1.485,-11.879,0.000,1.485,0.026
72.16,-11.893,0.022,-1.486,-11.879,0.000,1.485,0.026
72.18,-11.893,0.022,-1.486,-11.879,0.000,1.485,0.026
72.20,-11.893,0.022,-1.486,-11.879,0.000,1.485,0.026
72.22,-11.892,0.023,-1.487,-11.879,0.000,1.485,0.026
72.24,-11.892,0.023,-1.487,-11.879,0.000,1.485,0.026
72.26,-11.891,0.023,-1.487,-11.879,0.000,1.485,0.026
72.28,-11.891,0.023,-1.487,-11.879,0.000,1.485,0.026
72.30,-11.890,0.023,-1.488,-11.879,0.000,1.485,0.026
72.32,-11.890,0.023,-1.488,-11.879,0.000,1.485,0.026
72.34,-11.889,0.023,-1.488,-11.879,0.000,1.485,0.025
72.36,-11.889,0.023,-1.488,-11.879,0.000,1.485,0.025
72.38,-11.889,0.023,-1.488,-11.879,0.000,1.485,0.025
72.41,-11.889,0.023,-1.488,-11.879,0.000,1.485,0.025
72.43,-11.888,0.023,-1.487,-11.879,0.000,1.485,0.025
72.45,-11.888,0.023,-1.487,-11.879,0.000,1.485,0.025
72.47,-11.887,0.024,-1.487,-11.879,0.000,1.485,0.025
72.49,-11.887,0.024,-1.487,-11.879,0.000,1.485,0.025
72.51,-11.887,0.024,-1.486,-11.879,0.000,1.485,0.025
72.53,-11.887,0.024,-1.486,-11.879,0.000,1.485,0.025
72.55,-11.887,0.024,-1.486,-11.879,0.000,1.485,0.025
72.57,-11.887,0.024,-1.486,-11.879,0.000,1.485,0.025
72.59,-11.886,0.023,-1.485,-11.879,0.000,1.485,0.024
72.61,-11.886,0.023,-1.485,-11.879,0.000,1.485,0.024
72.63,-11.886,0.023,-1.485,-11.879,0.000,1.485,0.024
72.65,-11.886,0.023,-1.485,-11.879,0.000,1.485,0.024
72.67,-11.886,0.023,-1.485,-11.879,0.000,1.485,0.024
72.70,-11.886,0.023,-1.485,-11.879,0.000,1.485,0.024
72.72,-11.886,0.023,-1.485,-11.879,0.000,1.485,0.024
72.74,-11.886,0.022,-1.484,-11.879,0.000,1.485,0.023
72.76,-11.886,0.022,-1.484,-11.879,0.000,1.485,0.023
72.78,-11.886,0.022,-1.484,-11.879,0.000,1.485,0.023
72.80,-11.886,0.022,-1.484,-11.879,0.000,1.485,0.023
72.82,-11.886,0.021,-1.484,-11.879,0.000,1.485,0.022
72.84,-11.886,0.021,-1.484,-11.879,0.000,1.485,0.022
72.86,-11.886,0.021,-1.484,-11.879,0.000,1.485,0.022
72.88,-11.886,0.021,-1.484,-11.879,0.000,1.485,0.022
72.90,-11.886,0.020,-1.484,-11.879,0.000,1.485,0.021
72.92,-11.886,0.020,-1.484,-11.879,0.000,1.485,0.021
72.94,-11.886,0.020,-1.483,-11.879,0.000,1.485,0.021
72.97,-11.886,0.020,-1.483,-11.879,0.000,1.485,0.021
72.99,-11.886,0.019,-1.483,-11.879,0.000,1.485,0.020
73.01,-11.886,0.019,-1.483,-11.879,0.000,1.485,0.020
73.03,-11.885,0.018,-1.483,-11.879,0.000,1.485,0.019
73.05,-11.885,0.018,-1.483,-11.879,0.000,1.485,0.019
73.07,-11.885,0.018,-1.482,-11.879,0.000,1.485,0.019
73.09,-11.885,0.018,-1.482,-11.879,0.000,1.485,0.019
73.11,-11.884,0.017,-1.482,-11.879,0.000,1.485,0.018
73.13,-11.884,0.017,-1.482,-11.879,0.000,1.485,0.018
73.15,-11.883,0.016,-1.482,-11.879,0.000,1.485,0.017
73.17,-11.883,0.016,-1.482,-11.879,0.000,1.485,0.017
73.19,-11.883,0.016,-1.482,-11.879,0.000,1.485,0.017
73.21,-11.881,0.015,-1.481,-11.879,0.000,1.485,0.015
73.24,-11.881,0.015,-1.481,-11.879,0.000,1.485,0.015
73.26,-11.880,0.014,-1.481,-11.879,0.000,1.485,0.015
73.28,-11.880,0.014,-1.481,-11.879,0.000,1.485,0.015
73.30,-11.879,0.013,-1.480,-11.879,0.000,1.485,0.014
73.32,-11.879,0.013,-1.480,-11.879,0.000,1.485,0.014
73.34,-11.877,0.012,-1.480,-11.879,0.000,1.485,0.013
73.36,-11.877,0.012,-1.480,-11.879,0.000,1.485,0.013
73.38,-11.876,0.011,-1.480,-11.879,0.000,1.485,0.012
73.40,-11.876,0.011,-1.480,-11.879,0.000,1.485,0.012
73.42,-11.875,0.009,-1.479,-11.879,0.000,1.485,0.011
73.44,-11.875,0.009,-1.479,-11.879,0.000,1.485,0.011
73.47,-11.873,0.008,-1.479,-11.879,0.000,1.485,0.011
73.49,-11.873,0.008,-1.479,-11.879,0.000,1.485,0.011
73.51,-11.872,0.006,-1.479,-11.879,0.000,1.485,0.011
73.53,-11.872,0.006,-1.479,-11.879,0.000,1.485,0.011
73.55,-11.870,0.005,-1.478,-11.879,0.000,1.485,0.012
73.57,-11.870,0.005,-1.478,-11.879,0.000,1.485,0.012
73.59,-11.869,0.004,-1.478,-11.879,0.000,1.485,0.013
73.61,-11.869,0.004,-1.478,-11.879,0.000,1.485,0.013
73.63,-11.868,0.002,-1.478,-11.879,0.000,1.485,0.014
73.65,-11.868,0.002,-1.478,-11.879,0.000,1.485,0.014
73.67,-11.866,0.001,-1.477,-11.879,0.000,1.485,0.015
73.69,-11.866,0.001,-1.477,-11.879,0.000,1.485,0.015
73.71,-11.866,0.001,-1.477,-11.879,0.000,1.485,0.015
73.73,-11.865,-0.001,-1.477,-11.879,0.000,1.485,0.016
73.75,-11.865,-0.001,-1.477,-11.879,0.000,1.485,0.016
73.78,-11.865,-0.002,-1.477,-11.879,0.000,1.485,0.017
73.80,-11.865,-0.002,-1.477,-11.879,0.000,1.485,0.017
73.82,-11.864,-0.003,-1.476,-11.879,0.000,1.485,0.018
73.84,-11.864,-0.003,-1.476,-11.879,0.000,1.485,0.018
73.86,-11.864,-0.004,-1.476,-11.879,0.000,1.485,0.018
73.88,-11.864,-0.004,-1.476,-11.879,0.000,1.485,0.018
73.90,-11.864,-0.005,-1.476,-11.879,0.000,1.485,0.018
73.92,-11.864,-0.005,-1.476,-11.879,0.000,1.485,0.018
73.94,-11.864,-0.005,-1.476,-11.879,0.000,1.485,0.018
73.96,-11.864,-0.005,-1.476,-11.879,0.000,1.485,0.018
73.98,-11.864,-0.006,-1.477,-11.879,0.000,1.485,0.018
74.01,-11.864,-0.006,-1.477,-11.879,0.000,1.485,0.018
74.03,-11.864,-0.006,-1.477,-11.879,0.000,1.485,0.018
74.05,-11.864,-0.006,-1.477,-11.879,0.000,1.485,0.018
74.07,-11.864,-0.006,-1.477,-11.879,0.000,1.485,0.018
74.09,-11.864,-0.006,-1.477,-11.879,0.000,1.485,0.018
74.11,-11.864,-0.006,-1.477,-11.879,0.000,1.485,0.017
74.13,-11.864,-0.006,-1.477,-11.879,0.000,1.485,0.017
74.15,-11.865,-0.005,-1.478,-11.879,0.000,1.485,0.017
74.17,-11.865,-0.005,-1.478,-11.879,0.000,1.485,0.017
74.19,-11.865,-0.005,-1.478,-11.879,0.000,1.485,0.017
74.21,-11.865,-0.004,-1.478,-11.879,0.000,1.485,0.016
74.23,-11.865,-0.004,-1.478,-11.879,0.000,1.485,0.016
74.26,-11.866,-0.003,-1.479,-11.879,0.000,1.485,0.015
74.28,-11.866,-0.003,-1.479,-11.879,0.000,1.485,0.015
74.30,-11.866,-0.002,-1.479,-11.879,0.000,1.485,0.014
74.32,-11.866,-0.002,-1.479,-11.879,0.000,1.485,0.014
74.34,-11.867,-0.001,-1.480,-11.879,0.000,1.485,0.013
74.36,-11.867,-0.001,-1.480,-11.879,0.000,1.485,0.013
74.38,-11.867,0.001,-1.481,-11.879,0.000,1.485,0.013
74.40,-11.867,0.001,-1.481,-11.879,0.000,1.485,0.013
74.42,-11.868,0.002,-1.481,-11.879,0.000,1.485,0.012
74.44,-11.868,0.002,-1.481,-11.879,0.000,1.485,0.012
74.46,-11.868,0.004,-1.482,-11.879,0.000,1.485,0.012
74.49,-11.868,0.004,-1.482,-11.879,0.000,1.485,0.012
74.51,-11.868,0.006,-1.483,-11.879,0.000,1.485,0.013
74.53,-11.868,0.006,-1.483,-11.879,0.000,1.485,0.013
74.55,-11.868,0.008,-1.483,-11.879,0.000,1.485,0.013
74.57,-11.868,0.008,-1.483,-11.879,0.000,1.485,0.013
74.59,-11.869,0.010,-1.484,-11.879,0.000,1.485,0.014
74.61,-11.869,0.010,-1.484,-11.879,0.000,1.485,0.014
74.63,-11.869,0.012,-1.485,-11.879,0.000,1.485,0.016
74.65,-11.869,0.012,-1.485,-11.879,0.000,1.485,0.016
74.67,-11.869,0.015,-1.486,-11.879,0.000,1.485,0.017
74.69,-11.869,0.015,-1.486,-11.879,0.000,1.485,0.017
74.71,-11.869,0.015,-1.486,-11.879,0.000,1.485,0.017
74.74,-11.870,0.017,-1.487,-11.879,0.000,1.485,0.020
74.76,-11.870,0.017,-1.487,-11.879,0.000,1.485,0.020
74.78,-11.870,0.019,-1.487,-11.879,0.000,1.485,0.021
74.80,-11.870,0.019,-1.487,-11.879,0.000,1.485,0.021
74.82,-11.870,0.021,-1.488,-11.879,0.000,1.485,0.023
74.84,-11.870,0.021,-1.488,-11.879,0.000,1.485,0.023
74.86,-11.870,0.022,-1.489,-11.879,0.000,1.485,0.025
74.88,-11.870,0.022,-1.489,-11.879,0.000,1.485,0.025
74.90,-11.869,0.024,-1.490,-11.879,0.000,1.485,0.026
74.92,-11.869,0.024,-1.490,-11.879,0.000,1.485,0.026
74.94,-11.869,0.025,-1.491,-11.879,0.000,1.485,0.028
74.96,-11.869,0.025,-1.491,-11.879,0.000,1.485,0.028
74.99,-11.868,0.027,-1.492,-11.879,0.000,1.485,0.030
75.01,-11.868,0.027,-1.492,-11.879,0.000,1.485,0.030
75.03,-11.867,0.028,-1.493,-11.879,0.000,1.485,0.031
75.05,-11.867,0.028,-1.493,-11.879,0.000,1.485,0.031
75.07,-11.867,0.029,-1.493,-11.879,0.000,1.485,0.032
75.09,-11.867,0.029,-1.493,-11.879,0.000,1.485,0.032
75.11,-11.866,0.029,-1.494,-11.879,0.000,1.485,0.033
75.13,-11.866,0.029,-1.494,-11.879,0.000,1.485,0.033
75.15,-11.865,0.030,-1.494,-11.879,0.000,1.485,0.034
75.17,-11.865,0.030,-1.494,-11.879,0.000,1.485,0.034
75.19,-11.865,0.030,-1.494,-11.879,0.000,1.485,0.034
75.21,-11.864,0.030,-1.495,-11.879,0.000,1.485,0.035
75.23,-11.864,0.030,-1.495,-11.879,0.000,1.485,0.035
75.26,-11.864,0.030,-1.495,-11.879,0.000,1.485,0.035
75.28,-11.864,0.030,-1.495,-11.879,0.000,1.485,0.035
75.30,-11.863,0.030,-1.495,-11.879,0.000,1.485,0.035
75.32,-11.863,0.030,-1.495,-11.879,0.000,1.485,0.035
75.34,-11.863,0.030,-1.496,-11.879,0.000,1.485,0.035
75.36,-11.863,0.030,-1.496,-11.879,0.000,1.485,0.035
75.38,-11.862,0.029,-1.496,-11.879,0.000,1.485,0.035
75.40,-11.862,0.029,-1.496,-11.879,0.000,1.485,0.035
75.42,-11.862,0.029,-1.496,-11.879,0.000,1.485,0.035
75.44,-11.862,0.029,-1.496,-11.879,0.000,1.485,0.035
75.46,-11.862,0.028,-1.496,-11.879,0.000,1.485,0.035
75.48,-11.862,0.028,-1.496,-11.879,0.000,1.485,0.035
75.50,-11.862,0.027,-1.496,-11.879,0.000,1.485,0.034
75.53,-11.862,0.027,-1.496,-11.879,0.000,1.485,0.034
75.55,-11.863,0.026,-1.496,-11.879,0.000,1.485,0.033
75.57,-11.863,0.026,-1.496,-11.879,0.000,1.485,0.033
75.59,-11.863,0.025,-1.496,-11.879,0.000,1.485,0.032
75.61,-11.863,0.025,-1.496,-11.879,0.000,1.485,0.032
75.63,-11.864,0.024,-1.496,-11.879,0.000,1.485,0.030
75.65,-11.864,0.024,-1.496,-11.879,0.000,1.485,0.030
75.67,-11.865,0.023,-1.495,-11.879,0.000,1.485,0.029
75.69,-11.865,0.023,-1.495,-11.879,0.000,1.485,0.029
75.71,-11.865,0.023,-1.495,-11.879,0.000,1.485,0.029
75.73,-11.866,0.021,-1.495,-11.879,0.000,1.485,0.027
75.75,-11.866,0.021,-1.495,-11.879,0.000,1.485,0.027
75.77,-11.867,0.021,-1.494,-11.879,0.000,1.485,0.025
75.79,-11.867,0.021,-1.494,-11.879,0.000,1.485,0.025
75.82,-11.869,0.020,-1.494,-11.879,0.000,1.485,0.024
75.84,-11.869,0.020,-1.494,-11.879,0.000,1.485,0.024
75.86,-11.870,0.019,-1.494,-11.879,0.000,1.485,0.023
75.88,-11.870,0.019,-1.494,-11.879,0.000,1.485,0.023
75.90,-11.871,0.018,-1.494,-11.879,0.000,1.485,0.022
75.92,-11.871,0.018,-1.494,-11.879,0.000,1.485,0.022
75.94,-11.872,0.018,-1.494,-11.879,0.000,1.485,0.021
75.96,-11.872,0.018,-1.494,-11.879,0.000,1.485,0.021
75.98,-11.873,0.017,-1.494,-11.879,0.000,1.485,0.020
76.00,-11.873,0.017,-1.494,-11.879,0.000,1.485,0.020
76.02,-11.874,0.016,-1.494,-11.879,0.000,1.485,0.019
76.04,-11.874,0.016,-1.494,-11.879,0.000,1.485,0.019
76.07,-11.875,0.016,-1.494,-11.879,0.000,1.485,0.018
76.09,-11.875,0.016,-1.494,-11.879,0.000,1.485,0.018
76.11,-11.875,0.015,-1.493,-11.879,0.000,1.485,0.018
76.13,-11.875,0.015,-1.493,-11.879,0.000,1.485,0.018
76.15,-11.876,0.015,-1.493,-11.879,0.000,1.485,0.017
76.17,-11.876,0.015,-1.493,-11.879,0.000,1.485,0.017
76.19,-11.877,0.014,-1.492,-11.879,0.000,1.485,0.016
76.21,-11.877,0.014,-1.492,-11.879,0.000,1.485,0.016
76.23,-11.877,0.014,-1.492,-11.879,0.000,1.485,0.016
76.25,-11.878,0.014,-1.491,-11.879,0.000,1.485,0.015
76.27,-11.878,0.014,-1.491,-11.879,0.000,1.485,0.015
76.29,-11.879,0.013,-1.490,-11.879,0.000,1.485,0.014
76.32,-11.879,0.013,-1.490,-11.879,0.000,1.485,0.014
76.34,-11.880,0.013,-1.490,-11.879,0.000,1.485,0.013
76.36,-11.880,0.013,-1.490,-11.879,0.000,1.485,0.013
76.38,-11.881,0.012,-1.489,-11.879,0.000,1.485,0.013
76.40,-11.881,0.012,-1.489,-11.879,0.000,1.485,0.013
76.42,-11.881,0.011,-1.488,-11.879,0.000,1.485,0.012
76.44,-11.881,0.011,-1.488,-11.879,0.000,1.485,0.012
76.46,-11.882,0.011,-1.487,-11.879,0.000,1.485,0.011
76.48,-11.882,0.011,-1.487,-11.879,0.000,1.485,0.011
76.50,-11.883,0.010,-1.487,-11.879,0.000,1.485,0.011
76.52,-11.883,0.010,-1.487,-11.879,0.000,1.485,0.011
76.55,-11.884,0.008,-1.486,-11.879,0.000,1.485,0.010
76.57,-11.884,0.008,-1.486,-11.879,0.000,1.485,0.010
76.59,-11.884,0.007,-1.485,-11.879,0.000,1.485,0.009
76.61,-11.884,0.007,-1.485,-11.879,0.000,1.485,0.009
76.63,-11.885,0.006,-1.485,-11.879,0.000,1.485,0.008
76.65,-11.885,0.006,-1.485,-11.879,0.000,1.485,0.008
76.67,-11.885,0.004,-1.484,-11.879,0.000,1.485,0.007
76.69,-11.885,0.004,-1.484,-11.879,0.000,1.485,0.007
76.71,-11.885,0.004,-1.484,-11.879,0.000,1.485,0.007
76.73,-11.886,0.002,-1.483,-11.879,0.000,1.485,0.007
76.75,-11.886,0.002,-1.483,-11.879,0.000,1.485,0.007
76.77,-11.886,-0.000,-1.483,-11.879,0.000,1.485,0.007
76.80,-11.886,-0.000,-1.483,-11.879,0.000,1.485,0.007
76.82,-11.886,-0.002,-1.482,-11.879,0.000,1.485,0.007
76.84,-11.886,-0.002,-1.482,-11.879,0.000,1.485,0.007
76.86,-11.886,-0.003,-1.481,-11.879,0.000,1.485,0.008
76.88,-11.886,-0.003,-1.481,-11.879,0.000,1.485,0.008
76.90,-11.886,-0.005,-1.481,-11.879,0.000,1.485,0.009
76.92,-11.886,-0.005,-1.481,-11.879,0.000,1.485,0.009
76.94,-11.886,-0.007,-1.480,-11.879,0.000,1.485,0.010
76.96,-11.886,-0.007,-1.480,-11.879,0.000,1.485,0.010
76.98,-11.886,-0.009,-1.480,-11.879,0.000,1.485,0.012
77.00,-11.886,-0.009,-1.480,-11.879,0.000,1.485,0.012
77.02,-11.886,-0.011,-1.479,-11.879,0.000,1.485,0.014
77.05,-11.886,-0.011,-1.479,-11.879,0.000,1.485,0.014
77.07,-11.886,-0.013,-1.479,-11.879,0.000,1.485,0.016
77.09,-11.886,-0.013,-1.479,-11.879,0.000,1.485,0.016
77.11,-11.886,-0.015,-1.478,-11.879,0.000,1.485,0.018
77.13,-11.886,-0.015,-1.478,-11.879,0.000,1.485,0.018
77.15,-11.887,-0.017,-1.478,-11.879,0.000,1.485,0.020
77.17,-11.887,-0.017,-1.478,-11.879,0.000,1.485,0.020
77.19,-11.887,-0.019,-1.478,-11.879,0.000,1.485,0.022
77.21,-11.887,-0.019,-1.478,-11.879,0.000,1.485,0.022
77.23,-11.887,-0.019,-1.478,-11.879,0.000,1.485,0.022
77.25,-11.887,-0.023,-1.478,-11.879,0.000,1.485,0.025
77.27,-11.887,-0.023,-1.478,-11.879,0.000,1.485,0.025
77.29,-11.888,-0.025,-1.478,-11.879,0.000,1.485,0.027
77.32,-11.888,-0.025,-1.478,-11.879,0.000,1.485,0.027
77.34,-11.888,-0.027,-1.478,-11.879,0.000,1.485,0.029
77.36,-11.888,-0.027,-1.478,-11.879,0.000,1.485,0.029
77.38,-11.888,-0.029,-1.478,-11.879,0.000,1.485,0.031
77.40,-11.888,-0.029,-1.478,-11.879,0.000,1.485,0.031
77.42,-11.888,-0.031,-1.478,-11.879,0.000,1.485,0.033
77.44,-11.888,-0.031,-1.478,-11.879,0.000,1.485,0.033
77.46,-11.888,-0.032,-1.479,-11.879,0.000,1.485,0.034
77.48,-11.888,-0.032,-1.479,-11.879,0.000,1.485,0.034
77.50,-11.888,-0.033,-1.480,-11.879,0.000,1.485,0.035
77.52,-11.888,-0.033,-1.480,-11.879,0.000,1.485,0.035
77.54,-11.887,-0.035,-1.481,-11.879,0.000,1.485,0.036
77.57,-11.887,-0.035,-1.481,-11.879,0.000,1.485,0.036
77.59,-11.887,-0.036,-1.482,-11.879,0.000,1.485,0.037
77.61,-11.887,-0.036,-1.482,-11.879,0.000,1.485,0.037
77.63,-11.886,-0.036,-1.483,-11.879,0.000,1.485,0.037
77.65,-11.886,-0.036,-1.483,-11.879,0.000,1.485,0.037
77.67,-11.886,-0.037,-1.484,-11.879,0.000,1.485,0.037
77.69,-11.886,-0.037,-1.484,-11.879,0.000,1.485,0.037
77.71,-11.886,-0.037,-1.484,-11.879,0.000,1.485,0.037
77.73,-11.885,-0.037,-1.485,-11.879,0.000,1.485,0.037
77.75,-11.885,-0.037,-1.485,-11.879,0.000,1.485,0.037
77.77,-11.884,-0.036,-1.486,-11.879,0.000,1.485,0.037
77.79,-11.884,-0.036,-1.486,-11.879,0.000,1.485,0.037
77.82,-11.884,-0.036,-1.487,-11.879,0.000,1.485,0.036
77.84,-11.884,-0.036,-1.487,-11.879,0.000,1.485,0.036
77.86,-11.884,-0.035,-1.488,-11.879,0.000,1.485,0.035
77.88,-11.884,-0.035,-1.488,-11.879,0.000,1.485,0.035
77.90,-11.884,-0.033,-1.489,-11.879,0.000,1.485,0.034
77.92,-11.884,-0.033,-1.489,-11.879,0.000,1.485,0.034
77.94,-11.884,-0.032,-1.489,-11.879,0.000,1.485,0.033
77.96,-11.884,-0.032,-1.489,-11.879,0.000,1.485,0.033
77.98,-11.884,-0.030,-1.490,-11.879,0.000,1.485,0.031
78.00,-11.884,-0.030,-1.490,-11.879,0.000,1.485,0.031
78.02,-11.884,-0.028,-1.490,-11.879,0.000,1.485,0.029
78.05,-11.884,-0.028,-1.490,-11.879,0.000,1.485,0.029
78.07,-11.885,-0.026,-1.490,-11.879,0.000,1.485,0.027
78.09,-11.885,-0.026,-1.490,-11.879,0.000,1.485,0.027
78.11,-11.885,-0.023,-1.490,-11.879,0.000,1.485,0.025
78.13,-11.885,-0.023,-1.490,-11.879,0.000,1.485,0.025
78.15,-11.886,-0.021,-1.490,-11.879,0.000,1.485,0.023
78.17,-11.886,-0.021,-1.490,-11.879,0.000,1.485,0.023
78.19,-11.886,-0.019,-1.490,-11.879,0.000,1.485,0.021
78.21,-11.886,-0.019,-1.490,-11.879,0.000,1.485,0.021
78.23,-11.886,-0.019,-1.490,-11.879,0.000,1.485,0.021
78.25,-11.887,-0.015,-1.490,-11.879,0.000,1.485,0.018
78.27,-11.887,-0.015,-1.490,-11.879,0.000,1.485,0.018
78.29,-11.887,-0.012,-1.490,-11.879,0.000,1.485,0.016
78.32,-11.887,-0.012,-1.490,-11.879,0.000,1.485,0.016
78.34,-11.888,-0.010,-1.489,-11.879,0.000,1.485,0.014
78.36,-11.888,-0.010,-1.489,-11.879,0.000,1.485,0.014
78.38,-11.888,-0.008,-1.489,-11.879,0.000,1.485,0.013
78.40,-11.888,-0.008,-1.489,-11.879,0.000,1.485,0.013
78.42,-11.888,-0.006,-1.489,-11.879,0.000,1.485,0.012
78.44,-11.888,-0.006,-1.489,-11.879,0.000,1.485,0.012
78.46,-11.888,-0.004,-1.490,-11.879,0.000,1.485,0.011
78.48,-11.888,-0.004,-1.490,-11.879,0.000,1.485,0.011
78.50,-11.889,-0.002,-1.490,-11.879,0.000,1.485,0.011
78.52,-11.889,-0.002,-1.490,-11.879,0.000,1.485,0.011
78.54,-11.889,0.001,-1.490,-11.879,0.000,1.485,0.011
78.57,-11.889,0.001,-1.490,-11.879,0.000,1.485,0.011
78.59,-11.889,0.003,-1.490,-11.879,0.000,1.485,0.012
78.61,-11.889,0.003,-1.490,-11.879,0.000,1.485,0.012
78.63,-11.889,0.005,-1.490,-11.879,0.000,1.485,0.012
78.65,-11.889,0.005,-1.490,-11.879,0.000,1.485,0.012
78.67,-11.889,0.007,-1.490,-11.879,0.000,1.485,0.013
78.69,-11.889,0.007,-1.490,-11.879,0.000,1.485,0.013
78.71,-11.889,0.009,-1.490,-11.879,0.000,1.485,0.014
78.73,-11.889,0.009,-1.490,-11.879,0.000,1.485,0.014
78.75,-11.889,0.009,-1.490,-11.879,0.000,1.485,0.014
78.77,-11.888,0.011,-1.490,-11.879,0.000,1.485,0.015
78.79,-11.888,0.011,-1.490,-11.879,0.000,1.485,0.015
78.81,-11.888,0.012,-1.490,-11.879,0.000,1.485,0.016
78.83,-11.888,0.012,-1.490,-11.879,0.000,1.485,0.016
78.86,-11.887,0.013,-1.490,-11.879,0.000,1.485,0.016
78.88,-11.887,0.013,-1.490,-11.879,0.000,1.485,0.016
78.90,-11.887,0.013,-1.491,-11.879,0.000,1.485,0.016
78.92,-11.887,0.013,-1.491,-11.879,0.000,1.485,0.016
78.94,-11.886,0.013,-1.491,-11.879,0.000,1.485,0.016
78.96,-11.886,0.013,-1.491,-11.879,0.000,1.485,0.016
78.98,-11.886,0.014,-1.491,-11.879,0.000,1.485,0.016
79.00,-11.886,0.014,-1.491,-11.879,0.000,1.485,0.016
79.02,-11.885,0.014,-1.492,-11.879,0.000,1.485,0.016
79.04,-11.885,0.014,-1.492,-11.879,0.000,1.485,0.016
79.06,-11.885,0.013,-1.492,-11.879,0.000,1.485,0.016
79.09,-11.885,0.013,-1.492,-11.879,0.000,1.485,0.016
79.11,-11.885,0.013,-1.493,-11.879,0.000,1.485,0.016
79.13,-11.885,0.013,-1.493,-11.879,0.000,1.485,0.016
79.15,-11.884,0.012,-1.493,-11.879,0.000,1.485,0.015
79.17,-11.884,0.012,-1.493,-11.879,0.000,1.485,0.015
79.19,-11.884,0.011,-1.493,-11.879,0.000,1.485,0.015
79.21,-11.884,0.011,-1.493,-11.879,0.000,1.485,0.015
79.23,-11.884,0.011,-1.493,-11.879,0.000,1.485,0.015
79.25,-11.884,0.009,-1.494,-11.879,0.000,1.485,0.014
79.27,-11.884,0.009,-1.494,-11.879,0.000,1.485,0.014
79.29,-11.884,0.007,-1.494,-11.879,0.000,1.485,0.013
79.31,-11.884,0.007,-1.494,-11.879,0.000,1.485,0.013
79.33,-11.885,0.006,-1.495,-11.879,0.000,1.485,0.013
79.35,-11.885,0.006,-1.495,-11.879,0.000,1.485,0.013
79.38,-11.885,0.004,-1.495,-11.879,0.000,1.485,0.012
79.40,-11.885,0.004,-1.495,-11.879,0.000,1.485,0.012
79.42,-11.885,0.003,-1.495,-11.879,0.000,1.485,0.013
79.44,-11.885,0.003,-1.495,-11.879,0.000,1.485,0.013
79.46,-11.886,0.002,-1.496,-11.879,0.000,1.485,0.013
79.48,-11.886,0.002,-1.496,-11.879,0.000,1.485,0.013
79.50,-11.887,0.000,-1.496,-11.879,0.000,1.485,0.013
79.52,-11.887,0.000,-1.496,-11.879,0.000,1.485,0.013
79.54,-11.887,-0.001,-1.496,-11.879,0.000,1.485,0.014
79.56,-11.887,-0.001,-1.496,-11.879,0.000,1.485,0.014
79.58,-11.888,-0.002,-1.496,-11.879,0.000,1.485,0.015
79.60,-11.888,-0.002,-1.496,-11.879,0.000,1.485,0.015
79.62,-11.889,-0.003,-1.496,-11.879,0.000,1.485,0.015
79.65,-11.889,-0.003,-1.496,-11.879,0.000,1.485,0.015
79.67,-11.889,-0.005,-1.495,-11.879,0.000,1.485,0.016
79.69,-11.889,-0.005,-1.495,-11.879,0.000,1.485,0.016
79.71,-11.890,-0.006,-1.495,-11.879,0.000,1.485,0.016
79.73,-11.890,-0.006,-1.495,-11.879,0.000,1.485,0.016
79.75,-11.890,-0.006,-1.495,-11.879,0.000,1.485,0.016
79.77,-11.891,-0.008,-1.494,-11.879,0.000,1.485,0.017
79.79,-11.891,-0.008,-1.494,-11.879,0.000,1.485,0.017
79.81,-11.891,-0.010,-1.494,-11.879,0.000,1.485,0.018
79.83,-11.891,-0.010,-1.494,-11.879,0.000,1.485,0.018
79.85,-11.892,-0.011,-1.494,-11.879,0.000,1.485,0.019
79.88,-11.892,-0.011,-1.494,-11.879,0.000,1.485,0.019
79.90,-11.892,-0.012,-1.493,-11.879,0.000,1.485,0.020
79.92,-11.892,-0.012,-1.493,-11.879,0.000,1.485,0.020
79.94,-11.893,-0.013,-1.493,-11.879,0.000,1.485,0.021
79.96,-11.893,-0.013,-1.493,-11.879,0.000,1.485,0.021
79.98,-11.893,-0.015,-1.492,-11.879,0.000,1.485,0.022
80.00,-11.893,-0.015,-1.492,-11.879,0.000,1.485,0.022
80.02,-11.893,-0.016,-1.492,-11.879,0.000,1.485,0.023
80.04,-11.893,-0.016,-1.492,-11.879,0.000,1.485,0.023
80.06,-11.894,-0.017,-1.492,-11.879,0.000,1.485,0.024
80.08,-11.894,-0.017,-1.492,-11.879,0.000,1.485,0.024
80.10,-11.894,-0.019,-1.491,-11.879,0.000,1.485,0.025
80.12,-11.894,-0.019,-1.491,-11.879,0.000,1.485,0.025
80.15,-11.894,-0.020,-1.491,-11.879,0.000,1.485,0.026
80.17,-11.894,-0.020,-1.491,-11.879,0.000,1.485,0.026
80.19,-11.894,-0.021,-1.491,-11.879,0.000,1.485,0.027
80.21,-11.894,-0.021,-1.491,-11.879,0.000,1.485,0.027
80.23,-11.894,-0.021,-1.491,-11.879,0.000,1.485,0.027
80.25,-11.894,-0.023,-1.490,-11.879,0.000,1.485,0.028
80.27,-11.894,-0.023,-1.490,-11.879,0.000,1.485,0.028
80.29,-11.893,-0.024,-1.490,-11.879,0.000,1.485,0.029
80.31,-11.893,-0.024,-1.490,-11.879,0.000,1.485,0.029
80.33,-11.893,-0.026,-1.489,-11.879,0.000,1.485,0.029
80.35,-11.893,-0.026,-1.489,-11.879,0.000,1.485,0.029
80.37,-11.892,-0.027,-1.489,-11.879,0.000,1.485,0.030
80.39,-11.892,-0.027,-1.489,-11.879,0.000,1.485,0.030
80.42,-11.890,-0.028,-1.488,-11.879,0.000,1.485,0.030
80.44,-11.890,-0.028,-1.488,-11.879,0.000,1.485,0.030
80.46,-11.889,-0.028,-1.488,-11.879,0.000,1.485,0.030
80.48,-11.889,-0.028,-1.488,-11.879,0.000,1.485,0.030
80.50,-11.888,-0.029,-1.487,-11.879,0.000,1.485,0.031
80.52,-11.888,-0.029,-1.487,-11.879,0.000,1.485,0.031
80.54,-11.886,-0.030,-1.487,-11.879,0.000,1.485,0.031
80.56,-11.886,-0.030,-1.487,-11.879,0.000,1.485,0.031
80.58,-11.885,-0.031,-1.487,-11.879,0.000,1.485,0.032
80.60,-11.885,-0.031,-1.487,-11.879,0.000,1.485,0.032
80.62,-11.883,-0.032,-1.486,-11.879,0.000,1.485,0.032
80.64,-11.883,-0.032,-1.486,-11.879,0.000,1.485,0.032
80.67,-11.882,-0.032,-1.486,-11.879,0.000,1.485,0.032
80.69,-11.882,-0.032,-1.486,-11.879,0.000,1.485,0.032
80.71,-11.880,-0.032,-1.486,-11.879,0.000,1.485,0.032
80.73,-11.880,-0.032,-1.486,-11.879,0.000,1.485,0.032
80.75,-11.880,-0.032,-1.486,-11.879,0.000,1.485,0.032
80.77,-11.879,-0.032,-1.485,-11.879,0.000,1.485,0.032
80.79,-11.879,-0.032,-1.485,-11.879,0.000,1.485,0.032
80.81,-11.878,-0.031,-1.485,-11.879,0.000,1.485,0.031
80.83,-11.878,-0.031,-1.485,-11.879,0.000,1.485,0.031
80.85,-11.877,-0.030,-1.485,-11.879,0.000,1.485,0.031
80.87,-11.877,-0.030,-1.485,-11.879,0.000,1.485,0.031
80.89,-11.876,-0.030,-1.485,-11.879,0.000,1.485,0.030
80.91,-11.876,-0.030,-1.485,-11.879,0.000,1.485,0.030
80.94,-11.876,-0.029,-1.485,-11.879,0.000,1.485,0.029
80.96,-11.876,-0.029,-1.485,-11.879,0.000,1.485,0.029
80.98,-11.875,-0.028,-1.485,-11.879,0.000,1.485,0.029
81.00,-11.875,-0.028,-1.485,-11.879,0.000,1.485,0.029
81.02,-11.875,-0.027,-1.485,-11.879,0.000,1.485,0.028
81.04,-11.875,-0.027,-1.485,-11.879,0.000,1.485,0.028
81.06,-11.875,-0.027,-1.485,-11.879,0.000,1.485,0.027
81.08,-11.875,-0.027,-1.485,-11.879,0.000,1.485,0.027
81.10,-11.875,-0.026,-1.484,-11.879,0.000,1.485,0.026
81.12,-11.875,-0.026,-1.484,-11.879,0.000,1.485,0.026
81.14,-11.875,-0.025,-1.484,-11.879,0.000,1.485,0.025
81.17,-11.875,-0.025,-1.484,-11.879,0.000,1.485,0.025
81.19,-11.876,-0.023,-1.484,-11.879,0.000,1.485,0.024
81.21,-11.876,-0.023,-1.484,-11.879,0.000,1.485,0.024
81.23,-11.876,-0.022,-1.484,-11.879,0.000,1.485,0.023
81.25,-11.876,-0.022,-1.484,-11.879,0.000,1.485,0.023
81.27,-11.876,-0.022,-1.484,-11.879,0.000,1.485,0.023
81.29,-11.875,-0.020,-1.483,-11.879,0.000,1.485,0.021
81.31,-11.875,-0.020,-1.483,-11.879,0.000,1.485,0.021
81.33,-11.875,-0.019,-1.483,-11.879,0.000,1.485,0.020
81.35,-11.875,-0.019,-1.483,-11.879,0.000,1.485,0.020
81.37,-11.875,-0.018,-1.482,-11.879,0.000,1.485,0.018
81.39,-11.875,-0.018,-1.482,-11.879,0.000,1.485,0.018
81.41,-11.874,-0.016,-1.481,-11.879,0.000,1.485,0.017
81.43,-11.874,-0.016,-1.481,-11.879,0.000,1.485,0.017
81.46,-11.874,-0.015,-1.481,-11.879,0.000,1.485,0.017
81.48,-11.874,-0.015,-1.481,-11.879,0.000,1.485,0.017
81.50,-11.873,-0.014,-1.481,-11.879,0.000,1.485,0.016
81.52,-11.873,-0.014,-1.481,-11.879,0.000,1.485,0.016
81.54,-11.873,-0.012,-1.480,-11.879,0.000,1.485,0.015
81.56,-11.873,-0.012,-1.480,-11.879,0.000,1.485,0.015
81.58,-11.872,-0.011,-1.480,-11.879,0.000,1.485,0.014
81.60,-11.872,-0.011,-1.480,-11.879,0.000,1.485,0.014
81.62,-11.872,-0.010,-1.480,-11.879,0.000,1.485,0.013
81.64,-11.872,-0.010,-1.480,-11.879,0.000,1.485,0.013
81.66,-11.872,-0.008,-1.480,-11.879,0.000,1.485,0.012
81.69,-11.872,-0.008,-1.480,-11.879,0.000,1.485,0.012
81.71,-11.871,-0.007,-1.480,-11.879,0.000,1.485,0.012
81.73,-11.871,-0.007,-1.480,-11.879,0.000,1.485,0.012
81.75,-11.871,-0.007,-1.480,-11.879,0.000,1.485,0.012
81.77,-11.871,-0.005,-1.480,-11.879,0.000,1.485,0.011
81.79,-11.871,-0.005,-1.480,-11.879,0.000,1.485,0.011
81.81,-11.871,-0.003,-1.480,-11.879,0.000,1.485,0.010
81.83,-11.871,-0.003,-1.480,-11.879,0.000,1.485,0.010
81.85,-11.870,-0.002,-1.480,-11.879,0.000,1.485,0.010
81.87,-11.870,-0.002,-1.480,-11.879,0.000,1.485,0.010
81.89,-11.870,-0.000,-1.480,-11.879,0.000,1.485,0.010
81.91,-11.870,-0.000,-1.480,-11.879,0.000,1.485,0.010
81.94,-11.870,0.001,-1.480,-11.879,0.000,1.485,0.010
81.96,-11.870,0.001,-1.480,-11.879,0.000,1.485,0.010
81.98,-11.870,0.003,-1.480,-11.879,0.000,1.485,0.010
82.00,-11.870,0.003,-1.480,-11.879,0.000,1.485,0.010
82.02,-11.870,0.004,-1.480,-11.879,0.000,1.485,0.011
82.04,-11.870,0.004,-1.480,-11.879,0.000,1.485,0.011
82.06,-11.870,0.005,-1.479,-11.879,0.000,1.485,0.011
82.08,-11.870,0.005,-1.479,-11.879,0.000,1.485,0.011
82.10,-11.870,0.006,-1.479,-11.879,0.000,1.485,0.012
82.12,-11.870,0.006,-1.479,-11.879,0.000,1.485,0.012
82.14,-11.870,0.007,-1.479,-11.879,0.000,1.485,0.013
82.16,-11.870,0.007,-1.479,-11.879,0.000,1.485,0.013
82.19,-11.870,0.008,-1.479,-11.879,0.000,1.485,0.013
82.21,-11.870,0.008,-1.479,-11.879,0.000,1.485,0.013
82.23,-11.870,0.009,-1.479,-11.879,0.000,1.485,0.014
82.25,-11.870,0.009,-1.479,-11.879,0.000,1.485,0.014
82.27,-11.870,0.009,-1.479,-11.879,0.000,1.485,0.014
82.29,-11.871,0.011,-1.480,-11.879,0.000,1.485,0.015
82.31,-11.871,0.011,-1.480,-11.879,0.000,1.485,0.015
82.33,-11.871,0.011,-1.480,-11.879,0.000,1.485,0.015
82.35,-11.871,0.011,-1.480,-11.879,0.000,1.485,0.015
82.37,-11.871,0.012,-1.481,-11.879,0.000,1.485,0.015
82.39,-11.871,0.012,-1.481,-11.879,0.000,1.485,0.015
82.41,-11.872,0.013,-1.481,-11.879,0.000,1.485,0.015
82.43,-11.872,0.013,-1.481,-11.879,0.000,1.485,0.015
82.45,-11.872,0.013,-1.482,-11.879,0.000,1.485,0.015
82.47,-11.872,0.013,-1.482,-11.879,0.000,1.485,0.015
82.50,-11.872,0.013,-1.483,-11.879,0.000,1.485,0.015
82.52,-11.872,0.013,-1.483,-11.879,0.000,1.485,0.015
82.54,-11.873,0.013,-1.484,-11.879,0.000,1.485,0.014
82.56,-11.873,0.013,-1.484,-11.879,0.000,1.485,0.014
82.58,-11.874,0.013,-1.484,-11.879,0.000,1.485,0.014
82.60,-11.874,0.013,-1.484,-11.879,0.000,1.485,0.014
82.62,-11.874,0.013,-1.485,-11.879,0.000,1.485,0.014
82.64,-11.874,0.013,-1.485,-11.879,0.000,1.485,0.014
82.66,-11.875,0.013,-1.485,-11.879,0.000,1.485,0.013
82.68,-11.875,0.013,-1.485,-11.879,0.000,1.485,0.013
82.70,-11.876,0.012,-1.485,-11.879,0.000,1.485,0.013
82.73,-11.876,0.012,-1.485,-11.879,0.000,1.485,0.013
82.75,-11.876,0.012,-1.485,-11.879,0.000,1.485,0.013
82.77,-11.877,0.012,-1.485,-11.879,0.000,1.485,0.012
82.79,-11.877,0.012,-1.485,-11.879,0.000,1.485,0.012
82.81,-11.878,0.012,-1.485,-11.879,0.000,1.485,0.012
82.83,-11.878,0.012,-1.485,-11.879,0.000,1.485,0.012
82.85,-11.879,0.012,-1.485,-11.879,0.000,1.485,0.012
82.87,-11.879,0.012,-1.485,-11.879,0.000,1.485,0.012
82.89,-11.879,0.012,-1.485,-11.879,0.000,1.485,0.012
82.91,-11.879,0.012,-1.485,-11.879,0.000,1.485,0.012
82.93,-11.880,0.012,-1.484,-11.879,0.000,1.485,0.012
82.95,-11.880,0.012,-1.484,-11.879,0.000,1.485,0.012
82.98,-11.881,0.013,-1.483,-11.879,0.000,1.485,0.013
83.00,-11.881,0.013,-1.483,-11.879,0.000,1.485,0.013
83.02,-11.882,0.013,-1.483,-11.879,0.000,1.485,0.014
83.04,-11.882,0.013,-1.483,-11.879,0.000,1.485,0.014
83.06,-11.883,0.014,-1.482,-11.879,0.000,1.485,0.015
83.08,-11.883,0.014,-1.482,-11.879,0.000,1.485,0.015
83.10,-11.884,0.015,-1.482,-11.879,0.000,1.485,0.016
83.12,-11.884,0.015,-1.482,-11.879,0.000,1.485,0.016
83.14,-11.885,0.016,-1.481,-11.879,0.000,1.485,0.018
83.16,-11.885,0.016,-1.481,-11.879,0.000,1.485,0.018
83.18,-11.886,0.018,-1.481,-11.879,0.000,1.485,0.019
83.20,-11.886,0.018,-1.481,-11.879,0.000,1.485,0.019
83.23,-11.887,0.019,-1.481,-11.879,0.000,1.485,0.021
83.25,-11.887,0.019,-1.481,-11.879,0.000,1.485,0.021
83.27,-11.887,0.019,-1.481,-11.879,0.000,1.485,0.021
83.29,-11.888,0.022,-1.481,-11.879,0.000,1.485,0.024
83.31,-11.888,0.022,-1.481,-11.879,0.000,1.485,0.024
83.33,-11.889,0.023,-1.482,-11.879,0.000,1.485,0.026
83.35,-11.889,0.023,-1.482,-11.879,0.000,1.485,0.026
83.37,-11.890,0.025,-1.482,-11.879,0.000,1.485,0.027
83.39,-11.890,0.025,-1.482,-11.879,0.000,1.485,0.027
83.41,-11.892,0.027,-1.482,-11.879,0.000,1.485,0.029
83.43,-11.892,0.027,-1.482,-11.879,0.000,1.485,0.029
83.45,-11.893,0.028,-1.483,-11.879,0.000,1.485,0.031
83.47,-11.893,0.028,-1.483,-11.879,0.000,1.485,0.031
83.50,-11.893,0.029,-1.483,-11.879,0.000,1.485,0.032
83.52,-11.893,0.029,-1.483,-11.879,0.000,1.485,0.032
83.54,-11.894,0.030,-1.483,-11.879,0.000,1.485,0.033
83.56,-11.894,0.030,-1.483,-11.879,0.000,1.485,0.033
83.58,-11.895,0.030,-1.483,-11.879,0.000,1.485,0.034
83.60,-11.895,0.030,-1.483,-11.879,0.000,1.485,0.034
83.62,-11.895,0.031,-1.484,-11.879,0.000,1.485,0.034
83.64,-11.895,0.031,-1.484,-11.879,0.000,1.485,0.034
83.66,-11.896,0.031,-1.484,-11.879,0.000,1.485,0.035
83.68,-11.896,0.031,-1.484,-11.879,0.000,1.485,0.035
83.71,-11.896,0.031,-1.484,-11.879,0.000,1.485,0.035
83.73,-11.896,0.031,-1.484,-11.879,0.000,1.485,0.035
83.75,-11.897,0.031,-1.484,-11.879,0.000,1.485,0.035
83.77,-11.897,0.031,-1.484,-11.879,0.000,1.485,0.035
83.79,-11.897,0.031,-1.484,-11.879,0.000,1.485,0.035
83.81,-11.898,0.030,-1.485,-11.879,0.000,1.485,0.035
83.83,-11.898,0.030,-1.485,-11.879,0.000,1.485,0.035
83.85,-11.899,0.030,-1.485,-11.879,0.000,1.485,0.035
83.87,-11.899,0.030,-1.485,-11.879,0.000,1.485,0.035
83.89,-11.899,0.029,-1.485,-11.879,0.000,1.485,0.035
83.91,-11.899,0.029,-1.485,-11.879,0.000,1.485,0.035
83.93,-11.899,0.028,-1.485,-11.879,0.000,1.485,0.034
83.95,-11.899,0.028,-1.485,-11.879,0.000,1.485,0.034
83.98,-11.900,0.027,-1.485,-11.879,0.000,1.485,0.034
84.00,-11.900,0.027,-1.485,-11.879,0.000,1.485,0.034
84.02,-11.900,0.026,-1.485,-11.879,0.000,1.485,0.033
84.04,-11.900,0.026,-1.485,-11.879,0.000,1.485,0.033
84.06,-11.900,0.025,-1.485,-11.879,0.000,1.485,0.032
84.08,-11.900,0.025,-1.485,-11.879,0.000,1.485,0.032
84.10,-11.900,0.024,-1.484,-11.879,0.000,1.485,0.032
84.12,-11.900,0.024,-1.484,-11.879,0.000,1.485,0.032
84.14,-11.901,0.023,-1.484,-11.879,0.000,1.485,0.031
84.16,-11.901,0.023,-1.484,-11.879,0.000,1.485,0.031
84.18,-11.901,0.021,-1.483,-11.879,0.000,1.485,0.030
84.20,-11.901,0.021,-1.483,-11.879,0.000,1.485,0.030
84.23,-11.901,0.020,-1.482,-11.879,0.000,1.485,0.029
84.25,-11.901,0.020,-1.482,-11.879,0.000,1.485,0.029
84.27,-11.901,0.020,-1.482,-11.879,0.000,1.485,0.029
84.29,-11.901,0.017,-1.481,-11.879,0.000,1.485,0.028
84.31,-11.901,0.017,-1.481,-11.879,0.000,1.485,0.028
84.33,-11.900,0.015,-1.481,-11.879,0.000,1.485,0.026
84.35,-11.900,0.015,-1.481,-11.879,0.000,1.485,0.026
84.37,-11.900,0.014,-1.480,-11.879,0.000,1.485,0.025
84.39,-11.900,0.014,-1.480,-11.879,0.000,1.485,0.025
84.41,-11.899,0.012,-1.480,-11.879,0.000,1.485,0.023
84.43,-11.899,0.012,-1.480,-11.879,0.000,1.485,0.023
84.45,-11.898,0.010,-1.480,-11.879,0.000,1.485,0.022
84.47,-11.898,0.010,-1.480,-11.879,0.000,1.485,0.022
84.50,-11.897,0.008,-1.480,-11.879,0.000,1.485,0.021
84.52,-11.897,0.008,-1.480,-11.879,0.000,1.485,0.021
84.54,-11.896,0.006,-1.479,-11.879,0.000,1.485,0.019
84.56,-11.896,0.006,-1.479,-11.879,0.000,1.485,0.019
84.58,-11.895,0.005,-1.479,-11.879,0.000,1.485,0.018
84.60,-11.895,0.005,-1.479,-11.879,0.000,1.485,0.018
84.62,-11.894,0.004,-1.478,-11.879,0.000,1.485,0.017
84.64,-11.894,0.004,-1.478,-11.879,0.000,1.485,0.017
84.66,-11.893,0.002,-1.478,-11.879,0.000,1.485,0.016
84.68,-11.893,0.002,-1.478,-11.879,0.000,1.485,0.016
84.70,-11.892,0.001,-1.477,-11.879,0.000,1.485,0.015
84.72,-11.892,0.001,-1.477,-11.879,0.000,1.485,0.015
84.75,-11.891,-0.000,-1.476,-11.879,0.000,1.485,0.014
84.77,-11.891,-0.000,-1.476,-11.879,0.000,1.485,0.014
84.79,-11.891,-0.000,-1.476,-11.879,0.000,1.485,0.014
84.81,-11.889,-0.002,-1.475,-11.879,0.000,1.485,0.014
84.83,-11.889,-0.002,-1.475,-11.879,0.000,1.485,0.014
84.85,-11.888,-0.002,-1.475,-11.879,0.000,1.485,0.013
84.87,-11.888,-0.002,-1.475,-11.879,0.000,1.485,0.013
84.89,-11.886,-0.003,-1.474,-11.879,0.000,1.485,0.013
84.91,-11.886,-0.003,-1.474,-11.879,0.000,1.485,0.013
84.93,-11.885,-0.003,-1.474,-11.879,0.000,1.485,0.013
84.95,-11.885,-0.003,-1.474,-11.879,0.000,1.485,0.013
84.97,-11.884,-0.004,-1.474,-11.879,0.000,1.485,0.013
85.00,-11.884,-0.004,-1.474,-11.879,0.000,1.485,0.013
85.02,-11.884,-0.004,-1.474,-11.879,0.000,1.485,0.012
85.04,-11.884,-0.004,-1.474,-11.879,0.000,1.485,0.012
85.06,-11.883,-0.004,-1.474,-11.879,0.000,1.485,0.012
85.08,-11.883,-0.004,-1.474,-11.879,0.000,1.485,0.012
85.10,-11.882,-0.004,-1.474,-11.879,0.000,1.485,0.012
85.12,-11.882,-0.004,-1.474,-11.879,0.000,1.485,0.012
85.14,-11.881,-0.005,-1.474,-11.879,0.000,1.485,0.012
85.16,-11.881,-0.005,-1.474,-11.879,0.000,1.485,0.012
85.18,-11.880,-0.005,-1.474,-11.879,0.000,1.485,0.012
85.20,-11.880,-0.005,-1.474,-11.879,0.000,1.485,0.012
85.23,-11.879,-0.005,-1.474,-11.879,0.000,1.485,0.012
85.25,-11.879,-0.005,-1.474,-11.879,0.000,1.485,0.012
85.27,-11.879,-0.005,-1.474,-11.879,0.000,1.485,0.012
85.29,-11.878,-0.004,-1.475,-11.879,0.000,1.485,0.011
85.31,-11.878,-0.004,-1.475,-11.879,0.000,1.485,0.011
85.33,-11.877,-0.004,-1.476,-11.879,0.000,1.485,0.010
85.35,-11.877,-0.004,-1.476,-11.879,0.000,1.485,0.010
85.37,-11.876,-0.004,-1.476,-11.879,0.000,1.485,0.010
85.39,-11.876,-0.004,-1.476,-11.879,0.000,1.485,0.010
85.41,-11.876,-0.003,-1.477,-11.879,0.000,1.485,0.009
85.43,-11.876,-0.003,-1.477,-11.879,0.000,1.485,0.009
85.45,-11.875,-0.002,-1.478,-11.879,0.000,1.485,0.008
85.47,-11.875,-0.002,-1.478,-11.879,0.000,1.485,0.008
85.50,-11.875,-0.002,-1.479,-11.879,0.000,1.485,0.008
85.52,-11.875,-0.002,-1.479,-11.879,0.000,1.485,0.008
85.54,-11.874,-0.001,-1.479,-11.879,0.000,1.485,0.007
85.56,-11.874,-0.001,-1.479,-11.879,0.000,1.485,0.007
85.58,-11.874,-0.000,-1.480,-11.879,0.000,1.485,0.007
85.60,-11.874,-0.000,-1.480,-11.879,0.000,1.485,0.007
85.62,-11.873,0.000,-1.480,-11.879,0.000,1.485,0.007
85.64,-11.873,0.000,-1.480,-11.879,0.000,1.485,0.007
85.66,-11.873,0.001,-1.481,-11.879,0.000,1.485,0.008
85.68,-11.873,0.001,-1.481,-11.879,0.000,1.485,0.008
85.70,-11.872,0.001,-1.481,-11.879,0.000,1.485,0.008
85.72,-11.872,0.001,-1.481,-11.879,0.000,1.485,0.008
85.75,-11.871,0.002,-1.482,-11.879,0.000,1.485,0.008
85.77,-11.871,0.002,-1.482,-11.879,0.000,1.485,0.008
85.79,-11.871,0.002,-1.482,-11.879,0.000,1.485,0.008
85.81,-11.871,0.003,-1.482,-11.879,0.000,1.485,0.009
85.83,-11.871,0.003,-1.482,-11.879,0.000,1.485,0.009
85.85,-11.870,0.003,-1.483,-11.879,0.000,1.485,0.009
85.87,-11.870,0.003,-1.483,-11.879,0.000,1.485,0.009
85.89,-11.870,0.004,-1.483,-11.879,0.000,1.485,0.010
85.91,-11.870,0.004,-1.483,-11.879,0.000,1.485,0.010
85.93,-11.870,0.004,-1.484,-11.879,0.000,1.485,0.010
85.95,-11.870,0.004,-1.484,-11.879,0.000,1.485,0.010
85.97,-11.870,0.004,-1.484,-11.879,0.000,1.485,0.010
85.99,-11.870,0.004,-1.484,-11.879,0.000,1.485,0.010
86.02,-11.870,0.004,-1.484,-11.879,0.000,1.485,0.010
86.04,-11.870,0.004,-1.484,-11.879,0.000,1.485,0.010
86.06,-11.870,0.005,-1.484,-11.879,0.000,1.485,0.010
86.08,-11.870,0.005,-1.484,-11.879,0.000,1.485,0.010
86.10,-11.870,0.005,-1.484,-11.879,0.000,1.485,0.011
86.12,-11.870,0.005,-1.484,-11.879,0.000,1.485,0.011
86.14,-11.870,0.005,-1.484,-11.879,0.000,1.485,0.011
86.16,-11.870,0.005,-1.484,-11.879,0.000,1.485,0.011
86.18,-11.870,0.006,-1.484,-11.879,0.000,1.485,0.010
86.20,-11.870,0.006,-1.484,-11.879,0.000,1.485,0.010
86.22,-11.871,0.006,-1.484,-11.879,0.000,1.485,0.010
86.24,-11.871,0.006,-1.484,-11.879,0.000,1.485,0.010
86.27,-11.871,0.006,-1.484,-11.879,0.000,1.485,0.010
86.29,-11.871,0.006,-1.484,-11.879,0.000,1.485,0.010
86.31,-11.871,0.006,-1.484,-11.879,0.000,1.485,0.010
86.33,-11.872,0.007,-1.484,-11.879,0.000,1.485,0.009
86.35,-11.872,0.007,-1.484,-11.879,0.000,1.485,0.009
86.37,-11.873,0.007,-1.484,-11.879,0.000,1.485,0.009
86.39,-11.873,0.007,-1.484,-11.879,0.000,1.485,0.009
86.41,-11.874,0.008,-1.484,-11.879,0.000,1.485,0.009
86.43,-11.874,0.008,-1.484,-11.879,0.000,1.485,0.009
86.45,-11.876,0.008,-1.485,-11.879,0.000,1.485,0.009
86.47,-11.876,0.008,-1.485,-11.879,0.000,1.485,0.009
86.49,-11.877,0.009,-1.485,-11.879,0.000,1.485,0.009
86.51,-11.877,0.009,-1.485,-11.879,0.000,1.485,0.009
86.54,-11.878,0.010,-1.485,-11.879,0.000,1.485,0.009
86.56,-11.878,0.010,-1.485,-11.879,0.000,1.485,0.009
86.58,-11.879,0.010,-1.486,-11.879,0.000,1.485,0.010
86.60,-11.879,0.010,-1.486,-11.879,0.000,1.485,0.010
86.62,-11.881,0.010,-1.486,-11.879,0.000,1.485,0.011
86.64,-11.881,0.010,-1.486,-11.879,0.000,1.485,0.011
86.66,-11.882,0.011,-1.487,-11.879,0.000,1.485,0.011
86.68,-11.882,0.011,-1.487,-11.879,0.000,1.485,0.011
86.70,-11.883,0.011,-1.488,-11.879,0.000,1.485,0.012
86.72,-11.883,0.011,-1.488,-11.879,0.000,1.485,0.012
86.74,-11.884,0.011,-1.488,-11.879,0.000,1.485,0.012
86.77,-11.884,0.011,-1.488,-11.879,0.000,1.485,0.012
86.79,-11.884,0.011,-1.488,-11.879,0.000,1.485,0.012
86.81,-11.886,0.010,-1.489,-11.879,0.000,1.485,0.013
86.83,-11.886,0.010,-1.489,-11.879,0.000,1.485,0.013
86.85,-11.888,0.010,-1.490,-11.879,0.000,1.485,0.014
86.87,-11.888,0.010,-1.490,-11.879,0.000,1.485,0.014
86.89,-11.889,0.010,-1.490,-11.879,0.000,1.485,0.015
86.91,-11.889,0.010,-1.490,-11.879,0.000,1.485,0.015
86.93,-11.891,0.009,-1.491,-11.879,0.000,1.485,0.016
86.95,-11.891,0.009,-1.491,-11.879,0.000,1.485,0.016
86.97,-11.892,0.008,-1.491,-11.879,0.000,1.485,0.016
86.99,-11.892,0.008,-1.491,-11.879,0.000,1.485,0.016
87.01,-11.893,0.008,-1.491,-11.879,0.000,1.485,0.017
87.03,-11.893,0.008,-1.491,-11.879,0.000,1.485,0.017
87.05,-11.894,0.007,-1.492,-11.879,0.000,1.485,0.018
87.08,-11.894,0.007,-1.492,-11.879,0.000,1.485,0.018
87.10,-11.895,0.006,-1.492,-11.879,0.000,1.485,0.019
87.12,-11.895,0.006,-1.492,-11.879,0.000,1.485,0.019
87.14,-11.897,0.005,-1.492,-11.879,0.000,1.485,0.020
87.16,-11.897,0.005,-1.492,-11.879,0.000,1.485,0.020
87.18,-11.898,0.004,-1.492,-11.879,0.000,1.485,0.021
87.20,-11.898,0.004,-1.492,-11.879,0.000,1.485,0.021
87.22,-11.899,0.003,-1.492,-11.879,0.000,1.485,0.022
87.24,-11.899,0.003,-1.492,-11.879,0.000,1.485,0.022
87.26,-11.901,0.001,-1.492,-11.879,0.000,1.485,0.023
87.28,-11.901,0.001,-1.492,-11.879,0.000,1.485,0.023
87.31,-11.901,0.001,-1.492,-11.879,0.000,1.485,0.023
87.33,-11.902,-0.001,-1.492,-11.879,0.000,1.485,0.024
87.35,-11.902,-0.001,-1.492,-11.879,0.000,1.485,0.024
87.37,-11.903,-0.002,-1.492,-11.879,0.000,1.485,0.025
87.39,-11.903,-0.002,-1.492,-11.879,0.000,1.485,0.025
87.41,-11.903,-0.003,-1.492,-11.879,0.000,1.485,0.025
87.43,-11.903,-0.003,-1.492,-11.879,0.000,1.485,0.025
87.45,-11.904,-0.003,-1.492,-11.879,0.000,1.485,0.026
87.47,-11.904,-0.003,-1.492,-11.879,0.000,1.485,0.026
87.49,-11.904,-0.004,-1.492,-11.879,0.000,1.485,0.026
87.51,-11.904,-0.004,-1.492,-11.879,0.000,1.485,0.026
87.53,-11.904,-0.005,-1.492,-11.879,0.000,1.485,0.026
87.56,-11.904,-0.005,-1.492,-11.879,0.000,1.485,0.026
87.58,-11.904,-0.005,-1.491,-11.879,0.000,1.485,0.026
87.60,-11.904,-0.005,-1.491,-11.879,0.000,1.485,0.026
87.62,-11.904,-0.006,-1.491,-11.879,0.000,1.485,0.026
87.64,-11.904,-0.006,-1.491,-11.879,0.000,1.485,0.026
87.66,-11.904,-0.006,-1.491,-11.879,0.000,1.485,0.026
87.68,-11.904,-0.006,-1.491,-11.879,0.000,1.485,0.026
87.70,-11.904,-0.006,-1.491,-11.879,0.000,1.485,0.026
87.72,-11.904,-0.006,-1.491,-11.879,0.000,1.485,0.026
87.74,-11.903,-0.006,-1.491,-11.879,0.000,1.485,0.026
87.76,-11.903,-0.006,-1.491,-11.879,0.000,1.485,0.026
87.78,-11.903,-0.005,-1.491,-11.879,0.000,1.485,0.025
87.81,-11.903,-0.005,-1.491,-11.879,0.000,1.485,0.025
87.83,-11.903,-0.005,-1.491,-11.879,0.000,1.485,0.025
87.85,-11.902,-0.004,-1.491,-11.879,0.000,1.485,0.024
87.87,-11.902,-0.004,-1.491,-11.879,0.000,1.485,0.024
87.89,-11.901,-0.003,-1.491,-11.879,0.000,1.485,0.023
87.91,-11.901,-0.003,-1.491,-11.879,0.000,1.485,0.023
87.93,-11.900,-0.003,-1.492,-11.879,0.000,1.485,0.022
87.95,-11.900,-0.003,-1.492,-11.879,0.000,1.485,0.022
87.97,-11.899,-0.002,-1.491,-11.879,0.000,1.485,0.021
87.99,-11.899,-0.002,-1.491,-11.879,0.000,1.485,0.021
88.01,-11.898,-0.000,-1.491,-11.879,0.000,1.485,0.020
88.03,-11.898,-0.000,-1.491,-11.879,0.000,1.485,0.020
88.05,-11.896,0.001,-1.491,-11.879,0.000,1.485,0.018
88.08,-11.896,0.001,-1.491,-11.879,0.000,1.485,0.018
88.10,-11.895,0.002,-1.491,-11.879,0.000,1.485,0.017
88.12,-11.895,0.002,-1.491,-11.879,0.000,1.485,0.017
88.14,-11.894,0.003,-1.491,-11.879,0.000,1.485,0.016
88.16,-11.894,0.003,-1.491,-11.879,0.000,1.485,0.016
88.18,-11.892,0.003,-1.491,-11.879,0.000,1.485,0.015
88.20,-11.892,0.003,-1.491,-11.879,0.000,1.485,0.015
88.22,-11.891,0.004,-1.490,-11.879,0.000,1.485,0.014
88.24,-11.891,0.004,-1.490,-11.879,0.000,1.485,0.014
88.26,-11.890,0.004,-1.489,-11.879,0.000,1.485,0.012
88.28,-11.890,0.004,-1.489,-11.879,0.000,1.485,0.012
88.30,-11.890,0.004,-1.489,-11.879,0.000,1.485,0.012
88.33,-11.888,0.004,-1.488,-11.879,0.000,1.485,0.010
88.35,-11.888,0.004,-1.488,-11.879,0.000,1.485,0.010
88.37,-11.886,0.004,-1.487,-11.879,0.000,1.485,0.008
88.39,-11.886,0.004,-1.487,-11.879,0.000,1.485,0.008
88.41,-11.885,0.004,-1.486,-11.879,0.000,1.485,0.007
88.43,-11.885,0.004,-1.486,-11.879,0.000,1.485,0.007
88.45,-11.883,0.004,-1.485,-11.879,0.000,1.485,0.006
88.47,-11.883,0.004,-1.485,-11.879,0.000,1.485,0.006
88.49,-11.882,0.004,-1.484,-11.879,0.000,1.485,0.005
88.51,-11.882,0.004,-1.484,-11.879,0.000,1.485,0.005
88.53,-11.880,0.005,-1.483,-11.879,0.000,1.485,0.005
88.55,-11.880,0.005,-1.483,-11.879,0.000,1.485,0.005
88.58,-11.879,0.005,-1.482,-11.879,0.000,1.485,0.006
88.60,-11.879,0.005,-1.482,-11.879,0.000,1.485,0.006
88.62,-11.878,0.005,-1.481,-11.879,0.000,1.485,0.007
88.64,-11.878,0.005,-1.481,-11.879,0.000,1.485,0.007
88.66,-11.877,0.006,-1.480,-11.879,0.000,1.485,0.008
88.68,-11.877,0.006,-1.480,-11.879,0.000,1.485,0.008
88.70,-11.876,0.006,-1.479,-11.879,0.000,1.485,0.009
88.72,-11.876,0.006,-1.479,-11.879,0.000,1.485,0.009
88.74,-11.875,0.007,-1.479,-11.879,0.000,1.485,0.010
88.76,-11.875,0.007,-1.479,-11.879,0.000,1.485,0.010
88.78,-11.874,0.008,-1.478,-11.879,0.000,1.485,0.011
88.80,-11.874,0.008,-1.478,-11.879,0.000,1.485,0.011
88.83,-11.874,0.008,-1.478,-11.879,0.000,1.485,0.011
88.85,-11.873,0.008,-1.478,-11.879,0.000,1.485,0.012
88.87,-11.873,0.008,-1.478,-11.879,0.000,1.485,0.012
88.89,-11.872,0.009,-1.478,-11.879,0.000,1.485,0.013
88.91,-11.872,0.009,-1.478,-11.879,0.000,1.485,0.013
88.93,-11.871,0.010,-1.477,-11.879,0.000,1.485,0.014
88.95,-11.871,0.010,-1.477,-11.879,0.000,1.485,0.014
88.97,-11.871,0.010,-1.477,-11.879,0.000,1.485,0.015
88.99,-11.871,0.010,-1.477,-11.879,0.000,1.485,0.015
89.01,-11.870,0.011,-1.477,-11.879,0.000,1.485,0.016
89.03,-11.870,0.011,-1.477,-11.879,0.000,1.485,0.016
89.05,-11.870,0.012,-1.476,-11.879,0.000,1.485,0.017
89.07,-11.870,0.012,-1.476,-11.879,0.000,1.485,0.017
89.10,-11.870,0.013,-1.476,-11.879,0.000,1.485,0.018
89.12,-11.870,0.013,-1.476,-11.879,0.000,1.485,0.018
89.14,-11.869,0.013,-1.476,-11.879,0.000,1.485,0.018
89.16,-11.869,0.013,-1.476,-11.879,0.000,1.485,0.018
89.18,-11.869,0.013,-1.476,-11.879,0.000,1.485,0.019
89.20,-11.869,0.013,-1.476,-11.879,0.000,1.485,0.019
89.22,-11.868,0.014,-1.476,-11.879,0.000,1.485,0.019
89.24,-11.868,0.014,-1.476,-11.879,0.000,1.485,0.019
89.26,-11.868,0.014,-1.476,-11.879,0.000,1.485,0.020
89.28,-11.868,0.014,-1.476,-11.879,0.000,1.485,0.020
89.30,-11.868,0.014,-1.476,-11.879,0.000,1.485,0.020
89.33,-11.867,0.015,-1.476,-11.879,0.000,1.485,0.021
89.35,-11.867,0.015,-1.476,-11.879,0.000,1.485,0.021
89.37,-11.867,0.015,-1.477,-11.879,0.000,1.485,0.021
89.39,-11.867,0.015,-1.477,-11.879,0.000,1.485,0.021
89.41,-11.866,0.015,-1.477,-11.879,0.000,1.485,0.021
89.43,-11.866,0.015,-1.477,-11.879,0.000,1.485,0.021
89.45,-11.866,0.016,-1.477,-11.879,0.000,1.485,0.022
89.47,-11.866,0.016,-1.477,-11.879,0.000,1.485,0.022
89.49,-11.866,0.016,-1.477,-11.879,0.000,1.485,0.022
89.51,-11.866,0.016,-1.477,-11.879,0.000,1.485,0.022
89.53,-11.865,0.016,-1.477,-11.879,0.000,1.485,0.022
89.55,-11.865,0.016,-1.477,-11.879,0.000,1.485,0.022
89.57,-11.865,0.016,-1.477,-11.879,0.000,1.485,0.023
89.60,-11.865,0.016,-1.477,-11.879,0.000,1.485,0.023
89.62,-11.865,0.015,-1.476,-11.879,0.000,1.485,0.023
89.64,-11.865,0.015,-1.476,-11.879,0.000,1.485,0.023
89.66,-11.864,0.015,-1.476,-11.879,0.000,1.485,0.023
89.68,-11.864,0.015,-1.476,-11.879,0.000,1.485,0.023
89.70,-11.864,0.014,-1.476,-11.879,0.000,1.485,0.023
89.72,-11.864,0.014,-1.476,-11.879,0.000,1.485,0.023
89.74,-11.863,0.014,-1.475,-11.879,0.000,1.485,0.023
89.76,-11.863,0.014,-1.475,-11.879,0.000,1.485,0.023
89.78,-11.863,0.013,-1.475,-11.879,0.000,1.485,0.023
89.80,-11.863,0.013,-1.475,-11.879,0.000,1.485,0.023
89.82,-11.863,0.013,-1.475,-11.879,0.000,1.485,0.023
89.84,-11.862,0.013,-1.474,-11.879,0.000,1.485,0.023
89.87,-11.862,0.013,-1.474,-11.879,0.000,1.485,0.023
89.89,-11.862,0.012,-1.474,-11.879,0.000,1.485,0.023
89.91,-11.862,0.012,-1.474,-11.879,0.000,1.485,0.023
89.93,-11.862,0.012,-1.474,-11.879,0.000,1.485,0.023
89.95,-11.862,0.012,-1.474,-11.879,0.000,1.485,0.023
89.97,-11.862,0.012,-1.474,-11.879,0.000,1.485,0.023
89.99,-11.862,0.012,-1.474,-11.879,0.000,1.485,0.023
90.01,-11.863,0.012,-1.475,-11.879,0.000,1.485,0.023
90.03,-11.863,0.012,-1.475,-11.879,0.000,1.485,0.023
90.05,-11.863,0.012,-1.475,-11.879,0.000,1.485,0.023
90.07,-11.863,0.012,-1.475,-11.879,0.000,1.485,0.023
90.09,-11.863,0.012,-1.475,-11.879,0.000,1.485,0.022
90.12,-11.863,0.012,-1.475,-11.879,0.000,1.485,0.022
90.14,-11.863,0.012,-1.476,-11.879,0.000,1.485,0.022
90.16,-11.863,0.012,-1.476,-11.879,0.000,1.485,0.022
90.18,-11.864,0.012,-1.476,-11.879,0.000,1.485,0.021
90.20,-11.864,0.012,-1.476,-11.879,0.000,1.485,0.021
90.22,-11.864,0.012,-1.477,-11.879,0.000,1.485,0.021
90.24,-11.864,0.012,-1.477,-11.879,0.000,1.485,0.021
90.26,-11.864,0.012,-1.477,-11.879,0.000,1.485,0.020
90.28,-11.864,0.012,-1.477,-11.879,0.000,1.485,0.020
90.30,-11.865,0.012,-1.478,-11.879,0.000,1.485,0.020
90.32,-11.865,0.012,-1.478,-11.879,0.000,1.485,0.020
90.34,-11.865,0.012,-1.478,-11.879,0.000,1.485,0.020
90.36,-11.865,0.012,-1.479,-11.879,0.000,1.485,0.019
90.39,-11.865,0.012,-1.479,-11.879,0.000,1.485,0.019
90.41,-11.865,0.012,-1.480,-11.879,0.000,1.485,0.019
90.43,-11.865,0.012,-1.480,-11.879,0.000,1.485,0.019
90.45,-11.865,0.012,-1.480,-11.879,0.000,1.485,0.019
90.47,-11.865,0.012,-1.480,-11.879,0.000,1.485,0.019
90.49,-11.866,0.012,-1.481,-11.879,0.000,1.485,0.018
90.51,-11.866,0.012,-1.481,-11.879,0.000,1.485,0.018
90.53,-11.866,0.012,-1.481,-11.879,0.000,1.485,0.018
90.55,-11.866,0.012,-1.481,-11.879,0.000,1.485,0.018
90.57,-11.866,0.011,-1.481,-11.879,0.000,1.485,0.017
90.59,-11.866,0.011,-1.481,-11.879,0.000,1.485,0.017
90.61,-11.867,0.011,-1.482,-11.879,0.000,1.485,0.017
90.63,-11.867,0.011,-1.482,-11.879,0.000,1.485,0.017
90.66,-11.867,0.011,-1.482,-11.879,0.000,1.485,0.016
90.68,-11.867,0.011,-1.482,-11.879,0.000,1.485,0.016
90.70,-11.868,0.010,-1.482,-11.879,0.000,1.485,0.015
90.72,-11.868,0.010,-1.482,-11.879,0.000,1.485,0.015
90.74,-11.868,0.010,-1.482,-11.879,0.000,1.485,0.014
90.76,-11.868,0.010,-1.482,-11.879,0.000,1.485,0.014
90.78,-11.869,0.009,-1.482,-11.879,0.000,1.485,0.013
90.80,-11.869,0.009,-1.482,-11.879,0.000,1.485,0.013
90.82,-11.869,0.009,-1.482,-11.879,0.000,1.485,0.013
90.84,-11.871,0.007,-1.482,-11.879,0.000,1.485,0.011
90.86,-11.871,0.007,-1.482,-11.879,0.000,1.485,0.011
90.89,-11.871,0.005,-1.482,-11.879,0.000,1.485,0.010
90.91,-11.871,0.005,-1.482,-11.879,0.000,1.485,0.010
90.93,-11.872,0.004,-1.482,-11.879,0.000,1.485,0.008
90.95,-11.872,0.004,-1.482,-11.879,0.000,1.485,0.008
90.97,-11.873,0.003,-1.482,-11.879,0.000,1.485,0.007
90.99,-11.873,0.003,-1.482,-11.879,0.000,1.485,0.007
91.01,-11.873,0.001,-1.482,-11.879,0.000,1.485,0.006
91.03,-11.873,0.001,-1.482,-11.879,0.000,1.485,0.006
91.05,-11.874,-0.001,-1.482,-11.879,0.000,1.485,0.006
91.07,-11.874,-0.001,-1.482,-11.879,0.000,1.485,0.006
91.09,-11.874,-0.002,-1.482,-11.879,0.000,1.485,0.006
91.11,-11.874,-0.002,-1.482,-11.879,0.000,1.485,0.006
91.13,-11.873,-0.003,-1.483,-11.879,0.000,1.485,0.007
91.16,-11.873,-0.003,-1.483,-11.879,0.000,1.485,0.007
91.18,-11.873,-0.004,-1.483,-11.879,0.000,1.485,0.008
91.20,-11.873,-0.004,-1.483,-11.879,0.000,1.485,0.008
91.22,-11.873,-0.005,-1.483,-11.879,0.000,1.485,0.009
91.24,-11.873,-0.005,-1.483,-11.879,0.000,1.485,0.009
91.26,-11.872,-0.006,-1.483,-11.879,0.000,1.485,0.010
91.28,-11.872,-0.006,-1.483,-11.879,0.000,1.485,0.010
91.30,-11.872,-0.007,-1.483,-11.879,0.000,1.485,0.011
91.32,-11.872,-0.007,-1.483,-11.879,0.000,1.485,0.011
91.34,-11.872,-0.007,-1.483,-11.879,0.000,1.485,0.011
91.36,-11.870,-0.008,-1.484,-11.879,0.000,1.485,0.012
91.38,-11.870,-0.008,-1.484,-11.879,0.000,1.485,0.012
91.41,-11.870,-0.009,-1.484,-11.879,0.000,1.485,0.013
91.43,-11.870,-0.009,-1.484,-11.879,0.000,1.485,0.013
91.45,-11.869,-0.010,-1.484,-11.879,0.000,1.485,0.014
91.47,-11.869,-0.010,-1.484,-11.879,0.000,1.485,0.014
91.49,-11.869,-0.010,-1.484,-11.879,0.000,1.485,0.015
91.51,-11.869,-0.010,-1.484,-11.879,0.000,1.485,0.015
91.53,-11.869,-0.011,-1.484,-11.879,0.000,1.485,0.015
91.55,-11.869,-0.011,-1.484,-11.879,0.000,1.485,0.015
91.57,-11.869,-0.011,-1.484,-11.879,0.000,1.485,0.016
91.59,-11.869,-0.011,-1.484,-11.879,0.000,1.485,0.016
91.61,-11.869,-0.012,-1.485,-11.879,0.000,1.485,0.016
91.63,-11.869,-0.012,-1.485,-11.879,0.000,1.485,0.016
91.66,-11.869,-0.012,-1.485,-11.879,0.000,1.485,0.016
91.68,-11.869,-0.012,-1.485,-11.879,0.000,1.485,0.016
91.70,-11.869,-0.013,-1.484,-11.879,0.000,1.485,0.017
91.72,-11.869,-0.013,-1.484,-11.879,0.000,1.485,0.017
91.74,-11.870,-0.014,-1.484,-11.879,0.000,1.485,0.017
91.76,-11.870,-0.014,-1.484,-11.879,0.000,1.485,0.017
91.78,-11.870,-0.014,-1.484,-11.879,0.000,1.485,0.017
91.80,-11.870,-0.014,-1.484,-11.879,0.000,1.485,0.017
91.82,-11.870,-0.014,-1.484,-11.879,0.000,1.485,0.017
91.84,-11.871,-0.015,-1.484,-11.879,0.000,1.485,0.017
91.86,-11.871,-0.015,-1.484,-11.879,0.000,1.485,0.017
91.88,-11.871,-0.015,-1.483,-11.879,0.000,1.485,0.017
91.90,-11.871,-0.015,-1.483,-11.879,0.000,1.485,0.017
91.93,-11.872,-0.016,-1.483,-11.879,0.000,1.485,0.017
91.95,-11.872,-0.016,-1.483,-11.879,0.000,1.485,0.017
91.97,-11.873,-0.016,-1.483,-11.879,0.000,1.485,0.018
91.99,-11.873,-0.016,-1.483,-11.879,0.000,1.485,0.018
92.01,-11.873,-0.017,-1.482,-11.879,0.000,1.485,0.018
92.03,-11.873,-0.017,-1.482,-11.879,0.000,1.485,0.018
92.05,-11.874,-0.017,-1.482,-11.879,0.000,1.485,0.018
92.07,-11.874,-0.017,-1.482,-11.879,0.000,1.485,0.018
92.09,-11.875,-0.017,-1.482,-11.879,0.000,1.485,0.018
92.11,-11.875,-0.017,-1.482,-11.879,0.000,1.485,0.018
92.13,-11.875,-0.018,-1.482,-11.879,0.000,1.485,0.019
92.16,-11.875,-0.018,-1.482,-11.879,0.000,1.485,0.019
92.18,-11.876,-0.018,-1.482,-11.879,0.000,1.485,0.019
92.20,-11.876,-0.018,-1.482,-11.879,0.000,1.485,0.019
92.22,-11.877,-0.019,-1.482,-11.879,0.000,1.485,0.019
92.24,-11.877,-0.019,-1.482,-11.879,0.000,1.485,0.019
92.26,-11.878,-0.019,-1.482,-11.879,0.000,1.485,0.020
92.28,-11.878,-0.019,-1.482,-11.879,0.000,1.485,0.020
92.30,-11.879,-0.020,-1.482,-11.879,0.000,1.485,0.020
92.32,-11.879,-0.020,-1.482,-11.879,0.000,1.485,0.020
92.34,-11.879,-0.020,-1.482,-11.879,0.000,1.485,0.020
92.36,-11.880,-0.021,-1.483,-11.879,0.000,1.485,0.021
92.38,-11.880,-0.021,-1.483,-11.879,0.000,1.485,0.021
92.41,-11.881,-0.022,-1.484,-11.879,0.000,1.485,0.022
92.43,-11.881,-0.022,-1.484,-11.879,0.000,1.485,0.022
92.45,-11.881,-0.023,-1.484,-11.879,0.000,1.485,0.023
92.47,-11.881,-0.023,-1.484,-11.879,0.000,1.485,0.023
92.49,-11.882,-0.024,-1.484,-11.879,0.000,1.485,0.024
92.51,-11.882,-0.024,-1.484,-11.879,0.000,1.485,0.024
92.53,-11.883,-0.024,-1.485,-11.879,0.000,1.485,0.025
92.55,-11.883,-0.024,-1.485,-11.879,0.000,1.485,0.025
92.57,-11.883,-0.025,-1.485,-11.879,0.000,1.485,0.026
92.59,-11.883,-0.025,-1.485,-11.879,0.000,1.485,0.026
92.61,-11.884,-0.026,-1.485,-11.879,0.000,1.485,0.027
92.63,-11.884,-0.026,-1.485,-11.879,0.000,1.485,0.027
92.65,-11.885,-0.027,-1.485,-11.879,0.000,1.485,0.027
92.68,-11.885,-0.027,-1.485,-11.879,0.000,1.485,0.027
92.70,-11.885,-0.027,-1.486,-11.879,0.000,1.485,0.028
92.72,-11.885,-0.027,-1.486,-11.879,0.000,1.485,0.028
92.74,-11.886,-0.028,-1.486,-11.879,0.000,1.485,0.029
92.76,-11.886,-0.028,-1.486,-11.879,0.000,1.485,0.029
92.78,-11.887,-0.028,-1.486,-11.879,0.000,1.485,0.029
92.80,-11.887,-0.028,-1.486,-11.879,0.000,1.485,0.029
92.82,-11.888,-0.028,-1.486,-11.879,0.000,1.485,0.030
92.84,-11.888,-0.028,-1.486,-11.879,0.000,1.485,0.030
92.86,-11.888,-0.028,-1.486,-11.879,0.000,1.485,0.030
92.88,-11.889,-0.028,-1.487,-11.879,0.000,1.485,0.030
92.90,-11.889,-0.028,-1.487,-11.879,0.000,1.485,0.030
92.93,-11.889,-0.028,-1.487,-11.879,0.000,1.485,0.030
92.95,-11.889,-0.028,-1.487,-11.879,0.000,1.485,0.030
92.97,-11.890,-0.028,-1.487,-11.879,0.000,1.485,0.030
92.99,-11.890,-0.028,-1.487,-11.879,0.000,1.485,0.030
93.01,-11.890,-0.028,-1.487,-11.879,0.000,1.485,0.031
93.03,-11.890,-0.028,-1.487,-11.879,0.000,1.485,0.031
93.05,-11.891,-0.028,-1.487,-11.879,0.000,1.485,0.031
93.07,-11.891,-0.028,-1.487,-11.879,0.000,1.485,0.031
93.09,-11.893,-0.027,-1.487,-11.879,0.000,1.485,0.031
93.11,-11.893,-0.027,-1.487,-11.879,0.000,1.485,0.031
93.13,-11.894,-0.026,-1.487,-11.879,0.000,1.485,0.030
93.16,-11.894,-0.026,-1.487,-11.879,0.000,1.485,0.030
93.18,-11.895,-0.025,-1.487,-11.879,0.000,1.485,0.030
93.20,-11.895,-0.025,-1.487,-11.879,0.000,1.485,0.030
93.22,-11.897,-0.024,-1.487,-11.879,0.000,1.485,0.030
93.24,-11.897,-0.024,-1.487,-11.879,0.000,1.485,0.030
93.26,-11.898,-0.023,-1.488,-11.879,0.000,1.485,0.030
93.28,-11.898,-0.023,-1.488,-11.879,0.000,1.485,0.030
93.30,-11.900,-0.022,-1.488,-11.879,0.000,1.485,0.030
93.32,-11.900,-0.022,-1.488,-11.879,0.000,1.485,0.030
93.34,-11.900,-0.022,-1.488,-11.879,0.000,1.485,0.030
93.36,-11.903,-0.019,-1.488,-11.879,0.000,1.485,0.030
93.38,-11.903,-0.019,-1.488,-11.879,0.000,1.485,0.030
93.40,-11.904,-0.017,-1.488,-11.879,0.000,1.485,0.031
93.43,-11.904,-0.017,-1.488,-11.879,0.000,1.485,0.031
93.45,-11.906,-0.015,-1.488,-11.879,0.000,1.485,0.031
93.47,-11.906,-0.015,-1.488,-11.879,0.000,1.485,0.031
93.49,-11.907,-0.013,-1.488,-11.879,0.000,1.485,0.031
93.51,-11.907,-0.013,-1.488,-11.879,0.000,1.485,0.031
93.53,-11.908,-0.011,-1.488,-11.879,0.000,1.485,0.032
93.55,-11.908,-0.011,-1.488,-11.879,0.000,1.485,0.032
93.57,-11.909,-0.010,-1.488,-11.879,0.000,1.485,0.032
93.59,-11.909,-0.010,-1.488,-11.879,0.000,1.485,0.032
93.61,-11.910,-0.008,-1.488,-11.879,0.000,1.485,0.032
93.63,-11.910,-0.008,-1.488,-11.879,0.000,1.485,0.032
93.65,-11.911,-0.006,-1.488,-11.879,0.000,1.485,0.033
93.67,-11.911,-0.006,-1.488,-11.879,0.000,1.485,0.033
93.70,-11.911,-0.005,-1.487,-11.879,0.000,1.485,0.033
93.72,-11.911,-0.005,-1.487,-11.879,0.000,1.485,0.033
93.74,-11.912,-0.004,-1.487,-11.879,0.000,1.485,0.033
93.76,-11.912,-0.004,-1.487,-11.879,0.000,1.485,0.033
93.78,-11.912,-0.003,-1.487,-11.879,0.000,1.485,0.033
93.80,-11.912,-0.003,-1.487,-11.879,0.000,1.485,0.033
93.82,-11.912,-0.002,-1.487,-11.879,0.000,1.485,0.033
93.84,-11.912,-0.002,-1.487,-11.879,0.000,1.485,0.033
93.86,-11.912,-0.002,-1.487,-11.879,0.000,1.485,0.033
93.88,-11.912,-0.001,-1.487,-11.879,0.000,1.485,0.033
93.90,-11.912,-0.001,-1.487,-11.879,0.000,1.485,0.033
93.92,-11.912,0.000,-1.487,-11.879,0.000,1.485,0.033
93.95,-11.912,0.000,-1.487,-11.879,0.000,1.485,0.033
93.97,-11.912,0.001,-1.487,-11.879,0.000,1.485,0.033
93.99,-11.912,0.001,-1.487,-11.879,0.000,1.485,0.033
94.01,-11.911,0.001,-1.487,-11.879,0.000,1.485,0.032
94.03,-11.911,0.001,-1.487,-11.879,0.000,1.485,0.032
94.05,-11.911,0.002,-1.487,-11.879,0.000,1.485,0.032
94.07,-11.911,0.002,-1.487,-11.879,0.000,1.485,0.032
94.09,-11.910,0.002,-1.487,-11.879,0.000,1.485,0.031
94.11,-11.910,0.002,-1.487,-11.879,0.000,1.485,0.031
94.13,-11.909,0.003,-1.487,-11.879,0.000,1.485,0.031
94.15,-11.909,0.003,-1.487,-11.879,0.000,1.485,0.031
94.17,-11.909,0.003,-1.487,-11.879,0.000,1.485,0.030
94.19,-11.909,0.003,-1.487,-11.879,0.000,1.485,0.030
94.22,-11.908,0.003,-1.486,-11.879,0.000,1.485,0.029
94.24,-11.908,0.003,-1.486,-11.879,0.000,1.485,0.029
94.26,-11.907,0.003,-1.486,-11.879,0.000,1.485,0.028
94.28,-11.907,0.003,-1.486,-11.879,0.000,1.485,0.028
94.30,-11.905,0.003,-1.485,-11.879,0.000,1.485,0.027
94.32,-11.905,0.003,-1.485,-11.879,0.000,1.485,0.027
94.34,-11.905,0.003,-1.485,-11.879,0.000,1.485,0.027
94.36,-11.904,0.003,-1.485,-11.879,0.000,1.485,0.025
94.38,-11.904,0.003,-1.485,-11.879,0.000,1.485,0.025
94.40,-11.903,0.003,-1.484,-11.879,0.000,1.485,0.024
94.42,-11.903,0.003,-1.484,-11.879,0.000,1.485,0.024
94.44,-11.902,0.003,-1.484,-11.879,0.000,1.485,0.023
94.47,-11.902,0.003,-1.484,-11.879,0.000,1.485,0.023
94.49,-11.901,0.003,-1.483,-11.879,0.000,1.485,0.022
94.51,-11.901,0.003,-1.483,-11.879,0.000,1.485,0.022
94.53,-11.900,0.003,-1.483,-11.879,0.000,1.485,0.022
94.55,-11.900,0.003,-1.483,-11.879,0.000,1.485,0.022
94.57,-11.900,0.003,-1.482,-11.879,0.000,1.485,0.021
94.59,-11.900,0.003,-1.482,-11.879,0.000,1.485,0.021
94.61,-11.900,0.003,-1.482,-11.879,0.000,1.485,0.021
94.63,-11.900,0.003,-1.482,-11.879,0.000,1.485,0.021
94.65,-11.900,0.003,-1.482,-11.879,0.000,1.485,0.021
94.67,-11.900,0.003,-1.482,-11.879,0.000,1.485,0.021
94.69,-11.900,0.003,-1.481,-11.879,0.000,1.485,0.021
94.72,-11.900,0.003,-1.481,-11.879,0.000,1.485,0.021
94.74,-11.900,0.003,-1.481,-11.879,0.000,1.485,0.021
94.76,-11.900,0.003,-1.481,-11.879,0.000,1.485,0.021
94.78,-11.899,0.002,-1.481,-11.879,0.000,1.485,0.021
94.80,-11.899,0.002,-1.481,-11.879,0.000,1.485,0.021
94.82,-11.899,0.002,-1.480,-11.879,0.000,1.485,0.021
94.84,-11.899,0.002,-1.480,-11.879,0.000,1.485,0.021
94.86,-11.899,0.002,-1.480,-11.879,0.000,1.485,0.021
94.88,-11.899,0.001,-1.480,-11.879,0.000,1.485,0.020
94.90,-11.899,0.001,-1.480,-11.879,0.000,1.485,0.020
94.92,-11.899,0.001,-1.480,-11.879,0.000,1.485,0.020
94.94,-11.899,0.001,-1.480,-11.879,0.000,1.485,0.020
94.96,-11.898,0.000,-1.479,-11.879,0.000,1.485,0.020
94.99,-11.898,0.000,-1.479,-11.879,0.000,1.485,0.020
95.01,-11.898,0.000,-1.479,-11.879,0.000,1.485,0.019
95.03,-11.898,0.000,-1.479,-11.879,0.000,1.485,0.019
95.05,-11.897,-0.000,-1.479,-11.879,0.000,1.485,0.019
95.07,-11.897,-0.000,-1.479,-11.879,0.000,1.485,0.019
95.09,-11.896,-0.000,-1.479,-11.879,0.000,1.485,0.018
95.11,-11.896,-0.000,-1.479,-11.879,0.000,1.485,0.018
95.13,-11.896,-0.001,-1.478,-11.879,0.000,1.485,0.018
95.15,-11.896,-0.001,-1.478,-11.879,0.000,1.485,0.018
95.17,-11.895,-0.001,-1.478,-11.879,0.000,1.485,0.017
95.19,-11.895,-0.001,-1.478,-11.879,0.000,1.485,0.017
95.21,-11.894,-0.002,-1.478,-11.879,0.000,1.485,0.016
95.23,-11.894,-0.002,-1.478,-11.879,0.000,1.485,0.016
95.26,-11.893,-0.002,-1.479,-11.879,0.000,1.485,0.015
95.28,-11.893,-0.002,-1.479,-11.879,0.000,1.485,0.015
95.30,-11.892,-0.003,-1.479,-11.879,0.000,1.485,0.015
95.32,-11.892,-0.003,-1.479,-11.879,0.000,1.485,0.015
95.34,-11.891,-0.003,-1.479,-11.879,0.000,1.485,0.014
95.36,-11.891,-0.003,-1.479,-11.879,0.000,1.485,0.014
95.38,-11.891,-0.003,-1.479,-11.879,0.000,1.485,0.014
95.40,-11.889,-0.004,-1.480,-11.879,0.000,1.485,0.012
95.42,-11.889,-0.004,-1.480,-11.879,0.000,1.485,0.012
95.44,-11.888,-0.005,-1.480,-11.879,0.000,1.485,0.011
95.46,-11.888,-0.005,-1.480,-11.879,0.000,1.485,0.011
95.49,-11.886,-0.006,-1.480,-11.879,0.000,1.485,0.010
95.51,-11.886,-0.006,-1.480,-11.879,0.000,1.485,0.010
95.53,-11.884,-0.006,-1.480,-11.879,0.000,1.485,0.009
95.55,-11.884,-0.006,-1.480,-11.879,0.000,1.485,0.009
95.57,-11.883,-0.007,-1.481,-11.879,0.000,1.485,0.009
95.59,-11.883,-0.007,-1.481,-11.879,0.000,1.485,0.009
95.61,-11.881,-0.007,-1.481,-11.879,0.000,1.485,0.009
95.63,-11.881,-0.007,-1.481,-11.879,0.000,1.485,0.009
95.65,-11.879,-0.008,-1.481,-11.879,0.000,1.485,0.009
95.67,-11.879,-0.008,-1.481,-11.879,0.000,1.485,0.009
95.69,-11.877,-0.008,-1.481,-11.879,0.000,1.485,0.009
95.71,-11.877,-0.008,-1.481,-11.879,0.000,1.485,0.009
95.74,-11.876,-0.009,-1.481,-11.879,0.000,1.485,0.010
95.76,-11.876,-0.009,-1.481,-11.879,0.000,1.485,0.010
95.78,-11.875,-0.010,-1.481,-11.879,0.000,1.485,0.011
95.80,-11.875,-0.010,-1.481,-11.879,0.000,1.485,0.011
95.82,-11.874,-0.010,-1.481,-11.879,0.000,1.485,0.012
95.84,-11.874,-0.010,-1.481,-11.879,0.000,1.485,0.012
95.86,-11.874,-0.010,-1.481,-11.879,0.000,1.485,0.012
95.88,-11.872,-0.011,-1.481,-11.879,0.000,1.485,0.014
95.90,-11.872,-0.011,-1.481,-11.879,0.000,1.485,0.014
95.92,-11.872,-0.012,-1.480,-11.879,0.000,1.485,0.015
95.94,-11.872,-0.012,-1.480,-11.879,0.000,1.485,0.015
95.96,-11.871,-0.013,-1.480,-11.879,0.000,1.485,0.016
95.99,-11.871,-0.013,-1.480,-11.879,0.000,1.485,0.016
96.01,-11.871,-0.013,-1.479,-11.879,0.000,1.485,0.017
96.03,-11.871,-0.013,-1.479,-11.879,0.000,1.485,0.017
96.05,-11.871,-0.014,-1.479,-11.879,0.000,1.485,0.017
96.07,-11.871,-0.014,-1.479,-11.879,0.000,1.485,0.017
96.09,-11.871,-0.014,-1.479,-11.879,0.000,1.485,0.018
96.11,-11.871,-0.014,-1.479,-11.879,0.000,1.485,0.018
96.13,-11.871,-0.015,-1.479,-11.879,0.000,1.485,0.018
96.15,-11.871,-0.015,-1.479,-11.879,0.000,1.485,0.018
96.17,-11.871,-0.015,-1.478,-11.879,0.000,1.485,0.018
96.19,-11.871,-0.015,-1.478,-11.879,0.000,1.485,0.018
96.22,-11.871,-0.015,-1.478,-11.879,0.000,1.485,0.018
96.24,-11.871,-0.015,-1.478,-11.879,0.000,1.485,0.018
96.26,-11.872,-0.015,-1.478,-11.879,0.000,1.485,0.018
96.28,-11.872,-0.015,-1.478,-11.879,0.000,1.485,0.018
96.30,-11.873,-0.015,-1.478,-11.879,0.000,1.485,0.018
96.32,-11.873,-0.015,-1.478,-11.879,0.000,1.485,0.018
96.34,-11.874,-0.015,-1.478,-11.879,0.000,1.485,0.018
96.36,-11.874,-0.015,-1.478,-11.879,0.000,1.485,0.018
96.38,-11.874,-0.015,-1.478,-11.879,0.000,1.485,0.018
96.40,-11.876,-0.015,-1.478,-11.879,0.000,1.485,0.017
96.42,-11.876,-0.015,-1.478,-11.879,0.000,1.485,0.017
96.45,-11.877,-0.015,-1.478,-11.879,0.000,1.485,0.017
96.47,-11.877,-0.015,-1.478,-11.879,0.000,1.485,0.017
96.49,-11.879,-0.015,-1.478,-11.879,0.000,1.485,0.017
96.51,-11.879,-0.015,-1.478,-11.879,0.000,1.485,0.017
96.53,-11.880,-0.015,-1.478,-11.879,0.000,1.485,0.017
96.55,-11.880,-0.015,-1.478,-11.879,0.000,1.485,0.017
96.57,-11.881,-0.015,-1.478,-11.879,0.000,1.485,0.016
96.59,-11.881,-0.015,-1.478,-11.879,0.000,1.485,0.016
96.61,-11.882,-0.014,-1.479,-11.879,0.000,1.485,0.016
96.63,-11.882,-0.014,-1.479,-11.879,0.000,1.485,0.016
96.65,-11.884,-0.014,-1.479,-11.879,0.000,1.485,0.016
96.67,-11.884,-0.014,-1.479,-11.879,0.000,1.485,0.016
96.69,-11.884,-0.013,-1.479,-11.879,0.000,1.485,0.015
96.72,-11.884,-0.013,-1.479,-11.879,0.000,1.485,0.015
96.74,-11.885,-0.012,-1.480,-11.879,0.000,1.485,0.015
96.76,-11.885,-0.012,-1.480,-11.879,0.000,1.485,0.015
96.78,-11.886,-0.012,-1.480,-11.879,0.000,1.485,0.014
96.80,-11.886,-0.012,-1.480,-11.879,0.000,1.485,0.014
96.82,-11.887,-0.011,-1.481,-11.879,0.000,1.485,0.014
96.84,-11.887,-0.011,-1.481,-11.879,0.000,1.485,0.014
96.86,-11.887,-0.011,-1.481,-11.879,0.000,1.485,0.014
96.88,-11.888,-0.010,-1.482,-11.879,0.000,1.485,0.014
96.90,-11.888,-0.010,-1.482,-11.879,0.000,1.485,0.014
96.92,-11.889,-0.009,-1.482,-11.879,0.000,1.485,0.013
96.94,-11.889,-0.009,-1.482,-11.879,0.000,1.485,0.013
96.97,-11.889,-0.008,-1.483,-11.879,0.000,1.485,0.013
96.99,-11.889,-0.008,-1.483,-11.879,0.000,1.485,0.013
97.01,-11.890,-0.008,-1.483,-11.879,0.000,1.485,0.013
97.03,-11.890,-0.008,-1.483,-11.879,0.000,1.485,0.013
97.05,-11.890,-0.007,-1.483,-11.879,0.000,1.485,0.013
97.07,-11.890,-0.007,-1.483,-11.879,0.000,1.485,0.013
97.09,-11.890,-0.006,-1.483,-11.879,0.000,1.485,0.013
97.11,-11.890,-0.006,-1.483,-11.879,0.000,1.485,0.013
97.13,-11.890,-0.005,-1.484,-11.879,0.000,1.485,0.012
97.15,-11.890,-0.005,-1.484,-11.879,0.000,1.485,0.012
97.17,-11.890,-0.004,-1.484,-11.879,0.000,1.485,0.011
97.19,-11.890,-0.004,-1.484,-11.879,0.000,1.485,0.011
97.21,-11.889,-0.002,-1.483,-11.879,0.000,1.485,0.011
97.24,-11.889,-0.002,-1.483,-11.879,0.000,1.485,0.011
97.26,-11.889,-0.001,-1.483,-11.879,0.000,1.485,0.010
97.28,-11.889,-0.001,-1.483,-11.879,0.000,1.485,0.010
97.30,-11.888,-0.000,-1.483,-11.879,0.000,1.485,0.009
97.32,-11.888,-0.000,-1.483,-11.879,0.000,1.485,0.009
97.34,-11.887,0.001,-1.483,-11.879,0.000,1.485,0.008
97.36,-11.887,0.001,-1.483,-11.879,0.000,1.485,0.008
97.38,-11.887,0.001,-1.483,-11.879,0.000,1.485,0.008
97.40,-11.886,0.003,-1.482,-11.879,0.000,1.485,0.008
97.42,-11.886,0.003,-1.482,-11.879,0.000,1.485,0.008
97.44,-11.885,0.004,-1.482,-11.879,0.000,1.485,0.008
97.46,-11.885,0.004,-1.482,-11.879,0.000,1.485,0.008
97.49,-11.884,0.005,-1.482,-11.879,0.000,1.485,0.008
97.51,-11.884,0.005,-1.482,-11.879,0.000,1.485,0.008
97.53,-11.884,0.007,-1.482,-11.879,0.000,1.485,0.008
97.55,-11.884,0.007,-1.482,-11.879,0.000,1.485,0.008
97.57,-11.883,0.008,-1.482,-11.879,0.000,1.485,0.009
97.59,-11.883,0.008,-1.482,-11.879,0.000,1.485,0.009
97.61,-11.882,0.008,-1.482,-11.879,0.000,1.485,0.009
97.63,-11.882,0.008,-1.482,-11.879,0.000,1.485,0.009
97.65,-11.880,0.009,-1.482,-11.879,0.000,1.485,0.010
97.67,-11.880,0.009,-1.482,-11.879,0.000,1.485,0.010
97.69,-11.879,0.010,-1.482,-11.879,0.000,1.485,0.010
97.71,-11.879,0.010,-1.482,-11.879,0.000,1.485,0.010
97.73,-11.878,0.011,-1.483,-11.879,0.000,1.485,0.011
97.76,-11.878,0.011,-1.483,-11.879,0.000,1.485,0.011
97.78,-11.877,0.011,-1.483,-11.879,0.000,1.485,0.012
97.80,-11.877,0.011,-1.483,-11.879,0.000,1.485,0.012
97.82,-11.876,0.012,-1.483,-11.879,0.000,1.485,0.012
97.84,-11.876,0.012,-1.483,-11.879,0.000,1.485,0.012
97.86,-11.875,0.012,-1.483,-11.879,0.000,1.485,0.013
97.88,-11.875,0.012,-1.483,-11.879,0.000,1.485,0.013
97.90,-11.875,0.012,-1.483,-11.879,0.000,1.485,0.013
97.92,-11.873,0.013,-1.483,-11.879,0.000,1.485,0.014
97.94,-11.873,0.013,-1.483,-11.879,0.000,1.485,0.014
97.96,-11.873,0.013,-1.482,-11.879,0.000,1.485,0.014
97.98,-11.873,0.013,-1.482,-11.879,0.000,1.485,0.014
98.01,-11.873,0.013,-1.482,-11.879,0.000,1.485,0.015
98.03,-11.873,0.013,-1.482,-11.879,0.000,1.485,0.015
98.05,-11.872,0.013,-1.482,-11.879,0.000,1.485,0.015
98.07,-11.872,0.013,-1.482,-11.879,0.000,1.485,0.015
98.09,-11.873,0.013,-1.481,-11.879,0.000,1.485,0.014
98.11,-11.873,0.013,-1.481,-11.879,0.000,1.485,0.014
98.13,-11.873,0.013,-1.481,-11.879,0.000,1.485,0.014
98.15,-11.873,0.013,-1.481,-11.879,0.000,1.485,0.014
98.17,-11.874,0.012,-1.481,-11.879,0.000,1.485,0.014
98.19,-11.874,0.012,-1.481,-11.879,0.000,1.485,0.014
98.21,-11.875,0.012,-1.481,-11.879,0.000,1.485,0.013
98.23,-11.875,0.012,-1.481,-11.879,0.000,1.485,0.013
98.25,-11.876,0.011,-1.481,-11.879,0.000,1.485,0.012
98.28,-11.876,0.011,-1.481,-11.879,0.000,1.485,0.012
98.30,-11.877,0.011,-1.480,-11.879,0.000,1.485,0.012
98.32,-11.877,0.011,-1.480,-11.879,0.000,1.485,0.012
98.34,-11.878,0.011,-1.480,-11.879,0.000,1.485,0.011
98.36,-11.878,0.011,-1.480,-11.879,0.000,1.485,0.011
98.38,-11.878,0.011,-1.480,-11.879,0.000,1.485,0.011
98.40,-11.880,0.010,-1.480,-11.879,0.000,1.485,0.011
98.42,-11.880,0.010,-1.480,-11.879,0.000,1.485,0.011
98.44,-11.881,0.009,-1.480,-11.879,0.000,1.485,0.011
98.46,-11.881,0.009,-1.480,-11.879,0.000,1.485,0.011
98.48,-11.882,0.009,-1.480,-11.879,0.000,1.485,0.010
98.50,-11.882,0.009,-1.480,-11.879,0.000,1.485,0.010
98.53,-11.882,0.008,-1.480,-11.879,0.000,1.485,0.010
98.55,-11.882,0.008,-1.480,-11.879,0.000,1.485,0.010
98.57,-11.883,0.008,-1.480,-11.879,0.000,1.485,0.010
98.59,-11.883,0.008,-1.480,-11.879,0.000,1.485,0.010
98.61,-11.883,0.007,-1.480,-11.879,0.000,1.485,0.010
98.63,-11.883,0.007,-1.480,-11.879,0.000,1.485,0.010
98.65,-11.884,0.007,-1.480,-11.879,0.000,1.485,0.010
98.67,-11.884,0.007,-1.480,-11.879,0.000,1.485,0.010
98.69,-11.884,0.006,-1.479,-11.879,0.000,1.485,0.009
98.71,-11.884,0.006,-1.479,-11.879,0.000,1.485,0.009
98.73,-11.884,0.006,-1.479,-11.879,0.000,1.485,0.009
98.75,-11.884,0.006,-1.479,-11.879,0.000,1.485,0.009
98.78,-11.885,0.005,-1.479,-11.879,0.000,1.485,0.010
98.80,-11.885,0.005,-1.479,-11.879,0.000,1.485,0.010
98.82,-11.885,0.005,-1.478,-11.879,0.000,1.485,0.010
98.84,-11.885,0.005,-1.478,-11.879,0.000,1.485,0.010
98.86,-11.885,0.004,-1.478,-11.879,0.000,1.485,0.010
98.88,-11.885,0.004,-1.478,-11.879,0.000,1.485,0.010
98.90,-11.885,0.004,-1.478,-11.879,0.000,1.485,0.010
98.92,-11.886,0.004,-1.477,-11.879,0.000,1.485,0.011
98.94,-11.886,0.004,-1.477,-11.879,0.000,1.485,0.011
98.96,-11.886,0.004,-1.477,-11.879,0.000,1.485,0.011
98.98,-11.886,0.004,-1.477,-11.879,0.000,1.485,0.011
99.00,-11.886,0.004,-1.476,-11.879,0.000,1.485,0.012
99.02,-11.886,0.004,-1.476,-11.879,0.000,1.485,0.012
99.05,-11.886,0.004,-1.475,-11.879,0.000,1.485,0.012
99.07,-11.886,0.004,-1.475,-11.879,0.000,1.485,0.012
99.09,-11.886,0.004,-1.475,-11.879,0.000,1.485,0.013
99.11,-11.886,0.004,-1.475,-11.879,0.000,1.485,0.013
99.13,-11.886,0.004,-1.475,-11.879,0.000,1.485,0.013
99.15,-11.886,0.004,-1.475,-11.879,0.000,1.485,0.013
99.17,-11.885,0.004,-1.474,-11.879,0.000,1.485,0.013
99.19,-11.885,0.004,-1.474,-11.879,0.000,1.485,0.013
99.21,-11.885,0.004,-1.474,-11.879,0.000,1.485,0.013
99.23,-11.885,0.004,-1.474,-11.879,0.000,1.485,0.013
99.25,-11.884,0.004,-1.474,-11.879,0.000,1.485,0.013
99.27,-11.884,0.004,-1.474,-11.879,0.000,1.485,0.013
99.30,-11.884,0.004,-1.473,-11.879,0.000,1.485,0.013
99.32,-11.884,0.004,-1.473,-11.879,0.000,1.485,0.013
99.34,-11.883,0.003,-1.473,-11.879,0.000,1.485,0.013
99.36,-11.883,0.003,-1.473,-11.879,0.000,1.485,0.013
99.38,-11.883,0.003,-1.473,-11.879,0.000,1.485,0.013
99.40,-11.882,0.003,-1.473,-11.879,0.000,1.485,0.013
99.42,-11.882,0.003,-1.473,-11.879,0.000,1.485,0.013
99.44,-11.881,0.003,-1.473,-11.879,0.000,1.485,0.012
99.46,-11.881,0.003,-1.473,-11.879,0.000,1.485,0.012
99.48,-11.881,0.003,-1.473,-11.879,0.000,1.485,0.012
99.50,-11.881,0.003,-1.473,-11.879,0.000,1.485,0.012
99.52,-11.880,0.003,-1.473,-11.879,0.000,1.485,0.012
99.54,-11.880,0.003,-1.473,-11.879,0.000,1.485,0.012
99.57,-11.880,0.003,-1.473,-11.879,0.000,1.485,0.012
99.59,-11.880,0.003,-1.473,-11.879,0.000,1.485,0.012
99.61,-11.880,0.003,-1.473,-11.879,0.000,1.485,0.012
99.63,-11.880,0.003,-1.473,-11.879,0.000,1.485,0.012
99.65,-11.880,0.004,-1.474,-11.879,0.000,1.485,0.012
99.67,-11.880,0.004,-1.474,-11.879,0.000,1.485,0.012
99.69,-11.881,0.004,-1.474,-11.879,0.000,1.485,0.012
99.71,-11.881,0.004,-1.474,-11.879,0.000,1.485,0.012
99.73,-11.881,0.004,-1.474,-11.879,0.000,1.485,0.012
99.75,-11.881,0.004,-1.474,-11.879,0.000,1.485,0.012
99.77,-11.882,0.005,-1.474,-11.879,0.000,1.485,0.012
99.79,-11.882,0.005,-1.474,-11.879,0.000,1.485,0.012
99.82,-11.883,0.005,-1.474,-11.879,0.000,1.485,0.013
99.84,-11.883,0.005,-1.474,-11.879,0.000,1.485,0.013
99.86,-11.884,0.006,-1.474,-11.879,0.000,1.485,0.013
99.88,-11.884,0.006,-1.474,-11.879,0.000,1.485,0.013
99.90,-11.884,0.006,-1.474,-11.879,0.000,1.485,0.013
99.92,-11.885,0.007,-1.474,-11.879,0.000,1.485,0.014
99.94,-11.885,0.007,-1.474,-11.879,0.000,1.485,0.014
99.96,-11.886,0.007,-1.474,-11.879,0.000,1.485,0.015
99.98,-11.886,0.007,-1.474,-11.879,0.000,1.485,0.015
100.00,-11.887,0.008,-1.474,-11.879,0.000,1.485,0.015
100.02,-11.887,0.008,-1.474,-11.879,0.000,1.485,0.015
100.04,-11.888,0.009,-1.474,-11.879,0.000,1.485,0.016
100.07,-11.888,0.009,-1.474,-11.879,0.000,1.485,0.016
100.09,-11.889,0.009,-1.475,-11.879,0.000,1.485,0.017
100.11,-11.889,0.009,-1.475,-11.879,0.000,1.485,0.017
100.13,-11.890,0.010,-1.475,-11.879,0.000,1.485,0.018
100.15,-11.890,0.010,-1.475,-11.879,0.000,1.485,0.018
100.17,-11.891,0.011,-1.475,-11.879,0.000,1.485,0.019
100.19,-11.891,0.011,-1.475,-11.879,0.000,1.485,0.019
100.21,-11.892,0.012,-1.475,-11.879,0.000,1.485,0.019
100.23,-11.892,0.012,-1.475,-11.879,0.000,1.485,0.019
100.25,-11.893,0.012,-1.475,-11.879,0.000,1.485,0.020
100.27,-11.893,0.012,-1.475,-11.879,0.000,1.485,0.020
100.29,-11.893,0.013,-1.476,-11.879,0.000,1.485,0.021
100.32,-11.893,0.013,-1.476,-11.879,0.000,1.485,0.021
100.34,-11.893,0.013,-1.476,-11.879,0.000,1.485,0.021
100.36,-11.893,0.013,-1.476,-11.879,0.000,1.485,0.021
100.38,-11.894,0.014,-1.476,-11.879,0.000,1.485,0.022
100.40,-11.894,0.014,-1.476,-11.879,0.000,1.485,0.022
100.42,-11.894,0.014,-1.476,-11.879,0.000,1.485,0.022
100.44,-11.894,0.014,-1.476,-11.879,0.000,1.485,0.022
100.46,-11.894,0.014,-1.476,-11.879,0.000,1.485,0.022
100.48,-11.894,0.014,-1.476,-11.879,0.000,1.485,0.022
100.50,-11.894,0.014,-1.476,-11.879,0.000,1.485,0.022
100.52,-11.894,0.014,-1.476,-11.879,0.000,1.485,0.022
100.54,-11.894,0.014,-1.476,-11.879,0.000,1.485,0.022
100.57,-11.894,0.013,-1.476,-11.879,0.000,1.485,0.021
100.59,-11.894,0.013,-1.476,-11.879,0.000,1.485,0.021
100.61,-11.893,0.012,-1.476,-11.879,0.000,1.485,0.021
100.63,-11.893,0.012,-1.476,-11.879,0.000,1.485,0.021
100.65,-11.893,0.012,-1.476,-11.879,0.000,1.485,0.020
100.67,-11.893,0.012,-1.476,-11.879,0.000,1.485,0.020
100.69,-11.892,0.011,-1.475,-11.879,0.000,1.485,0.019
100.71,-11.892,0.011,-1.475,-11.879,0.000,1.485,0.019
100.73,-11.891,0.010,-1.475,-11.879,0.000,1.485,0.018
100.75,-11.891,0.010,-1.475,-11.879,0.000,1.485,0.018
100.77,-11.890,0.008,-1.475,-11.879,0.000,1.485,0.017
100.79,-11.890,0.008,-1.475,-11.879,0.000,1.485,0.017
100.81,-11.889,0.007,-1.475,-11.879,0.000,1.485,0.016
100.84,-11.889,0.007,-1.475,-11.879,0.000,1.485,0.016
100.86,-11.888,0.006,-1.475,-11.879,0.000,1.485,0.015
100.88,-11.888,0.006,-1.475,-11.879,0.000,1.485,0.015
100.90,-11.888,0.006,-1.475,-11.879,0.000,1.485,0.015
100.92,-11.886,0.004,-1.475,-11.879,0.000,1.485,0.012
100.94,-11.886,0.004,-1.475,-11.879,0.000,1.485,0.012
100.96,-11.884,0.003,-1.475,-11.879,0.000,1.485,0.011
100.98,-11.884,0.003,-1.475,-11.879,0.000,1.485,0.011
101.00,-11.882,0.002,-1.476,-11.879,0.000,1.485,0.010
101.02,-11.882,0.002,-1.476,-11.879,0.000,1.485,0.010
101.04,-11.880,0.001,-1.476,-11.879,0.000,1.485,0.009
101.06,-11.880,0.001,-1.476,-11.879,0.000,1.485,0.009
101.09,-11.878,0.000,-1.476,-11.879,0.000,1.485,0.009
101.11,-11.878,0.000,-1.476,-11.879,0.000,1.485,0.009
101.13,-11.876,-0.000,-1.476,-11.879,0.000,1.485,0.009
101.15,-11.876,-0.000,-1.476,-11.879,0.000,1.485,0.009
101.17,-11.873,-0.001,-1.476,-11.879,0.000,1.485,0.010
101.19,-11.873,-0.001,-1.476,-11.879,0.000,1.485,0.010
101.21,-11.871,-0.001,-1.477,-11.879,0.000,1.485,0.011
101.23,-11.871,-0.001,-1.477,-11.879,0.000,1.485,0.011
101.25,-11.869,-0.002,-1.477,-11.879,0.000,1.485,0.013
101.27,-11.869,-0.002,-1.477,-11.879,0.000,1.485,0.013
101.29,-11.866,-0.002,-1.477,-11.879,0.000,1.485,0.015
101.32,-11.866,-0.002,-1.477,-11.879,0.000,1.485,0.015
101.34,-11.864,-0.002,-1.477,-11.879,0.000,1.485,0.017
101.36,-11.864,-0.002,-1.477,-11.879,0.000,1.485,0.017
101.38,-11.862,-0.003,-1.478,-11.879,0.000,1.485,0.019
101.40,-11.862,-0.003,-1.478,-11.879,0.000,1.485,0.019
101.42,-11.862,-0.003,-1.478,-11.879,0.000,1.485,0.019
101.44,-11.859,-0.003,-1.478,-11.879,0.000,1.485,0.022
101.46,-11.859,-0.003,-1.478,-11.879,0.000,1.485,0.022
101.48,-11.857,-0.004,-1.478,-11.879,0.000,1.485,0.023
101.50,-11.857,-0.004,-1.478,-11.879,0.000,1.485,0.023
101.52,-11.856,-0.004,-1.478,-11.879,0.000,1.485,0.025
101.54,-11.856,-0.004,-1.478,-11.879,0.000,1.485,0.025
101.56,-11.854,-0.004,-1.478,-11.879,0.000,1.485,0.026
101.59,-11.854,-0.004,-1.478,-11.879,0.000,1.485,0.026
101.61,-11.853,-0.004,-1.478,-11.879,0.000,1.485,0.027
101.63,-11.853,-0.004,-1.478,-11.879,0.000,1.485,0.027
101.65,-11.853,-0.004,-1.478,-11.879,0.000,1.485,0.028
101.67,-11.853,-0.004,-1.478,-11.879,0.000,1.485,0.028
101.69,-11.852,-0.004,-1.478,-11.879,0.000,1.485,0.028
101.71,-11.852,-0.004,-1.478,-11.879,0.000,1.485,0.028
101.73,-11.852,-0.003,-1.478,-11.879,0.000,1.485,0.028
101.75,-11.852,-0.003,-1.478,-11.879,0.000,1.485,0.028
101.77,-11.852,-0.003,-1.479,-11.879,0.000,1.485,0.028
101.79,-11.852,-0.003,-1.479,-11.879,0.000,1.485,0.028
101.81,-11.852,-0.002,-1.479,-11.879,0.000,1.485,0.028
101.84,-11.852,-0.002,-1.479,-11.879,0.000,1.485,0.028
101.86,-11.852,-0.001,-1.479,-11.879,0.000,1.485,0.028
101.88,-11.852,-0.001,-1.479,-11.879,0.000,1.485,0.028
101.90,-11.852,-0.001,-1.479,-11.879,0.000,1.485,0.028
101.92,-11.852,-0.000,-1.480,-11.879,0.000,1.485,0.027
101.94,-11.852,-0.000,-1.480,-11.879,0.000,1.485,0.027
101.96,-11.852,0.000,-1.480,-11.879,0.000,1.485,0.027
101.98,-11.852,0.000,-1.480,-11.879,0.000,1.485,0.027
102.00,-11.853,0.001,-1.481,-11.879,0.000,1.485,0.027
102.02,-11.853,0.001,-1.481,-11.879,0.000,1.485,0.027
102.04,-11.853,0.001,-1.481,-11.879,0.000,1.485,0.026
102.07,-11.853,0.001,-1.481,-11.879,0.000,1.485,0.026
102.09,-11.854,0.001,-1.481,-11.879,0.000,1.485,0.026
102.11,-11.854,0.001,-1.481,-11.879,0.000,1.485,0.026
102.13,-11.854,0.001,-1.481,-11.879,0.000,1.485,0.025
102.15,-11.854,0.001,-1.481,-11.879,0.000,1.485,0.025
102.17,-11.855,0.001,-1.482,-11.879,0.000,1.485,0.024
102.19,-11.855,0.001,-1.482,-11.879,0.000,1.485,0.024
102.21,-11.856,0.001,-1.482,-11.879,0.000,1.485,0.023
102.23,-11.856,0.001,-1.482,-11.879,0.000,1.485,0.023
102.25,-11.857,0.001,-1.482,-11.879,0.000,1.485,0.022
102.27,-11.857,0.001,-1.482,-11.879,0.000,1.485,0.022
102.29,-11.858,0.000,-1.483,-11.879,0.000,1.485,0.021
102.32,-11.858,0.000,-1.483,-11.879,0.000,1.485,0.021
102.34,-11.859,-0.000,-1.483,-11.879,0.000,1.485,0.020
102.36,-11.859,-0.000,-1.483,-11.879,0.000,1.485,0.020
102.38,-11.860,-0.001,-1.483,-11.879,0.000,1.485,0.019
102.40,-11.860,-0.001,-1.483,-11.879,0.000,1.485,0.019
102.42,-11.860,-0.001,-1.483,-11.879,0.000,1.485,0.019
102.44,-11.862,-0.002,-1.484,-11.879,0.000,1.485,0.017
102.46,-11.862,-0.002,-1.484,-11.879,0.000,1.485,0.017
102.48,-11.863,-0.002,-1.484,-11.879,0.000,1.485,0.016
102.50,-11.863,-0.002,-1.484,-11.879,0.000,1.485,0.016
102.52,-11.864,-0.003,-1.485,-11.879,0.000,1.485,0.015
102.55,-11.864,-0.003,-1.485,-11.879,0.000,1.485,0.015
102.57,-11.865,-0.003,-1.485,-11.879,0.000,1.485,0.014
102.59,-11.865,-0.003,-1.485,-11.879,0.000,1.485,0.014
102.61,-11.866,-0.004,-1.485,-11.879,0.000,1.485,0.014
102.63,-11.866,-0.004,-1.485,-11.879,0.000,1.485,0.014
102.65,-11.867,-0.004,-1.485,-11.879,0.000,1.485,0.013
102.67,-11.867,-0.004,-1.485,-11.879,0.000,1.485,0.013
102.69,-11.867,-0.005,-1.486,-11.879,0.000,1.485,0.013
102.71,-11.867,-0.005,-1.486,-11.879,0.000,1.485,0.013
102.73,-11.868,-0.006,-1.486,-11.879,0.000,1.485,0.012
102.75,-11.868,-0.006,-1.486,-11.879,0.000,1.485,0.012
102.77,-11.869,-0.006,-1.486,-11.879,0.000,1.485,0.012
102.79,-11.869,-0.006,-1.486,-11.879,0.000,1.485,0.012
102.82,-11.869,-0.006,-1.486,-11.879,0.000,1.485,0.012
102.84,-11.869,-0.006,-1.486,-11.879,0.000,1.485,0.012
102.86,-11.869,-0.007,-1.486,-11.879,0.000,1.485,0.012
102.88,-11.869,-0.007,-1.486,-11.879,0.000,1.485,0.012
102.90,-11.870,-0.007,-1.486,-11.879,0.000,1.485,0.012
102.92,-11.870,-0.007,-1.486,-11.879,0.000,1.485,0.012
102.94,-11.870,-0.007,-1.486,-11.879,0.000,1.485,0.012
102.96,-11.870,-0.008,-1.485,-11.879,0.000,1.485,0.012
102.98,-11.870,-0.008,-1.485,-11.879,0.000,1.485,0.012
103.00,-11.870,-0.008,-1.485,-11.879,0.000,1.485,0.012
103.02,-11.870,-0.008,-1.485,-11.879,0.000,1.485,0.012
103.05,-11.870,-0.008,-1.485,-11.879,0.000,1.485,0.012
103.07,-11.870,-0.008,-1.485,-11.879,0.000,1.485,0.012
103.09,-11.870,-0.008,-1.484,-11.879,0.000,1.485,0.012
103.11,-11.870,-0.008,-1.484,-11.879,0.000,1.485,0.012
103.13,-11.871,-0.009,-1.484,-11.879,0.000,1.485,0.012
103.15,-11.871,-0.009,-1.484,-11.879,0.000,1.485,0.012
103.17,-11.871,-0.009,-1.484,-11.879,0.000,1.485,0.012
103.19,-11.871,-0.009,-1.484,-11.879,0.000,1.485,0.012
103.21,-11.872,-0.009,-1.484,-11.879,0.000,1.485,0.012
103.23,-11.872,-0.009,-1.484,-11.879,0.000,1.485,0.012
103.25,-11.872,-0.010,-1.484,-11.879,0.000,1.485,0.012
103.27,-11.872,-0.010,-1.484,-11.879,0.000,1.485,0.012
103.29,-11.873,-0.010,-1.484,-11.879,0.000,1.485,0.012
103.32,-11.873,-0.010,-1.484,-11.879,0.000,1.485,0.012
103.34,-11.874,-0.011,-1.484,-11.879,0.000,1.485,0.013
103.36,-11.874,-0.011,-1.484,-11.879,0.000,1.485,0.013
103.38,-11.875,-0.012,-1.484,-11.879,0.000,1.485,0.013
103.40,-11.875,-0.012,-1.484,-11.879,0.000,1.485,0.013
103.42,-11.875,-0.012,-1.484,-11.879,0.000,1.485,0.013
103.44,-11.876,-0.014,-1.484,-11.879,0.000,1.485,0.014
103.46,-11.876,-0.014,-1.484,-11.879,0.000,1.485,0.014
103.48,-11.877,-0.015,-1.484,-11.879,0.000,1.485,0.015
103.50,-11.877,-0.015,-1.484,-11.879,0.000,1.485,0.015
103.52,-11.878,-0.016,-1.484,-11.879,0.000,1.485,0.016
103.55,-11.878,-0.016,-1.484,-11.879,0.000,1.485,0.016
103.57,-11.879,-0.016,-1.484,-11.879,0.000,1.485,0.017
103.59,-11.879,-0.016,-1.484,-11.879,0.000,1.485,0.017
103.61,-11.880,-0.017,-1.484,-11.879,0.000,1.485,0.017
103.63,-11.880,-0.017,-1.484,-11.879,0.000,1.485,0.017
103.65,-11.881,-0.017,-1.484,-11.879,0.000,1.485,0.017
103.67,-11.881,-0.017,-1.484,-11.879,0.000,1.485,0.017
103.69,-11.883,-0.017,-1.483,-11.879,0.000,1.485,0.018
103.71,-11.883,-0.017,-1.483,-11.879,0.000,1.485,0.018
103.73,-11.884,-0.017,-1.483,-11.879,0.000,1.485,0.018
103.75,-11.884,-0.017,-1.483,-11.879,0.000,1.485,0.018
103.77,-11.886,-0.016,-1.483,-11.879,0.000,1.485,0.018
103.80,-11.886,-0.016,-1.483,-11.879,0.000,1.485,0.018
103.82,-11.887,-0.016,-1.483,-11.879,0.000,1.485,0.018
103.84,-11.887,-0.016,-1.483,-11.879,0.000,1.485,0.018
103.86,-11.889,-0.016,-1.483,-11.879,0.000,1.485,0.019
103.88,-11.889,-0.016,-1.483,-11.879,0.000,1.485,0.019
103.90,-11.890,-0.015,-1.483,-11.879,0.000,1.485,0.019
103.92,-11.890,-0.015,-1.483,-11.879,0.000,1.485,0.019
103.94,-11.890,-0.015,-1.483,-11.879,0.000,1.485,0.019
103.96,-11.892,-0.014,-1.483,-11.879,0.000,1.485,0.020
103.98,-11.892,-0.014,-1.483,-11.879,0.000,1.485,0.020
104.00,-11.894,-0.014,-1.484,-11.879,0.000,1.485,0.020
104.02,-11.894,-0.014,-1.484,-11.879,0.000,1.485,0.020
104.04,-11.895,-0.013,-1.484,-11.879,0.000,1.485,0.021
104.06,-11.895,-0.013,-1.484,-11.879,0.000,1.485,0.021
104.09,-11.896,-0.013,-1.484,-11.879,0.000,1.485,0.021
104.11,-11.896,-0.013,-1.484,-11.879,0.000,1.485,0.021
104.13,-11.897,-0.012,-1.484,-11.879,0.000,1.485,0.022
104.15,-11.897,-0.012,-1.484,-11.879,0.000,1.485,0.022
104.17,-11.898,-0.011,-1.485,-11.879,0.000,1.485,0.022
104.19,-11.898,-0.011,-1.485,-11.879,0.000,1.485,0.022
104.21,-11.899,-0.010,-1.485,-11.879,0.000,1.485,0.022
104.23,-11.899,-0.010,-1.485,-11.879,0.000,1.485,0.022
104.25,-11.899,-0.009,-1.485,-11.879,0.000,1.485,0.022
104.27,-11.899,-0.009,-1.485,-11.879,0.000,1.485,0.022
104.29,-11.900,-0.007,-1.486,-11.879,0.000,1.485,0.022
104.31,-11.900,-0.007,-1.486,-11.879,0.000,1.485,0.022
104.34,-11.900,-0.006,-1.486,-11.879,0.000,1.485,0.022
104.36,-11.900,-0.006,-1.486,-11.879,0.000,1.485,0.022
104.38,-11.901,-0.005,-1.486,-11.879,0.000,1.485,0.022
104.40,-11.901,-0.005,-1.486,-11.879,0.000,1.485,0.022
104.42,-11.901,-0.005,-1.486,-11.879,0.000,1.485,0.022
104.44,-11.901,-0.003,-1.487,-11.879,0.000,1.485,0.022
104.46,-11.901,-0.003,-1.487,-11.879,0.000,1.485,0.022
104.48,-11.901,-0.001,-1.487,-11.879,0.000,1.485,0.022
104.50,-11.901,-0.001,-1.487,-11.879,0.000,1.485,0.022
104.52,-11.901,0.001,-1.487,-11.879,0.000,1.485,0.022
104.54,-11.901,0.001,-1.487,-11.879,0.000,1.485,0.022
104.57,-11.900,0.002,-1.486,-11.879,0.000,1.485,0.022
104.59,-11.900,0.002,-1.486,-11.879,0.000,1.485,0.022
104.61,-11.900,0.004,-1.486,-11.879,0.000,1.485,0.021
104.63,-11.900,0.004,-1.486,-11.879,0.000,1.485,0.021
104.65,-11.899,0.005,-1.486,-11.879,0.000,1.485,0.021
104.67,-11.899,0.005,-1.486,-11.879,0.000,1.485,0.021
104.69,-11.899,0.007,-1.486,-11.879,0.000,1.485,0.021
104.71,-11.899,0.007,-1.486,-11.879,0.000,1.485,0.021
104.73,-11.898,0.008,-1.486,-11.879,0.000,1.485,0.021
104.75,-11.898,0.008,-1.486,-11.879,0.000,1.485,0.021
104.77,-11.897,0.010,-1.486,-11.879,0.000,1.485,0.021
104.79,-11.897,0.010,-1.486,-11.879,0.000,1.485,0.021
104.82,-11.897,0.011,-1.486,-11.879,0.000,1.485,0.021
104.84,-11.897,0.011,-1.486,-11.879,0.000,1.485,0.021
104.86,-11.896,0.013,-1.486,-11.879,0.000,1.485,0.021
104.88,-11.896,0.013,-1.486,-11.879,0.000,1.485,0.021
104.90,-11.895,0.014,-1.486,-11.879,0.000,1.485,0.021
104.92,-11.895,0.014,-1.486,-11.879,0.000,1.485,0.021
104.94,-11.895,0.014,-1.486,-11.879,0.000,1.485,0.021
104.96,-11.894,0.016,-1.486,-11.879,0.000,1.485,0.022
104.98,-11.894,0.016,-1.486,-11.879,0.000,1.485,0.022
105.00,-11.893,0.017,-1.486,-11.879,0.000,1.485,0.022
105.02,-11.893,0.017,-1.486,-11.879,0.000,1.485,0.022
105.05,-11.893,0.018,-1.486,-11.879,0.000,1.485,0.023
105.07,-11.893,0.018,-1.486,-11.879,0.000,1.485,0.023
105.09,-11.892,0.019,-1.486,-11.879,0.000,1.485,0.023
105.11,-11.892,0.019,-1.486,-11.879,0.000,1.485,0.023
105.13,-11.892,0.019,-1.486,-11.879,0.000,1.485,0.023
105.15,-11.892,0.019,-1.486,-11.879,0.000,1.485,0.023
105.17,-11.891,0.019,-1.486,-11.879,0.000,1.485,0.023
105.19,-11.891,0.019,-1.486,-11.879,0.000,1.485,0.023
105.21,-11.891,0.019,-1.487,-11.879,0.000,1.485,0.022
105.23,-11.891,0.019,-1.487,-11.879,0.000,1.485,0.022
105.25,-11.890,0.018,-1.487,-11.879,0.000,1.485,0.022
105.27,-11.890,0.018,-1.487,-11.879,0.000,1.485,0.022
105.29,-11.890,0.018,-1.487,-11.879,0.000,1.485,0.021
105.32,-11.890,0.018,-1.487,-11.879,0.000,1.485,0.021
105.34,-11.890,0.017,-1.488,-11.879,0.000,1.485,0.020
105.36,-11.890,0.017,-1.488,-11.879,0.000,1.485,0.020
105.38,-11.891,0.016,-1.488,-11.879,0.000,1.485,0.020
105.40,-11.891,0.016,-1.488,-11.879,0.000,1.485,0.020
105.42,-11.891,0.015,-1.489,-11.879,0.000,1.485,0.019
105.44,-11.891,0.015,-1.489,-11.879,0.000,1.485,0.019
105.46,-11.891,0.015,-1.489,-11.879,0.000,1.485,0.019
105.48,-11.892,0.013,-1.490,-11.879,0.000,1.485,0.019
105.50,-11.892,0.013,-1.490,-11.879,0.000,1.485,0.019
105.52,-11.893,0.011,-1.490,-11.879,0.000,1.485,0.019
105.54,-11.893,0.011,-1.490,-11.879,0.000,1.485,0.019
105.57,-11.894,0.009,-1.491,-11.879,0.000,1.485,0.018
105.59,-11.894,0.009,-1.491,-11.879,0.000,1.485,0.018
105.61,-11.895,0.008,-1.492,-11.879,0.000,1.485,0.019
105.63,-11.895,0.008,-1.492,-11.879,0.000,1.485,0.019
105.65,-11.895,0.006,-1.492,-11.879,0.000,1.485,0.019
105.67,-11.895,0.006,-1.492,-11.879,0.000,1.485,0.019
105.69,-11.896,0.005,-1.493,-11.879,0.000,1.485,0.020
105.71,-11.896,0.005,-1.493,-11.879,0.000,1.485,0.020
105.73,-11.897,0.003,-1.494,-11.879,0.000,1.485,0.020
105.75,-11.897,0.003,-1.494,-11.879,0.000,1.485,0.020
105.77,-11.898,0.001,-1.494,-11.879,0.000,1.485,0.021
105.79,-11.898,0.001,-1.494,-11.879,0.000,1.485,0.021
105.81,-11.899,-0.000,-1.495,-11.879,0.000,1.485,0.022
105.84,-11.899,-0.000,-1.495,-11.879,0.000,1.485,0.022
105.86,-11.900,-0.002,-1.495,-11.879,0.000,1.485,0.023
105.88,-11.900,-0.002,-1.495,-11.879,0.000,1.485,0.023
105.90,-11.900,-0.003,-1.496,-11.879,0.000,1.485,0.024
105.92,-11.900,-0.003,-1.496,-11.879,0.000,1.485,0.024
105.94,-11.900,-0.003,-1.496,-11.879,0.000,1.485,0.024
105.96,-11.901,-0.006,-1.496,-11.879,0.000,1.485,0.025
105.98,-11.901,-0.006,-1.496,-11.879,0.000,1.485,0.025
106.00,-11.901,-0.007,-1.496,-11.879,0.000,1.485,0.026
106.02,-11.901,-0.007,-1.496,-11.879,0.000,1.485,0.026
106.04,-11.901,-0.009,-1.497,-11.879,0.000,1.485,0.027
106.06,-11.901,-0.009,-1.497,-11.879,0.000,1.485,0.027
106.09,-11.901,-0.010,-1.497,-11.879,0.000,1.485,0.027
106.11,-11.901,-0.010,-1.497,-11.879,0.000,1.485,0.027
106.13,-11.901,-0.011,-1.497,-11.879,0.000,1.485,0.028
106.15,-11.901,-0.011,-1.497,-11.879,0.000,1.485,0.028
106.17,-11.901,-0.012,-1.497,-11.879,0.000,1.485,0.028
106.19,-11.901,-0.012,-1.497,-11.879,0.000,1.485,0.028
106.21,-11.901,-0.013,-1.496,-11.879,0.000,1.485,0.028
106.23,-11.901,-0.013,-1.496,-11.879,0.000,1.485,0.028
106.25,-11.901,-0.014,-1.496,-11.879,0.000,1.485,0.028
106.27,-11.901,-0.014,-1.496,-11.879,0.000,1.485,0.028
106.29,-11.901,-0.015,-1.495,-11.879,0.000,1.485,0.029
106.32,-11.901,-0.015,-1.495,-11.879,0.000,1.485,0.029
106.34,-11.901,-0.015,-1.495,-11.879,0.000,1.485,0.028
106.36,-11.901,-0.015,-1.495,-11.879,0.000,1.485,0.028
106.38,-11.901,-0.016,-1.494,-11.879,0.000,1.485,0.028
106.40,-11.901,-0.016,-1.494,-11.879,0.000,1.485,0.028
106.42,-11.900,-0.016,-1.494,-11.879,0.000,1.485,0.028
106.44,-11.900,-0.016,-1.494,-11.879,0.000,1.485,0.028
106.46,-11.900,-0.016,-1.494,-11.879,0.000,1.485,0.028
106.48,-11.899,-0.016,-1.493,-11.879,0.000,1.485,0.027
106.50,-11.899,-0.016,-1.493,-11.879,0.000,1.485,0.027
106.53,-11.899,-0.015,-1.493,-11.879,0.000,1.485,0.026
106.55,-11.899,-0.015,-1.493,-11.879,0.000,1.485,0.026
106.57,-11.898,-0.015,-1.493,-11.879,0.000,1.485,0.025
106.59,-11.898,-0.015,-1.493,-11.879,0.000,1.485,0.025
106.61,-11.897,-0.014,-1.493,-11.879,0.000,1.485,0.024
106.63,-11.897,-0.014,-1.493,-11.879,0.000,1.485,0.024
106.65,-11.896,-0.014,-1.492,-11.879,0.000,1.485,0.023
106.67,-11.896,-0.014,-1.492,-11.879,0.000,1.485,0.023
106.69,-11.894,-0.013,-1.492,-11.879,0.000,1.485,0.021
106.71,-11.894,-0.013,-1.492,-11.879,0.000,1.485,0.021
106.73,-11.893,-0.012,-1.492,-11.879,0.000,1.485,0.020
106.76,-11.893,-0.012,-1.492,-11.879,0.000,1.485,0.020
106.78,-11.892,-0.011,-1.492,-11.879,0.000,1.485,0.019
106.80,-11.892,-0.011,-1.492,-11.879,0.000,1.485,0.019
106.82,-11.890,-0.011,-1.492,-11.879,0.000,1.485,0.017
106.84,-11.890,-0.011,-1.492,-11.879,0.000,1.485,0.017
106.86,-11.889,-0.010,-1.493,-11.879,0.000,1.485,0.016
106.88,-11.889,-0.010,-1.493,-11.879,0.000,1.485,0.016
106.90,-11.887,-0.009,-1.493,-11.879,0.000,1.485,0.015
106.92,-11.887,-0.009,-1.493,-11.879,0.000,1.485,0.015
106.94,-11.887,-0.009,-1.493,-11.879,0.000,1.485,0.015
106.96,-11.884,-0.008,-1.493,-11.879,0.000,1.485,0.013
106.99,-11.884,-0.008,-1.493,-11.879,0.000,1.485,0.013
107.01,-11.883,-0.008,-1.493,-11.879,0.000,1.485,0.012
107.03,-11.883,-0.008,-1.493,-11.879,0.000,1.485,0.012
107.05,-11.881,-0.007,-1.493,-11.879,0.000,1.485,0.011
107.07,-11.881,-0.007,-1.493,-11.879,0.000,1.485,0.011
107.09,-11.880,-0.006,-1.493,-11.879,0.000,1.485,0.010
107.11,-11.880,-0.006,-1.493,-11.879,0.000,1.485,0.010
107.13,-11.878,-0.006,-1.492,-11.879,0.000,1.485,0.010
107.15,-11.878,-0.006,-1.492,-11.879,0.000,1.485,0.010
107.17,-11.877,-0.005,-1.492,-11.879,0.000,1.485,0.009
107.19,-11.877,-0.005,-1.492,-11.879,0.000,1.485,0.009
107.22,-11.876,-0.004,-1.492,-11.879,0.000,1.485,0.009
107.24,-11.876,-0.004,-1.492,-11.879,0.000,1.485,0.009
107.26,-11.874,-0.004,-1.491,-11.879,0.000,1.485,0.009
107.28,-11.874,-0.004,-1.491,-11.879,0.000,1.485,0.009
107.30,-11.873,-0.003,-1.491,-11.879,0.000,1.485,0.009
107.32,-11.873,-0.003,-1.491,-11.879,0.000,1.485,0.009
107.34,-11.872,-0.002,-1.491,-11.879,0.000,1.485,0.009
107.36,-11.872,-0.002,-1.491,-11.879,0.000,1.485,0.009
107.38,-11.871,-0.000,-1.490,-11.879,0.000,1.485,0.010
107.40,-11.871,-0.000,-1.490,-11.879,0.000,1.485,0.010
107.42,-11.870,0.001,-1.490,-11.879,0.000,1.485,0.011
107.44,-11.870,0.001,-1.490,-11.879,0.000,1.485,0.011
107.47,-11.870,0.001,-1.490,-11.879,0.000,1.485,0.011
107.49,-11.868,0.003,-1.490,-11.879,0.000,1.485,0.012
107.51,-11.868,0.003,-1.490,-11.879,0.000,1.485,0.012
107.53,-11.867,0.005,-1.490,-11.879,0.000,1.485,0.014
107.55,-11.867,0.005,-1.490,-11.879,0.000,1.485,0.014
107.57,-11.866,0.006,-1.490,-11.879,0.000,1.485,0.015
107.59,-11.866,0.006,-1.490,-11.879,0.000,1.485,0.015
107.61,-11.864,0.007,-1.490,-11.879,0.000,1.485,0.017
107.63,-11.864,0.007,-1.490,-11.879,0.000,1.485,0.017
107.65,-11.863,0.009,-1.490,-11.879,0.000,1.485,0.019
107.67,-11.863,0.009,-1.490,-11.879,0.000,1.485,0.019
107.69,-11.862,0.010,-1.490,-11.879,0.000,1.485,0.021
107.71,-11.862,0.010,-1.490,-11.879,0.000,1.485,0.021
107.74,-11.860,0.011,-1.490,-11.879,0.000,1.485,0.022
107.76,-11.860,0.011,-1.490,-11.879,0.000,1.485,0.022
107.78,-11.859,0.012,-1.490,-11.879,0.000,1.485,0.024
107.80,-11.859,0.012,-1.490,-11.879,0.000,1.485,0.024
107.82,-11.858,0.013,-1.490,-11.879,0.000,1.485,0.025
107.84,-11.858,0.013,-1.490,-11.879,0.000,1.485,0.025
107.86,-11.858,0.014,-1.490,-11.879,0.000,1.485,0.026
107.88,-11.858,0.014,-1.490,-11.879,0.000,1.485,0.026
107.90,-11.857,0.015,-1.489,-11.879,0.000,1.485,0.027
107.92,-11.857,0.015,-1.489,-11.879,0.000,1.485,0.027
107.94,-11.856,0.016,-1.489,-11.879,0.000,1.485,0.028
107.96,-11.856,0.016,-1.489,-11.879,0.000,1.485,0.028
107.99,-11.856,0.016,-1.489,-11.879,0.000,1.485,0.028
108.01,-11.856,0.018,-1.489,-11.879,0.000,1.485,0.029
108.03,-11.856,0.018,-1.489,-11.879,0.000,1.485,0.029
108.05,-11.857,0.018,-1.489,-11.879,0.000,1.485,0.029
108.07,-11.857,0.018,-1.489,-11.879,0.000,1.485,0.029
108.09,-11.857,0.019,-1.489,-11.879,0.000,1.485,0.029
108.11,-11.857,0.019,-1.489,-11.879,0.000,1.485,0.029
108.13,-11.858,0.020,-1.488,-11.879,0.000,1.485,0.029
108.15,-11.858,0.020,-1.488,-11.879,0.000,1.485,0.029
108.17,-11.859,0.020,-1.488,-11.879,0.000,1.485,0.029
108.19,-11.859,0.020,-1.488,-11.879,0.000,1.485,0.029
108.21,-11.860,0.021,-1.488,-11.879,0.000,1.485,0.028
108.24,-11.860,0.021,-1.488,-11.879,0.000,1.485,0.028
108.26,-11.862,0.022,-1.487,-11.879,0.000,1.485,0.028
108.28,-11.862,0.022,-1.487,-11.879,0.000,1.485,0.028
108.30,-11.863,0.022,-1.487,-11.879,0.000,1.485,0.027
108.32,-11.863,0.022,-1.487,-11.879,0.000,1.485,0.027
108.34,-11.864,0.022,-1.487,-11.879,0.000,1.485,0.027
108.36,-11.864,0.022,-1.487,-11.879,0.000,1.485,0.027
108.38,-11.865,0.023,-1.487,-11.879,0.000,1.485,0.027
108.40,-11.865,0.023,-1.487,-11.879,0.000,1.485,0.027
108.42,-11.865,0.023,-1.487,-11.879,0.000,1.485,0.027
108.44,-11.865,0.023,-1.487,-11.879,0.000,1.485,0.027
108.46,-11.865,0.023,-1.487,-11.879,0.000,1.485,0.027
108.49,-11.866,0.024,-1.487,-11.879,0.000,1.485,0.027
108.51,-11.866,0.024,-1.487,-11.879,0.000,1.485,0.027
108.53,-11.867,0.024,-1.487,-11.879,0.000,1.485,0.027
108.55,-11.867,0.024,-1.487,-11.879,0.000,1.485,0.027
108.57,-11.867,0.024,-1.487,-11.879,0.000,1.485,0.027
108.59,-11.867,0.024,-1.487,-11.879,0.000,1.485,0.027
108.61,-11.868,0.025,-1.487,-11.879,0.000,1.485,0.027
108.63,-11.868,0.025,-1.487,-11.879,0.000,1.485,0.027
108.65,-11.869,0.025,-1.487,-11.879,0.000,1.485,0.027
108.67,-11.869,0.025,-1.487,-11.879,0.000,1.485,0.027
108.69,-11.869,0.025,-1.487,-11.879,0.000,1.485,0.027
108.71,-11.869,0.025,-1.487,-11.879,0.000,1.485,0.027
108.73,-11.870,0.026,-1.487,-11.879,0.000,1.485,0.027
108.75,-11.870,0.026,-1.487,-11.879,0.000,1.485,0.027
108.78,-11.870,0.026,-1.487,-11.879,0.000,1.485,0.028
108.80,-11.870,0.026,-1.487,-11.879,0.000,1.485,0.028
108.82,-11.871,0.027,-1.487,-11.879,0.000,1.485,0.028
108.84,-11.871,0.027,-1.487,-11.879,0.000,1.485,0.028
108.86,-11.871,0.027,-1.487,-11.879,0.000,1.485,0.028
108.88,-11.871,0.027,-1.487,-11.879,0.000,1.485,0.028
108.90,-11.872,0.027,-1.487,-11.879,0.000,1.485,0.028
108.92,-11.872,0.027,-1.487,-11.879,0.000,1.485,0.028
108.94,-11.872,0.027,-1.486,-11.879,0.000,1.485,0.028
108.96,-11.872,0.027,-1.486,-11.879,0.000,1.485,0.028
108.99,-11.872,0.027,-1.486,-11.879,0.000,1.485,0.028
109.01,-11.873,0.027,-1.485,-11.879,0.000,1.485,0.027
109.03,-11.873,0.027,-1.485,-11.879,0.000,1.485,0.027
109.05,-11.873,0.026,-1.485,-11.879,0.000,1.485,0.027
109.07,-11.873,0.026,-1.485,-11.879,0.000,1.485,0.027
109.09,-11.873,0.025,-1.484,-11.879,0.000,1.485,0.026
109.11,-11.873,0.025,-1.484,-11.879,0.000,1.485,0.026
109.13,-11.874,0.024,-1.484,-11.879,0.000,1.485,0.025
109.15,-11.874,0.024,-1.484,-11.879,0.000,1.485,0.025
109.17,-11.875,0.023,-1.483,-11.879,0.000,1.485,0.024
109.19,-11.875,0.023,-1.483,-11.879,0.000,1.485,0.024
109.21,-11.876,0.022,-1.483,-11.879,0.000,1.485,0.023
109.23,-11.876,0.022,-1.483,-11.879,0.000,1.485,0.023
109.26,-11.877,0.022,-1.482,-11.879,0.000,1.485,0.022
109.28,-11.877,0.022,-1.482,-11.879,0.000,1.485,0.022
109.30,-11.879,0.021,-1.482,-11.879,0.000,1.485,0.021
109.32,-11.879,0.021,-1.482,-11.879,0.000,1.485,0.021
109.34,-11.880,0.020,-1.482,-11.879,0.000,1.485,0.020
109.36,-11.880,0.020,-1.482,-11.879,0.000,1.485,0.020
109.38,-11.881,0.019,-1.481,-11.879,0.000,1.485,0.019
109.40,-11.881,0.019,-1.481,-11.879,0.000,1.485,0.019
109.42,-11.882,0.018,-1.481,-11.879,0.000,1.485,0.019
109.44,-11.882,0.018,-1.481,-11.879,0.000,1.485,0.019
109.46,-11.882,0.018,-1.481,-11.879,0.000,1.485,0.019
109.49,-11.885,0.017,-1.481,-11.879,0.000,1.485,0.018
109.51,-11.885,0.017,-1.481,-11.879,0.000,1.485,0.018
109.53,-11.886,0.016,-1.480,-11.879,0.000,1.485,0.018
109.55,-11.886,0.016,-1.480,-11.879,0.000,1.485,0.018
109.57,-11.888,0.015,-1.480,-11.879,0.000,1.485,0.018
109.59,-11.888,0.015,-1.480,-11.879,0.000,1.485,0.018
109.61,-11.889,0.014,-1.480,-11.879,0.000,1.485,0.018
109.63,-11.889,0.014,-1.480,-11.879,0.000,1.485,0.018
109.65,-11.891,0.013,-1.480,-11.879,0.000,1.485,0.018
109.67,-11.891,0.013,-1.480,-11.879,0.000,1.485,0.018
109.69,-11.892,0.012,-1.480,-11.879,0.000,1.485,0.018
109.71,-11.892,0.012,-1.480,-11.879,0.000,1.485,0.018
109.74,-11.893,0.011,-1.480,-11.879,0.000,1.485,0.018
109.76,-11.893,0.011,-1.480,-11.879,0.000,1.485,0.018
109.78,-11.894,0.009,-1.481,-11.879,0.000,1.485,0.018
109.80,-11.894,0.009,-1.481,-11.879,0.000,1.485,0.018
109.82,-11.896,0.008,-1.481,-11.879,0.000,1.485,0.019
109.84,-11.896,0.008,-1.481,-11.879,0.000,1.485,0.019
109.86,-11.897,0.007,-1.481,-11.879,0.000,1.485,0.019
109.88,-11.897,0.007,-1.481,-11.879,0.000,1.485,0.019
109.90,-11.898,0.006,-1.481,-11.879,0.000,1.485,0.020
109.92,-11.898,0.006,-1.481,-11.879,0.000,1.485,0.020
109.95,-11.900,0.004,-1.482,-11.879,0.000,1.485,0.021
109.97,-11.900,0.004,-1.482,-11.879,0.000,1.485,0.021
109.99,-11.900,0.004,-1.482,-11.879,0.000,1.485,0.021
110.01,-11.901,0.002,-1.483,-11.879,0.000,1.485,0.022
110.03,-11.901,0.002,-1.483,-11.879,0.000,1.485,0.022
110.05,-11.902,0.001,-1.484,-11.879,0.000,1.485,0.023
110.07,-11.902,0.001,-1.484,-11.879,0.000,1.485,0.023
110.09,-11.903,0.000,-1.485,-11.879,0.000,1.485,0.024
110.11,-11.903,0.000,-1.485,-11.879,0.000,1.485,0.024
110.13,-11.904,-0.001,-1.486,-11.879,0.000,1.485,0.025
110.15,-11.904,-0.001,-1.486,-11.879,0.000,1.485,0.025
110.17,-11.904,-0.003,-1.487,-11.879,0.000,1.485,0.025
110.20,-11.904,-0.003,-1.487,-11.879,0.000,1.485,0.025
110.22,-11.905,-0.004,-1.487,-11.879,0.000,1.485,0.026
110.24,-11.905,-0.004,-1.487,-11.879,0.000,1.485,0.026
110.26,-11.905,-0.005,-1.488,-11.879,0.000,1.485,0.027
110.28,-11.905,-0.005,-1.488,-11.879,0.000,1.485,0.027
110.30,-11.905,-0.006,-1.489,-11.879,0.000,1.485,0.027
110.32,-11.905,-0.006,-1.489,-11.879,0.000,1.485,0.027
110.34,-11.905,-0.007,-1.490,-11.879,0.000,1.485,0.028
110.36,-11.905,-0.007,-1.490,-11.879,0.000,1.485,0.028
110.38,-11.905,-0.009,-1.491,-11.879,0.000,1.485,0.028
110.41,-11.905,-0.009,-1.491,-11.879,0.000,1.485,0.028
110.43,-11.905,-0.010,-1.492,-11.879,0.000,1.485,0.029
110.45,-11.905,-0.010,-1.492,-11.879,0.000,1.485,0.029
110.47,-11.905,-0.010,-1.492,-11.879,0.000,1.485,0.029
110.49,-11.905,-0.011,-1.493,-11.879,0.000,1.485,0.030
110.51,-11.905,-0.011,-1.493,-11.879,0.000,1.485,0.030
110.53,-11.905,-0.012,-1.493,-11.879,0.000,1.485,0.030
110.55,-11.905,-0.012,-1.493,-11.879,0.000,1.485,0.030
110.57,-11.905,-0.013,-1.493,-11.879,0.000,1.485,0.030
110.59,-11.905,-0.013,-1.493,-11.879,0.000,1.485,0.030
110.61,-11.905,-0.014,-1.494,-11.879,0.000,1.485,0.031
110.63,-11.905,-0.014,-1.494,-11.879,0.000,1.485,0.031
110.65,-11.905,-0.014,-1.494,-11.879,0.000,1.485,0.031
110.67,-11.905,-0.014,-1.494,-11.879,0.000,1.485,0.031
110.70,-11.905,-0.015,-1.494,-11.879,0.000,1.485,0.031
110.72,-11.905,-0.015,-1.494,-11.879,0.000,1.485,0.031
110.74,-11.904,-0.015,-1.494,-11.879,0.000,1.485,0.031
110.76,-11.904,-0.015,-1.494,-11.879,0.000,1.485,0.031
110.78,-11.904,-0.015,-1.494,-11.879,0.000,1.485,0.031
110.80,-11.904,-0.015,-1.494,-11.879,0.000,1.485,0.031
110.82,-11.904,-0.016,-1.494,-11.879,0.000,1.485,0.030
110.84,-11.904,-0.016,-1.494,-11.879,0.000,1.485,0.030
110.86,-11.903,-0.016,-1.493,-11.879,0.000,1.485,0.030
110.88,-11.903,-0.016,-1.493,-11.879,0.000,1.485,0.030
110.90,-11.902,-0.015,-1.493,-11.879,0.000,1.485,0.029
110.93,-11.902,-0.015,-1.493,-11.879,0.000,1.485,0.029
110.95,-11.901,-0.015,-1.493,-11.879,0.000,1.485,0.028
110.97,-11.901,-0.015,-1.493,-11.879,0.000,1.485,0.028
110.99,-11.901,-0.015,-1.493,-11.879,0.000,1.485,0.028
111.01,-11.900,-0.015,-1.493,-11.879,0.000,1.485,0.027
111.03,-11.900,-0.015,-1.493,-11.879,0.000,1.485,0.027
111.05,-11.899,-0.015,-1.493,-11.879,0.000,1.485,0.026
111.07,-11.899,-0.015,-1.493,-11.879,0.000,1.485,0.026
111.09,-11.898,-0.014,-1.493,-11.879,0.000,1.485,0.025
111.11,-11.898,-0.014,-1.493,-11.879,0.000,1.485,0.025
111.13,-11.897,-0.014,-1.492,-11.879,0.000,1.485,0.024
111.15,-11.897,-0.014,-1.492,-11.879,0.000,1.485,0.024
111.17,-11.896,-0.014,-1.492,-11.879,0.000,1.485,0.023
111.20,-11.896,-0.014,-1.492,-11.879,0.000,1.485,0.023
111.22,-11.895,-0.013,-1.492,-11.879,0.000,1.485,0.022
111.24,-11.895,-0.013,-1.492,-11.879,0.000,1.485,0.022
111.26,-11.894,-0.013,-1.492,-11.879,0.000,1.485,0.021
111.28,-11.894,-0.013,-1.492,-11.879,0.000,1.485,0.021
111.30,-11.893,-0.013,-1.491,-11.879,0.000,1.485,0.020
111.32,-11.893,-0.013,-1.491,-11.879,0.000,1.485,0.020
111.34,-11.891,-0.012,-1.491,-11.879,0.000,1.485,0.019
111.36,-11.891,-0.012,-1.491,-11.879,0.000,1.485,0.019
111.38,-11.890,-0.012,-1.491,-11.879,0.000,1.485,0.017
111.40,-11.890,-0.012,-1.491,-11.879,0.000,1.485,0.017
111.42,-11.888,-0.012,-1.490,-11.879,0.000,1.485,0.016
111.45,-11.888,-0.012,-1.490,-11.879,0.000,1.485,0.016
111.47,-11.886,-0.012,-1.490,-11.879,0.000,1.485,0.015
111.49,-11.886,-0.012,-1.490,-11.879,0.000,1.485,0.015
111.51,-11.886,-0.012,-1.490,-11.879,0.000,1.485,0.015
111.53,-11.883,-0.013,-1.489,-11.879,0.000,1.485,0.014
111.55,-11.883,-0.013,-1.489,-11.879,0.000,1.485,0.014
111.57,-11.882,-0.013,-1.488,-11.879,0.000,1.485,0.014
111.59,-11.882,-0.013,-1.488,-11.879,0.000,1.485,0.014
111.61,-11.880,-0.013,-1.487,-11.879,0.000,1.485,0.013
111.63,-11.880,-0.013,-1.487,-11.879,0.000,1.485,0.013
111.65,-11.878,-0.013,-1.487,-11.879,0.000,1.485,0.013
111.67,-11.878,-0.013,-1.487,-11.879,0.000,1.485,0.013
111.69,-11.876,-0.013,-1.486,-11.879,0.000,1.485,0.013
111.71,-11.876,-0.013,-1.486,-11.879,0.000,1.485,0.013
111.74,-11.874,-0.013,-1.486,-11.879,0.000,1.485,0.014
111.76,-11.874,-0.013,-1.486,-11.879,0.000,1.485,0.014
111.78,-11.873,-0.012,-1.485,-11.879,0.000,1.485,0.014
111.80,-11.873,-0.012,-1.485,-11.879,0.000,1.485,0.014
111.82,-11.871,-0.012,-1.485,-11.879,0.000,1.485,0.015
111.84,-11.871,-0.012,-1.485,-11.879,0.000,1.485,0.015
111.86,-11.869,-0.011,-1.484,-11.879,0.000,1.485,0.015
111.88,-11.869,-0.011,-1.484,-11.879,0.000,1.485,0.015
111.90,-11.867,-0.011,-1.483,-11.879,0.000,1.485,0.017
111.92,-11.867,-0.011,-1.483,-11.879,0.000,1.485,0.017
111.94,-11.864,-0.010,-1.483,-11.879,0.000,1.485,0.018
111.96,-11.864,-0.010,-1.483,-11.879,0.000,1.485,0.018
111.99,-11.864,-0.010,-1.483,-11.879,0.000,1.485,0.018
112.01,-11.861,-0.009,-1.482,-11.879,0.000,1.485,0.020
112.03,-11.861,-0.009,-1.482,-11.879,0.000,1.485,0.020
112.05,-11.860,-0.009,-1.481,-11.879,0.000,1.485,0.022
112.07,-11.860,-0.009,-1.481,-11.879,0.000,1.485,0.022
112.09,-11.859,-0.009,-1.480,-11.879,0.000,1.485,0.023
112.11,-11.859,-0.009,-1.480,-11.879,0.000,1.485,0.023
112.13,-11.857,-0.008,-1.480,-11.879,0.000,1.485,0.024
112.15,-11.857,-0.008,-1.480,-11.879,0.000,1.485,0.024
112.17,-11.856,-0.008,-1.479,-11.879,0.000,1.485,0.025
112.19,-11.856,-0.008,-1.479,-11.879,0.000,1.485,0.025
112.22,-11.856,-0.008,-1.479,-11.879,0.000,1.485,0.025
112.24,-11.856,-0.008,-1.479,-11.879,0.000,1.485,0.025
112.26,-11.855,-0.007,-1.479,-11.879,0.000,1.485,0.025
112.28,-11.855,-0.007,-1.479,-11.879,0.000,1.485,0.025
112.30,-11.855,-0.007,-1.479,-11.879,0.000,1.485,0.026
112.32,-11.855,-0.007,-1.479,-11.879,0.000,1.485,0.026
112.34,-11.855,-0.007,-1.478,-11.879,0.000,1.485,0.025
112.36,-11.855,-0.007,-1.478,-11.879,0.000,1.485,0.025
112.38,-11.856,-0.007,-1.478,-11.879,0.000,1.485,0.025
112.40,-11.856,-0.007,-1.478,-11.879,0.000,1.485,0.025
112.42,-11.856,-0.007,-1.478,-11.879,0.000,1.485,0.025
112.45,-11.856,-0.007,-1.478,-11.879,0.000,1.485,0.025
112.47,-11.856,-0.007,-1.478,-11.879,0.000,1.485,0.025
112.49,-11.856,-0.007,-1.478,-11.879,0.000,1.485,0.025
112.51,-11.856,-0.007,-1.478,-11.879,0.000,1.485,0.025
112.53,-11.856,-0.007,-1.479,-11.879,0.000,1.485,0.025
112.55,-11.856,-0.007,-1.479,-11.879,0.000,1.485,0.025
112.57,-11.856,-0.007,-1.479,-11.879,0.000,1.485,0.025
112.59,-11.856,-0.007,-1.479,-11.879,0.000,1.485,0.025
112.61,-11.856,-0.007,-1.479,-11.879,0.000,1.485,0.025
112.63,-11.856,-0.007,-1.479,-11.879,0.000,1.485,0.025
112.65,-11.856,-0.008,-1.479,-11.879,0.000,1.485,0.025
112.67,-11.856,-0.008,-1.479,-11.879,0.000,1.485,0.025
112.70,-11.857,-0.008,-1.480,-11.879,0.000,1.485,0.024
112.72,-11.857,-0.008,-1.480,-11.879,0.000,1.485,0.024
112.74,-11.857,-0.008,-1.480,-11.879,0.000,1.485,0.024
112.76,-11.857,-0.008,-1.480,-11.879,0.000,1.485,0.024
112.78,-11.858,-0.009,-1.480,-11.879,0.000,1.485,0.023
112.80,-11.858,-0.009,-1.480,-11.879,0.000,1.485,0.023
112.82,-11.859,-0.009,-1.480,-11.879,0.000,1.485,0.023
112.84,-11.859,-0.009,-1.480,-11.879,0.000,1.485,0.023
112.86,-11.860,-0.009,-1.480,-11.879,0.000,1.485,0.022
112.88,-11.860,-0.009,-1.480,-11.879,0.000,1.485,0.022
112.90,-11.861,-0.009,-1.480,-11.879,0.000,1.485,0.021
112.93,-11.861,-0.009,-1.480,-11.879,0.000,1.485,0.021
112.95,-11.862,-0.009,-1.481,-11.879,0.000,1.485,0.020
112.97,-11.862,-0.009,-1.481,-11.879,0.000,1.485,0.020
112.99,-11.862,-0.009,-1.481,-11.879,0.000,1.485,0.020
113.01,-11.864,-0.009,-1.481,-11.879,0.000,1.485,0.018
113.03,-11.864,-0.009,-1.481,-11.879,0.000,1.485,0.018
113.05,-11.866,-0.009,-1.481,-11.879,0.000,1.485,0.017
113.07,-11.866,-0.009,-1.481,-11.879,0.000,1.485,0.017
113.09,-11.867,-0.009,-1.481,-11.879,0.000,1.485,0.015
113.11,-11.867,-0.009,-1.481,-11.879,0.000,1.485,0.015
113.13,-11.868,-0.008,-1.481,-11.879,0.000,1.485,0.014
113.15,-11.868,-0.008,-1.481,-11.879,0.000,1.485,0.014
113.17,-11.869,-0.007,-1.481,-11.879,0.000,1.485,0.013
113.20,-11.869,-0.007,-1.481,-11.879,0.000,1.485,0.013
113.22,-11.870,-0.007,-1.481,-11.879,0.000,1.485,0.012
113.24,-11.870,-0.007,-1.481,-11.879,0.000,1.485,0.012
113.26,-11.871,-0.006,-1.482,-11.879,0.000,1.485,0.011
113.28,-11.871,-0.006,-1.482,-11.879,0.000,1.485,0.011
113.30,-11.872,-0.006,-1.482,-11.879,0.000,1.485,0.010
113.32,-11.872,-0.006,-1.482,-11.879,0.000,1.485,0.010
113.34,-11.873,-0.005,-1.482,-11.879,0.000,1.485,0.009
113.36,-11.873,-0.005,-1.482,-11.879,0.000,1.485,0.009
113.38,-11.874,-0.005,-1.483,-11.879,0.000,1.485,0.008
113.40,-11.874,-0.005,-1.483,-11.879,0.000,1.485,0.008
113.43,-11.875,-0.004,-1.483,-11.879,0.000,1.485,0.006
113.45,-11.875,-0.004,-1.483,-11.879,0.000,1.485,0.006
113.47,-11.876,-0.004,-1.484,-11.879,0.000,1.485,0.005
113.49,-11.876,-0.004,-1.484,-11.879,0.000,1.485,0.005
113.51,-11.876,-0.004,-1.484,-11.879,0.000,1.485,0.005
113.53,-11.877,-0.003,-1.485,-11.879,0.000,1.485,0.004
113.55,-11.877,-0.003,-1.485,-11.879,0.000,1.485,0.004
113.57,-11.878,-0.003,-1.486,-11.879,0.000,1.485,0.004
113.59,-11.878,-0.003,-1.486,-11.879,0.000,1.485,0.004
113.61,-11.879,-0.003,-1.487,-11.879,0.000,1.485,0.004
113.63,-11.879,-0.003,-1.487,-11.879,0.000,1.485,0.004
113.65,-11.880,-0.003,-1.487,-11.879,0.000,1.485,0.004
113.67,-11.880,-0.003,-1.487,-11.879,0.000,1.485,0.004
113.70,-11.881,-0.003,-1.488,-11.879,0.000,1.485,0.005
113.72,-11.881,-0.003,-1.488,-11.879,0.000,1.485,0.005
113.74,-11.882,-0.003,-1.489,-11.879,0.000,1.485,0.006
113.76,-11.882,-0.003,-1.489,-11.879,0.000,1.485,0.006
113.78,-11.883,-0.003,-1.489,-11.879,0.000,1.485,0.006
113.80,-11.883,-0.003,-1.489,-11.879,0.000,1.485,0.006
113.82,-11.883,-0.003,-1.490,-11.879,0.000,1.485,0.007
113.84,-11.883,-0.003,-1.490,-11.879,0.000,1.485,0.007
113.86,-11.884,-0.002,-1.490,-11.879,0.000,1.485,0.008
113.88,-11.884,-0.002,-1.490,-11.879,0.000,1.485,0.008
113.90,-11.884,-0.002,-1.491,-11.879,0.000,1.485,0.008
113.92,-11.884,-0.002,-1.491,-11.879,0.000,1.485,0.008
113.95,-11.885,-0.003,-1.491,-11.879,0.000,1.485,0.009
113.97,-11.885,-0.003,-1.491,-11.879,0.000,1.485,0.009
113.99,-11.885,-0.003,-1.491,-11.879,0.000,1.485,0.009
114.01,-11.885,-0.003,-1.491,-11.879,0.000,1.485,0.009
114.03,-11.885,-0.003,-1.491,-11.879,0.000,1.485,0.009
114.05,-11.885,-0.003,-1.490,-11.879,0.000,1.485,0.009
114.07,-11.885,-0.003,-1.490,-11.879,0.000,1.485,0.009
114.09,-11.885,-0.003,-1.490,-11.879,0.000,1.485,0.009
114.11,-11.885,-0.003,-1.490,-11.879,0.000,1.485,0.009
114.13,-11.885,-0.003,-1.490,-11.879,0.000,1.485,0.008
114.15,-11.885,-0.003,-1.490,-11.879,0.000,1.485,0.008
114.17,-11.885,-0.003,-1.490,-11.879,0.000,1.485,0.008
114.20,-11.885,-0.003,-1.490,-11.879,0.000,1.485,0.008
114.22,-11.885,-0.003,-1.489,-11.879,0.000,1.485,0.008
114.24,-11.885,-0.003,-1.489,-11.879,0.000,1.485,0.008
114.26,-11.884,-0.003,-1.489,-11.879,0.000,1.485,0.008
114.28,-11.884,-0.003,-1.489,-11.879,0.000,1.485,0.008
114.30,-11.884,-0.004,-1.489,-11.879,0.000,1.485,0.007
114.32,-11.884,-0.004,-1.489,-11.879,0.000,1.485,0.007
114.34,-11.883,-0.004,-1.489,-11.879,0.000,1.485,0.007
114.36,-11.883,-0.004,-1.489,-11.879,0.000,1.485,0.007
114.38,-11.883,-0.004,-1.488,-11.879,0.000,1.485,0.006
114.40,-11.883,-0.004,-1.488,-11.879,0.000,1.485,0.006
114.42,-11.882,-0.004,-1.488,-11.879,0.000,1.485,0.006
114.44,-11.882,-0.004,-1.488,-11.879,0.000,1.485,0.006
114.47,-11.882,-0.004,-1.488,-11.879,0.000,1.485,0.006
114.49,-11.882,-0.004,-1.488,-11.879,0.000,1.485,0.006
114.51,-11.882,-0.004,-1.488,-11.879,0.000,1.485,0.006
114.53,-11.881,-0.004,-1.488,-11.879,0.000,1.485,0.005
114.55,-11.881,-0.004,-1.488,-11.879,0.000,1.485,0.005
114.57,-11.880,-0.003,-1.488,-11.879,0.000,1.485,0.005
114.59,-11.880,-0.003,-1.488,-11.879,0.000,1.485,0.005
114.61,-11.879,-0.003,-1.488,-11.879,0.000,1.485,0.005
114.63,-11.879,-0.003,-1.488,-11.879,0.000,1.485,0.005
114.65,-11.878,-0.002,-1.489,-11.879,0.000,1.485,0.005
114.67,-11.878,-0.002,-1.489,-11.879,0.000,1.485,0.005
114.69,-11.878,-0.001,-1.489,-11.879,0.000,1.485,0.005
114.72,-11.878,-0.001,-1.489,-11.879,0.000,1.485,0.005
114.74,-11.877,-0.000,-1.489,-11.879,0.000,1.485,0.005
114.76,-11.877,-0.000,-1.489,-11.879,0.000,1.485,0.005
114.78,-11.876,0.001,-1.489,-11.879,0.000,1.485,0.006
114.80,-11.876,0.001,-1.489,-11.879,0.000,1.485,0.006
114.82,-11.875,0.002,-1.490,-11.879,0.000,1.485,0.007
114.84,-11.875,0.002,-1.490,-11.879,0.000,1.485,0.007
114.86,-11.874,0.003,-1.490,-11.879,0.000,1.485,0.008
114.88,-11.874,0.003,-1.490,-11.879,0.000,1.485,0.008
114.90,-11.873,0.004,-1.490,-11.879,0.000,1.485,0.009
114.92,-11.873,0.004,-1.490,-11.879,0.000,1.485,0.009
114.95,-11.871,0.006,-1.490,-11.879,0.000,1.485,0.011
114.97,-11.871,0.006,-1.490,-11.879,0.000,1.485,0.011
114.99,-11.870,0.007,-1.491,-11.879,0.000,1.485,0.013
115.01,-11.870,0.007,-1.491,-11.879,0.000,1.485,0.013
115.03,-11.870,0.007,-1.491,-11.879,0.000,1.485,0.013
115.05,-11.868,0.009,-1.491,-11.879,0.000,1.485,0.016
115.07,-11.868,0.009,-1.491,-11.879,0.000,1.485,0.016
115.09,-11.867,0.011,-1.491,-11.879,0.000,1.485,0.017
115.11,-11.867,0.011,-1.491,-11.879,0.000,1.485,0.017
115.13,-11.865,0.012,-1.490,-11.879,0.000,1.485,0.019
115.15,-11.865,0.012,-1.490,-11.879,0.000,1.485,0.019
115.17,-11.863,0.014,-1.490,-11.879,0.000,1.485,0.021
115.20,-11.863,0.014,-1.490,-11.879,0.000,1.485,0.021
115.22,-11.862,0.015,-1.490,-11.879,0.000,1.485,0.023
115.24,-11.862,0.015,-1.490,-11.879,0.000,1.485,0.023
115.26,-11.860,0.016,-1.490,-11.879,0.000,1.485,0.025
115.28,-11.860,0.016,-1.490,-11.879,0.000,1.485,0.025
115.30,-11.858,0.016,-1.489,-11.879,0.000,1.485,0.027
115.32,-11.858,0.016,-1.489,-11.879,0.000,1.485,0.027
115.34,-11.857,0.017,-1.489,-11.879,0.000,1.485,0.028
115.36,-11.857,0.017,-1.489,-11.879,0.000,1.485,0.028
115.38,-11.855,0.018,-1.489,-11.879,0.000,1.485,0.030
115.40,-11.855,0.018,-1.489,-11.879,0.000,1.485,0.030
115.42,-11.853,0.019,-1.488,-11.879,0.000,1.485,0.032
115.45,-11.853,0.019,-1.488,-11.879,0.000,1.485,0.032
115.47,-11.852,0.019,-1.488,-11.879,0.000,1.485,0.033
115.49,-11.852,0.019,-1.488,-11.879,0.000,1.485,0.033
115.51,-11.852,0.019,-1.488,-11.879,0.000,1.485,0.033
115.53,-11.850,0.020,-1.488,-11.879,0.000,1.485,0.035
115.55,-11.850,0.020,-1.488,-11.879,0.000,1.485,0.035
115.57,-11.850,0.020,-1.488,-11.879,0.000,1.485,0.036
115.59,-11.850,0.020,-1.488,-11.879,0.000,1.485,0.036
115.61,-11.849,0.020,-1.488,-11.879,0.000,1.485,0.036
115.63,-11.849,0.020,-1.488,-11.879,0.000,1.485,0.036
115.65,-11.848,0.020,-1.487,-11.879,0.000,1.485,0.037
115.67,-11.848,0.020,-1.487,-11.879,0.000,1.485,0.037
115.69,-11.848,0.020,-1.487,-11.879,0.000,1.485,0.037
115.72,-11.848,0.020,-1.487,-11.879,0.000,1.485,0.037
115.74,-11.848,0.020,-1.487,-11.879,0.000,1.485,0.037
115.76,-11.848,0.020,-1.487,-11.879,0.000,1.485,0.037
115.78,-11.847,0.019,-1.487,-11.879,0.000,1.485,0.037
115.80,-11.847,0.019,-1.487,-11.879,0.000,1.485,0.037
115.82,-11.847,0.019,-1.487,-11.879,0.000,1.485,0.037
115.84,-11.847,0.019,-1.487,-11.879,0.000,1.485,0.037
115.86,-11.847,0.019,-1.487,-11.879,0.000,1.485,0.037
115.88,-11.847,0.019,-1.487,-11.879,0.000,1.485,0.037
115.90,-11.847,0.019,-1.487,-11.879,0.000,1.485,0.037
115.92,-11.847,0.019,-1.487,-11.879,0.000,1.485,0.037
115.95,-11.847,0.019,-1.487,-11.879,0.000,1.485,0.037
115.97,-11.847,0.019,-1.487,-11.879,0.000,1.485,0.037
115.99,-11.847,0.019,-1.487,-11.879,0.000,1.485,0.037
116.01,-11.847,0.019,-1.487,-11.879,0.000,1.485,0.037
116.03,-11.847,0.019,-1.487,-11.879,0.000,1.485,0.037
116.05,-11.847,0.020,-1.487,-11.879,0.000,1.485,0.037
116.07,-11.847,0.020,-1.487,-11.879,0.000,1.485,0.037
116.09,-11.848,0.020,-1.487,-11.879,0.000,1.485,0.037
116.11,-11.848,0.020,-1.487,-11.879,0.000,1.485,0.037
116.13,-11.848,0.020,-1.487,-11.879,0.000,1.485,0.037
116.15,-11.848,0.020,-1.487,-11.879,0.000,1.485,0.037
116.17,-11.848,0.020,-1.487,-11.879,0.000,1.485,0.037
116.19,-11.848,0.020,-1.487,-11.879,0.000,1.485,0.037
116.21,-11.849,0.020,-1.488,-11.879,0.000,1.485,0.036
116.24,-11.849,0.020,-1.488,-11.879,0.000,1.485,0.036
116.26,-11.849,0.020,-1.488,-11.879,0.000,1.485,0.036
116.28,-11.849,0.020,-1.488,-11.879,0.000,1.485,0.036
116.30,-11.850,0.020,-1.488,-11.879,0.000,1.485,0.035
116.32,-11.850,0.020,-1.488,-11.879,0.000,1.485,0.035
116.34,-11.851,0.020,-1.488,-11.879,0.000,1.485,0.035
116.36,-11.851,0.020,-1.488,-11.879,0.000,1.485,0.035
116.38,-11.851,0.019,-1.488,-11.879,0.000,1.485,0.034
116.40,-11.851,0.019,-1.488,-11.879,0.000,1.485,0.034
116.42,-11.852,0.019,-1.488,-11.879,0.000,1.485,0.033
116.44,-11.852,0.019,-1.488,-11.879,0.000,1.485,0.033
116.46,-11.852,0.018,-1.488,-11.879,0.000,1.485,0.032
116.48,-11.852,0.018,-1.488,-11.879,0.000,1.485,0.032
116.51,-11.853,0.017,-1.488,-11.879,0.000,1.485,0.032
116.53,-11.853,0.017,-1.488,-11.879,0.000,1.485,0.032
116.55,-11.853,0.017,-1.488,-11.879,0.000,1.485,0.032
116.57,-11.854,0.016,-1.487,-11.879,0.000,1.485,0.030
116.59,-11.854,0.016,-1.487,-11.879,0.000,1.485,0.030
116.61,-11.855,0.015,-1.487,-11.879,0.000,1.485,0.029
116.63,-11.855,0.015,-1.487,-11.879,0.000,1.485,0.029
116.65,-11.856,0.014,-1.486,-11.879,0.000,1.485,0.027
116.67,-11.856,0.014,-1.486,-11.879,0.000,1.485,0.027
116.69,-11.857,0.012,-1.486,-11.879,0.000,1.485,0.026
116.71,-11.857,0.012,-1.486,-11.879,0.000,1.485,0.026
116.73,-11.858,0.011,-1.486,-11.879,0.000,1.485,0.024
116.75,-11.858,0.011,-1.486,-11.879,0.000,1.485,0.024
116.78,-11.859,0.010,-1.485,-11.879,0.000,1.485,0.023
116.80,-11.859,0.010,-1.485,-11.879,0.000,1.485,0.023
116.82,-11.859,0.009,-1.485,-11.879,0.000,1.485,0.022
116.84,-11.859,0.009,-1.485,-11.879,0.000,1.485,0.022
116.86,-11.860,0.008,-1.485,-11.879,0.000,1.485,0.021
116.88,-11.860,0.008,-1.485,-11.879,0.000,1.485,0.021
116.90,-11.861,0.007,-1.484,-11.879,0.000,1.485,0.019
116.92,-11.861,0.007,-1.484,-11.879,0.000,1.485,0.019
116.94,-11.861,0.005,-1.484,-11.879,0.000,1.485,0.018
116.96,-11.861,0.005,-1.484,-11.879,0.000,1.485,0.018
116.98,-11.862,0.003,-1.483,-11.879,0.000,1.485,0.017
117.00,-11.862,0.003,-1.483,-11.879,0.000,1.485,0.017
117.03,-11.862,0.003,-1.483,-11.879,0.000,1.485,0.017
117.05,-11.863,0.001,-1.483,-11.879,0.000,1.485,0.016
117.07,-11.863,0.001,-1.483,-11.879,0.000,1.485,0.016
117.09,-11.864,-0.001,-1.482,-11.879,0.000,1.485,0.015
117.11,-11.864,-0.001,-1.482,-11.879,0.000,1.485,0.015
117.13,-11.865,-0.002,-1.482,-11.879,0.000,1.485,0.014
117.15,-11.865,-0.002,-1.482,-11.879,0.000,1.485,0.014
117.17,-11.866,-0.003,-1.482,-11.879,0.000,1.485,0.014
117.19,-11.866,-0.003,-1.482,-11.879,0.000,1.485,0.014
117.21,-11.867,-0.005,-1.482,-11.879,0.000,1.485,0.013
117.23,-11.867,-0.005,-1.482,-11.879,0.000,1.485,0.013
117.25,-11.869,-0.006,-1.482,-11.879,0.000,1.485,0.013
117.28,-11.869,-0.006,-1.482,-11.879,0.000,1.485,0.013
117.30,-11.870,-0.008,-1.482,-11.879,0.000,1.485,0.013
117.32,-11.870,-0.008,-1.482,-11.879,0.000,1.485,0.013
117.34,-11.871,-0.009,-1.482,-11.879,0.000,1.485,0.013
117.36,-11.871,-0.009,-1.482,-11.879,0.000,1.485,0.013
117.38,-11.872,-0.011,-1.482,-11.879,0.000,1.485,0.013
117.40,-11.872,-0.011,-1.482,-11.879,0.000,1.485,0.013
117.42,-11.874,-0.012,-1.482,-11.879,0.000,1.485,0.014
117.44,-11.874,-0.012,-1.482,-11.879,0.000,1.485,0.014
117.46,-11.875,-0.014,-1.482,-11.879,0.000,1.485,0.015
117.48,-11.875,-0.014,-1.482,-11.879,0.000,1.485,0.015
117.50,-11.877,-0.015,-1.482,-11.879,0.000,1.485,0.016
117.52,-11.877,-0.015,-1.482,-11.879,0.000,1.485,0.016
117.54,-11.877,-0.015,-1.482,-11.879,0.000,1.485,0.016
117.57,-11.879,-0.016,-1.482,-11.879,0.000,1.485,0.017
117.59,-11.879,-0.016,-1.482,-11.879,0.000,1.485,0.017
117.61,-11.881,-0.017,-1.482,-11.879,0.000,1.485,0.017
117.63,-11.881,-0.017,-1.482,-11.879,0.000,1.485,0.017
117.65,-11.882,-0.017,-1.483,-11.879,0.000,1.485,0.018
117.67,-11.882,-0.017,-1.483,-11.879,0.000,1.485,0.018
117.69,-11.883,-0.018,-1.483,-11.879,0.000,1.485,0.018
117.71,-11.883,-0.018,-1.483,-11.879,0.000,1.485,0.018
117.73,-11.885,-0.018,-1.483,-11.879,0.000,1.485,0.019
117.75,-11.885,-0.018,-1.483,-11.879,0.000,1.485,0.019
117.77,-11.886,-0.018,-1.483,-11.879,0.000,1.485,0.020
117.80,-11.886,-0.018,-1.483,-11.879,0.000,1.485,0.020
117.82,-11.887,-0.018,-1.484,-11.879,0.000,1.485,0.020
117.84,-11.887,-0.018,-1.484,-11.879,0.000,1.485,0.020
117.86,-11.888,-0.018,-1.484,-11.879,0.000,1.485,0.020
117.88,-11.888,-0.018,-1.484,-11.879,0.000,1.485,0.020
117.90,-11.889,-0.018,-1.484,-11.879,0.000,1.485,0.021
117.92,-11.889,-0.018,-1.484,-11.879,0.000,1.485,0.021
117.94,-11.890,-0.017,-1.485,-11.879,0.000,1.485,0.021
117.96,-11.890,-0.017,-1.485,-11.879,0.000,1.485,0.021
117.98,-11.891,-0.017,-1.485,-11.879,0.000,1.485,0.021
118.00,-11.891,-0.017,-1.485,-11.879,0.000,1.485,0.021
118.02,-11.892,-0.016,-1.485,-11.879,0.000,1.485,0.021
118.05,-11.892,-0.016,-1.485,-11.879,0.000,1.485,0.021
118.07,-11.892,-0.016,-1.485,-11.879,0.000,1.485,0.021
118.09,-11.892,-0.016,-1.486,-11.879,0.000,1.485,0.021
118.11,-11.892,-0.016,-1.486,-11.879,0.000,1.485,0.021
118.13,-11.892,-0.015,-1.486,-11.879,0.000,1.485,0.020
118.15,-11.892,-0.015,-1.486,-11.879,0.000,1.485,0.020
118.17,-11.892,-0.015,-1.486,-11.879,0.000,1.485,0.020
118.19,-11.892,-0.015,-1.486,-11.879,0.000,1.485,0.020
118.21,-11.892,-0.014,-1.487,-11.879,0.000,1.485,0.020
118.23,-11.892,-0.014,-1.487,-11.879,0.000,1.485,0.020
118.25,-11.892,-0.014,-1.487,-11.879,0.000,1.485,0.019
118.27,-11.892,-0.014,-1.487,-11.879,0.000,1.485,0.019
118.29,-11.892,-0.014,-1.488,-11.879,0.000,1.485,0.019
118.32,-11.892,-0.014,-1.488,-11.879,0.000,1.485,0.019
118.34,-11.891,-0.014,-1.488,-11.879,0.000,1.485,0.018
118.36,-11.891,-0.014,-1.488,-11.879,0.000,1.485,0.018
118.38,-11.890,-0.013,-1.488,-11.879,0.000,1.485,0.018
118.40,-11.890,-0.013,-1.488,-11.879,0.000,1.485,0.018
118.42,-11.890,-0.013,-1.488,-11.879,0.000,1.485,0.018
118.44,-11.890,-0.013,-1.488,-11.879,0.000,1.485,0.018
118.46,-11.889,-0.013,-1.489,-11.879,0.000,1.485,0.017
118.48,-11.889,-0.013,-1.489,-11.879,0.000,1.485,0.017
118.50,-11.889,-0.013,-1.489,-11.879,0.000,1.485,0.017
118.52,-11.889,-0.013,-1.489,-11.879,0.000,1.485,0.017
118.55,-11.889,-0.013,-1.489,-11.879,0.000,1.485,0.017
118.57,-11.888,-0.012,-1.489,-11.879,0.000,1.485,0.016
118.59,-11.888,-0.012,-1.489,-11.879,0.000,1.485,0.016
118.61,-11.887,-0.012,-1.489,-11.879,0.000,1.485,0.015
118.63,-11.887,-0.012,-1.489,-11.879,0.000,1.485,0.015
118.65,-11.886,-0.012,-1.489,-11.879,0.000,1.485,0.014
118.67,-11.886,-0.012,-1.489,-11.879,0.000,1.485,0.014
118.69,-11.885,-0.011,-1.489,-11.879,0.000,1.485,0.014
118.71,-11.885,-0.011,-1.489,-11.879,0.000,1.485,0.014
118.73,-11.885,-0.011,-1.489,-11.879,0.000,1.485,0.013
118.75,-11.885,-0.011,-1.489,-11.879,0.000,1.485,0.013
118.77,-11.884,-0.010,-1.489,-11.879,0.000,1.485,0.012
118.79,-11.884,-0.010,-1.489,-11.879,0.000,1.485,0.012
118.82,-11.884,-0.010,-1.489,-11.879,0.000,1.485,0.012
118.84,-11.884,-0.010,-1.489,-11.879,0.000,1.485,0.012
118.86,-11.883,-0.010,-1.489,-11.879,0.000,1.485,0.011
118.88,-11.883,-0.010,-1.489,-11.879,0.000,1.485,0.011
118.90,-11.883,-0.009,-1.489,-11.879,0.000,1.485,0.011
118.92,-11.883,-0.009,-1.489,-11.879,0.000,1.485,0.011
118.94,-11.882,-0.009,-1.488,-11.879,0.000,1.485,0.010
118.96,-11.882,-0.009,-1.488,-11.879,0.000,1.485,0.010
118.98,-11.882,-0.009,-1.488,-11.879,0.000,1.485,0.010
119.00,-11.882,-0.009,-1.488,-11.879,0.000,1.485,0.010
119.02,-11.881,-0.009,-1.487,-11.879,0.000,1.485,0.010
119.05,-11.881,-0.009,-1.487,-11.879,0.000,1.485,0.010
119.07,-11.881,-0.009,-1.487,-11.879,0.000,1.485,0.010
119.09,-11.881,-0.010,-1.487,-11.879,0.000,1.485,0.010
119.11,-11.881,-0.010,-1.487,-11.879,0.000,1.485,0.010
119.13,-11.881,-0.010,-1.486,-11.879,0.000,1.485,0.010
119.15,-11.881,-0.010,-1.486,-11.879,0.000,1.485,0.010
119.17,-11.881,-0.010,-1.485,-11.879,0.000,1.485,0.011
119.19,-11.881,-0.010,-1.485,-11.879,0.000,1.485,0.011
119.21,-11.881,-0.011,-1.484,-11.879,0.000,1.485,0.011
119.23,-11.881,-0.011,-1.484,-11.879,0.000,1.485,0.011
119.25,-11.882,-0.011,-1.483,-11.879,0.000,1.485,0.012
119.27,-11.882,-0.011,-1.483,-11.879,0.000,1.485,0.012
119.29,-11.882,-0.011,-1.483,-11.879,0.000,1.485,0.012
119.31,-11.882,-0.011,-1.483,-11.879,0.000,1.485,0.012
119.34,-11.883,-0.012,-1.482,-11.879,0.000,1.485,0.013
119.36,-11.883,-0.012,-1.482,-11.879,0.000,1.485,0.013
119.38,-11.884,-0.012,-1.481,-11.879,0.000,1.485,0.014
119.40,-11.884,-0.012,-1.481,-11.879,0.000,1.485,0.014
119.42,-11.884,-0.013,-1.480,-11.879,0.000,1.485,0.015
119.44,-11.884,-0.013,-1.480,-11.879,0.000,1.485,0.015
119.46,-11.885,-0.013,-1.480,-11.879,0.000,1.485,0.015
119.48,-11.885,-0.013,-1.480,-11.879,0.000,1.485,0.015
119.50,-11.886,-0.013,-1.479,-11.879,0.000,1.485,0.016
119.52,-11.886,-0.013,-1.479,-11.879,0.000,1.485,0.016
119.54,-11.886,-0.013,-1.479,-11.879,0.000,1.485,0.016
119.56,-11.888,-0.014,-1.478,-11.879,0.000,1.485,0.018
119.59,-11.888,-0.014,-1.478,-11.879,0.000,1.485,0.018
119.61,-11.889,-0.014,-1.478,-11.879,0.000,1.485,0.019
119.63,-11.889,-0.014,-1.478,-11.879,0.000,1.485,0.019
119.65,-11.890,-0.015,-1.477,-11.879,0.000,1.485,0.020
119.67,-11.890,-0.015,-1.477,-11.879,0.000,1.485,0.020
119.69,-11.891,-0.015,-1.477,-11.879,0.000,1.485,0.021
119.71,-11.891,-0.015,-1.477,-11.879,0.000,1.485,0.021
119.73,-11.892,-0.015,-1.477,-11.879,0.000,1.485,0.021
119.75,-11.892,-0.015,-1.477,-11.879,0.000,1.485,0.021
119.77,-11.893,-0.015,-1.477,-11.879,0.000,1.485,0.022
119.79,-11.893,-0.015,-1.477,-11.879,0.000,1.485,0.022
119.81,-11.894,-0.014,-1.477,-11.879,0.000,1.485,0.022
119.84,-11.894,-0.014,-1.477,-11.879,0.000,1.485,0.022
119.86,-11.894,-0.014,-1.477,-11.879,0.000,1.485,0.022
119.88,-11.894,-0.014,-1.477,-11.879,0.000,1.485,0.022
119.90,-11.894,-0.014,-1.477,-11.879,0.000,1.485,0.022
119.92,-11.894,-0.014,-1.477,-11.879,0.000,1.485,0.022
119.94,-11.895,-0.013,-1.476,-11.879,0.000,1.485,0.022
119.96,-11.895,-0.013,-1.476,-11.879,0.000,1.485,0.022
119.98,-11.894,-0.012,-1.476,-11.879,0.000,1.485,0.021
120.00,-11.894,-0.012,-1.476,-11.879,0.000,1.485,0.021
120.02,-11.894,-0.012,-1.476,-11.879,0.000,1.485,0.021
120.04,-11.894,-0.012,-1.476,-11.879,0.000,1.485,0.021
120.06,-11.894,-0.012,-1.476,-11.879,0.000,1.485,0.021
120.09,-11.893,-0.011,-1.475,-11.879,0.000,1.485,0.020
120.11,-11.893,-0.011,-1.475,-11.879,0.000,1.485,0.020
120.13,-11.892,-0.010,-1.475,-11.879,0.000,1.485,0.019
120.15,-11.892,-0.010,-1.475,-11.879,0.000,1.485,0.019
120.17,-11.890,-0.009,-1.475,-11.879,0.000,1.485,0.018
120.19,-11.890,-0.009,-1.475,-11.879,0.000,1.485,0.018
120.21,-11.889,-0.009,-1.474,-11.879,0.000,1.485,0.017
120.23,-11.889,-0.009,-1.474,-11.879,0.000,1.485,0.017
120.25,-11.888,-0.008,-1.474,-11.879,0.000,1.485,0.016
120.27,-11.888,-0.008,-1.474,-11.879,0.000,1.485,0.016
120.29,-11.886,-0.007,-1.474,-11.879,0.000,1.485,0.015
120.31,-11.886,-0.007,-1.474,-11.879,0.000,1.485,0.015
120.34,-11.885,-0.006,-1.474,-11.879,0.000,1.485,0.014
120.36,-11.885,-0.006,-1.474,-11.879,0.000,1.485,0.014
120.38,-11.884,-0.006,-1.473,-11.879,0.000,1.485,0.014
120.40,-11.884,-0.006,-1.473,-11.879,0.000,1.485,0.014
120.42,-11.883,-0.005,-1.473,-11.879,0.000,1.485,0.013
120.44,-11.883,-0.005,-1.473,-11.879,0.000,1.485,0.013
120.46,-11.883,-0.004,-1.473,-11.879,0.000,1.485,0.013
120.48,-11.883,-0.004,-1.473,-11.879,0.000,1.485,0.013
120.50,-11.882,-0.003,-1.473,-11.879,0.000,1.485,0.013
120.52,-11.882,-0.003,-1.473,-11.879,0.000,1.485,0.013
120.54,-11.881,-0.002,-1.473,-11.879,0.000,1.485,0.013
120.56,-11.881,-0.002,-1.473,-11.879,0.000,1.485,0.013
120.58,-11.881,-0.002,-1.473,-11.879,0.000,1.485,0.013
120.61,-11.881,-0.001,-1.472,-11.879,0.000,1.485,0.013
120.63,-11.881,-0.001,-1.472,-11.879,0.000,1.485,0.013
120.65,-11.880,0.000,-1.472,-11.879,0.000,1.485,0.013
120.67,-11.880,0.000,-1.472,-11.879,0.000,1.485,0.013
120.69,-11.880,0.001,-1.472,-11.879,0.000,1.485,0.013
120.71,-11.880,0.001,-1.472,-11.879,0.000,1.485,0.013
120.73,-11.880,0.001,-1.471,-11.879,0.000,1.485,0.014
120.75,-11.880,0.001,-1.471,-11.879,0.000,1.485,0.014
120.77,-11.880,0.002,-1.470,-11.879,0.000,1.485,0.014
120.79,-11.880,0.002,-1.470,-11.879,0.000,1.485,0.014
120.81,-11.880,0.002,-1.470,-11.879,0.000,1.485,0.015
120.83,-11.880,0.002,-1.470,-11.879,0.000,1.485,0.015
120.86,-11.879,0.003,-1.469,-11.879,0.000,1.485,0.016
120.88,-11.879,0.003,-1.469,-11.879,0.000,1.485,0.016
120.90,-11.879,0.003,-1.469,-11.879,0.000,1.485,0.016
120.92,-11.879,0.003,-1.469,-11.879,0.000,1.485,0.016
120.94,-11.879,0.004,-1.468,-11.879,0.000,1.485,0.017
120.96,-11.879,0.004,-1.468,-11.879,0.000,1.485,0.017
120.98,-11.879,0.004,-1.468,-11.879,0.000,1.485,0.017
121.00,-11.879,0.004,-1.468,-11.879,0.000,1.485,0.017
121.02,-11.879,0.005,-1.468,-11.879,0.000,1.485,0.018
121.04,-11.879,0.005,-1.468,-11.879,0.000,1.485,0.018
121.06,-11.879,0.005,-1.468,-11.879,0.000,1.485,0.018
121.08,-11.879,0.005,-1.467,-11.879,0.000,1.485,0.018
121.11,-11.879,0.005,-1.467,-11.879,0.000,1.485,0.018
121.13,-11.879,0.006,-1.467,-11.879,0.000,1.485,0.018
121.15,-11.879,0.006,-1.467,-11.879,0.000,1.485,0.018
121.17,-11.878,0.006,-1.467,-11.879,0.000,1.485,0.019
121.19,-11.878,0.006,-1.467,-11.879,0.000,1.485,0.019
121.21,-11.878,0.006,-1.467,-11.879,0.000,1.485,0.019
121.23,-11.878,0.006,-1.467,-11.879,0.000,1.485,0.019
121.25,-11.878,0.007,-1.467,-11.879,0.000,1.485,0.019
121.27,-11.878,0.007,-1.467,-11.879,0.000,1.485,0.019
121.29,-11.877,0.007,-1.467,-11.879,0.000,1.485,0.019
121.31,-11.877,0.007,-1.467,-11.879,0.000,1.485,0.019
121.33,-11.877,0.008,-1.467,-11.879,0.000,1.485,0.019
121.36,-11.877,0.008,-1.467,-11.879,0.000,1.485,0.019
121.38,-11.876,0.008,-1.468,-11.879,0.000,1.485,0.019
121.40,-11.876,0.008,-1.468,-11.879,0.000,1.485,0.019
121.42,-11.876,0.008,-1.468,-11.879,0.000,1.485,0.019
121.44,-11.876,0.008,-1.468,-11.879,0.000,1.485,0.019
121.46,-11.875,0.008,-1.468,-11.879,0.000,1.485,0.019
121.48,-11.875,0.008,-1.468,-11.879,0.000,1.485,0.019
121.50,-11.874,0.008,-1.468,-11.879,0.000,1.485,0.019
121.52,-11.874,0.008,-1.468,-11.879,0.000,1.485,0.019
121.54,-11.873,0.008,-1.468,-11.879,0.000,1.485,0.019
121.56,-11.873,0.008,-1.468,-11.879,0.000,1.485,0.019
121.58,-11.873,0.008,-1.468,-11.879,0.000,1.485,0.019
121.61,-11.871,0.008,-1.468,-11.879,0.000,1.485,0.020
121.63,-11.871,0.008,-1.468,-11.879,0.000,1.485,0.020
121.65,-11.870,0.008,-1.468,-11.879,0.000,1.485,0.020
121.67,-11.870,0.008,-1.468,-11.879,0.000,1.485,0.020
121.69,-11.869,0.007,-1.468,-11.879,0.000,1.485,0.021
121.71,-11.869,0.007,-1.468,-11.879,0.000,1.485,0.021
121.73,-11.869,0.007,-1.468,-11.879,0.000,1.485,0.021
121.75,-11.869,0.007,-1.468,-11.879,0.000,1.485,0.021
121.77,-11.868,0.006,-1.468,-11.879,0.000,1.485,0.021
121.79,-11.868,0.006,-1.468,-11.879,0.000,1.485,0.021
121.81,-11.868,0.005,-1.468,-11.879,0.000,1.485,0.020
121.83,-11.868,0.005,-1.468,-11.879,0.000,1.485,0.020
121.85,-11.868,0.004,-1.469,-11.879,0.000,1.485,0.020
121.88,-11.868,0.004,-1.469,-11.879,0.000,1.485,0.020
121.90,-11.868,0.004,-1.469,-11.879,0.000,1.485,0.020
121.92,-11.868,0.004,-1.469,-11.879,0.000,1.485,0.020
121.94,-11.868,0.003,-1.469,-11.879,0.000,1.485,0.019
121.96,-11.868,0.003,-1.469,-11.879,0.000,1.485,0.019
121.98,-11.869,0.002,-1.469,-11.879,0.000,1.485,0.019
122.00,-11.869,0.002,-1.469,-11.879,0.000,1.485,0.019
122.02,-11.869,0.001,-1.469,-11.879,0.000,1.485,0.018
122.04,-11.869,0.001,-1.469,-11.879,0.000,1.485,0.018
122.06,-11.869,0.001,-1.469,-11.879,0.000,1.485,0.018
122.08,-11.870,-0.001,-1.470,-11.879,0.000,1.485,0.017
122.10,-11.870,-0.001,-1.470,-11.879,0.000,1.485,0.017
122.13,-11.871,-0.002,-1.470,-11.879,0.000,1.485,0.017
122.15,-11.871,-0.002,-1.470,-11.879,0.000,1.485,0.017
122.17,-11.872,-0.002,-1.470,-11.879,0.000,1.485,0.017
122.19,-11.872,-0.002,-1.470,-11.879,0.000,1.485,0.017
122.21,-11.872,-0.003,-1.470,-11.879,0.000,1.485,0.016
122.23,-11.872,-0.003,-1.470,-11.879,0.000,1.485,0.016
122.25,-11.872,-0.003,-1.470,-11.879,0.000,1.485,0.016
122.27,-11.872,-0.003,-1.470,-11.879,0.000,1.485,0.016
122.29,-11.872,-0.004,-1.471,-11.879,0.000,1.485,0.016
122.31,-11.872,-0.004,-1.471,-11.879,0.000,1.485,0.016
122.33,-11.872,-0.004,-1.471,-11.879,0.000,1.485,0.016
122.35,-11.872,-0.004,-1.471,-11.879,0.000,1.485,0.016
122.37,-11.872,-0.005,-1.471,-11.879,0.000,1.485,0.016
122.40,-11.872,-0.005,-1.471,-11.879,0.000,1.485,0.016
122.42,-11.872,-0.005,-1.471,-11.879,0.000,1.485,0.016
122.44,-11.872,-0.005,-1.471,-11.879,0.000,1.485,0.016
122.46,-11.872,-0.005,-1.471,-11.879,0.000,1.485,0.016
122.48,-11.872,-0.005,-1.471,-11.879,0.000,1.485,0.016
122.50,-11.872,-0.005,-1.471,-11.879,0.000,1.485,0.016
122.52,-11.872,-0.005,-1.471,-11.879,0.000,1.485,0.016
122.54,-11.872,-0.005,-1.472,-11.879,0.000,1.485,0.016
122.56,-11.872,-0.005,-1.472,-11.879,0.000,1.485,0.016
122.58,-11.872,-0.005,-1.472,-11.879,0.000,1.485,0.016
122.60,-11.872,-0.005,-1.472,-11.879,0.000,1.485,0.015
122.62,-11.872,-0.005,-1.472,-11.879,0.000,1.485,0.015
122.65,-11.872,-0.006,-1.473,-11.879,0.000,1.485,0.015
122.67,-11.872,-0.006,-1.473,-11.879,0.000,1.485,0.015
122.69,-11.872,-0.006,-1.473,-11.879,0.000,1.485,0.015
122.71,-11.872,-0.006,-1.473,-11.879,0.000,1.485,0.015
122.73,-11.872,-0.006,-1.473,-11.879,0.000,1.485,0.015
122.75,-11.872,-0.006,-1.473,-11.879,0.000,1.485,0.015
122.77,-11.871,-0.006,-1.474,-11.879,0.000,1.485,0.015
122.79,-11.871,-0.006,-1.474,-11.879,0.000,1.485,0.015
122.81,-11.871,-0.006,-1.474,-11.879,0.000,1.485,0.015
122.83,-11.871,-0.006,-1.474,-11.879,0.000,1.485,0.015
122.85,-11.871,-0.007,-1.474,-11.879,0.000,1.485,0.015
122.87,-11.871,-0.007,-1.474,-11.879,0.000,1.485,0.015
122.89,-11.871,-0.007,-1.474,-11.879,0.000,1.485,0.015
122.92,-11.871,-0.007,-1.474,-11.879,0.000,1.485,0.015
122.94,-11.871,-0.007,-1.474,-11.879,0.000,1.485,0.015
122.96,-11.871,-0.007,-1.474,-11.879,0.000,1.485,0.015
122.98,-11.871,-0.007,-1.475,-11.879,0.000,1.485,0.015
123.00,-11.871,-0.007,-1.475,-11.879,0.000,1.485,0.015
123.02,-11.872,-0.007,-1.475,-11.879,0.000,1.485,0.015
123.04,-11.872,-0.007,-1.475,-11.879,0.000,1.485,0.015
123.06,-11.872,-0.007,-1.475,-11.879,0.000,1.485,0.014
123.08,-11.872,-0.007,-1.475,-11.879,0.000,1.485,0.014
123.10,-11.872,-0.007,-1.475,-11.879,0.000,1.485,0.014
123.12,-11.873,-0.007,-1.475,-11.879,0.000,1.485,0.014
123.14,-11.873,-0.007,-1.475,-11.879,0.000,1.485,0.014
123.17,-11.873,-0.007,-1.475,-11.879,0.000,1.485,0.014
123.19,-11.873,-0.007,-1.475,-11.879,0.000,1.485,0.014
123.21,-11.873,-0.007,-1.475,-11.879,0.000,1.485,0.013
123.23,-11.873,-0.007,-1.475,-11.879,0.000,1.485,0.013
123.25,-11.874,-0.007,-1.475,-11.879,0.000,1.485,0.013
123.27,-11.874,-0.007,-1.475,-11.879,0.000,1.485,0.013
123.29,-11.874,-0.006,-1.476,-11.879,0.000,1.485,0.012
123.31,-11.874,-0.006,-1.476,-11.879,0.000,1.485,0.012
123.33,-11.874,-0.006,-1.476,-11.879,0.000,1.485,0.012
123.35,-11.874,-0.006,-1.476,-11.879,0.000,1.485,0.012
123.37,-11.874,-0.005,-1.476,-11.879,0.000,1.485,0.011
123.39,-11.874,-0.005,-1.476,-11.879,0.000,1.485,0.011
123.42,-11.875,-0.005,-1.477,-11.879,0.000,1.485,0.010
123.44,-11.875,-0.005,-1.477,-11.879,0.000,1.485,0.010
123.46,-11.875,-0.004,-1.477,-11.879,0.000,1.485,0.010
123.48,-11.875,-0.004,-1.477,-11.879,0.000,1.485,0.010
123.50,-11.875,-0.003,-1.478,-11.879,0.000,1.485,0.009
123.52,-11.875,-0.003,-1.478,-11.879,0.000,1.485,0.009
123.54,-11.876,-0.003,-1.478,-11.879,0.000,1.485,0.008
123.56,-11.876,-0.003,-1.478,-11.879,0.000,1.485,0.008
123.58,-11.876,-0.003,-1.478,-11.879,0.000,1.485,0.008
123.60,-11.876,-0.001,-1.478,-11.879,0.000,1.485,0.007
123.62,-11.876,-0.001,-1.478,-11.879,0.000,1.485,0.007
123.64,-11.877,0.000,-1.479,-11.879,0.000,1.485,0.007
123.67,-11.877,0.000,-1.479,-11.879,0.000,1.485,0.007
123.69,-11.877,0.001,-1.479,-11.879,0.000,1.485,0.006
123.71,-11.877,0.001,-1.479,-11.879,0.000,1.485,0.006
123.73,-11.878,0.003,-1.479,-11.879,0.000,1.485,0.007
123.75,-11.878,0.003,-1.479,-11.879,0.000,1.485,0.007
123.77,-11.878,0.004,-1.479,-11.879,0.000,1.485,0.007
123.79,-11.878,0.004,-1.479,-11.879,0.000,1.485,0.007
123.81,-11.879,0.006,-1.479,-11.879,0.000,1.485,0.008
123.83,-11.879,0.006,-1.479,-11.879,0.000,1.485,0.008
123.85,-11.879,0.008,-1.479,-11.879,0.000,1.485,0.010
123.87,-11.879,0.008,-1.479,-11.879,0.000,1.485,0.010
123.89,-11.880,0.010,-1.480,-11.879,0.000,1.485,0.011
123.91,-11.880,0.010,-1.480,-11.879,0.000,1.485,0.011
123.94,-11.880,0.011,-1.480,-11.879,0.000,1.485,0.012
123.96,-11.880,0.011,-1.480,-11.879,0.000,1.485,0.012
123.98,-11.881,0.013,-1.480,-11.879,0.000,1.485,0.013
124.00,-11.881,0.013,-1.480,-11.879,0.000,1.485,0.013
124.02,-11.881,0.014,-1.481,-11.879,0.000,1.485,0.014
124.04,-11.881,0.014,-1.481,-11.879,0.000,1.485,0.014
124.06,-11.882,0.015,-1.481,-11.879,0.000,1.485,0.015
124.08,-11.882,0.015,-1.481,-11.879,0.000,1.485,0.015
124.10,-11.882,0.015,-1.481,-11.879,0.000,1.485,0.015
124.12,-11.883,0.016,-1.482,-11.879,0.000,1.485,0.017
124.14,-11.883,0.016,-1.482,-11.879,0.000,1.485,0.017
124.17,-11.884,0.017,-1.482,-11.879,0.000,1.485,0.018
124.19,-11.884,0.017,-1.482,-11.879,0.000,1.485,0.018
124.21,-11.885,0.017,-1.483,-11.879,0.000,1.485,0.018
124.23,-11.885,0.017,-1.483,-11.879,0.000,1.485,0.018
124.25,-11.886,0.018,-1.483,-11.879,0.000,1.485,0.019
124.27,-11.886,0.018,-1.483,-11.879,0.000,1.485,0.019
124.29,-11.887,0.018,-1.483,-11.879,0.000,1.485,0.020
124.31,-11.887,0.018,-1.483,-11.879,0.000,1.485,0.020
124.33,-11.889,0.018,-1.483,-11.879,0.000,1.485,0.021
124.35,-11.889,0.018,-1.483,-11.879,0.000,1.485,0.021
124.37,-11.890,0.018,-1.483,-11.879,0.000,1.485,0.021
124.39,-11.890,0.018,-1.483,-11.879,0.000,1.485,0.021
124.41,-11.891,0.019,-1.483,-11.879,0.000,1.485,0.022
124.43,-11.891,0.019,-1.483,-11.879,0.000,1.485,0.022
124.46,-11.892,0.019,-1.484,-11.879,0.000,1.485,0.023
124.48,-11.892,0.019,-1.484,-11.879,0.000,1.485,0.023
124.50,-11.894,0.019,-1.484,-11.879,0.000,1.485,0.024
124.52,-11.894,0.019,-1.484,-11.879,0.000,1.485,0.024
124.54,-11.895,0.019,-1.484,-11.879,0.000,1.485,0.024
124.56,-11.895,0.019,-1.484,-11.879,0.000,1.485,0.024
124.58,-11.895,0.019,-1.484,-11.879,0.000,1.485,0.024
124.60,-11.897,0.018,-1.484,-11.879,0.000,1.485,0.026
124.62,-11.897,0.018,-1.484,-11.879,0.000,1.485,0.026
124.64,-11.898,0.018,-1.483,-11.879,0.000,1.485,0.026
124.66,-11.898,0.018,-1.483,-11.879,0.000,1.485,0.026
124.68,-11.900,0.018,-1.483,-11.879,0.000,1.485,0.027
124.71,-11.900,0.018,-1.483,-11.879,0.000,1.485,0.027
124.73,-11.901,0.017,-1.483,-11.879,0.000,1.485,0.028
124.75,-11.901,0.017,-1.483,-11.879,0.000,1.485,0.028
124.77,-11.902,0.017,-1.482,-11.879,0.000,1.485,0.029
124.79,-11.902,0.017,-1.482,-11.879,0.000,1.485,0.029
124.81,-11.903,0.016,-1.482,-11.879,0.000,1.485,0.029
124.83,-11.903,0.016,-1.482,-11.879,0.000,1.485,0.029
124.85,-11.904,0.016,-1.481,-11.879,0.000,1.485,0.030
124.87,-11.904,0.016,-1.481,-11.879,0.000,1.485,0.030
124.89,-11.906,0.015,-1.481,-11.879,0.000,1.485,0.031
124.91,-11.906,0.015,-1.481,-11.879,0.000,1.485,0.031
124.93,-11.906,0.014,-1.481,-11.879,0.000,1.485,0.031
124.96,-11.906,0.014,-1.481,-11.879,0.000,1.485,0.031
124.98,-11.907,0.014,-1.482,-11.879,0.000,1.485,0.031
125.00,-11.907,0.014,-1.482,-11.879,0.000,1.485,0.031
125.02,-11.907,0.013,-1.482,-11.879,0.000,1.485,0.031
125.04,-11.907,0.013,-1.482,-11.879,0.000,1.485,0.031
125.06,-11.908,0.012,-1.483,-11.879,0.000,1.485,0.031
125.08,-11.908,0.012,-1.483,-11.879,0.000,1.485,0.031
125.10,-11.908,0.012,-1.483,-11.879,0.000,1.485,0.031
125.12,-11.908,0.010,-1.484,-11.879,0.000,1.485,0.030
125.14,-11.908,0.010,-1.484,-11.879,0.000,1.485,0.030
125.16,-11.907,0.009,-1.485,-11.879,0.000,1.485,0.030
125.18,-11.907,0.009,-1.485,-11.879,0.000,1.485,0.030
125.21,-11.907,0.008,-1.485,-11.879,0.000,1.485,0.029
125.23,-11.907,0.008,-1.485,-11.879,0.000,1.485,0.029
125.25,-11.907,0.007,-1.486,-11.879,0.000,1.485,0.028
125.27,-11.907,0.007,-1.486,-11.879,0.000,1.485,0.028
125.29,-11.906,0.006,-1.487,-11.879,0.000,1.485,0.028
125.31,-11.906,0.006,-1.487,-11.879,0.000,1.485,0.028
125.33,-11.905,0.005,-1.488,-11.879,0.000,1.485,0.027
125.35,-11.905,0.005,-1.488,-11.879,0.000,1.485,0.027
125.37,-11.905,0.004,-1.488,-11.879,0.000,1.485,0.026
125.39,-11.905,0.004,-1.488,-11.879,0.000,1.485,0.026
125.41,-11.904,0.003,-1.489,-11.879,0.000,1.485,0.025
125.43,-11.904,0.003,-1.489,-11.879,0.000,1.485,0.025
125.46,-11.903,0.002,-1.490,-11.879,0.000,1.485,0.024
125.48,-11.903,0.002,-1.490,-11.879,0.000,1.485,0.024
125.50,-11.902,0.001,-1.490,-11.879,0.000,1.485,0.023
125.52,-11.902,0.001,-1.490,-11.879,0.000,1.485,0.023
125.54,-11.900,-0.001,-1.491,-11.879,0.000,1.485,0.022
125.56,-11.900,-0.001,-1.491,-11.879,0.000,1.485,0.022
125.58,-11.899,-0.002,-1.492,-11.879,0.000,1.485,0.021
125.60,-11.899,-0.002,-1.492,-11.879,0.000,1.485,0.021
125.62,-11.899,-0.002,-1.492,-11.879,0.000,1.485,0.021
125.64,-11.896,-0.004,-1.493,-11.879,0.000,1.485,0.020
125.66,-11.896,-0.004,-1.493,-11.879,0.000,1.485,0.020
125.68,-11.895,-0.006,-1.494,-11.879,0.000,1.485,0.019
125.71,-11.895,-0.006,-1.494,-11.879,0.000,1.485,0.019
125.73,-11.893,-0.007,-1.495,-11.879,0.000,1.485,0.019
125.75,-11.893,-0.007,-1.495,-11.879,0.000,1.485,0.019
125.77,-11.892,-0.008,-1.495,-11.879,0.000,1.485,0.018
125.79,-11.892,-0.008,-1.495,-11.879,0.000,1.485,0.018
125.81,-11.890,-0.010,-1.496,-11.879,0.000,1.485,0.018
125.83,-11.890,-0.010,-1.496,-11.879,0.000,1.485,0.018
125.85,-11.888,-0.011,-1.496,-11.879,0.000,1.485,0.018
125.87,-11.888,-0.011,-1.496,-11.879,0.000,1.485,0.018
125.89,-11.886,-0.012,-1.497,-11.879,0.000,1.485,0.019
125.91,-11.886,-0.012,-1.497,-11.879,0.000,1.485,0.019
125.93,-11.884,-0.014,-1.497,-11.879,0.000,1.485,0.019
125.95,-11.884,-0.014,-1.497,-11.879,0.000,1.485,0.019
125.98,-11.882,-0.015,-1.497,-11.879,0.000,1.485,0.020
126.00,-11.882,-0.015,-1.497,-11.879,0.000,1.485,0.020
126.02,-11.881,-0.016,-1.497,-11.879,0.000,1.485,0.021
126.04,-11.881,-0.016,-1.497,-11.879,0.000,1.485,0.021
126.06,-11.879,-0.018,-1.497,-11.879,0.000,1.485,0.022
126.08,-11.879,-0.018,-1.497,-11.879,0.000,1.485,0.022
126.10,-11.879,-0.018,-1.497,-11.879,0.000,1.485,0.022
126.12,-11.877,-0.020,-1.497,-11.879,0.000,1.485,0.024
126.14,-11.877,-0.020,-1.497,-11.879,0.000,1.485,0.024
126.16,-11.875,-0.021,-1.497,-11.879,0.000,1.485,0.025
126.18,-11.875,-0.021,-1.497,-11.879,0.000,1.485,0.025
126.20,-11.873,-0.022,-1.497,-11.879,0.000,1.485,0.026
126.22,-11.873,-0.022,-1.497,-11.879,0.000,1.485,0.026
126.25,-11.872,-0.023,-1.497,-11.879,0.000,1.485,0.028
126.27,-11.872,-0.023,-1.497,-11.879,0.000,1.485,0.028
126.29,-11.870,-0.024,-1.497,-11.879,0.000,1.485,0.029
126.31,-11.870,-0.024,-1.497,-11.879,0.000,1.485,0.029
126.33,-11.869,-0.025,-1.497,-11.879,0.000,1.485,0.030
126.35,-11.869,-0.025,-1.497,-11.879,0.000,1.485,0.030
126.37,-11.868,-0.026,-1.497,-11.879,0.000,1.485,0.031
126.39,-11.868,-0.026,-1.497,-11.879,0.000,1.485,0.031
126.41,-11.866,-0.027,-1.497,-11.879,0.000,1.485,0.032
126.43,-11.866,-0.027,-1.497,-11.879,0.000,1.485,0.032
126.45,-11.864,-0.027,-1.497,-11.879,0.000,1.485,0.033
126.47,-11.864,-0.027,-1.497,-11.879,0.000,1.485,0.033
126.50,-11.863,-0.027,-1.497,-11.879,0.000,1.485,0.034
126.52,-11.863,-0.027,-1.497,-11.879,0.000,1.485,0.034
126.54,-11.862,-0.027,-1.497,-11.879,0.000,1.485,0.034
126.56,-11.862,-0.027,-1.497,-11.879,0.000,1.485,0.034
126.58,-11.861,-0.027,-1.497,-11.879,0.000,1.485,0.035
126.60,-11.861,-0.027,-1.497,-11.879,0.000,1.485,0.035
126.62,-11.861,-0.027,-1.497,-11.879,0.000,1.485,0.035
126.64,-11.860,-0.027,-1.496,-11.879,0.000,1.485,0.035
126.66,-11.860,-0.027,-1.496,-11.879,0.000,1.485,0.035
126.68,-11.859,-0.026,-1.496,-11.879,0.000,1.485,0.035
126.70,-11.859,-0.026,-1.496,-11.879,0.000,1.485,0.035
126.72,-11.859,-0.026,-1.496,-11.879,0.000,1.485,0.035
126.75,-11.859,-0.026,-1.496,-11.879,0.000,1.485,0.035
126.77,-11.859,-0.026,-1.496,-11.879,0.000,1.485,0.035
126.79,-11.859,-0.026,-1.496,-11.879,0.000,1.485,0.035
126.81,-11.859,-0.025,-1.495,-11.879,0.000,1.485,0.034
126.83,-11.859,-0.025,-1.495,-11.879,0.000,1.485,0.034
126.85,-11.859,-0.025,-1.495,-11.879,0.000,1.485,0.033
126.87,-11.859,-0.025,-1.495,-11.879,0.000,1.485,0.033
126.89,-11.860,-0.024,-1.495,-11.879,0.000,1.485,0.033
126.91,-11.860,-0.024,-1.495,-11.879,0.000,1.485,0.033
126.93,-11.861,-0.024,-1.495,-11.879,0.000,1.485,0.032
126.95,-11.861,-0.024,-1.495,-11.879,0.000,1.485,0.032
126.97,-11.862,-0.024,-1.494,-11.879,0.000,1.485,0.031
127.00,-11.862,-0.024,-1.494,-11.879,0.000,1.485,0.031
127.02,-11.863,-0.023,-1.494,-11.879,0.000,1.485,0.030
127.04,-11.863,-0.023,-1.494,-11.879,0.000,1.485,0.030
127.06,-11.864,-0.023,-1.494,-11.879,0.000,1.485,0.029
127.08,-11.864,-0.023,-1.494,-11.879,0.000,1.485,0.029
127.10,-11.864,-0.023,-1.494,-11.879,0.000,1.485,0.029
127.12,-11.866,-0.022,-1.493,-11.879,0.000,1.485,0.027
127.14,-11.866,-0.022,-1.493,-11.879,0.000,1.485,0.027
127.16,-11.867,-0.022,-1.493,-11.879,0.000,1.485,0.026
127.18,-11.867,-0.022,-1.493,-11.879,0.000,1.485,0.026
127.20,-11.868,-0.021,-1.492,-11.879,0.000,1.485,0.025
127.22,-11.868,-0.021,-1.492,-11.879,0.000,1.485,0.025
127.25,-11.869,-0.020,-1.492,-11.879,0.000,1.485,0.024
127.27,-11.869,-0.020,-1.492,-11.879,0.000,1.485,0.024
127.29,-11.871,-0.020,-1.491,-11.879,0.000,1.485,0.023
127.31,-11.871,-0.020,-1.491,-11.879,0.000,1.485,0.023
127.33,-11.872,-0.019,-1.491,-11.879,0.000,1.485,0.022
127.35,-11.872,-0.019,-1.491,-11.879,0.000,1.485,0.022
127.37,-11.873,-0.019,-1.491,-11.879,0.000,1.485,0.021
127.39,-11.873,-0.019,-1.491,-11.879,0.000,1.485,0.021
127.41,-11.875,-0.018,-1.490,-11.879,0.000,1.485,0.019
127.43,-11.875,-0.018,-1.490,-11.879,0.000,1.485,0.019
127.45,-11.876,-0.017,-1.490,-11.879,0.000,1.485,0.018
127.47,-11.876,-0.017,-1.490,-11.879,0.000,1.485,0.018
127.50,-11.877,-0.016,-1.490,-11.879,0.000,1.485,0.017
127.52,-11.877,-0.016,-1.490,-11.879,0.000,1.485,0.017
127.54,-11.878,-0.016,-1.489,-11.879,0.000,1.485,0.017
127.56,-11.878,-0.016,-1.489,-11.879,0.000,1.485,0.017
127.58,-11.879,-0.015,-1.489,-11.879,0.000,1.485,0.016
127.60,-11.879,-0.015,-1.489,-11.879,0.000,1.485,0.016
127.62,-11.879,-0.015,-1.489,-11.879,0.000,1.485,0.016
127.64,-11.881,-0.014,-1.488,-11.879,0.000,1.485,0.015
127.66,-11.881,-0.014,-1.488,-11.879,0.000,1.485,0.015
127.68,-11.881,-0.014,-1.488,-11.879,0.000,1.485,0.014
127.70,-11.881,-0.014,-1.488,-11.879,0.000,1.485,0.014
127.72,-11.882,-0.013,-1.487,-11.879,0.000,1.485,0.014
127.74,-11.882,-0.013,-1.487,-11.879,0.000,1.485,0.014
127.77,-11.883,-0.013,-1.486,-11.879,0.000,1.485,0.013
127.79,-11.883,-0.013,-1.486,-11.879,0.000,1.485,0.013
127.81,-11.884,-0.012,-1.485,-11.879,0.000,1.485,0.013
127.83,-11.884,-0.012,-1.485,-11.879,0.000,1.485,0.013
127.85,-11.884,-0.012,-1.484,-11.879,0.000,1.485,0.013
127.87,-11.884,-0.012,-1.484,-11.879,0.000,1.485,0.013
127.89,-11.885,-0.011,-1.483,-11.879,0.000,1.485,0.013
127.91,-11.885,-0.011,-1.483,-11.879,0.000,1.485,0.013
127.93,-11.885,-0.010,-1.482,-11.879,0.000,1.485,0.012
127.95,-11.885,-0.010,-1.482,-11.879,0.000,1.485,0.012
127.97,-11.885,-0.010,-1.481,-11.879,0.000,1.485,0.012
127.99,-11.885,-0.010,-1.481,-11.879,0.000,1.485,0.012
128.02,-11.885,-0.009,-1.480,-11.879,0.000,1.485,0.012
128.04,-11.885,-0.009,-1.480,-11.879,0.000,1.485,0.012
128.06,-11.885,-0.009,-1.480,-11.879,0.000,1.485,0.012
128.08,-11.885,-0.009,-1.480,-11.879,0.000,1.485,0.012
128.10,-11.885,-0.008,-1.479,-11.879,0.000,1.485,0.012
128.12,-11.885,-0.008,-1.479,-11.879,0.000,1.485,0.012
128.14,-11.885,-0.008,-1.479,-11.879,0.000,1.485,0.012
128.16,-11.885,-0.008,-1.478,-11.879,0.000,1.485,0.012
128.18,-11.885,-0.008,-1.478,-11.879,0.000,1.485,0.012
128.20,-11.885,-0.008,-1.478,-11.879,0.000,1.485,0.012
128.22,-11.885,-0.008,-1.478,-11.879,0.000,1.485,0.012
128.24,-11.884,-0.008,-1.478,-11.879,0.000,1.485,0.012
128.27,-11.884,-0.008,-1.478,-11.879,0.000,1.485,0.012
128.29,-11.883,-0.008,-1.478,-11.879,0.000,1.485,0.011
128.31,-11.883,-0.008,-1.478,-11.879,0.000,1.485,0.011
128.33,-11.882,-0.008,-1.479,-11.879,0.000,1.485,0.011
128.35,-11.882,-0.008,-1.479,-11.879,0.000,1.485,0.011
128.37,-11.881,-0.009,-1.479,-11.879,0.000,1.485,0.011
128.39,-11.881,-0.009,-1.479,-11.879,0.000,1.485,0.011
128.41,-11.880,-0.009,-1.479,-11.879,0.000,1.485,0.011
128.43,-11.880,-0.009,-1.479,-11.879,0.000,1.485,0.011
128.45,-11.879,-0.010,-1.480,-11.879,0.000,1.485,0.011
128.47,-11.879,-0.010,-1.480,-11.879,0.000,1.485,0.011
128.49,-11.879,-0.011,-1.481,-11.879,0.000,1.485,0.012
128.51,-11.879,-0.011,-1.481,-11.879,0.000,1.485,0.012
128.54,-11.878,-0.012,-1.481,-11.879,0.000,1.485,0.013
128.56,-11.878,-0.012,-1.481,-11.879,0.000,1.485,0.013
128.58,-11.878,-0.013,-1.481,-11.879,0.000,1.485,0.013
128.60,-11.878,-0.013,-1.481,-11.879,0.000,1.485,0.013
128.62,-11.878,-0.013,-1.481,-11.879,0.000,1.485,0.013
128.64,-11.878,-0.014,-1.482,-11.879,0.000,1.485,0.014
128.66,-11.878,-0.014,-1.482,-11.879,0.000,1.485,0.014
128.68,-11.878,-0.015,-1.482,-11.879,0.000,1.485,0.015
128.70,-11.878,-0.015,-1.482,-11.879,0.000,1.485,0.015
128.72,-11.879,-0.015,-1.483,-11.879,0.000,1.485,0.015
128.74,-11.879,-0.015,-1.483,-11.879,0.000,1.485,0.015
128.76,-11.879,-0.015,-1.483,-11.879,0.000,1.485,0.015
128.78,-11.879,-0.015,-1.483,-11.879,0.000,1.485,0.015
128.81,-11.879,-0.015,-1.483,-11.879,0.000,1.485,0.016
128.83,-11.879,-0.015,-1.483,-11.879,0.000,1.485,0.016
128.85,-11.880,-0.016,-1.484,-11.879,0.000,1.485,0.016
128.87,-11.880,-0.016,-1.484,-11.879,0.000,1.485,0.016
128.89,-11.880,-0.016,-1.484,-11.879,0.000,1.485,0.016
128.91,-11.880,-0.016,-1.484,-11.879,0.000,1.485,0.016
128.93,-11.881,-0.016,-1.485,-11.879,0.000,1.485,0.016
128.95,-11.881,-0.016,-1.485,-11.879,0.000,1.485,0.016
128.97,-11.881,-0.016,-1.485,-11.879,0.000,1.485,0.017
128.99,-11.881,-0.016,-1.485,-11.879,0.000,1.485,0.017
129.01,-11.882,-0.016,-1.485,-11.879,0.000,1.485,0.017
129.03,-11.882,-0.016,-1.485,-11.879,0.000,1.485,0.017
129.06,-11.882,-0.016,-1.486,-11.879,0.000,1.485,0.017
129.08,-11.882,-0.016,-1.486,-11.879,0.000,1.485,0.017
129.10,-11.883,-0.016,-1.486,-11.879,0.000,1.485,0.017
129.12,-11.883,-0.016,-1.486,-11.879,0.000,1.485,0.017
129.14,-11.883,-0.016,-1.486,-11.879,0.000,1.485,0.017
129.16,-11.883,-0.016,-1.486,-11.879,0.000,1.485,0.016
129.18,-11.883,-0.016,-1.486,-11.879,0.000,1.485,0.016
129.20,-11.883,-0.015,-1.487,-11.879,0.000,1.485,0.016
129.22,-11.883,-0.015,-1.487,-11.879,0.000,1.485,0.016
129.24,-11.884,-0.014,-1.487,-11.879,0.000,1.485,0.015
129.26,-11.884,-0.014,-1.487,-11.879,0.000,1.485,0.015
129.28,-11.884,-0.013,-1.487,-11.879,0.000,1.485,0.015
129.31,-11.884,-0.013,-1.487,-11.879,0.000,1.485,0.015
129.33,-11.884,-0.012,-1.487,-11.879,0.000,1.485,0.014
129.35,-11.884,-0.012,-1.487,-11.879,0.000,1.485,0.014
129.37,-11.885,-0.011,-1.487,-11.879,0.000,1.485,0.013
129.39,-11.885,-0.011,-1.487,-11.879,0.000,1.485,0.013
129.41,-11.885,-0.010,-1.486,-11.879,0.000,1.485,0.012
129.43,-11.885,-0.010,-1.486,-11.879,0.000,1.485,0.012
129.45,-11.885,-0.009,-1.486,-11.879,0.000,1.485,0.011
129.47,-11.885,-0.009,-1.486,-11.879,0.000,1.485,0.011
129.49,-11.886,-0.007,-1.486,-11.879,0.000,1.485,0.010
129.51,-11.886,-0.007,-1.486,-11.879,0.000,1.485,0.010
129.53,-11.886,-0.006,-1.485,-11.879,0.000,1.485,0.009
129.55,-11.886,-0.006,-1.485,-11.879,0.000,1.485,0.009
129.57,-11.886,-0.005,-1.485,-11.879,0.000,1.485,0.009
129.60,-11.886,-0.005,-1.485,-11.879,0.000,1.485,0.009
129.62,-11.887,-0.004,-1.485,-11.879,0.000,1.485,0.008
129.64,-11.887,-0.004,-1.485,-11.879,0.000,1.485,0.008
129.66,-11.887,-0.004,-1.485,-11.879,0.000,1.485,0.008
129.68,-11.887,-0.002,-1.484,-11.879,0.000,1.485,0.008
129.70,-11.887,-0.002,-1.484,-11.879,0.000,1.485,0.008
129.72,-11.887,-0.001,-1.484,-11.879,0.000,1.485,0.008
129.74,-11.887,-0.001,-1.484,-11.879,0.000,1.485,0.008
129.76,-11.887,0.000,-1.483,-11.879,0.000,1.485,0.008
129.78,-11.887,0.000,-1.483,-11.879,0.000,1.485,0.008
129.80,-11.887,0.002,-1.483,-11.879,0.000,1.485,0.008
129.82,-11.887,0.002,-1.483,-11.879,0.000,1.485,0.008
129.85,-11.887,0.003,-1.483,-11.879,0.000,1.485,0.008
129.87,-11.887,0.003,-1.483,-11.879,0.000,1.485,0.008
129.89,-11.887,0.004,-1.482,-11.879,0.000,1.485,0.009
129.91,-11.887,0.004,-1.482,-11.879,0.000,1.485,0.009
129.93,-11.887,0.005,-1.482,-11.879,0.000,1.485,0.010
129.95,-11.887,0.005,-1.482,-11.879,0.000,1.485,0.010
129.97,-11.887,0.006,-1.482,-11.879,0.000,1.485,0.010
129.99,-11.887,0.006,-1.482,-11.879,0.000,1.485,0.010
130.01,-11.887,0.007,-1.482,-11.879,0.000,1.485,0.011
130.03,-11.887,0.007,-1.482,-11.879,0.000,1.485,0.011
130.05,-11.887,0.008,-1.482,-11.879,0.000,1.485,0.012
130.07,-11.887,0.008,-1.482,-11.879,0.000,1.485,0.012
130.09,-11.887,0.009,-1.482,-11.879,0.000,1.485,0.012
130.12,-11.887,0.009,-1.482,-11.879,0.000,1.485,0.012
130.14,-11.887,0.009,-1.482,-11.879,0.000,1.485,0.012
130.16,-11.887,0.010,-1.483,-11.879,0.000,1.485,0.013
130.18,-11.887,0.010,-1.483,-11.879,0.000,1.485,0.013
130.20,-11.888,0.010,-1.483,-11.879,0.000,1.485,0.013
130.22,-11.888,0.010,-1.483,-11.879,0.000,1.485,0.013
130.24,-11.888,0.010,-1.483,-11.879,0.000,1.485,0.013
130.26,-11.888,0.010,-1.483,-11.879,0.000,1.485,0.013
130.28,-11.888,0.010,-1.483,-11.879,0.000,1.485,0.013
130.30,-11.888,0.010,-1.483,-11.879,0.000,1.485,0.013
130.32,-11.887,0.010,-1.483,-11.879,0.000,1.485,0.013
130.34,-11.887,0.010,-1.483,-11.879,0.000,1.485,0.013
130.37,-11.887,0.010,-1.483,-11.879,0.000,1.485,0.013
130.39,-11.887,0.010,-1.483,-11.879,0.000,1.485,0.013
130.41,-11.887,0.010,-1.483,-11.879,0.000,1.485,0.013
130.43,-11.887,0.010,-1.483,-11.879,0.000,1.485,0.013
130.45,-11.887,0.010,-1.483,-11.879,0.000,1.485,0.013
130.47,-11.887,0.010,-1.483,-11.879,0.000,1.485,0.013
130.49,-11.887,0.010,-1.482,-11.879,0.000,1.485,0.013
130.51,-11.887,0.010,-1.482,-11.879,0.000,1.485,0.013
130.53,-11.887,0.010,-1.482,-11.879,0.000,1.485,0.013
130.55,-11.887,0.010,-1.482,-11.879,0.000,1.485,0.013
130.57,-11.887,0.010,-1.482,-11.879,0.000,1.485,0.013
130.59,-11.887,0.010,-1.482,-11.879,0.000,1.485,0.013
130.62,-11.888,0.010,-1.482,-11.879,0.000,1.485,0.013
130.64,-11.888,0.010,-1.482,-11.879,0.000,1.485,0.013
130.66,-11.888,0.010,-1.482,-11.879,0.000,1.485,0.013
130.68,-11.888,0.011,-1.482,-11.879,0.000,1.485,0.014
130.70,-11.888,0.011,-1.482,-11.879,0.000,1.485,0.014
130.72,-11.888,0.012,-1.482,-11.879,0.000,1.485,0.015
130.74,-11.888,0.012,-1.482,-11.879,0.000,1.485,0.015
130.76,-11.888,0.012,-1.482,-11.879,0.000,1.485,0.015
130.78,-11.888,0.012,-1.482,-11.879,0.000,1.485,0.015
130.80,-11.888,0.013,-1.482,-11.879,0.000,1.485,0.016
130.82,-11.888,0.013,-1.482,-11.879,0.000,1.485,0.016
130.85,-11.888,0.014,-1.482,-11.879,0.000,1.485,0.016
130.87,-11.888,0.014,-1.482,-11.879,0.000,1.485,0.016
130.89,-11.888,0.014,-1.483,-11.879,0.000,1.485,0.017
130.91,-11.888,0.014,-1.483,-11.879,0.000,1.485,0.017
130.93,-11.888,0.015,-1.483,-11.879,0.000,1.485,0.017
130.95,-11.888,0.015,-1.483,-11.879,0.000,1.485,0.017
130.97,-11.888,0.015,-1.483,-11.879,0.000,1.485,0.017
130.99,-11.888,0.015,-1.483,-11.879,0.000,1.485,0.017
131.01,-11.888,0.016,-1.483,-11.879,0.000,1.485,0.018
131.03,-11.888,0.016,-1.483,-11.879,0.000,1.485,0.018
131.05,-11.888,0.016,-1.483,-11.879,0.000,1.485,0.018
131.07,-11.888,0.016,-1.483,-11.879,0.000,1.485,0.018
131.09,-11.888,0.016,-1.483,-11.879,0.000,1.485,0.019
131.11,-11.888,0.016,-1.483,-11.879,0.000,1.485,0.019
131.14,-11.888,0.016,-1.483,-11.879,0.000,1.485,0.019
131.16,-11.888,0.017,-1.482,-11.879,0.000,1.485,0.019
131.18,-11.888,0.017,-1.482,-11.879,0.000,1.485,0.019
131.20,-11.888,0.017,-1.482,-11.879,0.000,1.485,0.020
131.22,-11.888,0.017,-1.482,-11.879,0.000,1.485,0.020
131.24,-11.888,0.018,-1.482,-11.879,0.000,1.485,0.020
131.26,-11.888,0.018,-1.482,-11.879,0.000,1.485,0.020
131.28,-11.889,0.018,-1.482,-11.879,0.000,1.485,0.020
131.30,-11.889,0.018,-1.482,-11.879,0.000,1.485,0.020
131.32,-11.889,0.018,-1.482,-11.879,0.000,1.485,0.021
131.34,-11.889,0.018,-1.482,-11.879,0.000,1.485,0.021
131.36,-11.889,0.018,-1.482,-11.879,0.000,1.485,0.021
131.39,-11.889,0.018,-1.482,-11.879,0.000,1.485,0.021
131.41,-11.889,0.018,-1.482,-11.879,0.000,1.485,0.021
131.43,-11.889,0.018,-1.482,-11.879,0.000,1.485,0.021
131.45,-11.889,0.018,-1.482,-11.879,0.000,1.485,0.021
131.47,-11.889,0.018,-1.482,-11.879,0.000,1.485,0.021
131.49,-11.889,0.018,-1.482,-11.879,0.000,1.485,0.020
131.51,-11.889,0.018,-1.482,-11.879,0.000,1.485,0.020
131.53,-11.888,0.018,-1.482,-11.879,0.000,1.485,0.020
131.55,-11.888,0.018,-1.482,-11.879,0.000,1.485,0.020
131.57,-11.888,0.018,-1.482,-11.879,0.000,1.485,0.020
131.59,-11.888,0.018,-1.482,-11.879,0.000,1.485,0.020
131.61,-11.887,0.018,-1.482,-11.879,0.000,1.485,0.019
131.63,-11.887,0.018,-1.482,-11.879,0.000,1.485,0.019
131.66,-11.887,0.018,-1.482,-11.879,0.000,1.485,0.019
131.68,-11.886,0.017,-1.483,-11.879,0.000,1.485,0.018
131.70,-11.886,0.017,-1.483,-11.879,0.000,1.485,0.018
131.72,-11.886,0.016,-1.483,-11.879,0.000,1.485,0.017
131.74,-11.886,0.016,-1.483,-11.879,0.000,1.485,0.017
131.76,-11.885,0.016,-1.483,-11.879,0.000,1.485,0.017
131.78,-11.885,0.016,-1.483,-11.879,0.000,1.485,0.017
131.80,-11.884,0.015,-1.484,-11.879,0.000,1.485,0.016
131.82,-11.884,0.015,-1.484,-11.879,0.000,1.485,0.016
131.84,-11.884,0.015,-1.484,-11.879,0.000,1.485,0.015
131.86,-11.884,0.015,-1.484,-11.879,0.000,1.485,0.015
131.88,-11.883,0.014,-1.484,-11.879,0.000,1.485,0.014
131.91,-11.883,0.014,-1.484,-11.879,0.000,1.485,0.014
131.93,-11.882,0.013,-1.484,-11.879,0.000,1.485,0.013
131.95,-11.882,0.013,-1.484,-11.879,0.000,1.485,0.013
131.97,-11.881,0.012,-1.484,-11.879,0.000,1.485,0.012
131.99,-11.881,0.012,-1.484,-11.879,0.000,1.485,0.012
132.01,-11.880,0.011,-1.483,-11.879,0.000,1.485,0.011
132.03,-11.880,0.011,-1.483,-11.879,0.000,1.485,0.011
132.05,-11.879,0.010,-1.483,-11.879,0.000,1.485,0.010
132.07,-11.879,0.010,-1.483,-11.879,0.000,1.485,0.010
132.09,-11.878,0.009,-1.483,-11.879,0.000,1.485,0.009
132.11,-11.878,0.009,-1.483,-11.879,0.000,1.485,0.009
132.14,-11.878,0.008,-1.483,-11.879,0.000,1.485,0.008
132.16,-11.878,0.008,-1.483,-11.879,0.000,1.485,0.008
132.18,-11.878,0.008,-1.483,-11.879,0.000,1.485,0.008
132.20,-11.876,0.006,-1.482,-11.879,0.000,1.485,0.007
132.22,-11.876,0.006,-1.482,-11.879,0.000,1.485,0.007
132.24,-11.876,0.005,-1.482,-11.879,0.000,1.485,0.006
132.26,-11.876,0.005,-1.482,-11.879,0.000,1.485,0.006
132.28,-11.875,0.004,-1.482,-11.879,0.000,1.485,0.006
132.30,-11.875,0.004,-1.482,-11.879,0.000,1.485,0.006
132.32,-11.874,0.003,-1.482,-11.879,0.000,1.485,0.006
132.34,-11.874,0.003,-1.482,-11.879,0.000,1.485,0.006
132.36,-11.874,0.002,-1.481,-11.879,0.000,1.485,0.007
132.38,-11.874,0.002,-1.481,-11.879,0.000,1.485,0.007
132.41,-11.873,0.001,-1.481,-11.879,0.000,1.485,0.007
132.43,-11.873,0.001,-1.481,-11.879,0.000,1.485,0.007
132.45,-11.873,0.000,-1.481,-11.879,0.000,1.485,0.008
132.47,-11.873,0.000,-1.481,-11.879,0.000,1.485,0.008
132.49,-11.872,-0.000,-1.481,-11.879,0.000,1.485,0.008
132.51,-11.872,-0.000,-1.481,-11.879,0.000,1.485,0.008
132.53,-11.872,-0.001,-1.481,-11.879,0.000,1.485,0.008
132.55,-11.872,-0.001,-1.481,-11.879,0.000,1.485,0.008
132.57,-11.872,-0.001,-1.482,-11.879,0.000,1.485,0.008
132.59,-11.872,-0.001,-1.482,-11.879,0.000,1.485,0.008
132.61,-11.872,-0.002,-1.482,-11.879,0.000,1.485,0.008
132.64,-11.872,-0.002,-1.482,-11.879,0.000,1.485,0.008
132.66,-11.872,-0.002,-1.482,-11.879,0.000,1.485,0.008
132.68,-11.872,-0.003,-1.483,-11.879,0.000,1.485,0.008
132.70,-11.872,-0.003,-1.483,-11.879,0.000,1.485,0.008
132.72,-11.873,-0.004,-1.484,-11.879,0.000,1.485,0.008
132.74,-11.873,-0.004,-1.484,-11.879,0.000,1.485,0.008
132.76,-11.873,-0.004,-1.484,-11.879,0.000,1.485,0.007
132.78,-11.873,-0.004,-1.484,-11.879,0.000,1.485,0.007
132.80,-11.874,-0.005,-1.485,-11.879,0.000,1.485,0.007
132.82,-11.874,-0.005,-1.485,-11.879,0.000,1.485,0.007
132.84,-11.874,-0.005,-1.486,-11.879,0.000,1.485,0.007
132.87,-11.874,-0.005,-1.486,-11.879,0.000,1.485,0.007
132.89,-11.875,-0.006,-1.486,-11.879,0.000,1.485,0.007
132.91,-11.875,-0.006,-1.486,-11.879,0.000,1.485,0.007
132.93,-11.875,-0.006,-1.487,-11.879,0.000,1.485,0.007
132.95,-11.875,-0.006,-1.487,-11.879,0.000,1.485,0.007
132.97,-11.875,-0.006,-1.487,-11.879,0.000,1.485,0.008
132.99,-11.875,-0.006,-1.487,-11.879,0.000,1.485,0.008
133.01,-11.876,-0.006,-1.487,-11.879,0.000,1.485,0.008
133.03,-11.876,-0.006,-1.487,-11.879,0.000,1.485,0.008
133.05,-11.876,-0.006,-1.487,-11.879,0.000,1.485,0.008
133.07,-11.876,-0.006,-1.487,-11.879,0.000,1.485,0.008
133.09,-11.875,-0.006,-1.488,-11.879,0.000,1.485,0.008
133.11,-11.875,-0.006,-1.488,-11.879,0.000,1.485,0.008
133.13,-11.875,-0.006,-1.488,-11.879,0.000,1.485,0.008
133.16,-11.875,-0.006,-1.488,-11.879,0.000,1.485,0.008
133.18,-11.875,-0.006,-1.488,-11.879,0.000,1.485,0.008
133.20,-11.874,-0.006,-1.488,-11.879,0.000,1.485,0.008
133.22,-11.874,-0.006,-1.488,-11.879,0.000,1.485,0.008
133.24,-11.874,-0.005,-1.488,-11.879,0.000,1.485,0.008
133.26,-11.874,-0.005,-1.488,-11.879,0.000,1.485,0.008
133.28,-11.873,-0.005,-1.488,-11.879,0.000,1.485,0.009
133.30,-11.873,-0.005,-1.488,-11.879,0.000,1.485,0.009
133.32,-11.872,-0.005,-1.489,-11.879,0.000,1.485,0.009
133.34,-11.872,-0.005,-1.489,-11.879,0.000,1.485,0.009
133.36,-11.872,-0.005,-1.489,-11.879,0.000,1.485,0.010
133.38,-11.872,-0.005,-1.489,-11.879,0.000,1.485,0.010
133.40,-11.870,-0.005,-1.489,-11.879,0.000,1.485,0.011
133.43,-11.870,-0.005,-1.489,-11.879,0.000,1.485,0.011
133.45,-11.869,-0.004,-1.489,-11.879,0.000,1.485,0.012
133.47,-11.869,-0.004,-1.489,-11.879,0.000,1.485,0.012
133.49,-11.868,-0.004,-1.489,-11.879,0.000,1.485,0.013
133.51,-11.868,-0.004,-1.489,-11.879,0.000,1.485,0.013
133.53,-11.867,-0.004,-1.489,-11.879,0.000,1.485,0.014
133.55,-11.867,-0.004,-1.489,-11.879,0.000,1.485,0.014
133.57,-11.866,-0.004,-1.489,-11.879,0.000,1.485,0.015
133.59,-11.866,-0.004,-1.489,-11.879,0.000,1.485,0.015
133.61,-11.864,-0.004,-1.489,-11.879,0.000,1.485,0.016
133.63,-11.864,-0.004,-1.489,-11.879,0.000,1.485,0.016
133.65,-11.864,-0.004,-1.489,-11.879,0.000,1.485,0.016
133.67,-11.863,-0.004,-1.490,-11.879,0.000,1.485,0.018
133.69,-11.863,-0.004,-1.490,-11.879,0.000,1.485,0.018
133.72,-11.862,-0.003,-1.490,-11.879,0.000,1.485,0.019
133.74,-11.862,-0.003,-1.490,-11.879,0.000,1.485,0.019
133.76,-11.861,-0.003,-1.490,-11.879,0.000,1.485,0.019
133.78,-11.861,-0.003,-1.490,-11.879,0.000,1.485,0.019
133.80,-11.860,-0.003,-1.490,-11.879,0.000,1.485,0.020
133.82,-11.860,-0.003,-1.490,-11.879,0.000,1.485,0.020
133.84,-11.860,-0.002,-1.491,-11.879,0.000,1.485,0.020
133.86,-11.860,-0.002,-1.491,-11.879,0.000,1.485,0.020
133.88,-11.859,-0.002,-1.491,-11.879,0.000,1.485,0.021
133.90,-11.859,-0.002,-1.491,-11.879,0.000,1.485,0.021
133.92,-11.859,-0.001,-1.491,-11.879,0.000,1.485,0.021
133.95,-11.859,-0.001,-1.491,-11.879,0.000,1.485,0.021
133.97,-11.859,-0.000,-1.491,-11.879,0.000,1.485,0.021
133.99,-11.859,-0.000,-1.491,-11.879,0.000,1.485,0.021
134.01,-11.859,-0.000,-1.491,-11.879,0.000,1.485,0.021
134.03,-11.859,-0.000,-1.491,-11.879,0.000,1.485,0.021
134.05,-11.860,0.000,-1.491,-11.879,0.000,1.485,0.020
134.07,-11.860,0.000,-1.491,-11.879,0.000,1.485,0.020
134.09,-11.860,0.001,-1.490,-11.879,0.000,1.485,0.020
134.11,-11.860,0.001,-1.490,-11.879,0.000,1.485,0.020
134.13,-11.860,0.001,-1.490,-11.879,0.000,1.485,0.020
134.15,-11.860,0.001,-1.490,-11.879,0.000,1.485,0.020
134.17,-11.860,0.001,-1.490,-11.879,0.000,1.485,0.020
134.19,-11.861,0.001,-1.489,-11.879,0.000,1.485,0.019
134.22,-11.861,0.001,-1.489,-11.879,0.000,1.485,0.019
134.24,-11.861,0.001,-1.489,-11.879,0.000,1.485,0.018
134.26,-11.861,0.001,-1.489,-11.879,0.000,1.485,0.018
134.28,-11.862,0.001,-1.488,-11.879,0.000,1.485,0.018
134.30,-11.862,0.001,-1.488,-11.879,0.000,1.485,0.018
134.32,-11.862,0.001,-1.488,-11.879,0.000,1.485,0.017
134.34,-11.862,0.001,-1.488,-11.879,0.000,1.485,0.017
134.36,-11.863,0.001,-1.488,-11.879,0.000,1.485,0.016
134.38,-11.863,0.001,-1.488,-11.879,0.000,1.485,0.016
134.40,-11.864,0.000,-1.487,-11.879,0.000,1.485,0.015
134.42,-11.864,0.000,-1.487,-11.879,0.000,1.485,0.015
134.45,-11.865,-0.000,-1.487,-11.879,0.000,1.485,0.015
134.47,-11.865,-0.000,-1.487,-11.879,0.000,1.485,0.015
134.49,-11.865,-0.001,-1.486,-11.879,0.000,1.485,0.014
134.51,-11.865,-0.001,-1.486,-11.879,0.000,1.485,0.014
134.53,-11.866,-0.002,-1.486,-11.879,0.000,1.485,0.013
134.55,-11.866,-0.002,-1.486,-11.879,0.000,1.485,0.013
134.57,-11.867,-0.003,-1.486,-11.879,0.000,1.485,0.013
134.59,-11.867,-0.003,-1.486,-11.879,0.000,1.485,0.013
134.61,-11.868,-0.005,-1.486,-11.879,0.000,1.485,0.012
134.63,-11.868,-0.005,-1.486,-11.879,0.000,1.485,0.012
134.65,-11.868,-0.006,-1.486,-11.879,0.000,1.485,0.013
134.67,-11.868,-0.006,-1.486,-11.879,0.000,1.485,0.013
134.69,-11.868,-0.006,-1.486,-11.879,0.000,1.485,0.013
134.72,-11.869,-0.009,-1.485,-11.879,0.000,1.485,0.013
134.74,-11.869,-0.009,-1.485,-11.879,0.000,1.485,0.013
134.76,-11.870,-0.010,-1.485,-11.879,0.000,1.485,0.014
134.78,-11.870,-0.010,-1.485,-11.879,0.000,1.485,0.014
134.80,-11.870,-0.011,-1.485,-11.879,0.000,1.485,0.014
134.82,-11.870,-0.011,-1.485,-11.879,0.000,1.485,0.014
134.84,-11.870,-0.012,-1.485,-11.879,0.000,1.485,0.015
134.86,-11.870,-0.012,-1.485,-11.879,0.000,1.485,0.015
134.88,-11.870,-0.013,-1.486,-11.879,0.000,1.485,0.016
134.90,-11.870,-0.013,-1.486,-11.879,0.000,1.485,0.016
134.92,-11.870,-0.014,-1.486,-11.879,0.000,1.485,0.017
134.95,-11.870,-0.014,-1.486,-11.879,0.000,1.485,0.017
134.97,-11.870,-0.016,-1.486,-11.879,0.000,1.485,0.019
134.99,-11.870,-0.016,-1.486,-11.879,0.000,1.485,0.019
135.01,-11.869,-0.017,-1.487,-11.879,0.000,1.485,0.020
135.03,-11.869,-0.017,-1.487,-11.879,0.000,1.485,0.020
135.05,-11.868,-0.019,-1.487,-11.879,0.000,1.485,0.022
135.07,-11.868,-0.019,-1.487,-11.879,0.000,1.485,0.022
135.09,-11.867,-0.020,-1.487,-11.879,0.000,1.485,0.024
135.11,-11.867,-0.020,-1.487,-11.879,0.000,1.485,0.024
135.13,-11.866,-0.021,-1.488,-11.879,0.000,1.485,0.026
135.15,-11.866,-0.021,-1.488,-11.879,0.000,1.485,0.026
135.17,-11.866,-0.021,-1.488,-11.879,0.000,1.485,0.026
135.19,-11.864,-0.023,-1.488,-11.879,0.000,1.485,0.028
135.22,-11.864,-0.023,-1.488,-11.879,0.000,1.485,0.028
135.24,-11.862,-0.023,-1.488,-11.879,0.000,1.485,0.029
135.26,-11.862,-0.023,-1.488,-11.879,0.000,1.485,0.029
135.28,-11.861,-0.024,-1.488,-11.879,0.000,1.485,0.030
135.30,-11.861,-0.024,-1.488,-11.879,0.000,1.485,0.030
135.32,-11.859,-0.024,-1.488,-11.879,0.000,1.485,0.031
135.34,-11.859,-0.024,-1.488,-11.879,0.000,1.485,0.031
135.36,-11.858,-0.025,-1.488,-11.879,0.000,1.485,0.033
135.38,-11.858,-0.025,-1.488,-11.879,0.000,1.485,0.033
135.40,-11.857,-0.025,-1.488,-11.879,0.000,1.485,0.034
135.42,-11.857,-0.025,-1.488,-11.879,0.000,1.485,0.034
135.44,-11.856,-0.025,-1.488,-11.879,0.000,1.485,0.035
135.46,-11.856,-0.025,-1.488,-11.879,0.000,1.485,0.035
135.49,-11.854,-0.025,-1.488,-11.879,0.000,1.485,0.036
135.51,-11.854,-0.025,-1.488,-11.879,0.000,1.485,0.036
135.53,-11.853,-0.025,-1.488,-11.879,0.000,1.485,0.036
135.55,-11.853,-0.025,-1.488,-11.879,0.000,1.485,0.036
135.57,-11.852,-0.025,-1.487,-11.879,0.000,1.485,0.037
135.59,-11.852,-0.025,-1.487,-11.879,0.000,1.485,0.037
135.61,-11.851,-0.025,-1.487,-11.879,0.000,1.485,0.038
135.63,-11.851,-0.025,-1.487,-11.879,0.000,1.485,0.038
135.65,-11.849,-0.026,-1.487,-11.879,0.000,1.485,0.039
135.67,-11.849,-0.026,-1.487,-11.879,0.000,1.485,0.039
135.69,-11.849,-0.026,-1.487,-11.879,0.000,1.485,0.039
135.72,-11.848,-0.026,-1.486,-11.879,0.000,1.485,0.041
135.74,-11.848,-0.026,-1.486,-11.879,0.000,1.485,0.041
135.76,-11.847,-0.026,-1.486,-11.879,0.000,1.485,0.041
135.78,-11.847,-0.026,-1.486,-11.879,0.000,1.485,0.041
135.80,-11.846,-0.026,-1.485,-11.879,0.000,1.485,0.042
135.82,-11.846,-0.026,-1.485,-11.879,0.000,1.485,0.042
135.84,-11.846,-0.026,-1.484,-11.879,0.000,1.485,0.042
135.86,-11.846,-0.026,-1.484,-11.879,0.000,1.485,0.042
135.88,-11.846,-0.026,-1.484,-11.879,0.000,1.485,0.043
135.90,-11.846,-0.026,-1.484,-11.879,0.000,1.485,0.043
135.92,-11.846,-0.026,-1.482,-11.879,0.000,1.485,0.043
135.94,-11.846,-0.026,-1.482,-11.879,0.000,1.485,0.043
135.97,-11.846,-0.026,-1.481,-11.879,0.000,1.485,0.042
135.99,-11.846,-0.026,-1.481,-11.879,0.000,1.485,0.042
136.01,-11.847,-0.025,-1.480,-11.879,0.000,1.485,0.041
136.03,-11.847,-0.025,-1.480,-11.879,0.000,1.485,0.041
136.05,-11.847,-0.024,-1.480,-11.879,0.000,1.485,0.040
136.07,-11.847,-0.024,-1.480,-11.879,0.000,1.485,0.040
136.09,-11.849,-0.023,-1.479,-11.879,0.000,1.485,0.039
136.11,-11.849,-0.023,-1.479,-11.879,0.000,1.485,0.039
136.13,-11.850,-0.022,-1.478,-11.879,0.000,1.485,0.037
136.15,-11.850,-0.022,-1.478,-11.879,0.000,1.485,0.037
136.17,-11.850,-0.022,-1.478,-11.879,0.000,1.485,0.037
136.19,-11.853,-0.020,-1.476,-11.879,0.000,1.485,0.034
136.21,-11.853,-0.020,-1.476,-11.879,0.000,1.485,0.034
136.24,-11.856,-0.019,-1.476,-11.879,0.000,1.485,0.032
136.26,-11.856,-0.019,-1.476,-11.879,0.000,1.485,0.032
136.28,-11.858,-0.018,-1.475,-11.879,0.000,1.485,0.030
136.30,-11.858,-0.018,-1.475,-11.879,0.000,1.485,0.030
136.32,-11.860,-0.017,-1.474,-11.879,0.000,1.485,0.028
136.34,-11.860,-0.017,-1.474,-11.879,0.000,1.485,0.028
136.36,-11.862,-0.016,-1.473,-11.879,0.000,1.485,0.026
136.38,-11.862,-0.016,-1.473,-11.879,0.000,1.485,0.026
136.40,-11.864,-0.015,-1.472,-11.879,0.000,1.485,0.024
136.42,-11.864,-0.015,-1.472,-11.879,0.000,1.485,0.024
136.44,-11.867,-0.013,-1.471,-11.879,0.000,1.485,0.022
136.46,-11.867,-0.013,-1.471,-11.879,0.000,1.485,0.022
136.49,-11.870,-0.013,-1.471,-11.879,0.000,1.485,0.021
136.51,-11.870,-0.013,-1.471,-11.879,0.000,1.485,0.021
136.53,-11.872,-0.012,-1.470,-11.879,0.000,1.485,0.020
136.55,-11.872,-0.012,-1.470,-11.879,0.000,1.485,0.020
136.57,-11.875,-0.011,-1.470,-11.879,0.000,1.485,0.019
136.59,-11.875,-0.011,-1.470,-11.879,0.000,1.485,0.019
136.61,-11.877,-0.011,-1.470,-11.879,0.000,1.485,0.019
136.63,-11.877,-0.011,-1.470,-11.879,0.000,1.485,0.019
136.65,-11.880,-0.010,-1.470,-11.879,0.000,1.485,0.018
136.67,-11.880,-0.010,-1.470,-11.879,0.000,1.485,0.018
136.69,-11.880,-0.010,-1.470,-11.879,0.000,1.485,0.018
136.72,-11.883,-0.010,-1.471,-11.879,0.000,1.485,0.018
136.74,-11.883,-0.010,-1.471,-11.879,0.000,1.485,0.018
136.76,-11.884,-0.010,-1.471,-11.879,0.000,1.485,0.017
136.78,-11.884,-0.010,-1.471,-11.879,0.000,1.485,0.017
136.80,-11.886,-0.009,-1.472,-11.879,0.000,1.485,0.017
136.82,-11.886,-0.009,-1.472,-11.879,0.000,1.485,0.017
136.84,-11.887,-0.009,-1.473,-11.879,0.000,1.485,0.017
136.86,-11.887,-0.009,-1.473,-11.879,0.000,1.485,0.017
136.88,-11.888,-0.009,-1.474,-11.879,0.000,1.485,0.017
136.90,-11.888,-0.009,-1.474,-11.879,0.000,1.485,0.017
136.92,-11.889,-0.008,-1.475,-11.879,0.000,1.485,0.016
136.95,-11.889,-0.008,-1.475,-11.879,0.000,1.485,0.016
136.97,-11.889,-0.008,-1.476,-11.879,0.000,1.485,0.016
136.99,-11.889,-0.008,-1.476,-11.879,0.000,1.485,0.016
137.01,-11.889,-0.008,-1.477,-11.879,0.000,1.485,0.015
137.03,-11.889,-0.008,-1.477,-11.879,0.000,1.485,0.015
137.05,-11.890,-0.008,-1.478,-11.879,0.000,1.485,0.015
137.07,-11.890,-0.008,-1.478,-11.879,0.000,1.485,0.015
137.09,-11.890,-0.007,-1.479,-11.879,0.000,1.485,0.014
137.11,-11.890,-0.007,-1.479,-11.879,0.000,1.485,0.014
137.13,-11.890,-0.007,-1.480,-11.879,0.000,1.485,0.014
137.15,-11.890,-0.007,-1.480,-11.879,0.000,1.485,0.014
137.17,-11.890,-0.007,-1.481,-11.879,0.000,1.485,0.013
137.20,-11.890,-0.007,-1.481,-11.879,0.000,1.485,0.013
137.22,-11.890,-0.007,-1.481,-11.879,0.000,1.485,0.013
137.24,-11.890,-0.006,-1.482,-11.879,0.000,1.485,0.013
137.26,-11.890,-0.006,-1.482,-11.879,0.000,1.485,0.013
137.28,-11.890,-0.006,-1.483,-11.879,0.000,1.485,0.012
137.30,-11.890,-0.006,-1.483,-11.879,0.000,1.485,0.012
137.32,-11.889,-0.006,-1.483,-11.879,0.000,1.485,0.012
137.34,-11.889,-0.006,-1.483,-11.879,0.000,1.485,0.012
137.36,-11.889,-0.005,-1.484,-11.879,0.000,1.485,0.011
137.38,-11.889,-0.005,-1.484,-11.879,0.000,1.485,0.011
137.40,-11.888,-0.005,-1.484,-11.879,0.000,1.485,0.010
137.42,-11.888,-0.005,-1.484,-11.879,0.000,1.485,0.010
137.45,-11.888,-0.005,-1.485,-11.879,0.000,1.485,0.010
137.47,-11.888,-0.005,-1.485,-11.879,0.000,1.485,0.010
137.49,-11.887,-0.005,-1.485,-11.879,0.000,1.485,0.009
137.51,-11.887,-0.005,-1.485,-11.879,0.000,1.485,0.009
137.53,-11.887,-0.005,-1.486,-11.879,0.000,1.485,0.009
137.55,-11.887,-0.005,-1.486,-11.879,0.000,1.485,0.009
137.57,-11.886,-0.004,-1.486,-11.879,0.000,1.485,0.008
137.59,-11.886,-0.004,-1.486,-11.879,0.000,1.485,0.008
137.61,-11.886,-0.004,-1.486,-11.879,0.000,1.485,0.008
137.63,-11.886,-0.004,-1.486,-11.879,0.000,1.485,0.008
137.65,-11.886,-0.003,-1.485,-11.879,0.000,1.485,0.007
137.67,-11.886,-0.003,-1.485,-11.879,0.000,1.485,0.007
137.69,-11.886,-0.003,-1.485,-11.879,0.000,1.485,0.007
137.72,-11.885,-0.003,-1.485,-11.879,0.000,1.485,0.007
137.74,-11.885,-0.003,-1.485,-11.879,0.000,1.485,0.007
137.76,-11.886,-0.002,-1.484,-11.879,0.000,1.485,0.007
137.78,-11.886,-0.002,-1.484,-11.879,0.000,1.485,0.007
137.80,-11.886,-0.002,-1.483,-11.879,0.000,1.485,0.007
137.82,-11.886,-0.002,-1.483,-11.879,0.000,1.485,0.007
137.84,-11.886,-0.002,-1.483,-11.879,0.000,1.485,0.007
137.86,-11.886,-0.002,-1.483,-11.879,0.000,1.485,0.007
137.88,-11.886,-0.002,-1.482,-11.879,0.000,1.485,0.008
137.90,-11.886,-0.002,-1.482,-11.879,0.000,1.485,0.008
137.92,-11.887,-0.002,-1.482,-11.879,0.000,1.485,0.009
137.94,-11.887,-0.002,-1.482,-11.879,0.000,1.485,0.009
137.97,-11.887,-0.002,-1.481,-11.879,0.000,1.485,0.009
137.99,-11.887,-0.002,-1.481,-11.879,0.000,1.485,0.009
138.01,-11.888,-0.002,-1.481,-11.879,0.000,1.485,0.010
138.03,-11.888,-0.002,-1.481,-11.879,0.000,1.485,0.010
138.05,-11.889,-0.003,-1.481,-11.879,0.000,1.485,0.011
138.07,-11.889,-0.003,-1.481,-11.879,0.000,1.485,0.011
138.09,-11.890,-0.003,-1.481,-11.879,0.000,1.485,0.012
138.11,-11.890,-0.003,-1.481,-11.879,0.000,1.485,0.012
138.13,-11.890,-0.004,-1.481,-11.879,0.000,1.485,0.013
138.15,-11.890,-0.004,-1.481,-11.879,0.000,1.485,0.013
138.17,-11.891,-0.005,-1.482,-11.879,0.000,1.485,0.014
138.19,-11.891,-0.005,-1.482,-11.879,0.000,1.485,0.014
138.21,-11.891,-0.005,-1.482,-11.879,0.000,1.485,0.014
138.23,-11.892,-0.006,-1.482,-11.879,0.000,1.485,0.015
138.25,-11.892,-0.006,-1.482,-11.879,0.000,1.485,0.015
138.28,-11.893,-0.007,-1.482,-11.879,0.000,1.485,0.016
138.30,-11.893,-0.007,-1.482,-11.879,0.000,1.485,0.016
138.32,-11.893,-0.008,-1.482,-11.879,0.000,1.485,0.017
138.34,-11.893,-0.008,-1.482,-11.879,0.000,1.485,0.017
138.36,-11.894,-0.009,-1.483,-11.879,0.000,1.485,0.017
138.38,-11.894,-0.009,-1.483,-11.879,0.000,1.485,0.017
138.40,-11.894,-0.010,-1.483,-11.879,0.000,1.485,0.018
138.42,-11.894,-0.010,-1.483,-11.879,0.000,1.485,0.018
138.44,-11.895,-0.010,-1.484,-11.879,0.000,1.485,0.019
138.46,-11.895,-0.010,-1.484,-11.879,0.000,1.485,0.019
138.48,-11.895,-0.011,-1.485,-11.879,0.000,1.485,0.020
138.50,-11.895,-0.011,-1.485,-11.879,0.000,1.485,0.020
138.53,-11.896,-0.012,-1.486,-11.879,0.000,1.485,0.020
138.55,-11.896,-0.012,-1.486,-11.879,0.000,1.485,0.020
138.57,-11.896,-0.012,-1.486,-11.879,0.000,1.485,0.021
138.59,-11.896,-0.012,-1.486,-11.879,0.000,1.485,0.021
138.61,-11.896,-0.013,-1.487,-11.879,0.000,1.485,0.022
138.63,-11.896,-0.013,-1.487,-11.879,0.000,1.485,0.022
138.65,-11.897,-0.013,-1.488,-11.879,0.000,1.485,0.022
138.67,-11.897,-0.013,-1.488,-11.879,0.000,1.485,0.022
138.69,-11.897,-0.013,-1.488,-11.879,0.000,1.485,0.022
138.71,-11.897,-0.013,-1.489,-11.879,0.000,1.485,0.023
138.73,-11.897,-0.013,-1.489,-11.879,0.000,1.485,0.023
138.75,-11.897,-0.013,-1.489,-11.879,0.000,1.485,0.023
138.77,-11.897,-0.013,-1.489,-11.879,0.000,1.485,0.023
138.79,-11.898,-0.013,-1.489,-11.879,0.000,1.485,0.023
138.82,-11.898,-0.013,-1.489,-11.879,0.000,1.485,0.023
138.84,-11.898,-0.013,-1.489,-11.879,0.000,1.485,0.023
138.86,-11.898,-0.013,-1.489,-11.879,0.000,1.485,0.023
138.88,-11.898,-0.013,-1.489,-11.879,0.000,1.485,0.023
138.90,-11.898,-0.013,-1.489,-11.879,0.000,1.485,0.023
138.92,-11.898,-0.013,-1.488,-11.879,0.000,1.485,0.023
138.94,-11.898,-0.013,-1.488,-11.879,0.000,1.485,0.023
138.96,-11.898,-0.013,-1.488,-11.879,0.000,1.485,0.023
138.98,-11.898,-0.013,-1.488,-11.879,0.000,1.485,0.023
139.00,-11.898,-0.013,-1.487,-11.879,0.000,1.485,0.023
139.02,-11.898,-0.013,-1.487,-11.879,0.000,1.485,0.023
139.04,-11.898,-0.013,-1.486,-11.879,0.000,1.485,0.023
139.07,-11.898,-0.013,-1.486,-11.879,0.000,1.485,0.023
139.09,-11.898,-0.012,-1.486,-11.879,0.000,1.485,0.022
139.11,-11.898,-0.012,-1.486,-11.879,0.000,1.485,0.022
139.13,-11.898,-0.012,-1.485,-11.879,0.000,1.485,0.022
139.15,-11.898,-0.012,-1.485,-11.879,0.000,1.485,0.022
139.17,-11.897,-0.011,-1.484,-11.879,0.000,1.485,0.021
139.19,-11.897,-0.011,-1.484,-11.879,0.000,1.485,0.021
139.21,-11.897,-0.011,-1.484,-11.879,0.000,1.485,0.021
139.23,-11.896,-0.010,-1.483,-11.879,0.000,1.485,0.020
139.25,-11.896,-0.010,-1.483,-11.879,0.000,1.485,0.020
139.27,-11.896,-0.009,-1.482,-11.879,0.000,1.485,0.019
139.29,-11.896,-0.009,-1.482,-11.879,0.000,1.485,0.019
139.32,-11.895,-0.008,-1.482,-11.879,0.000,1.485,0.018
139.34,-11.895,-0.008,-1.482,-11.879,0.000,1.485,0.018
139.36,-11.894,-0.008,-1.481,-11.879,0.000,1.485,0.017
139.38,-11.894,-0.008,-1.481,-11.879,0.000,1.485,0.017
139.40,-11.893,-0.007,-1.481,-11.879,0.000,1.485,0.016
139.42,-11.893,-0.007,-1.481,-11.879,0.000,1.485,0.016
139.44,-11.893,-0.006,-1.480,-11.879,0.000,1.485,0.015
139.46,-11.893,-0.006,-1.480,-11.879,0.000,1.485,0.015
139.48,-11.892,-0.005,-1.480,-11.879,0.000,1.485,0.015
139.50,-11.892,-0.005,-1.480,-11.879,0.000,1.485,0.015
139.52,-11.891,-0.004,-1.479,-11.879,0.000,1.485,0.014
139.55,-11.891,-0.004,-1.479,-11.879,0.000,1.485,0.014
139.57,-11.890,-0.004,-1.479,-11.879,0.000,1.485,0.013
139.59,-11.890,-0.004,-1.479,-11.879,0.000,1.485,0.013
139.61,-11.889,-0.003,-1.478,-11.879,0.000,1.485,0.012
139.63,-11.889,-0.003,-1.478,-11.879,0.000,1.485,0.012
139.65,-11.888,-0.003,-1.478,-11.879,0.000,1.485,0.012
139.67,-11.888,-0.003,-1.478,-11.879,0.000,1.485,0.012
139.69,-11.888,-0.002,-1.478,-11.879,0.000,1.485,0.011
139.71,-11.888,-0.002,-1.478,-11.879,0.000,1.485,0.011
139.73,-11.888,-0.002,-1.478,-11.879,0.000,1.485,0.011
139.75,-11.887,-0.001,-1.477,-11.879,0.000,1.485,0.011
139.77,-11.887,-0.001,-1.477,-11.879,0.000,1.485,0.011
139.79,-11.886,-0.001,-1.477,-11.879,0.000,1.485,0.011
139.82,-11.886,-0.001,-1.477,-11.879,0.000,1.485,0.011
139.84,-11.886,-0.000,-1.477,-11.879,0.000,1.485,0.010
139.86,-11.886,-0.000,-1.477,-11.879,0.000,1.485,0.010
139.88,-11.885,-0.000,-1.477,-11.879,0.000,1.485,0.010
139.90,-11.885,-0.000,-1.477,-11.879,0.000,1.485,0.010
139.92,-11.885,0.000,-1.477,-11.879,0.000,1.485,0.010
139.94,-11.885,0.000,-1.477,-11.879,0.000,1.485,0.010
139.96,-11.884,0.001,-1.477,-11.879,0.000,1.485,0.010
139.98,-11.884,0.001,-1.477,-11.879,0.000,1.485,0.010
140.00,-11.884,0.001,-1.477,-11.879,0.000,1.485,0.010
140.02,-11.884,0.001,-1.477,-11.879,0.000,1.485,0.010
140.04,-11.884,0.002,-1.477,-11.879,0.000,1.485,0.010
140.07,-11.884,0.002,-1.477,-11.879,0.000,1.485,0.010
140.09,-11.884,0.002,-1.477,-11.879,0.000,1.485,0.010
140.11,-11.884,0.002,-1.477,-11.879,0.000,1.485,0.010
140.13,-11.884,0.003,-1.477,-11.879,0.000,1.485,0.010
140.15,-11.884,0.003,-1.477,-11.879,0.000,1.485,0.010
140.17,-11.884,0.004,-1.477,-11.879,0.000,1.485,0.010
140.19,-11.884,0.004,-1.477,-11.879,0.000,1.485,0.010
140.21,-11.884,0.004,-1.477,-11.879,0.000,1.485,0.010
140.23,-11.884,0.005,-1.477,-11.879,0.000,1.485,0.010
140.25,-11.884,0.005,-1.477,-11.879,0.000,1.485,0.010
140.27,-11.884,0.006,-1.477,-11.879,0.000,1.485,0.011
140.29,-11.884,0.006,-1.477,-11.879,0.000,1.485,0.011
140.32,-11.883,0.007,-1.477,-11.879,0.000,1.485,0.011
140.34,-11.883,0.007,-1.477,-11.879,0.000,1.485,0.011
140.36,-11.883,0.008,-1.477,-11.879,0.000,1.485,0.012
140.38,-11.883,0.008,-1.477,-11.879,0.000,1.485,0.012
140.40,-11.883,0.009,-1.477,-11.879,0.000,1.485,0.012
140.42,-11.883,0.009,-1.477,-11.879,0.000,1.485,0.012
140.44,-11.883,0.010,-1.478,-11.879,0.000,1.485,0.013
140.46,-11.883,0.010,-1.478,-11.879,0.000,1.485,0.013
140.48,-11.883,0.012,-1.478,-11.879,0.000,1.485,0.014
140.50,-11.883,0.012,-1.478,-11.879,0.000,1.485,0.014
140.52,-11.883,0.013,-1.479,-11.879,0.000,1.485,0.014
140.54,-11.883,0.013,-1.479,-11.879,0.000,1.485,0.014
140.57,-11.883,0.014,-1.480,-11.879,0.000,1.485,0.015
140.59,-11.883,0.014,-1.480,-11.879,0.000,1.485,0.015
140.61,-11.882,0.015,-1.480,-11.879,0.000,1.485,0.016
140.63,-11.882,0.015,-1.480,-11.879,0.000,1.485,0.016
140.65,-11.882,0.016,-1.481,-11.879,0.000,1.485,0.016
140.67,-11.882,0.016,-1.481,-11.879,0.000,1.485,0.016
140.69,-11.881,0.017,-1.482,-11.879,0.000,1.485,0.017
140.71,-11.881,0.017,-1.482,-11.879,0.000,1.485,0.017
140.73,-11.881,0.017,-1.482,-11.879,0.000,1.485,0.017
140.75,-11.880,0.018,-1.483,-11.879,0.000,1.485,0.018
140.77,-11.880,0.018,-1.483,-11.879,0.000,1.485,0.018
140.79,-11.879,0.019,-1.484,-11.879,0.000,1.485,0.019
140.81,-11.879,0.019,-1.484,-11.879,0.000,1.485,0.019
140.84,-11.879,0.019,-1.485,-11.879,0.000,1.485,0.019
140.86,-11.879,0.019,-1.485,-11.879,0.000,1.485,0.019
140.88,-11.878,0.019,-1.486,-11.879,0.000,1.485,0.019
140.90,-11.878,0.019,-1.486,-11.879,0.000,1.485,0.019
140.92,-11.877,0.020,-1.487,-11.879,0.000,1.485,0.020
140.94,-11.877,0.020,-1.487,-11.879,0.000,1.485,0.020
140.96,-11.877,0.019,-1.487,-11.879,0.000,1.485,0.020
140.98,-11.877,0.019,-1.487,-11.879,0.000,1.485,0.020
141.00,-11.876,0.019,-1.488,-11.879,0.000,1.485,0.019
141.02,-11.876,0.019,-1.488,-11.879,0.000,1.485,0.019
141.04,-11.876,0.018,-1.489,-11.879,0.000,1.485,0.019
141.06,-11.876,0.018,-1.489,-11.879,0.000,1.485,0.019
141.08,-11.875,0.017,-1.489,-11.879,0.000,1.485,0.018
141.11,-11.875,0.017,-1.489,-11.879,0.000,1.485,0.018
141.13,-11.875,0.016,-1.490,-11.879,0.000,1.485,0.017
141.15,-11.875,0.016,-1.490,-11.879,0.000,1.485,0.017
141.17,-11.875,0.015,-1.490,-11.879,0.000,1.485,0.016
141.19,-11.875,0.015,-1.490,-11.879,0.000,1.485,0.016
141.21,-11.875,0.015,-1.490,-11.879,0.000,1.485,0.016
141.23,-11.874,0.013,-1.491,-11.879,0.000,1.485,0.015
141.25,-11.874,0.013,-1.491,-11.879,0.000,1.485,0.015
141.27,-11.874,0.011,-1.491,-11.879,0.000,1.485,0.014
141.29,-11.874,0.011,-1.491,-11.879,0.000,1.485,0.014
141.31,-11.873,0.010,-1.491,-11.879,0.000,1.485,0.013
141.33,-11.873,0.010,-1.491,-11.879,0.000,1.485,0.013
141.36,-11.873,0.008,-1.491,-11.879,0.000,1.485,0.012
141.38,-11.873,0.008,-1.491,-11.879,0.000,1.485,0.012
141.40,-11.872,0.006,-1.491,-11.879,0.000,1.485,0.011
141.42,-11.872,0.006,-1.491,-11.879,0.000,1.485,0.011
141.44,-11.872,0.004,-1.491,-11.879,0.000,1.485,0.010
141.46,-11.872,0.004,-1.491,-11.879,0.000,1.485,0.010
141.48,-11.871,0.002,-1.491,-11.879,0.000,1.485,0.010
141.50,-11.871,0.002,-1.491,-11.879,0.000,1.485,0.010
141.52,-11.871,0.000,-1.490,-11.879,0.000,1.485,0.010
141.54,-11.871,0.000,-1.490,-11.879,0.000,1.485,0.010
141.56,-11.870,-0.002,-1.490,-11.879,0.000,1.485,0.010
141.58,-11.870,-0.002,-1.490,-11.879,0.000,1.485,0.010
141.61,-11.870,-0.004,-1.490,-11.879,0.000,1.485,0.011
141.63,-11.870,-0.004,-1.490,-11.879,0.000,1.485,0.011
141.65,-11.870,-0.005,-1.490,-11.879,0.000,1.485,0.012
141.67,-11.870,-0.005,-1.490,-11.879,0.000,1.485,0.012
141.69,-11.870,-0.007,-1.489,-11.879,0.000,1.485,0.013
141.71,-11.870,-0.007,-1.489,-11.879,0.000,1.485,0.013
141.73,-11.870,-0.007,-1.489,-11.879,0.000,1.485,0.013
141.75,-11.869,-0.009,-1.489,-11.879,0.000,1.485,0.014
141.77,-11.869,-0.009,-1.489,-11.879,0.000,1.485,0.014
141.79,-11.869,-0.011,-1.488,-11.879,0.000,1.485,0.015
141.81,-11.869,-0.011,-1.488,-11.879,0.000,1.485,0.015
141.83,-11.869,-0.012,-1.488,-11.879,0.000,1.485,0.016
141.86,-11.869,-0.012,-1.488,-11.879,0.000,1.485,0.016
141.88,-11.869,-0.013,-1.488,-11.879,0.000,1.485,0.017
141.90,-11.869,-0.013,-1.488,-11.879,0.000,1.485,0.017
141.92,-11.869,-0.014,-1.487,-11.879,0.000,1.485,0.018
141.94,-11.869,-0.014,-1.487,-11.879,0.000,1.485,0.018
141.96,-11.868,-0.015,-1.487,-11.879,0.000,1.485,0.019
141.98,-11.868,-0.015,-1.487,-11.879,0.000,1.485,0.019
142.00,-11.868,-0.016,-1.487,-11.879,0.000,1.485,0.020
142.02,-11.868,-0.016,-1.487,-11.879,0.000,1.485,0.020
142.04,-11.868,-0.017,-1.486,-11.879,0.000,1.485,0.021
142.06,-11.868,-0.017,-1.486,-11.879,0.000,1.485,0.021
142.09,-11.868,-0.018,-1.486,-11.879,0.000,1.485,0.022
142.11,-11.868,-0.018,-1.486,-11.879,0.000,1.485,0.022
142.13,-11.868,-0.019,-1.485,-11.879,0.000,1.485,0.022
142.15,-11.868,-0.019,-1.485,-11.879,0.000,1.485,0.022
142.17,-11.868,-0.020,-1.484,-11.879,0.000,1.485,0.023
142.19,-11.868,-0.020,-1.484,-11.879,0.000,1.485,0.023
142.21,-11.868,-0.021,-1.484,-11.879,0.000,1.485,0.023
142.23,-11.868,-0.021,-1.484,-11.879,0.000,1.485,0.023
142.25,-11.868,-0.021,-1.484,-11.879,0.000,1.485,0.023
142.27,-11.868,-0.021,-1.483,-11.879,0.000,1.485,0.024
142.29,-11.868,-0.021,-1.483,-11.879,0.000,1.485,0.024
142.31,-11.867,-0.020,-1.482,-11.879,0.000,1.485,0.024
142.33,-11.867,-0.020,-1.482,-11.879,0.000,1.485,0.024
142.36,-11.867,-0.020,-1.482,-11.879,0.000,1.485,0.024
142.38,-11.867,-0.020,-1.482,-11.879,0.000,1.485,0.024
142.40,-11.867,-0.019,-1.481,-11.879,0.000,1.485,0.023
142.42,-11.867,-0.019,-1.481,-11.879,0.000,1.485,0.023
142.44,-11.866,-0.019,-1.481,-11.879,0.000,1.485,0.023
142.46,-11.866,-0.019,-1.481,-11.879,0.000,1.485,0.023
142.48,-11.866,-0.018,-1.480,-11.879,0.000,1.485,0.023
142.50,-11.866,-0.018,-1.480,-11.879,0.000,1.485,0.023
142.52,-11.865,-0.017,-1.480,-11.879,0.000,1.485,0.023
142.54,-11.865,-0.017,-1.480,-11.879,0.000,1.485,0.023
142.56,-11.864,-0.016,-1.480,-11.879,0.000,1.485,0.023
142.58,-11.864,-0.016,-1.480,-11.879,0.000,1.485,0.023
142.61,-11.863,-0.015,-1.480,-11.879,0.000,1.485,0.023
142.63,-11.863,-0.015,-1.480,-11.879,0.000,1.485,0.023
142.65,-11.863,-0.014,-1.480,-11.879,0.000,1.485,0.023
142.67,-11.863,-0.014,-1.480,-11.879,0.000,1.485,0.023
142.69,-11.862,-0.014,-1.481,-11.879,0.000,1.485,0.023
142.71,-11.862,-0.014,-1.481,-11.879,0.000,1.485,0.023
142.73,-11.862,-0.014,-1.481,-11.879,0.000,1.485,0.023
142.75,-11.860,-0.012,-1.481,-11.879,0.000,1.485,0.023
142.77,-11.860,-0.012,-1.481,-11.879,0.000,1.485,0.023
142.79,-11.859,-0.011,-1.482,-11.879,0.000,1.485,0.024
142.81,-11.859,-0.011,-1.482,-11.879,0.000,1.485,0.024
142.83,-11.858,-0.010,-1.483,-11.879,0.000,1.485,0.024
142.85,-11.858,-0.010,-1.483,-11.879,0.000,1.485,0.024
142.88,-11.857,-0.010,-1.484,-11.879,0.000,1.485,0.025
142.90,-11.857,-0.010,-1.484,-11.879,0.000,1.485,0.025
142.92,-11.856,-0.009,-1.484,-11.879,0.000,1.485,0.025
142.94,-11.856,-0.009,-1.484,-11.879,0.000,1.485,0.025
142.96,-11.855,-0.008,-1.485,-11.879,0.000,1.485,0.025
142.98,-11.855,-0.008,-1.485,-11.879,0.000,1.485,0.025
143.00,-11.854,-0.008,-1.486,-11.879,0.000,1.485,0.026
143.02,-11.854,-0.008,-1.486,-11.879,0.000,1.485,0.026
143.04,-11.854,-0.007,-1.487,-11.879,0.000,1.485,0.027
143.06,-11.854,-0.007,-1.487,-11.879,0.000,1.485,0.027
143.08,-11.853,-0.007,-1.488,-11.879,0.000,1.485,0.027
143.10,-11.853,-0.007,-1.488,-11.879,0.000,1.485,0.027
143.12,-11.853,-0.007,-1.489,-11.879,0.000,1.485,0.028
143.14,-11.853,-0.007,-1.489,-11.879,0.000,1.485,0.028
143.17,-11.853,-0.007,-1.490,-11.879,0.000,1.485,0.028
143.19,-11.853,-0.007,-1.490,-11.879,0.000,1.485,0.028
143.21,-11.852,-0.007,-1.490,-11.879,0.000,1.485,0.028
143.23,-11.852,-0.007,-1.490,-11.879,0.000,1.485,0.028
143.25,-11.852,-0.007,-1.490,-11.879,0.000,1.485,0.028
143.27,-11.853,-0.007,-1.491,-11.879,0.000,1.485,0.028
143.29,-11.853,-0.007,-1.491,-11.879,0.000,1.485,0.028
143.31,-11.853,-0.007,-1.491,-11.879,0.000,1.485,0.028
143.33,-11.853,-0.007,-1.491,-11.879,0.000,1.485,0.028
143.35,-11.854,-0.007,-1.492,-11.879,0.000,1.485,0.027
143.37,-11.854,-0.007,-1.492,-11.879,0.000,1.485,0.027
143.39,-11.855,-0.007,-1.492,-11.879,0.000,1.485,0.027
143.42,-11.855,-0.007,-1.492,-11.879,0.000,1.485,0.027
143.44,-11.856,-0.007,-1.492,-11.879,0.000,1.485,0.026
143.46,-11.856,-0.007,-1.492,-11.879,0.000,1.485,0.026
143.48,-11.857,-0.007,-1.491,-11.879,0.000,1.485,0.024
143.50,-11.857,-0.007,-1.491,-11.879,0.000,1.485,0.024
143.52,-11.858,-0.007,-1.491,-11.879,0.000,1.485,0.023
143.54,-11.858,-0.007,-1.491,-11.879,0.000,1.485,0.023
143.56,-11.860,-0.007,-1.490,-11.879,0.000,1.485,0.021
143.58,-11.860,-0.007,-1.490,-11.879,0.000,1.485,0.021
143.60,-11.862,-0.007,-1.490,-11.879,0.000,1.485,0.020
143.62,-11.862,-0.007,-1.490,-11.879,0.000,1.485,0.020
143.65,-11.863,-0.006,-1.489,-11.879,0.000,1.485,0.017
143.67,-11.863,-0.006,-1.489,-11.879,0.000,1.485,0.017
143.69,-11.865,-0.006,-1.488,-11.879,0.000,1.485,0.016
143.71,-11.865,-0.006,-1.488,-11.879,0.000,1.485,0.016
143.73,-11.867,-0.006,-1.487,-11.879,0.000,1.485,0.014
143.75,-11.867,-0.006,-1.487,-11.879,0.000,1.485,0.014
143.77,-11.867,-0.006,-1.487,-11.879,0.000,1.485,0.014
143.79,-11.869,-0.005,-1.485,-11.879,0.000,1.485,0.011
143.81,-11.869,-0.005,-1.485,-11.879,0.000,1.485,0.011
143.83,-11.871,-0.004,-1.483,-11.879,0.000,1.485,0.009
143.85,-11.871,-0.004,-1.483,-11.879,0.000,1.485,0.009
143.87,-11.873,-0.004,-1.482,-11.879,0.000,1.485,0.008
143.89,-11.873,-0.004,-1.482,-11.879,0.000,1.485,0.008
143.92,-11.874,-0.003,-1.481,-11.879,0.000,1.485,0.007
143.94,-11.874,-0.003,-1.481,-11.879,0.000,1.485,0.007
143.96,-11.876,-0.002,-1.481,-11.879,0.000,1.485,0.006
143.98,-11.876,-0.002,-1.481,-11.879,0.000,1.485,0.006
144.00,-11.877,-0.001,-1.480,-11.879,0.000,1.485,0.005
144.02,-11.877,-0.001,-1.480,-11.879,0.000,1.485,0.005
144.04,-11.878,-0.001,-1.479,-11.879,0.000,1.485,0.005
144.06,-11.878,-0.001,-1.479,-11.879,0.000,1.485,0.005
144.08,-11.880,0.000,-1.479,-11.879,0.000,1.485,0.006
144.10,-11.880,0.000,-1.479,-11.879,0.000,1.485,0.006
144.12,-11.881,0.001,-1.478,-11.879,0.000,1.485,0.007
144.15,-11.881,0.001,-1.478,-11.879,0.000,1.485,0.007
144.17,-11.883,0.002,-1.478,-11.879,0.000,1.485,0.008
144.19,-11.883,0.002,-1.478,-11.879,0.000,1.485,0.008
144.21,-11.884,0.003,-1.478,-11.879,0.000,1.485,0.009
144.23,-11.884,0.003,-1.478,-11.879,0.000,1.485,0.009
144.25,-11.884,0.003,-1.478,-11.879,0.000,1.485,0.009
144.27,-11.885,0.005,-1.478,-11.879,0.000,1.485,0.010
144.29,-11.885,0.005,-1.478,-11.879,0.000,1.485,0.010
144.31,-11.885,0.006,-1.478,-11.879,0.000,1.485,0.011
144.33,-11.885,0.006,-1.478,-11.879,0.000,1.485,0.011
144.35,-11.885,0.007,-1.477,-11.879,0.000,1.485,0.012
144.37,-11.885,0.007,-1.477,-11.879,0.000,1.485,0.012
144.39,-11.885,0.008,-1.477,-11.879,0.000,1.485,0.013
144.42,-11.885,0.008,-1.477,-11.879,0.000,1.485,0.013
144.44,-11.885,0.009,-1.477,-11.879,0.000,1.485,0.013
144.46,-11.885,0.009,-1.477,-11.879,0.000,1.485,0.013
144.48,-11.885,0.010,-1.477,-11.879,0.000,1.485,0.014
144.50,-11.885,0.010,-1.477,-11.879,0.000,1.485,0.014
144.52,-11.885,0.011,-1.476,-11.879,0.000,1.485,0.015
144.54,-11.885,0.011,-1.476,-11.879,0.000,1.485,0.015
144.56,-11.884,0.012,-1.476,-11.879,0.000,1.485,0.015
144.58,-11.884,0.012,-1.476,-11.879,0.000,1.485,0.015
144.60,-11.884,0.013,-1.476,-11.879,0.000,1.485,0.016
144.62,-11.884,0.013,-1.476,-11.879,0.000,1.485,0.016
144.64,-11.883,0.014,-1.476,-11.879,0.000,1.485,0.017
144.67,-11.883,0.014,-1.476,-11.879,0.000,1.485,0.017
144.69,-11.882,0.015,-1.476,-11.879,0.000,1.485,0.018
144.71,-11.882,0.015,-1.476,-11.879,0.000,1.485,0.018
144.73,-11.882,0.016,-1.475,-11.879,0.000,1.485,0.018
144.75,-11.882,0.016,-1.475,-11.879,0.000,1.485,0.018
144.77,-11.882,0.016,-1.475,-11.879,0.000,1.485,0.018
144.79,-11.881,0.017,-1.475,-11.879,0.000,1.485,0.020
144.81,-11.881,0.017,-1.475,-11.879,0.000,1.485,0.020
144.83,-11.880,0.018,-1.475,-11.879,0.000,1.485,0.021
144.85,-11.880,0.018,-1.475,-11.879,0.000,1.485,0.021
144.87,-11.879,0.019,-1.474,-11.879,0.000,1.485,0.022
144.89,-11.879,0.019,-1.474,-11.879,0.000,1.485,0.022
144.91,-11.879,0.020,-1.474,-11.879,0.000,1.485,0.023
144.94,-11.879,0.020,-1.474,-11.879,0.000,1.485,0.023
144.96,-11.879,0.020,-1.473,-11.879,0.000,1.485,0.023
144.98,-11.879,0.020,-1.473,-11.879,0.000,1.485,0.023
145.00,-11.879,0.021,-1.473,-11.879,0.000,1.485,0.024
145.02,-11.879,0.021,-1.473,-11.879,0.000,1.485,0.024
145.04,-11.879,0.021,-1.473,-11.879,0.000,1.485,0.024
145.06,-11.879,0.021,-1.473,-11.879,0.000,1.485,0.024
145.08,-11.879,0.021,-1.472,-11.879,0.000,1.485,0.024
145.10,-11.879,0.021,-1.472,-11.879,0.000,1.485,0.024
145.12,-11.879,0.021,-1.472,-11.879,0.000,1.485,0.024
145.14,-11.879,0.021,-1.472,-11.879,0.000,1.485,0.024
145.16,-11.879,0.020,-1.472,-11.879,0.000,1.485,0.024
145.19,-11.879,0.020,-1.472,-11.879,0.000,1.485,0.024
145.21,-11.879,0.019,-1.471,-11.879,0.000,1.485,0.024
145.23,-11.879,0.019,-1.471,-11.879,0.000,1.485,0.024
145.25,-11.879,0.019,-1.471,-11.879,0.000,1.485,0.024
145.27,-11.880,0.018,-1.471,-11.879,0.000,1.485,0.023
145.29,-11.880,0.018,-1.471,-11.879,0.000,1.485,0.023
145.31,-11.880,0.017,-1.471,-11.879,0.000,1.485,0.022
145.33,-11.880,0.017,-1.471,-11.879,0.000,1.485,0.022
145.35,-11.880,0.016,-1.470,-11.879,0.000,1.485,0.022
145.37,-11.880,0.016,-1.470,-11.879,0.000,1.485,0.022
145.39,-11.880,0.015,-1.470,-11.879,0.000,1.485,0.021
145.41,-11.880,0.015,-1.470,-11.879,0.000,1.485,0.021
145.44,-11.880,0.014,-1.469,-11.879,0.000,1.485,0.021
145.46,-11.880,0.014,-1.469,-11.879,0.000,1.485,0.021
145.48,-11.880,0.013,-1.469,-11.879,0.000,1.485,0.020
145.50,-11.880,0.013,-1.469,-11.879,0.000,1.485,0.020
145.52,-11.880,0.012,-1.468,-11.879,0.000,1.485,0.020
145.54,-11.880,0.012,-1.468,-11.879,0.000,1.485,0.020
145.56,-11.880,0.011,-1.468,-11.879,0.000,1.485,0.020
145.58,-11.880,0.011,-1.468,-11.879,0.000,1.485,0.020
145.60,-11.879,0.010,-1.467,-11.879,0.000,1.485,0.020
145.62,-11.879,0.010,-1.467,-11.879,0.000,1.485,0.020
145.64,-11.879,0.009,-1.467,-11.879,0.000,1.485,0.020
145.66,-11.879,0.009,-1.467,-11.879,0.000,1.485,0.020
145.69,-11.878,0.009,-1.467,-11.879,0.000,1.485,0.020
145.71,-11.878,0.009,-1.467,-11.879,0.000,1.485,0.020
145.73,-11.877,0.008,-1.466,-11.879,0.000,1.485,0.020
145.75,-11.877,0.008,-1.466,-11.879,0.000,1.485,0.020
145.77,-11.877,0.008,-1.466,-11.879,0.000,1.485,0.020
145.79,-11.876,0.008,-1.466,-11.879,0.000,1.485,0.020
145.81,-11.876,0.008,-1.466,-11.879,0.000,1.485,0.020
145.83,-11.875,0.008,-1.466,-11.879,0.000,1.485,0.021
145.85,-11.875,0.008,-1.466,-11.879,0.000,1.485,0.021
145.87,-11.874,0.007,-1.466,-11.879,0.000,1.485,0.021
145.89,-11.874,0.007,-1.466,-11.879,0.000,1.485,0.021
145.91,-11.873,0.007,-1.466,-11.879,0.000,1.485,0.021
145.93,-11.873,0.007,-1.466,-11.879,0.000,1.485,0.021
145.95,-11.872,0.007,-1.466,-11.879,0.000,1.485,0.021
145.98,-11.872,0.007,-1.466,-11.879,0.000,1.485,0.021
146.00,-11.871,0.008,-1.466,-11.879,0.000,1.485,0.021
146.02,-11.871,0.008,-1.466,-11.879,0.000,1.485,0.021
146.04,-11.871,0.008,-1.466,-11.879,0.000,1.485,0.022
146.06,-11.871,0.008,-1.466,-11.879,0.000,1.485,0.022
146.08,-11.870,0.008,-1.466,-11.879,0.000,1.485,0.022
146.10,-11.870,0.008,-1.466,-11.879,0.000,1.485,0.022
146.12,-11.869,0.009,-1.467,-11.879,0.000,1.485,0.022
146.14,-11.869,0.009,-1.467,-11.879,0.000,1.485,0.022
146.16,-11.869,0.009,-1.467,-11.879,0.000,1.485,0.023
146.18,-11.869,0.009,-1.467,-11.879,0.000,1.485,0.023
146.20,-11.868,0.010,-1.467,-11.879,0.000,1.485,0.023
146.23,-11.868,0.010,-1.467,-11.879,0.000,1.485,0.023
146.25,-11.868,0.011,-1.467,-11.879,0.000,1.485,0.023
146.27,-11.868,0.011,-1.467,-11.879,0.000,1.485,0.023
146.29,-11.868,0.011,-1.467,-11.879,0.000,1.485,0.023
146.31,-11.868,0.012,-1.467,-11.879,0.000,1.485,0.024
146.33,-11.868,0.012,-1.467,-11.879,0.000,1.485,0.024
146.35,-11.868,0.013,-1.467,-11.879,0.000,1.485,0.024
146.37,-11.868,0.013,-1.467,-11.879,0.000,1.485,0.024
146.39,-11.867,0.014,-1.468,-11.879,0.000,1.485,0.025
146.41,-11.867,0.014,-1.468,-11.879,0.000,1.485,0.025
146.43,-11.867,0.015,-1.468,-11.879,0.000,1.485,0.026
146.45,-11.867,0.015,-1.468,-11.879,0.000,1.485,0.026
146.47,-11.866,0.015,-1.468,-11.879,0.000,1.485,0.026
146.49,-11.866,0.015,-1.468,-11.879,0.000,1.485,0.026
146.52,-11.866,0.016,-1.468,-11.879,0.000,1.485,0.026
146.54,-11.866,0.016,-1.468,-11.879,0.000,1.485,0.026
146.56,-11.865,0.016,-1.469,-11.879,0.000,1.485,0.027
146.58,-11.865,0.016,-1.469,-11.879,0.000,1.485,0.027
146.60,-11.865,0.017,-1.469,-11.879,0.000,1.485,0.027
146.62,-11.865,0.017,-1.469,-11.879,0.000,1.485,0.027
146.64,-11.865,0.017,-1.470,-11.879,0.000,1.485,0.027
146.66,-11.865,0.017,-1.470,-11.879,0.000,1.485,0.027
146.68,-11.864,0.017,-1.470,-11.879,0.000,1.485,0.027
146.70,-11.864,0.017,-1.470,-11.879,0.000,1.485,0.027
146.72,-11.864,0.018,-1.471,-11.879,0.000,1.485,0.027
146.74,-11.864,0.018,-1.471,-11.879,0.000,1.485,0.027
146.76,-11.864,0.018,-1.471,-11.879,0.000,1.485,0.027
146.79,-11.864,0.018,-1.471,-11.879,0.000,1.485,0.027
146.81,-11.864,0.018,-1.471,-11.879,0.000,1.485,0.027
146.83,-11.864,0.018,-1.471,-11.879,0.000,1.485,0.027
146.85,-11.864,0.018,-1.471,-11.879,0.000,1.485,0.027
146.87,-11.864,0.017,-1.472,-11.879,0.000,1.485,0.027
146.89,-11.864,0.017,-1.472,-11.879,0.000,1.485,0.027
146.91,-11.863,0.017,-1.472,-11.879,0.000,1.485,0.026
146.93,-11.863,0.017,-1.472,-11.879,0.000,1.485,0.026
146.95,-11.863,0.017,-1.472,-11.879,0.000,1.485,0.026
146.97,-11.863,0.017,-1.472,-11.879,0.000,1.485,0.026
146.99,-11.864,0.016,-1.472,-11.879,0.000,1.485,0.025
147.01,-11.864,0.016,-1.472,-11.879,0.000,1.485,0.025
147.04,-11.864,0.016,-1.473,-11.879,0.000,1.485,0.025
147.06,-11.864,0.016,-1.473,-11.879,0.000,1.485,0.025
147.08,-11.864,0.015,-1.473,-11.879,0.000,1.485,0.024
147.10,-11.864,0.015,-1.473,-11.879,0.000,1.485,0.024
147.12,-11.864,0.014,-1.473,-11.879,0.000,1.485,0.024
147.14,-11.864,0.014,-1.473,-11.879,0.000,1.485,0.024
147.16,-11.864,0.013,-1.474,-11.879,0.000,1.485,0.023
147.18,-11.864,0.013,-1.474,-11.879,0.000,1.485,0.023
147.20,-11.865,0.013,-1.475,-11.879,0.000,1.485,0.022
147.22,-11.865,0.013,-1.475,-11.879,0.000,1.485,0.022
147.24,-11.865,0.012,-1.475,-11.879,0.000,1.485,0.021
147.26,-11.865,0.012,-1.475,-11.879,0.000,1.485,0.021
147.28,-11.865,0.012,-1.475,-11.879,0.000,1.485,0.021
147.31,-11.865,0.010,-1.476,-11.879,0.000,1.485,0.019
147.33,-11.865,0.010,-1.476,-11.879,0.000,1.485,0.019
147.35,-11.866,0.008,-1.477,-11.879,0.000,1.485,0.017
147.37,-11.866,0.008,-1.477,-11.879,0.000,1.485,0.017
147.39,-11.866,0.007,-1.478,-11.879,0.000,1.485,0.016
147.41,-11.866,0.007,-1.478,-11.879,0.000,1.485,0.016
147.43,-11.866,0.005,-1.479,-11.879,0.000,1.485,0.015
147.45,-11.866,0.005,-1.479,-11.879,0.000,1.485,0.015
147.47,-11.867,0.004,-1.480,-11.879,0.000,1.485,0.014
147.49,-11.867,0.004,-1.480,-11.879,0.000,1.485,0.014
147.51,-11.867,0.003,-1.481,-11.879,0.000,1.485,0.013
147.53,-11.867,0.003,-1.481,-11.879,0.000,1.485,0.013
147.55,-11.868,0.002,-1.482,-11.879,0.000,1.485,0.012
147.57,-11.868,0.002,-1.482,-11.879,0.000,1.485,0.012
147.60,-11.868,0.002,-1.483,-11.879,0.000,1.485,0.011
147.62,-11.868,0.002,-1.483,-11.879,0.000,1.485,0.011
147.64,-11.869,0.001,-1.484,-11.879,0.000,1.485,0.011
147.66,-11.869,0.001,-1.484,-11.879,0.000,1.485,0.011
147.68,-11.869,0.001,-1.485,-11.879,0.000,1.485,0.010
147.70,-11.869,0.001,-1.485,-11.879,0.000,1.485,0.010
147.72,-11.869,0.001,-1.486,-11.879,0.000,1.485,0.010
147.74,-11.869,0.001,-1.486,-11.879,0.000,1.485,0.010
147.76,-11.869,0.001,-1.486,-11.879,0.000,1.485,0.010
147.78,-11.870,0.001,-1.487,-11.879,0.000,1.485,0.009
147.80,-11.870,0.001,-1.487,-11.879,0.000,1.485,0.009
147.82,-11.870,0.001,-1.487,-11.879,0.000,1.485,0.009
147.85,-11.870,0.001,-1.487,-11.879,0.000,1.485,0.009
147.87,-11.871,0.001,-1.488,-11.879,0.000,1.485,0.009
147.89,-11.871,0.001,-1.488,-11.879,0.000,1.485,0.009
147.91,-11.872,0.000,-1.488,-11.879,0.000,1.485,0.008
147.93,-11.872,0.000,-1.488,-11.879,0.000,1.485,0.008
147.95,-11.872,0.000,-1.489,-11.879,0.000,1.485,0.008
147.97,-11.872,0.000,-1.489,-11.879,0.000,1.485,0.008
147.99,-11.873,0.000,-1.489,-11.879,0.000,1.485,0.007
148.01,-11.873,0.000,-1.489,-11.879,0.000,1.485,0.007
148.03,-11.875,-0.000,-1.489,-11.879,0.000,1.485,0.006
148.05,-11.875,-0.000,-1.489,-11.879,0.000,1.485,0.006
148.08,-11.876,-0.000,-1.489,-11.879,0.000,1.485,0.005
148.10,-11.876,-0.000,-1.489,-11.879,0.000,1.485,0.005
148.12,-11.878,-0.000,-1.490,-11.879,0.000,1.485,0.005
148.14,-11.878,-0.000,-1.490,-11.879,0.000,1.485,0.005
148.16,-11.879,-0.001,-1.490,-11.879,0.000,1.485,0.005
148.18,-11.879,-0.001,-1.490,-11.879,0.000,1.485,0.005
148.20,-11.881,-0.001,-1.490,-11.879,0.000,1.485,0.006
148.22,-11.881,-0.001,-1.490,-11.879,0.000,1.485,0.006
148.24,-11.883,-0.001,-1.491,-11.879,0.000,1.485,0.007
148.26,-11.883,-0.001,-1.491,-11.879,0.000,1.485,0.007
148.28,-11.883,-0.001,-1.491,-11.879,0.000,1.485,0.007
148.31,-11.886,-0.001,-1.491,-11.879,0.000,1.485,0.009
148.33,-11.886,-0.001,-1.491,-11.879,0.000,1.485,0.009
148.35,-11.887,-0.001,-1.491,-11.879,0.000,1.485,0.010
148.37,-11.887,-0.001,-1.491,-11.879,0.000,1.485,0.010
148.39,-11.888,-0.001,-1.492,-11.879,0.000,1.485,0.012
148.41,-11.888,-0.001,-1.492,-11.879,0.000,1.485,0.012
148.43,-11.890,-0.001,-1.492,-11.879,0.000,1.485,0.013
148.45,-11.890,-0.001,-1.492,-11.879,0.000,1.485,0.013
148.47,-11.891,-0.001,-1.492,-11.879,0.000,1.485,0.014
148.49,-11.891,-0.001,-1.492,-11.879,0.000,1.485,0.014
148.51,-11.891,-0.001,-1.492,-11.879,0.000,1.485,0.014
148.53,-11.891,-0.001,-1.492,-11.879,0.000,1.485,0.014
148.56,-11.891,-0.002,-1.492,-11.879,0.000,1.485,0.015
148.58,-11.891,-0.002,-1.492,-11.879,0.000,1.485,0.015
148.60,-11.891,-0.002,-1.492,-11.879,0.000,1.485,0.014
148.62,-11.891,-0.002,-1.492,-11.879,0.000,1.485,0.014
148.64,-11.891,-0.002,-1.492,-11.879,0.000,1.485,0.014
148.66,-11.891,-0.002,-1.492,-11.879,0.000,1.485,0.014
148.68,-11.890,-0.003,-1.491,-11.879,0.000,1.485,0.014
148.70,-11.890,-0.003,-1.491,-11.879,0.000,1.485,0.014
148.72,-11.890,-0.004,-1.491,-11.879,0.000,1.485,0.013
148.74,-11.890,-0.004,-1.491,-11.879,0.000,1.485,0.013
148.76,-11.889,-0.004,-1.490,-11.879,0.000,1.485,0.012
148.78,-11.889,-0.004,-1.490,-11.879,0.000,1.485,0.012
148.81,-11.889,-0.004,-1.490,-11.879,0.000,1.485,0.012
148.83,-11.887,-0.005,-1.488,-11.879,0.000,1.485,0.011
148.85,-11.887,-0.005,-1.488,-11.879,0.000,1.485,0.011
148.87,-11.886,-0.006,-1.488,-11.879,0.000,1.485,0.010
148.89,-11.886,-0.006,-1.488,-11.879,0.000,1.485,0.010
148.91,-11.885,-0.006,-1.487,-11.879,0.000,1.485,0.009
148.93,-11.885,-0.006,-1.487,-11.879,0.000,1.485,0.009
148.95,-11.884,-0.006,-1.486,-11.879,0.000,1.485,0.008
148.97,-11.884,-0.006,-1.486,-11.879,0.000,1.485,0.008
148.99,-11.883,-0.007,-1.485,-11.879,0.000,1.485,0.008
149.01,-11.883,-0.007,-1.485,-11.879,0.000,1.485,0.008
149.03,-11.882,-0.007,-1.484,-11.879,0.000,1.485,0.008
149.05,-11.882,-0.007,-1.484,-11.879,0.000,1.485,0.008
149.08,-11.881,-0.007,-1.484,-11.879,0.000,1.485,0.008
149.10,-11.881,-0.007,-1.484,-11.879,0.000,1.485,0.008
149.12,-11.881,-0.007,-1.483,-11.879,0.000,1.485,0.008
149.14,-11.881,-0.007,-1.483,-11.879,0.000,1.485,0.008
149.16,-11.880,-0.007,-1.483,-11.879,0.000,1.485,0.007
149.18,-11.880,-0.007,-1.483,-11.879,0.000,1.485,0.007
149.20,-11.879,-0.007,-1.483,-11.879,0.000,1.485,0.007
149.22,-11.879,-0.007,-1.483,-11.879,0.000,1.485,0.007
149.24,-11.879,-0.007,-1.483,-11.879,0.000,1.485,0.007
149.26,-11.879,-0.007,-1.483,-11.879,0.000,1.485,0.007
149.28,-11.879,-0.007,-1.483,-11.879,0.000,1.485,0.007
149.30,-11.878,-0.006,-1.484,-11.879,0.000,1.485,0.007
149.32,-11.878,-0.006,-1.484,-11.879,0.000,1.485,0.007
149.35,-11.877,-0.006,-1.484,-11.879,0.000,1.485,0.006
149.37,-11.877,-0.006,-1.484,-11.879,0.000,1.485,0.006
149.39,-11.877,-0.005,-1.485,-11.879,0.000,1.485,0.006
149.41,-11.877,-0.005,-1.485,-11.879,0.000,1.485,0.006
149.43,-11.876,-0.005,-1.485,-11.879,0.000,1.485,0.006
149.45,-11.876,-0.005,-1.485,-11.879,0.000,1.485,0.006
149.47,-11.876,-0.004,-1.486,-11.879,0.000,1.485,0.005
149.49,-11.876,-0.004,-1.486,-11.879,0.000,1.485,0.005
149.51,-11.876,-0.003,-1.487,-11.879,0.000,1.485,0.005
149.53,-11.876,-0.003,-1.487,-11.879,0.000,1.485,0.005
149.55,-11.876,-0.003,-1.487,-11.879,0.000,1.485,0.005
149.57,-11.876,-0.003,-1.487,-11.879,0.000,1.485,0.005
149.60,-11.876,-0.003,-1.488,-11.879,0.000,1.485,0.005
149.62,-11.876,-0.003,-1.488,-11.879,0.000,1.485,0.005
149.64,-11.876,-0.003,-1.488,-11.879,0.000,1.485,0.006
149.66,-11.876,-0.003,-1.488,-11.879,0.000,1.485,0.006
149.68,-11.876,-0.003,-1.489,-11.879,0.000,1.485,0.006
149.70,-11.876,-0.003,-1.489,-11.879,0.000,1.485,0.006
149.72,-11.876,-0.003,-1.490,-11.879,0.000,1.485,0.007
149.74,-11.876,-0.003,-1.490,-11.879,0.000,1.485,0.007
149.76,-11.876,-0.003,-1.491,-11.879,0.000,1.485,0.007
149.78,-11.876,-0.003,-1.491,-11.879,0.000,1.485,0.007
149.80,-11.876,-0.003,-1.491,-11.879,0.000,1.485,0.007
149.82,-11.877,-0.003,-1.492,-11.879,0.000,1.485,0.008
149.85,-11.877,-0.003,-1.492,-11.879,0.000,1.485,0.008
149.87,-11.877,-0.003,-1.493,-11.879,0.000,1.485,0.009
149.89,-11.877,-0.003,-1.493,-11.879,0.000,1.485,0.009
149.91,-11.878,-0.004,-1.493,-11.879,0.000,1.485,0.009
149.93,-11.878,-0.004,-1.493,-11.879,0.000,1.485,0.009
149.95,-11.879,-0.004,-1.494,-11.879,0.000,1.485,0.010
149.97,-11.879,-0.004,-1.494,-11.879,0.000,1.485,0.010
149.99,-11.879,-0.003,-1.494,-11.879,0.000,1.485,0.010