t,px,py,pz,ex,ey,ez,err
0.00,-0.037,-0.032,-0.013,-5.353,-0.021,0.675,5.357
0.02,-0.037,-0.032,-0.013,-5.353,-0.021,0.675,5.358
0.04,-0.037,-0.032,-0.013,-5.353,-0.021,0.675,5.358
0.06,-0.036,-0.032,-0.013,-5.354,-0.021,0.675,5.359
0.08,-0.036,-0.032,-0.013,-5.354,-0.021,0.675,5.359
0.11,-0.036,-0.032,-0.013,-5.354,-0.021,0.675,5.359
0.13,-0.036,-0.032,-0.013,-5.354,-0.021,0.675,5.359
0.15,-0.036,-0.032,-0.012,-5.355,-0.021,0.675,5.360
0.17,-0.036,-0.032,-0.012,-5.355,-0.021,0.675,5.360
0.19,-0.035,-0.033,-0.012,-5.355,-0.021,0.675,5.362
0.21,-0.035,-0.033,-0.012,-5.355,-0.021,0.675,5.362
0.23,-0.034,-0.034,-0.012,-5.355,-0.021,0.675,5.362
0.25,-0.034,-0.034,-0.012,-5.355,-0.021,0.675,5.362
0.27,-0.034,-0.034,-0.012,-5.357,-0.021,0.675,5.365
0.29,-0.034,-0.034,-0.012,-5.357,-0.021,0.675,5.365
0.31,-0.033,-0.035,-0.012,-5.357,-0.021,0.675,5.365
0.33,-0.033,-0.035,-0.012,-5.357,-0.021,0.675,5.365
0.36,-0.033,-0.035,-0.012,-5.357,-0.021,0.675,5.365
0.38,-0.033,-0.035,-0.012,-5.357,-0.021,0.675,5.365
0.40,-0.033,-0.036,-0.012,-5.358,-0.021,0.675,5.366
0.42,-0.033,-0.036,-0.012,-5.358,-0.021,0.675,5.366
0.44,-0.033,-0.036,-0.012,-5.358,-0.021,0.676,5.367
0.46,-0.033,-0.036,-0.012,-5.358,-0.021,0.676,5.367
0.48,-0.033,-0.037,-0.013,-5.397,-0.021,0.681,5.406
0.50,-0.033,-0.037,-0.013,-5.397,-0.021,0.681,5.406
0.52,-0.033,-0.037,-0.013,-5.438,-0.021,0.686,5.447
0.54,-0.033,-0.037,-0.013,-5.438,-0.021,0.686,5.447
0.56,-0.033,-0.037,-0.013,-5.438,-0.021,0.686,5.447
0.58,-0.034,-0.038,-0.013,-5.479,-0.021,0.692,5.487
0.61,-0.034,-0.038,-0.013,-5.479,-0.021,0.692,5.487
0.63,-0.035,-0.038,-0.013,-5.520,-0.021,0.697,5.528
0.65,-0.035,-0.038,-0.013,-5.520,-0.021,0.697,5.528
0.67,-0.035,-0.038,-0.014,-5.561,-0.021,0.703,5.569
0.69,-0.035,-0.038,-0.014,-5.561,-0.021,0.703,5.569
0.71,-0.036,-0.038,-0.014,-5.603,-0.020,0.708,5.610
0.73,-0.036,-0.038,-0.014,-5.603,-0.020,0.708,5.610
0.75,-0.037,-0.037,-0.014,-5.645,-0.020,0.714,5.652
0.77,-0.037,-0.037,-0.014,-5.645,-0.020,0.714,5.652
0.79,-0.037,-0.037,-0.015,-5.685,-0.020,0.719,5.692
0.81,-0.037,-0.037,-0.015,-5.685,-0.020,0.719,5.692
0.83,-0.038,-0.037,-0.015,-5.727,-0.020,0.725,5.734
0.85,-0.038,-0.037,-0.015,-5.727,-0.020,0.725,5.734
0.88,-0.038,-0.037,-0.016,-5.768,-0.020,0.730,5.774
0.90,-0.038,-0.037,-0.016,-5.768,-0.020,0.730,5.774
0.92,-0.038,-0.036,-0.016,-5.809,-0.020,0.735,5.815
0.94,-0.038,-0.036,-0.016,-5.809,-0.020,0.735,5.815
0.96,-0.039,-0.036,-0.016,-5.851,-0.020,0.740,5.857
0.98,-0.039,-0.036,-0.016,-5.851,-0.020,0.740,5.857
1.00,-0.039,-0.036,-0.017,-5.913,-0.019,0.748,5.919
1.02,-0.039,-0.036,-0.017,-5.913,-0.019,0.748,5.919
1.04,-0.039,-0.036,-0.017,-5.954,-0.019,0.753,5.961
1.06,-0.039,-0.036,-0.017,-5.954,-0.019,0.753,5.961
1.08,-0.039,-0.036,-0.017,-5.954,-0.019,0.753,5.961
1.10,-0.039,-0.036,-0.018,-5.995,-0.019,0.758,6.002
1.12,-0.039,-0.036,-0.018,-5.995,-0.019,0.758,6.002
1.14,-0.039,-0.035,-0.018,-6.037,-0.019,0.763,6.044
1.17,-0.039,-0.035,-0.018,-6.037,-0.019,0.763,6.044
1.19,-0.038,-0.035,-0.019,-6.077,-0.019,0.768,6.085
1.21,-0.038,-0.035,-0.019,-6.077,-0.019,0.768,6.085
1.23,-0.038,-0.034,-0.019,-6.118,-0.019,0.773,6.126
1.25,-0.038,-0.034,-0.019,-6.118,-0.019,0.773,6.126
1.27,-0.038,-0.033,-0.019,-6.160,-0.019,0.778,6.169
1.29,-0.038,-0.033,-0.019,-6.160,-0.019,0.778,6.169
1.31,-0.038,-0.033,-0.020,-6.201,-0.019,0.783,6.211
1.33,-0.038,-0.033,-0.020,-6.201,-0.019,0.783,6.211
1.35,-0.038,-0.032,-0.020,-6.243,-0.018,0.788,6.252
1.37,-0.038,-0.032,-0.020,-6.243,-0.018,0.788,6.252
1.39,-0.038,-0.031,-0.020,-6.283,-0.018,0.793,6.293
1.41,-0.038,-0.031,-0.020,-6.283,-0.018,0.793,6.293
1.44,-0.038,-0.029,-0.021,-6.324,-0.018,0.798,6.334
1.46,-0.038,-0.029,-0.021,-6.324,-0.018,0.798,6.334
1.48,-0.038,-0.028,-0.021,-6.366,-0.018,0.803,6.375
1.50,-0.038,-0.028,-0.021,-6.366,-0.018,0.803,6.375
1.52,-0.039,-0.027,-0.021,-6.428,-0.018,0.810,6.438
1.54,-0.039,-0.027,-0.021,-6.428,-0.018,0.810,6.438
1.56,-0.039,-0.027,-0.021,-6.428,-0.018,0.810,6.438
1.58,-0.039,-0.025,-0.020,-6.469,-0.018,0.815,6.478
1.60,-0.039,-0.025,-0.020,-6.469,-0.018,0.815,6.478
1.62,-0.040,-0.025,-0.020,-6.509,-0.018,0.819,6.519
1.64,-0.040,-0.025,-0.020,-6.509,-0.018,0.819,6.519
1.67,-0.041,-0.024,-0.020,-6.551,-0.017,0.824,6.560
1.69,-0.041,-0.024,-0.020,-6.551,-0.017,0.824,6.560
1.71,-0.041,-0.023,-0.019,-6.592,-0.017,0.829,6.601
1.73,-0.041,-0.023,-0.019,-6.592,-0.017,0.829,6.601
1.75,-0.042,-0.022,-0.019,-6.634,-0.017,0.834,6.642
1.77,-0.042,-0.022,-0.019,-6.634,-0.017,0.834,6.642
1.79,-0.042,-0.021,-0.018,-6.675,-0.017,0.838,6.683
1.81,-0.042,-0.021,-0.018,-6.675,-0.017,0.838,6.683
1.83,-0.042,-0.020,-0.018,-6.716,-0.017,0.843,6.725
1.85,-0.042,-0.020,-0.018,-6.716,-0.017,0.843,6.725
1.87,-0.042,-0.018,-0.017,-6.757,-0.017,0.848,6.766
1.89,-0.042,-0.018,-0.017,-6.757,-0.017,0.848,6.766
1.92,-0.042,-0.017,-0.017,-6.799,-0.017,0.852,6.808
1.94,-0.042,-0.017,-0.017,-6.799,-0.017,0.852,6.808
1.96,-0.042,-0.016,-0.016,-6.841,-0.017,0.857,6.850
1.98,-0.042,-0.016,-0.016,-6.841,-0.017,0.857,6.850
2.00,-0.042,-0.014,-0.015,-6.902,-0.016,0.864,6.913
2.02,-0.042,-0.014,-0.015,-6.902,-0.016,0.864,6.913
2.04,-0.042,-0.013,-0.015,-6.944,-0.016,0.869,6.955
2.06,-0.042,-0.013,-0.015,-6.944,-0.016,0.869,6.955
2.08,-0.042,-0.013,-0.015,-6.944,-0.016,0.869,6.955
2.10,-0.042,-0.012,-0.013,-6.985,-0.016,0.874,6.996
2.12,-0.042,-0.012,-0.013,-6.985,-0.016,0.874,6.996
2.14,-0.042,-0.011,-0.012,-7.027,-0.016,0.878,7.038
2.17,-0.042,-0.011,-0.012,-7.027,-0.016,0.878,7.038
2.19,-0.042,-0.010,-0.012,-7.068,-0.016,0.883,7.079
2.21,-0.042,-0.010,-0.012,-7.068,-0.016,0.883,7.079
2.23,-0.042,-0.010,-0.011,-7.109,-0.016,0.888,7.121
2.25,-0.042,-0.010,-0.011,-7.109,-0.016,0.888,7.121
2.27,-0.042,-0.009,-0.010,-7.150,-0.016,0.893,7.163
2.29,-0.042,-0.009,-0.010,-7.150,-0.016,0.893,7.163
2.31,-0.043,-0.008,-0.010,-7.193,-0.015,0.898,7.205
2.33,-0.043,-0.008,-0.010,-7.193,-0.015,0.898,7.205
2.35,-0.043,-0.008,-0.009,-7.233,-0.015,0.902,7.246
2.37,-0.043,-0.008,-0.009,-7.233,-0.015,0.902,7.246
2.40,-0.043,-0.007,-0.008,-7.275,-0.015,0.907,7.288
2.42,-0.043,-0.007,-0.008,-7.275,-0.015,0.907,7.288
2.44,-0.042,-0.006,-0.008,-7.317,-0.015,0.912,7.331
2.46,-0.042,-0.006,-0.008,-7.317,-0.015,0.912,7.331
2.48,-0.042,-0.005,-0.007,-7.357,-0.015,0.917,7.371
2.50,-0.042,-0.005,-0.007,-7.357,-0.015,0.917,7.371
2.52,-0.042,-0.005,-0.007,-7.419,-0.015,0.924,7.434
2.54,-0.042,-0.005,-0.007,-7.419,-0.015,0.924,7.434
2.56,-0.041,-0.004,-0.007,-7.460,-0.015,0.929,7.477
2.58,-0.041,-0.004,-0.007,-7.460,-0.015,0.929,7.477
2.60,-0.041,-0.004,-0.007,-7.460,-0.015,0.929,7.477
2.62,-0.039,-0.003,-0.007,-7.502,-0.014,0.934,7.520
2.65,-0.039,-0.003,-0.007,-7.502,-0.014,0.934,7.520
2.67,-0.038,-0.003,-0.007,-7.543,-0.014,0.939,7.563
2.69,-0.038,-0.003,-0.007,-7.543,-0.014,0.939,7.563
2.71,-0.037,-0.003,-0.007,-7.584,-0.014,0.944,7.605
2.73,-0.037,-0.003,-0.007,-7.584,-0.014,0.944,7.605
2.75,-0.035,-0.002,-0.007,-7.625,-0.014,0.948,7.648
2.77,-0.035,-0.002,-0.007,-7.625,-0.014,0.948,7.648
2.79,-0.034,-0.002,-0.007,-7.667,-0.014,0.954,7.692
2.81,-0.034,-0.002,-0.007,-7.667,-0.014,0.954,7.692
2.83,-0.033,-0.002,-0.007,-7.707,-0.014,0.958,7.733
2.85,-0.033,-0.002,-0.007,-7.707,-0.014,0.958,7.733
2.87,-0.031,-0.002,-0.007,-7.749,-0.014,0.963,7.776
2.89,-0.031,-0.002,-0.007,-7.749,-0.014,0.963,7.776
2.92,-0.030,-0.002,-0.007,-7.789,-0.014,0.968,7.818
2.94,-0.030,-0.002,-0.007,-7.789,-0.014,0.968,7.818
2.96,-0.029,-0.002,-0.008,-7.830,-0.013,0.973,7.860
2.98,-0.029,-0.002,-0.008,-7.830,-0.013,0.973,7.860
3.00,-0.029,-0.002,-0.008,-7.871,-0.013,0.979,7.902
3.02,-0.029,-0.002,-0.008,-7.871,-0.013,0.979,7.902
3.04,-0.029,-0.002,-0.009,-7.933,-0.013,0.986,7.965
3.06,-0.029,-0.002,-0.009,-7.933,-0.013,0.986,7.965
3.08,-0.029,-0.002,-0.009,-7.933,-0.013,0.986,7.965
3.10,-0.030,-0.003,-0.011,-7.974,-0.013,0.992,8.004
3.12,-0.030,-0.003,-0.011,-7.974,-0.013,0.992,8.004
3.14,-0.034,-0.004,-0.014,-8.016,-0.013,0.997,8.043
3.17,-0.034,-0.004,-0.014,-8.016,-0.013,0.997,8.043
3.19,-0.038,-0.005,-0.017,-8.057,-0.013,1.002,8.080
3.21,-0.038,-0.005,-0.017,-8.057,-0.013,1.002,8.080
3.23,-0.043,-0.006,-0.021,-8.098,-0.013,1.007,8.116
3.25,-0.043,-0.006,-0.021,-8.098,-0.013,1.007,8.116
3.27,-0.050,-0.007,-0.026,-8.140,-0.012,1.013,8.150
3.29,-0.050,-0.007,-0.026,-8.140,-0.012,1.013,8.150
3.31,-0.059,-0.009,-0.031,-8.180,-0.012,1.018,8.181
3.33,-0.059,-0.009,-0.031,-8.180,-0.012,1.018,8.181
3.35,-0.071,-0.011,-0.036,-8.221,-0.012,1.023,8.210
3.37,-0.071,-0.011,-0.036,-8.221,-0.012,1.023,8.210
3.39,-0.084,-0.013,-0.041,-8.263,-0.012,1.029,8.238
3.41,-0.084,-0.013,-0.041,-8.263,-0.012,1.029,8.238
3.43,-0.101,-0.015,-0.046,-8.306,-0.012,1.034,8.264
3.46,-0.101,-0.015,-0.046,-8.306,-0.012,1.034,8.264
3.48,-0.126,-0.019,-0.051,-8.347,-0.012,1.039,8.280
3.50,-0.126,-0.019,-0.051,-8.347,-0.012,1.039,8.280
3.52,-0.151,-0.023,-0.054,-8.411,-0.012,1.048,8.320
3.54,-0.151,-0.023,-0.054,-8.411,-0.012,1.048,8.320
3.56,-0.181,-0.027,-0.056,-8.452,-0.011,1.053,8.330
3.58,-0.181,-0.027,-0.056,-8.452,-0.011,1.053,8.330
3.60,-0.181,-0.027,-0.056,-8.452,-0.011,1.053,8.330
3.62,-0.241,-0.034,-0.057,-8.494,-0.011,1.058,8.314
3.64,-0.241,-0.034,-0.057,-8.494,-0.011,1.058,8.314
3.66,-0.294,-0.037,-0.056,-8.535,-0.011,1.064,8.303
3.69,-0.294,-0.037,-0.056,-8.535,-0.011,1.064,8.303
3.71,-0.345,-0.038,-0.055,-8.578,-0.011,1.070,8.296
3.73,-0.345,-0.038,-0.055,-8.578,-0.011,1.070,8.296
3.75,-0.399,-0.036,-0.052,-8.619,-0.011,1.075,8.284
3.77,-0.399,-0.036,-0.052,-8.619,-0.011,1.075,8.284
3.79,-0.457,-0.031,-0.046,-8.661,-0.011,1.080,8.269
3.81,-0.457,-0.031,-0.046,-8.661,-0.011,1.080,8.269
3.83,-0.518,-0.022,-0.036,-8.704,-0.011,1.086,8.254
3.85,-0.518,-0.022,-0.036,-8.704,-0.011,1.086,8.254
3.87,-0.579,-0.010,-0.019,-8.746,-0.011,1.091,8.236
3.89,-0.579,-0.010,-0.019,-8.746,-0.011,1.091,8.236
3.91,-0.601,-0.035,-0.085,-8.788,-0.010,1.097,8.249
3.94,-0.601,-0.035,-0.085,-8.788,-0.010,1.097,8.249
3.96,-0.609,-0.087,-0.202,-8.830,-0.010,1.102,8.270
3.98,-0.609,-0.087,-0.202,-8.830,-0.010,1.102,8.270
4.00,-0.611,-0.138,-0.295,-8.871,-0.010,1.108,8.301
4.02,-0.611,-0.138,-0.295,-8.871,-0.010,1.108,8.301
4.04,-0.606,-0.198,-0.384,-8.934,-0.010,1.116,8.363
4.06,-0.606,-0.198,-0.384,-8.934,-0.010,1.116,8.363
4.08,-0.606,-0.198,-0.384,-8.934,-0.010,1.116,8.363
4.10,-0.591,-0.304,-0.493,-8.976,-0.010,1.121,8.414
4.12,-0.591,-0.304,-0.493,-8.976,-0.010,1.121,8.414
4.14,-0.574,-0.376,-0.535,-9.019,-0.010,1.126,8.474
4.16,-0.574,-0.376,-0.535,-9.019,-0.010,1.126,8.474
4.18,-0.545,-0.472,-0.550,-9.060,-0.010,1.131,8.547
4.21,-0.545,-0.472,-0.550,-9.060,-0.010,1.131,8.547
4.23,-0.515,-0.558,-0.531,-9.101,-0.009,1.137,8.625
4.25,-0.515,-0.558,-0.531,-9.101,-0.009,1.137,8.625
4.27,-0.479,-0.652,-0.482,-9.143,-0.009,1.142,8.712
4.29,-0.479,-0.652,-0.482,-9.143,-0.009,1.142,8.712
4.31,-0.479,-0.652,-0.482,-9.143,-0.009,1.142,8.712
4.33,-0.413,-0.824,-0.337,-9.185,-0.009,1.147,8.848
4.35,-0.413,-0.824,-0.337,-9.185,-0.009,1.147,8.848
4.37,-0.413,-0.824,-0.337,-9.185,-0.009,1.147,8.848
4.39,-0.344,-1.008,-0.156,-9.225,-0.009,1.152,8.992
4.41,-0.344,-1.008,-0.156,-9.225,-0.009,1.152,8.992
4.43,-0.308,-1.155,-0.174,-9.265,-0.009,1.157,9.084
4.46,-0.308,-1.155,-0.174,-9.265,-0.009,1.157,9.084
4.48,-0.266,-1.348,-0.176,-9.306,-0.009,1.162,9.192
4.50,-0.266,-1.348,-0.176,-9.306,-0.009,1.162,9.192
4.52,-0.266,-1.348,-0.176,-9.306,-0.009,1.162,9.192
4.54,-0.212,-1.637,-0.157,-9.347,-0.009,1.168,9.334
4.56,-0.212,-1.637,-0.157,-9.347,-0.009,1.168,9.334
4.58,-0.212,-1.637,-0.157,-9.347,-0.009,1.168,9.334
4.60,-0.161,-1.917,-0.122,-9.406,-0.008,1.175,9.499
4.62,-0.161,-1.917,-0.122,-9.406,-0.008,1.175,9.499
4.64,-0.118,-2.132,-0.082,-9.446,-0.008,1.180,9.629
4.66,-0.118,-2.132,-0.082,-9.446,-0.008,1.180,9.629
4.68,-0.066,-2.356,-0.029,-9.485,-0.008,1.185,9.776
4.70,-0.066,-2.356,-0.029,-9.485,-0.008,1.185,9.776
4.73,0.020,-2.686,0.070,-9.525,-0.008,1.190,9.993
4.75,0.020,-2.686,0.070,-9.525,-0.008,1.190,9.993
4.77,0.098,-2.924,0.142,-9.564,-0.008,1.195,10.181
4.79,0.098,-2.924,0.142,-9.564,-0.008,1.195,10.181
4.81,0.148,-3.142,0.098,-9.623,-0.008,1.202,10.343
4.83,0.148,-3.142,0.098,-9.623,-0.008,1.202,10.343
4.85,0.114,-3.307,-0.222,-9.683,-0.008,1.210,10.384
4.87,0.114,-3.307,-0.222,-9.683,-0.008,1.210,10.384
4.89,0.085,-3.470,-0.532,-9.720,-0.008,1.214,10.421
4.91,0.085,-3.470,-0.532,-9.720,-0.008,1.214,10.421
4.93,0.058,-3.628,-0.831,-9.759,-0.007,1.219,10.471
4.95,0.058,-3.628,-0.831,-9.759,-0.007,1.219,10.471
4.98,0.031,-3.780,-1.115,-9.818,-0.007,1.226,10.547
5.00,0.031,-3.780,-1.115,-9.818,-0.007,1.226,10.547
5.02,0.031,-3.780,-1.115,-9.818,-0.007,1.226,10.547
5.04,-0.029,-3.989,-1.524,-9.877,-0.007,1.234,10.627
5.06,-0.029,-3.989,-1.524,-9.877,-0.007,1.234,10.627
5.08,-0.076,-4.103,-1.751,-9.917,-0.007,1.239,10.672
5.10,-0.076,-4.103,-1.751,-9.917,-0.007,1.239,10.672
5.12,-0.131,-4.208,-1.960,-9.958,-0.007,1.244,10.712
5.14,-0.131,-4.208,-1.960,-9.958,-0.007,1.244,10.712
5.16,-0.189,-4.303,-2.152,-9.998,-0.007,1.249,10.746
5.18,-0.189,-4.303,-2.152,-9.998,-0.007,1.249,10.746
5.20,-0.274,-4.419,-2.395,-10.040,-0.007,1.254,10.777
5.23,-0.274,-4.419,-2.395,-10.040,-0.007,1.254,10.777
5.25,-0.335,-4.492,-2.545,-10.083,-0.006,1.259,10.807
5.27,-0.335,-4.492,-2.545,-10.083,-0.006,1.259,10.807
5.29,-0.396,-4.561,-2.677,-10.080,-0.006,1.259,10.795
5.31,-0.396,-4.561,-2.677,-10.080,-0.006,1.259,10.795
5.33,-0.458,-4.627,-2.789,-10.123,-0.006,1.264,10.821
5.35,-0.458,-4.627,-2.789,-10.123,-0.006,1.264,10.821
5.37,-0.519,-4.693,-2.885,-10.166,-0.006,1.269,10.846
5.39,-0.519,-4.693,-2.885,-10.166,-0.006,1.269,10.846
5.41,-0.519,-4.693,-2.885,-10.166,-0.006,1.269,10.846
5.43,-0.604,-4.788,-2.994,-10.208,-0.006,1.275,10.865
5.45,-0.604,-4.788,-2.994,-10.208,-0.006,1.275,10.865
5.47,-0.604,-4.788,-2.994,-10.208,-0.006,1.275,10.865
5.50,-0.694,-4.898,-3.084,-10.272,-0.006,1.283,10.906
5.52,-0.694,-4.898,-3.084,-10.272,-0.006,1.283,10.906
5.54,-0.752,-4.980,-3.124,-10.314,-0.006,1.288,10.934
5.56,-0.752,-4.980,-3.124,-10.314,-0.006,1.288,10.934
5.58,-0.797,-5.048,-3.138,-10.357,-0.006,1.293,10.964
5.60,-0.797,-5.048,-3.138,-10.357,-0.006,1.293,10.964
5.62,-0.841,-5.116,-3.134,-10.399,-0.005,1.298,10.993
5.64,-0.841,-5.116,-3.134,-10.399,-0.005,1.298,10.993
5.66,-0.883,-5.186,-3.114,-10.441,-0.005,1.303,11.021
5.68,-0.883,-5.186,-3.114,-10.441,-0.005,1.303,11.021
5.70,-0.923,-5.259,-3.079,-10.482,-0.005,1.309,11.051
5.72,-0.923,-5.259,-3.079,-10.482,-0.005,1.309,11.051
5.74,-0.966,-5.356,-3.013,-10.522,-0.005,1.314,11.084
5.76,-0.966,-5.356,-3.013,-10.522,-0.005,1.314,11.084
5.79,-0.996,-5.447,-2.939,-10.562,-0.005,1.318,11.124
5.81,-0.996,-5.447,-2.939,-10.562,-0.005,1.318,11.124
5.83,-1.021,-5.550,-2.845,-10.601,-0.005,1.323,11.173
5.85,-1.021,-5.550,-2.845,-10.601,-0.005,1.323,11.173
5.87,-1.043,-5.663,-2.731,-10.659,-0.005,1.331,11.245
5.89,-1.043,-5.663,-2.731,-10.659,-0.005,1.331,11.245
5.91,-1.043,-5.663,-2.731,-10.659,-0.005,1.331,11.245
5.93,-1.070,-5.857,-2.513,-10.714,-0.004,1.337,11.342
5.95,-1.070,-5.857,-2.513,-10.714,-0.004,1.337,11.342
5.97,-1.085,-5.986,-2.358,-10.751,-0.004,1.342,11.413
5.99,-1.085,-5.986,-2.358,-10.751,-0.004,1.342,11.413
6.01,-1.098,-6.118,-2.193,-10.786,-0.004,1.347,11.487
6.04,-1.098,-6.118,-2.193,-10.786,-0.004,1.347,11.487
6.06,-1.104,-6.278,-1.985,-10.820,-0.004,1.351,11.583
6.08,-1.104,-6.278,-1.985,-10.820,-0.004,1.351,11.583
6.10,-1.102,-6.412,-1.805,-10.854,-0.004,1.355,11.677
6.12,-1.102,-6.412,-1.805,-10.854,-0.004,1.355,11.677
6.14,-1.091,-6.546,-1.617,-10.886,-0.004,1.359,11.782
6.16,-1.091,-6.546,-1.617,-10.886,-0.004,1.359,11.782
6.18,-1.069,-6.674,-1.422,-10.918,-0.004,1.363,11.896
6.20,-1.069,-6.674,-1.422,-10.918,-0.004,1.363,11.896
6.22,-1.033,-6.795,-1.219,-10.948,-0.004,1.367,12.019
6.24,-1.033,-6.795,-1.219,-10.948,-0.004,1.367,12.019
6.26,-0.972,-6.924,-0.969,-10.978,-0.004,1.371,12.173
6.29,-0.972,-6.924,-0.969,-10.978,-0.004,1.371,12.173
6.31,-0.907,-7.018,-0.753,-10.968,-0.004,1.369,12.281
6.33,-0.907,-7.018,-0.753,-10.968,-0.004,1.369,12.281
6.35,-0.832,-7.101,-0.535,-11.009,-0.003,1.375,12.436
6.37,-0.832,-7.101,-0.535,-11.009,-0.003,1.375,12.436
6.39,-0.745,-7.180,-0.318,-11.036,-0.003,1.378,12.591
6.41,-0.745,-7.180,-0.318,-11.036,-0.003,1.378,12.591
6.43,-0.745,-7.180,-0.318,-11.036,-0.003,1.378,12.591
6.45,-0.573,-7.312,0.024,-11.060,-0.003,1.381,12.859
6.47,-0.573,-7.312,0.024,-11.060,-0.003,1.381,12.859
6.49,-0.573,-7.312,0.024,-11.060,-0.003,1.381,12.859
6.51,-0.382,-7.444,0.314,-11.084,-0.003,1.384,13.145
6.53,-0.382,-7.444,0.314,-11.084,-0.003,1.384,13.145
6.56,-0.382,-7.444,0.314,-11.084,-0.003,1.384,13.145
6.58,-0.071,-7.638,0.672,-11.106,-0.003,1.387,13.576
6.60,-0.071,-7.638,0.672,-11.106,-0.003,1.387,13.576
6.62,0.131,-7.747,0.866,-11.128,-0.003,1.390,13.850
6.64,0.131,-7.747,0.866,-11.128,-0.003,1.390,13.850
6.66,0.351,-7.853,1.059,-11.147,-0.003,1.392,14.137
6.68,0.351,-7.853,1.059,-11.147,-0.003,1.392,14.137
6.70,0.692,-8.011,1.245,-11.166,-0.003,1.395,14.550
6.72,0.692,-8.011,1.245,-11.166,-0.003,1.395,14.550
6.74,1.079,-8.175,1.432,-11.184,-0.003,1.397,15.006
6.76,1.079,-8.175,1.432,-11.184,-0.003,1.397,15.006
6.78,1.558,-8.352,1.674,-11.200,-0.003,1.399,15.553
6.81,1.558,-8.352,1.674,-11.200,-0.003,1.399,15.553
6.83,1.558,-8.352,1.674,-11.200,-0.003,1.399,15.553
6.85,2.036,-8.888,2.084,-11.214,-0.003,1.401,16.330
6.87,2.036,-8.888,2.084,-11.214,-0.003,1.401,16.330
6.89,2.036,-8.888,2.084,-11.214,-0.003,1.401,16.330
6.91,2.293,-9.256,2.459,-11.228,-0.003,1.403,16.833
6.93,2.293,-9.256,2.459,-11.228,-0.003,1.403,16.833
6.95,2.386,-9.440,2.730,-11.245,-0.003,1.405,17.088
6.97,2.386,-9.440,2.730,-11.245,-0.003,1.405,17.088
6.99,2.439,-9.507,2.955,-11.261,-0.003,1.407,17.235
7.01,2.439,-9.507,2.955,-11.261,-0.003,1.407,17.235
7.03,2.473,-9.440,3.112,-11.275,-0.002,1.409,17.277
7.05,2.473,-9.440,3.112,-11.275,-0.002,1.409,17.277
7.08,2.490,-9.260,3.215,-11.283,-0.002,1.410,17.227
7.10,2.490,-9.260,3.215,-11.283,-0.002,1.410,17.227
7.12,2.488,-8.924,3.287,-11.290,-0.002,1.411,17.073
7.14,2.488,-8.924,3.287,-11.290,-0.002,1.411,17.073
7.16,2.445,-8.591,3.319,-11.297,-0.002,1.411,16.882
7.18,2.445,-8.591,3.319,-11.297,-0.002,1.411,16.882
7.20,2.375,-8.313,3.171,-11.303,-0.002,1.412,16.648
7.22,2.375,-8.313,3.171,-11.303,-0.002,1.412,16.648
7.24,2.285,-8.030,3.013,-11.310,-0.002,1.413,16.396
7.26,2.285,-8.030,3.013,-11.310,-0.002,1.413,16.396
7.28,2.181,-7.773,2.849,-11.318,-0.002,1.414,16.149
7.30,2.181,-7.773,2.849,-11.318,-0.002,1.414,16.149
7.32,2.002,-7.447,2.628,-11.327,-0.002,1.415,15.794
7.35,2.002,-7.447,2.628,-11.327,-0.002,1.415,15.794
7.37,2.002,-7.447,2.628,-11.327,-0.002,1.415,15.794
7.39,1.866,-7.143,2.408,-11.333,-0.002,1.416,15.486
7.41,1.866,-7.143,2.408,-11.333,-0.002,1.416,15.486
7.43,1.812,-6.939,2.259,-11.339,-0.002,1.417,15.316
7.45,1.812,-6.939,2.259,-11.339,-0.002,1.417,15.316
7.47,1.784,-6.756,2.122,-11.345,-0.002,1.418,15.183
7.49,1.784,-6.756,2.122,-11.345,-0.002,1.418,15.183
7.51,1.766,-6.586,1.981,-11.352,-0.002,1.419,15.067
7.53,1.766,-6.586,1.981,-11.352,-0.002,1.419,15.067
7.55,1.761,-6.428,1.842,-11.360,-0.002,1.420,14.970
7.57,1.761,-6.428,1.842,-11.360,-0.002,1.420,14.970
7.60,1.770,-6.277,1.710,-11.368,-0.002,1.421,14.893
7.62,1.770,-6.277,1.710,-11.368,-0.002,1.421,14.893
7.64,1.793,-6.101,1.555,-11.377,-0.002,1.422,14.816
7.66,1.793,-6.101,1.555,-11.377,-0.002,1.422,14.816
7.68,1.815,-5.962,1.431,-11.386,-0.002,1.423,14.763
7.70,1.815,-5.962,1.431,-11.386,-0.002,1.423,14.763
7.72,1.827,-5.832,1.313,-11.396,-0.002,1.424,14.709
7.74,1.827,-5.832,1.313,-11.396,-0.002,1.424,14.709
7.76,1.816,-5.698,1.197,-11.407,-0.002,1.426,14.635
7.78,1.816,-5.698,1.197,-11.407,-0.002,1.426,14.635
7.80,1.787,-5.561,1.087,-11.426,-0.002,1.428,14.553
7.82,1.787,-5.561,1.087,-11.426,-0.002,1.428,14.553
7.84,1.787,-5.561,1.087,-11.426,-0.002,1.428,14.553
7.87,1.726,-5.288,0.906,-11.438,-0.002,1.430,14.376
7.89,1.726,-5.288,0.906,-11.438,-0.002,1.430,14.376
7.91,1.677,-5.126,0.817,-11.452,-0.002,1.431,14.271
7.93,1.677,-5.126,0.817,-11.452,-0.002,1.431,14.271
7.95,1.622,-4.953,0.737,-11.467,-0.002,1.433,14.161
7.97,1.622,-4.953,0.737,-11.467,-0.002,1.433,14.161
7.99,1.558,-4.783,0.666,-11.482,-0.002,1.435,14.047
8.01,1.558,-4.783,0.666,-11.482,-0.002,1.435,14.047
8.03,1.476,-4.616,0.603,-11.498,-0.002,1.437,13.921
8.05,1.476,-4.616,0.603,-11.498,-0.002,1.437,13.921
8.07,1.388,-4.448,0.548,-11.516,-0.002,1.439,13.792
8.09,1.388,-4.448,0.548,-11.516,-0.002,1.439,13.792
8.12,1.290,-4.287,0.501,-11.533,-0.002,1.442,13.659
8.14,1.290,-4.287,0.501,-11.533,-0.002,1.442,13.659
8.16,1.161,-4.106,0.453,-11.550,-0.002,1.444,13.491
8.18,1.161,-4.106,0.453,-11.550,-0.002,1.444,13.491
8.20,1.048,-3.967,0.418,-11.569,-0.001,1.446,13.356
8.22,1.048,-3.967,0.418,-11.569,-0.001,1.446,13.356
8.24,0.938,-3.829,0.389,-11.588,-0.001,1.449,13.226
8.26,0.938,-3.829,0.389,-11.588,-0.001,1.449,13.226
8.28,0.827,-3.689,0.364,-11.615,-0.001,1.452,13.104
8.30,0.827,-3.689,0.364,-11.615,-0.001,1.452,13.104
8.32,0.719,-3.560,0.343,-11.635,-0.001,1.454,12.981
8.34,0.719,-3.560,0.343,-11.635,-0.001,1.454,12.981
8.37,0.719,-3.560,0.343,-11.635,-0.001,1.454,12.981
8.39,0.532,-3.389,0.310,-11.654,-0.001,1.457,12.771
8.41,0.532,-3.389,0.310,-11.654,-0.001,1.457,12.771
8.43,0.475,-3.252,0.297,-11.673,-0.001,1.459,12.698
8.45,0.475,-3.252,0.297,-11.673,-0.001,1.459,12.698
8.47,0.383,-3.083,0.289,-11.692,-0.001,1.462,12.584
8.49,0.383,-3.083,0.289,-11.692,-0.001,1.462,12.584
8.51,0.301,-2.923,0.283,-11.711,-0.001,1.464,12.485
8.53,0.301,-2.923,0.283,-11.711,-0.001,1.464,12.485
8.55,0.225,-2.768,0.279,-11.729,-0.001,1.466,12.394
8.57,0.225,-2.768,0.279,-11.729,-0.001,1.466,12.394
8.60,0.146,-2.634,0.276,-11.747,-0.001,1.469,12.306
8.62,0.146,-2.634,0.276,-11.747,-0.001,1.469,12.306
8.64,0.054,-2.512,0.272,-11.764,-0.001,1.471,12.208
8.66,0.054,-2.512,0.272,-11.764,-0.001,1.471,12.208
8.68,-0.018,-2.429,0.268,-11.781,-0.001,1.473,12.136
8.70,-0.018,-2.429,0.268,-11.781,-0.001,1.473,12.136
8.72,-0.093,-2.352,0.265,-11.797,-0.001,1.475,12.065
8.74,-0.093,-2.352,0.265,-11.797,-0.001,1.475,12.065
8.76,-0.170,-2.267,0.264,-11.813,-0.001,1.477,11.988
8.78,-0.170,-2.267,0.264,-11.813,-0.001,1.477,11.988
8.80,-0.238,-2.180,0.264,-11.834,-0.001,1.479,11.927
8.82,-0.238,-2.180,0.264,-11.834,-0.001,1.479,11.927
8.84,-0.238,-2.180,0.264,-11.834,-0.001,1.479,11.927
8.87,-0.381,-2.049,0.263,-11.847,-0.001,1.481,11.778
8.89,-0.381,-2.049,0.263,-11.847,-0.001,1.481,11.778
8.91,-0.463,-1.997,0.263,-11.859,-0.000,1.483,11.701
8.93,-0.463,-1.997,0.263,-11.859,-0.000,1.483,11.701
8.95,-0.542,-1.947,0.264,-11.870,-0.000,1.484,11.626
8.97,-0.542,-1.947,0.264,-11.870,-0.000,1.484,11.626
8.99,-0.616,-1.899,0.266,-11.880,-0.000,1.485,11.556
9.01,-0.616,-1.899,0.266,-11.880,-0.000,1.485,11.556
9.03,-0.673,-1.851,0.269,-11.889,-0.000,1.486,11.502
9.05,-0.673,-1.851,0.269,-11.889,-0.000,1.486,11.502
9.07,-0.731,-1.808,0.273,-11.897,-0.000,1.487,11.447
9.09,-0.731,-1.808,0.273,-11.897,-0.000,1.487,11.447
9.12,-0.779,-1.783,0.278,-11.899,-0.000,1.487,11.399
9.14,-0.779,-1.783,0.278,-11.899,-0.000,1.487,11.399
9.16,-0.846,-1.764,0.283,-11.899,-0.000,1.487,11.332
9.18,-0.846,-1.764,0.283,-11.899,-0.000,1.487,11.332
9.20,-0.907,-1.745,0.287,-11.899,-0.000,1.487,11.270
9.22,-0.907,-1.745,0.287,-11.899,-0.000,1.487,11.270
9.24,-0.974,-1.730,0.292,-11.899,-0.000,1.487,11.203
9.26,-0.974,-1.730,0.292,-11.899,-0.000,1.487,11.203
9.28,-1.036,-1.716,0.296,-11.899,-0.000,1.487,11.141
9.30,-1.036,-1.716,0.296,-11.899,-0.000,1.487,11.141
9.32,-1.090,-1.699,0.302,-11.899,-0.000,1.487,11.087
9.34,-1.090,-1.699,0.302,-11.899,-0.000,1.487,11.087
9.36,-1.090,-1.699,0.302,-11.899,-0.000,1.487,11.087
9.39,-1.116,-1.700,0.313,-11.899,-0.000,1.487,11.063
9.41,-1.116,-1.700,0.313,-11.899,-0.000,1.487,11.063
9.43,-1.105,-1.718,0.319,-11.899,-0.000,1.487,11.078
9.45,-1.105,-1.718,0.319,-11.899,-0.000,1.487,11.078
9.47,-1.105,-1.751,0.325,-11.899,-0.000,1.487,11.084
9.49,-1.105,-1.751,0.325,-11.899,-0.000,1.487,11.084
9.51,-1.123,-1.796,0.329,-11.899,-0.000,1.487,11.074
9.53,-1.123,-1.796,0.329,-11.899,-0.000,1.487,11.074
9.55,-1.162,-1.852,0.334,-11.899,-0.000,1.487,11.047
9.57,-1.162,-1.852,0.334,-11.899,-0.000,1.487,11.047
9.59,-1.226,-1.915,0.338,-11.899,-0.000,1.487,10.996
9.61,-1.226,-1.915,0.338,-11.899,-0.000,1.487,10.996
9.63,-1.318,-1.981,0.341,-11.899,-0.000,1.487,10.919
9.66,-1.318,-1.981,0.341,-11.899,-0.000,1.487,10.919
9.68,-1.455,-2.047,0.345,-11.899,-0.000,1.487,10.799
9.70,-1.455,-2.047,0.345,-11.899,-0.000,1.487,10.799
9.72,-1.582,-2.075,0.349,-11.899,-0.000,1.487,10.682
9.74,-1.582,-2.075,0.349,-11.899,-0.000,1.487,10.682
9.76,-1.711,-2.068,0.353,-11.899,-0.000,1.487,10.558
9.78,-1.711,-2.068,0.353,-11.899,-0.000,1.487,10.558
9.80,-1.825,-2.031,0.358,-11.899,-0.000,1.487,10.441
9.82,-1.825,-2.031,0.358,-11.899,-0.000,1.487,10.441
9.84,-1.944,-1.978,0.363,-11.899,-0.000,1.487,10.316
9.86,-1.944,-1.978,0.363,-11.899,-0.000,1.487,10.316
9.88,-1.944,-1.978,0.363,-11.899,-0.000,1.487,10.316
9.91,-2.160,-1.859,0.372,-11.899,-0.000,1.487,10.087
9.93,-2.160,-1.859,0.372,-11.899,-0.000,1.487,10.087
9.95,-2.256,-1.788,0.376,-11.899,-0.000,1.487,9.983
9.97,-2.256,-1.788,0.376,-11.899,-0.000,1.487,9.983
9.99,-2.331,-1.726,0.381,-11.899,-0.000,1.487,9.900
10.01,-2.331,-1.726,0.381,-11.899,-0.000,1.487,9.900
10.03,-2.385,-1.679,0.385,-11.899,-0.000,1.487,9.841
10.05,-2.385,-1.679,0.385,-11.899,-0.000,1.487,9.841
10.07,-2.414,-1.649,0.389,-11.899,-0.000,1.487,9.808
10.09,-2.414,-1.649,0.389,-11.899,-0.000,1.487,9.808
10.11,-2.419,-1.636,0.391,-11.899,-0.000,1.487,9.802
10.13,-2.419,-1.636,0.391,-11.899,-0.000,1.487,9.802
10.15,-2.418,-1.621,0.393,-11.899,-0.000,1.487,9.800
10.18,-2.418,-1.621,0.393,-11.899,-0.000,1.487,9.800
10.20,-2.398,-1.602,0.395,-11.899,-0.000,1.487,9.817
10.22,-2.398,-1.602,0.395,-11.899,-0.000,1.487,9.817
10.24,-2.369,-1.582,0.398,-11.899,-0.000,1.487,9.842
10.26,-2.369,-1.582,0.398,-11.899,-0.000,1.487,9.842
10.28,-2.328,-1.561,0.399,-11.899,-0.000,1.487,9.879
10.30,-2.328,-1.561,0.399,-11.899,-0.000,1.487,9.879
10.32,-2.276,-1.541,0.401,-11.899,-0.000,1.487,9.927
10.34,-2.276,-1.541,0.401,-11.899,-0.000,1.487,9.927
10.36,-2.276,-1.541,0.401,-11.899,-0.000,1.487,9.927
10.38,-2.199,-1.518,0.404,-11.899,-0.000,1.487,9.998
10.40,-2.199,-1.518,0.404,-11.899,-0.000,1.487,9.998
10.42,-2.144,-1.528,0.405,-11.899,-0.000,1.487,10.053
10.45,-2.144,-1.528,0.405,-11.899,-0.000,1.487,10.053
10.47,-2.100,-1.551,0.406,-11.899,-0.000,1.487,10.100
10.49,-2.100,-1.551,0.406,-11.899,-0.000,1.487,10.100
10.51,-2.067,-1.575,0.407,-11.899,-0.000,1.487,10.135
10.53,-2.067,-1.575,0.407,-11.899,-0.000,1.487,10.135
10.55,-2.021,-1.608,0.407,-11.899,-0.000,1.487,10.185
10.57,-2.021,-1.608,0.407,-11.899,-0.000,1.487,10.185
10.59,-1.965,-1.655,0.408,-11.899,-0.000,1.487,10.248
10.61,-1.965,-1.655,0.408,-11.899,-0.000,1.487,10.248
10.63,-1.916,-1.715,0.408,-11.899,-0.000,1.487,10.304
10.65,-1.916,-1.715,0.408,-11.899,-0.000,1.487,10.304
10.67,-1.865,-1.777,0.408,-11.899,-0.000,1.487,10.365
10.70,-1.865,-1.777,0.408,-11.899,-0.000,1.487,10.365
10.72,-1.808,-1.827,0.408,-11.899,-0.000,1.487,10.429
10.74,-1.808,-1.827,0.408,-11.899,-0.000,1.487,10.429
10.76,-1.740,-1.856,0.409,-11.899,-0.000,1.487,10.499
10.78,-1.740,-1.856,0.409,-11.899,-0.000,1.487,10.499
10.80,-1.682,-1.860,0.409,-11.899,-0.000,1.487,10.556
10.82,-1.682,-1.860,0.409,-11.899,-0.000,1.487,10.556
10.84,-1.627,-1.855,0.410,-11.899,-0.000,1.487,10.608
10.86,-1.627,-1.855,0.410,-11.899,-0.000,1.487,10.608
10.88,-1.627,-1.855,0.410,-11.899,-0.000,1.487,10.608
10.90,-1.532,-1.862,0.410,-11.899,-0.000,1.487,10.702
10.92,-1.532,-1.862,0.410,-11.899,-0.000,1.487,10.702
10.94,-1.467,-1.882,0.410,-11.899,-0.000,1.487,10.769
10.97,-1.467,-1.882,0.410,-11.899,-0.000,1.487,10.769
10.99,-1.363,-1.925,0.411,-11.899,-0.000,1.487,10.877
11.01,-1.363,-1.925,0.411,-11.899,-0.000,1.487,10.877
11.03,-1.280,-1.954,0.411,-11.899,-0.000,1.487,10.963
11.05,-1.280,-1.954,0.411,-11.899,-0.000,1.487,10.963
11.07,-1.195,-1.984,0.411,-11.899,-0.000,1.487,11.050
11.09,-1.195,-1.984,0.411,-11.899,-0.000,1.487,11.050
11.11,-1.119,-1.995,0.411,-11.899,-0.000,1.487,11.126
11.13,-1.119,-1.995,0.411,-11.899,-0.000,1.487,11.126
11.15,-1.041,-2.005,0.411,-11.899,-0.000,1.487,11.203
11.17,-1.041,-2.005,0.411,-11.899,-0.000,1.487,11.203
11.20,-0.972,-2.017,0.411,-11.899,-0.000,1.487,11.273
11.22,-0.972,-2.017,0.411,-11.899,-0.000,1.487,11.273
11.24,-0.890,-2.047,0.411,-11.899,-0.000,1.487,11.357
11.26,-0.890,-2.047,0.411,-11.899,-0.000,1.487,11.357
11.28,-0.814,-2.065,0.411,-11.899,-0.000,1.487,11.434
11.30,-0.814,-2.065,0.411,-11.899,-0.000,1.487,11.434
11.32,-0.734,-2.072,0.411,-11.899,-0.000,1.487,11.513
11.34,-0.734,-2.072,0.411,-11.899,-0.000,1.487,11.513
11.36,-0.734,-2.072,0.411,-11.899,-0.000,1.487,11.513
11.38,-0.599,-2.071,0.412,-11.899,-0.000,1.487,11.644
11.40,-0.599,-2.071,0.412,-11.899,-0.000,1.487,11.644
11.42,-0.523,-2.079,0.412,-11.899,-0.000,1.487,11.719
11.45,-0.523,-2.079,0.412,-11.899,-0.000,1.487,11.719
11.47,-0.483,-2.079,0.412,-11.899,-0.000,1.487,11.758
11.49,-0.483,-2.079,0.412,-11.899,-0.000,1.487,11.758
11.51,-0.440,-2.086,0.412,-11.899,-0.000,1.487,11.801
11.53,-0.440,-2.086,0.412,-11.899,-0.000,1.487,11.801
11.55,-0.401,-2.097,0.412,-11.899,-0.000,1.487,11.840
11.57,-0.401,-2.097,0.412,-11.899,-0.000,1.487,11.840
11.59,-0.354,-2.108,0.412,-11.899,-0.000,1.487,11.888
11.61,-0.354,-2.108,0.412,-11.899,-0.000,1.487,11.888
11.63,-0.296,-2.125,0.412,-11.899,-0.000,1.487,11.947
11.65,-0.296,-2.125,0.412,-11.899,-0.000,1.487,11.947
11.67,-0.238,-2.129,0.412,-11.899,-0.000,1.487,12.004
11.69,-0.238,-2.129,0.412,-11.899,-0.000,1.487,12.004
11.71,-0.186,-2.120,0.412,-11.899,-0.000,1.487,12.053
11.74,-0.186,-2.120,0.412,-11.899,-0.000,1.487,12.053
11.76,-0.149,-2.098,0.411,-11.899,-0.000,1.487,12.086
11.78,-0.149,-2.098,0.411,-11.899,-0.000,1.487,12.086
11.80,-0.134,-2.070,0.411,-11.899,-0.000,1.487,12.096
11.82,-0.134,-2.070,0.411,-11.899,-0.000,1.487,12.096
11.84,-0.140,-2.045,0.410,-11.899,-0.000,1.487,12.085
11.86,-0.140,-2.045,0.410,-11.899,-0.000,1.487,12.085
11.88,-0.140,-2.045,0.410,-11.899,-0.000,1.487,12.085
11.90,-0.184,-2.022,0.409,-11.899,-0.000,1.487,12.038
11.92,-0.184,-2.022,0.409,-11.899,-0.000,1.487,12.038
11.94,-0.207,-2.023,0.409,-11.899,-0.000,1.487,12.016
11.96,-0.207,-2.023,0.409,-11.899,-0.000,1.487,12.016
11.99,-0.219,-2.039,0.408,-11.899,-0.000,1.487,12.007
12.01,-0.219,-2.039,0.408,-11.899,-0.000,1.487,12.007
12.03,-0.209,-2.048,0.408,-11.899,-0.000,1.487,12.018
12.05,-0.209,-2.048,0.408,-11.899,-0.000,1.487,12.018
12.07,-0.193,-2.049,0.408,-11.899,-0.000,1.487,12.033
12.09,-0.193,-2.049,0.408,-11.899,-0.000,1.487,12.033
12.11,-0.194,-2.036,0.407,-11.899,-0.000,1.487,12.031
12.13,-0.194,-2.036,0.407,-11.899,-0.000,1.487,12.031
12.15,-0.213,-2.017,0.407,-11.899,-0.000,1.487,12.009
12.17,-0.213,-2.017,0.407,-11.899,-0.000,1.487,12.009
12.19,-0.255,-1.996,0.407,-11.899,-0.000,1.487,11.965
12.21,-0.255,-1.996,0.407,-11.899,-0.000,1.487,11.965
12.23,-0.307,-1.961,0.406,-11.899,-0.000,1.487,11.908
12.26,-0.307,-1.961,0.406,-11.899,-0.000,1.487,11.908
12.28,-0.386,-1.906,0.406,-11.899,-0.000,1.487,11.823
12.30,-0.386,-1.906,0.406,-11.899,-0.000,1.487,11.823
12.32,-0.463,-1.880,0.405,-11.899,-0.000,1.487,11.742
12.34,-0.463,-1.880,0.405,-11.899,-0.000,1.487,11.742
12.36,-0.539,-1.860,0.405,-11.899,-0.000,1.487,11.666
12.38,-0.539,-1.860,0.405,-11.899,-0.000,1.487,11.666
12.40,-0.539,-1.860,0.405,-11.899,-0.000,1.487,11.666
12.42,-0.637,-1.813,0.404,-11.899,-0.000,1.487,11.562
12.44,-0.637,-1.813,0.404,-11.899,-0.000,1.487,11.562
12.46,-0.707,-1.768,0.403,-11.899,-0.000,1.487,11.487
12.49,-0.707,-1.768,0.403,-11.899,-0.000,1.487,11.487
12.51,-0.778,-1.735,0.403,-11.899,-0.000,1.487,11.412
12.53,-0.778,-1.735,0.403,-11.899,-0.000,1.487,11.412
12.55,-0.851,-1.699,0.402,-11.899,-0.000,1.487,11.336
12.57,-0.851,-1.699,0.402,-11.899,-0.000,1.487,11.336
12.59,-0.907,-1.667,0.402,-11.899,-0.000,1.487,11.277
12.61,-0.907,-1.667,0.402,-11.899,-0.000,1.487,11.277
12.63,-0.952,-1.638,0.401,-11.899,-0.000,1.487,11.229
12.65,-0.952,-1.638,0.401,-11.899,-0.000,1.487,11.229
12.67,-0.993,-1.593,0.400,-11.899,-0.000,1.487,11.182
12.69,-0.993,-1.593,0.400,-11.899,-0.000,1.487,11.182
12.71,-1.029,-1.534,0.399,-11.899,-0.000,1.487,11.138
12.73,-1.029,-1.534,0.399,-11.899,-0.000,1.487,11.138
12.76,-1.054,-1.484,0.399,-11.899,-0.000,1.487,11.107
12.78,-1.054,-1.484,0.399,-11.899,-0.000,1.487,11.107
12.80,-1.090,-1.417,0.398,-11.899,-0.000,1.487,11.063
12.82,-1.090,-1.417,0.398,-11.899,-0.000,1.487,11.063
12.84,-1.131,-1.351,0.397,-11.899,-0.000,1.487,11.014
12.86,-1.131,-1.351,0.397,-11.899,-0.000,1.487,11.014
12.88,-1.131,-1.351,0.397,-11.899,-0.000,1.487,11.014
12.90,-1.220,-1.237,0.396,-11.899,-0.000,1.487,10.914
12.92,-1.220,-1.237,0.396,-11.899,-0.000,1.487,10.914
12.94,-1.295,-1.165,0.395,-11.899,-0.000,1.487,10.832
12.96,-1.295,-1.165,0.395,-11.899,-0.000,1.487,10.832
12.98,-1.410,-1.082,0.394,-11.899,-0.000,1.487,10.711
13.00,-1.410,-1.082,0.394,-11.899,-0.000,1.487,10.711
13.03,-1.519,-1.017,0.394,-11.899,-0.000,1.487,10.598
13.05,-1.519,-1.017,0.394,-11.899,-0.000,1.487,10.598
13.07,-1.642,-0.960,0.393,-11.899,-0.000,1.487,10.472
13.09,-1.642,-0.960,0.393,-11.899,-0.000,1.487,10.472
13.11,-1.779,-0.912,0.393,-11.899,-0.000,1.487,10.333
13.13,-1.779,-0.912,0.393,-11.899,-0.000,1.487,10.333
13.15,-1.929,-0.875,0.392,-11.899,-0.000,1.487,10.183
13.17,-1.929,-0.875,0.392,-11.899,-0.000,1.487,10.183
13.19,-2.089,-0.848,0.392,-11.899,-0.000,1.487,10.024
13.21,-2.089,-0.848,0.392,-11.899,-0.000,1.487,10.024
13.23,-2.257,-0.824,0.391,-11.899,-0.000,1.487,9.858
13.25,-2.257,-0.824,0.391,-11.899,-0.000,1.487,9.858
13.28,-2.435,-0.799,0.391,-11.899,-0.000,1.487,9.681
13.30,-2.435,-0.799,0.391,-11.899,-0.000,1.487,9.681
13.32,-2.659,-0.762,0.390,-11.899,-0.000,1.487,9.460
13.34,-2.659,-0.762,0.390,-11.899,-0.000,1.487,9.460
13.36,-2.844,-0.710,0.390,-11.899,-0.000,1.487,9.275
13.38,-2.844,-0.710,0.390,-11.899,-0.000,1.487,9.275
13.40,-2.844,-0.710,0.390,-11.899,-0.000,1.487,9.275
13.42,-3.102,-0.571,0.390,-11.899,-0.000,1.487,9.013
13.44,-3.102,-0.571,0.390,-11.899,-0.000,1.487,9.013
13.46,-3.231,-0.453,0.390,-11.899,-0.000,1.487,8.881
13.48,-3.231,-0.453,0.390,-11.899,-0.000,1.487,8.881
13.51,-3.344,-0.297,0.390,-11.899,-0.000,1.487,8.764
13.53,-3.344,-0.297,0.390,-11.899,-0.000,1.487,8.764
13.55,-3.402,-0.151,0.389,-11.899,-0.000,1.487,8.703
13.57,-3.402,-0.151,0.389,-11.899,-0.000,1.487,8.703
13.59,-3.449,-0.003,0.388,-11.899,-0.000,1.487,8.655
13.61,-3.449,-0.003,0.388,-11.899,-0.000,1.487,8.655
13.63,-3.492,0.136,0.387,-11.899,-0.000,1.487,8.614
13.65,-3.492,0.136,0.387,-11.899,-0.000,1.487,8.614
13.67,-3.521,0.251,0.385,-11.899,-0.000,1.487,8.589
13.69,-3.521,0.251,0.385,-11.899,-0.000,1.487,8.589
13.71,-3.528,0.367,0.383,-11.899,-0.000,1.487,8.586
13.73,-3.528,0.367,0.383,-11.899,-0.000,1.487,8.586
13.76,-3.514,0.485,0.381,-11.899,-0.000,1.487,8.604
13.78,-3.514,0.485,0.381,-11.899,-0.000,1.487,8.604
13.80,-3.498,0.620,0.379,-11.899,-0.000,1.487,8.628
13.82,-3.498,0.620,0.379,-11.899,-0.000,1.487,8.628
13.84,-3.479,0.746,0.377,-11.899,-0.000,1.487,8.656
13.86,-3.479,0.746,0.377,-11.899,-0.000,1.487,8.656
13.88,-3.479,0.746,0.377,-11.899,-0.000,1.487,8.656
13.90,-3.456,0.926,0.373,-11.899,-0.000,1.487,8.695
13.92,-3.456,0.926,0.373,-11.899,-0.000,1.487,8.695
13.94,-3.449,1.010,0.371,-11.899,-0.000,1.487,8.710
13.96,-3.449,1.010,0.371,-11.899,-0.000,1.487,8.710
13.98,-3.450,1.079,0.369,-11.899,-0.000,1.487,8.717
14.00,-3.450,1.079,0.369,-11.899,-0.000,1.487,8.717
14.02,-3.449,1.160,0.367,-11.899,-0.000,1.487,8.729
14.05,-3.449,1.160,0.367,-11.899,-0.000,1.487,8.729
14.07,-3.438,1.236,0.365,-11.899,-0.000,1.487,8.749
14.09,-3.438,1.236,0.365,-11.899,-0.000,1.487,8.749
14.11,-3.431,1.324,0.363,-11.899,-0.000,1.487,8.768
14.13,-3.431,1.324,0.363,-11.899,-0.000,1.487,8.768
14.15,-3.431,1.415,0.361,-11.899,-0.000,1.487,8.782
14.17,-3.431,1.415,0.361,-11.899,-0.000,1.487,8.782
14.19,-3.436,1.519,0.359,-11.899,-0.000,1.487,8.795
14.21,-3.436,1.519,0.359,-11.899,-0.000,1.487,8.795
14.23,-3.434,1.618,0.357,-11.899,-0.000,1.487,8.813
14.25,-3.434,1.618,0.357,-11.899,-0.000,1.487,8.813
14.28,-3.420,1.712,0.356,-11.899,-0.000,1.487,8.844
14.30,-3.420,1.712,0.356,-11.899,-0.000,1.487,8.844
14.32,-3.386,1.806,0.354,-11.899,-0.000,1.487,8.896
14.34,-3.386,1.806,0.354,-11.899,-0.000,1.487,8.896
14.36,-3.346,1.870,0.352,-11.899,-0.000,1.487,8.946
14.38,-3.346,1.870,0.352,-11.899,-0.000,1.487,8.946
14.40,-3.346,1.870,0.352,-11.899,-0.000,1.487,8.946
14.42,-3.270,1.946,0.349,-11.899,-0.000,1.487,9.034
14.44,-3.270,1.946,0.349,-11.899,-0.000,1.487,9.034
14.46,-3.211,1.985,0.347,-11.899,-0.000,1.487,9.099
14.48,-3.211,1.985,0.347,-11.899,-0.000,1.487,9.099
14.50,-3.140,2.013,0.345,-11.899,-0.000,1.487,9.172
14.52,-3.140,2.013,0.345,-11.899,-0.000,1.487,9.172
14.55,-3.036,2.031,0.343,-11.899,-0.000,1.487,9.275
14.57,-3.036,2.031,0.343,-11.899,-0.000,1.487,9.275
14.59,-2.948,2.034,0.341,-11.899,-0.000,1.487,9.360
14.61,-2.948,2.034,0.341,-11.899,-0.000,1.487,9.360
14.63,-2.858,2.031,0.339,-11.899,-0.000,1.487,9.444
14.65,-2.858,2.031,0.339,-11.899,-0.000,1.487,9.444
14.67,-2.764,2.033,0.337,-11.899,-0.000,1.487,9.534
14.69,-2.764,2.033,0.337,-11.899,-0.000,1.487,9.534
14.71,-2.665,2.032,0.336,-11.899,-0.000,1.487,9.629
14.73,-2.665,2.032,0.336,-11.899,-0.000,1.487,9.629
14.75,-2.576,2.040,0.334,-11.899,-0.000,1.487,9.716
14.77,-2.576,2.040,0.334,-11.899,-0.000,1.487,9.716
14.80,-2.501,2.068,0.332,-11.899,-0.000,1.487,9.794
14.82,-2.501,2.068,0.332,-11.899,-0.000,1.487,9.794
14.84,-2.413,2.124,0.331,-11.899,-0.000,1.487,9.890
14.86,-2.413,2.124,0.331,-11.899,-0.000,1.487,9.890
14.88,-2.337,2.201,0.329,-11.899,-0.000,1.487,9.978
14.90,-2.337,2.201,0.329,-11.899,-0.000,1.487,9.978
14.92,-2.337,2.201,0.329,-11.899,-0.000,1.487,9.978
14.94,-2.240,2.335,0.327,-11.899,-0.000,1.487,10.102
14.96,-2.240,2.335,0.327,-11.899,-0.000,1.487,10.102
14.98,-2.200,2.419,0.325,-11.899,-0.000,1.487,10.159
15.00,-2.200,2.419,0.325,-11.899,-0.000,1.487,10.159
15.02,-2.147,2.510,0.324,-11.899,-0.000,1.487,10.231
15.05,-2.147,2.510,0.324,-11.899,-0.000,1.487,10.231
15.07,-2.095,2.559,0.322,-11.899,-0.000,1.487,10.293
15.09,-2.095,2.559,0.322,-11.899,-0.000,1.487,10.293
15.11,-2.040,2.598,0.321,-11.899,-0.000,1.487,10.355
15.13,-2.040,2.598,0.321,-11.899,-0.000,1.487,10.355
15.15,-1.991,2.633,0.319,-11.899,-0.000,1.487,10.409
15.17,-1.991,2.633,0.319,-11.899,-0.000,1.487,10.409
15.19,-1.953,2.652,0.316,-11.899,-0.000,1.487,10.450
15.21,-1.953,2.652,0.316,-11.899,-0.000,1.487,10.450
15.23,-1.928,2.657,0.315,-11.899,-0.000,1.487,10.475
15.25,-1.928,2.657,0.315,-11.899,-0.000,1.487,10.475
15.27,-1.912,2.644,0.312,-11.899,-0.000,1.487,10.486
15.30,-1.912,2.644,0.312,-11.899,-0.000,1.487,10.486
15.32,-1.893,2.608,0.310,-11.899,-0.000,1.487,10.495
15.34,-1.893,2.608,0.310,-11.899,-0.000,1.487,10.495
15.36,-1.854,2.586,0.308,-11.899,-0.000,1.487,10.527
15.38,-1.854,2.586,0.308,-11.899,-0.000,1.487,10.527
15.40,-1.854,2.586,0.308,-11.899,-0.000,1.487,10.527
15.42,-1.759,2.562,0.305,-11.899,-0.000,1.487,10.611
15.44,-1.759,2.562,0.305,-11.899,-0.000,1.487,10.611
15.46,-1.710,2.556,0.303,-11.899,-0.000,1.487,10.656
15.48,-1.710,2.556,0.303,-11.899,-0.000,1.487,10.656
15.50,-1.669,2.567,0.301,-11.899,-0.000,1.487,10.698
15.52,-1.669,2.567,0.301,-11.899,-0.000,1.487,10.698
15.55,-1.622,2.587,0.300,-11.899,-0.000,1.487,10.747
15.57,-1.622,2.587,0.300,-11.899,-0.000,1.487,10.747
15.59,-1.599,2.593,0.298,-11.899,-0.000,1.487,10.770
15.61,-1.599,2.593,0.298,-11.899,-0.000,1.487,10.770
15.63,-1.559,2.597,0.297,-11.899,-0.000,1.487,10.810
15.65,-1.559,2.597,0.297,-11.899,-0.000,1.487,10.810
15.67,-1.502,2.601,0.295,-11.899,-0.000,1.487,10.864
15.69,-1.502,2.601,0.295,-11.899,-0.000,1.487,10.864
15.71,-1.433,2.608,0.294,-11.899,-0.000,1.487,10.932
15.73,-1.433,2.608,0.294,-11.899,-0.000,1.487,10.932
15.75,-1.366,2.612,0.293,-11.899,-0.000,1.487,10.997
15.77,-1.366,2.612,0.293,-11.899,-0.000,1.487,10.997
15.79,-1.310,2.608,0.291,-11.899,-0.000,1.487,11.050
15.81,-1.310,2.608,0.291,-11.899,-0.000,1.487,11.050
15.84,-1.246,2.596,0.290,-11.899,-0.000,1.487,11.108
15.86,-1.246,2.596,0.290,-11.899,-0.000,1.487,11.108
15.88,-1.192,2.579,0.289,-11.899,-0.000,1.487,11.156
15.90,-1.192,2.579,0.289,-11.899,-0.000,1.487,11.156
15.92,-1.192,2.579,0.289,-11.899,-0.000,1.487,11.156
15.94,-1.134,2.558,0.287,-11.899,-0.000,1.487,11.206
15.96,-1.134,2.558,0.287,-11.899,-0.000,1.487,11.206
15.98,-1.103,2.549,0.286,-11.899,-0.000,1.487,11.234
16.00,-1.103,2.549,0.286,-11.899,-0.000,1.487,11.234
16.02,-1.076,2.554,0.285,-11.899,-0.000,1.487,11.261
16.04,-1.076,2.554,0.285,-11.899,-0.000,1.487,11.261
16.06,-1.053,2.577,0.284,-11.899,-0.000,1.487,11.288
16.09,-1.053,2.577,0.284,-11.899,-0.000,1.487,11.288
16.11,-1.009,2.603,0.283,-11.899,-0.000,1.487,11.336
16.13,-1.009,2.603,0.283,-11.899,-0.000,1.487,11.336
16.15,-0.958,2.619,0.282,-11.899,-0.000,1.487,11.388
16.17,-0.958,2.619,0.282,-11.899,-0.000,1.487,11.388
16.19,-0.892,2.625,0.282,-11.899,-0.000,1.487,11.453
16.21,-0.892,2.625,0.282,-11.899,-0.000,1.487,11.453
16.23,-0.824,2.632,0.281,-11.899,-0.000,1.487,11.520
16.25,-0.824,2.632,0.281,-11.899,-0.000,1.487,11.520
16.27,-0.760,2.647,0.281,-11.899,-0.000,1.487,11.585
16.29,-0.760,2.647,0.281,-11.899,-0.000,1.487,11.585
16.31,-0.693,2.665,0.280,-11.899,-0.000,1.487,11.653
16.33,-0.693,2.665,0.280,-11.899,-0.000,1.487,11.653
16.36,-0.617,2.677,0.279,-11.899,-0.000,1.487,11.729
16.38,-0.617,2.677,0.279,-11.899,-0.000,1.487,11.729
16.40,-0.533,2.683,0.279,-11.899,-0.000,1.487,11.811
16.42,-0.533,2.683,0.279,-11.899,-0.000,1.487,11.811
16.44,-0.533,2.683,0.279,-11.899,-0.000,1.487,11.811
16.46,-0.437,2.644,0.277,-11.899,-0.000,1.487,11.894
16.48,-0.437,2.644,0.277,-11.899,-0.000,1.487,11.894
16.50,-0.387,2.612,0.277,-11.899,-0.000,1.487,11.935
16.52,-0.387,2.612,0.277,-11.899,-0.000,1.487,11.935
16.54,-0.366,2.573,0.276,-11.899,-0.000,1.487,11.947
16.56,-0.366,2.573,0.276,-11.899,-0.000,1.487,11.947
16.58,-0.368,2.532,0.275,-11.899,-0.000,1.487,11.936
16.60,-0.368,2.532,0.275,-11.899,-0.000,1.487,11.936
16.63,-0.370,2.494,0.273,-11.899,-0.000,1.487,11.926
16.65,-0.370,2.494,0.273,-11.899,-0.000,1.487,11.926
16.67,-0.374,2.466,0.272,-11.899,-0.000,1.487,11.916
16.69,-0.374,2.466,0.272,-11.899,-0.000,1.487,11.916
16.71,-0.373,2.427,0.271,-11.899,-0.000,1.487,11.909
16.73,-0.373,2.427,0.271,-11.899,-0.000,1.487,11.909
16.75,-0.358,2.382,0.270,-11.899,-0.000,1.487,11.914
16.77,-0.358,2.382,0.270,-11.899,-0.000,1.487,11.914
16.79,-0.326,2.329,0.268,-11.899,-0.000,1.487,11.935
16.81,-0.326,2.329,0.268,-11.899,-0.000,1.487,11.935
16.83,-0.286,2.276,0.266,-11.899,-0.000,1.487,11.963
16.85,-0.286,2.276,0.266,-11.899,-0.000,1.487,11.963
16.88,-0.244,2.222,0.266,-11.899,-0.000,1.487,11.994
16.90,-0.244,2.222,0.266,-11.899,-0.000,1.487,11.994
16.92,-0.244,2.222,0.266,-11.899,-0.000,1.487,11.994
16.94,-0.157,2.138,0.264,-11.899,-0.000,1.487,12.063
16.96,-0.157,2.138,0.264,-11.899,-0.000,1.487,12.063
16.98,-0.111,2.099,0.263,-11.899,-0.000,1.487,12.100
17.00,-0.111,2.099,0.263,-11.899,-0.000,1.487,12.100
17.02,-0.071,2.049,0.262,-11.899,-0.000,1.487,12.131
17.04,-0.071,2.049,0.262,-11.899,-0.000,1.487,12.131
17.06,-0.028,1.998,0.261,-11.899,-0.000,1.487,12.165
17.08,-0.028,1.998,0.261,-11.899,-0.000,1.487,12.165
17.10,-0.010,1.944,0.261,-11.899,-0.000,1.487,12.173
17.12,-0.010,1.944,0.261,-11.899,-0.000,1.487,12.173
17.15,0.004,1.871,0.260,-11.899,-0.000,1.487,12.175
17.17,0.004,1.871,0.260,-11.899,-0.000,1.487,12.175
17.19,0.016,1.818,0.260,-11.899,-0.000,1.487,12.179
17.21,0.016,1.818,0.260,-11.899,-0.000,1.487,12.179
17.23,0.040,1.759,0.260,-11.899,-0.000,1.487,12.193
17.25,0.040,1.759,0.260,-11.899,-0.000,1.487,12.193
17.27,0.073,1.700,0.259,-11.899,-0.000,1.487,12.217
17.29,0.073,1.700,0.259,-11.899,-0.000,1.487,12.217
17.31,0.113,1.654,0.259,-11.899,-0.000,1.487,12.250
17.33,0.113,1.654,0.259,-11.899,-0.000,1.487,12.250
17.35,0.166,1.601,0.259,-11.899,-0.000,1.487,12.295
17.37,0.166,1.601,0.259,-11.899,-0.000,1.487,12.295
17.39,0.238,1.545,0.258,-11.899,-0.000,1.487,12.359
17.42,0.238,1.545,0.258,-11.899,-0.000,1.487,12.359
17.44,0.238,1.545,0.258,-11.899,-0.000,1.487,12.359
17.46,0.396,1.451,0.258,-11.899,-0.000,1.487,12.502
17.48,0.396,1.451,0.258,-11.899,-0.000,1.487,12.502
17.50,0.491,1.412,0.258,-11.899,-0.000,1.487,12.591
17.52,0.491,1.412,0.258,-11.899,-0.000,1.487,12.591
17.54,0.587,1.370,0.257,-11.899,-0.000,1.487,12.681
17.56,0.587,1.370,0.257,-11.899,-0.000,1.487,12.681
17.58,0.670,1.336,0.257,-11.899,-0.000,1.487,12.760
17.60,0.670,1.336,0.257,-11.899,-0.000,1.487,12.760
17.62,0.755,1.279,0.257,-11.899,-0.000,1.487,12.838
17.64,0.755,1.279,0.257,-11.899,-0.000,1.487,12.838
17.67,0.816,1.234,0.256,-11.899,-0.000,1.487,12.893
17.69,0.816,1.234,0.256,-11.899,-0.000,1.487,12.893
17.71,0.870,1.200,0.255,-11.899,-0.000,1.487,12.943
17.73,0.870,1.200,0.255,-11.899,-0.000,1.487,12.943
17.75,0.912,1.167,0.256,-11.899,-0.000,1.487,12.981
17.77,0.912,1.167,0.256,-11.899,-0.000,1.487,12.981
17.79,0.954,1.120,0.255,-11.899,-0.000,1.487,13.019
17.81,0.954,1.120,0.255,-11.899,-0.000,1.487,13.019
17.83,1.007,1.062,0.255,-11.899,-0.000,1.487,13.066
17.85,1.007,1.062,0.255,-11.899,-0.000,1.487,13.066
17.87,1.043,1.008,0.254,-11.899,-0.000,1.487,13.097
17.89,1.043,1.008,0.254,-11.899,-0.000,1.487,13.097
17.91,1.043,1.008,0.254,-11.899,-0.000,1.487,13.097
17.94,1.068,0.924,0.254,-11.899,-0.000,1.487,13.116
17.96,1.068,0.924,0.254,-11.899,-0.000,1.487,13.116
17.98,1.076,0.872,0.253,-11.899,-0.000,1.487,13.120
18.00,1.076,0.872,0.253,-11.899,-0.000,1.487,13.120
18.02,1.089,0.821,0.252,-11.899,-0.000,1.487,13.130
18.04,1.089,0.821,0.252,-11.899,-0.000,1.487,13.130
18.06,1.104,0.772,0.252,-11.899,-0.000,1.487,13.141
18.08,1.104,0.772,0.252,-11.899,-0.000,1.487,13.141
18.10,1.139,0.723,0.251,-11.899,-0.000,1.487,13.173
18.12,1.139,0.723,0.251,-11.899,-0.000,1.487,13.173
18.14,1.213,0.662,0.251,-11.899,-0.000,1.487,13.243
18.16,1.213,0.662,0.251,-11.899,-0.000,1.487,13.243
18.19,1.271,0.618,0.251,-11.899,-0.000,1.487,13.298
18.21,1.271,0.618,0.251,-11.899,-0.000,1.487,13.298
18.23,1.331,0.586,0.251,-11.899,-0.000,1.487,13.356
18.25,1.331,0.586,0.251,-11.899,-0.000,1.487,13.356
18.27,1.383,0.560,0.250,-11.899,-0.000,1.487,13.407
18.29,1.383,0.560,0.250,-11.899,-0.000,1.487,13.407
18.31,1.421,0.530,0.250,-11.899,-0.000,1.487,13.443
18.33,1.421,0.530,0.250,-11.899,-0.000,1.487,13.443
18.35,1.455,0.489,0.250,-11.899,-0.000,1.487,13.475
18.37,1.455,0.489,0.250,-11.899,-0.000,1.487,13.475
18.39,1.492,0.448,0.250,-11.899,-0.000,1.487,13.510
18.41,1.492,0.448,0.250,-11.899,-0.000,1.487,13.510
18.43,1.492,0.448,0.250,-11.899,-0.000,1.487,13.510
18.46,1.551,0.389,0.250,-11.899,-0.000,1.487,13.567
18.48,1.551,0.389,0.250,-11.899,-0.000,1.487,13.567
18.50,1.606,0.328,0.249,-11.899,-0.000,1.487,13.620
18.52,1.606,0.328,0.249,-11.899,-0.000,1.487,13.620
18.54,1.664,0.267,0.249,-11.899,-0.000,1.487,13.676
18.56,1.664,0.267,0.249,-11.899,-0.000,1.487,13.676
18.58,1.736,0.200,0.249,-11.899,-0.000,1.487,13.746
18.60,1.736,0.200,0.249,-11.899,-0.000,1.487,13.746
18.62,1.816,0.127,0.248,-11.899,-0.000,1.487,13.825
18.64,1.816,0.127,0.248,-11.899,-0.000,1.487,13.825
18.66,1.898,0.061,0.248,-11.899,-0.000,1.487,13.906
18.68,1.898,0.061,0.248,-11.899,-0.000,1.487,13.906
18.71,1.994,-0.017,0.248,-11.899,-0.000,1.487,14.001
18.73,1.994,-0.017,0.248,-11.899,-0.000,1.487,14.001
18.75,2.066,-0.079,0.248,-11.899,-0.000,1.487,14.073
18.77,2.066,-0.079,0.248,-11.899,-0.000,1.487,14.073
18.79,2.123,-0.135,0.247,-11.899,-0.000,1.487,14.130
18.81,2.123,-0.135,0.247,-11.899,-0.000,1.487,14.130
18.83,2.178,-0.175,0.247,-11.899,-0.000,1.487,14.184
18.85,2.178,-0.175,0.247,-11.899,-0.000,1.487,14.184
18.87,2.226,-0.211,0.247,-11.899,-0.000,1.487,14.233
18.89,2.226,-0.211,0.247,-11.899,-0.000,1.487,14.233
18.91,2.265,-0.249,0.246,-11.899,-0.000,1.487,14.271
18.93,2.265,-0.249,0.246,-11.899,-0.000,1.487,14.271
18.95,2.265,-0.249,0.246,-11.899,-0.000,1.487,14.271
18.97,2.286,-0.298,0.245,-11.899,-0.000,1.487,14.293
19.00,2.286,-0.298,0.245,-11.899,-0.000,1.487,14.293
19.02,2.291,-0.343,0.244,-11.899,-0.000,1.487,14.299
19.04,2.291,-0.343,0.244,-11.899,-0.000,1.487,14.299
19.06,2.292,-0.370,0.243,-11.899,-0.000,1.487,14.301
19.08,2.292,-0.370,0.243,-11.899,-0.000,1.487,14.301
19.10,2.301,-0.394,0.242,-11.899,-0.000,1.487,14.311
19.12,2.301,-0.394,0.242,-11.899,-0.000,1.487,14.311
19.14,2.303,-0.401,0.241,-11.899,-0.000,1.487,14.312
19.16,2.303,-0.401,0.241,-11.899,-0.000,1.487,14.312
19.18,2.292,-0.400,0.240,-11.899,-0.000,1.487,14.301
19.20,2.292,-0.400,0.240,-11.899,-0.000,1.487,14.301
19.23,2.275,-0.390,0.239,-11.899,-0.000,1.487,14.284
19.25,2.275,-0.390,0.239,-11.899,-0.000,1.487,14.284
19.27,2.247,-0.369,0.239,-11.899,-0.000,1.487,14.255
19.29,2.247,-0.369,0.239,-11.899,-0.000,1.487,14.255
19.31,2.224,-0.341,0.238,-11.899,-0.000,1.487,14.231
19.33,2.224,-0.341,0.238,-11.899,-0.000,1.487,14.231
19.35,2.209,-0.319,0.237,-11.899,-0.000,1.487,14.216
19.37,2.209,-0.319,0.237,-11.899,-0.000,1.487,14.216
19.39,2.206,-0.295,0.237,-11.899,-0.000,1.487,14.213
19.41,2.206,-0.295,0.237,-11.899,-0.000,1.487,14.213
19.43,2.206,-0.295,0.237,-11.899,-0.000,1.487,14.213
19.45,2.209,-0.262,0.236,-11.899,-0.000,1.487,14.215
19.48,2.209,-0.262,0.236,-11.899,-0.000,1.487,14.215
19.50,2.204,-0.267,0.236,-11.899,-0.000,1.487,14.210
19.52,2.204,-0.267,0.236,-11.899,-0.000,1.487,14.210
19.54,2.194,-0.304,0.236,-11.899,-0.000,1.487,14.201
19.56,2.194,-0.304,0.236,-11.899,-0.000,1.487,14.201
19.58,2.187,-0.351,0.236,-11.899,-0.000,1.487,14.195
19.60,2.187,-0.351,0.236,-11.899,-0.000,1.487,14.195
19.62,2.189,-0.398,0.236,-11.899,-0.000,1.487,14.198
19.64,2.189,-0.398,0.236,-11.899,-0.000,1.487,14.198
19.66,2.195,-0.450,0.236,-11.899,-0.000,1.487,14.206
19.68,2.195,-0.450,0.236,-11.899,-0.000,1.487,14.206
19.70,2.199,-0.513,0.236,-11.899,-0.000,1.487,14.212
19.72,2.199,-0.513,0.236,-11.899,-0.000,1.487,14.212
19.75,2.217,-0.574,0.236,-11.899,-0.000,1.487,14.232
19.77,2.217,-0.574,0.236,-11.899,-0.000,1.487,14.232
19.79,2.220,-0.620,0.236,-11.899,-0.000,1.487,14.237
19.81,2.220,-0.620,0.236,-11.899,-0.000,1.487,14.237
19.83,2.213,-0.675,0.236,-11.899,-0.000,1.487,14.233
19.85,2.213,-0.675,0.236,-11.899,-0.000,1.487,14.233
19.87,2.195,-0.740,0.236,-11.899,-0.000,1.487,14.218
19.89,2.195,-0.740,0.236,-11.899,-0.000,1.487,14.218
19.91,2.162,-0.805,0.237,-11.899,-0.000,1.487,14.189
19.93,2.162,-0.805,0.237,-11.899,-0.000,1.487,14.189
19.95,2.162,-0.805,0.237,-11.899,-0.000,1.487,14.189
19.97,2.080,-0.880,0.237,-11.899,-0.000,1.487,14.112
19.99,2.080,-0.880,0.237,-11.899,-0.000,1.487,14.112
20.02,2.019,-0.914,0.237,-11.899,-0.000,1.487,14.054
20.04,2.019,-0.914,0.237,-11.899,-0.000,1.487,14.054
20.06,1.947,-0.943,0.237,-11.899,-0.000,1.487,13.984
20.08,1.947,-0.943,0.237,-11.899,-0.000,1.487,13.984
20.10,1.887,-0.968,0.237,-11.899,-0.000,1.487,13.927
20.12,1.887,-0.968,0.237,-11.899,-0.000,1.487,13.927
20.14,1.843,-0.990,0.237,-11.899,-0.000,1.487,13.885
20.16,1.843,-0.990,0.237,-11.899,-0.000,1.487,13.885
20.18,1.806,-1.002,0.237,-11.899,-0.000,1.487,13.849
20.20,1.806,-1.002,0.237,-11.899,-0.000,1.487,13.849
20.22,1.748,-0.999,0.237,-11.899,-0.000,1.487,13.792
20.25,1.748,-0.999,0.237,-11.899,-0.000,1.487,13.792
20.27,1.697,-0.992,0.237,-11.899,-0.000,1.487,13.741
20.29,1.697,-0.992,0.237,-11.899,-0.000,1.487,13.741
20.31,1.659,-0.979,0.237,-11.899,-0.000,1.487,13.702
20.33,1.659,-0.979,0.237,-11.899,-0.000,1.487,13.702
20.35,1.611,-0.962,0.237,-11.899,-0.000,1.487,13.653
20.37,1.611,-0.962,0.237,-11.899,-0.000,1.487,13.653
20.39,1.557,-0.946,0.238,-11.899,-0.000,1.487,13.598
20.41,1.557,-0.946,0.238,-11.899,-0.000,1.487,13.598
20.43,1.557,-0.946,0.238,-11.899,-0.000,1.487,13.598
20.45,1.495,-0.900,0.238,-11.899,-0.000,1.487,13.534
20.47,1.495,-0.900,0.238,-11.899,-0.000,1.487,13.534
20.49,1.477,-0.860,0.238,-11.899,-0.000,1.487,13.514
20.52,1.477,-0.860,0.238,-11.899,-0.000,1.487,13.514
20.54,1.473,-0.803,0.238,-11.899,-0.000,1.487,13.506
20.56,1.473,-0.803,0.238,-11.899,-0.000,1.487,13.506
20.58,1.488,-0.737,0.238,-11.899,-0.000,1.487,13.517
20.60,1.488,-0.737,0.238,-11.899,-0.000,1.487,13.517
20.62,1.512,-0.666,0.238,-11.899,-0.000,1.487,13.538
20.64,1.512,-0.666,0.238,-11.899,-0.000,1.487,13.538
20.66,1.539,-0.577,0.238,-11.899,-0.000,1.487,13.560
20.68,1.539,-0.577,0.238,-11.899,-0.000,1.487,13.560
20.70,1.562,-0.472,0.238,-11.899,-0.000,1.487,13.579
20.72,1.562,-0.472,0.238,-11.899,-0.000,1.487,13.579
20.75,1.598,-0.361,0.238,-11.899,-0.000,1.487,13.612
20.77,1.598,-0.361,0.238,-11.899,-0.000,1.487,13.612
20.79,1.632,-0.270,0.238,-11.899,-0.000,1.487,13.643
20.81,1.632,-0.270,0.238,-11.899,-0.000,1.487,13.643
20.83,1.678,-0.171,0.238,-11.899,-0.000,1.487,13.687
20.85,1.678,-0.171,0.238,-11.899,-0.000,1.487,13.687
20.87,1.726,-0.064,0.239,-11.899,-0.000,1.487,13.733
20.89,1.726,-0.064,0.239,-11.899,-0.000,1.487,13.733
20.91,1.756,0.033,0.239,-11.899,-0.000,1.487,13.764
20.93,1.756,0.033,0.239,-11.899,-0.000,1.487,13.764
20.95,1.756,0.033,0.239,-11.899,-0.000,1.487,13.764
20.97,1.766,0.163,0.239,-11.899,-0.000,1.487,13.775
20.99,1.766,0.163,0.239,-11.899,-0.000,1.487,13.775
21.02,1.774,0.224,0.240,-11.899,-0.000,1.487,13.783
21.04,1.774,0.224,0.240,-11.899,-0.000,1.487,13.783
21.06,1.805,0.274,0.240,-11.899,-0.000,1.487,13.815
21.08,1.805,0.274,0.240,-11.899,-0.000,1.487,13.815
21.10,1.863,0.297,0.240,-11.899,-0.000,1.487,13.872
21.12,1.863,0.297,0.240,-11.899,-0.000,1.487,13.872
21.14,1.951,0.315,0.240,-11.899,-0.000,1.487,13.960
21.16,1.951,0.315,0.240,-11.899,-0.000,1.487,13.960
21.18,2.067,0.327,0.240,-11.899,-0.000,1.487,14.076
21.20,2.067,0.327,0.240,-11.899,-0.000,1.487,14.076
21.22,2.226,0.352,0.240,-11.899,-0.000,1.487,14.234
21.25,2.226,0.352,0.240,-11.899,-0.000,1.487,14.234
21.27,2.354,0.376,0.240,-11.899,-0.000,1.487,14.362
21.29,2.354,0.376,0.240,-11.899,-0.000,1.487,14.362
21.31,2.488,0.386,0.240,-11.899,-0.000,1.487,14.495
21.33,2.488,0.386,0.240,-11.899,-0.000,1.487,14.495
21.35,2.637,0.392,0.240,-11.899,-0.000,1.487,14.643
21.37,2.637,0.392,0.240,-11.899,-0.000,1.487,14.643
21.39,2.795,0.388,0.241,-11.899,-0.000,1.487,14.800
21.41,2.795,0.388,0.241,-11.899,-0.000,1.487,14.800
21.43,2.956,0.374,0.241,-11.899,-0.000,1.487,14.959
21.45,2.956,0.374,0.241,-11.899,-0.000,1.487,14.959
21.47,2.956,0.374,0.241,-11.899,-0.000,1.487,14.959
21.49,3.165,0.347,0.242,-11.899,-0.000,1.487,15.166
21.52,3.165,0.347,0.242,-11.899,-0.000,1.487,15.166
21.54,3.281,0.312,0.242,-11.899,-0.000,1.487,15.281
21.56,3.281,0.312,0.242,-11.899,-0.000,1.487,15.281
21.58,3.358,0.291,0.243,-11.899,-0.000,1.487,15.357
21.60,3.358,0.291,0.243,-11.899,-0.000,1.487,15.357
21.62,3.414,0.262,0.244,-11.899,-0.000,1.487,15.413
21.64,3.414,0.262,0.244,-11.899,-0.000,1.487,15.413
21.66,3.467,0.224,0.244,-11.899,-0.000,1.487,15.465
21.68,3.467,0.224,0.244,-11.899,-0.000,1.487,15.465
21.70,3.504,0.168,0.245,-11.899,-0.000,1.487,15.501
21.72,3.504,0.168,0.245,-11.899,-0.000,1.487,15.501
21.74,3.527,0.099,0.245,-11.899,-0.000,1.487,15.523
21.77,3.527,0.099,0.245,-11.899,-0.000,1.487,15.523
21.79,3.533,0.051,0.245,-11.899,-0.000,1.487,15.529
21.81,3.533,0.051,0.245,-11.899,-0.000,1.487,15.529
21.83,3.517,0.015,0.244,-11.899,-0.000,1.487,15.513
21.85,3.517,0.015,0.244,-11.899,-0.000,1.487,15.513
21.87,3.486,-0.001,0.244,-11.899,-0.000,1.487,15.482
21.89,3.486,-0.001,0.244,-11.899,-0.000,1.487,15.482
21.91,3.466,-0.004,0.243,-11.899,-0.000,1.487,15.461
21.93,3.466,-0.004,0.243,-11.899,-0.000,1.487,15.461
21.95,3.466,-0.004,0.243,-11.899,-0.000,1.487,15.461
21.97,3.408,0.016,0.242,-11.899,-0.000,1.487,15.405
22.00,3.408,0.016,0.242,-11.899,-0.000,1.487,15.405
22.02,3.360,0.028,0.241,-11.899,-0.000,1.487,15.357
22.04,3.360,0.028,0.241,-11.899,-0.000,1.487,15.357
22.06,3.319,0.023,0.241,-11.899,-0.000,1.487,15.315
22.08,3.319,0.023,0.241,-11.899,-0.000,1.487,15.315
22.10,3.270,0.008,0.240,-11.899,-0.000,1.487,15.267
22.12,3.270,0.008,0.240,-11.899,-0.000,1.487,15.267
22.14,3.216,-0.003,0.239,-11.899,-0.000,1.487,15.213
22.16,3.216,-0.003,0.239,-11.899,-0.000,1.487,15.213
22.18,3.160,-0.004,0.239,-11.899,-0.000,1.487,15.158
22.20,3.160,-0.004,0.239,-11.899,-0.000,1.487,15.158
22.22,3.083,-0.006,0.238,-11.899,-0.000,1.487,15.081
22.24,3.083,-0.006,0.238,-11.899,-0.000,1.487,15.081
22.27,3.013,0.001,0.238,-11.899,-0.000,1.487,15.012
22.29,3.013,0.001,0.238,-11.899,-0.000,1.487,15.012
22.31,2.951,0.018,0.237,-11.899,-0.000,1.487,14.950
22.33,2.951,0.018,0.237,-11.899,-0.000,1.487,14.950
22.35,2.891,0.039,0.236,-11.899,-0.000,1.487,14.890
22.37,2.891,0.039,0.236,-11.899,-0.000,1.487,14.890
22.39,2.837,0.066,0.236,-11.899,-0.000,1.487,14.836
22.41,2.837,0.066,0.236,-11.899,-0.000,1.487,14.836
22.43,2.791,0.099,0.235,-11.899,-0.000,1.487,14.790
22.45,2.791,0.099,0.235,-11.899,-0.000,1.487,14.790
22.47,2.791,0.099,0.235,-11.899,-0.000,1.487,14.790
22.49,2.737,0.167,0.234,-11.899,-0.000,1.487,14.737
22.51,2.737,0.167,0.234,-11.899,-0.000,1.487,14.737
22.54,2.721,0.225,0.233,-11.899,-0.000,1.487,14.722
22.56,2.721,0.225,0.233,-11.899,-0.000,1.487,14.722
22.58,2.711,0.295,0.231,-11.899,-0.000,1.487,14.713
22.60,2.711,0.295,0.231,-11.899,-0.000,1.487,14.713
22.62,2.708,0.345,0.230,-11.899,-0.000,1.487,14.711
22.64,2.708,0.345,0.230,-11.899,-0.000,1.487,14.711
22.66,2.711,0.387,0.229,-11.899,-0.000,1.487,14.715
22.68,2.711,0.387,0.229,-11.899,-0.000,1.487,14.715
22.70,2.697,0.430,0.228,-11.899,-0.000,1.487,14.703
22.72,2.697,0.430,0.228,-11.899,-0.000,1.487,14.703
22.74,2.680,0.470,0.226,-11.899,-0.000,1.487,14.687
22.76,2.680,0.470,0.226,-11.899,-0.000,1.487,14.687
22.78,2.649,0.508,0.225,-11.899,-0.000,1.487,14.657
22.80,2.649,0.508,0.225,-11.899,-0.000,1.487,14.657
22.83,2.634,0.540,0.224,-11.899,-0.000,1.487,14.643
22.85,2.634,0.540,0.224,-11.899,-0.000,1.487,14.643
22.87,2.612,0.563,0.223,-11.899,-0.000,1.487,14.622
22.89,2.612,0.563,0.223,-11.899,-0.000,1.487,14.622
22.91,2.585,0.569,0.222,-11.899,-0.000,1.487,14.595
22.93,2.585,0.569,0.222,-11.899,-0.000,1.487,14.595
22.95,2.585,0.569,0.222,-11.899,-0.000,1.487,14.595
22.97,2.542,0.550,0.220,-11.899,-0.000,1.487,14.552
22.99,2.542,0.550,0.220,-11.899,-0.000,1.487,14.552
23.01,2.518,0.520,0.219,-11.899,-0.000,1.487,14.527
23.03,2.518,0.520,0.219,-11.899,-0.000,1.487,14.527
23.05,2.495,0.493,0.218,-11.899,-0.000,1.487,14.503
23.07,2.495,0.493,0.218,-11.899,-0.000,1.487,14.503
23.10,2.482,0.470,0.217,-11.899,-0.000,1.487,14.489
23.12,2.482,0.470,0.217,-11.899,-0.000,1.487,14.489
23.14,2.477,0.443,0.217,-11.899,-0.000,1.487,14.484
23.16,2.477,0.443,0.217,-11.899,-0.000,1.487,14.484
23.18,2.485,0.420,0.216,-11.899,-0.000,1.487,14.491
23.20,2.485,0.420,0.216,-11.899,-0.000,1.487,14.491
23.22,2.493,0.393,0.216,-11.899,-0.000,1.487,14.497
23.24,2.493,0.393,0.216,-11.899,-0.000,1.487,14.497
23.26,2.492,0.354,0.216,-11.899,-0.000,1.487,14.495
23.28,2.492,0.354,0.216,-11.899,-0.000,1.487,14.495
23.31,2.480,0.294,0.216,-11.899,-0.000,1.487,14.482
23.33,2.480,0.294,0.216,-11.899,-0.000,1.487,14.482
23.35,2.462,0.254,0.216,-11.899,-0.000,1.487,14.464
23.37,2.462,0.254,0.216,-11.899,-0.000,1.487,14.464
23.39,2.450,0.228,0.216,-11.899,-0.000,1.487,14.451
23.41,2.450,0.228,0.216,-11.899,-0.000,1.487,14.451
23.43,2.438,0.216,0.217,-11.899,-0.000,1.487,14.440
23.45,2.438,0.216,0.217,-11.899,-0.000,1.487,14.440
23.47,2.438,0.216,0.217,-11.899,-0.000,1.487,14.440
23.49,2.452,0.228,0.217,-11.899,-0.000,1.487,14.453
23.51,2.452,0.228,0.217,-11.899,-0.000,1.487,14.453
23.53,2.475,0.267,0.217,-11.899,-0.000,1.487,14.477
23.55,2.475,0.267,0.217,-11.899,-0.000,1.487,14.477
23.58,2.494,0.319,0.217,-11.899,-0.000,1.487,14.497
23.60,2.494,0.319,0.217,-11.899,-0.000,1.487,14.497
23.62,2.504,0.404,0.217,-11.899,-0.000,1.487,14.509
23.64,2.504,0.404,0.217,-11.899,-0.000,1.487,14.509
23.66,2.505,0.480,0.217,-11.899,-0.000,1.487,14.512
23.68,2.505,0.480,0.217,-11.899,-0.000,1.487,14.512
23.70,2.506,0.544,0.218,-11.899,-0.000,1.487,14.516
23.72,2.506,0.544,0.218,-11.899,-0.000,1.487,14.516
23.74,2.517,0.605,0.218,-11.899,-0.000,1.487,14.529
23.76,2.517,0.605,0.218,-11.899,-0.000,1.487,14.529
23.78,2.550,0.661,0.218,-11.899,-0.000,1.487,14.564
23.80,2.550,0.661,0.218,-11.899,-0.000,1.487,14.564
23.83,2.618,0.742,0.218,-11.899,-0.000,1.487,14.635
23.85,2.618,0.742,0.218,-11.899,-0.000,1.487,14.635
23.87,2.697,0.829,0.218,-11.899,-0.000,1.487,14.718
23.89,2.697,0.829,0.218,-11.899,-0.000,1.487,14.718
23.91,2.780,0.921,0.218,-11.899,-0.000,1.487,14.806
23.93,2.780,0.921,0.218,-11.899,-0.000,1.487,14.806
23.95,2.853,0.999,0.218,-11.899,-0.000,1.487,14.883
23.97,2.853,0.999,0.218,-11.899,-0.000,1.487,14.883
23.99,2.853,0.999,0.218,-11.899,-0.000,1.487,14.883
24.01,2.965,1.134,0.218,-11.899,-0.000,1.487,15.005
24.03,2.965,1.134,0.218,-11.899,-0.000,1.487,15.005
24.05,3.020,1.220,0.219,-11.899,-0.000,1.487,15.065
24.08,3.020,1.220,0.219,-11.899,-0.000,1.487,15.065
24.10,3.068,1.328,0.219,-11.899,-0.000,1.487,15.122
24.12,3.068,1.328,0.219,-11.899,-0.000,1.487,15.122
24.14,3.098,1.420,0.219,-11.899,-0.000,1.487,15.160
24.16,3.098,1.420,0.219,-11.899,-0.000,1.487,15.160
24.18,3.114,1.492,0.219,-11.899,-0.000,1.487,15.183
24.20,3.114,1.492,0.219,-11.899,-0.000,1.487,15.183
24.22,3.129,1.546,0.219,-11.899,-0.000,1.487,15.203
24.24,3.129,1.546,0.219,-11.899,-0.000,1.487,15.203
24.26,3.131,1.586,0.219,-11.899,-0.000,1.487,15.210
24.28,3.131,1.586,0.219,-11.899,-0.000,1.487,15.210
24.30,3.106,1.629,0.218,-11.899,-0.000,1.487,15.189
24.33,3.106,1.629,0.218,-11.899,-0.000,1.487,15.189
24.35,3.058,1.662,0.217,-11.899,-0.000,1.487,15.146
24.37,3.058,1.662,0.217,-11.899,-0.000,1.487,15.146
24.39,2.990,1.689,0.217,-11.899,-0.000,1.487,15.081
24.41,2.990,1.689,0.217,-11.899,-0.000,1.487,15.081
24.43,2.904,1.719,0.216,-11.899,-0.000,1.487,14.999
24.45,2.904,1.719,0.216,-11.899,-0.000,1.487,14.999
24.47,2.904,1.719,0.216,-11.899,-0.000,1.487,14.999
24.49,2.751,1.742,0.215,-11.899,-0.000,1.487,14.851
24.51,2.751,1.742,0.215,-11.899,-0.000,1.487,14.851
24.53,2.649,1.748,0.214,-11.899,-0.000,1.487,14.751
24.55,2.649,1.748,0.214,-11.899,-0.000,1.487,14.751
24.57,2.544,1.764,0.214,-11.899,-0.000,1.487,14.649
24.59,2.544,1.764,0.214,-11.899,-0.000,1.487,14.649
24.62,2.418,1.785,0.214,-11.899,-0.000,1.487,14.528
24.64,2.418,1.785,0.214,-11.899,-0.000,1.487,14.528
24.66,2.325,1.800,0.214,-11.899,-0.000,1.487,14.438
24.68,2.325,1.800,0.214,-11.899,-0.000,1.487,14.438
24.70,2.242,1.818,0.215,-11.899,-0.000,1.487,14.358
24.72,2.242,1.818,0.215,-11.899,-0.000,1.487,14.358
24.74,2.155,1.842,0.215,-11.899,-0.000,1.487,14.275
24.76,2.155,1.842,0.215,-11.899,-0.000,1.487,14.275
24.78,2.065,1.861,0.216,-11.899,-0.000,1.487,14.190
24.80,2.065,1.861,0.216,-11.899,-0.000,1.487,14.190
24.82,1.972,1.889,0.217,-11.899,-0.000,1.487,14.102
24.85,1.972,1.889,0.217,-11.899,-0.000,1.487,14.102
24.87,1.908,1.903,0.217,-11.899,-0.000,1.487,14.041
24.89,1.908,1.903,0.217,-11.899,-0.000,1.487,14.041
24.91,1.851,1.912,0.218,-11.899,-0.000,1.487,13.986
24.93,1.851,1.912,0.218,-11.899,-0.000,1.487,13.986
24.95,1.788,1.911,0.219,-11.899,-0.000,1.487,13.924
24.97,1.788,1.911,0.219,-11.899,-0.000,1.487,13.924
24.99,1.788,1.911,0.219,-11.899,-0.000,1.487,13.924
25.01,1.691,1.873,0.220,-11.899,-0.000,1.487,13.824
25.03,1.691,1.873,0.220,-11.899,-0.000,1.487,13.824
25.05,1.646,1.833,0.221,-11.899,-0.000,1.487,13.774
25.07,1.646,1.833,0.221,-11.899,-0.000,1.487,13.774
25.09,1.602,1.796,0.222,-11.899,-0.000,1.487,13.726
25.12,1.602,1.796,0.222,-11.899,-0.000,1.487,13.726
25.14,1.576,1.744,0.222,-11.899,-0.000,1.487,13.694
25.16,1.576,1.744,0.222,-11.899,-0.000,1.487,13.694
25.18,1.583,1.696,0.223,-11.899,-0.000,1.487,13.695
25.20,1.583,1.696,0.223,-11.899,-0.000,1.487,13.695
25.22,1.614,1.645,0.223,-11.899,-0.000,1.487,13.720
25.24,1.614,1.645,0.223,-11.899,-0.000,1.487,13.720
25.26,1.646,1.593,0.224,-11.899,-0.000,1.487,13.745
25.28,1.646,1.593,0.224,-11.899,-0.000,1.487,13.745
25.30,1.670,1.557,0.224,-11.899,-0.000,1.487,13.765
25.32,1.670,1.557,0.224,-11.899,-0.000,1.487,13.765
25.34,1.686,1.540,0.224,-11.899,-0.000,1.487,13.779
25.37,1.686,1.540,0.224,-11.899,-0.000,1.487,13.779
25.39,1.684,1.542,0.225,-11.899,-0.000,1.487,13.777
25.41,1.684,1.542,0.225,-11.899,-0.000,1.487,13.777
25.43,1.674,1.543,0.225,-11.899,-0.000,1.487,13.768
25.45,1.674,1.543,0.225,-11.899,-0.000,1.487,13.768
25.47,1.674,1.543,0.225,-11.899,-0.000,1.487,13.768
25.49,1.648,1.551,0.226,-11.899,-0.000,1.487,13.743
25.51,1.648,1.551,0.226,-11.899,-0.000,1.487,13.743
25.53,1.617,1.555,0.227,-11.899,-0.000,1.487,13.713
25.55,1.617,1.555,0.227,-11.899,-0.000,1.487,13.713
25.57,1.582,1.565,0.227,-11.899,-0.000,1.487,13.680
25.60,1.582,1.565,0.227,-11.899,-0.000,1.487,13.680
25.62,1.535,1.580,0.228,-11.899,-0.000,1.487,13.634
25.64,1.535,1.580,0.228,-11.899,-0.000,1.487,13.634
25.66,1.489,1.599,0.228,-11.899,-0.000,1.487,13.592
25.68,1.489,1.599,0.228,-11.899,-0.000,1.487,13.592
25.70,1.435,1.611,0.229,-11.899,-0.000,1.487,13.540
25.72,1.435,1.611,0.229,-11.899,-0.000,1.487,13.540
25.74,1.370,1.608,0.229,-11.899,-0.000,1.487,13.475
25.76,1.370,1.608,0.229,-11.899,-0.000,1.487,13.475
25.78,1.309,1.582,0.229,-11.899,-0.000,1.487,13.412
25.80,1.309,1.582,0.229,-11.899,-0.000,1.487,13.412
25.82,1.236,1.530,0.230,-11.899,-0.000,1.487,13.335
25.85,1.236,1.530,0.230,-11.899,-0.000,1.487,13.335
25.87,1.192,1.488,0.230,-11.899,-0.000,1.487,13.287
25.89,1.192,1.488,0.230,-11.899,-0.000,1.487,13.287
25.91,1.137,1.446,0.230,-11.899,-0.000,1.487,13.227
25.93,1.137,1.446,0.230,-11.899,-0.000,1.487,13.227
25.95,1.086,1.394,0.231,-11.899,-0.000,1.487,13.172
25.97,1.086,1.394,0.231,-11.899,-0.000,1.487,13.172
25.99,1.086,1.394,0.231,-11.899,-0.000,1.487,13.172
26.01,1.037,1.290,0.231,-11.899,-0.000,1.487,13.113
26.03,1.037,1.290,0.231,-11.899,-0.000,1.487,13.113
26.05,1.021,1.210,0.232,-11.899,-0.000,1.487,13.090
26.07,1.021,1.210,0.232,-11.899,-0.000,1.487,13.090
26.09,1.015,1.131,0.232,-11.899,-0.000,1.487,13.077
26.12,1.015,1.131,0.232,-11.899,-0.000,1.487,13.077
26.14,1.009,1.016,0.232,-11.899,-0.000,1.487,13.062
26.16,1.009,1.016,0.232,-11.899,-0.000,1.487,13.062
26.18,1.003,0.909,0.232,-11.899,-0.000,1.487,13.048
26.20,1.003,0.909,0.232,-11.899,-0.000,1.487,13.048
26.22,1.008,0.796,0.232,-11.899,-0.000,1.487,13.046
26.24,1.008,0.796,0.232,-11.899,-0.000,1.487,13.046
26.26,1.027,0.692,0.232,-11.899,-0.000,1.487,13.058
26.28,1.027,0.692,0.232,-11.899,-0.000,1.487,13.058
26.30,1.040,0.593,0.232,-11.899,-0.000,1.487,13.066
26.32,1.040,0.593,0.232,-11.899,-0.000,1.487,13.066
26.34,1.063,0.517,0.232,-11.899,-0.000,1.487,13.086
26.36,1.063,0.517,0.232,-11.899,-0.000,1.487,13.086
26.39,1.098,0.430,0.232,-11.899,-0.000,1.487,13.117
26.41,1.098,0.430,0.232,-11.899,-0.000,1.487,13.117
26.43,1.122,0.382,0.232,-11.899,-0.000,1.487,13.139
26.45,1.122,0.382,0.232,-11.899,-0.000,1.487,13.139
26.47,1.137,0.324,0.232,-11.899,-0.000,1.487,13.153
26.49,1.137,0.324,0.232,-11.899,-0.000,1.487,13.153
26.51,1.137,0.324,0.232,-11.899,-0.000,1.487,13.153
26.53,1.183,0.211,0.232,-11.899,-0.000,1.487,13.196
26.55,1.183,0.211,0.232,-11.899,-0.000,1.487,13.196
26.57,1.214,0.156,0.232,-11.899,-0.000,1.487,13.226
26.59,1.214,0.156,0.232,-11.899,-0.000,1.487,13.226
26.61,1.235,0.114,0.232,-11.899,-0.000,1.487,13.247
26.64,1.235,0.114,0.232,-11.899,-0.000,1.487,13.247
26.66,1.247,0.078,0.233,-11.899,-0.000,1.487,13.258
26.68,1.247,0.078,0.233,-11.899,-0.000,1.487,13.258
26.70,1.248,0.071,0.233,-11.899,-0.000,1.487,13.259
26.72,1.248,0.071,0.233,-11.899,-0.000,1.487,13.259
26.74,1.250,0.071,0.233,-11.899,-0.000,1.487,13.261
26.76,1.250,0.071,0.233,-11.899,-0.000,1.487,13.261
26.78,1.244,0.070,0.233,-11.899,-0.000,1.487,13.255
26.80,1.244,0.070,0.233,-11.899,-0.000,1.487,13.255
26.82,1.234,0.061,0.233,-11.899,-0.000,1.487,13.245
26.84,1.234,0.061,0.233,-11.899,-0.000,1.487,13.245
26.86,1.193,0.043,0.233,-11.899,-0.000,1.487,13.205
26.88,1.193,0.043,0.233,-11.899,-0.000,1.487,13.205
26.91,1.132,0.032,0.234,-11.899,-0.000,1.487,13.144
26.93,1.132,0.032,0.234,-11.899,-0.000,1.487,13.144
26.95,1.075,0.013,0.234,-11.899,-0.000,1.487,13.087
26.97,1.075,0.013,0.234,-11.899,-0.000,1.487,13.087
26.99,1.075,0.013,0.234,-11.899,-0.000,1.487,13.087
27.01,1.011,-0.023,0.234,-11.899,-0.000,1.487,13.024
27.03,1.011,-0.023,0.234,-11.899,-0.000,1.487,13.024
27.05,0.971,-0.042,0.234,-11.899,-0.000,1.487,12.984
27.07,0.971,-0.042,0.234,-11.899,-0.000,1.487,12.984
27.09,0.923,-0.055,0.234,-11.899,-0.000,1.487,12.937
27.11,0.923,-0.055,0.234,-11.899,-0.000,1.487,12.937
27.13,0.860,-0.066,0.234,-11.899,-0.000,1.487,12.875
27.16,0.860,-0.066,0.234,-11.899,-0.000,1.487,12.875
27.18,0.771,-0.104,0.234,-11.899,-0.000,1.487,12.786
27.20,0.771,-0.104,0.234,-11.899,-0.000,1.487,12.786
27.22,0.693,-0.141,0.234,-11.899,-0.000,1.487,12.710
27.24,0.693,-0.141,0.234,-11.899,-0.000,1.487,12.710
27.26,0.607,-0.166,0.235,-11.899,-0.000,1.487,12.625
27.28,0.607,-0.166,0.235,-11.899,-0.000,1.487,12.625
27.30,0.520,-0.170,0.235,-11.899,-0.000,1.487,12.539
27.32,0.520,-0.170,0.235,-11.899,-0.000,1.487,12.539
27.34,0.445,-0.148,0.235,-11.899,-0.000,1.487,12.465
27.36,0.445,-0.148,0.235,-11.899,-0.000,1.487,12.465
27.38,0.391,-0.105,0.236,-11.899,-0.000,1.487,12.411
27.41,0.391,-0.105,0.236,-11.899,-0.000,1.487,12.411
27.43,0.365,-0.060,0.236,-11.899,-0.000,1.487,12.384
27.45,0.365,-0.060,0.236,-11.899,-0.000,1.487,12.384
27.47,0.360,-0.038,0.236,-11.899,-0.000,1.487,12.380
27.49,0.360,-0.038,0.236,-11.899,-0.000,1.487,12.380
27.51,0.360,-0.038,0.236,-11.899,-0.000,1.487,12.380
27.53,0.355,-0.041,0.236,-11.899,-0.000,1.487,12.374
27.55,0.355,-0.041,0.236,-11.899,-0.000,1.487,12.374
27.57,0.345,-0.060,0.236,-11.899,-0.000,1.487,12.365
27.59,0.345,-0.060,0.236,-11.899,-0.000,1.487,12.365
27.61,0.324,-0.082,0.236,-11.899,-0.000,1.487,12.344
27.63,0.324,-0.082,0.236,-11.899,-0.000,1.487,12.344
27.66,0.309,-0.124,0.237,-11.899,-0.000,1.487,12.329
27.68,0.309,-0.124,0.237,-11.899,-0.000,1.487,12.329
27.70,0.300,-0.184,0.237,-11.899,-0.000,1.487,12.322
27.72,0.300,-0.184,0.237,-11.899,-0.000,1.487,12.322
27.74,0.275,-0.218,0.237,-11.899,-0.000,1.487,12.298
27.76,0.275,-0.218,0.237,-11.899,-0.000,1.487,12.298
27.78,0.240,-0.238,0.237,-11.899,-0.000,1.487,12.263
27.80,0.240,-0.238,0.237,-11.899,-0.000,1.487,12.263
27.82,0.213,-0.247,0.238,-11.899,-0.000,1.487,12.237
27.84,0.213,-0.247,0.238,-11.899,-0.000,1.487,12.237
27.86,0.178,-0.244,0.238,-11.899,-0.000,1.487,12.201
27.88,0.178,-0.244,0.238,-11.899,-0.000,1.487,12.201
27.90,0.115,-0.218,0.239,-11.899,-0.000,1.487,12.139
27.93,0.115,-0.218,0.239,-11.899,-0.000,1.487,12.139
27.95,0.051,-0.185,0.239,-11.899,-0.000,1.487,12.075
27.97,0.051,-0.185,0.239,-11.899,-0.000,1.487,12.075
27.99,-0.035,-0.149,0.240,-11.899,-0.000,1.487,11.989
28.01,-0.035,-0.149,0.240,-11.899,-0.000,1.487,11.989
28.03,-0.035,-0.149,0.240,-11.899,-0.000,1.487,11.989
28.05,-0.190,-0.115,0.241,-11.899,-0.000,1.487,11.836
28.07,-0.190,-0.115,0.241,-11.899,-0.000,1.487,11.836
28.09,-0.289,-0.119,0.241,-11.899,-0.000,1.487,11.738
28.11,-0.289,-0.119,0.241,-11.899,-0.000,1.487,11.738
28.13,-0.377,-0.138,0.241,-11.899,-0.000,1.487,11.652
28.15,-0.377,-0.138,0.241,-11.899,-0.000,1.487,11.652
28.17,-0.455,-0.174,0.242,-11.899,-0.000,1.487,11.575
28.19,-0.455,-0.174,0.242,-11.899,-0.000,1.487,11.575
28.22,-0.517,-0.219,0.242,-11.899,-0.000,1.487,11.514
28.24,-0.517,-0.219,0.242,-11.899,-0.000,1.487,11.514
28.26,-0.588,-0.281,0.242,-11.899,-0.000,1.487,11.446
28.28,-0.588,-0.281,0.242,-11.899,-0.000,1.487,11.446
28.30,-0.631,-0.333,0.242,-11.899,-0.000,1.487,11.404
28.32,-0.631,-0.333,0.242,-11.899,-0.000,1.487,11.404
28.34,-0.667,-0.373,0.242,-11.899,-0.000,1.487,11.371
28.36,-0.667,-0.373,0.242,-11.899,-0.000,1.487,11.371
28.38,-0.681,-0.412,0.241,-11.899,-0.000,1.487,11.358
28.40,-0.681,-0.412,0.241,-11.899,-0.000,1.487,11.358
28.42,-0.682,-0.434,0.241,-11.899,-0.000,1.487,11.357
28.44,-0.682,-0.434,0.241,-11.899,-0.000,1.487,11.357
28.46,-0.669,-0.444,0.240,-11.899,-0.000,1.487,11.371
28.49,-0.669,-0.444,0.240,-11.899,-0.000,1.487,11.371
28.51,-0.669,-0.444,0.240,-11.899,-0.000,1.487,11.371
28.53,-0.657,-0.405,0.239,-11.899,-0.000,1.487,11.381
28.55,-0.657,-0.405,0.239,-11.899,-0.000,1.487,11.381
28.57,-0.646,-0.354,0.238,-11.899,-0.000,1.487,11.390
28.59,-0.646,-0.354,0.238,-11.899,-0.000,1.487,11.390
28.61,-0.647,-0.291,0.238,-11.899,-0.000,1.487,11.387
28.63,-0.647,-0.291,0.238,-11.899,-0.000,1.487,11.387
28.65,-0.659,-0.231,0.237,-11.899,-0.000,1.487,11.374
28.67,-0.659,-0.231,0.237,-11.899,-0.000,1.487,11.374
28.69,-0.663,-0.185,0.237,-11.899,-0.000,1.487,11.369
28.71,-0.663,-0.185,0.237,-11.899,-0.000,1.487,11.369
28.74,-0.655,-0.157,0.236,-11.899,-0.000,1.487,11.377
28.76,-0.655,-0.157,0.236,-11.899,-0.000,1.487,11.377
28.78,-0.651,-0.147,0.236,-11.899,-0.000,1.487,11.380
28.80,-0.651,-0.147,0.236,-11.899,-0.000,1.487,11.380
28.82,-0.642,-0.162,0.236,-11.899,-0.000,1.487,11.390
28.84,-0.642,-0.162,0.236,-11.899,-0.000,1.487,11.390
28.86,-0.638,-0.194,0.236,-11.899,-0.000,1.487,11.394
28.88,-0.638,-0.194,0.236,-11.899,-0.000,1.487,11.394
28.90,-0.626,-0.244,0.236,-11.899,-0.000,1.487,11.406
28.92,-0.626,-0.244,0.236,-11.899,-0.000,1.487,11.406
28.94,-0.600,-0.308,0.236,-11.899,-0.000,1.487,11.433
28.96,-0.600,-0.308,0.236,-11.899,-0.000,1.487,11.433
28.99,-0.571,-0.398,0.236,-11.899,-0.000,1.487,11.465
29.01,-0.571,-0.398,0.236,-11.899,-0.000,1.487,11.465
29.03,-0.571,-0.398,0.236,-11.899,-0.000,1.487,11.465
29.05,-0.535,-0.513,0.237,-11.899,-0.000,1.487,11.505
29.07,-0.535,-0.513,0.237,-11.899,-0.000,1.487,11.505
29.09,-0.511,-0.555,0.237,-11.899,-0.000,1.487,11.531
29.11,-0.511,-0.555,0.237,-11.899,-0.000,1.487,11.531
29.13,-0.471,-0.573,0.238,-11.899,-0.000,1.487,11.571
29.15,-0.471,-0.573,0.238,-11.899,-0.000,1.487,11.571
29.17,-0.415,-0.568,0.238,-11.899,-0.000,1.487,11.627
29.19,-0.415,-0.568,0.238,-11.899,-0.000,1.487,11.627
29.21,-0.340,-0.549,0.239,-11.899,-0.000,1.487,11.700
29.24,-0.340,-0.549,0.239,-11.899,-0.000,1.487,11.700
29.26,-0.246,-0.512,0.240,-11.899,-0.000,1.487,11.791
29.28,-0.246,-0.512,0.240,-11.899,-0.000,1.487,11.791
29.30,-0.186,-0.472,0.241,-11.899,-0.000,1.487,11.849
29.32,-0.186,-0.472,0.241,-11.899,-0.000,1.487,11.849
29.34,-0.118,-0.420,0.242,-11.899,-0.000,1.487,11.914
29.36,-0.118,-0.420,0.242,-11.899,-0.000,1.487,11.914
29.38,-0.047,-0.365,0.243,-11.899,-0.000,1.487,11.983
29.40,-0.047,-0.365,0.243,-11.899,-0.000,1.487,11.983
29.42,0.033,-0.305,0.243,-11.899,-0.000,1.487,12.061
29.44,0.033,-0.305,0.243,-11.899,-0.000,1.487,12.061
29.47,0.127,-0.245,0.245,-11.899,-0.000,1.487,12.152
29.49,0.127,-0.245,0.245,-11.899,-0.000,1.487,12.152
29.51,0.127,-0.245,0.245,-11.899,-0.000,1.487,12.152
29.53,0.273,-0.167,0.247,-11.899,-0.000,1.487,12.296
29.55,0.273,-0.167,0.247,-11.899,-0.000,1.487,12.296
29.57,0.350,-0.101,0.248,-11.899,-0.000,1.487,12.372
29.59,0.350,-0.101,0.248,-11.899,-0.000,1.487,12.372
29.61,0.421,-0.021,0.249,-11.899,-0.000,1.487,12.441
29.63,0.421,-0.021,0.249,-11.899,-0.000,1.487,12.441
29.65,0.484,0.070,0.249,-11.899,-0.000,1.487,12.504
29.67,0.484,0.070,0.249,-11.899,-0.000,1.487,12.504
29.69,0.527,0.176,0.250,-11.899,-0.000,1.487,12.548
29.72,0.527,0.176,0.250,-11.899,-0.000,1.487,12.548
29.74,0.567,0.321,0.251,-11.899,-0.000,1.487,12.591
29.76,0.567,0.321,0.251,-11.899,-0.000,1.487,12.591
29.78,0.583,0.449,0.251,-11.899,-0.000,1.487,12.610
29.80,0.583,0.449,0.251,-11.899,-0.000,1.487,12.610
29.82,0.578,0.565,0.252,-11.899,-0.000,1.487,12.610
29.84,0.578,0.565,0.252,-11.899,-0.000,1.487,12.610
29.86,0.568,0.676,0.252,-11.899,-0.000,1.487,12.605
29.88,0.568,0.676,0.252,-11.899,-0.000,1.487,12.605
29.90,0.570,0.779,0.252,-11.899,-0.000,1.487,12.614
29.92,0.570,0.779,0.252,-11.899,-0.000,1.487,12.614
29.94,0.598,0.881,0.252,-11.899,-0.000,1.487,12.648
29.96,0.598,0.881,0.252,-11.899,-0.000,1.487,12.648
29.98,0.660,1.013,0.252,-11.899,-0.000,1.487,12.720
30.01,0.660,1.013,0.252,-11.899,-0.000,1.487,12.720
30.03,0.660,1.013,0.252,-11.899,-0.000,1.487,12.720
30.05,0.791,1.173,0.252,-11.899,-0.000,1.487,12.862
30.07,0.791,1.173,0.252,-11.899,-0.000,1.487,12.862
30.09,0.905,1.267,0.252,-11.899,-0.000,1.487,12.983
30.11,0.905,1.267,0.252,-11.899,-0.000,1.487,12.983
30.13,1.038,1.350,0.252,-11.899,-0.000,1.487,13.123
30.15,1.038,1.350,0.252,-11.899,-0.000,1.487,13.123
30.17,1.186,1.406,0.252,-11.899,-0.000,1.487,13.275
30.19,1.186,1.406,0.252,-11.899,-0.000,1.487,13.275
30.21,1.339,1.431,0.252,-11.899,-0.000,1.487,13.428
30.23,1.339,1.431,0.252,-11.899,-0.000,1.487,13.428
30.26,1.476,1.434,0.252,-11.899,-0.000,1.487,13.564
30.28,1.476,1.434,0.252,-11.899,-0.000,1.487,13.564
30.30,1.625,1.413,0.252,-11.899,-0.000,1.487,13.708
30.32,1.625,1.413,0.252,-11.899,-0.000,1.487,13.708
30.34,1.747,1.380,0.252,-11.899,-0.000,1.487,13.825
30.36,1.747,1.380,0.252,-11.899,-0.000,1.487,13.825
30.38,1.867,1.343,0.251,-11.899,-0.000,1.487,13.940
30.40,1.867,1.343,0.251,-11.899,-0.000,1.487,13.940
30.42,1.975,1.296,0.251,-11.899,-0.000,1.487,14.042
30.44,1.975,1.296,0.251,-11.899,-0.000,1.487,14.042
30.46,2.088,1.231,0.250,-11.899,-0.000,1.487,14.148
30.48,2.088,1.231,0.250,-11.899,-0.000,1.487,14.148
30.51,2.167,1.183,0.250,-11.899,-0.000,1.487,14.222
30.53,2.167,1.183,0.250,-11.899,-0.000,1.487,14.222
30.55,2.167,1.183,0.250,-11.899,-0.000,1.487,14.222
30.57,2.292,1.140,0.249,-11.899,-0.000,1.487,14.342
30.59,2.292,1.140,0.249,-11.899,-0.000,1.487,14.342
30.61,2.350,1.115,0.248,-11.899,-0.000,1.487,14.397
30.63,2.350,1.115,0.248,-11.899,-0.000,1.487,14.397
30.65,2.386,1.096,0.248,-11.899,-0.000,1.487,14.431
30.67,2.386,1.096,0.248,-11.899,-0.000,1.487,14.431
30.69,2.401,1.084,0.247,-11.899,-0.000,1.487,14.445
30.71,2.401,1.084,0.247,-11.899,-0.000,1.487,14.445
30.73,2.392,1.082,0.246,-11.899,-0.000,1.487,14.436
30.75,2.392,1.082,0.246,-11.899,-0.000,1.487,14.436
30.78,2.365,1.096,0.245,-11.899,-0.000,1.487,14.410
30.80,2.365,1.096,0.245,-11.899,-0.000,1.487,14.410
30.82,2.330,1.142,0.244,-11.899,-0.000,1.487,14.379
30.84,2.330,1.142,0.244,-11.899,-0.000,1.487,14.379
30.86,2.316,1.213,0.243,-11.899,-0.000,1.487,14.371
30.88,2.316,1.213,0.243,-11.899,-0.000,1.487,14.371
30.90,2.319,1.295,0.242,-11.899,-0.000,1.487,14.381
30.92,2.319,1.295,0.242,-11.899,-0.000,1.487,14.381
30.94,2.338,1.392,0.242,-11.899,-0.000,1.487,14.409
30.96,2.338,1.392,0.242,-11.899,-0.000,1.487,14.409
30.98,2.385,1.519,0.241,-11.899,-0.000,1.487,14.468
31.01,2.385,1.519,0.241,-11.899,-0.000,1.487,14.468
31.03,2.385,1.519,0.241,-11.899,-0.000,1.487,14.468
31.05,2.459,1.687,0.241,-11.899,-0.000,1.487,14.560
31.07,2.459,1.687,0.241,-11.899,-0.000,1.487,14.560
31.09,2.516,1.784,0.241,-11.899,-0.000,1.487,14.628
31.11,2.516,1.784,0.241,-11.899,-0.000,1.487,14.628
31.13,2.586,1.874,0.241,-11.899,-0.000,1.487,14.708
31.15,2.586,1.874,0.241,-11.899,-0.000,1.487,14.708
31.17,2.654,1.952,0.241,-11.899,-0.000,1.487,14.785
31.19,2.654,1.952,0.241,-11.899,-0.000,1.487,14.785
31.21,2.717,2.024,0.242,-11.899,-0.000,1.487,14.857
31.23,2.717,2.024,0.242,-11.899,-0.000,1.487,14.857
31.25,2.769,2.100,0.242,-11.899,-0.000,1.487,14.918
31.28,2.769,2.100,0.242,-11.899,-0.000,1.487,14.918
31.30,2.827,2.174,0.243,-11.899,-0.000,1.487,14.986
31.32,2.827,2.174,0.243,-11.899,-0.000,1.487,14.986
31.34,2.871,2.213,0.243,-11.899,-0.000,1.487,15.035
31.36,2.871,2.213,0.243,-11.899,-0.000,1.487,15.035
31.38,3.076,1.992,0.243,-11.899,-0.000,1.487,15.205
31.40,3.076,1.992,0.243,-11.899,-0.000,1.487,15.205
31.42,3.283,1.625,0.243,-11.899,-0.000,1.487,15.367
31.44,3.283,1.625,0.243,-11.899,-0.000,1.487,15.367
31.46,3.470,1.281,0.243,-11.899,-0.000,1.487,15.519
31.48,3.470,1.281,0.243,-11.899,-0.000,1.487,15.519
31.50,3.646,0.945,0.244,-11.899,-0.000,1.487,15.669
31.52,3.646,0.945,0.244,-11.899,-0.000,1.487,15.669
31.54,3.646,0.945,0.244,-11.899,-0.000,1.487,15.669
31.57,3.916,0.343,0.244,-11.899,-0.000,1.487,15.913
31.59,3.916,0.343,0.244,-11.899,-0.000,1.487,15.913
31.61,4.054,0.024,0.243,-11.899,-0.000,1.487,16.046
31.63,4.054,0.024,0.243,-11.899,-0.000,1.487,16.046
31.65,4.173,-0.275,0.243,-11.899,-0.000,1.487,16.167
31.67,4.173,-0.275,0.243,-11.899,-0.000,1.487,16.167
31.69,4.269,-0.552,0.242,-11.899,-0.000,1.487,16.269
31.71,4.269,-0.552,0.242,-11.899,-0.000,1.487,16.269
31.73,4.341,-0.804,0.240,-11.899,-0.000,1.487,16.351
31.75,4.341,-0.804,0.240,-11.899,-0.000,1.487,16.351
31.77,4.393,-1.048,0.239,-11.899,-0.000,1.487,16.417
31.79,4.393,-1.048,0.239,-11.899,-0.000,1.487,16.417
31.82,4.420,-1.275,0.237,-11.899,-0.000,1.487,16.459
31.84,4.420,-1.275,0.237,-11.899,-0.000,1.487,16.459
31.86,4.435,-1.534,0.233,-11.899,-0.000,1.487,16.495
31.88,4.435,-1.534,0.233,-11.899,-0.000,1.487,16.495
31.90,4.432,-1.728,0.230,-11.899,-0.000,1.487,16.512
31.92,4.432,-1.728,0.230,-11.899,-0.000,1.487,16.512
31.94,4.429,-1.909,0.226,-11.899,-0.000,1.487,16.528
31.96,4.429,-1.909,0.226,-11.899,-0.000,1.487,16.528
31.98,4.426,-2.094,0.223,-11.899,-0.000,1.487,16.547
32.00,4.426,-2.094,0.223,-11.899,-0.000,1.487,16.547
32.02,4.426,-2.094,0.223,-11.899,-0.000,1.487,16.547
32.04,4.369,-2.197,0.217,-11.899,-0.000,1.487,16.503
32.07,4.369,-2.197,0.217,-11.899,-0.000,1.487,16.503
32.09,4.036,-2.102,0.218,-11.899,-0.000,1.487,16.163
32.11,4.036,-2.102,0.218,-11.899,-0.000,1.487,16.163
32.13,4.036,-2.102,0.218,-11.899,-0.000,1.487,16.163
32.15,3.942,-2.143,0.214,-11.899,-0.000,1.487,16.075
32.17,3.942,-2.143,0.214,-11.899,-0.000,1.487,16.075
32.19,4.227,-2.011,0.208,-11.899,-0.000,1.487,16.339
32.21,4.227,-2.011,0.208,-11.899,-0.000,1.487,16.339
32.23,4.491,-1.890,0.203,-11.899,-0.000,1.487,16.585
32.25,4.491,-1.890,0.203,-11.899,-0.000,1.487,16.585
32.27,4.737,-1.783,0.198,-11.899,-0.000,1.487,16.816
32.29,4.737,-1.783,0.198,-11.899,-0.000,1.487,16.816
32.32,4.975,-1.666,0.194,-11.899,-0.000,1.487,17.039
32.34,4.975,-1.666,0.194,-11.899,-0.000,1.487,17.039
32.36,5.230,-1.517,0.192,-11.899,-0.000,1.487,17.278
32.38,5.230,-1.517,0.192,-11.899,-0.000,1.487,17.278
32.40,5.422,-1.432,0.191,-11.899,-0.000,1.487,17.460
32.42,5.422,-1.432,0.191,-11.899,-0.000,1.487,17.460
32.44,5.613,-1.280,0.192,-11.899,-0.000,1.487,17.639
32.46,5.613,-1.280,0.192,-11.899,-0.000,1.487,17.639
32.48,5.791,-1.076,0.194,-11.899,-0.000,1.487,17.802
32.50,5.791,-1.076,0.194,-11.899,-0.000,1.487,17.802
32.52,6.009,-0.795,0.199,-11.899,-0.000,1.487,18.005
32.54,6.009,-0.795,0.199,-11.899,-0.000,1.487,18.005
32.57,6.153,-0.596,0.202,-11.899,-0.000,1.487,18.141
32.59,6.153,-0.596,0.202,-11.899,-0.000,1.487,18.141
32.61,6.153,-0.596,0.202,-11.899,-0.000,1.487,18.141
32.63,6.344,-0.353,0.207,-11.899,-0.000,1.487,18.325
32.65,6.344,-0.353,0.207,-11.899,-0.000,1.487,18.325
32.67,6.473,-0.197,0.210,-11.899,-0.000,1.487,18.451
32.69,6.473,-0.197,0.210,-11.899,-0.000,1.487,18.451
32.71,6.603,-0.055,0.213,-11.899,-0.000,1.487,18.580
32.73,6.603,-0.055,0.213,-11.899,-0.000,1.487,18.580
32.75,6.718,0.093,0.216,-11.899,-0.000,1.487,18.695
32.77,6.718,0.093,0.216,-11.899,-0.000,1.487,18.695
32.79,6.826,0.240,0.219,-11.899,-0.000,1.487,18.804
32.82,6.826,0.240,0.219,-11.899,-0.000,1.487,18.804
32.84,6.932,0.404,0.222,-11.899,-0.000,1.487,18.912
32.86,6.932,0.404,0.222,-11.899,-0.000,1.487,18.912
32.88,7.005,0.529,0.224,-11.899,-0.000,1.487,18.989
32.90,7.005,0.529,0.224,-11.899,-0.000,1.487,18.989
32.92,7.083,0.632,0.224,-11.899,-0.000,1.487,19.070
32.94,7.083,0.632,0.224,-11.899,-0.000,1.487,19.070
32.96,7.166,0.715,0.224,-11.899,-0.000,1.487,19.154
32.98,7.166,0.715,0.224,-11.899,-0.000,1.487,19.154
33.00,7.251,0.793,0.223,-11.899,-0.000,1.487,19.243
33.02,7.251,0.793,0.223,-11.899,-0.000,1.487,19.243
33.04,7.361,0.917,0.221,-11.899,-0.000,1.487,19.357
33.06,7.361,0.917,0.221,-11.899,-0.000,1.487,19.357
33.09,7.451,1.009,0.219,-11.899,-0.000,1.487,19.451
33.11,7.451,1.009,0.219,-11.899,-0.000,1.487,19.451
33.13,7.451,1.009,0.219,-11.899,-0.000,1.487,19.451
33.15,7.575,1.120,0.216,-11.899,-0.000,1.487,19.580
33.17,7.575,1.120,0.216,-11.899,-0.000,1.487,19.580
33.19,7.672,1.200,0.213,-11.899,-0.000,1.487,19.681
33.21,7.672,1.200,0.213,-11.899,-0.000,1.487,19.681
33.23,7.758,1.271,0.210,-11.899,-0.000,1.487,19.771
33.25,7.758,1.271,0.210,-11.899,-0.000,1.487,19.771
33.27,7.829,1.344,0.207,-11.899,-0.000,1.487,19.846
33.29,7.829,1.344,0.207,-11.899,-0.000,1.487,19.846
33.31,7.897,1.424,0.203,-11.899,-0.000,1.487,19.919
33.34,7.897,1.424,0.203,-11.899,-0.000,1.487,19.919
33.36,7.977,1.520,0.198,-11.899,-0.000,1.487,20.005
33.38,7.977,1.520,0.198,-11.899,-0.000,1.487,20.005
33.40,8.049,1.582,0.193,-11.899,-0.000,1.487,20.081
33.42,8.049,1.582,0.193,-11.899,-0.000,1.487,20.081
33.44,8.134,1.639,0.188,-11.899,-0.000,1.487,20.170
33.46,8.134,1.639,0.188,-11.899,-0.000,1.487,20.170
33.48,8.224,1.690,0.183,-11.899,-0.000,1.487,20.263
33.50,8.224,1.690,0.183,-11.899,-0.000,1.487,20.263
33.52,8.301,1.727,0.177,-11.899,-0.000,1.487,20.342
33.54,8.301,1.727,0.177,-11.899,-0.000,1.487,20.342
33.56,8.390,1.758,0.170,-11.899,-0.000,1.487,20.432
33.58,8.390,1.758,0.170,-11.899,-0.000,1.487,20.432
33.61,8.390,1.758,0.170,-11.899,-0.000,1.487,20.432
33.63,8.449,1.766,0.161,-11.899,-0.000,1.487,20.491
33.65,8.449,1.766,0.161,-11.899,-0.000,1.487,20.491
33.67,8.476,1.761,0.155,-11.899,-0.000,1.487,20.516
33.69,8.476,1.761,0.155,-11.899,-0.000,1.487,20.516
33.71,8.495,1.758,0.148,-11.899,-0.000,1.487,20.534
33.73,8.495,1.758,0.148,-11.899,-0.000,1.487,20.534
33.75,8.506,1.761,0.141,-11.899,-0.000,1.487,20.545
33.77,8.506,1.761,0.141,-11.899,-0.000,1.487,20.545
33.79,8.503,1.784,0.135,-11.899,-0.000,1.487,20.544
33.81,8.503,1.784,0.135,-11.899,-0.000,1.487,20.544
33.83,8.495,1.819,0.128,-11.899,-0.000,1.487,20.539
33.86,8.495,1.819,0.128,-11.899,-0.000,1.487,20.539
33.88,8.475,1.858,0.121,-11.899,-0.000,1.487,20.522
33.90,8.475,1.858,0.121,-11.899,-0.000,1.487,20.522
33.92,8.440,1.876,0.116,-11.899,-0.000,1.487,20.488
33.94,8.440,1.876,0.116,-11.899,-0.000,1.487,20.488
33.96,8.398,1.892,0.110,-11.899,-0.000,1.487,20.447
33.98,8.398,1.892,0.110,-11.899,-0.000,1.487,20.447
34.00,8.354,1.906,0.105,-11.899,-0.000,1.487,20.404
34.02,8.354,1.906,0.105,-11.899,-0.000,1.487,20.404
34.04,8.313,1.901,0.099,-11.899,-0.000,1.487,20.363
34.06,8.313,1.901,0.099,-11.899,-0.000,1.487,20.363
34.08,8.274,1.868,0.092,-11.899,-0.000,1.487,20.321
34.11,8.274,1.868,0.092,-11.899,-0.000,1.487,20.321
34.13,8.274,1.868,0.092,-11.899,-0.000,1.487,20.321
34.15,8.238,1.816,0.085,-11.899,-0.000,1.487,20.279
34.17,8.238,1.816,0.085,-11.899,-0.000,1.487,20.279
34.19,8.234,1.764,0.080,-11.899,-0.000,1.487,20.270
34.21,8.234,1.764,0.080,-11.899,-0.000,1.487,20.270
34.23,8.240,1.696,0.076,-11.899,-0.000,1.487,20.271
34.25,8.240,1.696,0.076,-11.899,-0.000,1.487,20.271
34.27,8.260,1.621,0.072,-11.899,-0.000,1.487,20.284
34.29,8.260,1.621,0.072,-11.899,-0.000,1.487,20.284
34.31,8.265,1.552,0.067,-11.899,-0.000,1.487,20.283
34.34,8.265,1.552,0.067,-11.899,-0.000,1.487,20.283
34.36,8.256,1.492,0.062,-11.899,-0.000,1.487,20.269
34.38,8.256,1.492,0.062,-11.899,-0.000,1.487,20.269
34.40,8.230,1.452,0.058,-11.899,-0.000,1.487,20.240
34.42,8.230,1.452,0.058,-11.899,-0.000,1.487,20.240
34.44,8.187,1.428,0.055,-11.899,-0.000,1.487,20.195
34.46,8.187,1.428,0.055,-11.899,-0.000,1.487,20.195
34.48,8.158,1.405,0.053,-11.899,-0.000,1.487,20.165
34.50,8.158,1.405,0.053,-11.899,-0.000,1.487,20.165
34.52,8.145,1.392,0.051,-11.899,-0.000,1.487,20.151
34.54,8.145,1.392,0.051,-11.899,-0.000,1.487,20.151
34.56,8.168,1.386,0.049,-11.899,-0.000,1.487,20.173
34.59,8.168,1.386,0.049,-11.899,-0.000,1.487,20.173
34.61,8.202,1.404,0.047,-11.899,-0.000,1.487,20.208
34.63,8.202,1.404,0.047,-11.899,-0.000,1.487,20.208
34.65,8.202,1.404,0.047,-11.899,-0.000,1.487,20.208
34.67,8.239,1.448,0.045,-11.899,-0.000,1.487,20.248
34.69,8.239,1.448,0.045,-11.899,-0.000,1.487,20.248
34.71,8.266,1.482,0.044,-11.899,-0.000,1.487,20.278
34.73,8.266,1.482,0.044,-11.899,-0.000,1.487,20.278
34.75,8.302,1.526,0.042,-11.899,-0.000,1.487,20.316
34.77,8.302,1.526,0.042,-11.899,-0.000,1.487,20.316
34.79,8.337,1.559,0.043,-11.899,-0.000,1.487,20.354
34.81,8.337,1.559,0.043,-11.899,-0.000,1.487,20.354
34.83,8.383,1.600,0.043,-11.899,-0.000,1.487,20.402
34.86,8.383,1.600,0.043,-11.899,-0.000,1.487,20.402
34.88,8.467,1.666,0.043,-11.899,-0.000,1.487,20.491
34.90,8.467,1.666,0.043,-11.899,-0.000,1.487,20.491
34.92,8.540,1.723,0.043,-11.899,-0.000,1.487,20.568
34.94,8.540,1.723,0.043,-11.899,-0.000,1.487,20.568
34.96,8.608,1.783,0.043,-11.899,-0.000,1.487,20.641
34.98,8.608,1.783,0.043,-11.899,-0.000,1.487,20.641
35.00,8.671,1.835,0.044,-11.899,-0.000,1.487,20.708
35.02,8.671,1.835,0.044,-11.899,-0.000,1.487,20.708
35.04,8.732,1.861,0.045,-11.899,-0.000,1.487,20.771
35.06,8.732,1.861,0.045,-11.899,-0.000,1.487,20.771
35.08,8.825,1.863,0.047,-11.899,-0.000,1.487,20.864
35.11,8.825,1.863,0.047,-11.899,-0.000,1.487,20.864
35.13,8.825,1.863,0.047,-11.899,-0.000,1.487,20.864
35.15,8.911,1.821,0.049,-11.899,-0.000,1.487,20.946
35.17,8.911,1.821,0.049,-11.899,-0.000,1.487,20.946
35.19,8.953,1.774,0.050,-11.899,-0.000,1.487,20.983
35.21,8.953,1.774,0.050,-11.899,-0.000,1.487,20.983
35.23,8.953,1.774,0.050,-11.899,-0.000,1.487,20.983
35.25,8.965,1.695,0.050,-11.899,-0.000,1.487,20.989
35.27,8.965,1.695,0.050,-11.899,-0.000,1.487,20.989
35.29,8.936,1.653,0.050,-11.899,-0.000,1.487,20.957
35.31,8.936,1.653,0.050,-11.899,-0.000,1.487,20.957
35.34,8.888,1.621,0.050,-11.899,-0.000,1.487,20.907
35.36,8.888,1.621,0.050,-11.899,-0.000,1.487,20.907
35.38,8.816,1.608,0.050,-11.899,-0.000,1.487,20.834
35.40,8.816,1.608,0.050,-11.899,-0.000,1.487,20.834
35.42,8.759,1.611,0.050,-11.899,-0.000,1.487,20.777
35.44,8.759,1.611,0.050,-11.899,-0.000,1.487,20.777
35.46,8.698,1.607,0.050,-11.899,-0.000,1.487,20.717
35.48,8.698,1.607,0.050,-11.899,-0.000,1.487,20.717
35.50,8.637,1.602,0.051,-11.899,-0.000,1.487,20.656
35.52,8.637,1.602,0.051,-11.899,-0.000,1.487,20.656
35.54,8.565,1.604,0.052,-11.899,-0.000,1.487,20.584
35.56,8.565,1.604,0.052,-11.899,-0.000,1.487,20.584
35.59,8.484,1.612,0.053,-11.899,-0.000,1.487,20.504
35.61,8.484,1.612,0.053,-11.899,-0.000,1.487,20.504
35.63,8.432,1.608,0.054,-11.899,-0.000,1.487,20.453
35.65,8.432,1.608,0.054,-11.899,-0.000,1.487,20.453
35.67,8.401,1.597,0.055,-11.899,-0.000,1.487,20.421
35.69,8.401,1.597,0.055,-11.899,-0.000,1.487,20.421
35.71,8.401,1.597,0.055,-11.899,-0.000,1.487,20.421
35.73,8.364,1.596,0.057,-11.899,-0.000,1.487,20.384
35.75,8.364,1.596,0.057,-11.899,-0.000,1.487,20.384
35.77,8.340,1.605,0.058,-11.899,-0.000,1.487,20.361
35.79,8.340,1.605,0.058,-11.899,-0.000,1.487,20.361
35.81,8.326,1.625,0.059,-11.899,-0.000,1.487,20.349
35.83,8.326,1.625,0.059,-11.899,-0.000,1.487,20.349
35.86,8.321,1.646,0.060,-11.899,-0.000,1.487,20.346
35.88,8.321,1.646,0.060,-11.899,-0.000,1.487,20.346
35.90,8.312,1.679,0.061,-11.899,-0.000,1.487,20.339
35.92,8.312,1.679,0.061,-11.899,-0.000,1.487,20.339
35.94,8.309,1.720,0.062,-11.899,-0.000,1.487,20.340
35.96,8.309,1.720,0.062,-11.899,-0.000,1.487,20.340
35.98,8.299,1.751,0.063,-11.899,-0.000,1.487,20.333
36.00,8.299,1.751,0.063,-11.899,-0.000,1.487,20.333
36.02,8.281,1.787,0.064,-11.899,-0.000,1.487,20.318
36.04,8.281,1.787,0.064,-11.899,-0.000,1.487,20.318
36.06,8.249,1.822,0.065,-11.899,-0.000,1.487,20.289
36.08,8.249,1.822,0.065,-11.899,-0.000,1.487,20.289
36.10,8.220,1.870,0.067,-11.899,-0.000,1.487,20.265
36.13,8.220,1.870,0.067,-11.899,-0.000,1.487,20.265
36.15,8.203,1.913,0.068,-11.899,-0.000,1.487,20.253
36.17,8.203,1.913,0.068,-11.899,-0.000,1.487,20.253
36.19,8.173,1.961,0.069,-11.899,-0.000,1.487,20.227
36.21,8.173,1.961,0.069,-11.899,-0.000,1.487,20.227
36.23,8.173,1.961,0.069,-11.899,-0.000,1.487,20.227
36.25,8.089,2.050,0.071,-11.899,-0.000,1.487,20.153
36.27,8.089,2.050,0.071,-11.899,-0.000,1.487,20.153
36.29,8.018,2.123,0.072,-11.899,-0.000,1.487,20.090
36.31,8.018,2.123,0.072,-11.899,-0.000,1.487,20.090
36.33,7.951,2.219,0.073,-11.899,-0.000,1.487,20.034
36.35,7.951,2.219,0.073,-11.899,-0.000,1.487,20.034
36.37,7.886,2.311,0.074,-11.899,-0.000,1.487,19.981
36.40,7.886,2.311,0.074,-11.899,-0.000,1.487,19.981
36.42,7.798,2.396,0.077,-11.899,-0.000,1.487,19.904
36.44,7.798,2.396,0.077,-11.899,-0.000,1.487,19.904
36.46,7.718,2.449,0.078,-11.899,-0.000,1.487,19.831
36.48,7.718,2.449,0.078,-11.899,-0.000,1.487,19.831
36.50,7.628,2.486,0.080,-11.899,-0.000,1.487,19.747
36.52,7.628,2.486,0.080,-11.899,-0.000,1.487,19.747
36.54,7.525,2.516,0.081,-11.899,-0.000,1.487,19.649
36.56,7.525,2.516,0.081,-11.899,-0.000,1.487,19.649
36.58,7.423,2.560,0.082,-11.899,-0.000,1.487,19.554
36.60,7.423,2.560,0.082,-11.899,-0.000,1.487,19.554
36.62,7.315,2.606,0.084,-11.899,-0.000,1.487,19.454
36.65,7.315,2.606,0.084,-11.899,-0.000,1.487,19.454
36.67,7.225,2.649,0.085,-11.899,-0.000,1.487,19.370
36.69,7.225,2.649,0.085,-11.899,-0.000,1.487,19.370
36.71,7.126,2.682,0.087,-11.899,-0.000,1.487,19.277
36.73,7.126,2.682,0.087,-11.899,-0.000,1.487,19.277
36.75,7.126,2.682,0.087,-11.899,-0.000,1.487,19.277
36.77,6.947,2.727,0.089,-11.899,-0.000,1.487,19.107
36.79,6.947,2.727,0.089,-11.899,-0.000,1.487,19.107
36.81,6.821,2.745,0.090,-11.899,-0.000,1.487,18.986
36.83,6.821,2.745,0.090,-11.899,-0.000,1.487,18.986
36.85,6.706,2.740,0.092,-11.899,-0.000,1.487,18.872
36.87,6.706,2.740,0.092,-11.899,-0.000,1.487,18.872
36.89,6.604,2.712,0.095,-11.899,-0.000,1.487,18.767
36.92,6.604,2.712,0.095,-11.899,-0.000,1.487,18.767
36.94,6.500,2.664,0.097,-11.899,-0.000,1.487,18.659
36.96,6.500,2.664,0.097,-11.899,-0.000,1.487,18.659
36.98,6.433,2.627,0.099,-11.899,-0.000,1.487,18.587
37.00,6.433,2.627,0.099,-11.899,-0.000,1.487,18.587
37.02,6.385,2.591,0.100,-11.899,-0.000,1.487,18.535
37.04,6.385,2.591,0.100,-11.899,-0.000,1.487,18.535
37.06,6.333,2.554,0.101,-11.899,-0.000,1.487,18.478
37.08,6.333,2.554,0.101,-11.899,-0.000,1.487,18.478
37.10,6.267,2.523,0.102,-11.899,-0.000,1.487,18.409
37.12,6.267,2.523,0.102,-11.899,-0.000,1.487,18.409
37.14,6.174,2.482,0.103,-11.899,-0.000,1.487,18.312
37.17,6.174,2.482,0.103,-11.899,-0.000,1.487,18.312
37.19,6.107,2.443,0.104,-11.899,-0.000,1.487,18.241
37.21,6.107,2.443,0.104,-11.899,-0.000,1.487,18.241
37.23,6.107,2.443,0.104,-11.899,-0.000,1.487,18.241
37.25,6.014,2.376,0.106,-11.899,-0.000,1.487,18.140
37.27,6.014,2.376,0.106,-11.899,-0.000,1.487,18.140
37.29,5.952,2.329,0.108,-11.899,-0.000,1.487,18.073
37.31,5.952,2.329,0.108,-11.899,-0.000,1.487,18.073
37.33,5.895,2.269,0.109,-11.899,-0.000,1.487,18.009
37.35,5.895,2.269,0.109,-11.899,-0.000,1.487,18.009
37.37,5.847,2.201,0.111,-11.899,-0.000,1.487,17.953
37.39,5.847,2.201,0.111,-11.899,-0.000,1.487,17.953
37.41,5.792,2.131,0.112,-11.899,-0.000,1.487,17.890
37.43,5.792,2.131,0.112,-11.899,-0.000,1.487,17.890
37.46,5.741,2.071,0.113,-11.899,-0.000,1.487,17.833
37.48,5.741,2.071,0.113,-11.899,-0.000,1.487,17.833
37.50,5.683,2.009,0.115,-11.899,-0.000,1.487,17.769
37.52,5.683,2.009,0.115,-11.899,-0.000,1.487,17.769
37.54,5.643,1.942,0.117,-11.899,-0.000,1.487,17.721
37.56,5.643,1.942,0.117,-11.899,-0.000,1.487,17.721
37.58,5.601,1.884,0.118,-11.899,-0.000,1.487,17.674
37.60,5.601,1.884,0.118,-11.899,-0.000,1.487,17.674
37.62,5.556,1.829,0.120,-11.899,-0.000,1.487,17.624
37.64,5.556,1.829,0.120,-11.899,-0.000,1.487,17.624
37.66,5.498,1.785,0.121,-11.899,-0.000,1.487,17.562
37.68,5.498,1.785,0.121,-11.899,-0.000,1.487,17.562
37.71,5.436,1.772,0.122,-11.899,-0.000,1.487,17.500
37.73,5.436,1.772,0.122,-11.899,-0.000,1.487,17.500
37.75,5.436,1.772,0.122,-11.899,-0.000,1.487,17.500
37.77,5.312,1.779,0.123,-11.899,-0.000,1.487,17.377
37.79,5.312,1.779,0.123,-11.899,-0.000,1.487,17.377
37.81,5.218,1.778,0.123,-11.899,-0.000,1.487,17.284
37.83,5.218,1.778,0.123,-11.899,-0.000,1.487,17.284
37.85,5.124,1.763,0.125,-11.899,-0.000,1.487,17.189
37.87,5.124,1.763,0.125,-11.899,-0.000,1.487,17.189
37.89,5.030,1.758,0.126,-11.899,-0.000,1.487,17.096
37.91,5.030,1.758,0.126,-11.899,-0.000,1.487,17.096
37.93,4.925,1.757,0.127,-11.899,-0.000,1.487,16.992
37.95,4.925,1.757,0.127,-11.899,-0.000,1.487,16.992
37.98,4.811,1.759,0.128,-11.899,-0.000,1.487,16.880
38.00,4.811,1.759,0.128,-11.899,-0.000,1.487,16.880
38.02,4.676,1.777,0.129,-11.899,-0.000,1.487,16.748
38.04,4.676,1.777,0.129,-11.899,-0.000,1.487,16.748
38.06,4.582,1.792,0.129,-11.899,-0.000,1.487,16.656
38.08,4.582,1.792,0.129,-11.899,-0.000,1.487,16.656
38.10,4.492,1.814,0.130,-11.899,-0.000,1.487,16.570
38.12,4.492,1.814,0.130,-11.899,-0.000,1.487,16.570
38.14,4.400,1.834,0.131,-11.899,-0.000,1.487,16.482
38.16,4.400,1.834,0.131,-11.899,-0.000,1.487,16.482
38.18,4.306,1.854,0.132,-11.899,-0.000,1.487,16.390
38.20,4.306,1.854,0.132,-11.899,-0.000,1.487,16.390
38.23,4.183,1.887,0.133,-11.899,-0.000,1.487,16.273
38.25,4.183,1.887,0.133,-11.899,-0.000,1.487,16.273
38.27,4.183,1.887,0.133,-11.899,-0.000,1.487,16.273
38.29,4.024,1.919,0.134,-11.899,-0.000,1.487,16.120
38.31,4.024,1.919,0.134,-11.899,-0.000,1.487,16.120
38.33,3.948,1.948,0.135,-11.899,-0.000,1.487,16.048
38.35,3.948,1.948,0.135,-11.899,-0.000,1.487,16.048
38.37,3.890,1.972,0.136,-11.899,-0.000,1.487,15.994
38.39,3.890,1.972,0.136,-11.899,-0.000,1.487,15.994
38.41,3.837,1.997,0.137,-11.899,-0.000,1.487,15.946
38.43,3.837,1.997,0.137,-11.899,-0.000,1.487,15.946
38.45,3.802,2.022,0.138,-11.899,-0.000,1.487,15.914
38.48,3.802,2.022,0.138,-11.899,-0.000,1.487,15.914
38.50,3.766,2.042,0.139,-11.899,-0.000,1.487,15.881
38.52,3.766,2.042,0.139,-11.899,-0.000,1.487,15.881
38.54,3.753,2.050,0.140,-11.899,-0.000,1.487,15.869
38.56,3.753,2.050,0.140,-11.899,-0.000,1.487,15.869
38.58,3.742,2.049,0.141,-11.899,-0.000,1.487,15.858
38.60,3.742,2.049,0.141,-11.899,-0.000,1.487,15.858
38.62,3.729,2.040,0.142,-11.899,-0.000,1.487,15.844
38.64,3.729,2.040,0.142,-11.899,-0.000,1.487,15.844
38.66,3.725,2.034,0.142,-11.899,-0.000,1.487,15.840
38.68,3.725,2.034,0.142,-11.899,-0.000,1.487,15.840
38.70,3.727,2.047,0.143,-11.899,-0.000,1.487,15.844
38.73,3.727,2.047,0.143,-11.899,-0.000,1.487,15.844
38.75,3.727,2.047,0.143,-11.899,-0.000,1.487,15.844
38.77,3.750,2.061,0.144,-11.899,-0.000,1.487,15.868
38.79,3.750,2.061,0.144,-11.899,-0.000,1.487,15.868
38.81,3.780,2.054,0.145,-11.899,-0.000,1.487,15.897
38.83,3.780,2.054,0.145,-11.899,-0.000,1.487,15.897
38.85,3.817,2.039,0.145,-11.899,-0.000,1.487,15.932
38.87,3.817,2.039,0.145,-11.899,-0.000,1.487,15.932
38.89,3.852,2.020,0.147,-11.899,-0.000,1.487,15.964
38.91,3.852,2.020,0.147,-11.899,-0.000,1.487,15.964
38.93,3.890,2.001,0.148,-11.899,-0.000,1.487,15.999
38.95,3.890,2.001,0.148,-11.899,-0.000,1.487,15.999
38.97,3.925,2.002,0.149,-11.899,-0.000,1.487,16.034
38.99,3.925,2.002,0.149,-11.899,-0.000,1.487,16.034
39.02,3.968,2.026,0.149,-11.899,-0.000,1.487,16.079
39.04,3.968,2.026,0.149,-11.899,-0.000,1.487,16.079
39.06,4.036,2.057,0.150,-11.899,-0.000,1.487,16.150
39.08,4.036,2.057,0.150,-11.899,-0.000,1.487,16.150
39.10,4.101,2.070,0.151,-11.899,-0.000,1.487,16.217
39.12,4.101,2.070,0.151,-11.899,-0.000,1.487,16.217
39.14,4.173,2.090,0.151,-11.899,-0.000,1.487,16.290
39.16,4.173,2.090,0.151,-11.899,-0.000,1.487,16.290
39.18,4.246,2.105,0.152,-11.899,-0.000,1.487,16.363
39.20,4.246,2.105,0.152,-11.899,-0.000,1.487,16.363
39.22,4.302,2.111,0.153,-11.899,-0.000,1.487,16.420
39.24,4.302,2.111,0.153,-11.899,-0.000,1.487,16.420
39.27,4.302,2.111,0.153,-11.899,-0.000,1.487,16.420
39.29,4.378,2.102,0.154,-11.899,-0.000,1.487,16.493
39.31,4.378,2.102,0.154,-11.899,-0.000,1.487,16.493
39.33,4.418,2.104,0.154,-11.899,-0.000,1.487,16.533
39.35,4.418,2.104,0.154,-11.899,-0.000,1.487,16.533
39.37,4.466,2.107,0.155,-11.899,-0.000,1.487,16.581
39.39,4.466,2.107,0.155,-11.899,-0.000,1.487,16.581
39.41,4.538,2.114,0.156,-11.899,-0.000,1.487,16.654
39.43,4.538,2.114,0.156,-11.899,-0.000,1.487,16.654
39.45,4.624,2.122,0.156,-11.899,-0.000,1.487,16.739
39.47,4.624,2.122,0.156,-11.899,-0.000,1.487,16.739
39.49,4.706,2.139,0.157,-11.899,-0.000,1.487,16.823
39.52,4.706,2.139,0.157,-11.899,-0.000,1.487,16.823
39.54,4.795,2.150,0.158,-11.899,-0.000,1.487,16.912
39.56,4.795,2.150,0.158,-11.899,-0.000,1.487,16.912
39.58,4.864,2.153,0.158,-11.899,-0.000,1.487,16.981
39.60,4.864,2.153,0.158,-11.899,-0.000,1.487,16.981
39.62,4.928,2.169,0.159,-11.899,-0.000,1.487,17.046
39.64,4.928,2.169,0.159,-11.899,-0.000,1.487,17.046
39.66,4.984,2.182,0.160,-11.899,-0.000,1.487,17.103
39.68,4.984,2.182,0.160,-11.899,-0.000,1.487,17.103
39.70,5.042,2.207,0.160,-11.899,-0.000,1.487,17.163
39.72,5.042,2.207,0.160,-11.899,-0.000,1.487,17.163
39.75,5.042,2.207,0.160,-11.899,-0.000,1.487,17.163
39.77,5.137,2.263,0.161,-11.899,-0.000,1.487,17.264
39.79,5.137,2.263,0.161,-11.899,-0.000,1.487,17.264
39.81,5.175,2.311,0.161,-11.899,-0.000,1.487,17.308
39.83,5.175,2.311,0.161,-11.899,-0.000,1.487,17.308
39.85,5.215,2.353,0.161,-11.899,-0.000,1.487,17.354
39.87,5.215,2.353,0.161,-11.899,-0.000,1.487,17.354
39.89,5.266,2.385,0.161,-11.899,-0.000,1.487,17.408
39.91,5.266,2.385,0.161,-11.899,-0.000,1.487,17.408
39.93,5.320,2.400,0.162,-11.899,-0.000,1.487,17.464
39.95,5.320,2.400,0.162,-11.899,-0.000,1.487,17.464
39.97,5.371,2.404,0.162,-11.899,-0.000,1.487,17.515
39.99,5.371,2.404,0.162,-11.899,-0.000,1.487,17.515
40.02,5.413,2.397,0.164,-11.899,-0.000,1.487,17.555
40.04,5.413,2.397,0.164,-11.899,-0.000,1.487,17.555
40.06,5.460,2.364,0.164,-11.899,-0.000,1.487,17.597
40.08,5.460,2.364,0.164,-11.899,-0.000,1.487,17.597
40.10,5.496,2.342,0.165,-11.899,-0.000,1.487,17.629
40.12,5.496,2.342,0.165,-11.899,-0.000,1.487,17.629
40.14,5.527,2.329,0.165,-11.899,-0.000,1.487,17.658
40.16,5.527,2.329,0.165,-11.899,-0.000,1.487,17.658
40.18,5.549,2.328,0.165,-11.899,-0.000,1.487,17.680
40.20,5.549,2.328,0.165,-11.899,-0.000,1.487,17.680
40.22,5.577,2.350,0.165,-11.899,-0.000,1.487,17.710
40.25,5.577,2.350,0.165,-11.899,-0.000,1.487,17.710
40.27,5.577,2.350,0.165,-11.899,-0.000,1.487,17.710
40.29,5.623,2.403,0.165,-11.899,-0.000,1.487,17.762
40.31,5.623,2.403,0.165,-11.899,-0.000,1.487,17.762
40.33,5.634,2.433,0.165,-11.899,-0.000,1.487,17.778
40.35,5.634,2.433,0.165,-11.899,-0.000,1.487,17.778
40.37,5.635,2.462,0.166,-11.899,-0.000,1.487,17.783
40.39,5.635,2.462,0.166,-11.899,-0.000,1.487,17.783
40.41,5.637,2.474,0.166,-11.899,-0.000,1.487,17.787
40.43,5.637,2.474,0.166,-11.899,-0.000,1.487,17.787
40.45,5.647,2.473,0.166,-11.899,-0.000,1.487,17.797
40.47,5.647,2.473,0.166,-11.899,-0.000,1.487,17.797
40.50,5.657,2.450,0.167,-11.899,-0.000,1.487,17.802
40.52,5.657,2.450,0.167,-11.899,-0.000,1.487,17.802
40.54,5.677,2.389,0.169,-11.899,-0.000,1.487,17.815
40.56,5.677,2.389,0.169,-11.899,-0.000,1.487,17.815
40.58,5.701,2.312,0.171,-11.899,-0.000,1.487,17.829
40.60,5.701,2.312,0.171,-11.899,-0.000,1.487,17.829
40.62,5.735,2.218,0.172,-11.899,-0.000,1.487,17.850
40.64,5.735,2.218,0.172,-11.899,-0.000,1.487,17.850
40.66,5.763,2.109,0.174,-11.899,-0.000,1.487,17.864
40.68,5.763,2.109,0.174,-11.899,-0.000,1.487,17.864
40.70,5.774,2.003,0.176,-11.899,-0.000,1.487,17.864
40.72,5.774,2.003,0.176,-11.899,-0.000,1.487,17.864
40.74,5.773,1.899,0.178,-11.899,-0.000,1.487,17.851
40.77,5.773,1.899,0.178,-11.899,-0.000,1.487,17.851
40.79,5.773,1.899,0.178,-11.899,-0.000,1.487,17.851
40.81,5.758,1.817,0.180,-11.899,-0.000,1.487,17.828
40.83,5.758,1.817,0.180,-11.899,-0.000,1.487,17.828
40.85,5.740,1.794,0.181,-11.899,-0.000,1.487,17.808
40.87,5.740,1.794,0.181,-11.899,-0.000,1.487,17.808
40.89,5.715,1.795,0.181,-11.899,-0.000,1.487,17.784
40.91,5.715,1.795,0.181,-11.899,-0.000,1.487,17.784
40.93,5.705,1.814,0.181,-11.899,-0.000,1.487,17.776
40.95,5.705,1.814,0.181,-11.899,-0.000,1.487,17.776
40.97,5.699,1.843,0.182,-11.899,-0.000,1.487,17.773
40.99,5.699,1.843,0.182,-11.899,-0.000,1.487,17.773
41.02,5.709,1.888,0.182,-11.899,-0.000,1.487,17.787
41.04,5.709,1.888,0.182,-11.899,-0.000,1.487,17.787
41.06,5.731,1.965,0.182,-11.899,-0.000,1.487,17.817
41.08,5.731,1.965,0.182,-11.899,-0.000,1.487,17.817
41.10,5.746,2.031,0.182,-11.899,-0.000,1.487,17.839
41.12,5.746,2.031,0.182,-11.899,-0.000,1.487,17.839
41.14,5.749,2.110,0.182,-11.899,-0.000,1.487,17.852
41.16,5.749,2.110,0.182,-11.899,-0.000,1.487,17.852
41.18,5.749,2.196,0.182,-11.899,-0.000,1.487,17.863
41.20,5.749,2.196,0.182,-11.899,-0.000,1.487,17.863
41.22,5.753,2.303,0.182,-11.899,-0.000,1.487,17.880
41.25,5.753,2.303,0.182,-11.899,-0.000,1.487,17.880
41.27,5.753,2.303,0.182,-11.899,-0.000,1.487,17.880
41.29,5.763,2.423,0.183,-11.899,-0.000,1.487,17.905
41.31,5.763,2.423,0.183,-11.899,-0.000,1.487,17.905
41.33,5.767,2.493,0.184,-11.899,-0.000,1.487,17.919
41.35,5.767,2.493,0.184,-11.899,-0.000,1.487,17.919
41.37,5.763,2.567,0.184,-11.899,-0.000,1.487,17.925
41.39,5.763,2.567,0.184,-11.899,-0.000,1.487,17.925
41.41,5.745,2.629,0.185,-11.899,-0.000,1.487,17.917
41.43,5.745,2.629,0.185,-11.899,-0.000,1.487,17.917
41.45,5.710,2.686,0.186,-11.899,-0.000,1.487,17.891
41.47,5.710,2.686,0.186,-11.899,-0.000,1.487,17.891
41.50,5.672,2.744,0.187,-11.899,-0.000,1.487,17.862
41.52,5.672,2.744,0.187,-11.899,-0.000,1.487,17.862
41.54,5.623,2.811,0.187,-11.899,-0.000,1.487,17.825
41.56,5.623,2.811,0.187,-11.899,-0.000,1.487,17.825
41.58,5.578,2.854,0.188,-11.899,-0.000,1.487,17.787
41.60,5.578,2.854,0.188,-11.899,-0.000,1.487,17.787
41.62,5.536,2.891,0.189,-11.899,-0.000,1.487,17.752
41.64,5.536,2.891,0.189,-11.899,-0.000,1.487,17.752
41.66,5.493,2.937,0.190,-11.899,-0.000,1.487,17.717
41.68,5.493,2.937,0.190,-11.899,-0.000,1.487,17.717
41.70,5.451,2.982,0.190,-11.899,-0.000,1.487,17.685
41.72,5.451,2.982,0.190,-11.899,-0.000,1.487,17.685
41.74,5.412,3.020,0.191,-11.899,-0.000,1.487,17.652
41.77,5.412,3.020,0.191,-11.899,-0.000,1.487,17.652
41.79,5.412,3.020,0.191,-11.899,-0.000,1.487,17.652
41.81,5.334,3.045,0.193,-11.899,-0.000,1.487,17.580
41.83,5.334,3.045,0.193,-11.899,-0.000,1.487,17.580
41.85,5.269,3.043,0.194,-11.899,-0.000,1.487,17.516
41.87,5.269,3.043,0.194,-11.899,-0.000,1.487,17.516
41.89,5.202,3.033,0.195,-11.899,-0.000,1.487,17.449
41.91,5.202,3.033,0.195,-11.899,-0.000,1.487,17.449
41.93,5.137,3.034,0.195,-11.899,-0.000,1.487,17.385
41.95,5.137,3.034,0.195,-11.899,-0.000,1.487,17.385
41.97,5.087,3.040,0.196,-11.899,-0.000,1.487,17.338
41.99,5.087,3.040,0.196,-11.899,-0.000,1.487,17.338
42.02,5.048,3.052,0.196,-11.899,-0.000,1.487,17.302
42.04,5.048,3.052,0.196,-11.899,-0.000,1.487,17.302
42.06,5.030,3.078,0.196,-11.899,-0.000,1.487,17.289
42.08,5.030,3.078,0.196,-11.899,-0.000,1.487,17.289
42.10,5.030,3.110,0.196,-11.899,-0.000,1.487,17.295
42.12,5.030,3.110,0.196,-11.899,-0.000,1.487,17.295
42.14,5.038,3.146,0.197,-11.899,-0.000,1.487,17.309
42.16,5.038,3.146,0.197,-11.899,-0.000,1.487,17.309
42.18,5.044,3.189,0.197,-11.899,-0.000,1.487,17.323
42.20,5.044,3.189,0.197,-11.899,-0.000,1.487,17.323
42.22,5.038,3.242,0.197,-11.899,-0.000,1.487,17.326
42.24,5.038,3.242,0.197,-11.899,-0.000,1.487,17.326
42.27,5.038,3.242,0.197,-11.899,-0.000,1.487,17.326
42.29,4.992,3.330,0.197,-11.899,-0.000,1.487,17.298
42.31,4.992,3.330,0.197,-11.899,-0.000,1.487,17.298
42.33,4.975,3.364,0.197,-11.899,-0.000,1.487,17.288
42.35,4.975,3.364,0.197,-11.899,-0.000,1.487,17.288
42.37,4.966,3.387,0.197,-11.899,-0.000,1.487,17.284
42.39,4.966,3.387,0.197,-11.899,-0.000,1.487,17.284
42.41,4.955,3.382,0.197,-11.899,-0.000,1.487,17.272
42.43,4.955,3.382,0.197,-11.899,-0.000,1.487,17.272
42.45,4.943,3.352,0.197,-11.899,-0.000,1.487,17.254
42.47,4.943,3.352,0.197,-11.899,-0.000,1.487,17.254
42.49,4.932,3.322,0.196,-11.899,-0.000,1.487,17.238
42.51,4.932,3.322,0.196,-11.899,-0.000,1.487,17.238
42.53,4.921,3.297,0.196,-11.899,-0.000,1.487,17.223
42.56,4.921,3.297,0.196,-11.899,-0.000,1.487,17.223
42.58,4.923,3.276,0.196,-11.899,-0.000,1.487,17.220
42.60,4.923,3.276,0.196,-11.899,-0.000,1.487,17.220
42.62,4.928,3.273,0.196,-11.899,-0.000,1.487,17.224
42.64,4.928,3.273,0.196,-11.899,-0.000,1.487,17.224
42.66,4.928,3.259,0.195,-11.899,-0.000,1.487,17.222
42.68,4.928,3.259,0.195,-11.899,-0.000,1.487,17.222
42.70,4.919,3.228,0.195,-11.899,-0.000,1.487,17.208
42.72,4.919,3.228,0.195,-11.899,-0.000,1.487,17.208
42.74,4.895,3.189,0.195,-11.899,-0.000,1.487,17.177
42.76,4.895,3.189,0.195,-11.899,-0.000,1.487,17.177
42.78,4.895,3.189,0.195,-11.899,-0.000,1.487,17.177
42.81,4.840,3.102,0.196,-11.899,-0.000,1.487,17.106
42.83,4.840,3.102,0.196,-11.899,-0.000,1.487,17.106
42.85,4.790,3.072,0.196,-11.899,-0.000,1.487,17.053
42.87,4.790,3.072,0.196,-11.899,-0.000,1.487,17.053
42.89,4.732,3.061,0.196,-11.899,-0.000,1.487,16.994
42.91,4.732,3.061,0.196,-11.899,-0.000,1.487,16.994
42.93,4.662,3.063,0.196,-11.899,-0.000,1.487,16.926
42.95,4.662,3.063,0.196,-11.899,-0.000,1.487,16.926
42.97,4.600,3.059,0.196,-11.899,-0.000,1.487,16.864
42.99,4.600,3.059,0.196,-11.899,-0.000,1.487,16.864
43.01,4.540,3.059,0.196,-11.899,-0.000,1.487,16.805
43.03,4.540,3.059,0.196,-11.899,-0.000,1.487,16.805
43.06,4.487,3.044,0.197,-11.899,-0.000,1.487,16.751
43.08,4.487,3.044,0.197,-11.899,-0.000,1.487,16.751
43.10,4.426,3.007,0.197,-11.899,-0.000,1.487,16.685
43.12,4.426,3.007,0.197,-11.899,-0.000,1.487,16.685
43.14,4.365,2.976,0.198,-11.899,-0.000,1.487,16.620
43.16,4.365,2.976,0.198,-11.899,-0.000,1.487,16.620
43.18,4.307,2.938,0.198,-11.899,-0.000,1.487,16.556
43.20,4.307,2.938,0.198,-11.899,-0.000,1.487,16.556
43.22,4.243,2.885,0.199,-11.899,-0.000,1.487,16.484
43.24,4.243,2.885,0.199,-11.899,-0.000,1.487,16.484
43.26,4.182,2.828,0.199,-11.899,-0.000,1.487,16.414
43.28,4.182,2.828,0.199,-11.899,-0.000,1.487,16.414
43.31,4.182,2.828,0.199,-11.899,-0.000,1.487,16.414
43.33,4.115,2.721,0.200,-11.899,-0.000,1.487,16.331
43.35,4.115,2.721,0.200,-11.899,-0.000,1.487,16.331
43.37,4.106,2.651,0.201,-11.899,-0.000,1.487,16.310
43.39,4.106,2.651,0.201,-11.899,-0.000,1.487,16.310
43.41,4.099,2.583,0.201,-11.899,-0.000,1.487,16.292
43.43,4.099,2.583,0.201,-11.899,-0.000,1.487,16.292
43.45,4.101,2.527,0.202,-11.899,-0.000,1.487,16.286
43.47,4.101,2.527,0.202,-11.899,-0.000,1.487,16.286
43.49,4.112,2.462,0.202,-11.899,-0.000,1.487,16.287
43.51,4.112,2.462,0.202,-11.899,-0.000,1.487,16.287
43.53,4.133,2.388,0.203,-11.899,-0.000,1.487,16.297
43.55,4.133,2.388,0.203,-11.899,-0.000,1.487,16.297
43.58,4.150,2.306,0.203,-11.899,-0.000,1.487,16.301
43.60,4.150,2.306,0.203,-11.899,-0.000,1.487,16.301
43.62,4.182,2.197,0.204,-11.899,-0.000,1.487,16.318
43.64,4.182,2.197,0.204,-11.899,-0.000,1.487,16.318
43.66,4.219,2.083,0.204,-11.899,-0.000,1.487,16.339
43.68,4.219,2.083,0.204,-11.899,-0.000,1.487,16.339
43.70,4.254,1.957,0.205,-11.899,-0.000,1.487,16.359
43.72,4.254,1.957,0.205,-11.899,-0.000,1.487,16.359
43.74,4.279,1.827,0.205,-11.899,-0.000,1.487,16.369
43.76,4.279,1.827,0.205,-11.899,-0.000,1.487,16.369
43.78,4.279,1.827,0.205,-11.899,-0.000,1.487,16.369
43.80,4.327,1.642,0.206,-11.899,-0.000,1.487,16.397
43.82,4.327,1.642,0.206,-11.899,-0.000,1.487,16.397
43.85,4.359,1.462,0.207,-11.899,-0.000,1.487,16.411
43.87,4.359,1.462,0.207,-11.899,-0.000,1.487,16.411
43.89,4.379,1.340,0.208,-11.899,-0.000,1.487,16.421
43.91,4.379,1.340,0.208,-11.899,-0.000,1.487,16.421
43.93,4.388,1.246,0.209,-11.899,-0.000,1.487,16.422
43.95,4.388,1.246,0.209,-11.899,-0.000,1.487,16.422
43.97,4.391,1.171,0.209,-11.899,-0.000,1.487,16.420
43.99,4.391,1.171,0.209,-11.899,-0.000,1.487,16.420
44.01,4.392,1.105,0.209,-11.899,-0.000,1.487,16.416
44.03,4.392,1.105,0.209,-11.899,-0.000,1.487,16.416
44.05,4.392,1.057,0.209,-11.899,-0.000,1.487,16.413
44.07,4.392,1.057,0.209,-11.899,-0.000,1.487,16.413
44.10,4.391,1.021,0.209,-11.899,-0.000,1.487,16.410
44.12,4.391,1.021,0.209,-11.899,-0.000,1.487,16.410
44.14,4.364,0.983,0.209,-11.899,-0.000,1.487,16.380
44.16,4.364,0.983,0.209,-11.899,-0.000,1.487,16.380
44.18,4.312,0.951,0.209,-11.899,-0.000,1.487,16.327
44.20,4.312,0.951,0.209,-11.899,-0.000,1.487,16.327
44.22,4.245,0.928,0.209,-11.899,-0.000,1.487,16.259
44.24,4.245,0.928,0.209,-11.899,-0.000,1.487,16.259
44.26,4.160,0.903,0.209,-11.899,-0.000,1.487,16.174
44.28,4.160,0.903,0.209,-11.899,-0.000,1.487,16.174
44.30,4.160,0.903,0.209,-11.899,-0.000,1.487,16.174
44.32,4.030,0.864,0.208,-11.899,-0.000,1.487,16.042
44.34,4.030,0.864,0.208,-11.899,-0.000,1.487,16.042
44.37,3.890,0.857,0.208,-11.899,-0.000,1.487,15.903
44.39,3.890,0.857,0.208,-11.899,-0.000,1.487,15.903
44.41,3.805,0.882,0.208,-11.899,-0.000,1.487,15.820
44.43,3.805,0.882,0.208,-11.899,-0.000,1.487,15.820
44.45,3.724,0.929,0.208,-11.899,-0.000,1.487,15.742
44.47,3.724,0.929,0.208,-11.899,-0.000,1.487,15.742
44.49,3.652,0.976,0.208,-11.899,-0.000,1.487,15.673
44.51,3.652,0.976,0.208,-11.899,-0.000,1.487,15.673
44.53,3.566,1.024,0.207,-11.899,-0.000,1.487,15.591
44.55,3.566,1.024,0.207,-11.899,-0.000,1.487,15.591
44.57,3.476,1.068,0.207,-11.899,-0.000,1.487,15.504
44.60,3.476,1.068,0.207,-11.899,-0.000,1.487,15.504
44.62,3.368,1.124,0.207,-11.899,-0.000,1.487,15.401
44.64,3.368,1.124,0.207,-11.899,-0.000,1.487,15.401
44.66,3.284,1.159,0.207,-11.899,-0.000,1.487,15.321
44.68,3.284,1.159,0.207,-11.899,-0.000,1.487,15.321
44.70,3.201,1.185,0.208,-11.899,-0.000,1.487,15.240
44.72,3.201,1.185,0.208,-11.899,-0.000,1.487,15.240
44.74,3.123,1.194,0.208,-11.899,-0.000,1.487,15.164
44.76,3.123,1.194,0.208,-11.899,-0.000,1.487,15.164
44.78,3.123,1.194,0.208,-11.899,-0.000,1.487,15.164
44.80,3.041,1.160,0.209,-11.899,-0.000,1.487,15.080
44.82,3.041,1.160,0.209,-11.899,-0.000,1.487,15.080
44.85,2.994,1.107,0.209,-11.899,-0.000,1.487,15.030
44.87,2.994,1.107,0.209,-11.899,-0.000,1.487,15.030
44.89,2.992,1.058,0.209,-11.899,-0.000,1.487,15.024
44.91,2.992,1.058,0.209,-11.899,-0.000,1.487,15.024
44.93,3.007,0.992,0.210,-11.899,-0.000,1.487,15.035
44.95,3.007,0.992,0.210,-11.899,-0.000,1.487,15.035
44.97,3.015,0.916,0.210,-11.899,-0.000,1.487,15.038
44.99,3.015,0.916,0.210,-11.899,-0.000,1.487,15.038
45.01,3.007,0.835,0.210,-11.899,-0.000,1.487,15.025
45.03,3.007,0.835,0.210,-11.899,-0.000,1.487,15.025
45.05,2.982,0.747,0.210,-11.899,-0.000,1.487,14.995
45.07,2.982,0.747,0.210,-11.899,-0.000,1.487,14.995
45.10,2.929,0.658,0.211,-11.899,-0.000,1.487,14.939
45.12,2.929,0.658,0.211,-11.899,-0.000,1.487,14.939
45.14,2.850,0.561,0.211,-11.899,-0.000,1.487,14.857
45.16,2.850,0.561,0.211,-11.899,-0.000,1.487,14.857
45.18,2.798,0.476,0.212,-11.899,-0.000,1.487,14.803
45.20,2.798,0.476,0.212,-11.899,-0.000,1.487,14.803
45.22,2.761,0.380,0.212,-11.899,-0.000,1.487,14.763
45.24,2.761,0.380,0.212,-11.899,-0.000,1.487,14.763
45.26,2.729,0.278,0.213,-11.899,-0.000,1.487,14.729
45.28,2.729,0.278,0.213,-11.899,-0.000,1.487,14.729
45.30,2.729,0.278,0.213,-11.899,-0.000,1.487,14.729
45.33,2.666,0.099,0.214,-11.899,-0.000,1.487,14.664
45.35,2.666,0.099,0.214,-11.899,-0.000,1.487,14.664
45.37,2.660,0.014,0.214,-11.899,-0.000,1.487,14.658
45.39,2.660,0.014,0.214,-11.899,-0.000,1.487,14.658
45.41,2.677,-0.059,0.214,-11.899,-0.000,1.487,14.675
45.43,2.677,-0.059,0.214,-11.899,-0.000,1.487,14.675
45.45,2.710,-0.122,0.215,-11.899,-0.000,1.487,14.708
45.47,2.710,-0.122,0.215,-11.899,-0.000,1.487,14.708
45.49,2.744,-0.181,0.215,-11.899,-0.000,1.487,14.743
45.51,2.744,-0.181,0.215,-11.899,-0.000,1.487,14.743
45.53,2.794,-0.244,0.215,-11.899,-0.000,1.487,14.793
45.55,2.794,-0.244,0.215,-11.899,-0.000,1.487,14.793
45.57,2.846,-0.311,0.216,-11.899,-0.000,1.487,14.847
45.60,2.846,-0.311,0.216,-11.899,-0.000,1.487,14.847
45.62,2.916,-0.406,0.217,-11.899,-0.000,1.487,14.918
45.64,2.916,-0.406,0.217,-11.899,-0.000,1.487,14.918
45.66,2.975,-0.501,0.218,-11.899,-0.000,1.487,14.979
45.68,2.975,-0.501,0.218,-11.899,-0.000,1.487,14.979
45.70,3.036,-0.589,0.218,-11.899,-0.000,1.487,15.043
45.72,3.036,-0.589,0.218,-11.899,-0.000,1.487,15.043
45.74,3.103,-0.661,0.219,-11.899,-0.000,1.487,15.113
45.76,3.103,-0.661,0.219,-11.899,-0.000,1.487,15.113
45.78,3.173,-0.721,0.220,-11.899,-0.000,1.487,15.185
45.80,3.173,-0.721,0.220,-11.899,-0.000,1.487,15.185
45.82,3.173,-0.721,0.220,-11.899,-0.000,1.487,15.185
45.85,3.281,-0.794,0.220,-11.899,-0.000,1.487,15.296
45.87,3.281,-0.794,0.220,-11.899,-0.000,1.487,15.296
45.89,3.330,-0.796,0.220,-11.899,-0.000,1.487,15.345
45.91,3.330,-0.796,0.220,-11.899,-0.000,1.487,15.345
45.93,3.380,-0.793,0.221,-11.899,-0.000,1.487,15.395
45.95,3.380,-0.793,0.221,-11.899,-0.000,1.487,15.395
45.97,3.421,-0.810,0.220,-11.899,-0.000,1.487,15.435
45.99,3.421,-0.810,0.220,-11.899,-0.000,1.487,15.435
46.01,3.460,-0.817,0.220,-11.899,-0.000,1.487,15.475
46.03,3.460,-0.817,0.220,-11.899,-0.000,1.487,15.475
46.05,3.492,-0.805,0.220,-11.899,-0.000,1.487,15.507
46.07,3.492,-0.805,0.220,-11.899,-0.000,1.487,15.507
46.10,3.522,-0.773,0.220,-11.899,-0.000,1.487,15.534
46.12,3.522,-0.773,0.220,-11.899,-0.000,1.487,15.534
46.14,3.564,-0.716,0.220,-11.899,-0.000,1.487,15.573
46.16,3.564,-0.716,0.220,-11.899,-0.000,1.487,15.573
46.18,3.584,-0.666,0.219,-11.899,-0.000,1.487,15.591
46.20,3.584,-0.666,0.219,-11.899,-0.000,1.487,15.591
46.22,3.599,-0.618,0.219,-11.899,-0.000,1.487,15.604
46.24,3.599,-0.618,0.219,-11.899,-0.000,1.487,15.604
46.26,3.606,-0.575,0.219,-11.899,-0.000,1.487,15.609
46.28,3.606,-0.575,0.219,-11.899,-0.000,1.487,15.609
46.30,3.606,-0.575,0.219,-11.899,-0.000,1.487,15.609
46.32,3.576,-0.533,0.218,-11.899,-0.000,1.487,15.578
46.35,3.576,-0.533,0.218,-11.899,-0.000,1.487,15.578
46.37,3.543,-0.531,0.218,-11.899,-0.000,1.487,15.544
46.39,3.543,-0.531,0.218,-11.899,-0.000,1.487,15.544
46.41,3.497,-0.523,0.218,-11.899,-0.000,1.487,15.499
46.43,3.497,-0.523,0.218,-11.899,-0.000,1.487,15.499
46.45,3.439,-0.506,0.217,-11.899,-0.000,1.487,15.441
46.47,3.439,-0.506,0.217,-11.899,-0.000,1.487,15.441
46.49,3.375,-0.482,0.217,-11.899,-0.000,1.487,15.377
46.51,3.375,-0.482,0.217,-11.899,-0.000,1.487,15.377
46.53,3.320,-0.432,0.217,-11.899,-0.000,1.487,15.320
46.55,3.320,-0.432,0.217,-11.899,-0.000,1.487,15.320
46.57,3.280,-0.362,0.217,-11.899,-0.000,1.487,15.278
46.59,3.280,-0.362,0.217,-11.899,-0.000,1.487,15.278
46.62,3.254,-0.277,0.217,-11.899,-0.000,1.487,15.251
46.64,3.254,-0.277,0.217,-11.899,-0.000,1.487,15.251
46.66,3.246,-0.164,0.217,-11.899,-0.000,1.487,15.241
46.68,3.246,-0.164,0.217,-11.899,-0.000,1.487,15.241
46.70,3.250,-0.056,0.217,-11.899,-0.000,1.487,15.245
46.72,3.250,-0.056,0.217,-11.899,-0.000,1.487,15.245
46.74,3.250,0.061,0.218,-11.899,-0.000,1.487,15.245
46.76,3.250,0.061,0.218,-11.899,-0.000,1.487,15.245
46.78,3.240,0.181,0.218,-11.899,-0.000,1.487,15.235
46.80,3.240,0.181,0.218,-11.899,-0.000,1.487,15.235
46.82,3.240,0.181,0.218,-11.899,-0.000,1.487,15.235
46.84,3.196,0.339,0.219,-11.899,-0.000,1.487,15.195
46.86,3.196,0.339,0.219,-11.899,-0.000,1.487,15.195
46.88,3.142,0.456,0.220,-11.899,-0.000,1.487,15.144
46.91,3.142,0.456,0.220,-11.899,-0.000,1.487,15.144
46.93,3.103,0.511,0.221,-11.899,-0.000,1.487,15.107
46.95,3.103,0.511,0.221,-11.899,-0.000,1.487,15.107
46.97,3.057,0.562,0.221,-11.899,-0.000,1.487,15.063
46.99,3.057,0.562,0.221,-11.899,-0.000,1.487,15.063
47.01,2.998,0.605,0.221,-11.899,-0.000,1.487,15.007
47.03,2.998,0.605,0.221,-11.899,-0.000,1.487,15.007
47.05,2.934,0.629,0.221,-11.899,-0.000,1.487,14.944
47.07,2.934,0.629,0.221,-11.899,-0.000,1.487,14.944
47.09,2.871,0.649,0.222,-11.899,-0.000,1.487,14.882
47.11,2.871,0.649,0.222,-11.899,-0.000,1.487,14.882
47.13,2.815,0.662,0.222,-11.899,-0.000,1.487,14.827
47.16,2.815,0.662,0.222,-11.899,-0.000,1.487,14.827
47.18,2.757,0.671,0.221,-11.899,-0.000,1.487,14.770
47.20,2.757,0.671,0.221,-11.899,-0.000,1.487,14.770
47.22,2.699,0.669,0.221,-11.899,-0.000,1.487,14.712
47.24,2.699,0.669,0.221,-11.899,-0.000,1.487,14.712
47.26,2.652,0.653,0.221,-11.899,-0.000,1.487,14.665
47.28,2.652,0.653,0.221,-11.899,-0.000,1.487,14.665
47.30,2.652,0.653,0.221,-11.899,-0.000,1.487,14.665
47.32,2.623,0.630,0.221,-11.899,-0.000,1.487,14.635
47.34,2.623,0.630,0.221,-11.899,-0.000,1.487,14.635
47.36,2.622,0.617,0.221,-11.899,-0.000,1.487,14.634
47.38,2.622,0.617,0.221,-11.899,-0.000,1.487,14.634
47.40,2.650,0.634,0.221,-11.899,-0.000,1.487,14.663
47.43,2.650,0.634,0.221,-11.899,-0.000,1.487,14.663
47.45,2.689,0.667,0.221,-11.899,-0.000,1.487,14.702
47.47,2.689,0.667,0.221,-11.899,-0.000,1.487,14.702
47.49,2.735,0.718,0.221,-11.899,-0.000,1.487,14.751
47.51,2.735,0.718,0.221,-11.899,-0.000,1.487,14.751
47.53,2.777,0.790,0.221,-11.899,-0.000,1.487,14.796
47.55,2.777,0.790,0.221,-11.899,-0.000,1.487,14.796
47.57,2.819,0.854,0.221,-11.899,-0.000,1.487,14.841
47.59,2.819,0.854,0.221,-11.899,-0.000,1.487,14.841
47.61,2.861,0.904,0.221,-11.899,-0.000,1.487,14.885
47.63,2.861,0.904,0.221,-11.899,-0.000,1.487,14.885
47.65,2.899,0.942,0.220,-11.899,-0.000,1.487,14.926
47.67,2.899,0.942,0.220,-11.899,-0.000,1.487,14.926
47.70,2.925,0.982,0.220,-11.899,-0.000,1.487,14.954
47.72,2.925,0.982,0.220,-11.899,-0.000,1.487,14.954
47.74,2.959,1.026,0.220,-11.899,-0.000,1.487,14.991
47.76,2.959,1.026,0.220,-11.899,-0.000,1.487,14.991
47.78,2.978,1.062,0.220,-11.899,-0.000,1.487,15.012
47.80,2.978,1.062,0.220,-11.899,-0.000,1.487,15.012
47.82,2.978,1.062,0.220,-11.899,-0.000,1.487,15.012
47.84,2.980,1.140,0.221,-11.899,-0.000,1.487,15.020
47.86,2.980,1.140,0.221,-11.899,-0.000,1.487,15.020
47.88,2.988,1.206,0.220,-11.899,-0.000,1.487,15.032
47.90,2.988,1.206,0.220,-11.899,-0.000,1.487,15.032
47.93,3.021,1.300,0.220,-11.899,-0.000,1.487,15.074
47.95,3.021,1.300,0.220,-11.899,-0.000,1.487,15.074
47.97,3.048,1.368,0.221,-11.899,-0.000,1.487,15.106
47.99,3.048,1.368,0.221,-11.899,-0.000,1.487,15.106
48.01,3.075,1.411,0.221,-11.899,-0.000,1.487,15.137
48.03,3.075,1.411,0.221,-11.899,-0.000,1.487,15.137
48.05,3.100,1.426,0.220,-11.899,-0.000,1.487,15.163
48.07,3.100,1.426,0.220,-11.899,-0.000,1.487,15.163
48.09,3.130,1.410,0.220,-11.899,-0.000,1.487,15.191
48.11,3.130,1.410,0.220,-11.899,-0.000,1.487,15.191
48.13,3.153,1.367,0.220,-11.899,-0.000,1.487,15.210
48.15,3.153,1.367,0.220,-11.899,-0.000,1.487,15.210
48.18,3.166,1.310,0.219,-11.899,-0.000,1.487,15.217
48.20,3.166,1.310,0.219,-11.899,-0.000,1.487,15.217
48.22,3.194,1.234,0.218,-11.899,-0.000,1.487,15.239
48.24,3.194,1.234,0.218,-11.899,-0.000,1.487,15.239
48.26,3.227,1.174,0.218,-11.899,-0.000,1.487,15.267
48.28,3.227,1.174,0.218,-11.899,-0.000,1.487,15.267
48.30,3.268,1.122,0.217,-11.899,-0.000,1.487,15.303
48.32,3.268,1.122,0.217,-11.899,-0.000,1.487,15.303
48.34,3.268,1.122,0.217,-11.899,-0.000,1.487,15.303
48.36,3.315,1.093,0.217,-11.899,-0.000,1.487,15.348
48.38,3.315,1.093,0.217,-11.899,-0.000,1.487,15.348
48.40,3.341,1.100,0.217,-11.899,-0.000,1.487,15.374
48.42,3.341,1.100,0.217,-11.899,-0.000,1.487,15.374
48.45,3.366,1.114,0.218,-11.899,-0.000,1.487,15.400
48.47,3.366,1.114,0.218,-11.899,-0.000,1.487,15.400
48.49,3.381,1.127,0.218,-11.899,-0.000,1.487,15.416
48.51,3.381,1.127,0.218,-11.899,-0.000,1.487,15.416
48.53,3.399,1.146,0.218,-11.899,-0.000,1.487,15.435
48.55,3.399,1.146,0.218,-11.899,-0.000,1.487,15.435
48.57,3.402,1.166,0.218,-11.899,-0.000,1.487,15.440
48.59,3.402,1.166,0.218,-11.899,-0.000,1.487,15.440
48.61,3.408,1.194,0.218,-11.899,-0.000,1.487,15.448
48.63,3.408,1.194,0.218,-11.899,-0.000,1.487,15.448
48.66,3.407,1.234,0.219,-11.899,-0.000,1.487,15.450
48.68,3.407,1.234,0.219,-11.899,-0.000,1.487,15.450
48.70,3.415,1.300,0.219,-11.899,-0.000,1.487,15.464
48.72,3.415,1.300,0.219,-11.899,-0.000,1.487,15.464
48.74,3.440,1.373,0.219,-11.899,-0.000,1.487,15.495
48.76,3.440,1.373,0.219,-11.899,-0.000,1.487,15.495
48.78,3.468,1.447,0.220,-11.899,-0.000,1.487,15.529
48.80,3.468,1.447,0.220,-11.899,-0.000,1.487,15.529
48.82,3.468,1.447,0.220,-11.899,-0.000,1.487,15.529
48.84,3.517,1.553,0.221,-11.899,-0.000,1.487,15.588
48.86,3.517,1.553,0.221,-11.899,-0.000,1.487,15.588
48.88,3.540,1.609,0.221,-11.899,-0.000,1.487,15.617
48.90,3.540,1.609,0.221,-11.899,-0.000,1.487,15.617
48.92,3.571,1.647,0.222,-11.899,-0.000,1.487,15.651
48.95,3.571,1.647,0.222,-11.899,-0.000,1.487,15.651
48.97,3.599,1.645,0.222,-11.899,-0.000,1.487,15.678
48.99,3.599,1.645,0.222,-11.899,-0.000,1.487,15.678
49.01,3.623,1.630,0.223,-11.899,-0.000,1.487,15.700
49.03,3.623,1.630,0.223,-11.899,-0.000,1.487,15.700
49.05,3.647,1.620,0.223,-11.899,-0.000,1.487,15.723
49.07,3.647,1.620,0.223,-11.899,-0.000,1.487,15.723
49.09,3.680,1.629,0.223,-11.899,-0.000,1.487,15.757
49.11,3.680,1.629,0.223,-11.899,-0.000,1.487,15.757
49.13,3.726,1.641,0.223,-11.899,-0.000,1.487,15.804
49.15,3.726,1.641,0.223,-11.899,-0.000,1.487,15.804
49.18,3.769,1.644,0.223,-11.899,-0.000,1.487,15.847
49.20,3.769,1.644,0.223,-11.899,-0.000,1.487,15.847
49.22,3.829,1.648,0.224,-11.899,-0.000,1.487,15.906
49.24,3.829,1.648,0.224,-11.899,-0.000,1.487,15.906
49.26,3.871,1.665,0.224,-11.899,-0.000,1.487,15.950
49.28,3.871,1.665,0.224,-11.899,-0.000,1.487,15.950
49.30,3.914,1.667,0.224,-11.899,-0.000,1.487,15.993
49.32,3.914,1.667,0.224,-11.899,-0.000,1.487,15.993
49.34,3.914,1.667,0.224,-11.899,-0.000,1.487,15.993
49.36,3.972,1.644,0.224,-11.899,-0.000,1.487,16.047
49.38,3.972,1.644,0.224,-11.899,-0.000,1.487,16.047
49.41,4.026,1.600,0.224,-11.899,-0.000,1.487,16.096
49.43,4.026,1.600,0.224,-11.899,-0.000,1.487,16.096
49.45,4.055,1.558,0.224,-11.899,-0.000,1.487,16.120
49.47,4.055,1.558,0.224,-11.899,-0.000,1.487,16.120
49.49,4.075,1.506,0.224,-11.899,-0.000,1.487,16.135
49.51,4.075,1.506,0.224,-11.899,-0.000,1.487,16.135
49.53,4.093,1.443,0.223,-11.899,-0.000,1.487,16.148
49.55,4.093,1.443,0.223,-11.899,-0.000,1.487,16.148
49.57,4.117,1.380,0.222,-11.899,-0.000,1.487,16.166
49.59,4.117,1.380,0.222,-11.899,-0.000,1.487,16.166
49.61,4.138,1.311,0.222,-11.899,-0.000,1.487,16.181
49.63,4.138,1.311,0.222,-11.899,-0.000,1.487,16.181
49.66,4.152,1.229,0.221,-11.899,-0.000,1.487,16.189
49.68,4.152,1.229,0.221,-11.899,-0.000,1.487,16.189
49.70,4.161,1.142,0.219,-11.899,-0.000,1.487,16.190
49.72,4.161,1.142,0.219,-11.899,-0.000,1.487,16.190
49.74,4.154,1.070,0.218,-11.899,-0.000,1.487,16.178
49.76,4.154,1.070,0.218,-11.899,-0.000,1.487,16.178
49.78,4.150,0.992,0.217,-11.899,-0.000,1.487,16.170
49.80,4.150,0.992,0.217,-11.899,-0.000,1.487,16.170
49.82,4.150,0.992,0.217,-11.899,-0.000,1.487,16.170
49.84,4.138,0.862,0.216,-11.899,-0.000,1.487,16.150
49.86,4.138,0.862,0.216,-11.899,-0.000,1.487,16.150
49.88,4.101,0.710,0.215,-11.899,-0.000,1.487,16.106
49.91,4.101,0.710,0.215,-11.899,-0.000,1.487,16.106
49.93,4.078,0.609,0.214,-11.899,-0.000,1.487,16.079
49.95,4.078,0.609,0.214,-11.899,-0.000,1.487,16.079
49.97,4.058,0.515,0.213,-11.899,-0.000,1.487,16.056
49.99,4.058,0.515,0.213,-11.899,-0.000,1.487,16.056
50.01,4.027,0.434,0.212,-11.899,-0.000,1.487,16.022
50.03,4.027,0.434,0.212,-11.899,-0.000,1.487,16.022
50.05,3.988,0.371,0.212,-11.899,-0.000,1.487,15.982
50.07,3.988,0.371,0.212,-11.899,-0.000,1.487,15.982
50.09,3.948,0.326,0.211,-11.899,-0.000,1.487,15.941
50.11,3.948,0.326,0.211,-11.899,-0.000,1.487,15.941
50.13,3.901,0.307,0.210,-11.899,-0.000,1.487,15.894
50.15,3.901,0.307,0.210,-11.899,-0.000,1.487,15.894
50.17,3.853,0.309,0.210,-11.899,-0.000,1.487,15.846
50.20,3.853,0.309,0.210,-11.899,-0.000,1.487,15.846
50.22,3.806,0.311,0.209,-11.899,-0.000,1.487,15.799
50.24,3.806,0.311,0.209,-11.899,-0.000,1.487,15.799
50.26,3.759,0.319,0.208,-11.899,-0.000,1.487,15.752
50.28,3.759,0.319,0.208,-11.899,-0.000,1.487,15.752
50.30,3.707,0.348,0.208,-11.899,-0.000,1.487,15.701
50.32,3.707,0.348,0.208,-11.899,-0.000,1.487,15.701
50.34,3.707,0.348,0.208,-11.899,-0.000,1.487,15.701
50.36,3.628,0.411,0.207,-11.899,-0.000,1.487,15.624
50.38,3.628,0.411,0.207,-11.899,-0.000,1.487,15.624
50.40,3.577,0.466,0.207,-11.899,-0.000,1.487,15.576
50.42,3.577,0.466,0.207,-11.899,-0.000,1.487,15.576
50.45,3.505,0.531,0.206,-11.899,-0.000,1.487,15.505
50.47,3.505,0.531,0.206,-11.899,-0.000,1.487,15.505
50.49,3.454,0.554,0.206,-11.899,-0.000,1.487,15.456
50.51,3.454,0.554,0.206,-11.899,-0.000,1.487,15.456
50.53,3.418,0.564,0.206,-11.899,-0.000,1.487,15.420
50.55,3.418,0.564,0.206,-11.899,-0.000,1.487,15.420
50.57,3.398,0.557,0.206,-11.899,-0.000,1.487,15.400
50.59,3.398,0.557,0.206,-11.899,-0.000,1.487,15.400
50.61,3.385,0.538,0.206,-11.899,-0.000,1.487,15.387
50.63,3.385,0.538,0.206,-11.899,-0.000,1.487,15.387
50.65,3.385,0.512,0.206,-11.899,-0.000,1.487,15.385
50.67,3.385,0.512,0.206,-11.899,-0.000,1.487,15.385
50.69,3.391,0.476,0.205,-11.899,-0.000,1.487,15.391
50.72,3.391,0.476,0.205,-11.899,-0.000,1.487,15.391
50.74,3.411,0.432,0.205,-11.899,-0.000,1.487,15.409
50.76,3.411,0.432,0.205,-11.899,-0.000,1.487,15.409
50.78,3.433,0.408,0.205,-11.899,-0.000,1.487,15.430
50.80,3.433,0.408,0.205,-11.899,-0.000,1.487,15.430
50.82,3.456,0.377,0.205,-11.899,-0.000,1.487,15.452
50.84,3.456,0.377,0.205,-11.899,-0.000,1.487,15.452
50.86,3.456,0.377,0.205,-11.899,-0.000,1.487,15.452
50.88,3.483,0.319,0.205,-11.899,-0.000,1.487,15.478
50.90,3.483,0.319,0.205,-11.899,-0.000,1.487,15.478
50.92,3.493,0.296,0.205,-11.899,-0.000,1.487,15.487
50.94,3.493,0.296,0.205,-11.899,-0.000,1.487,15.487
50.97,3.502,0.267,0.205,-11.899,-0.000,1.487,15.496
50.99,3.502,0.267,0.205,-11.899,-0.000,1.487,15.496
51.01,3.514,0.261,0.205,-11.899,-0.000,1.487,15.508
51.03,3.514,0.261,0.205,-11.899,-0.000,1.487,15.508
51.05,3.535,0.262,0.205,-11.899,-0.000,1.487,15.529
51.07,3.535,0.262,0.205,-11.899,-0.000,1.487,15.529
51.09,3.564,0.269,0.205,-11.899,-0.000,1.487,15.558
51.11,3.564,0.269,0.205,-11.899,-0.000,1.487,15.558
51.13,3.586,0.275,0.205,-11.899,-0.000,1.487,15.580
51.15,3.586,0.275,0.205,-11.899,-0.000,1.487,15.580
51.17,3.603,0.267,0.205,-11.899,-0.000,1.487,15.596
51.19,3.603,0.267,0.205,-11.899,-0.000,1.487,15.596
51.21,3.610,0.250,0.205,-11.899,-0.000,1.487,15.603
51.24,3.610,0.250,0.205,-11.899,-0.000,1.487,15.603
51.26,3.629,0.238,0.205,-11.899,-0.000,1.487,15.621
51.28,3.629,0.238,0.205,-11.899,-0.000,1.487,15.621
51.30,3.648,0.237,0.204,-11.899,-0.000,1.487,15.640
51.32,3.648,0.237,0.204,-11.899,-0.000,1.487,15.640
51.34,3.648,0.237,0.204,-11.899,-0.000,1.487,15.640
51.36,3.688,0.228,0.204,-11.899,-0.000,1.487,15.680
51.38,3.688,0.228,0.204,-11.899,-0.000,1.487,15.680
51.40,3.709,0.226,0.204,-11.899,-0.000,1.487,15.700
51.42,3.709,0.226,0.204,-11.899,-0.000,1.487,15.700
51.44,3.724,0.230,0.204,-11.899,-0.000,1.487,15.716
51.46,3.724,0.230,0.204,-11.899,-0.000,1.487,15.716
51.49,3.742,0.214,0.204,-11.899,-0.000,1.487,15.734
51.51,3.742,0.214,0.204,-11.899,-0.000,1.487,15.734
51.53,3.747,0.197,0.204,-11.899,-0.000,1.487,15.738
51.55,3.747,0.197,0.204,-11.899,-0.000,1.487,15.738
51.57,3.735,0.180,0.205,-11.899,-0.000,1.487,15.726
51.59,3.735,0.180,0.205,-11.899,-0.000,1.487,15.726
51.61,3.716,0.171,0.205,-11.899,-0.000,1.487,15.707
51.63,3.716,0.171,0.205,-11.899,-0.000,1.487,15.707
51.65,3.700,0.176,0.205,-11.899,-0.000,1.487,15.692
51.67,3.700,0.176,0.205,-11.899,-0.000,1.487,15.692
51.69,3.689,0.189,0.206,-11.899,-0.000,1.487,15.680
51.71,3.689,0.189,0.206,-11.899,-0.000,1.487,15.680
51.73,3.668,0.214,0.206,-11.899,-0.000,1.487,15.660
51.76,3.668,0.214,0.206,-11.899,-0.000,1.487,15.660
51.78,3.645,0.253,0.207,-11.899,-0.000,1.487,15.638
51.80,3.645,0.253,0.207,-11.899,-0.000,1.487,15.638
51.82,3.619,0.300,0.207,-11.899,-0.000,1.487,15.613
51.84,3.619,0.300,0.207,-11.899,-0.000,1.487,15.613
51.86,3.619,0.300,0.207,-11.899,-0.000,1.487,15.613
51.88,3.583,0.375,0.208,-11.899,-0.000,1.487,15.579
51.90,3.583,0.375,0.208,-11.899,-0.000,1.487,15.579
51.92,3.541,0.431,0.209,-11.899,-0.000,1.487,15.539
51.94,3.541,0.431,0.209,-11.899,-0.000,1.487,15.539
51.96,3.500,0.473,0.210,-11.899,-0.000,1.487,15.499
51.98,3.500,0.473,0.210,-11.899,-0.000,1.487,15.499
52.01,3.434,0.496,0.211,-11.899,-0.000,1.487,15.435
52.03,3.434,0.496,0.211,-11.899,-0.000,1.487,15.435
52.05,3.370,0.490,0.212,-11.899,-0.000,1.487,15.371
52.07,3.370,0.490,0.212,-11.899,-0.000,1.487,15.371
52.09,3.300,0.454,0.213,-11.899,-0.000,1.487,15.300
52.11,3.300,0.454,0.213,-11.899,-0.000,1.487,15.300
52.13,3.225,0.395,0.213,-11.899,-0.000,1.487,15.224
52.15,3.225,0.395,0.213,-11.899,-0.000,1.487,15.224
52.17,3.162,0.312,0.214,-11.899,-0.000,1.487,15.159
52.19,3.162,0.312,0.214,-11.899,-0.000,1.487,15.159
52.21,3.106,0.215,0.215,-11.899,-0.000,1.487,15.103
52.23,3.106,0.215,0.215,-11.899,-0.000,1.487,15.103
52.26,3.042,0.127,0.215,-11.899,-0.000,1.487,15.038
52.28,3.042,0.127,0.215,-11.899,-0.000,1.487,15.038
52.30,2.958,0.048,0.216,-11.899,-0.000,1.487,14.954
52.32,2.958,0.048,0.216,-11.899,-0.000,1.487,14.954
52.34,2.958,0.048,0.216,-11.899,-0.000,1.487,14.954
52.36,2.861,-0.014,0.217,-11.899,-0.000,1.487,14.858
52.38,2.861,-0.014,0.217,-11.899,-0.000,1.487,14.858
52.40,2.807,-0.048,0.217,-11.899,-0.000,1.487,14.804
52.42,2.807,-0.048,0.217,-11.899,-0.000,1.487,14.804
52.44,2.755,-0.084,0.217,-11.899,-0.000,1.487,14.752
52.46,2.755,-0.084,0.217,-11.899,-0.000,1.487,14.752
52.48,2.701,-0.114,0.218,-11.899,-0.000,1.487,14.700
52.51,2.701,-0.114,0.218,-11.899,-0.000,1.487,14.700
52.53,2.677,-0.134,0.218,-11.899,-0.000,1.487,14.676
52.55,2.677,-0.134,0.218,-11.899,-0.000,1.487,14.676
52.57,2.653,-0.144,0.219,-11.899,-0.000,1.487,14.652
52.59,2.653,-0.144,0.219,-11.899,-0.000,1.487,14.652
52.61,2.624,-0.158,0.219,-11.899,-0.000,1.487,14.624
52.63,2.624,-0.158,0.219,-11.899,-0.000,1.487,14.624
52.65,2.605,-0.182,0.219,-11.899,-0.000,1.487,14.605
52.67,2.605,-0.182,0.219,-11.899,-0.000,1.487,14.605
52.69,2.585,-0.200,0.219,-11.899,-0.000,1.487,14.585
52.71,2.585,-0.200,0.219,-11.899,-0.000,1.487,14.585
52.73,2.571,-0.209,0.220,-11.899,-0.000,1.487,14.572
52.75,2.571,-0.209,0.220,-11.899,-0.000,1.487,14.572
52.78,2.553,-0.223,0.220,-11.899,-0.000,1.487,14.554
52.80,2.553,-0.223,0.220,-11.899,-0.000,1.487,14.554
52.82,2.536,-0.242,0.220,-11.899,-0.000,1.487,14.537
52.84,2.536,-0.242,0.220,-11.899,-0.000,1.487,14.537
52.86,2.536,-0.242,0.220,-11.899,-0.000,1.487,14.537
52.88,2.504,-0.287,0.221,-11.899,-0.000,1.487,14.507
52.90,2.504,-0.287,0.221,-11.899,-0.000,1.487,14.507
52.92,2.487,-0.322,0.222,-11.899,-0.000,1.487,14.490
52.94,2.487,-0.322,0.222,-11.899,-0.000,1.487,14.490
52.96,2.482,-0.363,0.222,-11.899,-0.000,1.487,14.487
52.98,2.482,-0.363,0.222,-11.899,-0.000,1.487,14.487
53.00,2.466,-0.417,0.222,-11.899,-0.000,1.487,14.472
53.02,2.466,-0.417,0.222,-11.899,-0.000,1.487,14.472
53.05,2.447,-0.464,0.222,-11.899,-0.000,1.487,14.455
53.07,2.447,-0.464,0.222,-11.899,-0.000,1.487,14.455
53.09,2.426,-0.494,0.223,-11.899,-0.000,1.487,14.435
53.11,2.426,-0.494,0.223,-11.899,-0.000,1.487,14.435
53.13,2.394,-0.509,0.223,-11.899,-0.000,1.487,14.404
53.15,2.394,-0.509,0.223,-11.899,-0.000,1.487,14.404
53.17,2.367,-0.514,0.224,-11.899,-0.000,1.487,14.377
53.19,2.367,-0.514,0.224,-11.899,-0.000,1.487,14.377
53.21,2.331,-0.511,0.224,-11.899,-0.000,1.487,14.341
53.23,2.331,-0.511,0.224,-11.899,-0.000,1.487,14.341
53.25,2.287,-0.503,0.224,-11.899,-0.000,1.487,14.298
53.27,2.287,-0.503,0.224,-11.899,-0.000,1.487,14.298
53.29,2.249,-0.480,0.224,-11.899,-0.000,1.487,14.259
53.32,2.249,-0.480,0.224,-11.899,-0.000,1.487,14.259
53.34,2.201,-0.434,0.225,-11.899,-0.000,1.487,14.210
53.36,2.201,-0.434,0.225,-11.899,-0.000,1.487,14.210
53.38,2.201,-0.434,0.225,-11.899,-0.000,1.487,14.210
53.40,2.152,-0.386,0.225,-11.899,-0.000,1.487,14.160
53.42,2.152,-0.386,0.225,-11.899,-0.000,1.487,14.160
53.44,2.133,-0.339,0.225,-11.899,-0.000,1.487,14.140
53.46,2.133,-0.339,0.225,-11.899,-0.000,1.487,14.140
53.48,2.119,-0.283,0.226,-11.899,-0.000,1.487,14.125
53.50,2.119,-0.283,0.226,-11.899,-0.000,1.487,14.125
53.52,2.116,-0.210,0.226,-11.899,-0.000,1.487,14.121
53.54,2.116,-0.210,0.226,-11.899,-0.000,1.487,14.121
53.56,2.129,-0.085,0.227,-11.899,-0.000,1.487,14.133
53.59,2.129,-0.085,0.227,-11.899,-0.000,1.487,14.133
53.61,2.154,0.005,0.227,-11.899,-0.000,1.487,14.157
53.63,2.154,0.005,0.227,-11.899,-0.000,1.487,14.157
53.65,2.172,0.082,0.228,-11.899,-0.000,1.487,14.175
53.67,2.172,0.082,0.228,-11.899,-0.000,1.487,14.175
53.69,2.190,0.147,0.228,-11.899,-0.000,1.487,14.193
53.71,2.190,0.147,0.228,-11.899,-0.000,1.487,14.193
53.73,2.217,0.211,0.229,-11.899,-0.000,1.487,14.221
53.75,2.217,0.211,0.229,-11.899,-0.000,1.487,14.221
53.77,2.241,0.282,0.229,-11.899,-0.000,1.487,14.246
53.79,2.241,0.282,0.229,-11.899,-0.000,1.487,14.246
53.82,2.257,0.367,0.230,-11.899,-0.000,1.487,14.264
53.84,2.257,0.367,0.230,-11.899,-0.000,1.487,14.264
53.86,2.257,0.367,0.230,-11.899,-0.000,1.487,14.264
53.88,2.284,0.486,0.231,-11.899,-0.000,1.487,14.295
53.90,2.284,0.486,0.231,-11.899,-0.000,1.487,14.295
53.92,2.298,0.554,0.232,-11.899,-0.000,1.487,14.311
53.94,2.298,0.554,0.232,-11.899,-0.000,1.487,14.311
53.96,2.320,0.597,0.232,-11.899,-0.000,1.487,14.335
53.98,2.320,0.597,0.232,-11.899,-0.000,1.487,14.335
54.00,2.362,0.640,0.233,-11.899,-0.000,1.487,14.378
54.02,2.362,0.640,0.233,-11.899,-0.000,1.487,14.378
54.05,2.457,0.701,0.234,-11.899,-0.000,1.487,14.475
54.07,2.457,0.701,0.234,-11.899,-0.000,1.487,14.475
54.09,2.523,0.735,0.234,-11.899,-0.000,1.487,14.543
54.11,2.523,0.735,0.234,-11.899,-0.000,1.487,14.543
54.13,2.587,0.770,0.235,-11.899,-0.000,1.487,14.608
54.15,2.587,0.770,0.235,-11.899,-0.000,1.487,14.608
54.17,2.642,0.813,0.235,-11.899,-0.000,1.487,14.665
54.19,2.642,0.813,0.235,-11.899,-0.000,1.487,14.665
54.21,2.682,0.850,0.236,-11.899,-0.000,1.487,14.707
54.23,2.682,0.850,0.236,-11.899,-0.000,1.487,14.707
54.26,2.715,0.888,0.236,-11.899,-0.000,1.487,14.742
54.28,2.715,0.888,0.236,-11.899,-0.000,1.487,14.742
54.30,2.771,0.945,0.237,-11.899,-0.000,1.487,14.801
54.32,2.771,0.945,0.237,-11.899,-0.000,1.487,14.801
54.34,2.834,0.999,0.238,-11.899,-0.000,1.487,14.867
54.36,2.834,0.999,0.238,-11.899,-0.000,1.487,14.867
54.38,2.834,0.999,0.238,-11.899,-0.000,1.487,14.867
54.40,2.898,1.067,0.238,-11.899,-0.000,1.487,14.935
54.42,2.898,1.067,0.238,-11.899,-0.000,1.487,14.935
54.44,2.933,1.115,0.239,-11.899,-0.000,1.487,14.973
54.46,2.933,1.115,0.239,-11.899,-0.000,1.487,14.973
54.48,2.954,1.160,0.239,-11.899,-0.000,1.487,14.997
54.50,2.954,1.160,0.239,-11.899,-0.000,1.487,14.997
54.53,2.967,1.232,0.240,-11.899,-0.000,1.487,15.016
54.55,2.967,1.232,0.240,-11.899,-0.000,1.487,15.016
54.57,2.970,1.287,0.240,-11.899,-0.000,1.487,15.024
54.59,2.970,1.287,0.240,-11.899,-0.000,1.487,15.024
54.61,2.954,1.329,0.240,-11.899,-0.000,1.487,15.012
54.63,2.954,1.329,0.240,-11.899,-0.000,1.487,15.012
54.65,2.920,1.366,0.241,-11.899,-0.000,1.487,14.982
54.67,2.920,1.366,0.241,-11.899,-0.000,1.487,14.982
54.69,2.884,1.406,0.241,-11.899,-0.000,1.487,14.949
54.71,2.884,1.406,0.241,-11.899,-0.000,1.487,14.949
54.73,2.852,1.451,0.241,-11.899,-0.000,1.487,14.922
54.75,2.852,1.451,0.241,-11.899,-0.000,1.487,14.922
54.77,2.817,1.514,0.241,-11.899,-0.000,1.487,14.895
54.80,2.817,1.514,0.241,-11.899,-0.000,1.487,14.895
54.82,2.763,1.606,0.241,-11.899,-0.000,1.487,14.850
54.84,2.763,1.606,0.241,-11.899,-0.000,1.487,14.850
54.86,2.763,1.606,0.241,-11.899,-0.000,1.487,14.850
54.88,2.699,1.712,0.241,-11.899,-0.000,1.487,14.799
54.90,2.699,1.712,0.241,-11.899,-0.000,1.487,14.799
54.92,2.658,1.804,0.241,-11.899,-0.000,1.487,14.769
54.94,2.658,1.804,0.241,-11.899,-0.000,1.487,14.769
54.96,2.631,1.889,0.241,-11.899,-0.000,1.487,14.754
54.98,2.631,1.889,0.241,-11.899,-0.000,1.487,14.754
55.00,2.600,1.981,0.242,-11.899,-0.000,1.487,14.735
55.02,2.600,1.981,0.242,-11.899,-0.000,1.487,14.735
55.05,2.585,2.020,0.242,-11.899,-0.000,1.487,14.726
55.07,2.585,2.020,0.242,-11.899,-0.000,1.487,14.726
55.09,2.566,2.034,0.243,-11.899,-0.000,1.487,14.709
55.11,2.566,2.034,0.243,-11.899,-0.000,1.487,14.709
55.13,2.557,2.033,0.243,-11.899,-0.000,1.487,14.701
55.15,2.557,2.033,0.243,-11.899,-0.000,1.487,14.701
55.17,2.538,2.012,0.244,-11.899,-0.000,1.487,14.679
55.19,2.538,2.012,0.244,-11.899,-0.000,1.487,14.679
55.21,2.519,1.975,0.245,-11.899,-0.000,1.487,14.655
55.23,2.519,1.975,0.245,-11.899,-0.000,1.487,14.655
55.25,2.510,1.956,0.245,-11.899,-0.000,1.487,14.644
55.27,2.510,1.956,0.245,-11.899,-0.000,1.487,14.644
55.30,2.505,1.959,0.246,-11.899,-0.000,1.487,14.640
55.32,2.505,1.959,0.246,-11.899,-0.000,1.487,14.640
55.34,2.508,1.994,0.246,-11.899,-0.000,1.487,14.647
55.36,2.508,1.994,0.246,-11.899,-0.000,1.487,14.647
55.38,2.508,1.994,0.246,-11.899,-0.000,1.487,14.647
55.40,2.544,2.078,0.247,-11.899,-0.000,1.487,14.694
55.42,2.544,2.078,0.247,-11.899,-0.000,1.487,14.694
55.44,2.568,2.147,0.248,-11.899,-0.000,1.487,14.728
55.46,2.568,2.147,0.248,-11.899,-0.000,1.487,14.728
55.48,2.594,2.212,0.248,-11.899,-0.000,1.487,14.763
55.50,2.594,2.212,0.248,-11.899,-0.000,1.487,14.763
55.53,2.529,2.246,0.249,-11.899,-0.000,1.487,14.704
55.55,2.529,2.246,0.249,-11.899,-0.000,1.487,14.704
55.57,2.315,2.165,0.249,-11.899,-0.000,1.487,14.482
55.59,2.315,2.165,0.249,-11.899,-0.000,1.487,14.482
55.61,2.113,2.100,0.250,-11.899,-0.000,1.487,14.274
55.63,2.113,2.100,0.250,-11.899,-0.000,1.487,14.274
55.65,1.924,2.036,0.250,-11.899,-0.000,1.487,14.080
55.67,1.924,2.036,0.250,-11.899,-0.000,1.487,14.080
55.69,1.742,1.975,0.251,-11.899,-0.000,1.487,13.892
55.71,1.742,1.975,0.251,-11.899,-0.000,1.487,13.892
55.73,1.577,1.925,0.251,-11.899,-0.000,1.487,13.723
55.75,1.577,1.925,0.251,-11.899,-0.000,1.487,13.723
55.78,1.435,1.869,0.251,-11.899,-0.000,1.487,13.576
55.80,1.435,1.869,0.251,-11.899,-0.000,1.487,13.576
55.82,1.300,1.780,0.251,-11.899,-0.000,1.487,13.431
55.84,1.300,1.780,0.251,-11.899,-0.000,1.487,13.431
55.86,1.199,1.705,0.251,-11.899,-0.000,1.487,13.322
55.88,1.199,1.705,0.251,-11.899,-0.000,1.487,13.322
55.90,1.199,1.705,0.251,-11.899,-0.000,1.487,13.322
55.92,1.078,1.593,0.250,-11.899,-0.000,1.487,13.190
55.94,1.078,1.593,0.250,-11.899,-0.000,1.487,13.190
55.96,1.011,1.527,0.249,-11.899,-0.000,1.487,13.115
55.98,1.011,1.527,0.249,-11.899,-0.000,1.487,13.115
56.00,0.936,1.454,0.248,-11.899,-0.000,1.487,13.033
56.02,0.936,1.454,0.248,-11.899,-0.000,1.487,13.033
56.05,0.877,1.428,0.246,-11.899,-0.000,1.487,12.972
56.07,0.877,1.428,0.246,-11.899,-0.000,1.487,12.972
56.09,0.832,1.421,0.245,-11.899,-0.000,1.487,12.927
56.11,0.832,1.421,0.245,-11.899,-0.000,1.487,12.927
56.13,0.803,1.420,0.245,-11.899,-0.000,1.487,12.898
56.15,0.803,1.420,0.245,-11.899,-0.000,1.487,12.898
56.17,0.800,1.418,0.244,-11.899,-0.000,1.487,12.895
56.19,0.800,1.418,0.244,-11.899,-0.000,1.487,12.895
56.21,0.823,1.431,0.243,-11.899,-0.000,1.487,12.918
56.23,0.823,1.431,0.243,-11.899,-0.000,1.487,12.918
56.25,0.866,1.466,0.243,-11.899,-0.000,1.487,12.965
56.27,0.866,1.466,0.243,-11.899,-0.000,1.487,12.965
56.30,0.903,1.502,0.243,-11.899,-0.000,1.487,13.005
56.32,0.903,1.502,0.243,-11.899,-0.000,1.487,13.005
56.34,0.933,1.534,0.242,-11.899,-0.000,1.487,13.038
56.36,0.933,1.534,0.242,-11.899,-0.000,1.487,13.038
56.38,0.933,1.534,0.242,-11.899,-0.000,1.487,13.038
56.40,0.946,1.558,0.241,-11.899,-0.000,1.487,13.054
56.42,0.946,1.558,0.241,-11.899,-0.000,1.487,13.054
56.44,0.958,1.555,0.241,-11.899,-0.000,1.487,13.066
56.46,0.958,1.555,0.241,-11.899,-0.000,1.487,13.066
56.48,0.981,1.526,0.241,-11.899,-0.000,1.487,13.084
56.50,0.981,1.526,0.241,-11.899,-0.000,1.487,13.084
56.52,0.992,1.494,0.240,-11.899,-0.000,1.487,13.091
56.55,0.992,1.494,0.240,-11.899,-0.000,1.487,13.091
56.57,1.010,1.485,0.241,-11.899,-0.000,1.487,13.108
56.59,1.010,1.485,0.241,-11.899,-0.000,1.487,13.108
56.61,1.030,1.479,0.241,-11.899,-0.000,1.487,13.127
56.63,1.030,1.479,0.241,-11.899,-0.000,1.487,13.127
56.65,1.059,1.473,0.241,-11.899,-0.000,1.487,13.156
56.67,1.059,1.473,0.241,-11.899,-0.000,1.487,13.156
56.69,1.106,1.469,0.241,-11.899,-0.000,1.487,13.202
56.71,1.106,1.469,0.241,-11.899,-0.000,1.487,13.202
56.73,1.163,1.466,0.242,-11.899,-0.000,1.487,13.257
56.75,1.163,1.466,0.242,-11.899,-0.000,1.487,13.257
56.77,1.219,1.443,0.242,-11.899,-0.000,1.487,13.310
56.80,1.219,1.443,0.242,-11.899,-0.000,1.487,13.310
56.82,1.280,1.392,0.243,-11.899,-0.000,1.487,13.364
56.84,1.280,1.392,0.243,-11.899,-0.000,1.487,13.364
56.86,1.320,1.352,0.243,-11.899,-0.000,1.487,13.400
56.88,1.320,1.352,0.243,-11.899,-0.000,1.487,13.400
56.90,1.320,1.352,0.243,-11.899,-0.000,1.487,13.400
56.92,1.388,1.313,0.243,-11.899,-0.000,1.487,13.463
56.94,1.388,1.313,0.243,-11.899,-0.000,1.487,13.463
56.96,1.444,1.295,0.244,-11.899,-0.000,1.487,13.517
56.98,1.444,1.295,0.244,-11.899,-0.000,1.487,13.517
57.00,1.508,1.297,0.244,-11.899,-0.000,1.487,13.580
57.02,1.508,1.297,0.244,-11.899,-0.000,1.487,13.580
57.05,1.608,1.300,0.244,-11.899,-0.000,1.487,13.679
57.07,1.608,1.300,0.244,-11.899,-0.000,1.487,13.679
57.09,1.693,1.297,0.245,-11.899,-0.000,1.487,13.763
57.11,1.693,1.297,0.245,-11.899,-0.000,1.487,13.763
57.13,1.786,1.296,0.246,-11.899,-0.000,1.487,13.854
57.15,1.786,1.296,0.246,-11.899,-0.000,1.487,13.854
57.17,1.877,1.283,0.246,-11.899,-0.000,1.487,13.944
57.19,1.877,1.283,0.246,-11.899,-0.000,1.487,13.944
57.21,1.973,1.269,0.247,-11.899,-0.000,1.487,14.038
57.23,1.973,1.269,0.247,-11.899,-0.000,1.487,14.038
57.25,2.066,1.264,0.248,-11.899,-0.000,1.487,14.129
57.27,2.066,1.264,0.248,-11.899,-0.000,1.487,14.129
57.29,2.148,1.261,0.249,-11.899,-0.000,1.487,14.210
57.31,2.148,1.261,0.249,-11.899,-0.000,1.487,14.210
57.34,2.235,1.246,0.249,-11.899,-0.000,1.487,14.295
57.36,2.235,1.246,0.249,-11.899,-0.000,1.487,14.295
57.38,2.340,1.216,0.250,-11.899,-0.000,1.487,14.396
57.40,2.340,1.216,0.250,-11.899,-0.000,1.487,14.396
57.42,2.340,1.216,0.250,-11.899,-0.000,1.487,14.396
57.44,2.464,1.145,0.251,-11.899,-0.000,1.487,14.513
57.46,2.464,1.145,0.251,-11.899,-0.000,1.487,14.513
57.48,2.525,1.112,0.252,-11.899,-0.000,1.487,14.571
57.50,2.525,1.112,0.252,-11.899,-0.000,1.487,14.571
57.52,2.593,1.081,0.252,-11.899,-0.000,1.487,14.636
57.54,2.593,1.081,0.252,-11.899,-0.000,1.487,14.636
57.57,2.686,1.054,0.253,-11.899,-0.000,1.487,14.726
57.59,2.686,1.054,0.253,-11.899,-0.000,1.487,14.726
57.61,2.742,1.043,0.253,-11.899,-0.000,1.487,14.781
57.63,2.742,1.043,0.253,-11.899,-0.000,1.487,14.781
57.65,2.789,1.043,0.253,-11.899,-0.000,1.487,14.828
57.67,2.789,1.043,0.253,-11.899,-0.000,1.487,14.828
57.69,2.826,1.046,0.253,-11.899,-0.000,1.487,14.864
57.71,2.826,1.046,0.253,-11.899,-0.000,1.487,14.864
57.73,2.850,1.054,0.253,-11.899,-0.000,1.487,14.889
57.75,2.850,1.054,0.253,-11.899,-0.000,1.487,14.889
57.77,2.867,1.074,0.253,-11.899,-0.000,1.487,14.907
57.80,2.867,1.074,0.253,-11.899,-0.000,1.487,14.907
57.82,2.886,1.122,0.253,-11.899,-0.000,1.487,14.930
57.84,2.886,1.122,0.253,-11.899,-0.000,1.487,14.930
57.86,2.891,1.171,0.253,-11.899,-0.000,1.487,14.938
57.88,2.891,1.171,0.253,-11.899,-0.000,1.487,14.938
57.90,2.891,1.171,0.253,-11.899,-0.000,1.487,14.938
57.92,2.864,1.216,0.253,-11.899,-0.000,1.487,14.914
57.94,2.864,1.216,0.253,-11.899,-0.000,1.487,14.914
57.96,2.829,1.254,0.253,-11.899,-0.000,1.487,14.883
57.98,2.829,1.254,0.253,-11.899,-0.000,1.487,14.883
58.00,2.778,1.282,0.254,-11.899,-0.000,1.487,14.836
58.02,2.778,1.282,0.254,-11.899,-0.000,1.487,14.836
58.05,2.667,1.302,0.254,-11.899,-0.000,1.487,14.727
58.07,2.667,1.302,0.254,-11.899,-0.000,1.487,14.727
58.09,2.585,1.298,0.254,-11.899,-0.000,1.487,14.646
58.11,2.585,1.298,0.254,-11.899,-0.000,1.487,14.646
58.13,2.522,1.278,0.254,-11.899,-0.000,1.487,14.582
58.15,2.522,1.278,0.254,-11.899,-0.000,1.487,14.582
58.17,2.479,1.249,0.254,-11.899,-0.000,1.487,14.537
58.19,2.479,1.249,0.254,-11.899,-0.000,1.487,14.537
58.21,2.437,1.214,0.255,-11.899,-0.000,1.487,14.492
58.23,2.437,1.214,0.255,-11.899,-0.000,1.487,14.492
58.25,2.391,1.192,0.256,-11.899,-0.000,1.487,14.444
58.27,2.391,1.192,0.256,-11.899,-0.000,1.487,14.444
58.29,2.345,1.176,0.257,-11.899,-0.000,1.487,14.399
58.32,2.345,1.176,0.257,-11.899,-0.000,1.487,14.399
58.34,2.267,1.170,0.258,-11.899,-0.000,1.487,14.320
58.36,2.267,1.170,0.258,-11.899,-0.000,1.487,14.320
58.38,2.201,1.188,0.259,-11.899,-0.000,1.487,14.257
58.40,2.201,1.188,0.259,-11.899,-0.000,1.487,14.257
58.42,2.201,1.188,0.259,-11.899,-0.000,1.487,14.257
58.44,2.122,1.235,0.260,-11.899,-0.000,1.487,14.183
58.46,2.122,1.235,0.260,-11.899,-0.000,1.487,14.183
58.48,2.091,1.279,0.261,-11.899,-0.000,1.487,14.156
58.50,2.091,1.279,0.261,-11.899,-0.000,1.487,14.156
58.52,2.088,1.327,0.261,-11.899,-0.000,1.487,14.158
58.54,2.088,1.327,0.261,-11.899,-0.000,1.487,14.158
58.56,2.112,1.414,0.262,-11.899,-0.000,1.487,14.191
58.59,2.112,1.414,0.262,-11.899,-0.000,1.487,14.191
58.61,2.146,1.473,0.263,-11.899,-0.000,1.487,14.230
58.63,2.146,1.473,0.263,-11.899,-0.000,1.487,14.230
58.65,2.191,1.535,0.264,-11.899,-0.000,1.487,14.281
58.67,2.191,1.535,0.264,-11.899,-0.000,1.487,14.281
58.69,2.241,1.593,0.264,-11.899,-0.000,1.487,14.337
58.71,2.241,1.593,0.264,-11.899,-0.000,1.487,14.337
58.73,2.294,1.639,0.265,-11.899,-0.000,1.487,14.394
58.75,2.294,1.639,0.265,-11.899,-0.000,1.487,14.394
58.77,2.354,1.681,0.265,-11.899,-0.000,1.487,14.459
58.79,2.354,1.681,0.265,-11.899,-0.000,1.487,14.459
58.81,2.419,1.711,0.266,-11.899,-0.000,1.487,14.525
58.84,2.419,1.711,0.266,-11.899,-0.000,1.487,14.525
58.86,2.487,1.734,0.265,-11.899,-0.000,1.487,14.596
58.88,2.487,1.734,0.265,-11.899,-0.000,1.487,14.596
58.90,2.487,1.734,0.265,-11.899,-0.000,1.487,14.596
58.92,2.549,1.732,0.266,-11.899,-0.000,1.487,14.657
58.94,2.549,1.732,0.266,-11.899,-0.000,1.487,14.657
58.96,2.596,1.713,0.265,-11.899,-0.000,1.487,14.701
58.98,2.596,1.713,0.265,-11.899,-0.000,1.487,14.701
59.00,2.639,1.710,0.265,-11.899,-0.000,1.487,14.743
59.02,2.639,1.710,0.265,-11.899,-0.000,1.487,14.743
59.04,2.689,1.721,0.264,-11.899,-0.000,1.487,14.793
59.06,2.689,1.721,0.264,-11.899,-0.000,1.487,14.793
59.09,2.768,1.762,0.263,-11.899,-0.000,1.487,14.876
59.11,2.768,1.762,0.263,-11.899,-0.000,1.487,14.876
59.13,2.826,1.821,0.263,-11.899,-0.000,1.487,14.939
59.15,2.826,1.821,0.263,-11.899,-0.000,1.487,14.939
59.17,2.887,1.885,0.263,-11.899,-0.000,1.487,15.008
59.19,2.887,1.885,0.263,-11.899,-0.000,1.487,15.008
59.21,2.956,1.938,0.262,-11.899,-0.000,1.487,15.082
59.23,2.956,1.938,0.262,-11.899,-0.000,1.487,15.082
59.25,3.017,1.993,0.262,-11.899,-0.000,1.487,15.150
59.27,3.017,1.993,0.262,-11.899,-0.000,1.487,15.150
59.29,3.072,2.043,0.262,-11.899,-0.000,1.487,15.211
59.31,3.072,2.043,0.262,-11.899,-0.000,1.487,15.211
59.34,3.063,2.340,0.263,-11.899,-0.000,1.487,15.245
59.36,3.063,2.340,0.263,-11.899,-0.000,1.487,15.245
59.38,3.276,2.143,0.261,-11.899,-0.000,1.487,15.425
59.40,3.276,2.143,0.261,-11.899,-0.000,1.487,15.425
59.42,3.276,2.143,0.261,-11.899,-0.000,1.487,15.425
59.44,3.050,2.497,0.263,-11.899,-0.000,1.487,15.256
59.46,3.050,2.497,0.263,-11.899,-0.000,1.487,15.256
59.48,2.821,3.291,0.264,-11.899,-0.000,1.487,15.185
59.50,2.821,3.291,0.264,-11.899,-0.000,1.487,15.185
59.52,2.637,4.068,0.268,-11.899,-0.000,1.487,15.196
59.54,2.637,4.068,0.268,-11.899,-0.000,1.487,15.196
59.57,2.445,4.338,0.267,-11.899,-0.000,1.487,15.088
59.59,2.445,4.338,0.267,-11.899,-0.000,1.487,15.088
59.61,2.329,4.342,0.265,-11.899,-0.000,1.487,14.978
59.63,2.329,4.342,0.265,-11.899,-0.000,1.487,14.978
59.65,2.275,4.336,0.263,-11.899,-0.000,1.487,14.925
59.67,2.275,4.336,0.263,-11.899,-0.000,1.487,14.925
59.69,2.401,4.337,0.262,-11.899,-0.000,1.487,15.045
59.71,2.401,4.337,0.262,-11.899,-0.000,1.487,15.045
59.73,2.457,4.171,0.259,-11.899,-0.000,1.487,15.051
59.75,2.457,4.171,0.259,-11.899,-0.000,1.487,15.051
59.77,2.583,3.996,0.256,-11.899,-0.000,1.487,15.124
59.79,2.583,3.996,0.256,-11.899,-0.000,1.487,15.124
59.82,2.748,3.820,0.253,-11.899,-0.000,1.487,15.237
59.84,2.748,3.820,0.253,-11.899,-0.000,1.487,15.237
59.86,2.741,3.667,0.249,-11.899,-0.000,1.487,15.191
59.88,2.741,3.667,0.249,-11.899,-0.000,1.487,15.191
59.90,2.741,3.667,0.249,-11.899,-0.000,1.487,15.191
59.92,2.295,3.861,0.248,-11.899,-0.000,1.487,14.812
59.94,2.295,3.861,0.248,-11.899,-0.000,1.487,14.812
59.96,1.861,4.037,0.248,-11.899,-0.000,1.487,14.444
59.98,1.861,4.037,0.248,-11.899,-0.000,1.487,14.444
60.00,1.439,4.202,0.247,-11.899,-0.000,1.487,14.091
60.02,1.439,4.202,0.247,-11.899,-0.000,1.487,14.091
60.04,0.853,4.390,0.247,-11.899,-0.000,1.487,13.598
60.07,0.853,4.390,0.247,-11.899,-0.000,1.487,13.598
60.09,0.442,4.505,0.246,-11.899,-0.000,1.487,13.251
60.11,0.442,4.505,0.246,-11.899,-0.000,1.487,13.251
60.13,0.041,4.598,0.246,-11.899,-0.000,1.487,12.911
60.15,0.041,4.598,0.246,-11.899,-0.000,1.487,12.911
60.17,-0.119,4.409,0.244,-11.899,-0.000,1.487,12.696
60.19,-0.119,4.409,0.244,-11.899,-0.000,1.487,12.696
60.21,-0.219,4.036,0.241,-11.899,-0.000,1.487,12.478
60.23,-0.219,4.036,0.241,-11.899,-0.000,1.487,12.478
60.25,-0.251,3.812,0.239,-11.899,-0.000,1.487,12.377
60.27,-0.251,3.812,0.239,-11.899,-0.000,1.487,12.377
60.29,-0.247,3.605,0.237,-11.899,-0.000,1.487,12.318
60.31,-0.247,3.605,0.237,-11.899,-0.000,1.487,12.318
60.34,-0.229,3.402,0.235,-11.899,-0.000,1.487,12.277
60.36,-0.229,3.402,0.235,-11.899,-0.000,1.487,12.277
60.38,-0.211,3.144,0.231,-11.899,-0.000,1.487,12.224
60.40,-0.211,3.144,0.231,-11.899,-0.000,1.487,12.224
60.42,-0.211,3.144,0.231,-11.899,-0.000,1.487,12.224
60.44,-0.185,2.878,0.226,-11.899,-0.000,1.487,12.184
60.46,-0.185,2.878,0.226,-11.899,-0.000,1.487,12.184
60.48,-0.143,2.697,0.222,-11.899,-0.000,1.487,12.182
60.50,-0.143,2.697,0.222,-11.899,-0.000,1.487,12.182
60.52,-0.088,2.485,0.216,-11.899,-0.000,1.487,12.189
60.54,-0.088,2.485,0.216,-11.899,-0.000,1.487,12.189
60.56,-0.062,2.410,0.211,-11.899,-0.000,1.487,12.199
60.58,-0.062,2.410,0.211,-11.899,-0.000,1.487,12.199
60.61,-0.018,2.313,0.202,-11.899,-0.000,1.487,12.221
60.63,-0.018,2.313,0.202,-11.899,-0.000,1.487,12.221
60.65,-0.024,2.223,0.195,-11.899,-0.000,1.487,12.198
60.67,-0.024,2.223,0.195,-11.899,-0.000,1.487,12.198
60.69,-0.007,2.065,0.186,-11.899,-0.000,1.487,12.185
60.71,-0.007,2.065,0.186,-11.899,-0.000,1.487,12.185
60.73,0.010,2.026,0.177,-11.899,-0.000,1.487,12.194
60.75,0.010,2.026,0.177,-11.899,-0.000,1.487,12.194
60.77,0.022,1.912,0.166,-11.899,-0.000,1.487,12.186
60.79,0.022,1.912,0.166,-11.899,-0.000,1.487,12.186
60.82,-1.466,5.168,0.156,-11.899,-0.000,1.487,11.758
60.84,-1.466,5.168,0.156,-11.899,-0.000,1.487,11.758
60.86,-1.471,5.078,0.155,-11.899,-0.000,1.487,11.715
60.88,-1.471,5.078,0.155,-11.899,-0.000,1.487,11.715
60.90,-1.750,4.982,0.153,-11.899,-0.000,1.487,11.424
60.92,-1.750,4.982,0.153,-11.899,-0.000,1.487,11.424
60.94,-1.750,4.982,0.153,-11.899,-0.000,1.487,11.424
60.96,-2.095,4.861,0.153,-11.899,-0.000,1.487,11.066
60.98,-2.095,4.861,0.153,-11.899,-0.000,1.487,11.066
61.00,-2.318,4.792,0.153,-11.899,-0.000,1.487,10.837
61.02,-2.318,4.792,0.153,-11.899,-0.000,1.487,10.837
61.05,-2.586,4.699,0.152,-11.899,-0.000,1.487,10.559
61.07,-2.586,4.699,0.152,-11.899,-0.000,1.487,10.559
61.09,-2.739,4.636,0.153,-11.899,-0.000,1.487,10.397
61.11,-2.739,4.636,0.153,-11.899,-0.000,1.487,10.397
61.13,-2.852,4.583,0.153,-11.899,-0.000,1.487,10.273
61.15,-2.852,4.583,0.153,-11.899,-0.000,1.487,10.273
61.17,-2.930,4.527,0.154,-11.899,-0.000,1.487,10.180
61.19,-2.930,4.527,0.154,-11.899,-0.000,1.487,10.180
61.21,-2.988,4.486,0.155,-11.899,-0.000,1.487,10.110
61.23,-2.988,4.486,0.155,-11.899,-0.000,1.487,10.110
61.25,-3.025,4.461,0.156,-11.899,-0.000,1.487,10.067
61.27,-3.025,4.461,0.156,-11.899,-0.000,1.487,10.067
61.30,-3.035,4.454,0.156,-11.899,-0.000,1.487,10.056
61.32,-3.035,4.454,0.156,-11.899,-0.000,1.487,10.056
61.34,-3.021,4.454,0.157,-11.899,-0.000,1.487,10.068
61.36,-3.021,4.454,0.157,-11.899,-0.000,1.487,10.068
61.38,-2.879,4.455,0.159,-11.899,-0.000,1.487,10.194
61.40,-2.879,4.455,0.159,-11.899,-0.000,1.487,10.194
61.42,-2.879,4.455,0.159,-11.899,-0.000,1.487,10.194
61.44,-2.762,4.431,0.161,-11.899,-0.000,1.487,10.287
61.46,-2.762,4.431,0.161,-11.899,-0.000,1.487,10.287
61.48,-2.522,4.477,0.162,-11.899,-0.000,1.487,10.521
61.50,-2.522,4.477,0.162,-11.899,-0.000,1.487,10.521
61.52,-2.262,4.557,0.161,-11.899,-0.000,1.487,10.786
61.54,-2.262,4.557,0.161,-11.899,-0.000,1.487,10.786
61.57,-1.886,4.650,0.160,-11.899,-0.000,1.487,11.162
61.59,-1.886,4.650,0.160,-11.899,-0.000,1.487,11.162
61.61,-1.410,4.746,0.160,-11.899,-0.000,1.487,11.630
61.63,-1.410,4.746,0.160,-11.899,-0.000,1.487,11.630
61.65,-0.849,4.815,0.163,-11.899,-0.000,1.487,12.166
61.67,-0.849,4.815,0.163,-11.899,-0.000,1.487,12.166
61.69,-0.317,4.906,0.164,-11.899,-0.000,1.487,12.686
61.71,-0.317,4.906,0.164,-11.899,-0.000,1.487,12.686
61.73,0.181,5.019,0.166,-11.899,-0.000,1.487,13.185
61.75,0.181,5.019,0.166,-11.899,-0.000,1.487,13.185
61.77,0.661,5.136,0.167,-11.899,-0.000,1.487,13.670
61.80,0.661,5.136,0.167,-11.899,-0.000,1.487,13.670
61.82,1.196,5.254,0.169,-11.899,-0.000,1.487,14.207
61.84,1.196,5.254,0.169,-11.899,-0.000,1.487,14.207
61.86,1.612,5.344,0.171,-11.899,-0.000,1.487,14.624
61.88,1.612,5.344,0.171,-11.899,-0.000,1.487,14.624
61.90,1.988,5.427,0.173,-11.899,-0.000,1.487,15.002
61.92,1.988,5.427,0.173,-11.899,-0.000,1.487,15.002
61.94,1.988,5.427,0.173,-11.899,-0.000,1.487,15.002
61.96,2.443,5.523,0.175,-11.899,-0.000,1.487,15.458
61.98,2.443,5.523,0.175,-11.899,-0.000,1.487,15.458
62.00,2.713,5.595,0.176,-11.899,-0.000,1.487,15.735
62.02,2.713,5.595,0.176,-11.899,-0.000,1.487,15.735
62.05,3.052,5.700,0.178,-11.899,-0.000,1.487,16.087
62.07,3.052,5.700,0.178,-11.899,-0.000,1.487,16.087
62.09,3.258,5.768,0.179,-11.899,-0.000,1.487,16.302
62.11,3.258,5.768,0.179,-11.899,-0.000,1.487,16.302
62.13,3.417,5.842,0.180,-11.899,-0.000,1.487,16.477
62.15,3.417,5.842,0.180,-11.899,-0.000,1.487,16.477
62.17,3.534,5.912,0.181,-11.899,-0.000,1.487,16.611
62.19,3.534,5.912,0.181,-11.899,-0.000,1.487,16.611
62.21,3.631,5.971,0.182,-11.899,-0.000,1.487,16.721
62.23,3.631,5.971,0.182,-11.899,-0.000,1.487,16.721
62.25,3.736,6.014,0.183,-11.899,-0.000,1.487,16.835
62.27,3.736,6.014,0.183,-11.899,-0.000,1.487,16.835
62.30,3.848,6.045,0.184,-11.899,-0.000,1.487,16.950
62.32,3.848,6.045,0.184,-11.899,-0.000,1.487,16.950
62.34,3.991,6.062,0.184,-11.899,-0.000,1.487,17.089
62.36,3.991,6.062,0.184,-11.899,-0.000,1.487,17.089
62.38,4.099,6.067,0.185,-11.899,-0.000,1.487,17.191
62.40,4.099,6.067,0.185,-11.899,-0.000,1.487,17.191
62.42,4.099,6.067,0.185,-11.899,-0.000,1.487,17.191
62.44,4.235,6.057,0.185,-11.899,-0.000,1.487,17.315
62.46,4.235,6.057,0.185,-11.899,-0.000,1.487,17.315
62.48,4.329,6.048,0.185,-11.899,-0.000,1.487,17.398
62.50,4.329,6.048,0.185,-11.899,-0.000,1.487,17.398
62.52,4.418,6.051,0.185,-11.899,-0.000,1.487,17.483
62.54,4.418,6.051,0.185,-11.899,-0.000,1.487,17.483
62.57,4.535,6.066,0.185,-11.899,-0.000,1.487,17.597
62.59,4.535,6.066,0.185,-11.899,-0.000,1.487,17.597
62.61,4.602,6.073,0.184,-11.899,-0.000,1.487,17.662
62.63,4.602,6.073,0.184,-11.899,-0.000,1.487,17.662
62.65,4.663,6.077,0.184,-11.899,-0.000,1.487,17.721
62.67,4.663,6.077,0.184,-11.899,-0.000,1.487,17.721
62.69,4.723,6.085,0.182,-11.899,-0.000,1.487,17.779
62.71,4.723,6.085,0.182,-11.899,-0.000,1.487,17.779
62.73,4.776,6.081,0.181,-11.899,-0.000,1.487,17.827
62.75,4.776,6.081,0.181,-11.899,-0.000,1.487,17.827
62.77,4.838,6.083,0.181,-11.899,-0.000,1.487,17.886
62.79,4.838,6.083,0.181,-11.899,-0.000,1.487,17.886
62.82,-3.633,8.750,0.178,-11.899,-0.000,1.487,12.152
62.84,-3.633,8.750,0.178,-11.899,-0.000,1.487,12.152
62.86,-3.728,8.808,0.176,-11.899,-0.000,1.487,12.129
62.88,-3.728,8.808,0.176,-11.899,-0.000,1.487,12.129
62.90,-3.817,8.853,0.173,-11.899,-0.000,1.487,12.102
62.92,-3.817,8.853,0.173,-11.899,-0.000,1.487,12.102
62.94,-3.817,8.853,0.173,-11.899,-0.000,1.487,12.102
62.96,-3.975,8.907,0.170,-11.899,-0.000,1.487,12.036
62.98,-3.975,8.907,0.170,-11.899,-0.000,1.487,12.036
63.00,-4.085,8.928,0.167,-11.899,-0.000,1.487,11.979
63.02,-4.085,8.928,0.167,-11.899,-0.000,1.487,11.979
63.04,-4.219,8.932,0.164,-11.899,-0.000,1.487,11.895
63.07,-4.219,8.932,0.164,-11.899,-0.000,1.487,11.895
63.09,-4.311,8.939,0.162,-11.899,-0.000,1.487,11.841
63.11,-4.311,8.939,0.162,-11.899,-0.000,1.487,11.841
63.13,-4.398,8.939,0.161,-11.899,-0.000,1.487,11.785
63.15,-4.398,8.939,0.161,-11.899,-0.000,1.487,11.785
63.17,-4.481,8.956,0.160,-11.899,-0.000,1.487,11.745
63.19,-4.481,8.956,0.160,-11.899,-0.000,1.487,11.745
63.21,-4.562,8.986,0.159,-11.899,-0.000,1.487,11.718
63.23,-4.562,8.986,0.159,-11.899,-0.000,1.487,11.718
63.25,-4.650,9.019,0.159,-11.899,-0.000,1.487,11.688
63.27,-4.650,9.019,0.159,-11.899,-0.000,1.487,11.688
63.29,-4.740,9.055,0.158,-11.899,-0.000,1.487,11.660
63.31,-4.740,9.055,0.158,-11.899,-0.000,1.487,11.660
63.34,-4.831,9.094,0.158,-11.899,-0.000,1.487,11.635
63.36,-4.831,9.094,0.158,-11.899,-0.000,1.487,11.635
63.38,-4.930,9.148,0.158,-11.899,-0.000,1.487,11.617
63.40,-4.930,9.148,0.158,-11.899,-0.000,1.487,11.617
63.42,-5.014,9.196,0.158,-11.899,-0.000,1.487,11.605
63.44,-5.014,9.196,0.158,-11.899,-0.000,1.487,11.605
63.46,-5.014,9.196,0.158,-11.899,-0.000,1.487,11.605
63.48,-5.147,9.269,0.158,-11.899,-0.000,1.487,11.585
63.50,-5.147,9.269,0.158,-11.899,-0.000,1.487,11.585
63.52,-5.241,9.308,0.157,-11.899,-0.000,1.487,11.561
63.54,-5.241,9.308,0.157,-11.899,-0.000,1.487,11.561
63.56,-5.380,9.338,0.156,-11.899,-0.000,1.487,11.506
63.59,-5.380,9.338,0.156,-11.899,-0.000,1.487,11.506
63.61,-5.490,9.353,0.155,-11.899,-0.000,1.487,11.457
63.63,-5.490,9.353,0.155,-11.899,-0.000,1.487,11.457
63.65,-5.592,9.373,0.154,-11.899,-0.000,1.487,11.416
63.67,-5.592,9.373,0.154,-11.899,-0.000,1.487,11.416
63.69,-5.691,9.402,0.154,-11.899,-0.000,1.487,11.386
63.71,-5.691,9.402,0.154,-11.899,-0.000,1.487,11.386
63.73,-5.788,9.425,0.153,-11.899,-0.000,1.487,11.352
63.75,-5.788,9.425,0.153,-11.899,-0.000,1.487,11.352
63.77,-5.893,9.458,0.153,-11.899,-0.000,1.487,11.323
63.79,-5.893,9.458,0.153,-11.899,-0.000,1.487,11.323
63.81,-6.005,9.499,0.153,-11.899,-0.000,1.487,11.299
63.83,-6.005,9.499,0.153,-11.899,-0.000,1.487,11.299
63.86,-6.121,9.543,0.154,-11.899,-0.000,1.487,11.276
63.88,-6.121,9.543,0.154,-11.899,-0.000,1.487,11.276
63.90,-6.262,9.611,0.154,-11.899,-0.000,1.487,11.263
63.92,-6.262,9.611,0.154,-11.899,-0.000,1.487,11.263
63.94,-6.262,9.611,0.154,-11.899,-0.000,1.487,11.263
63.96,-6.433,9.679,0.155,-11.899,-0.000,1.487,11.237
63.98,-6.433,9.679,0.155,-11.899,-0.000,1.487,11.237
64.00,-6.555,9.717,0.156,-11.899,-0.000,1.487,11.211
64.02,-6.555,9.717,0.156,-11.899,-0.000,1.487,11.211
64.04,-6.704,9.745,0.157,-11.899,-0.000,1.487,11.165
64.06,-6.704,9.745,0.157,-11.899,-0.000,1.487,11.165
64.08,-6.854,9.773,0.157,-11.899,-0.000,1.487,11.121
64.11,-6.854,9.773,0.157,-11.899,-0.000,1.487,11.121
64.13,-6.983,9.792,0.158,-11.899,-0.000,1.487,11.080
64.15,-6.983,9.792,0.158,-11.899,-0.000,1.487,11.080
64.17,-7.115,9.795,0.158,-11.899,-0.000,1.487,11.025
64.19,-7.115,9.795,0.158,-11.899,-0.000,1.487,11.025
64.21,-7.239,9.774,0.157,-11.899,-0.000,1.487,10.953
64.23,-7.239,9.774,0.157,-11.899,-0.000,1.487,10.953
64.25,-7.365,9.729,0.156,-11.899,-0.000,1.487,10.859
64.27,-7.365,9.729,0.156,-11.899,-0.000,1.487,10.859
64.29,-7.481,9.671,0.155,-11.899,-0.000,1.487,10.759
64.31,-7.481,9.671,0.155,-11.899,-0.000,1.487,10.759
64.33,-7.592,9.610,0.154,-11.899,-0.000,1.487,10.659
64.36,-7.592,9.610,0.154,-11.899,-0.000,1.487,10.659
64.38,-7.716,9.541,0.154,-11.899,-0.000,1.487,10.546
64.40,-7.716,9.541,0.154,-11.899,-0.000,1.487,10.546
64.42,-7.777,9.407,0.152,-11.899,-0.000,1.487,10.401
64.44,-7.777,9.407,0.152,-11.899,-0.000,1.487,10.401
64.46,-7.777,9.407,0.152,-11.899,-0.000,1.487,10.401
64.48,-7.829,9.196,0.150,-11.899,-0.000,1.487,10.189
64.50,-7.829,9.196,0.150,-11.899,-0.000,1.487,10.189
64.52,-7.845,9.044,0.148,-11.899,-0.000,1.487,10.045
64.54,-7.845,9.044,0.148,-11.899,-0.000,1.487,10.045
64.56,-7.847,8.889,0.147,-11.899,-0.000,1.487,9.905
64.58,-7.847,8.889,0.147,-11.899,-0.000,1.487,9.905
64.60,-7.835,8.683,0.146,-11.899,-0.000,1.487,9.726
64.63,-7.835,8.683,0.146,-11.899,-0.000,1.487,9.726
64.65,-7.840,8.563,0.146,-11.899,-0.000,1.487,9.616
64.67,-7.840,8.563,0.146,-11.899,-0.000,1.487,9.616
64.69,-7.869,8.456,0.146,-11.899,-0.000,1.487,9.509
64.71,-7.869,8.456,0.146,-11.899,-0.000,1.487,9.509
64.73,-7.916,8.373,0.146,-11.899,-0.000,1.487,9.415
64.75,-7.916,8.373,0.146,-11.899,-0.000,1.487,9.415
64.77,-7.967,8.292,0.147,-11.899,-0.000,1.487,9.321
64.79,-7.967,8.292,0.147,-11.899,-0.000,1.487,9.321
64.81,-8.027,8.200,0.147,-11.899,-0.000,1.487,9.215
64.83,-8.027,8.200,0.147,-11.899,-0.000,1.487,9.215
64.86,-8.083,8.092,0.148,-11.899,-0.000,1.487,9.095
64.88,-8.083,8.092,0.148,-11.899,-0.000,1.487,9.095
64.90,-8.139,7.938,0.148,-11.899,-0.000,1.487,8.934
64.92,-8.139,7.938,0.148,-11.899,-0.000,1.487,8.934
64.94,-8.139,7.938,0.148,-11.899,-0.000,1.487,8.934
64.96,-8.190,7.759,0.149,-11.899,-0.000,1.487,8.754
64.98,-8.190,7.759,0.149,-11.899,-0.000,1.487,8.754
65.00,-8.216,7.635,0.150,-11.899,-0.000,1.487,8.634
65.02,-8.216,7.635,0.150,-11.899,-0.000,1.487,8.634
65.04,-8.226,7.525,0.151,-11.899,-0.000,1.487,8.532
65.06,-8.226,7.525,0.151,-11.899,-0.000,1.487,8.532
65.08,-8.256,7.379,0.152,-11.899,-0.000,1.487,8.391
65.11,-8.256,7.379,0.152,-11.899,-0.000,1.487,8.391
65.13,-8.293,7.292,0.153,-11.899,-0.000,1.487,8.299
65.15,-8.293,7.292,0.153,-11.899,-0.000,1.487,8.299
65.17,-8.339,7.223,0.154,-11.899,-0.000,1.487,8.219
65.19,-8.339,7.223,0.154,-11.899,-0.000,1.487,8.219
65.21,-8.377,7.168,0.155,-11.899,-0.000,1.487,8.154
65.23,-8.377,7.168,0.155,-11.899,-0.000,1.487,8.154
65.25,-8.408,7.108,0.155,-11.899,-0.000,1.487,8.088
65.27,-8.408,7.108,0.155,-11.899,-0.000,1.487,8.088
65.29,-8.421,7.049,0.155,-11.899,-0.000,1.487,8.030
65.31,-8.421,7.049,0.155,-11.899,-0.000,1.487,8.030
65.33,-8.412,6.993,0.155,-11.899,-0.000,1.487,7.985
65.36,-8.412,6.993,0.155,-11.899,-0.000,1.487,7.985
65.38,-8.389,6.935,0.155,-11.899,-0.000,1.487,7.944
65.40,-8.389,6.935,0.155,-11.899,-0.000,1.487,7.944
65.42,-8.353,6.881,0.155,-11.899,-0.000,1.487,7.913
65.44,-8.353,6.881,0.155,-11.899,-0.000,1.487,7.913
65.46,-8.353,6.881,0.155,-11.899,-0.000,1.487,7.913
65.48,-8.300,6.812,0.154,-11.899,-0.000,1.487,7.878
65.50,-8.300,6.812,0.154,-11.899,-0.000,1.487,7.878
65.52,-8.247,6.755,0.154,-11.899,-0.000,1.487,7.853
65.54,-8.247,6.755,0.154,-11.899,-0.000,1.487,7.853
65.56,-8.196,6.705,0.153,-11.899,-0.000,1.487,7.834
65.58,-8.196,6.705,0.153,-11.899,-0.000,1.487,7.834
65.60,-8.140,6.653,0.153,-11.899,-0.000,1.487,7.815
65.63,-8.140,6.653,0.153,-11.899,-0.000,1.487,7.815
65.65,-8.098,6.626,0.153,-11.899,-0.000,1.487,7.813
65.67,-8.098,6.626,0.153,-11.899,-0.000,1.487,7.813
65.69,-8.052,6.605,0.153,-11.899,-0.000,1.487,7.818
65.71,-8.052,6.605,0.153,-11.899,-0.000,1.487,7.818
65.73,-8.004,6.593,0.154,-11.899,-0.000,1.487,7.832
65.75,-8.004,6.593,0.154,-11.899,-0.000,1.487,7.832
65.77,-7.959,6.586,0.154,-11.899,-0.000,1.487,7.848
65.79,-7.959,6.586,0.154,-11.899,-0.000,1.487,7.848
65.81,-7.936,6.574,0.155,-11.899,-0.000,1.487,7.851
65.83,-7.936,6.574,0.155,-11.899,-0.000,1.487,7.851
65.85,-7.922,6.553,0.155,-11.899,-0.000,1.487,7.840
65.87,-7.922,6.553,0.155,-11.899,-0.000,1.487,7.840
65.90,-7.919,6.535,0.156,-11.899,-0.000,1.487,7.827
65.92,-7.919,6.535,0.156,-11.899,-0.000,1.487,7.827
65.94,-7.918,6.538,0.158,-11.899,-0.000,1.487,7.830
65.96,-7.918,6.538,0.158,-11.899,-0.000,1.487,7.830
65.98,-7.918,6.538,0.158,-11.899,-0.000,1.487,7.830
66.00,-7.892,6.569,0.159,-11.899,-0.000,1.487,7.869
66.02,-7.892,6.569,0.159,-11.899,-0.000,1.487,7.869
66.04,-7.878,6.597,0.160,-11.899,-0.000,1.487,7.900
66.06,-7.878,6.597,0.160,-11.899,-0.000,1.487,7.900
66.08,-7.858,6.636,0.162,-11.899,-0.000,1.487,7.943
66.10,-7.858,6.636,0.162,-11.899,-0.000,1.487,7.943
66.12,-7.803,6.702,0.164,-11.899,-0.000,1.487,8.026
66.15,-7.803,6.702,0.164,-11.899,-0.000,1.487,8.026
66.17,-7.757,6.742,0.165,-11.899,-0.000,1.487,8.084
66.19,-7.757,6.742,0.165,-11.899,-0.000,1.487,8.084
66.21,-7.695,6.785,0.166,-11.899,-0.000,1.487,8.152
66.23,-7.695,6.785,0.166,-11.899,-0.000,1.487,8.152
66.25,-7.628,6.820,0.167,-11.899,-0.000,1.487,8.215
66.27,-7.628,6.820,0.167,-11.899,-0.000,1.487,8.215
66.29,-7.561,6.854,0.169,-11.899,-0.000,1.487,8.279
66.31,-7.561,6.854,0.169,-11.899,-0.000,1.487,8.279
66.33,-7.505,6.894,0.171,-11.899,-0.000,1.487,8.342
66.35,-7.505,6.894,0.171,-11.899,-0.000,1.487,8.342
66.37,-7.466,6.926,0.172,-11.899,-0.000,1.487,8.389
66.40,-7.466,6.926,0.172,-11.899,-0.000,1.487,8.389
66.42,-7.435,6.966,0.174,-11.899,-0.000,1.487,8.439
66.44,-7.435,6.966,0.174,-11.899,-0.000,1.487,8.439
66.46,-7.435,6.966,0.174,-11.899,-0.000,1.487,8.439
66.48,-7.379,7.007,0.175,-11.899,-0.000,1.487,8.503
66.50,-7.379,7.007,0.175,-11.899,-0.000,1.487,8.503
66.52,-7.334,7.025,0.176,-11.899,-0.000,1.487,8.542
66.54,-7.334,7.025,0.176,-11.899,-0.000,1.487,8.542
66.56,-7.276,7.040,0.177,-11.899,-0.000,1.487,8.585
66.58,-7.276,7.040,0.177,-11.899,-0.000,1.487,8.585
66.60,-7.214,7.063,0.177,-11.899,-0.000,1.487,8.638
66.62,-7.214,7.063,0.177,-11.899,-0.000,1.487,8.638
66.65,-7.156,7.099,0.178,-11.899,-0.000,1.487,8.699
66.67,-7.156,7.099,0.178,-11.899,-0.000,1.487,8.699
66.69,-7.119,7.130,0.179,-11.899,-0.000,1.487,8.745
66.71,-7.119,7.130,0.179,-11.899,-0.000,1.487,8.745
66.73,-7.095,7.153,0.179,-11.899,-0.000,1.487,8.776
66.75,-7.095,7.153,0.179,-11.899,-0.000,1.487,8.776
66.77,-7.088,7.186,0.179,-11.899,-0.000,1.487,8.807
66.79,-7.088,7.186,0.179,-11.899,-0.000,1.487,8.807
66.81,-7.090,7.238,0.179,-11.899,-0.000,1.487,8.848
66.83,-7.090,7.238,0.179,-11.899,-0.000,1.487,8.848
66.86,-7.113,7.293,0.179,-11.899,-0.000,1.487,8.882
66.88,-7.113,7.293,0.179,-11.899,-0.000,1.487,8.882
66.90,-7.156,7.371,0.180,-11.899,-0.000,1.487,8.923
66.92,-7.156,7.371,0.180,-11.899,-0.000,1.487,8.923
66.94,-7.189,7.444,0.180,-11.899,-0.000,1.487,8.965
66.96,-7.189,7.444,0.180,-11.899,-0.000,1.487,8.965
66.98,-7.189,7.444,0.180,-11.899,-0.000,1.487,8.965
67.00,-7.225,7.525,0.180,-11.899,-0.000,1.487,9.014
67.02,-7.225,7.525,0.180,-11.899,-0.000,1.487,9.014
67.04,-7.246,7.570,0.180,-11.899,-0.000,1.487,9.041
67.06,-7.246,7.570,0.180,-11.899,-0.000,1.487,9.041
67.08,-7.284,7.644,0.181,-11.899,-0.000,1.487,9.084
67.10,-7.284,7.644,0.181,-11.899,-0.000,1.487,9.084
67.13,-7.307,7.696,0.181,-11.899,-0.000,1.487,9.116
67.15,-7.307,7.696,0.181,-11.899,-0.000,1.487,9.116
67.17,-7.311,7.744,0.181,-11.899,-0.000,1.487,9.155
67.19,-7.311,7.744,0.181,-11.899,-0.000,1.487,9.155
67.21,-7.308,7.803,0.182,-11.899,-0.000,1.487,9.206
67.23,-7.308,7.803,0.182,-11.899,-0.000,1.487,9.206
67.25,-7.299,7.860,0.183,-11.899,-0.000,1.487,9.259
67.27,-7.299,7.860,0.183,-11.899,-0.000,1.487,9.259
67.29,-7.292,7.920,0.183,-11.899,-0.000,1.487,9.313
67.31,-7.292,7.920,0.183,-11.899,-0.000,1.487,9.313
67.33,-7.308,7.973,0.184,-11.899,-0.000,1.487,9.351
67.36,-7.308,7.973,0.184,-11.899,-0.000,1.487,9.351
67.38,-7.352,8.015,0.185,-11.899,-0.000,1.487,9.366
67.40,-7.352,8.015,0.185,-11.899,-0.000,1.487,9.366
67.42,-7.398,8.028,0.185,-11.899,-0.000,1.487,9.354
67.44,-7.398,8.028,0.185,-11.899,-0.000,1.487,9.354
67.46,-7.398,8.028,0.185,-11.899,-0.000,1.487,9.354
67.48,-7.482,8.033,0.186,-11.899,-0.000,1.487,9.319
67.50,-7.482,8.033,0.186,-11.899,-0.000,1.487,9.319
67.52,-7.555,8.046,0.186,-11.899,-0.000,1.487,9.295
67.54,-7.555,8.046,0.186,-11.899,-0.000,1.487,9.295
67.56,-7.630,8.059,0.186,-11.899,-0.000,1.487,9.272
67.58,-7.630,8.059,0.186,-11.899,-0.000,1.487,9.272
67.60,-7.695,8.077,0.187,-11.899,-0.000,1.487,9.258
67.63,-7.695,8.077,0.187,-11.899,-0.000,1.487,9.258
67.65,-7.711,8.086,0.188,-11.899,-0.000,1.487,9.259
67.67,-7.711,8.086,0.188,-11.899,-0.000,1.487,9.259
67.69,-7.711,8.097,0.188,-11.899,-0.000,1.487,9.269
67.71,-7.711,8.097,0.188,-11.899,-0.000,1.487,9.269
67.73,-7.698,8.090,0.189,-11.899,-0.000,1.487,9.269
67.75,-7.698,8.090,0.189,-11.899,-0.000,1.487,9.269
67.77,-7.684,8.074,0.189,-11.899,-0.000,1.487,9.262
67.79,-7.684,8.074,0.189,-11.899,-0.000,1.487,9.262
67.81,-7.675,8.064,0.190,-11.899,-0.000,1.487,9.257
67.83,-7.675,8.064,0.190,-11.899,-0.000,1.487,9.257
67.85,-7.680,8.048,0.190,-11.899,-0.000,1.487,9.240
67.88,-7.680,8.048,0.190,-11.899,-0.000,1.487,9.240
67.90,-7.679,8.039,0.190,-11.899,-0.000,1.487,9.233
67.92,-7.679,8.039,0.190,-11.899,-0.000,1.487,9.233
67.94,-7.672,8.040,0.191,-11.899,-0.000,1.487,9.238
67.96,-7.672,8.040,0.191,-11.899,-0.000,1.487,9.238
67.98,-7.672,8.040,0.191,-11.899,-0.000,1.487,9.238
68.00,-7.656,8.042,0.192,-11.899,-0.000,1.487,9.246
68.02,-7.656,8.042,0.192,-11.899,-0.000,1.487,9.246
68.04,-7.638,8.041,0.192,-11.899,-0.000,1.487,9.255
68.06,-7.638,8.041,0.192,-11.899,-0.000,1.487,9.255
68.08,-7.618,8.054,0.193,-11.899,-0.000,1.487,9.274
68.10,-7.618,8.054,0.193,-11.899,-0.000,1.487,9.274
68.13,-7.622,8.075,0.194,-11.899,-0.000,1.487,9.292
68.15,-7.622,8.075,0.194,-11.899,-0.000,1.487,9.292
68.17,-7.625,8.096,0.195,-11.899,-0.000,1.487,9.309
68.19,-7.625,8.096,0.195,-11.899,-0.000,1.487,9.309
68.21,-7.620,8.130,0.196,-11.899,-0.000,1.487,9.341
68.23,-7.620,8.130,0.196,-11.899,-0.000,1.487,9.341
68.25,-7.611,8.164,0.196,-11.899,-0.000,1.487,9.375
68.27,-7.611,8.164,0.196,-11.899,-0.000,1.487,9.375
68.29,-7.586,8.191,0.198,-11.899,-0.000,1.487,9.409
68.31,-7.586,8.191,0.198,-11.899,-0.000,1.487,9.409
68.33,-7.547,8.218,0.199,-11.899,-0.000,1.487,9.451
68.36,-7.547,8.218,0.199,-11.899,-0.000,1.487,9.451
68.38,-7.504,8.255,0.199,-11.899,-0.000,1.487,9.503
68.40,-7.504,8.255,0.199,-11.899,-0.000,1.487,9.503
68.42,-7.461,8.283,0.200,-11.899,-0.000,1.487,9.548
68.44,-7.461,8.283,0.200,-11.899,-0.000,1.487,9.548
68.46,-7.415,8.315,0.202,-11.899,-0.000,1.487,9.597
68.48,-7.415,8.315,0.202,-11.899,-0.000,1.487,9.597
68.50,-7.415,8.315,0.202,-11.899,-0.000,1.487,9.597
68.52,-7.380,8.348,0.203,-11.899,-0.000,1.487,9.642
68.54,-7.380,8.348,0.203,-11.899,-0.000,1.487,9.642
68.56,-7.357,8.381,0.203,-11.899,-0.000,1.487,9.681
68.58,-7.357,8.381,0.203,-11.899,-0.000,1.487,9.681
68.60,-7.334,8.416,0.204,-11.899,-0.000,1.487,9.723
68.63,-7.334,8.416,0.204,-11.899,-0.000,1.487,9.723
68.65,-7.344,8.439,0.205,-11.899,-0.000,1.487,9.738
68.67,-7.344,8.439,0.205,-11.899,-0.000,1.487,9.738
68.69,-7.374,8.462,0.205,-11.899,-0.000,1.487,9.744
68.71,-7.374,8.462,0.205,-11.899,-0.000,1.487,9.744
68.73,-7.426,8.491,0.205,-11.899,-0.000,1.487,9.745
68.75,-7.426,8.491,0.205,-11.899,-0.000,1.487,9.745
68.77,-7.495,8.525,0.206,-11.899,-0.000,1.487,9.744
68.79,-7.495,8.525,0.206,-11.899,-0.000,1.487,9.744
68.81,-7.559,8.563,0.206,-11.899,-0.000,1.487,9.749
68.83,-7.559,8.563,0.206,-11.899,-0.000,1.487,9.749
68.85,-7.601,8.606,0.207,-11.899,-0.000,1.487,9.768
68.87,-7.601,8.606,0.207,-11.899,-0.000,1.487,9.768
68.90,-7.624,8.655,0.207,-11.899,-0.000,1.487,9.802
68.92,-7.624,8.655,0.207,-11.899,-0.000,1.487,9.802
68.94,-7.623,8.710,0.208,-11.899,-0.000,1.487,9.850
68.96,-7.623,8.710,0.208,-11.899,-0.000,1.487,9.850
68.98,-7.623,8.710,0.208,-11.899,-0.000,1.487,9.850
69.00,-7.620,8.765,0.209,-11.899,-0.000,1.487,9.900
69.02,-7.620,8.765,0.209,-11.899,-0.000,1.487,9.900
69.04,-7.634,8.811,0.209,-11.899,-0.000,1.487,9.934
69.06,-7.634,8.811,0.209,-11.899,-0.000,1.487,9.934
69.08,-7.691,8.874,0.209,-11.899,-0.000,1.487,9.967
69.10,-7.691,8.874,0.209,-11.899,-0.000,1.487,9.967
69.13,-7.736,8.915,0.209,-11.899,-0.000,1.487,9.984
69.15,-7.736,8.915,0.209,-11.899,-0.000,1.487,9.984
69.17,-7.769,8.942,0.208,-11.899,-0.000,1.487,9.994
69.19,-7.769,8.942,0.208,-11.899,-0.000,1.487,9.994
69.21,-7.789,8.965,0.208,-11.899,-0.000,1.487,10.007
69.23,-7.789,8.965,0.208,-11.899,-0.000,1.487,10.007
69.25,-7.789,8.985,0.207,-11.899,-0.000,1.487,10.025
69.27,-7.789,8.985,0.207,-11.899,-0.000,1.487,10.025
69.29,-7.787,9.002,0.206,-11.899,-0.000,1.487,10.041
69.31,-7.787,9.002,0.206,-11.899,-0.000,1.487,10.041
69.33,-7.795,9.016,0.205,-11.899,-0.000,1.487,10.050
69.35,-7.795,9.016,0.205,-11.899,-0.000,1.487,10.050
69.38,-7.809,9.043,0.205,-11.899,-0.000,1.487,10.068
69.40,-7.809,9.043,0.205,-11.899,-0.000,1.487,10.068
69.42,-7.831,9.059,0.204,-11.899,-0.000,1.487,10.074
69.44,-7.831,9.059,0.204,-11.899,-0.000,1.487,10.074
69.46,-7.838,9.074,0.203,-11.899,-0.000,1.487,10.084
69.48,-7.838,9.074,0.203,-11.899,-0.000,1.487,10.084
69.50,-7.838,9.074,0.203,-11.899,-0.000,1.487,10.084
69.52,-7.893,9.225,0.203,-11.899,-0.000,1.487,10.199
69.54,-7.893,9.225,0.203,-11.899,-0.000,1.487,10.199
69.56,-7.962,9.285,0.204,-11.899,-0.000,1.487,10.226
69.58,-7.962,9.285,0.204,-11.899,-0.000,1.487,10.226
69.60,-7.156,9.211,0.213,-11.899,-0.000,1.487,10.500
69.63,-7.156,9.211,0.213,-11.899,-0.000,1.487,10.500
69.65,-6.574,9.113,0.252,-11.899,-0.000,1.487,10.698
69.67,-6.574,9.113,0.252,-11.899,-0.000,1.487,10.698
69.69,-6.016,9.008,0.290,-11.899,-0.000,1.487,10.905
69.71,-6.016,9.008,0.290,-11.899,-0.000,1.487,10.905
69.73,-5.489,8.912,0.316,-11.899,-0.000,1.487,11.125
69.75,-5.489,8.912,0.316,-11.899,-0.000,1.487,11.125
69.77,-4.998,8.815,0.348,-11.899,-0.000,1.487,11.344
69.79,-4.998,8.815,0.348,-11.899,-0.000,1.487,11.344
69.81,-4.549,8.708,0.380,-11.899,-0.000,1.487,11.548
69.83,-4.549,8.708,0.380,-11.899,-0.000,1.487,11.548
69.85,-4.124,8.586,0.414,-11.899,-0.000,1.487,11.738
69.87,-4.124,8.586,0.414,-11.899,-0.000,1.487,11.738
69.89,-3.719,8.469,0.449,-11.899,-0.000,1.487,11.932
69.92,-3.719,8.469,0.449,-11.899,-0.000,1.487,11.932
69.94,-3.270,8.340,0.491,-11.899,-0.000,1.487,12.163
69.96,-3.270,8.340,0.491,-11.899,-0.000,1.487,12.163
69.98,-3.270,8.340,0.491,-11.899,-0.000,1.487,12.163
70.00,-2.777,8.221,0.540,-11.899,-0.000,1.487,12.446
70.02,-2.777,8.221,0.540,-11.899,-0.000,1.487,12.446
70.04,-2.452,8.152,0.575,-11.899,-0.000,1.487,12.648
70.06,-2.452,8.152,0.575,-11.899,-0.000,1.487,12.648
70.08,-2.146,8.084,0.608,-11.899,-0.000,1.487,12.839
70.10,-2.146,8.084,0.608,-11.899,-0.000,1.487,12.839
70.12,-1.860,8.009,0.639,-11.899,-0.000,1.487,13.017
70.15,-1.860,8.009,0.639,-11.899,-0.000,1.487,13.017
70.17,-1.490,7.915,0.681,-11.899,-0.000,1.487,13.255
70.19,-1.490,7.915,0.681,-11.899,-0.000,1.487,13.255
70.21,-1.226,7.858,0.708,-11.899,-0.000,1.487,13.435
70.23,-1.226,7.858,0.708,-11.899,-0.000,1.487,13.435
70.25,-0.972,7.794,0.735,-11.899,-0.000,1.487,13.605
70.27,-0.972,7.794,0.735,-11.899,-0.000,1.487,13.605
70.29,-0.853,7.656,0.760,-11.899,-0.000,1.487,13.626
70.31,-0.853,7.656,0.760,-11.899,-0.000,1.487,13.626
70.33,-1.240,7.257,0.784,-11.899,-0.000,1.487,13.093
70.35,-1.240,7.257,0.784,-11.899,-0.000,1.487,13.093
70.37,-1.609,6.882,0.808,-11.899,-0.000,1.487,12.590
70.39,-1.609,6.882,0.808,-11.899,-0.000,1.487,12.590
70.42,-1.965,6.528,0.834,-11.899,-0.000,1.487,12.112
70.44,-1.965,6.528,0.834,-11.899,-0.000,1.487,12.112
70.46,-2.381,6.124,0.866,-11.899,-0.000,1.487,11.561
70.48,-2.381,6.124,0.866,-11.899,-0.000,1.487,11.561
70.50,-2.381,6.124,0.866,-11.899,-0.000,1.487,11.561
70.52,-2.828,5.636,0.902,-11.899,-0.000,1.487,10.944
70.54,-2.828,5.636,0.902,-11.899,-0.000,1.487,10.944
70.56,-3.120,5.294,0.924,-11.899,-0.000,1.487,10.532
70.58,-3.120,5.294,0.924,-11.899,-0.000,1.487,10.532
70.60,-3.392,4.956,0.942,-11.899,-0.000,1.487,10.141
70.62,-3.392,4.956,0.942,-11.899,-0.000,1.487,10.141
70.64,-3.730,4.511,0.960,-11.899,-0.000,1.487,9.648
70.67,-3.730,4.511,0.960,-11.899,-0.000,1.487,9.648
70.69,-3.949,4.225,0.969,-11.899,-0.000,1.487,9.332
70.71,-3.949,4.225,0.969,-11.899,-0.000,1.487,9.332
70.73,-4.146,3.973,0.973,-11.899,-0.000,1.487,9.052
70.75,-4.146,3.973,0.973,-11.899,-0.000,1.487,9.052
70.77,-4.335,3.731,0.978,-11.899,-0.000,1.487,8.787
70.79,-4.335,3.731,0.978,-11.899,-0.000,1.487,8.787
70.81,-4.508,3.507,0.981,-11.899,-0.000,1.487,8.546
70.83,-4.508,3.507,0.981,-11.899,-0.000,1.487,8.546
70.85,-4.676,3.307,0.981,-11.899,-0.000,1.487,8.319
70.87,-4.676,3.307,0.981,-11.899,-0.000,1.487,8.319
70.90,-4.838,3.118,0.978,-11.899,-0.000,1.487,8.103
70.92,-4.838,3.118,0.978,-11.899,-0.000,1.487,8.103
70.94,-5.016,2.907,0.971,-11.899,-0.000,1.487,7.866
70.96,-5.016,2.907,0.971,-11.899,-0.000,1.487,7.866
70.98,-5.156,2.751,0.964,-11.899,-0.000,1.487,7.684
71.00,-5.156,2.751,0.964,-11.899,-0.000,1.487,7.684
71.02,-5.156,2.751,0.964,-11.899,-0.000,1.487,7.684
71.04,-5.328,2.562,0.953,-11.899,-0.000,1.487,7.463
71.06,-5.328,2.562,0.953,-11.899,-0.000,1.487,7.463
71.08,-5.509,2.401,0.940,-11.899,-0.000,1.487,7.245
71.10,-5.509,2.401,0.940,-11.899,-0.000,1.487,7.245
71.13,-5.643,2.303,0.929,-11.899,-0.000,1.487,7.091
71.15,-5.643,2.303,0.929,-11.899,-0.000,1.487,7.091
71.17,-5.779,2.224,0.918,-11.899,-0.000,1.487,6.942
71.19,-5.779,2.224,0.918,-11.899,-0.000,1.487,6.942
71.21,-5.902,2.168,0.908,-11.899,-0.000,1.487,6.812
71.23,-5.902,2.168,0.908,-11.899,-0.000,1.487,6.812
71.25,-6.005,2.112,0.899,-11.899,-0.000,1.487,6.700
71.27,-6.005,2.112,0.899,-11.899,-0.000,1.487,6.700
71.29,-6.093,2.071,0.890,-11.899,-0.000,1.487,6.607
71.31,-6.093,2.071,0.890,-11.899,-0.000,1.487,6.607
71.33,-6.165,2.038,0.881,-11.899,-0.000,1.487,6.530
71.35,-6.165,2.038,0.881,-11.899,-0.000,1.487,6.530
71.38,-6.228,2.009,0.873,-11.899,-0.000,1.487,6.463
71.40,-6.228,2.009,0.873,-11.899,-0.000,1.487,6.463
71.42,-6.295,1.980,0.863,-11.899,-0.000,1.487,6.392
71.44,-6.295,1.980,0.863,-11.899,-0.000,1.487,6.392
71.46,-6.349,1.967,0.855,-11.899,-0.000,1.487,6.337
71.48,-6.349,1.967,0.855,-11.899,-0.000,1.487,6.337
71.50,-6.349,1.967,0.855,-11.899,-0.000,1.487,6.337
71.52,-6.432,1.952,0.845,-11.899,-0.000,1.487,6.256
71.54,-6.432,1.952,0.845,-11.899,-0.000,1.487,6.256
71.56,-6.495,1.944,0.838,-11.899,-0.000,1.487,6.195
71.58,-6.495,1.944,0.838,-11.899,-0.000,1.487,6.195
71.61,-6.572,1.962,0.830,-11.899,-0.000,1.487,6.131
71.63,-6.572,1.962,0.830,-11.899,-0.000,1.487,6.131
71.65,-6.617,1.995,0.827,-11.899,-0.000,1.487,6.102
71.67,-6.617,1.995,0.827,-11.899,-0.000,1.487,6.102
71.69,-6.643,2.051,0.823,-11.899,-0.000,1.487,6.097
71.71,-6.643,2.051,0.823,-11.899,-0.000,1.487,6.097
71.73,-6.645,2.107,0.819,-11.899,-0.000,1.487,6.113
71.75,-6.645,2.107,0.819,-11.899,-0.000,1.487,6.113
71.77,-6.627,2.153,0.815,-11.899,-0.000,1.487,6.143
71.79,-6.627,2.153,0.815,-11.899,-0.000,1.487,6.143
71.81,-6.586,2.185,0.811,-11.899,-0.000,1.487,6.187
71.83,-6.586,2.185,0.811,-11.899,-0.000,1.487,6.187
71.85,-6.527,2.203,0.808,-11.899,-0.000,1.487,6.243
71.87,-6.527,2.203,0.808,-11.899,-0.000,1.487,6.243
71.90,-6.449,2.197,0.804,-11.899,-0.000,1.487,6.307
71.92,-6.449,2.197,0.804,-11.899,-0.000,1.487,6.307
71.94,-6.329,2.169,0.801,-11.899,-0.000,1.487,6.401
71.96,-6.329,2.169,0.801,-11.899,-0.000,1.487,6.401
71.98,-6.210,2.138,0.799,-11.899,-0.000,1.487,6.493
72.00,-6.210,2.138,0.799,-11.899,-0.000,1.487,6.493
72.02,-6.210,2.138,0.799,-11.899,-0.000,1.487,6.493
72.04,-6.037,2.101,0.797,-11.899,-0.000,1.487,6.633
72.06,-6.037,2.101,0.797,-11.899,-0.000,1.487,6.633
72.08,-5.912,2.082,0.797,-11.899,-0.000,1.487,6.738
72.10,-5.912,2.082,0.797,-11.899,-0.000,1.487,6.738
72.12,-5.729,2.058,0.799,-11.899,-0.000,1.487,6.894
72.15,-5.729,2.058,0.799,-11.899,-0.000,1.487,6.894
72.17,-5.595,2.038,0.800,-11.899,-0.000,1.487,7.009
72.19,-5.595,2.038,0.800,-11.899,-0.000,1.487,7.009
72.21,-5.462,2.003,0.802,-11.899,-0.000,1.487,7.119
72.23,-5.462,2.003,0.802,-11.899,-0.000,1.487,7.119
72.25,-5.352,1.969,0.803,-11.899,-0.000,1.487,7.210
72.27,-5.352,1.969,0.803,-11.899,-0.000,1.487,7.210
72.29,-5.244,1.939,0.806,-11.899,-0.000,1.487,7.301
72.31,-5.244,1.939,0.806,-11.899,-0.000,1.487,7.301
72.33,-5.132,1.911,0.810,-11.899,-0.000,1.487,7.397
72.35,-5.132,1.911,0.810,-11.899,-0.000,1.487,7.397
72.37,-5.033,1.872,0.814,-11.899,-0.000,1.487,7.479
72.40,-5.033,1.872,0.814,-11.899,-0.000,1.487,7.479
72.42,-5.029,1.868,0.815,-11.899,-0.000,1.487,7.483
72.44,-5.029,1.868,0.815,-11.899,-0.000,1.487,7.483
72.46,-5.020,1.886,0.818,-11.899,-0.000,1.487,7.496
72.48,-5.020,1.886,0.818,-11.899,-0.000,1.487,7.496
72.50,-5.020,1.886,0.818,-11.899,-0.000,1.487,7.496
72.52,-5.008,1.912,0.824,-11.899,-0.000,1.487,7.516
72.54,-5.008,1.912,0.824,-11.899,-0.000,1.487,7.516
72.56,-5.024,1.931,0.827,-11.899,-0.000,1.487,7.507
72.58,-5.024,1.931,0.827,-11.899,-0.000,1.487,7.507
72.60,-5.047,1.940,0.831,-11.899,-0.000,1.487,7.490
72.62,-5.047,1.940,0.831,-11.899,-0.000,1.487,7.490
72.65,-5.102,1.937,0.836,-11.899,-0.000,1.487,7.439
72.67,-5.102,1.937,0.836,-11.899,-0.000,1.487,7.439
72.69,-5.163,1.927,0.838,-11.899,-0.000,1.487,7.382
72.71,-5.163,1.927,0.838,-11.899,-0.000,1.487,7.382
72.73,-5.220,1.914,0.842,-11.899,-0.000,1.487,7.327
72.75,-5.220,1.914,0.842,-11.899,-0.000,1.487,7.327
72.77,-5.273,1.897,0.846,-11.899,-0.000,1.487,7.276
72.79,-5.273,1.897,0.846,-11.899,-0.000,1.487,7.276
72.81,-5.330,1.877,0.848,-11.899,-0.000,1.487,7.220
72.83,-5.330,1.877,0.848,-11.899,-0.000,1.487,7.220
72.85,-5.378,1.864,0.851,-11.899,-0.000,1.487,7.174
72.87,-5.378,1.864,0.851,-11.899,-0.000,1.487,7.174
72.89,-5.413,1.851,0.854,-11.899,-0.000,1.487,7.140
72.92,-5.413,1.851,0.854,-11.899,-0.000,1.487,7.140
72.94,-5.455,1.821,0.857,-11.899,-0.000,1.487,7.094
72.96,-5.455,1.821,0.857,-11.899,-0.000,1.487,7.094
72.98,-5.472,1.800,0.859,-11.899,-0.000,1.487,7.074
73.00,-5.472,1.800,0.859,-11.899,-0.000,1.487,7.074
73.02,-5.472,1.800,0.859,-11.899,-0.000,1.487,7.074
73.04,-5.483,1.801,0.863,-11.899,-0.000,1.487,7.066
73.06,-5.483,1.801,0.863,-11.899,-0.000,1.487,7.066
73.08,-5.467,1.821,0.866,-11.899,-0.000,1.487,7.087
73.10,-5.467,1.821,0.866,-11.899,-0.000,1.487,7.087
73.12,-5.440,1.851,0.869,-11.899,-0.000,1.487,7.120
73.14,-5.440,1.851,0.869,-11.899,-0.000,1.487,7.120
73.17,-5.386,1.901,0.873,-11.899,-0.000,1.487,7.183
73.19,-5.386,1.901,0.873,-11.899,-0.000,1.487,7.183
73.21,-5.336,1.952,0.876,-11.899,-0.000,1.487,7.243
73.23,-5.336,1.952,0.876,-11.899,-0.000,1.487,7.243
73.25,-5.286,1.991,0.877,-11.899,-0.000,1.487,7.300
73.27,-5.286,1.991,0.877,-11.899,-0.000,1.487,7.300
73.29,-5.248,2.027,0.878,-11.899,-0.000,1.487,7.345
73.31,-5.248,2.027,0.878,-11.899,-0.000,1.487,7.345
73.33,-5.230,2.062,0.879,-11.899,-0.000,1.487,7.370
73.35,-5.230,2.062,0.879,-11.899,-0.000,1.487,7.370
73.37,-5.242,2.086,0.878,-11.899,-0.000,1.487,7.366
73.39,-5.242,2.086,0.878,-11.899,-0.000,1.487,7.366
73.41,-5.276,2.099,0.876,-11.899,-0.000,1.487,7.338
73.44,-5.276,2.099,0.876,-11.899,-0.000,1.487,7.338
73.46,-5.332,2.098,0.875,-11.899,-0.000,1.487,7.287
73.48,-5.332,2.098,0.875,-11.899,-0.000,1.487,7.287
73.50,-5.398,2.085,0.873,-11.899,-0.000,1.487,7.224
73.52,-5.398,2.085,0.873,-11.899,-0.000,1.487,7.224
73.54,-5.398,2.085,0.873,-11.899,-0.000,1.487,7.224
73.56,-5.512,2.075,0.870,-11.899,-0.000,1.487,7.117
73.58,-5.512,2.075,0.870,-11.899,-0.000,1.487,7.117
73.60,-5.590,2.083,0.868,-11.899,-0.000,1.487,7.049
73.62,-5.590,2.083,0.868,-11.899,-0.000,1.487,7.049
73.64,-5.679,2.090,0.866,-11.899,-0.000,1.487,6.971
73.66,-5.679,2.090,0.866,-11.899,-0.000,1.487,6.971
73.69,-5.786,2.090,0.864,-11.899,-0.000,1.487,6.875
73.71,-5.786,2.090,0.864,-11.899,-0.000,1.487,6.875
73.73,-5.848,2.085,0.862,-11.899,-0.000,1.487,6.817
73.75,-5.848,2.085,0.862,-11.899,-0.000,1.487,6.817
73.77,-5.909,2.081,0.860,-11.899,-0.000,1.487,6.761
73.79,-5.909,2.081,0.860,-11.899,-0.000,1.487,6.761
73.81,-5.951,2.067,0.858,-11.899,-0.000,1.487,6.719
73.83,-5.951,2.067,0.858,-11.899,-0.000,1.487,6.719
73.85,-5.973,2.042,0.857,-11.899,-0.000,1.487,6.692
73.87,-5.973,2.042,0.857,-11.899,-0.000,1.487,6.692
73.89,-5.996,2.015,0.855,-11.899,-0.000,1.487,6.663
73.91,-5.996,2.015,0.855,-11.899,-0.000,1.487,6.663
73.94,-6.004,1.983,0.853,-11.899,-0.000,1.487,6.645
73.96,-6.004,1.983,0.853,-11.899,-0.000,1.487,6.645
73.98,-6.003,1.916,0.850,-11.899,-0.000,1.487,6.626
74.00,-6.003,1.916,0.850,-11.899,-0.000,1.487,6.626
74.02,-6.003,1.916,0.850,-11.899,-0.000,1.487,6.626
74.04,-5.988,1.809,0.846,-11.899,-0.000,1.487,6.608
74.06,-5.988,1.809,0.846,-11.899,-0.000,1.487,6.608
74.08,-5.957,1.724,0.844,-11.899,-0.000,1.487,6.611
74.10,-5.957,1.724,0.844,-11.899,-0.000,1.487,6.611
74.12,-5.911,1.629,0.842,-11.899,-0.000,1.487,6.628
74.14,-5.911,1.629,0.842,-11.899,-0.000,1.487,6.628
74.16,-5.829,1.486,0.839,-11.899,-0.000,1.487,6.668
74.18,-5.829,1.486,0.839,-11.899,-0.000,1.487,6.668
74.21,-5.774,1.379,0.836,-11.899,-0.000,1.487,6.695
74.23,-5.774,1.379,0.836,-11.899,-0.000,1.487,6.695
74.25,-5.731,1.278,0.834,-11.899,-0.000,1.487,6.713
74.27,-5.731,1.278,0.834,-11.899,-0.000,1.487,6.713
74.29,-5.703,1.184,0.832,-11.899,-0.000,1.487,6.721
74.31,-5.703,1.184,0.832,-11.899,-0.000,1.487,6.721
74.33,-5.683,1.084,0.829,-11.899,-0.000,1.487,6.722
74.35,-5.683,1.084,0.829,-11.899,-0.000,1.487,6.722
74.37,-5.669,1.000,0.827,-11.899,-0.000,1.487,6.721
74.39,-5.669,1.000,0.827,-11.899,-0.000,1.487,6.721
74.41,-5.657,0.917,0.824,-11.899,-0.000,1.487,6.719
74.44,-5.657,0.917,0.824,-11.899,-0.000,1.487,6.719
74.46,-5.657,0.822,0.822,-11.899,-0.000,1.487,6.706
74.48,-5.657,0.822,0.822,-11.899,-0.000,1.487,6.706
74.50,-5.664,0.768,0.819,-11.899,-0.000,1.487,6.692
74.52,-5.664,0.768,0.819,-11.899,-0.000,1.487,6.692
74.54,-5.664,0.768,0.819,-11.899,-0.000,1.487,6.692
74.56,-5.670,0.739,0.816,-11.899,-0.000,1.487,6.682
74.58,-5.670,0.739,0.816,-11.899,-0.000,1.487,6.682
74.60,-5.674,0.750,0.813,-11.899,-0.000,1.487,6.678
74.62,-5.674,0.750,0.813,-11.899,-0.000,1.487,6.678
74.64,-5.672,0.801,0.810,-11.899,-0.000,1.487,6.685
74.67,-5.672,0.801,0.810,-11.899,-0.000,1.487,6.685
74.69,-5.648,0.852,0.807,-11.899,-0.000,1.487,6.712
74.71,-5.648,0.852,0.807,-11.899,-0.000,1.487,6.712
74.73,-5.608,0.912,0.805,-11.899,-0.000,1.487,6.758
74.75,-5.608,0.912,0.805,-11.899,-0.000,1.487,6.758
74.77,-5.558,0.991,0.803,-11.899,-0.000,1.487,6.815
74.79,-5.558,0.991,0.803,-11.899,-0.000,1.487,6.815
74.81,-5.502,1.089,0.802,-11.899,-0.000,1.487,6.881
74.83,-5.502,1.089,0.802,-11.899,-0.000,1.487,6.881
74.85,-5.444,1.202,0.800,-11.899,-0.000,1.487,6.953
74.87,-5.444,1.202,0.800,-11.899,-0.000,1.487,6.953
74.89,-5.400,1.324,0.798,-11.899,-0.000,1.487,7.015
74.91,-5.400,1.324,0.798,-11.899,-0.000,1.487,7.015
74.94,-5.376,1.443,0.795,-11.899,-0.000,1.487,7.060
74.96,-5.376,1.443,0.795,-11.899,-0.000,1.487,7.060
74.98,-5.368,1.559,0.792,-11.899,-0.000,1.487,7.091
75.00,-5.368,1.559,0.792,-11.899,-0.000,1.487,7.091
75.02,-5.368,1.559,0.792,-11.899,-0.000,1.487,7.091
75.04,-5.376,1.645,0.788,-11.899,-0.000,1.487,7.101
75.06,-5.376,1.645,0.788,-11.899,-0.000,1.487,7.101
75.08,-5.381,1.687,0.785,-11.899,-0.000,1.487,7.106
75.10,-5.381,1.687,0.785,-11.899,-0.000,1.487,7.106
75.12,-5.403,1.724,0.782,-11.899,-0.000,1.487,7.093
75.14,-5.403,1.724,0.782,-11.899,-0.000,1.487,7.093
75.16,-5.431,1.762,0.776,-11.899,-0.000,1.487,7.075
75.19,-5.431,1.762,0.776,-11.899,-0.000,1.487,7.075
75.21,-5.452,1.783,0.772,-11.899,-0.000,1.487,7.061
75.23,-5.452,1.783,0.772,-11.899,-0.000,1.487,7.061
75.25,-5.473,1.821,0.768,-11.899,-0.000,1.487,7.049
75.27,-5.473,1.821,0.768,-11.899,-0.000,1.487,7.049
75.29,-5.480,1.878,0.765,-11.899,-0.000,1.487,7.057
75.31,-5.480,1.878,0.765,-11.899,-0.000,1.487,7.057
75.33,-5.469,1.948,0.762,-11.899,-0.000,1.487,7.085
75.35,-5.469,1.948,0.762,-11.899,-0.000,1.487,7.085
75.37,-5.453,2.022,0.758,-11.899,-0.000,1.487,7.120
75.39,-5.453,2.022,0.758,-11.899,-0.000,1.487,7.120
75.41,-5.433,2.100,0.755,-11.899,-0.000,1.487,7.159
75.43,-5.433,2.100,0.755,-11.899,-0.000,1.487,7.159
75.46,-5.402,2.186,0.752,-11.899,-0.000,1.487,7.211
75.48,-5.402,2.186,0.752,-11.899,-0.000,1.487,7.211
75.50,-5.352,2.284,0.749,-11.899,-0.000,1.487,7.286
75.52,-5.352,2.284,0.749,-11.899,-0.000,1.487,7.286
75.54,-5.352,2.284,0.749,-11.899,-0.000,1.487,7.286
75.56,-5.299,2.427,0.745,-11.899,-0.000,1.487,7.378
75.58,-5.299,2.427,0.745,-11.899,-0.000,1.487,7.378
75.60,-5.273,2.532,0.742,-11.899,-0.000,1.487,7.435
75.62,-5.273,2.532,0.742,-11.899,-0.000,1.487,7.435
75.64,-5.256,2.645,0.740,-11.899,-0.000,1.487,7.489
75.66,-5.256,2.645,0.740,-11.899,-0.000,1.487,7.489
75.68,-5.235,2.832,0.736,-11.899,-0.000,1.487,7.574
75.70,-5.235,2.832,0.736,-11.899,-0.000,1.487,7.574
75.73,-5.212,2.966,0.733,-11.899,-0.000,1.487,7.645
75.75,-5.212,2.966,0.733,-11.899,-0.000,1.487,7.645
75.77,-5.192,3.092,0.730,-11.899,-0.000,1.487,7.711
75.79,-5.192,3.092,0.730,-11.899,-0.000,1.487,7.711
75.81,-5.178,3.205,0.727,-11.899,-0.000,1.487,7.768
75.83,-5.178,3.205,0.727,-11.899,-0.000,1.487,7.768
75.85,-5.180,3.291,0.724,-11.899,-0.000,1.487,7.802
75.87,-5.180,3.291,0.724,-11.899,-0.000,1.487,7.802
75.89,-5.188,3.367,0.720,-11.899,-0.000,1.487,7.826
75.91,-5.188,3.367,0.720,-11.899,-0.000,1.487,7.826
75.93,-5.206,3.428,0.716,-11.899,-0.000,1.487,7.836
75.95,-5.206,3.428,0.716,-11.899,-0.000,1.487,7.836
75.98,-5.227,3.473,0.712,-11.899,-0.000,1.487,7.836
76.00,-5.227,3.473,0.712,-11.899,-0.000,1.487,7.836
76.02,-5.254,3.520,0.706,-11.899,-0.000,1.487,7.833
76.04,-5.254,3.520,0.706,-11.899,-0.000,1.487,7.833
76.06,-5.254,3.520,0.706,-11.899,-0.000,1.487,7.833
76.08,-5.269,3.568,0.700,-11.899,-0.000,1.487,7.840
76.10,-5.269,3.568,0.700,-11.899,-0.000,1.487,7.840
76.12,-5.272,3.595,0.696,-11.899,-0.000,1.487,7.849
76.14,-5.272,3.595,0.696,-11.899,-0.000,1.487,7.849
76.16,-5.274,3.624,0.692,-11.899,-0.000,1.487,7.859
76.18,-5.274,3.624,0.692,-11.899,-0.000,1.487,7.859
76.20,-5.257,3.683,0.686,-11.899,-0.000,1.487,7.899
76.23,-5.257,3.683,0.686,-11.899,-0.000,1.487,7.899
76.25,-5.241,3.720,0.682,-11.899,-0.000,1.487,7.929
76.27,-5.241,3.720,0.682,-11.899,-0.000,1.487,7.929
76.29,-5.220,3.766,0.678,-11.899,-0.000,1.487,7.967
76.31,-5.220,3.766,0.678,-11.899,-0.000,1.487,7.967
76.33,-5.201,3.824,0.675,-11.899,-0.000,1.487,8.010
76.35,-5.201,3.824,0.675,-11.899,-0.000,1.487,8.010
76.37,-5.192,3.888,0.671,-11.899,-0.000,1.487,8.047
76.39,-5.192,3.888,0.671,-11.899,-0.000,1.487,8.047
76.41,-5.199,3.958,0.667,-11.899,-0.000,1.487,8.074
76.43,-5.199,3.958,0.667,-11.899,-0.000,1.487,8.074
76.45,-5.207,4.015,0.664,-11.899,-0.000,1.487,8.094
76.47,-5.207,4.015,0.664,-11.899,-0.000,1.487,8.094
76.49,-5.227,4.049,0.660,-11.899,-0.000,1.487,8.094
76.52,-5.227,4.049,0.660,-11.899,-0.000,1.487,8.094
76.54,-5.227,4.049,0.660,-11.899,-0.000,1.487,8.094
76.56,-5.275,4.083,0.654,-11.899,-0.000,1.487,8.070
76.58,-5.275,4.083,0.654,-11.899,-0.000,1.487,8.070
76.60,-5.315,4.116,0.650,-11.899,-0.000,1.487,8.054
76.62,-5.315,4.116,0.650,-11.899,-0.000,1.487,8.054
76.64,-5.341,4.158,0.645,-11.899,-0.000,1.487,8.053
76.66,-5.341,4.158,0.645,-11.899,-0.000,1.487,8.053
76.68,-5.360,4.217,0.641,-11.899,-0.000,1.487,8.067
76.70,-5.360,4.217,0.641,-11.899,-0.000,1.487,8.067
76.72,-5.360,4.217,0.641,-11.899,-0.000,1.487,8.067
76.75,-5.399,4.362,0.633,-11.899,-0.000,1.487,8.110
76.77,-5.399,4.362,0.633,-11.899,-0.000,1.487,8.110
76.79,-5.426,4.441,0.629,-11.899,-0.000,1.487,8.130
76.81,-5.426,4.441,0.629,-11.899,-0.000,1.487,8.130
76.83,-5.450,4.531,0.625,-11.899,-0.000,1.487,8.160
76.85,-5.450,4.531,0.625,-11.899,-0.000,1.487,8.160
76.87,-5.478,4.614,0.621,-11.899,-0.000,1.487,8.183
76.89,-5.478,4.614,0.621,-11.899,-0.000,1.487,8.183
76.91,-5.527,4.685,0.617,-11.899,-0.000,1.487,8.184
76.93,-5.527,4.685,0.617,-11.899,-0.000,1.487,8.184
76.95,-5.593,4.760,0.613,-11.899,-0.000,1.487,8.175
76.97,-5.593,4.760,0.613,-11.899,-0.000,1.487,8.175
77.00,-5.663,4.831,0.609,-11.899,-0.000,1.487,8.162
77.02,-5.663,4.831,0.609,-11.899,-0.000,1.487,8.162
77.04,-5.755,4.907,0.604,-11.899,-0.000,1.487,8.136
77.06,-5.755,4.907,0.604,-11.899,-0.000,1.487,8.136
77.08,-5.850,4.954,0.600,-11.899,-0.000,1.487,8.093
77.10,-5.850,4.954,0.600,-11.899,-0.000,1.487,8.093
77.12,-5.962,4.993,0.596,-11.899,-0.000,1.487,8.032
77.14,-5.962,4.993,0.596,-11.899,-0.000,1.487,8.032
77.16,-6.070,5.023,0.591,-11.899,-0.000,1.487,7.971
77.18,-6.070,5.023,0.591,-11.899,-0.000,1.487,7.971
77.21,-6.070,5.023,0.591,-11.899,-0.000,1.487,7.971
77.23,-6.243,5.031,0.584,-11.899,-0.000,1.487,7.848
77.25,-6.243,5.031,0.584,-11.899,-0.000,1.487,7.848
77.27,-6.334,5.007,0.580,-11.899,-0.000,1.487,7.766
77.29,-6.334,5.007,0.580,-11.899,-0.000,1.487,7.766
77.31,-6.431,4.970,0.576,-11.899,-0.000,1.487,7.672
77.33,-6.431,4.970,0.576,-11.899,-0.000,1.487,7.672
77.35,-6.540,4.922,0.573,-11.899,-0.000,1.487,7.563
77.37,-6.540,4.922,0.573,-11.899,-0.000,1.487,7.563
77.39,-6.646,4.864,0.569,-11.899,-0.000,1.487,7.448
77.41,-6.646,4.864,0.569,-11.899,-0.000,1.487,7.448
77.43,-6.749,4.801,0.566,-11.899,-0.000,1.487,7.333
77.46,-6.749,4.801,0.566,-11.899,-0.000,1.487,7.333
77.48,-6.863,4.721,0.562,-11.899,-0.000,1.487,7.201
77.50,-6.863,4.721,0.562,-11.899,-0.000,1.487,7.201
77.52,-6.947,4.678,0.558,-11.899,-0.000,1.487,7.113
77.54,-6.947,4.678,0.558,-11.899,-0.000,1.487,7.113
77.56,-7.027,4.744,0.554,-11.899,-0.000,1.487,7.100
77.58,-7.027,4.744,0.554,-11.899,-0.000,1.487,7.100
77.60,-7.027,4.744,0.554,-11.899,-0.000,1.487,7.100
77.62,-7.366,4.870,0.546,-11.899,-0.000,1.487,6.957
77.64,-7.366,4.870,0.546,-11.899,-0.000,1.487,6.957
77.66,-7.517,4.956,0.542,-11.899,-0.000,1.487,6.920
77.68,-7.517,4.956,0.542,-11.899,-0.000,1.487,6.920
77.70,-7.431,5.067,0.539,-11.899,-0.000,1.487,7.053
77.73,-7.431,5.067,0.539,-11.899,-0.000,1.487,7.053
77.75,-7.505,5.242,0.535,-11.899,-0.000,1.487,7.132
77.77,-7.505,5.242,0.535,-11.899,-0.000,1.487,7.132
77.79,-7.508,5.385,0.531,-11.899,-0.000,1.487,7.236
77.81,-7.508,5.385,0.531,-11.899,-0.000,1.487,7.236
77.83,-7.545,5.525,0.528,-11.899,-0.000,1.487,7.318
77.85,-7.545,5.525,0.528,-11.899,-0.000,1.487,7.318
77.87,-7.519,5.669,0.525,-11.899,-0.000,1.487,7.441
77.89,-7.519,5.669,0.525,-11.899,-0.000,1.487,7.441
77.91,-7.481,5.854,0.523,-11.899,-0.000,1.487,7.605
77.93,-7.481,5.854,0.523,-11.899,-0.000,1.487,7.605
77.95,-7.415,6.016,0.521,-11.899,-0.000,1.487,7.768
77.97,-7.415,6.016,0.521,-11.899,-0.000,1.487,7.768
78.00,-7.326,6.166,0.519,-11.899,-0.000,1.487,7.935
78.02,-7.326,6.166,0.519,-11.899,-0.000,1.487,7.935
78.04,-7.281,6.361,0.517,-11.899,-0.000,1.487,8.113
78.06,-7.281,6.361,0.517,-11.899,-0.000,1.487,8.113
78.08,-7.247,6.562,0.515,-11.899,-0.000,1.487,8.289
78.10,-7.247,6.562,0.515,-11.899,-0.000,1.487,8.289
78.12,-7.247,6.562,0.515,-11.899,-0.000,1.487,8.289
78.14,-7.214,6.883,0.511,-11.899,-0.000,1.487,8.563
78.16,-7.214,6.883,0.511,-11.899,-0.000,1.487,8.563
78.18,-7.150,7.071,0.509,-11.899,-0.000,1.487,8.749
78.20,-7.150,7.071,0.509,-11.899,-0.000,1.487,8.749
78.22,-7.098,7.330,0.506,-11.899,-0.000,1.487,8.986
78.25,-7.098,7.330,0.506,-11.899,-0.000,1.487,8.986
78.27,-7.048,7.516,0.504,-11.899,-0.000,1.487,9.165
78.29,-7.048,7.516,0.504,-11.899,-0.000,1.487,9.165
78.31,-6.988,7.695,0.501,-11.899,-0.000,1.487,9.343
78.33,-6.988,7.695,0.501,-11.899,-0.000,1.487,9.343
78.35,-6.925,7.902,0.498,-11.899,-0.000,1.487,9.546
78.37,-6.925,7.902,0.498,-11.899,-0.000,1.487,9.546
78.39,-6.879,8.089,0.495,-11.899,-0.000,1.487,9.724
78.41,-6.879,8.089,0.495,-11.899,-0.000,1.487,9.724
78.43,-6.806,8.290,0.492,-11.899,-0.000,1.487,9.929
78.45,-6.806,8.290,0.492,-11.899,-0.000,1.487,9.929
78.47,-6.737,8.469,0.489,-11.899,-0.000,1.487,10.113
78.50,-6.737,8.469,0.489,-11.899,-0.000,1.487,10.113
78.52,-6.693,8.684,0.484,-11.899,-0.000,1.487,10.316
78.54,-6.693,8.684,0.484,-11.899,-0.000,1.487,10.316
78.56,-6.655,8.848,0.480,-11.899,-0.000,1.487,10.472
78.58,-6.655,8.848,0.480,-11.899,-0.000,1.487,10.472
78.60,-6.601,9.031,0.474,-11.899,-0.000,1.487,10.653
78.62,-6.601,9.031,0.474,-11.899,-0.000,1.487,10.653
78.64,-6.601,9.031,0.474,-11.899,-0.000,1.487,10.653
78.66,-6.529,9.282,0.466,-11.899,-0.000,1.487,10.900
78.68,-6.529,9.282,0.466,-11.899,-0.000,1.487,10.900
78.70,-6.486,9.440,0.460,-11.899,-0.000,1.487,11.055
78.72,-6.486,9.440,0.460,-11.899,-0.000,1.487,11.055
78.75,-6.478,9.639,0.452,-11.899,-0.000,1.487,11.228
78.77,-6.478,9.639,0.452,-11.899,-0.000,1.487,11.228
78.79,-7.302,6.170,0.444,-11.899,-0.000,1.487,7.933
78.81,-7.302,6.170,0.444,-11.899,-0.000,1.487,7.933
78.83,-7.452,6.179,0.441,-11.899,-0.000,1.487,7.853
78.85,-7.452,6.179,0.441,-11.899,-0.000,1.487,7.853
78.87,-7.510,6.111,0.437,-11.899,-0.000,1.487,7.766
78.89,-7.510,6.111,0.437,-11.899,-0.000,1.487,7.766
78.91,-8.025,6.015,0.437,-11.899,-0.000,1.487,7.409
78.93,-8.025,6.015,0.437,-11.899,-0.000,1.487,7.409
78.95,-8.613,5.833,0.438,-11.899,-0.000,1.487,6.967
78.97,-8.613,5.833,0.438,-11.899,-0.000,1.487,6.967
78.99,-9.194,5.654,0.439,-11.899,-0.000,1.487,6.558
79.02,-9.194,5.654,0.439,-11.899,-0.000,1.487,6.558
79.04,-9.847,5.449,0.440,-11.899,-0.000,1.487,6.133
79.06,-9.847,5.449,0.440,-11.899,-0.000,1.487,6.133
79.08,-10.354,5.255,0.439,-11.899,-0.000,1.487,5.807
79.10,-10.354,5.255,0.439,-11.899,-0.000,1.487,5.807
79.12,-10.354,5.255,0.439,-11.899,-0.000,1.487,5.807
79.14,-11.052,4.947,0.437,-11.899,-0.000,1.487,5.375
79.16,-11.052,4.947,0.437,-11.899,-0.000,1.487,5.375
79.18,-11.398,4.745,0.433,-11.899,-0.000,1.487,5.144
79.20,-11.398,4.745,0.433,-11.899,-0.000,1.487,5.144
79.22,-11.779,4.503,0.428,-11.899,-0.000,1.487,4.895
79.24,-11.779,4.503,0.428,-11.899,-0.000,1.487,4.895
79.27,-12.113,4.303,0.422,-11.899,-0.000,1.487,4.713
79.29,-12.113,4.303,0.422,-11.899,-0.000,1.487,4.713
79.31,-12.456,4.118,0.414,-11.899,-0.000,1.487,4.571
79.33,-12.456,4.118,0.414,-11.899,-0.000,1.487,4.571
79.35,-12.813,3.937,0.406,-11.899,-0.000,1.487,4.463
79.37,-12.813,3.937,0.406,-11.899,-0.000,1.487,4.463
79.39,-13.170,3.752,0.396,-11.899,-0.000,1.487,4.387
79.41,-13.170,3.752,0.396,-11.899,-0.000,1.487,4.387
79.43,-13.528,3.560,0.385,-11.899,-0.000,1.487,4.340
79.45,-13.528,3.560,0.385,-11.899,-0.000,1.487,4.340
79.47,-13.878,3.375,0.373,-11.899,-0.000,1.487,4.332
79.49,-13.878,3.375,0.373,-11.899,-0.000,1.487,4.332
79.52,-14.230,3.205,0.360,-11.899,-0.000,1.487,4.372
79.54,-14.230,3.205,0.360,-11.899,-0.000,1.487,4.372
79.56,-14.659,3.009,0.344,-11.899,-0.000,1.487,4.475
79.58,-14.659,3.009,0.344,-11.899,-0.000,1.487,4.475
79.60,-15.018,2.860,0.330,-11.899,-0.000,1.487,4.606
79.62,-15.018,2.860,0.330,-11.899,-0.000,1.487,4.606
79.64,-15.018,2.860,0.330,-11.899,-0.000,1.487,4.606
79.66,-15.579,2.645,0.308,-11.899,-0.000,1.487,4.875
79.68,-15.579,2.645,0.308,-11.899,-0.000,1.487,4.875
79.70,-15.917,2.514,0.293,-11.899,-0.000,1.487,5.063
79.72,-15.917,2.514,0.293,-11.899,-0.000,1.487,5.063
79.74,-16.304,2.337,0.275,-11.899,-0.000,1.487,5.289
79.77,-16.304,2.337,0.275,-11.899,-0.000,1.487,5.289
79.79,-16.609,2.196,0.260,-11.899,-0.000,1.487,5.483
79.81,-16.609,2.196,0.260,-11.899,-0.000,1.487,5.483
79.83,-16.730,2.116,0.245,-11.899,-0.000,1.487,5.552
79.85,-16.730,2.116,0.245,-11.899,-0.000,1.487,5.552
79.87,0.083,3.942,0.233,-11.899,-0.000,1.487,12.731
79.89,0.083,3.942,0.233,-11.899,-0.000,1.487,12.731
79.91,0.666,3.940,0.228,-11.899,-0.000,1.487,13.280
79.93,0.666,3.940,0.228,-11.899,-0.000,1.487,13.280
79.95,0.882,3.964,0.218,-11.899,-0.000,1.487,13.490
79.97,0.882,3.964,0.218,-11.899,-0.000,1.487,13.490
79.99,1.134,3.922,0.212,-11.899,-0.000,1.487,13.716
80.01,1.134,3.922,0.212,-11.899,-0.000,1.487,13.716
80.04,1.520,3.551,0.213,-11.899,-0.000,1.487,13.984
80.06,1.520,3.551,0.213,-11.899,-0.000,1.487,13.984
80.08,1.973,2.989,0.218,-11.899,-0.000,1.487,14.292
80.10,1.973,2.989,0.218,-11.899,-0.000,1.487,14.292
80.12,1.973,2.989,0.218,-11.899,-0.000,1.487,14.292
80.14,2.314,2.177,0.225,-11.899,-0.000,1.487,14.480
80.16,2.314,2.177,0.225,-11.899,-0.000,1.487,14.480
80.18,2.413,1.634,0.229,-11.899,-0.000,1.487,14.507
80.20,2.413,1.634,0.229,-11.899,-0.000,1.487,14.507
80.22,2.435,1.070,0.233,-11.899,-0.000,1.487,14.477
80.24,2.435,1.070,0.233,-11.899,-0.000,1.487,14.477
80.26,2.393,0.390,0.238,-11.899,-0.000,1.487,14.401
80.28,2.393,0.390,0.238,-11.899,-0.000,1.487,14.401
80.31,2.309,-0.171,0.242,-11.899,-0.000,1.487,14.314
80.33,2.309,-0.171,0.242,-11.899,-0.000,1.487,14.314
80.35,2.192,-0.714,0.245,-11.899,-0.000,1.487,14.215
80.37,2.192,-0.714,0.245,-11.899,-0.000,1.487,14.215
80.39,2.064,-1.232,0.248,-11.899,-0.000,1.487,14.124
80.41,2.064,-1.232,0.248,-11.899,-0.000,1.487,14.124
80.43,1.929,-1.724,0.251,-11.899,-0.000,1.487,14.043
80.45,1.929,-1.724,0.251,-11.899,-0.000,1.487,14.043
80.47,1.798,-2.185,0.253,-11.899,-0.000,1.487,13.978
80.49,1.798,-2.185,0.253,-11.899,-0.000,1.487,13.978
80.51,1.663,-2.622,0.254,-11.899,-0.000,1.487,13.923
80.53,1.663,-2.622,0.254,-11.899,-0.000,1.487,13.923
80.56,1.523,-3.030,0.255,-11.899,-0.000,1.487,13.869
80.58,1.523,-3.030,0.255,-11.899,-0.000,1.487,13.869
80.60,1.346,-3.478,0.256,-11.899,-0.000,1.487,13.804
80.62,1.346,-3.478,0.256,-11.899,-0.000,1.487,13.804
80.64,1.346,-3.478,0.256,-11.899,-0.000,1.487,13.804
80.66,1.111,-4.013,0.255,-11.899,-0.000,1.487,13.726
80.68,1.111,-4.013,0.255,-11.899,-0.000,1.487,13.726
80.70,0.983,-4.322,0.255,-11.899,-0.000,1.487,13.699
80.72,0.983,-4.322,0.255,-11.899,-0.000,1.487,13.699
80.74,0.866,-4.624,0.254,-11.899,-0.000,1.487,13.687
80.76,0.866,-4.624,0.254,-11.899,-0.000,1.487,13.687
80.78,0.723,-4.966,0.254,-11.899,-0.000,1.487,13.675
80.81,0.723,-4.966,0.254,-11.899,-0.000,1.487,13.675
80.83,0.604,-5.231,0.253,-11.899,-0.000,1.487,13.664
80.85,0.604,-5.231,0.253,-11.899,-0.000,1.487,13.664
80.87,0.478,-5.471,0.252,-11.899,-0.000,1.487,13.644
80.89,0.478,-5.471,0.252,-11.899,-0.000,1.487,13.644
80.91,1.338,-3.842,0.250,-11.899,-0.000,1.487,13.892
80.93,1.338,-3.842,0.250,-11.899,-0.000,1.487,13.892
80.95,1.316,-3.887,0.245,-11.899,-0.000,1.487,13.883
80.97,1.316,-3.887,0.245,-11.899,-0.000,1.487,13.883
80.99,1.306,-3.908,0.240,-11.899,-0.000,1.487,13.879
81.01,1.306,-3.908,0.240,-11.899,-0.000,1.487,13.879
81.03,1.319,-3.900,0.235,-11.899,-0.000,1.487,13.888
81.05,1.319,-3.900,0.235,-11.899,-0.000,1.487,13.888
81.08,1.364,-3.884,0.229,-11.899,-0.000,1.487,13.926
81.10,1.364,-3.884,0.229,-11.899,-0.000,1.487,13.926
81.12,1.427,-3.893,0.224,-11.899,-0.000,1.487,13.988
81.14,1.427,-3.893,0.224,-11.899,-0.000,1.487,13.988
81.16,1.427,-3.893,0.224,-11.899,-0.000,1.487,13.988
81.18,1.501,-3.949,0.218,-11.899,-0.000,1.487,14.073
81.20,1.501,-3.949,0.218,-11.899,-0.000,1.487,14.073
81.22,1.538,-4.016,0.215,-11.899,-0.000,1.487,14.127
81.24,1.538,-4.016,0.215,-11.899,-0.000,1.487,14.127
81.26,1.572,-4.105,0.212,-11.899,-0.000,1.487,14.184
81.28,1.572,-4.105,0.212,-11.899,-0.000,1.487,14.184
81.30,1.606,-4.223,0.210,-11.899,-0.000,1.487,14.251
81.33,1.606,-4.223,0.210,-11.899,-0.000,1.487,14.251
81.35,1.648,-4.328,0.207,-11.899,-0.000,1.487,14.322
81.37,1.648,-4.328,0.207,-11.899,-0.000,1.487,14.322
81.39,1.710,-4.441,0.205,-11.899,-0.000,1.487,14.414
81.41,1.710,-4.441,0.205,-11.899,-0.000,1.487,14.414
81.43,1.788,-4.548,0.204,-11.899,-0.000,1.487,14.521
81.45,1.788,-4.548,0.204,-11.899,-0.000,1.487,14.521
81.47,1.870,-4.639,0.202,-11.899,-0.000,1.487,14.627
81.49,1.870,-4.639,0.202,-11.899,-0.000,1.487,14.627
81.51,1.957,-4.712,0.201,-11.899,-0.000,1.487,14.732
81.53,1.957,-4.712,0.201,-11.899,-0.000,1.487,14.732
81.55,2.044,-4.782,0.201,-11.899,-0.000,1.487,14.836
81.57,2.044,-4.782,0.201,-11.899,-0.000,1.487,14.836
81.60,2.138,-4.861,0.200,-11.899,-0.000,1.487,14.950
81.62,2.138,-4.861,0.200,-11.899,-0.000,1.487,14.950
81.64,2.138,-4.861,0.200,-11.899,-0.000,1.487,14.950
81.66,2.321,-5.059,0.199,-11.899,-0.000,1.487,15.186
81.68,2.321,-5.059,0.199,-11.899,-0.000,1.487,15.186
81.70,2.422,-5.169,0.198,-11.899,-0.000,1.487,15.318
81.72,2.422,-5.169,0.198,-11.899,-0.000,1.487,15.318
81.74,2.517,-5.283,0.198,-11.899,-0.000,1.487,15.446
81.76,2.517,-5.283,0.198,-11.899,-0.000,1.487,15.446
81.78,2.604,-5.416,0.197,-11.899,-0.000,1.487,15.572
81.80,2.604,-5.416,0.197,-11.899,-0.000,1.487,15.572
81.82,2.701,-5.569,0.197,-11.899,-0.000,1.487,15.716
81.84,2.701,-5.569,0.197,-11.899,-0.000,1.487,15.716
81.87,2.764,-5.686,0.198,-11.899,-0.000,1.487,15.817
81.89,2.764,-5.686,0.198,-11.899,-0.000,1.487,15.817
81.91,2.812,-5.797,0.198,-11.899,-0.000,1.487,15.901
81.93,2.812,-5.797,0.198,-11.899,-0.000,1.487,15.901
81.95,2.841,-5.894,0.198,-11.899,-0.000,1.487,15.964
81.97,2.841,-5.894,0.198,-11.899,-0.000,1.487,15.964
81.99,2.856,-5.983,0.199,-11.899,-0.000,1.487,16.010
82.01,2.856,-5.983,0.199,-11.899,-0.000,1.487,16.010
82.03,2.862,-6.069,0.199,-11.899,-0.000,1.487,16.049
82.05,2.862,-6.069,0.199,-11.899,-0.000,1.487,16.049
82.07,2.890,-6.164,0.199,-11.899,-0.000,1.487,16.110
82.10,2.890,-6.164,0.199,-11.899,-0.000,1.487,16.110
82.12,2.948,-6.272,0.198,-11.899,-0.000,1.487,16.205
82.14,2.948,-6.272,0.198,-11.899,-0.000,1.487,16.205
82.16,2.948,-6.272,0.198,-11.899,-0.000,1.487,16.205
82.18,3.012,-6.405,0.196,-11.899,-0.000,1.487,16.315
82.20,3.012,-6.405,0.196,-11.899,-0.000,1.487,16.315
82.22,3.031,-6.488,0.196,-11.899,-0.000,1.487,16.365
82.24,3.031,-6.488,0.196,-11.899,-0.000,1.487,16.365
82.26,3.034,-6.567,0.196,-11.899,-0.000,1.487,16.399
82.28,3.034,-6.567,0.196,-11.899,-0.000,1.487,16.399
82.30,3.048,-6.651,0.195,-11.899,-0.000,1.487,16.445
82.32,3.048,-6.651,0.195,-11.899,-0.000,1.487,16.445
82.35,3.041,-6.753,0.195,-11.899,-0.000,1.487,16.481
82.37,3.041,-6.753,0.195,-11.899,-0.000,1.487,16.481
82.39,3.015,-6.836,0.196,-11.899,-0.000,1.487,16.492
82.41,3.015,-6.836,0.196,-11.899,-0.000,1.487,16.492
82.43,2.989,-6.915,0.195,-11.899,-0.000,1.487,16.502
82.45,2.989,-6.915,0.195,-11.899,-0.000,1.487,16.502
82.47,2.978,-6.998,0.195,-11.899,-0.000,1.487,16.526
82.49,2.978,-6.998,0.195,-11.899,-0.000,1.487,16.526
82.51,2.954,-7.084,0.194,-11.899,-0.000,1.487,16.542
82.53,2.954,-7.084,0.194,-11.899,-0.000,1.487,16.542
82.55,2.923,-7.178,0.193,-11.899,-0.000,1.487,16.554
82.57,2.923,-7.178,0.193,-11.899,-0.000,1.487,16.554
82.60,2.898,-7.294,0.192,-11.899,-0.000,1.487,16.582
82.62,2.898,-7.294,0.192,-11.899,-0.000,1.487,16.582
82.64,2.879,-7.453,0.190,-11.899,-0.000,1.487,16.635
82.66,2.879,-7.453,0.190,-11.899,-0.000,1.487,16.635
82.68,2.879,-7.453,0.190,-11.899,-0.000,1.487,16.635
82.70,2.855,-7.634,0.188,-11.899,-0.000,1.487,16.696
82.72,2.855,-7.634,0.188,-11.899,-0.000,1.487,16.696
82.74,2.839,-7.722,0.187,-11.899,-0.000,1.487,16.722
82.76,2.839,-7.722,0.187,-11.899,-0.000,1.487,16.722
82.78,2.827,-7.798,0.187,-11.899,-0.000,1.487,16.747
82.80,2.827,-7.798,0.187,-11.899,-0.000,1.487,16.747
82.82,2.825,-7.870,0.186,-11.899,-0.000,1.487,16.779
82.84,2.825,-7.870,0.186,-11.899,-0.000,1.487,16.779
82.87,2.827,-7.939,0.186,-11.899,-0.000,1.487,16.813
82.89,2.827,-7.939,0.186,-11.899,-0.000,1.487,16.813
82.91,2.830,-8.009,0.185,-11.899,-0.000,1.487,16.849
82.93,2.830,-8.009,0.185,-11.899,-0.000,1.487,16.849
82.95,2.831,-8.081,0.184,-11.899,-0.000,1.487,16.884
82.97,2.831,-8.081,0.184,-11.899,-0.000,1.487,16.884
82.99,2.823,-8.150,0.182,-11.899,-0.000,1.487,16.910
83.01,2.823,-8.150,0.182,-11.899,-0.000,1.487,16.910
83.03,2.805,-8.220,0.181,-11.899,-0.000,1.487,16.928
83.05,2.805,-8.220,0.181,-11.899,-0.000,1.487,16.928
83.07,2.800,-8.270,0.180,-11.899,-0.000,1.487,16.947
83.09,2.800,-8.270,0.180,-11.899,-0.000,1.487,16.947
83.11,2.810,-8.293,0.179,-11.899,-0.000,1.487,16.968
83.14,2.810,-8.293,0.179,-11.899,-0.000,1.487,16.968
83.16,2.810,-8.293,0.179,-11.899,-0.000,1.487,16.968
83.18,2.854,-8.311,0.177,-11.899,-0.000,1.487,17.015
83.20,2.854,-8.311,0.177,-11.899,-0.000,1.487,17.015
83.22,2.896,-8.305,0.176,-11.899,-0.000,1.487,17.047
83.24,2.896,-8.305,0.176,-11.899,-0.000,1.487,17.047
83.26,2.940,-8.290,0.175,-11.899,-0.000,1.487,17.079
83.28,2.940,-8.290,0.175,-11.899,-0.000,1.487,17.079
83.30,2.992,-8.281,0.174,-11.899,-0.000,1.487,17.119
83.32,2.992,-8.281,0.174,-11.899,-0.000,1.487,17.119
83.34,3.067,-8.286,0.173,-11.899,-0.000,1.487,17.186
83.37,3.067,-8.286,0.173,-11.899,-0.000,1.487,17.186
83.39,3.145,-8.292,0.171,-11.899,-0.000,1.487,17.257
83.41,3.145,-8.292,0.171,-11.899,-0.000,1.487,17.257
83.43,3.222,-8.296,0.170,-11.899,-0.000,1.487,17.327
83.45,3.222,-8.296,0.170,-11.899,-0.000,1.487,17.327
83.47,3.309,-8.304,0.168,-11.899,-0.000,1.487,17.406
83.49,3.309,-8.304,0.168,-11.899,-0.000,1.487,17.406
83.51,3.396,-8.319,0.167,-11.899,-0.000,1.487,17.489
83.53,3.396,-8.319,0.167,-11.899,-0.000,1.487,17.489
83.55,3.482,-8.332,0.165,-11.899,-0.000,1.487,17.570
83.57,3.482,-8.332,0.165,-11.899,-0.000,1.487,17.570
83.59,3.543,-8.354,0.163,-11.899,-0.000,1.487,17.634
83.62,3.543,-8.354,0.163,-11.899,-0.000,1.487,17.634
83.64,3.604,-8.411,0.160,-11.899,-0.000,1.487,17.714
83.66,3.604,-8.411,0.160,-11.899,-0.000,1.487,17.714
83.68,3.604,-8.411,0.160,-11.899,-0.000,1.487,17.714
83.70,3.692,-8.509,0.156,-11.899,-0.000,1.487,17.838
83.72,3.692,-8.509,0.156,-11.899,-0.000,1.487,17.838
83.74,3.748,-8.576,0.152,-11.899,-0.000,1.487,17.918
83.76,3.748,-8.576,0.152,-11.899,-0.000,1.487,17.918
83.78,3.791,-8.655,0.149,-11.899,-0.000,1.487,17.993
83.80,3.791,-8.655,0.149,-11.899,-0.000,1.487,17.993
83.82,3.836,-8.748,0.145,-11.899,-0.000,1.487,18.077
83.84,3.836,-8.748,0.145,-11.899,-0.000,1.487,18.077
83.86,3.887,-8.863,0.140,-11.899,-0.000,1.487,18.177
83.89,3.887,-8.863,0.140,-11.899,-0.000,1.487,18.177
83.91,3.918,-8.966,0.135,-11.899,-0.000,1.487,18.254
83.93,3.918,-8.966,0.135,-11.899,-0.000,1.487,18.254
83.95,3.954,-9.080,0.130,-11.899,-0.000,1.487,18.340
83.97,3.954,-9.080,0.130,-11.899,-0.000,1.487,18.340
83.99,3.986,-9.197,0.125,-11.899,-0.000,1.487,18.426
84.01,3.986,-9.197,0.125,-11.899,-0.000,1.487,18.426
84.03,3.999,-9.315,0.120,-11.899,-0.000,1.487,18.496
84.05,3.999,-9.315,0.120,-11.899,-0.000,1.487,18.496
84.07,3.994,-9.420,0.117,-11.899,-0.000,1.487,18.544
84.09,3.994,-9.420,0.117,-11.899,-0.000,1.487,18.544
84.11,3.976,-9.529,0.113,-11.899,-0.000,1.487,18.584
84.13,3.976,-9.529,0.113,-11.899,-0.000,1.487,18.584
84.15,3.976,-9.529,0.113,-11.899,-0.000,1.487,18.584
84.18,3.969,-9.678,0.107,-11.899,-0.000,1.487,18.654
84.20,3.969,-9.678,0.107,-11.899,-0.000,1.487,18.654
84.22,3.960,-9.753,0.104,-11.899,-0.000,1.487,18.686
84.24,3.960,-9.753,0.104,-11.899,-0.000,1.487,18.686
84.26,3.950,-9.801,0.103,-11.899,-0.000,1.487,18.702
84.28,3.950,-9.801,0.103,-11.899,-0.000,1.487,18.702
84.30,3.933,-9.831,0.102,-11.899,-0.000,1.487,18.703
84.32,3.933,-9.831,0.102,-11.899,-0.000,1.487,18.703
84.34,3.896,-9.844,0.102,-11.899,-0.000,1.487,18.679
84.36,3.896,-9.844,0.102,-11.899,-0.000,1.487,18.679
84.38,3.834,-9.840,0.102,-11.899,-0.000,1.487,18.624
84.41,3.834,-9.840,0.102,-11.899,-0.000,1.487,18.624
84.43,3.770,-9.812,0.104,-11.899,-0.000,1.487,18.556
84.45,3.770,-9.812,0.104,-11.899,-0.000,1.487,18.556
84.47,3.705,-9.786,0.106,-11.899,-0.000,1.487,18.487
84.49,3.705,-9.786,0.106,-11.899,-0.000,1.487,18.487
84.51,3.659,-9.775,0.107,-11.899,-0.000,1.487,18.443
84.53,3.659,-9.775,0.107,-11.899,-0.000,1.487,18.443
84.55,3.619,-9.760,0.109,-11.899,-0.000,1.487,18.401
84.57,3.619,-9.760,0.109,-11.899,-0.000,1.487,18.401
84.59,3.577,-9.735,0.112,-11.899,-0.000,1.487,18.353
84.61,3.577,-9.735,0.112,-11.899,-0.000,1.487,18.353
84.63,3.540,-9.728,0.114,-11.899,-0.000,1.487,18.318
84.65,3.540,-9.728,0.114,-11.899,-0.000,1.487,18.318
84.68,3.540,-9.728,0.114,-11.899,-0.000,1.487,18.318
84.70,3.453,-9.699,0.118,-11.899,-0.000,1.487,18.230
84.72,3.453,-9.699,0.118,-11.899,-0.000,1.487,18.230
84.74,3.390,-9.666,0.122,-11.899,-0.000,1.487,18.159
84.76,3.390,-9.666,0.122,-11.899,-0.000,1.487,18.159
84.78,3.332,-9.632,0.125,-11.899,-0.000,1.487,18.093
84.80,3.332,-9.632,0.125,-11.899,-0.000,1.487,18.093
84.82,3.295,-9.579,0.129,-11.899,-0.000,1.487,18.033
84.84,3.295,-9.579,0.129,-11.899,-0.000,1.487,18.033
84.86,3.259,-9.521,0.133,-11.899,-0.000,1.487,17.973
84.88,3.259,-9.521,0.133,-11.899,-0.000,1.487,17.973
84.90,3.223,-9.468,0.136,-11.899,-0.000,1.487,17.914
84.93,3.223,-9.468,0.136,-11.899,-0.000,1.487,17.914
84.95,3.201,-9.441,0.137,-11.899,-0.000,1.487,17.882
84.97,3.201,-9.441,0.137,-11.899,-0.000,1.487,17.882
84.99,3.204,-9.429,0.137,-11.899,-0.000,1.487,17.878
85.01,3.204,-9.429,0.137,-11.899,-0.000,1.487,17.878
85.03,3.217,-9.431,0.137,-11.899,-0.000,1.487,17.891
85.05,3.217,-9.431,0.137,-11.899,-0.000,1.487,17.891
85.07,3.242,-9.447,0.135,-11.899,-0.000,1.487,17.919
85.09,3.242,-9.447,0.135,-11.899,-0.000,1.487,17.919
85.11,3.297,-9.450,0.133,-11.899,-0.000,1.487,17.967
85.13,3.297,-9.450,0.133,-11.899,-0.000,1.487,17.967
85.15,3.351,-9.437,0.132,-11.899,-0.000,1.487,18.007
85.17,3.351,-9.437,0.132,-11.899,-0.000,1.487,18.007
85.20,3.351,-9.437,0.132,-11.899,-0.000,1.487,18.007
85.22,3.434,-9.375,0.132,-11.899,-0.000,1.487,18.045
85.24,3.434,-9.375,0.132,-11.899,-0.000,1.487,18.045
85.26,3.477,-9.331,0.132,-11.899,-0.000,1.487,18.058
85.28,3.477,-9.331,0.132,-11.899,-0.000,1.487,18.058
85.30,3.697,-9.179,0.139,-11.899,-0.000,1.487,18.169
85.32,3.697,-9.179,0.139,-11.899,-0.000,1.487,18.169
85.34,3.712,-9.036,0.148,-11.899,-0.000,1.487,18.112
85.36,3.712,-9.036,0.148,-11.899,-0.000,1.487,18.112
85.38,3.805,-9.006,0.148,-11.899,-0.000,1.487,18.176
85.40,3.805,-9.006,0.148,-11.899,-0.000,1.487,18.176
85.42,3.911,-8.982,0.148,-11.899,-0.000,1.487,18.256
85.45,3.911,-8.982,0.148,-11.899,-0.000,1.487,18.256
85.47,3.970,-9.033,0.144,-11.899,-0.000,1.487,18.332
85.49,3.970,-9.033,0.144,-11.899,-0.000,1.487,18.332
85.51,4.062,-9.080,0.140,-11.899,-0.000,1.487,18.435
85.53,4.062,-9.080,0.140,-11.899,-0.000,1.487,18.435
85.55,4.124,-9.165,0.133,-11.899,-0.000,1.487,18.529
85.57,4.124,-9.165,0.133,-11.899,-0.000,1.487,18.529
85.59,4.241,-9.213,0.129,-11.899,-0.000,1.487,18.654
85.61,4.241,-9.213,0.129,-11.899,-0.000,1.487,18.654
85.63,4.333,-9.257,0.125,-11.899,-0.000,1.487,18.756
85.65,4.333,-9.257,0.125,-11.899,-0.000,1.487,18.756
85.67,4.333,-9.257,0.125,-11.899,-0.000,1.487,18.756
85.69,4.416,-9.452,0.110,-11.899,-0.000,1.487,18.922
85.72,4.416,-9.452,0.110,-11.899,-0.000,1.487,18.922
85.74,4.500,-9.596,0.099,-11.899,-0.000,1.487,19.066
85.76,4.500,-9.596,0.099,-11.899,-0.000,1.487,19.066
85.78,4.570,-9.699,0.091,-11.899,-0.000,1.487,19.178
85.80,4.570,-9.699,0.091,-11.899,-0.000,1.487,19.178
85.82,4.621,-9.819,0.081,-11.899,-0.000,1.487,19.281
85.84,4.621,-9.819,0.081,-11.899,-0.000,1.487,19.281
85.86,4.649,-9.987,0.068,-11.899,-0.000,1.487,19.391
85.88,4.649,-9.987,0.068,-11.899,-0.000,1.487,19.391
85.90,4.649,-10.169,0.054,-11.899,-0.000,1.487,19.484
85.92,4.649,-10.169,0.054,-11.899,-0.000,1.487,19.484
85.95,4.725,-10.385,0.036,-11.899,-0.000,1.487,19.660
85.97,4.725,-10.385,0.036,-11.899,-0.000,1.487,19.660
85.99,4.702,-10.528,0.024,-11.899,-0.000,1.487,19.716
86.01,4.702,-10.528,0.024,-11.899,-0.000,1.487,19.716
86.03,4.691,-10.631,0.014,-11.899,-0.000,1.487,19.761
86.05,4.691,-10.631,0.014,-11.899,-0.000,1.487,19.761
86.07,4.737,-10.727,0.003,-11.899,-0.000,1.487,19.850
86.09,4.737,-10.727,0.003,-11.899,-0.000,1.487,19.850
86.11,4.776,-10.823,-0.007,-11.899,-0.000,1.487,19.934
86.13,4.776,-10.823,-0.007,-11.899,-0.000,1.487,19.934
86.15,4.814,-10.918,-0.019,-11.899,-0.000,1.487,20.017
86.17,4.814,-10.918,-0.019,-11.899,-0.000,1.487,20.017
86.19,4.814,-10.918,-0.019,-11.899,-0.000,1.487,20.017
86.22,4.886,-11.029,-0.036,-11.899,-0.000,1.487,20.136
86.24,4.886,-11.029,-0.036,-11.899,-0.000,1.487,20.136
86.26,4.914,-11.121,-0.051,-11.899,-0.000,1.487,20.209
86.28,4.914,-11.121,-0.051,-11.899,-0.000,1.487,20.209
86.30,4.944,-11.173,-0.062,-11.899,-0.000,1.487,20.262
86.32,4.944,-11.173,-0.062,-11.899,-0.000,1.487,20.262
86.34,3.891,-8.632,-0.065,-11.899,-0.000,1.487,18.052
86.36,3.891,-8.632,-0.065,-11.899,-0.000,1.487,18.052
86.38,3.775,-8.614,-0.059,-11.899,-0.000,1.487,17.942
86.40,3.775,-8.614,-0.059,-11.899,-0.000,1.487,17.942
86.42,3.698,-8.438,-0.063,-11.899,-0.000,1.487,17.790
86.44,3.698,-8.438,-0.063,-11.899,-0.000,1.487,17.790
86.46,3.596,-8.256,-0.064,-11.899,-0.000,1.487,17.614
86.49,3.596,-8.256,-0.064,-11.899,-0.000,1.487,17.614
86.51,3.338,-7.806,-0.083,-11.899,-0.000,1.487,17.177
86.53,3.338,-7.806,-0.083,-11.899,-0.000,1.487,17.177
86.55,3.107,-7.366,-0.103,-11.899,-0.000,1.487,16.773
86.57,3.107,-7.366,-0.103,-11.899,-0.000,1.487,16.773
86.59,2.903,-6.926,-0.123,-11.899,-0.000,1.487,16.399
86.61,2.903,-6.926,-0.123,-11.899,-0.000,1.487,16.399
86.63,2.722,-6.486,-0.144,-11.899,-0.000,1.487,16.051
86.65,2.722,-6.486,-0.144,-11.899,-0.000,1.487,16.051
86.67,2.722,-6.486,-0.144,-11.899,-0.000,1.487,16.051
86.69,2.458,-5.802,-0.174,-11.899,-0.000,1.487,15.541
86.71,2.458,-5.802,-0.174,-11.899,-0.000,1.487,15.541
86.73,2.302,-5.383,-0.193,-11.899,-0.000,1.487,15.242
86.75,2.302,-5.383,-0.193,-11.899,-0.000,1.487,15.242
86.78,2.154,-4.982,-0.211,-11.899,-0.000,1.487,14.964
86.80,2.154,-4.982,-0.211,-11.899,-0.000,1.487,14.964
86.82,1.990,-4.510,-0.232,-11.899,-0.000,1.487,14.656
86.84,1.990,-4.510,-0.232,-11.899,-0.000,1.487,14.656
86.86,1.856,-4.126,-0.248,-11.899,-0.000,1.487,14.413
86.88,1.856,-4.126,-0.248,-11.899,-0.000,1.487,14.413
86.90,1.715,-3.766,-0.263,-11.899,-0.000,1.487,14.178
86.92,1.715,-3.766,-0.263,-11.899,-0.000,1.487,14.178
86.94,1.575,-3.443,-0.276,-11.899,-0.000,1.487,13.959
86.96,1.575,-3.443,-0.276,-11.899,-0.000,1.487,13.959
86.98,1.429,-3.150,-0.285,-11.899,-0.000,1.487,13.748
87.00,1.429,-3.150,-0.285,-11.899,-0.000,1.487,13.748
87.03,1.243,-2.836,-0.293,-11.899,-0.000,1.487,13.497
87.05,1.243,-2.836,-0.293,-11.899,-0.000,1.487,13.497
87.07,1.099,-2.613,-0.296,-11.899,-0.000,1.487,13.311
87.09,1.099,-2.613,-0.296,-11.899,-0.000,1.487,13.311
87.11,0.957,-2.406,-0.299,-11.899,-0.000,1.487,13.133
87.13,0.957,-2.406,-0.299,-11.899,-0.000,1.487,13.133
87.15,0.815,-2.208,-0.300,-11.899,-0.000,1.487,12.959
87.17,0.815,-2.208,-0.300,-11.899,-0.000,1.487,12.959
87.19,0.815,-2.208,-0.300,-11.899,-0.000,1.487,12.959
87.21,0.586,-1.914,-0.300,-11.899,-0.000,1.487,12.686
87.23,0.586,-1.914,-0.300,-11.899,-0.000,1.487,12.686
87.25,0.461,-1.757,-0.297,-11.899,-0.000,1.487,12.541
87.28,0.461,-1.757,-0.297,-11.899,-0.000,1.487,12.541
87.30,0.329,-1.577,-0.293,-11.899,-0.000,1.487,12.387
87.32,0.329,-1.577,-0.293,-11.899,-0.000,1.487,12.387
87.34,0.222,-1.447,-0.288,-11.899,-0.000,1.487,12.266
87.36,0.222,-1.447,-0.288,-11.899,-0.000,1.487,12.266
87.38,0.117,-1.338,-0.281,-11.899,-0.000,1.487,12.150
87.40,0.117,-1.338,-0.281,-11.899,-0.000,1.487,12.150
87.42,0.016,-1.234,-0.274,-11.899,-0.000,1.487,12.040
87.44,0.016,-1.234,-0.274,-11.899,-0.000,1.487,12.040
87.46,-0.069,-1.133,-0.266,-11.899,-0.000,1.487,11.946
87.48,-0.069,-1.133,-0.266,-11.899,-0.000,1.487,11.946
87.50,-0.130,-1.045,-0.258,-11.899,-0.000,1.487,11.879
87.52,-0.130,-1.045,-0.258,-11.899,-0.000,1.487,11.879
87.54,-0.175,-0.952,-0.247,-11.899,-0.000,1.487,11.827
87.57,-0.175,-0.952,-0.247,-11.899,-0.000,1.487,11.827
87.59,-0.199,-0.886,-0.237,-11.899,-0.000,1.487,11.799
87.61,-0.199,-0.886,-0.237,-11.899,-0.000,1.487,11.799
87.63,-0.215,-0.839,-0.226,-11.899,-0.000,1.487,11.781
87.65,-0.215,-0.839,-0.226,-11.899,-0.000,1.487,11.781
87.67,-0.217,-0.798,-0.215,-11.899,-0.000,1.487,11.778
87.69,-0.217,-0.798,-0.215,-11.899,-0.000,1.487,11.778
87.71,-0.217,-0.798,-0.215,-11.899,-0.000,1.487,11.778
87.73,-0.200,-0.732,-0.198,-11.899,-0.000,1.487,11.792
87.75,-0.200,-0.732,-0.198,-11.899,-0.000,1.487,11.792
87.77,-0.173,-0.695,-0.187,-11.899,-0.000,1.487,11.818
87.79,-0.173,-0.695,-0.187,-11.899,-0.000,1.487,11.818
87.82,-0.135,-0.663,-0.176,-11.899,-0.000,1.487,11.855
87.84,-0.135,-0.663,-0.176,-11.899,-0.000,1.487,11.855
87.86,-0.080,-0.641,-0.162,-11.899,-0.000,1.487,11.910
87.88,-0.080,-0.641,-0.162,-11.899,-0.000,1.487,11.910
87.90,-0.034,-0.648,-0.149,-11.899,-0.000,1.487,11.957
87.92,-0.034,-0.648,-0.149,-11.899,-0.000,1.487,11.957
87.94,0.017,-0.676,-0.134,-11.899,-0.000,1.487,12.012
87.96,0.017,-0.676,-0.134,-11.899,-0.000,1.487,12.012
87.98,0.075,-0.714,-0.118,-11.899,-0.000,1.487,12.073
88.00,0.075,-0.714,-0.118,-11.899,-0.000,1.487,12.073
88.02,0.136,-0.768,-0.102,-11.899,-0.000,1.487,12.138
88.04,0.136,-0.768,-0.102,-11.899,-0.000,1.487,12.138
88.06,0.221,-0.839,-0.083,-11.899,-0.000,1.487,12.230
88.09,0.221,-0.839,-0.083,-11.899,-0.000,1.487,12.230
88.11,0.296,-0.912,-0.069,-11.899,-0.000,1.487,12.311
88.13,0.296,-0.912,-0.069,-11.899,-0.000,1.487,12.311
88.15,0.390,-1.023,-0.059,-11.899,-0.000,1.487,12.414
88.17,0.390,-1.023,-0.059,-11.899,-0.000,1.487,12.414
88.19,0.390,-1.023,-0.059,-11.899,-0.000,1.487,12.414
88.21,0.565,-1.227,-0.048,-11.899,-0.000,1.487,12.607
88.23,0.565,-1.227,-0.048,-11.899,-0.000,1.487,12.607
88.25,0.688,-1.378,-0.041,-11.899,-0.000,1.487,12.744
88.27,0.688,-1.378,-0.041,-11.899,-0.000,1.487,12.744
88.29,0.820,-1.532,-0.036,-11.899,-0.000,1.487,12.892
88.31,0.820,-1.532,-0.036,-11.899,-0.000,1.487,12.892
88.33,0.956,-1.687,-0.031,-11.899,-0.000,1.487,13.047
88.36,0.956,-1.687,-0.031,-11.899,-0.000,1.487,13.047
88.38,1.093,-1.862,-0.027,-11.899,-0.000,1.487,13.205
88.40,1.093,-1.862,-0.027,-11.899,-0.000,1.487,13.205
88.42,1.189,-1.995,-0.024,-11.899,-0.000,1.487,13.320
88.44,1.189,-1.995,-0.024,-11.899,-0.000,1.487,13.320
88.46,1.286,-2.121,-0.020,-11.899,-0.000,1.487,13.435
88.48,1.286,-2.121,-0.020,-11.899,-0.000,1.487,13.435
88.50,1.378,-2.231,-0.016,-11.899,-0.000,1.487,13.543
88.52,1.378,-2.231,-0.016,-11.899,-0.000,1.487,13.543
88.54,1.487,-2.326,-0.014,-11.899,-0.000,1.487,13.666
88.56,1.487,-2.326,-0.014,-11.899,-0.000,1.487,13.666
88.58,1.633,-2.415,-0.012,-11.899,-0.000,1.487,13.824
88.61,1.633,-2.415,-0.012,-11.899,-0.000,1.487,13.824
88.63,1.750,-2.461,-0.012,-11.899,-0.000,1.487,13.947
88.65,1.750,-2.461,-0.012,-11.899,-0.000,1.487,13.947
88.67,1.871,-2.496,-0.013,-11.899,-0.000,1.487,14.071
88.69,1.871,-2.496,-0.013,-11.899,-0.000,1.487,14.071
88.71,1.871,-2.496,-0.013,-11.899,-0.000,1.487,14.071
88.73,2.032,-2.549,-0.011,-11.899,-0.000,1.487,14.239
88.75,2.032,-2.549,-0.011,-11.899,-0.000,1.487,14.239
88.77,2.106,-2.573,-0.010,-11.899,-0.000,1.487,14.316
88.79,2.106,-2.573,-0.010,-11.899,-0.000,1.487,14.316
88.81,2.171,-2.575,-0.010,-11.899,-0.000,1.487,14.379
88.83,2.171,-2.575,-0.010,-11.899,-0.000,1.487,14.379
88.85,2.219,-2.565,-0.009,-11.899,-0.000,1.487,14.425
88.88,2.219,-2.565,-0.009,-11.899,-0.000,1.487,14.425
88.90,2.258,-2.566,-0.006,-11.899,-0.000,1.487,14.463
88.92,2.258,-2.566,-0.006,-11.899,-0.000,1.487,14.463
88.94,2.284,-2.548,-0.004,-11.899,-0.000,1.487,14.486
88.96,2.284,-2.548,-0.004,-11.899,-0.000,1.487,14.486
88.98,2.304,-2.529,-0.001,-11.899,-0.000,1.487,14.503
89.00,2.304,-2.529,-0.001,-11.899,-0.000,1.487,14.503
89.02,2.322,-2.514,0.002,-11.899,-0.000,1.487,14.518
89.04,2.322,-2.514,0.002,-11.899,-0.000,1.487,14.518
89.06,2.325,-2.507,0.006,-11.899,-0.000,1.487,14.520
89.08,2.325,-2.507,0.006,-11.899,-0.000,1.487,14.520
89.11,2.317,-2.516,0.013,-11.899,-0.000,1.487,14.514
89.13,2.317,-2.516,0.013,-11.899,-0.000,1.487,14.514
89.15,2.300,-2.514,0.018,-11.899,-0.000,1.487,14.498
89.17,2.300,-2.514,0.018,-11.899,-0.000,1.487,14.498
89.19,2.284,-2.491,0.021,-11.899,-0.000,1.487,14.479
89.21,2.284,-2.491,0.021,-11.899,-0.000,1.487,14.479
89.23,2.284,-2.491,0.021,-11.899,-0.000,1.487,14.479
89.25,2.275,-2.428,0.025,-11.899,-0.000,1.487,14.459
89.27,2.275,-2.428,0.025,-11.899,-0.000,1.487,14.459
89.29,2.297,-2.378,0.026,-11.899,-0.000,1.487,14.473
89.31,2.297,-2.378,0.026,-11.899,-0.000,1.487,14.473
89.33,2.346,-2.320,0.027,-11.899,-0.000,1.487,14.511
89.35,2.346,-2.320,0.027,-11.899,-0.000,1.487,14.511
89.38,2.423,-2.263,0.028,-11.899,-0.000,1.487,14.578
89.40,2.423,-2.263,0.028,-11.899,-0.000,1.487,14.578
89.42,2.548,-2.203,0.030,-11.899,-0.000,1.487,14.692
89.44,2.548,-2.203,0.030,-11.899,-0.000,1.487,14.692
89.46,2.664,-2.157,0.032,-11.899,-0.000,1.487,14.800
89.48,2.664,-2.157,0.032,-11.899,-0.000,1.487,14.800
89.50,2.767,-2.112,0.035,-11.899,-0.000,1.487,14.894
89.52,2.767,-2.112,0.035,-11.899,-0.000,1.487,14.894
89.54,2.848,-2.075,0.038,-11.899,-0.000,1.487,14.970
89.56,2.848,-2.075,0.038,-11.899,-0.000,1.487,14.970
89.58,2.920,-2.052,0.043,-11.899,-0.000,1.487,15.038
89.60,2.920,-2.052,0.043,-11.899,-0.000,1.487,15.038
89.62,2.998,-2.040,0.051,-11.899,-0.000,1.487,15.115
89.65,2.998,-2.040,0.051,-11.899,-0.000,1.487,15.115
89.67,3.068,-2.041,0.058,-11.899,-0.000,1.487,15.184
89.69,3.068,-2.041,0.058,-11.899,-0.000,1.487,15.184
89.71,3.068,-2.041,0.058,-11.899,-0.000,1.487,15.184
89.73,3.163,-2.047,0.070,-11.899,-0.000,1.487,15.280
89.75,3.163,-2.047,0.070,-11.899,-0.000,1.487,15.280
89.77,3.052,-2.021,0.075,-11.899,-0.000,1.487,15.167
89.79,3.052,-2.021,0.075,-11.899,-0.000,1.487,15.167
89.81,2.930,-2.008,0.082,-11.899,-0.000,1.487,15.046
89.83,2.930,-2.008,0.082,-11.899,-0.000,1.487,15.046
89.85,2.823,-1.996,0.088,-11.899,-0.000,1.487,14.939
89.87,2.823,-1.996,0.088,-11.899,-0.000,1.487,14.939
89.90,2.735,-1.985,0.095,-11.899,-0.000,1.487,14.852
89.92,2.735,-1.985,0.095,-11.899,-0.000,1.487,14.852
89.94,2.644,-1.970,0.101,-11.899,-0.000,1.487,14.761
89.96,2.644,-1.970,0.101,-11.899,-0.000,1.487,14.761
89.98,2.586,-1.945,0.105,-11.899,-0.000,1.487,14.702
90.00,2.586,-1.945,0.105,-11.899,-0.000,1.487,14.702
90.02,2.540,-1.914,0.109,-11.899,-0.000,1.487,14.653
90.04,2.540,-1.914,0.109,-11.899,-0.000,1.487,14.653
90.06,2.502,-1.905,0.113,-11.899,-0.000,1.487,14.614
90.08,2.502,-1.905,0.113,-11.899,-0.000,1.487,14.614
90.10,2.479,-1.908,0.119,-11.899,-0.000,1.487,14.593
90.12,2.479,-1.908,0.119,-11.899,-0.000,1.487,14.593
90.15,2.460,-1.922,0.125,-11.899,-0.000,1.487,14.576
90.17,2.460,-1.922,0.125,-11.899,-0.000,1.487,14.576
90.19,2.444,-1.935,0.130,-11.899,-0.000,1.487,14.563
90.21,2.444,-1.935,0.130,-11.899,-0.000,1.487,14.563
90.23,2.444,-1.935,0.130,-11.899,-0.000,1.487,14.563
90.25,2.440,-1.932,0.134,-11.899,-0.000,1.487,14.559
90.27,2.440,-1.932,0.134,-11.899,-0.000,1.487,14.559
90.29,2.443,-1.899,0.134,-11.899,-0.000,1.487,14.558
90.31,2.443,-1.899,0.134,-11.899,-0.000,1.487,14.558
90.33,2.461,-1.850,0.133,-11.899,-0.000,1.487,14.569
90.35,2.461,-1.850,0.133,-11.899,-0.000,1.487,14.569
90.38,2.487,-1.813,0.133,-11.899,-0.000,1.487,14.590
90.40,2.487,-1.813,0.133,-11.899,-0.000,1.487,14.590
90.42,2.523,-1.764,0.133,-11.899,-0.000,1.487,14.620
90.44,2.523,-1.764,0.133,-11.899,-0.000,1.487,14.620
90.46,2.533,-1.730,0.134,-11.899,-0.000,1.487,14.625
90.48,2.533,-1.730,0.134,-11.899,-0.000,1.487,14.625
90.50,2.519,-1.709,0.136,-11.899,-0.000,1.487,14.609
90.52,2.519,-1.709,0.136,-11.899,-0.000,1.487,14.609
90.54,2.491,-1.704,0.140,-11.899,-0.000,1.487,14.581
90.56,2.491,-1.704,0.140,-11.899,-0.000,1.487,14.581
90.58,2.457,-1.704,0.145,-11.899,-0.000,1.487,14.549
90.60,2.457,-1.704,0.145,-11.899,-0.000,1.487,14.549
90.63,2.394,-1.690,0.149,-11.899,-0.000,1.487,14.485
90.65,2.394,-1.690,0.149,-11.899,-0.000,1.487,14.485
90.67,2.332,-1.668,0.152,-11.899,-0.000,1.487,14.421
90.69,2.332,-1.668,0.152,-11.899,-0.000,1.487,14.421
90.71,2.332,-1.668,0.152,-11.899,-0.000,1.487,14.421
90.73,2.241,-1.608,0.155,-11.899,-0.000,1.487,14.325
90.75,2.241,-1.608,0.155,-11.899,-0.000,1.487,14.325
90.77,2.200,-1.542,0.156,-11.899,-0.000,1.487,14.278
90.79,2.200,-1.542,0.156,-11.899,-0.000,1.487,14.278
90.81,2.171,-1.462,0.155,-11.899,-0.000,1.487,14.241
90.83,2.171,-1.462,0.155,-11.899,-0.000,1.487,14.241
90.85,2.137,-1.375,0.154,-11.899,-0.000,1.487,14.198
90.88,2.137,-1.375,0.154,-11.899,-0.000,1.487,14.198
90.90,2.115,-1.259,0.152,-11.899,-0.000,1.487,14.166
90.92,2.115,-1.259,0.152,-11.899,-0.000,1.487,14.166
90.94,2.120,-1.138,0.150,-11.899,-0.000,1.487,14.159
90.96,2.120,-1.138,0.150,-11.899,-0.000,1.487,14.159
90.98,2.132,-1.012,0.148,-11.899,-0.000,1.487,14.162
91.00,2.132,-1.012,0.148,-11.899,-0.000,1.487,14.162
91.02,2.149,-0.889,0.146,-11.899,-0.000,1.487,14.170
91.04,2.149,-0.889,0.146,-11.899,-0.000,1.487,14.170
91.06,2.159,-0.759,0.145,-11.899,-0.000,1.487,14.172
91.08,2.159,-0.759,0.145,-11.899,-0.000,1.487,14.172
91.11,2.178,-0.667,0.145,-11.899,-0.000,1.487,14.187
91.13,2.178,-0.667,0.145,-11.899,-0.000,1.487,14.187
91.15,2.202,-0.582,0.146,-11.899,-0.000,1.487,14.207
91.17,2.202,-0.582,0.146,-11.899,-0.000,1.487,14.207
91.19,2.213,-0.489,0.146,-11.899,-0.000,1.487,14.215
91.21,2.213,-0.489,0.146,-11.899,-0.000,1.487,14.215
91.23,2.213,-0.489,0.146,-11.899,-0.000,1.487,14.215
91.25,2.225,-0.344,0.146,-11.899,-0.000,1.487,14.222
91.27,2.225,-0.344,0.146,-11.899,-0.000,1.487,14.222
91.29,2.238,-0.255,0.147,-11.899,-0.000,1.487,14.233
91.31,2.238,-0.255,0.147,-11.899,-0.000,1.487,14.233
91.33,2.262,-0.165,0.147,-11.899,-0.000,1.487,14.255
91.35,2.262,-0.165,0.147,-11.899,-0.000,1.487,14.255
91.37,2.288,-0.090,0.148,-11.899,-0.000,1.487,14.281
91.40,2.288,-0.090,0.148,-11.899,-0.000,1.487,14.281
91.42,2.320,-0.007,0.149,-11.899,-0.000,1.487,14.312
91.44,2.320,-0.007,0.149,-11.899,-0.000,1.487,14.312
91.46,2.344,0.052,0.151,-11.899,-0.000,1.487,14.336
91.48,2.344,0.052,0.151,-11.899,-0.000,1.487,14.336
91.50,2.369,0.102,0.153,-11.899,-0.000,1.487,14.362
91.52,2.369,0.102,0.153,-11.899,-0.000,1.487,14.362
91.54,2.404,0.146,0.156,-11.899,-0.000,1.487,14.398
91.56,2.404,0.146,0.156,-11.899,-0.000,1.487,14.398
91.58,2.437,0.183,0.158,-11.899,-0.000,1.487,14.431
91.60,2.437,0.183,0.158,-11.899,-0.000,1.487,14.431
91.62,2.478,0.210,0.161,-11.899,-0.000,1.487,14.472
91.65,2.478,0.210,0.161,-11.899,-0.000,1.487,14.472
91.67,2.525,0.225,0.164,-11.899,-0.000,1.487,14.520
91.69,2.525,0.225,0.164,-11.899,-0.000,1.487,14.520
91.71,2.561,0.235,0.167,-11.899,-0.000,1.487,14.556
91.73,2.561,0.235,0.167,-11.899,-0.000,1.487,14.556
91.75,2.561,0.235,0.167,-11.899,-0.000,1.487,14.556
91.77,2.637,0.223,0.173,-11.899,-0.000,1.487,14.632
91.79,2.637,0.223,0.173,-11.899,-0.000,1.487,14.632
91.81,2.704,0.201,0.177,-11.899,-0.000,1.487,14.698
91.83,2.704,0.201,0.177,-11.899,-0.000,1.487,14.698
91.85,2.772,0.176,0.180,-11.899,-0.000,1.487,14.767
91.87,2.772,0.176,0.180,-11.899,-0.000,1.487,14.767
91.90,2.850,0.152,0.184,-11.899,-0.000,1.487,14.844
91.92,2.850,0.152,0.184,-11.899,-0.000,1.487,14.844
91.94,2.932,0.133,0.187,-11.899,-0.000,1.487,14.925
91.96,2.932,0.133,0.187,-11.899,-0.000,1.487,14.925
91.98,2.988,0.133,0.189,-11.899,-0.000,1.487,14.982
92.00,2.988,0.133,0.189,-11.899,-0.000,1.487,14.982
92.02,3.042,0.137,0.191,-11.899,-0.000,1.487,15.035
92.04,3.042,0.137,0.191,-11.899,-0.000,1.487,15.035
92.06,3.093,0.149,0.192,-11.899,-0.000,1.487,15.087
92.08,3.093,0.149,0.192,-11.899,-0.000,1.487,15.087
92.10,3.134,0.183,0.192,-11.899,-0.000,1.487,15.127
92.12,3.134,0.183,0.192,-11.899,-0.000,1.487,15.127
92.14,3.169,0.238,0.191,-11.899,-0.000,1.487,15.163
92.17,3.169,0.238,0.191,-11.899,-0.000,1.487,15.163
92.19,3.184,0.286,0.190,-11.899,-0.000,1.487,15.179
92.21,3.184,0.286,0.190,-11.899,-0.000,1.487,15.179
92.23,3.184,0.286,0.190,-11.899,-0.000,1.487,15.179
92.25,3.177,0.339,0.190,-11.899,-0.000,1.487,15.173
92.27,3.177,0.339,0.190,-11.899,-0.000,1.487,15.173
92.29,3.166,0.352,0.191,-11.899,-0.000,1.487,15.162
92.31,3.166,0.352,0.191,-11.899,-0.000,1.487,15.162
92.33,3.145,0.362,0.192,-11.899,-0.000,1.487,15.141
92.35,3.145,0.362,0.192,-11.899,-0.000,1.487,15.141
92.37,3.125,0.372,0.193,-11.899,-0.000,1.487,15.122
92.39,3.125,0.372,0.193,-11.899,-0.000,1.487,15.122
92.42,3.098,0.378,0.195,-11.899,-0.000,1.487,15.096
92.44,3.098,0.378,0.195,-11.899,-0.000,1.487,15.096
92.46,3.076,0.381,0.196,-11.899,-0.000,1.487,15.074
92.48,3.076,0.381,0.196,-11.899,-0.000,1.487,15.074
92.50,3.054,0.372,0.198,-11.899,-0.000,1.487,15.052
92.52,3.054,0.372,0.198,-11.899,-0.000,1.487,15.052
92.54,3.023,0.348,0.200,-11.899,-0.000,1.487,15.021
92.56,3.023,0.348,0.200,-11.899,-0.000,1.487,15.021
92.58,3.005,0.321,0.201,-11.899,-0.000,1.487,15.002
92.60,3.005,0.321,0.201,-11.899,-0.000,1.487,15.002
92.62,3.007,0.299,0.202,-11.899,-0.000,1.487,15.004
92.64,3.007,0.299,0.202,-11.899,-0.000,1.487,15.004
92.67,3.035,0.277,0.203,-11.899,-0.000,1.487,15.032
92.69,3.035,0.277,0.203,-11.899,-0.000,1.487,15.032
92.71,3.071,0.263,0.203,-11.899,-0.000,1.487,15.067
92.73,3.071,0.263,0.203,-11.899,-0.000,1.487,15.067
92.75,3.071,0.263,0.203,-11.899,-0.000,1.487,15.067
92.77,3.122,0.237,0.203,-11.899,-0.000,1.487,15.118
92.79,3.122,0.237,0.203,-11.899,-0.000,1.487,15.118
92.81,3.157,0.224,0.203,-11.899,-0.000,1.487,15.152
92.83,3.157,0.224,0.203,-11.899,-0.000,1.487,15.152
92.85,3.192,0.217,0.203,-11.899,-0.000,1.487,15.187
92.87,3.192,0.217,0.203,-11.899,-0.000,1.487,15.187
92.89,3.226,0.230,0.202,-11.899,-0.000,1.487,15.221
92.91,3.226,0.230,0.202,-11.899,-0.000,1.487,15.221
92.94,3.259,0.260,0.201,-11.899,-0.000,1.487,15.253
92.96,3.259,0.260,0.201,-11.899,-0.000,1.487,15.253
92.98,3.284,0.312,0.199,-11.899,-0.000,1.487,15.279
93.00,3.284,0.312,0.199,-11.899,-0.000,1.487,15.279
93.02,3.299,0.377,0.196,-11.899,-0.000,1.487,15.295
93.04,3.299,0.377,0.196,-11.899,-0.000,1.487,15.295
93.06,3.307,0.456,0.194,-11.899,-0.000,1.487,15.305
93.08,3.307,0.456,0.194,-11.899,-0.000,1.487,15.305
93.10,3.304,0.547,0.191,-11.899,-0.000,1.487,15.304
93.12,3.304,0.547,0.191,-11.899,-0.000,1.487,15.304
93.14,3.272,0.670,0.187,-11.899,-0.000,1.487,15.277
93.17,3.272,0.670,0.187,-11.899,-0.000,1.487,15.277
93.19,3.222,0.777,0.184,-11.899,-0.000,1.487,15.232
93.21,3.222,0.777,0.184,-11.899,-0.000,1.487,15.232
93.23,3.222,0.777,0.184,-11.899,-0.000,1.487,15.232
93.25,3.156,0.917,0.180,-11.899,-0.000,1.487,15.175
93.27,3.156,0.917,0.180,-11.899,-0.000,1.487,15.175
93.29,3.134,0.992,0.178,-11.899,-0.000,1.487,15.158
93.31,3.134,0.992,0.178,-11.899,-0.000,1.487,15.158
93.33,3.126,1.069,0.177,-11.899,-0.000,1.487,15.155
93.35,3.126,1.069,0.177,-11.899,-0.000,1.487,15.155
93.37,3.128,1.137,0.176,-11.899,-0.000,1.487,15.161
93.39,3.128,1.137,0.176,-11.899,-0.000,1.487,15.161
93.42,3.117,1.202,0.175,-11.899,-0.000,1.487,15.156
93.44,3.117,1.202,0.175,-11.899,-0.000,1.487,15.156
93.46,3.104,1.277,0.174,-11.899,-0.000,1.487,15.148
93.48,3.104,1.277,0.174,-11.899,-0.000,1.487,15.148
93.50,3.091,1.335,0.174,-11.899,-0.000,1.487,15.141
93.52,3.091,1.335,0.174,-11.899,-0.000,1.487,15.141
93.54,3.082,1.406,0.174,-11.899,-0.000,1.487,15.138
93.56,3.082,1.406,0.174,-11.899,-0.000,1.487,15.138
93.58,3.087,1.482,0.173,-11.899,-0.000,1.487,15.150
93.60,3.087,1.482,0.173,-11.899,-0.000,1.487,15.150
93.62,3.089,1.564,0.172,-11.899,-0.000,1.487,15.160
93.64,3.089,1.564,0.172,-11.899,-0.000,1.487,15.160
93.67,3.106,1.690,0.171,-11.899,-0.000,1.487,15.190
93.69,3.106,1.690,0.171,-11.899,-0.000,1.487,15.190
93.71,3.244,1.781,0.168,-11.899,-0.000,1.487,15.336
93.73,3.244,1.781,0.168,-11.899,-0.000,1.487,15.336
93.75,3.244,1.781,0.168,-11.899,-0.000,1.487,15.336
93.77,3.190,1.756,0.169,-11.899,-0.000,1.487,15.280
93.79,3.190,1.756,0.169,-11.899,-0.000,1.487,15.280
93.81,3.146,1.759,0.170,-11.899,-0.000,1.487,15.238
93.83,3.146,1.759,0.170,-11.899,-0.000,1.487,15.238
93.85,2.996,1.691,0.174,-11.899,-0.000,1.487,15.083
93.87,2.996,1.691,0.174,-11.899,-0.000,1.487,15.083
93.89,2.791,1.942,0.175,-11.899,-0.000,1.487,14.910
93.91,2.791,1.942,0.175,-11.899,-0.000,1.487,14.910
93.94,2.744,1.893,0.178,-11.899,-0.000,1.487,14.859
93.96,2.744,1.893,0.178,-11.899,-0.000,1.487,14.859
93.98,2.678,1.829,0.182,-11.899,-0.000,1.487,14.786
94.00,2.678,1.829,0.182,-11.899,-0.000,1.487,14.786
94.02,2.570,1.811,0.185,-11.899,-0.000,1.487,14.678
94.04,2.570,1.811,0.185,-11.899,-0.000,1.487,14.678
94.06,2.456,1.699,0.190,-11.899,-0.000,1.487,14.552
94.08,2.456,1.699,0.190,-11.899,-0.000,1.487,14.552
94.10,2.464,1.533,0.196,-11.899,-0.000,1.487,14.542
94.12,2.464,1.533,0.196,-11.899,-0.000,1.487,14.542
94.14,2.289,1.453,0.201,-11.899,-0.000,1.487,14.362
94.16,2.289,1.453,0.201,-11.899,-0.000,1.487,14.362
94.18,2.123,1.274,0.208,-11.899,-0.000,1.487,14.181
94.21,2.123,1.274,0.208,-11.899,-0.000,1.487,14.181
94.23,1.829,1.183,0.214,-11.899,-0.000,1.487,13.884
94.25,1.829,1.183,0.214,-11.899,-0.000,1.487,13.884
94.27,1.829,1.183,0.214,-11.899,-0.000,1.487,13.884
94.29,1.491,0.933,0.224,-11.899,-0.000,1.487,13.531
94.31,1.491,0.933,0.224,-11.899,-0.000,1.487,13.531
94.33,1.364,0.666,0.232,-11.899,-0.000,1.487,13.391
94.35,1.364,0.666,0.232,-11.899,-0.000,1.487,13.391
94.37,1.256,0.442,0.239,-11.899,-0.000,1.487,13.275
94.39,1.256,0.442,0.239,-11.899,-0.000,1.487,13.275
94.41,1.101,0.263,0.245,-11.899,-0.000,1.487,13.118
94.43,1.101,0.263,0.245,-11.899,-0.000,1.487,13.118
94.46,0.861,0.118,0.250,-11.899,-0.000,1.487,12.878
94.48,0.861,0.118,0.250,-11.899,-0.000,1.487,12.878
94.50,0.639,-0.071,0.255,-11.899,-0.000,1.487,12.658
94.52,0.639,-0.071,0.255,-11.899,-0.000,1.487,12.658
94.54,0.460,-0.168,0.258,-11.899,-0.000,1.487,12.483
94.56,0.460,-0.168,0.258,-11.899,-0.000,1.487,12.483
94.58,0.226,-0.300,0.260,-11.899,-0.000,1.487,12.254
94.60,0.226,-0.300,0.260,-11.899,-0.000,1.487,12.254
94.62,-0.025,-0.418,0.262,-11.899,-0.000,1.487,12.009
94.64,-0.025,-0.418,0.262,-11.899,-0.000,1.487,12.009
94.66,-0.109,-0.738,0.266,-11.899,-0.000,1.487,11.942
94.68,-0.109,-0.738,0.266,-11.899,-0.000,1.487,11.942
94.71,-0.297,-0.887,0.266,-11.899,-0.000,1.487,11.767
94.73,-0.297,-0.887,0.266,-11.899,-0.000,1.487,11.767
94.75,-0.297,-0.887,0.266,-11.899,-0.000,1.487,11.767
94.77,-0.918,-1.547,0.269,-11.899,-0.000,1.487,11.228
94.79,-0.918,-1.547,0.269,-11.899,-0.000,1.487,11.228
94.81,-1.352,-2.022,0.270,-11.899,-0.000,1.487,10.882
94.83,-1.352,-2.022,0.270,-11.899,-0.000,1.487,10.882
94.85,-1.789,-2.489,0.269,-11.899,-0.000,1.487,10.558
94.87,-1.789,-2.489,0.269,-11.899,-0.000,1.487,10.558
94.89,-2.248,-2.895,0.265,-11.899,-0.000,1.487,10.227
94.91,-2.248,-2.895,0.265,-11.899,-0.000,1.487,10.227
94.94,-2.698,-3.285,0.258,-11.899,-0.000,1.487,9.924
94.96,-2.698,-3.285,0.258,-11.899,-0.000,1.487,9.924
94.98,-3.253,-3.737,0.245,-11.899,-0.000,1.487,9.577
95.00,-3.253,-3.737,0.245,-11.899,-0.000,1.487,9.577
95.02,-3.731,-4.097,0.231,-11.899,-0.000,1.487,9.298
95.04,-3.731,-4.097,0.231,-11.899,-0.000,1.487,9.298
95.06,-4.223,-4.442,0.214,-11.899,-0.000,1.487,9.030
95.08,-4.223,-4.442,0.214,-11.899,-0.000,1.487,9.030
95.10,-4.712,-4.771,0.193,-11.899,-0.000,1.487,8.788
95.12,-4.712,-4.771,0.193,-11.899,-0.000,1.487,8.788
95.14,-5.199,-5.085,0.169,-11.899,-0.000,1.487,8.573
95.16,-5.199,-5.085,0.169,-11.899,-0.000,1.487,8.573
95.18,-5.746,-5.431,0.135,-11.899,-0.000,1.487,8.365
95.20,-5.746,-5.431,0.135,-11.899,-0.000,1.487,8.365
95.23,-6.163,-5.688,0.101,-11.899,-0.000,1.487,8.233
95.25,-6.163,-5.688,0.101,-11.899,-0.000,1.487,8.233
95.27,-6.163,-5.688,0.101,-11.899,-0.000,1.487,8.233
95.29,-6.769,-6.068,0.042,-11.899,-0.000,1.487,8.091
95.31,-6.769,-6.068,0.042,-11.899,-0.000,1.487,8.091
95.33,-7.126,-6.302,0.006,-11.899,-0.000,1.487,8.045
95.35,-7.126,-6.302,0.006,-11.899,-0.000,1.487,8.045
95.37,-7.469,-6.545,-0.028,-11.899,-0.000,1.487,8.037
95.39,-7.469,-6.545,-0.028,-11.899,-0.000,1.487,8.037
95.41,-7.797,-6.784,-0.060,-11.899,-0.000,1.487,8.055
95.43,-7.797,-6.784,-0.060,-11.899,-0.000,1.487,8.055
95.46,-8.108,-7.034,-0.089,-11.899,-0.000,1.487,8.112
95.48,-8.108,-7.034,-0.089,-11.899,-0.000,1.487,8.112
95.50,-8.479,-7.331,-0.122,-11.899,-0.000,1.487,8.204
95.52,-8.479,-7.331,-0.122,-11.899,-0.000,1.487,8.204
95.54,-8.793,-7.579,-0.148,-11.899,-0.000,1.487,8.299
95.56,-8.793,-7.579,-0.148,-11.899,-0.000,1.487,8.299
95.58,-9.107,-7.813,-0.171,-11.899,-0.000,1.487,8.400
95.60,-9.107,-7.813,-0.171,-11.899,-0.000,1.487,8.400
95.62,-9.414,-8.035,-0.192,-11.899,-0.000,1.487,8.509
95.64,-9.414,-8.035,-0.192,-11.899,-0.000,1.487,8.509
95.66,-9.724,-8.263,-0.212,-11.899,-0.000,1.487,8.639
95.68,-9.724,-8.263,-0.212,-11.899,-0.000,1.487,8.639
95.71,-10.103,-8.554,-0.234,-11.899,-0.000,1.487,8.830
95.73,-10.103,-8.554,-0.234,-11.899,-0.000,1.487,8.830
95.75,-10.103,-8.554,-0.234,-11.899,-0.000,1.487,8.830
95.77,-10.590,-8.939,-0.258,-11.899,-0.000,1.487,9.117
95.79,-10.590,-8.939,-0.258,-11.899,-0.000,1.487,9.117
95.81,-10.885,-9.206,-0.272,-11.899,-0.000,1.487,9.340
95.83,-10.885,-9.206,-0.272,-11.899,-0.000,1.487,9.340
95.85,-11.177,-9.472,-0.283,-11.899,-0.000,1.487,9.575
95.87,-11.177,-9.472,-0.283,-11.899,-0.000,1.487,9.575
95.89,-11.479,-9.739,-0.294,-11.899,-0.000,1.487,9.821
95.91,-11.479,-9.739,-0.294,-11.899,-0.000,1.487,9.821
95.93,-11.774,-10.002,-0.304,-11.899,-0.000,1.487,10.073
95.95,-11.774,-10.002,-0.304,-11.899,-0.000,1.487,10.073
95.98,-12.114,-10.316,-0.314,-11.899,-0.000,1.487,10.384
96.00,-12.114,-10.316,-0.314,-11.899,-0.000,1.487,10.384
96.02,-12.387,-10.575,-0.321,-11.899,-0.000,1.487,10.650
96.04,-12.387,-10.575,-0.321,-11.899,-0.000,1.487,10.650
96.06,-12.650,-10.820,-0.328,-11.899,-0.000,1.487,10.908
96.08,-12.650,-10.820,-0.328,-11.899,-0.000,1.487,10.908
96.10,-12.902,-11.049,-0.334,-11.899,-0.000,1.487,11.154
96.12,-12.902,-11.049,-0.334,-11.899,-0.000,1.487,11.154
96.14,-13.144,-11.263,-0.339,-11.899,-0.000,1.487,11.390
96.16,-13.144,-11.263,-0.339,-11.899,-0.000,1.487,11.390
96.18,-13.392,-11.483,-0.343,-11.899,-0.000,1.487,11.636
96.20,-13.392,-11.483,-0.343,-11.899,-0.000,1.487,11.636
96.23,-13.696,-11.764,-0.348,-11.899,-0.000,1.487,11.954
96.25,-13.696,-11.764,-0.348,-11.899,-0.000,1.487,11.954
96.27,-13.696,-11.764,-0.348,-11.899,-0.000,1.487,11.954
96.29,-2.434,-2.935,-0.349,-11.899,-0.000,1.487,9.974
96.31,-2.434,-2.935,-0.349,-11.899,-0.000,1.487,9.974
96.33,-2.366,-2.938,-0.343,-11.899,-0.000,1.487,10.041
96.35,-2.366,-2.938,-0.343,-11.899,-0.000,1.487,10.041
96.37,-2.251,-2.913,-0.334,-11.899,-0.000,1.487,10.144
96.39,-2.251,-2.913,-0.334,-11.899,-0.000,1.487,10.144
96.41,-2.124,-2.843,-0.325,-11.899,-0.000,1.487,10.246
96.43,-2.124,-2.843,-0.325,-11.899,-0.000,1.487,10.246
96.45,-1.988,-2.746,-0.314,-11.899,-0.000,1.487,10.351
96.47,-1.988,-2.746,-0.314,-11.899,-0.000,1.487,10.351
96.50,-1.860,-2.643,-0.304,-11.899,-0.000,1.487,10.448
96.52,-1.860,-2.643,-0.304,-11.899,-0.000,1.487,10.448
96.54,-1.716,-2.531,-0.292,-11.899,-0.000,1.487,10.560
96.56,-1.716,-2.531,-0.292,-11.899,-0.000,1.487,10.560
96.58,-1.625,-2.455,-0.282,-11.899,-0.000,1.487,10.631
96.60,-1.625,-2.455,-0.282,-11.899,-0.000,1.487,10.631
96.62,-1.549,-2.374,-0.272,-11.899,-0.000,1.487,10.688
96.64,-1.549,-2.374,-0.272,-11.899,-0.000,1.487,10.688
96.66,-1.482,-2.297,-0.263,-11.899,-0.000,1.487,10.737
96.68,-1.482,-2.297,-0.263,-11.899,-0.000,1.487,10.737
96.70,-1.425,-2.211,-0.251,-11.899,-0.000,1.487,10.775
96.72,-1.425,-2.211,-0.251,-11.899,-0.000,1.487,10.775
96.75,-1.391,-2.144,-0.242,-11.899,-0.000,1.487,10.797
96.77,-1.391,-2.144,-0.242,-11.899,-0.000,1.487,10.797
96.79,-1.391,-2.144,-0.242,-11.899,-0.000,1.487,10.797
96.81,-1.360,-2.067,-0.227,-11.899,-0.000,1.487,10.813
96.83,-1.360,-2.067,-0.227,-11.899,-0.000,1.487,10.813
96.85,-1.342,-2.041,-0.219,-11.899,-0.000,1.487,10.826
96.87,-1.342,-2.041,-0.219,-11.899,-0.000,1.487,10.826
96.89,-1.335,-2.028,-0.210,-11.899,-0.000,1.487,10.832
96.91,-1.335,-2.028,-0.210,-11.899,-0.000,1.487,10.832
96.93,-1.327,-2.041,-0.202,-11.899,-0.000,1.487,10.844
96.95,-1.327,-2.041,-0.202,-11.899,-0.000,1.487,10.844
96.97,-1.306,-2.055,-0.195,-11.899,-0.000,1.487,10.868
97.00,-1.306,-2.055,-0.195,-11.899,-0.000,1.487,10.868
97.02,-1.256,-2.083,-0.187,-11.899,-0.000,1.487,10.923
97.04,-1.256,-2.083,-0.187,-11.899,-0.000,1.487,10.923
97.06,-1.196,-2.117,-0.180,-11.899,-0.000,1.487,10.988
97.08,-1.196,-2.117,-0.180,-11.899,-0.000,1.487,10.988
97.10,-1.139,-2.169,-0.174,-11.899,-0.000,1.487,11.054
97.12,-1.139,-2.169,-0.174,-11.899,-0.000,1.487,11.054
97.14,-1.088,-2.219,-0.168,-11.899,-0.000,1.487,11.115
97.16,-1.088,-2.219,-0.168,-11.899,-0.000,1.487,11.115
97.18,-1.048,-2.272,-0.162,-11.899,-0.000,1.487,11.165
97.20,-1.048,-2.272,-0.162,-11.899,-0.000,1.487,11.165
97.23,-1.009,-2.334,-0.156,-11.899,-0.000,1.487,11.217
97.25,-1.009,-2.334,-0.156,-11.899,-0.000,1.487,11.217
97.27,-1.009,-2.334,-0.156,-11.899,-0.000,1.487,11.217
97.29,-1.002,-2.416,-0.146,-11.899,-0.000,1.487,11.241
97.31,-1.002,-2.416,-0.146,-11.899,-0.000,1.487,11.241
97.33,-1.008,-2.468,-0.140,-11.899,-0.000,1.487,11.248
97.35,-1.008,-2.468,-0.140,-11.899,-0.000,1.487,11.248
97.37,-1.037,-2.527,-0.134,-11.899,-0.000,1.487,11.233
97.39,-1.037,-2.527,-0.134,-11.899,-0.000,1.487,11.233
97.41,-1.070,-2.587,-0.128,-11.899,-0.000,1.487,11.216
97.43,-1.070,-2.587,-0.128,-11.899,-0.000,1.487,11.216
97.45,-1.114,-2.647,-0.122,-11.899,-0.000,1.487,11.189
97.47,-1.114,-2.647,-0.122,-11.899,-0.000,1.487,11.189
97.49,-1.166,-2.699,-0.116,-11.899,-0.000,1.487,11.151
97.52,-1.166,-2.699,-0.116,-11.899,-0.000,1.487,11.151
97.54,-1.234,-2.761,-0.108,-11.899,-0.000,1.487,11.102
97.56,-1.234,-2.761,-0.108,-11.899,-0.000,1.487,11.102
97.58,-1.292,-2.810,-0.101,-11.899,-0.000,1.487,11.060
97.60,-1.292,-2.810,-0.101,-11.899,-0.000,1.487,11.060
97.62,-1.354,-2.852,-0.094,-11.899,-0.000,1.487,11.012
97.64,-1.354,-2.852,-0.094,-11.899,-0.000,1.487,11.012
97.66,-1.404,-2.886,-0.087,-11.899,-0.000,1.487,10.975
97.68,-1.404,-2.886,-0.087,-11.899,-0.000,1.487,10.975
97.70,-1.456,-2.927,-0.080,-11.899,-0.000,1.487,10.936
97.72,-1.456,-2.927,-0.080,-11.899,-0.000,1.487,10.936
97.74,-1.507,-2.992,-0.071,-11.899,-0.000,1.487,10.906
97.77,-1.507,-2.992,-0.071,-11.899,-0.000,1.487,10.906
97.79,-1.507,-2.992,-0.071,-11.899,-0.000,1.487,10.906
97.81,-1.560,-3.094,-0.061,-11.899,-0.000,1.487,10.886
97.83,-1.560,-3.094,-0.061,-11.899,-0.000,1.487,10.886
97.85,-1.593,-3.153,-0.055,-11.899,-0.000,1.487,10.872
97.87,-1.593,-3.153,-0.055,-11.899,-0.000,1.487,10.872
97.89,-1.630,-3.221,-0.050,-11.899,-0.000,1.487,10.858
97.91,-1.630,-3.221,-0.050,-11.899,-0.000,1.487,10.858
97.93,-1.670,-3.292,-0.044,-11.899,-0.000,1.487,10.842
97.95,-1.670,-3.292,-0.044,-11.899,-0.000,1.487,10.842
97.97,-1.696,-3.357,-0.039,-11.899,-0.000,1.487,10.838
97.99,-1.696,-3.357,-0.039,-11.899,-0.000,1.487,10.838
98.01,-1.716,-3.424,-0.034,-11.899,-0.000,1.487,10.841
98.04,-1.716,-3.424,-0.034,-11.899,-0.000,1.487,10.841
98.06,-1.732,-3.504,-0.028,-11.899,-0.000,1.487,10.852
98.08,-1.732,-3.504,-0.028,-11.899,-0.000,1.487,10.852
98.10,-1.750,-3.590,-0.023,-11.899,-0.000,1.487,10.864
98.12,-1.750,-3.590,-0.023,-11.899,-0.000,1.487,10.864
98.14,-1.786,-3.671,-0.018,-11.899,-0.000,1.487,10.858
98.16,-1.786,-3.671,-0.018,-11.899,-0.000,1.487,10.858
98.18,-1.841,-3.755,-0.013,-11.899,-0.000,1.487,10.837
98.20,-1.841,-3.755,-0.013,-11.899,-0.000,1.487,10.837
98.22,-1.898,-3.826,-0.007,-11.899,-0.000,1.487,10.809
98.24,-1.898,-3.826,-0.007,-11.899,-0.000,1.487,10.809
98.26,-1.898,-3.826,-0.007,-11.899,-0.000,1.487,10.809
98.29,-1.988,-3.920,0.002,-11.899,-0.000,1.487,10.761
98.31,-1.988,-3.920,0.002,-11.899,-0.000,1.487,10.761
98.33,-2.046,-3.963,0.007,-11.899,-0.000,1.487,10.724
98.35,-2.046,-3.963,0.007,-11.899,-0.000,1.487,10.724
98.37,-2.111,-4.014,0.012,-11.899,-0.000,1.487,10.684
98.39,-2.111,-4.014,0.012,-11.899,-0.000,1.487,10.684
98.41,-2.167,-4.076,0.017,-11.899,-0.000,1.487,10.658
98.43,-2.167,-4.076,0.017,-11.899,-0.000,1.487,10.658
98.45,-2.211,-4.132,0.022,-11.899,-0.000,1.487,10.639
98.47,-2.211,-4.132,0.022,-11.899,-0.000,1.487,10.639
98.49,-2.264,-4.190,0.027,-11.899,-0.000,1.487,10.615
98.51,-2.264,-4.190,0.027,-11.899,-0.000,1.487,10.615
98.54,-2.303,-4.255,0.032,-11.899,-0.000,1.487,10.606
98.56,-2.303,-4.255,0.032,-11.899,-0.000,1.487,10.606
98.58,-2.342,-4.334,0.037,-11.899,-0.000,1.487,10.604
98.60,-2.342,-4.334,0.037,-11.899,-0.000,1.487,10.604
98.62,-2.384,-4.400,0.042,-11.899,-0.000,1.487,10.594
98.64,-2.384,-4.400,0.042,-11.899,-0.000,1.487,10.594
98.66,-2.406,-4.457,0.047,-11.899,-0.000,1.487,10.598
98.68,-2.406,-4.457,0.047,-11.899,-0.000,1.487,10.598
98.70,-2.433,-4.521,0.052,-11.899,-0.000,1.487,10.602
98.72,-2.433,-4.521,0.052,-11.899,-0.000,1.487,10.602
98.74,-2.444,-4.589,0.056,-11.899,-0.000,1.487,10.622
98.76,-2.444,-4.589,0.056,-11.899,-0.000,1.487,10.622
98.78,-2.444,-4.589,0.056,-11.899,-0.000,1.487,10.622
98.80,-2.406,-4.685,0.064,-11.899,-0.000,1.487,10.699
98.82,-2.406,-4.685,0.064,-11.899,-0.000,1.487,10.699
98.85,-2.386,-4.734,0.067,-11.899,-0.000,1.487,10.739
98.87,-2.386,-4.734,0.067,-11.899,-0.000,1.487,10.739
98.89,0.296,-3.263,0.071,-11.899,-0.000,1.487,12.720
98.91,0.296,-3.263,0.071,-11.899,-0.000,1.487,12.720
98.93,0.446,-3.191,0.073,-11.899,-0.000,1.487,12.845
98.95,0.446,-3.191,0.073,-11.899,-0.000,1.487,12.845
98.97,0.586,-3.108,0.074,-11.899,-0.000,1.487,12.960
98.99,0.586,-3.108,0.074,-11.899,-0.000,1.487,12.960
99.01,0.710,-3.016,0.075,-11.899,-0.000,1.487,13.058
99.03,0.710,-3.016,0.075,-11.899,-0.000,1.487,13.058
99.05,0.833,-2.931,0.075,-11.899,-0.000,1.487,13.158
99.07,0.833,-2.931,0.075,-11.899,-0.000,1.487,13.158
99.10,0.925,-2.849,0.076,-11.899,-0.000,1.487,13.229
99.12,0.925,-2.849,0.076,-11.899,-0.000,1.487,13.229
99.14,1.009,-2.739,0.077,-11.899,-0.000,1.487,13.288
99.16,1.009,-2.739,0.077,-11.899,-0.000,1.487,13.288
99.18,1.071,-2.641,0.078,-11.899,-0.000,1.487,13.329
99.20,1.071,-2.641,0.078,-11.899,-0.000,1.487,13.329
99.22,1.141,-2.540,0.079,-11.899,-0.000,1.487,13.376
99.24,1.141,-2.540,0.079,-11.899,-0.000,1.487,13.376
99.26,1.213,-2.438,0.081,-11.899,-0.000,1.487,13.429
99.28,1.213,-2.438,0.081,-11.899,-0.000,1.487,13.429
99.30,1.213,-2.438,0.081,-11.899,-0.000,1.487,13.429
99.32,1.285,-2.293,0.083,-11.899,-0.000,1.487,13.473
99.34,1.285,-2.293,0.083,-11.899,-0.000,1.487,13.473
99.37,1.329,-2.135,0.085,-11.899,-0.000,1.487,13.491
99.39,1.329,-2.135,0.085,-11.899,-0.000,1.487,13.491
99.41,1.340,-2.012,0.086,-11.899,-0.000,1.487,13.483
99.43,1.340,-2.012,0.086,-11.899,-0.000,1.487,13.483
99.45,1.330,-1.892,0.087,-11.899,-0.000,1.487,13.455
99.47,1.330,-1.892,0.087,-11.899,-0.000,1.487,13.455
99.49,1.306,-1.782,0.088,-11.899,-0.000,1.487,13.417
99.51,1.306,-1.782,0.088,-11.899,-0.000,1.487,13.417
99.53,1.280,-1.669,0.090,-11.899,-0.000,1.487,13.377
99.55,1.280,-1.669,0.090,-11.899,-0.000,1.487,13.377
99.57,1.262,-1.549,0.091,-11.899,-0.000,1.487,13.345
99.59,1.262,-1.549,0.091,-11.899,-0.000,1.487,13.345
99.61,1.243,-1.445,0.092,-11.899,-0.000,1.487,13.315
99.64,1.243,-1.445,0.092,-11.899,-0.000,1.487,13.315
99.66,1.224,-1.336,0.092,-11.899,-0.000,1.487,13.285
99.68,1.224,-1.336,0.092,-11.899,-0.000,1.487,13.285
99.70,1.197,-1.261,0.093,-11.899,-0.000,1.487,13.251
99.72,1.197,-1.261,0.093,-11.899,-0.000,1.487,13.251
99.74,1.186,-1.200,0.093,-11.899,-0.000,1.487,13.234
99.76,1.186,-1.200,0.093,-11.899,-0.000,1.487,13.234
99.78,1.186,-1.200,0.093,-11.899,-0.000,1.487,13.234
99.80,1.180,-1.105,0.093,-11.899,-0.000,1.487,13.220
99.82,1.180,-1.105,0.093,-11.899,-0.000,1.487,13.220
99.84,1.179,-1.035,0.093,-11.899,-0.000,1.487,13.213
99.87,1.179,-1.035,0.093,-11.899,-0.000,1.487,13.213
99.89,1.190,-0.963,0.093,-11.899,-0.000,1.487,13.219
99.91,1.190,-0.963,0.093,-11.899,-0.000,1.487,13.219
99.93,1.216,-0.938,0.093,-11.899,-0.000,1.487,13.242
99.95,1.216,-0.938,0.093,-11.899,-0.000,1.487,13.242
99.97,1.244,-0.923,0.093,-11.899,-0.000,1.487,13.269
99.99,1.244,-0.923,0.093,-11.899,-0.000,1.487,13.269
100.01,1.274,-0.922,0.093,-11.899,-0.000,1.487,13.300
100.03,1.274,-0.922,0.093,-11.899,-0.000,1.487,13.300
100.05,1.307,-0.915,0.093,-11.899,-0.000,1.487,13.331
100.07,1.307,-0.915,0.093,-11.899,-0.000,1.487,13.331
100.09,1.343,-0.924,0.093,-11.899,-0.000,1.487,13.367
100.11,1.343,-0.924,0.093,-11.899,-0.000,1.487,13.367
100.14,1.386,-0.932,0.094,-11.899,-0.000,1.487,13.411
100.16,1.386,-0.932,0.094,-11.899,-0.000,1.487,13.411
100.18,1.437,-0.950,0.094,-11.899,-0.000,1.487,13.462
100.20,1.437,-0.950,0.094,-11.899,-0.000,1.487,13.462
100.22,1.475,-0.973,0.095,-11.899,-0.000,1.487,13.502
100.24,1.475,-0.973,0.095,-11.899,-0.000,1.487,13.502
100.26,1.498,-0.997,0.095,-11.899,-0.000,1.487,13.527
100.28,1.498,-0.997,0.095,-11.899,-0.000,1.487,13.527
100.30,1.498,-0.997,0.095,-11.899,-0.000,1.487,13.527
100.32,1.502,-1.022,0.095,-11.899,-0.000,1.487,13.532
100.34,1.502,-1.022,0.095,-11.899,-0.000,1.487,13.532
100.36,1.478,-1.027,0.095,-11.899,-0.000,1.487,13.509
100.38,1.478,-1.027,0.095,-11.899,-0.000,1.487,13.509
100.41,1.443,-1.012,0.094,-11.899,-0.000,1.487,13.473
100.43,1.443,-1.012,0.094,-11.899,-0.000,1.487,13.473
100.45,1.394,-0.987,0.094,-11.899,-0.000,1.487,13.423
100.47,1.394,-0.987,0.094,-11.899,-0.000,1.487,13.423
100.49,1.335,-0.948,0.093,-11.899,-0.000,1.487,13.361
100.51,1.335,-0.948,0.093,-11.899,-0.000,1.487,13.361
100.53,1.267,-0.891,0.093,-11.899,-0.000,1.487,13.290
100.55,1.267,-0.891,0.093,-11.899,-0.000,1.487,13.290
100.57,1.178,-0.828,0.092,-11.899,-0.000,1.487,13.198
100.59,1.178,-0.828,0.092,-11.899,-0.000,1.487,13.198
100.61,1.075,-0.779,0.092,-11.899,-0.000,1.487,13.093
100.63,1.075,-0.779,0.092,-11.899,-0.000,1.487,13.093
100.66,0.973,-0.750,0.092,-11.899,-0.000,1.487,12.990
100.68,0.973,-0.750,0.092,-11.899,-0.000,1.487,12.990
100.70,0.858,-0.711,0.092,-11.899,-0.000,1.487,12.874
100.72,0.858,-0.711,0.092,-11.899,-0.000,1.487,12.874
100.74,0.776,-0.677,0.093,-11.899,-0.000,1.487,12.790
100.76,0.776,-0.677,0.093,-11.899,-0.000,1.487,12.790
100.78,0.776,-0.677,0.093,-11.899,-0.000,1.487,12.790
100.80,0.677,-0.624,0.094,-11.899,-0.000,1.487,12.690
100.82,0.677,-0.624,0.094,-11.899,-0.000,1.487,12.690
100.84,0.604,-0.586,0.095,-11.899,-0.000,1.487,12.616
100.87,0.604,-0.586,0.095,-11.899,-0.000,1.487,12.616
100.89,0.566,-0.558,0.096,-11.899,-0.000,1.487,12.577
100.91,0.566,-0.558,0.096,-11.899,-0.000,1.487,12.577
100.93,0.542,-0.540,0.097,-11.899,-0.000,1.487,12.553
100.95,0.542,-0.540,0.097,-11.899,-0.000,1.487,12.553
100.97,0.524,-0.529,0.099,-11.899,-0.000,1.487,12.535
100.99,0.524,-0.529,0.099,-11.899,-0.000,1.487,12.535
101.01,0.508,-0.523,0.100,-11.899,-0.000,1.487,12.519
101.03,0.508,-0.523,0.100,-11.899,-0.000,1.487,12.519
101.05,0.494,-0.509,0.102,-11.899,-0.000,1.487,12.505
101.07,0.494,-0.509,0.102,-11.899,-0.000,1.487,12.505
101.10,0.484,-0.494,0.103,-11.899,-0.000,1.487,12.494
101.12,0.484,-0.494,0.103,-11.899,-0.000,1.487,12.494
101.14,0.451,-0.461,0.105,-11.899,-0.000,1.487,12.461
101.16,0.451,-0.461,0.105,-11.899,-0.000,1.487,12.461
101.18,0.411,-0.427,0.107,-11.899,-0.000,1.487,12.420
101.20,0.411,-0.427,0.107,-11.899,-0.000,1.487,12.420
101.22,0.374,-0.397,0.109,-11.899,-0.000,1.487,12.383
101.24,0.374,-0.397,0.109,-11.899,-0.000,1.487,12.383
101.26,0.344,-0.366,0.111,-11.899,-0.000,1.487,12.352
101.28,0.344,-0.366,0.111,-11.899,-0.000,1.487,12.352
101.30,0.344,-0.366,0.111,-11.899,-0.000,1.487,12.352
101.32,0.299,-0.324,0.114,-11.899,-0.000,1.487,12.307
101.35,0.299,-0.324,0.114,-11.899,-0.000,1.487,12.307
101.37,0.270,-0.305,0.116,-11.899,-0.000,1.487,12.278
101.39,0.270,-0.305,0.116,-11.899,-0.000,1.487,12.278
101.41,0.255,-0.268,0.118,-11.899,-0.000,1.487,12.262
101.43,0.255,-0.268,0.118,-11.899,-0.000,1.487,12.262
101.45,0.248,-0.236,0.120,-11.899,-0.000,1.487,12.255
101.47,0.248,-0.236,0.120,-11.899,-0.000,1.487,12.255
101.49,0.267,-0.203,0.122,-11.899,-0.000,1.487,12.274
101.51,0.267,-0.203,0.122,-11.899,-0.000,1.487,12.274
101.53,0.294,-0.158,0.124,-11.899,-0.000,1.487,12.300
101.55,0.294,-0.158,0.124,-11.899,-0.000,1.487,12.300
101.57,0.324,-0.116,0.126,-11.899,-0.000,1.487,12.329
101.60,0.324,-0.116,0.126,-11.899,-0.000,1.487,12.329
101.62,0.346,-0.073,0.128,-11.899,-0.000,1.487,12.351
101.64,0.346,-0.073,0.128,-11.899,-0.000,1.487,12.351
101.66,0.354,-0.053,0.130,-11.899,-0.000,1.487,12.359
101.68,0.354,-0.053,0.130,-11.899,-0.000,1.487,12.359
101.70,0.364,-0.036,0.131,-11.899,-0.000,1.487,12.369
101.72,0.364,-0.036,0.131,-11.899,-0.000,1.487,12.369
101.74,0.374,-0.004,0.133,-11.899,-0.000,1.487,12.379
101.76,0.374,-0.004,0.133,-11.899,-0.000,1.487,12.379
101.78,0.396,0.043,0.135,-11.899,-0.000,1.487,12.401
101.80,0.396,0.043,0.135,-11.899,-0.000,1.487,12.401
101.82,0.396,0.043,0.135,-11.899,-0.000,1.487,12.401
101.85,0.447,0.092,0.138,-11.899,-0.000,1.487,12.453
101.87,0.447,0.092,0.138,-11.899,-0.000,1.487,12.453
101.89,0.456,0.110,0.139,-11.899,-0.000,1.487,12.462
101.91,0.456,0.110,0.139,-11.899,-0.000,1.487,12.462
101.93,0.455,0.118,0.140,-11.899,-0.000,1.487,12.461
101.95,0.455,0.118,0.140,-11.899,-0.000,1.487,12.461
101.97,0.444,0.130,0.140,-11.899,-0.000,1.487,12.450
101.99,0.444,0.130,0.140,-11.899,-0.000,1.487,12.450
102.01,0.442,0.133,0.141,-11.899,-0.000,1.487,12.449
102.03,0.442,0.133,0.141,-11.899,-0.000,1.487,12.449
102.05,0.429,0.143,0.142,-11.899,-0.000,1.487,12.436
102.07,0.429,0.143,0.142,-11.899,-0.000,1.487,12.436
102.10,0.414,0.163,0.144,-11.899,-0.000,1.487,12.421
102.12,0.414,0.163,0.144,-11.899,-0.000,1.487,12.421
102.14,0.410,0.186,0.145,-11.899,-0.000,1.487,12.418
102.16,0.410,0.186,0.145,-11.899,-0.000,1.487,12.418
102.18,0.408,0.195,0.146,-11.899,-0.000,1.487,12.417
102.20,0.408,0.195,0.146,-11.899,-0.000,1.487,12.417
102.22,0.414,0.190,0.147,-11.899,-0.000,1.487,12.423
102.24,0.414,0.190,0.147,-11.899,-0.000,1.487,12.423
102.26,0.427,0.179,0.149,-11.899,-0.000,1.487,12.435
102.28,0.427,0.179,0.149,-11.899,-0.000,1.487,12.435
102.30,0.427,0.179,0.149,-11.899,-0.000,1.487,12.435
102.33,0.486,0.167,0.151,-11.899,-0.000,1.487,12.494
102.35,0.486,0.167,0.151,-11.899,-0.000,1.487,12.494
102.37,0.526,0.180,0.152,-11.899,-0.000,1.487,12.534
102.39,0.526,0.180,0.152,-11.899,-0.000,1.487,12.534
102.41,0.567,0.198,0.154,-11.899,-0.000,1.487,12.575
102.43,0.567,0.198,0.154,-11.899,-0.000,1.487,12.575
102.45,0.614,0.212,0.155,-11.899,-0.000,1.487,12.622
102.47,0.614,0.212,0.155,-11.899,-0.000,1.487,12.622
102.49,0.660,0.226,0.157,-11.899,-0.000,1.487,12.668
102.51,0.660,0.226,0.157,-11.899,-0.000,1.487,12.668
102.53,0.706,0.240,0.158,-11.899,-0.000,1.487,12.714
102.55,0.706,0.240,0.158,-11.899,-0.000,1.487,12.714
102.58,0.748,0.254,0.160,-11.899,-0.000,1.487,12.757
102.60,0.748,0.254,0.160,-11.899,-0.000,1.487,12.757
102.62,0.781,0.279,0.162,-11.899,-0.000,1.487,12.790
102.64,0.781,0.279,0.162,-11.899,-0.000,1.487,12.790
102.66,0.799,0.311,0.164,-11.899,-0.000,1.487,12.808
102.68,0.799,0.311,0.164,-11.899,-0.000,1.487,12.808
102.70,0.821,0.338,0.166,-11.899,-0.000,1.487,12.831
102.72,0.821,0.338,0.166,-11.899,-0.000,1.487,12.831
102.74,0.847,0.379,0.167,-11.899,-0.000,1.487,12.858
102.76,0.847,0.379,0.167,-11.899,-0.000,1.487,12.858
102.78,0.868,0.426,0.169,-11.899,-0.000,1.487,12.881
102.80,0.868,0.426,0.169,-11.899,-0.000,1.487,12.881
102.82,0.868,0.426,0.169,-11.899,-0.000,1.487,12.881
102.85,0.897,0.532,0.171,-11.899,-0.000,1.487,12.914
102.87,0.897,0.532,0.171,-11.899,-0.000,1.487,12.914
102.89,0.918,0.595,0.172,-11.899,-0.000,1.487,12.937
102.91,0.918,0.595,0.172,-11.899,-0.000,1.487,12.937
102.93,0.953,0.667,0.173,-11.899,-0.000,1.487,12.976
102.95,0.953,0.667,0.173,-11.899,-0.000,1.487,12.976
102.97,1.006,0.735,0.173,-11.899,-0.000,1.487,13.032
102.99,1.006,0.735,0.173,-11.899,-0.000,1.487,13.032
103.01,1.055,0.807,0.174,-11.899,-0.000,1.487,13.084
103.03,1.055,0.807,0.174,-11.899,-0.000,1.487,13.084
103.05,1.104,0.893,0.175,-11.899,-0.000,1.487,13.139
103.07,1.104,0.893,0.175,-11.899,-0.000,1.487,13.139
103.10,1.166,0.986,0.175,-11.899,-0.000,1.487,13.207
103.12,1.166,0.986,0.175,-11.899,-0.000,1.487,13.207
103.14,1.242,1.109,0.176,-11.899,-0.000,1.487,13.292
103.16,1.242,1.109,0.176,-11.899,-0.000,1.487,13.292
103.18,1.281,1.216,0.176,-11.899,-0.000,1.487,13.340
103.20,1.281,1.216,0.176,-11.899,-0.000,1.487,13.340
103.22,1.298,1.317,0.176,-11.899,-0.000,1.487,13.366
103.24,1.298,1.317,0.176,-11.899,-0.000,1.487,13.366
103.26,1.301,1.413,0.176,-11.899,-0.000,1.487,13.379
103.28,1.301,1.413,0.176,-11.899,-0.000,1.487,13.379
103.30,1.301,1.413,0.176,-11.899,-0.000,1.487,13.379
103.32,1.292,1.582,0.175,-11.899,-0.000,1.487,13.389
103.35,1.292,1.582,0.175,-11.899,-0.000,1.487,13.389
103.37,1.287,1.658,0.175,-11.899,-0.000,1.487,13.393
103.39,1.287,1.658,0.175,-11.899,-0.000,1.487,13.393
103.41,1.267,1.716,0.175,-11.899,-0.000,1.487,13.380
103.43,1.267,1.716,0.175,-11.899,-0.000,1.487,13.380
103.45,1.240,1.758,0.175,-11.899,-0.000,1.487,13.359
103.47,1.240,1.758,0.175,-11.899,-0.000,1.487,13.359
103.49,1.219,1.798,0.174,-11.899,-0.000,1.487,13.344
103.51,1.219,1.798,0.174,-11.899,-0.000,1.487,13.344
103.53,1.193,1.832,0.174,-11.899,-0.000,1.487,13.323
103.55,1.193,1.832,0.174,-11.899,-0.000,1.487,13.323
103.57,1.155,1.862,0.173,-11.899,-0.000,1.487,13.290
103.59,1.155,1.862,0.173,-11.899,-0.000,1.487,13.290
103.62,1.099,1.890,0.172,-11.899,-0.000,1.487,13.239
103.64,1.099,1.890,0.172,-11.899,-0.000,1.487,13.239
103.66,1.014,1.930,0.171,-11.899,-0.000,1.487,13.161
103.68,1.014,1.930,0.171,-11.899,-0.000,1.487,13.161
103.70,0.920,1.961,0.170,-11.899,-0.000,1.487,13.073
103.72,0.920,1.961,0.170,-11.899,-0.000,1.487,13.073
103.74,0.818,1.978,0.169,-11.899,-0.000,1.487,12.976
103.76,0.818,1.978,0.169,-11.899,-0.000,1.487,12.976
103.78,0.715,1.991,0.168,-11.899,-0.000,1.487,12.877
103.80,0.715,1.991,0.168,-11.899,-0.000,1.487,12.877
103.82,0.715,1.991,0.168,-11.899,-0.000,1.487,12.877
103.84,0.589,2.014,0.167,-11.899,-0.000,1.487,12.757
103.86,0.589,2.014,0.167,-11.899,-0.000,1.487,12.757
103.89,0.494,2.036,0.166,-11.899,-0.000,1.487,12.667
103.91,0.494,2.036,0.166,-11.899,-0.000,1.487,12.667
103.93,0.441,2.077,0.165,-11.899,-0.000,1.487,12.622
103.95,0.441,2.077,0.165,-11.899,-0.000,1.487,12.622
103.97,0.390,2.140,0.164,-11.899,-0.000,1.487,12.583
103.99,0.390,2.140,0.164,-11.899,-0.000,1.487,12.583
104.01,0.354,2.202,0.163,-11.899,-0.000,1.487,12.558
104.03,0.354,2.202,0.163,-11.899,-0.000,1.487,12.558
104.05,0.320,2.242,0.162,-11.899,-0.000,1.487,12.532
104.07,0.320,2.242,0.162,-11.899,-0.000,1.487,12.532
104.09,0.294,2.280,0.161,-11.899,-0.000,1.487,12.514
104.11,0.294,2.280,0.161,-11.899,-0.000,1.487,12.514
104.14,0.287,2.306,0.160,-11.899,-0.000,1.487,12.512
104.16,0.287,2.306,0.160,-11.899,-0.000,1.487,12.512
104.18,0.269,2.326,0.159,-11.899,-0.000,1.487,12.497
104.20,0.269,2.326,0.159,-11.899,-0.000,1.487,12.497
104.22,0.246,2.334,0.157,-11.899,-0.000,1.487,12.475
104.24,0.246,2.334,0.157,-11.899,-0.000,1.487,12.475
104.26,0.212,2.328,0.156,-11.899,-0.000,1.487,12.441
104.28,0.212,2.328,0.156,-11.899,-0.000,1.487,12.441
104.30,0.171,2.302,0.154,-11.899,-0.000,1.487,12.396
104.32,0.171,2.302,0.154,-11.899,-0.000,1.487,12.396
104.34,0.171,2.302,0.154,-11.899,-0.000,1.487,12.396
104.36,0.108,2.229,0.152,-11.899,-0.000,1.487,12.321
104.38,0.108,2.229,0.152,-11.899,-0.000,1.487,12.321
104.41,0.039,2.117,0.150,-11.899,-0.000,1.487,12.234
104.43,0.039,2.117,0.150,-11.899,-0.000,1.487,12.234
104.45,-0.010,2.028,0.149,-11.899,-0.000,1.487,12.171
104.47,-0.010,2.028,0.149,-11.899,-0.000,1.487,12.171
104.49,-0.049,1.935,0.147,-11.899,-0.000,1.487,12.118
104.51,-0.049,1.935,0.147,-11.899,-0.000,1.487,12.118
104.53,-0.067,1.833,0.146,-11.899,-0.000,1.487,12.084
104.55,-0.067,1.833,0.146,-11.899,-0.000,1.487,12.084
104.57,-0.074,1.723,0.145,-11.899,-0.000,1.487,12.060
104.59,-0.074,1.723,0.145,-11.899,-0.000,1.487,12.060
104.61,-0.074,1.604,0.145,-11.899,-0.000,1.487,12.045
104.63,-0.074,1.604,0.145,-11.899,-0.000,1.487,12.045
104.65,-0.082,1.480,0.144,-11.899,-0.000,1.487,12.021
104.68,-0.082,1.480,0.144,-11.899,-0.000,1.487,12.021
104.70,-0.102,1.345,0.144,-11.899,-0.000,1.487,11.984
104.72,-0.102,1.345,0.144,-11.899,-0.000,1.487,11.984
104.74,-0.132,1.246,0.144,-11.899,-0.000,1.487,11.945
104.76,-0.132,1.246,0.144,-11.899,-0.000,1.487,11.945
104.78,-0.168,1.167,0.145,-11.899,-0.000,1.487,11.901
104.80,-0.168,1.167,0.145,-11.899,-0.000,1.487,11.901
104.82,-0.168,1.167,0.145,-11.899,-0.000,1.487,11.901
104.84,-0.231,1.066,0.145,-11.899,-0.000,1.487,11.830
104.86,-0.231,1.066,0.145,-11.899,-0.000,1.487,11.830
104.88,-0.307,0.952,0.146,-11.899,-0.000,1.487,11.745
104.91,-0.307,0.952,0.146,-11.899,-0.000,1.487,11.745
104.93,-0.366,0.875,0.147,-11.899,-0.000,1.487,11.681
104.95,-0.366,0.875,0.147,-11.899,-0.000,1.487,11.681
104.97,-0.425,0.792,0.148,-11.899,-0.000,1.487,11.617
104.99,-0.425,0.792,0.148,-11.899,-0.000,1.487,11.617
105.01,-0.477,0.720,0.149,-11.899,-0.000,1.487,11.561
105.03,-0.477,0.720,0.149,-11.899,-0.000,1.487,11.561
105.05,-0.518,0.654,0.150,-11.899,-0.000,1.487,11.516
105.07,-0.518,0.654,0.150,-11.899,-0.000,1.487,11.516
105.09,-0.547,0.579,0.150,-11.899,-0.000,1.487,11.484
105.11,-0.547,0.579,0.150,-11.899,-0.000,1.487,11.484
105.13,-0.564,0.499,0.151,-11.899,-0.000,1.487,11.464
105.16,-0.564,0.499,0.151,-11.899,-0.000,1.487,11.464
105.18,-0.570,0.393,0.152,-11.899,-0.000,1.487,11.454
105.20,-0.570,0.393,0.152,-11.899,-0.000,1.487,11.454
105.22,-0.580,0.307,0.153,-11.899,-0.000,1.487,11.441
105.24,-0.580,0.307,0.153,-11.899,-0.000,1.487,11.441
105.26,-0.589,0.224,0.154,-11.899,-0.000,1.487,11.430
105.28,-0.589,0.224,0.154,-11.899,-0.000,1.487,11.430
105.30,-0.600,0.157,0.155,-11.899,-0.000,1.487,11.419
105.32,-0.600,0.157,0.155,-11.899,-0.000,1.487,11.419
105.34,-0.600,0.157,0.155,-11.899,-0.000,1.487,11.419
105.36,-0.615,0.088,0.156,-11.899,-0.000,1.487,11.403
105.38,-0.615,0.088,0.156,-11.899,-0.000,1.487,11.403
105.41,-0.640,0.033,0.158,-11.899,-0.000,1.487,11.378
105.43,-0.640,0.033,0.158,-11.899,-0.000,1.487,11.378
105.45,-0.664,0.007,0.159,-11.899,-0.000,1.487,11.355
105.47,-0.664,0.007,0.159,-11.899,-0.000,1.487,11.355
105.49,-0.686,-0.003,0.161,-11.899,-0.000,1.487,11.334
105.51,-0.686,-0.003,0.161,-11.899,-0.000,1.487,11.334
105.53,-0.686,-0.003,0.161,-11.899,-0.000,1.487,11.334
105.55,-0.705,0.008,0.162,-11.899,-0.000,1.487,11.314
105.57,-0.705,0.008,0.162,-11.899,-0.000,1.487,11.314
105.59,-0.696,0.030,0.163,-11.899,-0.000,1.487,11.323
105.61,-0.696,0.030,0.163,-11.899,-0.000,1.487,11.323
105.63,-0.675,0.047,0.164,-11.899,-0.000,1.487,11.345
105.66,-0.675,0.047,0.164,-11.899,-0.000,1.487,11.345
105.68,-0.646,0.049,0.165,-11.899,-0.000,1.487,11.373
105.70,-0.646,0.049,0.165,-11.899,-0.000,1.487,11.373
105.72,-0.606,0.031,0.166,-11.899,-0.000,1.487,11.413
105.74,-0.606,0.031,0.166,-11.899,-0.000,1.487,11.413
105.76,-0.562,0.001,0.167,-11.899,-0.000,1.487,11.457
105.78,-0.562,0.001,0.167,-11.899,-0.000,1.487,11.457
105.80,-0.519,-0.044,0.168,-11.899,-0.000,1.487,11.499
105.82,-0.519,-0.044,0.168,-11.899,-0.000,1.487,11.499
105.84,-0.465,-0.088,0.169,-11.899,-0.000,1.487,11.554
105.86,-0.465,-0.088,0.169,-11.899,-0.000,1.487,11.554
105.88,-0.394,-0.163,0.171,-11.899,-0.000,1.487,11.625
105.91,-0.394,-0.163,0.171,-11.899,-0.000,1.487,11.625
105.93,-0.334,-0.215,0.172,-11.899,-0.000,1.487,11.685
105.95,-0.334,-0.215,0.172,-11.899,-0.000,1.487,11.685
105.97,-0.266,-0.268,0.173,-11.899,-0.000,1.487,11.754
105.99,-0.266,-0.268,0.173,-11.899,-0.000,1.487,11.754
106.01,-0.266,-0.268,0.173,-11.899,-0.000,1.487,11.754
106.03,-0.155,-0.339,0.175,-11.899,-0.000,1.487,11.866
106.05,-0.155,-0.339,0.175,-11.899,-0.000,1.487,11.866
106.07,-0.081,-0.381,0.176,-11.899,-0.000,1.487,11.941
106.09,-0.081,-0.381,0.176,-11.899,-0.000,1.487,11.941
106.11,-0.014,-0.409,0.177,-11.899,-0.000,1.487,12.007
106.13,-0.014,-0.409,0.177,-11.899,-0.000,1.487,12.007
106.15,0.048,-0.450,0.178,-11.899,-0.000,1.487,12.071
106.18,0.048,-0.450,0.178,-11.899,-0.000,1.487,12.071
106.20,0.100,-0.514,0.180,-11.899,-0.000,1.487,12.125
106.22,0.100,-0.514,0.180,-11.899,-0.000,1.487,12.125
106.24,0.113,-0.567,0.181,-11.899,-0.000,1.487,12.140
106.26,0.113,-0.567,0.181,-11.899,-0.000,1.487,12.140
106.28,0.104,-0.623,0.182,-11.899,-0.000,1.487,12.134
106.30,0.104,-0.623,0.182,-11.899,-0.000,1.487,12.134
106.32,0.075,-0.673,0.183,-11.899,-0.000,1.487,12.109
106.34,0.075,-0.673,0.183,-11.899,-0.000,1.487,12.109
106.36,0.022,-0.722,0.184,-11.899,-0.000,1.487,12.059
106.38,0.022,-0.722,0.184,-11.899,-0.000,1.487,12.059
106.40,-0.048,-0.783,0.184,-11.899,-0.000,1.487,11.993
106.42,-0.048,-0.783,0.184,-11.899,-0.000,1.487,11.993
106.45,-0.091,-0.833,0.185,-11.899,-0.000,1.487,11.955
106.47,-0.091,-0.833,0.185,-11.899,-0.000,1.487,11.955
106.49,-0.127,-0.889,0.185,-11.899,-0.000,1.487,11.923
106.51,-0.127,-0.889,0.185,-11.899,-0.000,1.487,11.923
106.53,-0.127,-0.889,0.185,-11.899,-0.000,1.487,11.923
106.55,-0.178,-0.967,0.186,-11.899,-0.000,1.487,11.879
106.57,-0.178,-0.967,0.186,-11.899,-0.000,1.487,11.879
106.59,-0.234,-1.023,0.187,-11.899,-0.000,1.487,11.829
106.61,-0.234,-1.023,0.187,-11.899,-0.000,1.487,11.829
106.63,-0.306,-1.082,0.187,-11.899,-0.000,1.487,11.763
106.65,-0.306,-1.082,0.187,-11.899,-0.000,1.487,11.763
106.67,-0.395,-1.138,0.187,-11.899,-0.000,1.487,11.680
106.70,-0.395,-1.138,0.187,-11.899,-0.000,1.487,11.680
106.72,-0.516,-1.191,0.188,-11.899,-0.000,1.487,11.567
106.74,-0.516,-1.191,0.188,-11.899,-0.000,1.487,11.567
106.76,-0.638,-1.216,0.188,-11.899,-0.000,1.487,11.449
106.78,-0.638,-1.216,0.188,-11.899,-0.000,1.487,11.449
106.80,-0.722,-1.220,0.188,-11.899,-0.000,1.487,11.367
106.82,-0.722,-1.220,0.188,-11.899,-0.000,1.487,11.367
106.84,-0.826,-1.215,0.188,-11.899,-0.000,1.487,11.264
106.86,-0.826,-1.215,0.188,-11.899,-0.000,1.487,11.264
106.88,-0.929,-1.192,0.188,-11.899,-0.000,1.487,11.160
106.90,-0.929,-1.192,0.188,-11.899,-0.000,1.487,11.160
106.92,-1.072,-1.133,0.188,-11.899,-0.000,1.487,11.014
106.95,-1.072,-1.133,0.188,-11.899,-0.000,1.487,11.014
106.97,-1.167,-1.101,0.188,-11.899,-0.000,1.487,10.918
106.99,-1.167,-1.101,0.188,-11.899,-0.000,1.487,10.918
107.01,-1.246,-1.059,0.188,-11.899,-0.000,1.487,10.836
107.03,-1.246,-1.059,0.188,-11.899,-0.000,1.487,10.836
107.05,-1.246,-1.059,0.188,-11.899,-0.000,1.487,10.836
107.07,-1.335,-0.999,0.188,-11.899,-0.000,1.487,10.743
107.09,-1.335,-0.999,0.188,-11.899,-0.000,1.487,10.743
107.11,-1.376,-0.945,0.189,-11.899,-0.000,1.487,10.697
107.13,-1.376,-0.945,0.189,-11.899,-0.000,1.487,10.697
107.15,-1.422,-0.885,0.189,-11.899,-0.000,1.487,10.647
107.17,-1.422,-0.885,0.189,-11.899,-0.000,1.487,10.647
107.19,-1.457,-0.824,0.190,-11.899,-0.000,1.487,10.607
107.22,-1.457,-0.824,0.190,-11.899,-0.000,1.487,10.607
107.24,-1.489,-0.749,0.190,-11.899,-0.000,1.487,10.571
107.26,-1.489,-0.749,0.190,-11.899,-0.000,1.487,10.571
107.28,-1.499,-0.685,0.190,-11.899,-0.000,1.487,10.556
107.30,-1.499,-0.685,0.190,-11.899,-0.000,1.487,10.556
107.32,-1.508,-0.621,0.191,-11.899,-0.000,1.487,10.543
107.34,-1.508,-0.621,0.191,-11.899,-0.000,1.487,10.543
107.36,-1.523,-0.543,0.192,-11.899,-0.000,1.487,10.525
107.38,-1.523,-0.543,0.192,-11.899,-0.000,1.487,10.525
107.40,-1.550,-0.470,0.192,-11.899,-0.000,1.487,10.495
107.42,-1.550,-0.470,0.192,-11.899,-0.000,1.487,10.495
107.44,-1.607,-0.367,0.194,-11.899,-0.000,1.487,10.435
107.46,-1.607,-0.367,0.194,-11.899,-0.000,1.487,10.435
107.49,-1.653,-0.291,0.195,-11.899,-0.000,1.487,10.387
107.51,-1.653,-0.291,0.195,-11.899,-0.000,1.487,10.387
107.53,-1.653,-0.291,0.195,-11.899,-0.000,1.487,10.387
107.55,-1.729,-0.196,0.197,-11.899,-0.000,1.487,10.310
107.57,-1.729,-0.196,0.197,-11.899,-0.000,1.487,10.310
107.59,-1.789,-0.151,0.198,-11.899,-0.000,1.487,10.251
107.61,-1.789,-0.151,0.198,-11.899,-0.000,1.487,10.251
107.63,-1.846,-0.135,0.199,-11.899,-0.000,1.487,10.195
107.65,-1.846,-0.135,0.199,-11.899,-0.000,1.487,10.195
107.67,-1.883,-0.130,0.200,-11.899,-0.000,1.487,10.158
107.69,-1.883,-0.130,0.200,-11.899,-0.000,1.487,10.158
107.71,-1.911,-0.142,0.201,-11.899,-0.000,1.487,10.131
107.74,-1.911,-0.142,0.201,-11.899,-0.000,1.487,10.131
107.76,-1.938,-0.147,0.202,-11.899,-0.000,1.487,10.104
107.78,-1.938,-0.147,0.202,-11.899,-0.000,1.487,10.104
107.80,-1.950,-0.149,0.203,-11.899,-0.000,1.487,10.092
107.82,-1.950,-0.149,0.203,-11.899,-0.000,1.487,10.092
107.84,-1.967,-0.146,0.205,-11.899,-0.000,1.487,10.076
107.86,-1.967,-0.146,0.205,-11.899,-0.000,1.487,10.076
107.88,-1.983,-0.155,0.206,-11.899,-0.000,1.487,10.061
107.90,-1.983,-0.155,0.206,-11.899,-0.000,1.487,10.061
107.92,-1.990,-0.164,0.207,-11.899,-0.000,1.487,10.054
107.94,-1.990,-0.164,0.207,-11.899,-0.000,1.487,10.054
107.96,-1.986,-0.180,0.208,-11.899,-0.000,1.487,10.059
107.98,-1.986,-0.180,0.208,-11.899,-0.000,1.487,10.059
108.01,-1.978,-0.235,0.211,-11.899,-0.000,1.487,10.068
108.03,-1.978,-0.235,0.211,-11.899,-0.000,1.487,10.068
108.05,-1.978,-0.235,0.211,-11.899,-0.000,1.487,10.068
108.07,-1.956,-0.296,0.213,-11.899,-0.000,1.487,10.091
108.09,-1.956,-0.296,0.213,-11.899,-0.000,1.487,10.091
108.11,-1.935,-0.344,0.214,-11.899,-0.000,1.487,10.114
108.13,-1.935,-0.344,0.214,-11.899,-0.000,1.487,10.114
108.15,-1.913,-0.393,0.215,-11.899,-0.000,1.487,10.138
108.17,-1.913,-0.393,0.215,-11.899,-0.000,1.487,10.138
108.19,-1.894,-0.447,0.216,-11.899,-0.000,1.487,10.159
108.21,-1.894,-0.447,0.216,-11.899,-0.000,1.487,10.159
108.23,-1.871,-0.506,0.218,-11.899,-0.000,1.487,10.184
108.25,-1.871,-0.506,0.218,-11.899,-0.000,1.487,10.184
108.28,-1.846,-0.566,0.219,-11.899,-0.000,1.487,10.212
108.30,-1.846,-0.566,0.219,-11.899,-0.000,1.487,10.212
108.32,-1.825,-0.625,0.220,-11.899,-0.000,1.487,10.236
108.34,-1.825,-0.625,0.220,-11.899,-0.000,1.487,10.236
108.36,-1.801,-0.667,0.221,-11.899,-0.000,1.487,10.263
108.38,-1.801,-0.667,0.221,-11.899,-0.000,1.487,10.263
108.40,-1.780,-0.701,0.222,-11.899,-0.000,1.487,10.286
108.42,-1.780,-0.701,0.222,-11.899,-0.000,1.487,10.286
108.44,-1.765,-0.730,0.223,-11.899,-0.000,1.487,10.303
108.46,-1.765,-0.730,0.223,-11.899,-0.000,1.487,10.303
108.48,-1.761,-0.739,0.224,-11.899,-0.000,1.487,10.308
108.50,-1.761,-0.739,0.224,-11.899,-0.000,1.487,10.308
108.53,-1.761,-0.739,0.224,-11.899,-0.000,1.487,10.308
108.55,-1.781,-0.703,0.226,-11.899,-0.000,1.487,10.286
108.57,-1.781,-0.703,0.226,-11.899,-0.000,1.487,10.286
108.59,-1.787,-0.661,0.227,-11.899,-0.000,1.487,10.277
108.61,-1.787,-0.661,0.227,-11.899,-0.000,1.487,10.277
108.63,-1.776,-0.617,0.228,-11.899,-0.000,1.487,10.286
108.65,-1.776,-0.617,0.228,-11.899,-0.000,1.487,10.286
108.67,-1.751,-0.572,0.229,-11.899,-0.000,1.487,10.308
108.69,-1.751,-0.572,0.229,-11.899,-0.000,1.487,10.308
108.71,-1.721,-0.512,0.229,-11.899,-0.000,1.487,10.334
108.73,-1.721,-0.512,0.229,-11.899,-0.000,1.487,10.334
108.76,-1.698,-0.446,0.230,-11.899,-0.000,1.487,10.354
108.78,-1.698,-0.446,0.230,-11.899,-0.000,1.487,10.354
108.80,-1.673,-0.361,0.230,-11.899,-0.000,1.487,10.375
108.82,-1.673,-0.361,0.230,-11.899,-0.000,1.487,10.375
108.84,-1.650,-0.280,0.231,-11.899,-0.000,1.487,10.395
108.86,-1.650,-0.280,0.231,-11.899,-0.000,1.487,10.395
108.88,-1.622,-0.187,0.231,-11.899,-0.000,1.487,10.421
108.90,-1.622,-0.187,0.231,-11.899,-0.000,1.487,10.421
108.92,-1.594,-0.084,0.231,-11.899,-0.000,1.487,10.447
108.94,-1.594,-0.084,0.231,-11.899,-0.000,1.487,10.447
108.96,-1.574,0.015,0.231,-11.899,-0.000,1.487,10.467
108.98,-1.574,0.015,0.231,-11.899,-0.000,1.487,10.467
109.00,-1.566,0.129,0.231,-11.899,-0.000,1.487,10.475
109.03,-1.566,0.129,0.231,-11.899,-0.000,1.487,10.475
109.05,-1.566,0.129,0.231,-11.899,-0.000,1.487,10.475
109.07,-1.579,0.218,0.230,-11.899,-0.000,1.487,10.464
109.09,-1.579,0.218,0.230,-11.899,-0.000,1.487,10.464
109.11,-1.605,0.261,0.229,-11.899,-0.000,1.487,10.439
109.13,-1.605,0.261,0.229,-11.899,-0.000,1.487,10.439
109.15,-1.645,0.314,0.228,-11.899,-0.000,1.487,10.401
109.17,-1.645,0.314,0.228,-11.899,-0.000,1.487,10.401
109.19,-1.694,0.379,0.226,-11.899,-0.000,1.487,10.355
109.21,-1.694,0.379,0.226,-11.899,-0.000,1.487,10.355
109.23,-1.746,0.461,0.225,-11.899,-0.000,1.487,10.306
109.25,-1.746,0.461,0.225,-11.899,-0.000,1.487,10.306
109.28,-1.808,0.558,0.225,-11.899,-0.000,1.487,10.250
109.30,-1.808,0.558,0.225,-11.899,-0.000,1.487,10.250
109.32,-1.890,0.683,0.224,-11.899,-0.000,1.487,10.177
109.34,-1.890,0.683,0.224,-11.899,-0.000,1.487,10.177
109.36,-1.958,0.793,0.223,-11.899,-0.000,1.487,10.118
109.38,-1.958,0.793,0.223,-11.899,-0.000,1.487,10.118
109.40,-2.022,0.896,0.222,-11.899,-0.000,1.487,10.064
109.42,-2.022,0.896,0.222,-11.899,-0.000,1.487,10.064
109.44,-2.073,1.001,0.222,-11.899,-0.000,1.487,10.024
109.46,-2.073,1.001,0.222,-11.899,-0.000,1.487,10.024
109.48,-2.106,1.100,0.221,-11.899,-0.000,1.487,10.001
109.50,-2.106,1.100,0.221,-11.899,-0.000,1.487,10.001
109.52,-2.138,1.223,0.220,-11.899,-0.000,1.487,9.984
109.55,-2.138,1.223,0.220,-11.899,-0.000,1.487,9.984
109.57,-2.138,1.223,0.220,-11.899,-0.000,1.487,9.984
109.59,-2.157,1.343,0.220,-11.899,-0.000,1.487,9.981
109.61,-2.157,1.343,0.220,-11.899,-0.000,1.487,9.981
109.63,-2.179,1.414,0.219,-11.899,-0.000,1.487,9.969
109.65,-2.179,1.414,0.219,-11.899,-0.000,1.487,9.969
109.67,-2.194,1.482,0.218,-11.899,-0.000,1.487,9.964
109.69,-2.194,1.482,0.218,-11.899,-0.000,1.487,9.964
109.71,-2.197,1.533,0.217,-11.899,-0.000,1.487,9.969
109.73,-2.197,1.533,0.217,-11.899,-0.000,1.487,9.969
109.75,-2.190,1.579,0.217,-11.899,-0.000,1.487,9.983
109.77,-2.190,1.579,0.217,-11.899,-0.000,1.487,9.983
109.80,-2.185,1.619,0.215,-11.899,-0.000,1.487,9.994
109.82,-2.185,1.619,0.215,-11.899,-0.000,1.487,9.994
109.84,-2.163,1.647,0.214,-11.899,-0.000,1.487,10.020
109.86,-2.163,1.647,0.214,-11.899,-0.000,1.487,10.020
109.88,-2.125,1.674,0.213,-11.899,-0.000,1.487,10.061
109.90,-2.125,1.674,0.213,-11.899,-0.000,1.487,10.061
109.92,-2.073,1.711,0.211,-11.899,-0.000,1.487,10.117
109.94,-2.073,1.711,0.211,-11.899,-0.000,1.487,10.117
109.96,-2.021,1.756,0.210,-11.899,-0.000,1.487,10.175
109.98,-2.021,1.756,0.210,-11.899,-0.000,1.487,10.175
110.00,-1.985,1.834,0.208,-11.899,-0.000,1.487,10.224
110.02,-1.985,1.834,0.208,-11.899,-0.000,1.487,10.224
110.05,-1.985,1.834,0.208,-11.899,-0.000,1.487,10.224
110.07,-1.997,1.903,0.206,-11.899,-0.000,1.487,10.224
110.09,-1.997,1.903,0.206,-11.899,-0.000,1.487,10.224
110.11,-2.010,1.951,0.204,-11.899,-0.000,1.487,10.220
110.13,-2.010,1.951,0.204,-11.899,-0.000,1.487,10.220
110.15,-2.010,1.996,0.203,-11.899,-0.000,1.487,10.229
110.17,-2.010,1.996,0.203,-11.899,-0.000,1.487,10.229
110.19,-2.003,2.049,0.201,-11.899,-0.000,1.487,10.246
110.21,-2.003,2.049,0.201,-11.899,-0.000,1.487,10.246
110.23,-1.999,2.107,0.200,-11.899,-0.000,1.487,10.262
110.25,-1.999,2.107,0.200,-11.899,-0.000,1.487,10.262
110.27,-1.997,2.170,0.199,-11.899,-0.000,1.487,10.276
110.29,-1.997,2.170,0.199,-11.899,-0.000,1.487,10.276
110.32,-1.988,2.222,0.197,-11.899,-0.000,1.487,10.296
110.34,-1.988,2.222,0.197,-11.899,-0.000,1.487,10.296
110.36,-1.954,2.281,0.196,-11.899,-0.000,1.487,10.342
110.38,-1.954,2.281,0.196,-11.899,-0.000,1.487,10.342
110.40,-1.911,2.324,0.195,-11.899,-0.000,1.487,10.392
110.42,-1.911,2.324,0.195,-11.899,-0.000,1.487,10.392
110.44,-1.871,2.352,0.195,-11.899,-0.000,1.487,10.436
110.46,-1.871,2.352,0.195,-11.899,-0.000,1.487,10.436
110.48,-1.838,2.377,0.194,-11.899,-0.000,1.487,10.473
110.50,-1.838,2.377,0.194,-11.899,-0.000,1.487,10.473
110.52,-1.798,2.414,0.193,-11.899,-0.000,1.487,10.521
110.54,-1.798,2.414,0.193,-11.899,-0.000,1.487,10.521
110.57,-1.798,2.414,0.193,-11.899,-0.000,1.487,10.521
110.59,-1.754,2.456,0.192,-11.899,-0.000,1.487,10.572
110.61,-1.754,2.456,0.192,-11.899,-0.000,1.487,10.572
110.63,-1.725,2.486,0.191,-11.899,-0.000,1.487,10.607
110.65,-1.725,2.486,0.191,-11.899,-0.000,1.487,10.607
110.67,-1.702,2.518,0.191,-11.899,-0.000,1.487,10.636
110.69,-1.702,2.518,0.191,-11.899,-0.000,1.487,10.636
110.71,-1.676,2.544,0.191,-11.899,-0.000,1.487,10.667
110.73,-1.676,2.544,0.191,-11.899,-0.000,1.487,10.667
110.75,-1.660,2.565,0.190,-11.899,-0.000,1.487,10.687
110.77,-1.660,2.565,0.190,-11.899,-0.000,1.487,10.687
110.80,-1.659,2.583,0.190,-11.899,-0.000,1.487,10.693
110.82,-1.659,2.583,0.190,-11.899,-0.000,1.487,10.693
110.84,-1.644,2.621,0.189,-11.899,-0.000,1.487,10.716
110.86,-1.644,2.621,0.189,-11.899,-0.000,1.487,10.716
110.88,-1.624,2.667,0.189,-11.899,-0.000,1.487,10.747
110.90,-1.624,2.667,0.189,-11.899,-0.000,1.487,10.747
110.92,-1.616,2.705,0.188,-11.899,-0.000,1.487,10.764
110.94,-1.616,2.705,0.188,-11.899,-0.000,1.487,10.764
110.96,-1.615,2.740,0.188,-11.899,-0.000,1.487,10.773
110.98,-1.615,2.740,0.188,-11.899,-0.000,1.487,10.773
111.00,-1.605,2.782,0.188,-11.899,-0.000,1.487,10.794
111.02,-1.605,2.782,0.188,-11.899,-0.000,1.487,10.794
111.04,-1.605,2.782,0.188,-11.899,-0.000,1.487,10.794
111.06,-1.565,2.883,0.189,-11.899,-0.000,1.487,10.859
111.09,-1.565,2.883,0.189,-11.899,-0.000,1.487,10.859
111.11,-1.539,2.953,0.189,-11.899,-0.000,1.487,10.903
111.13,-1.539,2.953,0.189,-11.899,-0.000,1.487,10.903
111.15,-1.522,3.029,0.189,-11.899,-0.000,1.487,10.939
111.17,-1.522,3.029,0.189,-11.899,-0.000,1.487,10.939
111.19,-1.527,3.104,0.190,-11.899,-0.000,1.487,10.955
111.21,-1.527,3.104,0.190,-11.899,-0.000,1.487,10.955
111.23,-1.550,3.182,0.190,-11.899,-0.000,1.487,10.956
111.25,-1.550,3.182,0.190,-11.899,-0.000,1.487,10.956
111.27,-1.584,3.243,0.190,-11.899,-0.000,1.487,10.942
111.29,-1.584,3.243,0.190,-11.899,-0.000,1.487,10.942
111.31,-1.617,3.311,0.190,-11.899,-0.000,1.487,10.931
111.34,-1.617,3.311,0.190,-11.899,-0.000,1.487,10.931
111.36,-1.655,3.387,0.191,-11.899,-0.000,1.487,10.919
111.38,-1.655,3.387,0.191,-11.899,-0.000,1.487,10.919
111.40,-1.680,3.438,0.191,-11.899,-0.000,1.487,10.912
111.42,-1.680,3.438,0.191,-11.899,-0.000,1.487,10.912
111.44,-1.687,3.483,0.191,-11.899,-0.000,1.487,10.919
111.46,-1.687,3.483,0.191,-11.899,-0.000,1.487,10.919
111.48,-1.702,3.535,0.192,-11.899,-0.000,1.487,10.922
111.50,-1.702,3.535,0.192,-11.899,-0.000,1.487,10.922
111.52,-1.719,3.577,0.192,-11.899,-0.000,1.487,10.920
111.54,-1.719,3.577,0.192,-11.899,-0.000,1.487,10.920
111.56,-1.719,3.577,0.192,-11.899,-0.000,1.487,10.920
111.58,-1.760,3.597,0.192,-11.899,-0.000,1.487,10.889
111.61,-1.760,3.597,0.192,-11.899,-0.000,1.487,10.889
111.63,-1.787,3.579,0.192,-11.899,-0.000,1.487,10.858
111.65,-1.787,3.579,0.192,-11.899,-0.000,1.487,10.858
111.67,-1.798,3.537,0.192,-11.899,-0.000,1.487,10.833
111.69,-1.798,3.537,0.192,-11.899,-0.000,1.487,10.833
111.71,-1.792,3.479,0.192,-11.899,-0.000,1.487,10.820
111.73,-1.792,3.479,0.192,-11.899,-0.000,1.487,10.820
111.75,-1.789,3.423,0.192,-11.899,-0.000,1.487,10.805
111.77,-1.789,3.423,0.192,-11.899,-0.000,1.487,10.805
111.79,-1.801,3.366,0.191,-11.899,-0.000,1.487,10.776
111.81,-1.801,3.366,0.191,-11.899,-0.000,1.487,10.776
111.84,-1.802,3.294,0.191,-11.899,-0.000,1.487,10.753
111.86,-1.802,3.294,0.191,-11.899,-0.000,1.487,10.753
111.88,-1.784,3.192,0.191,-11.899,-0.000,1.487,10.738
111.90,-1.784,3.192,0.191,-11.899,-0.000,1.487,10.738
111.92,-1.765,3.088,0.191,-11.899,-0.000,1.487,10.726
111.94,-1.765,3.088,0.191,-11.899,-0.000,1.487,10.726
111.96,-1.743,2.978,0.191,-11.899,-0.000,1.487,10.716
111.98,-1.743,2.978,0.191,-11.899,-0.000,1.487,10.716
112.00,-1.719,2.875,0.191,-11.899,-0.000,1.487,10.710
112.02,-1.719,2.875,0.191,-11.899,-0.000,1.487,10.710
112.04,-1.694,2.779,0.191,-11.899,-0.000,1.487,10.708
112.06,-1.694,2.779,0.191,-11.899,-0.000,1.487,10.708
112.09,-1.694,2.779,0.191,-11.899,-0.000,1.487,10.708
112.11,-1.669,2.621,0.190,-11.899,-0.000,1.487,10.692
112.13,-1.669,2.621,0.190,-11.899,-0.000,1.487,10.692
112.15,-1.666,2.562,0.189,-11.899,-0.000,1.487,10.681
112.17,-1.666,2.562,0.189,-11.899,-0.000,1.487,10.681
112.19,-1.675,2.516,0.189,-11.899,-0.000,1.487,10.661
112.21,-1.675,2.516,0.189,-11.899,-0.000,1.487,10.661
112.23,-1.704,2.488,0.188,-11.899,-0.000,1.487,10.627
112.25,-1.704,2.488,0.188,-11.899,-0.000,1.487,10.627
112.27,-1.735,2.478,0.187,-11.899,-0.000,1.487,10.595
112.29,-1.735,2.478,0.187,-11.899,-0.000,1.487,10.595
112.31,-1.784,2.465,0.186,-11.899,-0.000,1.487,10.545
112.33,-1.784,2.465,0.186,-11.899,-0.000,1.487,10.545
112.36,-1.851,2.446,0.185,-11.899,-0.000,1.487,10.476
112.38,-1.851,2.446,0.185,-11.899,-0.000,1.487,10.476
112.40,-1.945,2.403,0.185,-11.899,-0.000,1.487,10.375
112.42,-1.945,2.403,0.185,-11.899,-0.000,1.487,10.375
112.44,-2.039,2.372,0.184,-11.899,-0.000,1.487,10.278
112.46,-2.039,2.372,0.184,-11.899,-0.000,1.487,10.278
112.48,-2.133,2.339,0.183,-11.899,-0.000,1.487,10.180
112.50,-2.133,2.339,0.183,-11.899,-0.000,1.487,10.180
112.52,-2.236,2.307,0.182,-11.899,-0.000,1.487,10.073
112.54,-2.236,2.307,0.182,-11.899,-0.000,1.487,10.073
112.56,-2.236,2.307,0.182,-11.899,-0.000,1.487,10.073
112.59,-2.452,2.236,0.182,-11.899,-0.000,1.487,9.851
112.61,-2.452,2.236,0.182,-11.899,-0.000,1.487,9.851
112.63,-2.582,2.203,0.181,-11.899,-0.000,1.487,9.718
112.65,-2.582,2.203,0.181,-11.899,-0.000,1.487,9.718
112.67,-2.699,2.176,0.181,-11.899,-0.000,1.487,9.600
112.69,-2.699,2.176,0.181,-11.899,-0.000,1.487,9.600
112.71,-2.794,2.153,0.180,-11.899,-0.000,1.487,9.504
112.73,-2.794,2.153,0.180,-11.899,-0.000,1.487,9.504
112.75,-2.875,2.146,0.180,-11.899,-0.000,1.487,9.424
112.77,-2.875,2.146,0.180,-11.899,-0.000,1.487,9.424
112.79,-2.926,2.146,0.180,-11.899,-0.000,1.487,9.376
112.81,-2.926,2.146,0.180,-11.899,-0.000,1.487,9.376
112.84,-2.952,2.153,0.179,-11.899,-0.000,1.487,9.352
112.86,-2.952,2.153,0.179,-11.899,-0.000,1.487,9.352
112.88,-2.948,2.173,0.179,-11.899,-0.000,1.487,9.360
112.90,-2.948,2.173,0.179,-11.899,-0.000,1.487,9.360
112.92,-2.936,2.192,0.179,-11.899,-0.000,1.487,9.376
112.94,-2.936,2.192,0.179,-11.899,-0.000,1.487,9.376
112.96,-2.931,2.224,0.178,-11.899,-0.000,1.487,9.389
112.98,-2.931,2.224,0.178,-11.899,-0.000,1.487,9.389
113.00,-2.915,2.262,0.178,-11.899,-0.000,1.487,9.413
113.02,-2.915,2.262,0.178,-11.899,-0.000,1.487,9.413
113.04,-2.875,2.290,0.178,-11.899,-0.000,1.487,9.458
113.06,-2.875,2.290,0.178,-11.899,-0.000,1.487,9.458
113.08,-2.875,2.290,0.178,-11.899,-0.000,1.487,9.458
113.11,-2.807,2.351,0.178,-11.899,-0.000,1.487,9.538
113.13,-2.807,2.351,0.178,-11.899,-0.000,1.487,9.538
113.15,-2.758,2.397,0.178,-11.899,-0.000,1.487,9.595
113.17,-2.758,2.397,0.178,-11.899,-0.000,1.487,9.595
113.19,-2.715,2.446,0.179,-11.899,-0.000,1.487,9.649
113.21,-2.715,2.446,0.179,-11.899,-0.000,1.487,9.649
113.23,-2.669,2.516,0.180,-11.899,-0.000,1.487,9.710
113.25,-2.669,2.516,0.180,-11.899,-0.000,1.487,9.710
113.27,-2.618,2.602,0.180,-11.899,-0.000,1.487,9.782
113.29,-2.618,2.602,0.180,-11.899,-0.000,1.487,9.782
113.31,-2.569,2.685,0.181,-11.899,-0.000,1.487,9.851
113.33,-2.569,2.685,0.181,-11.899,-0.000,1.487,9.851
113.36,-2.523,2.770,0.182,-11.899,-0.000,1.487,9.918
113.38,-2.523,2.770,0.182,-11.899,-0.000,1.487,9.918
113.40,-2.496,2.859,0.183,-11.899,-0.000,1.487,9.969
113.42,-2.496,2.859,0.183,-11.899,-0.000,1.487,9.969
113.44,-2.492,2.917,0.184,-11.899,-0.000,1.487,9.990
113.46,-2.492,2.917,0.184,-11.899,-0.000,1.487,9.990
113.48,-2.498,2.962,0.184,-11.899,-0.000,1.487,9.997
113.50,-2.498,2.962,0.184,-11.899,-0.000,1.487,9.997
113.52,-2.515,2.997,0.185,-11.899,-0.000,1.487,9.992
113.54,-2.515,2.997,0.185,-11.899,-0.000,1.487,9.992
113.56,-2.515,2.997,0.185,-11.899,-0.000,1.487,9.992
113.58,-2.558,3.003,0.186,-11.899,-0.000,1.487,9.954
113.60,-2.558,3.003,0.186,-11.899,-0.000,1.487,9.954
113.63,-2.596,2.977,0.186,-11.899,-0.000,1.487,9.910
113.65,-2.596,2.977,0.186,-11.899,-0.000,1.487,9.910
113.67,-2.635,2.934,0.187,-11.899,-0.000,1.487,9.861
113.69,-2.635,2.934,0.187,-11.899,-0.000,1.487,9.861
113.71,-2.665,2.895,0.187,-11.899,-0.000,1.487,9.821
113.73,-2.665,2.895,0.187,-11.899,-0.000,1.487,9.821
113.75,-2.690,2.863,0.188,-11.899,-0.000,1.487,9.788
113.77,-2.690,2.863,0.188,-11.899,-0.000,1.487,9.788
113.79,-2.727,2.831,0.189,-11.899,-0.000,1.487,9.744
113.81,-2.727,2.831,0.189,-11.899,-0.000,1.487,9.744
113.83,-2.771,2.800,0.190,-11.899,-0.000,1.487,9.694
113.85,-2.771,2.800,0.190,-11.899,-0.000,1.487,9.694
113.88,-2.830,2.774,0.192,-11.899,-0.000,1.487,9.631
113.90,-2.830,2.774,0.192,-11.899,-0.000,1.487,9.631
113.92,-2.889,2.742,0.193,-11.899,-0.000,1.487,9.567
113.94,-2.889,2.742,0.193,-11.899,-0.000,1.487,9.567
113.96,-2.919,2.716,0.195,-11.899,-0.000,1.487,9.532
113.98,-2.919,2.716,0.195,-11.899,-0.000,1.487,9.532
114.00,-2.940,2.695,0.197,-11.899,-0.000,1.487,9.506
114.02,-2.940,2.695,0.197,-11.899,-0.000,1.487,9.506
114.04,-2.952,2.675,0.199,-11.899,-0.000,1.487,9.489
114.06,-2.952,2.675,0.199,-11.899,-0.000,1.487,9.489
114.08,-2.952,2.675,0.199,-11.899,-0.000,1.487,9.489
114.10,-2.930,2.687,0.201,-11.899,-0.000,1.487,9.514
114.13,-2.930,2.687,0.201,-11.899,-0.000,1.487,9.514
114.15,-2.923,2.697,0.203,-11.899,-0.000,1.487,9.524
114.17,-2.923,2.697,0.203,-11.899,-0.000,1.487,9.524
114.19,-2.922,2.703,0.205,-11.899,-0.000,1.487,9.527
114.21,-2.922,2.703,0.205,-11.899,-0.000,1.487,9.527
114.23,-2.908,2.705,0.206,-11.899,-0.000,1.487,9.540
114.25,-2.908,2.705,0.206,-11.899,-0.000,1.487,9.540
114.27,-2.883,2.703,0.208,-11.899,-0.000,1.487,9.563
114.29,-2.883,2.703,0.208,-11.899,-0.000,1.487,9.563
114.31,-2.859,2.706,0.209,-11.899,-0.000,1.487,9.588
114.33,-2.859,2.706,0.209,-11.899,-0.000,1.487,9.588
114.35,-2.834,2.720,0.210,-11.899,-0.000,1.487,9.615
114.38,-2.834,2.720,0.210,-11.899,-0.000,1.487,9.615
114.40,-2.799,2.750,0.212,-11.899,-0.000,1.487,9.657
114.42,-2.799,2.750,0.212,-11.899,-0.000,1.487,9.657
114.44,-2.766,2.783,0.213,-11.899,-0.000,1.487,9.698
114.46,-2.766,2.783,0.213,-11.899,-0.000,1.487,9.698
114.48,-2.742,2.799,0.215,-11.899,-0.000,1.487,9.725
114.50,-2.742,2.799,0.215,-11.899,-0.000,1.487,9.725
114.52,-2.729,2.805,0.216,-11.899,-0.000,1.487,9.740
114.54,-2.729,2.805,0.216,-11.899,-0.000,1.487,9.740
114.56,-2.714,2.811,0.217,-11.899,-0.000,1.487,9.756
114.58,-2.714,2.811,0.217,-11.899,-0.000,1.487,9.756
114.60,-2.714,2.811,0.217,-11.899,-0.000,1.487,9.756
114.62,-2.699,2.795,0.219,-11.899,-0.000,1.487,9.766
114.65,-2.699,2.795,0.219,-11.899,-0.000,1.487,9.766
114.67,-2.674,2.783,0.220,-11.899,-0.000,1.487,9.786
114.69,-2.674,2.783,0.220,-11.899,-0.000,1.487,9.786
114.71,-2.648,2.777,0.221,-11.899,-0.000,1.487,9.809
114.73,-2.648,2.777,0.221,-11.899,-0.000,1.487,9.809
114.75,-2.622,2.764,0.223,-11.899,-0.000,1.487,9.830
114.77,-2.622,2.764,0.223,-11.899,-0.000,1.487,9.830
114.79,-2.603,2.747,0.224,-11.899,-0.000,1.487,9.843
114.81,-2.603,2.747,0.224,-11.899,-0.000,1.487,9.843
114.83,-2.595,2.720,0.225,-11.899,-0.000,1.487,9.843
114.85,-2.595,2.720,0.225,-11.899,-0.000,1.487,9.843
114.87,-2.595,2.688,0.226,-11.899,-0.000,1.487,9.835
114.90,-2.595,2.688,0.226,-11.899,-0.000,1.487,9.835
114.92,-2.595,2.636,0.227,-11.899,-0.000,1.487,9.821
114.94,-2.595,2.636,0.227,-11.899,-0.000,1.487,9.821
114.96,-2.605,2.594,0.228,-11.899,-0.000,1.487,9.800
114.98,-2.605,2.594,0.228,-11.899,-0.000,1.487,9.800
115.00,-2.629,2.558,0.229,-11.899,-0.000,1.487,9.768
115.02,-2.629,2.558,0.229,-11.899,-0.000,1.487,9.768
115.04,-2.646,2.521,0.230,-11.899,-0.000,1.487,9.743
115.06,-2.646,2.521,0.230,-11.899,-0.000,1.487,9.743
115.08,-2.646,2.521,0.230,-11.899,-0.000,1.487,9.743
115.10,-2.685,2.502,0.232,-11.899,-0.000,1.487,9.701
115.12,-2.685,2.502,0.232,-11.899,-0.000,1.487,9.701
115.15,-2.715,2.514,0.233,-11.899,-0.000,1.487,9.676
115.17,-2.715,2.514,0.233,-11.899,-0.000,1.487,9.676
115.19,-2.728,2.522,0.233,-11.899,-0.000,1.487,9.665
115.21,-2.728,2.522,0.233,-11.899,-0.000,1.487,9.665
115.23,-2.733,2.538,0.234,-11.899,-0.000,1.487,9.665
115.25,-2.733,2.538,0.234,-11.899,-0.000,1.487,9.665
115.27,-2.749,2.557,0.235,-11.899,-0.000,1.487,9.655
115.29,-2.749,2.557,0.235,-11.899,-0.000,1.487,9.655
115.31,-2.756,2.575,0.236,-11.899,-0.000,1.487,9.654
115.33,-2.756,2.575,0.236,-11.899,-0.000,1.487,9.654
115.35,-2.739,2.603,0.236,-11.899,-0.000,1.487,9.677
115.37,-2.739,2.603,0.236,-11.899,-0.000,1.487,9.677
115.40,-2.703,2.636,0.237,-11.899,-0.000,1.487,9.720
115.42,-2.703,2.636,0.237,-11.899,-0.000,1.487,9.720
115.44,-2.644,2.664,0.238,-11.899,-0.000,1.487,9.784
115.46,-2.644,2.664,0.238,-11.899,-0.000,1.487,9.784
115.48,-2.585,2.680,0.239,-11.899,-0.000,1.487,9.844
115.50,-2.585,2.680,0.239,-11.899,-0.000,1.487,9.844
115.52,-2.528,2.686,0.239,-11.899,-0.000,1.487,9.900
115.54,-2.528,2.686,0.239,-11.899,-0.000,1.487,9.900
115.56,-2.463,2.690,0.240,-11.899,-0.000,1.487,9.963
115.58,-2.463,2.690,0.240,-11.899,-0.000,1.487,9.963
115.60,-2.463,2.690,0.240,-11.899,-0.000,1.487,9.963
115.62,-2.372,2.666,0.242,-11.899,-0.000,1.487,10.043
115.65,-2.372,2.666,0.242,-11.899,-0.000,1.487,10.043
115.67,-2.337,2.633,0.242,-11.899,-0.000,1.487,10.067
115.69,-2.337,2.633,0.242,-11.899,-0.000,1.487,10.067
115.71,-2.332,2.607,0.243,-11.899,-0.000,1.487,10.066
115.73,-2.332,2.607,0.243,-11.899,-0.000,1.487,10.066
115.75,-2.353,2.582,0.243,-11.899,-0.000,1.487,10.039
115.77,-2.353,2.582,0.243,-11.899,-0.000,1.487,10.039
115.79,-2.399,2.564,0.243,-11.899,-0.000,1.487,9.991
115.81,-2.399,2.564,0.243,-11.899,-0.000,1.487,9.991
115.83,-2.463,2.554,0.243,-11.899,-0.000,1.487,9.927
115.85,-2.463,2.554,0.243,-11.899,-0.000,1.487,9.927
115.87,-2.541,2.544,0.243,-11.899,-0.000,1.487,9.851
115.89,-2.541,2.544,0.243,-11.899,-0.000,1.487,9.851
115.92,-2.603,2.532,0.243,-11.899,-0.000,1.487,9.789
115.94,-2.603,2.532,0.243,-11.899,-0.000,1.487,9.789
115.96,-2.656,2.525,0.243,-11.899,-0.000,1.487,9.736
115.98,-2.656,2.525,0.243,-11.899,-0.000,1.487,9.736
116.00,-2.700,2.516,0.242,-11.899,-0.000,1.487,9.692
116.02,-2.700,2.516,0.242,-11.899,-0.000,1.487,9.692
116.04,-2.754,2.505,0.242,-11.899,-0.000,1.487,9.638
116.06,-2.754,2.505,0.242,-11.899,-0.000,1.487,9.638
116.08,-2.754,2.505,0.242,-11.899,-0.000,1.487,9.638
116.10,-2.849,2.498,0.241,-11.899,-0.000,1.487,9.546
116.12,-2.849,2.498,0.241,-11.899,-0.000,1.487,9.546
116.14,-2.898,2.505,0.241,-11.899,-0.000,1.487,9.502
116.16,-2.898,2.505,0.241,-11.899,-0.000,1.487,9.502
116.19,-2.923,2.516,0.240,-11.899,-0.000,1.487,9.481
116.21,-2.923,2.516,0.240,-11.899,-0.000,1.487,9.481
116.23,-2.944,2.517,0.240,-11.899,-0.000,1.487,9.461
116.25,-2.944,2.517,0.240,-11.899,-0.000,1.487,9.461
116.27,-2.953,2.507,0.239,-11.899,-0.000,1.487,9.450
116.29,-2.953,2.507,0.239,-11.899,-0.000,1.487,9.450
116.31,-2.948,2.499,0.238,-11.899,-0.000,1.487,9.452
116.33,-2.948,2.499,0.238,-11.899,-0.000,1.487,9.452
116.35,-2.932,2.479,0.237,-11.899,-0.000,1.487,9.462
116.37,-2.932,2.479,0.237,-11.899,-0.000,1.487,9.462
116.39,-2.914,2.464,0.237,-11.899,-0.000,1.487,9.475
116.41,-2.914,2.464,0.237,-11.899,-0.000,1.487,9.475
116.43,-2.884,2.449,0.237,-11.899,-0.000,1.487,9.500
116.46,-2.884,2.449,0.237,-11.899,-0.000,1.487,9.500
116.48,-2.852,2.434,0.236,-11.899,-0.000,1.487,9.525
116.50,-2.852,2.434,0.236,-11.899,-0.000,1.487,9.525
116.52,-2.842,2.422,0.236,-11.899,-0.000,1.487,9.532
116.54,-2.842,2.422,0.236,-11.899,-0.000,1.487,9.532
116.56,-2.847,2.417,0.235,-11.899,-0.000,1.487,9.526
116.58,-2.847,2.417,0.235,-11.899,-0.000,1.487,9.526
116.60,-2.847,2.417,0.235,-11.899,-0.000,1.487,9.526
116.62,-2.874,2.405,0.234,-11.899,-0.000,1.487,9.497
116.64,-2.874,2.405,0.234,-11.899,-0.000,1.487,9.497
116.66,-2.915,2.391,0.234,-11.899,-0.000,1.487,9.454
116.68,-2.915,2.391,0.234,-11.899,-0.000,1.487,9.454
116.70,-2.978,2.356,0.232,-11.899,-0.000,1.487,9.385
116.73,-2.978,2.356,0.232,-11.899,-0.000,1.487,9.385
116.75,-3.035,2.314,0.231,-11.899,-0.000,1.487,9.320
116.77,-3.035,2.314,0.231,-11.899,-0.000,1.487,9.320
116.79,-3.101,2.273,0.230,-11.899,-0.000,1.487,9.247
116.81,-3.101,2.273,0.230,-11.899,-0.000,1.487,9.247
116.83,-3.156,2.248,0.229,-11.899,-0.000,1.487,9.189
116.85,-3.156,2.248,0.229,-11.899,-0.000,1.487,9.189
116.87,-3.198,2.232,0.229,-11.899,-0.000,1.487,9.145
116.89,-3.198,2.232,0.229,-11.899,-0.000,1.487,9.145
116.91,-3.239,2.211,0.228,-11.899,-0.000,1.487,9.101
116.93,-3.239,2.211,0.228,-11.899,-0.000,1.487,9.101
116.95,-3.273,2.204,0.227,-11.899,-0.000,1.487,9.066
116.97,-3.273,2.204,0.227,-11.899,-0.000,1.487,9.066
117.00,-3.307,2.217,0.227,-11.899,-0.000,1.487,9.037
117.02,-3.307,2.217,0.227,-11.899,-0.000,1.487,9.037
117.04,-3.344,2.253,0.226,-11.899,-0.000,1.487,9.011
117.06,-3.344,2.253,0.226,-11.899,-0.000,1.487,9.011
117.08,-3.392,2.291,0.226,-11.899,-0.000,1.487,8.975
117.10,-3.392,2.291,0.226,-11.899,-0.000,1.487,8.975
117.12,-3.392,2.291,0.226,-11.899,-0.000,1.487,8.975
117.14,-3.463,2.336,0.225,-11.899,-0.000,1.487,8.920
117.16,-3.463,2.336,0.225,-11.899,-0.000,1.487,8.920
117.18,-3.485,2.368,0.225,-11.899,-0.000,1.487,8.907
117.20,-3.485,2.368,0.225,-11.899,-0.000,1.487,8.907
117.22,-3.523,2.407,0.225,-11.899,-0.000,1.487,8.882
117.25,-3.523,2.407,0.225,-11.899,-0.000,1.487,8.882
117.27,-3.561,2.424,0.225,-11.899,-0.000,1.487,8.851
117.29,-3.561,2.424,0.225,-11.899,-0.000,1.487,8.851
117.31,-3.596,2.437,0.225,-11.899,-0.000,1.487,8.821
117.33,-3.596,2.437,0.225,-11.899,-0.000,1.487,8.821
117.35,-3.639,2.434,0.225,-11.899,-0.000,1.487,8.780
117.37,-3.639,2.434,0.225,-11.899,-0.000,1.487,8.780
117.39,-3.676,2.438,0.225,-11.899,-0.000,1.487,8.746
117.41,-3.676,2.438,0.225,-11.899,-0.000,1.487,8.746
117.43,-3.703,2.452,0.224,-11.899,-0.000,1.487,8.725
117.45,-3.703,2.452,0.224,-11.899,-0.000,1.487,8.725
117.47,-3.734,2.469,0.224,-11.899,-0.000,1.487,8.700
117.49,-3.734,2.469,0.224,-11.899,-0.000,1.487,8.700
117.52,-3.768,2.516,0.224,-11.899,-0.000,1.487,8.681
117.54,-3.768,2.516,0.224,-11.899,-0.000,1.487,8.681
117.56,-3.809,2.552,0.224,-11.899,-0.000,1.487,8.653
117.58,-3.809,2.552,0.224,-11.899,-0.000,1.487,8.653
117.60,-3.809,2.552,0.224,-11.899,-0.000,1.487,8.653
117.62,-3.892,2.604,0.224,-11.899,-0.000,1.487,8.592
117.64,-3.892,2.604,0.224,-11.899,-0.000,1.487,8.592
117.66,-3.946,2.635,0.225,-11.899,-0.000,1.487,8.552
117.68,-3.946,2.635,0.225,-11.899,-0.000,1.487,8.552
117.70,-4.012,2.681,0.225,-11.899,-0.000,1.487,8.505
117.72,-4.012,2.681,0.225,-11.899,-0.000,1.487,8.505
117.74,-4.089,2.757,0.226,-11.899,-0.000,1.487,8.458
117.76,-4.089,2.757,0.226,-11.899,-0.000,1.487,8.458
117.79,-4.151,2.837,0.226,-11.899,-0.000,1.487,8.427
117.81,-4.151,2.837,0.226,-11.899,-0.000,1.487,8.427
117.83,-4.213,2.922,0.227,-11.899,-0.000,1.487,8.400
117.85,-4.213,2.922,0.227,-11.899,-0.000,1.487,8.400
117.87,-4.264,3.020,0.228,-11.899,-0.000,1.487,8.388
117.89,-4.264,3.020,0.228,-11.899,-0.000,1.487,8.388
117.91,-4.325,3.126,0.229,-11.899,-0.000,1.487,8.371
117.93,-4.325,3.126,0.229,-11.899,-0.000,1.487,8.371
117.95,-4.389,3.217,0.230,-11.899,-0.000,1.487,8.349
117.97,-4.389,3.217,0.230,-11.899,-0.000,1.487,8.349
117.99,-4.447,3.295,0.231,-11.899,-0.000,1.487,8.327
118.01,-4.447,3.295,0.231,-11.899,-0.000,1.487,8.327
118.03,-4.519,3.360,0.232,-11.899,-0.000,1.487,8.289
118.05,-4.519,3.360,0.232,-11.899,-0.000,1.487,8.289
118.08,-4.608,3.403,0.232,-11.899,-0.000,1.487,8.228
118.10,-4.608,3.403,0.232,-11.899,-0.000,1.487,8.228
118.12,-4.608,3.403,0.232,-11.899,-0.000,1.487,8.228
118.14,-4.793,3.424,0.233,-11.899,-0.000,1.487,8.074
118.16,-4.793,3.424,0.233,-11.899,-0.000,1.487,8.074
118.18,-4.890,3.416,0.234,-11.899,-0.000,1.487,7.984
118.20,-4.890,3.416,0.234,-11.899,-0.000,1.487,7.984
118.22,-4.995,3.407,0.234,-11.899,-0.000,1.487,7.889
118.24,-4.995,3.407,0.234,-11.899,-0.000,1.487,7.889
118.26,-5.085,3.400,0.234,-11.899,-0.000,1.487,7.807
118.28,-5.085,3.400,0.234,-11.899,-0.000,1.487,7.807
118.30,-5.182,3.396,0.235,-11.899,-0.000,1.487,7.721
118.32,-5.182,3.396,0.235,-11.899,-0.000,1.487,7.721
118.35,-5.258,3.383,0.235,-11.899,-0.000,1.487,7.649
118.37,-5.258,3.383,0.235,-11.899,-0.000,1.487,7.649
118.39,-5.332,3.386,0.236,-11.899,-0.000,1.487,7.587
118.41,-5.332,3.386,0.236,-11.899,-0.000,1.487,7.587
118.43,-5.399,3.376,0.236,-11.899,-0.000,1.487,7.524
118.45,-5.399,3.376,0.236,-11.899,-0.000,1.487,7.524
118.47,-5.457,3.353,0.237,-11.899,-0.000,1.487,7.464
118.49,-5.457,3.353,0.237,-11.899,-0.000,1.487,7.464
118.51,-5.518,3.338,0.237,-11.899,-0.000,1.487,7.405
118.53,-5.518,3.338,0.237,-11.899,-0.000,1.487,7.405
118.55,-5.581,3.343,0.238,-11.899,-0.000,1.487,7.353
118.58,-5.581,3.343,0.238,-11.899,-0.000,1.487,7.353
118.60,-5.661,3.359,0.238,-11.899,-0.000,1.487,7.292
118.62,-5.661,3.359,0.238,-11.899,-0.000,1.487,7.292
118.64,-5.661,3.359,0.238,-11.899,-0.000,1.487,7.292
118.66,-5.746,3.370,0.239,-11.899,-0.000,1.487,7.225
118.68,-5.746,3.370,0.239,-11.899,-0.000,1.487,7.225
118.70,-5.779,3.352,0.240,-11.899,-0.000,1.487,7.188
118.72,-5.779,3.352,0.240,-11.899,-0.000,1.487,7.188
118.74,-5.809,3.335,0.241,-11.899,-0.000,1.487,7.155
118.76,-5.809,3.335,0.241,-11.899,-0.000,1.487,7.155
118.78,-5.827,3.320,0.242,-11.899,-0.000,1.487,7.133
118.80,-5.827,3.320,0.242,-11.899,-0.000,1.487,7.133
118.83,-5.825,3.321,0.242,-11.899,-0.000,1.487,7.135
118.85,-5.825,3.321,0.242,-11.899,-0.000,1.487,7.135
118.87,-5.822,3.338,0.243,-11.899,-0.000,1.487,7.147
118.89,-5.822,3.338,0.243,-11.899,-0.000,1.487,7.147
118.91,-5.822,3.368,0.243,-11.899,-0.000,1.487,7.160
118.93,-5.822,3.368,0.243,-11.899,-0.000,1.487,7.160
118.95,-5.824,3.412,0.244,-11.899,-0.000,1.487,7.179
118.97,-5.824,3.412,0.244,-11.899,-0.000,1.487,7.179
118.99,-5.827,3.467,0.244,-11.899,-0.000,1.487,7.203
119.01,-5.827,3.467,0.244,-11.899,-0.000,1.487,7.203
119.03,-5.843,3.528,0.245,-11.899,-0.000,1.487,7.220
119.05,-5.843,3.528,0.245,-11.899,-0.000,1.487,7.220
119.08,-5.859,3.596,0.246,-11.899,-0.000,1.487,7.240
119.10,-5.859,3.596,0.246,-11.899,-0.000,1.487,7.240
119.12,-5.859,3.596,0.246,-11.899,-0.000,1.487,7.240
119.14,-5.867,3.748,0.247,-11.899,-0.000,1.487,7.310
119.16,-5.867,3.748,0.247,-11.899,-0.000,1.487,7.310
119.18,-5.862,3.820,0.248,-11.899,-0.000,1.487,7.352
119.20,-5.862,3.820,0.248,-11.899,-0.000,1.487,7.352
119.22,-5.871,3.882,0.249,-11.899,-0.000,1.487,7.377
119.24,-5.871,3.882,0.249,-11.899,-0.000,1.487,7.377
119.26,-5.898,3.937,0.249,-11.899,-0.000,1.487,7.384
119.28,-5.898,3.937,0.249,-11.899,-0.000,1.487,7.384
119.30,-5.950,3.975,0.250,-11.899,-0.000,1.487,7.363
119.33,-5.950,3.975,0.250,-11.899,-0.000,1.487,7.363
119.35,-5.997,3.978,0.250,-11.899,-0.000,1.487,7.326
119.37,-5.997,3.978,0.250,-11.899,-0.000,1.487,7.326
119.39,-6.036,3.965,0.250,-11.899,-0.000,1.487,7.288
119.41,-6.036,3.965,0.250,-11.899,-0.000,1.487,7.288
119.43,-6.077,3.949,0.250,-11.899,-0.000,1.487,7.246
119.45,-6.077,3.949,0.250,-11.899,-0.000,1.487,7.246
119.47,-6.119,3.935,0.249,-11.899,-0.000,1.487,7.205
119.49,-6.119,3.935,0.249,-11.899,-0.000,1.487,7.205
119.51,-6.164,3.912,0.249,-11.899,-0.000,1.487,7.156
119.53,-6.164,3.912,0.249,-11.899,-0.000,1.487,7.156
119.55,-6.193,3.898,0.248,-11.899,-0.000,1.487,7.125
119.57,-6.193,3.898,0.248,-11.899,-0.000,1.487,7.125
119.59,-6.222,3.879,0.248,-11.899,-0.000,1.487,7.091
119.62,-6.222,3.879,0.248,-11.899,-0.000,1.487,7.091
119.64,-6.222,3.879,0.248,-11.899,-0.000,1.487,7.091
119.66,-6.298,3.805,0.247,-11.899,-0.000,1.487,6.990
119.68,-6.298,3.805,0.247,-11.899,-0.000,1.487,6.990
119.70,-6.338,3.748,0.246,-11.899,-0.000,1.487,6.927
119.72,-6.338,3.748,0.246,-11.899,-0.000,1.487,6.927
119.74,-6.391,3.684,0.245,-11.899,-0.000,1.487,6.849
119.76,-6.391,3.684,0.245,-11.899,-0.000,1.487,6.849
119.78,-6.432,3.608,0.244,-11.899,-0.000,1.487,6.775
119.80,-6.432,3.608,0.244,-11.899,-0.000,1.487,6.775
119.82,-6.472,3.529,0.243,-11.899,-0.000,1.487,6.701
119.84,-6.472,3.529,0.243,-11.899,-0.000,1.487,6.701
119.87,-6.499,3.437,0.242,-11.899,-0.000,1.487,6.630
119.89,-6.499,3.437,0.242,-11.899,-0.000,1.487,6.630
119.91,-6.496,3.372,0.241,-11.899,-0.000,1.487,6.600
119.93,-6.496,3.372,0.241,-11.899,-0.000,1.487,6.600
119.95,-6.486,3.306,0.241,-11.899,-0.000,1.487,6.574
119.97,-6.486,3.306,0.241,-11.899,-0.000,1.487,6.574
119.99,-6.471,3.241,0.240,-11.899,-0.000,1.487,6.554
120.01,-6.471,3.241,0.240,-11.899,-0.000,1.487,6.554
120.03,-6.455,3.191,0.240,-11.899,-0.000,1.487,6.542
120.05,-6.455,3.191,0.240,-11.899,-0.000,1.487,6.542
120.07,-6.452,3.129,0.239,-11.899,-0.000,1.487,6.514
120.09,-6.452,3.129,0.239,-11.899,-0.000,1.487,6.514
120.11,-6.452,3.129,0.239,-11.899,-0.000,1.487,6.514
120.13,-6.450,2.986,0.239,-11.899,-0.000,1.487,6.449
120.15,-6.450,2.986,0.239,-11.899,-0.000,1.487,6.449
120.18,-6.454,2.858,0.239,-11.899,-0.000,1.487,6.387
120.20,-6.454,2.858,0.239,-11.899,-0.000,1.487,6.387
120.22,-6.453,2.760,0.239,-11.899,-0.000,1.487,6.345
120.24,-6.453,2.760,0.239,-11.899,-0.000,1.487,6.345
120.26,-6.465,2.658,0.239,-11.899,-0.000,1.487,6.291
120.28,-6.465,2.658,0.239,-11.899,-0.000,1.487,6.291
120.30,-6.490,2.557,0.239,-11.899,-0.000,1.487,6.227
120.32,-6.490,2.557,0.239,-11.899,-0.000,1.487,6.227
120.34,-6.508,2.461,0.239,-11.899,-0.000,1.487,6.172
120.36,-6.508,2.461,0.239,-11.899,-0.000,1.487,6.172
120.38,-6.513,2.358,0.239,-11.899,-0.000,1.487,6.127
120.40,-6.513,2.358,0.239,-11.899,-0.000,1.487,6.127
120.42,-6.494,2.243,0.239,-11.899,-0.000,1.487,6.101
120.45,-6.494,2.243,0.239,-11.899,-0.000,1.487,6.101
120.47,-6.463,2.162,0.239,-11.899,-0.000,1.487,6.100
120.49,-6.463,2.162,0.239,-11.899,-0.000,1.487,6.100
120.51,-6.415,2.080,0.239,-11.899,-0.000,1.487,6.114
120.53,-6.415,2.080,0.239,-11.899,-0.000,1.487,6.114
120.55,-6.361,2.010,0.239,-11.899,-0.000,1.487,6.139
120.57,-6.361,2.010,0.239,-11.899,-0.000,1.487,6.139
120.59,-6.316,1.951,0.239,-11.899,-0.000,1.487,6.161
120.61,-6.316,1.951,0.239,-11.899,-0.000,1.487,6.161
120.63,-6.316,1.951,0.239,-11.899,-0.000,1.487,6.161
120.65,-6.267,1.871,0.239,-11.899,-0.000,1.487,6.180
120.67,-6.267,1.871,0.239,-11.899,-0.000,1.487,6.180
120.70,-6.241,1.839,0.240,-11.899,-0.000,1.487,6.195
120.72,-6.241,1.839,0.240,-11.899,-0.000,1.487,6.195
120.74,-6.200,1.793,0.240,-11.899,-0.000,1.487,6.219
120.76,-6.200,1.793,0.240,-11.899,-0.000,1.487,6.219
120.78,-6.152,1.759,0.240,-11.899,-0.000,1.487,6.253
120.80,-6.152,1.759,0.240,-11.899,-0.000,1.487,6.253
120.82,-6.097,1.748,0.240,-11.899,-0.000,1.487,6.301
120.84,-6.097,1.748,0.240,-11.899,-0.000,1.487,6.301
120.86,-6.041,1.752,0.240,-11.899,-0.000,1.487,6.354
120.88,-6.041,1.752,0.240,-11.899,-0.000,1.487,6.354
120.91,-5.971,1.750,0.240,-11.899,-0.000,1.487,6.417
120.93,-5.971,1.750,0.240,-11.899,-0.000,1.487,6.417
120.95,-5.912,1.757,0.240,-11.899,-0.000,1.487,6.474
120.97,-5.912,1.757,0.240,-11.899,-0.000,1.487,6.474
120.99,-5.843,1.786,0.239,-11.899,-0.000,1.487,6.545
121.01,-5.843,1.786,0.239,-11.899,-0.000,1.487,6.545
121.03,-5.780,1.820,0.239,-11.899,-0.000,1.487,6.614
121.05,-5.780,1.820,0.239,-11.899,-0.000,1.487,6.614
121.07,-5.714,1.867,0.238,-11.899,-0.000,1.487,6.687
121.09,-5.714,1.867,0.238,-11.899,-0.000,1.487,6.687
121.11,-5.671,1.909,0.238,-11.899,-0.000,1.487,6.738
121.13,-5.671,1.909,0.238,-11.899,-0.000,1.487,6.738
121.16,-5.671,1.909,0.238,-11.899,-0.000,1.487,6.738
121.18,-5.610,1.992,0.236,-11.899,-0.000,1.487,6.818
121.20,-5.610,1.992,0.236,-11.899,-0.000,1.487,6.818
121.22,-5.575,2.064,0.235,-11.899,-0.000,1.487,6.872
121.24,-5.575,2.064,0.235,-11.899,-0.000,1.487,6.872
121.26,-5.549,2.112,0.235,-11.899,-0.000,1.487,6.910
121.28,-5.549,2.112,0.235,-11.899,-0.000,1.487,6.910
121.30,-5.524,2.144,0.234,-11.899,-0.000,1.487,6.942
121.32,-5.524,2.144,0.234,-11.899,-0.000,1.487,6.942
121.34,-5.501,2.173,0.233,-11.899,-0.000,1.487,6.972
121.36,-5.501,2.173,0.233,-11.899,-0.000,1.487,6.972
121.39,-5.472,2.200,0.232,-11.899,-0.000,1.487,7.008
121.41,-5.472,2.200,0.232,-11.899,-0.000,1.487,7.008
121.43,-5.446,2.196,0.231,-11.899,-0.000,1.487,7.030
121.45,-5.446,2.196,0.231,-11.899,-0.000,1.487,7.030
121.47,-5.429,2.178,0.230,-11.899,-0.000,1.487,7.040
121.49,-5.429,2.178,0.230,-11.899,-0.000,1.487,7.040
121.51,-5.425,2.142,0.230,-11.899,-0.000,1.487,7.032
121.53,-5.425,2.142,0.230,-11.899,-0.000,1.487,7.032
121.55,-5.419,2.102,0.229,-11.899,-0.000,1.487,7.025
121.57,-5.419,2.102,0.229,-11.899,-0.000,1.487,7.025
121.59,-5.417,2.067,0.228,-11.899,-0.000,1.487,7.017
121.61,-5.417,2.067,0.228,-11.899,-0.000,1.487,7.017
121.64,-5.417,2.067,0.228,-11.899,-0.000,1.487,7.017
121.66,-5.381,1.980,0.226,-11.899,-0.000,1.487,7.024
121.68,-5.381,1.980,0.226,-11.899,-0.000,1.487,7.024
121.70,-5.353,1.933,0.225,-11.899,-0.000,1.487,7.037
121.72,-5.353,1.933,0.225,-11.899,-0.000,1.487,7.037
121.74,-5.327,1.889,0.224,-11.899,-0.000,1.487,7.049
121.76,-5.327,1.889,0.224,-11.899,-0.000,1.487,7.049
121.78,-5.296,1.841,0.224,-11.899,-0.000,1.487,7.065
121.80,-5.296,1.841,0.224,-11.899,-0.000,1.487,7.065
121.82,-5.261,1.783,0.223,-11.899,-0.000,1.487,7.083
121.84,-5.261,1.783,0.223,-11.899,-0.000,1.487,7.083
121.87,-5.230,1.702,0.222,-11.899,-0.000,1.487,7.091
121.89,-5.230,1.702,0.222,-11.899,-0.000,1.487,7.091
121.91,-5.230,1.702,0.222,-11.899,-0.000,1.487,7.091
121.93,-5.014,1.345,0.221,-11.899,-0.000,1.487,7.220
121.95,-5.014,1.345,0.221,-11.899,-0.000,1.487,7.220
121.97,-4.997,1.222,0.221,-11.899,-0.000,1.487,7.214
121.99,-4.997,1.222,0.221,-11.899,-0.000,1.487,7.214
122.01,-4.851,1.160,0.221,-11.899,-0.000,1.487,7.344
122.03,-4.851,1.160,0.221,-11.899,-0.000,1.487,7.344
122.05,-4.952,1.143,0.221,-11.899,-0.000,1.487,7.244
122.07,-4.952,1.143,0.221,-11.899,-0.000,1.487,7.244
122.09,-5.011,1.055,0.221,-11.899,-0.000,1.487,7.174
122.12,-5.011,1.055,0.221,-11.899,-0.000,1.487,7.174
122.14,-5.118,1.076,0.222,-11.899,-0.000,1.487,7.075
122.16,-5.118,1.076,0.222,-11.899,-0.000,1.487,7.075
122.18,-5.299,1.075,0.222,-11.899,-0.000,1.487,6.902
122.20,-5.299,1.075,0.222,-11.899,-0.000,1.487,6.902
122.22,-5.513,1.073,0.224,-11.899,-0.000,1.487,6.698
122.24,-5.513,1.073,0.224,-11.899,-0.000,1.487,6.698
122.26,-5.715,0.940,0.225,-11.899,-0.000,1.487,6.485
122.28,-5.715,0.940,0.225,-11.899,-0.000,1.487,6.485
122.30,-5.970,0.825,0.227,-11.899,-0.000,1.487,6.227
122.32,-5.970,0.825,0.227,-11.899,-0.000,1.487,6.227
122.34,-6.277,0.781,0.230,-11.899,-0.000,1.487,5.930
122.36,-6.277,0.781,0.230,-11.899,-0.000,1.487,5.930
122.39,-6.495,0.624,0.232,-11.899,-0.000,1.487,5.705
122.41,-6.495,0.624,0.232,-11.899,-0.000,1.487,5.705
122.43,-6.495,0.624,0.232,-11.899,-0.000,1.487,5.705
122.45,-6.857,0.313,0.237,-11.899,-0.000,1.487,5.337
122.47,-6.857,0.313,0.237,-11.899,-0.000,1.487,5.337
122.49,-7.085,0.100,0.241,-11.899,-0.000,1.487,5.116
122.51,-7.085,0.100,0.241,-11.899,-0.000,1.487,5.116
122.53,-7.379,-0.025,0.243,-11.899,-0.000,1.487,4.839
122.55,-7.379,-0.025,0.243,-11.899,-0.000,1.487,4.839
122.57,-7.689,-0.140,0.245,-11.899,-0.000,1.487,4.554
122.59,-7.689,-0.140,0.245,-11.899,-0.000,1.487,4.554
122.61,-8.011,-0.245,0.247,-11.899,-0.000,1.487,4.264
122.64,-8.011,-0.245,0.247,-11.899,-0.000,1.487,4.264
122.66,-8.328,-0.368,0.249,-11.899,-0.000,1.487,3.987
122.68,-8.328,-0.368,0.249,-11.899,-0.000,1.487,3.987
122.70,-8.714,-0.504,0.250,-11.899,-0.000,1.487,3.662
122.72,-8.714,-0.504,0.250,-11.899,-0.000,1.487,3.662
122.74,-9.031,-0.627,0.250,-11.899,-0.000,1.487,3.411
122.76,-9.031,-0.627,0.250,-11.899,-0.000,1.487,3.411
122.78,-9.393,-0.697,0.250,-11.899,-0.000,1.487,3.128
122.80,-9.393,-0.697,0.250,-11.899,-0.000,1.487,3.128
122.82,-9.708,-0.789,0.248,-11.899,-0.000,1.487,2.905
122.84,-9.708,-0.789,0.248,-11.899,-0.000,1.487,2.905
122.86,-10.005,-0.886,0.246,-11.899,-0.000,1.487,2.716
122.88,-10.005,-0.886,0.246,-11.899,-0.000,1.487,2.716
122.90,-10.401,-0.947,0.240,-11.899,-0.000,1.487,2.475
122.93,-10.401,-0.947,0.240,-11.899,-0.000,1.487,2.475
122.95,-10.401,-0.947,0.240,-11.899,-0.000,1.487,2.475
122.97,-10.844,-1.006,0.231,-11.899,-0.000,1.487,2.254
122.99,-10.844,-1.006,0.231,-11.899,-0.000,1.487,2.254
123.01,-11.112,-1.090,0.223,-11.899,-0.000,1.487,2.175
123.03,-11.112,-1.090,0.223,-11.899,-0.000,1.487,2.175
123.05,-11.375,-1.177,0.214,-11.899,-0.000,1.487,2.133
123.07,-11.375,-1.177,0.214,-11.899,-0.000,1.487,2.133
123.09,-11.612,-1.295,0.205,-11.899,-0.000,1.487,2.150
123.11,-11.612,-1.295,0.205,-11.899,-0.000,1.487,2.150
123.13,-11.859,-1.361,0.197,-11.899,-0.000,1.487,2.166
123.15,-11.859,-1.361,0.197,-11.899,-0.000,1.487,2.166
123.18,-6.505,0.530,0.188,-11.899,-0.000,1.487,5.673
123.20,-6.505,0.530,0.188,-11.899,-0.000,1.487,5.673
123.22,-6.414,0.641,0.181,-11.899,-0.000,1.487,5.769
123.24,-6.414,0.641,0.181,-11.899,-0.000,1.487,5.769
123.26,-6.254,0.601,0.175,-11.899,-0.000,1.487,5.915
123.28,-6.254,0.601,0.175,-11.899,-0.000,1.487,5.915
123.30,-6.073,0.693,0.169,-11.899,-0.000,1.487,6.096
123.32,-6.073,0.693,0.169,-11.899,-0.000,1.487,6.096
123.34,-5.882,0.745,0.165,-11.899,-0.000,1.487,6.284
123.36,-5.882,0.745,0.165,-11.899,-0.000,1.487,6.284
123.38,-5.737,0.841,0.161,-11.899,-0.000,1.487,6.433
123.40,-5.737,0.841,0.161,-11.899,-0.000,1.487,6.433
123.42,-5.737,0.841,0.161,-11.899,-0.000,1.487,6.433
123.45,-5.450,0.964,0.155,-11.899,-0.000,1.487,6.724
123.47,-5.450,0.964,0.155,-11.899,-0.000,1.487,6.724
123.49,-5.366,1.073,0.153,-11.899,-0.000,1.487,6.821
123.51,-5.366,1.073,0.153,-11.899,-0.000,1.487,6.821
123.53,-5.344,1.155,0.151,-11.899,-0.000,1.487,6.854
123.55,-5.344,1.155,0.151,-11.899,-0.000,1.487,6.854
123.57,-5.292,1.204,0.150,-11.899,-0.000,1.487,6.912
123.59,-5.292,1.204,0.150,-11.899,-0.000,1.487,6.912
123.61,-5.217,1.272,0.149,-11.899,-0.000,1.487,6.996
123.63,-5.217,1.272,0.149,-11.899,-0.000,1.487,6.996
123.65,-5.155,1.325,0.149,-11.899,-0.000,1.487,7.065
123.67,-5.155,1.325,0.149,-11.899,-0.000,1.487,7.065
123.69,-5.100,1.374,0.149,-11.899,-0.000,1.487,7.126
123.72,-5.100,1.374,0.149,-11.899,-0.000,1.487,7.126
123.74,-5.041,1.426,0.149,-11.899,-0.000,1.487,7.193
123.76,-5.041,1.426,0.149,-11.899,-0.000,1.487,7.193
123.78,-4.979,1.463,0.149,-11.899,-0.000,1.487,7.259
123.80,-4.979,1.463,0.149,-11.899,-0.000,1.487,7.259
123.82,-4.926,1.518,0.149,-11.899,-0.000,1.487,7.321
123.84,-4.926,1.518,0.149,-11.899,-0.000,1.487,7.321
123.86,-4.916,1.571,0.149,-11.899,-0.000,1.487,7.342
123.88,-4.916,1.571,0.149,-11.899,-0.000,1.487,7.342
123.90,-4.937,1.588,0.150,-11.899,-0.000,1.487,7.326
123.92,-4.937,1.588,0.150,-11.899,-0.000,1.487,7.326
123.94,-4.937,1.588,0.150,-11.899,-0.000,1.487,7.326
123.97,-4.846,1.588,0.150,-11.899,-0.000,1.487,7.413
123.99,-4.846,1.588,0.150,-11.899,-0.000,1.487,7.413
124.01,-4.840,1.604,0.151,-11.899,-0.000,1.487,7.422
124.03,-4.840,1.604,0.151,-11.899,-0.000,1.487,7.422
124.05,-4.853,1.581,0.152,-11.899,-0.000,1.487,7.405
124.07,-4.853,1.581,0.152,-11.899,-0.000,1.487,7.405
124.09,-4.815,1.546,0.153,-11.899,-0.000,1.487,7.434
124.11,-4.815,1.546,0.153,-11.899,-0.000,1.487,7.434
124.13,-4.776,1.516,0.153,-11.899,-0.000,1.487,7.465
124.15,-4.776,1.516,0.153,-11.899,-0.000,1.487,7.465
124.17,-4.754,1.550,0.154,-11.899,-0.000,1.487,7.493
124.19,-4.754,1.550,0.154,-11.899,-0.000,1.487,7.493
124.22,-4.762,1.660,0.154,-11.899,-0.000,1.487,7.509
124.24,-4.762,1.660,0.154,-11.899,-0.000,1.487,7.509
124.26,-4.753,1.673,0.155,-11.899,-0.000,1.487,7.520
124.28,-4.753,1.673,0.155,-11.899,-0.000,1.487,7.520
124.30,-4.792,1.601,0.157,-11.899,-0.000,1.487,7.468
124.32,-4.792,1.601,0.157,-11.899,-0.000,1.487,7.468
124.34,-4.729,1.519,0.158,-11.899,-0.000,1.487,7.511
124.36,-4.729,1.519,0.158,-11.899,-0.000,1.487,7.511
124.38,-4.675,1.500,0.159,-11.899,-0.000,1.487,7.559
124.40,-4.675,1.500,0.159,-11.899,-0.000,1.487,7.559
124.42,-4.675,1.500,0.159,-11.899,-0.000,1.487,7.559
124.44,-4.577,1.497,0.160,-11.899,-0.000,1.487,7.652
124.46,-4.577,1.497,0.160,-11.899,-0.000,1.487,7.652
124.49,-4.533,1.588,0.162,-11.899,-0.000,1.487,7.714
124.51,-4.533,1.588,0.162,-11.899,-0.000,1.487,7.714
124.53,-4.492,1.605,0.163,-11.899,-0.000,1.487,7.756
124.55,-4.492,1.605,0.163,-11.899,-0.000,1.487,7.756
124.57,-4.432,1.634,0.165,-11.899,-0.000,1.487,7.820
124.59,-4.432,1.634,0.165,-11.899,-0.000,1.487,7.820
124.61,-4.307,1.634,0.165,-11.899,-0.000,1.487,7.939
124.63,-4.307,1.634,0.165,-11.899,-0.000,1.487,7.939
124.65,-4.227,1.700,0.166,-11.899,-0.000,1.487,8.030
124.67,-4.227,1.700,0.166,-11.899,-0.000,1.487,8.030
124.69,-4.182,1.758,0.168,-11.899,-0.000,1.487,8.086
124.71,-4.182,1.758,0.168,-11.899,-0.000,1.487,8.086
124.73,-4.116,1.782,0.168,-11.899,-0.000,1.487,8.154
124.76,-4.116,1.782,0.168,-11.899,-0.000,1.487,8.154
124.78,-3.974,1.803,0.169,-11.899,-0.000,1.487,8.294
124.80,-3.974,1.803,0.169,-11.899,-0.000,1.487,8.294
124.82,-3.858,1.868,0.169,-11.899,-0.000,1.487,8.420
124.84,-3.858,1.868,0.169,-11.899,-0.000,1.487,8.420
124.86,-3.782,1.889,0.171,-11.899,-0.000,1.487,8.498
124.88,-3.782,1.889,0.171,-11.899,-0.000,1.487,8.498
124.90,-3.667,1.911,0.170,-11.899,-0.000,1.487,8.612
124.92,-3.667,1.911,0.170,-11.899,-0.000,1.487,8.612
124.94,-3.667,1.911,0.170,-11.899,-0.000,1.487,8.612
124.96,-3.524,1.946,0.170,-11.899,-0.000,1.487,8.756
124.98,-3.524,1.946,0.170,-11.899,-0.000,1.487,8.756
125.00,-3.352,2.021,0.169,-11.899,-0.000,1.487,8.937
125.03,-3.352,2.021,0.169,-11.899,-0.000,1.487,8.937
125.05,-3.275,2.064,0.169,-11.899,-0.000,1.487,9.021
125.07,-3.275,2.064,0.169,-11.899,-0.000,1.487,9.021
125.09,-3.212,2.162,0.169,-11.899,-0.000,1.487,9.104
125.11,-3.212,2.162,0.169,-11.899,-0.000,1.487,9.104
125.13,-3.098,2.165,0.169,-11.899,-0.000,1.487,9.214
125.15,-3.098,2.165,0.169,-11.899,-0.000,1.487,9.214
125.17,-2.986,2.139,0.169,-11.899,-0.000,1.487,9.314
125.19,-2.986,2.139,0.169,-11.899,-0.000,1.487,9.314
125.21,-2.888,2.140,0.169,-11.899,-0.000,1.487,9.409
125.23,-2.888,2.140,0.169,-11.899,-0.000,1.487,9.409
125.25,-2.828,2.192,0.169,-11.899,-0.000,1.487,9.478
125.27,-2.828,2.192,0.169,-11.899,-0.000,1.487,9.478
125.30,-2.710,2.203,0.167,-11.899,-0.000,1.487,9.593
125.32,-2.710,2.203,0.167,-11.899,-0.000,1.487,9.593
125.34,-2.582,2.181,0.167,-11.899,-0.000,1.487,9.711
125.36,-2.582,2.181,0.167,-11.899,-0.000,1.487,9.711
125.38,-2.468,2.198,0.165,-11.899,-0.000,1.487,9.824
125.40,-2.468,2.198,0.165,-11.899,-0.000,1.487,9.824
125.42,-2.387,2.215,0.165,-11.899,-0.000,1.487,9.905
125.44,-2.387,2.215,0.165,-11.899,-0.000,1.487,9.905
125.46,-2.387,2.215,0.165,-11.899,-0.000,1.487,9.905
125.48,-2.325,2.351,0.164,-11.899,-0.000,1.487,9.995
125.50,-2.325,2.351,0.164,-11.899,-0.000,1.487,9.995
125.52,-2.232,2.340,0.161,-11.899,-0.000,1.487,10.081
125.54,-2.232,2.340,0.161,-11.899,-0.000,1.487,10.081
125.57,-2.066,2.334,0.160,-11.899,-0.000,1.487,10.240
125.59,-2.066,2.334,0.160,-11.899,-0.000,1.487,10.240
125.61,-2.069,2.583,0.160,-11.899,-0.000,1.487,10.296
125.63,-2.069,2.583,0.160,-11.899,-0.000,1.487,10.296
125.65,-2.121,2.775,0.160,-11.899,-0.000,1.487,10.297
125.67,-2.121,2.775,0.160,-11.899,-0.000,1.487,10.297
125.69,-2.170,2.941,0.159,-11.899,-0.000,1.487,10.297
125.71,-2.170,2.941,0.159,-11.899,-0.000,1.487,10.297
125.73,-2.202,3.087,0.158,-11.899,-0.000,1.487,10.309
125.75,-2.202,3.087,0.158,-11.899,-0.000,1.487,10.309
125.77,-2.220,3.240,0.157,-11.899,-0.000,1.487,10.338
125.80,-2.220,3.240,0.157,-11.899,-0.000,1.487,10.338
125.82,-2.229,3.412,0.155,-11.899,-0.000,1.487,10.385
125.84,-2.229,3.412,0.155,-11.899,-0.000,1.487,10.385
125.86,-2.229,3.541,0.152,-11.899,-0.000,1.487,10.428
125.88,-2.229,3.541,0.152,-11.899,-0.000,1.487,10.428
125.90,-2.208,3.655,0.149,-11.899,-0.000,1.487,10.486
125.92,-2.208,3.655,0.149,-11.899,-0.000,1.487,10.486
125.94,-2.208,3.655,0.149,-11.899,-0.000,1.487,10.486
125.96,-2.171,3.768,0.144,-11.899,-0.000,1.487,10.559
125.98,-2.171,3.768,0.144,-11.899,-0.000,1.487,10.559
126.00,-2.147,3.832,0.140,-11.899,-0.000,1.487,10.603
126.02,-2.147,3.832,0.140,-11.899,-0.000,1.487,10.603
126.05,-2.103,3.880,0.133,-11.899,-0.000,1.487,10.660
126.07,-2.103,3.880,0.133,-11.899,-0.000,1.487,10.660
126.09,-2.086,3.893,0.128,-11.899,-0.000,1.487,10.680
126.11,-2.086,3.893,0.128,-11.899,-0.000,1.487,10.680
126.13,-2.065,3.899,0.122,-11.899,-0.000,1.487,10.701
126.15,-2.065,3.899,0.122,-11.899,-0.000,1.487,10.701
126.17,-3.717,0.219,0.117,-11.899,-0.000,1.487,8.340
126.19,-3.717,0.219,0.117,-11.899,-0.000,1.487,8.340
126.21,-3.716,0.012,0.112,-11.899,-0.000,1.487,8.337
126.23,-3.716,0.012,0.112,-11.899,-0.000,1.487,8.337
126.25,-3.717,-0.219,0.106,-11.899,-0.000,1.487,8.338
126.27,-3.717,-0.219,0.106,-11.899,-0.000,1.487,8.338
126.29,-3.734,-0.460,0.101,-11.899,-0.000,1.487,8.331
126.31,-3.734,-0.460,0.101,-11.899,-0.000,1.487,8.331
126.34,-3.759,-0.689,0.096,-11.899,-0.000,1.487,8.321
126.36,-3.759,-0.689,0.096,-11.899,-0.000,1.487,8.321
126.38,-3.795,-0.914,0.090,-11.899,-0.000,1.487,8.306
126.40,-3.795,-0.914,0.090,-11.899,-0.000,1.487,8.306
126.42,-3.846,-1.076,0.085,-11.899,-0.000,1.487,8.276
126.44,-3.846,-1.076,0.085,-11.899,-0.000,1.487,8.276
126.46,-3.846,-1.076,0.085,-11.899,-0.000,1.487,8.276
126.48,-3.920,-1.299,0.079,-11.899,-0.000,1.487,8.234
126.50,-3.920,-1.299,0.079,-11.899,-0.000,1.487,8.234
126.52,-3.967,-1.442,0.076,-11.899,-0.000,1.487,8.212
126.54,-3.967,-1.442,0.076,-11.899,-0.000,1.487,8.212
126.56,-4.032,-1.616,0.071,-11.899,-0.000,1.487,8.181
126.59,-4.032,-1.616,0.071,-11.899,-0.000,1.487,8.181
126.61,-4.065,-1.734,0.069,-11.899,-0.000,1.487,8.173
126.63,-4.065,-1.734,0.069,-11.899,-0.000,1.487,8.173
126.65,-4.105,-1.840,0.067,-11.899,-0.000,1.487,8.157
126.67,-4.105,-1.840,0.067,-11.899,-0.000,1.487,8.157
126.69,-4.146,-1.936,0.066,-11.899,-0.000,1.487,8.141
126.71,-4.146,-1.936,0.066,-11.899,-0.000,1.487,8.141
126.73,-4.174,-2.018,0.064,-11.899,-0.000,1.487,8.133
126.75,-4.174,-2.018,0.064,-11.899,-0.000,1.487,8.133
126.77,-4.208,-2.085,0.063,-11.899,-0.000,1.487,8.118
126.79,-4.208,-2.085,0.063,-11.899,-0.000,1.487,8.118
126.82,-4.243,-2.136,0.063,-11.899,-0.000,1.487,8.098
126.84,-4.243,-2.136,0.063,-11.899,-0.000,1.487,8.098
126.86,-4.301,-2.198,0.062,-11.899,-0.000,1.487,8.060
126.88,-4.301,-2.198,0.062,-11.899,-0.000,1.487,8.060
126.90,-4.358,-2.246,0.061,-11.899,-0.000,1.487,8.019
126.92,-4.358,-2.246,0.061,-11.899,-0.000,1.487,8.019
126.94,-4.424,-2.276,0.061,-11.899,-0.000,1.487,7.966
126.96,-4.424,-2.276,0.061,-11.899,-0.000,1.487,7.966
126.98,-4.424,-2.276,0.061,-11.899,-0.000,1.487,7.966
127.00,-4.510,-2.297,0.061,-11.899,-0.000,1.487,7.891
127.02,-4.510,-2.297,0.061,-11.899,-0.000,1.487,7.891
127.04,-4.561,-2.309,0.063,-11.899,-0.000,1.487,7.847
127.06,-4.561,-2.309,0.063,-11.899,-0.000,1.487,7.847
127.09,-4.585,-2.307,0.064,-11.899,-0.000,1.487,7.824
127.11,-4.585,-2.307,0.064,-11.899,-0.000,1.487,7.824
127.13,-4.611,-2.305,0.066,-11.899,-0.000,1.487,7.800
127.15,-4.611,-2.305,0.066,-11.899,-0.000,1.487,7.800
127.17,-4.621,-2.310,0.068,-11.899,-0.000,1.487,7.793
127.19,-4.621,-2.310,0.068,-11.899,-0.000,1.487,7.793
127.21,-4.625,-2.307,0.070,-11.899,-0.000,1.487,7.788
127.23,-4.625,-2.307,0.070,-11.899,-0.000,1.487,7.788
127.25,-4.637,-2.313,0.072,-11.899,-0.000,1.487,7.779
127.27,-4.637,-2.313,0.072,-11.899,-0.000,1.487,7.779
127.29,-4.662,-2.331,0.074,-11.899,-0.000,1.487,7.762
127.31,-4.662,-2.331,0.074,-11.899,-0.000,1.487,7.762
127.33,-4.696,-2.361,0.076,-11.899,-0.000,1.487,7.739
127.36,-4.696,-2.361,0.076,-11.899,-0.000,1.487,7.739
127.38,-4.756,-2.401,0.078,-11.899,-0.000,1.487,7.696
127.40,-4.756,-2.401,0.078,-11.899,-0.000,1.487,7.696
127.42,-4.826,-2.446,0.079,-11.899,-0.000,1.487,7.646
127.44,-4.826,-2.446,0.079,-11.899,-0.000,1.487,7.646
127.46,-4.826,-2.446,0.079,-11.899,-0.000,1.487,7.646
127.48,-4.925,-2.514,0.081,-11.899,-0.000,1.487,7.577
127.50,-4.925,-2.514,0.081,-11.899,-0.000,1.487,7.577
127.52,-5.006,-2.563,0.082,-11.899,-0.000,1.487,7.519
127.54,-5.006,-2.563,0.082,-11.899,-0.000,1.487,7.519
127.56,-5.133,-2.618,0.083,-11.899,-0.000,1.487,7.423
127.59,-5.133,-2.618,0.083,-11.899,-0.000,1.487,7.423
127.61,-5.231,-2.646,0.084,-11.899,-0.000,1.487,7.344
127.63,-5.231,-2.646,0.084,-11.899,-0.000,1.487,7.344
127.65,-5.336,-2.677,0.085,-11.899,-0.000,1.487,7.260
127.67,-5.336,-2.677,0.085,-11.899,-0.000,1.487,7.260
127.69,-5.440,-2.703,0.086,-11.899,-0.000,1.487,7.177
127.71,-5.440,-2.703,0.086,-11.899,-0.000,1.487,7.177
127.73,-5.555,-2.735,0.087,-11.899,-0.000,1.487,7.085
127.75,-5.555,-2.735,0.087,-11.899,-0.000,1.487,7.085
127.77,-5.666,-2.759,0.088,-11.899,-0.000,1.487,6.995
127.79,-5.666,-2.759,0.088,-11.899,-0.000,1.487,6.995
127.81,-5.757,-2.774,0.089,-11.899,-0.000,1.487,6.921
127.84,-5.757,-2.774,0.089,-11.899,-0.000,1.487,6.921
127.86,-5.855,-2.782,0.091,-11.899,-0.000,1.487,6.838
127.88,-5.855,-2.782,0.091,-11.899,-0.000,1.487,6.838
127.90,-5.916,-2.775,0.094,-11.899,-0.000,1.487,6.782
127.92,-5.916,-2.775,0.094,-11.899,-0.000,1.487,6.782
127.94,-5.953,-2.754,0.096,-11.899,-0.000,1.487,6.741
127.96,-5.953,-2.754,0.096,-11.899,-0.000,1.487,6.741
127.98,-5.953,-2.754,0.096,-11.899,-0.000,1.487,6.741
128.00,-5.979,-2.697,0.100,-11.899,-0.000,1.487,6.696
128.02,-5.979,-2.697,0.100,-11.899,-0.000,1.487,6.696
128.04,-5.985,-2.650,0.103,-11.899,-0.000,1.487,6.673
128.06,-5.985,-2.650,0.103,-11.899,-0.000,1.487,6.673
128.08,-5.998,-2.577,0.107,-11.899,-0.000,1.487,6.633
128.11,-5.998,-2.577,0.107,-11.899,-0.000,1.487,6.633
128.13,-6.012,-2.525,0.110,-11.899,-0.000,1.487,6.601
128.15,-6.012,-2.525,0.110,-11.899,-0.000,1.487,6.601
128.17,-6.031,-2.477,0.112,-11.899,-0.000,1.487,6.567
128.19,-6.031,-2.477,0.112,-11.899,-0.000,1.487,6.567
128.21,-6.057,-2.425,0.115,-11.899,-0.000,1.487,6.525
128.23,-6.057,-2.425,0.115,-11.899,-0.000,1.487,6.525
128.25,-6.085,-2.377,0.117,-11.899,-0.000,1.487,6.483
128.27,-6.085,-2.377,0.117,-11.899,-0.000,1.487,6.483
128.29,-6.121,-2.328,0.119,-11.899,-0.000,1.487,6.433
128.31,-6.121,-2.328,0.119,-11.899,-0.000,1.487,6.433
128.34,-6.152,-2.289,0.121,-11.899,-0.000,1.487,6.392
128.36,-6.152,-2.289,0.121,-11.899,-0.000,1.487,6.392
128.38,-6.173,-2.237,0.123,-11.899,-0.000,1.487,6.355
128.40,-6.173,-2.237,0.123,-11.899,-0.000,1.487,6.355
128.42,-6.178,-2.193,0.125,-11.899,-0.000,1.487,6.336
128.44,-6.178,-2.193,0.125,-11.899,-0.000,1.487,6.336
128.46,-6.178,-2.193,0.125,-11.899,-0.000,1.487,6.336
128.48,-6.169,-2.150,0.128,-11.899,-0.000,1.487,6.330
128.50,-6.169,-2.150,0.128,-11.899,-0.000,1.487,6.330
128.52,-6.154,-2.133,0.130,-11.899,-0.000,1.487,6.337
128.54,-6.154,-2.133,0.130,-11.899,-0.000,1.487,6.337
128.56,-6.130,-2.121,0.132,-11.899,-0.000,1.487,6.356
128.58,-6.130,-2.121,0.132,-11.899,-0.000,1.487,6.356
128.60,-6.093,-2.103,0.135,-11.899,-0.000,1.487,6.385
128.63,-6.093,-2.103,0.135,-11.899,-0.000,1.487,6.385
128.65,-6.078,-2.089,0.138,-11.899,-0.000,1.487,6.394
128.67,-6.078,-2.089,0.138,-11.899,-0.000,1.487,6.394
128.69,-6.071,-2.071,0.140,-11.899,-0.000,1.487,6.395
128.71,-6.071,-2.071,0.140,-11.899,-0.000,1.487,6.395
128.73,-6.069,-2.034,0.142,-11.899,-0.000,1.487,6.386
128.75,-6.069,-2.034,0.142,-11.899,-0.000,1.487,6.386
128.77,-6.058,-1.990,0.144,-11.899,-0.000,1.487,6.383
128.79,-6.058,-1.990,0.144,-11.899,-0.000,1.487,6.383
128.81,-6.026,-1.940,0.147,-11.899,-0.000,1.487,6.397
128.83,-6.026,-1.940,0.147,-11.899,-0.000,1.487,6.397
128.85,-5.978,-1.881,0.150,-11.899,-0.000,1.487,6.425
128.88,-5.978,-1.881,0.150,-11.899,-0.000,1.487,6.425
128.90,-5.915,-1.818,0.153,-11.899,-0.000,1.487,6.466
128.92,-5.915,-1.818,0.153,-11.899,-0.000,1.487,6.466
128.94,-5.858,-1.780,0.156,-11.899,-0.000,1.487,6.509
128.96,-5.858,-1.780,0.156,-11.899,-0.000,1.487,6.509
128.98,-5.858,-1.780,0.156,-11.899,-0.000,1.487,6.509
129.00,-5.772,-1.750,0.159,-11.899,-0.000,1.487,6.581
129.02,-5.772,-1.750,0.159,-11.899,-0.000,1.487,6.581
129.04,-5.710,-1.739,0.161,-11.899,-0.000,1.487,6.636
129.06,-5.710,-1.739,0.161,-11.899,-0.000,1.487,6.636
129.08,-5.642,-1.734,0.163,-11.899,-0.000,1.487,6.699
129.10,-5.642,-1.734,0.163,-11.899,-0.000,1.487,6.699
129.13,-5.531,-1.728,0.167,-11.899,-0.000,1.487,6.802
129.15,-5.531,-1.728,0.167,-11.899,-0.000,1.487,6.802
129.17,-5.446,-1.714,0.169,-11.899,-0.000,1.487,6.879
129.19,-5.446,-1.714,0.169,-11.899,-0.000,1.487,6.879
129.21,-5.369,-1.717,0.171,-11.899,-0.000,1.487,6.952
129.23,-5.369,-1.717,0.171,-11.899,-0.000,1.487,6.952
129.25,-5.289,-1.733,0.172,-11.899,-0.000,1.487,7.032
129.27,-5.289,-1.733,0.172,-11.899,-0.000,1.487,7.032
129.29,-5.202,-1.749,0.174,-11.899,-0.000,1.487,7.118
129.31,-5.202,-1.749,0.174,-11.899,-0.000,1.487,7.118
129.33,-5.122,-1.780,0.176,-11.899,-0.000,1.487,7.201
129.35,-5.122,-1.780,0.176,-11.899,-0.000,1.487,7.201
129.37,-5.036,-1.817,0.177,-11.899,-0.000,1.487,7.292
129.39,-5.036,-1.817,0.177,-11.899,-0.000,1.487,7.292
129.42,-4.948,-1.859,0.179,-11.899,-0.000,1.487,7.385
129.44,-4.948,-1.859,0.179,-11.899,-0.000,1.487,7.385
129.46,-4.836,-1.908,0.181,-11.899,-0.000,1.487,7.504
129.48,-4.836,-1.908,0.181,-11.899,-0.000,1.487,7.504
129.50,-4.836,-1.908,0.181,-11.899,-0.000,1.487,7.504
129.52,-4.702,-1.945,0.183,-11.899,-0.000,1.487,7.640
129.54,-4.702,-1.945,0.183,-11.899,-0.000,1.487,7.640
129.56,-4.604,-1.978,0.185,-11.899,-0.000,1.487,7.741
129.58,-4.604,-1.978,0.185,-11.899,-0.000,1.487,7.741
129.60,-4.522,-1.996,0.187,-11.899,-0.000,1.487,7.823
129.62,-4.522,-1.996,0.187,-11.899,-0.000,1.487,7.823
129.64,-4.448,-2.008,0.188,-11.899,-0.000,1.487,7.896
129.67,-4.448,-2.008,0.188,-11.899,-0.000,1.487,7.896
129.69,-4.412,-2.017,0.189,-11.899,-0.000,1.487,7.932
129.71,-4.412,-2.017,0.189,-11.899,-0.000,1.487,7.932
129.73,-4.391,-2.014,0.189,-11.899,-0.000,1.487,7.952
129.75,-4.391,-2.014,0.189,-11.899,-0.000,1.487,7.952
129.77,-4.388,-2.017,0.189,-11.899,-0.000,1.487,7.955
129.79,-4.388,-2.017,0.189,-11.899,-0.000,1.487,7.955
129.81,-4.397,-2.023,0.189,-11.899,-0.000,1.487,7.949
129.83,-4.397,-2.023,0.189,-11.899,-0.000,1.487,7.949
129.85,-4.400,-2.035,0.188,-11.899,-0.000,1.487,7.949
129.87,-4.400,-2.035,0.188,-11.899,-0.000,1.487,7.949
129.89,-4.392,-2.045,0.188,-11.899,-0.000,1.487,7.958
129.91,-4.392,-2.045,0.188,-11.899,-0.000,1.487,7.958
129.94,-4.391,-2.066,0.188,-11.899,-0.000,1.487,7.965
129.96,-4.391,-2.066,0.188,-11.899,-0.000,1.487,7.965
129.98,-4.391,-2.066,0.188,-11.899,-0.000,1.487,7.965
130.00,-4.408,-2.124,0.188,-11.899,-0.000,1.487,7.964
130.02,-4.408,-2.124,0.188,-11.899,-0.000,1.487,7.964
130.04,-4.413,-2.173,0.188,-11.899,-0.000,1.487,7.972
130.06,-4.413,-2.173,0.188,-11.899,-0.000,1.487,7.972
130.08,-4.410,-2.217,0.188,-11.899,-0.000,1.487,7.988
130.10,-4.410,-2.217,0.188,-11.899,-0.000,1.487,7.988
130.12,-4.407,-2.269,0.188,-11.899,-0.000,1.487,8.006
130.14,-4.407,-2.269,0.188,-11.899,-0.000,1.487,8.006
130.16,-4.414,-2.320,0.189,-11.899,-0.000,1.487,8.013
130.18,-4.414,-2.320,0.189,-11.899,-0.000,1.487,8.013
130.21,-4.458,-2.373,0.188,-11.899,-0.000,1.487,7.987
130.23,-4.458,-2.373,0.188,-11.899,-0.000,1.487,7.987
130.25,-4.541,-2.388,0.188,-11.899,-0.000,1.487,7.915
130.27,-4.541,-2.388,0.188,-11.899,-0.000,1.487,7.915
130.29,-4.631,-2.407,0.188,-11.899,-0.000,1.487,7.837
130.31,-4.631,-2.407,0.188,-11.899,-0.000,1.487,7.837
130.33,-4.722,-2.429,0.187,-11.899,-0.000,1.487,7.760
130.35,-4.722,-2.429,0.187,-11.899,-0.000,1.487,7.760
130.37,-4.803,-2.452,0.187,-11.899,-0.000,1.487,7.692
130.39,-4.803,-2.452,0.187,-11.899,-0.000,1.487,7.692
130.41,-4.876,-2.471,0.187,-11.899,-0.000,1.487,7.630
130.43,-4.876,-2.471,0.187,-11.899,-0.000,1.487,7.630
130.46,-4.936,-2.478,0.188,-11.899,-0.000,1.487,7.578
130.48,-4.936,-2.478,0.188,-11.899,-0.000,1.487,7.578
130.50,-4.936,-2.478,0.188,-11.899,-0.000,1.487,7.578
130.52,-5.037,-2.474,0.188,-11.899,-0.000,1.487,7.484
130.54,-5.037,-2.474,0.188,-11.899,-0.000,1.487,7.484
130.56,-5.097,-2.459,0.188,-11.899,-0.000,1.487,7.425
130.58,-5.097,-2.459,0.188,-11.899,-0.000,1.487,7.425
130.60,-5.158,-2.456,0.188,-11.899,-0.000,1.487,7.367
130.62,-5.158,-2.456,0.188,-11.899,-0.000,1.487,7.367
130.64,-5.204,-2.445,0.188,-11.899,-0.000,1.487,7.321
130.66,-5.204,-2.445,0.188,-11.899,-0.000,1.487,7.321
130.68,-5.243,-2.417,0.189,-11.899,-0.000,1.487,7.277
130.70,-5.243,-2.417,0.189,-11.899,-0.000,1.487,7.277
130.73,-5.269,-2.403,0.189,-11.899,-0.000,1.487,7.248
130.75,-5.269,-2.403,0.189,-11.899,-0.000,1.487,7.248
130.77,-5.308,-2.388,0.189,-11.899,-0.000,1.487,7.208
130.79,-5.308,-2.388,0.189,-11.899,-0.000,1.487,7.208
130.81,-5.359,-2.371,0.188,-11.899,-0.000,1.487,7.155
130.83,-5.359,-2.371,0.188,-11.899,-0.000,1.487,7.155
130.85,-5.430,-2.358,0.188,-11.899,-0.000,1.487,7.086
130.87,-5.430,-2.358,0.188,-11.899,-0.000,1.487,7.086
130.89,-5.522,-2.354,0.187,-11.899,-0.000,1.487,7.000
130.91,-5.522,-2.354,0.187,-11.899,-0.000,1.487,7.000
130.93,-5.632,-2.359,0.186,-11.899,-0.000,1.487,6.902
130.95,-5.632,-2.359,0.186,-11.899,-0.000,1.487,6.902
130.98,-5.632,-2.359,0.186,-11.899,-0.000,1.487,6.902
131.00,-5.828,-2.383,0.185,-11.899,-0.000,1.487,6.733
131.02,-5.828,-2.383,0.185,-11.899,-0.000,1.487,6.733
131.04,-5.967,-2.403,0.184,-11.899,-0.000,1.487,6.614
131.06,-5.967,-2.403,0.184,-11.899,-0.000,1.487,6.614
131.08,-6.109,-2.419,0.184,-11.899,-0.000,1.487,6.493
131.10,-6.109,-2.419,0.184,-11.899,-0.000,1.487,6.493
131.12,-6.247,-2.433,0.183,-11.899,-0.000,1.487,6.375
131.14,-6.247,-2.433,0.183,-11.899,-0.000,1.487,6.375
131.16,-6.378,-2.425,0.183,-11.899,-0.000,1.487,6.257
131.18,-6.378,-2.425,0.183,-11.899,-0.000,1.487,6.257
131.20,-6.489,-2.399,0.183,-11.899,-0.000,1.487,6.149
131.22,-6.489,-2.399,0.183,-11.899,-0.000,1.487,6.149
131.25,-6.622,-2.360,0.183,-11.899,-0.000,1.487,6.017
131.27,-6.622,-2.360,0.183,-11.899,-0.000,1.487,6.017
131.29,-6.723,-2.325,0.183,-11.899,-0.000,1.487,5.915
131.31,-6.723,-2.325,0.183,-11.899,-0.000,1.487,5.915
131.33,-6.813,-2.293,0.183,-11.899,-0.000,1.487,5.823
131.35,-6.813,-2.293,0.183,-11.899,-0.000,1.487,5.823
131.37,-6.908,-2.253,0.183,-11.899,-0.000,1.487,5.725
131.39,-6.908,-2.253,0.183,-11.899,-0.000,1.487,5.725
131.41,-6.991,-2.208,0.183,-11.899,-0.000,1.487,5.635
131.43,-6.991,-2.208,0.183,-11.899,-0.000,1.487,5.635
131.45,-7.046,-2.163,0.183,-11.899,-0.000,1.487,5.569
131.47,-7.046,-2.163,0.183,-11.899,-0.000,1.487,5.569
131.49,-7.046,-2.163,0.183,-11.899,-0.000,1.487,5.569
131.52,-7.110,-2.110,0.183,-11.899,-0.000,1.487,5.493
131.54,-7.110,-2.110,0.183,-11.899,-0.000,1.487,5.493
131.56,-7.157,-2.096,0.183,-11.899,-0.000,1.487,5.446
131.58,-7.157,-2.096,0.183,-11.899,-0.000,1.487,5.446
131.60,-7.197,-2.104,0.183,-11.899,-0.000,1.487,5.415
131.62,-7.197,-2.104,0.183,-11.899,-0.000,1.487,5.415
131.64,-7.247,-2.120,0.182,-11.899,-0.000,1.487,5.378
131.66,-7.247,-2.120,0.182,-11.899,-0.000,1.487,5.378
131.68,-7.295,-2.130,0.182,-11.899,-0.000,1.487,5.340
131.70,-7.295,-2.130,0.182,-11.899,-0.000,1.487,5.340
131.72,-7.344,-2.142,0.181,-11.899,-0.000,1.487,5.302
131.74,-7.344,-2.142,0.181,-11.899,-0.000,1.487,5.302
131.76,-7.419,-2.148,0.180,-11.899,-0.000,1.487,5.240
131.79,-7.419,-2.148,0.180,-11.899,-0.000,1.487,5.240
131.81,-7.470,-2.141,0.180,-11.899,-0.000,1.487,5.194
131.83,-7.470,-2.141,0.180,-11.899,-0.000,1.487,5.194
131.85,-7.506,-2.117,0.180,-11.899,-0.000,1.487,5.153
131.87,-7.506,-2.117,0.180,-11.899,-0.000,1.487,5.153
131.89,-7.543,-2.091,0.179,-11.899,-0.000,1.487,5.111
131.91,-7.543,-2.091,0.179,-11.899,-0.000,1.487,5.111
131.93,-7.585,-2.065,0.179,-11.899,-0.000,1.487,5.064
131.95,-7.585,-2.065,0.179,-11.899,-0.000,1.487,5.064
131.97,-7.626,-2.047,0.178,-11.899,-0.000,1.487,5.022
131.99,-7.626,-2.047,0.178,-11.899,-0.000,1.487,5.022
132.01,-7.626,-2.047,0.178,-11.899,-0.000,1.487,5.022
132.04,-7.680,-2.055,0.177,-11.899,-0.000,1.487,4.979
132.06,-7.680,-2.055,0.177,-11.899,-0.000,1.487,4.979
132.08,-7.737,-2.067,0.176,-11.899,-0.000,1.487,4.936
132.10,-7.737,-2.067,0.176,-11.899,-0.000,1.487,4.936
132.12,-7.802,-2.076,0.175,-11.899,-0.000,1.487,4.885
132.14,-7.802,-2.076,0.175,-11.899,-0.000,1.487,4.885
132.16,-7.871,-2.103,0.174,-11.899,-0.000,1.487,4.838
132.18,-7.871,-2.103,0.174,-11.899,-0.000,1.487,4.838
132.20,-7.940,-2.137,0.173,-11.899,-0.000,1.487,4.795
132.22,-7.940,-2.137,0.173,-11.899,-0.000,1.487,4.795
132.24,-8.012,-2.157,0.173,-11.899,-0.000,1.487,4.745
132.26,-8.012,-2.157,0.173,-11.899,-0.000,1.487,4.745
132.28,-8.124,-2.169,0.172,-11.899,-0.000,1.487,4.659
132.31,-8.124,-2.169,0.172,-11.899,-0.000,1.487,4.659
132.33,-8.205,-2.160,0.172,-11.899,-0.000,1.487,4.589
132.35,-8.205,-2.160,0.172,-11.899,-0.000,1.487,4.589
132.37,-8.270,-2.133,0.172,-11.899,-0.000,1.487,4.524
132.39,-8.270,-2.133,0.172,-11.899,-0.000,1.487,4.524
132.41,-8.341,-2.095,0.172,-11.899,-0.000,1.487,4.449
132.43,-8.341,-2.095,0.172,-11.899,-0.000,1.487,4.449
132.45,-8.416,-2.044,0.172,-11.899,-0.000,1.487,4.366
132.47,-8.416,-2.044,0.172,-11.899,-0.000,1.487,4.366
132.49,-8.416,-2.044,0.172,-11.899,-0.000,1.487,4.366
132.51,-8.520,-1.960,0.171,-11.899,-0.000,1.487,4.244
132.53,-8.520,-1.960,0.171,-11.899,-0.000,1.487,4.244
132.56,-8.593,-1.921,0.171,-11.899,-0.000,1.487,4.168
132.58,-8.593,-1.921,0.171,-11.899,-0.000,1.487,4.168
132.60,-8.661,-1.900,0.171,-11.899,-0.000,1.487,4.104
132.62,-8.661,-1.900,0.171,-11.899,-0.000,1.487,4.104
132.64,-8.693,-1.895,0.171,-11.899,-0.000,1.487,4.076
132.66,-8.693,-1.895,0.171,-11.899,-0.000,1.487,4.076
132.68,-8.711,-1.890,0.171,-11.899,-0.000,1.487,4.060
132.70,-8.711,-1.890,0.171,-11.899,-0.000,1.487,4.060
132.72,-8.735,-1.885,0.170,-11.899,-0.000,1.487,4.039
132.74,-8.735,-1.885,0.170,-11.899,-0.000,1.487,4.039
132.76,-8.773,-1.881,0.170,-11.899,-0.000,1.487,4.006
132.78,-8.773,-1.881,0.170,-11.899,-0.000,1.487,4.006
132.80,-8.833,-1.866,0.169,-11.899,-0.000,1.487,3.953
132.83,-8.833,-1.866,0.169,-11.899,-0.000,1.487,3.953
132.85,-8.874,-1.858,0.168,-11.899,-0.000,1.487,3.917
132.87,-8.874,-1.858,0.168,-11.899,-0.000,1.487,3.917
132.89,-8.897,-1.859,0.168,-11.899,-0.000,1.487,3.899
132.91,-8.897,-1.859,0.168,-11.899,-0.000,1.487,3.899
132.93,-8.913,-1.869,0.168,-11.899,-0.000,1.487,3.891
132.95,-8.913,-1.869,0.168,-11.899,-0.000,1.487,3.891
132.97,-8.916,-1.888,0.168,-11.899,-0.000,1.487,3.899
132.99,-8.916,-1.888,0.168,-11.899,-0.000,1.487,3.899
133.01,-8.916,-1.888,0.168,-11.899,-0.000,1.487,3.899
133.03,-8.893,-1.926,0.168,-11.899,-0.000,1.487,3.935
133.05,-8.893,-1.926,0.168,-11.899,-0.000,1.487,3.935
133.08,-8.888,-1.961,0.168,-11.899,-0.000,1.487,3.955
133.10,-8.888,-1.961,0.168,-11.899,-0.000,1.487,3.955
133.12,-8.900,-2.002,0.167,-11.899,-0.000,1.487,3.967
133.14,-8.900,-2.002,0.167,-11.899,-0.000,1.487,3.967
133.16,-8.921,-2.041,0.167,-11.899,-0.000,1.487,3.971
133.18,-8.921,-2.041,0.167,-11.899,-0.000,1.487,3.971
133.20,-8.937,-2.089,0.166,-11.899,-0.000,1.487,3.984
133.22,-8.937,-2.089,0.166,-11.899,-0.000,1.487,3.984
133.24,-8.948,-2.139,0.166,-11.899,-0.000,1.487,4.002
133.26,-8.948,-2.139,0.166,-11.899,-0.000,1.487,4.002
133.28,-8.951,-2.191,0.166,-11.899,-0.000,1.487,4.028
133.30,-8.951,-2.191,0.166,-11.899,-0.000,1.487,4.028
133.32,-8.946,-2.269,0.166,-11.899,-0.000,1.487,4.075
133.35,-8.946,-2.269,0.166,-11.899,-0.000,1.487,4.075
133.37,-8.939,-2.321,0.166,-11.899,-0.000,1.487,4.109
133.39,-8.939,-2.321,0.166,-11.899,-0.000,1.487,4.109
133.41,-8.931,-2.366,0.166,-11.899,-0.000,1.487,4.139
133.43,-8.931,-2.366,0.166,-11.899,-0.000,1.487,4.139
133.45,-8.916,-2.401,0.166,-11.899,-0.000,1.487,4.171
133.47,-8.916,-2.401,0.166,-11.899,-0.000,1.487,4.171
133.49,-8.907,-2.437,0.166,-11.899,-0.000,1.487,4.197
133.51,-8.907,-2.437,0.166,-11.899,-0.000,1.487,4.197
133.53,-8.907,-2.437,0.166,-11.899,-0.000,1.487,4.197
133.55,-8.915,-2.491,0.166,-11.899,-0.000,1.487,4.224
133.57,-8.915,-2.491,0.166,-11.899,-0.000,1.487,4.224
133.60,-8.930,-2.536,0.166,-11.899,-0.000,1.487,4.240
133.62,-8.930,-2.536,0.166,-11.899,-0.000,1.487,4.240
133.64,-8.971,-2.583,0.165,-11.899,-0.000,1.487,4.240
133.66,-8.971,-2.583,0.165,-11.899,-0.000,1.487,4.240
133.68,-9.009,-2.625,0.165,-11.899,-0.000,1.487,4.239
133.70,-9.009,-2.625,0.165,-11.899,-0.000,1.487,4.239
133.72,-9.053,-2.662,0.165,-11.899,-0.000,1.487,4.232
133.74,-9.053,-2.662,0.165,-11.899,-0.000,1.487,4.232
133.76,-9.108,-2.705,0.164,-11.899,-0.000,1.487,4.223
133.78,-9.108,-2.705,0.164,-11.899,-0.000,1.487,4.223
133.80,-9.174,-2.777,0.164,-11.899,-0.000,1.487,4.226
133.83,-9.174,-2.777,0.164,-11.899,-0.000,1.487,4.226
133.85,-9.201,-2.817,0.164,-11.899,-0.000,1.487,4.236
133.87,-9.201,-2.817,0.164,-11.899,-0.000,1.487,4.236
133.89,-9.224,-2.853,0.164,-11.899,-0.000,1.487,4.245
133.91,-9.224,-2.853,0.164,-11.899,-0.000,1.487,4.245
133.93,-9.238,-2.885,0.164,-11.899,-0.000,1.487,4.258
133.95,-9.238,-2.885,0.164,-11.899,-0.000,1.487,4.258
133.97,-9.251,-2.932,0.163,-11.899,-0.000,1.487,4.282
133.99,-9.251,-2.932,0.163,-11.899,-0.000,1.487,4.282
134.01,-9.251,-2.932,0.163,-11.899,-0.000,1.487,4.282
134.03,-9.252,-2.988,0.164,-11.899,-0.000,1.487,4.320
134.05,-9.252,-2.988,0.164,-11.899,-0.000,1.487,4.320
134.07,-9.226,-3.031,0.164,-11.899,-0.000,1.487,4.365
134.09,-9.226,-3.031,0.164,-11.899,-0.000,1.487,4.365
134.12,-9.178,-3.078,0.165,-11.899,-0.000,1.487,4.428
134.14,-9.178,-3.078,0.165,-11.899,-0.000,1.487,4.428
134.16,-9.115,-3.142,0.165,-11.899,-0.000,1.487,4.512
134.18,-9.115,-3.142,0.165,-11.899,-0.000,1.487,4.512
134.20,-9.059,-3.185,0.165,-11.899,-0.000,1.487,4.576
134.22,-9.059,-3.185,0.165,-11.899,-0.000,1.487,4.576
134.24,-8.991,-3.216,0.166,-11.899,-0.000,1.487,4.640
134.26,-8.991,-3.216,0.166,-11.899,-0.000,1.487,4.640
134.28,-8.918,-3.241,0.166,-11.899,-0.000,1.487,4.703
134.30,-8.918,-3.241,0.166,-11.899,-0.000,1.487,4.703
134.32,-8.842,-3.269,0.166,-11.899,-0.000,1.487,4.771
134.34,-8.842,-3.269,0.166,-11.899,-0.000,1.487,4.771
134.36,-8.726,-3.318,0.167,-11.899,-0.000,1.487,4.879
134.39,-8.726,-3.318,0.167,-11.899,-0.000,1.487,4.879
134.41,-8.650,-3.359,0.167,-11.899,-0.000,1.487,4.957
134.43,-8.650,-3.359,0.167,-11.899,-0.000,1.487,4.957
134.45,-8.568,-3.389,0.167,-11.899,-0.000,1.487,5.031
134.47,-8.568,-3.389,0.167,-11.899,-0.000,1.487,5.031
134.49,-8.488,-3.416,0.167,-11.899,-0.000,1.487,5.103
134.51,-8.488,-3.416,0.167,-11.899,-0.000,1.487,5.103
134.53,-8.488,-3.416,0.167,-11.899,-0.000,1.487,5.103
134.55,-8.305,-3.535,0.168,-11.899,-0.000,1.487,5.305
134.57,-8.305,-3.535,0.168,-11.899,-0.000,1.487,5.305
134.59,-8.306,-3.572,0.168,-11.899,-0.000,1.487,5.329
134.61,-8.306,-3.572,0.168,-11.899,-0.000,1.487,5.329
134.64,-8.189,-3.412,0.169,-11.899,-0.000,1.487,5.305
134.66,-8.189,-3.412,0.169,-11.899,-0.000,1.487,5.305
134.68,-8.058,-3.370,0.170,-11.899,-0.000,1.487,5.371
134.70,-8.058,-3.370,0.170,-11.899,-0.000,1.487,5.371
134.72,-8.005,-3.326,0.171,-11.899,-0.000,1.487,5.383
134.74,-8.005,-3.326,0.171,-11.899,-0.000,1.487,5.383
134.76,-7.993,-3.365,0.172,-11.899,-0.000,1.487,5.416
134.78,-7.993,-3.365,0.172,-11.899,-0.000,1.487,5.416
134.80,-8.014,-3.337,0.173,-11.899,-0.000,1.487,5.383
134.82,-8.014,-3.337,0.173,-11.899,-0.000,1.487,5.383
134.84,-7.989,-3.190,0.173,-11.899,-0.000,1.487,5.312
134.86,-7.989,-3.190,0.173,-11.899,-0.000,1.487,5.312
134.88,-7.996,-3.059,0.175,-11.899,-0.000,1.487,5.230
134.91,-7.996,-3.059,0.175,-11.899,-0.000,1.487,5.230
134.93,-7.980,-2.865,0.176,-11.899,-0.000,1.487,5.131
134.95,-7.980,-2.865,0.176,-11.899,-0.000,1.487,5.131
134.97,-8.258,-2.544,0.167,-11.899,-0.000,1.487,4.740
134.99,-8.258,-2.544,0.167,-11.899,-0.000,1.487,4.740
135.01,-8.258,-2.544,0.167,-11.899,-0.000,1.487,4.740
135.03,-8.633,-2.087,0.176,-11.899,-0.000,1.487,4.218
135.05,-8.633,-2.087,0.176,-11.899,-0.000,1.487,4.218
135.07,-8.891,-1.743,0.176,-11.899,-0.000,1.487,3.854
135.09,-8.891,-1.743,0.176,-11.899,-0.000,1.487,3.854
135.11,-9.155,-1.397,0.175,-11.899,-0.000,1.487,3.499
135.13,-9.155,-1.397,0.175,-11.899,-0.000,1.487,3.499
135.15,-9.422,-1.066,0.175,-11.899,-0.000,1.487,3.168
135.18,-9.422,-1.066,0.175,-11.899,-0.000,1.487,3.168
135.20,-9.759,-0.694,0.175,-11.899,-0.000,1.487,2.797
135.22,-9.759,-0.694,0.175,-11.899,-0.000,1.487,2.797
135.24,-10.060,-0.400,0.175,-11.899,-0.000,1.487,2.511
135.26,-10.060,-0.400,0.175,-11.899,-0.000,1.487,2.511
135.28,-10.367,-0.125,0.175,-11.899,-0.000,1.487,2.264
135.30,-10.367,-0.125,0.175,-11.899,-0.000,1.487,2.264
135.32,-10.678,0.137,0.175,-11.899,-0.000,1.487,2.067
135.34,-10.678,0.137,0.175,-11.899,-0.000,1.487,2.067
135.36,-10.986,0.378,0.175,-11.899,-0.000,1.487,1.934
135.38,-10.986,0.378,0.175,-11.899,-0.000,1.487,1.934
135.40,-11.400,0.723,0.174,-11.899,-0.000,1.487,1.880
135.43,-11.400,0.723,0.174,-11.899,-0.000,1.487,1.880
135.45,-11.689,0.961,0.173,-11.899,-0.000,1.487,1.930
135.47,-11.689,0.961,0.173,-11.899,-0.000,1.487,1.930
135.49,-11.959,1.195,0.171,-11.899,-0.000,1.487,2.046
135.51,-11.959,1.195,0.171,-11.899,-0.000,1.487,2.046
135.53,-11.959,1.195,0.171,-11.899,-0.000,1.487,2.046
135.55,-12.312,1.524,0.169,-11.899,-0.000,1.487,2.288
135.57,-12.312,1.524,0.169,-11.899,-0.000,1.487,2.288
135.59,-12.534,1.756,0.166,-11.899,-0.000,1.487,2.495
135.61,-12.534,1.756,0.166,-11.899,-0.000,1.487,2.495
135.63,-12.739,1.968,0.163,-11.899,-0.000,1.487,2.703
135.65,-12.739,1.968,0.163,-11.899,-0.000,1.487,2.703
135.67,-12.936,2.161,0.158,-11.899,-0.000,1.487,2.908
135.69,-12.936,2.161,0.158,-11.899,-0.000,1.487,2.908
135.72,-13.122,2.337,0.153,-11.899,-0.000,1.487,3.107
135.74,-13.122,2.337,0.153,-11.899,-0.000,1.487,3.107
135.76,-13.335,2.520,0.145,-11.899,-0.000,1.487,3.329
135.78,-13.335,2.520,0.145,-11.899,-0.000,1.487,3.329
135.80,-11.196,0.083,0.140,-11.899,-0.000,1.487,1.775
135.82,-11.196,0.083,0.140,-11.899,-0.000,1.487,1.775
135.84,-11.179,0.047,0.138,-11.899,-0.000,1.487,1.778
135.86,-11.179,0.047,0.138,-11.899,-0.000,1.487,1.778
135.88,-11.150,-0.013,0.136,-11.899,-0.000,1.487,1.788
135.90,-11.150,-0.013,0.136,-11.899,-0.000,1.487,1.788
135.92,-11.112,-0.078,0.134,-11.899,-0.000,1.487,1.804
135.94,-11.112,-0.078,0.134,-11.899,-0.000,1.487,1.804
135.97,-11.061,-0.165,0.133,-11.899,-0.000,1.487,1.831
135.99,-11.061,-0.165,0.133,-11.899,-0.000,1.487,1.831
136.01,-11.031,-0.212,0.132,-11.899,-0.000,1.487,1.849
136.03,-11.031,-0.212,0.132,-11.899,-0.000,1.487,1.849
136.05,-11.031,-0.212,0.132,-11.899,-0.000,1.487,1.849
136.07,-11.000,-0.249,0.130,-11.899,-0.000,1.487,1.867
136.09,-11.000,-0.249,0.130,-11.899,-0.000,1.487,1.867
136.11,-10.998,-0.252,0.129,-11.899,-0.000,1.487,1.867
136.13,-10.998,-0.252,0.129,-11.899,-0.000,1.487,1.867
136.15,-11.006,-0.247,0.127,-11.899,-0.000,1.487,1.862
136.17,-11.006,-0.247,0.127,-11.899,-0.000,1.487,1.862
136.19,-11.011,-0.228,0.126,-11.899,-0.000,1.487,1.856
136.22,-11.011,-0.228,0.126,-11.899,-0.000,1.487,1.856
136.24,-11.037,-0.170,0.124,-11.899,-0.000,1.487,1.836
136.26,-11.037,-0.170,0.124,-11.899,-0.000,1.487,1.836
136.28,-11.052,-0.120,0.123,-11.899,-0.000,1.487,1.823
136.30,-11.052,-0.120,0.123,-11.899,-0.000,1.487,1.823
136.32,-11.069,-0.075,0.121,-11.899,-0.000,1.487,1.811
136.34,-11.069,-0.075,0.121,-11.899,-0.000,1.487,1.811
136.36,-11.092,-0.042,0.119,-11.899,-0.000,1.487,1.798
136.38,-11.092,-0.042,0.119,-11.899,-0.000,1.487,1.798
136.40,-11.130,-0.011,0.117,-11.899,-0.000,1.487,1.779
136.42,-11.130,-0.011,0.117,-11.899,-0.000,1.487,1.779
136.44,-11.165,0.038,0.114,-11.899,-0.000,1.487,1.762
136.47,-11.165,0.038,0.114,-11.899,-0.000,1.487,1.762
136.49,-11.164,0.067,0.112,-11.899,-0.000,1.487,1.761
136.51,-11.164,0.067,0.112,-11.899,-0.000,1.487,1.761
136.53,-11.164,0.067,0.112,-11.899,-0.000,1.487,1.761
136.55,-11.119,0.117,0.108,-11.899,-0.000,1.487,1.780
136.57,-11.119,0.117,0.108,-11.899,-0.000,1.487,1.780
136.59,-11.062,0.164,0.106,-11.899,-0.000,1.487,1.807
136.61,-11.062,0.164,0.106,-11.899,-0.000,1.487,1.807
136.63,-10.995,0.224,0.104,-11.899,-0.000,1.487,1.844
136.65,-10.995,0.224,0.104,-11.899,-0.000,1.487,1.844
136.68,-10.921,0.297,0.103,-11.899,-0.000,1.487,1.891
136.70,-10.921,0.297,0.103,-11.899,-0.000,1.487,1.891
136.72,-10.831,0.407,0.101,-11.899,-0.000,1.487,1.957
136.74,-10.831,0.407,0.101,-11.899,-0.000,1.487,1.957
136.76,-10.750,0.504,0.101,-11.899,-0.000,1.487,2.024
136.78,-10.750,0.504,0.101,-11.899,-0.000,1.487,2.024
136.80,-10.687,0.596,0.100,-11.899,-0.000,1.487,2.084
136.82,-10.687,0.596,0.100,-11.899,-0.000,1.487,2.084
136.84,-10.651,0.700,0.099,-11.899,-0.000,1.487,2.137
136.86,-10.651,0.700,0.099,-11.899,-0.000,1.487,2.137
136.88,-10.659,0.800,0.099,-11.899,-0.000,1.487,2.167
136.91,-10.659,0.800,0.099,-11.899,-0.000,1.487,2.167
136.93,-10.687,0.869,0.099,-11.899,-0.000,1.487,2.178
136.95,-10.687,0.869,0.099,-11.899,-0.000,1.487,2.178
136.97,-10.726,0.913,0.099,-11.899,-0.000,1.487,2.174
136.99,-10.726,0.913,0.099,-11.899,-0.000,1.487,2.174
137.01,-10.776,0.942,0.099,-11.899,-0.000,1.487,2.160
137.03,-10.776,0.942,0.099,-11.899,-0.000,1.487,2.160
137.05,-10.776,0.942,0.099,-11.899,-0.000,1.487,2.160
137.07,-10.827,0.969,0.099,-11.899,-0.000,1.487,2.146
137.09,-10.827,0.969,0.099,-11.899,-0.000,1.487,2.146
137.11,-10.876,0.978,0.100,-11.899,-0.000,1.487,2.127
137.14,-10.876,0.978,0.100,-11.899,-0.000,1.487,2.127
137.16,-10.933,1.001,0.100,-11.899,-0.000,1.487,2.111
137.18,-10.933,1.001,0.100,-11.899,-0.000,1.487,2.111
137.20,-10.969,1.041,0.102,-11.899,-0.000,1.487,2.115
137.22,-10.969,1.041,0.102,-11.899,-0.000,1.487,2.115
137.24,-10.993,1.086,0.103,-11.899,-0.000,1.487,2.128
137.26,-10.993,1.086,0.103,-11.899,-0.000,1.487,2.128
137.28,-11.022,1.138,0.104,-11.899,-0.000,1.487,2.145
137.30,-11.022,1.138,0.104,-11.899,-0.000,1.487,2.145
137.32,-11.073,1.202,0.106,-11.899,-0.000,1.487,2.161
137.34,-11.073,1.202,0.106,-11.899,-0.000,1.487,2.161
137.36,-11.167,1.283,0.109,-11.899,-0.000,1.487,2.175
137.39,-11.167,1.283,0.109,-11.899,-0.000,1.487,2.175
137.41,-11.233,1.322,0.111,-11.899,-0.000,1.487,2.179
137.43,-11.233,1.322,0.111,-11.899,-0.000,1.487,2.179
137.45,-11.288,1.355,0.112,-11.899,-0.000,1.487,2.183
137.47,-11.288,1.355,0.112,-11.899,-0.000,1.487,2.183
137.49,-11.355,1.381,0.113,-11.899,-0.000,1.487,2.183
137.51,-11.355,1.381,0.113,-11.899,-0.000,1.487,2.183
137.53,-11.355,1.381,0.113,-11.899,-0.000,1.487,2.183
137.55,-11.471,1.420,0.114,-11.899,-0.000,1.487,2.183
137.57,-11.471,1.420,0.114,-11.899,-0.000,1.487,2.183
137.59,-11.570,1.456,0.115,-11.899,-0.000,1.487,2.190
137.61,-11.570,1.456,0.115,-11.899,-0.000,1.487,2.190
137.64,-11.678,1.493,0.116,-11.899,-0.000,1.487,2.202
137.66,-11.678,1.493,0.116,-11.899,-0.000,1.487,2.202
137.68,-11.812,1.537,0.117,-11.899,-0.000,1.487,2.224
137.70,-11.812,1.537,0.117,-11.899,-0.000,1.487,2.224
137.72,-11.914,1.553,0.118,-11.899,-0.000,1.487,2.234
137.74,-11.914,1.553,0.118,-11.899,-0.000,1.487,2.234
137.76,-12.021,1.558,0.118,-11.899,-0.000,1.487,2.241
137.78,-12.021,1.558,0.118,-11.899,-0.000,1.487,2.241
137.80,-12.120,1.566,0.119,-11.899,-0.000,1.487,2.254
137.82,-12.120,1.566,0.119,-11.899,-0.000,1.487,2.254
137.84,-12.244,1.589,0.120,-11.899,-0.000,1.487,2.287
137.86,-12.244,1.589,0.120,-11.899,-0.000,1.487,2.287
137.89,-12.332,1.623,0.121,-11.899,-0.000,1.487,2.326
137.91,-12.332,1.623,0.121,-11.899,-0.000,1.487,2.326
137.93,-12.420,1.671,0.122,-11.899,-0.000,1.487,2.378
137.95,-12.420,1.671,0.122,-11.899,-0.000,1.487,2.378
137.97,-12.505,1.710,0.123,-11.899,-0.000,1.487,2.426
137.99,-12.505,1.710,0.123,-11.899,-0.000,1.487,2.426
138.01,-12.586,1.743,0.124,-11.899,-0.000,1.487,2.472
138.03,-12.586,1.743,0.124,-11.899,-0.000,1.487,2.472
138.05,-12.586,1.743,0.124,-11.899,-0.000,1.487,2.472
138.07,-12.685,1.793,0.126,-11.899,-0.000,1.487,2.537
138.09,-12.685,1.793,0.126,-11.899,-0.000,1.487,2.537
138.12,-12.760,1.829,0.128,-11.899,-0.000,1.487,2.588
138.14,-12.760,1.829,0.128,-11.899,-0.000,1.487,2.588
138.16,-12.835,1.873,0.129,-11.899,-0.000,1.487,2.646
138.18,-12.835,1.873,0.129,-11.899,-0.000,1.487,2.646
138.20,-12.896,1.917,0.131,-11.899,-0.000,1.487,2.700
138.22,-12.896,1.917,0.131,-11.899,-0.000,1.487,2.700
138.24,-12.965,1.962,0.132,-11.899,-0.000,1.487,2.759
138.26,-12.965,1.962,0.132,-11.899,-0.000,1.487,2.759
138.28,-13.045,1.997,0.134,-11.899,-0.000,1.487,2.816
138.30,-13.045,1.997,0.134,-11.899,-0.000,1.487,2.816
138.32,-13.156,2.060,0.136,-11.899,-0.000,1.487,2.909
138.34,-13.156,2.060,0.136,-11.899,-0.000,1.487,2.909
138.37,-13.237,2.110,0.137,-11.899,-0.000,1.487,2.981
138.39,-13.237,2.110,0.137,-11.899,-0.000,1.487,2.981
138.41,-13.308,2.147,0.139,-11.899,-0.000,1.487,3.040
138.43,-13.308,2.147,0.139,-11.899,-0.000,1.487,3.040
138.45,-13.363,2.171,0.140,-11.899,-0.000,1.487,3.083
138.47,-13.363,2.171,0.140,-11.899,-0.000,1.487,3.083
138.49,-13.420,2.199,0.141,-11.899,-0.000,1.487,3.131
138.51,-13.420,2.199,0.141,-11.899,-0.000,1.487,3.131
138.53,-13.462,2.225,0.142,-11.899,-0.000,1.487,3.170
138.55,-13.462,2.225,0.142,-11.899,-0.000,1.487,3.170
138.57,-13.462,2.225,0.142,-11.899,-0.000,1.487,3.170
138.60,-13.514,2.270,0.142,-11.899,-0.000,1.487,3.228
138.62,-13.514,2.270,0.142,-11.899,-0.000,1.487,3.228
138.64,-11.215,1.255,0.143,-11.899,-0.000,1.487,2.168
138.66,-11.215,1.255,0.143,-11.899,-0.000,1.487,2.168
138.68,-11.092,1.236,0.143,-11.899,-0.000,1.487,2.199
138.70,-11.092,1.236,0.143,-11.899,-0.000,1.487,2.199
138.72,-10.956,1.214,0.142,-11.899,-0.000,1.487,2.240
138.74,-10.956,1.214,0.142,-11.899,-0.000,1.487,2.240
138.76,-10.803,1.201,0.142,-11.899,-0.000,1.487,2.302
138.78,-10.803,1.201,0.142,-11.899,-0.000,1.487,2.302
138.80,-10.674,1.201,0.142,-11.899,-0.000,1.487,2.366
138.82,-10.674,1.201,0.142,-11.899,-0.000,1.487,2.366
138.85,-10.545,1.227,0.142,-11.899,-0.000,1.487,2.448
138.87,-10.545,1.227,0.142,-11.899,-0.000,1.487,2.448
138.89,-10.480,1.259,0.142,-11.899,-0.000,1.487,2.501
138.91,-10.480,1.259,0.142,-11.899,-0.000,1.487,2.501
138.93,-10.430,1.319,0.143,-11.899,-0.000,1.487,2.561
138.95,-10.430,1.319,0.143,-11.899,-0.000,1.487,2.561
138.97,-10.404,1.380,0.143,-11.899,-0.000,1.487,2.607
138.99,-10.404,1.380,0.143,-11.899,-0.000,1.487,2.607
139.01,-10.405,1.443,0.144,-11.899,-0.000,1.487,2.641
139.03,-10.405,1.443,0.144,-11.899,-0.000,1.487,2.641
139.05,-10.405,1.443,0.144,-11.899,-0.000,1.487,2.641
139.07,-10.431,1.541,0.144,-11.899,-0.000,1.487,2.682
139.09,-10.431,1.541,0.144,-11.899,-0.000,1.487,2.682
139.12,-10.477,1.606,0.144,-11.899,-0.000,1.487,2.695
139.14,-10.477,1.606,0.144,-11.899,-0.000,1.487,2.695
139.16,-10.546,1.672,0.144,-11.899,-0.000,1.487,2.699
139.18,-10.546,1.672,0.144,-11.899,-0.000,1.487,2.699
139.20,-10.619,1.725,0.144,-11.899,-0.000,1.487,2.697
139.22,-10.619,1.725,0.144,-11.899,-0.000,1.487,2.697
139.24,-10.704,1.765,0.144,-11.899,-0.000,1.487,2.684
139.26,-10.704,1.765,0.144,-11.899,-0.000,1.487,2.684
139.28,-10.784,1.781,0.143,-11.899,-0.000,1.487,2.660
139.30,-10.784,1.781,0.143,-11.899,-0.000,1.487,2.660
139.32,-10.847,1.775,0.142,-11.899,-0.000,1.487,2.629
139.34,-10.847,1.775,0.142,-11.899,-0.000,1.487,2.629
139.37,-10.919,1.738,0.141,-11.899,-0.000,1.487,2.575
139.39,-10.919,1.738,0.141,-11.899,-0.000,1.487,2.575
139.41,-10.953,1.709,0.140,-11.899,-0.000,1.487,2.542
139.43,-10.953,1.709,0.140,-11.899,-0.000,1.487,2.542
139.45,-10.991,1.666,0.139,-11.899,-0.000,1.487,2.499
139.47,-10.991,1.666,0.139,-11.899,-0.000,1.487,2.499
139.49,-11.026,1.621,0.138,-11.899,-0.000,1.487,2.457
139.51,-11.026,1.621,0.138,-11.899,-0.000,1.487,2.457
139.53,-11.058,1.577,0.137,-11.899,-0.000,1.487,2.416
139.55,-11.058,1.577,0.137,-11.899,-0.000,1.487,2.416
139.57,-11.058,1.577,0.137,-11.899,-0.000,1.487,2.416
139.59,-11.087,1.513,0.137,-11.899,-0.000,1.487,2.363
139.61,-11.087,1.513,0.137,-11.899,-0.000,1.487,2.363
139.64,-11.093,1.464,0.136,-11.899,-0.000,1.487,2.330
139.66,-11.093,1.464,0.136,-11.899,-0.000,1.487,2.330
139.68,-11.081,1.397,0.135,-11.899,-0.000,1.487,2.293
139.70,-11.081,1.397,0.135,-11.899,-0.000,1.487,2.293
139.72,-11.053,1.350,0.135,-11.899,-0.000,1.487,2.273
139.74,-11.053,1.350,0.135,-11.899,-0.000,1.487,2.273
139.76,-11.006,1.302,0.134,-11.899,-0.000,1.487,2.263
139.78,-11.006,1.302,0.134,-11.899,-0.000,1.487,2.263
139.80,-10.958,1.261,0.133,-11.899,-0.000,1.487,2.258
139.82,-10.958,1.261,0.133,-11.899,-0.000,1.487,2.258
139.84,-10.885,1.207,0.131,-11.899,-0.000,1.487,2.259
139.87,-10.885,1.207,0.131,-11.899,-0.000,1.487,2.259
139.89,-10.825,1.176,0.131,-11.899,-0.000,1.487,2.270
139.91,-10.825,1.176,0.131,-11.899,-0.000,1.487,2.270
139.93,-10.754,1.158,0.130,-11.899,-0.000,1.487,2.295
139.95,-10.754,1.158,0.130,-11.899,-0.000,1.487,2.295
139.97,-10.695,1.131,0.129,-11.899,-0.000,1.487,2.311
139.99,-10.695,1.131,0.129,-11.899,-0.000,1.487,2.311
140.01,-10.640,1.115,0.129,-11.899,-0.000,1.487,2.332
140.03,-10.640,1.115,0.129,-11.899,-0.000,1.487,2.332
140.05,-10.640,1.115,0.129,-11.899,-0.000,1.487,2.332
140.07,-10.579,1.105,0.128,-11.899,-0.000,1.487,2.361
140.09,-10.579,1.105,0.128,-11.899,-0.000,1.487,2.361
140.11,-10.534,1.098,0.129,-11.899,-0.000,1.487,2.384
140.13,-10.534,1.098,0.129,-11.899,-0.000,1.487,2.384
140.16,-10.484,1.082,0.129,-11.899,-0.000,1.487,2.405
140.18,-10.484,1.082,0.129,-11.899,-0.000,1.487,2.405
140.20,-10.425,1.054,0.129,-11.899,-0.000,1.487,2.428
140.22,-10.425,1.054,0.129,-11.899,-0.000,1.487,2.428
140.24,-10.370,1.033,0.129,-11.899,-0.000,1.487,2.453
140.26,-10.370,1.033,0.129,-11.899,-0.000,1.487,2.453
140.28,-10.315,1.002,0.129,-11.899,-0.000,1.487,2.476
140.30,-10.315,1.002,0.129,-11.899,-0.000,1.487,2.476
140.32,-10.251,0.972,0.130,-11.899,-0.000,1.487,2.505
140.34,-10.251,0.972,0.130,-11.899,-0.000,1.487,2.505
140.36,-10.175,0.917,0.131,-11.899,-0.000,1.487,2.536
140.38,-10.175,0.917,0.131,-11.899,-0.000,1.487,2.536
140.41,-10.125,0.878,0.131,-11.899,-0.000,1.487,2.557
140.43,-10.125,0.878,0.131,-11.899,-0.000,1.487,2.557
140.45,-10.087,0.825,0.132,-11.899,-0.000,1.487,2.567
140.47,-10.087,0.825,0.132,-11.899,-0.000,1.487,2.567
140.49,-10.052,0.754,0.132,-11.899,-0.000,1.487,2.570
140.51,-10.052,0.754,0.132,-11.899,-0.000,1.487,2.570
140.53,-10.015,0.689,0.133,-11.899,-0.000,1.487,2.578
140.55,-10.015,0.689,0.133,-11.899,-0.000,1.487,2.578
140.57,-10.015,0.689,0.133,-11.899,-0.000,1.487,2.578
140.59,-9.992,0.599,0.134,-11.899,-0.000,1.487,2.574
140.61,-9.992,0.599,0.134,-11.899,-0.000,1.487,2.574
140.64,-9.998,0.538,0.134,-11.899,-0.000,1.487,2.556
140.66,-9.998,0.538,0.134,-11.899,-0.000,1.487,2.556
140.68,-10.025,0.472,0.135,-11.899,-0.000,1.487,2.523
140.70,-10.025,0.472,0.135,-11.899,-0.000,1.487,2.523
140.72,-10.059,0.433,0.135,-11.899,-0.000,1.487,2.491
140.74,-10.059,0.433,0.135,-11.899,-0.000,1.487,2.491
140.76,-10.104,0.407,0.136,-11.899,-0.000,1.487,2.454
140.78,-10.104,0.407,0.136,-11.899,-0.000,1.487,2.454
140.80,-10.158,0.397,0.136,-11.899,-0.000,1.487,2.413
140.82,-10.158,0.397,0.136,-11.899,-0.000,1.487,2.413
140.84,-10.237,0.413,0.137,-11.899,-0.000,1.487,2.360
140.86,-10.237,0.413,0.137,-11.899,-0.000,1.487,2.360
140.89,-10.286,0.446,0.137,-11.899,-0.000,1.487,2.333
140.91,-10.286,0.446,0.137,-11.899,-0.000,1.487,2.333
140.93,-10.321,0.496,0.138,-11.899,-0.000,1.487,2.318
140.95,-10.321,0.496,0.138,-11.899,-0.000,1.487,2.318
140.97,-10.338,0.559,0.138,-11.899,-0.000,1.487,2.322
140.99,-10.338,0.559,0.138,-11.899,-0.000,1.487,2.322
141.01,-10.340,0.623,0.138,-11.899,-0.000,1.487,2.337
141.03,-10.340,0.623,0.138,-11.899,-0.000,1.487,2.337
141.05,-10.351,0.676,0.139,-11.899,-0.000,1.487,2.345
141.07,-10.351,0.676,0.139,-11.899,-0.000,1.487,2.345
141.09,-10.351,0.676,0.139,-11.899,-0.000,1.487,2.345
141.12,-10.352,0.747,0.139,-11.899,-0.000,1.487,2.366
141.14,-10.352,0.747,0.139,-11.899,-0.000,1.487,2.366
141.16,-10.337,0.788,0.140,-11.899,-0.000,1.487,2.389
141.18,-10.337,0.788,0.140,-11.899,-0.000,1.487,2.389
141.20,-10.328,0.825,0.140,-11.899,-0.000,1.487,2.408
141.22,-10.328,0.825,0.140,-11.899,-0.000,1.487,2.408
141.24,-10.311,0.863,0.141,-11.899,-0.000,1.487,2.433
141.26,-10.311,0.863,0.141,-11.899,-0.000,1.487,2.433
141.28,-10.298,0.882,0.142,-11.899,-0.000,1.487,2.449
141.30,-10.298,0.882,0.142,-11.899,-0.000,1.487,2.449
141.32,-10.266,0.888,0.143,-11.899,-0.000,1.487,2.472
141.34,-10.266,0.888,0.143,-11.899,-0.000,1.487,2.472
141.37,-10.242,0.885,0.143,-11.899,-0.000,1.487,2.487
141.39,-10.242,0.885,0.143,-11.899,-0.000,1.487,2.487
141.41,-10.210,0.884,0.144,-11.899,-0.000,1.487,2.509
141.43,-10.210,0.884,0.144,-11.899,-0.000,1.487,2.509
141.45,-10.188,0.872,0.145,-11.899,-0.000,1.487,2.521
141.47,-10.188,0.872,0.145,-11.899,-0.000,1.487,2.521
141.49,-10.155,0.849,0.145,-11.899,-0.000,1.487,2.535
141.51,-10.155,0.849,0.145,-11.899,-0.000,1.487,2.535
141.53,-10.116,0.824,0.146,-11.899,-0.000,1.487,2.554
141.55,-10.116,0.824,0.146,-11.899,-0.000,1.487,2.554
141.57,-10.116,0.824,0.146,-11.899,-0.000,1.487,2.554
141.59,-10.046,0.779,0.146,-11.899,-0.000,1.487,2.590
141.62,-10.046,0.779,0.146,-11.899,-0.000,1.487,2.590
141.64,-9.978,0.726,0.146,-11.899,-0.000,1.487,2.624
141.66,-9.978,0.726,0.146,-11.899,-0.000,1.487,2.624
141.68,-9.923,0.673,0.146,-11.899,-0.000,1.487,2.650
141.70,-9.923,0.673,0.146,-11.899,-0.000,1.487,2.650
141.72,-9.882,0.618,0.146,-11.899,-0.000,1.487,2.668
141.74,-9.882,0.618,0.146,-11.899,-0.000,1.487,2.668
141.76,-9.847,0.556,0.146,-11.899,-0.000,1.487,2.681
141.78,-9.847,0.556,0.146,-11.899,-0.000,1.487,2.681
141.80,-9.829,0.492,0.146,-11.899,-0.000,1.487,2.683
141.82,-9.829,0.492,0.146,-11.899,-0.000,1.487,2.683
141.84,-9.834,0.398,0.147,-11.899,-0.000,1.487,2.663
141.86,-9.834,0.398,0.147,-11.899,-0.000,1.487,2.663
141.89,-9.843,0.332,0.148,-11.899,-0.000,1.487,2.648
141.91,-9.843,0.332,0.148,-11.899,-0.000,1.487,2.648
141.93,-9.868,0.274,0.148,-11.899,-0.000,1.487,2.622
141.95,-9.868,0.274,0.148,-11.899,-0.000,1.487,2.622
141.97,-9.905,0.206,0.149,-11.899,-0.000,1.487,2.588
141.99,-9.905,0.206,0.149,-11.899,-0.000,1.487,2.588
142.01,-9.934,0.151,0.149,-11.899,-0.000,1.487,2.562
142.03,-9.934,0.151,0.149,-11.899,-0.000,1.487,2.562
142.05,-9.944,0.107,0.150,-11.899,-0.000,1.487,2.552
142.07,-9.944,0.107,0.150,-11.899,-0.000,1.487,2.552
142.09,-9.944,0.107,0.150,-11.899,-0.000,1.487,2.552
142.12,-9.947,0.040,0.150,-11.899,-0.000,1.487,2.548
142.14,-9.947,0.040,0.150,-11.899,-0.000,1.487,2.548
142.16,-9.966,-0.020,0.151,-11.899,-0.000,1.487,2.534
142.18,-9.966,-0.020,0.151,-11.899,-0.000,1.487,2.534
142.20,-10.004,-0.071,0.151,-11.899,-0.000,1.487,2.506
142.22,-10.004,-0.071,0.151,-11.899,-0.000,1.487,2.506
142.24,-10.059,-0.131,0.151,-11.899,-0.000,1.487,2.467
142.26,-10.059,-0.131,0.151,-11.899,-0.000,1.487,2.467
142.28,-10.113,-0.191,0.152,-11.899,-0.000,1.487,2.431
142.30,-10.113,-0.191,0.152,-11.899,-0.000,1.487,2.431
142.32,-10.167,-0.253,0.152,-11.899,-0.000,1.487,2.398
142.34,-10.167,-0.253,0.152,-11.899,-0.000,1.487,2.398
142.37,-10.264,-0.313,0.153,-11.899,-0.000,1.487,2.337
142.39,-10.264,-0.313,0.153,-11.899,-0.000,1.487,2.337
142.41,-10.343,-0.351,0.153,-11.899,-0.000,1.487,2.288
142.43,-10.343,-0.351,0.153,-11.899,-0.000,1.487,2.288
142.45,-10.421,-0.395,0.153,-11.899,-0.000,1.487,2.243
142.47,-10.421,-0.395,0.153,-11.899,-0.000,1.487,2.243
142.49,-10.504,-0.436,0.153,-11.899,-0.000,1.487,2.197
142.51,-10.504,-0.436,0.153,-11.899,-0.000,1.487,2.197
142.53,-10.599,-0.471,0.154,-11.899,-0.000,1.487,2.146
142.55,-10.599,-0.471,0.154,-11.899,-0.000,1.487,2.146
142.57,-10.599,-0.471,0.154,-11.899,-0.000,1.487,2.146
142.59,-10.745,-0.527,0.154,-11.899,-0.000,1.487,2.074
142.62,-10.745,-0.527,0.154,-11.899,-0.000,1.487,2.074
142.64,-10.874,-0.586,0.154,-11.899,-0.000,1.487,2.022
142.66,-10.874,-0.586,0.154,-11.899,-0.000,1.487,2.022
142.68,-10.978,-0.639,0.155,-11.899,-0.000,1.487,1.988
142.70,-10.978,-0.639,0.155,-11.899,-0.000,1.487,1.988
142.72,-11.074,-0.700,0.156,-11.899,-0.000,1.487,1.967
142.74,-11.074,-0.700,0.156,-11.899,-0.000,1.487,1.967
142.76,-11.163,-0.752,0.156,-11.899,-0.000,1.487,1.952
142.78,-11.163,-0.752,0.156,-11.899,-0.000,1.487,1.952
142.80,-11.248,-0.802,0.157,-11.899,-0.000,1.487,1.942
142.82,-11.248,-0.802,0.157,-11.899,-0.000,1.487,1.942
142.84,-11.366,-0.860,0.158,-11.899,-0.000,1.487,1.932
142.87,-11.366,-0.860,0.158,-11.899,-0.000,1.487,1.932
142.89,-11.449,-0.894,0.159,-11.899,-0.000,1.487,1.927
142.91,-11.449,-0.894,0.159,-11.899,-0.000,1.487,1.927
142.93,-11.526,-0.914,0.160,-11.899,-0.000,1.487,1.920
142.95,-11.526,-0.914,0.160,-11.899,-0.000,1.487,1.920
142.97,-11.591,-0.925,0.161,-11.899,-0.000,1.487,1.915
142.99,-11.591,-0.925,0.161,-11.899,-0.000,1.487,1.915
143.01,-11.635,-0.921,0.161,-11.899,-0.000,1.487,1.907
143.03,-11.635,-0.921,0.161,-11.899,-0.000,1.487,1.907
143.05,-11.682,-0.907,0.162,-11.899,-0.000,1.487,1.895
143.07,-11.682,-0.907,0.162,-11.899,-0.000,1.487,1.895
143.09,-11.682,-0.907,0.162,-11.899,-0.000,1.487,1.895
143.11,-11.757,-0.880,0.162,-11.899,-0.000,1.487,1.875
143.14,-11.757,-0.880,0.162,-11.899,-0.000,1.487,1.875
143.16,-11.825,-0.870,0.163,-11.899,-0.000,1.487,1.867
143.18,-11.825,-0.870,0.163,-11.899,-0.000,1.487,1.867
143.20,-11.876,-0.867,0.163,-11.899,-0.000,1.487,1.864
143.22,-11.876,-0.867,0.163,-11.899,-0.000,1.487,1.864
143.24,-11.930,-0.854,0.163,-11.899,-0.000,1.487,1.859
143.26,-11.930,-0.854,0.163,-11.899,-0.000,1.487,1.859
143.28,-11.996,-0.839,0.163,-11.899,-0.000,1.487,1.854
143.30,-11.996,-0.839,0.163,-11.899,-0.000,1.487,1.854
143.32,-12.077,-0.832,0.163,-11.899,-0.000,1.487,1.857
143.34,-12.077,-0.832,0.163,-11.899,-0.000,1.487,1.857
143.36,-12.163,-0.840,0.164,-11.899,-0.000,1.487,1.871
143.38,-12.163,-0.840,0.164,-11.899,-0.000,1.487,1.871
143.40,-12.267,-0.868,0.164,-11.899,-0.000,1.487,1.902
143.43,-12.267,-0.868,0.164,-11.899,-0.000,1.487,1.902
143.45,-12.336,-0.891,0.164,-11.899,-0.000,1.487,1.927
143.47,-12.336,-0.891,0.164,-11.899,-0.000,1.487,1.927
143.49,-12.410,-0.925,0.165,-11.899,-0.000,1.487,1.961
143.51,-12.410,-0.925,0.165,-11.899,-0.000,1.487,1.961
143.53,-12.494,-0.960,0.165,-11.899,-0.000,1.487,2.001
143.55,-12.494,-0.960,0.165,-11.899,-0.000,1.487,2.001
143.57,-12.592,-0.999,0.165,-11.899,-0.000,1.487,2.051
143.59,-12.592,-0.999,0.165,-11.899,-0.000,1.487,2.051
143.61,-12.592,-0.999,0.165,-11.899,-0.000,1.487,2.051
143.63,-12.732,-1.041,0.165,-11.899,-0.000,1.487,2.123
143.65,-12.732,-1.041,0.165,-11.899,-0.000,1.487,2.123
143.68,-12.839,-1.051,0.165,-11.899,-0.000,1.487,2.172
143.70,-12.839,-1.051,0.165,-11.899,-0.000,1.487,2.172
143.72,-12.976,-1.042,0.165,-11.899,-0.000,1.487,2.230
143.74,-12.976,-1.042,0.165,-11.899,-0.000,1.487,2.230
143.76,-13.099,-1.018,0.165,-11.899,-0.000,1.487,2.282
143.78,-13.099,-1.018,0.165,-11.899,-0.000,1.487,2.282
143.80,-13.099,-1.018,0.165,-11.899,-0.000,1.487,2.282
143.82,-13.288,-0.939,0.166,-11.899,-0.000,1.487,2.355
143.84,-13.288,-0.939,0.166,-11.899,-0.000,1.487,2.355
143.86,-13.403,-0.862,0.167,-11.899,-0.000,1.487,2.396
143.88,-13.403,-0.862,0.167,-11.899,-0.000,1.487,2.396
143.91,-13.479,-0.810,0.167,-11.899,-0.000,1.487,2.427
143.93,-13.479,-0.810,0.167,-11.899,-0.000,1.487,2.427
143.95,-13.541,-0.771,0.168,-11.899,-0.000,1.487,2.456
143.97,-13.541,-0.771,0.168,-11.899,-0.000,1.487,2.456
143.99,-13.580,-0.719,0.169,-11.899,-0.000,1.487,2.467
144.01,-13.580,-0.719,0.169,-11.899,-0.000,1.487,2.467
144.03,-13.596,-0.655,0.170,-11.899,-0.000,1.487,2.461
144.05,-13.596,-0.655,0.170,-11.899,-0.000,1.487,2.461
144.07,-13.598,-0.607,0.171,-11.899,-0.000,1.487,2.450
144.09,-13.598,-0.607,0.171,-11.899,-0.000,1.487,2.450
144.11,-13.593,-0.575,0.171,-11.899,-0.000,1.487,2.440
144.13,-13.593,-0.575,0.171,-11.899,-0.000,1.487,2.440
144.16,-13.597,-0.560,0.172,-11.899,-0.000,1.487,2.440
144.18,-13.597,-0.560,0.172,-11.899,-0.000,1.487,2.440
144.20,-13.617,-0.563,0.173,-11.899,-0.000,1.487,2.455
144.22,-13.617,-0.563,0.173,-11.899,-0.000,1.487,2.455
144.24,-13.639,-0.564,0.174,-11.899,-0.000,1.487,2.471
144.26,-13.639,-0.564,0.174,-11.899,-0.000,1.487,2.471
144.28,-13.654,-0.543,0.174,-11.899,-0.000,1.487,2.477
144.30,-13.654,-0.543,0.174,-11.899,-0.000,1.487,2.477
144.32,-13.654,-0.543,0.174,-11.899,-0.000,1.487,2.477
144.34,-13.656,-0.459,0.176,-11.899,-0.000,1.487,2.462
144.37,-13.656,-0.459,0.176,-11.899,-0.000,1.487,2.462
144.39,-13.633,-0.387,0.176,-11.899,-0.000,1.487,2.434
144.41,-13.633,-0.387,0.176,-11.899,-0.000,1.487,2.434
144.43,-13.605,-0.308,0.177,-11.899,-0.000,1.487,2.403
144.45,-13.605,-0.308,0.177,-11.899,-0.000,1.487,2.403
144.47,-13.559,-0.235,0.178,-11.899,-0.000,1.487,2.363
144.49,-13.559,-0.235,0.178,-11.899,-0.000,1.487,2.363
144.51,-13.513,-0.168,0.179,-11.899,-0.000,1.487,2.326
144.53,-13.513,-0.168,0.179,-11.899,-0.000,1.487,2.326
144.55,-13.483,-0.112,0.179,-11.899,-0.000,1.487,2.302
144.57,-13.483,-0.112,0.179,-11.899,-0.000,1.487,2.302
144.59,-13.445,-0.069,0.180,-11.899,-0.000,1.487,2.276
144.62,-13.445,-0.069,0.180,-11.899,-0.000,1.487,2.276
144.64,-13.381,-0.013,0.182,-11.899,-0.000,1.487,2.233
144.66,-13.381,-0.013,0.182,-11.899,-0.000,1.487,2.233
144.68,-13.328,0.031,0.183,-11.899,-0.000,1.487,2.198
144.70,-13.328,0.031,0.183,-11.899,-0.000,1.487,2.198
144.72,-13.279,0.069,0.184,-11.899,-0.000,1.487,2.168
144.74,-13.279,0.069,0.184,-11.899,-0.000,1.487,2.168
144.76,-13.214,0.099,0.184,-11.899,-0.000,1.487,2.130
144.78,-13.214,0.099,0.184,-11.899,-0.000,1.487,2.130
144.80,-13.163,0.132,0.185,-11.899,-0.000,1.487,2.101
144.82,-13.163,0.132,0.185,-11.899,-0.000,1.487,2.101
144.84,-13.163,0.132,0.185,-11.899,-0.000,1.487,2.101
144.86,-13.091,0.219,0.186,-11.899,-0.000,1.487,2.066
144.89,-13.091,0.219,0.186,-11.899,-0.000,1.487,2.066
144.91,-13.047,0.281,0.187,-11.899,-0.000,1.487,2.050
144.93,-13.047,0.281,0.187,-11.899,-0.000,1.487,2.050
144.95,-12.993,0.333,0.187,-11.899,-0.000,1.487,2.028
144.97,-12.993,0.333,0.187,-11.899,-0.000,1.487,2.028
144.99,-12.916,0.386,0.188,-11.899,-0.000,1.487,1.998
145.01,-12.916,0.386,0.188,-11.899,-0.000,1.487,1.998
145.03,-12.829,0.443,0.188,-11.899,-0.000,1.487,1.967
145.05,-12.829,0.443,0.188,-11.899,-0.000,1.487,1.967
145.07,-12.741,0.490,0.189,-11.899,-0.000,1.487,1.940
145.09,-12.741,0.490,0.189,-11.899,-0.000,1.487,1.940
145.11,-12.646,0.538,0.191,-11.899,-0.000,1.487,1.914
145.13,-12.646,0.538,0.191,-11.899,-0.000,1.487,1.914
145.16,-12.541,0.592,0.192,-11.899,-0.000,1.487,1.893
145.18,-12.541,0.592,0.192,-11.899,-0.000,1.487,1.893
145.20,-12.451,0.616,0.193,-11.899,-0.000,1.487,1.873
145.22,-12.451,0.616,0.193,-11.899,-0.000,1.487,1.873
145.24,-12.364,0.634,0.194,-11.899,-0.000,1.487,1.857
145.26,-12.364,0.634,0.194,-11.899,-0.000,1.487,1.857
145.28,-12.293,0.635,0.195,-11.899,-0.000,1.487,1.842
145.30,-12.293,0.635,0.195,-11.899,-0.000,1.487,1.842
145.32,-12.293,0.635,0.195,-11.899,-0.000,1.487,1.842
145.34,-12.180,0.596,0.197,-11.899,-0.000,1.487,1.809
145.36,-12.180,0.596,0.197,-11.899,-0.000,1.487,1.809
145.39,-12.111,0.565,0.198,-11.899,-0.000,1.487,1.791
145.41,-12.111,0.565,0.198,-11.899,-0.000,1.487,1.791
145.43,-12.043,0.520,0.200,-11.899,-0.000,1.487,1.772
145.45,-12.043,0.520,0.200,-11.899,-0.000,1.487,1.772
145.47,-11.987,0.478,0.201,-11.899,-0.000,1.487,1.757
145.49,-11.987,0.478,0.201,-11.899,-0.000,1.487,1.757
145.51,-11.950,0.426,0.201,-11.899,-0.000,1.487,1.743
145.53,-11.950,0.426,0.201,-11.899,-0.000,1.487,1.743
145.55,-11.908,0.372,0.202,-11.899,-0.000,1.487,1.730
145.57,-11.908,0.372,0.202,-11.899,-0.000,1.487,1.730
145.59,-11.860,0.308,0.203,-11.899,-0.000,1.487,1.718
145.61,-11.860,0.308,0.203,-11.899,-0.000,1.487,1.718
145.63,-11.816,0.251,0.203,-11.899,-0.000,1.487,1.711
145.66,-11.816,0.251,0.203,-11.899,-0.000,1.487,1.711
145.68,-11.750,0.187,0.204,-11.899,-0.000,1.487,1.709
145.70,-11.750,0.187,0.204,-11.899,-0.000,1.487,1.709
145.72,-11.691,0.157,0.205,-11.899,-0.000,1.487,1.712
145.74,-11.691,0.157,0.205,-11.899,-0.000,1.487,1.712
145.76,-11.629,0.150,0.205,-11.899,-0.000,1.487,1.721
145.78,-11.629,0.150,0.205,-11.899,-0.000,1.487,1.721
145.80,-11.564,0.162,0.206,-11.899,-0.000,1.487,1.734
145.82,-11.564,0.162,0.206,-11.899,-0.000,1.487,1.734
145.84,-11.564,0.162,0.206,-11.899,-0.000,1.487,1.734
145.86,-11.446,0.219,0.206,-11.899,-0.000,1.487,1.767
145.88,-11.446,0.219,0.206,-11.899,-0.000,1.487,1.767
145.90,-11.355,0.291,0.207,-11.899,-0.000,1.487,1.803
145.93,-11.355,0.291,0.207,-11.899,-0.000,1.487,1.803
145.95,-11.281,0.363,0.207,-11.899,-0.000,1.487,1.840
145.97,-11.281,0.363,0.207,-11.899,-0.000,1.487,1.840
145.99,-11.220,0.443,0.207,-11.899,-0.000,1.487,1.879
146.01,-11.220,0.443,0.207,-11.899,-0.000,1.487,1.879
146.03,-11.180,0.510,0.207,-11.899,-0.000,1.487,1.911
146.05,-11.180,0.510,0.207,-11.899,-0.000,1.487,1.911
146.07,-11.159,0.559,0.208,-11.899,-0.000,1.487,1.932
146.09,-11.159,0.559,0.208,-11.899,-0.000,1.487,1.932
146.11,-11.165,0.609,0.207,-11.899,-0.000,1.487,1.945
146.13,-11.165,0.609,0.207,-11.899,-0.000,1.487,1.945
146.15,-11.181,0.656,0.207,-11.899,-0.000,1.487,1.954
146.17,-11.181,0.656,0.207,-11.899,-0.000,1.487,1.954
146.19,-11.185,0.702,0.206,-11.899,-0.000,1.487,1.967
146.22,-11.185,0.702,0.206,-11.899,-0.000,1.487,1.967
146.24,-11.190,0.753,0.205,-11.899,-0.000,1.487,1.984
146.26,-11.190,0.753,0.205,-11.899,-0.000,1.487,1.984
146.28,-11.197,0.785,0.204,-11.899,-0.000,1.487,1.992
146.30,-11.197,0.785,0.204,-11.899,-0.000,1.487,1.992
146.32,-11.197,0.785,0.204,-11.899,-0.000,1.487,1.992
146.34,-11.177,0.832,0.202,-11.899,-0.000,1.487,2.017
146.36,-11.177,0.832,0.202,-11.899,-0.000,1.487,2.017
146.38,-11.155,0.860,0.201,-11.899,-0.000,1.487,2.035
146.40,-11.155,0.860,0.201,-11.899,-0.000,1.487,2.035
146.42,-11.107,0.891,0.199,-11.899,-0.000,1.487,2.065
146.45,-11.107,0.891,0.199,-11.899,-0.000,1.487,2.065
146.47,-11.080,0.916,0.197,-11.899,-0.000,1.487,2.086
146.49,-11.080,0.916,0.197,-11.899,-0.000,1.487,2.086
146.51,-11.060,0.942,0.196,-11.899,-0.000,1.487,2.104
146.53,-11.060,0.942,0.196,-11.899,-0.000,1.487,2.104
146.55,-11.053,0.971,0.195,-11.899,-0.000,1.487,2.119
146.57,-11.053,0.971,0.195,-11.899,-0.000,1.487,2.119
146.59,-11.050,0.997,0.194,-11.899,-0.000,1.487,2.131
146.61,-11.050,0.997,0.194,-11.899,-0.000,1.487,2.131
146.64,-11.041,1.010,0.193,-11.899,-0.000,1.487,2.140
146.66,-11.041,1.010,0.193,-11.899,-0.000,1.487,2.140
146.68,-11.037,1.026,0.191,-11.899,-0.000,1.487,2.148
146.70,-11.037,1.026,0.191,-11.899,-0.000,1.487,2.148
146.72,-11.051,1.035,0.190,-11.899,-0.000,1.487,2.146
146.74,-11.051,1.035,0.190,-11.899,-0.000,1.487,2.146
146.76,-11.085,1.044,0.189,-11.899,-0.000,1.487,2.136
146.78,-11.085,1.044,0.189,-11.899,-0.000,1.487,2.136
146.80,-11.129,1.060,0.188,-11.899,-0.000,1.487,2.127
146.82,-11.129,1.060,0.188,-11.899,-0.000,1.487,2.127
146.84,-11.129,1.060,0.188,-11.899,-0.000,1.487,2.127
146.86,-11.222,1.129,0.185,-11.899,-0.000,1.487,2.129
146.89,-11.222,1.129,0.185,-11.899,-0.000,1.487,2.129
146.91,-11.259,1.187,0.184,-11.899,-0.000,1.487,2.148
146.93,-11.259,1.187,0.184,-11.899,-0.000,1.487,2.148
146.95,-11.297,1.252,0.184,-11.899,-0.000,1.487,2.174
146.97,-11.297,1.252,0.184,-11.899,-0.000,1.487,2.174
146.99,-11.340,1.304,0.183,-11.899,-0.000,1.487,2.192
147.01,-11.340,1.304,0.183,-11.899,-0.000,1.487,2.192
147.03,-11.375,1.366,0.183,-11.899,-0.000,1.487,2.221
147.05,-11.375,1.366,0.183,-11.899,-0.000,1.487,2.221
147.07,-11.400,1.429,0.183,-11.899,-0.000,1.487,2.255
147.09,-11.400,1.429,0.183,-11.899,-0.000,1.487,2.255
147.11,-11.414,1.486,0.183,-11.899,-0.000,1.487,2.288
147.14,-11.414,1.486,0.183,-11.899,-0.000,1.487,2.288
147.16,-11.433,1.534,0.183,-11.899,-0.000,1.487,2.316
147.18,-11.433,1.534,0.183,-11.899,-0.000,1.487,2.316
147.20,-11.447,1.570,0.183,-11.899,-0.000,1.487,2.337
147.22,-11.447,1.570,0.183,-11.899,-0.000,1.487,2.337
147.24,-11.451,1.592,0.183,-11.899,-0.000,1.487,2.351
147.26,-11.451,1.592,0.183,-11.899,-0.000,1.487,2.351
147.28,-11.438,1.594,0.183,-11.899,-0.000,1.487,2.355
147.30,-11.438,1.594,0.183,-11.899,-0.000,1.487,2.355
147.32,-11.438,1.594,0.183,-11.899,-0.000,1.487,2.355
147.34,-11.428,1.622,0.183,-11.899,-0.000,1.487,2.376
147.36,-11.428,1.622,0.183,-11.899,-0.000,1.487,2.376
147.38,-11.426,1.660,0.183,-11.899,-0.000,1.487,2.402
147.40,-11.426,1.660,0.183,-11.899,-0.000,1.487,2.402
147.43,-11.431,1.699,0.183,-11.899,-0.000,1.487,2.428
147.45,-11.431,1.699,0.183,-11.899,-0.000,1.487,2.428
147.47,-11.433,1.741,0.183,-11.899,-0.000,1.487,2.458
147.49,-11.433,1.741,0.183,-11.899,-0.000,1.487,2.458
147.51,-11.442,1.776,0.183,-11.899,-0.000,1.487,2.481
147.53,-11.442,1.776,0.183,-11.899,-0.000,1.487,2.481
147.55,-11.470,1.803,0.183,-11.899,-0.000,1.487,2.495
147.57,-11.470,1.803,0.183,-11.899,-0.000,1.487,2.495
147.59,-11.515,1.819,0.184,-11.899,-0.000,1.487,2.500
147.61,-11.515,1.819,0.184,-11.899,-0.000,1.487,2.500
147.63,-11.573,1.831,0.184,-11.899,-0.000,1.487,2.500
147.65,-11.573,1.831,0.184,-11.899,-0.000,1.487,2.500
147.67,-11.616,1.850,0.184,-11.899,-0.000,1.487,2.509
147.70,-11.616,1.850,0.184,-11.899,-0.000,1.487,2.509
147.72,-11.670,1.869,0.184,-11.899,-0.000,1.487,2.518
147.74,-11.670,1.869,0.184,-11.899,-0.000,1.487,2.518
147.76,-11.729,1.896,0.184,-11.899,-0.000,1.487,2.534
147.78,-11.729,1.896,0.184,-11.899,-0.000,1.487,2.534
147.80,-11.785,1.927,0.184,-11.899,-0.000,1.487,2.554
147.82,-11.785,1.927,0.184,-11.899,-0.000,1.487,2.554
147.84,-11.785,1.927,0.184,-11.899,-0.000,1.487,2.554
147.86,-11.869,1.983,0.185,-11.899,-0.000,1.487,2.595
147.88,-11.869,1.983,0.185,-11.899,-0.000,1.487,2.595
147.90,-11.918,2.025,0.185,-11.899,-0.000,1.487,2.627
147.92,-11.918,2.025,0.185,-11.899,-0.000,1.487,2.627
147.95,-11.993,2.071,0.186,-11.899,-0.000,1.487,2.664
147.97,-11.993,2.071,0.186,-11.899,-0.000,1.487,2.664
147.99,-12.043,2.110,0.186,-11.899,-0.000,1.487,2.697
148.01,-12.043,2.110,0.186,-11.899,-0.000,1.487,2.697
148.03,-12.084,2.137,0.187,-11.899,-0.000,1.487,2.722
148.05,-12.084,2.137,0.187,-11.899,-0.000,1.487,2.722
148.07,-12.139,2.149,0.187,-11.899,-0.000,1.487,2.735
148.09,-12.139,2.149,0.187,-11.899,-0.000,1.487,2.735
148.11,-12.186,2.148,0.187,-11.899,-0.000,1.487,2.739
148.13,-12.186,2.148,0.187,-11.899,-0.000,1.487,2.739
148.15,-12.227,2.135,0.188,-11.899,-0.000,1.487,2.734
148.17,-12.227,2.135,0.188,-11.899,-0.000,1.487,2.734
148.19,-12.255,2.119,0.188,-11.899,-0.000,1.487,2.725
148.22,-12.255,2.119,0.188,-11.899,-0.000,1.487,2.725
148.24,-12.275,2.119,0.189,-11.899,-0.000,1.487,2.729
148.26,-12.275,2.119,0.189,-11.899,-0.000,1.487,2.729
148.28,-12.275,2.117,0.190,-11.899,-0.000,1.487,2.727
148.30,-12.275,2.117,0.190,-11.899,-0.000,1.487,2.727
148.32,-12.279,2.121,0.190,-11.899,-0.000,1.487,2.731
148.34,-12.279,2.121,0.190,-11.899,-0.000,1.487,2.731
148.36,-12.279,2.121,0.190,-11.899,-0.000,1.487,2.731
148.38,-12.284,2.143,0.191,-11.899,-0.000,1.487,2.749
148.40,-12.284,2.143,0.191,-11.899,-0.000,1.487,2.749
148.42,-12.277,2.155,0.192,-11.899,-0.000,1.487,2.758
148.45,-12.277,2.155,0.192,-11.899,-0.000,1.487,2.758
148.47,-12.259,2.148,0.192,-11.899,-0.000,1.487,2.750
148.49,-12.259,2.148,0.192,-11.899,-0.000,1.487,2.750
148.51,-12.235,2.140,0.192,-11.899,-0.000,1.487,2.741
148.53,-12.235,2.140,0.192,-11.899,-0.000,1.487,2.741
148.55,-12.207,2.142,0.192,-11.899,-0.000,1.487,2.740
148.57,-12.207,2.142,0.192,-11.899,-0.000,1.487,2.740
148.59,-12.172,2.139,0.193,-11.899,-0.000,1.487,2.734
148.61,-12.172,2.139,0.193,-11.899,-0.000,1.487,2.734
148.63,-12.127,2.128,0.193,-11.899,-0.000,1.487,2.721
148.65,-12.127,2.128,0.193,-11.899,-0.000,1.487,2.721
148.67,-12.082,2.126,0.193,-11.899,-0.000,1.487,2.716
148.69,-12.082,2.126,0.193,-11.899,-0.000,1.487,2.716
148.72,-12.040,2.148,0.194,-11.899,-0.000,1.487,2.732
148.74,-12.040,2.148,0.194,-11.899,-0.000,1.487,2.732
148.76,-11.990,2.176,0.194,-11.899,-0.000,1.487,2.752
148.78,-11.990,2.176,0.194,-11.899,-0.000,1.487,2.752
148.80,-11.948,2.197,0.194,-11.899,-0.000,1.487,2.767
148.82,-11.948,2.197,0.194,-11.899,-0.000,1.487,2.767
148.84,-11.948,2.197,0.194,-11.899,-0.000,1.487,2.767
148.86,-11.894,2.210,0.195,-11.899,-0.000,1.487,2.778
148.88,-11.894,2.210,0.195,-11.899,-0.000,1.487,2.778
148.90,-11.869,2.206,0.196,-11.899,-0.000,1.487,2.775
148.92,-11.869,2.206,0.196,-11.899,-0.000,1.487,2.775
148.94,-11.862,2.208,0.196,-11.899,-0.000,1.487,2.778
148.96,-11.862,2.208,0.196,-11.899,-0.000,1.487,2.778
148.99,-11.877,2.208,0.197,-11.899,-0.000,1.487,2.777
149.01,-11.877,2.208,0.197,-11.899,-0.000,1.487,2.777
149.03,-11.896,2.195,0.197,-11.899,-0.000,1.487,2.767
149.05,-11.896,2.195,0.197,-11.899,-0.000,1.487,2.767
149.07,-11.923,2.178,0.198,-11.899,-0.000,1.487,2.755
149.09,-11.923,2.178,0.198,-11.899,-0.000,1.487,2.755
149.11,-11.940,2.154,0.199,-11.899,-0.000,1.487,2.736
149.13,-11.940,2.154,0.199,-11.899,-0.000,1.487,2.736
149.15,-11.946,2.119,0.200,-11.899,-0.000,1.487,2.709
149.17,-11.946,2.119,0.200,-11.899,-0.000,1.487,2.709
149.19,-11.966,2.082,0.200,-11.899,-0.000,1.487,2.682
149.21,-11.966,2.082,0.200,-11.899,-0.000,1.487,2.682
149.24,-11.990,2.045,0.201,-11.899,-0.000,1.487,2.654
149.26,-11.990,2.045,0.201,-11.899,-0.000,1.487,2.654
149.28,-12.012,2.009,0.202,-11.899,-0.000,1.487,2.627
149.30,-12.012,2.009,0.202,-11.899,-0.000,1.487,2.627
149.32,-12.014,1.989,0.203,-11.899,-0.000,1.487,2.613
149.34,-12.014,1.989,0.203,-11.899,-0.000,1.487,2.613
149.36,-12.014,1.989,0.203,-11.899,-0.000,1.487,2.613
149.38,-11.977,1.999,0.203,-11.899,-0.000,1.487,2.620
149.40,-11.977,1.999,0.203,-11.899,-0.000,1.487,2.620
149.42,-11.940,2.034,0.204,-11.899,-0.000,1.487,2.646
149.44,-11.940,2.034,0.204,-11.899,-0.000,1.487,2.646
149.46,-11.881,2.065,0.204,-11.899,-0.000,1.487,2.670
149.48,-11.881,2.065,0.204,-11.899,-0.000,1.487,2.670
149.51,-11.797,2.107,0.204,-11.899,-0.000,1.487,2.704
149.53,-11.797,2.107,0.204,-11.899,-0.000,1.487,2.704
149.55,-11.736,2.146,0.205,-11.899,-0.000,1.487,2.738
149.57,-11.736,2.146,0.205,-11.899,-0.000,1.487,2.738
149.59,-11.682,2.203,0.205,-11.899,-0.000,1.487,2.787
149.61,-11.682,2.203,0.205,-11.899,-0.000,1.487,2.787
149.63,-11.634,2.250,0.206,-11.899,-0.000,1.487,2.829
149.65,-11.634,2.250,0.206,-11.899,-0.000,1.487,2.829
149.67,-11.595,2.288,0.207,-11.899,-0.000,1.487,2.864
149.69,-11.595,2.288,0.207,-11.899,-0.000,1.487,2.864
149.71,-11.566,2.319,0.208,-11.899,-0.000,1.487,2.892
149.73,-11.566,2.319,0.208,-11.899,-0.000,1.487,2.892
149.75,-11.537,2.328,0.209,-11.899,-0.000,1.487,2.904
149.77,-11.537,2.328,0.209,-11.899,-0.000,1.487,2.904
149.80,-11.509,2.328,0.210,-11.899,-0.000,1.487,2.908
149.82,-11.509,2.328,0.210,-11.899,-0.000,1.487,2.908
149.84,-11.461,2.333,0.211,-11.899,-0.000,1.487,2.919
149.86,-11.461,2.333,0.211,-11.899,-0.000,1.487,2.919
149.88,-11.461,2.333,0.211,-11.899,-0.000,1.487,2.919
149.90,-11.377,2.343,0.212,-11.899,-0.000,1.487,2.942
149.92,-11.377,2.343,0.212,-11.899,-0.000,1.487,2.942
149.94,-11.320,2.371,0.213,-11.899,-0.000,1.487,2.975
149.96,-11.320,2.371,0.213,-11.899,-0.000,1.487,2.975
149.98,-11.271,2.417,0.213,-11.899,-0.000,1.487,3.021