t,px,py,pz,ex,ey,ez,err
0.00,0.006,-0.027,-0.025,-5.046,-0.006,0.636,5.089
0.02,0.006,-0.027,-0.025,-5.046,-0.006,0.636,5.089
0.04,0.006,-0.027,-0.025,-5.046,-0.006,0.636,5.089
0.06,0.007,-0.027,-0.025,-5.047,-0.006,0.636,5.090
0.08,0.007,-0.027,-0.025,-5.047,-0.006,0.636,5.090
0.10,0.007,-0.027,-0.025,-5.047,-0.006,0.636,5.091
0.12,0.007,-0.027,-0.025,-5.047,-0.006,0.636,5.091
0.15,0.007,-0.026,-0.024,-5.047,-0.006,0.636,5.092
0.17,0.007,-0.026,-0.024,-5.047,-0.006,0.636,5.092
0.19,0.008,-0.026,-0.024,-5.049,-0.006,0.637,5.094
0.21,0.008,-0.026,-0.024,-5.049,-0.006,0.637,5.094
0.23,0.008,-0.025,-0.024,-5.049,-0.006,0.637,5.094
0.25,0.008,-0.025,-0.024,-5.049,-0.006,0.637,5.094
0.27,0.009,-0.025,-0.023,-5.049,-0.006,0.637,5.095
0.29,0.009,-0.025,-0.023,-5.049,-0.006,0.637,5.095
0.31,0.010,-0.025,-0.023,-5.049,-0.006,0.637,5.096
0.33,0.010,-0.025,-0.023,-5.049,-0.006,0.637,5.096
0.35,0.011,-0.024,-0.023,-5.050,-0.006,0.637,5.098
0.37,0.011,-0.024,-0.023,-5.050,-0.006,0.637,5.098
0.40,0.011,-0.024,-0.022,-5.050,-0.006,0.637,5.099
0.42,0.011,-0.024,-0.022,-5.050,-0.006,0.637,5.099
0.44,0.013,-0.024,-0.022,-5.052,-0.006,0.637,5.101
0.46,0.013,-0.024,-0.022,-5.052,-0.006,0.637,5.101
0.48,0.013,-0.024,-0.021,-5.088,-0.006,0.642,5.140
0.50,0.013,-0.024,-0.021,-5.088,-0.006,0.642,5.140
0.52,0.014,-0.024,-0.021,-5.129,-0.006,0.648,5.181
0.54,0.014,-0.024,-0.021,-5.129,-0.006,0.648,5.181
0.56,0.014,-0.024,-0.021,-5.129,-0.006,0.648,5.181
0.58,0.016,-0.024,-0.020,-5.170,-0.006,0.654,5.225
0.60,0.016,-0.024,-0.020,-5.170,-0.006,0.654,5.225
0.62,0.017,-0.023,-0.020,-5.212,-0.006,0.660,5.268
0.65,0.017,-0.023,-0.020,-5.212,-0.006,0.660,5.268
0.67,0.018,-0.023,-0.020,-5.253,-0.006,0.665,5.310
0.69,0.018,-0.023,-0.020,-5.253,-0.006,0.665,5.310
0.71,0.018,-0.023,-0.019,-5.294,-0.006,0.671,5.352
0.73,0.018,-0.023,-0.019,-5.294,-0.006,0.671,5.352
0.75,0.019,-0.023,-0.019,-5.335,-0.006,0.676,5.395
0.77,0.019,-0.023,-0.019,-5.335,-0.006,0.676,5.395
0.79,0.020,-0.023,-0.018,-5.376,-0.006,0.682,5.437
0.81,0.020,-0.023,-0.018,-5.376,-0.006,0.682,5.437
0.83,0.020,-0.022,-0.018,-5.419,-0.006,0.688,5.480
0.85,0.020,-0.022,-0.018,-5.419,-0.006,0.688,5.480
0.87,0.021,-0.022,-0.017,-5.460,-0.006,0.693,5.522
0.89,0.021,-0.022,-0.017,-5.460,-0.006,0.693,5.522
0.92,0.021,-0.022,-0.016,-5.501,-0.006,0.699,5.564
0.94,0.021,-0.022,-0.016,-5.501,-0.006,0.699,5.564
0.96,0.022,-0.021,-0.016,-5.542,-0.006,0.704,5.606
0.98,0.022,-0.021,-0.016,-5.542,-0.006,0.704,5.606
1.00,0.022,-0.021,-0.015,-5.605,-0.006,0.712,5.670
1.02,0.022,-0.021,-0.015,-5.605,-0.006,0.712,5.670
1.04,0.022,-0.021,-0.014,-5.646,-0.006,0.718,5.712
1.06,0.022,-0.021,-0.014,-5.646,-0.006,0.718,5.712
1.08,0.022,-0.021,-0.014,-5.646,-0.006,0.718,5.712
1.10,0.022,-0.020,-0.014,-5.687,-0.006,0.723,5.753
1.12,0.022,-0.020,-0.014,-5.687,-0.006,0.723,5.753
1.14,0.021,-0.019,-0.014,-5.729,-0.006,0.728,5.795
1.16,0.021,-0.019,-0.014,-5.729,-0.006,0.728,5.795
1.19,0.021,-0.019,-0.014,-5.769,-0.005,0.734,5.835
1.21,0.021,-0.019,-0.014,-5.769,-0.005,0.734,5.835
1.23,0.021,-0.018,-0.014,-5.811,-0.005,0.739,5.877
1.25,0.021,-0.018,-0.014,-5.811,-0.005,0.739,5.877
1.27,0.021,-0.018,-0.014,-5.852,-0.005,0.744,5.918
1.29,0.021,-0.018,-0.014,-5.852,-0.005,0.744,5.918
1.31,0.021,-0.017,-0.014,-5.893,-0.005,0.749,5.959
1.33,0.021,-0.017,-0.014,-5.893,-0.005,0.749,5.959
1.35,0.020,-0.016,-0.014,-5.935,-0.005,0.754,6.001
1.37,0.020,-0.016,-0.014,-5.935,-0.005,0.754,6.001
1.39,0.020,-0.016,-0.014,-5.976,-0.005,0.760,6.043
1.41,0.020,-0.016,-0.014,-5.976,-0.005,0.760,6.043
1.43,0.020,-0.015,-0.014,-6.016,-0.005,0.765,6.083
1.46,0.020,-0.015,-0.014,-6.016,-0.005,0.765,6.083
1.48,0.020,-0.014,-0.014,-6.057,-0.005,0.770,6.124
1.50,0.020,-0.014,-0.014,-6.057,-0.005,0.770,6.124
1.52,0.019,-0.013,-0.014,-6.120,-0.005,0.777,6.187
1.54,0.019,-0.013,-0.014,-6.120,-0.005,0.777,6.187
1.56,0.019,-0.013,-0.014,-6.120,-0.005,0.777,6.187
1.58,0.019,-0.012,-0.013,-6.161,-0.005,0.782,6.227
1.60,0.019,-0.012,-0.013,-6.161,-0.005,0.782,6.227
1.62,0.018,-0.012,-0.013,-6.202,-0.005,0.787,6.268
1.64,0.018,-0.012,-0.013,-6.202,-0.005,0.787,6.268
1.66,0.017,-0.011,-0.012,-6.244,-0.005,0.792,6.310
1.68,0.017,-0.011,-0.012,-6.244,-0.005,0.792,6.310
1.71,0.016,-0.011,-0.011,-6.284,-0.005,0.797,6.349
1.73,0.016,-0.011,-0.011,-6.284,-0.005,0.797,6.349
1.75,0.015,-0.011,-0.010,-6.325,-0.005,0.801,6.390
1.77,0.015,-0.011,-0.010,-6.325,-0.005,0.801,6.390
1.79,0.015,-0.011,-0.009,-6.368,-0.005,0.806,6.432
1.81,0.015,-0.011,-0.009,-6.368,-0.005,0.806,6.432
1.83,0.014,-0.011,-0.009,-6.408,-0.005,0.811,6.472
1.85,0.014,-0.011,-0.009,-6.408,-0.005,0.811,6.472
1.87,0.013,-0.010,-0.008,-6.450,-0.005,0.816,6.513
1.89,0.013,-0.010,-0.008,-6.450,-0.005,0.816,6.513
1.91,0.012,-0.010,-0.007,-6.491,-0.005,0.821,6.553
1.93,0.012,-0.010,-0.007,-6.491,-0.005,0.821,6.553
1.96,0.011,-0.011,-0.007,-6.532,-0.005,0.825,6.594
1.98,0.011,-0.011,-0.007,-6.532,-0.005,0.825,6.594
2.00,0.010,-0.011,-0.006,-6.594,-0.005,0.832,6.655
2.02,0.010,-0.011,-0.006,-6.594,-0.005,0.832,6.655
2.04,0.009,-0.011,-0.005,-6.636,-0.005,0.837,6.697
2.06,0.009,-0.011,-0.005,-6.636,-0.005,0.837,6.697
2.08,0.009,-0.011,-0.005,-6.636,-0.005,0.837,6.697
2.10,0.008,-0.011,-0.004,-6.677,-0.005,0.842,6.738
2.12,0.008,-0.011,-0.004,-6.677,-0.005,0.842,6.738
2.14,0.008,-0.011,-0.004,-6.718,-0.005,0.847,6.779
2.16,0.008,-0.011,-0.004,-6.718,-0.005,0.847,6.779
2.18,0.007,-0.011,-0.002,-6.760,-0.005,0.851,6.821
2.21,0.007,-0.011,-0.002,-6.760,-0.005,0.851,6.821
2.23,0.007,-0.011,-0.002,-6.801,-0.005,0.856,6.861
2.25,0.007,-0.011,-0.002,-6.801,-0.005,0.856,6.861
2.27,0.007,-0.011,-0.001,-6.842,-0.005,0.861,6.902
2.29,0.007,-0.011,-0.001,-6.842,-0.005,0.861,6.902
2.31,0.007,-0.011,-0.000,-6.884,-0.005,0.866,6.945
2.33,0.007,-0.011,-0.000,-6.884,-0.005,0.866,6.945
2.35,0.007,-0.011,0.001,-6.925,-0.005,0.870,6.986
2.37,0.007,-0.011,0.001,-6.925,-0.005,0.870,6.986
2.39,0.007,-0.011,0.002,-6.967,-0.005,0.875,7.028
2.41,0.007,-0.011,0.002,-6.967,-0.005,0.875,7.028
2.44,0.007,-0.011,0.003,-7.008,-0.005,0.880,7.071
2.46,0.007,-0.011,0.003,-7.008,-0.005,0.880,7.071
2.48,0.007,-0.011,0.004,-7.049,-0.005,0.884,7.111
2.50,0.007,-0.011,0.004,-7.049,-0.005,0.884,7.111
2.52,0.007,-0.011,0.005,-7.111,-0.005,0.891,7.174
2.54,0.007,-0.011,0.005,-7.111,-0.005,0.891,7.174
2.56,0.008,-0.011,0.006,-7.152,-0.004,0.896,7.216
2.58,0.008,-0.011,0.006,-7.152,-0.004,0.896,7.216
2.60,0.008,-0.011,0.006,-7.152,-0.004,0.896,7.216
2.62,0.008,-0.011,0.008,-7.194,-0.004,0.901,7.259
2.64,0.008,-0.011,0.008,-7.194,-0.004,0.901,7.259
2.66,0.009,-0.011,0.009,-7.235,-0.004,0.906,7.302
2.68,0.009,-0.011,0.009,-7.235,-0.004,0.906,7.302
2.71,0.010,-0.011,0.010,-7.278,-0.004,0.911,7.346
2.73,0.010,-0.011,0.010,-7.278,-0.004,0.911,7.346
2.75,0.010,-0.011,0.011,-7.319,-0.004,0.916,7.388
2.77,0.010,-0.011,0.011,-7.319,-0.004,0.916,7.388
2.79,0.011,-0.011,0.012,-7.361,-0.004,0.920,7.430
2.81,0.011,-0.011,0.012,-7.361,-0.004,0.920,7.430
2.83,0.011,-0.011,0.013,-7.401,-0.004,0.925,7.472
2.85,0.011,-0.011,0.013,-7.401,-0.004,0.925,7.472
2.87,0.012,-0.011,0.014,-7.443,-0.004,0.930,7.514
2.89,0.012,-0.011,0.014,-7.443,-0.004,0.930,7.514
2.91,0.012,-0.011,0.014,-7.485,-0.004,0.935,7.557
2.93,0.012,-0.011,0.014,-7.485,-0.004,0.935,7.557
2.96,0.012,-0.011,0.014,-7.524,-0.004,0.940,7.597
2.98,0.012,-0.011,0.014,-7.524,-0.004,0.940,7.597
3.00,0.012,-0.012,0.015,-7.565,-0.004,0.944,7.637
3.02,0.012,-0.012,0.015,-7.565,-0.004,0.944,7.637
3.04,0.010,-0.012,0.014,-7.627,-0.004,0.952,7.698
3.06,0.010,-0.012,0.014,-7.627,-0.004,0.952,7.698
3.08,0.010,-0.012,0.014,-7.627,-0.004,0.952,7.698
3.10,0.007,-0.013,0.012,-7.667,-0.004,0.957,7.735
3.12,0.007,-0.013,0.012,-7.667,-0.004,0.957,7.735
3.14,0.002,-0.014,0.011,-7.709,-0.004,0.962,7.772
3.16,0.002,-0.014,0.011,-7.709,-0.004,0.962,7.772
3.18,-0.006,-0.015,0.007,-7.749,-0.004,0.967,7.804
3.21,-0.006,-0.015,0.007,-7.749,-0.004,0.967,7.804
3.23,-0.014,-0.016,0.004,-7.790,-0.004,0.971,7.836
3.25,-0.014,-0.016,0.004,-7.790,-0.004,0.971,7.836
3.27,-0.024,-0.017,0.000,-7.831,-0.004,0.977,7.868
3.29,-0.024,-0.017,0.000,-7.831,-0.004,0.977,7.868
3.31,-0.036,-0.018,-0.004,-7.873,-0.004,0.982,7.898
3.33,-0.036,-0.018,-0.004,-7.873,-0.004,0.982,7.898
3.35,-0.050,-0.020,-0.008,-7.914,-0.004,0.987,7.924
3.37,-0.050,-0.020,-0.008,-7.914,-0.004,0.987,7.924
3.39,-0.067,-0.021,-0.013,-7.955,-0.004,0.992,7.949
3.41,-0.067,-0.021,-0.013,-7.955,-0.004,0.992,7.949
3.43,-0.086,-0.023,-0.017,-7.995,-0.004,0.997,7.970
3.46,-0.086,-0.023,-0.017,-7.995,-0.004,0.997,7.970
3.48,-0.116,-0.027,-0.020,-8.037,-0.004,1.002,7.982
3.50,-0.116,-0.027,-0.020,-8.037,-0.004,1.002,7.982
3.52,-0.145,-0.030,-0.022,-8.099,-0.004,1.010,8.015
3.54,-0.145,-0.030,-0.022,-8.099,-0.004,1.010,8.015
3.56,-0.179,-0.034,-0.022,-8.139,-0.004,1.015,8.022
3.58,-0.179,-0.034,-0.022,-8.139,-0.004,1.015,8.022
3.60,-0.179,-0.034,-0.022,-8.139,-0.004,1.015,8.022
3.62,-0.236,-0.038,-0.022,-8.181,-0.004,1.021,8.008
3.64,-0.236,-0.038,-0.022,-8.181,-0.004,1.021,8.008
3.66,-0.282,-0.039,-0.021,-8.223,-0.004,1.026,8.005
3.68,-0.282,-0.039,-0.021,-8.223,-0.004,1.026,8.005
3.70,-0.354,-0.038,-0.018,-8.265,-0.003,1.031,7.975
3.73,-0.354,-0.038,-0.018,-8.265,-0.003,1.031,7.975
3.75,-0.411,-0.033,-0.014,-8.307,-0.003,1.037,7.962
3.77,-0.411,-0.033,-0.014,-8.307,-0.003,1.037,7.962
3.79,-0.471,-0.024,-0.005,-8.348,-0.003,1.042,7.945
3.81,-0.471,-0.024,-0.005,-8.348,-0.003,1.042,7.945
3.83,-0.532,-0.012,0.009,-8.390,-0.003,1.048,7.929
3.85,-0.532,-0.012,0.009,-8.390,-0.003,1.048,7.929
3.87,-0.563,-0.040,-0.029,-8.432,-0.003,1.053,7.935
3.89,-0.563,-0.040,-0.029,-8.432,-0.003,1.053,7.935
3.91,-0.588,-0.086,-0.086,-8.474,-0.003,1.058,7.947
3.93,-0.588,-0.086,-0.086,-8.474,-0.003,1.058,7.947
3.96,-0.614,-0.140,-0.140,-8.517,-0.003,1.064,7.958
3.98,-0.614,-0.140,-0.140,-8.517,-0.003,1.064,7.958
4.00,-0.649,-0.214,-0.203,-8.558,-0.003,1.069,7.960
4.02,-0.649,-0.214,-0.203,-8.558,-0.003,1.069,7.960
4.04,-0.683,-0.277,-0.250,-8.621,-0.003,1.078,7.986
4.06,-0.683,-0.277,-0.250,-8.621,-0.003,1.078,7.986
4.08,-0.683,-0.277,-0.250,-8.621,-0.003,1.078,7.986
4.10,-0.739,-0.362,-0.308,-8.663,-0.003,1.083,7.970
4.12,-0.739,-0.362,-0.308,-8.663,-0.003,1.083,7.970
4.14,-0.784,-0.422,-0.344,-8.706,-0.003,1.089,7.968
4.16,-0.784,-0.422,-0.344,-8.706,-0.003,1.089,7.968
4.18,-0.853,-0.501,-0.388,-8.748,-0.003,1.094,7.942
4.21,-0.853,-0.501,-0.388,-8.748,-0.003,1.094,7.942
4.23,-0.907,-0.556,-0.414,-8.790,-0.003,1.099,7.933
4.25,-0.907,-0.556,-0.414,-8.790,-0.003,1.099,7.933
4.27,-0.964,-0.608,-0.436,-8.832,-0.003,1.105,7.919
4.29,-0.964,-0.608,-0.436,-8.832,-0.003,1.105,7.919
4.31,-1.026,-0.656,-0.455,-8.874,-0.003,1.110,7.902
4.33,-1.026,-0.656,-0.455,-8.874,-0.003,1.110,7.902
4.35,-1.093,-0.701,-0.470,-8.916,-0.003,1.115,7.881
4.37,-1.093,-0.701,-0.470,-8.916,-0.003,1.115,7.881
4.39,-1.163,-0.742,-0.481,-8.958,-0.003,1.121,7.855
4.41,-1.163,-0.742,-0.481,-8.958,-0.003,1.121,7.855
4.43,-1.239,-0.779,-0.489,-9.000,-0.003,1.126,7.826
4.45,-1.239,-0.779,-0.489,-9.000,-0.003,1.126,7.826
4.47,-1.320,-0.811,-0.494,-9.041,-0.003,1.131,7.789
4.50,-1.320,-0.811,-0.494,-9.041,-0.003,1.131,7.789
4.52,-1.424,-0.841,-0.499,-9.103,-0.003,1.139,7.751
4.54,-1.424,-0.841,-0.499,-9.103,-0.003,1.139,7.751
4.56,-1.517,-0.860,-0.503,-9.145,-0.003,1.144,7.703
4.58,-1.517,-0.860,-0.503,-9.145,-0.003,1.144,7.703
4.60,-1.517,-0.860,-0.503,-9.145,-0.003,1.144,7.703
4.62,-1.658,-0.876,-0.508,-9.186,-0.002,1.149,7.606
4.64,-1.658,-0.876,-0.508,-9.186,-0.002,1.149,7.606
4.66,-1.764,-0.881,-0.511,-9.227,-0.002,1.155,7.542
4.68,-1.764,-0.881,-0.511,-9.227,-0.002,1.155,7.542
4.70,-1.922,-0.880,-0.516,-9.268,-0.002,1.160,7.426
4.72,-1.922,-0.880,-0.516,-9.268,-0.002,1.160,7.426
4.75,-2.042,-0.873,-0.520,-9.308,-0.002,1.165,7.346
4.77,-2.042,-0.873,-0.520,-9.308,-0.002,1.165,7.346
4.79,-2.166,-0.861,-0.524,-9.347,-0.002,1.170,7.261
4.81,-2.166,-0.861,-0.524,-9.347,-0.002,1.170,7.261
4.83,-2.297,-0.845,-0.530,-9.389,-0.002,1.175,7.171
4.85,-2.297,-0.845,-0.530,-9.389,-0.002,1.175,7.171
4.87,-2.432,-0.826,-0.536,-9.428,-0.002,1.180,7.073
4.89,-2.432,-0.826,-0.536,-9.428,-0.002,1.180,7.073
4.91,-2.573,-0.802,-0.542,-9.469,-0.002,1.185,6.971
4.93,-2.573,-0.802,-0.542,-9.469,-0.002,1.185,6.971
4.95,-2.719,-0.776,-0.548,-9.507,-0.002,1.189,6.863
4.98,-2.719,-0.776,-0.548,-9.507,-0.002,1.189,6.863
5.00,-2.900,-0.741,-0.553,-9.546,-0.002,1.194,6.718
5.02,-2.900,-0.741,-0.553,-9.546,-0.002,1.194,6.718
5.04,-3.058,-0.710,-0.556,-9.605,-0.002,1.201,6.617
5.06,-3.058,-0.710,-0.556,-9.605,-0.002,1.201,6.617
5.08,-3.220,-0.678,-0.557,-9.643,-0.002,1.206,6.491
5.10,-3.220,-0.678,-0.557,-9.643,-0.002,1.206,6.491
5.12,-3.220,-0.678,-0.557,-9.643,-0.002,1.206,6.491
5.14,-3.456,-0.631,-0.559,-9.683,-0.002,1.211,6.292
5.16,-3.456,-0.631,-0.559,-9.683,-0.002,1.211,6.292
5.18,-3.630,-0.598,-0.559,-9.722,-0.002,1.216,6.156
5.20,-3.630,-0.598,-0.559,-9.722,-0.002,1.216,6.156
5.22,-3.880,-0.551,-0.559,-9.762,-0.002,1.221,5.944
5.25,-3.880,-0.551,-0.559,-9.762,-0.002,1.221,5.944
5.27,-4.062,-0.519,-0.560,-9.800,-0.002,1.226,5.799
5.29,-4.062,-0.519,-0.560,-9.800,-0.002,1.226,5.799
5.31,-4.247,-0.489,-0.563,-9.840,-0.002,1.231,5.654
5.33,-4.247,-0.489,-0.563,-9.840,-0.002,1.231,5.654
5.35,-4.433,-0.460,-0.567,-9.880,-0.002,1.236,5.507
5.37,-4.433,-0.460,-0.567,-9.880,-0.002,1.236,5.507
5.39,-4.620,-0.433,-0.574,-9.920,-0.002,1.240,5.359
5.41,-4.620,-0.433,-0.574,-9.920,-0.002,1.240,5.359
5.43,-4.807,-0.408,-0.583,-9.961,-0.002,1.245,5.212
5.45,-4.807,-0.408,-0.583,-9.961,-0.002,1.245,5.212
5.47,-4.993,-0.385,-0.594,-10.002,-0.002,1.250,5.067
5.49,-4.993,-0.385,-0.594,-10.002,-0.002,1.250,5.067
5.52,-5.214,-0.360,-0.608,-10.043,-0.002,1.255,4.886
5.54,-5.214,-0.360,-0.608,-10.043,-0.002,1.255,4.886
5.56,-5.395,-0.341,-0.621,-10.105,-0.002,1.263,4.766
5.58,-5.395,-0.341,-0.621,-10.105,-0.002,1.263,4.766
5.60,-5.395,-0.341,-0.621,-10.105,-0.002,1.263,4.766
5.62,-5.646,-0.317,-0.639,-10.104,-0.002,1.263,4.513
5.64,-5.646,-0.317,-0.639,-10.104,-0.002,1.263,4.513
5.66,-5.821,-0.302,-0.653,-10.146,-0.001,1.268,4.379
5.68,-5.821,-0.302,-0.653,-10.146,-0.001,1.268,4.379
5.70,-5.993,-0.288,-0.667,-10.189,-0.001,1.273,4.250
5.72,-5.993,-0.288,-0.667,-10.189,-0.001,1.273,4.250
5.74,-6.228,-0.270,-0.686,-10.232,-0.001,1.279,4.057
5.77,-6.228,-0.270,-0.686,-10.232,-0.001,1.279,4.057
5.79,-6.391,-0.258,-0.701,-10.274,-0.001,1.284,3.934
5.81,-6.391,-0.258,-0.701,-10.274,-0.001,1.284,3.934
5.83,-6.551,-0.247,-0.715,-10.316,-0.001,1.289,3.816
5.85,-6.551,-0.247,-0.715,-10.316,-0.001,1.289,3.816
5.87,-6.707,-0.237,-0.730,-10.360,-0.001,1.294,3.704
5.89,-6.707,-0.237,-0.730,-10.360,-0.001,1.294,3.704
5.91,-6.859,-0.228,-0.744,-10.402,-0.001,1.300,3.593
5.93,-6.859,-0.228,-0.744,-10.402,-0.001,1.300,3.593
5.95,-7.007,-0.220,-0.759,-10.443,-0.001,1.305,3.486
5.97,-7.007,-0.220,-0.759,-10.443,-0.001,1.305,3.486
5.99,-7.151,-0.212,-0.773,-10.485,-0.001,1.310,3.384
6.02,-7.151,-0.212,-0.773,-10.485,-0.001,1.310,3.384
6.04,-7.319,-0.204,-0.790,-10.545,-0.001,1.317,3.275
6.06,-7.319,-0.204,-0.790,-10.545,-0.001,1.317,3.275
6.08,-7.455,-0.198,-0.804,-10.584,-0.001,1.322,3.179
6.10,-7.455,-0.198,-0.804,-10.584,-0.001,1.322,3.179
6.12,-7.455,-0.198,-0.804,-10.584,-0.001,1.322,3.179
6.14,-7.638,-0.191,-0.823,-10.624,-0.001,1.327,3.033
6.16,-7.638,-0.191,-0.823,-10.624,-0.001,1.327,3.033
6.18,-7.766,-0.186,-0.837,-10.661,-0.001,1.332,2.944
6.20,-7.766,-0.186,-0.837,-10.661,-0.001,1.332,2.944
6.22,-7.889,-0.182,-0.850,-10.700,-0.001,1.336,2.858
6.24,-7.889,-0.182,-0.850,-10.700,-0.001,1.336,2.858
6.27,-8.056,-0.176,-0.869,-10.736,-0.001,1.341,2.726
6.29,-8.056,-0.176,-0.869,-10.736,-0.001,1.341,2.726
6.31,-8.172,-0.172,-0.881,-10.771,-0.001,1.345,2.646
6.33,-8.172,-0.172,-0.881,-10.771,-0.001,1.345,2.646
6.35,-8.284,-0.169,-0.894,-10.806,-0.001,1.350,2.568
6.37,-8.284,-0.169,-0.894,-10.806,-0.001,1.350,2.568
6.39,-8.392,-0.166,-0.907,-10.840,-0.001,1.354,2.494
6.41,-8.392,-0.166,-0.907,-10.840,-0.001,1.354,2.494
6.43,-8.498,-0.163,-0.919,-10.873,-0.001,1.358,2.421
6.45,-8.498,-0.163,-0.919,-10.873,-0.001,1.358,2.421
6.47,-8.599,-0.160,-0.931,-10.905,-0.001,1.362,2.351
6.49,-8.599,-0.160,-0.931,-10.905,-0.001,1.362,2.351
6.51,-8.698,-0.157,-0.942,-10.936,-0.001,1.366,2.283
6.54,-8.698,-0.157,-0.942,-10.936,-0.001,1.366,2.283
6.56,-8.812,-0.153,-0.955,-10.980,-0.001,1.372,2.213
6.58,-8.812,-0.153,-0.955,-10.980,-0.001,1.372,2.213
6.60,-8.812,-0.153,-0.955,-10.980,-0.001,1.372,2.213
6.62,-8.939,-0.148,-0.970,-10.970,-0.001,1.370,2.075
6.64,-8.939,-0.148,-0.970,-10.970,-0.001,1.370,2.075
6.66,-9.027,-0.145,-0.980,-10.998,-0.001,1.374,2.015
6.68,-9.027,-0.145,-0.980,-10.998,-0.001,1.374,2.015
6.70,-9.111,-0.141,-0.990,-11.025,-0.001,1.377,1.957
6.72,-9.111,-0.141,-0.990,-11.025,-0.001,1.377,1.957
6.74,-9.193,-0.138,-0.999,-11.049,-0.001,1.380,1.900
6.76,-9.193,-0.138,-0.999,-11.049,-0.001,1.380,1.900
6.78,-9.303,-0.132,-1.012,-11.073,-0.001,1.383,1.814
6.81,-9.303,-0.132,-1.012,-11.073,-0.001,1.383,1.814
6.83,-9.378,-0.128,-1.022,-11.096,-0.001,1.386,1.761
6.85,-9.378,-0.128,-1.022,-11.096,-0.001,1.386,1.761
6.87,-9.451,-0.124,-1.031,-11.118,-0.001,1.389,1.710
6.89,-9.451,-0.124,-1.031,-11.118,-0.001,1.389,1.710
6.91,-9.521,-0.120,-1.039,-11.139,-0.001,1.392,1.660
6.93,-9.521,-0.120,-1.039,-11.139,-0.001,1.392,1.660
6.95,-9.588,-0.115,-1.048,-11.158,-0.001,1.394,1.612
6.97,-9.588,-0.115,-1.048,-11.158,-0.001,1.394,1.612
6.99,-9.653,-0.110,-1.056,-11.176,-0.001,1.396,1.564
7.01,-9.653,-0.110,-1.056,-11.176,-0.001,1.396,1.564
7.03,-9.715,-0.105,-1.064,-11.200,-0.001,1.399,1.526
7.05,-9.715,-0.105,-1.064,-11.200,-0.001,1.399,1.526
7.08,-9.775,-0.100,-1.072,-11.214,-0.001,1.401,1.480
7.10,-9.775,-0.100,-1.072,-11.214,-0.001,1.401,1.480
7.12,-9.775,-0.100,-1.072,-11.214,-0.001,1.401,1.480
7.14,-9.866,-0.091,-1.085,-11.227,-0.001,1.403,1.401
7.16,-9.866,-0.091,-1.085,-11.227,-0.001,1.403,1.401
7.18,-9.920,-0.085,-1.092,-11.239,-0.001,1.405,1.359
7.20,-9.920,-0.085,-1.092,-11.239,-0.001,1.405,1.359
7.22,-9.971,-0.079,-1.100,-11.250,-0.001,1.406,1.318
7.24,-9.971,-0.079,-1.100,-11.250,-0.001,1.406,1.318
7.26,-10.020,-0.073,-1.107,-11.260,-0.001,1.407,1.278
7.28,-10.020,-0.073,-1.107,-11.260,-0.001,1.407,1.278
7.30,-10.085,-0.064,-1.117,-11.270,-0.001,1.408,1.221
7.32,-10.085,-0.064,-1.117,-11.270,-0.001,1.408,1.221
7.35,-10.129,-0.058,-1.124,-11.278,-0.001,1.409,1.185
7.37,-10.129,-0.058,-1.124,-11.278,-0.001,1.409,1.185
7.39,-10.170,-0.052,-1.131,-11.286,-0.001,1.410,1.151
7.41,-10.170,-0.052,-1.131,-11.286,-0.001,1.410,1.151
7.43,-10.209,-0.046,-1.138,-11.293,-0.001,1.411,1.118
7.45,-10.209,-0.046,-1.138,-11.293,-0.001,1.411,1.118
7.47,-10.246,-0.040,-1.145,-11.299,-0.001,1.412,1.087
7.49,-10.246,-0.040,-1.145,-11.299,-0.001,1.412,1.087
7.51,-10.280,-0.034,-1.151,-11.305,-0.001,1.413,1.058
7.53,-10.280,-0.034,-1.151,-11.305,-0.001,1.413,1.058
7.55,-10.313,-0.028,-1.157,-11.314,-0.001,1.414,1.034
7.58,-10.313,-0.028,-1.157,-11.314,-0.001,1.414,1.034
7.60,-10.349,-0.021,-1.164,-11.320,-0.000,1.415,1.003
7.62,-10.349,-0.021,-1.164,-11.320,-0.000,1.415,1.003
7.64,-10.349,-0.021,-1.164,-11.320,-0.000,1.415,1.003
7.66,-10.388,-0.013,-1.172,-11.326,-0.000,1.416,0.969
7.68,-10.388,-0.013,-1.172,-11.326,-0.000,1.416,0.969
7.70,-10.413,-0.008,-1.177,-11.331,-0.000,1.416,0.949
7.72,-10.413,-0.008,-1.177,-11.331,-0.000,1.416,0.949
7.74,-10.437,-0.003,-1.182,-11.338,-0.000,1.417,0.931
7.76,-10.437,-0.003,-1.182,-11.338,-0.000,1.417,0.931
7.78,-10.460,0.001,-1.187,-11.344,-0.000,1.418,0.914
7.80,-10.460,0.001,-1.187,-11.344,-0.000,1.418,0.914
7.82,-10.489,0.007,-1.193,-11.351,-0.000,1.419,0.892
7.85,-10.489,0.007,-1.193,-11.351,-0.000,1.419,0.892
7.87,-10.508,0.011,-1.198,-11.359,-0.000,1.420,0.880
7.89,-10.508,0.011,-1.198,-11.359,-0.000,1.420,0.880
7.91,-10.525,0.014,-1.202,-11.367,-0.000,1.421,0.870
7.93,-10.525,0.014,-1.202,-11.367,-0.000,1.421,0.870
7.95,-10.542,0.018,-1.206,-11.376,-0.000,1.422,0.862
7.97,-10.542,0.018,-1.206,-11.376,-0.000,1.422,0.862
7.99,-10.557,0.020,-1.211,-11.386,-0.000,1.423,0.856
8.01,-10.557,0.020,-1.211,-11.386,-0.000,1.423,0.856
8.03,-10.571,0.023,-1.215,-11.396,-0.000,1.425,0.851
8.05,-10.571,0.023,-1.215,-11.396,-0.000,1.425,0.851
8.08,-10.585,0.025,-1.219,-11.413,-0.000,1.427,0.854
8.10,-10.585,0.025,-1.219,-11.413,-0.000,1.427,0.854
8.12,-10.585,0.025,-1.219,-11.413,-0.000,1.427,0.854
8.14,-10.604,0.027,-1.226,-11.425,-0.000,1.428,0.846
8.16,-10.604,0.027,-1.226,-11.425,-0.000,1.428,0.846
8.18,-10.616,0.028,-1.231,-11.438,-0.000,1.430,0.847
8.20,-10.616,0.028,-1.231,-11.438,-0.000,1.430,0.847
8.22,-10.627,0.028,-1.235,-11.452,-0.000,1.432,0.849
8.24,-10.627,0.028,-1.235,-11.452,-0.000,1.432,0.849
8.26,-10.638,0.028,-1.240,-11.467,-0.000,1.434,0.852
8.28,-10.638,0.028,-1.240,-11.467,-0.000,1.434,0.852
8.30,-10.649,0.028,-1.244,-11.483,-0.000,1.436,0.857
8.32,-10.649,0.028,-1.244,-11.483,-0.000,1.436,0.857
8.34,-10.664,0.028,-1.251,-11.499,-0.000,1.438,0.857
8.37,-10.664,0.028,-1.251,-11.499,-0.000,1.438,0.857
8.39,-10.675,0.027,-1.256,-11.516,-0.000,1.440,0.862
8.41,-10.675,0.027,-1.256,-11.516,-0.000,1.440,0.862
8.43,-10.686,0.026,-1.261,-11.534,-0.000,1.442,0.868
8.45,-10.686,0.026,-1.261,-11.534,-0.000,1.442,0.868
8.47,-10.697,0.025,-1.266,-11.552,-0.000,1.444,0.874
8.49,-10.697,0.025,-1.266,-11.552,-0.000,1.444,0.874
8.51,-10.709,0.024,-1.271,-11.571,-0.000,1.447,0.880
8.53,-10.709,0.024,-1.271,-11.571,-0.000,1.447,0.880
8.55,-10.721,0.023,-1.277,-11.598,-0.000,1.450,0.895
8.57,-10.721,0.023,-1.277,-11.598,-0.000,1.450,0.895
8.59,-10.733,0.021,-1.282,-11.617,-0.000,1.452,0.900
8.62,-10.733,0.021,-1.282,-11.617,-0.000,1.452,0.900
8.64,-10.733,0.021,-1.282,-11.617,-0.000,1.452,0.900
8.66,-10.754,0.017,-1.292,-11.636,-0.000,1.455,0.897
8.68,-10.754,0.017,-1.292,-11.636,-0.000,1.455,0.897
8.70,-10.768,0.015,-1.298,-11.655,-0.000,1.457,0.902
8.72,-10.768,0.015,-1.298,-11.655,-0.000,1.457,0.902
8.74,-10.782,0.012,-1.304,-11.674,-0.000,1.460,0.906
8.76,-10.782,0.012,-1.304,-11.674,-0.000,1.460,0.906
8.78,-10.797,0.009,-1.310,-11.693,-0.000,1.462,0.909
8.80,-10.797,0.009,-1.310,-11.693,-0.000,1.462,0.909
8.82,-10.813,0.005,-1.317,-11.712,-0.000,1.464,0.912
8.84,-10.813,0.005,-1.317,-11.712,-0.000,1.464,0.912
8.86,-10.835,0.000,-1.326,-11.731,-0.000,1.467,0.906
8.89,-10.835,0.000,-1.326,-11.731,-0.000,1.467,0.906
8.91,-10.852,-0.004,-1.332,-11.749,-0.000,1.469,0.907
8.93,-10.852,-0.004,-1.332,-11.749,-0.000,1.469,0.907
8.95,-10.869,-0.007,-1.338,-11.766,-0.000,1.471,0.906
8.97,-10.869,-0.007,-1.338,-11.766,-0.000,1.471,0.906
8.99,-10.887,-0.011,-1.344,-11.783,-0.000,1.473,0.905
9.01,-10.887,-0.011,-1.344,-11.783,-0.000,1.473,0.905
9.03,-10.905,-0.015,-1.350,-11.799,-0.000,1.475,0.902
9.05,-10.905,-0.015,-1.350,-11.799,-0.000,1.475,0.902
9.07,-10.924,-0.019,-1.356,-11.821,-0.000,1.478,0.906
9.09,-10.924,-0.019,-1.356,-11.821,-0.000,1.478,0.906
9.11,-10.924,-0.019,-1.356,-11.821,-0.000,1.478,0.906
9.14,-10.953,-0.025,-1.365,-11.835,-0.000,1.480,0.889
9.16,-10.953,-0.025,-1.365,-11.835,-0.000,1.480,0.889
9.18,-10.972,-0.028,-1.370,-11.848,-0.000,1.481,0.883
9.20,-10.972,-0.028,-1.370,-11.848,-0.000,1.481,0.883
9.22,-10.991,-0.032,-1.375,-11.860,-0.000,1.483,0.876
9.24,-10.991,-0.032,-1.375,-11.860,-0.000,1.483,0.876
9.26,-11.010,-0.036,-1.379,-11.871,-0.000,1.484,0.868
9.28,-11.010,-0.036,-1.379,-11.871,-0.000,1.484,0.868
9.30,-11.029,-0.039,-1.384,-11.880,-0.000,1.485,0.859
9.32,-11.029,-0.039,-1.384,-11.880,-0.000,1.485,0.859
9.34,-11.047,-0.042,-1.388,-11.889,-0.000,1.486,0.849
9.36,-11.047,-0.042,-1.388,-11.889,-0.000,1.486,0.849
9.39,-11.074,-0.047,-1.393,-11.897,-0.000,1.487,0.830
9.41,-11.074,-0.047,-1.393,-11.897,-0.000,1.487,0.830
9.43,-11.092,-0.050,-1.397,-11.898,-0.000,1.487,0.813
9.45,-11.092,-0.050,-1.397,-11.898,-0.000,1.487,0.813
9.47,-11.110,-0.052,-1.400,-11.898,-0.000,1.487,0.795
9.49,-11.110,-0.052,-1.400,-11.898,-0.000,1.487,0.795
9.51,-11.127,-0.055,-1.403,-11.898,-0.000,1.487,0.777
9.53,-11.127,-0.055,-1.403,-11.898,-0.000,1.487,0.777
9.55,-11.145,-0.057,-1.406,-11.898,-0.000,1.487,0.760
9.57,-11.145,-0.057,-1.406,-11.898,-0.000,1.487,0.760
9.59,-11.161,-0.059,-1.409,-11.898,-0.000,1.487,0.743
9.61,-11.161,-0.059,-1.409,-11.898,-0.000,1.487,0.743
9.64,-11.161,-0.059,-1.409,-11.898,-0.000,1.487,0.743
9.66,-11.186,-0.062,-1.412,-11.898,-0.000,1.487,0.718
9.68,-11.186,-0.062,-1.412,-11.898,-0.000,1.487,0.718
9.70,-11.201,-0.063,-1.414,-11.898,-0.000,1.487,0.704
9.72,-11.201,-0.063,-1.414,-11.898,-0.000,1.487,0.704
9.74,-11.215,-0.065,-1.416,-11.898,-0.000,1.487,0.690
9.76,-11.215,-0.065,-1.416,-11.898,-0.000,1.487,0.690
9.78,-11.228,-0.066,-1.417,-11.898,-0.000,1.487,0.677
9.80,-11.228,-0.066,-1.417,-11.898,-0.000,1.487,0.677
9.82,-11.239,-0.067,-1.418,-11.898,-0.000,1.487,0.666
9.84,-11.239,-0.067,-1.418,-11.898,-0.000,1.487,0.666
9.87,-11.254,-0.068,-1.419,-11.898,-0.000,1.487,0.651
9.89,-11.254,-0.068,-1.419,-11.898,-0.000,1.487,0.651
9.91,-11.263,-0.069,-1.420,-11.898,-0.000,1.487,0.642
9.93,-11.263,-0.069,-1.420,-11.898,-0.000,1.487,0.642
9.95,-11.271,-0.070,-1.421,-11.898,-0.000,1.487,0.635
9.97,-11.271,-0.070,-1.421,-11.898,-0.000,1.487,0.635
9.99,-11.278,-0.070,-1.421,-11.898,-0.000,1.487,0.628
10.01,-11.278,-0.070,-1.421,-11.898,-0.000,1.487,0.628
10.03,-11.283,-0.071,-1.422,-11.898,-0.000,1.487,0.622
10.05,-11.283,-0.071,-1.422,-11.898,-0.000,1.487,0.622
10.07,-11.288,-0.071,-1.422,-11.898,-0.000,1.487,0.617
10.10,-11.288,-0.071,-1.422,-11.898,-0.000,1.487,0.617
10.12,-11.293,-0.072,-1.423,-11.898,-0.000,1.487,0.612
10.14,-11.293,-0.072,-1.423,-11.898,-0.000,1.487,0.612
10.16,-11.293,-0.072,-1.423,-11.898,-0.000,1.487,0.612
10.18,-11.298,-0.072,-1.424,-11.898,-0.000,1.487,0.608
10.20,-11.298,-0.072,-1.424,-11.898,-0.000,1.487,0.608
10.22,-11.300,-0.073,-1.424,-11.898,-0.000,1.487,0.606
10.24,-11.300,-0.073,-1.424,-11.898,-0.000,1.487,0.606
10.26,-11.302,-0.073,-1.425,-11.898,-0.000,1.487,0.604
10.28,-11.302,-0.073,-1.425,-11.898,-0.000,1.487,0.604
10.30,-11.303,-0.074,-1.426,-11.898,-0.000,1.487,0.602
10.32,-11.303,-0.074,-1.426,-11.898,-0.000,1.487,0.602
10.34,-11.304,-0.074,-1.428,-11.898,-0.000,1.487,0.601
10.37,-11.304,-0.074,-1.428,-11.898,-0.000,1.487,0.601
10.39,-11.305,-0.075,-1.429,-11.898,-0.000,1.487,0.601
10.41,-11.305,-0.075,-1.429,-11.898,-0.000,1.487,0.601
10.43,-11.305,-0.075,-1.430,-11.898,-0.000,1.487,0.601
10.45,-11.305,-0.075,-1.430,-11.898,-0.000,1.487,0.601
10.47,-11.304,-0.075,-1.431,-11.898,-0.000,1.487,0.601
10.49,-11.304,-0.075,-1.431,-11.898,-0.000,1.487,0.601
10.51,-11.304,-0.075,-1.433,-11.898,-0.000,1.487,0.602
10.53,-11.304,-0.075,-1.433,-11.898,-0.000,1.487,0.602
10.55,-11.303,-0.076,-1.435,-11.898,-0.000,1.487,0.602
10.57,-11.303,-0.076,-1.435,-11.898,-0.000,1.487,0.602
10.60,-11.302,-0.076,-1.436,-11.898,-0.000,1.487,0.603
10.62,-11.302,-0.076,-1.436,-11.898,-0.000,1.487,0.603
10.64,-11.302,-0.076,-1.436,-11.898,-0.000,1.487,0.603
10.66,-11.300,-0.076,-1.439,-11.898,-0.000,1.487,0.604
10.68,-11.300,-0.076,-1.439,-11.898,-0.000,1.487,0.604
10.70,-11.299,-0.076,-1.441,-11.898,-0.000,1.487,0.605
10.72,-11.299,-0.076,-1.441,-11.898,-0.000,1.487,0.605
10.74,-11.298,-0.076,-1.443,-11.898,-0.000,1.487,0.606
10.76,-11.298,-0.076,-1.443,-11.898,-0.000,1.487,0.606
10.78,-11.298,-0.076,-1.444,-11.898,-0.000,1.487,0.607
10.80,-11.298,-0.076,-1.444,-11.898,-0.000,1.487,0.607
10.82,-11.297,-0.077,-1.445,-11.898,-0.000,1.487,0.607
10.84,-11.297,-0.077,-1.445,-11.898,-0.000,1.487,0.607
10.86,-11.296,-0.077,-1.447,-11.898,-0.000,1.487,0.608
10.89,-11.296,-0.077,-1.447,-11.898,-0.000,1.487,0.608
10.91,-11.296,-0.078,-1.448,-11.898,-0.000,1.487,0.608
10.93,-11.296,-0.078,-1.448,-11.898,-0.000,1.487,0.608
10.95,-11.296,-0.078,-1.449,-11.898,-0.000,1.487,0.608
10.97,-11.296,-0.078,-1.449,-11.898,-0.000,1.487,0.608
10.99,-11.296,-0.079,-1.450,-11.898,-0.000,1.487,0.608
11.01,-11.296,-0.079,-1.450,-11.898,-0.000,1.487,0.608
11.03,-11.297,-0.080,-1.451,-11.898,-0.000,1.487,0.608
11.05,-11.297,-0.080,-1.451,-11.898,-0.000,1.487,0.608
11.07,-11.297,-0.080,-1.451,-11.898,-0.000,1.487,0.607
11.09,-11.297,-0.080,-1.451,-11.898,-0.000,1.487,0.607
11.12,-11.298,-0.081,-1.452,-11.898,-0.000,1.487,0.606
11.14,-11.298,-0.081,-1.452,-11.898,-0.000,1.487,0.606
11.16,-11.298,-0.081,-1.452,-11.898,-0.000,1.487,0.606
11.18,-11.300,-0.081,-1.453,-11.898,-0.000,1.487,0.604
11.20,-11.300,-0.081,-1.453,-11.898,-0.000,1.487,0.604
11.22,-11.302,-0.081,-1.453,-11.898,-0.000,1.487,0.603
11.24,-11.302,-0.081,-1.453,-11.898,-0.000,1.487,0.603
11.26,-11.303,-0.081,-1.453,-11.898,-0.000,1.487,0.601
11.28,-11.303,-0.081,-1.453,-11.898,-0.000,1.487,0.601
11.30,-11.305,-0.081,-1.454,-11.898,-0.000,1.487,0.599
11.32,-11.305,-0.081,-1.454,-11.898,-0.000,1.487,0.599
11.34,-11.308,-0.081,-1.454,-11.898,-0.000,1.487,0.597
11.37,-11.308,-0.081,-1.454,-11.898,-0.000,1.487,0.597
11.39,-11.310,-0.081,-1.454,-11.898,-0.000,1.487,0.594
11.41,-11.310,-0.081,-1.454,-11.898,-0.000,1.487,0.594
11.43,-11.313,-0.082,-1.454,-11.898,-0.000,1.487,0.592
11.45,-11.313,-0.082,-1.454,-11.898,-0.000,1.487,0.592
11.47,-11.315,-0.082,-1.454,-11.898,-0.000,1.487,0.590
11.49,-11.315,-0.082,-1.454,-11.898,-0.000,1.487,0.590
11.51,-11.318,-0.082,-1.454,-11.898,-0.000,1.487,0.587
11.53,-11.318,-0.082,-1.454,-11.898,-0.000,1.487,0.587
11.55,-11.320,-0.082,-1.454,-11.898,-0.000,1.487,0.585
11.57,-11.320,-0.082,-1.454,-11.898,-0.000,1.487,0.585
11.59,-11.323,-0.083,-1.454,-11.898,-0.000,1.487,0.582
11.62,-11.323,-0.083,-1.454,-11.898,-0.000,1.487,0.582
11.64,-11.323,-0.083,-1.454,-11.898,-0.000,1.487,0.582
11.66,-11.327,-0.082,-1.454,-11.898,-0.000,1.487,0.578
11.68,-11.327,-0.082,-1.454,-11.898,-0.000,1.487,0.578
11.70,-11.329,-0.082,-1.454,-11.898,-0.000,1.487,0.575
11.72,-11.329,-0.082,-1.454,-11.898,-0.000,1.487,0.575
11.74,-11.332,-0.081,-1.454,-11.898,-0.000,1.487,0.573
11.76,-11.332,-0.081,-1.454,-11.898,-0.000,1.487,0.573
11.78,-11.334,-0.081,-1.454,-11.898,-0.000,1.487,0.570
11.80,-11.334,-0.081,-1.454,-11.898,-0.000,1.487,0.570
11.82,-11.337,-0.080,-1.454,-11.898,-0.000,1.487,0.568
11.84,-11.337,-0.080,-1.454,-11.898,-0.000,1.487,0.568
11.86,-11.340,-0.079,-1.453,-11.898,-0.000,1.487,0.565
11.88,-11.340,-0.079,-1.453,-11.898,-0.000,1.487,0.565
11.91,-11.342,-0.078,-1.453,-11.898,-0.000,1.487,0.563
11.93,-11.342,-0.078,-1.453,-11.898,-0.000,1.487,0.563
11.95,-11.344,-0.077,-1.453,-11.898,-0.000,1.487,0.561
11.97,-11.344,-0.077,-1.453,-11.898,-0.000,1.487,0.561
11.99,-11.345,-0.076,-1.453,-11.898,-0.000,1.487,0.559
12.01,-11.345,-0.076,-1.453,-11.898,-0.000,1.487,0.559
12.03,-11.347,-0.075,-1.453,-11.898,-0.000,1.487,0.557
12.05,-11.347,-0.075,-1.453,-11.898,-0.000,1.487,0.557
12.07,-11.348,-0.075,-1.453,-11.898,-0.000,1.487,0.556
12.09,-11.348,-0.075,-1.453,-11.898,-0.000,1.487,0.556
12.11,-11.350,-0.074,-1.453,-11.898,-0.000,1.487,0.554
12.13,-11.350,-0.074,-1.453,-11.898,-0.000,1.487,0.554
12.16,-11.350,-0.074,-1.453,-11.898,-0.000,1.487,0.554
12.18,-11.352,-0.073,-1.453,-11.898,-0.000,1.487,0.552
12.20,-11.352,-0.073,-1.453,-11.898,-0.000,1.487,0.552
12.22,-11.354,-0.072,-1.454,-11.898,-0.000,1.487,0.550
12.24,-11.354,-0.072,-1.454,-11.898,-0.000,1.487,0.550
12.26,-11.355,-0.072,-1.454,-11.898,-0.000,1.487,0.548
12.28,-11.355,-0.072,-1.454,-11.898,-0.000,1.487,0.548
12.30,-11.357,-0.071,-1.454,-11.898,-0.000,1.487,0.547
12.32,-11.357,-0.071,-1.454,-11.898,-0.000,1.487,0.547
12.34,-11.359,-0.071,-1.455,-11.898,-0.000,1.487,0.545
12.36,-11.359,-0.071,-1.455,-11.898,-0.000,1.487,0.545
12.38,-11.361,-0.071,-1.455,-11.898,-0.000,1.487,0.543
12.41,-11.361,-0.071,-1.455,-11.898,-0.000,1.487,0.543
12.43,-11.363,-0.071,-1.456,-11.898,-0.000,1.487,0.541
12.45,-11.363,-0.071,-1.456,-11.898,-0.000,1.487,0.541
12.47,-11.365,-0.072,-1.456,-11.898,-0.000,1.487,0.539
12.49,-11.365,-0.072,-1.456,-11.898,-0.000,1.487,0.539
12.51,-11.367,-0.072,-1.456,-11.898,-0.000,1.487,0.537
12.53,-11.367,-0.072,-1.456,-11.898,-0.000,1.487,0.537
12.55,-11.369,-0.073,-1.457,-11.898,-0.000,1.487,0.535
12.57,-11.369,-0.073,-1.457,-11.898,-0.000,1.487,0.535
12.59,-11.372,-0.074,-1.457,-11.898,-0.000,1.487,0.533
12.61,-11.372,-0.074,-1.457,-11.898,-0.000,1.487,0.533
12.63,-11.374,-0.074,-1.458,-11.898,-0.000,1.487,0.530
12.65,-11.374,-0.074,-1.458,-11.898,-0.000,1.487,0.530
12.68,-11.374,-0.074,-1.458,-11.898,-0.000,1.487,0.530
12.70,-11.378,-0.076,-1.459,-11.898,-0.000,1.487,0.527
12.72,-11.378,-0.076,-1.459,-11.898,-0.000,1.487,0.527
12.74,-11.380,-0.076,-1.460,-11.898,-0.000,1.487,0.524
12.76,-11.380,-0.076,-1.460,-11.898,-0.000,1.487,0.524
12.78,-11.382,-0.077,-1.460,-11.898,-0.000,1.487,0.522
12.80,-11.382,-0.077,-1.460,-11.898,-0.000,1.487,0.522
12.82,-11.385,-0.078,-1.461,-11.898,-0.000,1.487,0.520
12.84,-11.385,-0.078,-1.461,-11.898,-0.000,1.487,0.520
12.86,-11.387,-0.079,-1.461,-11.898,-0.000,1.487,0.517
12.88,-11.387,-0.079,-1.461,-11.898,-0.000,1.487,0.517
12.90,-11.391,-0.080,-1.462,-11.898,-0.000,1.487,0.514
12.92,-11.391,-0.080,-1.462,-11.898,-0.000,1.487,0.514
12.95,-11.393,-0.082,-1.462,-11.898,-0.000,1.487,0.512
12.97,-11.393,-0.082,-1.462,-11.898,-0.000,1.487,0.512
12.99,-11.395,-0.083,-1.463,-11.898,-0.000,1.487,0.510
13.01,-11.395,-0.083,-1.463,-11.898,-0.000,1.487,0.510
13.03,-11.398,-0.084,-1.464,-11.898,-0.000,1.487,0.508
13.05,-11.398,-0.084,-1.464,-11.898,-0.000,1.487,0.508
13.07,-11.400,-0.085,-1.464,-11.898,-0.000,1.487,0.506
13.09,-11.400,-0.085,-1.464,-11.898,-0.000,1.487,0.506
13.11,-11.402,-0.086,-1.465,-11.898,-0.000,1.487,0.504
13.13,-11.402,-0.086,-1.465,-11.898,-0.000,1.487,0.504
13.15,-11.402,-0.086,-1.465,-11.898,-0.000,1.487,0.504
13.17,-11.405,-0.087,-1.466,-11.898,-0.000,1.487,0.501
13.20,-11.405,-0.087,-1.466,-11.898,-0.000,1.487,0.501
13.22,-11.408,-0.087,-1.467,-11.898,-0.000,1.487,0.498
13.24,-11.408,-0.087,-1.467,-11.898,-0.000,1.487,0.498
13.26,-11.411,-0.087,-1.467,-11.898,-0.000,1.487,0.495
13.28,-11.411,-0.087,-1.467,-11.898,-0.000,1.487,0.495
13.30,-11.413,-0.087,-1.468,-11.898,-0.000,1.487,0.493
13.32,-11.413,-0.087,-1.468,-11.898,-0.000,1.487,0.493
13.34,-11.416,-0.087,-1.468,-11.898,-0.000,1.487,0.491
13.36,-11.416,-0.087,-1.468,-11.898,-0.000,1.487,0.491
13.38,-11.418,-0.087,-1.469,-11.898,-0.000,1.487,0.488
13.40,-11.418,-0.087,-1.469,-11.898,-0.000,1.487,0.488
13.42,-11.421,-0.087,-1.469,-11.898,-0.000,1.487,0.485
13.45,-11.421,-0.087,-1.469,-11.898,-0.000,1.487,0.485
13.47,-11.424,-0.086,-1.469,-11.898,-0.000,1.487,0.483
13.49,-11.424,-0.086,-1.469,-11.898,-0.000,1.487,0.483
13.51,-11.426,-0.086,-1.470,-11.898,-0.000,1.487,0.480
13.53,-11.426,-0.086,-1.470,-11.898,-0.000,1.487,0.480
13.55,-11.428,-0.085,-1.470,-11.898,-0.000,1.487,0.478
13.57,-11.428,-0.085,-1.470,-11.898,-0.000,1.487,0.478
13.59,-11.430,-0.085,-1.470,-11.898,-0.000,1.487,0.476
13.61,-11.430,-0.085,-1.470,-11.898,-0.000,1.487,0.476
13.63,-11.432,-0.084,-1.470,-11.898,-0.000,1.487,0.473
13.65,-11.432,-0.084,-1.470,-11.898,-0.000,1.487,0.473
13.67,-11.432,-0.084,-1.470,-11.898,-0.000,1.487,0.473
13.70,-11.436,-0.083,-1.469,-11.898,-0.000,1.487,0.470
13.72,-11.436,-0.083,-1.469,-11.898,-0.000,1.487,0.470
13.74,-11.439,-0.083,-1.469,-11.898,-0.000,1.487,0.467
13.76,-11.439,-0.083,-1.469,-11.898,-0.000,1.487,0.467
13.78,-11.441,-0.082,-1.469,-11.898,-0.000,1.487,0.465
13.80,-11.441,-0.082,-1.469,-11.898,-0.000,1.487,0.465
13.82,-11.444,-0.081,-1.469,-11.898,-0.000,1.487,0.462
13.84,-11.444,-0.081,-1.469,-11.898,-0.000,1.487,0.462
13.86,-11.446,-0.081,-1.470,-11.898,-0.000,1.487,0.459
13.88,-11.446,-0.081,-1.470,-11.898,-0.000,1.487,0.459
13.90,-11.449,-0.080,-1.470,-11.898,-0.000,1.487,0.456
13.92,-11.449,-0.080,-1.470,-11.898,-0.000,1.487,0.456
13.95,-11.451,-0.079,-1.470,-11.898,-0.000,1.487,0.454
13.97,-11.451,-0.079,-1.470,-11.898,-0.000,1.487,0.454
13.99,-11.454,-0.078,-1.471,-11.898,-0.000,1.487,0.451
14.01,-11.454,-0.078,-1.471,-11.898,-0.000,1.487,0.451
14.03,-11.456,-0.077,-1.471,-11.898,-0.000,1.487,0.449
14.05,-11.456,-0.077,-1.471,-11.898,-0.000,1.487,0.449
14.07,-11.458,-0.075,-1.472,-11.898,-0.000,1.487,0.447
14.09,-11.458,-0.075,-1.472,-11.898,-0.000,1.487,0.447
14.11,-11.460,-0.074,-1.472,-11.898,-0.000,1.487,0.445
14.13,-11.460,-0.074,-1.472,-11.898,-0.000,1.487,0.445
14.15,-11.460,-0.074,-1.472,-11.898,-0.000,1.487,0.445
14.17,-11.463,-0.073,-1.473,-11.898,-0.000,1.487,0.441
14.20,-11.463,-0.073,-1.473,-11.898,-0.000,1.487,0.441
14.22,-11.466,-0.071,-1.473,-11.898,-0.000,1.487,0.438
14.24,-11.466,-0.071,-1.473,-11.898,-0.000,1.487,0.438
14.26,-11.468,-0.070,-1.474,-11.898,-0.000,1.487,0.436
14.28,-11.468,-0.070,-1.474,-11.898,-0.000,1.487,0.436
14.30,-11.470,-0.069,-1.474,-11.898,-0.000,1.487,0.434
14.32,-11.470,-0.069,-1.474,-11.898,-0.000,1.487,0.434
14.34,-11.472,-0.067,-1.474,-11.898,-0.000,1.487,0.431
14.36,-11.472,-0.067,-1.474,-11.898,-0.000,1.487,0.431
14.38,-11.474,-0.065,-1.475,-11.898,-0.000,1.487,0.429
14.40,-11.474,-0.065,-1.475,-11.898,-0.000,1.487,0.429
14.42,-11.476,-0.064,-1.475,-11.898,-0.000,1.487,0.427
14.44,-11.476,-0.064,-1.475,-11.898,-0.000,1.487,0.427
14.47,-11.480,-0.061,-1.476,-11.898,-0.000,1.487,0.423
14.49,-11.480,-0.061,-1.476,-11.898,-0.000,1.487,0.423
14.51,-11.482,-0.060,-1.476,-11.898,-0.000,1.487,0.420
14.53,-11.482,-0.060,-1.476,-11.898,-0.000,1.487,0.420
14.55,-11.485,-0.058,-1.477,-11.898,-0.000,1.487,0.418
14.57,-11.485,-0.058,-1.477,-11.898,-0.000,1.487,0.418
14.59,-11.487,-0.056,-1.477,-11.898,-0.000,1.487,0.415
14.61,-11.487,-0.056,-1.477,-11.898,-0.000,1.487,0.415
14.63,-11.490,-0.055,-1.477,-11.898,-0.000,1.487,0.412
14.65,-11.490,-0.055,-1.477,-11.898,-0.000,1.487,0.412
14.67,-11.490,-0.055,-1.477,-11.898,-0.000,1.487,0.412
14.69,-11.494,-0.053,-1.478,-11.898,-0.000,1.487,0.408
14.71,-11.494,-0.053,-1.478,-11.898,-0.000,1.487,0.408
14.74,-11.497,-0.051,-1.478,-11.898,-0.000,1.487,0.404
14.76,-11.497,-0.051,-1.478,-11.898,-0.000,1.487,0.404
14.78,-11.501,-0.050,-1.478,-11.898,-0.000,1.487,0.401
14.80,-11.501,-0.050,-1.478,-11.898,-0.000,1.487,0.401
14.82,-11.504,-0.050,-1.478,-11.898,-0.000,1.487,0.398
14.84,-11.504,-0.050,-1.478,-11.898,-0.000,1.487,0.398
14.86,-11.507,-0.049,-1.478,-11.898,-0.000,1.487,0.395
14.88,-11.507,-0.049,-1.478,-11.898,-0.000,1.487,0.395
14.90,-11.510,-0.049,-1.478,-11.898,-0.000,1.487,0.392
14.92,-11.510,-0.049,-1.478,-11.898,-0.000,1.487,0.392
14.94,-11.513,-0.049,-1.478,-11.898,-0.000,1.487,0.389
14.96,-11.513,-0.049,-1.478,-11.898,-0.000,1.487,0.389
14.98,-11.517,-0.049,-1.477,-11.898,-0.000,1.487,0.385
15.01,-11.517,-0.049,-1.477,-11.898,-0.000,1.487,0.385
15.03,-11.519,-0.050,-1.477,-11.898,-0.000,1.487,0.382
15.05,-11.519,-0.050,-1.477,-11.898,-0.000,1.487,0.382
15.07,-11.522,-0.050,-1.477,-11.898,-0.000,1.487,0.379
15.09,-11.522,-0.050,-1.477,-11.898,-0.000,1.487,0.379
15.11,-11.525,-0.050,-1.476,-11.898,-0.000,1.487,0.376
15.13,-11.525,-0.050,-1.476,-11.898,-0.000,1.487,0.376
15.15,-11.528,-0.051,-1.476,-11.898,-0.000,1.487,0.374
15.17,-11.528,-0.051,-1.476,-11.898,-0.000,1.487,0.374
15.19,-11.528,-0.051,-1.476,-11.898,-0.000,1.487,0.374
15.21,-11.532,-0.051,-1.476,-11.898,-0.000,1.487,0.370
15.23,-11.532,-0.051,-1.476,-11.898,-0.000,1.487,0.370
15.26,-11.535,-0.051,-1.476,-11.898,-0.000,1.487,0.367
15.28,-11.535,-0.051,-1.476,-11.898,-0.000,1.487,0.367
15.30,-11.538,-0.052,-1.475,-11.898,-0.000,1.487,0.364
15.32,-11.538,-0.052,-1.475,-11.898,-0.000,1.487,0.364
15.34,-11.541,-0.052,-1.475,-11.898,-0.000,1.487,0.361
15.36,-11.541,-0.052,-1.475,-11.898,-0.000,1.487,0.361
15.38,-11.544,-0.052,-1.475,-11.898,-0.000,1.487,0.358
15.40,-11.544,-0.052,-1.475,-11.898,-0.000,1.487,0.358
15.42,-11.546,-0.052,-1.475,-11.898,-0.000,1.487,0.356
15.44,-11.546,-0.052,-1.475,-11.898,-0.000,1.487,0.356
15.46,-11.549,-0.051,-1.475,-11.898,-0.000,1.487,0.353
15.48,-11.549,-0.051,-1.475,-11.898,-0.000,1.487,0.353
15.51,-11.552,-0.051,-1.475,-11.898,-0.000,1.487,0.350
15.53,-11.552,-0.051,-1.475,-11.898,-0.000,1.487,0.350
15.55,-11.554,-0.051,-1.476,-11.898,-0.000,1.487,0.348
15.57,-11.554,-0.051,-1.476,-11.898,-0.000,1.487,0.348
15.59,-11.556,-0.051,-1.476,-11.898,-0.000,1.487,0.346
15.61,-11.556,-0.051,-1.476,-11.898,-0.000,1.487,0.346
15.63,-11.559,-0.051,-1.477,-11.898,-0.000,1.487,0.344
15.65,-11.559,-0.051,-1.477,-11.898,-0.000,1.487,0.344
15.67,-11.559,-0.051,-1.477,-11.898,-0.000,1.487,0.344
15.69,-11.561,-0.051,-1.477,-11.898,-0.000,1.487,0.341
15.71,-11.561,-0.051,-1.477,-11.898,-0.000,1.487,0.341
15.73,-11.563,-0.051,-1.477,-11.898,-0.000,1.487,0.339
15.75,-11.563,-0.051,-1.477,-11.898,-0.000,1.487,0.339
15.78,-11.565,-0.051,-1.477,-11.898,-0.000,1.487,0.337
15.80,-11.565,-0.051,-1.477,-11.898,-0.000,1.487,0.337
15.82,-11.567,-0.051,-1.477,-11.898,-0.000,1.487,0.335
15.84,-11.567,-0.051,-1.477,-11.898,-0.000,1.487,0.335
15.86,-11.569,-0.051,-1.477,-11.898,-0.000,1.487,0.333
15.88,-11.569,-0.051,-1.477,-11.898,-0.000,1.487,0.333
15.90,-11.571,-0.051,-1.476,-11.898,-0.000,1.487,0.331
15.92,-11.571,-0.051,-1.476,-11.898,-0.000,1.487,0.331
15.94,-11.573,-0.051,-1.476,-11.898,-0.000,1.487,0.329
15.96,-11.573,-0.051,-1.476,-11.898,-0.000,1.487,0.329
15.98,-11.575,-0.051,-1.475,-11.898,-0.000,1.487,0.327
16.00,-11.575,-0.051,-1.475,-11.898,-0.000,1.487,0.327
16.03,-11.578,-0.052,-1.474,-11.898,-0.000,1.487,0.325
16.05,-11.578,-0.052,-1.474,-11.898,-0.000,1.487,0.325
16.07,-11.580,-0.052,-1.474,-11.898,-0.000,1.487,0.323
16.09,-11.580,-0.052,-1.474,-11.898,-0.000,1.487,0.323
16.11,-11.582,-0.052,-1.473,-11.898,-0.000,1.487,0.321
16.13,-11.582,-0.052,-1.473,-11.898,-0.000,1.487,0.321
16.15,-11.584,-0.052,-1.472,-11.898,-0.000,1.487,0.319
16.17,-11.584,-0.052,-1.472,-11.898,-0.000,1.487,0.319
16.19,-11.584,-0.052,-1.472,-11.898,-0.000,1.487,0.319
16.21,-11.587,-0.053,-1.472,-11.898,-0.000,1.487,0.316
16.23,-11.587,-0.053,-1.472,-11.898,-0.000,1.487,0.316
16.25,-11.589,-0.053,-1.471,-11.898,-0.000,1.487,0.314
16.27,-11.589,-0.053,-1.471,-11.898,-0.000,1.487,0.314
16.30,-11.591,-0.053,-1.471,-11.898,-0.000,1.487,0.312
16.32,-11.591,-0.053,-1.471,-11.898,-0.000,1.487,0.312
16.34,-11.594,-0.054,-1.470,-11.898,-0.000,1.487,0.309
16.36,-11.594,-0.054,-1.470,-11.898,-0.000,1.487,0.309
16.38,-11.596,-0.054,-1.470,-11.898,-0.000,1.487,0.307
16.40,-11.596,-0.054,-1.470,-11.898,-0.000,1.487,0.307
16.42,-11.598,-0.054,-1.469,-11.898,-0.000,1.487,0.306
16.44,-11.598,-0.054,-1.469,-11.898,-0.000,1.487,0.306
16.46,-11.600,-0.054,-1.469,-11.898,-0.000,1.487,0.304
16.48,-11.600,-0.054,-1.469,-11.898,-0.000,1.487,0.304
16.50,-11.602,-0.054,-1.468,-11.898,-0.000,1.487,0.302
16.52,-11.602,-0.054,-1.468,-11.898,-0.000,1.487,0.302
16.55,-11.604,-0.055,-1.468,-11.898,-0.000,1.487,0.300
16.57,-11.604,-0.055,-1.468,-11.898,-0.000,1.487,0.300
16.59,-11.606,-0.055,-1.467,-11.898,-0.000,1.487,0.298
16.61,-11.606,-0.055,-1.467,-11.898,-0.000,1.487,0.298
16.63,-11.607,-0.056,-1.467,-11.898,-0.000,1.487,0.297
16.65,-11.607,-0.056,-1.467,-11.898,-0.000,1.487,0.297
16.67,-11.609,-0.056,-1.467,-11.898,-0.000,1.487,0.295
16.69,-11.609,-0.056,-1.467,-11.898,-0.000,1.487,0.295
16.71,-11.609,-0.056,-1.467,-11.898,-0.000,1.487,0.295
16.73,-11.611,-0.057,-1.467,-11.898,-0.000,1.487,0.294
16.75,-11.611,-0.057,-1.467,-11.898,-0.000,1.487,0.294
16.77,-11.612,-0.058,-1.467,-11.898,-0.000,1.487,0.292
16.79,-11.612,-0.058,-1.467,-11.898,-0.000,1.487,0.292
16.82,-11.614,-0.059,-1.467,-11.898,-0.000,1.487,0.291
16.84,-11.614,-0.059,-1.467,-11.898,-0.000,1.487,0.291
16.86,-11.616,-0.060,-1.467,-11.898,-0.000,1.487,0.289
16.88,-11.616,-0.060,-1.467,-11.898,-0.000,1.487,0.289
16.90,-11.617,-0.060,-1.467,-11.898,-0.000,1.487,0.288
16.92,-11.617,-0.060,-1.467,-11.898,-0.000,1.487,0.288
16.94,-11.619,-0.060,-1.467,-11.898,-0.000,1.487,0.286
16.96,-11.619,-0.060,-1.467,-11.898,-0.000,1.487,0.286
16.98,-11.621,-0.061,-1.467,-11.898,-0.000,1.487,0.285
17.00,-11.621,-0.061,-1.467,-11.898,-0.000,1.487,0.285
17.02,-11.622,-0.061,-1.466,-11.898,-0.000,1.487,0.283
17.04,-11.622,-0.061,-1.466,-11.898,-0.000,1.487,0.283
17.06,-11.625,-0.060,-1.466,-11.898,-0.000,1.487,0.281
17.09,-11.625,-0.060,-1.466,-11.898,-0.000,1.487,0.281
17.11,-11.627,-0.060,-1.465,-11.898,-0.000,1.487,0.279
17.13,-11.627,-0.060,-1.465,-11.898,-0.000,1.487,0.279
17.15,-11.628,-0.059,-1.465,-11.898,-0.000,1.487,0.277
17.17,-11.628,-0.059,-1.465,-11.898,-0.000,1.487,0.277
17.19,-11.628,-0.059,-1.465,-11.898,-0.000,1.487,0.277
17.21,-11.630,-0.059,-1.464,-11.898,-0.000,1.487,0.275
17.23,-11.630,-0.059,-1.464,-11.898,-0.000,1.487,0.275
17.25,-11.631,-0.058,-1.464,-11.898,-0.000,1.487,0.274
17.27,-11.631,-0.058,-1.464,-11.898,-0.000,1.487,0.274
17.29,-11.633,-0.057,-1.464,-11.898,-0.000,1.487,0.272
17.31,-11.633,-0.057,-1.464,-11.898,-0.000,1.487,0.272
17.33,-11.634,-0.056,-1.464,-11.898,-0.000,1.487,0.271
17.36,-11.634,-0.056,-1.464,-11.898,-0.000,1.487,0.271
17.38,-11.636,-0.055,-1.463,-11.898,-0.000,1.487,0.269
17.40,-11.636,-0.055,-1.463,-11.898,-0.000,1.487,0.269
17.42,-11.637,-0.053,-1.463,-11.898,-0.000,1.487,0.267
17.44,-11.637,-0.053,-1.463,-11.898,-0.000,1.487,0.267
17.46,-11.639,-0.052,-1.463,-11.898,-0.000,1.487,0.265
17.48,-11.639,-0.052,-1.463,-11.898,-0.000,1.487,0.265
17.50,-11.641,-0.050,-1.464,-11.898,-0.000,1.487,0.263
17.52,-11.641,-0.050,-1.464,-11.898,-0.000,1.487,0.263
17.54,-11.643,-0.049,-1.464,-11.898,-0.000,1.487,0.261
17.56,-11.643,-0.049,-1.464,-11.898,-0.000,1.487,0.261
17.59,-11.645,-0.046,-1.464,-11.898,-0.000,1.487,0.258
17.61,-11.645,-0.046,-1.464,-11.898,-0.000,1.487,0.258
17.63,-11.647,-0.044,-1.465,-11.898,-0.000,1.487,0.256
17.65,-11.647,-0.044,-1.465,-11.898,-0.000,1.487,0.256
17.67,-11.649,-0.042,-1.466,-11.898,-0.000,1.487,0.254
17.69,-11.649,-0.042,-1.466,-11.898,-0.000,1.487,0.254
17.71,-11.649,-0.042,-1.466,-11.898,-0.000,1.487,0.254
17.73,-11.652,-0.039,-1.467,-11.898,-0.000,1.487,0.250
17.75,-11.652,-0.039,-1.467,-11.898,-0.000,1.487,0.250
17.77,-11.654,-0.038,-1.469,-11.898,-0.000,1.487,0.248
17.79,-11.654,-0.038,-1.469,-11.898,-0.000,1.487,0.248
17.81,-11.656,-0.036,-1.470,-11.898,-0.000,1.487,0.245
17.83,-11.656,-0.036,-1.470,-11.898,-0.000,1.487,0.245
17.86,-11.658,-0.034,-1.471,-11.898,-0.000,1.487,0.243
17.88,-11.658,-0.034,-1.471,-11.898,-0.000,1.487,0.243
17.90,-11.661,-0.032,-1.473,-11.898,-0.000,1.487,0.240
17.92,-11.661,-0.032,-1.473,-11.898,-0.000,1.487,0.240
17.94,-11.663,-0.030,-1.474,-11.898,-0.000,1.487,0.237
17.96,-11.663,-0.030,-1.474,-11.898,-0.000,1.487,0.237
17.98,-11.665,-0.028,-1.475,-11.898,-0.000,1.487,0.235
18.00,-11.665,-0.028,-1.475,-11.898,-0.000,1.487,0.235
18.02,-11.667,-0.026,-1.476,-11.898,-0.000,1.487,0.233
18.04,-11.667,-0.026,-1.476,-11.898,-0.000,1.487,0.233
18.06,-11.670,-0.024,-1.477,-11.898,-0.000,1.487,0.230
18.08,-11.670,-0.024,-1.477,-11.898,-0.000,1.487,0.230
18.11,-11.671,-0.023,-1.478,-11.898,-0.000,1.487,0.228
18.13,-11.671,-0.023,-1.478,-11.898,-0.000,1.487,0.228
18.15,-11.673,-0.021,-1.478,-11.898,-0.000,1.487,0.226
18.17,-11.673,-0.021,-1.478,-11.898,-0.000,1.487,0.226
18.19,-11.673,-0.021,-1.478,-11.898,-0.000,1.487,0.226
18.21,-11.676,-0.020,-1.479,-11.898,-0.000,1.487,0.223
18.23,-11.676,-0.020,-1.479,-11.898,-0.000,1.487,0.223
18.25,-11.678,-0.019,-1.479,-11.898,-0.000,1.487,0.221
18.27,-11.678,-0.019,-1.479,-11.898,-0.000,1.487,0.221
18.29,-11.680,-0.018,-1.479,-11.898,-0.000,1.487,0.219
18.31,-11.680,-0.018,-1.479,-11.898,-0.000,1.487,0.219
18.33,-11.681,-0.017,-1.479,-11.898,-0.000,1.487,0.217
18.35,-11.681,-0.017,-1.479,-11.898,-0.000,1.487,0.217
18.38,-11.683,-0.016,-1.480,-11.898,-0.000,1.487,0.215
18.40,-11.683,-0.016,-1.480,-11.898,-0.000,1.487,0.215
18.42,-11.685,-0.015,-1.480,-11.898,-0.000,1.487,0.214
18.44,-11.685,-0.015,-1.480,-11.898,-0.000,1.487,0.214
18.46,-11.687,-0.015,-1.480,-11.898,-0.000,1.487,0.212
18.48,-11.687,-0.015,-1.480,-11.898,-0.000,1.487,0.212
18.50,-11.688,-0.014,-1.481,-11.898,-0.000,1.487,0.211
18.52,-11.688,-0.014,-1.481,-11.898,-0.000,1.487,0.211
18.54,-11.689,-0.013,-1.481,-11.898,-0.000,1.487,0.209
18.56,-11.689,-0.013,-1.481,-11.898,-0.000,1.487,0.209
18.58,-11.691,-0.013,-1.481,-11.898,-0.000,1.487,0.208
18.60,-11.691,-0.013,-1.481,-11.898,-0.000,1.487,0.208
18.63,-11.693,-0.012,-1.481,-11.898,-0.000,1.487,0.206
18.65,-11.693,-0.012,-1.481,-11.898,-0.000,1.487,0.206
18.67,-11.694,-0.012,-1.482,-11.898,-0.000,1.487,0.204
18.69,-11.694,-0.012,-1.482,-11.898,-0.000,1.487,0.204
18.71,-11.694,-0.012,-1.482,-11.898,-0.000,1.487,0.204
18.73,-11.696,-0.012,-1.482,-11.898,-0.000,1.487,0.202
18.75,-11.696,-0.012,-1.482,-11.898,-0.000,1.487,0.202
18.77,-11.698,-0.012,-1.482,-11.898,-0.000,1.487,0.201
18.79,-11.698,-0.012,-1.482,-11.898,-0.000,1.487,0.201
18.81,-11.700,-0.012,-1.482,-11.898,-0.000,1.487,0.199
18.83,-11.700,-0.012,-1.482,-11.898,-0.000,1.487,0.199
18.86,-11.701,-0.012,-1.482,-11.898,-0.000,1.487,0.197
18.88,-11.701,-0.012,-1.482,-11.898,-0.000,1.487,0.197
18.90,-11.704,-0.012,-1.481,-11.898,-0.000,1.487,0.195
18.92,-11.704,-0.012,-1.481,-11.898,-0.000,1.487,0.195
18.94,-11.706,-0.012,-1.481,-11.898,-0.000,1.487,0.193
18.96,-11.706,-0.012,-1.481,-11.898,-0.000,1.487,0.193
18.98,-11.708,-0.012,-1.481,-11.898,-0.000,1.487,0.191
19.00,-11.708,-0.012,-1.481,-11.898,-0.000,1.487,0.191
19.02,-11.710,-0.012,-1.481,-11.898,-0.000,1.487,0.188
19.04,-11.710,-0.012,-1.481,-11.898,-0.000,1.487,0.188
19.06,-11.713,-0.012,-1.480,-11.898,-0.000,1.487,0.186
19.08,-11.713,-0.012,-1.480,-11.898,-0.000,1.487,0.186
19.10,-11.717,-0.012,-1.480,-11.898,-0.000,1.487,0.182
19.13,-11.717,-0.012,-1.480,-11.898,-0.000,1.487,0.182
19.15,-11.719,-0.013,-1.480,-11.898,-0.000,1.487,0.179
19.17,-11.719,-0.013,-1.480,-11.898,-0.000,1.487,0.179
19.19,-11.722,-0.013,-1.480,-11.898,-0.000,1.487,0.177
19.21,-11.722,-0.013,-1.480,-11.898,-0.000,1.487,0.177
19.23,-11.722,-0.013,-1.480,-11.898,-0.000,1.487,0.177
19.25,-11.726,-0.013,-1.480,-11.898,-0.000,1.487,0.173
19.27,-11.726,-0.013,-1.480,-11.898,-0.000,1.487,0.173
19.29,-11.729,-0.013,-1.481,-11.898,-0.000,1.487,0.170
19.31,-11.729,-0.013,-1.481,-11.898,-0.000,1.487,0.170
19.33,-11.732,-0.013,-1.481,-11.898,-0.000,1.487,0.167
19.35,-11.732,-0.013,-1.481,-11.898,-0.000,1.487,0.167
19.38,-11.735,-0.013,-1.482,-11.898,-0.000,1.487,0.163
19.40,-11.735,-0.013,-1.482,-11.898,-0.000,1.487,0.163
19.42,-11.738,-0.013,-1.483,-11.898,-0.000,1.487,0.161
19.44,-11.738,-0.013,-1.483,-11.898,-0.000,1.487,0.161
19.46,-11.741,-0.012,-1.483,-11.898,-0.000,1.487,0.158
19.48,-11.741,-0.012,-1.483,-11.898,-0.000,1.487,0.158
19.50,-11.743,-0.012,-1.484,-11.898,-0.000,1.487,0.155
19.52,-11.743,-0.012,-1.484,-11.898,-0.000,1.487,0.155
19.54,-11.746,-0.011,-1.485,-11.898,-0.000,1.487,0.152
19.56,-11.746,-0.011,-1.485,-11.898,-0.000,1.487,0.152
19.58,-11.750,-0.010,-1.487,-11.898,-0.000,1.487,0.148
19.60,-11.750,-0.010,-1.487,-11.898,-0.000,1.487,0.148
19.63,-11.753,-0.010,-1.488,-11.898,-0.000,1.487,0.145
19.65,-11.753,-0.010,-1.488,-11.898,-0.000,1.487,0.145
19.67,-11.756,-0.009,-1.488,-11.898,-0.000,1.487,0.142
19.69,-11.756,-0.009,-1.488,-11.898,-0.000,1.487,0.142
19.71,-11.756,-0.009,-1.488,-11.898,-0.000,1.487,0.142
19.73,-11.760,-0.008,-1.489,-11.898,-0.000,1.487,0.139
19.75,-11.760,-0.008,-1.489,-11.898,-0.000,1.487,0.139
19.77,-11.763,-0.007,-1.490,-11.898,-0.000,1.487,0.136
19.79,-11.763,-0.007,-1.490,-11.898,-0.000,1.487,0.136
19.81,-11.765,-0.007,-1.490,-11.898,-0.000,1.487,0.133
19.83,-11.765,-0.007,-1.490,-11.898,-0.000,1.487,0.133
19.85,-11.768,-0.006,-1.490,-11.898,-0.000,1.487,0.130
19.88,-11.768,-0.006,-1.490,-11.898,-0.000,1.487,0.130
19.90,-11.771,-0.006,-1.491,-11.898,-0.000,1.487,0.127
19.92,-11.771,-0.006,-1.491,-11.898,-0.000,1.487,0.127
19.94,-11.774,-0.005,-1.491,-11.898,-0.000,1.487,0.124
19.96,-11.774,-0.005,-1.491,-11.898,-0.000,1.487,0.124
19.98,-11.777,-0.004,-1.491,-11.898,-0.000,1.487,0.122
20.00,-11.777,-0.004,-1.491,-11.898,-0.000,1.487,0.122
20.02,-11.779,-0.004,-1.491,-11.898,-0.000,1.487,0.119
20.04,-11.779,-0.004,-1.491,-11.898,-0.000,1.487,0.119
20.06,-11.782,-0.004,-1.491,-11.898,-0.000,1.487,0.117
20.08,-11.782,-0.004,-1.491,-11.898,-0.000,1.487,0.117
20.10,-11.785,-0.003,-1.491,-11.898,-0.000,1.487,0.113
20.12,-11.785,-0.003,-1.491,-11.898,-0.000,1.487,0.113
20.15,-11.787,-0.003,-1.491,-11.898,-0.000,1.487,0.111
20.17,-11.787,-0.003,-1.491,-11.898,-0.000,1.487,0.111
20.19,-11.789,-0.002,-1.490,-11.898,-0.000,1.487,0.109
20.21,-11.789,-0.002,-1.490,-11.898,-0.000,1.487,0.109
20.23,-11.789,-0.002,-1.490,-11.898,-0.000,1.487,0.109
20.25,-11.792,-0.001,-1.490,-11.898,-0.000,1.487,0.106
20.27,-11.792,-0.001,-1.490,-11.898,-0.000,1.487,0.106
20.29,-11.794,-0.001,-1.489,-11.898,-0.000,1.487,0.104
20.31,-11.794,-0.001,-1.489,-11.898,-0.000,1.487,0.104
20.33,-11.795,-0.000,-1.489,-11.898,-0.000,1.487,0.103
20.35,-11.795,-0.000,-1.489,-11.898,-0.000,1.487,0.103
20.37,-11.796,0.000,-1.489,-11.898,-0.000,1.487,0.102
20.40,-11.796,0.000,-1.489,-11.898,-0.000,1.487,0.102
20.42,-11.798,0.001,-1.488,-11.898,-0.000,1.487,0.100
20.44,-11.798,0.001,-1.488,-11.898,-0.000,1.487,0.100
20.46,-11.799,0.001,-1.488,-11.898,-0.000,1.487,0.099
20.48,-11.799,0.001,-1.488,-11.898,-0.000,1.487,0.099
20.50,-11.800,0.002,-1.488,-11.898,-0.000,1.487,0.098
20.52,-11.800,0.002,-1.488,-11.898,-0.000,1.487,0.098
20.54,-11.802,0.002,-1.488,-11.898,-0.000,1.487,0.097
20.56,-11.802,0.002,-1.488,-11.898,-0.000,1.487,0.097
20.58,-11.802,0.003,-1.488,-11.898,-0.000,1.487,0.096
20.60,-11.802,0.003,-1.488,-11.898,-0.000,1.487,0.096
20.62,-11.803,0.003,-1.488,-11.898,-0.000,1.487,0.095
20.65,-11.803,0.003,-1.488,-11.898,-0.000,1.487,0.095
20.67,-11.804,0.003,-1.489,-11.898,-0.000,1.487,0.094
20.69,-11.804,0.003,-1.489,-11.898,-0.000,1.487,0.094
20.71,-11.804,0.003,-1.489,-11.898,-0.000,1.487,0.094
20.73,-11.805,0.003,-1.490,-11.898,-0.000,1.487,0.093
20.75,-11.805,0.003,-1.490,-11.898,-0.000,1.487,0.093
20.77,-11.805,0.003,-1.490,-11.898,-0.000,1.487,0.093
20.79,-11.805,0.003,-1.490,-11.898,-0.000,1.487,0.093
20.81,-11.806,0.003,-1.491,-11.898,-0.000,1.487,0.092
20.83,-11.806,0.003,-1.491,-11.898,-0.000,1.487,0.092
20.85,-11.806,0.003,-1.492,-11.898,-0.000,1.487,0.092
20.87,-11.806,0.003,-1.492,-11.898,-0.000,1.487,0.092
20.89,-11.807,0.004,-1.492,-11.898,-0.000,1.487,0.092
20.91,-11.807,0.004,-1.492,-11.898,-0.000,1.487,0.092
20.94,-11.807,0.004,-1.493,-11.898,-0.000,1.487,0.091
20.96,-11.807,0.004,-1.493,-11.898,-0.000,1.487,0.091
20.98,-11.808,0.004,-1.494,-11.898,-0.000,1.487,0.091
21.00,-11.808,0.004,-1.494,-11.898,-0.000,1.487,0.091
21.02,-11.808,0.005,-1.494,-11.898,-0.000,1.487,0.090
21.04,-11.808,0.005,-1.494,-11.898,-0.000,1.487,0.090
21.06,-11.809,0.005,-1.495,-11.898,-0.000,1.487,0.090
21.08,-11.809,0.005,-1.495,-11.898,-0.000,1.487,0.090
21.10,-11.810,0.006,-1.495,-11.898,-0.000,1.487,0.089
21.12,-11.810,0.006,-1.495,-11.898,-0.000,1.487,0.089
21.14,-11.811,0.007,-1.495,-11.898,-0.000,1.487,0.088
21.17,-11.811,0.007,-1.495,-11.898,-0.000,1.487,0.088
21.19,-11.812,0.008,-1.495,-11.898,-0.000,1.487,0.087
21.21,-11.812,0.008,-1.495,-11.898,-0.000,1.487,0.087
21.23,-11.812,0.008,-1.495,-11.898,-0.000,1.487,0.087
21.25,-11.813,0.009,-1.496,-11.898,-0.000,1.487,0.085
21.27,-11.813,0.009,-1.496,-11.898,-0.000,1.487,0.085
21.29,-11.815,0.010,-1.496,-11.898,-0.000,1.487,0.084
21.31,-11.815,0.010,-1.496,-11.898,-0.000,1.487,0.084
21.33,-11.816,0.011,-1.496,-11.898,-0.000,1.487,0.083
21.35,-11.816,0.011,-1.496,-11.898,-0.000,1.487,0.083
21.37,-11.817,0.012,-1.495,-11.898,-0.000,1.487,0.082
21.39,-11.817,0.012,-1.495,-11.898,-0.000,1.487,0.082
21.42,-11.819,0.013,-1.495,-11.898,-0.000,1.487,0.081
21.44,-11.819,0.013,-1.495,-11.898,-0.000,1.487,0.081
21.46,-11.821,0.014,-1.495,-11.898,-0.000,1.487,0.079
21.48,-11.821,0.014,-1.495,-11.898,-0.000,1.487,0.079
21.50,-11.822,0.016,-1.495,-11.898,-0.000,1.487,0.078
21.52,-11.822,0.016,-1.495,-11.898,-0.000,1.487,0.078
21.54,-11.824,0.017,-1.495,-11.898,-0.000,1.487,0.077
21.56,-11.824,0.017,-1.495,-11.898,-0.000,1.487,0.077
21.58,-11.826,0.018,-1.495,-11.898,-0.000,1.487,0.075
21.60,-11.826,0.018,-1.495,-11.898,-0.000,1.487,0.075
21.62,-11.827,0.020,-1.495,-11.898,-0.000,1.487,0.074
21.64,-11.827,0.020,-1.495,-11.898,-0.000,1.487,0.074
21.67,-11.829,0.022,-1.496,-11.898,-0.000,1.487,0.073
21.69,-11.829,0.022,-1.496,-11.898,-0.000,1.487,0.073
21.71,-11.831,0.023,-1.496,-11.898,-0.000,1.487,0.072
21.73,-11.831,0.023,-1.496,-11.898,-0.000,1.487,0.072
21.75,-11.831,0.023,-1.496,-11.898,-0.000,1.487,0.072
21.77,-11.833,0.025,-1.497,-11.898,-0.000,1.487,0.070
21.79,-11.833,0.025,-1.497,-11.898,-0.000,1.487,0.070
21.81,-11.835,0.027,-1.498,-11.898,-0.000,1.487,0.069
21.83,-11.835,0.027,-1.498,-11.898,-0.000,1.487,0.069
21.85,-11.836,0.028,-1.498,-11.898,-0.000,1.487,0.069
21.87,-11.836,0.028,-1.498,-11.898,-0.000,1.487,0.069
21.89,-11.838,0.029,-1.499,-11.898,-0.000,1.487,0.068
21.91,-11.838,0.029,-1.499,-11.898,-0.000,1.487,0.068
21.94,-11.839,0.030,-1.499,-11.898,-0.000,1.487,0.067
21.96,-11.839,0.030,-1.499,-11.898,-0.000,1.487,0.067
21.98,-11.841,0.032,-1.499,-11.898,-0.000,1.487,0.067
22.00,-11.841,0.032,-1.499,-11.898,-0.000,1.487,0.067
22.02,-11.842,0.033,-1.499,-11.898,-0.000,1.487,0.066
22.04,-11.842,0.033,-1.499,-11.898,-0.000,1.487,0.066
22.06,-11.843,0.033,-1.498,-11.898,-0.000,1.487,0.065
22.08,-11.843,0.033,-1.498,-11.898,-0.000,1.487,0.065
22.10,-11.844,0.034,-1.498,-11.898,-0.000,1.487,0.065
22.12,-11.844,0.034,-1.498,-11.898,-0.000,1.487,0.065
22.14,-11.845,0.034,-1.498,-11.898,-0.000,1.487,0.064
22.16,-11.845,0.034,-1.498,-11.898,-0.000,1.487,0.064
22.18,-11.847,0.035,-1.497,-11.898,-0.000,1.487,0.063
22.21,-11.847,0.035,-1.497,-11.898,-0.000,1.487,0.063
22.23,-11.847,0.035,-1.497,-11.898,-0.000,1.487,0.063
22.25,-11.848,0.035,-1.496,-11.898,-0.000,1.487,0.062
22.27,-11.848,0.035,-1.496,-11.898,-0.000,1.487,0.062
22.29,-11.849,0.035,-1.495,-11.898,-0.000,1.487,0.061
22.31,-11.849,0.035,-1.495,-11.898,-0.000,1.487,0.061
22.33,-11.850,0.035,-1.495,-11.898,-0.000,1.487,0.060
22.35,-11.850,0.035,-1.495,-11.898,-0.000,1.487,0.060
22.37,-11.850,0.035,-1.494,-11.898,-0.000,1.487,0.059
22.39,-11.850,0.035,-1.494,-11.898,-0.000,1.487,0.059
22.41,-11.851,0.034,-1.493,-11.898,-0.000,1.487,0.058
22.44,-11.851,0.034,-1.493,-11.898,-0.000,1.487,0.058
22.46,-11.852,0.033,-1.493,-11.898,-0.000,1.487,0.057
22.48,-11.852,0.033,-1.493,-11.898,-0.000,1.487,0.057
22.50,-11.853,0.033,-1.492,-11.898,-0.000,1.487,0.056
22.52,-11.853,0.033,-1.492,-11.898,-0.000,1.487,0.056
22.54,-11.854,0.032,-1.492,-11.898,-0.000,1.487,0.055
22.56,-11.854,0.032,-1.492,-11.898,-0.000,1.487,0.055
22.58,-11.854,0.031,-1.492,-11.898,-0.000,1.487,0.054
22.60,-11.854,0.031,-1.492,-11.898,-0.000,1.487,0.054
22.62,-11.855,0.030,-1.492,-11.898,-0.000,1.487,0.053
22.64,-11.855,0.030,-1.492,-11.898,-0.000,1.487,0.053
22.66,-11.856,0.029,-1.492,-11.898,-0.000,1.487,0.051
22.69,-11.856,0.029,-1.492,-11.898,-0.000,1.487,0.051
22.71,-11.857,0.028,-1.492,-11.898,-0.000,1.487,0.050
22.73,-11.857,0.028,-1.492,-11.898,-0.000,1.487,0.050
22.75,-11.857,0.028,-1.492,-11.898,-0.000,1.487,0.050
22.77,-11.857,0.026,-1.493,-11.898,-0.000,1.487,0.049
22.79,-11.857,0.026,-1.493,-11.898,-0.000,1.487,0.049
22.81,-11.858,0.025,-1.493,-11.898,-0.000,1.487,0.048
22.83,-11.858,0.025,-1.493,-11.898,-0.000,1.487,0.048
22.85,-11.858,0.024,-1.493,-11.898,-0.000,1.487,0.047
22.87,-11.858,0.024,-1.493,-11.898,-0.000,1.487,0.047
22.89,-11.858,0.023,-1.494,-11.898,-0.000,1.487,0.046
22.91,-11.858,0.023,-1.494,-11.898,-0.000,1.487,0.046
22.94,-11.858,0.021,-1.495,-11.898,-0.000,1.487,0.046
22.96,-11.858,0.021,-1.495,-11.898,-0.000,1.487,0.046
22.98,-11.858,0.020,-1.496,-11.898,-0.000,1.487,0.045
23.00,-11.858,0.020,-1.496,-11.898,-0.000,1.487,0.045
23.02,-11.858,0.019,-1.497,-11.898,-0.000,1.487,0.045
23.04,-11.858,0.019,-1.497,-11.898,-0.000,1.487,0.045
23.06,-11.858,0.017,-1.498,-11.898,-0.000,1.487,0.044
23.08,-11.858,0.017,-1.498,-11.898,-0.000,1.487,0.044
23.10,-11.858,0.016,-1.498,-11.898,-0.000,1.487,0.044
23.12,-11.858,0.016,-1.498,-11.898,-0.000,1.487,0.044
23.14,-11.858,0.015,-1.499,-11.898,-0.000,1.487,0.044
23.16,-11.858,0.015,-1.499,-11.898,-0.000,1.487,0.044
23.19,-11.858,0.013,-1.500,-11.898,-0.000,1.487,0.044
23.21,-11.858,0.013,-1.500,-11.898,-0.000,1.487,0.044
23.23,-11.858,0.013,-1.500,-11.898,-0.000,1.487,0.044
23.25,-11.858,0.011,-1.501,-11.898,-0.000,1.487,0.043
23.27,-11.858,0.011,-1.501,-11.898,-0.000,1.487,0.043
23.29,-11.858,0.010,-1.501,-11.898,-0.000,1.487,0.043
23.31,-11.858,0.010,-1.501,-11.898,-0.000,1.487,0.043
23.33,-11.859,0.008,-1.501,-11.898,-0.000,1.487,0.042
23.35,-11.859,0.008,-1.501,-11.898,-0.000,1.487,0.042
23.37,-11.859,0.007,-1.501,-11.898,-0.000,1.487,0.042
23.39,-11.859,0.007,-1.501,-11.898,-0.000,1.487,0.042
23.41,-11.859,0.006,-1.500,-11.898,-0.000,1.487,0.041
23.43,-11.859,0.006,-1.500,-11.898,-0.000,1.487,0.041
23.45,-11.859,0.005,-1.500,-11.898,-0.000,1.487,0.041
23.48,-11.859,0.005,-1.500,-11.898,-0.000,1.487,0.041
23.50,-11.859,0.003,-1.499,-11.898,-0.000,1.487,0.040
23.52,-11.859,0.003,-1.499,-11.898,-0.000,1.487,0.040
23.54,-11.859,0.002,-1.498,-11.898,-0.000,1.487,0.040
23.56,-11.859,0.002,-1.498,-11.898,-0.000,1.487,0.040
23.58,-11.859,0.001,-1.497,-11.898,-0.000,1.487,0.040
23.60,-11.859,0.001,-1.497,-11.898,-0.000,1.487,0.040
23.62,-11.859,0.001,-1.496,-11.898,-0.000,1.487,0.040
23.64,-11.859,0.001,-1.496,-11.898,-0.000,1.487,0.040
23.66,-11.858,-0.000,-1.495,-11.898,-0.000,1.487,0.041
23.68,-11.858,-0.000,-1.495,-11.898,-0.000,1.487,0.041
23.71,-11.857,-0.001,-1.494,-11.898,-0.000,1.487,0.041
23.73,-11.857,-0.001,-1.494,-11.898,-0.000,1.487,0.041
23.75,-11.857,-0.001,-1.494,-11.898,-0.000,1.487,0.041
23.77,-11.856,-0.002,-1.493,-11.898,-0.000,1.487,0.042
23.79,-11.856,-0.002,-1.493,-11.898,-0.000,1.487,0.042
23.81,-11.856,-0.003,-1.493,-11.898,-0.000,1.487,0.043
23.83,-11.856,-0.003,-1.493,-11.898,-0.000,1.487,0.043
23.85,-11.855,-0.004,-1.492,-11.898,-0.000,1.487,0.044
23.87,-11.855,-0.004,-1.492,-11.898,-0.000,1.487,0.044
23.89,-11.854,-0.005,-1.491,-11.898,-0.000,1.487,0.045
23.91,-11.854,-0.005,-1.491,-11.898,-0.000,1.487,0.045
23.94,-11.852,-0.006,-1.491,-11.898,-0.000,1.487,0.046
23.96,-11.852,-0.006,-1.491,-11.898,-0.000,1.487,0.046
23.98,-11.851,-0.008,-1.490,-11.898,-0.000,1.487,0.048
24.00,-11.851,-0.008,-1.490,-11.898,-0.000,1.487,0.048
24.02,-11.849,-0.009,-1.490,-11.898,-0.000,1.487,0.050
24.04,-11.849,-0.009,-1.490,-11.898,-0.000,1.487,0.050
24.06,-11.848,-0.010,-1.489,-11.898,-0.000,1.487,0.051
24.08,-11.848,-0.010,-1.489,-11.898,-0.000,1.487,0.051
24.10,-11.846,-0.011,-1.489,-11.898,-0.000,1.487,0.053
24.12,-11.846,-0.011,-1.489,-11.898,-0.000,1.487,0.053
24.14,-11.844,-0.013,-1.489,-11.898,-0.000,1.487,0.056
24.16,-11.844,-0.013,-1.489,-11.898,-0.000,1.487,0.056
24.19,-11.842,-0.015,-1.489,-11.898,-0.000,1.487,0.058
24.21,-11.842,-0.015,-1.489,-11.898,-0.000,1.487,0.058
24.23,-11.841,-0.016,-1.489,-11.898,-0.000,1.487,0.060
24.25,-11.841,-0.016,-1.489,-11.898,-0.000,1.487,0.060
24.27,-11.841,-0.016,-1.489,-11.898,-0.000,1.487,0.060
24.29,-11.838,-0.019,-1.489,-11.898,-0.000,1.487,0.063
24.31,-11.838,-0.019,-1.489,-11.898,-0.000,1.487,0.063
24.33,-11.837,-0.020,-1.489,-11.898,-0.000,1.487,0.065
24.35,-11.837,-0.020,-1.489,-11.898,-0.000,1.487,0.065
24.37,-11.835,-0.022,-1.489,-11.898,-0.000,1.487,0.067
24.39,-11.835,-0.022,-1.489,-11.898,-0.000,1.487,0.067
24.41,-11.834,-0.024,-1.489,-11.898,-0.000,1.487,0.069
24.43,-11.834,-0.024,-1.489,-11.898,-0.000,1.487,0.069
24.46,-11.833,-0.026,-1.489,-11.898,-0.000,1.487,0.070
24.48,-11.833,-0.026,-1.489,-11.898,-0.000,1.487,0.070
24.50,-11.831,-0.028,-1.489,-11.898,-0.000,1.487,0.072
24.52,-11.831,-0.028,-1.489,-11.898,-0.000,1.487,0.072
24.54,-11.830,-0.030,-1.489,-11.898,-0.000,1.487,0.074
24.56,-11.830,-0.030,-1.489,-11.898,-0.000,1.487,0.074
24.58,-11.829,-0.031,-1.488,-11.898,-0.000,1.487,0.076
24.60,-11.829,-0.031,-1.488,-11.898,-0.000,1.487,0.076
24.62,-11.828,-0.033,-1.488,-11.898,-0.000,1.487,0.077
24.64,-11.828,-0.033,-1.488,-11.898,-0.000,1.487,0.077
24.66,-11.827,-0.035,-1.487,-11.898,-0.000,1.487,0.079
24.68,-11.827,-0.035,-1.487,-11.898,-0.000,1.487,0.079
24.71,-11.826,-0.038,-1.487,-11.898,-0.000,1.487,0.081
24.73,-11.826,-0.038,-1.487,-11.898,-0.000,1.487,0.081
24.75,-11.826,-0.038,-1.487,-11.898,-0.000,1.487,0.081
24.77,-11.825,-0.041,-1.486,-11.898,-0.000,1.487,0.084
24.79,-11.825,-0.041,-1.486,-11.898,-0.000,1.487,0.084
24.81,-11.824,-0.042,-1.486,-11.898,-0.000,1.487,0.086
24.83,-11.824,-0.042,-1.486,-11.898,-0.000,1.487,0.086
24.85,-11.823,-0.044,-1.486,-11.898,-0.000,1.487,0.087
24.87,-11.823,-0.044,-1.486,-11.898,-0.000,1.487,0.087
24.89,-11.822,-0.046,-1.485,-11.898,-0.000,1.487,0.089
24.91,-11.822,-0.046,-1.485,-11.898,-0.000,1.487,0.089
24.93,-11.821,-0.048,-1.485,-11.898,-0.000,1.487,0.090
24.95,-11.821,-0.048,-1.485,-11.898,-0.000,1.487,0.090
24.98,-11.821,-0.049,-1.485,-11.898,-0.000,1.487,0.091
25.00,-11.821,-0.049,-1.485,-11.898,-0.000,1.487,0.091
25.02,-11.820,-0.051,-1.485,-11.898,-0.000,1.487,0.093
25.04,-11.820,-0.051,-1.485,-11.898,-0.000,1.487,0.093
25.06,-11.820,-0.052,-1.485,-11.898,-0.000,1.487,0.094
25.08,-11.820,-0.052,-1.485,-11.898,-0.000,1.487,0.094
25.10,-11.819,-0.052,-1.485,-11.898,-0.000,1.487,0.095
25.12,-11.819,-0.052,-1.485,-11.898,-0.000,1.487,0.095
25.14,-11.819,-0.053,-1.486,-11.898,-0.000,1.487,0.095
25.16,-11.819,-0.053,-1.486,-11.898,-0.000,1.487,0.095
25.18,-11.819,-0.053,-1.486,-11.898,-0.000,1.487,0.096
25.20,-11.819,-0.053,-1.486,-11.898,-0.000,1.487,0.096
25.22,-11.819,-0.054,-1.486,-11.898,-0.000,1.487,0.096
25.25,-11.819,-0.054,-1.486,-11.898,-0.000,1.487,0.096
25.27,-11.819,-0.054,-1.486,-11.898,-0.000,1.487,0.096
25.29,-11.819,-0.053,-1.487,-11.898,-0.000,1.487,0.096
25.31,-11.819,-0.053,-1.487,-11.898,-0.000,1.487,0.096
25.33,-11.819,-0.053,-1.487,-11.898,-0.000,1.487,0.095
25.35,-11.819,-0.053,-1.487,-11.898,-0.000,1.487,0.095
25.37,-11.819,-0.052,-1.488,-11.898,-0.000,1.487,0.095
25.39,-11.819,-0.052,-1.488,-11.898,-0.000,1.487,0.095
25.41,-11.819,-0.052,-1.488,-11.898,-0.000,1.487,0.095
25.43,-11.819,-0.052,-1.488,-11.898,-0.000,1.487,0.095
25.46,-11.819,-0.051,-1.488,-11.898,-0.000,1.487,0.094
25.48,-11.819,-0.051,-1.488,-11.898,-0.000,1.487,0.094
25.50,-11.819,-0.050,-1.489,-11.898,-0.000,1.487,0.093
25.52,-11.819,-0.050,-1.489,-11.898,-0.000,1.487,0.093
25.54,-11.819,-0.049,-1.489,-11.898,-0.000,1.487,0.093
25.56,-11.819,-0.049,-1.489,-11.898,-0.000,1.487,0.093
25.58,-11.819,-0.047,-1.489,-11.898,-0.000,1.487,0.092
25.60,-11.819,-0.047,-1.489,-11.898,-0.000,1.487,0.092
25.62,-11.820,-0.046,-1.489,-11.898,-0.000,1.487,0.091
25.64,-11.820,-0.046,-1.489,-11.898,-0.000,1.487,0.091
25.66,-11.820,-0.045,-1.490,-11.898,-0.000,1.487,0.090
25.68,-11.820,-0.045,-1.490,-11.898,-0.000,1.487,0.090
25.71,-11.822,-0.043,-1.490,-11.898,-0.000,1.487,0.087
25.73,-11.822,-0.043,-1.490,-11.898,-0.000,1.487,0.087
25.75,-11.822,-0.043,-1.490,-11.898,-0.000,1.487,0.087
25.77,-11.824,-0.041,-1.491,-11.898,-0.000,1.487,0.085
25.79,-11.824,-0.041,-1.491,-11.898,-0.000,1.487,0.085
25.81,-11.825,-0.039,-1.491,-11.898,-0.000,1.487,0.083
25.83,-11.825,-0.039,-1.491,-11.898,-0.000,1.487,0.083
25.85,-11.827,-0.038,-1.492,-11.898,-0.000,1.487,0.081
25.87,-11.827,-0.038,-1.492,-11.898,-0.000,1.487,0.081
25.89,-11.829,-0.037,-1.492,-11.898,-0.000,1.487,0.078
25.91,-11.829,-0.037,-1.492,-11.898,-0.000,1.487,0.078
25.94,-11.832,-0.035,-1.492,-11.898,-0.000,1.487,0.075
25.96,-11.832,-0.035,-1.492,-11.898,-0.000,1.487,0.075
25.98,-11.835,-0.034,-1.492,-11.898,-0.000,1.487,0.072
26.00,-11.835,-0.034,-1.492,-11.898,-0.000,1.487,0.072
26.02,-11.837,-0.033,-1.492,-11.898,-0.000,1.487,0.069
26.04,-11.837,-0.033,-1.492,-11.898,-0.000,1.487,0.069
26.06,-11.840,-0.031,-1.492,-11.898,-0.000,1.487,0.066
26.08,-11.840,-0.031,-1.492,-11.898,-0.000,1.487,0.066
26.10,-11.842,-0.030,-1.492,-11.898,-0.000,1.487,0.063
26.12,-11.842,-0.030,-1.492,-11.898,-0.000,1.487,0.063
26.14,-11.845,-0.029,-1.491,-11.898,-0.000,1.487,0.061
26.16,-11.845,-0.029,-1.491,-11.898,-0.000,1.487,0.061
26.18,-11.848,-0.027,-1.491,-11.898,-0.000,1.487,0.057
26.21,-11.848,-0.027,-1.491,-11.898,-0.000,1.487,0.057
26.23,-11.850,-0.026,-1.491,-11.898,-0.000,1.487,0.055
26.25,-11.850,-0.026,-1.491,-11.898,-0.000,1.487,0.055
26.27,-11.850,-0.026,-1.491,-11.898,-0.000,1.487,0.055
26.29,-11.853,-0.025,-1.491,-11.898,-0.000,1.487,0.052
26.31,-11.853,-0.025,-1.491,-11.898,-0.000,1.487,0.052
26.33,-11.855,-0.024,-1.491,-11.898,-0.000,1.487,0.050
26.35,-11.855,-0.024,-1.491,-11.898,-0.000,1.487,0.050
26.37,-11.856,-0.023,-1.491,-11.898,-0.000,1.487,0.048
26.39,-11.856,-0.023,-1.491,-11.898,-0.000,1.487,0.048
26.41,-11.858,-0.022,-1.491,-11.898,-0.000,1.487,0.046
26.44,-11.858,-0.022,-1.491,-11.898,-0.000,1.487,0.046
26.46,-11.860,-0.021,-1.491,-11.898,-0.000,1.487,0.044
26.48,-11.860,-0.021,-1.491,-11.898,-0.000,1.487,0.044
26.50,-11.861,-0.021,-1.491,-11.898,-0.000,1.487,0.042
26.52,-11.861,-0.021,-1.491,-11.898,-0.000,1.487,0.042
26.54,-11.863,-0.020,-1.492,-11.898,-0.000,1.487,0.041
26.56,-11.863,-0.020,-1.492,-11.898,-0.000,1.487,0.041
26.58,-11.864,-0.020,-1.492,-11.898,-0.000,1.487,0.039
26.60,-11.864,-0.020,-1.492,-11.898,-0.000,1.487,0.039
26.62,-11.865,-0.019,-1.492,-11.898,-0.000,1.487,0.038
26.64,-11.865,-0.019,-1.492,-11.898,-0.000,1.487,0.038
26.66,-11.867,-0.018,-1.492,-11.898,-0.000,1.487,0.036
26.68,-11.867,-0.018,-1.492,-11.898,-0.000,1.487,0.036
26.71,-11.868,-0.018,-1.491,-11.898,-0.000,1.487,0.035
26.73,-11.868,-0.018,-1.491,-11.898,-0.000,1.487,0.035
26.75,-11.870,-0.017,-1.491,-11.898,-0.000,1.487,0.033
26.77,-11.870,-0.017,-1.491,-11.898,-0.000,1.487,0.033
26.79,-11.870,-0.017,-1.491,-11.898,-0.000,1.487,0.033
26.81,-11.871,-0.016,-1.491,-11.898,-0.000,1.487,0.031
26.83,-11.871,-0.016,-1.491,-11.898,-0.000,1.487,0.031
26.85,-11.873,-0.015,-1.490,-11.898,-0.000,1.487,0.030
26.87,-11.873,-0.015,-1.490,-11.898,-0.000,1.487,0.030
26.89,-11.874,-0.015,-1.490,-11.898,-0.000,1.487,0.028
26.91,-11.874,-0.015,-1.490,-11.898,-0.000,1.487,0.028
26.93,-11.875,-0.014,-1.490,-11.898,-0.000,1.487,0.027
26.96,-11.875,-0.014,-1.490,-11.898,-0.000,1.487,0.027
26.98,-11.876,-0.013,-1.489,-11.898,-0.000,1.487,0.025
27.00,-11.876,-0.013,-1.489,-11.898,-0.000,1.487,0.025
27.02,-11.877,-0.012,-1.489,-11.898,-0.000,1.487,0.024
27.04,-11.877,-0.012,-1.489,-11.898,-0.000,1.487,0.024
27.06,-11.878,-0.010,-1.489,-11.898,-0.000,1.487,0.023
27.08,-11.878,-0.010,-1.489,-11.898,-0.000,1.487,0.023
27.10,-11.879,-0.009,-1.489,-11.898,-0.000,1.487,0.021
27.12,-11.879,-0.009,-1.489,-11.898,-0.000,1.487,0.021
27.14,-11.879,-0.008,-1.489,-11.898,-0.000,1.487,0.020
27.16,-11.879,-0.008,-1.489,-11.898,-0.000,1.487,0.020
27.18,-11.880,-0.006,-1.489,-11.898,-0.000,1.487,0.019
27.21,-11.880,-0.006,-1.489,-11.898,-0.000,1.487,0.019
27.23,-11.880,-0.004,-1.490,-11.898,-0.000,1.487,0.018
27.25,-11.880,-0.004,-1.490,-11.898,-0.000,1.487,0.018
27.27,-11.880,-0.004,-1.490,-11.898,-0.000,1.487,0.018
27.29,-11.880,-0.002,-1.490,-11.898,-0.000,1.487,0.018
27.31,-11.880,-0.002,-1.490,-11.898,-0.000,1.487,0.018
27.33,-11.880,-0.000,-1.490,-11.898,-0.000,1.487,0.018
27.35,-11.880,-0.000,-1.490,-11.898,-0.000,1.487,0.018
27.37,-11.880,0.001,-1.490,-11.898,-0.000,1.487,0.018
27.39,-11.880,0.001,-1.490,-11.898,-0.000,1.487,0.018
27.41,-11.880,0.003,-1.490,-11.898,-0.000,1.487,0.018
27.43,-11.880,0.003,-1.490,-11.898,-0.000,1.487,0.018
27.45,-11.880,0.005,-1.490,-11.898,-0.000,1.487,0.019
27.48,-11.880,0.005,-1.490,-11.898,-0.000,1.487,0.019
27.50,-11.880,0.007,-1.491,-11.898,-0.000,1.487,0.019
27.52,-11.880,0.007,-1.491,-11.898,-0.000,1.487,0.019
27.54,-11.880,0.009,-1.491,-11.898,-0.000,1.487,0.020
27.56,-11.880,0.009,-1.491,-11.898,-0.000,1.487,0.020
27.58,-11.880,0.010,-1.491,-11.898,-0.000,1.487,0.021
27.60,-11.880,0.010,-1.491,-11.898,-0.000,1.487,0.021
27.62,-11.880,0.012,-1.492,-11.898,-0.000,1.487,0.022
27.64,-11.880,0.012,-1.492,-11.898,-0.000,1.487,0.022
27.66,-11.880,0.013,-1.492,-11.898,-0.000,1.487,0.023
27.68,-11.880,0.013,-1.492,-11.898,-0.000,1.487,0.023
27.70,-11.879,0.015,-1.492,-11.898,-0.000,1.487,0.025
27.72,-11.879,0.015,-1.492,-11.898,-0.000,1.487,0.025
27.75,-11.879,0.017,-1.493,-11.898,-0.000,1.487,0.026
27.77,-11.879,0.017,-1.493,-11.898,-0.000,1.487,0.026
27.79,-11.879,0.017,-1.493,-11.898,-0.000,1.487,0.026
27.81,-11.878,0.019,-1.493,-11.898,-0.000,1.487,0.028
27.83,-11.878,0.019,-1.493,-11.898,-0.000,1.487,0.028
27.85,-11.877,0.020,-1.493,-11.898,-0.000,1.487,0.030
27.87,-11.877,0.020,-1.493,-11.898,-0.000,1.487,0.030
27.89,-11.876,0.022,-1.494,-11.898,-0.000,1.487,0.031
27.91,-11.876,0.022,-1.494,-11.898,-0.000,1.487,0.031
27.93,-11.875,0.023,-1.494,-11.898,-0.000,1.487,0.033
27.95,-11.875,0.023,-1.494,-11.898,-0.000,1.487,0.033
27.98,-11.874,0.023,-1.494,-11.898,-0.000,1.487,0.034
28.00,-11.874,0.023,-1.494,-11.898,-0.000,1.487,0.034
28.02,-11.873,0.024,-1.494,-11.898,-0.000,1.487,0.035
28.04,-11.873,0.024,-1.494,-11.898,-0.000,1.487,0.035
28.06,-11.872,0.025,-1.494,-11.898,-0.000,1.487,0.037
28.08,-11.872,0.025,-1.494,-11.898,-0.000,1.487,0.037
28.10,-11.871,0.026,-1.494,-11.898,-0.000,1.487,0.038
28.12,-11.871,0.026,-1.494,-11.898,-0.000,1.487,0.038
28.14,-11.871,0.026,-1.494,-11.898,-0.000,1.487,0.039
28.16,-11.871,0.026,-1.494,-11.898,-0.000,1.487,0.039
28.18,-11.870,0.027,-1.494,-11.898,-0.000,1.487,0.040
28.20,-11.870,0.027,-1.494,-11.898,-0.000,1.487,0.040
28.23,-11.869,0.028,-1.494,-11.898,-0.000,1.487,0.040
28.25,-11.869,0.028,-1.494,-11.898,-0.000,1.487,0.040
28.27,-11.869,0.028,-1.494,-11.898,-0.000,1.487,0.040
28.29,-11.869,0.028,-1.494,-11.898,-0.000,1.487,0.041
28.31,-11.869,0.028,-1.494,-11.898,-0.000,1.487,0.041
28.33,-11.868,0.028,-1.494,-11.898,-0.000,1.487,0.041
28.35,-11.868,0.028,-1.494,-11.898,-0.000,1.487,0.041
28.37,-11.868,0.028,-1.494,-11.898,-0.000,1.487,0.042
28.39,-11.868,0.028,-1.494,-11.898,-0.000,1.487,0.042
28.41,-11.868,0.028,-1.494,-11.898,-0.000,1.487,0.041
28.43,-11.868,0.028,-1.494,-11.898,-0.000,1.487,0.041
28.45,-11.868,0.028,-1.494,-11.898,-0.000,1.487,0.041
28.47,-11.868,0.028,-1.494,-11.898,-0.000,1.487,0.041
28.50,-11.869,0.027,-1.494,-11.898,-0.000,1.487,0.041
28.52,-11.869,0.027,-1.494,-11.898,-0.000,1.487,0.041
28.54,-11.869,0.027,-1.493,-11.898,-0.000,1.487,0.040
28.56,-11.869,0.027,-1.493,-11.898,-0.000,1.487,0.040
28.58,-11.870,0.026,-1.493,-11.898,-0.000,1.487,0.039
28.60,-11.870,0.026,-1.493,-11.898,-0.000,1.487,0.039
28.62,-11.870,0.026,-1.493,-11.898,-0.000,1.487,0.038
28.64,-11.870,0.026,-1.493,-11.898,-0.000,1.487,0.038
28.66,-11.871,0.025,-1.493,-11.898,-0.000,1.487,0.037
28.68,-11.871,0.025,-1.493,-11.898,-0.000,1.487,0.037
28.70,-11.872,0.024,-1.493,-11.898,-0.000,1.487,0.036
28.72,-11.872,0.024,-1.493,-11.898,-0.000,1.487,0.036
28.75,-11.874,0.023,-1.493,-11.898,-0.000,1.487,0.034
28.77,-11.874,0.023,-1.493,-11.898,-0.000,1.487,0.034
28.79,-11.874,0.023,-1.493,-11.898,-0.000,1.487,0.034
28.81,-11.876,0.022,-1.493,-11.898,-0.000,1.487,0.032
28.83,-11.876,0.022,-1.493,-11.898,-0.000,1.487,0.032
28.85,-11.877,0.021,-1.493,-11.898,-0.000,1.487,0.030
28.87,-11.877,0.021,-1.493,-11.898,-0.000,1.487,0.030
28.89,-11.878,0.020,-1.493,-11.898,-0.000,1.487,0.028
28.91,-11.878,0.020,-1.493,-11.898,-0.000,1.487,0.028
28.93,-11.879,0.018,-1.492,-11.898,-0.000,1.487,0.027
28.95,-11.879,0.018,-1.492,-11.898,-0.000,1.487,0.027
28.97,-11.880,0.017,-1.492,-11.898,-0.000,1.487,0.025
28.99,-11.880,0.017,-1.492,-11.898,-0.000,1.487,0.025
29.02,-11.881,0.016,-1.492,-11.898,-0.000,1.487,0.024
29.04,-11.881,0.016,-1.492,-11.898,-0.000,1.487,0.024
29.06,-11.881,0.014,-1.492,-11.898,-0.000,1.487,0.022
29.08,-11.881,0.014,-1.492,-11.898,-0.000,1.487,0.022
29.10,-11.882,0.013,-1.492,-11.898,-0.000,1.487,0.021
29.12,-11.882,0.013,-1.492,-11.898,-0.000,1.487,0.021
29.14,-11.882,0.011,-1.491,-11.898,-0.000,1.487,0.020
29.16,-11.882,0.011,-1.491,-11.898,-0.000,1.487,0.020
29.18,-11.882,0.010,-1.491,-11.898,-0.000,1.487,0.019
29.20,-11.882,0.010,-1.491,-11.898,-0.000,1.487,0.019
29.22,-11.882,0.009,-1.491,-11.898,-0.000,1.487,0.018
29.24,-11.882,0.009,-1.491,-11.898,-0.000,1.487,0.018
29.27,-11.882,0.007,-1.491,-11.898,-0.000,1.487,0.018
29.29,-11.882,0.007,-1.491,-11.898,-0.000,1.487,0.018
29.31,-11.882,0.007,-1.491,-11.898,-0.000,1.487,0.018
29.33,-11.882,0.005,-1.491,-11.898,-0.000,1.487,0.017
29.35,-11.882,0.005,-1.491,-11.898,-0.000,1.487,0.017
29.37,-11.881,0.003,-1.491,-11.898,-0.000,1.487,0.017
29.39,-11.881,0.003,-1.491,-11.898,-0.000,1.487,0.017
29.41,-11.881,0.002,-1.491,-11.898,-0.000,1.487,0.017
29.43,-11.881,0.002,-1.491,-11.898,-0.000,1.487,0.017
29.45,-11.881,0.001,-1.491,-11.898,-0.000,1.487,0.018
29.47,-11.881,0.001,-1.491,-11.898,-0.000,1.487,0.018
29.49,-11.880,-0.000,-1.491,-11.898,-0.000,1.487,0.019
29.51,-11.880,-0.000,-1.491,-11.898,-0.000,1.487,0.019
29.53,-11.879,-0.002,-1.491,-11.898,-0.000,1.487,0.019
29.56,-11.879,-0.002,-1.491,-11.898,-0.000,1.487,0.019
29.58,-11.878,-0.003,-1.492,-11.898,-0.000,1.487,0.021
29.60,-11.878,-0.003,-1.492,-11.898,-0.000,1.487,0.021
29.62,-11.877,-0.004,-1.492,-11.898,-0.000,1.487,0.022
29.64,-11.877,-0.004,-1.492,-11.898,-0.000,1.487,0.022
29.66,-11.876,-0.006,-1.492,-11.898,-0.000,1.487,0.024
29.68,-11.876,-0.006,-1.492,-11.898,-0.000,1.487,0.024
29.70,-11.875,-0.007,-1.492,-11.898,-0.000,1.487,0.025
29.72,-11.875,-0.007,-1.492,-11.898,-0.000,1.487,0.025
29.74,-11.873,-0.008,-1.492,-11.898,-0.000,1.487,0.026
29.76,-11.873,-0.008,-1.492,-11.898,-0.000,1.487,0.026
29.78,-11.873,-0.008,-1.492,-11.898,-0.000,1.487,0.026
29.80,-11.872,-0.011,-1.492,-11.898,-0.000,1.487,0.029
29.83,-11.872,-0.011,-1.492,-11.898,-0.000,1.487,0.029
29.85,-11.870,-0.012,-1.492,-11.898,-0.000,1.487,0.030
29.87,-11.870,-0.012,-1.492,-11.898,-0.000,1.487,0.030
29.89,-11.869,-0.013,-1.492,-11.898,-0.000,1.487,0.032
29.91,-11.869,-0.013,-1.492,-11.898,-0.000,1.487,0.032
29.93,-11.868,-0.014,-1.492,-11.898,-0.000,1.487,0.033
29.95,-11.868,-0.014,-1.492,-11.898,-0.000,1.487,0.033
29.97,-11.867,-0.016,-1.491,-11.898,-0.000,1.487,0.035
29.99,-11.867,-0.016,-1.491,-11.898,-0.000,1.487,0.035
30.01,-11.866,-0.017,-1.491,-11.898,-0.000,1.487,0.036
30.03,-11.866,-0.017,-1.491,-11.898,-0.000,1.487,0.036
30.06,-11.865,-0.018,-1.492,-11.898,-0.000,1.487,0.038
30.08,-11.865,-0.018,-1.492,-11.898,-0.000,1.487,0.038
30.10,-11.864,-0.019,-1.492,-11.898,-0.000,1.487,0.039
30.12,-11.864,-0.019,-1.492,-11.898,-0.000,1.487,0.039
30.14,-11.863,-0.020,-1.492,-11.898,-0.000,1.487,0.040
30.16,-11.863,-0.020,-1.492,-11.898,-0.000,1.487,0.040
30.18,-11.863,-0.020,-1.492,-11.898,-0.000,1.487,0.041
30.20,-11.863,-0.020,-1.492,-11.898,-0.000,1.487,0.041
30.22,-11.862,-0.020,-1.492,-11.898,-0.000,1.487,0.042
30.24,-11.862,-0.020,-1.492,-11.898,-0.000,1.487,0.042
30.26,-11.861,-0.021,-1.493,-11.898,-0.000,1.487,0.042
30.28,-11.861,-0.021,-1.493,-11.898,-0.000,1.487,0.042
30.30,-11.861,-0.021,-1.493,-11.898,-0.000,1.487,0.042
30.33,-11.861,-0.021,-1.493,-11.898,-0.000,1.487,0.043
30.35,-11.861,-0.021,-1.493,-11.898,-0.000,1.487,0.043
30.37,-11.860,-0.020,-1.493,-11.898,-0.000,1.487,0.043
30.39,-11.860,-0.020,-1.493,-11.898,-0.000,1.487,0.043
30.41,-11.860,-0.020,-1.493,-11.898,-0.000,1.487,0.043
30.43,-11.860,-0.020,-1.493,-11.898,-0.000,1.487,0.043
30.45,-11.860,-0.020,-1.493,-11.898,-0.000,1.487,0.043
30.47,-11.860,-0.020,-1.493,-11.898,-0.000,1.487,0.043
30.49,-11.860,-0.020,-1.494,-11.898,-0.000,1.487,0.043
30.51,-11.860,-0.020,-1.494,-11.898,-0.000,1.487,0.043
30.53,-11.861,-0.020,-1.494,-11.898,-0.000,1.487,0.043
30.55,-11.861,-0.020,-1.494,-11.898,-0.000,1.487,0.043
30.57,-11.861,-0.020,-1.494,-11.898,-0.000,1.487,0.043
30.60,-11.861,-0.020,-1.494,-11.898,-0.000,1.487,0.043
30.62,-11.862,-0.020,-1.495,-11.898,-0.000,1.487,0.042
30.64,-11.862,-0.020,-1.495,-11.898,-0.000,1.487,0.042
30.66,-11.862,-0.020,-1.495,-11.898,-0.000,1.487,0.042
30.68,-11.862,-0.020,-1.495,-11.898,-0.000,1.487,0.042
30.70,-11.863,-0.020,-1.495,-11.898,-0.000,1.487,0.041
30.72,-11.863,-0.020,-1.495,-11.898,-0.000,1.487,0.041
30.74,-11.863,-0.019,-1.496,-11.898,-0.000,1.487,0.040
30.76,-11.863,-0.019,-1.496,-11.898,-0.000,1.487,0.040
30.78,-11.864,-0.019,-1.496,-11.898,-0.000,1.487,0.040
30.80,-11.864,-0.019,-1.496,-11.898,-0.000,1.487,0.040
30.82,-11.864,-0.019,-1.496,-11.898,-0.000,1.487,0.040
30.84,-11.865,-0.018,-1.495,-11.898,-0.000,1.487,0.038
30.87,-11.865,-0.018,-1.495,-11.898,-0.000,1.487,0.038
30.89,-11.866,-0.017,-1.495,-11.898,-0.000,1.487,0.037
30.91,-11.866,-0.017,-1.495,-11.898,-0.000,1.487,0.037
30.93,-11.867,-0.016,-1.495,-11.898,-0.000,1.487,0.036
30.95,-11.867,-0.016,-1.495,-11.898,-0.000,1.487,0.036
30.97,-11.868,-0.016,-1.494,-11.898,-0.000,1.487,0.034
30.99,-11.868,-0.016,-1.494,-11.898,-0.000,1.487,0.034
31.01,-11.869,-0.015,-1.494,-11.898,-0.000,1.487,0.033
31.03,-11.869,-0.015,-1.494,-11.898,-0.000,1.487,0.033
31.05,-11.870,-0.014,-1.493,-11.898,-0.000,1.487,0.032
31.07,-11.870,-0.014,-1.493,-11.898,-0.000,1.487,0.032
31.10,-11.871,-0.013,-1.493,-11.898,-0.000,1.487,0.030
31.12,-11.871,-0.013,-1.493,-11.898,-0.000,1.487,0.030
31.14,-11.872,-0.012,-1.492,-11.898,-0.000,1.487,0.029
31.16,-11.872,-0.012,-1.492,-11.898,-0.000,1.487,0.029
31.18,-11.874,-0.011,-1.492,-11.898,-0.000,1.487,0.027
31.20,-11.874,-0.011,-1.492,-11.898,-0.000,1.487,0.027
31.22,-11.875,-0.010,-1.491,-11.898,-0.000,1.487,0.026
31.24,-11.875,-0.010,-1.491,-11.898,-0.000,1.487,0.026
31.26,-11.876,-0.010,-1.490,-11.898,-0.000,1.487,0.024
31.28,-11.876,-0.010,-1.490,-11.898,-0.000,1.487,0.024
31.30,-11.876,-0.010,-1.490,-11.898,-0.000,1.487,0.024
31.32,-11.877,-0.008,-1.489,-11.898,-0.000,1.487,0.022
31.34,-11.877,-0.008,-1.489,-11.898,-0.000,1.487,0.022
31.37,-11.878,-0.007,-1.488,-11.898,-0.000,1.487,0.021
31.39,-11.878,-0.007,-1.488,-11.898,-0.000,1.487,0.021
31.41,-11.879,-0.006,-1.487,-11.898,-0.000,1.487,0.020
31.43,-11.879,-0.006,-1.487,-11.898,-0.000,1.487,0.020
31.45,-11.879,-0.005,-1.486,-11.898,-0.000,1.487,0.019
31.47,-11.879,-0.005,-1.486,-11.898,-0.000,1.487,0.019
31.49,-11.880,-0.004,-1.486,-11.898,-0.000,1.487,0.019
31.51,-11.880,-0.004,-1.486,-11.898,-0.000,1.487,0.019
31.53,-11.880,-0.003,-1.485,-11.898,-0.000,1.487,0.019
31.55,-11.880,-0.003,-1.485,-11.898,-0.000,1.487,0.019
31.57,-11.880,-0.002,-1.484,-11.898,-0.000,1.487,0.019
31.60,-11.880,-0.002,-1.484,-11.898,-0.000,1.487,0.019
31.62,-11.880,-0.000,-1.484,-11.898,-0.000,1.487,0.019
31.64,-11.880,-0.000,-1.484,-11.898,-0.000,1.487,0.019
31.66,-11.879,0.001,-1.483,-11.898,-0.000,1.487,0.019
31.68,-11.879,0.001,-1.483,-11.898,-0.000,1.487,0.019
31.70,-11.879,0.002,-1.483,-11.898,-0.000,1.487,0.020
31.72,-11.879,0.002,-1.483,-11.898,-0.000,1.487,0.020
31.74,-11.879,0.004,-1.483,-11.898,-0.000,1.487,0.020
31.76,-11.879,0.004,-1.483,-11.898,-0.000,1.487,0.020
31.78,-11.878,0.005,-1.483,-11.898,-0.000,1.487,0.021
31.80,-11.878,0.005,-1.483,-11.898,-0.000,1.487,0.021
31.82,-11.878,0.005,-1.483,-11.898,-0.000,1.487,0.021
31.85,-11.878,0.007,-1.482,-11.898,-0.000,1.487,0.022
31.87,-11.878,0.007,-1.482,-11.898,-0.000,1.487,0.022
31.89,-11.878,0.008,-1.482,-11.898,-0.000,1.487,0.023
31.91,-11.878,0.008,-1.482,-11.898,-0.000,1.487,0.023
31.93,-11.878,0.008,-1.481,-11.898,-0.000,1.487,0.023
31.95,-11.878,0.008,-1.481,-11.898,-0.000,1.487,0.023
31.97,-11.878,0.009,-1.481,-11.898,-0.000,1.487,0.023
31.99,-11.878,0.009,-1.481,-11.898,-0.000,1.487,0.023
32.01,-11.878,0.010,-1.481,-11.898,-0.000,1.487,0.023
32.03,-11.878,0.010,-1.481,-11.898,-0.000,1.487,0.023
32.05,-11.878,0.010,-1.481,-11.898,-0.000,1.487,0.023
32.07,-11.878,0.010,-1.481,-11.898,-0.000,1.487,0.023
32.10,-11.879,0.010,-1.481,-11.898,-0.000,1.487,0.023
32.12,-11.879,0.010,-1.481,-11.898,-0.000,1.487,0.023
32.14,-11.879,0.011,-1.481,-11.898,-0.000,1.487,0.022
32.16,-11.879,0.011,-1.481,-11.898,-0.000,1.487,0.022
32.18,-11.880,0.011,-1.481,-11.898,-0.000,1.487,0.022
32.20,-11.880,0.011,-1.481,-11.898,-0.000,1.487,0.022
32.22,-11.880,0.011,-1.482,-11.898,-0.000,1.487,0.022
32.24,-11.880,0.011,-1.482,-11.898,-0.000,1.487,0.022
32.26,-11.880,0.011,-1.482,-11.898,-0.000,1.487,0.021
32.28,-11.880,0.011,-1.482,-11.898,-0.000,1.487,0.021
32.30,-11.880,0.011,-1.482,-11.898,-0.000,1.487,0.021
32.32,-11.881,0.011,-1.483,-11.898,-0.000,1.487,0.021
32.35,-11.881,0.011,-1.483,-11.898,-0.000,1.487,0.021
32.37,-11.881,0.011,-1.484,-11.898,-0.000,1.487,0.021
32.39,-11.881,0.011,-1.484,-11.898,-0.000,1.487,0.021
32.41,-11.881,0.011,-1.484,-11.898,-0.000,1.487,0.021
32.43,-11.881,0.011,-1.484,-11.898,-0.000,1.487,0.021
32.45,-11.881,0.011,-1.485,-11.898,-0.000,1.487,0.021
32.47,-11.881,0.011,-1.485,-11.898,-0.000,1.487,0.021
32.49,-11.881,0.011,-1.486,-11.898,-0.000,1.487,0.020
32.51,-11.881,0.011,-1.486,-11.898,-0.000,1.487,0.020
32.53,-11.881,0.010,-1.487,-11.898,-0.000,1.487,0.020
32.55,-11.881,0.010,-1.487,-11.898,-0.000,1.487,0.020
32.57,-11.881,0.010,-1.487,-11.898,-0.000,1.487,0.020
32.59,-11.881,0.010,-1.487,-11.898,-0.000,1.487,0.020
32.62,-11.882,0.010,-1.488,-11.898,-0.000,1.487,0.019
32.64,-11.882,0.010,-1.488,-11.898,-0.000,1.487,0.019
32.66,-11.882,0.010,-1.488,-11.898,-0.000,1.487,0.019
32.68,-11.882,0.010,-1.488,-11.898,-0.000,1.487,0.019
32.70,-11.883,0.011,-1.489,-11.898,-0.000,1.487,0.019
32.72,-11.883,0.011,-1.489,-11.898,-0.000,1.487,0.019
32.74,-11.883,0.011,-1.489,-11.898,-0.000,1.487,0.019
32.76,-11.883,0.011,-1.489,-11.898,-0.000,1.487,0.019
32.78,-11.884,0.011,-1.490,-11.898,-0.000,1.487,0.018
32.80,-11.884,0.011,-1.490,-11.898,-0.000,1.487,0.018
32.82,-11.884,0.011,-1.490,-11.898,-0.000,1.487,0.018
32.84,-11.885,0.012,-1.491,-11.898,-0.000,1.487,0.018
32.86,-11.885,0.012,-1.491,-11.898,-0.000,1.487,0.018
32.89,-11.886,0.012,-1.491,-11.898,-0.000,1.487,0.017
32.91,-11.886,0.012,-1.491,-11.898,-0.000,1.487,0.017
32.93,-11.887,0.013,-1.491,-11.898,-0.000,1.487,0.017
32.95,-11.887,0.013,-1.491,-11.898,-0.000,1.487,0.017
32.97,-11.889,0.013,-1.492,-11.898,-0.000,1.487,0.017
32.99,-11.889,0.013,-1.492,-11.898,-0.000,1.487,0.017
33.01,-11.890,0.014,-1.492,-11.898,-0.000,1.487,0.017
33.03,-11.890,0.014,-1.492,-11.898,-0.000,1.487,0.017
33.05,-11.891,0.015,-1.493,-11.898,-0.000,1.487,0.017
33.07,-11.891,0.015,-1.493,-11.898,-0.000,1.487,0.017
33.09,-11.892,0.016,-1.493,-11.898,-0.000,1.487,0.018
33.11,-11.892,0.016,-1.493,-11.898,-0.000,1.487,0.018
33.14,-11.894,0.017,-1.494,-11.898,-0.000,1.487,0.018
33.16,-11.894,0.017,-1.494,-11.898,-0.000,1.487,0.018
33.18,-11.896,0.018,-1.494,-11.898,-0.000,1.487,0.019
33.20,-11.896,0.018,-1.494,-11.898,-0.000,1.487,0.019
33.22,-11.898,0.019,-1.494,-11.898,-0.000,1.487,0.020
33.24,-11.898,0.019,-1.494,-11.898,-0.000,1.487,0.020
33.26,-11.899,0.020,-1.494,-11.898,-0.000,1.487,0.021
33.28,-11.899,0.020,-1.494,-11.898,-0.000,1.487,0.021
33.30,-11.901,0.022,-1.494,-11.898,-0.000,1.487,0.023
33.32,-11.901,0.022,-1.494,-11.898,-0.000,1.487,0.023
33.34,-11.901,0.022,-1.494,-11.898,-0.000,1.487,0.023
33.36,-11.903,0.024,-1.494,-11.898,-0.000,1.487,0.026
33.39,-11.903,0.024,-1.494,-11.898,-0.000,1.487,0.026
33.41,-11.903,0.026,-1.494,-11.898,-0.000,1.487,0.027
33.43,-11.903,0.026,-1.494,-11.898,-0.000,1.487,0.027
33.45,-11.904,0.027,-1.493,-11.898,-0.000,1.487,0.028
33.47,-11.904,0.027,-1.493,-11.898,-0.000,1.487,0.028
33.49,-11.904,0.028,-1.493,-11.898,-0.000,1.487,0.029
33.51,-11.904,0.028,-1.493,-11.898,-0.000,1.487,0.029
33.53,-11.904,0.030,-1.492,-11.898,-0.000,1.487,0.031
33.55,-11.904,0.030,-1.492,-11.898,-0.000,1.487,0.031
33.57,-11.905,0.031,-1.491,-11.898,-0.000,1.487,0.032
33.59,-11.905,0.031,-1.491,-11.898,-0.000,1.487,0.032
33.61,-11.904,0.032,-1.490,-11.898,-0.000,1.487,0.033
33.63,-11.904,0.032,-1.490,-11.898,-0.000,1.487,0.033
33.66,-11.904,0.033,-1.489,-11.898,-0.000,1.487,0.034
33.68,-11.904,0.033,-1.489,-11.898,-0.000,1.487,0.034
33.70,-11.904,0.034,-1.488,-11.898,-0.000,1.487,0.035
33.72,-11.904,0.034,-1.488,-11.898,-0.000,1.487,0.035
33.74,-11.903,0.035,-1.487,-11.898,-0.000,1.487,0.036
33.76,-11.903,0.035,-1.487,-11.898,-0.000,1.487,0.036
33.78,-11.903,0.036,-1.486,-11.898,-0.000,1.487,0.036
33.80,-11.903,0.036,-1.486,-11.898,-0.000,1.487,0.036
33.82,-11.903,0.036,-1.486,-11.898,-0.000,1.487,0.036
33.84,-11.901,0.037,-1.485,-11.898,-0.000,1.487,0.037
33.86,-11.901,0.037,-1.485,-11.898,-0.000,1.487,0.037
33.88,-11.900,0.038,-1.485,-11.898,-0.000,1.487,0.038
33.91,-11.900,0.038,-1.485,-11.898,-0.000,1.487,0.038
33.93,-11.899,0.038,-1.484,-11.898,-0.000,1.487,0.038
33.95,-11.899,0.038,-1.484,-11.898,-0.000,1.487,0.038
33.97,-11.897,0.039,-1.484,-11.898,-0.000,1.487,0.039
33.99,-11.897,0.039,-1.484,-11.898,-0.000,1.487,0.039
34.01,-11.896,0.039,-1.484,-11.898,-0.000,1.487,0.039
34.03,-11.896,0.039,-1.484,-11.898,-0.000,1.487,0.039
34.05,-11.895,0.039,-1.483,-11.898,-0.000,1.487,0.039
34.07,-11.895,0.039,-1.483,-11.898,-0.000,1.487,0.039
34.09,-11.894,0.038,-1.483,-11.898,-0.000,1.487,0.039
34.11,-11.894,0.038,-1.483,-11.898,-0.000,1.487,0.039
34.13,-11.893,0.038,-1.483,-11.898,-0.000,1.487,0.039
34.15,-11.893,0.038,-1.483,-11.898,-0.000,1.487,0.039
34.18,-11.892,0.038,-1.483,-11.898,-0.000,1.487,0.038
34.20,-11.892,0.038,-1.483,-11.898,-0.000,1.487,0.038
34.22,-11.891,0.037,-1.483,-11.898,-0.000,1.487,0.038
34.24,-11.891,0.037,-1.483,-11.898,-0.000,1.487,0.038
34.26,-11.891,0.036,-1.483,-11.898,-0.000,1.487,0.037
34.28,-11.891,0.036,-1.483,-11.898,-0.000,1.487,0.037
34.30,-11.890,0.035,-1.483,-11.898,-0.000,1.487,0.036
34.32,-11.890,0.035,-1.483,-11.898,-0.000,1.487,0.036
34.34,-11.890,0.035,-1.483,-11.898,-0.000,1.487,0.036
34.36,-11.890,0.033,-1.483,-11.898,-0.000,1.487,0.034
34.38,-11.890,0.033,-1.483,-11.898,-0.000,1.487,0.034
34.40,-11.889,0.031,-1.483,-11.898,-0.000,1.487,0.032
34.43,-11.889,0.031,-1.483,-11.898,-0.000,1.487,0.032
34.45,-11.889,0.030,-1.483,-11.898,-0.000,1.487,0.031
34.47,-11.889,0.030,-1.483,-11.898,-0.000,1.487,0.031
34.49,-11.889,0.028,-1.484,-11.898,-0.000,1.487,0.030
34.51,-11.889,0.028,-1.484,-11.898,-0.000,1.487,0.030
34.53,-11.888,0.026,-1.484,-11.898,-0.000,1.487,0.028
34.55,-11.888,0.026,-1.484,-11.898,-0.000,1.487,0.028
34.57,-11.888,0.025,-1.484,-11.898,-0.000,1.487,0.027
34.59,-11.888,0.025,-1.484,-11.898,-0.000,1.487,0.027
34.61,-11.887,0.023,-1.485,-11.898,-0.000,1.487,0.026
34.63,-11.887,0.023,-1.485,-11.898,-0.000,1.487,0.026
34.66,-11.887,0.022,-1.485,-11.898,-0.000,1.487,0.025
34.68,-11.887,0.022,-1.485,-11.898,-0.000,1.487,0.025
34.70,-11.886,0.020,-1.485,-11.898,-0.000,1.487,0.023
34.72,-11.886,0.020,-1.485,-11.898,-0.000,1.487,0.023
34.74,-11.885,0.018,-1.485,-11.898,-0.000,1.487,0.022
34.76,-11.885,0.018,-1.485,-11.898,-0.000,1.487,0.022
34.78,-11.884,0.016,-1.485,-11.898,-0.000,1.487,0.021
34.80,-11.884,0.016,-1.485,-11.898,-0.000,1.487,0.021
34.82,-11.884,0.016,-1.485,-11.898,-0.000,1.487,0.021
34.84,-11.883,0.013,-1.485,-11.898,-0.000,1.487,0.020
34.86,-11.883,0.013,-1.485,-11.898,-0.000,1.487,0.020
34.88,-11.883,0.011,-1.485,-11.898,-0.000,1.487,0.019
34.91,-11.883,0.011,-1.485,-11.898,-0.000,1.487,0.019
34.93,-11.882,0.009,-1.485,-11.898,-0.000,1.487,0.018
34.95,-11.882,0.009,-1.485,-11.898,-0.000,1.487,0.018
34.97,-11.882,0.008,-1.485,-11.898,-0.000,1.487,0.018
34.99,-11.882,0.008,-1.485,-11.898,-0.000,1.487,0.018
35.01,-11.882,0.006,-1.485,-11.898,-0.000,1.487,0.017
35.03,-11.882,0.006,-1.485,-11.898,-0.000,1.487,0.017
35.05,-11.882,0.005,-1.485,-11.898,-0.000,1.487,0.017
35.07,-11.882,0.005,-1.485,-11.898,-0.000,1.487,0.017
35.09,-11.882,0.005,-1.486,-11.898,-0.000,1.487,0.017
35.11,-11.882,0.005,-1.486,-11.898,-0.000,1.487,0.017
35.13,-11.882,0.004,-1.486,-11.898,-0.000,1.487,0.017
35.16,-11.882,0.004,-1.486,-11.898,-0.000,1.487,0.017
35.18,-11.882,0.003,-1.486,-11.898,-0.000,1.487,0.016
35.20,-11.882,0.003,-1.486,-11.898,-0.000,1.487,0.016
35.22,-11.882,0.003,-1.486,-11.898,-0.000,1.487,0.016
35.24,-11.882,0.003,-1.486,-11.898,-0.000,1.487,0.016
35.26,-11.883,0.003,-1.486,-11.898,-0.000,1.487,0.016
35.28,-11.883,0.003,-1.486,-11.898,-0.000,1.487,0.016
35.30,-11.883,0.003,-1.487,-11.898,-0.000,1.487,0.016
35.32,-11.883,0.003,-1.487,-11.898,-0.000,1.487,0.016
35.34,-11.883,0.003,-1.487,-11.898,-0.000,1.487,0.016
35.36,-11.883,0.002,-1.487,-11.898,-0.000,1.487,0.015
35.38,-11.883,0.002,-1.487,-11.898,-0.000,1.487,0.015
35.41,-11.884,0.002,-1.487,-11.898,-0.000,1.487,0.014
35.43,-11.884,0.002,-1.487,-11.898,-0.000,1.487,0.014
35.45,-11.884,0.002,-1.488,-11.898,-0.000,1.487,0.014
35.47,-11.884,0.002,-1.488,-11.898,-0.000,1.487,0.014
35.49,-11.885,0.001,-1.489,-11.898,-0.000,1.487,0.013
35.51,-11.885,0.001,-1.489,-11.898,-0.000,1.487,0.013
35.53,-11.886,0.001,-1.489,-11.898,-0.000,1.487,0.012
35.55,-11.886,0.001,-1.489,-11.898,-0.000,1.487,0.012
35.57,-11.887,0.001,-1.490,-11.898,-0.000,1.487,0.012
35.59,-11.887,0.001,-1.490,-11.898,-0.000,1.487,0.012
35.61,-11.887,0.001,-1.491,-11.898,-0.000,1.487,0.011
35.63,-11.887,0.001,-1.491,-11.898,-0.000,1.487,0.011
35.65,-11.888,0.001,-1.491,-11.898,-0.000,1.487,0.011
35.68,-11.888,0.001,-1.491,-11.898,-0.000,1.487,0.011
35.70,-11.889,0.001,-1.492,-11.898,-0.000,1.487,0.010
35.72,-11.889,0.001,-1.492,-11.898,-0.000,1.487,0.010
35.74,-11.890,0.001,-1.493,-11.898,-0.000,1.487,0.010
35.76,-11.890,0.001,-1.493,-11.898,-0.000,1.487,0.010
35.78,-11.891,0.001,-1.494,-11.898,-0.000,1.487,0.009
35.80,-11.891,0.001,-1.494,-11.898,-0.000,1.487,0.009
35.82,-11.892,0.001,-1.494,-11.898,-0.000,1.487,0.009
35.84,-11.892,0.001,-1.494,-11.898,-0.000,1.487,0.009
35.86,-11.892,0.001,-1.494,-11.898,-0.000,1.487,0.009
35.88,-11.893,0.002,-1.495,-11.898,-0.000,1.487,0.010
35.90,-11.893,0.002,-1.495,-11.898,-0.000,1.487,0.010
35.93,-11.894,0.001,-1.496,-11.898,-0.000,1.487,0.010
35.95,-11.894,0.001,-1.496,-11.898,-0.000,1.487,0.010
35.97,-11.894,0.001,-1.497,-11.898,-0.000,1.487,0.010
35.99,-11.894,0.001,-1.497,-11.898,-0.000,1.487,0.010
36.01,-11.894,0.001,-1.497,-11.898,-0.000,1.487,0.011
36.03,-11.894,0.001,-1.497,-11.898,-0.000,1.487,0.011
36.05,-11.894,0.001,-1.498,-11.898,-0.000,1.487,0.011
36.07,-11.894,0.001,-1.498,-11.898,-0.000,1.487,0.011
36.09,-11.894,0.001,-1.498,-11.898,-0.000,1.487,0.012
36.11,-11.894,0.001,-1.498,-11.898,-0.000,1.487,0.012
36.13,-11.894,0.001,-1.499,-11.898,-0.000,1.487,0.012
36.15,-11.894,0.001,-1.499,-11.898,-0.000,1.487,0.012
36.18,-11.894,0.001,-1.499,-11.898,-0.000,1.487,0.013
36.20,-11.894,0.001,-1.499,-11.898,-0.000,1.487,0.013
36.22,-11.894,0.001,-1.500,-11.898,-0.000,1.487,0.013
36.24,-11.894,0.001,-1.500,-11.898,-0.000,1.487,0.013
36.26,-11.894,0.000,-1.500,-11.898,-0.000,1.487,0.013
36.28,-11.894,0.000,-1.500,-11.898,-0.000,1.487,0.013
36.30,-11.893,-0.000,-1.500,-11.898,-0.000,1.487,0.013
36.32,-11.893,-0.000,-1.500,-11.898,-0.000,1.487,0.013
36.34,-11.893,-0.000,-1.500,-11.898,-0.000,1.487,0.013
36.36,-11.893,-0.002,-1.499,-11.898,-0.000,1.487,0.013
36.38,-11.893,-0.002,-1.499,-11.898,-0.000,1.487,0.013
36.40,-11.892,-0.003,-1.499,-11.898,-0.000,1.487,0.013
36.42,-11.892,-0.003,-1.499,-11.898,-0.000,1.487,0.013
36.45,-11.892,-0.004,-1.498,-11.898,-0.000,1.487,0.013
36.47,-11.892,-0.004,-1.498,-11.898,-0.000,1.487,0.013
36.49,-11.891,-0.005,-1.498,-11.898,-0.000,1.487,0.013
36.51,-11.891,-0.005,-1.498,-11.898,-0.000,1.487,0.013
36.53,-11.891,-0.006,-1.497,-11.898,-0.000,1.487,0.013
36.55,-11.891,-0.006,-1.497,-11.898,-0.000,1.487,0.013
36.57,-11.891,-0.007,-1.497,-11.898,-0.000,1.487,0.014
36.59,-11.891,-0.007,-1.497,-11.898,-0.000,1.487,0.014
36.61,-11.890,-0.008,-1.496,-11.898,-0.000,1.487,0.014
36.63,-11.890,-0.008,-1.496,-11.898,-0.000,1.487,0.014
36.65,-11.889,-0.010,-1.496,-11.898,-0.000,1.487,0.015
36.67,-11.889,-0.010,-1.496,-11.898,-0.000,1.487,0.015
36.70,-11.889,-0.011,-1.495,-11.898,-0.000,1.487,0.016
36.72,-11.889,-0.011,-1.495,-11.898,-0.000,1.487,0.016
36.74,-11.888,-0.012,-1.495,-11.898,-0.000,1.487,0.017
36.76,-11.888,-0.012,-1.495,-11.898,-0.000,1.487,0.017
36.78,-11.887,-0.013,-1.495,-11.898,-0.000,1.487,0.018
36.80,-11.887,-0.013,-1.495,-11.898,-0.000,1.487,0.018
36.82,-11.886,-0.013,-1.494,-11.898,-0.000,1.487,0.019
36.84,-11.886,-0.013,-1.494,-11.898,-0.000,1.487,0.019
36.86,-11.886,-0.013,-1.494,-11.898,-0.000,1.487,0.019
36.88,-11.885,-0.014,-1.494,-11.898,-0.000,1.487,0.020
36.90,-11.885,-0.014,-1.494,-11.898,-0.000,1.487,0.020
36.92,-11.885,-0.014,-1.493,-11.898,-0.000,1.487,0.020
36.94,-11.885,-0.014,-1.493,-11.898,-0.000,1.487,0.020
36.97,-11.884,-0.014,-1.493,-11.898,-0.000,1.487,0.020
36.99,-11.884,-0.014,-1.493,-11.898,-0.000,1.487,0.020
37.01,-11.884,-0.014,-1.492,-11.898,-0.000,1.487,0.020
37.03,-11.884,-0.014,-1.492,-11.898,-0.000,1.487,0.020
37.05,-11.883,-0.013,-1.492,-11.898,-0.000,1.487,0.020
37.07,-11.883,-0.013,-1.492,-11.898,-0.000,1.487,0.020
37.09,-11.883,-0.012,-1.492,-11.898,-0.000,1.487,0.020
37.11,-11.883,-0.012,-1.492,-11.898,-0.000,1.487,0.020
37.13,-11.882,-0.011,-1.492,-11.898,-0.000,1.487,0.020
37.15,-11.882,-0.011,-1.492,-11.898,-0.000,1.487,0.020
37.17,-11.882,-0.010,-1.492,-11.898,-0.000,1.487,0.019
37.20,-11.882,-0.010,-1.492,-11.898,-0.000,1.487,0.019
37.22,-11.882,-0.009,-1.492,-11.898,-0.000,1.487,0.019
37.24,-11.882,-0.009,-1.492,-11.898,-0.000,1.487,0.019
37.26,-11.882,-0.007,-1.492,-11.898,-0.000,1.487,0.019
37.28,-11.882,-0.007,-1.492,-11.898,-0.000,1.487,0.019
37.30,-11.881,-0.006,-1.492,-11.898,-0.000,1.487,0.018
37.32,-11.881,-0.006,-1.492,-11.898,-0.000,1.487,0.018
37.34,-11.881,-0.006,-1.492,-11.898,-0.000,1.487,0.018
37.36,-11.881,-0.004,-1.492,-11.898,-0.000,1.487,0.018
37.38,-11.881,-0.004,-1.492,-11.898,-0.000,1.487,0.018
37.40,-11.881,-0.002,-1.492,-11.898,-0.000,1.487,0.018
37.43,-11.881,-0.002,-1.492,-11.898,-0.000,1.487,0.018
37.45,-11.880,-0.001,-1.492,-11.898,-0.000,1.487,0.018
37.47,-11.880,-0.001,-1.492,-11.898,-0.000,1.487,0.018
37.49,-11.880,-0.000,-1.492,-11.898,-0.000,1.487,0.018
37.51,-11.880,-0.000,-1.492,-11.898,-0.000,1.487,0.018
37.53,-11.880,0.001,-1.492,-11.898,-0.000,1.487,0.018
37.55,-11.880,0.001,-1.492,-11.898,-0.000,1.487,0.018
37.57,-11.880,0.002,-1.492,-11.898,-0.000,1.487,0.018
37.59,-11.880,0.002,-1.492,-11.898,-0.000,1.487,0.018
37.61,-11.880,0.002,-1.492,-11.898,-0.000,1.487,0.018
37.63,-11.880,0.002,-1.492,-11.898,-0.000,1.487,0.018
37.66,-11.881,0.003,-1.491,-11.898,-0.000,1.487,0.018
37.68,-11.881,0.003,-1.491,-11.898,-0.000,1.487,0.018
37.70,-11.881,0.003,-1.491,-11.898,-0.000,1.487,0.018
37.72,-11.881,0.003,-1.491,-11.898,-0.000,1.487,0.018
37.74,-11.881,0.002,-1.491,-11.898,-0.000,1.487,0.018
37.76,-11.881,0.002,-1.491,-11.898,-0.000,1.487,0.018
37.78,-11.881,0.002,-1.490,-11.898,-0.000,1.487,0.018
37.80,-11.881,0.002,-1.490,-11.898,-0.000,1.487,0.018
37.82,-11.881,0.001,-1.490,-11.898,-0.000,1.487,0.017
37.84,-11.881,0.001,-1.490,-11.898,-0.000,1.487,0.017
37.86,-11.881,0.001,-1.490,-11.898,-0.000,1.487,0.017
37.89,-11.880,-0.001,-1.489,-11.898,-0.000,1.487,0.018
37.91,-11.880,-0.001,-1.489,-11.898,-0.000,1.487,0.018
37.93,-11.880,-0.002,-1.489,-11.898,-0.000,1.487,0.018
37.95,-11.880,-0.002,-1.489,-11.898,-0.000,1.487,0.018
37.97,-11.880,-0.004,-1.489,-11.898,-0.000,1.487,0.018
37.99,-11.880,-0.004,-1.489,-11.898,-0.000,1.487,0.018
38.01,-11.880,-0.006,-1.488,-11.898,-0.000,1.487,0.019
38.03,-11.880,-0.006,-1.488,-11.898,-0.000,1.487,0.019
38.05,-11.880,-0.008,-1.488,-11.898,-0.000,1.487,0.020
38.07,-11.880,-0.008,-1.488,-11.898,-0.000,1.487,0.020
38.09,-11.880,-0.010,-1.488,-11.898,-0.000,1.487,0.021
38.11,-11.880,-0.010,-1.488,-11.898,-0.000,1.487,0.021
38.13,-11.880,-0.012,-1.488,-11.898,-0.000,1.487,0.022
38.15,-11.880,-0.012,-1.488,-11.898,-0.000,1.487,0.022
38.18,-11.880,-0.014,-1.488,-11.898,-0.000,1.487,0.023
38.20,-11.880,-0.014,-1.488,-11.898,-0.000,1.487,0.023
38.22,-11.880,-0.016,-1.488,-11.898,-0.000,1.487,0.024
38.24,-11.880,-0.016,-1.488,-11.898,-0.000,1.487,0.024
38.26,-11.880,-0.018,-1.488,-11.898,-0.000,1.487,0.025
38.28,-11.880,-0.018,-1.488,-11.898,-0.000,1.487,0.025
38.30,-11.880,-0.020,-1.488,-11.898,-0.000,1.487,0.027
38.32,-11.880,-0.020,-1.488,-11.898,-0.000,1.487,0.027
38.34,-11.880,-0.022,-1.488,-11.898,-0.000,1.487,0.028
38.36,-11.880,-0.022,-1.488,-11.898,-0.000,1.487,0.028
38.38,-11.880,-0.022,-1.488,-11.898,-0.000,1.487,0.028
38.41,-11.880,-0.024,-1.488,-11.898,-0.000,1.487,0.030
38.43,-11.880,-0.024,-1.488,-11.898,-0.000,1.487,0.030
38.45,-11.880,-0.025,-1.488,-11.898,-0.000,1.487,0.031
38.47,-11.880,-0.025,-1.488,-11.898,-0.000,1.487,0.031
38.49,-11.880,-0.026,-1.488,-11.898,-0.000,1.487,0.032
38.51,-11.880,-0.026,-1.488,-11.898,-0.000,1.487,0.032
38.53,-11.880,-0.027,-1.488,-11.898,-0.000,1.487,0.033
38.55,-11.880,-0.027,-1.488,-11.898,-0.000,1.487,0.033
38.57,-11.879,-0.027,-1.488,-11.898,-0.000,1.487,0.033
38.59,-11.879,-0.027,-1.488,-11.898,-0.000,1.487,0.033
38.61,-11.879,-0.028,-1.488,-11.898,-0.000,1.487,0.033
38.63,-11.879,-0.028,-1.488,-11.898,-0.000,1.487,0.033
38.66,-11.879,-0.028,-1.488,-11.898,-0.000,1.487,0.033
38.68,-11.879,-0.028,-1.488,-11.898,-0.000,1.487,0.033
38.70,-11.879,-0.027,-1.488,-11.898,-0.000,1.487,0.033
38.72,-11.879,-0.027,-1.488,-11.898,-0.000,1.487,0.033
38.74,-11.879,-0.027,-1.489,-11.898,-0.000,1.487,0.033
38.76,-11.879,-0.027,-1.489,-11.898,-0.000,1.487,0.033
38.78,-11.880,-0.027,-1.489,-11.898,-0.000,1.487,0.032
38.80,-11.880,-0.027,-1.489,-11.898,-0.000,1.487,0.032
38.82,-11.880,-0.026,-1.489,-11.898,-0.000,1.487,0.032
38.84,-11.880,-0.026,-1.489,-11.898,-0.000,1.487,0.032
38.86,-11.880,-0.026,-1.489,-11.898,-0.000,1.487,0.032
38.88,-11.881,-0.025,-1.489,-11.898,-0.000,1.487,0.030
38.91,-11.881,-0.025,-1.489,-11.898,-0.000,1.487,0.030
38.93,-11.882,-0.024,-1.489,-11.898,-0.000,1.487,0.029
38.95,-11.882,-0.024,-1.489,-11.898,-0.000,1.487,0.029
38.97,-11.883,-0.024,-1.489,-11.898,-0.000,1.487,0.028
38.99,-11.883,-0.024,-1.489,-11.898,-0.000,1.487,0.028
39.01,-11.884,-0.023,-1.489,-11.898,-0.000,1.487,0.027
39.03,-11.884,-0.023,-1.489,-11.898,-0.000,1.487,0.027
39.05,-11.884,-0.022,-1.489,-11.898,-0.000,1.487,0.026
39.07,-11.884,-0.022,-1.489,-11.898,-0.000,1.487,0.026
39.09,-11.885,-0.022,-1.489,-11.898,-0.000,1.487,0.025
39.11,-11.885,-0.022,-1.489,-11.898,-0.000,1.487,0.025
39.13,-11.886,-0.021,-1.489,-11.898,-0.000,1.487,0.024
39.15,-11.886,-0.021,-1.489,-11.898,-0.000,1.487,0.024
39.18,-11.886,-0.021,-1.489,-11.898,-0.000,1.487,0.024
39.20,-11.886,-0.021,-1.489,-11.898,-0.000,1.487,0.024
39.22,-11.887,-0.020,-1.489,-11.898,-0.000,1.487,0.023
39.24,-11.887,-0.020,-1.489,-11.898,-0.000,1.487,0.023
39.26,-11.888,-0.019,-1.489,-11.898,-0.000,1.487,0.022
39.28,-11.888,-0.019,-1.489,-11.898,-0.000,1.487,0.022
39.30,-11.888,-0.018,-1.489,-11.898,-0.000,1.487,0.021
39.32,-11.888,-0.018,-1.489,-11.898,-0.000,1.487,0.021
39.34,-11.888,-0.018,-1.490,-11.898,-0.000,1.487,0.020
39.36,-11.888,-0.018,-1.490,-11.898,-0.000,1.487,0.020
39.38,-11.888,-0.018,-1.490,-11.898,-0.000,1.487,0.020
39.40,-11.889,-0.016,-1.489,-11.898,-0.000,1.487,0.019
39.43,-11.889,-0.016,-1.489,-11.898,-0.000,1.487,0.019
39.45,-11.889,-0.015,-1.489,-11.898,-0.000,1.487,0.018
39.47,-11.889,-0.015,-1.489,-11.898,-0.000,1.487,0.018
39.49,-11.890,-0.014,-1.489,-11.898,-0.000,1.487,0.017
39.51,-11.890,-0.014,-1.489,-11.898,-0.000,1.487,0.017
39.53,-11.890,-0.014,-1.489,-11.898,-0.000,1.487,0.016
39.55,-11.890,-0.014,-1.489,-11.898,-0.000,1.487,0.016
39.57,-11.891,-0.013,-1.490,-11.898,-0.000,1.487,0.015
39.59,-11.891,-0.013,-1.490,-11.898,-0.000,1.487,0.015
39.61,-11.892,-0.012,-1.490,-11.898,-0.000,1.487,0.014
39.63,-11.892,-0.012,-1.490,-11.898,-0.000,1.487,0.014
39.65,-11.893,-0.012,-1.491,-11.898,-0.000,1.487,0.013
39.68,-11.893,-0.012,-1.491,-11.898,-0.000,1.487,0.013
39.70,-11.894,-0.011,-1.492,-11.898,-0.000,1.487,0.012
39.72,-11.894,-0.011,-1.492,-11.898,-0.000,1.487,0.012
39.74,-11.895,-0.010,-1.492,-11.898,-0.000,1.487,0.012
39.76,-11.895,-0.010,-1.492,-11.898,-0.000,1.487,0.012
39.78,-11.896,-0.010,-1.493,-11.898,-0.000,1.487,0.011
39.80,-11.896,-0.010,-1.493,-11.898,-0.000,1.487,0.011
39.82,-11.897,-0.009,-1.493,-11.898,-0.000,1.487,0.010
39.84,-11.897,-0.009,-1.493,-11.898,-0.000,1.487,0.010
39.86,-11.897,-0.009,-1.493,-11.898,-0.000,1.487,0.010
39.88,-11.899,-0.008,-1.493,-11.898,-0.000,1.487,0.010
39.90,-11.899,-0.008,-1.493,-11.898,-0.000,1.487,0.010
39.92,-11.901,-0.007,-1.493,-11.898,-0.000,1.487,0.009
39.95,-11.901,-0.007,-1.493,-11.898,-0.000,1.487,0.009
39.97,-11.902,-0.006,-1.494,-11.898,-0.000,1.487,0.009
39.99,-11.902,-0.006,-1.494,-11.898,-0.000,1.487,0.009
40.01,-11.902,-0.006,-1.494,-11.898,-0.000,1.487,0.009
40.03,-11.902,-0.006,-1.494,-11.898,-0.000,1.487,0.009
40.05,-11.903,-0.005,-1.494,-11.898,-0.000,1.487,0.009
40.07,-11.903,-0.005,-1.494,-11.898,-0.000,1.487,0.009
40.09,-11.904,-0.004,-1.494,-11.898,-0.000,1.487,0.009
40.11,-11.904,-0.004,-1.494,-11.898,-0.000,1.487,0.009
40.13,-11.904,-0.004,-1.494,-11.898,-0.000,1.487,0.010
40.15,-11.904,-0.004,-1.494,-11.898,-0.000,1.487,0.010
40.17,-11.904,-0.003,-1.494,-11.898,-0.000,1.487,0.010
40.20,-11.904,-0.003,-1.494,-11.898,-0.000,1.487,0.010
40.22,-11.904,-0.002,-1.494,-11.898,-0.000,1.487,0.010
40.24,-11.904,-0.002,-1.494,-11.898,-0.000,1.487,0.010
40.26,-11.904,-0.002,-1.495,-11.898,-0.000,1.487,0.010
40.28,-11.904,-0.002,-1.495,-11.898,-0.000,1.487,0.010
40.30,-11.904,-0.002,-1.495,-11.898,-0.000,1.487,0.010
40.32,-11.904,-0.002,-1.495,-11.898,-0.000,1.487,0.010
40.34,-11.904,-0.001,-1.495,-11.898,-0.000,1.487,0.009
40.36,-11.904,-0.001,-1.495,-11.898,-0.000,1.487,0.009
40.38,-11.904,-0.001,-1.495,-11.898,-0.000,1.487,0.009
40.40,-11.903,-0.001,-1.495,-11.898,-0.000,1.487,0.009
40.42,-11.903,-0.001,-1.495,-11.898,-0.000,1.487,0.009
40.44,-11.902,-0.001,-1.495,-11.898,-0.000,1.487,0.009
40.47,-11.902,-0.001,-1.495,-11.898,-0.000,1.487,0.009
40.49,-11.901,-0.001,-1.496,-11.898,-0.000,1.487,0.009
40.51,-11.901,-0.001,-1.496,-11.898,-0.000,1.487,0.009
40.53,-11.901,-0.001,-1.496,-11.898,-0.000,1.487,0.009
40.55,-11.901,-0.001,-1.496,-11.898,-0.000,1.487,0.009
40.57,-11.900,-0.001,-1.496,-11.898,-0.000,1.487,0.009
40.59,-11.900,-0.001,-1.496,-11.898,-0.000,1.487,0.009
40.61,-11.899,-0.002,-1.497,-11.898,-0.000,1.487,0.010
40.63,-11.899,-0.002,-1.497,-11.898,-0.000,1.487,0.010
40.65,-11.898,-0.002,-1.498,-11.898,-0.000,1.487,0.010
40.67,-11.898,-0.002,-1.498,-11.898,-0.000,1.487,0.010
40.69,-11.897,-0.002,-1.498,-11.898,-0.000,1.487,0.011
40.72,-11.897,-0.002,-1.498,-11.898,-0.000,1.487,0.011
40.74,-11.895,-0.002,-1.499,-11.898,-0.000,1.487,0.012
40.76,-11.895,-0.002,-1.499,-11.898,-0.000,1.487,0.012
40.78,-11.894,-0.002,-1.499,-11.898,-0.000,1.487,0.012
40.80,-11.894,-0.002,-1.499,-11.898,-0.000,1.487,0.012
40.82,-11.893,-0.002,-1.499,-11.898,-0.000,1.487,0.013
40.84,-11.893,-0.002,-1.499,-11.898,-0.000,1.487,0.013
40.86,-11.893,-0.002,-1.499,-11.898,-0.000,1.487,0.013
40.88,-11.893,-0.002,-1.499,-11.898,-0.000,1.487,0.013
40.90,-11.893,-0.002,-1.499,-11.898,-0.000,1.487,0.013
40.92,-11.891,-0.002,-1.499,-11.898,-0.000,1.487,0.014
40.94,-11.891,-0.002,-1.499,-11.898,-0.000,1.487,0.014
40.97,-11.891,-0.002,-1.499,-11.898,-0.000,1.487,0.014
40.99,-11.891,-0.002,-1.499,-11.898,-0.000,1.487,0.014
41.01,-11.890,-0.002,-1.499,-11.898,-0.000,1.487,0.014
41.03,-11.890,-0.002,-1.499,-11.898,-0.000,1.487,0.014
41.05,-11.890,-0.001,-1.499,-11.898,-0.000,1.487,0.014
41.07,-11.890,-0.001,-1.499,-11.898,-0.000,1.487,0.014
41.09,-11.890,-0.001,-1.499,-11.898,-0.000,1.487,0.014
41.11,-11.890,-0.001,-1.499,-11.898,-0.000,1.487,0.014
41.13,-11.890,-0.000,-1.499,-11.898,-0.000,1.487,0.014
41.15,-11.890,-0.000,-1.499,-11.898,-0.000,1.487,0.014
41.17,-11.890,0.000,-1.499,-11.898,-0.000,1.487,0.013
41.19,-11.890,0.000,-1.499,-11.898,-0.000,1.487,0.013
41.22,-11.891,0.001,-1.498,-11.898,-0.000,1.487,0.013
41.24,-11.891,0.001,-1.498,-11.898,-0.000,1.487,0.013
41.26,-11.891,0.001,-1.498,-11.898,-0.000,1.487,0.013
41.28,-11.891,0.001,-1.498,-11.898,-0.000,1.487,0.013
41.30,-11.891,0.002,-1.498,-11.898,-0.000,1.487,0.013
41.32,-11.891,0.002,-1.498,-11.898,-0.000,1.487,0.013
41.34,-11.891,0.003,-1.497,-11.898,-0.000,1.487,0.012
41.36,-11.891,0.003,-1.497,-11.898,-0.000,1.487,0.012
41.38,-11.891,0.003,-1.497,-11.898,-0.000,1.487,0.012
41.40,-11.891,0.004,-1.496,-11.898,-0.000,1.487,0.012
41.42,-11.891,0.004,-1.496,-11.898,-0.000,1.487,0.012
41.44,-11.892,0.005,-1.496,-11.898,-0.000,1.487,0.012
41.46,-11.892,0.005,-1.496,-11.898,-0.000,1.487,0.012
41.49,-11.892,0.006,-1.495,-11.898,-0.000,1.487,0.011
41.51,-11.892,0.006,-1.495,-11.898,-0.000,1.487,0.011
41.53,-11.893,0.007,-1.494,-11.898,-0.000,1.487,0.011
41.55,-11.893,0.007,-1.494,-11.898,-0.000,1.487,0.011
41.57,-11.893,0.008,-1.493,-11.898,-0.000,1.487,0.011
41.59,-11.893,0.008,-1.493,-11.898,-0.000,1.487,0.011
41.61,-11.894,0.009,-1.493,-11.898,-0.000,1.487,0.011
41.63,-11.894,0.009,-1.493,-11.898,-0.000,1.487,0.011
41.65,-11.894,0.010,-1.492,-11.898,-0.000,1.487,0.011
41.67,-11.894,0.010,-1.492,-11.898,-0.000,1.487,0.011
41.69,-11.895,0.010,-1.491,-11.898,-0.000,1.487,0.012
41.71,-11.895,0.010,-1.491,-11.898,-0.000,1.487,0.012
41.74,-11.895,0.011,-1.491,-11.898,-0.000,1.487,0.012
41.76,-11.895,0.011,-1.491,-11.898,-0.000,1.487,0.012
41.78,-11.896,0.012,-1.490,-11.898,-0.000,1.487,0.012
41.80,-11.896,0.012,-1.490,-11.898,-0.000,1.487,0.012
41.82,-11.896,0.012,-1.490,-11.898,-0.000,1.487,0.012
41.84,-11.896,0.012,-1.490,-11.898,-0.000,1.487,0.012
41.86,-11.897,0.012,-1.489,-11.898,-0.000,1.487,0.013
41.88,-11.897,0.012,-1.489,-11.898,-0.000,1.487,0.013
41.90,-11.897,0.012,-1.489,-11.898,-0.000,1.487,0.013
41.92,-11.897,0.013,-1.488,-11.898,-0.000,1.487,0.013
41.94,-11.897,0.013,-1.488,-11.898,-0.000,1.487,0.013
41.97,-11.898,0.013,-1.488,-11.898,-0.000,1.487,0.013
41.99,-11.898,0.013,-1.488,-11.898,-0.000,1.487,0.013
42.01,-11.898,0.014,-1.488,-11.898,-0.000,1.487,0.014
42.03,-11.898,0.014,-1.488,-11.898,-0.000,1.487,0.014
42.05,-11.899,0.014,-1.488,-11.898,-0.000,1.487,0.014
42.07,-11.899,0.014,-1.488,-11.898,-0.000,1.487,0.014
42.09,-11.899,0.014,-1.488,-11.898,-0.000,1.487,0.014
42.11,-11.899,0.014,-1.488,-11.898,-0.000,1.487,0.014
42.13,-11.900,0.015,-1.487,-11.898,-0.000,1.487,0.015
42.15,-11.900,0.015,-1.487,-11.898,-0.000,1.487,0.015
42.17,-11.901,0.015,-1.487,-11.898,-0.000,1.487,0.015
42.19,-11.901,0.015,-1.487,-11.898,-0.000,1.487,0.015
42.22,-11.901,0.016,-1.488,-11.898,-0.000,1.487,0.016
42.24,-11.901,0.016,-1.488,-11.898,-0.000,1.487,0.016
42.26,-11.902,0.016,-1.488,-11.898,-0.000,1.487,0.016
42.28,-11.902,0.016,-1.488,-11.898,-0.000,1.487,0.016
42.30,-11.902,0.016,-1.488,-11.898,-0.000,1.487,0.017
42.32,-11.902,0.016,-1.488,-11.898,-0.000,1.487,0.017
42.34,-11.903,0.017,-1.489,-11.898,-0.000,1.487,0.018
42.36,-11.903,0.017,-1.489,-11.898,-0.000,1.487,0.018
42.38,-11.903,0.017,-1.489,-11.898,-0.000,1.487,0.018
42.40,-11.904,0.017,-1.490,-11.898,-0.000,1.487,0.018
42.42,-11.904,0.017,-1.490,-11.898,-0.000,1.487,0.018
42.44,-11.905,0.017,-1.490,-11.898,-0.000,1.487,0.018
42.46,-11.905,0.017,-1.490,-11.898,-0.000,1.487,0.018
42.49,-11.905,0.017,-1.491,-11.898,-0.000,1.487,0.019
42.51,-11.905,0.017,-1.491,-11.898,-0.000,1.487,0.019
42.53,-11.906,0.016,-1.491,-11.898,-0.000,1.487,0.018
42.55,-11.906,0.016,-1.491,-11.898,-0.000,1.487,0.018
42.57,-11.906,0.016,-1.492,-11.898,-0.000,1.487,0.018
42.59,-11.906,0.016,-1.492,-11.898,-0.000,1.487,0.018
42.61,-11.907,0.016,-1.492,-11.898,-0.000,1.487,0.018
42.63,-11.907,0.016,-1.492,-11.898,-0.000,1.487,0.018
42.65,-11.907,0.015,-1.493,-11.898,-0.000,1.487,0.018
42.67,-11.907,0.015,-1.493,-11.898,-0.000,1.487,0.018
42.69,-11.907,0.014,-1.494,-11.898,-0.000,1.487,0.018
42.71,-11.907,0.014,-1.494,-11.898,-0.000,1.487,0.018
42.73,-11.908,0.014,-1.494,-11.898,-0.000,1.487,0.018
42.76,-11.908,0.014,-1.494,-11.898,-0.000,1.487,0.018
42.78,-11.909,0.013,-1.495,-11.898,-0.000,1.487,0.018
42.80,-11.909,0.013,-1.495,-11.898,-0.000,1.487,0.018
42.82,-11.909,0.012,-1.496,-11.898,-0.000,1.487,0.018
42.84,-11.909,0.012,-1.496,-11.898,-0.000,1.487,0.018
42.86,-11.909,0.011,-1.496,-11.898,-0.000,1.487,0.018
42.88,-11.909,0.011,-1.496,-11.898,-0.000,1.487,0.018
42.90,-11.909,0.011,-1.496,-11.898,-0.000,1.487,0.018
42.92,-11.909,0.009,-1.497,-11.898,-0.000,1.487,0.018
42.94,-11.909,0.009,-1.497,-11.898,-0.000,1.487,0.018
42.96,-11.909,0.008,-1.497,-11.898,-0.000,1.487,0.017
42.98,-11.909,0.008,-1.497,-11.898,-0.000,1.487,0.017
43.01,-11.909,0.007,-1.498,-11.898,-0.000,1.487,0.017
43.03,-11.909,0.007,-1.498,-11.898,-0.000,1.487,0.017
43.05,-11.909,0.006,-1.498,-11.898,-0.000,1.487,0.017
43.07,-11.909,0.006,-1.498,-11.898,-0.000,1.487,0.017
43.09,-11.909,0.006,-1.498,-11.898,-0.000,1.487,0.016
43.11,-11.909,0.006,-1.498,-11.898,-0.000,1.487,0.016
43.13,-11.909,0.005,-1.498,-11.898,-0.000,1.487,0.016
43.15,-11.909,0.005,-1.498,-11.898,-0.000,1.487,0.016
43.17,-11.909,0.004,-1.498,-11.898,-0.000,1.487,0.016
43.19,-11.909,0.004,-1.498,-11.898,-0.000,1.487,0.016
43.21,-11.908,0.004,-1.498,-11.898,-0.000,1.487,0.015
43.24,-11.908,0.004,-1.498,-11.898,-0.000,1.487,0.015
43.26,-11.908,0.003,-1.498,-11.898,-0.000,1.487,0.015
43.28,-11.908,0.003,-1.498,-11.898,-0.000,1.487,0.015
43.30,-11.908,0.003,-1.498,-11.898,-0.000,1.487,0.015
43.32,-11.908,0.003,-1.498,-11.898,-0.000,1.487,0.015
43.34,-11.908,0.002,-1.497,-11.898,-0.000,1.487,0.014
43.36,-11.908,0.002,-1.497,-11.898,-0.000,1.487,0.014
43.38,-11.908,0.002,-1.497,-11.898,-0.000,1.487,0.014
43.40,-11.908,0.002,-1.497,-11.898,-0.000,1.487,0.014
43.42,-11.908,0.002,-1.497,-11.898,-0.000,1.487,0.014
43.44,-11.908,0.001,-1.496,-11.898,-0.000,1.487,0.013
43.46,-11.908,0.001,-1.496,-11.898,-0.000,1.487,0.013
43.49,-11.908,0.000,-1.496,-11.898,-0.000,1.487,0.013
43.51,-11.908,0.000,-1.496,-11.898,-0.000,1.487,0.013
43.53,-11.908,-0.000,-1.495,-11.898,-0.000,1.487,0.012
43.55,-11.908,-0.000,-1.495,-11.898,-0.000,1.487,0.012
43.57,-11.907,-0.001,-1.495,-11.898,-0.000,1.487,0.012
43.59,-11.907,-0.001,-1.495,-11.898,-0.000,1.487,0.012
43.61,-11.907,-0.001,-1.494,-11.898,-0.000,1.487,0.011
43.63,-11.907,-0.001,-1.494,-11.898,-0.000,1.487,0.011
43.65,-11.907,-0.002,-1.493,-11.898,-0.000,1.487,0.011
43.67,-11.907,-0.002,-1.493,-11.898,-0.000,1.487,0.011
43.70,-11.907,-0.002,-1.493,-11.898,-0.000,1.487,0.010
43.72,-11.907,-0.002,-1.493,-11.898,-0.000,1.487,0.010
43.74,-11.906,-0.003,-1.492,-11.898,-0.000,1.487,0.010
43.76,-11.906,-0.003,-1.492,-11.898,-0.000,1.487,0.010
43.78,-11.906,-0.004,-1.491,-11.898,-0.000,1.487,0.010
43.80,-11.906,-0.004,-1.491,-11.898,-0.000,1.487,0.010
43.82,-11.906,-0.004,-1.491,-11.898,-0.000,1.487,0.010
43.84,-11.906,-0.004,-1.491,-11.898,-0.000,1.487,0.010
43.86,-11.906,-0.005,-1.490,-11.898,-0.000,1.487,0.010
43.88,-11.906,-0.005,-1.490,-11.898,-0.000,1.487,0.010
43.90,-11.906,-0.005,-1.490,-11.898,-0.000,1.487,0.010
43.92,-11.906,-0.006,-1.490,-11.898,-0.000,1.487,0.010
43.94,-11.906,-0.006,-1.490,-11.898,-0.000,1.487,0.010
43.97,-11.906,-0.006,-1.490,-11.898,-0.000,1.487,0.010
43.99,-11.906,-0.006,-1.490,-11.898,-0.000,1.487,0.010
44.01,-11.906,-0.007,-1.490,-11.898,-0.000,1.487,0.011
44.03,-11.906,-0.007,-1.490,-11.898,-0.000,1.487,0.011
44.05,-11.906,-0.007,-1.489,-11.898,-0.000,1.487,0.011
44.07,-11.906,-0.007,-1.489,-11.898,-0.000,1.487,0.011
44.09,-11.906,-0.007,-1.489,-11.898,-0.000,1.487,0.011
44.11,-11.906,-0.007,-1.489,-11.898,-0.000,1.487,0.011
44.13,-11.907,-0.008,-1.489,-11.898,-0.000,1.487,0.012
44.15,-11.907,-0.008,-1.489,-11.898,-0.000,1.487,0.012
44.17,-11.907,-0.008,-1.489,-11.898,-0.000,1.487,0.012
44.19,-11.907,-0.008,-1.489,-11.898,-0.000,1.487,0.012
44.21,-11.907,-0.008,-1.489,-11.898,-0.000,1.487,0.012
44.23,-11.907,-0.008,-1.489,-11.898,-0.000,1.487,0.012
44.26,-11.908,-0.008,-1.489,-11.898,-0.000,1.487,0.012
44.28,-11.908,-0.008,-1.489,-11.898,-0.000,1.487,0.012
44.30,-11.908,-0.007,-1.488,-11.898,-0.000,1.487,0.012
44.32,-11.908,-0.007,-1.488,-11.898,-0.000,1.487,0.012
44.34,-11.908,-0.007,-1.488,-11.898,-0.000,1.487,0.012
44.36,-11.908,-0.007,-1.488,-11.898,-0.000,1.487,0.012
44.38,-11.908,-0.006,-1.488,-11.898,-0.000,1.487,0.012
44.40,-11.908,-0.006,-1.488,-11.898,-0.000,1.487,0.012
44.42,-11.908,-0.006,-1.488,-11.898,-0.000,1.487,0.012
44.44,-11.908,-0.005,-1.487,-11.898,-0.000,1.487,0.011
44.46,-11.908,-0.005,-1.487,-11.898,-0.000,1.487,0.011
44.49,-11.908,-0.004,-1.487,-11.898,-0.000,1.487,0.011
44.51,-11.908,-0.004,-1.487,-11.898,-0.000,1.487,0.011
44.53,-11.908,-0.003,-1.486,-11.898,-0.000,1.487,0.010
44.55,-11.908,-0.003,-1.486,-11.898,-0.000,1.487,0.010
44.57,-11.908,-0.002,-1.486,-11.898,-0.000,1.487,0.010
44.59,-11.908,-0.002,-1.486,-11.898,-0.000,1.487,0.010
44.61,-11.907,-0.001,-1.485,-11.898,-0.000,1.487,0.009
44.63,-11.907,-0.001,-1.485,-11.898,-0.000,1.487,0.009
44.65,-11.907,0.000,-1.485,-11.898,-0.000,1.487,0.009
44.67,-11.907,0.000,-1.485,-11.898,-0.000,1.487,0.009
44.69,-11.907,0.002,-1.484,-11.898,-0.000,1.487,0.009
44.71,-11.907,0.002,-1.484,-11.898,-0.000,1.487,0.009
44.74,-11.907,0.003,-1.484,-11.898,-0.000,1.487,0.010
44.76,-11.907,0.003,-1.484,-11.898,-0.000,1.487,0.010
44.78,-11.907,0.005,-1.484,-11.898,-0.000,1.487,0.011
44.80,-11.907,0.005,-1.484,-11.898,-0.000,1.487,0.011
44.82,-11.907,0.006,-1.483,-11.898,-0.000,1.487,0.012
44.84,-11.907,0.006,-1.483,-11.898,-0.000,1.487,0.012
44.86,-11.907,0.008,-1.483,-11.898,-0.000,1.487,0.013
44.88,-11.907,0.008,-1.483,-11.898,-0.000,1.487,0.013
44.90,-11.907,0.008,-1.483,-11.898,-0.000,1.487,0.013
44.92,-11.908,0.009,-1.482,-11.898,-0.000,1.487,0.015
44.94,-11.908,0.009,-1.482,-11.898,-0.000,1.487,0.015
44.96,-11.909,0.011,-1.482,-11.898,-0.000,1.487,0.016
44.99,-11.909,0.011,-1.482,-11.898,-0.000,1.487,0.016
45.01,-11.910,0.012,-1.482,-11.898,-0.000,1.487,0.017
45.03,-11.910,0.012,-1.482,-11.898,-0.000,1.487,0.017
45.05,-11.910,0.013,-1.482,-11.898,-0.000,1.487,0.018
45.07,-11.910,0.013,-1.482,-11.898,-0.000,1.487,0.018
45.09,-11.911,0.013,-1.482,-11.898,-0.000,1.487,0.019
45.11,-11.911,0.013,-1.482,-11.898,-0.000,1.487,0.019
45.13,-11.911,0.014,-1.482,-11.898,-0.000,1.487,0.020
45.15,-11.911,0.014,-1.482,-11.898,-0.000,1.487,0.020
45.17,-11.912,0.015,-1.482,-11.898,-0.000,1.487,0.021
45.19,-11.912,0.015,-1.482,-11.898,-0.000,1.487,0.021
45.21,-11.912,0.015,-1.482,-11.898,-0.000,1.487,0.021
45.24,-11.912,0.015,-1.482,-11.898,-0.000,1.487,0.021
45.26,-11.911,0.015,-1.482,-11.898,-0.000,1.487,0.021
45.28,-11.911,0.015,-1.482,-11.898,-0.000,1.487,0.021
45.30,-11.911,0.015,-1.482,-11.898,-0.000,1.487,0.021
45.32,-11.911,0.015,-1.482,-11.898,-0.000,1.487,0.021
45.34,-11.911,0.016,-1.483,-11.898,-0.000,1.487,0.021
45.36,-11.911,0.016,-1.483,-11.898,-0.000,1.487,0.021
45.38,-11.910,0.016,-1.483,-11.898,-0.000,1.487,0.020
45.40,-11.910,0.016,-1.483,-11.898,-0.000,1.487,0.020
45.42,-11.910,0.016,-1.483,-11.898,-0.000,1.487,0.020
45.44,-11.910,0.015,-1.484,-11.898,-0.000,1.487,0.020
45.47,-11.910,0.015,-1.484,-11.898,-0.000,1.487,0.020
45.49,-11.909,0.015,-1.484,-11.898,-0.000,1.487,0.019
45.51,-11.909,0.015,-1.484,-11.898,-0.000,1.487,0.019
45.53,-11.909,0.014,-1.485,-11.898,-0.000,1.487,0.018
45.55,-11.909,0.014,-1.485,-11.898,-0.000,1.487,0.018
45.57,-11.908,0.014,-1.485,-11.898,-0.000,1.487,0.017
45.59,-11.908,0.014,-1.485,-11.898,-0.000,1.487,0.017
45.61,-11.907,0.013,-1.486,-11.898,-0.000,1.487,0.016
45.63,-11.907,0.013,-1.486,-11.898,-0.000,1.487,0.016
45.65,-11.907,0.012,-1.486,-11.898,-0.000,1.487,0.015
45.67,-11.907,0.012,-1.486,-11.898,-0.000,1.487,0.015
45.69,-11.906,0.011,-1.487,-11.898,-0.000,1.487,0.013
45.72,-11.906,0.011,-1.487,-11.898,-0.000,1.487,0.013
45.74,-11.905,0.009,-1.487,-11.898,-0.000,1.487,0.011
45.76,-11.905,0.009,-1.487,-11.898,-0.000,1.487,0.011
45.78,-11.904,0.008,-1.487,-11.898,-0.000,1.487,0.010
45.80,-11.904,0.008,-1.487,-11.898,-0.000,1.487,0.010
45.82,-11.903,0.007,-1.487,-11.898,-0.000,1.487,0.008
45.84,-11.903,0.007,-1.487,-11.898,-0.000,1.487,0.008
45.86,-11.902,0.005,-1.487,-11.898,-0.000,1.487,0.007
45.88,-11.902,0.005,-1.487,-11.898,-0.000,1.487,0.007
45.90,-11.901,0.004,-1.487,-11.898,-0.000,1.487,0.005
45.92,-11.901,0.004,-1.487,-11.898,-0.000,1.487,0.005
45.94,-11.901,0.004,-1.487,-11.898,-0.000,1.487,0.005
45.97,-11.899,0.002,-1.486,-11.898,-0.000,1.487,0.003
45.99,-11.899,0.002,-1.486,-11.898,-0.000,1.487,0.003
46.01,-11.899,0.001,-1.486,-11.898,-0.000,1.487,0.002
46.03,-11.899,0.001,-1.486,-11.898,-0.000,1.487,0.002
46.05,-11.898,-0.001,-1.486,-11.898,-0.000,1.487,0.002
46.07,-11.898,-0.001,-1.486,-11.898,-0.000,1.487,0.002
46.09,-11.898,-0.002,-1.485,-11.898,-0.000,1.487,0.003
46.11,-11.898,-0.002,-1.485,-11.898,-0.000,1.487,0.003
46.13,-11.897,-0.004,-1.485,-11.898,-0.000,1.487,0.005
46.15,-11.897,-0.004,-1.485,-11.898,-0.000,1.487,0.005
46.17,-11.896,-0.005,-1.485,-11.898,-0.000,1.487,0.006
46.19,-11.896,-0.005,-1.485,-11.898,-0.000,1.487,0.006
46.22,-11.895,-0.007,-1.484,-11.898,-0.000,1.487,0.008
46.24,-11.895,-0.007,-1.484,-11.898,-0.000,1.487,0.008
46.26,-11.895,-0.009,-1.484,-11.898,-0.000,1.487,0.010
46.28,-11.895,-0.009,-1.484,-11.898,-0.000,1.487,0.010
46.30,-11.894,-0.011,-1.484,-11.898,-0.000,1.487,0.012
46.32,-11.894,-0.011,-1.484,-11.898,-0.000,1.487,0.012
46.34,-11.894,-0.013,-1.484,-11.898,-0.000,1.487,0.014
46.36,-11.894,-0.013,-1.484,-11.898,-0.000,1.487,0.014
46.38,-11.893,-0.014,-1.483,-11.898,-0.000,1.487,0.016
46.40,-11.893,-0.014,-1.483,-11.898,-0.000,1.487,0.016
46.42,-11.893,-0.014,-1.483,-11.898,-0.000,1.487,0.016
46.45,-11.892,-0.017,-1.483,-11.898,-0.000,1.487,0.018
46.47,-11.892,-0.017,-1.483,-11.898,-0.000,1.487,0.018
46.49,-11.892,-0.018,-1.483,-11.898,-0.000,1.487,0.019
46.51,-11.892,-0.018,-1.483,-11.898,-0.000,1.487,0.019
46.53,-11.891,-0.019,-1.482,-11.898,-0.000,1.487,0.021
46.55,-11.891,-0.019,-1.482,-11.898,-0.000,1.487,0.021
46.57,-11.891,-0.020,-1.482,-11.898,-0.000,1.487,0.021
46.59,-11.891,-0.020,-1.482,-11.898,-0.000,1.487,0.021
46.61,-11.890,-0.020,-1.482,-11.898,-0.000,1.487,0.022
46.63,-11.890,-0.020,-1.482,-11.898,-0.000,1.487,0.022
46.65,-11.890,-0.021,-1.482,-11.898,-0.000,1.487,0.023
46.67,-11.890,-0.021,-1.482,-11.898,-0.000,1.487,0.023
46.69,-11.890,-0.021,-1.481,-11.898,-0.000,1.487,0.024
46.72,-11.890,-0.021,-1.481,-11.898,-0.000,1.487,0.024
46.74,-11.890,-0.022,-1.481,-11.898,-0.000,1.487,0.024
46.76,-11.890,-0.022,-1.481,-11.898,-0.000,1.487,0.024
46.78,-11.889,-0.022,-1.481,-11.898,-0.000,1.487,0.025
46.80,-11.889,-0.022,-1.481,-11.898,-0.000,1.487,0.025
46.82,-11.889,-0.022,-1.480,-11.898,-0.000,1.487,0.025
46.84,-11.889,-0.022,-1.480,-11.898,-0.000,1.487,0.025
46.86,-11.889,-0.022,-1.480,-11.898,-0.000,1.487,0.025
46.88,-11.889,-0.022,-1.480,-11.898,-0.000,1.487,0.025
46.90,-11.888,-0.022,-1.480,-11.898,-0.000,1.487,0.025
46.92,-11.888,-0.022,-1.480,-11.898,-0.000,1.487,0.025
46.94,-11.888,-0.022,-1.480,-11.898,-0.000,1.487,0.025
46.97,-11.887,-0.021,-1.479,-11.898,-0.000,1.487,0.025
46.99,-11.887,-0.021,-1.479,-11.898,-0.000,1.487,0.025
47.01,-11.887,-0.020,-1.479,-11.898,-0.000,1.487,0.024
47.03,-11.887,-0.020,-1.479,-11.898,-0.000,1.487,0.024
47.05,-11.887,-0.019,-1.479,-11.898,-0.000,1.487,0.024
47.07,-11.887,-0.019,-1.479,-11.898,-0.000,1.487,0.024
47.09,-11.886,-0.018,-1.479,-11.898,-0.000,1.487,0.023
47.11,-11.886,-0.018,-1.479,-11.898,-0.000,1.487,0.023
47.13,-11.886,-0.017,-1.479,-11.898,-0.000,1.487,0.023
47.15,-11.886,-0.017,-1.479,-11.898,-0.000,1.487,0.023
47.18,-11.885,-0.016,-1.478,-11.898,-0.000,1.487,0.022
47.20,-11.885,-0.016,-1.478,-11.898,-0.000,1.487,0.022
47.22,-11.885,-0.015,-1.478,-11.898,-0.000,1.487,0.022
47.24,-11.885,-0.015,-1.478,-11.898,-0.000,1.487,0.022
47.26,-11.884,-0.014,-1.478,-11.898,-0.000,1.487,0.022
47.28,-11.884,-0.014,-1.478,-11.898,-0.000,1.487,0.022
47.30,-11.884,-0.013,-1.478,-11.898,-0.000,1.487,0.021
47.32,-11.884,-0.013,-1.478,-11.898,-0.000,1.487,0.021
47.34,-11.884,-0.012,-1.478,-11.898,-0.000,1.487,0.021
47.36,-11.884,-0.012,-1.478,-11.898,-0.000,1.487,0.021
47.38,-11.883,-0.011,-1.478,-11.898,-0.000,1.487,0.021
47.40,-11.883,-0.011,-1.478,-11.898,-0.000,1.487,0.021
47.42,-11.883,-0.011,-1.478,-11.898,-0.000,1.487,0.021
47.44,-11.883,-0.010,-1.478,-11.898,-0.000,1.487,0.021
47.47,-11.883,-0.010,-1.478,-11.898,-0.000,1.487,0.021
47.49,-11.883,-0.010,-1.478,-11.898,-0.000,1.487,0.021
47.51,-11.883,-0.010,-1.478,-11.898,-0.000,1.487,0.021
47.53,-11.883,-0.009,-1.478,-11.898,-0.000,1.487,0.020
47.55,-11.883,-0.009,-1.478,-11.898,-0.000,1.487,0.020
47.57,-11.882,-0.009,-1.478,-11.898,-0.000,1.487,0.020
47.59,-11.882,-0.009,-1.478,-11.898,-0.000,1.487,0.020
47.61,-11.882,-0.008,-1.479,-11.898,-0.000,1.487,0.020
47.63,-11.882,-0.008,-1.479,-11.898,-0.000,1.487,0.020
47.65,-11.882,-0.008,-1.479,-11.898,-0.000,1.487,0.020
47.67,-11.882,-0.008,-1.479,-11.898,-0.000,1.487,0.020
47.70,-11.881,-0.007,-1.479,-11.898,-0.000,1.487,0.020
47.72,-11.881,-0.007,-1.479,-11.898,-0.000,1.487,0.020
47.74,-11.881,-0.006,-1.479,-11.898,-0.000,1.487,0.020
47.76,-11.881,-0.006,-1.479,-11.898,-0.000,1.487,0.020
47.78,-11.881,-0.006,-1.480,-11.898,-0.000,1.487,0.020
47.80,-11.881,-0.006,-1.480,-11.898,-0.000,1.487,0.020
47.82,-11.880,-0.005,-1.480,-11.898,-0.000,1.487,0.020
47.84,-11.880,-0.005,-1.480,-11.898,-0.000,1.487,0.020
47.86,-11.880,-0.005,-1.480,-11.898,-0.000,1.487,0.020
47.88,-11.880,-0.005,-1.480,-11.898,-0.000,1.487,0.020
47.90,-11.879,-0.005,-1.481,-11.898,-0.000,1.487,0.021
47.92,-11.879,-0.005,-1.481,-11.898,-0.000,1.487,0.021
47.95,-11.879,-0.005,-1.481,-11.898,-0.000,1.487,0.021
47.97,-11.878,-0.005,-1.482,-11.898,-0.000,1.487,0.021
47.99,-11.878,-0.005,-1.482,-11.898,-0.000,1.487,0.021
48.01,-11.877,-0.005,-1.483,-11.898,-0.000,1.487,0.022
48.03,-11.877,-0.005,-1.483,-11.898,-0.000,1.487,0.022
48.05,-11.877,-0.005,-1.484,-11.898,-0.000,1.487,0.022
48.07,-11.877,-0.005,-1.484,-11.898,-0.000,1.487,0.022
48.09,-11.876,-0.005,-1.485,-11.898,-0.000,1.487,0.022
48.11,-11.876,-0.005,-1.485,-11.898,-0.000,1.487,0.022
48.13,-11.876,-0.005,-1.486,-11.898,-0.000,1.487,0.023
48.15,-11.876,-0.005,-1.486,-11.898,-0.000,1.487,0.023
48.18,-11.876,-0.005,-1.487,-11.898,-0.000,1.487,0.023
48.20,-11.876,-0.005,-1.487,-11.898,-0.000,1.487,0.023
48.22,-11.876,-0.005,-1.488,-11.898,-0.000,1.487,0.023
48.24,-11.876,-0.005,-1.488,-11.898,-0.000,1.487,0.023
48.26,-11.876,-0.005,-1.489,-11.898,-0.000,1.487,0.023
48.28,-11.876,-0.005,-1.489,-11.898,-0.000,1.487,0.023
48.30,-11.876,-0.005,-1.490,-11.898,-0.000,1.487,0.022
48.32,-11.876,-0.005,-1.490,-11.898,-0.000,1.487,0.022
48.34,-11.877,-0.005,-1.491,-11.898,-0.000,1.487,0.022
48.36,-11.877,-0.005,-1.491,-11.898,-0.000,1.487,0.022
48.38,-11.878,-0.005,-1.492,-11.898,-0.000,1.487,0.021
48.40,-11.878,-0.005,-1.492,-11.898,-0.000,1.487,0.021
48.42,-11.879,-0.005,-1.493,-11.898,-0.000,1.487,0.020
48.45,-11.879,-0.005,-1.493,-11.898,-0.000,1.487,0.020
48.47,-11.879,-0.005,-1.493,-11.898,-0.000,1.487,0.020
48.49,-11.880,-0.004,-1.495,-11.898,-0.000,1.487,0.019
48.51,-11.880,-0.004,-1.495,-11.898,-0.000,1.487,0.019
48.53,-11.881,-0.003,-1.495,-11.898,-0.000,1.487,0.019
48.55,-11.881,-0.003,-1.495,-11.898,-0.000,1.487,0.019
48.57,-11.882,-0.002,-1.496,-11.898,-0.000,1.487,0.018
48.59,-11.882,-0.002,-1.496,-11.898,-0.000,1.487,0.018
48.61,-11.883,-0.001,-1.497,-11.898,-0.000,1.487,0.018
48.63,-11.883,-0.001,-1.497,-11.898,-0.000,1.487,0.018
48.65,-11.884,-0.000,-1.497,-11.898,-0.000,1.487,0.017
48.67,-11.884,-0.000,-1.497,-11.898,-0.000,1.487,0.017
48.69,-11.885,0.001,-1.498,-11.898,-0.000,1.487,0.017
48.72,-11.885,0.001,-1.498,-11.898,-0.000,1.487,0.017
48.74,-11.885,0.002,-1.498,-11.898,-0.000,1.487,0.017
48.76,-11.885,0.002,-1.498,-11.898,-0.000,1.487,0.017
48.78,-11.886,0.003,-1.498,-11.898,-0.000,1.487,0.016
48.80,-11.886,0.003,-1.498,-11.898,-0.000,1.487,0.016
48.82,-11.886,0.004,-1.498,-11.898,-0.000,1.487,0.016
48.84,-11.886,0.004,-1.498,-11.898,-0.000,1.487,0.016
48.86,-11.887,0.004,-1.498,-11.898,-0.000,1.487,0.016
48.88,-11.887,0.004,-1.498,-11.898,-0.000,1.487,0.016
48.90,-11.887,0.005,-1.498,-11.898,-0.000,1.487,0.016
48.92,-11.887,0.005,-1.498,-11.898,-0.000,1.487,0.016
48.95,-11.887,0.005,-1.498,-11.898,-0.000,1.487,0.016
48.97,-11.888,0.005,-1.497,-11.898,-0.000,1.487,0.015
48.99,-11.888,0.005,-1.497,-11.898,-0.000,1.487,0.015
49.01,-11.888,0.005,-1.497,-11.898,-0.000,1.487,0.015
49.03,-11.888,0.005,-1.497,-11.898,-0.000,1.487,0.015
49.05,-11.889,0.006,-1.497,-11.898,-0.000,1.487,0.014
49.07,-11.889,0.006,-1.497,-11.898,-0.000,1.487,0.014
49.09,-11.890,0.006,-1.496,-11.898,-0.000,1.487,0.013
49.11,-11.890,0.006,-1.496,-11.898,-0.000,1.487,0.013
49.13,-11.891,0.006,-1.496,-11.898,-0.000,1.487,0.012
49.15,-11.891,0.006,-1.496,-11.898,-0.000,1.487,0.012
49.18,-11.892,0.006,-1.495,-11.898,-0.000,1.487,0.011
49.20,-11.892,0.006,-1.495,-11.898,-0.000,1.487,0.011
49.22,-11.893,0.006,-1.494,-11.898,-0.000,1.487,0.010
49.24,-11.893,0.006,-1.494,-11.898,-0.000,1.487,0.010
49.26,-11.895,0.005,-1.494,-11.898,-0.000,1.487,0.009
49.28,-11.895,0.005,-1.494,-11.898,-0.000,1.487,0.009
49.30,-11.896,0.005,-1.493,-11.898,-0.000,1.487,0.008
49.32,-11.896,0.005,-1.493,-11.898,-0.000,1.487,0.008
49.34,-11.898,0.005,-1.492,-11.898,-0.000,1.487,0.007
49.36,-11.898,0.005,-1.492,-11.898,-0.000,1.487,0.007
49.38,-11.899,0.005,-1.492,-11.898,-0.000,1.487,0.007
49.40,-11.899,0.005,-1.492,-11.898,-0.000,1.487,0.007
49.42,-11.901,0.005,-1.491,-11.898,-0.000,1.487,0.006
49.45,-11.901,0.005,-1.491,-11.898,-0.000,1.487,0.006
49.47,-11.901,0.005,-1.491,-11.898,-0.000,1.487,0.006
49.49,-11.903,0.005,-1.490,-11.898,-0.000,1.487,0.007
49.51,-11.903,0.005,-1.490,-11.898,-0.000,1.487,0.007
49.53,-11.904,0.005,-1.489,-11.898,-0.000,1.487,0.008
49.55,-11.904,0.005,-1.489,-11.898,-0.000,1.487,0.008
49.57,-11.905,0.005,-1.488,-11.898,-0.000,1.487,0.009
49.59,-11.905,0.005,-1.488,-11.898,-0.000,1.487,0.009
49.61,-11.906,0.005,-1.488,-11.898,-0.000,1.487,0.010
49.63,-11.906,0.005,-1.488,-11.898,-0.000,1.487,0.010
49.65,-11.907,0.005,-1.488,-11.898,-0.000,1.487,0.011
49.67,-11.907,0.005,-1.488,-11.898,-0.000,1.487,0.011
49.70,-11.908,0.006,-1.487,-11.898,-0.000,1.487,0.012
49.72,-11.908,0.006,-1.487,-11.898,-0.000,1.487,0.012
49.74,-11.909,0.007,-1.487,-11.898,-0.000,1.487,0.013
49.76,-11.909,0.007,-1.487,-11.898,-0.000,1.487,0.013
49.78,-11.910,0.007,-1.487,-11.898,-0.000,1.487,0.014
49.80,-11.910,0.007,-1.487,-11.898,-0.000,1.487,0.014
49.82,-11.911,0.007,-1.486,-11.898,-0.000,1.487,0.015
49.84,-11.911,0.007,-1.486,-11.898,-0.000,1.487,0.015
49.86,-11.912,0.008,-1.486,-11.898,-0.000,1.487,0.016
49.88,-11.912,0.008,-1.486,-11.898,-0.000,1.487,0.016
49.90,-11.913,0.008,-1.486,-11.898,-0.000,1.487,0.017
49.93,-11.913,0.008,-1.486,-11.898,-0.000,1.487,0.017
49.95,-11.913,0.008,-1.486,-11.898,-0.000,1.487,0.017
49.97,-11.913,0.009,-1.486,-11.898,-0.000,1.487,0.018
49.99,-11.913,0.009,-1.486,-11.898,-0.000,1.487,0.018
50.01,-11.914,0.009,-1.486,-11.898,-0.000,1.487,0.018
50.03,-11.914,0.009,-1.486,-11.898,-0.000,1.487,0.018
50.05,-11.914,0.009,-1.486,-11.898,-0.000,1.487,0.018
50.07,-11.914,0.009,-1.486,-11.898,-0.000,1.487,0.018
50.09,-11.914,0.009,-1.486,-11.898,-0.000,1.487,0.018
50.11,-11.914,0.009,-1.486,-11.898,-0.000,1.487,0.018
50.13,-11.914,0.010,-1.486,-11.898,-0.000,1.487,0.019
50.15,-11.914,0.010,-1.486,-11.898,-0.000,1.487,0.019
50.18,-11.914,0.010,-1.486,-11.898,-0.000,1.487,0.019
50.20,-11.914,0.010,-1.486,-11.898,-0.000,1.487,0.019
50.22,-11.914,0.010,-1.487,-11.898,-0.000,1.487,0.019
50.24,-11.914,0.010,-1.487,-11.898,-0.000,1.487,0.019
50.26,-11.914,0.010,-1.487,-11.898,-0.000,1.487,0.019
50.28,-11.914,0.010,-1.487,-11.898,-0.000,1.487,0.019
50.30,-11.914,0.009,-1.487,-11.898,-0.000,1.487,0.018
50.32,-11.914,0.009,-1.487,-11.898,-0.000,1.487,0.018
50.34,-11.914,0.009,-1.487,-11.898,-0.000,1.487,0.018
50.36,-11.914,0.009,-1.487,-11.898,-0.000,1.487,0.018
50.38,-11.914,0.009,-1.488,-11.898,-0.000,1.487,0.018
50.40,-11.914,0.009,-1.488,-11.898,-0.000,1.487,0.018
50.43,-11.914,0.008,-1.488,-11.898,-0.000,1.487,0.018
50.45,-11.914,0.008,-1.488,-11.898,-0.000,1.487,0.018
50.47,-11.914,0.008,-1.488,-11.898,-0.000,1.487,0.018
50.49,-11.913,0.007,-1.488,-11.898,-0.000,1.487,0.017
50.51,-11.913,0.007,-1.488,-11.898,-0.000,1.487,0.017
50.53,-11.913,0.006,-1.488,-11.898,-0.000,1.487,0.017
50.55,-11.913,0.006,-1.488,-11.898,-0.000,1.487,0.017
50.57,-11.913,0.005,-1.488,-11.898,-0.000,1.487,0.016
50.59,-11.913,0.005,-1.488,-11.898,-0.000,1.487,0.016
50.61,-11.913,0.004,-1.489,-11.898,-0.000,1.487,0.015
50.63,-11.913,0.004,-1.489,-11.898,-0.000,1.487,0.015
50.65,-11.912,0.003,-1.489,-11.898,-0.000,1.487,0.015
50.68,-11.912,0.003,-1.489,-11.898,-0.000,1.487,0.015
50.70,-11.912,0.002,-1.489,-11.898,-0.000,1.487,0.014
50.72,-11.912,0.002,-1.489,-11.898,-0.000,1.487,0.014
50.74,-11.911,0.000,-1.489,-11.898,-0.000,1.487,0.013
50.76,-11.911,0.000,-1.489,-11.898,-0.000,1.487,0.013
50.78,-11.910,-0.001,-1.489,-11.898,-0.000,1.487,0.013
50.80,-11.910,-0.001,-1.489,-11.898,-0.000,1.487,0.013
50.82,-11.910,-0.003,-1.490,-11.898,-0.000,1.487,0.012
50.84,-11.910,-0.003,-1.490,-11.898,-0.000,1.487,0.012
50.86,-11.910,-0.004,-1.490,-11.898,-0.000,1.487,0.012
50.88,-11.910,-0.004,-1.490,-11.898,-0.000,1.487,0.012
50.90,-11.909,-0.006,-1.490,-11.898,-0.000,1.487,0.013
50.93,-11.909,-0.006,-1.490,-11.898,-0.000,1.487,0.013
50.95,-11.909,-0.006,-1.490,-11.898,-0.000,1.487,0.013
50.97,-11.909,-0.008,-1.489,-11.898,-0.000,1.487,0.014
50.99,-11.909,-0.008,-1.489,-11.898,-0.000,1.487,0.014
51.01,-11.909,-0.009,-1.489,-11.898,-0.000,1.487,0.014
51.03,-11.909,-0.009,-1.489,-11.898,-0.000,1.487,0.014
51.05,-11.909,-0.010,-1.489,-11.898,-0.000,1.487,0.015
51.07,-11.909,-0.010,-1.489,-11.898,-0.000,1.487,0.015
51.09,-11.909,-0.011,-1.489,-11.898,-0.000,1.487,0.015
51.11,-11.909,-0.011,-1.489,-11.898,-0.000,1.487,0.015
51.13,-11.909,-0.012,-1.488,-11.898,-0.000,1.487,0.016
51.15,-11.909,-0.012,-1.488,-11.898,-0.000,1.487,0.016
51.18,-11.909,-0.012,-1.488,-11.898,-0.000,1.487,0.016
51.20,-11.909,-0.012,-1.488,-11.898,-0.000,1.487,0.016
51.22,-11.908,-0.013,-1.488,-11.898,-0.000,1.487,0.016
51.24,-11.908,-0.013,-1.488,-11.898,-0.000,1.487,0.016
51.26,-11.907,-0.013,-1.488,-11.898,-0.000,1.487,0.016
51.28,-11.907,-0.013,-1.488,-11.898,-0.000,1.487,0.016
51.30,-11.907,-0.014,-1.487,-11.898,-0.000,1.487,0.016
51.32,-11.907,-0.014,-1.487,-11.898,-0.000,1.487,0.016
51.34,-11.906,-0.014,-1.487,-11.898,-0.000,1.487,0.016
51.36,-11.906,-0.014,-1.487,-11.898,-0.000,1.487,0.016
51.38,-11.904,-0.015,-1.487,-11.898,-0.000,1.487,0.016
51.40,-11.904,-0.015,-1.487,-11.898,-0.000,1.487,0.016
51.43,-11.903,-0.015,-1.486,-11.898,-0.000,1.487,0.016
51.45,-11.903,-0.015,-1.486,-11.898,-0.000,1.487,0.016
51.47,-11.903,-0.015,-1.486,-11.898,-0.000,1.487,0.016
51.49,-11.901,-0.015,-1.486,-11.898,-0.000,1.487,0.016
51.51,-11.901,-0.015,-1.486,-11.898,-0.000,1.487,0.016
51.53,-11.900,-0.015,-1.485,-11.898,-0.000,1.487,0.015
51.55,-11.900,-0.015,-1.485,-11.898,-0.000,1.487,0.015
51.57,-11.898,-0.015,-1.485,-11.898,-0.000,1.487,0.015
51.59,-11.898,-0.015,-1.485,-11.898,-0.000,1.487,0.015
51.61,-11.897,-0.015,-1.484,-11.898,-0.000,1.487,0.015
51.63,-11.897,-0.015,-1.484,-11.898,-0.000,1.487,0.015
51.65,-11.896,-0.014,-1.484,-11.898,-0.000,1.487,0.015
51.68,-11.896,-0.014,-1.484,-11.898,-0.000,1.487,0.015
51.70,-11.895,-0.013,-1.483,-11.898,-0.000,1.487,0.014
51.72,-11.895,-0.013,-1.483,-11.898,-0.000,1.487,0.014
51.74,-11.894,-0.012,-1.482,-11.898,-0.000,1.487,0.014
51.76,-11.894,-0.012,-1.482,-11.898,-0.000,1.487,0.014
51.78,-11.894,-0.011,-1.482,-11.898,-0.000,1.487,0.013
51.80,-11.894,-0.011,-1.482,-11.898,-0.000,1.487,0.013
51.82,-11.893,-0.011,-1.481,-11.898,-0.000,1.487,0.013
51.84,-11.893,-0.011,-1.481,-11.898,-0.000,1.487,0.013
51.86,-11.892,-0.010,-1.481,-11.898,-0.000,1.487,0.013
51.88,-11.892,-0.010,-1.481,-11.898,-0.000,1.487,0.013
51.90,-11.892,-0.009,-1.480,-11.898,-0.000,1.487,0.013
51.92,-11.892,-0.009,-1.480,-11.898,-0.000,1.487,0.013
51.95,-11.892,-0.008,-1.480,-11.898,-0.000,1.487,0.013
51.97,-11.892,-0.008,-1.480,-11.898,-0.000,1.487,0.013
51.99,-11.892,-0.008,-1.480,-11.898,-0.000,1.487,0.013
52.01,-11.891,-0.006,-1.479,-11.898,-0.000,1.487,0.013
52.03,-11.891,-0.006,-1.479,-11.898,-0.000,1.487,0.013
52.05,-11.891,-0.005,-1.478,-11.898,-0.000,1.487,0.013
52.07,-11.891,-0.005,-1.478,-11.898,-0.000,1.487,0.013
52.09,-11.891,-0.004,-1.477,-11.898,-0.000,1.487,0.013
52.11,-11.891,-0.004,-1.477,-11.898,-0.000,1.487,0.013
52.13,-11.891,-0.003,-1.477,-11.898,-0.000,1.487,0.013
52.15,-11.891,-0.003,-1.477,-11.898,-0.000,1.487,0.013
52.17,-11.891,-0.002,-1.476,-11.898,-0.000,1.487,0.013
52.19,-11.891,-0.002,-1.476,-11.898,-0.000,1.487,0.013
52.22,-11.891,-0.001,-1.476,-11.898,-0.000,1.487,0.014
52.24,-11.891,-0.001,-1.476,-11.898,-0.000,1.487,0.014
52.26,-11.891,-0.000,-1.475,-11.898,-0.000,1.487,0.014
52.28,-11.891,-0.000,-1.475,-11.898,-0.000,1.487,0.014
52.30,-11.891,0.001,-1.475,-11.898,-0.000,1.487,0.014
52.32,-11.891,0.001,-1.475,-11.898,-0.000,1.487,0.014
52.34,-11.891,0.002,-1.475,-11.898,-0.000,1.487,0.015
52.36,-11.891,0.002,-1.475,-11.898,-0.000,1.487,0.015
52.38,-11.891,0.003,-1.475,-11.898,-0.000,1.487,0.015
52.40,-11.891,0.003,-1.475,-11.898,-0.000,1.487,0.015
52.42,-11.891,0.005,-1.475,-11.898,-0.000,1.487,0.015
52.44,-11.891,0.005,-1.475,-11.898,-0.000,1.487,0.015
52.47,-11.891,0.005,-1.475,-11.898,-0.000,1.487,0.015
52.49,-11.891,0.006,-1.475,-11.898,-0.000,1.487,0.016
52.51,-11.891,0.006,-1.475,-11.898,-0.000,1.487,0.016
52.53,-11.890,0.007,-1.475,-11.898,-0.000,1.487,0.016
52.55,-11.890,0.007,-1.475,-11.898,-0.000,1.487,0.016
52.57,-11.890,0.008,-1.475,-11.898,-0.000,1.487,0.016
52.59,-11.890,0.008,-1.475,-11.898,-0.000,1.487,0.016
52.61,-11.890,0.008,-1.475,-11.898,-0.000,1.487,0.017
52.63,-11.890,0.008,-1.475,-11.898,-0.000,1.487,0.017
52.65,-11.890,0.009,-1.475,-11.898,-0.000,1.487,0.017
52.67,-11.890,0.009,-1.475,-11.898,-0.000,1.487,0.017
52.69,-11.890,0.009,-1.475,-11.898,-0.000,1.487,0.017
52.71,-11.890,0.009,-1.475,-11.898,-0.000,1.487,0.017
52.74,-11.890,0.009,-1.476,-11.898,-0.000,1.487,0.017
52.76,-11.890,0.009,-1.476,-11.898,-0.000,1.487,0.017
52.78,-11.890,0.010,-1.476,-11.898,-0.000,1.487,0.017
52.80,-11.890,0.010,-1.476,-11.898,-0.000,1.487,0.017
52.82,-11.890,0.010,-1.476,-11.898,-0.000,1.487,0.017
52.84,-11.890,0.010,-1.476,-11.898,-0.000,1.487,0.017
52.86,-11.890,0.010,-1.476,-11.898,-0.000,1.487,0.017
52.88,-11.890,0.010,-1.476,-11.898,-0.000,1.487,0.017
52.90,-11.889,0.010,-1.476,-11.898,-0.000,1.487,0.017
52.92,-11.889,0.010,-1.476,-11.898,-0.000,1.487,0.017
52.94,-11.889,0.010,-1.477,-11.898,-0.000,1.487,0.017
52.96,-11.889,0.010,-1.477,-11.898,-0.000,1.487,0.017
52.99,-11.889,0.010,-1.477,-11.898,-0.000,1.487,0.017
53.01,-11.888,0.009,-1.477,-11.898,-0.000,1.487,0.017
53.03,-11.888,0.009,-1.477,-11.898,-0.000,1.487,0.017
53.05,-11.888,0.009,-1.477,-11.898,-0.000,1.487,0.017
53.07,-11.888,0.009,-1.477,-11.898,-0.000,1.487,0.017
53.09,-11.888,0.009,-1.477,-11.898,-0.000,1.487,0.017
53.11,-11.888,0.009,-1.477,-11.898,-0.000,1.487,0.017
53.13,-11.888,0.009,-1.478,-11.898,-0.000,1.487,0.017
53.15,-11.888,0.009,-1.478,-11.898,-0.000,1.487,0.017
53.17,-11.888,0.009,-1.478,-11.898,-0.000,1.487,0.017
53.20,-11.888,0.009,-1.478,-11.898,-0.000,1.487,0.017
53.22,-11.888,0.009,-1.478,-11.898,-0.000,1.487,0.017
53.24,-11.888,0.009,-1.478,-11.898,-0.000,1.487,0.017
53.26,-11.888,0.009,-1.478,-11.898,-0.000,1.487,0.017
53.28,-11.888,0.009,-1.478,-11.898,-0.000,1.487,0.017
53.30,-11.888,0.010,-1.479,-11.898,-0.000,1.487,0.017
53.32,-11.888,0.010,-1.479,-11.898,-0.000,1.487,0.017
53.34,-11.888,0.010,-1.479,-11.898,-0.000,1.487,0.016
53.36,-11.888,0.010,-1.479,-11.898,-0.000,1.487,0.016
53.38,-11.888,0.010,-1.479,-11.898,-0.000,1.487,0.016
53.40,-11.888,0.010,-1.479,-11.898,-0.000,1.487,0.016
53.42,-11.889,0.010,-1.480,-11.898,-0.000,1.487,0.016
53.44,-11.889,0.010,-1.480,-11.898,-0.000,1.487,0.016
53.47,-11.889,0.011,-1.480,-11.898,-0.000,1.487,0.016
53.49,-11.889,0.011,-1.480,-11.898,-0.000,1.487,0.016
53.51,-11.889,0.011,-1.480,-11.898,-0.000,1.487,0.016
53.53,-11.889,0.011,-1.481,-11.898,-0.000,1.487,0.016
53.55,-11.889,0.011,-1.481,-11.898,-0.000,1.487,0.016
53.57,-11.889,0.012,-1.481,-11.898,-0.000,1.487,0.016
53.59,-11.889,0.012,-1.481,-11.898,-0.000,1.487,0.016
53.61,-11.890,0.012,-1.482,-11.898,-0.000,1.487,0.015
53.63,-11.890,0.012,-1.482,-11.898,-0.000,1.487,0.015
53.65,-11.891,0.012,-1.483,-11.898,-0.000,1.487,0.015
53.67,-11.891,0.012,-1.483,-11.898,-0.000,1.487,0.015
53.70,-11.891,0.012,-1.483,-11.898,-0.000,1.487,0.015
53.72,-11.891,0.012,-1.483,-11.898,-0.000,1.487,0.015
53.74,-11.892,0.012,-1.484,-11.898,-0.000,1.487,0.014
53.76,-11.892,0.012,-1.484,-11.898,-0.000,1.487,0.014
53.78,-11.893,0.012,-1.484,-11.898,-0.000,1.487,0.014
53.80,-11.893,0.012,-1.484,-11.898,-0.000,1.487,0.014
53.82,-11.894,0.012,-1.484,-11.898,-0.000,1.487,0.013
53.84,-11.894,0.012,-1.484,-11.898,-0.000,1.487,0.013
53.86,-11.894,0.012,-1.484,-11.898,-0.000,1.487,0.013
53.88,-11.894,0.012,-1.484,-11.898,-0.000,1.487,0.013
53.90,-11.895,0.012,-1.484,-11.898,-0.000,1.487,0.013
53.92,-11.895,0.012,-1.484,-11.898,-0.000,1.487,0.013
53.95,-11.897,0.012,-1.483,-11.898,-0.000,1.487,0.012
53.97,-11.897,0.012,-1.483,-11.898,-0.000,1.487,0.012
53.99,-11.897,0.012,-1.483,-11.898,-0.000,1.487,0.012
54.01,-11.899,0.012,-1.483,-11.898,-0.000,1.487,0.012
54.03,-11.899,0.012,-1.483,-11.898,-0.000,1.487,0.012
54.05,-11.900,0.011,-1.483,-11.898,-0.000,1.487,0.013
54.07,-11.900,0.011,-1.483,-11.898,-0.000,1.487,0.013
54.09,-11.901,0.011,-1.483,-11.898,-0.000,1.487,0.013
54.11,-11.901,0.011,-1.483,-11.898,-0.000,1.487,0.013
54.13,-11.902,0.011,-1.483,-11.898,-0.000,1.487,0.013
54.15,-11.902,0.011,-1.483,-11.898,-0.000,1.487,0.013
54.17,-11.903,0.011,-1.483,-11.898,-0.000,1.487,0.013
54.20,-11.903,0.011,-1.483,-11.898,-0.000,1.487,0.013
54.22,-11.904,0.010,-1.484,-11.898,-0.000,1.487,0.012
54.24,-11.904,0.010,-1.484,-11.898,-0.000,1.487,0.012
54.26,-11.904,0.010,-1.484,-11.898,-0.000,1.487,0.012
54.28,-11.904,0.010,-1.484,-11.898,-0.000,1.487,0.012
54.30,-11.905,0.010,-1.484,-11.898,-0.000,1.487,0.012
54.32,-11.905,0.010,-1.484,-11.898,-0.000,1.487,0.012
54.34,-11.905,0.009,-1.485,-11.898,-0.000,1.487,0.012
54.36,-11.905,0.009,-1.485,-11.898,-0.000,1.487,0.012
54.38,-11.905,0.008,-1.485,-11.898,-0.000,1.487,0.011
54.40,-11.905,0.008,-1.485,-11.898,-0.000,1.487,0.011
54.42,-11.905,0.008,-1.485,-11.898,-0.000,1.487,0.011
54.44,-11.905,0.008,-1.485,-11.898,-0.000,1.487,0.011
54.47,-11.905,0.007,-1.486,-11.898,-0.000,1.487,0.010
54.49,-11.905,0.007,-1.486,-11.898,-0.000,1.487,0.010
54.51,-11.905,0.007,-1.486,-11.898,-0.000,1.487,0.010
54.53,-11.904,0.007,-1.487,-11.898,-0.000,1.487,0.009
54.55,-11.904,0.007,-1.487,-11.898,-0.000,1.487,0.009
54.57,-11.903,0.007,-1.487,-11.898,-0.000,1.487,0.009
54.59,-11.903,0.007,-1.487,-11.898,-0.000,1.487,0.009
54.61,-11.903,0.007,-1.488,-11.898,-0.000,1.487,0.009
54.63,-11.903,0.007,-1.488,-11.898,-0.000,1.487,0.009
54.65,-11.902,0.007,-1.489,-11.898,-0.000,1.487,0.009
54.67,-11.902,0.007,-1.489,-11.898,-0.000,1.487,0.009
54.69,-11.902,0.008,-1.490,-11.898,-0.000,1.487,0.009
54.71,-11.902,0.008,-1.490,-11.898,-0.000,1.487,0.009
54.74,-11.901,0.008,-1.490,-11.898,-0.000,1.487,0.009
54.76,-11.901,0.008,-1.490,-11.898,-0.000,1.487,0.009
54.78,-11.901,0.008,-1.491,-11.898,-0.000,1.487,0.010
54.80,-11.901,0.008,-1.491,-11.898,-0.000,1.487,0.010
54.82,-11.901,0.009,-1.492,-11.898,-0.000,1.487,0.010
54.84,-11.901,0.009,-1.492,-11.898,-0.000,1.487,0.010
54.86,-11.900,0.009,-1.492,-11.898,-0.000,1.487,0.011
54.88,-11.900,0.009,-1.492,-11.898,-0.000,1.487,0.011
54.90,-11.900,0.010,-1.493,-11.898,-0.000,1.487,0.011
54.92,-11.900,0.010,-1.493,-11.898,-0.000,1.487,0.011
54.94,-11.900,0.010,-1.493,-11.898,-0.000,1.487,0.012
54.96,-11.900,0.010,-1.493,-11.898,-0.000,1.487,0.012
54.98,-11.900,0.010,-1.493,-11.898,-0.000,1.487,0.012
55.01,-11.898,0.011,-1.493,-11.898,-0.000,1.487,0.012
55.03,-11.898,0.011,-1.493,-11.898,-0.000,1.487,0.012
55.05,-11.898,0.011,-1.493,-11.898,-0.000,1.487,0.013
55.07,-11.898,0.011,-1.493,-11.898,-0.000,1.487,0.013
55.09,-11.897,0.011,-1.493,-11.898,-0.000,1.487,0.013
55.11,-11.897,0.011,-1.493,-11.898,-0.000,1.487,0.013
55.13,-11.896,0.012,-1.493,-11.898,-0.000,1.487,0.013
55.15,-11.896,0.012,-1.493,-11.898,-0.000,1.487,0.013
55.17,-11.895,0.012,-1.492,-11.898,-0.000,1.487,0.013
55.19,-11.895,0.012,-1.492,-11.898,-0.000,1.487,0.013
55.21,-11.895,0.012,-1.492,-11.898,-0.000,1.487,0.014
55.24,-11.895,0.012,-1.492,-11.898,-0.000,1.487,0.014
55.26,-11.894,0.013,-1.491,-11.898,-0.000,1.487,0.014
55.28,-11.894,0.013,-1.491,-11.898,-0.000,1.487,0.014
55.30,-11.893,0.014,-1.491,-11.898,-0.000,1.487,0.015
55.32,-11.893,0.014,-1.491,-11.898,-0.000,1.487,0.015
55.34,-11.892,0.014,-1.491,-11.898,-0.000,1.487,0.016
55.36,-11.892,0.014,-1.491,-11.898,-0.000,1.487,0.016
55.38,-11.891,0.015,-1.490,-11.898,-0.000,1.487,0.017
55.40,-11.891,0.015,-1.490,-11.898,-0.000,1.487,0.017
55.42,-11.891,0.016,-1.490,-11.898,-0.000,1.487,0.018
55.44,-11.891,0.016,-1.490,-11.898,-0.000,1.487,0.018
55.46,-11.890,0.017,-1.490,-11.898,-0.000,1.487,0.019
55.49,-11.890,0.017,-1.490,-11.898,-0.000,1.487,0.019
55.51,-11.890,0.017,-1.490,-11.898,-0.000,1.487,0.019
55.53,-11.889,0.018,-1.489,-11.898,-0.000,1.487,0.021
55.55,-11.889,0.018,-1.489,-11.898,-0.000,1.487,0.021
55.57,-11.888,0.019,-1.489,-11.898,-0.000,1.487,0.022
55.59,-11.888,0.019,-1.489,-11.898,-0.000,1.487,0.022
55.61,-11.888,0.020,-1.489,-11.898,-0.000,1.487,0.023
55.63,-11.888,0.020,-1.489,-11.898,-0.000,1.487,0.023
55.65,-11.887,0.021,-1.489,-11.898,-0.000,1.487,0.024
55.67,-11.887,0.021,-1.489,-11.898,-0.000,1.487,0.024
55.69,-11.887,0.021,-1.489,-11.898,-0.000,1.487,0.024
55.71,-11.887,0.021,-1.489,-11.898,-0.000,1.487,0.024
55.73,-11.887,0.022,-1.489,-11.898,-0.000,1.487,0.025
55.76,-11.887,0.022,-1.489,-11.898,-0.000,1.487,0.025
55.78,-11.887,0.022,-1.489,-11.898,-0.000,1.487,0.025
55.80,-11.887,0.022,-1.489,-11.898,-0.000,1.487,0.025
55.82,-11.887,0.022,-1.489,-11.898,-0.000,1.487,0.025
55.84,-11.887,0.022,-1.489,-11.898,-0.000,1.487,0.025
55.86,-11.887,0.022,-1.489,-11.898,-0.000,1.487,0.025
55.88,-11.887,0.022,-1.489,-11.898,-0.000,1.487,0.025
55.90,-11.887,0.021,-1.490,-11.898,-0.000,1.487,0.024
55.92,-11.887,0.021,-1.490,-11.898,-0.000,1.487,0.024
55.94,-11.887,0.021,-1.490,-11.898,-0.000,1.487,0.024
55.96,-11.887,0.021,-1.490,-11.898,-0.000,1.487,0.024
55.98,-11.887,0.020,-1.490,-11.898,-0.000,1.487,0.023
56.00,-11.887,0.020,-1.490,-11.898,-0.000,1.487,0.023
56.02,-11.887,0.020,-1.490,-11.898,-0.000,1.487,0.023
56.05,-11.888,0.019,-1.490,-11.898,-0.000,1.487,0.021
56.07,-11.888,0.019,-1.490,-11.898,-0.000,1.487,0.021
56.09,-11.888,0.017,-1.490,-11.898,-0.000,1.487,0.020
56.11,-11.888,0.017,-1.490,-11.898,-0.000,1.487,0.020
56.13,-11.888,0.016,-1.489,-11.898,-0.000,1.487,0.019
56.15,-11.888,0.016,-1.489,-11.898,-0.000,1.487,0.019
56.17,-11.888,0.015,-1.489,-11.898,-0.000,1.487,0.019
56.19,-11.888,0.015,-1.489,-11.898,-0.000,1.487,0.019
56.21,-11.888,0.014,-1.489,-11.898,-0.000,1.487,0.018
56.23,-11.888,0.014,-1.489,-11.898,-0.000,1.487,0.018
56.25,-11.888,0.013,-1.488,-11.898,-0.000,1.487,0.017
56.27,-11.888,0.013,-1.488,-11.898,-0.000,1.487,0.017
56.29,-11.887,0.012,-1.488,-11.898,-0.000,1.487,0.016
56.32,-11.887,0.012,-1.488,-11.898,-0.000,1.487,0.016
56.34,-11.887,0.011,-1.487,-11.898,-0.000,1.487,0.016
56.36,-11.887,0.011,-1.487,-11.898,-0.000,1.487,0.016
56.38,-11.887,0.010,-1.487,-11.898,-0.000,1.487,0.016
56.40,-11.887,0.010,-1.487,-11.898,-0.000,1.487,0.016
56.42,-11.886,0.010,-1.487,-11.898,-0.000,1.487,0.016
56.44,-11.886,0.010,-1.487,-11.898,-0.000,1.487,0.016
56.46,-11.886,0.010,-1.486,-11.898,-0.000,1.487,0.016
56.48,-11.886,0.010,-1.486,-11.898,-0.000,1.487,0.016
56.50,-11.886,0.010,-1.486,-11.898,-0.000,1.487,0.016
56.52,-11.885,0.009,-1.486,-11.898,-0.000,1.487,0.016
56.54,-11.885,0.009,-1.486,-11.898,-0.000,1.487,0.016
56.57,-11.884,0.009,-1.486,-11.898,-0.000,1.487,0.017
56.59,-11.884,0.009,-1.486,-11.898,-0.000,1.487,0.017
56.61,-11.884,0.009,-1.485,-11.898,-0.000,1.487,0.017
56.63,-11.884,0.009,-1.485,-11.898,-0.000,1.487,0.017
56.65,-11.883,0.010,-1.485,-11.898,-0.000,1.487,0.018
56.67,-11.883,0.010,-1.485,-11.898,-0.000,1.487,0.018
56.69,-11.883,0.010,-1.485,-11.898,-0.000,1.487,0.019
56.71,-11.883,0.010,-1.485,-11.898,-0.000,1.487,0.019
56.73,-11.882,0.011,-1.485,-11.898,-0.000,1.487,0.019
56.75,-11.882,0.011,-1.485,-11.898,-0.000,1.487,0.019
56.77,-11.882,0.012,-1.484,-11.898,-0.000,1.487,0.020
56.80,-11.882,0.012,-1.484,-11.898,-0.000,1.487,0.020
56.82,-11.882,0.013,-1.484,-11.898,-0.000,1.487,0.021
56.84,-11.882,0.013,-1.484,-11.898,-0.000,1.487,0.021
56.86,-11.881,0.014,-1.484,-11.898,-0.000,1.487,0.022
56.88,-11.881,0.014,-1.484,-11.898,-0.000,1.487,0.022
56.90,-11.881,0.015,-1.484,-11.898,-0.000,1.487,0.023
56.92,-11.881,0.015,-1.484,-11.898,-0.000,1.487,0.023
56.94,-11.881,0.016,-1.484,-11.898,-0.000,1.487,0.023
56.96,-11.881,0.016,-1.484,-11.898,-0.000,1.487,0.023
56.98,-11.881,0.017,-1.484,-11.898,-0.000,1.487,0.024
57.00,-11.881,0.017,-1.484,-11.898,-0.000,1.487,0.024
57.02,-11.881,0.017,-1.484,-11.898,-0.000,1.487,0.024
57.05,-11.881,0.018,-1.484,-11.898,-0.000,1.487,0.025
57.07,-11.881,0.018,-1.484,-11.898,-0.000,1.487,0.025
57.09,-11.881,0.018,-1.484,-11.898,-0.000,1.487,0.025
57.11,-11.881,0.018,-1.484,-11.898,-0.000,1.487,0.025
57.13,-11.882,0.019,-1.484,-11.898,-0.000,1.487,0.025
57.15,-11.882,0.019,-1.484,-11.898,-0.000,1.487,0.025
57.17,-11.882,0.019,-1.483,-11.898,-0.000,1.487,0.025
57.19,-11.882,0.019,-1.483,-11.898,-0.000,1.487,0.025
57.21,-11.882,0.018,-1.483,-11.898,-0.000,1.487,0.025
57.23,-11.882,0.018,-1.483,-11.898,-0.000,1.487,0.025
57.25,-11.883,0.018,-1.483,-11.898,-0.000,1.487,0.024
57.28,-11.883,0.018,-1.483,-11.898,-0.000,1.487,0.024
57.30,-11.883,0.017,-1.483,-11.898,-0.000,1.487,0.023
57.32,-11.883,0.017,-1.483,-11.898,-0.000,1.487,0.023
57.34,-11.883,0.016,-1.483,-11.898,-0.000,1.487,0.023
57.36,-11.883,0.016,-1.483,-11.898,-0.000,1.487,0.023
57.38,-11.884,0.016,-1.483,-11.898,-0.000,1.487,0.022
57.40,-11.884,0.016,-1.483,-11.898,-0.000,1.487,0.022
57.42,-11.884,0.014,-1.483,-11.898,-0.000,1.487,0.021
57.44,-11.884,0.014,-1.483,-11.898,-0.000,1.487,0.021
57.46,-11.884,0.013,-1.483,-11.898,-0.000,1.487,0.020
57.49,-11.884,0.013,-1.483,-11.898,-0.000,1.487,0.020
57.51,-11.884,0.013,-1.483,-11.898,-0.000,1.487,0.020
57.53,-11.884,0.011,-1.483,-11.898,-0.000,1.487,0.018
57.55,-11.884,0.011,-1.483,-11.898,-0.000,1.487,0.018
57.57,-11.884,0.010,-1.483,-11.898,-0.000,1.487,0.017
57.59,-11.884,0.010,-1.483,-11.898,-0.000,1.487,0.017
57.61,-11.884,0.008,-1.483,-11.898,-0.000,1.487,0.017
57.63,-11.884,0.008,-1.483,-11.898,-0.000,1.487,0.017
57.65,-11.884,0.007,-1.483,-11.898,-0.000,1.487,0.016
57.67,-11.884,0.007,-1.483,-11.898,-0.000,1.487,0.016
57.69,-11.884,0.005,-1.483,-11.898,-0.000,1.487,0.016
57.72,-11.884,0.005,-1.483,-11.898,-0.000,1.487,0.016
57.74,-11.884,0.003,-1.483,-11.898,-0.000,1.487,0.015
57.76,-11.884,0.003,-1.483,-11.898,-0.000,1.487,0.015
57.78,-11.884,0.002,-1.483,-11.898,-0.000,1.487,0.015
57.80,-11.884,0.002,-1.483,-11.898,-0.000,1.487,0.015
57.82,-11.884,0.000,-1.483,-11.898,-0.000,1.487,0.014
57.84,-11.884,0.000,-1.483,-11.898,-0.000,1.487,0.014
57.86,-11.884,-0.001,-1.483,-11.898,-0.000,1.487,0.014
57.88,-11.884,-0.001,-1.483,-11.898,-0.000,1.487,0.014
57.90,-11.884,-0.002,-1.484,-11.898,-0.000,1.487,0.014
57.92,-11.884,-0.002,-1.484,-11.898,-0.000,1.487,0.014
57.94,-11.884,-0.004,-1.484,-11.898,-0.000,1.487,0.015
57.96,-11.884,-0.004,-1.484,-11.898,-0.000,1.487,0.015
57.99,-11.885,-0.005,-1.484,-11.898,-0.000,1.487,0.015
58.01,-11.885,-0.005,-1.484,-11.898,-0.000,1.487,0.015
58.03,-11.885,-0.005,-1.484,-11.898,-0.000,1.487,0.015
58.05,-11.885,-0.006,-1.484,-11.898,-0.000,1.487,0.015
58.07,-11.885,-0.006,-1.484,-11.898,-0.000,1.487,0.015
58.09,-11.885,-0.006,-1.484,-11.898,-0.000,1.487,0.015
58.11,-11.885,-0.006,-1.484,-11.898,-0.000,1.487,0.015
58.13,-11.886,-0.007,-1.484,-11.898,-0.000,1.487,0.014
58.15,-11.886,-0.007,-1.484,-11.898,-0.000,1.487,0.014
58.17,-11.886,-0.007,-1.484,-11.898,-0.000,1.487,0.014
58.19,-11.886,-0.007,-1.484,-11.898,-0.000,1.487,0.014
58.21,-11.886,-0.008,-1.484,-11.898,-0.000,1.487,0.014
58.23,-11.886,-0.008,-1.484,-11.898,-0.000,1.487,0.014
58.26,-11.887,-0.008,-1.483,-11.898,-0.000,1.487,0.014
58.28,-11.887,-0.008,-1.483,-11.898,-0.000,1.487,0.014
58.30,-11.887,-0.009,-1.483,-11.898,-0.000,1.487,0.015
58.32,-11.887,-0.009,-1.483,-11.898,-0.000,1.487,0.015
58.34,-11.888,-0.009,-1.482,-11.898,-0.000,1.487,0.015
58.36,-11.888,-0.009,-1.482,-11.898,-0.000,1.487,0.015
58.38,-11.889,-0.010,-1.482,-11.898,-0.000,1.487,0.015
58.40,-11.889,-0.010,-1.482,-11.898,-0.000,1.487,0.015
58.42,-11.889,-0.011,-1.481,-11.898,-0.000,1.487,0.015
58.44,-11.889,-0.011,-1.481,-11.898,-0.000,1.487,0.015
58.46,-11.890,-0.011,-1.481,-11.898,-0.000,1.487,0.015
58.48,-11.890,-0.011,-1.481,-11.898,-0.000,1.487,0.015
58.51,-11.892,-0.012,-1.481,-11.898,-0.000,1.487,0.015
58.53,-11.892,-0.012,-1.481,-11.898,-0.000,1.487,0.015
58.55,-11.892,-0.012,-1.481,-11.898,-0.000,1.487,0.015
58.57,-11.893,-0.013,-1.480,-11.898,-0.000,1.487,0.016
58.59,-11.893,-0.013,-1.480,-11.898,-0.000,1.487,0.016
58.61,-11.894,-0.014,-1.480,-11.898,-0.000,1.487,0.016
58.63,-11.894,-0.014,-1.480,-11.898,-0.000,1.487,0.016
58.65,-11.895,-0.015,-1.480,-11.898,-0.000,1.487,0.017
58.67,-11.895,-0.015,-1.480,-11.898,-0.000,1.487,0.017
58.69,-11.896,-0.015,-1.480,-11.898,-0.000,1.487,0.017
58.71,-11.896,-0.015,-1.480,-11.898,-0.000,1.487,0.017
58.74,-11.897,-0.016,-1.481,-11.898,-0.000,1.487,0.017
58.76,-11.897,-0.016,-1.481,-11.898,-0.000,1.487,0.017
58.78,-11.898,-0.016,-1.481,-11.898,-0.000,1.487,0.017
58.80,-11.898,-0.016,-1.481,-11.898,-0.000,1.487,0.017
58.82,-11.899,-0.016,-1.481,-11.898,-0.000,1.487,0.017
58.84,-11.899,-0.016,-1.481,-11.898,-0.000,1.487,0.017
58.86,-11.900,-0.016,-1.482,-11.898,-0.000,1.487,0.017
58.88,-11.900,-0.016,-1.482,-11.898,-0.000,1.487,0.017
58.90,-11.901,-0.016,-1.482,-11.898,-0.000,1.487,0.017
58.92,-11.901,-0.016,-1.482,-11.898,-0.000,1.487,0.017
58.94,-11.901,-0.016,-1.483,-11.898,-0.000,1.487,0.017
58.96,-11.901,-0.016,-1.483,-11.898,-0.000,1.487,0.017
58.99,-11.902,-0.015,-1.484,-11.898,-0.000,1.487,0.016
59.01,-11.902,-0.015,-1.484,-11.898,-0.000,1.487,0.016
59.03,-11.902,-0.015,-1.484,-11.898,-0.000,1.487,0.016
59.05,-11.902,-0.015,-1.485,-11.898,-0.000,1.487,0.016
59.07,-11.902,-0.015,-1.485,-11.898,-0.000,1.487,0.016
59.09,-11.903,-0.015,-1.485,-11.898,-0.000,1.487,0.016
59.11,-11.903,-0.015,-1.485,-11.898,-0.000,1.487,0.016
59.13,-11.903,-0.015,-1.486,-11.898,-0.000,1.487,0.015
59.15,-11.903,-0.015,-1.486,-11.898,-0.000,1.487,0.015
59.17,-11.903,-0.015,-1.487,-11.898,-0.000,1.487,0.015
59.19,-11.903,-0.015,-1.487,-11.898,-0.000,1.487,0.015
59.22,-11.903,-0.015,-1.488,-11.898,-0.000,1.487,0.015
59.24,-11.903,-0.015,-1.488,-11.898,-0.000,1.487,0.015
59.26,-11.903,-0.015,-1.489,-11.898,-0.000,1.487,0.016
59.28,-11.903,-0.015,-1.489,-11.898,-0.000,1.487,0.016
59.30,-11.903,-0.015,-1.490,-11.898,-0.000,1.487,0.016
59.32,-11.903,-0.015,-1.490,-11.898,-0.000,1.487,0.016
59.34,-11.902,-0.015,-1.491,-11.898,-0.000,1.487,0.016
59.36,-11.902,-0.015,-1.491,-11.898,-0.000,1.487,0.016
59.38,-11.902,-0.016,-1.491,-11.898,-0.000,1.487,0.017
59.40,-11.902,-0.016,-1.491,-11.898,-0.000,1.487,0.017
59.42,-11.901,-0.017,-1.492,-11.898,-0.000,1.487,0.018
59.44,-11.901,-0.017,-1.492,-11.898,-0.000,1.487,0.018
59.46,-11.900,-0.018,-1.494,-11.898,-0.000,1.487,0.019
59.49,-11.900,-0.018,-1.494,-11.898,-0.000,1.487,0.019
59.51,-11.899,-0.019,-1.495,-11.898,-0.000,1.487,0.020
59.53,-11.899,-0.019,-1.495,-11.898,-0.000,1.487,0.020
59.55,-11.899,-0.019,-1.495,-11.898,-0.000,1.487,0.020
59.57,-11.898,-0.019,-1.497,-11.898,-0.000,1.487,0.021
59.59,-11.898,-0.019,-1.497,-11.898,-0.000,1.487,0.021
59.61,-11.897,-0.020,-1.498,-11.898,-0.000,1.487,0.023
59.63,-11.897,-0.020,-1.498,-11.898,-0.000,1.487,0.023
59.65,-11.896,-0.020,-1.499,-11.898,-0.000,1.487,0.024
59.67,-11.896,-0.020,-1.499,-11.898,-0.000,1.487,0.024
59.69,-11.895,-0.021,-1.500,-11.898,-0.000,1.487,0.025
59.71,-11.895,-0.021,-1.500,-11.898,-0.000,1.487,0.025
59.73,-11.894,-0.021,-1.502,-11.898,-0.000,1.487,0.026
59.76,-11.894,-0.021,-1.502,-11.898,-0.000,1.487,0.026
59.78,-11.892,-0.021,-1.503,-11.898,-0.000,1.487,0.027
59.80,-11.892,-0.021,-1.503,-11.898,-0.000,1.487,0.027
59.82,-11.891,-0.021,-1.504,-11.898,-0.000,1.487,0.028
59.84,-11.891,-0.021,-1.504,-11.898,-0.000,1.487,0.028
59.86,-11.890,-0.022,-1.505,-11.898,-0.000,1.487,0.029
59.88,-11.890,-0.022,-1.505,-11.898,-0.000,1.487,0.029
59.90,-11.889,-0.022,-1.506,-11.898,-0.000,1.487,0.030
59.92,-11.889,-0.022,-1.506,-11.898,-0.000,1.487,0.030
59.94,-11.889,-0.022,-1.506,-11.898,-0.000,1.487,0.031
59.96,-11.889,-0.022,-1.506,-11.898,-0.000,1.487,0.031
59.98,-11.888,-0.023,-1.507,-11.898,-0.000,1.487,0.032
60.01,-11.888,-0.023,-1.507,-11.898,-0.000,1.487,0.032
60.03,-11.888,-0.023,-1.507,-11.898,-0.000,1.487,0.032
60.05,-11.888,-0.023,-1.508,-11.898,-0.000,1.487,0.033
60.07,-11.888,-0.023,-1.508,-11.898,-0.000,1.487,0.033
60.09,-11.887,-0.024,-1.508,-11.898,-0.000,1.487,0.033
60.11,-11.887,-0.024,-1.508,-11.898,-0.000,1.487,0.033
60.13,-11.888,-0.025,-1.508,-11.898,-0.000,1.487,0.034
60.15,-11.888,-0.025,-1.508,-11.898,-0.000,1.487,0.034
60.17,-11.888,-0.026,-1.508,-11.898,-0.000,1.487,0.035
60.19,-11.888,-0.026,-1.508,-11.898,-0.000,1.487,0.035
60.21,-11.888,-0.026,-1.508,-11.898,-0.000,1.487,0.035
60.23,-11.888,-0.026,-1.508,-11.898,-0.000,1.487,0.035
60.25,-11.888,-0.027,-1.508,-11.898,-0.000,1.487,0.036
60.28,-11.888,-0.027,-1.508,-11.898,-0.000,1.487,0.036
60.30,-11.889,-0.029,-1.508,-11.898,-0.000,1.487,0.036
60.32,-11.889,-0.029,-1.508,-11.898,-0.000,1.487,0.036
60.34,-11.889,-0.030,-1.508,-11.898,-0.000,1.487,0.037
60.36,-11.889,-0.030,-1.508,-11.898,-0.000,1.487,0.037
60.38,-11.889,-0.031,-1.507,-11.898,-0.000,1.487,0.037
60.40,-11.889,-0.031,-1.507,-11.898,-0.000,1.487,0.037
60.42,-11.890,-0.031,-1.507,-11.898,-0.000,1.487,0.038
60.44,-11.890,-0.031,-1.507,-11.898,-0.000,1.487,0.038
60.46,-11.890,-0.032,-1.507,-11.898,-0.000,1.487,0.038
60.48,-11.890,-0.032,-1.507,-11.898,-0.000,1.487,0.038
60.51,-11.892,-0.033,-1.506,-11.898,-0.000,1.487,0.038
60.53,-11.892,-0.033,-1.506,-11.898,-0.000,1.487,0.038
60.55,-11.892,-0.033,-1.506,-11.898,-0.000,1.487,0.038
60.57,-11.893,-0.034,-1.505,-11.898,-0.000,1.487,0.039
60.59,-11.893,-0.034,-1.505,-11.898,-0.000,1.487,0.039
60.61,-11.894,-0.034,-1.505,-11.898,-0.000,1.487,0.039
60.63,-11.894,-0.034,-1.505,-11.898,-0.000,1.487,0.039
60.65,-11.895,-0.035,-1.504,-11.898,-0.000,1.487,0.039
60.67,-11.895,-0.035,-1.504,-11.898,-0.000,1.487,0.039
60.69,-11.896,-0.035,-1.504,-11.898,-0.000,1.487,0.038
60.71,-11.896,-0.035,-1.504,-11.898,-0.000,1.487,0.038
60.73,-11.897,-0.035,-1.503,-11.898,-0.000,1.487,0.038
60.76,-11.897,-0.035,-1.503,-11.898,-0.000,1.487,0.038
60.78,-11.899,-0.035,-1.502,-11.898,-0.000,1.487,0.038
60.80,-11.899,-0.035,-1.502,-11.898,-0.000,1.487,0.038
60.82,-11.900,-0.034,-1.501,-11.898,-0.000,1.487,0.037
60.84,-11.900,-0.034,-1.501,-11.898,-0.000,1.487,0.037
60.86,-11.901,-0.034,-1.500,-11.898,-0.000,1.487,0.036
60.88,-11.901,-0.034,-1.500,-11.898,-0.000,1.487,0.036
60.90,-11.903,-0.033,-1.499,-11.898,-0.000,1.487,0.036
60.92,-11.903,-0.033,-1.499,-11.898,-0.000,1.487,0.036
60.94,-11.904,-0.033,-1.498,-11.898,-0.000,1.487,0.035
60.96,-11.904,-0.033,-1.498,-11.898,-0.000,1.487,0.035
60.98,-11.905,-0.031,-1.497,-11.898,-0.000,1.487,0.034
61.01,-11.905,-0.031,-1.497,-11.898,-0.000,1.487,0.034
61.03,-11.905,-0.031,-1.497,-11.898,-0.000,1.487,0.034
61.05,-11.907,-0.030,-1.495,-11.898,-0.000,1.487,0.032
61.07,-11.907,-0.030,-1.495,-11.898,-0.000,1.487,0.032
61.09,-11.908,-0.029,-1.494,-11.898,-0.000,1.487,0.031
61.11,-11.908,-0.029,-1.494,-11.898,-0.000,1.487,0.031
61.13,-11.909,-0.027,-1.494,-11.898,-0.000,1.487,0.030
61.15,-11.909,-0.027,-1.494,-11.898,-0.000,1.487,0.030
61.17,-11.909,-0.026,-1.493,-11.898,-0.000,1.487,0.028
61.19,-11.909,-0.026,-1.493,-11.898,-0.000,1.487,0.028
61.21,-11.910,-0.024,-1.492,-11.898,-0.000,1.487,0.027
61.23,-11.910,-0.024,-1.492,-11.898,-0.000,1.487,0.027
61.26,-11.910,-0.023,-1.492,-11.898,-0.000,1.487,0.026
61.28,-11.910,-0.023,-1.492,-11.898,-0.000,1.487,0.026
61.30,-11.911,-0.021,-1.491,-11.898,-0.000,1.487,0.025
61.32,-11.911,-0.021,-1.491,-11.898,-0.000,1.487,0.025
61.34,-11.911,-0.019,-1.491,-11.898,-0.000,1.487,0.024
61.36,-11.911,-0.019,-1.491,-11.898,-0.000,1.487,0.024
61.38,-11.912,-0.018,-1.490,-11.898,-0.000,1.487,0.022
61.40,-11.912,-0.018,-1.490,-11.898,-0.000,1.487,0.022
61.42,-11.912,-0.016,-1.490,-11.898,-0.000,1.487,0.021
61.44,-11.912,-0.016,-1.490,-11.898,-0.000,1.487,0.021
61.46,-11.912,-0.015,-1.490,-11.898,-0.000,1.487,0.020
61.48,-11.912,-0.015,-1.490,-11.898,-0.000,1.487,0.020
61.51,-11.912,-0.013,-1.491,-11.898,-0.000,1.487,0.019
61.53,-11.912,-0.013,-1.491,-11.898,-0.000,1.487,0.019
61.55,-11.912,-0.013,-1.491,-11.898,-0.000,1.487,0.019
61.57,-11.912,-0.011,-1.491,-11.898,-0.000,1.487,0.018
61.59,-11.912,-0.011,-1.491,-11.898,-0.000,1.487,0.018
61.61,-11.911,-0.009,-1.492,-11.898,-0.000,1.487,0.017
61.63,-11.911,-0.009,-1.492,-11.898,-0.000,1.487,0.017
61.65,-11.911,-0.007,-1.493,-11.898,-0.000,1.487,0.016
61.67,-11.911,-0.007,-1.493,-11.898,-0.000,1.487,0.016
61.69,-11.911,-0.006,-1.494,-11.898,-0.000,1.487,0.015
61.71,-11.911,-0.006,-1.494,-11.898,-0.000,1.487,0.015
61.73,-11.911,-0.004,-1.495,-11.898,-0.000,1.487,0.015
61.75,-11.911,-0.004,-1.495,-11.898,-0.000,1.487,0.015
61.78,-11.911,-0.002,-1.496,-11.898,-0.000,1.487,0.016
61.80,-11.911,-0.002,-1.496,-11.898,-0.000,1.487,0.016
61.82,-11.911,-0.001,-1.497,-11.898,-0.000,1.487,0.016
61.84,-11.911,-0.001,-1.497,-11.898,-0.000,1.487,0.016
61.86,-11.911,-0.000,-1.498,-11.898,-0.000,1.487,0.017
61.88,-11.911,-0.000,-1.498,-11.898,-0.000,1.487,0.017
61.90,-11.911,0.001,-1.499,-11.898,-0.000,1.487,0.017
61.92,-11.911,0.001,-1.499,-11.898,-0.000,1.487,0.017
61.94,-11.911,0.001,-1.500,-11.898,-0.000,1.487,0.018
61.96,-11.911,0.001,-1.500,-11.898,-0.000,1.487,0.018
61.98,-11.911,0.002,-1.500,-11.898,-0.000,1.487,0.018
62.00,-11.911,0.002,-1.500,-11.898,-0.000,1.487,0.018
62.02,-11.911,0.002,-1.500,-11.898,-0.000,1.487,0.018
62.05,-11.911,0.002,-1.500,-11.898,-0.000,1.487,0.018
62.07,-11.911,0.002,-1.500,-11.898,-0.000,1.487,0.018
62.09,-11.911,0.002,-1.500,-11.898,-0.000,1.487,0.018
62.11,-11.911,0.002,-1.500,-11.898,-0.000,1.487,0.018
62.13,-11.911,0.002,-1.500,-11.898,-0.000,1.487,0.019
62.15,-11.911,0.002,-1.500,-11.898,-0.000,1.487,0.019
62.17,-11.911,0.001,-1.500,-11.898,-0.000,1.487,0.018
62.19,-11.911,0.001,-1.500,-11.898,-0.000,1.487,0.018
62.21,-11.911,0.001,-1.500,-11.898,-0.000,1.487,0.018
62.23,-11.911,0.001,-1.500,-11.898,-0.000,1.487,0.018
62.25,-11.911,-0.000,-1.499,-11.898,-0.000,1.487,0.018
62.27,-11.911,-0.000,-1.499,-11.898,-0.000,1.487,0.018
62.30,-11.911,-0.001,-1.499,-11.898,-0.000,1.487,0.017
62.32,-11.911,-0.001,-1.499,-11.898,-0.000,1.487,0.017
62.34,-11.910,-0.002,-1.498,-11.898,-0.000,1.487,0.016
62.36,-11.910,-0.002,-1.498,-11.898,-0.000,1.487,0.016
62.38,-11.910,-0.002,-1.498,-11.898,-0.000,1.487,0.016
62.40,-11.910,-0.002,-1.498,-11.898,-0.000,1.487,0.016
62.42,-11.909,-0.003,-1.498,-11.898,-0.000,1.487,0.015
62.44,-11.909,-0.003,-1.498,-11.898,-0.000,1.487,0.015
62.46,-11.908,-0.003,-1.497,-11.898,-0.000,1.487,0.014
62.48,-11.908,-0.003,-1.497,-11.898,-0.000,1.487,0.014
62.50,-11.907,-0.004,-1.497,-11.898,-0.000,1.487,0.013
62.52,-11.907,-0.004,-1.497,-11.898,-0.000,1.487,0.013
62.54,-11.907,-0.004,-1.497,-11.898,-0.000,1.487,0.013
62.57,-11.905,-0.005,-1.496,-11.898,-0.000,1.487,0.012
62.59,-11.905,-0.005,-1.496,-11.898,-0.000,1.487,0.012
62.61,-11.904,-0.005,-1.495,-11.898,-0.000,1.487,0.011
62.63,-11.904,-0.005,-1.495,-11.898,-0.000,1.487,0.011
62.65,-11.903,-0.005,-1.495,-11.898,-0.000,1.487,0.010
62.67,-11.903,-0.005,-1.495,-11.898,-0.000,1.487,0.010
62.69,-11.902,-0.005,-1.494,-11.898,-0.000,1.487,0.010
62.71,-11.902,-0.005,-1.494,-11.898,-0.000,1.487,0.010
62.73,-11.901,-0.005,-1.494,-11.898,-0.000,1.487,0.009
62.75,-11.901,-0.005,-1.494,-11.898,-0.000,1.487,0.009
62.77,-11.900,-0.005,-1.493,-11.898,-0.000,1.487,0.008
62.79,-11.900,-0.005,-1.493,-11.898,-0.000,1.487,0.008
62.82,-11.900,-0.005,-1.493,-11.898,-0.000,1.487,0.007
62.84,-11.900,-0.005,-1.493,-11.898,-0.000,1.487,0.007
62.86,-11.899,-0.004,-1.492,-11.898,-0.000,1.487,0.006
62.88,-11.899,-0.004,-1.492,-11.898,-0.000,1.487,0.006
62.90,-11.898,-0.003,-1.492,-11.898,-0.000,1.487,0.005
62.92,-11.898,-0.003,-1.492,-11.898,-0.000,1.487,0.005
62.94,-11.898,-0.002,-1.492,-11.898,-0.000,1.487,0.005
62.96,-11.898,-0.002,-1.492,-11.898,-0.000,1.487,0.005
62.98,-11.897,-0.001,-1.491,-11.898,-0.000,1.487,0.004
63.00,-11.897,-0.001,-1.491,-11.898,-0.000,1.487,0.004
63.02,-11.897,-0.000,-1.491,-11.898,-0.000,1.487,0.004
63.04,-11.897,-0.000,-1.491,-11.898,-0.000,1.487,0.004
63.07,-11.897,-0.000,-1.491,-11.898,-0.000,1.487,0.004
63.09,-11.896,0.001,-1.491,-11.898,-0.000,1.487,0.005
63.11,-11.896,0.001,-1.491,-11.898,-0.000,1.487,0.005
63.13,-11.896,0.002,-1.491,-11.898,-0.000,1.487,0.005
63.15,-11.896,0.002,-1.491,-11.898,-0.000,1.487,0.005
63.17,-11.896,0.003,-1.491,-11.898,-0.000,1.487,0.005
63.19,-11.896,0.003,-1.491,-11.898,-0.000,1.487,0.005
63.21,-11.895,0.004,-1.491,-11.898,-0.000,1.487,0.006
63.23,-11.895,0.004,-1.491,-11.898,-0.000,1.487,0.006
63.25,-11.895,0.005,-1.491,-11.898,-0.000,1.487,0.006
63.27,-11.895,0.005,-1.491,-11.898,-0.000,1.487,0.006
63.29,-11.895,0.005,-1.491,-11.898,-0.000,1.487,0.007
63.32,-11.895,0.005,-1.491,-11.898,-0.000,1.487,0.007
63.34,-11.895,0.006,-1.490,-11.898,-0.000,1.487,0.007
63.36,-11.895,0.006,-1.490,-11.898,-0.000,1.487,0.007
63.38,-11.895,0.007,-1.490,-11.898,-0.000,1.487,0.008
63.40,-11.895,0.007,-1.490,-11.898,-0.000,1.487,0.008
63.42,-11.895,0.007,-1.490,-11.898,-0.000,1.487,0.008
63.44,-11.895,0.007,-1.490,-11.898,-0.000,1.487,0.008
63.46,-11.895,0.008,-1.490,-11.898,-0.000,1.487,0.008
63.48,-11.895,0.008,-1.490,-11.898,-0.000,1.487,0.008
63.50,-11.895,0.008,-1.489,-11.898,-0.000,1.487,0.009
63.52,-11.895,0.008,-1.489,-11.898,-0.000,1.487,0.009
63.54,-11.895,0.008,-1.489,-11.898,-0.000,1.487,0.009
63.56,-11.895,0.008,-1.489,-11.898,-0.000,1.487,0.009
63.59,-11.895,0.008,-1.489,-11.898,-0.000,1.487,0.009
63.61,-11.895,0.008,-1.489,-11.898,-0.000,1.487,0.009
63.63,-11.895,0.008,-1.489,-11.898,-0.000,1.487,0.009
63.65,-11.895,0.009,-1.489,-11.898,-0.000,1.487,0.009
63.67,-11.895,0.009,-1.489,-11.898,-0.000,1.487,0.009
63.69,-11.895,0.009,-1.489,-11.898,-0.000,1.487,0.009
63.71,-11.895,0.009,-1.489,-11.898,-0.000,1.487,0.009
63.73,-11.895,0.009,-1.489,-11.898,-0.000,1.487,0.009
63.75,-11.895,0.009,-1.489,-11.898,-0.000,1.487,0.009
63.77,-11.895,0.009,-1.489,-11.898,-0.000,1.487,0.009
63.79,-11.895,0.009,-1.489,-11.898,-0.000,1.487,0.009
63.81,-11.895,0.008,-1.488,-11.898,-0.000,1.487,0.009
63.84,-11.895,0.008,-1.488,-11.898,-0.000,1.487,0.009
63.86,-11.894,0.008,-1.488,-11.898,-0.000,1.487,0.009
63.88,-11.894,0.008,-1.488,-11.898,-0.000,1.487,0.009
63.90,-11.894,0.008,-1.488,-11.898,-0.000,1.487,0.009
63.92,-11.894,0.008,-1.488,-11.898,-0.000,1.487,0.009
63.94,-11.894,0.008,-1.488,-11.898,-0.000,1.487,0.009
63.96,-11.894,0.008,-1.488,-11.898,-0.000,1.487,0.009
63.98,-11.894,0.008,-1.487,-11.898,-0.000,1.487,0.009
64.00,-11.894,0.008,-1.487,-11.898,-0.000,1.487,0.009
64.02,-11.894,0.007,-1.487,-11.898,-0.000,1.487,0.008
64.04,-11.894,0.007,-1.487,-11.898,-0.000,1.487,0.008
64.06,-11.894,0.007,-1.487,-11.898,-0.000,1.487,0.008
64.08,-11.895,0.007,-1.487,-11.898,-0.000,1.487,0.008
64.11,-11.895,0.007,-1.487,-11.898,-0.000,1.487,0.008
64.13,-11.895,0.007,-1.486,-11.898,-0.000,1.487,0.007
64.15,-11.895,0.007,-1.486,-11.898,-0.000,1.487,0.007
64.17,-11.896,0.007,-1.486,-11.898,-0.000,1.487,0.007
64.19,-11.896,0.007,-1.486,-11.898,-0.000,1.487,0.007
64.21,-11.896,0.007,-1.485,-11.898,-0.000,1.487,0.007
64.23,-11.896,0.007,-1.485,-11.898,-0.000,1.487,0.007
64.25,-11.897,0.007,-1.485,-11.898,-0.000,1.487,0.007
64.27,-11.897,0.007,-1.485,-11.898,-0.000,1.487,0.007
64.29,-11.898,0.007,-1.484,-11.898,-0.000,1.487,0.008
64.31,-11.898,0.007,-1.484,-11.898,-0.000,1.487,0.008
64.33,-11.899,0.007,-1.484,-11.898,-0.000,1.487,0.008
64.36,-11.899,0.007,-1.484,-11.898,-0.000,1.487,0.008
64.38,-11.899,0.007,-1.483,-11.898,-0.000,1.487,0.008
64.40,-11.899,0.007,-1.483,-11.898,-0.000,1.487,0.008
64.42,-11.900,0.007,-1.483,-11.898,-0.000,1.487,0.008
64.44,-11.900,0.007,-1.483,-11.898,-0.000,1.487,0.008
64.46,-11.900,0.006,-1.483,-11.898,-0.000,1.487,0.008
64.48,-11.900,0.006,-1.483,-11.898,-0.000,1.487,0.008
64.50,-11.901,0.006,-1.482,-11.898,-0.000,1.487,0.009
64.52,-11.901,0.006,-1.482,-11.898,-0.000,1.487,0.009
64.54,-11.901,0.006,-1.482,-11.898,-0.000,1.487,0.009
64.56,-11.901,0.006,-1.482,-11.898,-0.000,1.487,0.009
64.58,-11.901,0.006,-1.482,-11.898,-0.000,1.487,0.009
64.60,-11.901,0.006,-1.481,-11.898,-0.000,1.487,0.009
64.63,-11.901,0.006,-1.481,-11.898,-0.000,1.487,0.009
64.65,-11.901,0.006,-1.480,-11.898,-0.000,1.487,0.009
64.67,-11.901,0.006,-1.480,-11.898,-0.000,1.487,0.009
64.69,-11.901,0.005,-1.479,-11.898,-0.000,1.487,0.010
64.71,-11.901,0.005,-1.479,-11.898,-0.000,1.487,0.010
64.73,-11.901,0.005,-1.479,-11.898,-0.000,1.487,0.011
64.75,-11.901,0.005,-1.479,-11.898,-0.000,1.487,0.011
64.77,-11.900,0.005,-1.478,-11.898,-0.000,1.487,0.011
64.79,-11.900,0.005,-1.478,-11.898,-0.000,1.487,0.011
64.81,-11.900,0.005,-1.477,-11.898,-0.000,1.487,0.012
64.83,-11.900,0.005,-1.477,-11.898,-0.000,1.487,0.012
64.86,-11.900,0.004,-1.476,-11.898,-0.000,1.487,0.012
64.88,-11.900,0.004,-1.476,-11.898,-0.000,1.487,0.012
64.90,-11.900,0.004,-1.476,-11.898,-0.000,1.487,0.013
64.92,-11.900,0.004,-1.476,-11.898,-0.000,1.487,0.013
64.94,-11.900,0.004,-1.475,-11.898,-0.000,1.487,0.013
64.96,-11.900,0.004,-1.475,-11.898,-0.000,1.487,0.013
64.98,-11.899,0.004,-1.475,-11.898,-0.000,1.487,0.013
65.00,-11.899,0.004,-1.475,-11.898,-0.000,1.487,0.013
65.02,-11.899,0.004,-1.475,-11.898,-0.000,1.487,0.013
65.04,-11.899,0.004,-1.475,-11.898,-0.000,1.487,0.013
65.06,-11.899,0.004,-1.475,-11.898,-0.000,1.487,0.013
65.08,-11.898,0.004,-1.475,-11.898,-0.000,1.487,0.013
65.10,-11.898,0.004,-1.475,-11.898,-0.000,1.487,0.013
65.13,-11.897,0.004,-1.475,-11.898,-0.000,1.487,0.013
65.15,-11.897,0.004,-1.475,-11.898,-0.000,1.487,0.013
65.17,-11.897,0.004,-1.476,-11.898,-0.000,1.487,0.013
65.19,-11.897,0.004,-1.476,-11.898,-0.000,1.487,0.013
65.21,-11.896,0.004,-1.476,-11.898,-0.000,1.487,0.012
65.23,-11.896,0.004,-1.476,-11.898,-0.000,1.487,0.012
65.25,-11.895,0.004,-1.477,-11.898,-0.000,1.487,0.012
65.27,-11.895,0.004,-1.477,-11.898,-0.000,1.487,0.012
65.29,-11.895,0.003,-1.477,-11.898,-0.000,1.487,0.011
65.31,-11.895,0.003,-1.477,-11.898,-0.000,1.487,0.011
65.33,-11.894,0.003,-1.478,-11.898,-0.000,1.487,0.011
65.35,-11.894,0.003,-1.478,-11.898,-0.000,1.487,0.011
65.37,-11.893,0.003,-1.479,-11.898,-0.000,1.487,0.010
65.40,-11.893,0.003,-1.479,-11.898,-0.000,1.487,0.010
65.42,-11.893,0.002,-1.479,-11.898,-0.000,1.487,0.010
65.44,-11.893,0.002,-1.479,-11.898,-0.000,1.487,0.010
65.46,-11.892,0.002,-1.480,-11.898,-0.000,1.487,0.010
65.48,-11.892,0.002,-1.480,-11.898,-0.000,1.487,0.010
65.50,-11.891,0.002,-1.480,-11.898,-0.000,1.487,0.010
65.52,-11.891,0.002,-1.480,-11.898,-0.000,1.487,0.010
65.54,-11.891,0.002,-1.481,-11.898,-0.000,1.487,0.010
65.56,-11.891,0.002,-1.481,-11.898,-0.000,1.487,0.010
65.58,-11.891,0.002,-1.481,-11.898,-0.000,1.487,0.010
65.60,-11.890,0.002,-1.481,-11.898,-0.000,1.487,0.011
65.63,-11.890,0.002,-1.481,-11.898,-0.000,1.487,0.011
65.65,-11.890,0.002,-1.481,-11.898,-0.000,1.487,0.011
65.67,-11.890,0.002,-1.481,-11.898,-0.000,1.487,0.011
65.69,-11.889,0.003,-1.480,-11.898,-0.000,1.487,0.012
65.71,-11.889,0.003,-1.480,-11.898,-0.000,1.487,0.012
65.73,-11.889,0.003,-1.480,-11.898,-0.000,1.487,0.012
65.75,-11.889,0.003,-1.480,-11.898,-0.000,1.487,0.012
65.77,-11.889,0.003,-1.480,-11.898,-0.000,1.487,0.012
65.79,-11.889,0.003,-1.480,-11.898,-0.000,1.487,0.012
65.81,-11.888,0.003,-1.480,-11.898,-0.000,1.487,0.013
65.83,-11.888,0.003,-1.480,-11.898,-0.000,1.487,0.013
65.85,-11.888,0.003,-1.479,-11.898,-0.000,1.487,0.013
65.88,-11.888,0.003,-1.479,-11.898,-0.000,1.487,0.013
65.90,-11.888,0.003,-1.479,-11.898,-0.000,1.487,0.014
65.92,-11.888,0.003,-1.479,-11.898,-0.000,1.487,0.014
65.94,-11.887,0.003,-1.479,-11.898,-0.000,1.487,0.014
65.96,-11.887,0.003,-1.479,-11.898,-0.000,1.487,0.014
65.98,-11.887,0.003,-1.479,-11.898,-0.000,1.487,0.015
66.00,-11.887,0.003,-1.479,-11.898,-0.000,1.487,0.015
66.02,-11.886,0.003,-1.479,-11.898,-0.000,1.487,0.015
66.04,-11.886,0.003,-1.479,-11.898,-0.000,1.487,0.015
66.06,-11.886,0.003,-1.479,-11.898,-0.000,1.487,0.015
66.08,-11.886,0.003,-1.479,-11.898,-0.000,1.487,0.015
66.10,-11.886,0.003,-1.479,-11.898,-0.000,1.487,0.015
66.12,-11.885,0.003,-1.479,-11.898,-0.000,1.487,0.016
66.15,-11.885,0.003,-1.479,-11.898,-0.000,1.487,0.016
66.17,-11.884,0.003,-1.479,-11.898,-0.000,1.487,0.016
66.19,-11.884,0.003,-1.479,-11.898,-0.000,1.487,0.016
66.21,-11.884,0.004,-1.480,-11.898,-0.000,1.487,0.017
66.23,-11.884,0.004,-1.480,-11.898,-0.000,1.487,0.017
66.25,-11.883,0.004,-1.480,-11.898,-0.000,1.487,0.017
66.27,-11.883,0.004,-1.480,-11.898,-0.000,1.487,0.017
66.29,-11.883,0.004,-1.480,-11.898,-0.000,1.487,0.017
66.31,-11.883,0.004,-1.480,-11.898,-0.000,1.487,0.017
66.33,-11.883,0.004,-1.480,-11.898,-0.000,1.487,0.018
66.35,-11.883,0.004,-1.480,-11.898,-0.000,1.487,0.018
66.37,-11.882,0.005,-1.480,-11.898,-0.000,1.487,0.018
66.40,-11.882,0.005,-1.480,-11.898,-0.000,1.487,0.018
66.42,-11.882,0.005,-1.481,-11.898,-0.000,1.487,0.018
66.44,-11.882,0.005,-1.481,-11.898,-0.000,1.487,0.018
66.46,-11.882,0.005,-1.481,-11.898,-0.000,1.487,0.018
66.48,-11.882,0.005,-1.481,-11.898,-0.000,1.487,0.018
66.50,-11.882,0.005,-1.481,-11.898,-0.000,1.487,0.018
66.52,-11.882,0.005,-1.481,-11.898,-0.000,1.487,0.018
66.54,-11.882,0.005,-1.481,-11.898,-0.000,1.487,0.018
66.56,-11.882,0.005,-1.481,-11.898,-0.000,1.487,0.018
66.58,-11.882,0.005,-1.481,-11.898,-0.000,1.487,0.018
66.60,-11.883,0.005,-1.481,-11.898,-0.000,1.487,0.017
66.62,-11.883,0.005,-1.481,-11.898,-0.000,1.487,0.017
66.65,-11.884,0.005,-1.481,-11.898,-0.000,1.487,0.017
66.67,-11.884,0.005,-1.481,-11.898,-0.000,1.487,0.017
66.69,-11.884,0.005,-1.481,-11.898,-0.000,1.487,0.016
66.71,-11.884,0.005,-1.481,-11.898,-0.000,1.487,0.016
66.73,-11.885,0.004,-1.480,-11.898,-0.000,1.487,0.015
66.75,-11.885,0.004,-1.480,-11.898,-0.000,1.487,0.015
66.77,-11.886,0.004,-1.480,-11.898,-0.000,1.487,0.014
66.79,-11.886,0.004,-1.480,-11.898,-0.000,1.487,0.014
66.81,-11.888,0.003,-1.480,-11.898,-0.000,1.487,0.013
66.83,-11.888,0.003,-1.480,-11.898,-0.000,1.487,0.013
66.85,-11.889,0.003,-1.480,-11.898,-0.000,1.487,0.012
66.87,-11.889,0.003,-1.480,-11.898,-0.000,1.487,0.012
66.90,-11.890,0.002,-1.480,-11.898,-0.000,1.487,0.011
66.92,-11.890,0.002,-1.480,-11.898,-0.000,1.487,0.011
66.94,-11.892,0.002,-1.480,-11.898,-0.000,1.487,0.010
66.96,-11.892,0.002,-1.480,-11.898,-0.000,1.487,0.010
66.98,-11.894,0.001,-1.480,-11.898,-0.000,1.487,0.009
67.00,-11.894,0.001,-1.480,-11.898,-0.000,1.487,0.009
67.02,-11.895,0.000,-1.480,-11.898,-0.000,1.487,0.008
67.04,-11.895,0.000,-1.480,-11.898,-0.000,1.487,0.008
67.06,-11.896,-0.001,-1.480,-11.898,-0.000,1.487,0.008
67.08,-11.896,-0.001,-1.480,-11.898,-0.000,1.487,0.008
67.10,-11.896,-0.001,-1.480,-11.898,-0.000,1.487,0.008
67.12,-11.898,-0.002,-1.479,-11.898,-0.000,1.487,0.009
67.14,-11.898,-0.002,-1.479,-11.898,-0.000,1.487,0.009
67.17,-11.899,-0.003,-1.478,-11.898,-0.000,1.487,0.009
67.19,-11.899,-0.003,-1.478,-11.898,-0.000,1.487,0.009
67.21,-11.899,-0.004,-1.478,-11.898,-0.000,1.487,0.010
67.23,-11.899,-0.004,-1.478,-11.898,-0.000,1.487,0.010
67.25,-11.899,-0.005,-1.477,-11.898,-0.000,1.487,0.011
67.27,-11.899,-0.005,-1.477,-11.898,-0.000,1.487,0.011
67.29,-11.899,-0.006,-1.477,-11.898,-0.000,1.487,0.012
67.31,-11.899,-0.006,-1.477,-11.898,-0.000,1.487,0.012
67.33,-11.899,-0.007,-1.477,-11.898,-0.000,1.487,0.013
67.35,-11.899,-0.007,-1.477,-11.898,-0.000,1.487,0.013
67.38,-11.898,-0.008,-1.476,-11.898,-0.000,1.487,0.014
67.40,-11.898,-0.008,-1.476,-11.898,-0.000,1.487,0.014
67.42,-11.898,-0.009,-1.476,-11.898,-0.000,1.487,0.014
67.44,-11.898,-0.009,-1.476,-11.898,-0.000,1.487,0.014
67.46,-11.898,-0.010,-1.477,-11.898,-0.000,1.487,0.015
67.48,-11.898,-0.010,-1.477,-11.898,-0.000,1.487,0.015
67.50,-11.897,-0.012,-1.477,-11.898,-0.000,1.487,0.016
67.52,-11.897,-0.012,-1.477,-11.898,-0.000,1.487,0.016
67.54,-11.897,-0.013,-1.477,-11.898,-0.000,1.487,0.017
67.56,-11.897,-0.013,-1.477,-11.898,-0.000,1.487,0.017
67.58,-11.897,-0.013,-1.477,-11.898,-0.000,1.487,0.017
67.60,-11.897,-0.016,-1.478,-11.898,-0.000,1.487,0.019
67.62,-11.897,-0.016,-1.478,-11.898,-0.000,1.487,0.019
67.64,-11.897,-0.018,-1.478,-11.898,-0.000,1.487,0.020
67.66,-11.897,-0.018,-1.478,-11.898,-0.000,1.487,0.020
67.69,-11.897,-0.020,-1.478,-11.898,-0.000,1.487,0.022
67.71,-11.897,-0.020,-1.478,-11.898,-0.000,1.487,0.022
67.73,-11.898,-0.022,-1.478,-11.898,-0.000,1.487,0.024
67.75,-11.898,-0.022,-1.478,-11.898,-0.000,1.487,0.024
67.77,-11.898,-0.025,-1.479,-11.898,-0.000,1.487,0.026
67.79,-11.898,-0.025,-1.479,-11.898,-0.000,1.487,0.026
67.81,-11.898,-0.027,-1.479,-11.898,-0.000,1.487,0.028
67.83,-11.898,-0.027,-1.479,-11.898,-0.000,1.487,0.028
67.85,-11.899,-0.029,-1.479,-11.898,-0.000,1.487,0.030
67.87,-11.899,-0.029,-1.479,-11.898,-0.000,1.487,0.030
67.89,-11.899,-0.031,-1.480,-11.898,-0.000,1.487,0.032
67.91,-11.899,-0.031,-1.480,-11.898,-0.000,1.487,0.032
67.93,-11.900,-0.033,-1.480,-11.898,-0.000,1.487,0.034
67.96,-11.900,-0.033,-1.480,-11.898,-0.000,1.487,0.034
67.98,-11.900,-0.035,-1.481,-11.898,-0.000,1.487,0.036
68.00,-11.900,-0.035,-1.481,-11.898,-0.000,1.487,0.036
68.02,-11.901,-0.037,-1.481,-11.898,-0.000,1.487,0.038
68.04,-11.901,-0.037,-1.481,-11.898,-0.000,1.487,0.038
68.06,-11.902,-0.038,-1.482,-11.898,-0.000,1.487,0.039
68.08,-11.902,-0.038,-1.482,-11.898,-0.000,1.487,0.039
68.10,-11.902,-0.038,-1.482,-11.898,-0.000,1.487,0.039
68.12,-11.903,-0.040,-1.482,-11.898,-0.000,1.487,0.041
68.14,-11.903,-0.040,-1.482,-11.898,-0.000,1.487,0.041
68.16,-11.905,-0.041,-1.482,-11.898,-0.000,1.487,0.042
68.18,-11.905,-0.041,-1.482,-11.898,-0.000,1.487,0.042
68.21,-11.906,-0.042,-1.482,-11.898,-0.000,1.487,0.043
68.23,-11.906,-0.042,-1.482,-11.898,-0.000,1.487,0.043
68.25,-11.908,-0.043,-1.481,-11.898,-0.000,1.487,0.044
68.27,-11.908,-0.043,-1.481,-11.898,-0.000,1.487,0.044
68.29,-11.909,-0.043,-1.481,-11.898,-0.000,1.487,0.045
68.31,-11.909,-0.043,-1.481,-11.898,-0.000,1.487,0.045
68.33,-11.911,-0.043,-1.481,-11.898,-0.000,1.487,0.046
68.35,-11.911,-0.043,-1.481,-11.898,-0.000,1.487,0.046
68.37,-11.912,-0.043,-1.480,-11.898,-0.000,1.487,0.046
68.39,-11.912,-0.043,-1.480,-11.898,-0.000,1.487,0.046
68.41,-11.913,-0.043,-1.480,-11.898,-0.000,1.487,0.047
68.43,-11.913,-0.043,-1.480,-11.898,-0.000,1.487,0.047
68.46,-11.915,-0.043,-1.480,-11.898,-0.000,1.487,0.047
68.48,-11.915,-0.043,-1.480,-11.898,-0.000,1.487,0.047
68.50,-11.916,-0.043,-1.479,-11.898,-0.000,1.487,0.047
68.52,-11.916,-0.043,-1.479,-11.898,-0.000,1.487,0.047
68.54,-11.916,-0.042,-1.479,-11.898,-0.000,1.487,0.047
68.56,-11.916,-0.042,-1.479,-11.898,-0.000,1.487,0.047
68.58,-11.917,-0.041,-1.478,-11.898,-0.000,1.487,0.046
68.60,-11.917,-0.041,-1.478,-11.898,-0.000,1.487,0.046
68.62,-11.917,-0.041,-1.478,-11.898,-0.000,1.487,0.046
68.64,-11.918,-0.040,-1.478,-11.898,-0.000,1.487,0.046
68.66,-11.918,-0.040,-1.478,-11.898,-0.000,1.487,0.046
68.69,-11.918,-0.039,-1.478,-11.898,-0.000,1.487,0.045
68.71,-11.918,-0.039,-1.478,-11.898,-0.000,1.487,0.045
68.73,-11.918,-0.038,-1.478,-11.898,-0.000,1.487,0.044
68.75,-11.918,-0.038,-1.478,-11.898,-0.000,1.487,0.044
68.77,-11.918,-0.037,-1.478,-11.898,-0.000,1.487,0.043
68.79,-11.918,-0.037,-1.478,-11.898,-0.000,1.487,0.043
68.81,-11.918,-0.036,-1.478,-11.898,-0.000,1.487,0.042
68.83,-11.918,-0.036,-1.478,-11.898,-0.000,1.487,0.042
68.85,-11.918,-0.035,-1.478,-11.898,-0.000,1.487,0.041
68.87,-11.918,-0.035,-1.478,-11.898,-0.000,1.487,0.041
68.89,-11.918,-0.034,-1.478,-11.898,-0.000,1.487,0.040
68.91,-11.918,-0.034,-1.478,-11.898,-0.000,1.487,0.040
68.93,-11.918,-0.033,-1.478,-11.898,-0.000,1.487,0.039
68.96,-11.918,-0.033,-1.478,-11.898,-0.000,1.487,0.039
68.98,-11.919,-0.031,-1.479,-11.898,-0.000,1.487,0.038
69.00,-11.919,-0.031,-1.479,-11.898,-0.000,1.487,0.038
69.02,-11.920,-0.030,-1.479,-11.898,-0.000,1.487,0.038
69.04,-11.920,-0.030,-1.479,-11.898,-0.000,1.487,0.038
69.06,-11.920,-0.028,-1.479,-11.898,-0.000,1.487,0.037
69.08,-11.920,-0.028,-1.479,-11.898,-0.000,1.487,0.037
69.10,-11.920,-0.028,-1.479,-11.898,-0.000,1.487,0.037
69.12,-11.922,-0.026,-1.480,-11.898,-0.000,1.487,0.036
69.14,-11.922,-0.026,-1.480,-11.898,-0.000,1.487,0.036
69.16,-11.923,-0.024,-1.480,-11.898,-0.000,1.487,0.036
69.18,-11.923,-0.024,-1.480,-11.898,-0.000,1.487,0.036
69.20,-11.925,-0.022,-1.480,-11.898,-0.000,1.487,0.035
69.23,-11.925,-0.022,-1.480,-11.898,-0.000,1.487,0.035
69.25,-11.926,-0.020,-1.481,-11.898,-0.000,1.487,0.035
69.27,-11.926,-0.020,-1.481,-11.898,-0.000,1.487,0.035
69.29,-11.927,-0.018,-1.482,-11.898,-0.000,1.487,0.035
69.31,-11.927,-0.018,-1.482,-11.898,-0.000,1.487,0.035
69.33,-11.929,-0.016,-1.483,-11.898,-0.000,1.487,0.035
69.35,-11.929,-0.016,-1.483,-11.898,-0.000,1.487,0.035
69.37,-11.930,-0.014,-1.483,-11.898,-0.000,1.487,0.035
69.39,-11.930,-0.014,-1.483,-11.898,-0.000,1.487,0.035
69.41,-11.931,-0.012,-1.484,-11.898,-0.000,1.487,0.035
69.43,-11.931,-0.012,-1.484,-11.898,-0.000,1.487,0.035
69.46,-11.932,-0.010,-1.486,-11.898,-0.000,1.487,0.035
69.48,-11.932,-0.010,-1.486,-11.898,-0.000,1.487,0.035
69.50,-11.933,-0.007,-1.487,-11.898,-0.000,1.487,0.036
69.52,-11.933,-0.007,-1.487,-11.898,-0.000,1.487,0.036
69.54,-11.933,-0.005,-1.488,-11.898,-0.000,1.487,0.036
69.56,-11.933,-0.005,-1.488,-11.898,-0.000,1.487,0.036
69.58,-11.934,-0.003,-1.489,-11.898,-0.000,1.487,0.036
69.60,-11.934,-0.003,-1.489,-11.898,-0.000,1.487,0.036
69.62,-11.934,-0.003,-1.489,-11.898,-0.000,1.487,0.036
69.64,-11.934,-0.000,-1.490,-11.898,-0.000,1.487,0.036
69.66,-11.934,-0.000,-1.490,-11.898,-0.000,1.487,0.036
69.68,-11.933,0.002,-1.490,-11.898,-0.000,1.487,0.035
69.70,-11.933,0.002,-1.490,-11.898,-0.000,1.487,0.035
69.73,-11.932,0.004,-1.491,-11.898,-0.000,1.487,0.035
69.75,-11.932,0.004,-1.491,-11.898,-0.000,1.487,0.035
69.77,-11.931,0.006,-1.491,-11.898,-0.000,1.487,0.034
69.79,-11.931,0.006,-1.491,-11.898,-0.000,1.487,0.034
69.81,-11.930,0.007,-1.491,-11.898,-0.000,1.487,0.033
69.83,-11.930,0.007,-1.491,-11.898,-0.000,1.487,0.033
69.85,-11.929,0.009,-1.491,-11.898,-0.000,1.487,0.032
69.87,-11.929,0.009,-1.491,-11.898,-0.000,1.487,0.032
69.89,-11.927,0.010,-1.491,-11.898,-0.000,1.487,0.031
69.91,-11.927,0.010,-1.491,-11.898,-0.000,1.487,0.031
69.93,-11.926,0.012,-1.491,-11.898,-0.000,1.487,0.030
69.96,-11.926,0.012,-1.491,-11.898,-0.000,1.487,0.030
69.98,-11.923,0.013,-1.490,-11.898,-0.000,1.487,0.029
70.00,-11.923,0.013,-1.490,-11.898,-0.000,1.487,0.029
70.02,-11.921,0.014,-1.490,-11.898,-0.000,1.487,0.027
70.04,-11.921,0.014,-1.490,-11.898,-0.000,1.487,0.027
70.06,-11.919,0.016,-1.490,-11.898,-0.000,1.487,0.026
70.08,-11.919,0.016,-1.490,-11.898,-0.000,1.487,0.026
70.10,-11.919,0.016,-1.490,-11.898,-0.000,1.487,0.026
70.12,-11.916,0.017,-1.490,-11.898,-0.000,1.487,0.025
70.14,-11.916,0.017,-1.490,-11.898,-0.000,1.487,0.025
70.16,-11.914,0.018,-1.489,-11.898,-0.000,1.487,0.025
70.18,-11.914,0.018,-1.489,-11.898,-0.000,1.487,0.025
70.20,-11.912,0.019,-1.489,-11.898,-0.000,1.487,0.024
70.22,-11.912,0.019,-1.489,-11.898,-0.000,1.487,0.024
70.25,-11.911,0.020,-1.490,-11.898,-0.000,1.487,0.024
70.27,-11.911,0.020,-1.490,-11.898,-0.000,1.487,0.024
70.29,-11.909,0.021,-1.490,-11.898,-0.000,1.487,0.024
70.31,-11.909,0.021,-1.490,-11.898,-0.000,1.487,0.024
70.33,-11.908,0.021,-1.490,-11.898,-0.000,1.487,0.024
70.35,-11.908,0.021,-1.490,-11.898,-0.000,1.487,0.024
70.37,-11.906,0.022,-1.490,-11.898,-0.000,1.487,0.023
70.39,-11.906,0.022,-1.490,-11.898,-0.000,1.487,0.023
70.41,-11.905,0.022,-1.491,-11.898,-0.000,1.487,0.024
70.43,-11.905,0.022,-1.491,-11.898,-0.000,1.487,0.024
70.45,-11.903,0.023,-1.491,-11.898,-0.000,1.487,0.024
70.48,-11.903,0.023,-1.491,-11.898,-0.000,1.487,0.024
70.50,-11.901,0.023,-1.491,-11.898,-0.000,1.487,0.024
70.52,-11.901,0.023,-1.491,-11.898,-0.000,1.487,0.024
70.54,-11.900,0.024,-1.491,-11.898,-0.000,1.487,0.024
70.56,-11.900,0.024,-1.491,-11.898,-0.000,1.487,0.024
70.58,-11.898,0.024,-1.491,-11.898,-0.000,1.487,0.024
70.60,-11.898,0.024,-1.491,-11.898,-0.000,1.487,0.024
70.62,-11.898,0.024,-1.491,-11.898,-0.000,1.487,0.024
70.64,-11.896,0.023,-1.491,-11.898,-0.000,1.487,0.024
70.66,-11.896,0.023,-1.491,-11.898,-0.000,1.487,0.024
70.68,-11.895,0.023,-1.491,-11.898,-0.000,1.487,0.024
70.71,-11.895,0.023,-1.491,-11.898,-0.000,1.487,0.024
70.73,-11.894,0.023,-1.491,-11.898,-0.000,1.487,0.024
70.75,-11.894,0.023,-1.491,-11.898,-0.000,1.487,0.024
70.77,-11.893,0.022,-1.491,-11.898,-0.000,1.487,0.023
70.79,-11.893,0.022,-1.491,-11.898,-0.000,1.487,0.023
70.81,-11.892,0.022,-1.491,-11.898,-0.000,1.487,0.023
70.83,-11.892,0.022,-1.491,-11.898,-0.000,1.487,0.023
70.85,-11.891,0.021,-1.491,-11.898,-0.000,1.487,0.023
70.87,-11.891,0.021,-1.491,-11.898,-0.000,1.487,0.023
70.89,-11.890,0.021,-1.491,-11.898,-0.000,1.487,0.022
70.91,-11.890,0.021,-1.491,-11.898,-0.000,1.487,0.022
70.93,-11.889,0.020,-1.490,-11.898,-0.000,1.487,0.022
70.95,-11.889,0.020,-1.490,-11.898,-0.000,1.487,0.022
70.98,-11.888,0.019,-1.490,-11.898,-0.000,1.487,0.022
71.00,-11.888,0.019,-1.490,-11.898,-0.000,1.487,0.022
71.02,-11.887,0.019,-1.490,-11.898,-0.000,1.487,0.022
71.04,-11.887,0.019,-1.490,-11.898,-0.000,1.487,0.022
71.06,-11.886,0.019,-1.489,-11.898,-0.000,1.487,0.023
71.08,-11.886,0.019,-1.489,-11.898,-0.000,1.487,0.023
71.10,-11.885,0.018,-1.489,-11.898,-0.000,1.487,0.023
71.12,-11.885,0.018,-1.489,-11.898,-0.000,1.487,0.023
71.14,-11.885,0.018,-1.489,-11.898,-0.000,1.487,0.023
71.16,-11.883,0.018,-1.489,-11.898,-0.000,1.487,0.023
71.18,-11.883,0.018,-1.489,-11.898,-0.000,1.487,0.023
71.20,-11.882,0.018,-1.488,-11.898,-0.000,1.487,0.024
71.22,-11.882,0.018,-1.488,-11.898,-0.000,1.487,0.024
71.25,-11.882,0.017,-1.488,-11.898,-0.000,1.487,0.024
71.27,-11.882,0.017,-1.488,-11.898,-0.000,1.487,0.024
71.29,-11.881,0.017,-1.488,-11.898,-0.000,1.487,0.024
71.31,-11.881,0.017,-1.488,-11.898,-0.000,1.487,0.024
71.33,-11.880,0.017,-1.488,-11.898,-0.000,1.487,0.025
71.35,-11.880,0.017,-1.488,-11.898,-0.000,1.487,0.025
71.37,-11.879,0.017,-1.488,-11.898,-0.000,1.487,0.025
71.39,-11.879,0.017,-1.488,-11.898,-0.000,1.487,0.025
71.41,-11.879,0.017,-1.488,-11.898,-0.000,1.487,0.025
71.43,-11.879,0.017,-1.488,-11.898,-0.000,1.487,0.025
71.45,-11.878,0.016,-1.488,-11.898,-0.000,1.487,0.026
71.47,-11.878,0.016,-1.488,-11.898,-0.000,1.487,0.026
71.49,-11.878,0.016,-1.487,-11.898,-0.000,1.487,0.026
71.52,-11.878,0.016,-1.487,-11.898,-0.000,1.487,0.026
71.54,-11.877,0.016,-1.487,-11.898,-0.000,1.487,0.026
71.56,-11.877,0.016,-1.487,-11.898,-0.000,1.487,0.026
71.58,-11.877,0.016,-1.488,-11.898,-0.000,1.487,0.026
71.60,-11.877,0.016,-1.488,-11.898,-0.000,1.487,0.026
71.62,-11.877,0.016,-1.488,-11.898,-0.000,1.487,0.026
71.64,-11.877,0.016,-1.488,-11.898,-0.000,1.487,0.027
71.66,-11.877,0.016,-1.488,-11.898,-0.000,1.487,0.027
71.68,-11.876,0.015,-1.488,-11.898,-0.000,1.487,0.027
71.70,-11.876,0.015,-1.488,-11.898,-0.000,1.487,0.027
71.72,-11.876,0.015,-1.488,-11.898,-0.000,1.487,0.027
71.74,-11.876,0.015,-1.488,-11.898,-0.000,1.487,0.027
71.77,-11.876,0.015,-1.488,-11.898,-0.000,1.487,0.027
71.79,-11.876,0.015,-1.488,-11.898,-0.000,1.487,0.027
71.81,-11.876,0.015,-1.487,-11.898,-0.000,1.487,0.027
71.83,-11.876,0.015,-1.487,-11.898,-0.000,1.487,0.027
71.85,-11.876,0.014,-1.487,-11.898,-0.000,1.487,0.027
71.87,-11.876,0.014,-1.487,-11.898,-0.000,1.487,0.027
71.89,-11.876,0.014,-1.487,-11.898,-0.000,1.487,0.026
71.91,-11.876,0.014,-1.487,-11.898,-0.000,1.487,0.026
71.93,-11.875,0.013,-1.487,-11.898,-0.000,1.487,0.026
71.95,-11.875,0.013,-1.487,-11.898,-0.000,1.487,0.026
71.97,-11.875,0.013,-1.487,-11.898,-0.000,1.487,0.026
71.99,-11.875,0.013,-1.487,-11.898,-0.000,1.487,0.026
72.02,-11.875,0.012,-1.487,-11.898,-0.000,1.487,0.026
72.04,-11.875,0.012,-1.487,-11.898,-0.000,1.487,0.026
72.06,-11.876,0.011,-1.486,-11.898,-0.000,1.487,0.025
72.08,-11.876,0.011,-1.486,-11.898,-0.000,1.487,0.025
72.10,-11.876,0.010,-1.486,-11.898,-0.000,1.487,0.025
72.12,-11.876,0.010,-1.486,-11.898,-0.000,1.487,0.025
72.14,-11.876,0.010,-1.486,-11.898,-0.000,1.487,0.025
72.16,-11.876,0.009,-1.486,-11.898,-0.000,1.487,0.024
72.18,-11.876,0.009,-1.486,-11.898,-0.000,1.487,0.024
72.20,-11.876,0.007,-1.486,-11.898,-0.000,1.487,0.023
72.22,-11.876,0.007,-1.486,-11.898,-0.000,1.487,0.023
72.24,-11.877,0.006,-1.485,-11.898,-0.000,1.487,0.022
72.27,-11.877,0.006,-1.485,-11.898,-0.000,1.487,0.022
72.29,-11.877,0.005,-1.485,-11.898,-0.000,1.487,0.022
72.31,-11.877,0.005,-1.485,-11.898,-0.000,1.487,0.022
72.33,-11.878,0.004,-1.485,-11.898,-0.000,1.487,0.021
72.35,-11.878,0.004,-1.485,-11.898,-0.000,1.487,0.021
72.37,-11.878,0.004,-1.485,-11.898,-0.000,1.487,0.020
72.39,-11.878,0.004,-1.485,-11.898,-0.000,1.487,0.020
72.41,-11.879,0.003,-1.485,-11.898,-0.000,1.487,0.020
72.43,-11.879,0.003,-1.485,-11.898,-0.000,1.487,0.020
72.45,-11.879,0.003,-1.485,-11.898,-0.000,1.487,0.019
72.47,-11.879,0.003,-1.485,-11.898,-0.000,1.487,0.019
72.50,-11.880,0.002,-1.485,-11.898,-0.000,1.487,0.018
72.52,-11.880,0.002,-1.485,-11.898,-0.000,1.487,0.018
72.54,-11.882,0.002,-1.485,-11.898,-0.000,1.487,0.017
72.56,-11.882,0.002,-1.485,-11.898,-0.000,1.487,0.017
72.58,-11.883,0.002,-1.485,-11.898,-0.000,1.487,0.016
72.60,-11.883,0.002,-1.485,-11.898,-0.000,1.487,0.016
72.62,-11.883,0.002,-1.485,-11.898,-0.000,1.487,0.016
72.64,-11.885,0.001,-1.485,-11.898,-0.000,1.487,0.014
72.66,-11.885,0.001,-1.485,-11.898,-0.000,1.487,0.014
72.68,-11.886,0.001,-1.485,-11.898,-0.000,1.487,0.012
72.70,-11.886,0.001,-1.485,-11.898,-0.000,1.487,0.012
72.72,-11.889,0.000,-1.485,-11.898,-0.000,1.487,0.010
72.75,-11.889,0.000,-1.485,-11.898,-0.000,1.487,0.010
72.77,-11.890,-0.000,-1.485,-11.898,-0.000,1.487,0.008
72.79,-11.890,-0.000,-1.485,-11.898,-0.000,1.487,0.008
72.81,-11.892,-0.000,-1.485,-11.898,-0.000,1.487,0.007
72.83,-11.892,-0.000,-1.485,-11.898,-0.000,1.487,0.007
72.85,-11.894,-0.001,-1.485,-11.898,-0.000,1.487,0.005
72.87,-11.894,-0.001,-1.485,-11.898,-0.000,1.487,0.005
72.89,-11.896,-0.001,-1.485,-11.898,-0.000,1.487,0.004
72.91,-11.896,-0.001,-1.485,-11.898,-0.000,1.487,0.004
72.93,-11.898,-0.001,-1.485,-11.898,-0.000,1.487,0.003
72.95,-11.898,-0.001,-1.485,-11.898,-0.000,1.487,0.003
72.97,-11.899,-0.001,-1.485,-11.898,-0.000,1.487,0.003
72.99,-11.899,-0.001,-1.485,-11.898,-0.000,1.487,0.003
73.02,-11.901,-0.002,-1.485,-11.898,-0.000,1.487,0.004
73.04,-11.901,-0.002,-1.485,-11.898,-0.000,1.487,0.004
73.06,-11.903,-0.002,-1.485,-11.898,-0.000,1.487,0.006
73.08,-11.903,-0.002,-1.485,-11.898,-0.000,1.487,0.006
73.10,-11.905,-0.002,-1.485,-11.898,-0.000,1.487,0.007
73.12,-11.905,-0.002,-1.485,-11.898,-0.000,1.487,0.007
73.14,-11.905,-0.002,-1.485,-11.898,-0.000,1.487,0.007
73.16,-11.907,-0.001,-1.485,-11.898,-0.000,1.487,0.009
73.18,-11.907,-0.001,-1.485,-11.898,-0.000,1.487,0.009
73.20,-11.908,-0.001,-1.485,-11.898,-0.000,1.487,0.010
73.22,-11.908,-0.001,-1.485,-11.898,-0.000,1.487,0.010
73.25,-11.909,0.000,-1.485,-11.898,-0.000,1.487,0.012
73.27,-11.909,0.000,-1.485,-11.898,-0.000,1.487,0.012
73.29,-11.910,0.001,-1.485,-11.898,-0.000,1.487,0.013
73.31,-11.910,0.001,-1.485,-11.898,-0.000,1.487,0.013
73.33,-11.911,0.003,-1.485,-11.898,-0.000,1.487,0.014
73.35,-11.911,0.003,-1.485,-11.898,-0.000,1.487,0.014
73.37,-11.912,0.004,-1.485,-11.898,-0.000,1.487,0.014
73.39,-11.912,0.004,-1.485,-11.898,-0.000,1.487,0.014
73.41,-11.912,0.005,-1.485,-11.898,-0.000,1.487,0.015
73.43,-11.912,0.005,-1.485,-11.898,-0.000,1.487,0.015
73.45,-11.913,0.006,-1.484,-11.898,-0.000,1.487,0.016
73.47,-11.913,0.006,-1.484,-11.898,-0.000,1.487,0.016
73.49,-11.913,0.007,-1.484,-11.898,-0.000,1.487,0.017
73.52,-11.913,0.007,-1.484,-11.898,-0.000,1.487,0.017
73.54,-11.913,0.008,-1.484,-11.898,-0.000,1.487,0.017
73.56,-11.913,0.008,-1.484,-11.898,-0.000,1.487,0.017
73.58,-11.913,0.008,-1.484,-11.898,-0.000,1.487,0.017
73.60,-11.913,0.008,-1.484,-11.898,-0.000,1.487,0.017
73.62,-11.912,0.009,-1.483,-11.898,-0.000,1.487,0.017
73.64,-11.912,0.009,-1.483,-11.898,-0.000,1.487,0.017
73.66,-11.912,0.009,-1.483,-11.898,-0.000,1.487,0.017
73.68,-11.912,0.009,-1.483,-11.898,-0.000,1.487,0.017
73.70,-11.912,0.009,-1.483,-11.898,-0.000,1.487,0.017
73.72,-11.912,0.009,-1.483,-11.898,-0.000,1.487,0.017
73.74,-11.912,0.009,-1.483,-11.898,-0.000,1.487,0.017
73.77,-11.911,0.008,-1.483,-11.898,-0.000,1.487,0.016
73.79,-11.911,0.008,-1.483,-11.898,-0.000,1.487,0.016
73.81,-11.911,0.008,-1.483,-11.898,-0.000,1.487,0.015
73.83,-11.911,0.008,-1.483,-11.898,-0.000,1.487,0.015
73.85,-11.910,0.007,-1.483,-11.898,-0.000,1.487,0.014
73.87,-11.910,0.007,-1.483,-11.898,-0.000,1.487,0.014
73.89,-11.909,0.006,-1.483,-11.898,-0.000,1.487,0.013
73.91,-11.909,0.006,-1.483,-11.898,-0.000,1.487,0.013
73.93,-11.908,0.005,-1.483,-11.898,-0.000,1.487,0.012
73.95,-11.908,0.005,-1.483,-11.898,-0.000,1.487,0.012
73.97,-11.908,0.004,-1.483,-11.898,-0.000,1.487,0.011
73.99,-11.908,0.004,-1.483,-11.898,-0.000,1.487,0.011
74.02,-11.907,0.003,-1.483,-11.898,-0.000,1.487,0.010
74.04,-11.907,0.003,-1.483,-11.898,-0.000,1.487,0.010
74.06,-11.905,0.002,-1.482,-11.898,-0.000,1.487,0.009
74.08,-11.905,0.002,-1.482,-11.898,-0.000,1.487,0.009
74.10,-11.904,0.001,-1.482,-11.898,-0.000,1.487,0.008
74.12,-11.904,0.001,-1.482,-11.898,-0.000,1.487,0.008
74.14,-11.904,0.001,-1.482,-11.898,-0.000,1.487,0.008
74.16,-11.902,-0.000,-1.482,-11.898,-0.000,1.487,0.007
74.18,-11.902,-0.000,-1.482,-11.898,-0.000,1.487,0.007
74.20,-11.901,-0.001,-1.483,-11.898,-0.000,1.487,0.006
74.22,-11.901,-0.001,-1.483,-11.898,-0.000,1.487,0.006
74.24,-11.899,-0.002,-1.483,-11.898,-0.000,1.487,0.005
74.27,-11.899,-0.002,-1.483,-11.898,-0.000,1.487,0.005
74.29,-11.898,-0.002,-1.483,-11.898,-0.000,1.487,0.005
74.31,-11.898,-0.002,-1.483,-11.898,-0.000,1.487,0.005
74.33,-11.897,-0.003,-1.484,-11.898,-0.000,1.487,0.005
74.35,-11.897,-0.003,-1.484,-11.898,-0.000,1.487,0.005
74.37,-11.895,-0.003,-1.484,-11.898,-0.000,1.487,0.005
74.39,-11.895,-0.003,-1.484,-11.898,-0.000,1.487,0.005
74.41,-11.894,-0.003,-1.485,-11.898,-0.000,1.487,0.006
74.43,-11.894,-0.003,-1.485,-11.898,-0.000,1.487,0.006
74.45,-11.893,-0.004,-1.485,-11.898,-0.000,1.487,0.007
74.47,-11.893,-0.004,-1.485,-11.898,-0.000,1.487,0.007
74.49,-11.892,-0.004,-1.485,-11.898,-0.000,1.487,0.007
74.51,-11.892,-0.004,-1.485,-11.898,-0.000,1.487,0.007
74.54,-11.891,-0.004,-1.486,-11.898,-0.000,1.487,0.008
74.56,-11.891,-0.004,-1.486,-11.898,-0.000,1.487,0.008
74.58,-11.890,-0.005,-1.487,-11.898,-0.000,1.487,0.009
74.60,-11.890,-0.005,-1.487,-11.898,-0.000,1.487,0.009
74.62,-11.889,-0.005,-1.487,-11.898,-0.000,1.487,0.010
74.64,-11.889,-0.005,-1.487,-11.898,-0.000,1.487,0.010
74.66,-11.889,-0.005,-1.487,-11.898,-0.000,1.487,0.010
74.68,-11.889,-0.005,-1.488,-11.898,-0.000,1.487,0.011
74.70,-11.889,-0.005,-1.488,-11.898,-0.000,1.487,0.011
74.72,-11.888,-0.005,-1.489,-11.898,-0.000,1.487,0.011
74.74,-11.888,-0.005,-1.489,-11.898,-0.000,1.487,0.011
74.76,-11.888,-0.005,-1.489,-11.898,-0.000,1.487,0.011
74.78,-11.888,-0.005,-1.489,-11.898,-0.000,1.487,0.011
74.81,-11.889,-0.005,-1.490,-11.898,-0.000,1.487,0.011
74.83,-11.889,-0.005,-1.490,-11.898,-0.000,1.487,0.011
74.85,-11.890,-0.005,-1.491,-11.898,-0.000,1.487,0.010
74.87,-11.890,-0.005,-1.491,-11.898,-0.000,1.487,0.010
74.89,-11.891,-0.005,-1.491,-11.898,-0.000,1.487,0.010
74.91,-11.891,-0.005,-1.491,-11.898,-0.000,1.487,0.010
74.93,-11.892,-0.005,-1.492,-11.898,-0.000,1.487,0.009
74.95,-11.892,-0.005,-1.492,-11.898,-0.000,1.487,0.009
74.97,-11.893,-0.005,-1.493,-11.898,-0.000,1.487,0.009
74.99,-11.893,-0.005,-1.493,-11.898,-0.000,1.487,0.009
75.01,-11.895,-0.005,-1.494,-11.898,-0.000,1.487,0.008
75.03,-11.895,-0.005,-1.494,-11.898,-0.000,1.487,0.008
75.06,-11.897,-0.004,-1.495,-11.898,-0.000,1.487,0.008
75.08,-11.897,-0.004,-1.495,-11.898,-0.000,1.487,0.008
75.10,-11.899,-0.004,-1.495,-11.898,-0.000,1.487,0.009
75.12,-11.899,-0.004,-1.495,-11.898,-0.000,1.487,0.009
75.14,-11.899,-0.004,-1.495,-11.898,-0.000,1.487,0.009
75.16,-11.901,-0.004,-1.496,-11.898,-0.000,1.487,0.010
75.18,-11.901,-0.004,-1.496,-11.898,-0.000,1.487,0.010
75.20,-11.903,-0.004,-1.496,-11.898,-0.000,1.487,0.011
75.22,-11.903,-0.004,-1.496,-11.898,-0.000,1.487,0.011
75.24,-11.905,-0.004,-1.497,-11.898,-0.000,1.487,0.012
75.26,-11.905,-0.004,-1.497,-11.898,-0.000,1.487,0.012
75.28,-11.907,-0.004,-1.497,-11.898,-0.000,1.487,0.014
75.31,-11.907,-0.004,-1.497,-11.898,-0.000,1.487,0.014
75.33,-11.908,-0.003,-1.498,-11.898,-0.000,1.487,0.015
75.35,-11.908,-0.003,-1.498,-11.898,-0.000,1.487,0.015
75.37,-11.910,-0.003,-1.498,-11.898,-0.000,1.487,0.016
75.39,-11.910,-0.003,-1.498,-11.898,-0.000,1.487,0.016
75.41,-11.911,-0.003,-1.498,-11.898,-0.000,1.487,0.017
75.43,-11.911,-0.003,-1.498,-11.898,-0.000,1.487,0.017
75.45,-11.913,-0.002,-1.498,-11.898,-0.000,1.487,0.019
75.47,-11.913,-0.002,-1.498,-11.898,-0.000,1.487,0.019
75.49,-11.914,-0.002,-1.499,-11.898,-0.000,1.487,0.020
75.51,-11.914,-0.002,-1.499,-11.898,-0.000,1.487,0.020
75.54,-11.916,-0.002,-1.499,-11.898,-0.000,1.487,0.022
75.56,-11.916,-0.002,-1.499,-11.898,-0.000,1.487,0.022
75.58,-11.918,-0.002,-1.499,-11.898,-0.000,1.487,0.023
75.60,-11.918,-0.002,-1.499,-11.898,-0.000,1.487,0.023
75.62,-11.920,-0.001,-1.498,-11.898,-0.000,1.487,0.024
75.64,-11.920,-0.001,-1.498,-11.898,-0.000,1.487,0.024
75.66,-11.920,-0.001,-1.498,-11.898,-0.000,1.487,0.024
75.68,-11.923,-0.001,-1.498,-11.898,-0.000,1.487,0.027
75.70,-11.923,-0.001,-1.498,-11.898,-0.000,1.487,0.027
75.72,-11.924,-0.001,-1.498,-11.898,-0.000,1.487,0.028
75.74,-11.924,-0.001,-1.498,-11.898,-0.000,1.487,0.028
75.76,-11.927,-0.001,-1.498,-11.898,-0.000,1.487,0.030
75.78,-11.927,-0.001,-1.498,-11.898,-0.000,1.487,0.030
75.81,-11.928,-0.001,-1.497,-11.898,-0.000,1.487,0.032
75.83,-11.928,-0.001,-1.497,-11.898,-0.000,1.487,0.032
75.85,-11.929,-0.001,-1.497,-11.898,-0.000,1.487,0.033
75.87,-11.929,-0.001,-1.497,-11.898,-0.000,1.487,0.033
75.89,-11.930,-0.002,-1.496,-11.898,-0.000,1.487,0.034
75.91,-11.930,-0.002,-1.496,-11.898,-0.000,1.487,0.034
75.93,-11.931,-0.002,-1.496,-11.898,-0.000,1.487,0.034
75.95,-11.931,-0.002,-1.496,-11.898,-0.000,1.487,0.034
75.97,-11.932,-0.002,-1.496,-11.898,-0.000,1.487,0.035
75.99,-11.932,-0.002,-1.496,-11.898,-0.000,1.487,0.035
76.01,-11.933,-0.002,-1.495,-11.898,-0.000,1.487,0.035
76.04,-11.933,-0.002,-1.495,-11.898,-0.000,1.487,0.035
76.06,-11.933,-0.002,-1.495,-11.898,-0.000,1.487,0.036
76.08,-11.933,-0.002,-1.495,-11.898,-0.000,1.487,0.036
76.10,-11.933,-0.002,-1.495,-11.898,-0.000,1.487,0.036
76.12,-11.933,-0.002,-1.495,-11.898,-0.000,1.487,0.036
76.14,-11.933,-0.002,-1.495,-11.898,-0.000,1.487,0.036
76.16,-11.933,-0.002,-1.495,-11.898,-0.000,1.487,0.036
76.18,-11.933,-0.002,-1.495,-11.898,-0.000,1.487,0.036
76.20,-11.931,-0.002,-1.494,-11.898,-0.000,1.487,0.034
76.22,-11.931,-0.002,-1.494,-11.898,-0.000,1.487,0.034
76.24,-11.930,-0.002,-1.494,-11.898,-0.000,1.487,0.033
76.26,-11.930,-0.002,-1.494,-11.898,-0.000,1.487,0.033
76.28,-11.928,-0.002,-1.494,-11.898,-0.000,1.487,0.031
76.31,-11.928,-0.002,-1.494,-11.898,-0.000,1.487,0.031
76.33,-11.926,-0.002,-1.495,-11.898,-0.000,1.487,0.029
76.35,-11.926,-0.002,-1.495,-11.898,-0.000,1.487,0.029
76.37,-11.924,-0.002,-1.495,-11.898,-0.000,1.487,0.027
76.39,-11.924,-0.002,-1.495,-11.898,-0.000,1.487,0.027
76.41,-11.922,-0.003,-1.495,-11.898,-0.000,1.487,0.025
76.43,-11.922,-0.003,-1.495,-11.898,-0.000,1.487,0.025
76.45,-11.920,-0.003,-1.495,-11.898,-0.000,1.487,0.023
76.47,-11.920,-0.003,-1.495,-11.898,-0.000,1.487,0.023
76.49,-11.917,-0.004,-1.495,-11.898,-0.000,1.487,0.021
76.52,-11.917,-0.004,-1.495,-11.898,-0.000,1.487,0.021
76.54,-11.915,-0.005,-1.495,-11.898,-0.000,1.487,0.019
76.56,-11.915,-0.005,-1.495,-11.898,-0.000,1.487,0.019
76.58,-11.912,-0.005,-1.495,-11.898,-0.000,1.487,0.017
76.60,-11.912,-0.005,-1.495,-11.898,-0.000,1.487,0.017
76.62,-11.910,-0.006,-1.495,-11.898,-0.000,1.487,0.015
76.64,-11.910,-0.006,-1.495,-11.898,-0.000,1.487,0.015
76.66,-11.910,-0.006,-1.495,-11.898,-0.000,1.487,0.015
76.68,-11.906,-0.006,-1.495,-11.898,-0.000,1.487,0.013
76.70,-11.906,-0.006,-1.495,-11.898,-0.000,1.487,0.013
76.72,-11.904,-0.007,-1.495,-11.898,-0.000,1.487,0.012
76.74,-11.904,-0.007,-1.495,-11.898,-0.000,1.487,0.012
76.77,-11.902,-0.007,-1.495,-11.898,-0.000,1.487,0.011
76.79,-11.902,-0.007,-1.495,-11.898,-0.000,1.487,0.011
76.81,-11.900,-0.007,-1.495,-11.898,-0.000,1.487,0.010
76.83,-11.900,-0.007,-1.495,-11.898,-0.000,1.487,0.010
76.85,-11.899,-0.008,-1.494,-11.898,-0.000,1.487,0.010
76.87,-11.899,-0.008,-1.494,-11.898,-0.000,1.487,0.010
76.89,-11.897,-0.008,-1.494,-11.898,-0.000,1.487,0.010
76.91,-11.897,-0.008,-1.494,-11.898,-0.000,1.487,0.010
76.93,-11.896,-0.008,-1.494,-11.898,-0.000,1.487,0.010
76.95,-11.896,-0.008,-1.494,-11.898,-0.000,1.487,0.010
76.97,-11.895,-0.008,-1.493,-11.898,-0.000,1.487,0.010
76.99,-11.895,-0.008,-1.493,-11.898,-0.000,1.487,0.010
77.02,-11.893,-0.008,-1.493,-11.898,-0.000,1.487,0.011
77.04,-11.893,-0.008,-1.493,-11.898,-0.000,1.487,0.011
77.06,-11.892,-0.008,-1.492,-11.898,-0.000,1.487,0.011
77.08,-11.892,-0.008,-1.492,-11.898,-0.000,1.487,0.011
77.10,-11.891,-0.009,-1.491,-11.898,-0.000,1.487,0.011
77.12,-11.891,-0.009,-1.491,-11.898,-0.000,1.487,0.011
77.14,-11.891,-0.009,-1.490,-11.898,-0.000,1.487,0.012
77.16,-11.891,-0.009,-1.490,-11.898,-0.000,1.487,0.012
77.18,-11.891,-0.009,-1.490,-11.898,-0.000,1.487,0.012
77.20,-11.889,-0.009,-1.489,-11.898,-0.000,1.487,0.013
77.22,-11.889,-0.009,-1.489,-11.898,-0.000,1.487,0.013
77.24,-11.889,-0.009,-1.489,-11.898,-0.000,1.487,0.013
77.27,-11.889,-0.009,-1.489,-11.898,-0.000,1.487,0.013
77.29,-11.888,-0.009,-1.488,-11.898,-0.000,1.487,0.014
77.31,-11.888,-0.009,-1.488,-11.898,-0.000,1.487,0.014
77.33,-11.888,-0.009,-1.488,-11.898,-0.000,1.487,0.014
77.35,-11.888,-0.009,-1.488,-11.898,-0.000,1.487,0.014
77.37,-11.887,-0.009,-1.488,-11.898,-0.000,1.487,0.014
77.39,-11.887,-0.009,-1.488,-11.898,-0.000,1.487,0.014
77.41,-11.886,-0.009,-1.488,-11.898,-0.000,1.487,0.014
77.43,-11.886,-0.009,-1.488,-11.898,-0.000,1.487,0.014
77.45,-11.886,-0.008,-1.488,-11.898,-0.000,1.487,0.015
77.47,-11.886,-0.008,-1.488,-11.898,-0.000,1.487,0.015
77.49,-11.886,-0.008,-1.488,-11.898,-0.000,1.487,0.014
77.51,-11.886,-0.008,-1.488,-11.898,-0.000,1.487,0.014
77.54,-11.886,-0.008,-1.489,-11.898,-0.000,1.487,0.014
77.56,-11.886,-0.008,-1.489,-11.898,-0.000,1.487,0.014
77.58,-11.886,-0.007,-1.489,-11.898,-0.000,1.487,0.014
77.60,-11.886,-0.007,-1.489,-11.898,-0.000,1.487,0.014
77.62,-11.886,-0.007,-1.489,-11.898,-0.000,1.487,0.014
77.64,-11.886,-0.007,-1.489,-11.898,-0.000,1.487,0.014
77.66,-11.886,-0.007,-1.489,-11.898,-0.000,1.487,0.014
77.68,-11.886,-0.007,-1.489,-11.898,-0.000,1.487,0.014
77.70,-11.886,-0.007,-1.489,-11.898,-0.000,1.487,0.014
77.72,-11.886,-0.006,-1.489,-11.898,-0.000,1.487,0.013
77.74,-11.886,-0.006,-1.489,-11.898,-0.000,1.487,0.013
77.77,-11.887,-0.006,-1.489,-11.898,-0.000,1.487,0.013
77.79,-11.887,-0.006,-1.489,-11.898,-0.000,1.487,0.013
77.81,-11.887,-0.006,-1.489,-11.898,-0.000,1.487,0.013
77.83,-11.887,-0.006,-1.489,-11.898,-0.000,1.487,0.013
77.85,-11.887,-0.005,-1.489,-11.898,-0.000,1.487,0.012
77.87,-11.887,-0.005,-1.489,-11.898,-0.000,1.487,0.012
77.89,-11.888,-0.005,-1.490,-11.898,-0.000,1.487,0.012
77.91,-11.888,-0.005,-1.490,-11.898,-0.000,1.487,0.012
77.93,-11.888,-0.005,-1.490,-11.898,-0.000,1.487,0.011
77.95,-11.888,-0.005,-1.490,-11.898,-0.000,1.487,0.011
77.97,-11.889,-0.004,-1.490,-11.898,-0.000,1.487,0.011
78.00,-11.889,-0.004,-1.490,-11.898,-0.000,1.487,0.011
78.02,-11.890,-0.004,-1.491,-11.898,-0.000,1.487,0.010
78.04,-11.890,-0.004,-1.491,-11.898,-0.000,1.487,0.010
78.06,-11.890,-0.004,-1.491,-11.898,-0.000,1.487,0.009
78.08,-11.890,-0.004,-1.491,-11.898,-0.000,1.487,0.009
78.10,-11.891,-0.003,-1.491,-11.898,-0.000,1.487,0.008
78.12,-11.891,-0.003,-1.491,-11.898,-0.000,1.487,0.008
78.14,-11.892,-0.003,-1.491,-11.898,-0.000,1.487,0.008
78.16,-11.892,-0.003,-1.491,-11.898,-0.000,1.487,0.008
78.18,-11.892,-0.003,-1.491,-11.898,-0.000,1.487,0.008
78.20,-11.893,-0.001,-1.491,-11.898,-0.000,1.487,0.006
78.22,-11.893,-0.001,-1.491,-11.898,-0.000,1.487,0.006
78.25,-11.894,-0.000,-1.491,-11.898,-0.000,1.487,0.005
78.27,-11.894,-0.000,-1.491,-11.898,-0.000,1.487,0.005
78.29,-11.894,0.001,-1.490,-11.898,-0.000,1.487,0.005
78.31,-11.894,0.001,-1.490,-11.898,-0.000,1.487,0.005
78.33,-11.895,0.002,-1.490,-11.898,-0.000,1.487,0.004
78.35,-11.895,0.002,-1.490,-11.898,-0.000,1.487,0.004
78.37,-11.896,0.003,-1.490,-11.898,-0.000,1.487,0.005
78.39,-11.896,0.003,-1.490,-11.898,-0.000,1.487,0.005
78.41,-11.896,0.004,-1.490,-11.898,-0.000,1.487,0.005
78.43,-11.896,0.004,-1.490,-11.898,-0.000,1.487,0.005
78.45,-11.897,0.005,-1.490,-11.898,-0.000,1.487,0.006
78.47,-11.897,0.005,-1.490,-11.898,-0.000,1.487,0.006
78.50,-11.898,0.006,-1.490,-11.898,-0.000,1.487,0.006
78.52,-11.898,0.006,-1.490,-11.898,-0.000,1.487,0.006
78.54,-11.899,0.006,-1.490,-11.898,-0.000,1.487,0.007
78.56,-11.899,0.006,-1.490,-11.898,-0.000,1.487,0.007
78.58,-11.899,0.007,-1.490,-11.898,-0.000,1.487,0.007
78.60,-11.899,0.007,-1.490,-11.898,-0.000,1.487,0.007
78.62,-11.900,0.007,-1.490,-11.898,-0.000,1.487,0.008
78.64,-11.900,0.007,-1.490,-11.898,-0.000,1.487,0.008
78.66,-11.901,0.007,-1.491,-11.898,-0.000,1.487,0.008
78.68,-11.901,0.007,-1.491,-11.898,-0.000,1.487,0.008
78.70,-11.901,0.007,-1.491,-11.898,-0.000,1.487,0.008
78.73,-11.902,0.007,-1.491,-11.898,-0.000,1.487,0.009
78.75,-11.902,0.007,-1.491,-11.898,-0.000,1.487,0.009
78.77,-11.903,0.007,-1.492,-11.898,-0.000,1.487,0.010
78.79,-11.903,0.007,-1.492,-11.898,-0.000,1.487,0.010
78.81,-11.904,0.007,-1.492,-11.898,-0.000,1.487,0.010
78.83,-11.904,0.007,-1.492,-11.898,-0.000,1.487,0.010
78.85,-11.904,0.007,-1.492,-11.898,-0.000,1.487,0.010
78.87,-11.904,0.007,-1.492,-11.898,-0.000,1.487,0.010
78.89,-11.905,0.006,-1.493,-11.898,-0.000,1.487,0.011
78.91,-11.905,0.006,-1.493,-11.898,-0.000,1.487,0.011
78.93,-11.905,0.006,-1.493,-11.898,-0.000,1.487,0.011
78.95,-11.905,0.006,-1.493,-11.898,-0.000,1.487,0.011
78.98,-11.906,0.006,-1.494,-11.898,-0.000,1.487,0.012
79.00,-11.906,0.006,-1.494,-11.898,-0.000,1.487,0.012
79.02,-11.906,0.005,-1.495,-11.898,-0.000,1.487,0.012
79.04,-11.906,0.005,-1.495,-11.898,-0.000,1.487,0.012
79.06,-11.906,0.005,-1.496,-11.898,-0.000,1.487,0.012
79.08,-11.906,0.005,-1.496,-11.898,-0.000,1.487,0.012
79.10,-11.905,0.005,-1.496,-11.898,-0.000,1.487,0.012
79.12,-11.905,0.005,-1.496,-11.898,-0.000,1.487,0.012
79.14,-11.905,0.004,-1.497,-11.898,-0.000,1.487,0.013
79.16,-11.905,0.004,-1.497,-11.898,-0.000,1.487,0.013
79.18,-11.905,0.004,-1.497,-11.898,-0.000,1.487,0.013
79.20,-11.904,0.003,-1.498,-11.898,-0.000,1.487,0.013
79.23,-11.904,0.003,-1.498,-11.898,-0.000,1.487,0.013
79.25,-11.903,0.003,-1.499,-11.898,-0.000,1.487,0.013
79.27,-11.903,0.003,-1.499,-11.898,-0.000,1.487,0.013
79.29,-11.902,0.002,-1.499,-11.898,-0.000,1.487,0.013
79.31,-11.902,0.002,-1.499,-11.898,-0.000,1.487,0.013
79.33,-11.902,0.001,-1.500,-11.898,-0.000,1.487,0.013
79.35,-11.902,0.001,-1.500,-11.898,-0.000,1.487,0.013
79.37,-11.901,-0.000,-1.501,-11.898,-0.000,1.487,0.014
79.39,-11.901,-0.000,-1.501,-11.898,-0.000,1.487,0.014
79.41,-11.900,-0.001,-1.501,-11.898,-0.000,1.487,0.014
79.43,-11.900,-0.001,-1.501,-11.898,-0.000,1.487,0.014
79.45,-11.899,-0.003,-1.502,-11.898,-0.000,1.487,0.015
79.48,-11.899,-0.003,-1.502,-11.898,-0.000,1.487,0.015
79.50,-11.898,-0.004,-1.503,-11.898,-0.000,1.487,0.016
79.52,-11.898,-0.004,-1.503,-11.898,-0.000,1.487,0.016
79.54,-11.897,-0.005,-1.504,-11.898,-0.000,1.487,0.018
79.56,-11.897,-0.005,-1.504,-11.898,-0.000,1.487,0.018
79.58,-11.896,-0.007,-1.505,-11.898,-0.000,1.487,0.019
79.60,-11.896,-0.007,-1.505,-11.898,-0.000,1.487,0.019
79.62,-11.894,-0.008,-1.506,-11.898,-0.000,1.487,0.020
79.64,-11.894,-0.008,-1.506,-11.898,-0.000,1.487,0.020
79.66,-11.893,-0.009,-1.507,-11.898,-0.000,1.487,0.022
79.68,-11.893,-0.009,-1.507,-11.898,-0.000,1.487,0.022
79.70,-11.893,-0.009,-1.507,-11.898,-0.000,1.487,0.022
79.72,-11.891,-0.010,-1.507,-11.898,-0.000,1.487,0.023
79.75,-11.891,-0.010,-1.507,-11.898,-0.000,1.487,0.023
79.77,-11.890,-0.011,-1.507,-11.898,-0.000,1.487,0.024
79.79,-11.890,-0.011,-1.507,-11.898,-0.000,1.487,0.024
79.81,-11.890,-0.011,-1.507,-11.898,-0.000,1.487,0.024
79.83,-11.890,-0.011,-1.507,-11.898,-0.000,1.487,0.024
79.85,-11.889,-0.012,-1.507,-11.898,-0.000,1.487,0.024
79.87,-11.889,-0.012,-1.507,-11.898,-0.000,1.487,0.024
79.89,-11.889,-0.012,-1.507,-11.898,-0.000,1.487,0.025
79.91,-11.889,-0.012,-1.507,-11.898,-0.000,1.487,0.025
79.93,-11.888,-0.012,-1.506,-11.898,-0.000,1.487,0.024
79.95,-11.888,-0.012,-1.506,-11.898,-0.000,1.487,0.024
79.98,-11.888,-0.012,-1.506,-11.898,-0.000,1.487,0.024
80.00,-11.888,-0.012,-1.506,-11.898,-0.000,1.487,0.024
80.02,-11.888,-0.011,-1.505,-11.898,-0.000,1.487,0.023
80.04,-11.888,-0.011,-1.505,-11.898,-0.000,1.487,0.023
80.06,-11.888,-0.011,-1.505,-11.898,-0.000,1.487,0.023
80.08,-11.888,-0.011,-1.505,-11.898,-0.000,1.487,0.023
80.10,-11.889,-0.010,-1.504,-11.898,-0.000,1.487,0.022
80.12,-11.889,-0.010,-1.504,-11.898,-0.000,1.487,0.022
80.14,-11.889,-0.009,-1.504,-11.898,-0.000,1.487,0.020
80.16,-11.889,-0.009,-1.504,-11.898,-0.000,1.487,0.020
80.18,-11.889,-0.009,-1.504,-11.898,-0.000,1.487,0.020
80.21,-11.890,-0.007,-1.502,-11.898,-0.000,1.487,0.018
80.23,-11.890,-0.007,-1.502,-11.898,-0.000,1.487,0.018
80.25,-11.890,-0.006,-1.502,-11.898,-0.000,1.487,0.017
80.27,-11.890,-0.006,-1.502,-11.898,-0.000,1.487,0.017
80.29,-11.891,-0.005,-1.501,-11.898,-0.000,1.487,0.016
80.31,-11.891,-0.005,-1.501,-11.898,-0.000,1.487,0.016
80.33,-11.891,-0.004,-1.500,-11.898,-0.000,1.487,0.015
80.35,-11.891,-0.004,-1.500,-11.898,-0.000,1.487,0.015
80.37,-11.892,-0.003,-1.499,-11.898,-0.000,1.487,0.013
80.39,-11.892,-0.003,-1.499,-11.898,-0.000,1.487,0.013
80.41,-11.892,-0.002,-1.498,-11.898,-0.000,1.487,0.012
80.43,-11.892,-0.002,-1.498,-11.898,-0.000,1.487,0.012
80.46,-11.893,-0.000,-1.497,-11.898,-0.000,1.487,0.011
80.48,-11.893,-0.000,-1.497,-11.898,-0.000,1.487,0.011
80.50,-11.894,0.001,-1.496,-11.898,-0.000,1.487,0.009
80.52,-11.894,0.001,-1.496,-11.898,-0.000,1.487,0.009
80.54,-11.895,0.002,-1.495,-11.898,-0.000,1.487,0.008
80.56,-11.895,0.002,-1.495,-11.898,-0.000,1.487,0.008
80.58,-11.896,0.004,-1.494,-11.898,-0.000,1.487,0.008
80.60,-11.896,0.004,-1.494,-11.898,-0.000,1.487,0.008
80.62,-11.897,0.005,-1.493,-11.898,-0.000,1.487,0.008
80.64,-11.897,0.005,-1.493,-11.898,-0.000,1.487,0.008
80.66,-11.899,0.007,-1.493,-11.898,-0.000,1.487,0.009
80.68,-11.899,0.007,-1.493,-11.898,-0.000,1.487,0.009
80.71,-11.899,0.007,-1.493,-11.898,-0.000,1.487,0.009
80.73,-11.901,0.010,-1.492,-11.898,-0.000,1.487,0.011
80.75,-11.901,0.010,-1.492,-11.898,-0.000,1.487,0.011
80.77,-11.903,0.011,-1.491,-11.898,-0.000,1.487,0.012
80.79,-11.903,0.011,-1.491,-11.898,-0.000,1.487,0.012
80.81,-11.904,0.012,-1.490,-11.898,-0.000,1.487,0.014
80.83,-11.904,0.012,-1.490,-11.898,-0.000,1.487,0.014
80.85,-11.906,0.013,-1.490,-11.898,-0.000,1.487,0.016
80.87,-11.906,0.013,-1.490,-11.898,-0.000,1.487,0.016
80.89,-11.907,0.014,-1.490,-11.898,-0.000,1.487,0.017
80.91,-11.907,0.014,-1.490,-11.898,-0.000,1.487,0.017
80.93,-11.909,0.015,-1.490,-11.898,-0.000,1.487,0.019
80.95,-11.909,0.015,-1.490,-11.898,-0.000,1.487,0.019
80.97,-11.910,0.016,-1.489,-11.898,-0.000,1.487,0.021
81.00,-11.910,0.016,-1.489,-11.898,-0.000,1.487,0.021
81.02,-11.912,0.017,-1.489,-11.898,-0.000,1.487,0.023
81.04,-11.912,0.017,-1.489,-11.898,-0.000,1.487,0.023
81.06,-11.914,0.018,-1.489,-11.898,-0.000,1.487,0.024
81.08,-11.914,0.018,-1.489,-11.898,-0.000,1.487,0.024
81.10,-11.915,0.019,-1.489,-11.898,-0.000,1.487,0.026
81.12,-11.915,0.019,-1.489,-11.898,-0.000,1.487,0.026
81.14,-11.917,0.020,-1.489,-11.898,-0.000,1.487,0.027
81.16,-11.917,0.020,-1.489,-11.898,-0.000,1.487,0.027
81.18,-11.918,0.020,-1.489,-11.898,-0.000,1.487,0.029
81.20,-11.918,0.020,-1.489,-11.898,-0.000,1.487,0.029
81.22,-11.918,0.020,-1.489,-11.898,-0.000,1.487,0.029
81.24,-11.921,0.021,-1.489,-11.898,-0.000,1.487,0.031
81.27,-11.921,0.021,-1.489,-11.898,-0.000,1.487,0.031
81.29,-11.922,0.022,-1.489,-11.898,-0.000,1.487,0.032
81.31,-11.922,0.022,-1.489,-11.898,-0.000,1.487,0.032
81.33,-11.923,0.022,-1.489,-11.898,-0.000,1.487,0.033
81.35,-11.923,0.022,-1.489,-11.898,-0.000,1.487,0.033
81.37,-11.923,0.022,-1.489,-11.898,-0.000,1.487,0.034
81.39,-11.923,0.022,-1.489,-11.898,-0.000,1.487,0.034
81.41,-11.924,0.023,-1.489,-11.898,-0.000,1.487,0.034
81.43,-11.924,0.023,-1.489,-11.898,-0.000,1.487,0.034
81.45,-11.924,0.023,-1.489,-11.898,-0.000,1.487,0.035
81.47,-11.924,0.023,-1.489,-11.898,-0.000,1.487,0.035
81.50,-11.924,0.023,-1.489,-11.898,-0.000,1.487,0.035
81.52,-11.924,0.023,-1.489,-11.898,-0.000,1.487,0.035
81.54,-11.924,0.023,-1.489,-11.898,-0.000,1.487,0.034
81.56,-11.924,0.023,-1.489,-11.898,-0.000,1.487,0.034
81.58,-11.924,0.022,-1.489,-11.898,-0.000,1.487,0.034
81.60,-11.924,0.022,-1.489,-11.898,-0.000,1.487,0.034
81.62,-11.923,0.021,-1.489,-11.898,-0.000,1.487,0.033
81.64,-11.923,0.021,-1.489,-11.898,-0.000,1.487,0.033
81.66,-11.923,0.021,-1.489,-11.898,-0.000,1.487,0.033
81.68,-11.923,0.021,-1.489,-11.898,-0.000,1.487,0.033
81.70,-11.923,0.021,-1.489,-11.898,-0.000,1.487,0.033
81.72,-11.923,0.019,-1.488,-11.898,-0.000,1.487,0.031
81.75,-11.923,0.019,-1.488,-11.898,-0.000,1.487,0.031
81.77,-11.922,0.017,-1.488,-11.898,-0.000,1.487,0.030
81.79,-11.922,0.017,-1.488,-11.898,-0.000,1.487,0.030
81.81,-11.922,0.015,-1.488,-11.898,-0.000,1.487,0.029
81.83,-11.922,0.015,-1.488,-11.898,-0.000,1.487,0.029
81.85,-11.922,0.014,-1.487,-11.898,-0.000,1.487,0.027
81.87,-11.922,0.014,-1.487,-11.898,-0.000,1.487,0.027
81.89,-11.922,0.012,-1.487,-11.898,-0.000,1.487,0.026
81.91,-11.922,0.012,-1.487,-11.898,-0.000,1.487,0.026
81.93,-11.922,0.010,-1.486,-11.898,-0.000,1.487,0.026
81.95,-11.922,0.010,-1.486,-11.898,-0.000,1.487,0.026
81.97,-11.921,0.008,-1.486,-11.898,-0.000,1.487,0.025
82.00,-11.921,0.008,-1.486,-11.898,-0.000,1.487,0.025
82.02,-11.921,0.006,-1.485,-11.898,-0.000,1.487,0.024
82.04,-11.921,0.006,-1.485,-11.898,-0.000,1.487,0.024
82.06,-11.921,0.004,-1.485,-11.898,-0.000,1.487,0.024
82.08,-11.921,0.004,-1.485,-11.898,-0.000,1.487,0.024
82.10,-11.921,0.002,-1.484,-11.898,-0.000,1.487,0.023
82.12,-11.921,0.002,-1.484,-11.898,-0.000,1.487,0.023
82.14,-11.921,-0.000,-1.484,-11.898,-0.000,1.487,0.023
82.16,-11.921,-0.000,-1.484,-11.898,-0.000,1.487,0.023
82.18,-11.920,-0.002,-1.484,-11.898,-0.000,1.487,0.022
82.20,-11.920,-0.002,-1.484,-11.898,-0.000,1.487,0.022
82.22,-11.920,-0.002,-1.484,-11.898,-0.000,1.487,0.022
82.25,-11.919,-0.004,-1.484,-11.898,-0.000,1.487,0.022
82.27,-11.919,-0.004,-1.484,-11.898,-0.000,1.487,0.022
82.29,-11.919,-0.005,-1.483,-11.898,-0.000,1.487,0.022
82.31,-11.919,-0.005,-1.483,-11.898,-0.000,1.487,0.022
82.33,-11.919,-0.005,-1.483,-11.898,-0.000,1.487,0.022
82.35,-11.919,-0.005,-1.483,-11.898,-0.000,1.487,0.022
82.37,-11.919,-0.006,-1.483,-11.898,-0.000,1.487,0.022
82.39,-11.919,-0.006,-1.483,-11.898,-0.000,1.487,0.022
82.41,-11.918,-0.006,-1.483,-11.898,-0.000,1.487,0.022
82.43,-11.918,-0.006,-1.483,-11.898,-0.000,1.487,0.022
82.45,-11.918,-0.007,-1.483,-11.898,-0.000,1.487,0.021
82.47,-11.918,-0.007,-1.483,-11.898,-0.000,1.487,0.021
82.49,-11.917,-0.007,-1.482,-11.898,-0.000,1.487,0.021
82.52,-11.917,-0.007,-1.482,-11.898,-0.000,1.487,0.021
82.54,-11.917,-0.008,-1.482,-11.898,-0.000,1.487,0.021
82.56,-11.917,-0.008,-1.482,-11.898,-0.000,1.487,0.021
82.58,-11.916,-0.008,-1.482,-11.898,-0.000,1.487,0.020
82.60,-11.916,-0.008,-1.482,-11.898,-0.000,1.487,0.020
82.62,-11.915,-0.009,-1.482,-11.898,-0.000,1.487,0.020
82.64,-11.915,-0.009,-1.482,-11.898,-0.000,1.487,0.020
82.66,-11.915,-0.010,-1.482,-11.898,-0.000,1.487,0.020
82.68,-11.915,-0.010,-1.482,-11.898,-0.000,1.487,0.020
82.70,-11.915,-0.010,-1.482,-11.898,-0.000,1.487,0.020
82.73,-11.913,-0.011,-1.482,-11.898,-0.000,1.487,0.019
82.75,-11.913,-0.011,-1.482,-11.898,-0.000,1.487,0.019
82.77,-11.912,-0.011,-1.482,-11.898,-0.000,1.487,0.019
82.79,-11.912,-0.011,-1.482,-11.898,-0.000,1.487,0.019
82.81,-11.912,-0.011,-1.482,-11.898,-0.000,1.487,0.018
82.83,-11.912,-0.011,-1.482,-11.898,-0.000,1.487,0.018
82.85,-11.911,-0.011,-1.482,-11.898,-0.000,1.487,0.018
82.87,-11.911,-0.011,-1.482,-11.898,-0.000,1.487,0.018
82.89,-11.910,-0.011,-1.482,-11.898,-0.000,1.487,0.017
82.91,-11.910,-0.011,-1.482,-11.898,-0.000,1.487,0.017
82.93,-11.910,-0.010,-1.482,-11.898,-0.000,1.487,0.017
82.95,-11.910,-0.010,-1.482,-11.898,-0.000,1.487,0.017
82.97,-11.909,-0.010,-1.482,-11.898,-0.000,1.487,0.016
83.00,-11.909,-0.010,-1.482,-11.898,-0.000,1.487,0.016
83.02,-11.909,-0.008,-1.482,-11.898,-0.000,1.487,0.015
83.04,-11.909,-0.008,-1.482,-11.898,-0.000,1.487,0.015
83.06,-11.909,-0.007,-1.482,-11.898,-0.000,1.487,0.014
83.08,-11.909,-0.007,-1.482,-11.898,-0.000,1.487,0.014
83.10,-11.908,-0.006,-1.482,-11.898,-0.000,1.487,0.013
83.12,-11.908,-0.006,-1.482,-11.898,-0.000,1.487,0.013
83.14,-11.908,-0.005,-1.482,-11.898,-0.000,1.487,0.012
83.16,-11.908,-0.005,-1.482,-11.898,-0.000,1.487,0.012
83.18,-11.907,-0.003,-1.481,-11.898,-0.000,1.487,0.011
83.20,-11.907,-0.003,-1.481,-11.898,-0.000,1.487,0.011
83.22,-11.907,-0.003,-1.481,-11.898,-0.000,1.487,0.011
83.25,-11.906,-0.000,-1.481,-11.898,-0.000,1.487,0.010
83.27,-11.906,-0.000,-1.481,-11.898,-0.000,1.487,0.010
83.29,-11.905,0.001,-1.481,-11.898,-0.000,1.487,0.009
83.31,-11.905,0.001,-1.481,-11.898,-0.000,1.487,0.009
83.33,-11.904,0.003,-1.481,-11.898,-0.000,1.487,0.009
83.35,-11.904,0.003,-1.481,-11.898,-0.000,1.487,0.009
83.37,-11.903,0.004,-1.481,-11.898,-0.000,1.487,0.010
83.39,-11.903,0.004,-1.481,-11.898,-0.000,1.487,0.010
83.41,-11.902,0.006,-1.480,-11.898,-0.000,1.487,0.010
83.43,-11.902,0.006,-1.480,-11.898,-0.000,1.487,0.010
83.45,-11.902,0.007,-1.480,-11.898,-0.000,1.487,0.011
83.47,-11.902,0.007,-1.480,-11.898,-0.000,1.487,0.011
83.50,-11.901,0.008,-1.480,-11.898,-0.000,1.487,0.012
83.52,-11.901,0.008,-1.480,-11.898,-0.000,1.487,0.012
83.54,-11.900,0.009,-1.480,-11.898,-0.000,1.487,0.012
83.56,-11.900,0.009,-1.480,-11.898,-0.000,1.487,0.012
83.58,-11.900,0.010,-1.480,-11.898,-0.000,1.487,0.013
83.60,-11.900,0.010,-1.480,-11.898,-0.000,1.487,0.013
83.62,-11.899,0.011,-1.480,-11.898,-0.000,1.487,0.013
83.64,-11.899,0.011,-1.480,-11.898,-0.000,1.487,0.013
83.66,-11.899,0.011,-1.480,-11.898,-0.000,1.487,0.014
83.68,-11.899,0.011,-1.480,-11.898,-0.000,1.487,0.014
83.70,-11.898,0.011,-1.479,-11.898,-0.000,1.487,0.014
83.72,-11.898,0.011,-1.479,-11.898,-0.000,1.487,0.014
83.75,-11.898,0.011,-1.479,-11.898,-0.000,1.487,0.014
83.77,-11.898,0.011,-1.480,-11.898,-0.000,1.487,0.014
83.79,-11.898,0.011,-1.480,-11.898,-0.000,1.487,0.014
83.81,-11.898,0.011,-1.480,-11.898,-0.000,1.487,0.013
83.83,-11.898,0.011,-1.480,-11.898,-0.000,1.487,0.013
83.85,-11.898,0.010,-1.480,-11.898,-0.000,1.487,0.013
83.87,-11.898,0.010,-1.480,-11.898,-0.000,1.487,0.013
83.89,-11.898,0.010,-1.480,-11.898,-0.000,1.487,0.013
83.91,-11.898,0.010,-1.480,-11.898,-0.000,1.487,0.013
83.93,-11.898,0.009,-1.480,-11.898,-0.000,1.487,0.012
83.95,-11.898,0.009,-1.480,-11.898,-0.000,1.487,0.012
83.98,-11.899,0.009,-1.480,-11.898,-0.000,1.487,0.012
84.00,-11.899,0.009,-1.480,-11.898,-0.000,1.487,0.012
84.02,-11.899,0.008,-1.480,-11.898,-0.000,1.487,0.011
84.04,-11.899,0.008,-1.480,-11.898,-0.000,1.487,0.011
84.06,-11.900,0.007,-1.480,-11.898,-0.000,1.487,0.011
84.08,-11.900,0.007,-1.480,-11.898,-0.000,1.487,0.011
84.10,-11.901,0.006,-1.480,-11.898,-0.000,1.487,0.011
84.12,-11.901,0.006,-1.480,-11.898,-0.000,1.487,0.011
84.14,-11.902,0.006,-1.479,-11.898,-0.000,1.487,0.010
84.16,-11.902,0.006,-1.479,-11.898,-0.000,1.487,0.010
84.18,-11.903,0.004,-1.479,-11.898,-0.000,1.487,0.011
84.20,-11.903,0.004,-1.479,-11.898,-0.000,1.487,0.011
84.23,-11.903,0.004,-1.479,-11.898,-0.000,1.487,0.011
84.25,-11.904,0.003,-1.479,-11.898,-0.000,1.487,0.011
84.27,-11.904,0.003,-1.479,-11.898,-0.000,1.487,0.011
84.29,-11.904,0.001,-1.478,-11.898,-0.000,1.487,0.011
84.31,-11.904,0.001,-1.478,-11.898,-0.000,1.487,0.011
84.33,-11.905,0.000,-1.477,-11.898,-0.000,1.487,0.012
84.35,-11.905,0.000,-1.477,-11.898,-0.000,1.487,0.012
84.37,-11.906,-0.001,-1.477,-11.898,-0.000,1.487,0.013
84.39,-11.906,-0.001,-1.477,-11.898,-0.000,1.487,0.013
84.41,-11.906,-0.003,-1.476,-11.898,-0.000,1.487,0.014
84.43,-11.906,-0.003,-1.476,-11.898,-0.000,1.487,0.014
84.46,-11.907,-0.004,-1.476,-11.898,-0.000,1.487,0.015
84.48,-11.907,-0.004,-1.476,-11.898,-0.000,1.487,0.015
84.50,-11.907,-0.005,-1.475,-11.898,-0.000,1.487,0.016
84.52,-11.907,-0.005,-1.475,-11.898,-0.000,1.487,0.016
84.54,-11.908,-0.006,-1.475,-11.898,-0.000,1.487,0.017
84.56,-11.908,-0.006,-1.475,-11.898,-0.000,1.487,0.017
84.58,-11.908,-0.007,-1.474,-11.898,-0.000,1.487,0.018
84.60,-11.908,-0.007,-1.474,-11.898,-0.000,1.487,0.018
84.62,-11.908,-0.009,-1.474,-11.898,-0.000,1.487,0.019
84.64,-11.908,-0.009,-1.474,-11.898,-0.000,1.487,0.019
84.66,-11.908,-0.010,-1.474,-11.898,-0.000,1.487,0.020
84.68,-11.908,-0.010,-1.474,-11.898,-0.000,1.487,0.020
84.70,-11.908,-0.012,-1.473,-11.898,-0.000,1.487,0.021
84.73,-11.908,-0.012,-1.473,-11.898,-0.000,1.487,0.021
84.75,-11.908,-0.012,-1.473,-11.898,-0.000,1.487,0.021
84.77,-11.907,-0.014,-1.473,-11.898,-0.000,1.487,0.022
84.79,-11.907,-0.014,-1.473,-11.898,-0.000,1.487,0.022
84.81,-11.906,-0.015,-1.472,-11.898,-0.000,1.487,0.023
84.83,-11.906,-0.015,-1.472,-11.898,-0.000,1.487,0.023
84.85,-11.906,-0.017,-1.472,-11.898,-0.000,1.487,0.024
84.87,-11.906,-0.017,-1.472,-11.898,-0.000,1.487,0.024
84.89,-11.905,-0.018,-1.472,-11.898,-0.000,1.487,0.025
84.91,-11.905,-0.018,-1.472,-11.898,-0.000,1.487,0.025
84.93,-11.904,-0.019,-1.472,-11.898,-0.000,1.487,0.025
84.96,-11.904,-0.019,-1.472,-11.898,-0.000,1.487,0.025
84.98,-11.903,-0.021,-1.472,-11.898,-0.000,1.487,0.026
85.00,-11.903,-0.021,-1.472,-11.898,-0.000,1.487,0.026
85.02,-11.902,-0.022,-1.472,-11.898,-0.000,1.487,0.027
85.04,-11.902,-0.022,-1.472,-11.898,-0.000,1.487,0.027
85.06,-11.901,-0.022,-1.472,-11.898,-0.000,1.487,0.027
85.08,-11.901,-0.022,-1.472,-11.898,-0.000,1.487,0.027
85.10,-11.900,-0.023,-1.472,-11.898,-0.000,1.487,0.027
85.12,-11.900,-0.023,-1.472,-11.898,-0.000,1.487,0.027
85.14,-11.899,-0.023,-1.473,-11.898,-0.000,1.487,0.028
85.16,-11.899,-0.023,-1.473,-11.898,-0.000,1.487,0.028
85.18,-11.897,-0.024,-1.473,-11.898,-0.000,1.487,0.027
85.21,-11.897,-0.024,-1.473,-11.898,-0.000,1.487,0.027
85.23,-11.897,-0.024,-1.473,-11.898,-0.000,1.487,0.027
85.25,-11.895,-0.023,-1.474,-11.898,-0.000,1.487,0.027
85.27,-11.895,-0.023,-1.474,-11.898,-0.000,1.487,0.027
85.29,-11.894,-0.023,-1.474,-11.898,-0.000,1.487,0.027
85.31,-11.894,-0.023,-1.474,-11.898,-0.000,1.487,0.027
85.33,-11.892,-0.023,-1.475,-11.898,-0.000,1.487,0.026
85.35,-11.892,-0.023,-1.475,-11.898,-0.000,1.487,0.026
85.37,-11.891,-0.022,-1.476,-11.898,-0.000,1.487,0.026
85.39,-11.891,-0.022,-1.476,-11.898,-0.000,1.487,0.026
85.41,-11.889,-0.021,-1.476,-11.898,-0.000,1.487,0.026
85.43,-11.889,-0.021,-1.476,-11.898,-0.000,1.487,0.026
85.46,-11.887,-0.020,-1.477,-11.898,-0.000,1.487,0.026
85.48,-11.887,-0.020,-1.477,-11.898,-0.000,1.487,0.026
85.50,-11.885,-0.020,-1.478,-11.898,-0.000,1.487,0.025
85.52,-11.885,-0.020,-1.478,-11.898,-0.000,1.487,0.025
85.54,-11.884,-0.019,-1.478,-11.898,-0.000,1.487,0.025
85.56,-11.884,-0.019,-1.478,-11.898,-0.000,1.487,0.025
85.58,-11.882,-0.018,-1.479,-11.898,-0.000,1.487,0.025
85.60,-11.882,-0.018,-1.479,-11.898,-0.000,1.487,0.025
85.62,-11.881,-0.017,-1.480,-11.898,-0.000,1.487,0.026
85.64,-11.881,-0.017,-1.480,-11.898,-0.000,1.487,0.026
85.66,-11.879,-0.016,-1.481,-11.898,-0.000,1.487,0.026
85.68,-11.879,-0.016,-1.481,-11.898,-0.000,1.487,0.026
85.71,-11.878,-0.016,-1.482,-11.898,-0.000,1.487,0.026
85.73,-11.878,-0.016,-1.482,-11.898,-0.000,1.487,0.026
85.75,-11.878,-0.016,-1.482,-11.898,-0.000,1.487,0.026
85.77,-11.876,-0.015,-1.483,-11.898,-0.000,1.487,0.027
85.79,-11.876,-0.015,-1.483,-11.898,-0.000,1.487,0.027
85.81,-11.875,-0.014,-1.484,-11.898,-0.000,1.487,0.027
85.83,-11.875,-0.014,-1.484,-11.898,-0.000,1.487,0.027
85.85,-11.874,-0.014,-1.485,-11.898,-0.000,1.487,0.028
85.87,-11.874,-0.014,-1.485,-11.898,-0.000,1.487,0.028
85.89,-11.874,-0.014,-1.485,-11.898,-0.000,1.487,0.028
85.91,-11.874,-0.014,-1.485,-11.898,-0.000,1.487,0.028
85.93,-11.873,-0.013,-1.486,-11.898,-0.000,1.487,0.028
85.96,-11.873,-0.013,-1.486,-11.898,-0.000,1.487,0.028
85.98,-11.873,-0.013,-1.486,-11.898,-0.000,1.487,0.028
86.00,-11.873,-0.013,-1.486,-11.898,-0.000,1.487,0.028
86.02,-11.873,-0.013,-1.487,-11.898,-0.000,1.487,0.028
86.04,-11.873,-0.013,-1.487,-11.898,-0.000,1.487,0.028
86.06,-11.873,-0.013,-1.487,-11.898,-0.000,1.487,0.028
86.08,-11.873,-0.013,-1.487,-11.898,-0.000,1.487,0.028
86.10,-11.873,-0.013,-1.487,-11.898,-0.000,1.487,0.028
86.12,-11.873,-0.013,-1.487,-11.898,-0.000,1.487,0.028
86.14,-11.872,-0.012,-1.487,-11.898,-0.000,1.487,0.028
86.16,-11.872,-0.012,-1.487,-11.898,-0.000,1.487,0.028
86.18,-11.872,-0.012,-1.487,-11.898,-0.000,1.487,0.029
86.21,-11.872,-0.012,-1.487,-11.898,-0.000,1.487,0.029
86.23,-11.872,-0.012,-1.487,-11.898,-0.000,1.487,0.029
86.25,-11.872,-0.011,-1.487,-11.898,-0.000,1.487,0.029
86.27,-11.872,-0.011,-1.487,-11.898,-0.000,1.487,0.029
86.29,-11.871,-0.011,-1.487,-11.898,-0.000,1.487,0.029
86.31,-11.871,-0.011,-1.487,-11.898,-0.000,1.487,0.029
86.33,-11.871,-0.010,-1.487,-11.898,-0.000,1.487,0.029
86.35,-11.871,-0.010,-1.487,-11.898,-0.000,1.487,0.029
86.37,-11.871,-0.010,-1.487,-11.898,-0.000,1.487,0.029
86.39,-11.871,-0.010,-1.487,-11.898,-0.000,1.487,0.029
86.41,-11.871,-0.010,-1.487,-11.898,-0.000,1.487,0.029
86.43,-11.871,-0.010,-1.487,-11.898,-0.000,1.487,0.029
86.46,-11.871,-0.009,-1.487,-11.898,-0.000,1.487,0.028
86.48,-11.871,-0.009,-1.487,-11.898,-0.000,1.487,0.028
86.50,-11.872,-0.008,-1.487,-11.898,-0.000,1.487,0.027
86.52,-11.872,-0.008,-1.487,-11.898,-0.000,1.487,0.027
86.54,-11.873,-0.008,-1.487,-11.898,-0.000,1.487,0.027
86.56,-11.873,-0.008,-1.487,-11.898,-0.000,1.487,0.027
86.58,-11.873,-0.007,-1.487,-11.898,-0.000,1.487,0.026
86.60,-11.873,-0.007,-1.487,-11.898,-0.000,1.487,0.026
86.62,-11.874,-0.006,-1.487,-11.898,-0.000,1.487,0.024
86.64,-11.874,-0.006,-1.487,-11.898,-0.000,1.487,0.024
86.66,-11.876,-0.005,-1.487,-11.898,-0.000,1.487,0.023
86.69,-11.876,-0.005,-1.487,-11.898,-0.000,1.487,0.023
86.71,-11.877,-0.005,-1.487,-11.898,-0.000,1.487,0.022
86.73,-11.877,-0.005,-1.487,-11.898,-0.000,1.487,0.022
86.75,-11.877,-0.005,-1.487,-11.898,-0.000,1.487,0.022
86.77,-11.878,-0.004,-1.488,-11.898,-0.000,1.487,0.021
86.79,-11.878,-0.004,-1.488,-11.898,-0.000,1.487,0.021
86.81,-11.879,-0.004,-1.488,-11.898,-0.000,1.487,0.020
86.83,-11.879,-0.004,-1.488,-11.898,-0.000,1.487,0.020
86.85,-11.879,-0.004,-1.488,-11.898,-0.000,1.487,0.019
86.87,-11.879,-0.004,-1.488,-11.898,-0.000,1.487,0.019
86.89,-11.880,-0.004,-1.488,-11.898,-0.000,1.487,0.019
86.91,-11.880,-0.004,-1.488,-11.898,-0.000,1.487,0.019
86.93,-11.880,-0.004,-1.488,-11.898,-0.000,1.487,0.018
86.95,-11.880,-0.004,-1.488,-11.898,-0.000,1.487,0.018
86.98,-11.881,-0.005,-1.488,-11.898,-0.000,1.487,0.018
87.00,-11.881,-0.005,-1.488,-11.898,-0.000,1.487,0.018
87.02,-11.881,-0.005,-1.488,-11.898,-0.000,1.487,0.018
87.04,-11.881,-0.005,-1.488,-11.898,-0.000,1.487,0.018
87.06,-11.882,-0.006,-1.488,-11.898,-0.000,1.487,0.017
87.08,-11.882,-0.006,-1.488,-11.898,-0.000,1.487,0.017
87.10,-11.882,-0.006,-1.487,-11.898,-0.000,1.487,0.017
87.12,-11.882,-0.006,-1.487,-11.898,-0.000,1.487,0.017
87.14,-11.882,-0.007,-1.487,-11.898,-0.000,1.487,0.018
87.16,-11.882,-0.007,-1.487,-11.898,-0.000,1.487,0.018
87.19,-11.882,-0.007,-1.487,-11.898,-0.000,1.487,0.018
87.21,-11.882,-0.007,-1.487,-11.898,-0.000,1.487,0.018
87.23,-11.882,-0.008,-1.487,-11.898,-0.000,1.487,0.018
87.25,-11.882,-0.008,-1.487,-11.898,-0.000,1.487,0.018
87.27,-11.882,-0.008,-1.487,-11.898,-0.000,1.487,0.018
87.29,-11.883,-0.009,-1.487,-11.898,-0.000,1.487,0.018
87.31,-11.883,-0.009,-1.487,-11.898,-0.000,1.487,0.018
87.33,-11.883,-0.009,-1.487,-11.898,-0.000,1.487,0.017
87.35,-11.883,-0.009,-1.487,-11.898,-0.000,1.487,0.017
87.37,-11.884,-0.009,-1.486,-11.898,-0.000,1.487,0.017
87.39,-11.884,-0.009,-1.486,-11.898,-0.000,1.487,0.017
87.41,-11.884,-0.009,-1.487,-11.898,-0.000,1.487,0.017
87.44,-11.884,-0.009,-1.487,-11.898,-0.000,1.487,0.017
87.46,-11.885,-0.010,-1.487,-11.898,-0.000,1.487,0.016
87.48,-11.885,-0.010,-1.487,-11.898,-0.000,1.487,0.016
87.50,-11.886,-0.010,-1.487,-11.898,-0.000,1.487,0.016
87.52,-11.886,-0.010,-1.487,-11.898,-0.000,1.487,0.016
87.54,-11.887,-0.010,-1.487,-11.898,-0.000,1.487,0.015
87.56,-11.887,-0.010,-1.487,-11.898,-0.000,1.487,0.015
87.58,-11.888,-0.010,-1.488,-11.898,-0.000,1.487,0.015
87.60,-11.888,-0.010,-1.488,-11.898,-0.000,1.487,0.015
87.62,-11.888,-0.010,-1.488,-11.898,-0.000,1.487,0.014
87.64,-11.888,-0.010,-1.488,-11.898,-0.000,1.487,0.014
87.66,-11.889,-0.010,-1.488,-11.898,-0.000,1.487,0.014
87.69,-11.889,-0.010,-1.488,-11.898,-0.000,1.487,0.014
87.71,-11.890,-0.010,-1.487,-11.898,-0.000,1.487,0.013
87.73,-11.890,-0.010,-1.487,-11.898,-0.000,1.487,0.013
87.75,-11.890,-0.010,-1.487,-11.898,-0.000,1.487,0.013
87.77,-11.891,-0.010,-1.487,-11.898,-0.000,1.487,0.012
87.79,-11.891,-0.010,-1.487,-11.898,-0.000,1.487,0.012
87.81,-11.892,-0.010,-1.487,-11.898,-0.000,1.487,0.012
87.83,-11.892,-0.010,-1.487,-11.898,-0.000,1.487,0.012
87.85,-11.892,-0.010,-1.486,-11.898,-0.000,1.487,0.011
87.87,-11.892,-0.010,-1.486,-11.898,-0.000,1.487,0.011
87.89,-11.892,-0.009,-1.486,-11.898,-0.000,1.487,0.011
87.91,-11.892,-0.009,-1.486,-11.898,-0.000,1.487,0.011
87.93,-11.893,-0.009,-1.486,-11.898,-0.000,1.487,0.010
87.96,-11.893,-0.009,-1.486,-11.898,-0.000,1.487,0.010
87.98,-11.893,-0.009,-1.486,-11.898,-0.000,1.487,0.010
88.00,-11.893,-0.009,-1.486,-11.898,-0.000,1.487,0.010
88.02,-11.893,-0.008,-1.486,-11.898,-0.000,1.487,0.010
88.04,-11.893,-0.008,-1.486,-11.898,-0.000,1.487,0.010
88.06,-11.894,-0.008,-1.486,-11.898,-0.000,1.487,0.009
88.08,-11.894,-0.008,-1.486,-11.898,-0.000,1.487,0.009
88.10,-11.894,-0.008,-1.486,-11.898,-0.000,1.487,0.009
88.12,-11.894,-0.008,-1.486,-11.898,-0.000,1.487,0.009
88.14,-11.894,-0.007,-1.485,-11.898,-0.000,1.487,0.008
88.17,-11.894,-0.007,-1.485,-11.898,-0.000,1.487,0.008
88.19,-11.895,-0.006,-1.485,-11.898,-0.000,1.487,0.008
88.21,-11.895,-0.006,-1.485,-11.898,-0.000,1.487,0.008
88.23,-11.895,-0.006,-1.484,-11.898,-0.000,1.487,0.007
88.25,-11.895,-0.006,-1.484,-11.898,-0.000,1.487,0.007
88.27,-11.895,-0.006,-1.484,-11.898,-0.000,1.487,0.007
88.29,-11.896,-0.005,-1.484,-11.898,-0.000,1.487,0.007
88.31,-11.896,-0.005,-1.484,-11.898,-0.000,1.487,0.007
88.33,-11.897,-0.005,-1.484,-11.898,-0.000,1.487,0.006
88.35,-11.897,-0.005,-1.484,-11.898,-0.000,1.487,0.006
88.37,-11.897,-0.004,-1.483,-11.898,-0.000,1.487,0.006
88.39,-11.897,-0.004,-1.483,-11.898,-0.000,1.487,0.006
88.41,-11.898,-0.004,-1.483,-11.898,-0.000,1.487,0.006
88.44,-11.898,-0.004,-1.483,-11.898,-0.000,1.487,0.006
88.46,-11.899,-0.003,-1.483,-11.898,-0.000,1.487,0.006
88.48,-11.899,-0.003,-1.483,-11.898,-0.000,1.487,0.006
88.50,-11.900,-0.002,-1.482,-11.898,-0.000,1.487,0.006
88.52,-11.900,-0.002,-1.482,-11.898,-0.000,1.487,0.006
88.54,-11.901,-0.002,-1.482,-11.898,-0.000,1.487,0.006
88.56,-11.901,-0.002,-1.482,-11.898,-0.000,1.487,0.006
88.58,-11.902,-0.001,-1.482,-11.898,-0.000,1.487,0.006
88.60,-11.902,-0.001,-1.482,-11.898,-0.000,1.487,0.006
88.62,-11.902,-0.001,-1.482,-11.898,-0.000,1.487,0.007
88.64,-11.902,-0.001,-1.482,-11.898,-0.000,1.487,0.007
88.66,-11.903,0.000,-1.482,-11.898,-0.000,1.487,0.007
88.68,-11.903,0.000,-1.482,-11.898,-0.000,1.487,0.007
88.71,-11.903,0.001,-1.483,-11.898,-0.000,1.487,0.007
88.73,-11.903,0.001,-1.483,-11.898,-0.000,1.487,0.007
88.75,-11.903,0.001,-1.483,-11.898,-0.000,1.487,0.007
88.77,-11.904,0.002,-1.483,-11.898,-0.000,1.487,0.007
88.79,-11.904,0.002,-1.483,-11.898,-0.000,1.487,0.007
88.81,-11.904,0.003,-1.484,-11.898,-0.000,1.487,0.007
88.83,-11.904,0.003,-1.484,-11.898,-0.000,1.487,0.007
88.85,-11.904,0.003,-1.484,-11.898,-0.000,1.487,0.008
88.87,-11.904,0.003,-1.484,-11.898,-0.000,1.487,0.008
88.89,-11.904,0.004,-1.484,-11.898,-0.000,1.487,0.008
88.91,-11.904,0.004,-1.484,-11.898,-0.000,1.487,0.008
88.93,-11.905,0.004,-1.485,-11.898,-0.000,1.487,0.008
88.96,-11.905,0.004,-1.485,-11.898,-0.000,1.487,0.008
88.98,-11.905,0.005,-1.485,-11.898,-0.000,1.487,0.009
89.00,-11.905,0.005,-1.485,-11.898,-0.000,1.487,0.009
89.02,-11.905,0.005,-1.486,-11.898,-0.000,1.487,0.009
89.04,-11.905,0.005,-1.486,-11.898,-0.000,1.487,0.009
89.06,-11.906,0.006,-1.486,-11.898,-0.000,1.487,0.010
89.08,-11.906,0.006,-1.486,-11.898,-0.000,1.487,0.010
89.10,-11.906,0.006,-1.486,-11.898,-0.000,1.487,0.010
89.12,-11.906,0.006,-1.486,-11.898,-0.000,1.487,0.010
89.14,-11.906,0.006,-1.486,-11.898,-0.000,1.487,0.010
89.16,-11.906,0.006,-1.486,-11.898,-0.000,1.487,0.010
89.18,-11.906,0.006,-1.487,-11.898,-0.000,1.487,0.010
89.21,-11.906,0.006,-1.487,-11.898,-0.000,1.487,0.010
89.23,-11.906,0.006,-1.487,-11.898,-0.000,1.487,0.010
89.25,-11.906,0.006,-1.487,-11.898,-0.000,1.487,0.010
89.27,-11.906,0.006,-1.487,-11.898,-0.000,1.487,0.010
89.29,-11.907,0.006,-1.487,-11.898,-0.000,1.487,0.010
89.31,-11.907,0.006,-1.487,-11.898,-0.000,1.487,0.010
89.33,-11.907,0.006,-1.487,-11.898,-0.000,1.487,0.011
89.35,-11.907,0.006,-1.487,-11.898,-0.000,1.487,0.011
89.37,-11.907,0.005,-1.487,-11.898,-0.000,1.487,0.011
89.39,-11.907,0.005,-1.487,-11.898,-0.000,1.487,0.011
89.42,-11.908,0.005,-1.487,-11.898,-0.000,1.487,0.011
89.44,-11.908,0.005,-1.487,-11.898,-0.000,1.487,0.011
89.46,-11.909,0.005,-1.486,-11.898,-0.000,1.487,0.012
89.48,-11.909,0.005,-1.486,-11.898,-0.000,1.487,0.012
89.50,-11.909,0.005,-1.486,-11.898,-0.000,1.487,0.012
89.52,-11.909,0.005,-1.486,-11.898,-0.000,1.487,0.012
89.54,-11.910,0.004,-1.486,-11.898,-0.000,1.487,0.013
89.56,-11.910,0.004,-1.486,-11.898,-0.000,1.487,0.013
89.58,-11.911,0.004,-1.486,-11.898,-0.000,1.487,0.013
89.60,-11.911,0.004,-1.486,-11.898,-0.000,1.487,0.013
89.62,-11.911,0.003,-1.485,-11.898,-0.000,1.487,0.014
89.64,-11.911,0.003,-1.485,-11.898,-0.000,1.487,0.014
89.66,-11.912,0.002,-1.484,-11.898,-0.000,1.487,0.014
89.69,-11.912,0.002,-1.484,-11.898,-0.000,1.487,0.014
89.71,-11.912,0.001,-1.484,-11.898,-0.000,1.487,0.014
89.73,-11.912,0.001,-1.484,-11.898,-0.000,1.487,0.014
89.75,-11.912,-0.000,-1.483,-11.898,-0.000,1.487,0.015
89.77,-11.912,-0.000,-1.483,-11.898,-0.000,1.487,0.015
89.79,-11.912,-0.000,-1.483,-11.898,-0.000,1.487,0.015
89.81,-11.912,-0.002,-1.483,-11.898,-0.000,1.487,0.015
89.83,-11.912,-0.002,-1.483,-11.898,-0.000,1.487,0.015
89.85,-11.912,-0.003,-1.482,-11.898,-0.000,1.487,0.015
89.87,-11.912,-0.003,-1.482,-11.898,-0.000,1.487,0.015
89.89,-11.912,-0.005,-1.482,-11.898,-0.000,1.487,0.015
89.92,-11.912,-0.005,-1.482,-11.898,-0.000,1.487,0.015
89.94,-11.912,-0.006,-1.482,-11.898,-0.000,1.487,0.016
89.96,-11.912,-0.006,-1.482,-11.898,-0.000,1.487,0.016
89.98,-11.912,-0.007,-1.482,-11.898,-0.000,1.487,0.016
90.00,-11.912,-0.007,-1.482,-11.898,-0.000,1.487,0.016
90.02,-11.912,-0.009,-1.482,-11.898,-0.000,1.487,0.017
90.04,-11.912,-0.009,-1.482,-11.898,-0.000,1.487,0.017
90.06,-11.912,-0.010,-1.483,-11.898,-0.000,1.487,0.018
90.08,-11.912,-0.010,-1.483,-11.898,-0.000,1.487,0.018
90.10,-11.912,-0.012,-1.483,-11.898,-0.000,1.487,0.018
90.12,-11.912,-0.012,-1.483,-11.898,-0.000,1.487,0.018
90.14,-11.911,-0.014,-1.484,-11.898,-0.000,1.487,0.019
90.17,-11.911,-0.014,-1.484,-11.898,-0.000,1.487,0.019
90.19,-11.911,-0.015,-1.485,-11.898,-0.000,1.487,0.020
90.21,-11.911,-0.015,-1.485,-11.898,-0.000,1.487,0.020
90.23,-11.911,-0.017,-1.485,-11.898,-0.000,1.487,0.021
90.25,-11.911,-0.017,-1.485,-11.898,-0.000,1.487,0.021
90.27,-11.911,-0.017,-1.485,-11.898,-0.000,1.487,0.021
90.29,-11.910,-0.019,-1.487,-11.898,-0.000,1.487,0.022
90.31,-11.910,-0.019,-1.487,-11.898,-0.000,1.487,0.022
90.33,-11.910,-0.020,-1.487,-11.898,-0.000,1.487,0.023
90.35,-11.910,-0.020,-1.487,-11.898,-0.000,1.487,0.023
90.38,-11.909,-0.021,-1.488,-11.898,-0.000,1.487,0.024
90.40,-11.909,-0.021,-1.488,-11.898,-0.000,1.487,0.024
90.42,-11.909,-0.023,-1.489,-11.898,-0.000,1.487,0.025
90.44,-11.909,-0.023,-1.489,-11.898,-0.000,1.487,0.025
90.46,-11.909,-0.024,-1.490,-11.898,-0.000,1.487,0.026
90.48,-11.909,-0.024,-1.490,-11.898,-0.000,1.487,0.026
90.50,-11.909,-0.025,-1.490,-11.898,-0.000,1.487,0.027
90.52,-11.909,-0.025,-1.490,-11.898,-0.000,1.487,0.027
90.54,-11.909,-0.026,-1.491,-11.898,-0.000,1.487,0.028
90.56,-11.909,-0.026,-1.491,-11.898,-0.000,1.487,0.028
90.58,-11.909,-0.027,-1.491,-11.898,-0.000,1.487,0.029
90.60,-11.909,-0.027,-1.491,-11.898,-0.000,1.487,0.029
90.62,-11.909,-0.028,-1.492,-11.898,-0.000,1.487,0.030
90.65,-11.909,-0.028,-1.492,-11.898,-0.000,1.487,0.030
90.67,-11.909,-0.028,-1.493,-11.898,-0.000,1.487,0.031
90.69,-11.909,-0.028,-1.493,-11.898,-0.000,1.487,0.031
90.71,-11.910,-0.028,-1.493,-11.898,-0.000,1.487,0.031
90.73,-11.910,-0.028,-1.493,-11.898,-0.000,1.487,0.031
90.75,-11.910,-0.029,-1.493,-11.898,-0.000,1.487,0.031
90.77,-11.910,-0.029,-1.493,-11.898,-0.000,1.487,0.031
90.79,-11.910,-0.029,-1.493,-11.898,-0.000,1.487,0.031
90.81,-11.910,-0.029,-1.494,-11.898,-0.000,1.487,0.032
90.83,-11.910,-0.029,-1.494,-11.898,-0.000,1.487,0.032
90.85,-11.910,-0.029,-1.495,-11.898,-0.000,1.487,0.032
90.87,-11.910,-0.029,-1.495,-11.898,-0.000,1.487,0.032
90.89,-11.910,-0.028,-1.495,-11.898,-0.000,1.487,0.032
90.92,-11.910,-0.028,-1.495,-11.898,-0.000,1.487,0.032
90.94,-11.910,-0.028,-1.496,-11.898,-0.000,1.487,0.032
90.96,-11.910,-0.028,-1.496,-11.898,-0.000,1.487,0.032
90.98,-11.909,-0.028,-1.496,-11.898,-0.000,1.487,0.031
91.00,-11.909,-0.028,-1.496,-11.898,-0.000,1.487,0.031
91.02,-11.909,-0.028,-1.496,-11.898,-0.000,1.487,0.031
91.04,-11.909,-0.028,-1.496,-11.898,-0.000,1.487,0.031
91.06,-11.908,-0.028,-1.496,-11.898,-0.000,1.487,0.031
91.08,-11.908,-0.028,-1.496,-11.898,-0.000,1.487,0.031
91.10,-11.907,-0.028,-1.496,-11.898,-0.000,1.487,0.030
91.12,-11.907,-0.028,-1.496,-11.898,-0.000,1.487,0.030
91.14,-11.905,-0.028,-1.495,-11.898,-0.000,1.487,0.029
91.16,-11.905,-0.028,-1.495,-11.898,-0.000,1.487,0.029
91.19,-11.904,-0.027,-1.495,-11.898,-0.000,1.487,0.029
91.21,-11.904,-0.027,-1.495,-11.898,-0.000,1.487,0.029
91.23,-11.903,-0.027,-1.494,-11.898,-0.000,1.487,0.028
91.25,-11.903,-0.027,-1.494,-11.898,-0.000,1.487,0.028
91.27,-11.903,-0.027,-1.494,-11.898,-0.000,1.487,0.028
91.29,-11.901,-0.027,-1.493,-11.898,-0.000,1.487,0.028
91.31,-11.901,-0.027,-1.493,-11.898,-0.000,1.487,0.028
91.33,-11.900,-0.027,-1.492,-11.898,-0.000,1.487,0.027
91.35,-11.900,-0.027,-1.492,-11.898,-0.000,1.487,0.027
91.37,-11.898,-0.027,-1.492,-11.898,-0.000,1.487,0.027
91.40,-11.898,-0.027,-1.492,-11.898,-0.000,1.487,0.027
91.42,-11.897,-0.026,-1.491,-11.898,-0.000,1.487,0.027
91.44,-11.897,-0.026,-1.491,-11.898,-0.000,1.487,0.027
91.46,-11.895,-0.026,-1.490,-11.898,-0.000,1.487,0.026
91.48,-11.895,-0.026,-1.490,-11.898,-0.000,1.487,0.026
91.50,-11.894,-0.025,-1.489,-11.898,-0.000,1.487,0.026
91.52,-11.894,-0.025,-1.489,-11.898,-0.000,1.487,0.026
91.54,-11.892,-0.025,-1.489,-11.898,-0.000,1.487,0.025
91.56,-11.892,-0.025,-1.489,-11.898,-0.000,1.487,0.025
91.58,-11.891,-0.024,-1.488,-11.898,-0.000,1.487,0.025
91.60,-11.891,-0.024,-1.488,-11.898,-0.000,1.487,0.025
91.62,-11.889,-0.024,-1.488,-11.898,-0.000,1.487,0.025
91.65,-11.889,-0.024,-1.488,-11.898,-0.000,1.487,0.025
91.67,-11.888,-0.023,-1.488,-11.898,-0.000,1.487,0.025
91.69,-11.888,-0.023,-1.488,-11.898,-0.000,1.487,0.025
91.71,-11.887,-0.023,-1.487,-11.898,-0.000,1.487,0.025
91.73,-11.887,-0.023,-1.487,-11.898,-0.000,1.487,0.025
91.75,-11.886,-0.023,-1.487,-11.898,-0.000,1.487,0.026
91.77,-11.886,-0.023,-1.487,-11.898,-0.000,1.487,0.026
91.79,-11.886,-0.023,-1.487,-11.898,-0.000,1.487,0.026
91.81,-11.885,-0.022,-1.487,-11.898,-0.000,1.487,0.026
91.83,-11.885,-0.022,-1.487,-11.898,-0.000,1.487,0.026
91.85,-11.884,-0.022,-1.487,-11.898,-0.000,1.487,0.026
91.87,-11.884,-0.022,-1.487,-11.898,-0.000,1.487,0.026
91.90,-11.884,-0.022,-1.487,-11.898,-0.000,1.487,0.026
91.92,-11.884,-0.022,-1.487,-11.898,-0.000,1.487,0.026
91.94,-11.883,-0.021,-1.487,-11.898,-0.000,1.487,0.026
91.96,-11.883,-0.021,-1.487,-11.898,-0.000,1.487,0.026
91.98,-11.883,-0.021,-1.488,-11.898,-0.000,1.487,0.026
92.00,-11.883,-0.021,-1.488,-11.898,-0.000,1.487,0.026
92.02,-11.882,-0.021,-1.488,-11.898,-0.000,1.487,0.026
92.04,-11.882,-0.021,-1.488,-11.898,-0.000,1.487,0.026
92.06,-11.882,-0.020,-1.488,-11.898,-0.000,1.487,0.026
92.08,-11.882,-0.020,-1.488,-11.898,-0.000,1.487,0.026
92.10,-11.882,-0.020,-1.489,-11.898,-0.000,1.487,0.025
92.12,-11.882,-0.020,-1.489,-11.898,-0.000,1.487,0.025
92.15,-11.883,-0.019,-1.489,-11.898,-0.000,1.487,0.025
92.17,-11.883,-0.019,-1.489,-11.898,-0.000,1.487,0.025
92.19,-11.883,-0.019,-1.489,-11.898,-0.000,1.487,0.024
92.21,-11.883,-0.019,-1.489,-11.898,-0.000,1.487,0.024
92.23,-11.883,-0.018,-1.489,-11.898,-0.000,1.487,0.023
92.25,-11.883,-0.018,-1.489,-11.898,-0.000,1.487,0.023
92.27,-11.883,-0.017,-1.489,-11.898,-0.000,1.487,0.023
92.29,-11.883,-0.017,-1.489,-11.898,-0.000,1.487,0.023
92.31,-11.883,-0.017,-1.489,-11.898,-0.000,1.487,0.023
92.33,-11.883,-0.016,-1.489,-11.898,-0.000,1.487,0.022
92.35,-11.883,-0.016,-1.489,-11.898,-0.000,1.487,0.022
92.37,-11.883,-0.015,-1.490,-11.898,-0.000,1.487,0.021
92.39,-11.883,-0.015,-1.490,-11.898,-0.000,1.487,0.021
92.42,-11.883,-0.013,-1.490,-11.898,-0.000,1.487,0.020
92.44,-11.883,-0.013,-1.490,-11.898,-0.000,1.487,0.020
92.46,-11.883,-0.012,-1.490,-11.898,-0.000,1.487,0.019
92.48,-11.883,-0.012,-1.490,-11.898,-0.000,1.487,0.019
92.50,-11.884,-0.011,-1.490,-11.898,-0.000,1.487,0.018
92.52,-11.884,-0.011,-1.490,-11.898,-0.000,1.487,0.018
92.54,-11.884,-0.009,-1.490,-11.898,-0.000,1.487,0.017
92.56,-11.884,-0.009,-1.490,-11.898,-0.000,1.487,0.017
92.58,-11.884,-0.008,-1.490,-11.898,-0.000,1.487,0.016
92.60,-11.884,-0.008,-1.490,-11.898,-0.000,1.487,0.016
92.62,-11.884,-0.005,-1.490,-11.898,-0.000,1.487,0.015
92.65,-11.884,-0.005,-1.490,-11.898,-0.000,1.487,0.015
92.67,-11.884,-0.004,-1.490,-11.898,-0.000,1.487,0.015
92.69,-11.884,-0.004,-1.490,-11.898,-0.000,1.487,0.015
92.71,-11.884,-0.002,-1.489,-11.898,-0.000,1.487,0.015
92.73,-11.884,-0.002,-1.489,-11.898,-0.000,1.487,0.015
92.75,-11.884,-0.001,-1.489,-11.898,-0.000,1.487,0.014
92.77,-11.884,-0.001,-1.489,-11.898,-0.000,1.487,0.014
92.79,-11.884,-0.001,-1.489,-11.898,-0.000,1.487,0.014
92.81,-11.884,0.001,-1.488,-11.898,-0.000,1.487,0.014
92.83,-11.884,0.001,-1.488,-11.898,-0.000,1.487,0.014
92.86,-11.884,0.003,-1.488,-11.898,-0.000,1.487,0.014
92.88,-11.884,0.003,-1.488,-11.898,-0.000,1.487,0.014
92.90,-11.885,0.005,-1.488,-11.898,-0.000,1.487,0.014
92.92,-11.885,0.005,-1.488,-11.898,-0.000,1.487,0.014
92.94,-11.885,0.006,-1.488,-11.898,-0.000,1.487,0.014
92.96,-11.885,0.006,-1.488,-11.898,-0.000,1.487,0.014
92.98,-11.886,0.008,-1.488,-11.898,-0.000,1.487,0.015
93.00,-11.886,0.008,-1.488,-11.898,-0.000,1.487,0.015
93.02,-11.886,0.009,-1.488,-11.898,-0.000,1.487,0.015
93.04,-11.886,0.009,-1.488,-11.898,-0.000,1.487,0.015
93.06,-11.887,0.010,-1.488,-11.898,-0.000,1.487,0.016
93.08,-11.887,0.010,-1.488,-11.898,-0.000,1.487,0.016
93.10,-11.887,0.012,-1.488,-11.898,-0.000,1.487,0.017
93.13,-11.887,0.012,-1.488,-11.898,-0.000,1.487,0.017
93.15,-11.887,0.013,-1.488,-11.898,-0.000,1.487,0.017
93.17,-11.887,0.013,-1.488,-11.898,-0.000,1.487,0.017
93.19,-11.887,0.014,-1.488,-11.898,-0.000,1.487,0.018
93.21,-11.887,0.014,-1.488,-11.898,-0.000,1.487,0.018
93.23,-11.887,0.014,-1.488,-11.898,-0.000,1.487,0.018
93.25,-11.887,0.014,-1.488,-11.898,-0.000,1.487,0.018
93.27,-11.887,0.015,-1.488,-11.898,-0.000,1.487,0.018
93.29,-11.887,0.015,-1.488,-11.898,-0.000,1.487,0.018
93.31,-11.887,0.015,-1.488,-11.898,-0.000,1.487,0.018
93.33,-11.887,0.015,-1.488,-11.898,-0.000,1.487,0.018
93.35,-11.887,0.015,-1.488,-11.898,-0.000,1.487,0.018
93.38,-11.888,0.014,-1.488,-11.898,-0.000,1.487,0.018
93.40,-11.888,0.014,-1.488,-11.898,-0.000,1.487,0.018
93.42,-11.888,0.014,-1.488,-11.898,-0.000,1.487,0.017
93.44,-11.888,0.014,-1.488,-11.898,-0.000,1.487,0.017
93.46,-11.889,0.013,-1.488,-11.898,-0.000,1.487,0.016
93.48,-11.889,0.013,-1.488,-11.898,-0.000,1.487,0.016
93.50,-11.889,0.012,-1.488,-11.898,-0.000,1.487,0.015
93.52,-11.889,0.012,-1.488,-11.898,-0.000,1.487,0.015
93.54,-11.890,0.011,-1.487,-11.898,-0.000,1.487,0.013
93.56,-11.890,0.011,-1.487,-11.898,-0.000,1.487,0.013
93.59,-11.892,0.009,-1.487,-11.898,-0.000,1.487,0.011
93.61,-11.892,0.009,-1.487,-11.898,-0.000,1.487,0.011
93.63,-11.893,0.008,-1.487,-11.898,-0.000,1.487,0.010
93.65,-11.893,0.008,-1.487,-11.898,-0.000,1.487,0.010
93.67,-11.894,0.007,-1.486,-11.898,-0.000,1.487,0.008
93.69,-11.894,0.007,-1.486,-11.898,-0.000,1.487,0.008
93.71,-11.895,0.006,-1.486,-11.898,-0.000,1.487,0.007
93.73,-11.895,0.006,-1.486,-11.898,-0.000,1.487,0.007
93.75,-11.897,0.005,-1.486,-11.898,-0.000,1.487,0.006
93.77,-11.897,0.005,-1.486,-11.898,-0.000,1.487,0.006
93.79,-11.897,0.005,-1.486,-11.898,-0.000,1.487,0.006
93.81,-11.899,0.004,-1.486,-11.898,-0.000,1.487,0.004
93.83,-11.899,0.004,-1.486,-11.898,-0.000,1.487,0.004
93.86,-11.901,0.003,-1.486,-11.898,-0.000,1.487,0.004
93.88,-11.901,0.003,-1.486,-11.898,-0.000,1.487,0.004
93.90,-11.902,0.002,-1.486,-11.898,-0.000,1.487,0.005
93.92,-11.902,0.002,-1.486,-11.898,-0.000,1.487,0.005
93.94,-11.904,0.001,-1.486,-11.898,-0.000,1.487,0.006
93.96,-11.904,0.001,-1.486,-11.898,-0.000,1.487,0.006
93.98,-11.905,0.000,-1.486,-11.898,-0.000,1.487,0.007
94.00,-11.905,0.000,-1.486,-11.898,-0.000,1.487,0.007
94.02,-11.906,-0.001,-1.486,-11.898,-0.000,1.487,0.008
94.04,-11.906,-0.001,-1.486,-11.898,-0.000,1.487,0.008
94.06,-11.907,-0.002,-1.486,-11.898,-0.000,1.487,0.010
94.09,-11.907,-0.002,-1.486,-11.898,-0.000,1.487,0.010
94.11,-11.908,-0.002,-1.486,-11.898,-0.000,1.487,0.011
94.13,-11.908,-0.002,-1.486,-11.898,-0.000,1.487,0.011
94.15,-11.909,-0.003,-1.486,-11.898,-0.000,1.487,0.011
94.17,-11.909,-0.003,-1.486,-11.898,-0.000,1.487,0.011
94.19,-11.910,-0.004,-1.485,-11.898,-0.000,1.487,0.012
94.21,-11.910,-0.004,-1.485,-11.898,-0.000,1.487,0.012
94.23,-11.910,-0.005,-1.485,-11.898,-0.000,1.487,0.013
94.25,-11.910,-0.005,-1.485,-11.898,-0.000,1.487,0.013
94.27,-11.911,-0.006,-1.485,-11.898,-0.000,1.487,0.014
94.29,-11.911,-0.006,-1.485,-11.898,-0.000,1.487,0.014
94.31,-11.911,-0.006,-1.485,-11.898,-0.000,1.487,0.014
94.34,-11.911,-0.007,-1.484,-11.898,-0.000,1.487,0.015
94.36,-11.911,-0.007,-1.484,-11.898,-0.000,1.487,0.015
94.38,-11.912,-0.008,-1.484,-11.898,-0.000,1.487,0.016
94.40,-11.912,-0.008,-1.484,-11.898,-0.000,1.487,0.016
94.42,-11.912,-0.008,-1.484,-11.898,-0.000,1.487,0.017
94.44,-11.912,-0.008,-1.484,-11.898,-0.000,1.487,0.017
94.46,-11.912,-0.009,-1.483,-11.898,-0.000,1.487,0.018
94.48,-11.912,-0.009,-1.483,-11.898,-0.000,1.487,0.018
94.50,-11.913,-0.010,-1.483,-11.898,-0.000,1.487,0.018
94.52,-11.913,-0.010,-1.483,-11.898,-0.000,1.487,0.018
94.54,-11.913,-0.010,-1.482,-11.898,-0.000,1.487,0.019
94.57,-11.913,-0.010,-1.482,-11.898,-0.000,1.487,0.019
94.59,-11.913,-0.010,-1.482,-11.898,-0.000,1.487,0.019
94.61,-11.913,-0.010,-1.482,-11.898,-0.000,1.487,0.019
94.63,-11.913,-0.011,-1.482,-11.898,-0.000,1.487,0.019
94.65,-11.913,-0.011,-1.482,-11.898,-0.000,1.487,0.019
94.67,-11.913,-0.011,-1.482,-11.898,-0.000,1.487,0.019
94.69,-11.913,-0.011,-1.482,-11.898,-0.000,1.487,0.019
94.71,-11.912,-0.011,-1.482,-11.898,-0.000,1.487,0.019
94.73,-11.912,-0.011,-1.482,-11.898,-0.000,1.487,0.019
94.75,-11.912,-0.011,-1.482,-11.898,-0.000,1.487,0.018
94.77,-11.912,-0.011,-1.482,-11.898,-0.000,1.487,0.018
94.79,-11.912,-0.011,-1.482,-11.898,-0.000,1.487,0.018
94.82,-11.912,-0.010,-1.482,-11.898,-0.000,1.487,0.018
94.84,-11.912,-0.010,-1.482,-11.898,-0.000,1.487,0.018
94.86,-11.911,-0.010,-1.482,-11.898,-0.000,1.487,0.017
94.88,-11.911,-0.010,-1.482,-11.898,-0.000,1.487,0.017
94.90,-11.911,-0.009,-1.482,-11.898,-0.000,1.487,0.017
94.92,-11.911,-0.009,-1.482,-11.898,-0.000,1.487,0.017
94.94,-11.911,-0.008,-1.483,-11.898,-0.000,1.487,0.016
94.96,-11.911,-0.008,-1.483,-11.898,-0.000,1.487,0.016
94.98,-11.911,-0.007,-1.483,-11.898,-0.000,1.487,0.015
95.00,-11.911,-0.007,-1.483,-11.898,-0.000,1.487,0.015
95.02,-11.911,-0.006,-1.483,-11.898,-0.000,1.487,0.014
95.04,-11.911,-0.006,-1.483,-11.898,-0.000,1.487,0.014
95.06,-11.910,-0.004,-1.484,-11.898,-0.000,1.487,0.013
95.09,-11.910,-0.004,-1.484,-11.898,-0.000,1.487,0.013
95.11,-11.910,-0.003,-1.484,-11.898,-0.000,1.487,0.013
95.13,-11.910,-0.003,-1.484,-11.898,-0.000,1.487,0.013
95.15,-11.910,-0.001,-1.485,-11.898,-0.000,1.487,0.012
95.17,-11.910,-0.001,-1.485,-11.898,-0.000,1.487,0.012
95.19,-11.909,-0.000,-1.485,-11.898,-0.000,1.487,0.011
95.21,-11.909,-0.000,-1.485,-11.898,-0.000,1.487,0.011
95.23,-11.908,0.001,-1.485,-11.898,-0.000,1.487,0.011
95.25,-11.908,0.001,-1.485,-11.898,-0.000,1.487,0.011
95.27,-11.908,0.002,-1.486,-11.898,-0.000,1.487,0.010
95.29,-11.908,0.002,-1.486,-11.898,-0.000,1.487,0.010
95.31,-11.908,0.002,-1.486,-11.898,-0.000,1.487,0.010
95.33,-11.907,0.003,-1.486,-11.898,-0.000,1.487,0.009
95.35,-11.907,0.003,-1.486,-11.898,-0.000,1.487,0.009
95.38,-11.906,0.004,-1.486,-11.898,-0.000,1.487,0.009
95.40,-11.906,0.004,-1.486,-11.898,-0.000,1.487,0.009
95.42,-11.905,0.004,-1.487,-11.898,-0.000,1.487,0.008
95.44,-11.905,0.004,-1.487,-11.898,-0.000,1.487,0.008
95.46,-11.905,0.004,-1.487,-11.898,-0.000,1.487,0.008
95.48,-11.905,0.004,-1.487,-11.898,-0.000,1.487,0.008
95.50,-11.904,0.004,-1.488,-11.898,-0.000,1.487,0.007
95.52,-11.904,0.004,-1.488,-11.898,-0.000,1.487,0.007
95.54,-11.904,0.004,-1.488,-11.898,-0.000,1.487,0.007
95.56,-11.904,0.004,-1.488,-11.898,-0.000,1.487,0.007
95.58,-11.903,0.003,-1.488,-11.898,-0.000,1.487,0.006
95.60,-11.903,0.003,-1.488,-11.898,-0.000,1.487,0.006
95.63,-11.903,0.003,-1.489,-11.898,-0.000,1.487,0.006
95.65,-11.903,0.003,-1.489,-11.898,-0.000,1.487,0.006
95.67,-11.903,0.002,-1.489,-11.898,-0.000,1.487,0.006
95.69,-11.903,0.002,-1.489,-11.898,-0.000,1.487,0.006
95.71,-11.903,0.001,-1.489,-11.898,-0.000,1.487,0.006
95.73,-11.903,0.001,-1.489,-11.898,-0.000,1.487,0.006
95.75,-11.904,0.001,-1.490,-11.898,-0.000,1.487,0.006
95.77,-11.904,0.001,-1.490,-11.898,-0.000,1.487,0.006
95.79,-11.904,0.000,-1.490,-11.898,-0.000,1.487,0.006
95.81,-11.904,0.000,-1.490,-11.898,-0.000,1.487,0.006
95.83,-11.904,0.000,-1.490,-11.898,-0.000,1.487,0.006
95.85,-11.904,-0.001,-1.491,-11.898,-0.000,1.487,0.007
95.87,-11.904,-0.001,-1.491,-11.898,-0.000,1.487,0.007
95.90,-11.904,-0.001,-1.491,-11.898,-0.000,1.487,0.007
95.92,-11.904,-0.001,-1.491,-11.898,-0.000,1.487,0.007
95.94,-11.904,-0.002,-1.491,-11.898,-0.000,1.487,0.008
95.96,-11.904,-0.002,-1.491,-11.898,-0.000,1.487,0.008
95.98,-11.904,-0.002,-1.491,-11.898,-0.000,1.487,0.008
96.00,-11.904,-0.002,-1.491,-11.898,-0.000,1.487,0.008
96.02,-11.904,-0.003,-1.491,-11.898,-0.000,1.487,0.008
96.04,-11.904,-0.003,-1.491,-11.898,-0.000,1.487,0.008
96.06,-11.904,-0.003,-1.492,-11.898,-0.000,1.487,0.008
96.08,-11.904,-0.003,-1.492,-11.898,-0.000,1.487,0.008
96.10,-11.904,-0.003,-1.492,-11.898,-0.000,1.487,0.008
96.12,-11.904,-0.003,-1.492,-11.898,-0.000,1.487,0.008
96.14,-11.904,-0.003,-1.492,-11.898,-0.000,1.487,0.008
96.17,-11.904,-0.003,-1.492,-11.898,-0.000,1.487,0.008
96.19,-11.905,-0.003,-1.492,-11.898,-0.000,1.487,0.009
96.21,-11.905,-0.003,-1.492,-11.898,-0.000,1.487,0.009
96.23,-11.905,-0.003,-1.492,-11.898,-0.000,1.487,0.009
96.25,-11.905,-0.003,-1.492,-11.898,-0.000,1.487,0.009
96.27,-11.905,-0.003,-1.492,-11.898,-0.000,1.487,0.009
96.29,-11.905,-0.003,-1.492,-11.898,-0.000,1.487,0.009
96.31,-11.905,-0.003,-1.492,-11.898,-0.000,1.487,0.009
96.33,-11.905,-0.002,-1.493,-11.898,-0.000,1.487,0.009
96.35,-11.905,-0.002,-1.493,-11.898,-0.000,1.487,0.009
96.37,-11.904,-0.002,-1.493,-11.898,-0.000,1.487,0.009
96.39,-11.904,-0.002,-1.493,-11.898,-0.000,1.487,0.009
96.42,-11.904,-0.002,-1.493,-11.898,-0.000,1.487,0.008
96.44,-11.904,-0.002,-1.493,-11.898,-0.000,1.487,0.008
96.46,-11.904,-0.001,-1.493,-11.898,-0.000,1.487,0.008
96.48,-11.904,-0.001,-1.493,-11.898,-0.000,1.487,0.008
96.50,-11.903,-0.001,-1.494,-11.898,-0.000,1.487,0.008
96.52,-11.903,-0.001,-1.494,-11.898,-0.000,1.487,0.008
96.54,-11.902,-0.001,-1.494,-11.898,-0.000,1.487,0.008
96.56,-11.902,-0.001,-1.494,-11.898,-0.000,1.487,0.008
96.58,-11.901,-0.001,-1.494,-11.898,-0.000,1.487,0.007
96.60,-11.901,-0.001,-1.494,-11.898,-0.000,1.487,0.007
96.62,-11.900,-0.001,-1.493,-11.898,-0.000,1.487,0.006
96.64,-11.900,-0.001,-1.493,-11.898,-0.000,1.487,0.006
96.67,-11.899,-0.002,-1.493,-11.898,-0.000,1.487,0.006
96.69,-11.899,-0.002,-1.493,-11.898,-0.000,1.487,0.006
96.71,-11.897,-0.002,-1.493,-11.898,-0.000,1.487,0.006
96.73,-11.897,-0.002,-1.493,-11.898,-0.000,1.487,0.006
96.75,-11.895,-0.002,-1.493,-11.898,-0.000,1.487,0.007
96.77,-11.895,-0.002,-1.493,-11.898,-0.000,1.487,0.007
96.79,-11.894,-0.003,-1.493,-11.898,-0.000,1.487,0.008
96.81,-11.894,-0.003,-1.493,-11.898,-0.000,1.487,0.008
96.83,-11.894,-0.003,-1.493,-11.898,-0.000,1.487,0.008
96.85,-11.891,-0.003,-1.493,-11.898,-0.000,1.487,0.010
96.87,-11.891,-0.003,-1.493,-11.898,-0.000,1.487,0.010
96.89,-11.889,-0.004,-1.493,-11.898,-0.000,1.487,0.011
96.92,-11.889,-0.004,-1.493,-11.898,-0.000,1.487,0.011
96.94,-11.887,-0.004,-1.494,-11.898,-0.000,1.487,0.013
96.96,-11.887,-0.004,-1.494,-11.898,-0.000,1.487,0.013
96.98,-11.885,-0.005,-1.494,-11.898,-0.000,1.487,0.015
97.00,-11.885,-0.005,-1.494,-11.898,-0.000,1.487,0.015
97.02,-11.884,-0.005,-1.494,-11.898,-0.000,1.487,0.017
97.04,-11.884,-0.005,-1.494,-11.898,-0.000,1.487,0.017
97.06,-11.882,-0.005,-1.495,-11.898,-0.000,1.487,0.019
97.08,-11.882,-0.005,-1.495,-11.898,-0.000,1.487,0.019
97.10,-11.880,-0.005,-1.495,-11.898,-0.000,1.487,0.020
97.12,-11.880,-0.005,-1.495,-11.898,-0.000,1.487,0.020
97.15,-11.878,-0.005,-1.495,-11.898,-0.000,1.487,0.022
97.17,-11.878,-0.005,-1.495,-11.898,-0.000,1.487,0.022
97.19,-11.876,-0.005,-1.495,-11.898,-0.000,1.487,0.024
97.21,-11.876,-0.005,-1.495,-11.898,-0.000,1.487,0.024
97.23,-11.875,-0.005,-1.495,-11.898,-0.000,1.487,0.025
97.25,-11.875,-0.005,-1.495,-11.898,-0.000,1.487,0.025
97.27,-11.873,-0.005,-1.496,-11.898,-0.000,1.487,0.026
97.29,-11.873,-0.005,-1.496,-11.898,-0.000,1.487,0.026
97.31,-11.872,-0.004,-1.496,-11.898,-0.000,1.487,0.027
97.33,-11.872,-0.004,-1.496,-11.898,-0.000,1.487,0.027
97.35,-11.872,-0.004,-1.496,-11.898,-0.000,1.487,0.027
97.37,-11.871,-0.004,-1.496,-11.898,-0.000,1.487,0.029
97.40,-11.871,-0.004,-1.496,-11.898,-0.000,1.487,0.029
97.42,-11.870,-0.003,-1.495,-11.898,-0.000,1.487,0.029
97.44,-11.870,-0.003,-1.495,-11.898,-0.000,1.487,0.029
97.46,-11.869,-0.002,-1.495,-11.898,-0.000,1.487,0.030
97.48,-11.869,-0.002,-1.495,-11.898,-0.000,1.487,0.030
97.50,-11.869,-0.001,-1.495,-11.898,-0.000,1.487,0.030
97.52,-11.869,-0.001,-1.495,-11.898,-0.000,1.487,0.030
97.54,-11.868,-0.000,-1.495,-11.898,-0.000,1.487,0.031
97.56,-11.868,-0.000,-1.495,-11.898,-0.000,1.487,0.031
97.58,-11.868,0.001,-1.495,-11.898,-0.000,1.487,0.031
97.60,-11.868,0.001,-1.495,-11.898,-0.000,1.487,0.031
97.62,-11.867,0.002,-1.495,-11.898,-0.000,1.487,0.032
97.64,-11.867,0.002,-1.495,-11.898,-0.000,1.487,0.032
97.67,-11.867,0.003,-1.495,-11.898,-0.000,1.487,0.032
97.69,-11.867,0.003,-1.495,-11.898,-0.000,1.487,0.032
97.71,-11.866,0.004,-1.494,-11.898,-0.000,1.487,0.033
97.73,-11.866,0.004,-1.494,-11.898,-0.000,1.487,0.033
97.75,-11.866,0.005,-1.494,-11.898,-0.000,1.487,0.033
97.77,-11.866,0.005,-1.494,-11.898,-0.000,1.487,0.033
97.79,-11.866,0.007,-1.494,-11.898,-0.000,1.487,0.034
97.81,-11.866,0.007,-1.494,-11.898,-0.000,1.487,0.034
97.83,-11.866,0.007,-1.494,-11.898,-0.000,1.487,0.034
97.85,-11.865,0.008,-1.494,-11.898,-0.000,1.487,0.034
97.87,-11.865,0.008,-1.494,-11.898,-0.000,1.487,0.034
97.90,-11.865,0.010,-1.493,-11.898,-0.000,1.487,0.035
97.92,-11.865,0.010,-1.493,-11.898,-0.000,1.487,0.035
97.94,-11.865,0.012,-1.493,-11.898,-0.000,1.487,0.035
97.96,-11.865,0.012,-1.493,-11.898,-0.000,1.487,0.035
97.98,-11.865,0.013,-1.493,-11.898,-0.000,1.487,0.036
98.00,-11.865,0.013,-1.493,-11.898,-0.000,1.487,0.036
98.02,-11.865,0.015,-1.492,-11.898,-0.000,1.487,0.036
98.04,-11.865,0.015,-1.492,-11.898,-0.000,1.487,0.036
98.06,-11.865,0.016,-1.492,-11.898,-0.000,1.487,0.037
98.08,-11.865,0.016,-1.492,-11.898,-0.000,1.487,0.037
98.10,-11.865,0.017,-1.491,-11.898,-0.000,1.487,0.037
98.12,-11.865,0.017,-1.491,-11.898,-0.000,1.487,0.037
98.15,-11.866,0.019,-1.490,-11.898,-0.000,1.487,0.038
98.17,-11.866,0.019,-1.490,-11.898,-0.000,1.487,0.038
98.19,-11.866,0.020,-1.489,-11.898,-0.000,1.487,0.038
98.21,-11.866,0.020,-1.489,-11.898,-0.000,1.487,0.038
98.23,-11.866,0.021,-1.488,-11.898,-0.000,1.487,0.038
98.25,-11.866,0.021,-1.488,-11.898,-0.000,1.487,0.038
98.27,-11.867,0.022,-1.487,-11.898,-0.000,1.487,0.038
98.29,-11.867,0.022,-1.487,-11.898,-0.000,1.487,0.038
98.31,-11.867,0.023,-1.487,-11.898,-0.000,1.487,0.039
98.33,-11.867,0.023,-1.487,-11.898,-0.000,1.487,0.039
98.35,-11.867,0.023,-1.487,-11.898,-0.000,1.487,0.039
98.37,-11.868,0.024,-1.485,-11.898,-0.000,1.487,0.039
98.39,-11.868,0.024,-1.485,-11.898,-0.000,1.487,0.039
98.42,-11.869,0.025,-1.485,-11.898,-0.000,1.487,0.039
98.44,-11.869,0.025,-1.485,-11.898,-0.000,1.487,0.039
98.46,-11.869,0.025,-1.484,-11.898,-0.000,1.487,0.039
98.48,-11.869,0.025,-1.484,-11.898,-0.000,1.487,0.039
98.50,-11.869,0.026,-1.483,-11.898,-0.000,1.487,0.039
98.52,-11.869,0.026,-1.483,-11.898,-0.000,1.487,0.039
98.54,-11.869,0.026,-1.482,-11.898,-0.000,1.487,0.039
98.56,-11.869,0.026,-1.482,-11.898,-0.000,1.487,0.039
98.58,-11.869,0.026,-1.481,-11.898,-0.000,1.487,0.039
98.60,-11.869,0.026,-1.481,-11.898,-0.000,1.487,0.039
98.62,-11.869,0.026,-1.480,-11.898,-0.000,1.487,0.040
98.64,-11.869,0.026,-1.480,-11.898,-0.000,1.487,0.040
98.67,-11.869,0.026,-1.480,-11.898,-0.000,1.487,0.040
98.69,-11.869,0.026,-1.480,-11.898,-0.000,1.487,0.040
98.71,-11.869,0.026,-1.479,-11.898,-0.000,1.487,0.040
98.73,-11.869,0.026,-1.479,-11.898,-0.000,1.487,0.040
98.75,-11.869,0.026,-1.479,-11.898,-0.000,1.487,0.040
98.77,-11.869,0.026,-1.479,-11.898,-0.000,1.487,0.040
98.79,-11.868,0.026,-1.478,-11.898,-0.000,1.487,0.041
98.81,-11.868,0.026,-1.478,-11.898,-0.000,1.487,0.041
98.83,-11.868,0.026,-1.478,-11.898,-0.000,1.487,0.041
98.85,-11.868,0.026,-1.478,-11.898,-0.000,1.487,0.041
98.87,-11.868,0.026,-1.478,-11.898,-0.000,1.487,0.041
98.90,-11.868,0.026,-1.478,-11.898,-0.000,1.487,0.041
98.92,-11.868,0.026,-1.478,-11.898,-0.000,1.487,0.041
98.94,-11.867,0.025,-1.478,-11.898,-0.000,1.487,0.041
98.96,-11.867,0.025,-1.478,-11.898,-0.000,1.487,0.041
98.98,-11.867,0.024,-1.478,-11.898,-0.000,1.487,0.041
99.00,-11.867,0.024,-1.478,-11.898,-0.000,1.487,0.041
99.02,-11.867,0.024,-1.479,-11.898,-0.000,1.487,0.040
99.04,-11.867,0.024,-1.479,-11.898,-0.000,1.487,0.040
99.06,-11.867,0.023,-1.479,-11.898,-0.000,1.487,0.039
99.08,-11.867,0.023,-1.479,-11.898,-0.000,1.487,0.039
99.10,-11.867,0.021,-1.480,-11.898,-0.000,1.487,0.038
99.12,-11.867,0.021,-1.480,-11.898,-0.000,1.487,0.038
99.14,-11.868,0.020,-1.480,-11.898,-0.000,1.487,0.037
99.17,-11.868,0.020,-1.480,-11.898,-0.000,1.487,0.037
99.19,-11.869,0.018,-1.481,-11.898,-0.000,1.487,0.035
99.21,-11.869,0.018,-1.481,-11.898,-0.000,1.487,0.035
99.23,-11.869,0.017,-1.481,-11.898,-0.000,1.487,0.034
99.25,-11.869,0.017,-1.481,-11.898,-0.000,1.487,0.034
99.27,-11.870,0.015,-1.481,-11.898,-0.000,1.487,0.032
99.29,-11.870,0.015,-1.481,-11.898,-0.000,1.487,0.032
99.31,-11.872,0.013,-1.482,-11.898,-0.000,1.487,0.030
99.33,-11.872,0.013,-1.482,-11.898,-0.000,1.487,0.030
99.35,-11.872,0.013,-1.482,-11.898,-0.000,1.487,0.030
99.37,-11.873,0.011,-1.482,-11.898,-0.000,1.487,0.027
99.39,-11.873,0.011,-1.482,-11.898,-0.000,1.487,0.027
99.42,-11.875,0.009,-1.482,-11.898,-0.000,1.487,0.025
99.44,-11.875,0.009,-1.482,-11.898,-0.000,1.487,0.025
99.46,-11.876,0.007,-1.483,-11.898,-0.000,1.487,0.023
99.48,-11.876,0.007,-1.483,-11.898,-0.000,1.487,0.023
99.50,-11.878,0.005,-1.483,-11.898,-0.000,1.487,0.021
99.52,-11.878,0.005,-1.483,-11.898,-0.000,1.487,0.021
99.54,-11.880,0.003,-1.483,-11.898,-0.000,1.487,0.019
99.56,-11.880,0.003,-1.483,-11.898,-0.000,1.487,0.019
99.58,-11.882,0.002,-1.483,-11.898,-0.000,1.487,0.017
99.60,-11.882,0.002,-1.483,-11.898,-0.000,1.487,0.017
99.62,-11.884,0.000,-1.484,-11.898,-0.000,1.487,0.015
99.64,-11.884,0.000,-1.484,-11.898,-0.000,1.487,0.015
99.66,-11.887,-0.002,-1.484,-11.898,-0.000,1.487,0.012
99.69,-11.887,-0.002,-1.484,-11.898,-0.000,1.487,0.012
99.71,-11.889,-0.003,-1.484,-11.898,-0.000,1.487,0.010
99.73,-11.889,-0.003,-1.484,-11.898,-0.000,1.487,0.010
99.75,-11.891,-0.004,-1.484,-11.898,-0.000,1.487,0.009
99.77,-11.891,-0.004,-1.484,-11.898,-0.000,1.487,0.009
99.79,-11.893,-0.005,-1.485,-11.898,-0.000,1.487,0.007
99.81,-11.893,-0.005,-1.485,-11.898,-0.000,1.487,0.007
99.83,-11.895,-0.005,-1.485,-11.898,-0.000,1.487,0.006
99.85,-11.895,-0.005,-1.485,-11.898,-0.000,1.487,0.006
99.87,-11.895,-0.005,-1.485,-11.898,-0.000,1.487,0.006
99.89,-11.898,-0.006,-1.485,-11.898,-0.000,1.487,0.006
99.91,-11.898,-0.006,-1.485,-11.898,-0.000,1.487,0.006
99.93,-11.900,-0.006,-1.485,-11.898,-0.000,1.487,0.007
99.96,-11.900,-0.006,-1.485,-11.898,-0.000,1.487,0.007
99.98,-11.902,-0.006,-1.485,-11.898,-0.000,1.487,0.008
100.00,-11.902,-0.006,-1.485,-11.898,-0.000,1.487,0.008
100.02,-11.904,-0.006,-1.485,-11.898,-0.000,1.487,0.008
100.04,-11.904,-0.006,-1.485,-11.898,-0.000,1.487,0.008
100.06,-11.905,-0.005,-1.485,-11.898,-0.000,1.487,0.009
100.08,-11.905,-0.005,-1.485,-11.898,-0.000,1.487,0.009
100.10,-11.906,-0.005,-1.485,-11.898,-0.000,1.487,0.010
100.12,-11.906,-0.005,-1.485,-11.898,-0.000,1.487,0.010
100.14,-11.907,-0.004,-1.486,-11.898,-0.000,1.487,0.010
100.16,-11.907,-0.004,-1.486,-11.898,-0.000,1.487,0.010
100.18,-11.908,-0.003,-1.486,-11.898,-0.000,1.487,0.011
100.20,-11.908,-0.003,-1.486,-11.898,-0.000,1.487,0.011
100.23,-11.909,-0.002,-1.486,-11.898,-0.000,1.487,0.011
100.25,-11.909,-0.002,-1.486,-11.898,-0.000,1.487,0.011
100.27,-11.909,-0.001,-1.486,-11.898,-0.000,1.487,0.011
100.29,-11.909,-0.001,-1.486,-11.898,-0.000,1.487,0.011
100.31,-11.909,-0.000,-1.486,-11.898,-0.000,1.487,0.011
100.33,-11.909,-0.000,-1.486,-11.898,-0.000,1.487,0.011
100.35,-11.909,-0.000,-1.486,-11.898,-0.000,1.487,0.011
100.37,-11.909,0.001,-1.486,-11.898,-0.000,1.487,0.011
100.39,-11.909,0.001,-1.486,-11.898,-0.000,1.487,0.011
100.41,-11.909,0.002,-1.486,-11.898,-0.000,1.487,0.011
100.43,-11.909,0.002,-1.486,-11.898,-0.000,1.487,0.011
100.45,-11.909,0.002,-1.485,-11.898,-0.000,1.487,0.011
100.48,-11.909,0.002,-1.485,-11.898,-0.000,1.487,0.011
100.50,-11.908,0.003,-1.485,-11.898,-0.000,1.487,0.011
100.52,-11.908,0.003,-1.485,-11.898,-0.000,1.487,0.011
100.54,-11.907,0.003,-1.485,-11.898,-0.000,1.487,0.010
100.56,-11.907,0.003,-1.485,-11.898,-0.000,1.487,0.010
100.58,-11.906,0.004,-1.484,-11.898,-0.000,1.487,0.010
100.60,-11.906,0.004,-1.484,-11.898,-0.000,1.487,0.010
100.62,-11.906,0.004,-1.484,-11.898,-0.000,1.487,0.009
100.64,-11.906,0.004,-1.484,-11.898,-0.000,1.487,0.009
100.66,-11.905,0.004,-1.484,-11.898,-0.000,1.487,0.008
100.68,-11.905,0.004,-1.484,-11.898,-0.000,1.487,0.008
100.70,-11.903,0.003,-1.483,-11.898,-0.000,1.487,0.007
100.72,-11.903,0.003,-1.483,-11.898,-0.000,1.487,0.007
100.75,-11.902,0.002,-1.483,-11.898,-0.000,1.487,0.006
100.77,-11.902,0.002,-1.483,-11.898,-0.000,1.487,0.006
100.79,-11.901,0.002,-1.483,-11.898,-0.000,1.487,0.006
100.81,-11.901,0.002,-1.483,-11.898,-0.000,1.487,0.006
100.83,-11.900,0.001,-1.482,-11.898,-0.000,1.487,0.005
100.85,-11.900,0.001,-1.482,-11.898,-0.000,1.487,0.005
100.87,-11.900,0.001,-1.482,-11.898,-0.000,1.487,0.005
100.89,-11.898,-0.001,-1.482,-11.898,-0.000,1.487,0.005
100.91,-11.898,-0.001,-1.482,-11.898,-0.000,1.487,0.005
100.93,-11.897,-0.002,-1.482,-11.898,-0.000,1.487,0.006
100.95,-11.897,-0.002,-1.482,-11.898,-0.000,1.487,0.006
100.97,-11.896,-0.003,-1.482,-11.898,-0.000,1.487,0.007
100.99,-11.896,-0.003,-1.482,-11.898,-0.000,1.487,0.007
101.02,-11.895,-0.005,-1.482,-11.898,-0.000,1.487,0.008
101.04,-11.895,-0.005,-1.482,-11.898,-0.000,1.487,0.008
101.06,-11.894,-0.006,-1.481,-11.898,-0.000,1.487,0.009
101.08,-11.894,-0.006,-1.481,-11.898,-0.000,1.487,0.009
101.10,-11.894,-0.007,-1.481,-11.898,-0.000,1.487,0.010
101.12,-11.894,-0.007,-1.481,-11.898,-0.000,1.487,0.010
101.14,-11.893,-0.009,-1.481,-11.898,-0.000,1.487,0.012
101.16,-11.893,-0.009,-1.481,-11.898,-0.000,1.487,0.012
101.18,-11.893,-0.010,-1.481,-11.898,-0.000,1.487,0.013
101.20,-11.893,-0.010,-1.481,-11.898,-0.000,1.487,0.013
101.22,-11.892,-0.012,-1.481,-11.898,-0.000,1.487,0.015
101.25,-11.892,-0.012,-1.481,-11.898,-0.000,1.487,0.015
101.27,-11.892,-0.013,-1.481,-11.898,-0.000,1.487,0.016
101.29,-11.892,-0.013,-1.481,-11.898,-0.000,1.487,0.016
101.31,-11.892,-0.015,-1.481,-11.898,-0.000,1.487,0.017
101.33,-11.892,-0.015,-1.481,-11.898,-0.000,1.487,0.017
101.35,-11.892,-0.015,-1.481,-11.898,-0.000,1.487,0.017
101.37,-11.891,-0.016,-1.481,-11.898,-0.000,1.487,0.019
101.39,-11.891,-0.016,-1.481,-11.898,-0.000,1.487,0.019
101.41,-11.891,-0.018,-1.481,-11.898,-0.000,1.487,0.020
101.43,-11.891,-0.018,-1.481,-11.898,-0.000,1.487,0.020
101.45,-11.890,-0.018,-1.481,-11.898,-0.000,1.487,0.021
101.48,-11.890,-0.018,-1.481,-11.898,-0.000,1.487,0.021
101.50,-11.890,-0.019,-1.481,-11.898,-0.000,1.487,0.022
101.52,-11.890,-0.019,-1.481,-11.898,-0.000,1.487,0.022
101.54,-11.889,-0.020,-1.481,-11.898,-0.000,1.487,0.023
101.56,-11.889,-0.020,-1.481,-11.898,-0.000,1.487,0.023
101.58,-11.889,-0.021,-1.481,-11.898,-0.000,1.487,0.024
101.60,-11.889,-0.021,-1.481,-11.898,-0.000,1.487,0.024
101.62,-11.888,-0.021,-1.481,-11.898,-0.000,1.487,0.024
101.64,-11.888,-0.021,-1.481,-11.898,-0.000,1.487,0.024
101.66,-11.888,-0.022,-1.481,-11.898,-0.000,1.487,0.025
101.68,-11.888,-0.022,-1.481,-11.898,-0.000,1.487,0.025
101.70,-11.887,-0.022,-1.481,-11.898,-0.000,1.487,0.025
101.72,-11.887,-0.022,-1.481,-11.898,-0.000,1.487,0.025
101.75,-11.887,-0.022,-1.482,-11.898,-0.000,1.487,0.025
101.77,-11.887,-0.022,-1.482,-11.898,-0.000,1.487,0.025
101.79,-11.887,-0.021,-1.482,-11.898,-0.000,1.487,0.025
101.81,-11.887,-0.021,-1.482,-11.898,-0.000,1.487,0.025
101.83,-11.886,-0.021,-1.483,-11.898,-0.000,1.487,0.024
101.85,-11.886,-0.021,-1.483,-11.898,-0.000,1.487,0.024
101.87,-11.886,-0.021,-1.483,-11.898,-0.000,1.487,0.024
101.89,-11.886,-0.020,-1.484,-11.898,-0.000,1.487,0.023
101.91,-11.886,-0.020,-1.484,-11.898,-0.000,1.487,0.023
101.93,-11.886,-0.019,-1.485,-11.898,-0.000,1.487,0.023
101.95,-11.886,-0.019,-1.485,-11.898,-0.000,1.487,0.023
101.97,-11.887,-0.018,-1.486,-11.898,-0.000,1.487,0.022
101.99,-11.887,-0.018,-1.486,-11.898,-0.000,1.487,0.022
102.02,-11.887,-0.017,-1.486,-11.898,-0.000,1.487,0.020
102.04,-11.887,-0.017,-1.486,-11.898,-0.000,1.487,0.020
102.06,-11.888,-0.016,-1.487,-11.898,-0.000,1.487,0.019
102.08,-11.888,-0.016,-1.487,-11.898,-0.000,1.487,0.019
102.10,-11.889,-0.015,-1.487,-11.898,-0.000,1.487,0.018
102.12,-11.889,-0.015,-1.487,-11.898,-0.000,1.487,0.018
102.14,-11.890,-0.015,-1.488,-11.898,-0.000,1.487,0.017
102.16,-11.890,-0.015,-1.488,-11.898,-0.000,1.487,0.017
102.18,-11.891,-0.014,-1.488,-11.898,-0.000,1.487,0.016
102.20,-11.891,-0.014,-1.488,-11.898,-0.000,1.487,0.016
102.22,-11.892,-0.013,-1.489,-11.898,-0.000,1.487,0.014
102.24,-11.892,-0.013,-1.489,-11.898,-0.000,1.487,0.014
102.27,-11.894,-0.012,-1.489,-11.898,-0.000,1.487,0.013
102.29,-11.894,-0.012,-1.489,-11.898,-0.000,1.487,0.013
102.31,-11.895,-0.011,-1.490,-11.898,-0.000,1.487,0.012
102.33,-11.895,-0.011,-1.490,-11.898,-0.000,1.487,0.012
102.35,-11.896,-0.010,-1.490,-11.898,-0.000,1.487,0.011
102.37,-11.896,-0.010,-1.490,-11.898,-0.000,1.487,0.011
102.39,-11.896,-0.010,-1.490,-11.898,-0.000,1.487,0.011
102.41,-11.898,-0.010,-1.490,-11.898,-0.000,1.487,0.010
102.43,-11.898,-0.010,-1.490,-11.898,-0.000,1.487,0.010
102.45,-11.899,-0.009,-1.491,-11.898,-0.000,1.487,0.009
102.47,-11.899,-0.009,-1.491,-11.898,-0.000,1.487,0.009
102.49,-11.900,-0.008,-1.491,-11.898,-0.000,1.487,0.009
102.51,-11.900,-0.008,-1.491,-11.898,-0.000,1.487,0.009
102.54,-11.900,-0.008,-1.491,-11.898,-0.000,1.487,0.009
102.56,-11.900,-0.008,-1.491,-11.898,-0.000,1.487,0.009
102.58,-11.902,-0.007,-1.491,-11.898,-0.000,1.487,0.009
102.60,-11.902,-0.007,-1.491,-11.898,-0.000,1.487,0.009
102.62,-11.902,-0.007,-1.491,-11.898,-0.000,1.487,0.009
102.64,-11.902,-0.007,-1.491,-11.898,-0.000,1.487,0.009
102.66,-11.903,-0.006,-1.491,-11.898,-0.000,1.487,0.009
102.68,-11.903,-0.006,-1.491,-11.898,-0.000,1.487,0.009
102.70,-11.904,-0.006,-1.490,-11.898,-0.000,1.487,0.009
102.72,-11.904,-0.006,-1.490,-11.898,-0.000,1.487,0.009
102.74,-11.905,-0.005,-1.490,-11.898,-0.000,1.487,0.009
102.76,-11.905,-0.005,-1.490,-11.898,-0.000,1.487,0.009
102.78,-11.906,-0.004,-1.490,-11.898,-0.000,1.487,0.010
102.80,-11.906,-0.004,-1.490,-11.898,-0.000,1.487,0.010
102.83,-11.907,-0.003,-1.490,-11.898,-0.000,1.487,0.010
102.85,-11.907,-0.003,-1.490,-11.898,-0.000,1.487,0.010
102.87,-11.907,-0.003,-1.490,-11.898,-0.000,1.487,0.010
102.89,-11.909,-0.002,-1.489,-11.898,-0.000,1.487,0.011
102.91,-11.909,-0.002,-1.489,-11.898,-0.000,1.487,0.011
102.93,-11.909,-0.001,-1.489,-11.898,-0.000,1.487,0.011
102.95,-11.909,-0.001,-1.489,-11.898,-0.000,1.487,0.011
102.97,-11.910,0.000,-1.488,-11.898,-0.000,1.487,0.012
102.99,-11.910,0.000,-1.488,-11.898,-0.000,1.487,0.012
103.01,-11.911,0.001,-1.488,-11.898,-0.000,1.487,0.013
103.03,-11.911,0.001,-1.488,-11.898,-0.000,1.487,0.013
103.05,-11.912,0.002,-1.488,-11.898,-0.000,1.487,0.014
103.08,-11.912,0.002,-1.488,-11.898,-0.000,1.487,0.014
103.10,-11.912,0.002,-1.488,-11.898,-0.000,1.487,0.015
103.12,-11.912,0.002,-1.488,-11.898,-0.000,1.487,0.015
103.14,-11.913,0.003,-1.488,-11.898,-0.000,1.487,0.015
103.16,-11.913,0.003,-1.488,-11.898,-0.000,1.487,0.015
103.18,-11.913,0.004,-1.488,-11.898,-0.000,1.487,0.016
103.20,-11.913,0.004,-1.488,-11.898,-0.000,1.487,0.016
103.22,-11.913,0.004,-1.488,-11.898,-0.000,1.487,0.016
103.24,-11.913,0.004,-1.488,-11.898,-0.000,1.487,0.016
103.26,-11.914,0.004,-1.488,-11.898,-0.000,1.487,0.016
103.28,-11.914,0.004,-1.488,-11.898,-0.000,1.487,0.016
103.30,-11.915,0.005,-1.488,-11.898,-0.000,1.487,0.017
103.33,-11.915,0.005,-1.488,-11.898,-0.000,1.487,0.017
103.35,-11.915,0.005,-1.488,-11.898,-0.000,1.487,0.018
103.37,-11.915,0.005,-1.488,-11.898,-0.000,1.487,0.018
103.39,-11.915,0.005,-1.488,-11.898,-0.000,1.487,0.018
103.41,-11.916,0.005,-1.489,-11.898,-0.000,1.487,0.019
103.43,-11.916,0.005,-1.489,-11.898,-0.000,1.487,0.019
103.45,-11.917,0.004,-1.489,-11.898,-0.000,1.487,0.019
103.47,-11.917,0.004,-1.489,-11.898,-0.000,1.487,0.019
103.49,-11.917,0.004,-1.490,-11.898,-0.000,1.487,0.020
103.51,-11.917,0.004,-1.490,-11.898,-0.000,1.487,0.020
103.53,-11.918,0.004,-1.490,-11.898,-0.000,1.487,0.021
103.55,-11.918,0.004,-1.490,-11.898,-0.000,1.487,0.021
103.57,-11.919,0.003,-1.491,-11.898,-0.000,1.487,0.021
103.60,-11.919,0.003,-1.491,-11.898,-0.000,1.487,0.021
103.62,-11.920,0.003,-1.491,-11.898,-0.000,1.487,0.023
103.64,-11.920,0.003,-1.491,-11.898,-0.000,1.487,0.023
103.66,-11.921,0.002,-1.491,-11.898,-0.000,1.487,0.024
103.68,-11.921,0.002,-1.491,-11.898,-0.000,1.487,0.024
103.70,-11.923,0.001,-1.492,-11.898,-0.000,1.487,0.025
103.72,-11.923,0.001,-1.492,-11.898,-0.000,1.487,0.025
103.74,-11.924,0.000,-1.492,-11.898,-0.000,1.487,0.026
103.76,-11.924,0.000,-1.492,-11.898,-0.000,1.487,0.026
103.78,-11.925,-0.000,-1.491,-11.898,-0.000,1.487,0.027
103.80,-11.925,-0.000,-1.491,-11.898,-0.000,1.487,0.027
103.82,-11.926,-0.002,-1.491,-11.898,-0.000,1.487,0.028
103.84,-11.926,-0.002,-1.491,-11.898,-0.000,1.487,0.028
103.87,-11.926,-0.002,-1.491,-11.898,-0.000,1.487,0.028
103.89,-11.927,-0.002,-1.490,-11.898,-0.000,1.487,0.030
103.91,-11.927,-0.002,-1.490,-11.898,-0.000,1.487,0.030
103.93,-11.928,-0.003,-1.490,-11.898,-0.000,1.487,0.030
103.95,-11.928,-0.003,-1.490,-11.898,-0.000,1.487,0.030
103.97,-11.929,-0.004,-1.489,-11.898,-0.000,1.487,0.031
103.99,-11.929,-0.004,-1.489,-11.898,-0.000,1.487,0.031
104.01,-11.929,-0.005,-1.488,-11.898,-0.000,1.487,0.031
104.03,-11.929,-0.005,-1.488,-11.898,-0.000,1.487,0.031
104.05,-11.930,-0.006,-1.488,-11.898,-0.000,1.487,0.032
104.07,-11.930,-0.006,-1.488,-11.898,-0.000,1.487,0.032
104.09,-11.930,-0.007,-1.487,-11.898,-0.000,1.487,0.033
104.12,-11.930,-0.007,-1.487,-11.898,-0.000,1.487,0.033
104.14,-11.931,-0.008,-1.486,-11.898,-0.000,1.487,0.034
104.16,-11.931,-0.008,-1.486,-11.898,-0.000,1.487,0.034
104.18,-11.931,-0.009,-1.485,-11.898,-0.000,1.487,0.035
104.20,-11.931,-0.009,-1.485,-11.898,-0.000,1.487,0.035
104.22,-11.932,-0.010,-1.485,-11.898,-0.000,1.487,0.035
104.24,-11.932,-0.010,-1.485,-11.898,-0.000,1.487,0.035
104.26,-11.932,-0.011,-1.484,-11.898,-0.000,1.487,0.036
104.28,-11.932,-0.011,-1.484,-11.898,-0.000,1.487,0.036
104.30,-11.931,-0.013,-1.484,-11.898,-0.000,1.487,0.036
104.32,-11.931,-0.013,-1.484,-11.898,-0.000,1.487,0.036
104.34,-11.931,-0.014,-1.483,-11.898,-0.000,1.487,0.036
104.37,-11.931,-0.014,-1.483,-11.898,-0.000,1.487,0.036
104.39,-11.931,-0.014,-1.483,-11.898,-0.000,1.487,0.036
104.41,-11.930,-0.016,-1.483,-11.898,-0.000,1.487,0.036
104.43,-11.930,-0.016,-1.483,-11.898,-0.000,1.487,0.036
104.45,-11.930,-0.017,-1.483,-11.898,-0.000,1.487,0.037
104.47,-11.930,-0.017,-1.483,-11.898,-0.000,1.487,0.037
104.49,-11.929,-0.019,-1.482,-11.898,-0.000,1.487,0.037
104.51,-11.929,-0.019,-1.482,-11.898,-0.000,1.487,0.037
104.53,-11.929,-0.020,-1.482,-11.898,-0.000,1.487,0.037
104.55,-11.929,-0.020,-1.482,-11.898,-0.000,1.487,0.037
104.57,-11.928,-0.021,-1.482,-11.898,-0.000,1.487,0.037
104.59,-11.928,-0.021,-1.482,-11.898,-0.000,1.487,0.037
104.62,-11.927,-0.023,-1.482,-11.898,-0.000,1.487,0.037
104.64,-11.927,-0.023,-1.482,-11.898,-0.000,1.487,0.037
104.66,-11.926,-0.024,-1.481,-11.898,-0.000,1.487,0.037
104.68,-11.926,-0.024,-1.481,-11.898,-0.000,1.487,0.037
104.70,-11.924,-0.024,-1.481,-11.898,-0.000,1.487,0.037
104.72,-11.924,-0.024,-1.481,-11.898,-0.000,1.487,0.037
104.74,-11.923,-0.025,-1.480,-11.898,-0.000,1.487,0.036
104.76,-11.923,-0.025,-1.480,-11.898,-0.000,1.487,0.036
104.78,-11.921,-0.026,-1.480,-11.898,-0.000,1.487,0.036
104.80,-11.921,-0.026,-1.480,-11.898,-0.000,1.487,0.036
104.82,-11.919,-0.026,-1.479,-11.898,-0.000,1.487,0.034
104.84,-11.919,-0.026,-1.479,-11.898,-0.000,1.487,0.034
104.87,-11.917,-0.027,-1.479,-11.898,-0.000,1.487,0.034
104.89,-11.917,-0.027,-1.479,-11.898,-0.000,1.487,0.034
104.91,-11.917,-0.027,-1.479,-11.898,-0.000,1.487,0.034
104.93,-11.914,-0.027,-1.479,-11.898,-0.000,1.487,0.033
104.95,-11.914,-0.027,-1.479,-11.898,-0.000,1.487,0.033
104.97,-11.912,-0.027,-1.479,-11.898,-0.000,1.487,0.032
104.99,-11.912,-0.027,-1.479,-11.898,-0.000,1.487,0.032
105.01,-11.910,-0.028,-1.479,-11.898,-0.000,1.487,0.031
105.03,-11.910,-0.028,-1.479,-11.898,-0.000,1.487,0.031
105.05,-11.908,-0.028,-1.479,-11.898,-0.000,1.487,0.031
105.07,-11.908,-0.028,-1.479,-11.898,-0.000,1.487,0.031
105.10,-11.907,-0.028,-1.479,-11.898,-0.000,1.487,0.031
105.12,-11.907,-0.028,-1.479,-11.898,-0.000,1.487,0.031
105.14,-11.905,-0.029,-1.479,-11.898,-0.000,1.487,0.031
105.16,-11.905,-0.029,-1.479,-11.898,-0.000,1.487,0.031
105.18,-11.903,-0.029,-1.479,-11.898,-0.000,1.487,0.031
105.20,-11.903,-0.029,-1.479,-11.898,-0.000,1.487,0.031
105.22,-11.902,-0.029,-1.480,-11.898,-0.000,1.487,0.031
105.24,-11.902,-0.029,-1.480,-11.898,-0.000,1.487,0.031
105.26,-11.901,-0.030,-1.480,-11.898,-0.000,1.487,0.031
105.28,-11.901,-0.030,-1.480,-11.898,-0.000,1.487,0.031
105.30,-11.899,-0.030,-1.481,-11.898,-0.000,1.487,0.031
105.32,-11.899,-0.030,-1.481,-11.898,-0.000,1.487,0.031
105.35,-11.897,-0.031,-1.481,-11.898,-0.000,1.487,0.031
105.37,-11.897,-0.031,-1.481,-11.898,-0.000,1.487,0.031
105.39,-11.897,-0.031,-1.481,-11.898,-0.000,1.487,0.031
105.41,-11.896,-0.031,-1.482,-11.898,-0.000,1.487,0.032
105.43,-11.896,-0.031,-1.482,-11.898,-0.000,1.487,0.032
105.45,-11.895,-0.032,-1.483,-11.898,-0.000,1.487,0.032
105.47,-11.895,-0.032,-1.483,-11.898,-0.000,1.487,0.032
105.49,-11.893,-0.032,-1.484,-11.898,-0.000,1.487,0.033
105.51,-11.893,-0.032,-1.484,-11.898,-0.000,1.487,0.033
105.53,-11.892,-0.033,-1.485,-11.898,-0.000,1.487,0.033
105.55,-11.892,-0.033,-1.485,-11.898,-0.000,1.487,0.033
105.57,-11.890,-0.033,-1.486,-11.898,-0.000,1.487,0.034
105.60,-11.890,-0.033,-1.486,-11.898,-0.000,1.487,0.034
105.62,-11.888,-0.034,-1.487,-11.898,-0.000,1.487,0.036
105.64,-11.888,-0.034,-1.487,-11.898,-0.000,1.487,0.036
105.66,-11.887,-0.035,-1.489,-11.898,-0.000,1.487,0.037
105.68,-11.887,-0.035,-1.489,-11.898,-0.000,1.487,0.037
105.70,-11.885,-0.036,-1.490,-11.898,-0.000,1.487,0.038
105.72,-11.885,-0.036,-1.490,-11.898,-0.000,1.487,0.038
105.74,-11.884,-0.037,-1.491,-11.898,-0.000,1.487,0.040
105.76,-11.884,-0.037,-1.491,-11.898,-0.000,1.487,0.040
105.78,-11.883,-0.038,-1.491,-11.898,-0.000,1.487,0.041
105.80,-11.883,-0.038,-1.491,-11.898,-0.000,1.487,0.041
105.82,-11.881,-0.038,-1.492,-11.898,-0.000,1.487,0.042
105.84,-11.881,-0.038,-1.492,-11.898,-0.000,1.487,0.042
105.87,-11.880,-0.039,-1.493,-11.898,-0.000,1.487,0.043
105.89,-11.880,-0.039,-1.493,-11.898,-0.000,1.487,0.043
105.91,-11.880,-0.039,-1.493,-11.898,-0.000,1.487,0.043
105.93,-11.879,-0.039,-1.493,-11.898,-0.000,1.487,0.044
105.95,-11.879,-0.039,-1.493,-11.898,-0.000,1.487,0.044
105.97,-11.879,-0.039,-1.494,-11.898,-0.000,1.487,0.044
105.99,-11.879,-0.039,-1.494,-11.898,-0.000,1.487,0.044
106.01,-11.878,-0.039,-1.494,-11.898,-0.000,1.487,0.044
106.03,-11.878,-0.039,-1.494,-11.898,-0.000,1.487,0.044
106.05,-11.878,-0.038,-1.494,-11.898,-0.000,1.487,0.044
106.07,-11.878,-0.038,-1.494,-11.898,-0.000,1.487,0.044
106.10,-11.878,-0.038,-1.494,-11.898,-0.000,1.487,0.043
106.12,-11.878,-0.038,-1.494,-11.898,-0.000,1.487,0.043
106.14,-11.878,-0.037,-1.494,-11.898,-0.000,1.487,0.042
106.16,-11.878,-0.037,-1.494,-11.898,-0.000,1.487,0.042
106.18,-11.879,-0.036,-1.494,-11.898,-0.000,1.487,0.042
106.20,-11.879,-0.036,-1.494,-11.898,-0.000,1.487,0.042
106.22,-11.879,-0.036,-1.494,-11.898,-0.000,1.487,0.041
106.24,-11.879,-0.036,-1.494,-11.898,-0.000,1.487,0.041
106.26,-11.879,-0.035,-1.494,-11.898,-0.000,1.487,0.040
106.28,-11.879,-0.035,-1.494,-11.898,-0.000,1.487,0.040
106.30,-11.879,-0.034,-1.494,-11.898,-0.000,1.487,0.039
106.32,-11.879,-0.034,-1.494,-11.898,-0.000,1.487,0.039
106.34,-11.880,-0.032,-1.494,-11.898,-0.000,1.487,0.038
106.36,-11.880,-0.032,-1.494,-11.898,-0.000,1.487,0.038
106.39,-11.880,-0.032,-1.494,-11.898,-0.000,1.487,0.038
106.41,-11.881,-0.031,-1.494,-11.898,-0.000,1.487,0.036
106.43,-11.881,-0.031,-1.494,-11.898,-0.000,1.487,0.036
106.45,-11.882,-0.029,-1.493,-11.898,-0.000,1.487,0.034
106.47,-11.882,-0.029,-1.493,-11.898,-0.000,1.487,0.034
106.49,-11.883,-0.028,-1.493,-11.898,-0.000,1.487,0.032
106.51,-11.883,-0.028,-1.493,-11.898,-0.000,1.487,0.032
106.53,-11.884,-0.027,-1.492,-11.898,-0.000,1.487,0.031
106.55,-11.884,-0.027,-1.492,-11.898,-0.000,1.487,0.031
106.57,-11.885,-0.026,-1.492,-11.898,-0.000,1.487,0.029
106.59,-11.885,-0.026,-1.492,-11.898,-0.000,1.487,0.029
106.62,-11.885,-0.024,-1.491,-11.898,-0.000,1.487,0.028
106.64,-11.885,-0.024,-1.491,-11.898,-0.000,1.487,0.028
106.66,-11.886,-0.023,-1.491,-11.898,-0.000,1.487,0.026
106.68,-11.886,-0.023,-1.491,-11.898,-0.000,1.487,0.026
106.70,-11.887,-0.022,-1.491,-11.898,-0.000,1.487,0.025
106.72,-11.887,-0.022,-1.491,-11.898,-0.000,1.487,0.025
106.74,-11.888,-0.021,-1.490,-11.898,-0.000,1.487,0.023
106.76,-11.888,-0.021,-1.490,-11.898,-0.000,1.487,0.023
106.78,-11.888,-0.020,-1.490,-11.898,-0.000,1.487,0.022
106.80,-11.888,-0.020,-1.490,-11.898,-0.000,1.487,0.022
106.82,-11.889,-0.019,-1.490,-11.898,-0.000,1.487,0.022
106.84,-11.889,-0.019,-1.490,-11.898,-0.000,1.487,0.022
106.86,-11.889,-0.018,-1.489,-11.898,-0.000,1.487,0.021
106.88,-11.889,-0.018,-1.489,-11.898,-0.000,1.487,0.021
106.91,-11.889,-0.018,-1.489,-11.898,-0.000,1.487,0.021
106.93,-11.889,-0.017,-1.489,-11.898,-0.000,1.487,0.020
106.95,-11.889,-0.017,-1.489,-11.898,-0.000,1.487,0.020
106.97,-11.890,-0.017,-1.488,-11.898,-0.000,1.487,0.019
106.99,-11.890,-0.017,-1.488,-11.898,-0.000,1.487,0.019
107.01,-11.890,-0.016,-1.488,-11.898,-0.000,1.487,0.018
107.03,-11.890,-0.016,-1.488,-11.898,-0.000,1.487,0.018
107.05,-11.890,-0.015,-1.487,-11.898,-0.000,1.487,0.017
107.07,-11.890,-0.015,-1.487,-11.898,-0.000,1.487,0.017
107.09,-11.891,-0.014,-1.487,-11.898,-0.000,1.487,0.016
107.11,-11.891,-0.014,-1.487,-11.898,-0.000,1.487,0.016
107.13,-11.891,-0.014,-1.487,-11.898,-0.000,1.487,0.015
107.15,-11.891,-0.014,-1.487,-11.898,-0.000,1.487,0.015
107.18,-11.892,-0.013,-1.486,-11.898,-0.000,1.487,0.014
107.20,-11.892,-0.013,-1.486,-11.898,-0.000,1.487,0.014
107.22,-11.892,-0.012,-1.486,-11.898,-0.000,1.487,0.013
107.24,-11.892,-0.012,-1.486,-11.898,-0.000,1.487,0.013
107.26,-11.892,-0.011,-1.486,-11.898,-0.000,1.487,0.012
107.28,-11.892,-0.011,-1.486,-11.898,-0.000,1.487,0.012
107.30,-11.892,-0.010,-1.486,-11.898,-0.000,1.487,0.012
107.32,-11.892,-0.010,-1.486,-11.898,-0.000,1.487,0.012
107.34,-11.893,-0.009,-1.486,-11.898,-0.000,1.487,0.011
107.36,-11.893,-0.009,-1.486,-11.898,-0.000,1.487,0.011
107.38,-11.893,-0.008,-1.486,-11.898,-0.000,1.487,0.010
107.40,-11.893,-0.008,-1.486,-11.898,-0.000,1.487,0.010
107.42,-11.893,-0.008,-1.486,-11.898,-0.000,1.487,0.010
107.45,-11.894,-0.006,-1.486,-11.898,-0.000,1.487,0.008
107.47,-11.894,-0.006,-1.486,-11.898,-0.000,1.487,0.008
107.49,-11.894,-0.005,-1.487,-11.898,-0.000,1.487,0.006
107.51,-11.894,-0.005,-1.487,-11.898,-0.000,1.487,0.006
107.53,-11.894,-0.004,-1.487,-11.898,-0.000,1.487,0.005
107.55,-11.894,-0.004,-1.487,-11.898,-0.000,1.487,0.005
107.57,-11.894,-0.003,-1.487,-11.898,-0.000,1.487,0.004
107.59,-11.894,-0.003,-1.487,-11.898,-0.000,1.487,0.004
107.61,-11.895,-0.001,-1.488,-11.898,-0.000,1.487,0.004
107.63,-11.895,-0.001,-1.488,-11.898,-0.000,1.487,0.004
107.65,-11.894,-0.000,-1.488,-11.898,-0.000,1.487,0.004
107.67,-11.894,-0.000,-1.488,-11.898,-0.000,1.487,0.004
107.70,-11.894,0.001,-1.489,-11.898,-0.000,1.487,0.004
107.72,-11.894,0.001,-1.489,-11.898,-0.000,1.487,0.004
107.74,-11.894,0.002,-1.489,-11.898,-0.000,1.487,0.005
107.76,-11.894,0.002,-1.489,-11.898,-0.000,1.487,0.005
107.78,-11.894,0.003,-1.489,-11.898,-0.000,1.487,0.005
107.80,-11.894,0.003,-1.489,-11.898,-0.000,1.487,0.005
107.82,-11.894,0.004,-1.489,-11.898,-0.000,1.487,0.006
107.84,-11.894,0.004,-1.489,-11.898,-0.000,1.487,0.006
107.86,-11.894,0.005,-1.490,-11.898,-0.000,1.487,0.007
107.88,-11.894,0.005,-1.490,-11.898,-0.000,1.487,0.007
107.90,-11.894,0.005,-1.490,-11.898,-0.000,1.487,0.007
107.92,-11.894,0.006,-1.490,-11.898,-0.000,1.487,0.008
107.95,-11.894,0.006,-1.490,-11.898,-0.000,1.487,0.008
107.97,-11.894,0.007,-1.490,-11.898,-0.000,1.487,0.008
107.99,-11.894,0.007,-1.490,-11.898,-0.000,1.487,0.008
108.01,-11.894,0.007,-1.491,-11.898,-0.000,1.487,0.009
108.03,-11.894,0.007,-1.491,-11.898,-0.000,1.487,0.009
108.05,-11.895,0.008,-1.491,-11.898,-0.000,1.487,0.010
108.07,-11.895,0.008,-1.491,-11.898,-0.000,1.487,0.010
108.09,-11.895,0.009,-1.491,-11.898,-0.000,1.487,0.010
108.11,-11.895,0.009,-1.491,-11.898,-0.000,1.487,0.010
108.13,-11.894,0.009,-1.492,-11.898,-0.000,1.487,0.011
108.15,-11.894,0.009,-1.492,-11.898,-0.000,1.487,0.011
108.18,-11.894,0.010,-1.492,-11.898,-0.000,1.487,0.011
108.20,-11.894,0.010,-1.492,-11.898,-0.000,1.487,0.011
108.22,-11.894,0.010,-1.492,-11.898,-0.000,1.487,0.012
108.24,-11.894,0.010,-1.492,-11.898,-0.000,1.487,0.012
108.26,-11.894,0.011,-1.492,-11.898,-0.000,1.487,0.013
108.28,-11.894,0.011,-1.492,-11.898,-0.000,1.487,0.013
108.30,-11.893,0.011,-1.493,-11.898,-0.000,1.487,0.014
108.32,-11.893,0.011,-1.493,-11.898,-0.000,1.487,0.014
108.34,-11.893,0.012,-1.493,-11.898,-0.000,1.487,0.014
108.36,-11.893,0.012,-1.493,-11.898,-0.000,1.487,0.014
108.38,-11.892,0.013,-1.493,-11.898,-0.000,1.487,0.015
108.40,-11.892,0.013,-1.493,-11.898,-0.000,1.487,0.015
108.43,-11.892,0.013,-1.493,-11.898,-0.000,1.487,0.015
108.45,-11.891,0.014,-1.493,-11.898,-0.000,1.487,0.017
108.47,-11.891,0.014,-1.493,-11.898,-0.000,1.487,0.017
108.49,-11.890,0.015,-1.493,-11.898,-0.000,1.487,0.018
108.51,-11.890,0.015,-1.493,-11.898,-0.000,1.487,0.018
108.53,-11.889,0.016,-1.493,-11.898,-0.000,1.487,0.019
108.55,-11.889,0.016,-1.493,-11.898,-0.000,1.487,0.019
108.57,-11.888,0.017,-1.493,-11.898,-0.000,1.487,0.020
108.59,-11.888,0.017,-1.493,-11.898,-0.000,1.487,0.020
108.61,-11.888,0.018,-1.492,-11.898,-0.000,1.487,0.021
108.63,-11.888,0.018,-1.492,-11.898,-0.000,1.487,0.021
108.65,-11.887,0.018,-1.492,-11.898,-0.000,1.487,0.022
108.68,-11.887,0.018,-1.492,-11.898,-0.000,1.487,0.022
108.70,-11.886,0.020,-1.492,-11.898,-0.000,1.487,0.024
108.72,-11.886,0.020,-1.492,-11.898,-0.000,1.487,0.024
108.74,-11.885,0.020,-1.492,-11.898,-0.000,1.487,0.025
108.76,-11.885,0.020,-1.492,-11.898,-0.000,1.487,0.025
108.78,-11.884,0.021,-1.493,-11.898,-0.000,1.487,0.026
108.80,-11.884,0.021,-1.493,-11.898,-0.000,1.487,0.026
108.82,-11.883,0.021,-1.493,-11.898,-0.000,1.487,0.027
108.84,-11.883,0.021,-1.493,-11.898,-0.000,1.487,0.027
108.86,-11.882,0.022,-1.493,-11.898,-0.000,1.487,0.028
108.88,-11.882,0.022,-1.493,-11.898,-0.000,1.487,0.028
108.90,-11.881,0.022,-1.493,-11.898,-0.000,1.487,0.028
108.93,-11.881,0.022,-1.493,-11.898,-0.000,1.487,0.028
108.95,-11.881,0.022,-1.493,-11.898,-0.000,1.487,0.028
108.97,-11.880,0.021,-1.494,-11.898,-0.000,1.487,0.029
108.99,-11.880,0.021,-1.494,-11.898,-0.000,1.487,0.029
109.01,-11.879,0.021,-1.493,-11.898,-0.000,1.487,0.029
109.03,-11.879,0.021,-1.493,-11.898,-0.000,1.487,0.029
109.05,-11.879,0.020,-1.493,-11.898,-0.000,1.487,0.029
109.07,-11.879,0.020,-1.493,-11.898,-0.000,1.487,0.029
109.09,-11.878,0.019,-1.493,-11.898,-0.000,1.487,0.028
109.11,-11.878,0.019,-1.493,-11.898,-0.000,1.487,0.028
109.13,-11.878,0.018,-1.493,-11.898,-0.000,1.487,0.028
109.16,-11.878,0.018,-1.493,-11.898,-0.000,1.487,0.028
109.18,-11.877,0.017,-1.492,-11.898,-0.000,1.487,0.027
109.20,-11.877,0.017,-1.492,-11.898,-0.000,1.487,0.027
109.22,-11.877,0.016,-1.492,-11.898,-0.000,1.487,0.027
109.24,-11.877,0.016,-1.492,-11.898,-0.000,1.487,0.027
109.26,-11.877,0.015,-1.491,-11.898,-0.000,1.487,0.026
109.28,-11.877,0.015,-1.491,-11.898,-0.000,1.487,0.026
109.30,-11.877,0.013,-1.491,-11.898,-0.000,1.487,0.025
109.32,-11.877,0.013,-1.491,-11.898,-0.000,1.487,0.025
109.34,-11.877,0.012,-1.490,-11.898,-0.000,1.487,0.025
109.36,-11.877,0.012,-1.490,-11.898,-0.000,1.487,0.025
109.38,-11.877,0.011,-1.490,-11.898,-0.000,1.487,0.024
109.40,-11.877,0.011,-1.490,-11.898,-0.000,1.487,0.024
109.42,-11.877,0.011,-1.490,-11.898,-0.000,1.487,0.024
109.45,-11.878,0.010,-1.490,-11.898,-0.000,1.487,0.023
109.47,-11.878,0.010,-1.490,-11.898,-0.000,1.487,0.023
109.49,-11.878,0.009,-1.490,-11.898,-0.000,1.487,0.022
109.51,-11.878,0.009,-1.490,-11.898,-0.000,1.487,0.022
109.53,-11.879,0.008,-1.490,-11.898,-0.000,1.487,0.021
109.55,-11.879,0.008,-1.490,-11.898,-0.000,1.487,0.021
109.57,-11.879,0.008,-1.490,-11.898,-0.000,1.487,0.020
109.59,-11.879,0.008,-1.490,-11.898,-0.000,1.487,0.020
109.61,-11.880,0.007,-1.490,-11.898,-0.000,1.487,0.020
109.63,-11.880,0.007,-1.490,-11.898,-0.000,1.487,0.020
109.65,-11.880,0.007,-1.491,-11.898,-0.000,1.487,0.019
109.67,-11.880,0.007,-1.491,-11.898,-0.000,1.487,0.019
109.70,-11.881,0.007,-1.491,-11.898,-0.000,1.487,0.019
109.72,-11.881,0.007,-1.491,-11.898,-0.000,1.487,0.019
109.74,-11.881,0.007,-1.492,-11.898,-0.000,1.487,0.019
109.76,-11.881,0.007,-1.492,-11.898,-0.000,1.487,0.019
109.78,-11.882,0.007,-1.492,-11.898,-0.000,1.487,0.018
109.80,-11.882,0.007,-1.492,-11.898,-0.000,1.487,0.018
109.82,-11.882,0.007,-1.492,-11.898,-0.000,1.487,0.018
109.84,-11.882,0.007,-1.492,-11.898,-0.000,1.487,0.018
109.86,-11.882,0.008,-1.493,-11.898,-0.000,1.487,0.018
109.88,-11.882,0.008,-1.493,-11.898,-0.000,1.487,0.018
109.90,-11.883,0.009,-1.493,-11.898,-0.000,1.487,0.018
109.92,-11.883,0.009,-1.493,-11.898,-0.000,1.487,0.018
109.95,-11.883,0.009,-1.493,-11.898,-0.000,1.487,0.018
109.97,-11.883,0.009,-1.494,-11.898,-0.000,1.487,0.019
109.99,-11.883,0.009,-1.494,-11.898,-0.000,1.487,0.019
110.01,-11.883,0.010,-1.494,-11.898,-0.000,1.487,0.019
110.03,-11.883,0.010,-1.494,-11.898,-0.000,1.487,0.019
110.05,-11.884,0.011,-1.494,-11.898,-0.000,1.487,0.019
110.07,-11.884,0.011,-1.494,-11.898,-0.000,1.487,0.019
110.09,-11.884,0.011,-1.495,-11.898,-0.000,1.487,0.019
110.11,-11.884,0.011,-1.495,-11.898,-0.000,1.487,0.019
110.13,-11.884,0.011,-1.495,-11.898,-0.000,1.487,0.019
110.15,-11.884,0.011,-1.495,-11.898,-0.000,1.487,0.019
110.17,-11.884,0.012,-1.495,-11.898,-0.000,1.487,0.020
110.19,-11.884,0.012,-1.495,-11.898,-0.000,1.487,0.020
110.22,-11.884,0.012,-1.495,-11.898,-0.000,1.487,0.020
110.24,-11.884,0.012,-1.495,-11.898,-0.000,1.487,0.020
110.26,-11.884,0.012,-1.495,-11.898,-0.000,1.487,0.020
110.28,-11.884,0.012,-1.495,-11.898,-0.000,1.487,0.020
110.30,-11.884,0.013,-1.495,-11.898,-0.000,1.487,0.020
110.32,-11.884,0.013,-1.495,-11.898,-0.000,1.487,0.020
110.34,-11.883,0.013,-1.495,-11.898,-0.000,1.487,0.021
110.36,-11.883,0.013,-1.495,-11.898,-0.000,1.487,0.021
110.38,-11.883,0.013,-1.495,-11.898,-0.000,1.487,0.022
110.40,-11.883,0.013,-1.495,-11.898,-0.000,1.487,0.022
110.42,-11.883,0.013,-1.495,-11.898,-0.000,1.487,0.022
110.44,-11.881,0.014,-1.495,-11.898,-0.000,1.487,0.023
110.47,-11.881,0.014,-1.495,-11.898,-0.000,1.487,0.023
110.49,-11.881,0.014,-1.495,-11.898,-0.000,1.487,0.024
110.51,-11.881,0.014,-1.495,-11.898,-0.000,1.487,0.024
110.53,-11.880,0.014,-1.494,-11.898,-0.000,1.487,0.024
110.55,-11.880,0.014,-1.494,-11.898,-0.000,1.487,0.024
110.57,-11.879,0.014,-1.494,-11.898,-0.000,1.487,0.024
110.59,-11.879,0.014,-1.494,-11.898,-0.000,1.487,0.024
110.61,-11.879,0.014,-1.494,-11.898,-0.000,1.487,0.025
110.63,-11.879,0.014,-1.494,-11.898,-0.000,1.487,0.025
110.65,-11.878,0.013,-1.494,-11.898,-0.000,1.487,0.025
110.67,-11.878,0.013,-1.494,-11.898,-0.000,1.487,0.025
110.69,-11.878,0.013,-1.494,-11.898,-0.000,1.487,0.025
110.71,-11.878,0.013,-1.494,-11.898,-0.000,1.487,0.025
110.74,-11.878,0.012,-1.494,-11.898,-0.000,1.487,0.025
110.76,-11.878,0.012,-1.494,-11.898,-0.000,1.487,0.025
110.78,-11.878,0.012,-1.494,-11.898,-0.000,1.487,0.024
110.80,-11.878,0.012,-1.494,-11.898,-0.000,1.487,0.024
110.82,-11.878,0.011,-1.494,-11.898,-0.000,1.487,0.024
110.84,-11.878,0.011,-1.494,-11.898,-0.000,1.487,0.024
110.86,-11.878,0.010,-1.494,-11.898,-0.000,1.487,0.023
110.88,-11.878,0.010,-1.494,-11.898,-0.000,1.487,0.023
110.90,-11.878,0.009,-1.494,-11.898,-0.000,1.487,0.023
110.92,-11.878,0.009,-1.494,-11.898,-0.000,1.487,0.023
110.94,-11.878,0.009,-1.494,-11.898,-0.000,1.487,0.023
110.97,-11.879,0.007,-1.495,-11.898,-0.000,1.487,0.022
110.99,-11.879,0.007,-1.495,-11.898,-0.000,1.487,0.022
111.01,-11.879,0.006,-1.495,-11.898,-0.000,1.487,0.021
111.03,-11.879,0.006,-1.495,-11.898,-0.000,1.487,0.021
111.05,-11.879,0.005,-1.495,-11.898,-0.000,1.487,0.021
111.07,-11.879,0.005,-1.495,-11.898,-0.000,1.487,0.021
111.09,-11.880,0.004,-1.495,-11.898,-0.000,1.487,0.020
111.11,-11.880,0.004,-1.495,-11.898,-0.000,1.487,0.020
111.13,-11.880,0.004,-1.495,-11.898,-0.000,1.487,0.020
111.15,-11.880,0.004,-1.495,-11.898,-0.000,1.487,0.020
111.17,-11.880,0.003,-1.496,-11.898,-0.000,1.487,0.020
111.19,-11.880,0.003,-1.496,-11.898,-0.000,1.487,0.020
111.21,-11.880,0.002,-1.496,-11.898,-0.000,1.487,0.020
111.24,-11.880,0.002,-1.496,-11.898,-0.000,1.487,0.020
111.26,-11.880,0.002,-1.496,-11.898,-0.000,1.487,0.020
111.28,-11.880,0.002,-1.496,-11.898,-0.000,1.487,0.020
111.30,-11.881,0.002,-1.496,-11.898,-0.000,1.487,0.020
111.32,-11.881,0.002,-1.496,-11.898,-0.000,1.487,0.020
111.34,-11.881,0.001,-1.497,-11.898,-0.000,1.487,0.020
111.36,-11.881,0.001,-1.497,-11.898,-0.000,1.487,0.020
111.38,-11.881,0.001,-1.497,-11.898,-0.000,1.487,0.020
111.40,-11.881,0.001,-1.497,-11.898,-0.000,1.487,0.020
111.42,-11.881,0.002,-1.497,-11.898,-0.000,1.487,0.020
111.44,-11.881,0.002,-1.497,-11.898,-0.000,1.487,0.020
111.46,-11.881,0.002,-1.497,-11.898,-0.000,1.487,0.020
111.49,-11.881,0.002,-1.497,-11.898,-0.000,1.487,0.020
111.51,-11.881,0.002,-1.497,-11.898,-0.000,1.487,0.020
111.53,-11.882,0.002,-1.497,-11.898,-0.000,1.487,0.019
111.55,-11.882,0.002,-1.497,-11.898,-0.000,1.487,0.019
111.57,-11.882,0.003,-1.497,-11.898,-0.000,1.487,0.019
111.59,-11.882,0.003,-1.497,-11.898,-0.000,1.487,0.019
111.61,-11.883,0.003,-1.496,-11.898,-0.000,1.487,0.018
111.63,-11.883,0.003,-1.496,-11.898,-0.000,1.487,0.018
111.65,-11.884,0.003,-1.496,-11.898,-0.000,1.487,0.017
111.67,-11.884,0.003,-1.496,-11.898,-0.000,1.487,0.017
111.69,-11.885,0.003,-1.496,-11.898,-0.000,1.487,0.016
111.72,-11.885,0.003,-1.496,-11.898,-0.000,1.487,0.016
111.74,-11.886,0.004,-1.496,-11.898,-0.000,1.487,0.015
111.76,-11.886,0.004,-1.496,-11.898,-0.000,1.487,0.015
111.78,-11.887,0.004,-1.495,-11.898,-0.000,1.487,0.014
111.80,-11.887,0.004,-1.495,-11.898,-0.000,1.487,0.014
111.82,-11.888,0.004,-1.495,-11.898,-0.000,1.487,0.013
111.84,-11.888,0.004,-1.495,-11.898,-0.000,1.487,0.013
111.86,-11.889,0.004,-1.495,-11.898,-0.000,1.487,0.013
111.88,-11.889,0.004,-1.495,-11.898,-0.000,1.487,0.013
111.90,-11.890,0.003,-1.496,-11.898,-0.000,1.487,0.012
111.92,-11.890,0.003,-1.496,-11.898,-0.000,1.487,0.012
111.94,-11.890,0.003,-1.496,-11.898,-0.000,1.487,0.012
111.96,-11.892,0.003,-1.496,-11.898,-0.000,1.487,0.011
111.99,-11.892,0.003,-1.496,-11.898,-0.000,1.487,0.011
112.01,-11.893,0.003,-1.496,-11.898,-0.000,1.487,0.011
112.03,-11.893,0.003,-1.496,-11.898,-0.000,1.487,0.011
112.05,-11.894,0.003,-1.496,-11.898,-0.000,1.487,0.010
112.07,-11.894,0.003,-1.496,-11.898,-0.000,1.487,0.010
112.09,-11.894,0.003,-1.497,-11.898,-0.000,1.487,0.010
112.11,-11.894,0.003,-1.497,-11.898,-0.000,1.487,0.010
112.13,-11.895,0.003,-1.497,-11.898,-0.000,1.487,0.010
112.15,-11.895,0.003,-1.497,-11.898,-0.000,1.487,0.010
112.17,-11.896,0.003,-1.497,-11.898,-0.000,1.487,0.010
112.19,-11.896,0.003,-1.497,-11.898,-0.000,1.487,0.010
112.21,-11.897,0.003,-1.497,-11.898,-0.000,1.487,0.010
112.24,-11.897,0.003,-1.497,-11.898,-0.000,1.487,0.010
112.26,-11.898,0.004,-1.497,-11.898,-0.000,1.487,0.011
112.28,-11.898,0.004,-1.497,-11.898,-0.000,1.487,0.011
112.30,-11.899,0.004,-1.498,-11.898,-0.000,1.487,0.011
112.32,-11.899,0.004,-1.498,-11.898,-0.000,1.487,0.011
112.34,-11.899,0.004,-1.498,-11.898,-0.000,1.487,0.011
112.36,-11.899,0.004,-1.498,-11.898,-0.000,1.487,0.011
112.38,-11.900,0.004,-1.498,-11.898,-0.000,1.487,0.011
112.40,-11.900,0.004,-1.498,-11.898,-0.000,1.487,0.011
112.42,-11.900,0.004,-1.498,-11.898,-0.000,1.487,0.011
112.44,-11.900,0.004,-1.498,-11.898,-0.000,1.487,0.011
112.46,-11.900,0.004,-1.498,-11.898,-0.000,1.487,0.011
112.49,-11.901,0.004,-1.497,-11.898,-0.000,1.487,0.011
112.51,-11.901,0.004,-1.497,-11.898,-0.000,1.487,0.011
112.53,-11.902,0.004,-1.497,-11.898,-0.000,1.487,0.011
112.55,-11.902,0.004,-1.497,-11.898,-0.000,1.487,0.011
112.57,-11.902,0.004,-1.497,-11.898,-0.000,1.487,0.011
112.59,-11.902,0.004,-1.497,-11.898,-0.000,1.487,0.011
112.61,-11.903,0.004,-1.497,-11.898,-0.000,1.487,0.011
112.63,-11.903,0.004,-1.497,-11.898,-0.000,1.487,0.011
112.65,-11.904,0.003,-1.497,-11.898,-0.000,1.487,0.011
112.67,-11.904,0.003,-1.497,-11.898,-0.000,1.487,0.011
112.69,-11.905,0.003,-1.496,-11.898,-0.000,1.487,0.012
112.72,-11.905,0.003,-1.496,-11.898,-0.000,1.487,0.012
112.74,-11.906,0.003,-1.496,-11.898,-0.000,1.487,0.012
112.76,-11.906,0.003,-1.496,-11.898,-0.000,1.487,0.012
112.78,-11.907,0.003,-1.495,-11.898,-0.000,1.487,0.012
112.80,-11.907,0.003,-1.495,-11.898,-0.000,1.487,0.012
112.82,-11.907,0.003,-1.495,-11.898,-0.000,1.487,0.012
112.84,-11.907,0.003,-1.495,-11.898,-0.000,1.487,0.012
112.86,-11.908,0.003,-1.494,-11.898,-0.000,1.487,0.012
112.88,-11.908,0.003,-1.494,-11.898,-0.000,1.487,0.012
112.90,-11.909,0.003,-1.494,-11.898,-0.000,1.487,0.013
112.92,-11.909,0.003,-1.494,-11.898,-0.000,1.487,0.013
112.94,-11.909,0.003,-1.494,-11.898,-0.000,1.487,0.013
112.97,-11.909,0.003,-1.493,-11.898,-0.000,1.487,0.013
112.99,-11.909,0.003,-1.493,-11.898,-0.000,1.487,0.013
113.01,-11.910,0.003,-1.492,-11.898,-0.000,1.487,0.013
113.03,-11.910,0.003,-1.492,-11.898,-0.000,1.487,0.013
113.05,-11.910,0.003,-1.491,-11.898,-0.000,1.487,0.013
113.07,-11.910,0.003,-1.491,-11.898,-0.000,1.487,0.013
113.09,-11.911,0.003,-1.490,-11.898,-0.000,1.487,0.013
113.11,-11.911,0.003,-1.490,-11.898,-0.000,1.487,0.013
113.13,-11.911,0.003,-1.489,-11.898,-0.000,1.487,0.013
113.15,-11.911,0.003,-1.489,-11.898,-0.000,1.487,0.013
113.17,-11.911,0.003,-1.488,-11.898,-0.000,1.487,0.013
113.19,-11.911,0.003,-1.488,-11.898,-0.000,1.487,0.013
113.22,-11.910,0.003,-1.487,-11.898,-0.000,1.487,0.013
113.24,-11.910,0.003,-1.487,-11.898,-0.000,1.487,0.013
113.26,-11.910,0.003,-1.486,-11.898,-0.000,1.487,0.012
113.28,-11.910,0.003,-1.486,-11.898,-0.000,1.487,0.012
113.30,-11.910,0.003,-1.485,-11.898,-0.000,1.487,0.012
113.32,-11.910,0.003,-1.485,-11.898,-0.000,1.487,0.012
113.34,-11.909,0.003,-1.484,-11.898,-0.000,1.487,0.012
113.36,-11.909,0.003,-1.484,-11.898,-0.000,1.487,0.012
113.38,-11.908,0.003,-1.483,-11.898,-0.000,1.487,0.011
113.40,-11.908,0.003,-1.483,-11.898,-0.000,1.487,0.011
113.42,-11.907,0.003,-1.482,-11.898,-0.000,1.487,0.011
113.44,-11.907,0.003,-1.482,-11.898,-0.000,1.487,0.011
113.47,-11.907,0.003,-1.482,-11.898,-0.000,1.487,0.011
113.49,-11.906,0.004,-1.481,-11.898,-0.000,1.487,0.011
113.51,-11.906,0.004,-1.481,-11.898,-0.000,1.487,0.011
113.53,-11.905,0.005,-1.481,-11.898,-0.000,1.487,0.011
113.55,-11.905,0.005,-1.481,-11.898,-0.000,1.487,0.011
113.57,-11.903,0.006,-1.480,-11.898,-0.000,1.487,0.011
113.59,-11.903,0.006,-1.480,-11.898,-0.000,1.487,0.011
113.61,-11.902,0.007,-1.480,-11.898,-0.000,1.487,0.011
113.63,-11.902,0.007,-1.480,-11.898,-0.000,1.487,0.011
113.65,-11.901,0.007,-1.480,-11.898,-0.000,1.487,0.011
113.67,-11.901,0.007,-1.480,-11.898,-0.000,1.487,0.011
113.69,-11.900,0.008,-1.479,-11.898,-0.000,1.487,0.012
113.71,-11.900,0.008,-1.479,-11.898,-0.000,1.487,0.012
113.74,-11.899,0.009,-1.479,-11.898,-0.000,1.487,0.012
113.76,-11.899,0.009,-1.479,-11.898,-0.000,1.487,0.012
113.78,-11.898,0.010,-1.479,-11.898,-0.000,1.487,0.013
113.80,-11.898,0.010,-1.479,-11.898,-0.000,1.487,0.013
113.82,-11.896,0.011,-1.478,-11.898,-0.000,1.487,0.014
113.84,-11.896,0.011,-1.478,-11.898,-0.000,1.487,0.014
113.86,-11.895,0.011,-1.478,-11.898,-0.000,1.487,0.015
113.88,-11.895,0.011,-1.478,-11.898,-0.000,1.487,0.015
113.90,-11.895,0.012,-1.477,-11.898,-0.000,1.487,0.016
113.92,-11.895,0.012,-1.477,-11.898,-0.000,1.487,0.016
113.94,-11.893,0.013,-1.477,-11.898,-0.000,1.487,0.017
113.96,-11.893,0.013,-1.477,-11.898,-0.000,1.487,0.017
113.99,-11.893,0.013,-1.477,-11.898,-0.000,1.487,0.017
114.01,-11.892,0.014,-1.476,-11.898,-0.000,1.487,0.019
114.03,-11.892,0.014,-1.476,-11.898,-0.000,1.487,0.019
114.05,-11.892,0.015,-1.476,-11.898,-0.000,1.487,0.020
114.07,-11.892,0.015,-1.476,-11.898,-0.000,1.487,0.020
114.09,-11.892,0.016,-1.475,-11.898,-0.000,1.487,0.021
114.11,-11.892,0.016,-1.475,-11.898,-0.000,1.487,0.021
114.13,-11.891,0.017,-1.475,-11.898,-0.000,1.487,0.022
114.15,-11.891,0.017,-1.475,-11.898,-0.000,1.487,0.022
114.17,-11.891,0.017,-1.475,-11.898,-0.000,1.487,0.023
114.19,-11.891,0.017,-1.475,-11.898,-0.000,1.487,0.023
114.21,-11.891,0.018,-1.475,-11.898,-0.000,1.487,0.023
114.23,-11.891,0.018,-1.475,-11.898,-0.000,1.487,0.023
114.26,-11.891,0.018,-1.475,-11.898,-0.000,1.487,0.023
114.28,-11.891,0.018,-1.475,-11.898,-0.000,1.487,0.023
114.30,-11.892,0.019,-1.475,-11.898,-0.000,1.487,0.024
114.32,-11.892,0.019,-1.475,-11.898,-0.000,1.487,0.024
114.34,-11.892,0.020,-1.476,-11.898,-0.000,1.487,0.024
114.36,-11.892,0.020,-1.476,-11.898,-0.000,1.487,0.024
114.38,-11.892,0.020,-1.476,-11.898,-0.000,1.487,0.024
114.40,-11.892,0.020,-1.476,-11.898,-0.000,1.487,0.024
114.42,-11.893,0.021,-1.477,-11.898,-0.000,1.487,0.024
114.44,-11.893,0.021,-1.477,-11.898,-0.000,1.487,0.024
114.46,-11.893,0.021,-1.477,-11.898,-0.000,1.487,0.024
114.48,-11.895,0.022,-1.478,-11.898,-0.000,1.487,0.025
114.51,-11.895,0.022,-1.478,-11.898,-0.000,1.487,0.025
114.53,-11.896,0.023,-1.478,-11.898,-0.000,1.487,0.025
114.55,-11.896,0.023,-1.478,-11.898,-0.000,1.487,0.025
114.57,-11.897,0.024,-1.478,-11.898,-0.000,1.487,0.025
114.59,-11.897,0.024,-1.478,-11.898,-0.000,1.487,0.025
114.61,-11.899,0.024,-1.478,-11.898,-0.000,1.487,0.026
114.63,-11.899,0.024,-1.478,-11.898,-0.000,1.487,0.026
114.65,-11.900,0.025,-1.478,-11.898,-0.000,1.487,0.027
114.67,-11.900,0.025,-1.478,-11.898,-0.000,1.487,0.027
114.69,-11.902,0.025,-1.478,-11.898,-0.000,1.487,0.027
114.71,-11.902,0.025,-1.478,-11.898,-0.000,1.487,0.027
114.73,-11.903,0.025,-1.478,-11.898,-0.000,1.487,0.028
114.76,-11.903,0.025,-1.478,-11.898,-0.000,1.487,0.028
114.78,-11.905,0.026,-1.479,-11.898,-0.000,1.487,0.028
114.80,-11.905,0.026,-1.479,-11.898,-0.000,1.487,0.028
114.82,-11.907,0.026,-1.479,-11.898,-0.000,1.487,0.029
114.84,-11.907,0.026,-1.479,-11.898,-0.000,1.487,0.029
114.86,-11.908,0.026,-1.479,-11.898,-0.000,1.487,0.029
114.88,-11.908,0.026,-1.479,-11.898,-0.000,1.487,0.029
114.90,-11.909,0.026,-1.479,-11.898,-0.000,1.487,0.029
114.92,-11.909,0.026,-1.479,-11.898,-0.000,1.487,0.029
114.94,-11.910,0.026,-1.479,-11.898,-0.000,1.487,0.030
114.96,-11.910,0.026,-1.479,-11.898,-0.000,1.487,0.030
114.98,-11.910,0.026,-1.479,-11.898,-0.000,1.487,0.030
115.00,-11.911,0.025,-1.479,-11.898,-0.000,1.487,0.030
115.03,-11.911,0.025,-1.479,-11.898,-0.000,1.487,0.030
115.05,-11.912,0.025,-1.480,-11.898,-0.000,1.487,0.030
115.07,-11.912,0.025,-1.480,-11.898,-0.000,1.487,0.030
115.09,-11.912,0.025,-1.480,-11.898,-0.000,1.487,0.030
115.11,-11.912,0.025,-1.480,-11.898,-0.000,1.487,0.030
115.13,-11.913,0.025,-1.480,-11.898,-0.000,1.487,0.030
115.15,-11.913,0.025,-1.480,-11.898,-0.000,1.487,0.030
115.17,-11.913,0.024,-1.481,-11.898,-0.000,1.487,0.029
115.19,-11.913,0.024,-1.481,-11.898,-0.000,1.487,0.029
115.21,-11.913,0.024,-1.481,-11.898,-0.000,1.487,0.029
115.23,-11.913,0.024,-1.481,-11.898,-0.000,1.487,0.029
115.25,-11.913,0.023,-1.482,-11.898,-0.000,1.487,0.028
115.28,-11.913,0.023,-1.482,-11.898,-0.000,1.487,0.028
115.30,-11.913,0.023,-1.483,-11.898,-0.000,1.487,0.028
115.32,-11.913,0.023,-1.483,-11.898,-0.000,1.487,0.028
115.34,-11.913,0.022,-1.484,-11.898,-0.000,1.487,0.027
115.36,-11.913,0.022,-1.484,-11.898,-0.000,1.487,0.027
115.38,-11.913,0.022,-1.485,-11.898,-0.000,1.487,0.027
115.40,-11.913,0.022,-1.485,-11.898,-0.000,1.487,0.027
115.42,-11.912,0.022,-1.486,-11.898,-0.000,1.487,0.026
115.44,-11.912,0.022,-1.486,-11.898,-0.000,1.487,0.026
115.46,-11.912,0.022,-1.486,-11.898,-0.000,1.487,0.026
115.48,-11.911,0.021,-1.487,-11.898,-0.000,1.487,0.025
115.50,-11.911,0.021,-1.487,-11.898,-0.000,1.487,0.025
115.52,-11.910,0.020,-1.488,-11.898,-0.000,1.487,0.024
115.55,-11.910,0.020,-1.488,-11.898,-0.000,1.487,0.024
115.57,-11.909,0.020,-1.489,-11.898,-0.000,1.487,0.023
115.59,-11.909,0.020,-1.489,-11.898,-0.000,1.487,0.023
115.61,-11.908,0.019,-1.489,-11.898,-0.000,1.487,0.022
115.63,-11.908,0.019,-1.489,-11.898,-0.000,1.487,0.022
115.65,-11.906,0.018,-1.490,-11.898,-0.000,1.487,0.020
115.67,-11.906,0.018,-1.490,-11.898,-0.000,1.487,0.020
115.69,-11.905,0.018,-1.490,-11.898,-0.000,1.487,0.019
115.71,-11.905,0.018,-1.490,-11.898,-0.000,1.487,0.019
115.73,-11.903,0.017,-1.491,-11.898,-0.000,1.487,0.018
115.75,-11.903,0.017,-1.491,-11.898,-0.000,1.487,0.018
115.78,-11.901,0.016,-1.491,-11.898,-0.000,1.487,0.017
115.80,-11.901,0.016,-1.491,-11.898,-0.000,1.487,0.017
115.82,-11.900,0.016,-1.492,-11.898,-0.000,1.487,0.016
115.84,-11.900,0.016,-1.492,-11.898,-0.000,1.487,0.016
115.86,-11.898,0.015,-1.492,-11.898,-0.000,1.487,0.016
115.88,-11.898,0.015,-1.492,-11.898,-0.000,1.487,0.016
115.90,-11.897,0.015,-1.493,-11.898,-0.000,1.487,0.015
115.92,-11.897,0.015,-1.493,-11.898,-0.000,1.487,0.015
115.94,-11.896,0.014,-1.493,-11.898,-0.000,1.487,0.015
115.96,-11.896,0.014,-1.493,-11.898,-0.000,1.487,0.015
115.98,-11.896,0.014,-1.493,-11.898,-0.000,1.487,0.015
116.00,-11.895,0.013,-1.493,-11.898,-0.000,1.487,0.014
116.02,-11.895,0.013,-1.493,-11.898,-0.000,1.487,0.014
116.04,-11.895,0.012,-1.493,-11.898,-0.000,1.487,0.014
116.07,-11.895,0.012,-1.493,-11.898,-0.000,1.487,0.014
116.09,-11.894,0.012,-1.493,-11.898,-0.000,1.487,0.014
116.11,-11.894,0.012,-1.493,-11.898,-0.000,1.487,0.014
116.13,-11.894,0.011,-1.493,-11.898,-0.000,1.487,0.013
116.15,-11.894,0.011,-1.493,-11.898,-0.000,1.487,0.013
116.17,-11.894,0.011,-1.493,-11.898,-0.000,1.487,0.013
116.19,-11.894,0.011,-1.493,-11.898,-0.000,1.487,0.013
116.21,-11.893,0.010,-1.493,-11.898,-0.000,1.487,0.013
116.23,-11.893,0.010,-1.493,-11.898,-0.000,1.487,0.013
116.25,-11.893,0.010,-1.493,-11.898,-0.000,1.487,0.012
116.27,-11.893,0.010,-1.493,-11.898,-0.000,1.487,0.012
116.30,-11.893,0.009,-1.493,-11.898,-0.000,1.487,0.012
116.32,-11.893,0.009,-1.493,-11.898,-0.000,1.487,0.012
116.34,-11.892,0.008,-1.493,-11.898,-0.000,1.487,0.011
116.36,-11.892,0.008,-1.493,-11.898,-0.000,1.487,0.011
116.38,-11.892,0.008,-1.493,-11.898,-0.000,1.487,0.011
116.40,-11.892,0.008,-1.493,-11.898,-0.000,1.487,0.011
116.42,-11.891,0.007,-1.493,-11.898,-0.000,1.487,0.011
116.44,-11.891,0.007,-1.493,-11.898,-0.000,1.487,0.011
116.46,-11.891,0.007,-1.493,-11.898,-0.000,1.487,0.011
116.48,-11.891,0.007,-1.493,-11.898,-0.000,1.487,0.011
116.50,-11.891,0.007,-1.493,-11.898,-0.000,1.487,0.011
116.52,-11.890,0.006,-1.493,-11.898,-0.000,1.487,0.012
116.54,-11.890,0.006,-1.493,-11.898,-0.000,1.487,0.012
116.57,-11.889,0.006,-1.493,-11.898,-0.000,1.487,0.012
116.59,-11.889,0.006,-1.493,-11.898,-0.000,1.487,0.012
116.61,-11.888,0.006,-1.493,-11.898,-0.000,1.487,0.013
116.63,-11.888,0.006,-1.493,-11.898,-0.000,1.487,0.013
116.65,-11.887,0.005,-1.493,-11.898,-0.000,1.487,0.013
116.67,-11.887,0.005,-1.493,-11.898,-0.000,1.487,0.013
116.69,-11.886,0.005,-1.493,-11.898,-0.000,1.487,0.014
116.71,-11.886,0.005,-1.493,-11.898,-0.000,1.487,0.014
116.73,-11.885,0.005,-1.493,-11.898,-0.000,1.487,0.015
116.75,-11.885,0.005,-1.493,-11.898,-0.000,1.487,0.015
116.78,-11.884,0.004,-1.492,-11.898,-0.000,1.487,0.015
116.80,-11.884,0.004,-1.492,-11.898,-0.000,1.487,0.015
116.82,-11.883,0.004,-1.492,-11.898,-0.000,1.487,0.016
116.84,-11.883,0.004,-1.492,-11.898,-0.000,1.487,0.016
116.86,-11.882,0.004,-1.491,-11.898,-0.000,1.487,0.017
116.88,-11.882,0.004,-1.491,-11.898,-0.000,1.487,0.017
116.90,-11.881,0.003,-1.491,-11.898,-0.000,1.487,0.018
116.92,-11.881,0.003,-1.491,-11.898,-0.000,1.487,0.018
116.94,-11.880,0.003,-1.491,-11.898,-0.000,1.487,0.019
116.96,-11.880,0.003,-1.491,-11.898,-0.000,1.487,0.019
116.98,-11.880,0.003,-1.491,-11.898,-0.000,1.487,0.019
117.00,-11.878,0.003,-1.490,-11.898,-0.000,1.487,0.020
117.03,-11.878,0.003,-1.490,-11.898,-0.000,1.487,0.020
117.05,-11.877,0.003,-1.489,-11.898,-0.000,1.487,0.021
117.07,-11.877,0.003,-1.489,-11.898,-0.000,1.487,0.021
117.09,-11.877,0.003,-1.489,-11.898,-0.000,1.487,0.022
117.11,-11.877,0.003,-1.489,-11.898,-0.000,1.487,0.022
117.13,-11.876,0.003,-1.489,-11.898,-0.000,1.487,0.022
117.15,-11.876,0.003,-1.489,-11.898,-0.000,1.487,0.022
117.17,-11.876,0.003,-1.489,-11.898,-0.000,1.487,0.023
117.19,-11.876,0.003,-1.489,-11.898,-0.000,1.487,0.023
117.21,-11.876,0.003,-1.489,-11.898,-0.000,1.487,0.023
117.23,-11.876,0.003,-1.489,-11.898,-0.000,1.487,0.023
117.25,-11.876,0.003,-1.488,-11.898,-0.000,1.487,0.023
117.28,-11.876,0.003,-1.488,-11.898,-0.000,1.487,0.023
117.30,-11.876,0.003,-1.488,-11.898,-0.000,1.487,0.023
117.32,-11.876,0.003,-1.488,-11.898,-0.000,1.487,0.023
117.34,-11.876,0.003,-1.488,-11.898,-0.000,1.487,0.022
117.36,-11.876,0.003,-1.488,-11.898,-0.000,1.487,0.022
117.38,-11.876,0.003,-1.488,-11.898,-0.000,1.487,0.022
117.40,-11.876,0.003,-1.488,-11.898,-0.000,1.487,0.022
117.42,-11.877,0.003,-1.487,-11.898,-0.000,1.487,0.022
117.44,-11.877,0.003,-1.487,-11.898,-0.000,1.487,0.022
117.46,-11.877,0.003,-1.487,-11.898,-0.000,1.487,0.021
117.48,-11.877,0.003,-1.487,-11.898,-0.000,1.487,0.021
117.50,-11.877,0.003,-1.487,-11.898,-0.000,1.487,0.021
117.53,-11.878,0.003,-1.487,-11.898,-0.000,1.487,0.021
117.55,-11.878,0.003,-1.487,-11.898,-0.000,1.487,0.021
117.57,-11.878,0.003,-1.486,-11.898,-0.000,1.487,0.020
117.59,-11.878,0.003,-1.486,-11.898,-0.000,1.487,0.020
117.61,-11.878,0.003,-1.486,-11.898,-0.000,1.487,0.020
117.63,-11.878,0.003,-1.486,-11.898,-0.000,1.487,0.020
117.65,-11.878,0.003,-1.486,-11.898,-0.000,1.487,0.020
117.67,-11.878,0.003,-1.486,-11.898,-0.000,1.487,0.020
117.69,-11.878,0.003,-1.486,-11.898,-0.000,1.487,0.020
117.71,-11.878,0.003,-1.486,-11.898,-0.000,1.487,0.020
117.73,-11.879,0.002,-1.486,-11.898,-0.000,1.487,0.019
117.75,-11.879,0.002,-1.486,-11.898,-0.000,1.487,0.019
117.78,-11.879,0.002,-1.486,-11.898,-0.000,1.487,0.019
117.80,-11.879,0.002,-1.486,-11.898,-0.000,1.487,0.019
117.82,-11.880,0.001,-1.487,-11.898,-0.000,1.487,0.018
117.84,-11.880,0.001,-1.487,-11.898,-0.000,1.487,0.018
117.86,-11.880,-0.001,-1.488,-11.898,-0.000,1.487,0.018
117.88,-11.880,-0.001,-1.488,-11.898,-0.000,1.487,0.018
117.90,-11.880,-0.002,-1.488,-11.898,-0.000,1.487,0.018
117.92,-11.880,-0.002,-1.488,-11.898,-0.000,1.487,0.018
117.94,-11.881,-0.003,-1.489,-11.898,-0.000,1.487,0.018
117.96,-11.881,-0.003,-1.489,-11.898,-0.000,1.487,0.018
117.98,-11.881,-0.003,-1.489,-11.898,-0.000,1.487,0.018
118.00,-11.881,-0.005,-1.490,-11.898,-0.000,1.487,0.018
118.02,-11.881,-0.005,-1.490,-11.898,-0.000,1.487,0.018
118.05,-11.882,-0.007,-1.491,-11.898,-0.000,1.487,0.018
118.07,-11.882,-0.007,-1.491,-11.898,-0.000,1.487,0.018
118.09,-11.882,-0.008,-1.492,-11.898,-0.000,1.487,0.019
118.11,-11.882,-0.008,-1.492,-11.898,-0.000,1.487,0.019
118.13,-11.882,-0.009,-1.493,-11.898,-0.000,1.487,0.019
118.15,-11.882,-0.009,-1.493,-11.898,-0.000,1.487,0.019
118.17,-11.882,-0.010,-1.494,-11.898,-0.000,1.487,0.020
118.19,-11.882,-0.010,-1.494,-11.898,-0.000,1.487,0.020
118.21,-11.882,-0.011,-1.494,-11.898,-0.000,1.487,0.020
118.23,-11.882,-0.011,-1.494,-11.898,-0.000,1.487,0.020
118.25,-11.882,-0.012,-1.495,-11.898,-0.000,1.487,0.021
118.27,-11.882,-0.012,-1.495,-11.898,-0.000,1.487,0.021
118.30,-11.882,-0.013,-1.495,-11.898,-0.000,1.487,0.022
118.32,-11.882,-0.013,-1.495,-11.898,-0.000,1.487,0.022
118.34,-11.882,-0.015,-1.495,-11.898,-0.000,1.487,0.023
118.36,-11.882,-0.015,-1.495,-11.898,-0.000,1.487,0.023
118.38,-11.883,-0.015,-1.496,-11.898,-0.000,1.487,0.023
118.40,-11.883,-0.015,-1.496,-11.898,-0.000,1.487,0.023
118.42,-11.883,-0.016,-1.496,-11.898,-0.000,1.487,0.024
118.44,-11.883,-0.016,-1.496,-11.898,-0.000,1.487,0.024
118.46,-11.884,-0.017,-1.496,-11.898,-0.000,1.487,0.024
118.48,-11.884,-0.017,-1.496,-11.898,-0.000,1.487,0.024
118.50,-11.884,-0.017,-1.496,-11.898,-0.000,1.487,0.024
118.52,-11.885,-0.019,-1.495,-11.898,-0.000,1.487,0.024
118.54,-11.885,-0.019,-1.495,-11.898,-0.000,1.487,0.024
118.57,-11.886,-0.019,-1.495,-11.898,-0.000,1.487,0.024
118.59,-11.886,-0.019,-1.495,-11.898,-0.000,1.487,0.024
118.61,-11.887,-0.020,-1.494,-11.898,-0.000,1.487,0.024
118.63,-11.887,-0.020,-1.494,-11.898,-0.000,1.487,0.024
118.65,-11.887,-0.020,-1.493,-11.898,-0.000,1.487,0.024
118.67,-11.887,-0.020,-1.493,-11.898,-0.000,1.487,0.024
118.69,-11.888,-0.021,-1.492,-11.898,-0.000,1.487,0.024
118.71,-11.888,-0.021,-1.492,-11.898,-0.000,1.487,0.024
118.73,-11.889,-0.022,-1.491,-11.898,-0.000,1.487,0.024
118.75,-11.889,-0.022,-1.491,-11.898,-0.000,1.487,0.024
118.77,-11.890,-0.022,-1.490,-11.898,-0.000,1.487,0.024
118.79,-11.890,-0.022,-1.490,-11.898,-0.000,1.487,0.024
118.82,-11.892,-0.023,-1.489,-11.898,-0.000,1.487,0.024
118.84,-11.892,-0.023,-1.489,-11.898,-0.000,1.487,0.024
118.86,-11.893,-0.024,-1.488,-11.898,-0.000,1.487,0.024
118.88,-11.893,-0.024,-1.488,-11.898,-0.000,1.487,0.024
118.90,-11.894,-0.024,-1.487,-11.898,-0.000,1.487,0.024
118.92,-11.894,-0.024,-1.487,-11.898,-0.000,1.487,0.024
118.94,-11.896,-0.024,-1.486,-11.898,-0.000,1.487,0.025
118.96,-11.896,-0.024,-1.486,-11.898,-0.000,1.487,0.025
118.98,-11.897,-0.025,-1.485,-11.898,-0.000,1.487,0.025
119.00,-11.897,-0.025,-1.485,-11.898,-0.000,1.487,0.025
119.02,-11.897,-0.025,-1.485,-11.898,-0.000,1.487,0.025
119.05,-11.899,-0.025,-1.483,-11.898,-0.000,1.487,0.025
119.07,-11.899,-0.025,-1.483,-11.898,-0.000,1.487,0.025
119.09,-11.900,-0.025,-1.482,-11.898,-0.000,1.487,0.025
119.11,-11.900,-0.025,-1.482,-11.898,-0.000,1.487,0.025
119.13,-11.901,-0.024,-1.481,-11.898,-0.000,1.487,0.025
119.15,-11.901,-0.024,-1.481,-11.898,-0.000,1.487,0.025
119.17,-11.903,-0.023,-1.480,-11.898,-0.000,1.487,0.025
119.19,-11.903,-0.023,-1.480,-11.898,-0.000,1.487,0.025
119.21,-11.904,-0.023,-1.479,-11.898,-0.000,1.487,0.025
119.23,-11.904,-0.023,-1.479,-11.898,-0.000,1.487,0.025
119.25,-11.905,-0.022,-1.478,-11.898,-0.000,1.487,0.025
119.27,-11.905,-0.022,-1.478,-11.898,-0.000,1.487,0.025
119.29,-11.907,-0.020,-1.477,-11.898,-0.000,1.487,0.024
119.32,-11.907,-0.020,-1.477,-11.898,-0.000,1.487,0.024
119.34,-11.909,-0.019,-1.476,-11.898,-0.000,1.487,0.024
119.36,-11.909,-0.019,-1.476,-11.898,-0.000,1.487,0.024
119.38,-11.910,-0.017,-1.476,-11.898,-0.000,1.487,0.024
119.40,-11.910,-0.017,-1.476,-11.898,-0.000,1.487,0.024
119.42,-11.912,-0.015,-1.475,-11.898,-0.000,1.487,0.024
119.44,-11.912,-0.015,-1.475,-11.898,-0.000,1.487,0.024
119.46,-11.913,-0.014,-1.475,-11.898,-0.000,1.487,0.024
119.48,-11.913,-0.014,-1.475,-11.898,-0.000,1.487,0.024
119.50,-11.913,-0.014,-1.475,-11.898,-0.000,1.487,0.024
119.52,-11.915,-0.010,-1.474,-11.898,-0.000,1.487,0.024
119.55,-11.915,-0.010,-1.474,-11.898,-0.000,1.487,0.024
119.57,-11.917,-0.009,-1.474,-11.898,-0.000,1.487,0.025
119.59,-11.917,-0.009,-1.474,-11.898,-0.000,1.487,0.025
119.61,-11.918,-0.007,-1.474,-11.898,-0.000,1.487,0.025
119.63,-11.918,-0.007,-1.474,-11.898,-0.000,1.487,0.025
119.65,-11.919,-0.005,-1.474,-11.898,-0.000,1.487,0.026
119.67,-11.919,-0.005,-1.474,-11.898,-0.000,1.487,0.026
119.69,-11.920,-0.003,-1.474,-11.898,-0.000,1.487,0.026
119.71,-11.920,-0.003,-1.474,-11.898,-0.000,1.487,0.026
119.73,-11.921,-0.001,-1.475,-11.898,-0.000,1.487,0.027
119.75,-11.921,-0.001,-1.475,-11.898,-0.000,1.487,0.027
119.77,-11.922,0.001,-1.475,-11.898,-0.000,1.487,0.027
119.80,-11.922,0.001,-1.475,-11.898,-0.000,1.487,0.027
119.82,-11.923,0.003,-1.476,-11.898,-0.000,1.487,0.028
119.84,-11.923,0.003,-1.476,-11.898,-0.000,1.487,0.028
119.86,-11.924,0.004,-1.476,-11.898,-0.000,1.487,0.029
119.88,-11.924,0.004,-1.476,-11.898,-0.000,1.487,0.029
119.90,-11.925,0.006,-1.476,-11.898,-0.000,1.487,0.030
119.92,-11.925,0.006,-1.476,-11.898,-0.000,1.487,0.030
119.94,-11.926,0.007,-1.477,-11.898,-0.000,1.487,0.031
119.96,-11.926,0.007,-1.477,-11.898,-0.000,1.487,0.031
119.98,-11.927,0.009,-1.477,-11.898,-0.000,1.487,0.032
120.00,-11.927,0.009,-1.477,-11.898,-0.000,1.487,0.032
120.03,-11.927,0.009,-1.477,-11.898,-0.000,1.487,0.032
120.05,-11.927,0.011,-1.477,-11.898,-0.000,1.487,0.033
120.07,-11.927,0.011,-1.477,-11.898,-0.000,1.487,0.033
120.09,-11.927,0.012,-1.477,-11.898,-0.000,1.487,0.033
120.11,-11.927,0.012,-1.477,-11.898,-0.000,1.487,0.033
120.13,-11.927,0.013,-1.477,-11.898,-0.000,1.487,0.034
120.15,-11.927,0.013,-1.477,-11.898,-0.000,1.487,0.034
120.17,-11.927,0.014,-1.477,-11.898,-0.000,1.487,0.034
120.19,-11.927,0.014,-1.477,-11.898,-0.000,1.487,0.034
120.21,-11.927,0.015,-1.477,-11.898,-0.000,1.487,0.035
120.23,-11.927,0.015,-1.477,-11.898,-0.000,1.487,0.035
120.25,-11.927,0.016,-1.477,-11.898,-0.000,1.487,0.035
120.27,-11.927,0.016,-1.477,-11.898,-0.000,1.487,0.035
120.30,-11.926,0.016,-1.476,-11.898,-0.000,1.487,0.035
120.32,-11.926,0.016,-1.476,-11.898,-0.000,1.487,0.035
120.34,-11.926,0.017,-1.476,-11.898,-0.000,1.487,0.034
120.36,-11.926,0.017,-1.476,-11.898,-0.000,1.487,0.034
120.38,-11.925,0.017,-1.475,-11.898,-0.000,1.487,0.034
120.40,-11.925,0.017,-1.475,-11.898,-0.000,1.487,0.034
120.42,-11.924,0.016,-1.475,-11.898,-0.000,1.487,0.033
120.44,-11.924,0.016,-1.475,-11.898,-0.000,1.487,0.033
120.46,-11.924,0.016,-1.475,-11.898,-0.000,1.487,0.033
120.48,-11.924,0.016,-1.475,-11.898,-0.000,1.487,0.033
120.50,-11.924,0.016,-1.475,-11.898,-0.000,1.487,0.033
120.52,-11.922,0.015,-1.474,-11.898,-0.000,1.487,0.031
120.55,-11.922,0.015,-1.474,-11.898,-0.000,1.487,0.031
120.57,-11.921,0.014,-1.474,-11.898,-0.000,1.487,0.030
120.59,-11.921,0.014,-1.474,-11.898,-0.000,1.487,0.030
120.61,-11.920,0.013,-1.474,-11.898,-0.000,1.487,0.029
120.63,-11.920,0.013,-1.474,-11.898,-0.000,1.487,0.029
120.65,-11.919,0.012,-1.474,-11.898,-0.000,1.487,0.028
120.67,-11.919,0.012,-1.474,-11.898,-0.000,1.487,0.028
120.69,-11.918,0.011,-1.474,-11.898,-0.000,1.487,0.026
120.71,-11.918,0.011,-1.474,-11.898,-0.000,1.487,0.026
120.73,-11.917,0.010,-1.475,-11.898,-0.000,1.487,0.025
120.75,-11.917,0.010,-1.475,-11.898,-0.000,1.487,0.025
120.77,-11.916,0.009,-1.475,-11.898,-0.000,1.487,0.023
120.79,-11.916,0.009,-1.475,-11.898,-0.000,1.487,0.023
120.82,-11.915,0.008,-1.476,-11.898,-0.000,1.487,0.022
120.84,-11.915,0.008,-1.476,-11.898,-0.000,1.487,0.022
120.86,-11.914,0.006,-1.476,-11.898,-0.000,1.487,0.021
120.88,-11.914,0.006,-1.476,-11.898,-0.000,1.487,0.021
120.90,-11.913,0.006,-1.477,-11.898,-0.000,1.487,0.019
120.92,-11.913,0.006,-1.477,-11.898,-0.000,1.487,0.019
120.94,-11.913,0.005,-1.478,-11.898,-0.000,1.487,0.018
120.96,-11.913,0.005,-1.478,-11.898,-0.000,1.487,0.018
120.98,-11.912,0.004,-1.478,-11.898,-0.000,1.487,0.017
121.00,-11.912,0.004,-1.478,-11.898,-0.000,1.487,0.017
121.02,-11.912,0.004,-1.478,-11.898,-0.000,1.487,0.017
121.05,-11.910,0.004,-1.479,-11.898,-0.000,1.487,0.015
121.07,-11.910,0.004,-1.479,-11.898,-0.000,1.487,0.015
121.09,-11.910,0.004,-1.479,-11.898,-0.000,1.487,0.015
121.11,-11.910,0.004,-1.479,-11.898,-0.000,1.487,0.015
121.13,-11.909,0.004,-1.480,-11.898,-0.000,1.487,0.014
121.15,-11.909,0.004,-1.480,-11.898,-0.000,1.487,0.014
121.17,-11.908,0.004,-1.480,-11.898,-0.000,1.487,0.013
121.19,-11.908,0.004,-1.480,-11.898,-0.000,1.487,0.013
121.21,-11.908,0.004,-1.480,-11.898,-0.000,1.487,0.013
121.23,-11.908,0.004,-1.480,-11.898,-0.000,1.487,0.013
121.25,-11.907,0.004,-1.480,-11.898,-0.000,1.487,0.012
121.28,-11.907,0.004,-1.480,-11.898,-0.000,1.487,0.012
121.30,-11.906,0.004,-1.480,-11.898,-0.000,1.487,0.012
121.32,-11.906,0.004,-1.480,-11.898,-0.000,1.487,0.012
121.34,-11.905,0.004,-1.480,-11.898,-0.000,1.487,0.011
121.36,-11.905,0.004,-1.480,-11.898,-0.000,1.487,0.011
121.38,-11.904,0.004,-1.480,-11.898,-0.000,1.487,0.010
121.40,-11.904,0.004,-1.480,-11.898,-0.000,1.487,0.010
121.42,-11.903,0.004,-1.481,-11.898,-0.000,1.487,0.009
121.44,-11.903,0.004,-1.481,-11.898,-0.000,1.487,0.009
121.46,-11.901,0.003,-1.481,-11.898,-0.000,1.487,0.008
121.48,-11.901,0.003,-1.481,-11.898,-0.000,1.487,0.008
121.50,-11.900,0.003,-1.481,-11.898,-0.000,1.487,0.007
121.53,-11.900,0.003,-1.481,-11.898,-0.000,1.487,0.007
121.55,-11.900,0.003,-1.481,-11.898,-0.000,1.487,0.007
121.57,-11.898,0.002,-1.482,-11.898,-0.000,1.487,0.006
121.59,-11.898,0.002,-1.482,-11.898,-0.000,1.487,0.006
121.61,-11.896,0.002,-1.482,-11.898,-0.000,1.487,0.006
121.63,-11.896,0.002,-1.482,-11.898,-0.000,1.487,0.006
121.65,-11.895,0.002,-1.482,-11.898,-0.000,1.487,0.007
121.67,-11.895,0.002,-1.482,-11.898,-0.000,1.487,0.007
121.69,-11.893,0.002,-1.482,-11.898,-0.000,1.487,0.007
121.71,-11.893,0.002,-1.482,-11.898,-0.000,1.487,0.007
121.73,-11.892,0.002,-1.482,-11.898,-0.000,1.487,0.008
121.75,-11.892,0.002,-1.482,-11.898,-0.000,1.487,0.008
121.78,-11.891,0.001,-1.482,-11.898,-0.000,1.487,0.009
121.80,-11.891,0.001,-1.482,-11.898,-0.000,1.487,0.009
121.82,-11.890,0.001,-1.482,-11.898,-0.000,1.487,0.010
121.84,-11.890,0.001,-1.482,-11.898,-0.000,1.487,0.010
121.86,-11.888,0.001,-1.482,-11.898,-0.000,1.487,0.011
121.88,-11.888,0.001,-1.482,-11.898,-0.000,1.487,0.011
121.90,-11.887,0.001,-1.483,-11.898,-0.000,1.487,0.012
121.92,-11.887,0.001,-1.483,-11.898,-0.000,1.487,0.012
121.94,-11.886,0.002,-1.483,-11.898,-0.000,1.487,0.013
121.96,-11.886,0.002,-1.483,-11.898,-0.000,1.487,0.013
121.98,-11.885,0.002,-1.483,-11.898,-0.000,1.487,0.014
122.00,-11.885,0.002,-1.483,-11.898,-0.000,1.487,0.014
122.02,-11.885,0.002,-1.483,-11.898,-0.000,1.487,0.014
122.05,-11.882,0.003,-1.484,-11.898,-0.000,1.487,0.016
122.07,-11.882,0.003,-1.484,-11.898,-0.000,1.487,0.016
122.09,-11.881,0.004,-1.485,-11.898,-0.000,1.487,0.017
122.11,-11.881,0.004,-1.485,-11.898,-0.000,1.487,0.017
122.13,-11.880,0.004,-1.485,-11.898,-0.000,1.487,0.019
122.15,-11.880,0.004,-1.485,-11.898,-0.000,1.487,0.019
122.17,-11.879,0.005,-1.485,-11.898,-0.000,1.487,0.020
122.19,-11.879,0.005,-1.485,-11.898,-0.000,1.487,0.020
122.21,-11.878,0.006,-1.486,-11.898,-0.000,1.487,0.021
122.23,-11.878,0.006,-1.486,-11.898,-0.000,1.487,0.021
122.25,-11.878,0.007,-1.486,-11.898,-0.000,1.487,0.022
122.27,-11.878,0.007,-1.486,-11.898,-0.000,1.487,0.022
122.30,-11.877,0.008,-1.486,-11.898,-0.000,1.487,0.022
122.32,-11.877,0.008,-1.486,-11.898,-0.000,1.487,0.022
122.34,-11.877,0.009,-1.486,-11.898,-0.000,1.487,0.023
122.36,-11.877,0.009,-1.486,-11.898,-0.000,1.487,0.023
122.38,-11.877,0.010,-1.486,-11.898,-0.000,1.487,0.024
122.40,-11.877,0.010,-1.486,-11.898,-0.000,1.487,0.024
122.42,-11.877,0.011,-1.486,-11.898,-0.000,1.487,0.024
122.44,-11.877,0.011,-1.486,-11.898,-0.000,1.487,0.024
122.46,-11.877,0.012,-1.485,-11.898,-0.000,1.487,0.024
122.48,-11.877,0.012,-1.485,-11.898,-0.000,1.487,0.024
122.50,-11.878,0.014,-1.485,-11.898,-0.000,1.487,0.024
122.52,-11.878,0.014,-1.485,-11.898,-0.000,1.487,0.024
122.54,-11.878,0.014,-1.485,-11.898,-0.000,1.487,0.024
122.57,-11.879,0.016,-1.484,-11.898,-0.000,1.487,0.025
122.59,-11.879,0.016,-1.484,-11.898,-0.000,1.487,0.025
122.61,-11.880,0.016,-1.484,-11.898,-0.000,1.487,0.025
122.63,-11.880,0.016,-1.484,-11.898,-0.000,1.487,0.025
122.65,-11.880,0.017,-1.484,-11.898,-0.000,1.487,0.025
122.67,-11.880,0.017,-1.484,-11.898,-0.000,1.487,0.025
122.69,-11.881,0.018,-1.483,-11.898,-0.000,1.487,0.025
122.71,-11.881,0.018,-1.483,-11.898,-0.000,1.487,0.025
122.73,-11.882,0.018,-1.483,-11.898,-0.000,1.487,0.025
122.75,-11.882,0.018,-1.483,-11.898,-0.000,1.487,0.025
122.77,-11.883,0.019,-1.482,-11.898,-0.000,1.487,0.025
122.79,-11.883,0.019,-1.482,-11.898,-0.000,1.487,0.025
122.81,-11.884,0.019,-1.482,-11.898,-0.000,1.487,0.025
122.84,-11.884,0.019,-1.482,-11.898,-0.000,1.487,0.025
122.86,-11.885,0.020,-1.481,-11.898,-0.000,1.487,0.025
122.88,-11.885,0.020,-1.481,-11.898,-0.000,1.487,0.025
122.90,-11.886,0.020,-1.481,-11.898,-0.000,1.487,0.025
122.92,-11.886,0.020,-1.481,-11.898,-0.000,1.487,0.025
122.94,-11.886,0.020,-1.480,-11.898,-0.000,1.487,0.025
122.96,-11.886,0.020,-1.480,-11.898,-0.000,1.487,0.025
122.98,-11.888,0.020,-1.480,-11.898,-0.000,1.487,0.024
123.00,-11.888,0.020,-1.480,-11.898,-0.000,1.487,0.024
123.02,-11.888,0.020,-1.480,-11.898,-0.000,1.487,0.024
123.04,-11.889,0.020,-1.480,-11.898,-0.000,1.487,0.023
123.06,-11.889,0.020,-1.480,-11.898,-0.000,1.487,0.023
123.08,-11.891,0.020,-1.480,-11.898,-0.000,1.487,0.022
123.11,-11.891,0.020,-1.480,-11.898,-0.000,1.487,0.022
123.13,-11.892,0.019,-1.480,-11.898,-0.000,1.487,0.021
123.15,-11.892,0.019,-1.480,-11.898,-0.000,1.487,0.021
123.17,-11.893,0.018,-1.480,-11.898,-0.000,1.487,0.020
123.19,-11.893,0.018,-1.480,-11.898,-0.000,1.487,0.020
123.21,-11.894,0.017,-1.480,-11.898,-0.000,1.487,0.019
123.23,-11.894,0.017,-1.480,-11.898,-0.000,1.487,0.019
123.25,-11.895,0.016,-1.480,-11.898,-0.000,1.487,0.018
123.27,-11.895,0.016,-1.480,-11.898,-0.000,1.487,0.018
123.29,-11.896,0.015,-1.480,-11.898,-0.000,1.487,0.017
123.31,-11.896,0.015,-1.480,-11.898,-0.000,1.487,0.017
123.33,-11.897,0.013,-1.480,-11.898,-0.000,1.487,0.015
123.36,-11.897,0.013,-1.480,-11.898,-0.000,1.487,0.015
123.38,-11.899,0.011,-1.480,-11.898,-0.000,1.487,0.014
123.40,-11.899,0.011,-1.480,-11.898,-0.000,1.487,0.014
123.42,-11.899,0.010,-1.480,-11.898,-0.000,1.487,0.012
123.44,-11.899,0.010,-1.480,-11.898,-0.000,1.487,0.012
123.46,-11.900,0.008,-1.480,-11.898,-0.000,1.487,0.011
123.48,-11.900,0.008,-1.480,-11.898,-0.000,1.487,0.011
123.50,-11.900,0.006,-1.481,-11.898,-0.000,1.487,0.010
123.52,-11.900,0.006,-1.481,-11.898,-0.000,1.487,0.010
123.54,-11.900,0.006,-1.481,-11.898,-0.000,1.487,0.010
123.56,-11.901,0.004,-1.481,-11.898,-0.000,1.487,0.008
123.58,-11.901,0.004,-1.481,-11.898,-0.000,1.487,0.008
123.60,-11.901,0.002,-1.481,-11.898,-0.000,1.487,0.007
123.63,-11.901,0.002,-1.481,-11.898,-0.000,1.487,0.007
123.65,-11.901,0.001,-1.482,-11.898,-0.000,1.487,0.007
123.67,-11.901,0.001,-1.482,-11.898,-0.000,1.487,0.007
123.69,-11.901,-0.001,-1.482,-11.898,-0.000,1.487,0.006
123.71,-11.901,-0.001,-1.482,-11.898,-0.000,1.487,0.006
123.73,-11.901,-0.002,-1.482,-11.898,-0.000,1.487,0.006
123.75,-11.901,-0.002,-1.482,-11.898,-0.000,1.487,0.006
123.77,-11.900,-0.003,-1.482,-11.898,-0.000,1.487,0.006
123.79,-11.900,-0.003,-1.482,-11.898,-0.000,1.487,0.006
123.82,-11.900,-0.004,-1.483,-11.898,-0.000,1.487,0.007
123.84,-11.900,-0.004,-1.483,-11.898,-0.000,1.487,0.007
123.86,-11.900,-0.005,-1.483,-11.898,-0.000,1.487,0.007
123.88,-11.900,-0.005,-1.483,-11.898,-0.000,1.487,0.007
123.90,-11.900,-0.006,-1.483,-11.898,-0.000,1.487,0.007
123.92,-11.900,-0.006,-1.483,-11.898,-0.000,1.487,0.007
123.94,-11.900,-0.007,-1.484,-11.898,-0.000,1.487,0.008
123.96,-11.900,-0.007,-1.484,-11.898,-0.000,1.487,0.008
123.98,-11.899,-0.007,-1.484,-11.898,-0.000,1.487,0.008
124.00,-11.899,-0.007,-1.484,-11.898,-0.000,1.487,0.008
124.02,-11.899,-0.008,-1.484,-11.898,-0.000,1.487,0.008
124.04,-11.899,-0.008,-1.484,-11.898,-0.000,1.487,0.008
124.07,-11.899,-0.008,-1.484,-11.898,-0.000,1.487,0.008
124.09,-11.898,-0.008,-1.484,-11.898,-0.000,1.487,0.008
124.11,-11.898,-0.008,-1.484,-11.898,-0.000,1.487,0.008
124.13,-11.898,-0.008,-1.485,-11.898,-0.000,1.487,0.008
124.15,-11.898,-0.008,-1.485,-11.898,-0.000,1.487,0.008
124.17,-11.897,-0.008,-1.485,-11.898,-0.000,1.487,0.008
124.19,-11.897,-0.008,-1.485,-11.898,-0.000,1.487,0.008
124.21,-11.897,-0.008,-1.485,-11.898,-0.000,1.487,0.008
124.23,-11.897,-0.008,-1.485,-11.898,-0.000,1.487,0.008
124.25,-11.896,-0.008,-1.485,-11.898,-0.000,1.487,0.009
124.27,-11.896,-0.008,-1.485,-11.898,-0.000,1.487,0.009
124.30,-11.896,-0.008,-1.485,-11.898,-0.000,1.487,0.009
124.32,-11.896,-0.008,-1.485,-11.898,-0.000,1.487,0.009
124.34,-11.895,-0.009,-1.485,-11.898,-0.000,1.487,0.010
124.36,-11.895,-0.009,-1.485,-11.898,-0.000,1.487,0.010
124.38,-11.895,-0.010,-1.485,-11.898,-0.000,1.487,0.010
124.40,-11.895,-0.010,-1.485,-11.898,-0.000,1.487,0.010
124.42,-11.895,-0.010,-1.485,-11.898,-0.000,1.487,0.011
124.44,-11.895,-0.010,-1.485,-11.898,-0.000,1.487,0.011
124.46,-11.895,-0.011,-1.485,-11.898,-0.000,1.487,0.012
124.48,-11.895,-0.011,-1.485,-11.898,-0.000,1.487,0.012
124.50,-11.894,-0.012,-1.485,-11.898,-0.000,1.487,0.013
124.52,-11.894,-0.012,-1.485,-11.898,-0.000,1.487,0.013
124.54,-11.894,-0.012,-1.485,-11.898,-0.000,1.487,0.013
124.57,-11.894,-0.014,-1.484,-11.898,-0.000,1.487,0.014
124.59,-11.894,-0.014,-1.484,-11.898,-0.000,1.487,0.014
124.61,-11.894,-0.014,-1.484,-11.898,-0.000,1.487,0.015
124.63,-11.894,-0.014,-1.484,-11.898,-0.000,1.487,0.015
124.65,-11.894,-0.015,-1.484,-11.898,-0.000,1.487,0.016
124.67,-11.894,-0.015,-1.484,-11.898,-0.000,1.487,0.016
124.69,-11.894,-0.016,-1.484,-11.898,-0.000,1.487,0.017
124.71,-11.894,-0.016,-1.484,-11.898,-0.000,1.487,0.017
124.73,-11.894,-0.017,-1.483,-11.898,-0.000,1.487,0.018
124.75,-11.894,-0.017,-1.483,-11.898,-0.000,1.487,0.018
124.78,-11.894,-0.017,-1.483,-11.898,-0.000,1.487,0.018
124.80,-11.894,-0.017,-1.483,-11.898,-0.000,1.487,0.018
124.82,-11.895,-0.018,-1.483,-11.898,-0.000,1.487,0.019
124.84,-11.895,-0.018,-1.483,-11.898,-0.000,1.487,0.019
124.86,-11.895,-0.018,-1.483,-11.898,-0.000,1.487,0.019
124.88,-11.895,-0.018,-1.483,-11.898,-0.000,1.487,0.019
124.90,-11.895,-0.018,-1.483,-11.898,-0.000,1.487,0.019
124.92,-11.895,-0.018,-1.483,-11.898,-0.000,1.487,0.019
124.94,-11.895,-0.018,-1.483,-11.898,-0.000,1.487,0.019
124.96,-11.895,-0.018,-1.483,-11.898,-0.000,1.487,0.019
124.98,-11.896,-0.018,-1.483,-11.898,-0.000,1.487,0.018
125.00,-11.896,-0.018,-1.483,-11.898,-0.000,1.487,0.018
125.02,-11.896,-0.017,-1.484,-11.898,-0.000,1.487,0.018
125.05,-11.896,-0.017,-1.484,-11.898,-0.000,1.487,0.018
125.07,-11.896,-0.017,-1.484,-11.898,-0.000,1.487,0.018
125.09,-11.897,-0.017,-1.484,-11.898,-0.000,1.487,0.017
125.11,-11.897,-0.017,-1.484,-11.898,-0.000,1.487,0.017
125.13,-11.897,-0.016,-1.484,-11.898,-0.000,1.487,0.016
125.15,-11.897,-0.016,-1.484,-11.898,-0.000,1.487,0.016
125.17,-11.898,-0.016,-1.484,-11.898,-0.000,1.487,0.016
125.19,-11.898,-0.016,-1.484,-11.898,-0.000,1.487,0.016
125.21,-11.898,-0.015,-1.483,-11.898,-0.000,1.487,0.015
125.23,-11.898,-0.015,-1.483,-11.898,-0.000,1.487,0.015
125.25,-11.899,-0.014,-1.483,-11.898,-0.000,1.487,0.015
125.27,-11.899,-0.014,-1.483,-11.898,-0.000,1.487,0.015
125.30,-11.899,-0.014,-1.483,-11.898,-0.000,1.487,0.015
125.32,-11.899,-0.014,-1.483,-11.898,-0.000,1.487,0.015
125.34,-11.900,-0.013,-1.483,-11.898,-0.000,1.487,0.014
125.36,-11.900,-0.013,-1.483,-11.898,-0.000,1.487,0.014
125.38,-11.901,-0.013,-1.483,-11.898,-0.000,1.487,0.014
125.40,-11.901,-0.013,-1.483,-11.898,-0.000,1.487,0.014
125.42,-11.901,-0.012,-1.483,-11.898,-0.000,1.487,0.014
125.44,-11.901,-0.012,-1.483,-11.898,-0.000,1.487,0.014
125.46,-11.902,-0.012,-1.482,-11.898,-0.000,1.487,0.014
125.48,-11.902,-0.012,-1.482,-11.898,-0.000,1.487,0.014
125.50,-11.903,-0.011,-1.482,-11.898,-0.000,1.487,0.014
125.52,-11.903,-0.011,-1.482,-11.898,-0.000,1.487,0.014
125.55,-11.903,-0.011,-1.482,-11.898,-0.000,1.487,0.014
125.57,-11.905,-0.010,-1.481,-11.898,-0.000,1.487,0.014
125.59,-11.905,-0.010,-1.481,-11.898,-0.000,1.487,0.014
125.61,-11.906,-0.010,-1.481,-11.898,-0.000,1.487,0.014
125.63,-11.906,-0.010,-1.481,-11.898,-0.000,1.487,0.014
125.65,-11.907,-0.009,-1.480,-11.898,-0.000,1.487,0.014
125.67,-11.907,-0.009,-1.480,-11.898,-0.000,1.487,0.014
125.69,-11.908,-0.008,-1.480,-11.898,-0.000,1.487,0.015
125.71,-11.908,-0.008,-1.480,-11.898,-0.000,1.487,0.015
125.73,-11.909,-0.008,-1.480,-11.898,-0.000,1.487,0.015
125.75,-11.909,-0.008,-1.480,-11.898,-0.000,1.487,0.015
125.77,-11.910,-0.007,-1.480,-11.898,-0.000,1.487,0.016
125.80,-11.910,-0.007,-1.480,-11.898,-0.000,1.487,0.016
125.82,-11.910,-0.006,-1.479,-11.898,-0.000,1.487,0.016
125.84,-11.910,-0.006,-1.479,-11.898,-0.000,1.487,0.016
125.86,-11.911,-0.006,-1.479,-11.898,-0.000,1.487,0.017
125.88,-11.911,-0.006,-1.479,-11.898,-0.000,1.487,0.017
125.90,-11.912,-0.005,-1.478,-11.898,-0.000,1.487,0.017
125.92,-11.912,-0.005,-1.478,-11.898,-0.000,1.487,0.017
125.94,-11.912,-0.005,-1.478,-11.898,-0.000,1.487,0.018
125.96,-11.912,-0.005,-1.478,-11.898,-0.000,1.487,0.018
125.98,-11.912,-0.005,-1.478,-11.898,-0.000,1.487,0.018
126.00,-11.912,-0.005,-1.478,-11.898,-0.000,1.487,0.018
126.02,-11.912,-0.005,-1.477,-11.898,-0.000,1.487,0.018
126.04,-11.912,-0.005,-1.477,-11.898,-0.000,1.487,0.018
126.07,-11.912,-0.005,-1.477,-11.898,-0.000,1.487,0.018
126.09,-11.912,-0.005,-1.477,-11.898,-0.000,1.487,0.018
126.11,-11.912,-0.005,-1.477,-11.898,-0.000,1.487,0.018
126.13,-11.911,-0.005,-1.477,-11.898,-0.000,1.487,0.018
126.15,-11.911,-0.005,-1.477,-11.898,-0.000,1.487,0.018
126.17,-11.911,-0.004,-1.476,-11.898,-0.000,1.487,0.018
126.19,-11.911,-0.004,-1.476,-11.898,-0.000,1.487,0.018
126.21,-11.911,-0.004,-1.476,-11.898,-0.000,1.487,0.017
126.23,-11.911,-0.004,-1.476,-11.898,-0.000,1.487,0.017
126.25,-11.910,-0.004,-1.476,-11.898,-0.000,1.487,0.017
126.27,-11.910,-0.004,-1.476,-11.898,-0.000,1.487,0.017
126.30,-11.910,-0.003,-1.477,-11.898,-0.000,1.487,0.016
126.32,-11.910,-0.003,-1.477,-11.898,-0.000,1.487,0.016
126.34,-11.909,-0.003,-1.477,-11.898,-0.000,1.487,0.016
126.36,-11.909,-0.003,-1.477,-11.898,-0.000,1.487,0.016
126.38,-11.909,-0.003,-1.477,-11.898,-0.000,1.487,0.015
126.40,-11.909,-0.003,-1.477,-11.898,-0.000,1.487,0.015
126.42,-11.908,-0.002,-1.477,-11.898,-0.000,1.487,0.015
126.44,-11.908,-0.002,-1.477,-11.898,-0.000,1.487,0.015
126.46,-11.908,-0.002,-1.477,-11.898,-0.000,1.487,0.014
126.48,-11.908,-0.002,-1.477,-11.898,-0.000,1.487,0.014
126.50,-11.908,-0.002,-1.478,-11.898,-0.000,1.487,0.014
126.52,-11.908,-0.002,-1.478,-11.898,-0.000,1.487,0.014
126.54,-11.907,-0.002,-1.478,-11.898,-0.000,1.487,0.013
126.57,-11.907,-0.002,-1.478,-11.898,-0.000,1.487,0.013
126.59,-11.907,-0.002,-1.478,-11.898,-0.000,1.487,0.013
126.61,-11.907,-0.002,-1.478,-11.898,-0.000,1.487,0.013
126.63,-11.907,-0.002,-1.478,-11.898,-0.000,1.487,0.013
126.65,-11.906,-0.002,-1.479,-11.898,-0.000,1.487,0.012
126.67,-11.906,-0.002,-1.479,-11.898,-0.000,1.487,0.012
126.69,-11.906,-0.002,-1.479,-11.898,-0.000,1.487,0.012
126.71,-11.906,-0.002,-1.479,-11.898,-0.000,1.487,0.012
126.73,-11.905,-0.002,-1.479,-11.898,-0.000,1.487,0.011
126.75,-11.905,-0.002,-1.479,-11.898,-0.000,1.487,0.011
126.77,-11.905,-0.002,-1.480,-11.898,-0.000,1.487,0.010
126.80,-11.905,-0.002,-1.480,-11.898,-0.000,1.487,0.010
126.82,-11.904,-0.001,-1.480,-11.898,-0.000,1.487,0.010
126.84,-11.904,-0.001,-1.480,-11.898,-0.000,1.487,0.010
126.86,-11.903,-0.001,-1.480,-11.898,-0.000,1.487,0.009
126.88,-11.903,-0.001,-1.480,-11.898,-0.000,1.487,0.009
126.90,-11.903,-0.002,-1.481,-11.898,-0.000,1.487,0.008
126.92,-11.903,-0.002,-1.481,-11.898,-0.000,1.487,0.008
126.94,-11.902,-0.002,-1.481,-11.898,-0.000,1.487,0.008
126.96,-11.902,-0.002,-1.481,-11.898,-0.000,1.487,0.008
126.98,-11.902,-0.002,-1.481,-11.898,-0.000,1.487,0.007
127.00,-11.902,-0.002,-1.481,-11.898,-0.000,1.487,0.007
127.02,-11.901,-0.002,-1.482,-11.898,-0.000,1.487,0.007
127.05,-11.901,-0.002,-1.482,-11.898,-0.000,1.487,0.007
127.07,-11.901,-0.002,-1.482,-11.898,-0.000,1.487,0.007
127.09,-11.900,-0.001,-1.482,-11.898,-0.000,1.487,0.006
127.11,-11.900,-0.001,-1.482,-11.898,-0.000,1.487,0.006
127.13,-11.900,-0.001,-1.482,-11.898,-0.000,1.487,0.006
127.15,-11.900,-0.001,-1.482,-11.898,-0.000,1.487,0.006
127.17,-11.899,-0.001,-1.482,-11.898,-0.000,1.487,0.005
127.19,-11.899,-0.001,-1.482,-11.898,-0.000,1.487,0.005
127.21,-11.898,-0.001,-1.483,-11.898,-0.000,1.487,0.005
127.23,-11.898,-0.001,-1.483,-11.898,-0.000,1.487,0.005
127.25,-11.897,-0.001,-1.483,-11.898,-0.000,1.487,0.005
127.28,-11.897,-0.001,-1.483,-11.898,-0.000,1.487,0.005
127.30,-11.897,-0.000,-1.483,-11.898,-0.000,1.487,0.004
127.32,-11.897,-0.000,-1.483,-11.898,-0.000,1.487,0.004
127.34,-11.896,0.000,-1.484,-11.898,-0.000,1.487,0.004
127.36,-11.896,0.000,-1.484,-11.898,-0.000,1.487,0.004
127.38,-11.896,0.001,-1.484,-11.898,-0.000,1.487,0.004
127.40,-11.896,0.001,-1.484,-11.898,-0.000,1.487,0.004
127.42,-11.895,0.001,-1.485,-11.898,-0.000,1.487,0.005
127.44,-11.895,0.001,-1.485,-11.898,-0.000,1.487,0.005
127.46,-11.894,0.002,-1.485,-11.898,-0.000,1.487,0.005
127.48,-11.894,0.002,-1.485,-11.898,-0.000,1.487,0.005
127.50,-11.893,0.002,-1.486,-11.898,-0.000,1.487,0.006
127.53,-11.893,0.002,-1.486,-11.898,-0.000,1.487,0.006
127.55,-11.892,0.003,-1.486,-11.898,-0.000,1.487,0.006
127.57,-11.892,0.003,-1.486,-11.898,-0.000,1.487,0.006
127.59,-11.892,0.003,-1.486,-11.898,-0.000,1.487,0.006
127.61,-11.891,0.003,-1.487,-11.898,-0.000,1.487,0.007
127.63,-11.891,0.003,-1.487,-11.898,-0.000,1.487,0.007
127.65,-11.891,0.003,-1.487,-11.898,-0.000,1.487,0.008
127.67,-11.891,0.003,-1.487,-11.898,-0.000,1.487,0.008
127.69,-11.890,0.003,-1.488,-11.898,-0.000,1.487,0.009
127.71,-11.890,0.003,-1.488,-11.898,-0.000,1.487,0.009
127.73,-11.889,0.003,-1.488,-11.898,-0.000,1.487,0.010
127.75,-11.889,0.003,-1.488,-11.898,-0.000,1.487,0.010
127.77,-11.888,0.003,-1.488,-11.898,-0.000,1.487,0.011
127.80,-11.888,0.003,-1.488,-11.898,-0.000,1.487,0.011
127.82,-11.887,0.004,-1.488,-11.898,-0.000,1.487,0.012
127.84,-11.887,0.004,-1.488,-11.898,-0.000,1.487,0.012
127.86,-11.886,0.004,-1.488,-11.898,-0.000,1.487,0.013
127.88,-11.886,0.004,-1.488,-11.898,-0.000,1.487,0.013
127.90,-11.885,0.004,-1.488,-11.898,-0.000,1.487,0.013
127.92,-11.885,0.004,-1.488,-11.898,-0.000,1.487,0.013
127.94,-11.885,0.004,-1.488,-11.898,-0.000,1.487,0.014
127.96,-11.885,0.004,-1.488,-11.898,-0.000,1.487,0.014
127.98,-11.884,0.004,-1.487,-11.898,-0.000,1.487,0.015
128.00,-11.884,0.004,-1.487,-11.898,-0.000,1.487,0.015
128.03,-11.883,0.004,-1.487,-11.898,-0.000,1.487,0.015
128.05,-11.883,0.004,-1.487,-11.898,-0.000,1.487,0.015
128.07,-11.883,0.004,-1.487,-11.898,-0.000,1.487,0.015
128.09,-11.883,0.004,-1.486,-11.898,-0.000,1.487,0.016
128.11,-11.883,0.004,-1.486,-11.898,-0.000,1.487,0.016
128.13,-11.883,0.004,-1.486,-11.898,-0.000,1.487,0.016
128.15,-11.883,0.004,-1.486,-11.898,-0.000,1.487,0.016
128.17,-11.882,0.004,-1.485,-11.898,-0.000,1.487,0.016
128.19,-11.882,0.004,-1.485,-11.898,-0.000,1.487,0.016
128.21,-11.883,0.004,-1.484,-11.898,-0.000,1.487,0.016
128.23,-11.883,0.004,-1.484,-11.898,-0.000,1.487,0.016
128.25,-11.883,0.004,-1.484,-11.898,-0.000,1.487,0.016
128.27,-11.883,0.004,-1.484,-11.898,-0.000,1.487,0.016
128.30,-11.883,0.003,-1.483,-11.898,-0.000,1.487,0.016
128.32,-11.883,0.003,-1.483,-11.898,-0.000,1.487,0.016
128.34,-11.884,0.003,-1.482,-11.898,-0.000,1.487,0.016
128.36,-11.884,0.003,-1.482,-11.898,-0.000,1.487,0.016
128.38,-11.885,0.003,-1.481,-11.898,-0.000,1.487,0.015
128.40,-11.885,0.003,-1.481,-11.898,-0.000,1.487,0.015
128.42,-11.886,0.003,-1.480,-11.898,-0.000,1.487,0.015
128.44,-11.886,0.003,-1.480,-11.898,-0.000,1.487,0.015
128.46,-11.887,0.003,-1.479,-11.898,-0.000,1.487,0.014
128.48,-11.887,0.003,-1.479,-11.898,-0.000,1.487,0.014
128.50,-11.888,0.002,-1.478,-11.898,-0.000,1.487,0.014
128.52,-11.888,0.002,-1.478,-11.898,-0.000,1.487,0.014
128.55,-11.890,0.002,-1.477,-11.898,-0.000,1.487,0.014
128.57,-11.890,0.002,-1.477,-11.898,-0.000,1.487,0.014
128.59,-11.890,0.002,-1.477,-11.898,-0.000,1.487,0.014
128.61,-11.892,0.001,-1.476,-11.898,-0.000,1.487,0.014
128.63,-11.892,0.001,-1.476,-11.898,-0.000,1.487,0.014
128.65,-11.893,0.001,-1.475,-11.898,-0.000,1.487,0.014
128.67,-11.893,0.001,-1.475,-11.898,-0.000,1.487,0.014
128.69,-11.895,0.000,-1.474,-11.898,-0.000,1.487,0.014
128.71,-11.895,0.000,-1.474,-11.898,-0.000,1.487,0.014
128.73,-11.897,0.000,-1.473,-11.898,-0.000,1.487,0.015
128.75,-11.897,0.000,-1.473,-11.898,-0.000,1.487,0.015
128.77,-11.899,0.000,-1.472,-11.898,-0.000,1.487,0.015
128.79,-11.899,0.000,-1.472,-11.898,-0.000,1.487,0.015
128.82,-11.901,-0.000,-1.471,-11.898,-0.000,1.487,0.016
128.84,-11.901,-0.000,-1.471,-11.898,-0.000,1.487,0.016
128.86,-11.904,-0.000,-1.471,-11.898,-0.000,1.487,0.018
128.88,-11.904,-0.000,-1.471,-11.898,-0.000,1.487,0.018
128.90,-11.906,-0.000,-1.470,-11.898,-0.000,1.487,0.019
128.92,-11.906,-0.000,-1.470,-11.898,-0.000,1.487,0.019
128.94,-11.908,-0.000,-1.469,-11.898,-0.000,1.487,0.020
128.96,-11.908,-0.000,-1.469,-11.898,-0.000,1.487,0.020
128.98,-11.909,-0.000,-1.469,-11.898,-0.000,1.487,0.022
129.00,-11.909,-0.000,-1.469,-11.898,-0.000,1.487,0.022
129.02,-11.912,0.000,-1.469,-11.898,-0.000,1.487,0.023
129.04,-11.912,0.000,-1.469,-11.898,-0.000,1.487,0.023
129.07,-11.913,0.000,-1.469,-11.898,-0.000,1.487,0.024
129.09,-11.913,0.000,-1.469,-11.898,-0.000,1.487,0.024
129.11,-11.913,0.000,-1.469,-11.898,-0.000,1.487,0.024
129.13,-11.915,0.000,-1.469,-11.898,-0.000,1.487,0.025
129.15,-11.915,0.000,-1.469,-11.898,-0.000,1.487,0.025
129.17,-11.916,0.000,-1.470,-11.898,-0.000,1.487,0.026
129.19,-11.916,0.000,-1.470,-11.898,-0.000,1.487,0.026
129.21,-11.918,0.000,-1.470,-11.898,-0.000,1.487,0.026
129.23,-11.918,0.000,-1.470,-11.898,-0.000,1.487,0.026
129.25,-11.919,0.000,-1.471,-11.898,-0.000,1.487,0.026
129.27,-11.919,0.000,-1.471,-11.898,-0.000,1.487,0.026
129.29,-11.920,0.001,-1.472,-11.898,-0.000,1.487,0.027
129.31,-11.920,0.001,-1.472,-11.898,-0.000,1.487,0.027
129.34,-11.920,0.001,-1.472,-11.898,-0.000,1.487,0.027
129.36,-11.920,0.001,-1.472,-11.898,-0.000,1.487,0.027
129.38,-11.922,0.001,-1.473,-11.898,-0.000,1.487,0.027
129.40,-11.922,0.001,-1.473,-11.898,-0.000,1.487,0.027
129.42,-11.922,0.001,-1.474,-11.898,-0.000,1.487,0.028
129.44,-11.922,0.001,-1.474,-11.898,-0.000,1.487,0.028
129.46,-11.923,0.001,-1.475,-11.898,-0.000,1.487,0.028
129.48,-11.923,0.001,-1.475,-11.898,-0.000,1.487,0.028
129.50,-11.924,0.001,-1.476,-11.898,-0.000,1.487,0.029
129.52,-11.924,0.001,-1.476,-11.898,-0.000,1.487,0.029
129.54,-11.925,0.001,-1.477,-11.898,-0.000,1.487,0.029
129.56,-11.925,0.001,-1.477,-11.898,-0.000,1.487,0.029
129.58,-11.925,0.001,-1.477,-11.898,-0.000,1.487,0.029
129.61,-11.926,0.000,-1.478,-11.898,-0.000,1.487,0.030
129.63,-11.926,0.000,-1.478,-11.898,-0.000,1.487,0.030
129.65,-11.927,-0.000,-1.479,-11.898,-0.000,1.487,0.030
129.67,-11.927,-0.000,-1.479,-11.898,-0.000,1.487,0.030
129.69,-11.928,-0.001,-1.480,-11.898,-0.000,1.487,0.031
129.71,-11.928,-0.001,-1.480,-11.898,-0.000,1.487,0.031
129.73,-11.928,-0.002,-1.481,-11.898,-0.000,1.487,0.031
129.75,-11.928,-0.002,-1.481,-11.898,-0.000,1.487,0.031
129.77,-11.929,-0.003,-1.483,-11.898,-0.000,1.487,0.031
129.79,-11.929,-0.003,-1.483,-11.898,-0.000,1.487,0.031
129.81,-11.929,-0.004,-1.484,-11.898,-0.000,1.487,0.031
129.83,-11.929,-0.004,-1.484,-11.898,-0.000,1.487,0.031
129.85,-11.928,-0.005,-1.485,-11.898,-0.000,1.487,0.031
129.88,-11.928,-0.005,-1.485,-11.898,-0.000,1.487,0.031
129.90,-11.928,-0.006,-1.486,-11.898,-0.000,1.487,0.031
129.92,-11.928,-0.006,-1.486,-11.898,-0.000,1.487,0.031
129.94,-11.928,-0.007,-1.487,-11.898,-0.000,1.487,0.030
129.96,-11.928,-0.007,-1.487,-11.898,-0.000,1.487,0.030
129.98,-11.927,-0.008,-1.488,-11.898,-0.000,1.487,0.030
130.00,-11.927,-0.008,-1.488,-11.898,-0.000,1.487,0.030
130.02,-11.927,-0.008,-1.489,-11.898,-0.000,1.487,0.030
130.04,-11.927,-0.008,-1.489,-11.898,-0.000,1.487,0.030
130.06,-11.926,-0.009,-1.490,-11.898,-0.000,1.487,0.029
130.08,-11.926,-0.009,-1.490,-11.898,-0.000,1.487,0.029
130.10,-11.926,-0.009,-1.490,-11.898,-0.000,1.487,0.029
130.13,-11.925,-0.010,-1.491,-11.898,-0.000,1.487,0.029
130.15,-11.925,-0.010,-1.491,-11.898,-0.000,1.487,0.029
130.17,-11.924,-0.011,-1.492,-11.898,-0.000,1.487,0.028
130.19,-11.924,-0.011,-1.492,-11.898,-0.000,1.487,0.028
130.21,-11.923,-0.012,-1.492,-11.898,-0.000,1.487,0.028
130.23,-11.923,-0.012,-1.492,-11.898,-0.000,1.487,0.028
130.25,-11.922,-0.013,-1.492,-11.898,-0.000,1.487,0.028
130.27,-11.922,-0.013,-1.492,-11.898,-0.000,1.487,0.028
130.29,-11.921,-0.014,-1.493,-11.898,-0.000,1.487,0.028
130.31,-11.921,-0.014,-1.493,-11.898,-0.000,1.487,0.028
130.33,-11.921,-0.015,-1.493,-11.898,-0.000,1.487,0.027
130.35,-11.921,-0.015,-1.493,-11.898,-0.000,1.487,0.027
130.38,-11.920,-0.015,-1.493,-11.898,-0.000,1.487,0.027
130.40,-11.920,-0.015,-1.493,-11.898,-0.000,1.487,0.027
130.42,-11.919,-0.016,-1.493,-11.898,-0.000,1.487,0.027
130.44,-11.919,-0.016,-1.493,-11.898,-0.000,1.487,0.027
130.46,-11.918,-0.016,-1.494,-11.898,-0.000,1.487,0.027
130.48,-11.918,-0.016,-1.494,-11.898,-0.000,1.487,0.027
130.50,-11.918,-0.016,-1.494,-11.898,-0.000,1.487,0.026
130.52,-11.918,-0.016,-1.494,-11.898,-0.000,1.487,0.026
130.54,-11.917,-0.016,-1.494,-11.898,-0.000,1.487,0.026
130.56,-11.917,-0.016,-1.494,-11.898,-0.000,1.487,0.026
130.58,-11.917,-0.016,-1.494,-11.898,-0.000,1.487,0.026
130.60,-11.916,-0.016,-1.494,-11.898,-0.000,1.487,0.025
130.62,-11.916,-0.016,-1.494,-11.898,-0.000,1.487,0.025
130.65,-11.915,-0.016,-1.494,-11.898,-0.000,1.487,0.024
130.67,-11.915,-0.016,-1.494,-11.898,-0.000,1.487,0.024
130.69,-11.914,-0.016,-1.494,-11.898,-0.000,1.487,0.024
130.71,-11.914,-0.016,-1.494,-11.898,-0.000,1.487,0.024
130.73,-11.914,-0.015,-1.494,-11.898,-0.000,1.487,0.023
130.75,-11.914,-0.015,-1.494,-11.898,-0.000,1.487,0.023
130.77,-11.913,-0.015,-1.494,-11.898,-0.000,1.487,0.022
130.79,-11.913,-0.015,-1.494,-11.898,-0.000,1.487,0.022
130.81,-11.912,-0.014,-1.494,-11.898,-0.000,1.487,0.021
130.83,-11.912,-0.014,-1.494,-11.898,-0.000,1.487,0.021
130.85,-11.912,-0.013,-1.494,-11.898,-0.000,1.487,0.020
130.87,-11.912,-0.013,-1.494,-11.898,-0.000,1.487,0.020
130.90,-11.911,-0.013,-1.494,-11.898,-0.000,1.487,0.019
130.92,-11.911,-0.013,-1.494,-11.898,-0.000,1.487,0.019
130.94,-11.911,-0.012,-1.494,-11.898,-0.000,1.487,0.019
130.96,-11.911,-0.012,-1.494,-11.898,-0.000,1.487,0.019
130.98,-11.911,-0.011,-1.495,-11.898,-0.000,1.487,0.018
131.00,-11.911,-0.011,-1.495,-11.898,-0.000,1.487,0.018
131.02,-11.910,-0.010,-1.495,-11.898,-0.000,1.487,0.018
131.04,-11.910,-0.010,-1.495,-11.898,-0.000,1.487,0.018
131.06,-11.910,-0.010,-1.496,-11.898,-0.000,1.487,0.017
131.08,-11.910,-0.010,-1.496,-11.898,-0.000,1.487,0.017
131.10,-11.910,-0.010,-1.496,-11.898,-0.000,1.487,0.017
131.12,-11.909,-0.008,-1.497,-11.898,-0.000,1.487,0.017
131.15,-11.909,-0.008,-1.497,-11.898,-0.000,1.487,0.017
131.17,-11.909,-0.007,-1.497,-11.898,-0.000,1.487,0.016
131.19,-11.909,-0.007,-1.497,-11.898,-0.000,1.487,0.016
131.21,-11.909,-0.007,-1.497,-11.898,-0.000,1.487,0.016
131.23,-11.909,-0.007,-1.497,-11.898,-0.000,1.487,0.016
131.25,-11.909,-0.006,-1.498,-11.898,-0.000,1.487,0.016
131.27,-11.909,-0.006,-1.498,-11.898,-0.000,1.487,0.016
131.29,-11.908,-0.006,-1.498,-11.898,-0.000,1.487,0.016
131.31,-11.908,-0.006,-1.498,-11.898,-0.000,1.487,0.016
131.33,-11.908,-0.005,-1.498,-11.898,-0.000,1.487,0.015
131.35,-11.908,-0.005,-1.498,-11.898,-0.000,1.487,0.015
131.38,-11.908,-0.005,-1.498,-11.898,-0.000,1.487,0.015
131.40,-11.908,-0.005,-1.498,-11.898,-0.000,1.487,0.015
131.42,-11.908,-0.004,-1.498,-11.898,-0.000,1.487,0.015
131.44,-11.908,-0.004,-1.498,-11.898,-0.000,1.487,0.015
131.46,-11.908,-0.004,-1.498,-11.898,-0.000,1.487,0.015
131.48,-11.908,-0.004,-1.498,-11.898,-0.000,1.487,0.015
131.50,-11.908,-0.004,-1.498,-11.898,-0.000,1.487,0.015
131.52,-11.908,-0.004,-1.498,-11.898,-0.000,1.487,0.015
131.54,-11.908,-0.003,-1.498,-11.898,-0.000,1.487,0.015
131.56,-11.908,-0.003,-1.498,-11.898,-0.000,1.487,0.015
131.58,-11.908,-0.003,-1.497,-11.898,-0.000,1.487,0.014
131.60,-11.908,-0.003,-1.497,-11.898,-0.000,1.487,0.014
131.63,-11.908,-0.003,-1.497,-11.898,-0.000,1.487,0.014
131.65,-11.908,-0.002,-1.497,-11.898,-0.000,1.487,0.014
131.67,-11.908,-0.002,-1.497,-11.898,-0.000,1.487,0.014
131.69,-11.907,-0.001,-1.497,-11.898,-0.000,1.487,0.014
131.71,-11.907,-0.001,-1.497,-11.898,-0.000,1.487,0.014
131.73,-11.907,-0.000,-1.497,-11.898,-0.000,1.487,0.013
131.75,-11.907,-0.000,-1.497,-11.898,-0.000,1.487,0.013
131.77,-11.907,0.001,-1.497,-11.898,-0.000,1.487,0.013
131.79,-11.907,0.001,-1.497,-11.898,-0.000,1.487,0.013
131.81,-11.907,0.001,-1.497,-11.898,-0.000,1.487,0.013
131.84,-11.907,0.001,-1.497,-11.898,-0.000,1.487,0.013
131.86,-11.907,0.002,-1.497,-11.898,-0.000,1.487,0.013
131.88,-11.907,0.002,-1.497,-11.898,-0.000,1.487,0.013
131.90,-11.906,0.003,-1.497,-11.898,-0.000,1.487,0.013
131.92,-11.906,0.003,-1.497,-11.898,-0.000,1.487,0.013
131.94,-11.906,0.003,-1.496,-11.898,-0.000,1.487,0.012
131.96,-11.906,0.003,-1.496,-11.898,-0.000,1.487,0.012
131.98,-11.906,0.004,-1.496,-11.898,-0.000,1.487,0.012
132.00,-11.906,0.004,-1.496,-11.898,-0.000,1.487,0.012
132.02,-11.906,0.005,-1.495,-11.898,-0.000,1.487,0.012
132.05,-11.906,0.005,-1.495,-11.898,-0.000,1.487,0.012
132.07,-11.906,0.005,-1.494,-11.898,-0.000,1.487,0.012
132.09,-11.906,0.005,-1.494,-11.898,-0.000,1.487,0.012
132.11,-11.906,0.005,-1.494,-11.898,-0.000,1.487,0.012
132.13,-11.905,0.006,-1.493,-11.898,-0.000,1.487,0.011
132.15,-11.905,0.006,-1.493,-11.898,-0.000,1.487,0.011
132.17,-11.905,0.007,-1.493,-11.898,-0.000,1.487,0.011
132.19,-11.905,0.007,-1.493,-11.898,-0.000,1.487,0.011
132.21,-11.905,0.007,-1.492,-11.898,-0.000,1.487,0.011
132.23,-11.905,0.007,-1.492,-11.898,-0.000,1.487,0.011
132.25,-11.905,0.007,-1.491,-11.898,-0.000,1.487,0.011
132.27,-11.905,0.007,-1.491,-11.898,-0.000,1.487,0.011
132.29,-11.904,0.007,-1.491,-11.898,-0.000,1.487,0.010
132.31,-11.904,0.007,-1.491,-11.898,-0.000,1.487,0.010
132.34,-11.904,0.007,-1.490,-11.898,-0.000,1.487,0.010
132.36,-11.904,0.007,-1.490,-11.898,-0.000,1.487,0.010
132.38,-11.903,0.007,-1.490,-11.898,-0.000,1.487,0.009
132.40,-11.903,0.007,-1.490,-11.898,-0.000,1.487,0.009
132.42,-11.902,0.007,-1.490,-11.898,-0.000,1.487,0.009
132.44,-11.902,0.007,-1.490,-11.898,-0.000,1.487,0.009
132.46,-11.901,0.007,-1.490,-11.898,-0.000,1.487,0.008
132.48,-11.901,0.007,-1.490,-11.898,-0.000,1.487,0.008
132.50,-11.900,0.007,-1.490,-11.898,-0.000,1.487,0.007
132.52,-11.900,0.007,-1.490,-11.898,-0.000,1.487,0.007
132.54,-11.898,0.007,-1.489,-11.898,-0.000,1.487,0.007
132.56,-11.898,0.007,-1.489,-11.898,-0.000,1.487,0.007
132.58,-11.896,0.007,-1.489,-11.898,-0.000,1.487,0.007
132.61,-11.896,0.007,-1.489,-11.898,-0.000,1.487,0.007
132.63,-11.896,0.007,-1.489,-11.898,-0.000,1.487,0.007
132.65,-11.894,0.007,-1.488,-11.898,-0.000,1.487,0.008
132.67,-11.894,0.007,-1.488,-11.898,-0.000,1.487,0.008
132.69,-11.892,0.007,-1.488,-11.898,-0.000,1.487,0.009
132.71,-11.892,0.007,-1.488,-11.898,-0.000,1.487,0.009
132.73,-11.891,0.007,-1.488,-11.898,-0.000,1.487,0.010
132.75,-11.891,0.007,-1.488,-11.898,-0.000,1.487,0.010
132.77,-11.890,0.007,-1.488,-11.898,-0.000,1.487,0.011
132.79,-11.890,0.007,-1.488,-11.898,-0.000,1.487,0.011
132.81,-11.889,0.007,-1.488,-11.898,-0.000,1.487,0.012
132.83,-11.889,0.007,-1.488,-11.898,-0.000,1.487,0.012
132.85,-11.888,0.008,-1.488,-11.898,-0.000,1.487,0.013
132.88,-11.888,0.008,-1.488,-11.898,-0.000,1.487,0.013
132.90,-11.887,0.008,-1.487,-11.898,-0.000,1.487,0.014
132.92,-11.887,0.008,-1.487,-11.898,-0.000,1.487,0.014
132.94,-11.887,0.009,-1.487,-11.898,-0.000,1.487,0.015
132.96,-11.887,0.009,-1.487,-11.898,-0.000,1.487,0.015
132.98,-11.886,0.010,-1.487,-11.898,-0.000,1.487,0.016
133.00,-11.886,0.010,-1.487,-11.898,-0.000,1.487,0.016
133.02,-11.886,0.011,-1.487,-11.898,-0.000,1.487,0.017
133.04,-11.886,0.011,-1.487,-11.898,-0.000,1.487,0.017
133.06,-11.885,0.012,-1.488,-11.898,-0.000,1.487,0.018
133.08,-11.885,0.012,-1.488,-11.898,-0.000,1.487,0.018
133.10,-11.885,0.012,-1.488,-11.898,-0.000,1.487,0.018
133.13,-11.886,0.015,-1.488,-11.898,-0.000,1.487,0.019
133.15,-11.886,0.015,-1.488,-11.898,-0.000,1.487,0.019
133.17,-11.886,0.016,-1.488,-11.898,-0.000,1.487,0.020
133.19,-11.886,0.016,-1.488,-11.898,-0.000,1.487,0.020
133.21,-11.887,0.017,-1.488,-11.898,-0.000,1.487,0.021
133.23,-11.887,0.017,-1.488,-11.898,-0.000,1.487,0.021
133.25,-11.887,0.019,-1.488,-11.898,-0.000,1.487,0.022
133.27,-11.887,0.019,-1.488,-11.898,-0.000,1.487,0.022
133.29,-11.888,0.020,-1.489,-11.898,-0.000,1.487,0.022
133.31,-11.888,0.020,-1.489,-11.898,-0.000,1.487,0.022
133.33,-11.889,0.021,-1.489,-11.898,-0.000,1.487,0.023
133.35,-11.889,0.021,-1.489,-11.898,-0.000,1.487,0.023
133.38,-11.889,0.021,-1.489,-11.898,-0.000,1.487,0.023
133.40,-11.889,0.021,-1.489,-11.898,-0.000,1.487,0.023
133.42,-11.890,0.022,-1.490,-11.898,-0.000,1.487,0.024
133.44,-11.890,0.022,-1.490,-11.898,-0.000,1.487,0.024
133.46,-11.890,0.023,-1.490,-11.898,-0.000,1.487,0.025
133.48,-11.890,0.023,-1.490,-11.898,-0.000,1.487,0.025
133.50,-11.890,0.024,-1.490,-11.898,-0.000,1.487,0.025
133.52,-11.890,0.024,-1.490,-11.898,-0.000,1.487,0.025
133.54,-11.891,0.024,-1.491,-11.898,-0.000,1.487,0.026
133.56,-11.891,0.024,-1.491,-11.898,-0.000,1.487,0.026
133.58,-11.891,0.025,-1.491,-11.898,-0.000,1.487,0.026
133.60,-11.891,0.025,-1.491,-11.898,-0.000,1.487,0.026
133.62,-11.891,0.025,-1.491,-11.898,-0.000,1.487,0.026
133.65,-11.892,0.025,-1.491,-11.898,-0.000,1.487,0.026
133.67,-11.892,0.025,-1.491,-11.898,-0.000,1.487,0.026
133.69,-11.892,0.025,-1.492,-11.898,-0.000,1.487,0.026
133.71,-11.892,0.025,-1.492,-11.898,-0.000,1.487,0.026
133.73,-11.892,0.025,-1.492,-11.898,-0.000,1.487,0.026
133.75,-11.892,0.025,-1.492,-11.898,-0.000,1.487,0.026
133.77,-11.893,0.024,-1.492,-11.898,-0.000,1.487,0.026
133.79,-11.893,0.024,-1.492,-11.898,-0.000,1.487,0.026
133.81,-11.893,0.024,-1.492,-11.898,-0.000,1.487,0.025
133.83,-11.893,0.024,-1.492,-11.898,-0.000,1.487,0.025
133.85,-11.893,0.024,-1.492,-11.898,-0.000,1.487,0.025
133.87,-11.893,0.024,-1.492,-11.898,-0.000,1.487,0.025
133.90,-11.893,0.024,-1.492,-11.898,-0.000,1.487,0.025
133.92,-11.893,0.024,-1.492,-11.898,-0.000,1.487,0.025
133.94,-11.893,0.023,-1.492,-11.898,-0.000,1.487,0.024
133.96,-11.893,0.023,-1.492,-11.898,-0.000,1.487,0.024
133.98,-11.893,0.023,-1.492,-11.898,-0.000,1.487,0.024
134.00,-11.893,0.023,-1.492,-11.898,-0.000,1.487,0.024
134.02,-11.893,0.023,-1.492,-11.898,-0.000,1.487,0.024
134.04,-11.893,0.023,-1.492,-11.898,-0.000,1.487,0.024
134.06,-11.893,0.023,-1.492,-11.898,-0.000,1.487,0.024
134.08,-11.893,0.023,-1.492,-11.898,-0.000,1.487,0.024
134.10,-11.892,0.023,-1.492,-11.898,-0.000,1.487,0.024
134.12,-11.892,0.023,-1.492,-11.898,-0.000,1.487,0.024
134.14,-11.892,0.023,-1.492,-11.898,-0.000,1.487,0.024
134.17,-11.892,0.022,-1.493,-11.898,-0.000,1.487,0.024
134.19,-11.892,0.022,-1.493,-11.898,-0.000,1.487,0.024
134.21,-11.892,0.022,-1.493,-11.898,-0.000,1.487,0.024
134.23,-11.892,0.022,-1.493,-11.898,-0.000,1.487,0.024
134.25,-11.891,0.022,-1.493,-11.898,-0.000,1.487,0.024
134.27,-11.891,0.022,-1.493,-11.898,-0.000,1.487,0.024
134.29,-11.891,0.021,-1.494,-11.898,-0.000,1.487,0.024
134.31,-11.891,0.021,-1.494,-11.898,-0.000,1.487,0.024
134.33,-11.891,0.021,-1.494,-11.898,-0.000,1.487,0.023
134.35,-11.891,0.021,-1.494,-11.898,-0.000,1.487,0.023
134.37,-11.890,0.021,-1.495,-11.898,-0.000,1.487,0.023
134.39,-11.890,0.021,-1.495,-11.898,-0.000,1.487,0.023
134.42,-11.890,0.020,-1.495,-11.898,-0.000,1.487,0.023
134.44,-11.890,0.020,-1.495,-11.898,-0.000,1.487,0.023
134.46,-11.889,0.020,-1.495,-11.898,-0.000,1.487,0.023
134.48,-11.889,0.020,-1.495,-11.898,-0.000,1.487,0.023
134.50,-11.889,0.020,-1.495,-11.898,-0.000,1.487,0.023
134.52,-11.889,0.020,-1.495,-11.898,-0.000,1.487,0.023
134.54,-11.889,0.019,-1.495,-11.898,-0.000,1.487,0.023
134.56,-11.889,0.019,-1.495,-11.898,-0.000,1.487,0.023
134.58,-11.889,0.019,-1.495,-11.898,-0.000,1.487,0.022
134.60,-11.889,0.019,-1.495,-11.898,-0.000,1.487,0.022
134.62,-11.889,0.019,-1.495,-11.898,-0.000,1.487,0.022
134.64,-11.888,0.018,-1.494,-11.898,-0.000,1.487,0.022
134.66,-11.888,0.018,-1.494,-11.898,-0.000,1.487,0.022
134.69,-11.888,0.017,-1.494,-11.898,-0.000,1.487,0.021
134.71,-11.888,0.017,-1.494,-11.898,-0.000,1.487,0.021
134.73,-11.888,0.017,-1.494,-11.898,-0.000,1.487,0.021
134.75,-11.888,0.017,-1.494,-11.898,-0.000,1.487,0.021
134.77,-11.888,0.017,-1.494,-11.898,-0.000,1.487,0.021
134.79,-11.888,0.017,-1.494,-11.898,-0.000,1.487,0.021
134.81,-11.888,0.017,-1.493,-11.898,-0.000,1.487,0.021
134.83,-11.888,0.017,-1.493,-11.898,-0.000,1.487,0.021
134.85,-11.888,0.018,-1.493,-11.898,-0.000,1.487,0.021
134.87,-11.888,0.018,-1.493,-11.898,-0.000,1.487,0.021
134.89,-11.888,0.018,-1.492,-11.898,-0.000,1.487,0.021
134.91,-11.888,0.018,-1.492,-11.898,-0.000,1.487,0.021
134.94,-11.888,0.018,-1.492,-11.898,-0.000,1.487,0.021
134.96,-11.888,0.018,-1.492,-11.898,-0.000,1.487,0.021
134.98,-11.888,0.018,-1.491,-11.898,-0.000,1.487,0.021
135.00,-11.888,0.018,-1.491,-11.898,-0.000,1.487,0.021
135.02,-11.888,0.019,-1.491,-11.898,-0.000,1.487,0.021
135.04,-11.888,0.019,-1.491,-11.898,-0.000,1.487,0.021
135.06,-11.888,0.019,-1.490,-11.898,-0.000,1.487,0.022
135.08,-11.888,0.019,-1.490,-11.898,-0.000,1.487,0.022
135.10,-11.888,0.020,-1.490,-11.898,-0.000,1.487,0.022
135.12,-11.888,0.020,-1.490,-11.898,-0.000,1.487,0.022
135.14,-11.888,0.020,-1.490,-11.898,-0.000,1.487,0.022
135.16,-11.888,0.021,-1.489,-11.898,-0.000,1.487,0.023
135.18,-11.888,0.021,-1.489,-11.898,-0.000,1.487,0.023
135.21,-11.888,0.021,-1.488,-11.898,-0.000,1.487,0.024
135.23,-11.888,0.021,-1.488,-11.898,-0.000,1.487,0.024
135.25,-11.888,0.022,-1.488,-11.898,-0.000,1.487,0.024
135.27,-11.888,0.022,-1.488,-11.898,-0.000,1.487,0.024
135.29,-11.887,0.022,-1.487,-11.898,-0.000,1.487,0.025
135.31,-11.887,0.022,-1.487,-11.898,-0.000,1.487,0.025
135.33,-11.887,0.022,-1.487,-11.898,-0.000,1.487,0.025
135.35,-11.887,0.022,-1.487,-11.898,-0.000,1.487,0.025
135.37,-11.886,0.023,-1.487,-11.898,-0.000,1.487,0.025
135.39,-11.886,0.023,-1.487,-11.898,-0.000,1.487,0.025
135.41,-11.886,0.023,-1.486,-11.898,-0.000,1.487,0.026
135.43,-11.886,0.023,-1.486,-11.898,-0.000,1.487,0.026
135.46,-11.885,0.023,-1.486,-11.898,-0.000,1.487,0.026
135.48,-11.885,0.023,-1.486,-11.898,-0.000,1.487,0.026
135.50,-11.885,0.022,-1.486,-11.898,-0.000,1.487,0.026
135.52,-11.885,0.022,-1.486,-11.898,-0.000,1.487,0.026
135.54,-11.885,0.022,-1.485,-11.898,-0.000,1.487,0.026
135.56,-11.885,0.022,-1.485,-11.898,-0.000,1.487,0.026
135.58,-11.885,0.022,-1.485,-11.898,-0.000,1.487,0.026
135.60,-11.885,0.022,-1.485,-11.898,-0.000,1.487,0.026
135.62,-11.885,0.022,-1.485,-11.898,-0.000,1.487,0.026
135.64,-11.885,0.022,-1.485,-11.898,-0.000,1.487,0.026
135.66,-11.885,0.022,-1.485,-11.898,-0.000,1.487,0.026
135.68,-11.885,0.021,-1.486,-11.898,-0.000,1.487,0.025
135.71,-11.885,0.021,-1.486,-11.898,-0.000,1.487,0.025
135.73,-11.886,0.021,-1.486,-11.898,-0.000,1.487,0.025
135.75,-11.886,0.021,-1.486,-11.898,-0.000,1.487,0.025
135.77,-11.886,0.021,-1.487,-11.898,-0.000,1.487,0.024
135.79,-11.886,0.021,-1.487,-11.898,-0.000,1.487,0.024
135.81,-11.887,0.020,-1.487,-11.898,-0.000,1.487,0.023
135.83,-11.887,0.020,-1.487,-11.898,-0.000,1.487,0.023
135.85,-11.888,0.019,-1.488,-11.898,-0.000,1.487,0.022
135.87,-11.888,0.019,-1.488,-11.898,-0.000,1.487,0.022
135.89,-11.889,0.018,-1.488,-11.898,-0.000,1.487,0.021
135.91,-11.889,0.018,-1.488,-11.898,-0.000,1.487,0.021
135.93,-11.889,0.017,-1.489,-11.898,-0.000,1.487,0.019
135.95,-11.889,0.017,-1.489,-11.898,-0.000,1.487,0.019
135.98,-11.890,0.016,-1.490,-11.898,-0.000,1.487,0.018
136.00,-11.890,0.016,-1.490,-11.898,-0.000,1.487,0.018
136.02,-11.891,0.015,-1.491,-11.898,-0.000,1.487,0.017
136.04,-11.891,0.015,-1.491,-11.898,-0.000,1.487,0.017
136.06,-11.892,0.014,-1.491,-11.898,-0.000,1.487,0.015
136.08,-11.892,0.014,-1.491,-11.898,-0.000,1.487,0.015
136.10,-11.893,0.012,-1.492,-11.898,-0.000,1.487,0.014
136.12,-11.893,0.012,-1.492,-11.898,-0.000,1.487,0.014
136.14,-11.893,0.012,-1.492,-11.898,-0.000,1.487,0.014
136.16,-11.895,0.011,-1.492,-11.898,-0.000,1.487,0.012
136.18,-11.895,0.011,-1.492,-11.898,-0.000,1.487,0.012
136.20,-11.896,0.009,-1.493,-11.898,-0.000,1.487,0.011
136.22,-11.896,0.009,-1.493,-11.898,-0.000,1.487,0.011
136.25,-11.897,0.007,-1.493,-11.898,-0.000,1.487,0.009
136.27,-11.897,0.007,-1.493,-11.898,-0.000,1.487,0.009
136.29,-11.898,0.006,-1.493,-11.898,-0.000,1.487,0.008
136.31,-11.898,0.006,-1.493,-11.898,-0.000,1.487,0.008
136.33,-11.899,0.004,-1.493,-11.898,-0.000,1.487,0.007
136.35,-11.899,0.004,-1.493,-11.898,-0.000,1.487,0.007
136.37,-11.900,0.003,-1.494,-11.898,-0.000,1.487,0.007
136.39,-11.900,0.003,-1.494,-11.898,-0.000,1.487,0.007
136.41,-11.900,0.001,-1.494,-11.898,-0.000,1.487,0.007
136.43,-11.900,0.001,-1.494,-11.898,-0.000,1.487,0.007
136.45,-11.901,-0.000,-1.494,-11.898,-0.000,1.487,0.008
136.48,-11.901,-0.000,-1.494,-11.898,-0.000,1.487,0.008
136.50,-11.902,-0.002,-1.495,-11.898,-0.000,1.487,0.008
136.52,-11.902,-0.002,-1.495,-11.898,-0.000,1.487,0.008
136.54,-11.902,-0.003,-1.495,-11.898,-0.000,1.487,0.009
136.56,-11.902,-0.003,-1.495,-11.898,-0.000,1.487,0.009
136.58,-11.902,-0.004,-1.495,-11.898,-0.000,1.487,0.009
136.60,-11.902,-0.004,-1.495,-11.898,-0.000,1.487,0.009
136.62,-11.902,-0.005,-1.495,-11.898,-0.000,1.487,0.010
136.64,-11.902,-0.005,-1.495,-11.898,-0.000,1.487,0.010
136.66,-11.902,-0.005,-1.495,-11.898,-0.000,1.487,0.010
136.68,-11.902,-0.007,-1.494,-11.898,-0.000,1.487,0.010
136.70,-11.902,-0.007,-1.494,-11.898,-0.000,1.487,0.010
136.73,-11.902,-0.008,-1.493,-11.898,-0.000,1.487,0.011
136.75,-11.902,-0.008,-1.493,-11.898,-0.000,1.487,0.011
136.77,-11.902,-0.009,-1.493,-11.898,-0.000,1.487,0.011
136.79,-11.902,-0.009,-1.493,-11.898,-0.000,1.487,0.011
136.81,-11.902,-0.010,-1.492,-11.898,-0.000,1.487,0.012
136.83,-11.902,-0.010,-1.492,-11.898,-0.000,1.487,0.012
136.85,-11.903,-0.011,-1.492,-11.898,-0.000,1.487,0.012
136.87,-11.903,-0.011,-1.492,-11.898,-0.000,1.487,0.012
136.89,-11.903,-0.011,-1.492,-11.898,-0.000,1.487,0.013
136.91,-11.903,-0.011,-1.492,-11.898,-0.000,1.487,0.013
136.94,-11.904,-0.012,-1.491,-11.898,-0.000,1.487,0.013
136.96,-11.904,-0.012,-1.491,-11.898,-0.000,1.487,0.013
136.98,-11.905,-0.012,-1.491,-11.898,-0.000,1.487,0.014
137.00,-11.905,-0.012,-1.491,-11.898,-0.000,1.487,0.014
137.02,-11.905,-0.012,-1.490,-11.898,-0.000,1.487,0.015
137.04,-11.905,-0.012,-1.490,-11.898,-0.000,1.487,0.015
137.06,-11.906,-0.013,-1.490,-11.898,-0.000,1.487,0.015
137.08,-11.906,-0.013,-1.490,-11.898,-0.000,1.487,0.015
137.10,-11.907,-0.013,-1.490,-11.898,-0.000,1.487,0.016
137.12,-11.907,-0.013,-1.490,-11.898,-0.000,1.487,0.016
137.14,-11.907,-0.013,-1.490,-11.898,-0.000,1.487,0.016
137.16,-11.909,-0.013,-1.489,-11.898,-0.000,1.487,0.017
137.18,-11.909,-0.013,-1.489,-11.898,-0.000,1.487,0.017
137.21,-11.910,-0.013,-1.488,-11.898,-0.000,1.487,0.017
137.23,-11.910,-0.013,-1.488,-11.898,-0.000,1.487,0.017
137.25,-11.911,-0.012,-1.488,-11.898,-0.000,1.487,0.018
137.27,-11.911,-0.012,-1.488,-11.898,-0.000,1.487,0.018
137.29,-11.912,-0.013,-1.487,-11.898,-0.000,1.487,0.018
137.31,-11.912,-0.013,-1.487,-11.898,-0.000,1.487,0.018
137.33,-11.912,-0.013,-1.487,-11.898,-0.000,1.487,0.019
137.35,-11.912,-0.013,-1.487,-11.898,-0.000,1.487,0.019
137.37,-11.913,-0.013,-1.486,-11.898,-0.000,1.487,0.020
137.39,-11.913,-0.013,-1.486,-11.898,-0.000,1.487,0.020
137.41,-11.914,-0.013,-1.486,-11.898,-0.000,1.487,0.020
137.43,-11.914,-0.013,-1.486,-11.898,-0.000,1.487,0.020
137.46,-11.914,-0.014,-1.485,-11.898,-0.000,1.487,0.021
137.48,-11.914,-0.014,-1.485,-11.898,-0.000,1.487,0.021
137.50,-11.915,-0.014,-1.484,-11.898,-0.000,1.487,0.022
137.52,-11.915,-0.014,-1.484,-11.898,-0.000,1.487,0.022
137.54,-11.915,-0.014,-1.484,-11.898,-0.000,1.487,0.022
137.56,-11.915,-0.014,-1.484,-11.898,-0.000,1.487,0.022
137.58,-11.915,-0.014,-1.483,-11.898,-0.000,1.487,0.023
137.60,-11.915,-0.014,-1.483,-11.898,-0.000,1.487,0.023
137.62,-11.916,-0.015,-1.483,-11.898,-0.000,1.487,0.023
137.64,-11.916,-0.015,-1.483,-11.898,-0.000,1.487,0.023
137.66,-11.916,-0.015,-1.483,-11.898,-0.000,1.487,0.023
137.68,-11.917,-0.015,-1.482,-11.898,-0.000,1.487,0.024
137.70,-11.917,-0.015,-1.482,-11.898,-0.000,1.487,0.024
137.73,-11.917,-0.015,-1.482,-11.898,-0.000,1.487,0.025
137.75,-11.917,-0.015,-1.482,-11.898,-0.000,1.487,0.025
137.77,-11.918,-0.015,-1.481,-11.898,-0.000,1.487,0.026
137.79,-11.918,-0.015,-1.481,-11.898,-0.000,1.487,0.026
137.81,-11.919,-0.015,-1.481,-11.898,-0.000,1.487,0.026
137.83,-11.919,-0.015,-1.481,-11.898,-0.000,1.487,0.026
137.85,-11.920,-0.015,-1.481,-11.898,-0.000,1.487,0.027
137.87,-11.920,-0.015,-1.481,-11.898,-0.000,1.487,0.027
137.89,-11.920,-0.015,-1.480,-11.898,-0.000,1.487,0.028
137.91,-11.920,-0.015,-1.480,-11.898,-0.000,1.487,0.028
137.93,-11.921,-0.014,-1.480,-11.898,-0.000,1.487,0.028
137.95,-11.921,-0.014,-1.480,-11.898,-0.000,1.487,0.028
137.98,-11.922,-0.014,-1.480,-11.898,-0.000,1.487,0.029
138.00,-11.922,-0.014,-1.480,-11.898,-0.000,1.487,0.029
138.02,-11.923,-0.014,-1.479,-11.898,-0.000,1.487,0.029
138.04,-11.923,-0.014,-1.479,-11.898,-0.000,1.487,0.029
138.06,-11.924,-0.013,-1.479,-11.898,-0.000,1.487,0.030
138.08,-11.924,-0.013,-1.479,-11.898,-0.000,1.487,0.030
138.10,-11.925,-0.013,-1.479,-11.898,-0.000,1.487,0.031
138.12,-11.925,-0.013,-1.479,-11.898,-0.000,1.487,0.031
138.14,-11.925,-0.013,-1.479,-11.898,-0.000,1.487,0.031
138.16,-11.927,-0.012,-1.479,-11.898,-0.000,1.487,0.032
138.18,-11.927,-0.012,-1.479,-11.898,-0.000,1.487,0.032
138.20,-11.928,-0.011,-1.480,-11.898,-0.000,1.487,0.033
138.23,-11.928,-0.011,-1.480,-11.898,-0.000,1.487,0.033
138.25,-11.928,-0.011,-1.480,-11.898,-0.000,1.487,0.033
138.27,-11.928,-0.011,-1.480,-11.898,-0.000,1.487,0.033
138.29,-11.929,-0.011,-1.480,-11.898,-0.000,1.487,0.034
138.31,-11.929,-0.011,-1.480,-11.898,-0.000,1.487,0.034
138.33,-11.929,-0.011,-1.480,-11.898,-0.000,1.487,0.034
138.35,-11.929,-0.011,-1.480,-11.898,-0.000,1.487,0.034
138.37,-11.930,-0.011,-1.481,-11.898,-0.000,1.487,0.034
138.39,-11.930,-0.011,-1.481,-11.898,-0.000,1.487,0.034
138.41,-11.930,-0.010,-1.482,-11.898,-0.000,1.487,0.034
138.43,-11.930,-0.010,-1.482,-11.898,-0.000,1.487,0.034
138.45,-11.930,-0.010,-1.482,-11.898,-0.000,1.487,0.034
138.48,-11.930,-0.010,-1.482,-11.898,-0.000,1.487,0.034
138.50,-11.929,-0.010,-1.483,-11.898,-0.000,1.487,0.033
138.52,-11.929,-0.010,-1.483,-11.898,-0.000,1.487,0.033
138.54,-11.929,-0.010,-1.484,-11.898,-0.000,1.487,0.032
138.56,-11.929,-0.010,-1.484,-11.898,-0.000,1.487,0.032
138.58,-11.928,-0.010,-1.485,-11.898,-0.000,1.487,0.032
138.60,-11.928,-0.010,-1.485,-11.898,-0.000,1.487,0.032
138.62,-11.927,-0.010,-1.485,-11.898,-0.000,1.487,0.031
138.64,-11.927,-0.010,-1.485,-11.898,-0.000,1.487,0.031
138.66,-11.927,-0.010,-1.485,-11.898,-0.000,1.487,0.031
138.69,-11.925,-0.010,-1.487,-11.898,-0.000,1.487,0.029
138.71,-11.925,-0.010,-1.487,-11.898,-0.000,1.487,0.029
138.73,-11.924,-0.010,-1.487,-11.898,-0.000,1.487,0.028
138.75,-11.924,-0.010,-1.487,-11.898,-0.000,1.487,0.028
138.77,-11.923,-0.010,-1.488,-11.898,-0.000,1.487,0.027
138.79,-11.923,-0.010,-1.488,-11.898,-0.000,1.487,0.027
138.81,-11.922,-0.010,-1.488,-11.898,-0.000,1.487,0.026
138.83,-11.922,-0.010,-1.488,-11.898,-0.000,1.487,0.026
138.85,-11.920,-0.010,-1.489,-11.898,-0.000,1.487,0.024
138.87,-11.920,-0.010,-1.489,-11.898,-0.000,1.487,0.024
138.89,-11.919,-0.010,-1.490,-11.898,-0.000,1.487,0.023
138.92,-11.919,-0.010,-1.490,-11.898,-0.000,1.487,0.023
138.94,-11.917,-0.011,-1.490,-11.898,-0.000,1.487,0.022
138.96,-11.917,-0.011,-1.490,-11.898,-0.000,1.487,0.022
138.98,-11.916,-0.011,-1.491,-11.898,-0.000,1.487,0.021
139.00,-11.916,-0.011,-1.491,-11.898,-0.000,1.487,0.021
139.02,-11.915,-0.011,-1.491,-11.898,-0.000,1.487,0.020
139.04,-11.915,-0.011,-1.491,-11.898,-0.000,1.487,0.020
139.06,-11.913,-0.012,-1.491,-11.898,-0.000,1.487,0.020
139.08,-11.913,-0.012,-1.491,-11.898,-0.000,1.487,0.020
139.10,-11.912,-0.012,-1.492,-11.898,-0.000,1.487,0.019
139.12,-11.912,-0.012,-1.492,-11.898,-0.000,1.487,0.019
139.14,-11.910,-0.013,-1.492,-11.898,-0.000,1.487,0.018
139.16,-11.910,-0.013,-1.492,-11.898,-0.000,1.487,0.018
139.19,-11.910,-0.013,-1.492,-11.898,-0.000,1.487,0.018
139.21,-11.908,-0.013,-1.492,-11.898,-0.000,1.487,0.017
139.23,-11.908,-0.013,-1.492,-11.898,-0.000,1.487,0.017
139.25,-11.906,-0.013,-1.493,-11.898,-0.000,1.487,0.016
139.27,-11.906,-0.013,-1.493,-11.898,-0.000,1.487,0.016
139.29,-11.905,-0.013,-1.493,-11.898,-0.000,1.487,0.015
139.31,-11.905,-0.013,-1.493,-11.898,-0.000,1.487,0.015
139.33,-11.903,-0.013,-1.493,-11.898,-0.000,1.487,0.015
139.35,-11.903,-0.013,-1.493,-11.898,-0.000,1.487,0.015
139.37,-11.902,-0.012,-1.493,-11.898,-0.000,1.487,0.014
139.39,-11.902,-0.012,-1.493,-11.898,-0.000,1.487,0.014
139.41,-11.901,-0.012,-1.493,-11.898,-0.000,1.487,0.013
139.43,-11.901,-0.012,-1.493,-11.898,-0.000,1.487,0.013
139.46,-11.899,-0.011,-1.493,-11.898,-0.000,1.487,0.012
139.48,-11.899,-0.011,-1.493,-11.898,-0.000,1.487,0.012
139.50,-11.898,-0.010,-1.492,-11.898,-0.000,1.487,0.011
139.52,-11.898,-0.010,-1.492,-11.898,-0.000,1.487,0.011
139.54,-11.896,-0.009,-1.492,-11.898,-0.000,1.487,0.010
139.56,-11.896,-0.009,-1.492,-11.898,-0.000,1.487,0.010
139.58,-11.895,-0.009,-1.492,-11.898,-0.000,1.487,0.010
139.60,-11.895,-0.009,-1.492,-11.898,-0.000,1.487,0.010
139.62,-11.893,-0.008,-1.492,-11.898,-0.000,1.487,0.010
139.64,-11.893,-0.008,-1.492,-11.898,-0.000,1.487,0.010
139.66,-11.893,-0.008,-1.492,-11.898,-0.000,1.487,0.010
139.69,-11.890,-0.007,-1.491,-11.898,-0.000,1.487,0.011
139.71,-11.890,-0.007,-1.491,-11.898,-0.000,1.487,0.011
139.73,-11.888,-0.006,-1.491,-11.898,-0.000,1.487,0.012
139.75,-11.888,-0.006,-1.491,-11.898,-0.000,1.487,0.012
139.77,-11.886,-0.006,-1.491,-11.898,-0.000,1.487,0.014
139.79,-11.886,-0.006,-1.491,-11.898,-0.000,1.487,0.014
139.81,-11.885,-0.005,-1.491,-11.898,-0.000,1.487,0.015
139.83,-11.885,-0.005,-1.491,-11.898,-0.000,1.487,0.015
139.85,-11.883,-0.005,-1.491,-11.898,-0.000,1.487,0.016
139.87,-11.883,-0.005,-1.491,-11.898,-0.000,1.487,0.016
139.89,-11.882,-0.005,-1.491,-11.898,-0.000,1.487,0.017
139.91,-11.882,-0.005,-1.491,-11.898,-0.000,1.487,0.017
139.93,-11.881,-0.005,-1.490,-11.898,-0.000,1.487,0.018
139.96,-11.881,-0.005,-1.490,-11.898,-0.000,1.487,0.018
139.98,-11.880,-0.004,-1.490,-11.898,-0.000,1.487,0.019
140.00,-11.880,-0.004,-1.490,-11.898,-0.000,1.487,0.019
140.02,-11.879,-0.004,-1.489,-11.898,-0.000,1.487,0.019
140.04,-11.879,-0.004,-1.489,-11.898,-0.000,1.487,0.019
140.06,-11.878,-0.004,-1.489,-11.898,-0.000,1.487,0.020
140.08,-11.878,-0.004,-1.489,-11.898,-0.000,1.487,0.020
140.10,-11.878,-0.004,-1.489,-11.898,-0.000,1.487,0.021
140.12,-11.878,-0.004,-1.489,-11.898,-0.000,1.487,0.021
140.14,-11.877,-0.004,-1.489,-11.898,-0.000,1.487,0.021
140.16,-11.877,-0.004,-1.489,-11.898,-0.000,1.487,0.021
140.18,-11.877,-0.004,-1.489,-11.898,-0.000,1.487,0.021
140.21,-11.876,-0.004,-1.488,-11.898,-0.000,1.487,0.023
140.23,-11.876,-0.004,-1.488,-11.898,-0.000,1.487,0.023
140.25,-11.875,-0.004,-1.488,-11.898,-0.000,1.487,0.023
140.27,-11.875,-0.004,-1.488,-11.898,-0.000,1.487,0.023
140.29,-11.875,-0.004,-1.488,-11.898,-0.000,1.487,0.023
140.31,-11.875,-0.004,-1.488,-11.898,-0.000,1.487,0.023
140.33,-11.875,-0.004,-1.488,-11.898,-0.000,1.487,0.023
140.35,-11.875,-0.004,-1.488,-11.898,-0.000,1.487,0.023
140.37,-11.875,-0.004,-1.488,-11.898,-0.000,1.487,0.023
140.39,-11.875,-0.004,-1.488,-11.898,-0.000,1.487,0.023
140.41,-11.875,-0.004,-1.488,-11.898,-0.000,1.487,0.023
140.43,-11.875,-0.004,-1.488,-11.898,-0.000,1.487,0.023
140.46,-11.875,-0.005,-1.488,-11.898,-0.000,1.487,0.023
140.48,-11.875,-0.005,-1.488,-11.898,-0.000,1.487,0.023
140.50,-11.875,-0.005,-1.488,-11.898,-0.000,1.487,0.023
140.52,-11.875,-0.005,-1.488,-11.898,-0.000,1.487,0.023
140.54,-11.875,-0.005,-1.488,-11.898,-0.000,1.487,0.023
140.56,-11.875,-0.005,-1.488,-11.898,-0.000,1.487,0.023
140.58,-11.875,-0.006,-1.487,-11.898,-0.000,1.487,0.023
140.60,-11.875,-0.006,-1.487,-11.898,-0.000,1.487,0.023
140.62,-11.876,-0.006,-1.487,-11.898,-0.000,1.487,0.023
140.64,-11.876,-0.006,-1.487,-11.898,-0.000,1.487,0.023
140.66,-11.876,-0.006,-1.487,-11.898,-0.000,1.487,0.023
140.68,-11.876,-0.007,-1.487,-11.898,-0.000,1.487,0.023
140.70,-11.876,-0.007,-1.487,-11.898,-0.000,1.487,0.023
140.73,-11.876,-0.007,-1.486,-11.898,-0.000,1.487,0.023
140.75,-11.876,-0.007,-1.486,-11.898,-0.000,1.487,0.023
140.77,-11.876,-0.007,-1.486,-11.898,-0.000,1.487,0.023
140.79,-11.876,-0.007,-1.486,-11.898,-0.000,1.487,0.023
140.81,-11.877,-0.008,-1.486,-11.898,-0.000,1.487,0.023
140.83,-11.877,-0.008,-1.486,-11.898,-0.000,1.487,0.023
140.85,-11.877,-0.008,-1.485,-11.898,-0.000,1.487,0.022
140.87,-11.877,-0.008,-1.485,-11.898,-0.000,1.487,0.022
140.89,-11.877,-0.008,-1.485,-11.898,-0.000,1.487,0.022
140.91,-11.877,-0.008,-1.485,-11.898,-0.000,1.487,0.022
140.93,-11.878,-0.008,-1.485,-11.898,-0.000,1.487,0.022
140.95,-11.878,-0.008,-1.485,-11.898,-0.000,1.487,0.022
140.97,-11.878,-0.007,-1.484,-11.898,-0.000,1.487,0.022
141.00,-11.878,-0.007,-1.484,-11.898,-0.000,1.487,0.022
141.02,-11.878,-0.007,-1.484,-11.898,-0.000,1.487,0.022
141.04,-11.878,-0.007,-1.484,-11.898,-0.000,1.487,0.022
141.06,-11.878,-0.007,-1.483,-11.898,-0.000,1.487,0.022
141.08,-11.878,-0.007,-1.483,-11.898,-0.000,1.487,0.022
141.10,-11.878,-0.006,-1.483,-11.898,-0.000,1.487,0.022
141.12,-11.878,-0.006,-1.483,-11.898,-0.000,1.487,0.022
141.14,-11.878,-0.006,-1.482,-11.898,-0.000,1.487,0.021
141.16,-11.878,-0.006,-1.482,-11.898,-0.000,1.487,0.021
141.18,-11.878,-0.006,-1.482,-11.898,-0.000,1.487,0.021
141.20,-11.879,-0.005,-1.482,-11.898,-0.000,1.487,0.021
141.23,-11.879,-0.005,-1.482,-11.898,-0.000,1.487,0.021
141.25,-11.879,-0.004,-1.482,-11.898,-0.000,1.487,0.020
141.27,-11.879,-0.004,-1.482,-11.898,-0.000,1.487,0.020
141.29,-11.880,-0.003,-1.482,-11.898,-0.000,1.487,0.019
141.31,-11.880,-0.003,-1.482,-11.898,-0.000,1.487,0.019
141.33,-11.880,-0.003,-1.482,-11.898,-0.000,1.487,0.019
141.35,-11.880,-0.003,-1.482,-11.898,-0.000,1.487,0.019
141.37,-11.881,-0.002,-1.482,-11.898,-0.000,1.487,0.018
141.39,-11.881,-0.002,-1.482,-11.898,-0.000,1.487,0.018
141.41,-11.882,-0.001,-1.481,-11.898,-0.000,1.487,0.018
141.43,-11.882,-0.001,-1.481,-11.898,-0.000,1.487,0.018
141.46,-11.882,-0.001,-1.481,-11.898,-0.000,1.487,0.017
141.48,-11.882,-0.001,-1.481,-11.898,-0.000,1.487,0.017
141.50,-11.883,0.000,-1.481,-11.898,-0.000,1.487,0.017
141.52,-11.883,0.000,-1.481,-11.898,-0.000,1.487,0.017
141.54,-11.883,0.001,-1.481,-11.898,-0.000,1.487,0.016
141.56,-11.883,0.001,-1.481,-11.898,-0.000,1.487,0.016
141.58,-11.884,0.002,-1.480,-11.898,-0.000,1.487,0.016
141.60,-11.884,0.002,-1.480,-11.898,-0.000,1.487,0.016
141.62,-11.884,0.004,-1.480,-11.898,-0.000,1.487,0.016
141.64,-11.884,0.004,-1.480,-11.898,-0.000,1.487,0.016
141.66,-11.884,0.006,-1.480,-11.898,-0.000,1.487,0.017
141.68,-11.884,0.006,-1.480,-11.898,-0.000,1.487,0.017
141.71,-11.884,0.006,-1.480,-11.898,-0.000,1.487,0.017
141.73,-11.884,0.008,-1.480,-11.898,-0.000,1.487,0.018
141.75,-11.884,0.008,-1.480,-11.898,-0.000,1.487,0.018
141.77,-11.885,0.009,-1.480,-11.898,-0.000,1.487,0.018
141.79,-11.885,0.009,-1.480,-11.898,-0.000,1.487,0.018
141.81,-11.885,0.011,-1.480,-11.898,-0.000,1.487,0.019
141.83,-11.885,0.011,-1.480,-11.898,-0.000,1.487,0.019
141.85,-11.885,0.012,-1.480,-11.898,-0.000,1.487,0.020
141.87,-11.885,0.012,-1.480,-11.898,-0.000,1.487,0.020
141.89,-11.885,0.013,-1.480,-11.898,-0.000,1.487,0.020
141.91,-11.885,0.013,-1.480,-11.898,-0.000,1.487,0.020
141.94,-11.886,0.015,-1.480,-11.898,-0.000,1.487,0.021
141.96,-11.886,0.015,-1.480,-11.898,-0.000,1.487,0.021
141.98,-11.886,0.016,-1.480,-11.898,-0.000,1.487,0.021
142.00,-11.886,0.016,-1.480,-11.898,-0.000,1.487,0.021
142.02,-11.887,0.017,-1.480,-11.898,-0.000,1.487,0.022
142.04,-11.887,0.017,-1.480,-11.898,-0.000,1.487,0.022
142.06,-11.888,0.017,-1.480,-11.898,-0.000,1.487,0.022
142.08,-11.888,0.017,-1.480,-11.898,-0.000,1.487,0.022
142.10,-11.888,0.018,-1.480,-11.898,-0.000,1.487,0.022
142.12,-11.888,0.018,-1.480,-11.898,-0.000,1.487,0.022
142.14,-11.888,0.018,-1.481,-11.898,-0.000,1.487,0.022
142.16,-11.888,0.018,-1.481,-11.898,-0.000,1.487,0.022
142.18,-11.888,0.018,-1.481,-11.898,-0.000,1.487,0.022
142.21,-11.888,0.017,-1.481,-11.898,-0.000,1.487,0.021
142.23,-11.888,0.017,-1.481,-11.898,-0.000,1.487,0.021
142.25,-11.888,0.017,-1.482,-11.898,-0.000,1.487,0.020
142.27,-11.888,0.017,-1.482,-11.898,-0.000,1.487,0.020
142.29,-11.888,0.016,-1.482,-11.898,-0.000,1.487,0.019
142.31,-11.888,0.016,-1.482,-11.898,-0.000,1.487,0.019
142.33,-11.888,0.015,-1.482,-11.898,-0.000,1.487,0.019
142.35,-11.888,0.015,-1.482,-11.898,-0.000,1.487,0.019
142.37,-11.888,0.014,-1.483,-11.898,-0.000,1.487,0.018
142.39,-11.888,0.014,-1.483,-11.898,-0.000,1.487,0.018
142.41,-11.887,0.012,-1.483,-11.898,-0.000,1.487,0.017
142.43,-11.887,0.012,-1.483,-11.898,-0.000,1.487,0.017
142.46,-11.887,0.011,-1.483,-11.898,-0.000,1.487,0.016
142.48,-11.887,0.011,-1.483,-11.898,-0.000,1.487,0.016
142.50,-11.888,0.009,-1.483,-11.898,-0.000,1.487,0.015
142.52,-11.888,0.009,-1.483,-11.898,-0.000,1.487,0.015
142.54,-11.888,0.008,-1.484,-11.898,-0.000,1.487,0.013
142.56,-11.888,0.008,-1.484,-11.898,-0.000,1.487,0.013
142.58,-11.888,0.006,-1.484,-11.898,-0.000,1.487,0.012
142.60,-11.888,0.006,-1.484,-11.898,-0.000,1.487,0.012
142.62,-11.888,0.005,-1.484,-11.898,-0.000,1.487,0.012
142.64,-11.888,0.005,-1.484,-11.898,-0.000,1.487,0.012
142.66,-11.889,0.003,-1.485,-11.898,-0.000,1.487,0.010
142.69,-11.889,0.003,-1.485,-11.898,-0.000,1.487,0.010
142.71,-11.889,0.003,-1.485,-11.898,-0.000,1.487,0.010
142.73,-11.889,0.002,-1.485,-11.898,-0.000,1.487,0.009
142.75,-11.889,0.002,-1.485,-11.898,-0.000,1.487,0.009
142.77,-11.890,0.001,-1.485,-11.898,-0.000,1.487,0.009
142.79,-11.890,0.001,-1.485,-11.898,-0.000,1.487,0.009
142.81,-11.890,-0.000,-1.485,-11.898,-0.000,1.487,0.008
142.83,-11.890,-0.000,-1.485,-11.898,-0.000,1.487,0.008
142.85,-11.890,-0.001,-1.485,-11.898,-0.000,1.487,0.008
142.87,-11.890,-0.001,-1.485,-11.898,-0.000,1.487,0.008
142.89,-11.890,-0.002,-1.485,-11.898,-0.000,1.487,0.008
142.92,-11.890,-0.002,-1.485,-11.898,-0.000,1.487,0.008
142.94,-11.891,-0.002,-1.484,-11.898,-0.000,1.487,0.008
142.96,-11.891,-0.002,-1.484,-11.898,-0.000,1.487,0.008
142.98,-11.891,-0.003,-1.484,-11.898,-0.000,1.487,0.008
143.00,-11.891,-0.003,-1.484,-11.898,-0.000,1.487,0.008
143.02,-11.892,-0.003,-1.484,-11.898,-0.000,1.487,0.008
143.04,-11.892,-0.003,-1.484,-11.898,-0.000,1.487,0.008
143.06,-11.892,-0.003,-1.484,-11.898,-0.000,1.487,0.008
143.08,-11.892,-0.003,-1.484,-11.898,-0.000,1.487,0.008
143.10,-11.893,-0.003,-1.483,-11.898,-0.000,1.487,0.008
143.12,-11.893,-0.003,-1.483,-11.898,-0.000,1.487,0.008
143.14,-11.893,-0.003,-1.483,-11.898,-0.000,1.487,0.007
143.16,-11.893,-0.003,-1.483,-11.898,-0.000,1.487,0.007
143.19,-11.893,-0.003,-1.483,-11.898,-0.000,1.487,0.007
143.21,-11.894,-0.003,-1.483,-11.898,-0.000,1.487,0.007
143.23,-11.894,-0.003,-1.483,-11.898,-0.000,1.487,0.007
143.25,-11.894,-0.003,-1.482,-11.898,-0.000,1.487,0.007
143.27,-11.894,-0.003,-1.482,-11.898,-0.000,1.487,0.007
143.29,-11.895,-0.003,-1.482,-11.898,-0.000,1.487,0.007
143.31,-11.895,-0.003,-1.482,-11.898,-0.000,1.487,0.007
143.33,-11.895,-0.003,-1.481,-11.898,-0.000,1.487,0.007
143.35,-11.895,-0.003,-1.481,-11.898,-0.000,1.487,0.007
143.37,-11.896,-0.003,-1.481,-11.898,-0.000,1.487,0.007
143.39,-11.896,-0.003,-1.481,-11.898,-0.000,1.487,0.007
143.41,-11.897,-0.003,-1.480,-11.898,-0.000,1.487,0.008
143.43,-11.897,-0.003,-1.480,-11.898,-0.000,1.487,0.008
143.46,-11.897,-0.002,-1.480,-11.898,-0.000,1.487,0.008
143.48,-11.897,-0.002,-1.480,-11.898,-0.000,1.487,0.008
143.50,-11.898,-0.002,-1.479,-11.898,-0.000,1.487,0.008
143.52,-11.898,-0.002,-1.479,-11.898,-0.000,1.487,0.008
143.54,-11.899,-0.001,-1.479,-11.898,-0.000,1.487,0.008
143.56,-11.899,-0.001,-1.479,-11.898,-0.000,1.487,0.008
143.58,-11.899,-0.001,-1.479,-11.898,-0.000,1.487,0.009
143.60,-11.899,-0.001,-1.479,-11.898,-0.000,1.487,0.009
143.62,-11.900,-0.000,-1.478,-11.898,-0.000,1.487,0.009
143.64,-11.900,-0.000,-1.478,-11.898,-0.000,1.487,0.009
143.67,-11.900,0.000,-1.478,-11.898,-0.000,1.487,0.010
143.69,-11.900,0.000,-1.478,-11.898,-0.000,1.487,0.010
143.71,-11.900,0.000,-1.478,-11.898,-0.000,1.487,0.010
143.73,-11.901,0.001,-1.477,-11.898,-0.000,1.487,0.010
143.75,-11.901,0.001,-1.477,-11.898,-0.000,1.487,0.010
143.77,-11.901,0.001,-1.477,-11.898,-0.000,1.487,0.011
143.79,-11.901,0.001,-1.477,-11.898,-0.000,1.487,0.011
143.81,-11.902,0.002,-1.477,-11.898,-0.000,1.487,0.011
143.83,-11.902,0.002,-1.477,-11.898,-0.000,1.487,0.011
143.85,-11.902,0.002,-1.477,-11.898,-0.000,1.487,0.012
143.87,-11.902,0.002,-1.477,-11.898,-0.000,1.487,0.012
143.89,-11.902,0.003,-1.477,-11.898,-0.000,1.487,0.012
143.92,-11.902,0.003,-1.477,-11.898,-0.000,1.487,0.012
143.94,-11.903,0.004,-1.476,-11.898,-0.000,1.487,0.013
143.96,-11.903,0.004,-1.476,-11.898,-0.000,1.487,0.013
143.98,-11.903,0.005,-1.476,-11.898,-0.000,1.487,0.013
144.00,-11.903,0.005,-1.476,-11.898,-0.000,1.487,0.013
144.02,-11.904,0.005,-1.477,-11.898,-0.000,1.487,0.013
144.04,-11.904,0.005,-1.477,-11.898,-0.000,1.487,0.013
144.06,-11.904,0.006,-1.477,-11.898,-0.000,1.487,0.014
144.08,-11.904,0.006,-1.477,-11.898,-0.000,1.487,0.014
144.10,-11.905,0.006,-1.477,-11.898,-0.000,1.487,0.014
144.12,-11.905,0.006,-1.477,-11.898,-0.000,1.487,0.014
144.14,-11.906,0.007,-1.478,-11.898,-0.000,1.487,0.014
144.17,-11.906,0.007,-1.478,-11.898,-0.000,1.487,0.014
144.19,-11.906,0.007,-1.478,-11.898,-0.000,1.487,0.014
144.21,-11.906,0.007,-1.479,-11.898,-0.000,1.487,0.014
144.23,-11.906,0.007,-1.479,-11.898,-0.000,1.487,0.014
144.25,-11.907,0.007,-1.480,-11.898,-0.000,1.487,0.014
144.27,-11.907,0.007,-1.480,-11.898,-0.000,1.487,0.014
144.29,-11.908,0.007,-1.481,-11.898,-0.000,1.487,0.014
144.31,-11.908,0.007,-1.481,-11.898,-0.000,1.487,0.014
144.33,-11.908,0.007,-1.482,-11.898,-0.000,1.487,0.014
144.35,-11.908,0.007,-1.482,-11.898,-0.000,1.487,0.014
144.37,-11.909,0.007,-1.483,-11.898,-0.000,1.487,0.014
144.39,-11.909,0.007,-1.483,-11.898,-0.000,1.487,0.014
144.42,-11.910,0.007,-1.484,-11.898,-0.000,1.487,0.014
144.44,-11.910,0.007,-1.484,-11.898,-0.000,1.487,0.014
144.46,-11.911,0.006,-1.485,-11.898,-0.000,1.487,0.014
144.48,-11.911,0.006,-1.485,-11.898,-0.000,1.487,0.014
144.50,-11.911,0.006,-1.486,-11.898,-0.000,1.487,0.015
144.52,-11.911,0.006,-1.486,-11.898,-0.000,1.487,0.015
144.54,-11.912,0.005,-1.487,-11.898,-0.000,1.487,0.015
144.56,-11.912,0.005,-1.487,-11.898,-0.000,1.487,0.015
144.58,-11.913,0.005,-1.487,-11.898,-0.000,1.487,0.016
144.60,-11.913,0.005,-1.487,-11.898,-0.000,1.487,0.016
144.62,-11.914,0.004,-1.487,-11.898,-0.000,1.487,0.017
144.64,-11.914,0.004,-1.487,-11.898,-0.000,1.487,0.017
144.67,-11.916,0.003,-1.487,-11.898,-0.000,1.487,0.018
144.69,-11.916,0.003,-1.487,-11.898,-0.000,1.487,0.018
144.71,-11.916,0.003,-1.487,-11.898,-0.000,1.487,0.018
144.73,-11.917,0.002,-1.487,-11.898,-0.000,1.487,0.019
144.75,-11.917,0.002,-1.487,-11.898,-0.000,1.487,0.019
144.77,-11.918,0.001,-1.487,-11.898,-0.000,1.487,0.020
144.79,-11.918,0.001,-1.487,-11.898,-0.000,1.487,0.020
144.81,-11.919,0.000,-1.486,-11.898,-0.000,1.487,0.021
144.83,-11.919,0.000,-1.486,-11.898,-0.000,1.487,0.021
144.85,-11.920,-0.000,-1.485,-11.898,-0.000,1.487,0.022
144.87,-11.920,-0.000,-1.485,-11.898,-0.000,1.487,0.022
144.89,-11.921,-0.001,-1.485,-11.898,-0.000,1.487,0.023
144.91,-11.921,-0.001,-1.485,-11.898,-0.000,1.487,0.023
144.94,-11.922,-0.002,-1.484,-11.898,-0.000,1.487,0.025
144.96,-11.922,-0.002,-1.484,-11.898,-0.000,1.487,0.025
144.98,-11.923,-0.002,-1.483,-11.898,-0.000,1.487,0.026
145.00,-11.923,-0.002,-1.483,-11.898,-0.000,1.487,0.026
145.02,-11.924,-0.003,-1.482,-11.898,-0.000,1.487,0.026
145.04,-11.924,-0.003,-1.482,-11.898,-0.000,1.487,0.026
145.06,-11.924,-0.003,-1.482,-11.898,-0.000,1.487,0.027
145.08,-11.924,-0.003,-1.482,-11.898,-0.000,1.487,0.027
145.10,-11.925,-0.004,-1.481,-11.898,-0.000,1.487,0.028
145.12,-11.925,-0.004,-1.481,-11.898,-0.000,1.487,0.028
145.14,-11.925,-0.004,-1.480,-11.898,-0.000,1.487,0.028
145.16,-11.925,-0.004,-1.480,-11.898,-0.000,1.487,0.028
145.19,-11.925,-0.005,-1.480,-11.898,-0.000,1.487,0.028
145.21,-11.925,-0.005,-1.480,-11.898,-0.000,1.487,0.028
145.23,-11.925,-0.005,-1.480,-11.898,-0.000,1.487,0.028
145.25,-11.925,-0.006,-1.480,-11.898,-0.000,1.487,0.028
145.27,-11.925,-0.006,-1.480,-11.898,-0.000,1.487,0.028
145.29,-11.924,-0.007,-1.480,-11.898,-0.000,1.487,0.028
145.31,-11.924,-0.007,-1.480,-11.898,-0.000,1.487,0.028
145.33,-11.924,-0.008,-1.480,-11.898,-0.000,1.487,0.028
145.35,-11.924,-0.008,-1.480,-11.898,-0.000,1.487,0.028
145.37,-11.923,-0.008,-1.481,-11.898,-0.000,1.487,0.027
145.39,-11.923,-0.008,-1.481,-11.898,-0.000,1.487,0.027
145.41,-11.922,-0.009,-1.481,-11.898,-0.000,1.487,0.026
145.44,-11.922,-0.009,-1.481,-11.898,-0.000,1.487,0.026
145.46,-11.921,-0.010,-1.481,-11.898,-0.000,1.487,0.026
145.48,-11.921,-0.010,-1.481,-11.898,-0.000,1.487,0.026
145.50,-11.920,-0.011,-1.482,-11.898,-0.000,1.487,0.025
145.52,-11.920,-0.011,-1.482,-11.898,-0.000,1.487,0.025
145.54,-11.918,-0.012,-1.482,-11.898,-0.000,1.487,0.024
145.56,-11.918,-0.012,-1.482,-11.898,-0.000,1.487,0.024
145.58,-11.917,-0.012,-1.483,-11.898,-0.000,1.487,0.023
145.60,-11.917,-0.012,-1.483,-11.898,-0.000,1.487,0.023
145.62,-11.915,-0.013,-1.483,-11.898,-0.000,1.487,0.021
145.64,-11.915,-0.013,-1.483,-11.898,-0.000,1.487,0.021
145.66,-11.913,-0.013,-1.484,-11.898,-0.000,1.487,0.020
145.68,-11.913,-0.013,-1.484,-11.898,-0.000,1.487,0.020
145.71,-11.913,-0.013,-1.484,-11.898,-0.000,1.487,0.020
145.73,-11.910,-0.014,-1.485,-11.898,-0.000,1.487,0.019
145.75,-11.910,-0.014,-1.485,-11.898,-0.000,1.487,0.019
145.77,-11.909,-0.015,-1.486,-11.898,-0.000,1.487,0.018
145.79,-11.909,-0.015,-1.486,-11.898,-0.000,1.487,0.018
145.81,-11.907,-0.015,-1.487,-11.898,-0.000,1.487,0.018
145.83,-11.907,-0.015,-1.487,-11.898,-0.000,1.487,0.018
145.85,-11.906,-0.016,-1.487,-11.898,-0.000,1.487,0.017
145.87,-11.906,-0.016,-1.487,-11.898,-0.000,1.487,0.017
145.89,-11.904,-0.016,-1.488,-11.898,-0.000,1.487,0.017
145.91,-11.904,-0.016,-1.488,-11.898,-0.000,1.487,0.017
145.93,-11.903,-0.016,-1.489,-11.898,-0.000,1.487,0.017
145.95,-11.903,-0.016,-1.489,-11.898,-0.000,1.487,0.017
145.98,-11.901,-0.017,-1.489,-11.898,-0.000,1.487,0.017
146.00,-11.901,-0.017,-1.489,-11.898,-0.000,1.487,0.017
146.02,-11.900,-0.017,-1.490,-11.898,-0.000,1.487,0.017
146.04,-11.900,-0.017,-1.490,-11.898,-0.000,1.487,0.017
146.06,-11.898,-0.017,-1.490,-11.898,-0.000,1.487,0.017
146.08,-11.898,-0.017,-1.490,-11.898,-0.000,1.487,0.017
146.10,-11.896,-0.017,-1.491,-11.898,-0.000,1.487,0.017
146.12,-11.896,-0.017,-1.491,-11.898,-0.000,1.487,0.017
146.14,-11.895,-0.017,-1.491,-11.898,-0.000,1.487,0.018
146.16,-11.895,-0.017,-1.491,-11.898,-0.000,1.487,0.018
146.18,-11.893,-0.017,-1.491,-11.898,-0.000,1.487,0.018
146.21,-11.893,-0.017,-1.491,-11.898,-0.000,1.487,0.018
146.23,-11.893,-0.017,-1.491,-11.898,-0.000,1.487,0.018
146.25,-11.890,-0.016,-1.491,-11.898,-0.000,1.487,0.018
146.27,-11.890,-0.016,-1.491,-11.898,-0.000,1.487,0.018
146.29,-11.889,-0.016,-1.490,-11.898,-0.000,1.487,0.018
146.31,-11.889,-0.016,-1.490,-11.898,-0.000,1.487,0.018
146.33,-11.887,-0.015,-1.490,-11.898,-0.000,1.487,0.019
146.35,-11.887,-0.015,-1.490,-11.898,-0.000,1.487,0.019
146.37,-11.886,-0.014,-1.490,-11.898,-0.000,1.487,0.019
146.39,-11.886,-0.014,-1.490,-11.898,-0.000,1.487,0.019
146.41,-11.884,-0.013,-1.489,-11.898,-0.000,1.487,0.019
146.43,-11.884,-0.013,-1.489,-11.898,-0.000,1.487,0.019
146.45,-11.883,-0.012,-1.489,-11.898,-0.000,1.487,0.019
146.48,-11.883,-0.012,-1.489,-11.898,-0.000,1.487,0.019
146.50,-11.882,-0.010,-1.488,-11.898,-0.000,1.487,0.019
146.52,-11.882,-0.010,-1.488,-11.898,-0.000,1.487,0.019
146.54,-11.881,-0.009,-1.488,-11.898,-0.000,1.487,0.020
146.56,-11.881,-0.009,-1.488,-11.898,-0.000,1.487,0.020
146.58,-11.880,-0.008,-1.487,-11.898,-0.000,1.487,0.020
146.60,-11.880,-0.008,-1.487,-11.898,-0.000,1.487,0.020
146.62,-11.879,-0.006,-1.487,-11.898,-0.000,1.487,0.020
146.64,-11.879,-0.006,-1.487,-11.898,-0.000,1.487,0.020
146.66,-11.879,-0.005,-1.486,-11.898,-0.000,1.487,0.020
146.68,-11.879,-0.005,-1.486,-11.898,-0.000,1.487,0.020
146.71,-11.879,-0.003,-1.486,-11.898,-0.000,1.487,0.020
146.73,-11.879,-0.003,-1.486,-11.898,-0.000,1.487,0.020
146.75,-11.879,-0.003,-1.486,-11.898,-0.000,1.487,0.020
146.77,-11.879,-0.001,-1.485,-11.898,-0.000,1.487,0.020
146.79,-11.879,-0.001,-1.485,-11.898,-0.000,1.487,0.020
146.81,-11.879,-0.000,-1.484,-11.898,-0.000,1.487,0.020
146.83,-11.879,-0.000,-1.484,-11.898,-0.000,1.487,0.020
146.85,-11.879,0.001,-1.484,-11.898,-0.000,1.487,0.019
146.87,-11.879,0.001,-1.484,-11.898,-0.000,1.487,0.019
146.89,-11.879,0.002,-1.483,-11.898,-0.000,1.487,0.019
146.91,-11.879,0.002,-1.483,-11.898,-0.000,1.487,0.019
146.93,-11.880,0.002,-1.483,-11.898,-0.000,1.487,0.019
146.95,-11.880,0.002,-1.483,-11.898,-0.000,1.487,0.019
146.98,-11.881,0.003,-1.482,-11.898,-0.000,1.487,0.018
147.00,-11.881,0.003,-1.482,-11.898,-0.000,1.487,0.018
147.02,-11.882,0.004,-1.481,-11.898,-0.000,1.487,0.017
147.04,-11.882,0.004,-1.481,-11.898,-0.000,1.487,0.017
147.06,-11.884,0.004,-1.480,-11.898,-0.000,1.487,0.017
147.08,-11.884,0.004,-1.480,-11.898,-0.000,1.487,0.017
147.10,-11.885,0.004,-1.479,-11.898,-0.000,1.487,0.016
147.12,-11.885,0.004,-1.479,-11.898,-0.000,1.487,0.016
147.14,-11.887,0.005,-1.479,-11.898,-0.000,1.487,0.015
147.16,-11.887,0.005,-1.479,-11.898,-0.000,1.487,0.015
147.18,-11.889,0.005,-1.478,-11.898,-0.000,1.487,0.014
147.20,-11.889,0.005,-1.478,-11.898,-0.000,1.487,0.014
147.22,-11.889,0.005,-1.478,-11.898,-0.000,1.487,0.014
147.25,-11.892,0.004,-1.476,-11.898,-0.000,1.487,0.013
147.27,-11.892,0.004,-1.476,-11.898,-0.000,1.487,0.013
147.29,-11.894,0.003,-1.475,-11.898,-0.000,1.487,0.013
147.31,-11.894,0.003,-1.475,-11.898,-0.000,1.487,0.013
147.33,-11.896,0.003,-1.475,-11.898,-0.000,1.487,0.013
147.35,-11.896,0.003,-1.475,-11.898,-0.000,1.487,0.013
147.37,-11.898,0.002,-1.474,-11.898,-0.000,1.487,0.014
147.39,-11.898,0.002,-1.474,-11.898,-0.000,1.487,0.014
147.41,-11.899,0.001,-1.473,-11.898,-0.000,1.487,0.014
147.43,-11.899,0.001,-1.473,-11.898,-0.000,1.487,0.014
147.45,-11.901,0.000,-1.473,-11.898,-0.000,1.487,0.015
147.47,-11.901,0.000,-1.473,-11.898,-0.000,1.487,0.015
147.50,-11.902,-0.000,-1.472,-11.898,-0.000,1.487,0.016
147.52,-11.902,-0.000,-1.472,-11.898,-0.000,1.487,0.016
147.54,-11.904,-0.001,-1.472,-11.898,-0.000,1.487,0.017
147.56,-11.904,-0.001,-1.472,-11.898,-0.000,1.487,0.017
147.58,-11.905,-0.002,-1.472,-11.898,-0.000,1.487,0.018
147.60,-11.905,-0.002,-1.472,-11.898,-0.000,1.487,0.018
147.62,-11.907,-0.003,-1.471,-11.898,-0.000,1.487,0.018
147.64,-11.907,-0.003,-1.471,-11.898,-0.000,1.487,0.018
147.66,-11.908,-0.003,-1.471,-11.898,-0.000,1.487,0.019
147.68,-11.908,-0.003,-1.471,-11.898,-0.000,1.487,0.019
147.71,-11.909,-0.005,-1.471,-11.898,-0.000,1.487,0.021
147.73,-11.909,-0.005,-1.471,-11.898,-0.000,1.487,0.021
147.75,-11.909,-0.005,-1.471,-11.898,-0.000,1.487,0.021
147.77,-11.910,-0.006,-1.471,-11.898,-0.000,1.487,0.022
147.79,-11.910,-0.006,-1.471,-11.898,-0.000,1.487,0.022
147.81,-11.911,-0.006,-1.471,-11.898,-0.000,1.487,0.022
147.83,-11.911,-0.006,-1.471,-11.898,-0.000,1.487,0.022
147.85,-11.912,-0.007,-1.471,-11.898,-0.000,1.487,0.022
147.87,-11.912,-0.007,-1.471,-11.898,-0.000,1.487,0.022
147.89,-11.912,-0.007,-1.472,-11.898,-0.000,1.487,0.022
147.91,-11.912,-0.007,-1.472,-11.898,-0.000,1.487,0.022
147.93,-11.913,-0.007,-1.473,-11.898,-0.000,1.487,0.022
147.95,-11.913,-0.007,-1.473,-11.898,-0.000,1.487,0.022
147.98,-11.914,-0.007,-1.474,-11.898,-0.000,1.487,0.022
148.00,-11.914,-0.007,-1.474,-11.898,-0.000,1.487,0.022
148.02,-11.914,-0.007,-1.475,-11.898,-0.000,1.487,0.021
148.04,-11.914,-0.007,-1.475,-11.898,-0.000,1.487,0.021
148.06,-11.914,-0.006,-1.476,-11.898,-0.000,1.487,0.020
148.08,-11.914,-0.006,-1.476,-11.898,-0.000,1.487,0.020
148.10,-11.914,-0.005,-1.477,-11.898,-0.000,1.487,0.019
148.12,-11.914,-0.005,-1.477,-11.898,-0.000,1.487,0.019
148.14,-11.913,-0.005,-1.479,-11.898,-0.000,1.487,0.018
148.16,-11.913,-0.005,-1.479,-11.898,-0.000,1.487,0.018
148.18,-11.912,-0.003,-1.480,-11.898,-0.000,1.487,0.016
148.20,-11.912,-0.003,-1.480,-11.898,-0.000,1.487,0.016
148.23,-11.912,-0.003,-1.480,-11.898,-0.000,1.487,0.016
148.25,-11.911,-0.001,-1.482,-11.898,-0.000,1.487,0.014
148.27,-11.911,-0.001,-1.482,-11.898,-0.000,1.487,0.014
148.29,-11.910,-0.000,-1.483,-11.898,-0.000,1.487,0.013
148.31,-11.910,-0.000,-1.483,-11.898,-0.000,1.487,0.013
148.33,-11.909,0.000,-1.484,-11.898,-0.000,1.487,0.012
148.35,-11.909,0.000,-1.484,-11.898,-0.000,1.487,0.012
148.37,-11.908,0.001,-1.484,-11.898,-0.000,1.487,0.010
148.39,-11.908,0.001,-1.484,-11.898,-0.000,1.487,0.010
148.41,-11.907,0.002,-1.485,-11.898,-0.000,1.487,0.009
148.43,-11.907,0.002,-1.485,-11.898,-0.000,1.487,0.009
148.45,-11.906,0.003,-1.485,-11.898,-0.000,1.487,0.009
148.48,-11.906,0.003,-1.485,-11.898,-0.000,1.487,0.009
148.50,-11.905,0.004,-1.485,-11.898,-0.000,1.487,0.008
148.52,-11.905,0.004,-1.485,-11.898,-0.000,1.487,0.008
148.54,-11.904,0.005,-1.486,-11.898,-0.000,1.487,0.008
148.56,-11.904,0.005,-1.486,-11.898,-0.000,1.487,0.008
148.58,-11.903,0.005,-1.486,-11.898,-0.000,1.487,0.007
148.60,-11.903,0.005,-1.486,-11.898,-0.000,1.487,0.007
148.62,-11.902,0.006,-1.486,-11.898,-0.000,1.487,0.007
148.64,-11.902,0.006,-1.486,-11.898,-0.000,1.487,0.007
148.66,-11.902,0.006,-1.487,-11.898,-0.000,1.487,0.007
148.68,-11.902,0.006,-1.487,-11.898,-0.000,1.487,0.007
148.71,-11.901,0.007,-1.487,-11.898,-0.000,1.487,0.007
148.73,-11.901,0.007,-1.487,-11.898,-0.000,1.487,0.007
148.75,-11.901,0.007,-1.487,-11.898,-0.000,1.487,0.007
148.77,-11.900,0.007,-1.487,-11.898,-0.000,1.487,0.007
148.79,-11.900,0.007,-1.487,-11.898,-0.000,1.487,0.007
148.81,-11.900,0.007,-1.488,-11.898,-0.000,1.487,0.007
148.83,-11.900,0.007,-1.488,-11.898,-0.000,1.487,0.007
148.85,-11.900,0.007,-1.488,-11.898,-0.000,1.487,0.008
148.87,-11.900,0.007,-1.488,-11.898,-0.000,1.487,0.008
148.89,-11.899,0.008,-1.488,-11.898,-0.000,1.487,0.008
148.91,-11.899,0.008,-1.488,-11.898,-0.000,1.487,0.008
148.94,-11.899,0.008,-1.487,-11.898,-0.000,1.487,0.008
148.96,-11.899,0.008,-1.487,-11.898,-0.000,1.487,0.008
148.98,-11.898,0.008,-1.487,-11.898,-0.000,1.487,0.008
149.00,-11.898,0.008,-1.487,-11.898,-0.000,1.487,0.008
149.02,-11.898,0.009,-1.487,-11.898,-0.000,1.487,0.009
149.04,-11.898,0.009,-1.487,-11.898,-0.000,1.487,0.009
149.06,-11.898,0.009,-1.487,-11.898,-0.000,1.487,0.009
149.08,-11.898,0.009,-1.487,-11.898,-0.000,1.487,0.009
149.10,-11.898,0.010,-1.487,-11.898,-0.000,1.487,0.010
149.12,-11.898,0.010,-1.487,-11.898,-0.000,1.487,0.010
149.14,-11.898,0.010,-1.486,-11.898,-0.000,1.487,0.010
149.16,-11.898,0.010,-1.486,-11.898,-0.000,1.487,0.010
149.18,-11.898,0.011,-1.486,-11.898,-0.000,1.487,0.011
149.20,-11.898,0.011,-1.486,-11.898,-0.000,1.487,0.011
149.23,-11.898,0.011,-1.486,-11.898,-0.000,1.487,0.011
149.25,-11.898,0.011,-1.486,-11.898,-0.000,1.487,0.011
149.27,-11.898,0.011,-1.486,-11.898,-0.000,1.487,0.011
149.29,-11.899,0.012,-1.485,-11.898,-0.000,1.487,0.012
149.31,-11.899,0.012,-1.485,-11.898,-0.000,1.487,0.012
149.33,-11.899,0.012,-1.485,-11.898,-0.000,1.487,0.012
149.35,-11.899,0.012,-1.485,-11.898,-0.000,1.487,0.012
149.37,-11.900,0.012,-1.485,-11.898,-0.000,1.487,0.013
149.39,-11.900,0.012,-1.485,-11.898,-0.000,1.487,0.013
149.41,-11.900,0.012,-1.485,-11.898,-0.000,1.487,0.013
149.43,-11.900,0.012,-1.485,-11.898,-0.000,1.487,0.013
149.46,-11.901,0.013,-1.485,-11.898,-0.000,1.487,0.013
149.48,-11.901,0.013,-1.485,-11.898,-0.000,1.487,0.013
149.50,-11.902,0.013,-1.486,-11.898,-0.000,1.487,0.014
149.52,-11.902,0.013,-1.486,-11.898,-0.000,1.487,0.014
149.54,-11.903,0.013,-1.486,-11.898,-0.000,1.487,0.014
149.56,-11.903,0.013,-1.486,-11.898,-0.000,1.487,0.014
149.58,-11.903,0.013,-1.487,-11.898,-0.000,1.487,0.015
149.60,-11.903,0.013,-1.487,-11.898,-0.000,1.487,0.015
149.62,-11.904,0.013,-1.487,-11.898,-0.000,1.487,0.015
149.64,-11.904,0.013,-1.487,-11.898,-0.000,1.487,0.015
149.66,-11.904,0.014,-1.487,-11.898,-0.000,1.487,0.015
149.68,-11.904,0.014,-1.487,-11.898,-0.000,1.487,0.015
149.70,-11.904,0.014,-1.488,-11.898,-0.000,1.487,0.015
149.73,-11.904,0.014,-1.488,-11.898,-0.000,1.487,0.015
149.75,-11.904,0.014,-1.488,-11.898,-0.000,1.487,0.015
149.77,-11.904,0.014,-1.489,-11.898,-0.000,1.487,0.016
149.79,-11.904,0.014,-1.489,-11.898,-0.000,1.487,0.016
149.81,-11.904,0.015,-1.489,-11.898,-0.000,1.487,0.016
149.83,-11.904,0.015,-1.489,-11.898,-0.000,1.487,0.016
149.85,-11.903,0.015,-1.490,-11.898,-0.000,1.487,0.017
149.87,-11.903,0.015,-1.490,-11.898,-0.000,1.487,0.017
149.89,-11.903,0.016,-1.490,-11.898,-0.000,1.487,0.017
149.91,-11.903,0.016,-1.490,-11.898,-0.000,1.487,0.017
149.93,-11.902,0.017,-1.490,-11.898,-0.000,1.487,0.018
149.95,-11.902,0.017,-1.490,-11.898,-0.000,1.487,0.018
149.98,-11.902,0.018,-1.491,-11.898,-0.000,1.487,0.018
150.00,-11.902,0.018,-1.491,-11.898,-0.000,1.487,0.018